original_name,drv_project,drv_researcher,drv_operator,drv_subject_alias,drv_subject_animal,drv_sample_id,drv_sample_type,drv_link_name,drv_notes,drv_sha256,drv_claim,drv_acq_group,drv_acq_group_n
drive1_FRIO-X6/Cell observer/AINHIZE/MARINA/1321/ID93-96/PB/ID95_PB_lung_20x.czi,AE-biomaGUNE-1321,MARINA,AINHIZE,1321,95,ID95_PB_lung_20x.czi,tissue,CELL_ID95_PB_lung_20x.czi,Historical drive ingest 2026 (drive1_FRIO-X6); project / researcher / operator / subject decided per file before ingest (tasks/drives_ingest_dryrun_review.md). Claim: CONFIRMED.,d0559bed63c417e35a7501d8888ceafdf77fcea8f0e214d4b8dacf63e7f63021,CONFIRMED,,
drive1_FRIO-X6/Cell observer/AINHIZE/MARINA/1321/ID93-96/PB/ID96_PB_lung_20x.czi,AE-biomaGUNE-1321,MARINA,AINHIZE,1321,96,ID96_PB_lung_20x.czi,tissue,CELL_ID96_PB_lung_20x.czi,Historical drive ingest 2026 (drive1_FRIO-X6); project / researcher / operator / subject decided per file before ingest (tasks/drives_ingest_dryrun_review.md). Claim: CONFIRMED.,f673cfc3373fe3636a0665620e0285ff9bdc3b6b39f1d21e236196c96aa53cbb,CONFIRMED,,
drive1_FRIO-X6/Cell observer/AINHIZE/MARINA/1321/ID93-96/PR/ID93_lung_10x_PR.czi,AE-biomaGUNE-1321,MARINA,AINHIZE,1321,93,ID93_lung_10x_PR.czi,tissue,CELL_ID93_lung_10x_PR.czi,Historical drive ingest 2026 (drive1_FRIO-X6); project / researcher / operator / subject decided per file before ingest (tasks/drives_ingest_dryrun_review.md). Claim: CONFIRMED.,c9dbd0173f91c6b8902331a5e6125e4829a10065dada14e2e25b4d4a6f732ba6,CONFIRMED,,
drive1_FRIO-X6/Cell observer/AINHIZE/MARINA/1321/ID93-96/PR/ID93_lung_10x_PR_pol.czi,AE-biomaGUNE-1321,MARINA,AINHIZE,1321,93,ID93_lung_10x_PR_pol.czi,tissue,CELL_ID93_lung_10x_PR_pol.czi,Historical drive ingest 2026 (drive1_FRIO-X6); project / researcher / operator / subject decided per file before ingest (tasks/drives_ingest_dryrun_review.md). Claim: CONFIRMED.,b963a0572d4ffee2aba11c01b61974395d7ecd9022c75687c740979099d0acb9,CONFIRMED,,
drive1_FRIO-X6/Cell observer/AINHIZE/MARINA/1321/ID93-96/PR/ID94_lung_10x_PR.czi,AE-biomaGUNE-1321,MARINA,AINHIZE,1321,94,ID94_lung_10x_PR.czi,tissue,CELL_ID94_lung_10x_PR.czi,Historical drive ingest 2026 (drive1_FRIO-X6); project / researcher / operator / subject decided per file before ingest (tasks/drives_ingest_dryrun_review.md). Claim: CONFIRMED.,4eafb8b0582358671d036fbd773981d51daf4eee27cbc4192207bcdf77b1356b,CONFIRMED,,
drive1_FRIO-X6/Cell observer/AINHIZE/MARINA/1321/ID93-96/PR/ID94_lung_10x_PR_pol.czi,AE-biomaGUNE-1321,MARINA,AINHIZE,1321,94,ID94_lung_10x_PR_pol.czi,tissue,CELL_ID94_lung_10x_PR_pol.czi,Historical drive ingest 2026 (drive1_FRIO-X6); project / researcher / operator / subject decided per file before ingest (tasks/drives_ingest_dryrun_review.md). Claim: CONFIRMED.,445af99e8c84a6e2d77cd3eb15f68524612185fef72e376bcd5bff723e058428,CONFIRMED,,
drive1_FRIO-X6/Cell observer/AINHIZE/MARINA/1321/ID93-96/PR/ID95_lung_10x_PR.czi,AE-biomaGUNE-1321,MARINA,AINHIZE,1321,95,ID95_lung_10x_PR.czi,tissue,CELL_ID95_lung_10x_PR.czi,Historical drive ingest 2026 (drive1_FRIO-X6); project / researcher / operator / subject decided per file before ingest (tasks/drives_ingest_dryrun_review.md). Claim: CONFIRMED.,a7dc2eca969c66d0abe33f218a444ca3acf6943b1da5924fe1b65db2c0cf0577,CONFIRMED,,
drive1_FRIO-X6/Cell observer/AINHIZE/MARINA/1321/ID93-96/PR/ID95_lung_10x_PR_pol.czi,AE-biomaGUNE-1321,MARINA,AINHIZE,1321,95,ID95_lung_10x_PR_pol.czi,tissue,CELL_ID95_lung_10x_PR_pol.czi,Historical drive ingest 2026 (drive1_FRIO-X6); project / researcher / operator / subject decided per file before ingest (tasks/drives_ingest_dryrun_review.md). Claim: CONFIRMED.,bb7658a0eabfbaefa98c7e473e23368b0bb002a3742ad8fa34bc139d24195435,CONFIRMED,,
drive1_FRIO-X6/Cell observer/AINHIZE/MARINA/1321/ID93-96/PR/ID96_lung_10x_PR.czi,AE-biomaGUNE-1321,MARINA,AINHIZE,1321,96,ID96_lung_10x_PR.czi,tissue,CELL_ID96_lung_10x_PR.czi,Historical drive ingest 2026 (drive1_FRIO-X6); project / researcher / operator / subject decided per file before ingest (tasks/drives_ingest_dryrun_review.md). Claim: CONFIRMED.,65620e2b637c2e8bc7237bcd6dd0b68ad9e22ae3bd00f6d4b892f44378889cb5,CONFIRMED,,
drive1_FRIO-X6/Cell observer/AINHIZE/MARINA/1321/ID93-96/PR/ID96_lung_10x_PR_pol.czi,AE-biomaGUNE-1321,MARINA,AINHIZE,1321,96,ID96_lung_10x_PR_pol.czi,tissue,CELL_ID96_lung_10x_PR_pol.czi,Historical drive ingest 2026 (drive1_FRIO-X6); project / researcher / operator / subject decided per file before ingest (tasks/drives_ingest_dryrun_review.md). Claim: CONFIRMED.,77c8461aff0f79ec509d7121a51660b96386153c7dae69760c0c3bf9ac74d9c7,CONFIRMED,,
drive1_FRIO-X6/Cell observer/AINHIZE/MARINA/1321/ID93-96/TM/ID93_lung_10x_TM.czi,AE-biomaGUNE-1321,MARINA,AINHIZE,1321,93,ID93_lung_10x_TM.czi,tissue,CELL_ID93_lung_10x_TM.czi,Historical drive ingest 2026 (drive1_FRIO-X6); project / researcher / operator / subject decided per file before ingest (tasks/drives_ingest_dryrun_review.md). Claim: CONFIRMED.,56e93670b6f370b6e18c8ef62bbe238c70e2a71cb3f3bc30e90c4fa268186b83,CONFIRMED,,
drive1_FRIO-X6/Cell observer/AINHIZE/MARINA/1321/ID93-96/TM/ID94_lung_10x_TM.czi,AE-biomaGUNE-1321,MARINA,AINHIZE,1321,94,ID94_lung_10x_TM.czi,tissue,CELL_ID94_lung_10x_TM.czi,Historical drive ingest 2026 (drive1_FRIO-X6); project / researcher / operator / subject decided per file before ingest (tasks/drives_ingest_dryrun_review.md). Claim: CONFIRMED.,0e043631c2dddb404e34e556d4dd1a1598a9d7bd38abdd6fbfb4ddba9b7197a1,CONFIRMED,,
drive1_FRIO-X6/Cell observer/AINHIZE/MARINA/1321/ID93-96/TM/ID95_lung_10x_TM.czi,AE-biomaGUNE-1321,MARINA,AINHIZE,1321,95,ID95_lung_10x_TM.czi,tissue,CELL_ID95_lung_10x_TM.czi,Historical drive ingest 2026 (drive1_FRIO-X6); project / researcher / operator / subject decided per file before ingest (tasks/drives_ingest_dryrun_review.md). Claim: CONFIRMED.,9703e2b65836489d0d50054a4567d95a8556c936e9206b547e4e1a4f84c70fdc,CONFIRMED,,
drive1_FRIO-X6/Cell observer/AINHIZE/MARINA/1321/ID93-96/TM/ID96_lung_10x_TM.czi,AE-biomaGUNE-1321,MARINA,AINHIZE,1321,96,ID96_lung_10x_TM.czi,tissue,CELL_ID96_lung_10x_TM.czi,Historical drive ingest 2026 (drive1_FRIO-X6); project / researcher / operator / subject decided per file before ingest (tasks/drives_ingest_dryrun_review.md). Claim: CONFIRMED.,81b173a380d4e60c43c31a4c7425b5c6a4285c6dd67373bad8083e87f7dcc5d6,CONFIRMED,,
drive1_FRIO-X6/Cell observer/AINHIZE/MARINA/1321/alphaSMA/ID93_aplhaSMA_10x_tiles.czi,AE-biomaGUNE-1321,MARINA,AINHIZE,1321,93,ID93_aplhaSMA_10x_tiles.czi,tissue,CELL_ID93_aplhaSMA_10x_tiles.czi,Historical drive ingest 2026 (drive1_FRIO-X6); project / researcher / operator / subject decided per file before ingest (tasks/drives_ingest_dryrun_review.md). Claim: CONFIRMED.,2d31a5008a684b0678dfb76c7b9687b685abc73ae17fbe28fd8207b00d63869c,CONFIRMED,,
drive1_FRIO-X6/Cell observer/AINHIZE/MARINA/1321/alphaSMA/ID94_aplhaSMA_10x_tiles.czi,AE-biomaGUNE-1321,MARINA,AINHIZE,1321,94,ID94_aplhaSMA_10x_tiles.czi,tissue,CELL_ID94_aplhaSMA_10x_tiles.czi,Historical drive ingest 2026 (drive1_FRIO-X6); project / researcher / operator / subject decided per file before ingest (tasks/drives_ingest_dryrun_review.md). Claim: CONFIRMED.,2deb75b5c29a80ede665e352c3930fa28a8470ba4a85e51f72bdeaed5865517e,CONFIRMED,,
drive1_FRIO-X6/Cell observer/AINHIZE/MARINA/1321/alphaSMA/ID95_aplhaSMA_10x_tiles.czi,AE-biomaGUNE-1321,MARINA,AINHIZE,1321,95,ID95_aplhaSMA_10x_tiles.czi,tissue,CELL_ID95_aplhaSMA_10x_tiles.czi,Historical drive ingest 2026 (drive1_FRIO-X6); project / researcher / operator / subject decided per file before ingest (tasks/drives_ingest_dryrun_review.md). Claim: CONFIRMED.,5875fa61593c884798b334d905204e48e5842226537c1f0c6c23443ce98467f9,CONFIRMED,,
drive1_FRIO-X6/Cell observer/AINHIZE/MARINA/1321/alphaSMA/ID96_aplhaSMA_10x_tiles.czi,AE-biomaGUNE-1321,MARINA,AINHIZE,1321,96,ID96_aplhaSMA_10x_tiles.czi,tissue,CELL_ID96_aplhaSMA_10x_tiles.czi,Historical drive ingest 2026 (drive1_FRIO-X6); project / researcher / operator / subject decided per file before ingest (tasks/drives_ingest_dryrun_review.md). Claim: CONFIRMED.,5cbfe05da083044413ef599603ebd261285dd881aa38e1e631bb0260f84bfff6,CONFIRMED,,
drive1_FRIO-X6/Cell observer/AINHIZE/MARINA/1321/colageno I/ID93_colageno I_10x_tiles.czi,AE-biomaGUNE-1321,MARINA,AINHIZE,1321,93,ID93_colageno I_10x_tiles.czi,tissue,CELL_ID93_colageno I_10x_tiles.czi,Historical drive ingest 2026 (drive1_FRIO-X6); project / researcher / operator / subject decided per file before ingest (tasks/drives_ingest_dryrun_review.md). Claim: CONFIRMED.,6e3853a50eef6bd99c4a2ccfca499dfc4aa3612d77646db71aaab429a60f9eed,CONFIRMED,,
drive1_FRIO-X6/Cell observer/AINHIZE/MARINA/1321/colageno I/ID94_colageno I_10x_tiles.czi,AE-biomaGUNE-1321,MARINA,AINHIZE,1321,94,ID94_colageno I_10x_tiles.czi,tissue,CELL_ID94_colageno I_10x_tiles.czi,Historical drive ingest 2026 (drive1_FRIO-X6); project / researcher / operator / subject decided per file before ingest (tasks/drives_ingest_dryrun_review.md). Claim: CONFIRMED.,4c9a318c58d438ed40282f6432bd1be65e543b0a8184ed10ad9e9d978d381bdb,CONFIRMED,,
drive1_FRIO-X6/Cell observer/AINHIZE/MARINA/1321/colageno I/ID95_colageno I_10x_tiles.czi,AE-biomaGUNE-1321,MARINA,AINHIZE,1321,95,ID95_colageno I_10x_tiles.czi,tissue,CELL_ID95_colageno I_10x_tiles.czi,Historical drive ingest 2026 (drive1_FRIO-X6); project / researcher / operator / subject decided per file before ingest (tasks/drives_ingest_dryrun_review.md). Claim: CONFIRMED.,ba2b49c48fef9895045f17a296caa59fb3e3b17ce3a9926199023c76bd79ca54,CONFIRMED,,
drive1_FRIO-X6/Cell observer/AINHIZE/MARINA/1321/colageno I/ID96_colageno I_10x_tiles.czi,AE-biomaGUNE-1321,MARINA,AINHIZE,1321,96,ID96_colageno I_10x_tiles.czi,tissue,CELL_ID96_colageno I_10x_tiles.czi,Historical drive ingest 2026 (drive1_FRIO-X6); project / researcher / operator / subject decided per file before ingest (tasks/drives_ingest_dryrun_review.md). Claim: CONFIRMED.,05f6a5a4ed8c939785f5bb0465939dff339f8052417d66addaa49bfcfded18ed,CONFIRMED,,
drive1_FRIO-X6/Cell observer/AINHIZE/MARINA/PR REPETICIÓN/Grupo B/1321_ID17_PR_10x.czi,AE-biomaGUNE-1321,MARINA,AINHIZE,1321,17,1321_ID17_PR_10x.czi,tissue,CELL_1321_ID17_PR_10x.czi,Historical drive ingest 2026 (drive1_FRIO-X6); project / researcher / operator / subject decided per file before ingest (tasks/drives_ingest_dryrun_review.md). Claim: CONFIRMED.,42b8f523e1d2289ce5d09109a1c7128e4b61a22abfbfafc627f4cdf314fa6973,CONFIRMED,,
drive1_FRIO-X6/Cell observer/AINHIZE/MARINA/PR REPETICIÓN/Grupo B/1321_ID17_PR_10x_pol.czi,AE-biomaGUNE-1321,MARINA,AINHIZE,1321,17,1321_ID17_PR_10x_pol.czi,tissue,CELL_1321_ID17_PR_10x_pol.czi,Historical drive ingest 2026 (drive1_FRIO-X6); project / researcher / operator / subject decided per file before ingest (tasks/drives_ingest_dryrun_review.md). Claim: CONFIRMED.,04c304331f2d1e3c061048545f4b1c040e4811db9e5db3002d3075507c2a73e0,CONFIRMED,,
drive1_FRIO-X6/Cell observer/AINHIZE/MARINA/PR REPETICIÓN/Grupo B/1321_ID3_PR_10x.czi,AE-biomaGUNE-1321,MARINA,AINHIZE,1321,3,1321_ID3_PR_10x.czi,tissue,CELL_1321_ID3_PR_10x.czi,Historical drive ingest 2026 (drive1_FRIO-X6); project / researcher / operator / subject decided per file before ingest (tasks/drives_ingest_dryrun_review.md). Claim: CONFIRMED.,dcd899bc9a2a7951d6cbe3ca0819d2c9d0682a6e54c0a3b112a7837dd82ab8ab,CONFIRMED,,
drive1_FRIO-X6/Cell observer/AINHIZE/MARINA/PR REPETICIÓN/Grupo B/1321_ID3_PR_10x_pol.czi,AE-biomaGUNE-1321,MARINA,AINHIZE,1321,3,1321_ID3_PR_10x_pol.czi,tissue,CELL_1321_ID3_PR_10x_pol.czi,Historical drive ingest 2026 (drive1_FRIO-X6); project / researcher / operator / subject decided per file before ingest (tasks/drives_ingest_dryrun_review.md). Claim: CONFIRMED.,1898be5f46a44bfa13f295a540ef4aa961c77c86ca3f7a5f1c6a708404e56495,CONFIRMED,,
drive1_FRIO-X6/Cell observer/AINHIZE/MARINA/PR REPETICIÓN/Grupo C/1321_ID19_PR_10x.czi,AE-biomaGUNE-1321,MARINA,AINHIZE,1321,19,1321_ID19_PR_10x.czi,tissue,CELL_1321_ID19_PR_10x.czi,Historical drive ingest 2026 (drive1_FRIO-X6); project / researcher / operator / subject decided per file before ingest (tasks/drives_ingest_dryrun_review.md). Claim: CONFIRMED.,14131c044c1d0728e60ad3f9d84ab6755a1096c395da8512a1d2597b5c69ba9b,CONFIRMED,,
drive1_FRIO-X6/Cell observer/AINHIZE/MARINA/PR REPETICIÓN/Grupo C/1321_ID19_PR_10x_pol.czi,AE-biomaGUNE-1321,MARINA,AINHIZE,1321,19,1321_ID19_PR_10x_pol.czi,tissue,CELL_1321_ID19_PR_10x_pol.czi,Historical drive ingest 2026 (drive1_FRIO-X6); project / researcher / operator / subject decided per file before ingest (tasks/drives_ingest_dryrun_review.md). Claim: CONFIRMED.,f0673b82b931f53996d3a67d094bc0e11eb4bd2b55142864819ff93eb17a9d61,CONFIRMED,,
drive1_FRIO-X6/Cell observer/AINHIZE/MARINA/PR REPETICIÓN/Grupo D/1321_ID22_PR_10x.czi,AE-biomaGUNE-1321,MARINA,AINHIZE,1321,22,1321_ID22_PR_10x.czi,tissue,CELL_1321_ID22_PR_10x.czi,"Historical drive ingest 2026 (drive1_FRIO-X6); project / researcher / operator / subject decided per file before ingest (tasks/drives_ingest_dryrun_review.md). Claim: CONFIRMED; shares its acquisition timestamp with 2 other files in this ingest (likely a ZEN scene split, stitched copy or extract).",aa7e6d952b16bb16bdba19d418f2c2f7cec8c77de7a16c0bc0805d18e8219da2,CONFIRMED,CELL|2023-03-27T07:42:56.8798764Z,3
drive1_FRIO-X6/Cell observer/AINHIZE/MARINA/PR REPETICIÓN/Grupo D/1321_ID22_PR_10x_1.czi,AE-biomaGUNE-1321,MARINA,AINHIZE,1321,22,1321_ID22_PR_10x_1.czi,tissue,CELL_1321_ID22_PR_10x_1.czi,"Historical drive ingest 2026 (drive1_FRIO-X6); project / researcher / operator / subject decided per file before ingest (tasks/drives_ingest_dryrun_review.md). Claim: CONFIRMED; shares its acquisition timestamp with 2 other files in this ingest (likely a ZEN scene split, stitched copy or extract).",4196454e42c2df4a398bcfc5bbffd6911387b011c093e6e4f525c9b58b5da412,CONFIRMED,CELL|2023-03-27T07:42:56.8798764Z,3
drive1_FRIO-X6/Cell observer/AINHIZE/MARINA/PR REPETICIÓN/Grupo D/1321_ID22_PR_10x_2.czi,AE-biomaGUNE-1321,MARINA,AINHIZE,1321,22,1321_ID22_PR_10x_2.czi,tissue,CELL_1321_ID22_PR_10x_2.czi,"Historical drive ingest 2026 (drive1_FRIO-X6); project / researcher / operator / subject decided per file before ingest (tasks/drives_ingest_dryrun_review.md). Claim: CONFIRMED; shares its acquisition timestamp with 2 other files in this ingest (likely a ZEN scene split, stitched copy or extract).",f8a5f420a30c6e7adf1aec8233fbd914be56156ed49f4d360f0f73d0bf0ebfba,CONFIRMED,CELL|2023-03-27T07:42:56.8798764Z,3
drive1_FRIO-X6/Cell observer/AINHIZE/MARINA/PR REPETICIÓN/Grupo D/1321_ID22_PR_10x_pol.czi,AE-biomaGUNE-1321,MARINA,AINHIZE,1321,22,1321_ID22_PR_10x_pol.czi,tissue,CELL_1321_ID22_PR_10x_pol.czi,"Historical drive ingest 2026 (drive1_FRIO-X6); project / researcher / operator / subject decided per file before ingest (tasks/drives_ingest_dryrun_review.md). Claim: CONFIRMED; shares its acquisition timestamp with 2 other files in this ingest (likely a ZEN scene split, stitched copy or extract).",0dd7b7f9ca1960f5035aca417979f46f861eb4559b02bf45641e088a19dc29e8,CONFIRMED,CELL|2023-03-27T07:46:39.5996152Z,3
drive1_FRIO-X6/Cell observer/AINHIZE/MARINA/PR REPETICIÓN/Grupo D/1321_ID22_PR_10x_pol_1.czi,AE-biomaGUNE-1321,MARINA,AINHIZE,1321,22,1321_ID22_PR_10x_pol_1.czi,tissue,CELL_1321_ID22_PR_10x_pol_1.czi,"Historical drive ingest 2026 (drive1_FRIO-X6); project / researcher / operator / subject decided per file before ingest (tasks/drives_ingest_dryrun_review.md). Claim: CONFIRMED; shares its acquisition timestamp with 2 other files in this ingest (likely a ZEN scene split, stitched copy or extract).",eb5587f79fe22c3ad1ba955438ee760f5548d6159306f4bb2aa571f3fc0b96e2,CONFIRMED,CELL|2023-03-27T07:46:39.5996152Z,3
drive1_FRIO-X6/Cell observer/AINHIZE/MARINA/PR REPETICIÓN/Grupo D/1321_ID22_PR_10x_pol_2.czi,AE-biomaGUNE-1321,MARINA,AINHIZE,1321,22,1321_ID22_PR_10x_pol_2.czi,tissue,CELL_1321_ID22_PR_10x_pol_2.czi,"Historical drive ingest 2026 (drive1_FRIO-X6); project / researcher / operator / subject decided per file before ingest (tasks/drives_ingest_dryrun_review.md). Claim: CONFIRMED; shares its acquisition timestamp with 2 other files in this ingest (likely a ZEN scene split, stitched copy or extract).",ef9132cb539c41e0ae4778efb414c959bf71b1a7b4c9172d03958870f35750b9,CONFIRMED,CELL|2023-03-27T07:46:39.5996152Z,3
drive1_FRIO-X6/Cell observer/AINHIZE/MARINA/PR REPETICIÓN/Grupo D/ID23_1321_PR.czi,AE-biomaGUNE-1321,MARINA,AINHIZE,1321,23,ID23_1321_PR.czi,tissue,CELL_ID23_1321_PR.czi,"Historical drive ingest 2026 (drive1_FRIO-X6); project / researcher / operator / subject decided per file before ingest (tasks/drives_ingest_dryrun_review.md). Claim: CONFIRMED; shares its acquisition timestamp with 1 other file in this ingest (likely a ZEN scene split, stitched copy or extract).",799c8ef9befc469f4d510e01e7787bebf83d89bf70ac47018b46e9c54b115d58,CONFIRMED,CELL|2023-06-21T15:41:18.8056749Z,2
drive1_FRIO-X6/Cell observer/AINHIZE/MARINA/PR REPETICIÓN/Grupo D/ID23_1321_PR_1.czi,AE-biomaGUNE-1321,MARINA,AINHIZE,1321,23,ID23_1321_PR_1.czi,tissue,CELL_ID23_1321_PR_1.czi,"Historical drive ingest 2026 (drive1_FRIO-X6); project / researcher / operator / subject decided per file before ingest (tasks/drives_ingest_dryrun_review.md). Claim: CONFIRMED; shares its acquisition timestamp with 1 other file in this ingest (likely a ZEN scene split, stitched copy or extract).",b6da3e5920e44eea41862664ac4d9cfe0f6e03754059677bf7581959a72c869c,CONFIRMED,CELL|2023-06-21T15:41:18.8056749Z,2
drive1_FRIO-X6/Cell observer/AINHIZE/MARINA/PR REPETICIÓN/Grupo D/ID23_1321_PR_POL.czi,AE-biomaGUNE-1321,MARINA,AINHIZE,1321,23,ID23_1321_PR_POL.czi,tissue,CELL_ID23_1321_PR_POL.czi,"Historical drive ingest 2026 (drive1_FRIO-X6); project / researcher / operator / subject decided per file before ingest (tasks/drives_ingest_dryrun_review.md). Claim: CONFIRMED; shares its acquisition timestamp with 1 other file in this ingest (likely a ZEN scene split, stitched copy or extract).",b8acb839af6d39b98e32c10e7e5ce7f1e76a53ae07a3cbc7ba086a98a32d0029,CONFIRMED,CELL|2023-06-21T15:45:55.9196749Z,2
drive1_FRIO-X6/Cell observer/AINHIZE/MARINA/PR REPETICIÓN/Grupo D/ID23_1321_PR_POL_1.czi,AE-biomaGUNE-1321,MARINA,AINHIZE,1321,23,ID23_1321_PR_POL_1.czi,tissue,CELL_ID23_1321_PR_POL_1.czi,"Historical drive ingest 2026 (drive1_FRIO-X6); project / researcher / operator / subject decided per file before ingest (tasks/drives_ingest_dryrun_review.md). Claim: CONFIRMED; shares its acquisition timestamp with 1 other file in this ingest (likely a ZEN scene split, stitched copy or extract).",87e8a9005faed03f91336fec85c28496a44efd95c838ba7e3a46afbe33bcf41f,CONFIRMED,CELL|2023-06-21T15:45:55.9196749Z,2
drive1_FRIO-X6/Cell observer/AINHIZE/MARINA/PR REPETICIÓN/Grupo E/1321_ID25_PR_10x.czi,AE-biomaGUNE-1321,MARINA,AINHIZE,1321,25,1321_ID25_PR_10x.czi,tissue,CELL_1321_ID25_PR_10x.czi,Historical drive ingest 2026 (drive1_FRIO-X6); project / researcher / operator / subject decided per file before ingest (tasks/drives_ingest_dryrun_review.md). Claim: CONFIRMED.,8c35325572097514a4b78518dfaf9157ecb4d103d996a6ab284f542661e0bcf8,CONFIRMED,,
drive1_FRIO-X6/Cell observer/AINHIZE/MARINA/PR REPETICIÓN/Grupo E/1321_ID25_PR_10x_pol.czi,AE-biomaGUNE-1321,MARINA,AINHIZE,1321,25,1321_ID25_PR_10x_pol.czi,tissue,CELL_1321_ID25_PR_10x_pol.czi,Historical drive ingest 2026 (drive1_FRIO-X6); project / researcher / operator / subject decided per file before ingest (tasks/drives_ingest_dryrun_review.md). Claim: CONFIRMED.,d6cfd43778de6fb44aff2fbe4355a9e22625bb2f933df5507e616ef7fab3d677,CONFIRMED,,
drive1_FRIO-X6/Cell observer/AINHIZE/MARINA/PR REPETICIÓN/Grupo E/1321_ID27_PR_10x.czi,AE-biomaGUNE-1321,MARINA,AINHIZE,1321,27,1321_ID27_PR_10x.czi,tissue,CELL_1321_ID27_PR_10x.czi,"Historical drive ingest 2026 (drive1_FRIO-X6); project / researcher / operator / subject decided per file before ingest (tasks/drives_ingest_dryrun_review.md). Claim: CONFIRMED; shares its acquisition timestamp with 2 other files in this ingest (likely a ZEN scene split, stitched copy or extract).",e361b1c420db57c6b96f6444dd5611dd5439ee81f77e38f19b3404177466ddec,CONFIRMED,CELL|2023-03-27T09:21:37.3135058Z,3
drive1_FRIO-X6/Cell observer/AINHIZE/MARINA/PR REPETICIÓN/Grupo E/1321_ID27_PR_10x_1.czi,AE-biomaGUNE-1321,MARINA,AINHIZE,1321,27,1321_ID27_PR_10x_1.czi,tissue,CELL_1321_ID27_PR_10x_1.czi,"Historical drive ingest 2026 (drive1_FRIO-X6); project / researcher / operator / subject decided per file before ingest (tasks/drives_ingest_dryrun_review.md). Claim: CONFIRMED; shares its acquisition timestamp with 2 other files in this ingest (likely a ZEN scene split, stitched copy or extract).",13f3fa4ca17122188beee1c3be642d5ac57f40a7cb571a7805b53d3c11ca580d,CONFIRMED,CELL|2023-03-27T09:21:37.3135058Z,3
drive1_FRIO-X6/Cell observer/AINHIZE/MARINA/PR REPETICIÓN/Grupo E/1321_ID27_PR_10x_2.czi,AE-biomaGUNE-1321,MARINA,AINHIZE,1321,27,1321_ID27_PR_10x_2.czi,tissue,CELL_1321_ID27_PR_10x_2.czi,"Historical drive ingest 2026 (drive1_FRIO-X6); project / researcher / operator / subject decided per file before ingest (tasks/drives_ingest_dryrun_review.md). Claim: CONFIRMED; shares its acquisition timestamp with 2 other files in this ingest (likely a ZEN scene split, stitched copy or extract).",fbf3224ce1433ebc673bb2a7c31df571238e28240c117384934fd20759c80b87,CONFIRMED,CELL|2023-03-27T09:21:37.3135058Z,3
drive1_FRIO-X6/Cell observer/AINHIZE/MARINA/PR REPETICIÓN/Grupo E/1321_ID27_PR_10x_pol.czi,AE-biomaGUNE-1321,MARINA,AINHIZE,1321,27,1321_ID27_PR_10x_pol.czi,tissue,CELL_1321_ID27_PR_10x_pol.czi,"Historical drive ingest 2026 (drive1_FRIO-X6); project / researcher / operator / subject decided per file before ingest (tasks/drives_ingest_dryrun_review.md). Claim: CONFIRMED; shares its acquisition timestamp with 2 other files in this ingest (likely a ZEN scene split, stitched copy or extract).",42fe4ce75be93bb5fe248d88a3b34c367ab9000ce4579a36f2daee49d6d7359d,CONFIRMED,CELL|2023-03-27T09:25:58.8614655Z,3
drive1_FRIO-X6/Cell observer/AINHIZE/MARINA/PR REPETICIÓN/Grupo E/1321_ID27_PR_10x_pol_1.czi,AE-biomaGUNE-1321,MARINA,AINHIZE,1321,27,1321_ID27_PR_10x_pol_1.czi,tissue,CELL_1321_ID27_PR_10x_pol_1.czi,"Historical drive ingest 2026 (drive1_FRIO-X6); project / researcher / operator / subject decided per file before ingest (tasks/drives_ingest_dryrun_review.md). Claim: CONFIRMED; shares its acquisition timestamp with 2 other files in this ingest (likely a ZEN scene split, stitched copy or extract).",8a37901bf45205a51dfe155078eea97bc637f2e4b309a13b8565606f6068a0e1,CONFIRMED,CELL|2023-03-27T09:25:58.8614655Z,3
drive1_FRIO-X6/Cell observer/AINHIZE/MARINA/PR REPETICIÓN/Grupo E/1321_ID27_PR_10x_pol_2.czi,AE-biomaGUNE-1321,MARINA,AINHIZE,1321,27,1321_ID27_PR_10x_pol_2.czi,tissue,CELL_1321_ID27_PR_10x_pol_2.czi,"Historical drive ingest 2026 (drive1_FRIO-X6); project / researcher / operator / subject decided per file before ingest (tasks/drives_ingest_dryrun_review.md). Claim: CONFIRMED; shares its acquisition timestamp with 2 other files in this ingest (likely a ZEN scene split, stitched copy or extract).",728f65a49bffa1fe0a57ba9a0090cee923c7dc24bd7f867dbad21d2414cd0994,CONFIRMED,CELL|2023-03-27T09:25:58.8614655Z,3
drive1_FRIO-X6/Cell observer/AINHIZE/MARINA/PR REPETICIÓN/Grupo E/1321_ID6_PR_10x.czi,AE-biomaGUNE-1321,MARINA,AINHIZE,1321,6,1321_ID6_PR_10x.czi,tissue,CELL_1321_ID6_PR_10x.czi,Historical drive ingest 2026 (drive1_FRIO-X6); project / researcher / operator / subject decided per file before ingest (tasks/drives_ingest_dryrun_review.md). Claim: CONFIRMED.,20577788ffdcc844a8454baffabd245f72a56e3fdf102e12cd18908fb6fae45b,CONFIRMED,,
drive1_FRIO-X6/Cell observer/AINHIZE/MARINA/PR REPETICIÓN/Grupo E/1321_ID6_PR_10x_pol.czi,AE-biomaGUNE-1321,MARINA,AINHIZE,1321,6,1321_ID6_PR_10x_pol.czi,tissue,CELL_1321_ID6_PR_10x_pol.czi,Historical drive ingest 2026 (drive1_FRIO-X6); project / researcher / operator / subject decided per file before ingest (tasks/drives_ingest_dryrun_review.md). Claim: CONFIRMED.,7174c307b1219d9848a24295222aa289d22a46d484cd8b21f58c05f6c0b70d0f,CONFIRMED,,
drive1_FRIO-X6/Cell observer/AINHIZE/MARINA/PR REPETICIÓN/Grupo E/1321_ID7_PR_10x.czi,AE-biomaGUNE-1321,MARINA,AINHIZE,1321,7,1321_ID7_PR_10x.czi,tissue,CELL_1321_ID7_PR_10x.czi,Historical drive ingest 2026 (drive1_FRIO-X6); project / researcher / operator / subject decided per file before ingest (tasks/drives_ingest_dryrun_review.md). Claim: CONFIRMED.,68c53f318328b9757b03bfe1d82793995a48b77c604358dac9f208a4eb937253,CONFIRMED,,
drive1_FRIO-X6/Cell observer/AINHIZE/MARINA/PR REPETICIÓN/Grupo E/1321_ID7_PR_10x_pol.czi,AE-biomaGUNE-1321,MARINA,AINHIZE,1321,7,1321_ID7_PR_10x_pol.czi,tissue,CELL_1321_ID7_PR_10x_pol.czi,Historical drive ingest 2026 (drive1_FRIO-X6); project / researcher / operator / subject decided per file before ingest (tasks/drives_ingest_dryrun_review.md). Claim: CONFIRMED.,cbc04794b9d28f23ca6680d24ae6a33d73de7e6de0ddd3eaabd92d75d6d3445a,CONFIRMED,,
drive1_FRIO-X6/Cell observer/AINHIZE/MARINA/PR REPETICIÓN/Grupo E/ID5_1321_PR.czi,AE-biomaGUNE-1321,MARINA,AINHIZE,1321,5,ID5_1321_PR.czi,tissue,CELL_ID5_1321_PR.czi,Historical drive ingest 2026 (drive1_FRIO-X6); project / researcher / operator / subject decided per file before ingest (tasks/drives_ingest_dryrun_review.md). Claim: CONFIRMED.,7462f46ca1a94f447c74939ad03bcb89b099ddadfb5e04524b18ef40e24aec26,CONFIRMED,,
drive1_FRIO-X6/Cell observer/AINHIZE/MARINA/PR REPETICIÓN/Grupo E/ID5_1321_PR_POL.czi,AE-biomaGUNE-1321,MARINA,AINHIZE,1321,5,ID5_1321_PR_POL.czi,tissue,CELL_ID5_1321_PR_POL.czi,Historical drive ingest 2026 (drive1_FRIO-X6); project / researcher / operator / subject decided per file before ingest (tasks/drives_ingest_dryrun_review.md). Claim: CONFIRMED.,4a1ef76c3bf93c7d43242bf3ccb4710c1837a67c860fbba6630bd20afdbd32f9,CONFIRMED,,
drive1_FRIO-X6/Cell observer/AINHIZE/MARINA/TM repeticion/1321 ID3-8/ID3_lung_TM_10x.czi,AE-biomaGUNE-1321,MARINA,AINHIZE,1321,3,ID3_lung_TM_10x.czi,tissue,CELL_ID3_lung_TM_10x.czi,Historical drive ingest 2026 (drive1_FRIO-X6); project / researcher / operator / subject decided per file before ingest (tasks/drives_ingest_dryrun_review.md). Claim: CONFIRMED.,f6958ae01310b34bc7104dbf8ff24456b571cb1efeb1732551b78a6347d20249,CONFIRMED,,
drive1_FRIO-X6/Cell observer/AINHIZE/MARINA/TM repeticion/1321 ID3-8/ID5_lung_TM_10x.czi,AE-biomaGUNE-1321,MARINA,AINHIZE,1321,5,ID5_lung_TM_10x.czi,tissue,CELL_ID5_lung_TM_10x.czi,Historical drive ingest 2026 (drive1_FRIO-X6); project / researcher / operator / subject decided per file before ingest (tasks/drives_ingest_dryrun_review.md). Claim: CONFIRMED.,a45c31595ee9ad6b7e389601cc21e5471545f013b5bcdd5b6e83258dac374959,CONFIRMED,,
drive1_FRIO-X6/Cell observer/AINHIZE/MARINA/TM repeticion/1321 ID3-8/ID6_lung_TM_10x.czi,AE-biomaGUNE-1321,MARINA,AINHIZE,1321,6,ID6_lung_TM_10x.czi,tissue,CELL_ID6_lung_TM_10x.czi,Historical drive ingest 2026 (drive1_FRIO-X6); project / researcher / operator / subject decided per file before ingest (tasks/drives_ingest_dryrun_review.md). Claim: CONFIRMED.,089352a72f95440c0cc61c053933bf8f70b73aeb25becf033375d51be27091c4,CONFIRMED,,
drive1_FRIO-X6/Cell observer/AINHIZE/MARINA/TM repeticion/1321 ID3-8/ID7_lung_TM_10x.czi,AE-biomaGUNE-1321,MARINA,AINHIZE,1321,7,ID7_lung_TM_10x.czi,tissue,CELL_ID7_lung_TM_10x.czi,Historical drive ingest 2026 (drive1_FRIO-X6); project / researcher / operator / subject decided per file before ingest (tasks/drives_ingest_dryrun_review.md). Claim: CONFIRMED.,dd57357fb61ef566481714178712b631795bae15ac817becdf4fcaf5f6136c78,CONFIRMED,,
drive1_FRIO-X6/Cell observer/AINHIZE/MARINA/TM repeticion/1321 ID3-8/ID8_lung_TM_10x.czi,AE-biomaGUNE-1321,MARINA,AINHIZE,1321,8,ID8_lung_TM_10x.czi,tissue,CELL_ID8_lung_TM_10x.czi,Historical drive ingest 2026 (drive1_FRIO-X6); project / researcher / operator / subject decided per file before ingest (tasks/drives_ingest_dryrun_review.md). Claim: CONFIRMED.,1722fd65846e9ec37c4b172497f224132468428d58b2dbbf7ae8e460341124ae,CONFIRMED,,
drive1_FRIO-X6/Cell observer/Marta/1422-Vacuolas-MJS/240628_1422_ID43_HE_10x.czi,AE-biomaGUNE-1422,,Marta,1422,43,240628_1422_ID43_HE_10x.czi,tissue,CELL_240628_1422_ID43_HE_10x.czi,Historical drive ingest 2026 (drive1_FRIO-X6); project / researcher / operator / subject decided per file before ingest (tasks/drives_ingest_dryrun_review.md). Claim: CONFIRMED.,81f91ccfb1352867a0e7cbd0650e6cc9d8022c1b4ecc018852a677fcdf4acc31,CONFIRMED,,
drive1_FRIO-X6/Cell observer/Marta/1422-Vacuolas-MJS/240628_1422_ID46_HE_10x.czi,AE-biomaGUNE-1422,,Marta,1422,46,240628_1422_ID46_HE_10x.czi,tissue,CELL_240628_1422_ID46_HE_10x.czi,Historical drive ingest 2026 (drive1_FRIO-X6); project / researcher / operator / subject decided per file before ingest (tasks/drives_ingest_dryrun_review.md). Claim: CONFIRMED.,03b02acfacffa6e615fd4402d1c81208c66b1cb7c4547b775a0c2bafb1414586,CONFIRMED,,
drive1_FRIO-X6/Cell observer/Marta/1422-Vacuolas-MJS/240628_1422_ID50_HE_10x.czi,AE-biomaGUNE-1422,,Marta,1422,50,240628_1422_ID50_HE_10x.czi,tissue,CELL_240628_1422_ID50_HE_10x.czi,Historical drive ingest 2026 (drive1_FRIO-X6); project / researcher / operator / subject decided per file before ingest (tasks/drives_ingest_dryrun_review.md). Claim: CONFIRMED.,cb10e60d43c0077fd26d4f14256541a71cbbe8ee5beee92400bedce09ce3656e,CONFIRMED,,
drive1_FRIO-X6/Cell observer/Marta/1422-Vacuolas-MJS/240628_1422_ID52_HE_10x.czi,AE-biomaGUNE-1422,,Marta,1422,52,240628_1422_ID52_HE_10x.czi,tissue,CELL_240628_1422_ID52_HE_10x.czi,Historical drive ingest 2026 (drive1_FRIO-X6); project / researcher / operator / subject decided per file before ingest (tasks/drives_ingest_dryrun_review.md). Claim: CONFIRMED.,1de0e30a4a57907fe0a62532f2e10909bc2d46218564630c118c906bc99a80ab,CONFIRMED,,
drive1_FRIO-X6/Cell observer/Marta/1422-Vacuolas-MJS/240628_1422_ID53_HE_10x.czi,AE-biomaGUNE-1422,,Marta,1422,53,240628_1422_ID53_HE_10x.czi,tissue,CELL_240628_1422_ID53_HE_10x.czi,Historical drive ingest 2026 (drive1_FRIO-X6); project / researcher / operator / subject decided per file before ingest (tasks/drives_ingest_dryrun_review.md). Claim: CONFIRMED.,b20dddb903ea37194e2e82063a6752ddb3cb0aeeb1b13c9506f0c21c022835c0,CONFIRMED,,
drive1_FRIO-X6/Cell observer/Marta/1422-Vacuolas-MJS/240628_1422_ID54_HE_10x.czi,AE-biomaGUNE-1422,,Marta,1422,54,240628_1422_ID54_HE_10x.czi,tissue,CELL_240628_1422_ID54_HE_10x.czi,Historical drive ingest 2026 (drive1_FRIO-X6); project / researcher / operator / subject decided per file before ingest (tasks/drives_ingest_dryrun_review.md). Claim: CONFIRMED.,5cbe740392c3061e363a1a909dd5da757074149b24a1983b1df1c4ec5b52fc63,CONFIRMED,,
drive1_FRIO-X6/Cell observer/Marta/1422-Vacuolas-MJS/240628_1422_ID55_HE_10x.czi,AE-biomaGUNE-1422,,Marta,1422,55,240628_1422_ID55_HE_10x.czi,tissue,CELL_240628_1422_ID55_HE_10x.czi,Historical drive ingest 2026 (drive1_FRIO-X6); project / researcher / operator / subject decided per file before ingest (tasks/drives_ingest_dryrun_review.md). Claim: CONFIRMED.,480af01faca170900eae3c7b0f5e01e30f41d4c026055cfd6a2a2e4f8dff358f,CONFIRMED,,
drive1_FRIO-X6/Cell observer/Marta/1422-Vacuolas-MJS/240628_1422_ID58_HE_10x.czi,AE-biomaGUNE-1422,,Marta,1422,58,240628_1422_ID58_HE_10x.czi,tissue,CELL_240628_1422_ID58_HE_10x.czi,Historical drive ingest 2026 (drive1_FRIO-X6); project / researcher / operator / subject decided per file before ingest (tasks/drives_ingest_dryrun_review.md). Claim: CONFIRMED.,e218dc32669a9b83f964fd3c86d8cd36a92fde61cce9fa343a16bf05047c288f,CONFIRMED,,
drive1_FRIO-X6/Cell observer/Marta/1422-Vacuolas-MJS/240628_1422_ID62_HE_10x.czi,AE-biomaGUNE-1422,,Marta,1422,62,240628_1422_ID62_HE_10x.czi,tissue,CELL_240628_1422_ID62_HE_10x.czi,Historical drive ingest 2026 (drive1_FRIO-X6); project / researcher / operator / subject decided per file before ingest (tasks/drives_ingest_dryrun_review.md). Claim: CONFIRMED.,70dceb9ff42cf38751ec77ae1aaeb57881a7146f06a6da9f05da36a5e3e23bc0,CONFIRMED,,
drive1_FRIO-X6/Cell observer/Marta/WGA_1422_MJS/ID49HL-1422_20x_VD-1.czi,AE-biomaGUNE-1422,,Marta,1422,49,ID49HL-1422_20x_VD-1.czi,tissue,CELL_ID49HL-1422_20x_VD-1.czi,Historical drive ingest 2026 (drive1_FRIO-X6); project / researcher / operator / subject decided per file before ingest (tasks/drives_ingest_dryrun_review.md). Claim: CONFIRMED.,e5d804c89ca1219037f46a099fc904a6d084d69a0bcff1b1ae9b8b97c1c772d2,CONFIRMED,,
drive1_FRIO-X6/Cell observer/Marta/WGA_1422_MJS/ID49HL-1422_20x_VD-3.czi,AE-biomaGUNE-1422,,Marta,1422,49,ID49HL-1422_20x_VD-3.czi,tissue,CELL_ID49HL-1422_20x_VD-3.czi,Historical drive ingest 2026 (drive1_FRIO-X6); project / researcher / operator / subject decided per file before ingest (tasks/drives_ingest_dryrun_review.md). Claim: CONFIRMED.,13b70a6df53902a55da945f4ecb7f41a0302acf5cd41de633add4fe0d1e00d50,CONFIRMED,,
drive1_FRIO-X6/Cell observer/Marta/WGA_1422_MJS/ID49HL-1422_20x_VD-4.czi,AE-biomaGUNE-1422,,Marta,1422,49,ID49HL-1422_20x_VD-4.czi,tissue,CELL_ID49HL-1422_20x_VD-4.czi,Historical drive ingest 2026 (drive1_FRIO-X6); project / researcher / operator / subject decided per file before ingest (tasks/drives_ingest_dryrun_review.md). Claim: CONFIRMED.,70f6e3666b8d01ed91995ac8143f5c1928877f608107c66bbf89dda177282e1e,CONFIRMED,,
drive1_FRIO-X6/Cell observer/Marta/WGA_1422_MJS/ID49HL-1422_20x_VI-1.czi,AE-biomaGUNE-1422,,Marta,1422,49,ID49HL-1422_20x_VI-1.czi,tissue,CELL_ID49HL-1422_20x_VI-1.czi,Historical drive ingest 2026 (drive1_FRIO-X6); project / researcher / operator / subject decided per file before ingest (tasks/drives_ingest_dryrun_review.md). Claim: CONFIRMED.,679b0aa278a5c26b59edad4b43bd4b5038cf4d57e989ba04e272d24353d11af0,CONFIRMED,,
drive1_FRIO-X6/Cell observer/Marta/WGA_1422_MJS/ID49HL-1422_20x_VI-2.czi,AE-biomaGUNE-1422,,Marta,1422,49,ID49HL-1422_20x_VI-2.czi,tissue,CELL_ID49HL-1422_20x_VI-2.czi,Historical drive ingest 2026 (drive1_FRIO-X6); project / researcher / operator / subject decided per file before ingest (tasks/drives_ingest_dryrun_review.md). Claim: CONFIRMED.,308645d04d7a8c22a93f02d8ade308d842bc2ceddb50ac84ab1aa9256ee6df28,CONFIRMED,,
drive1_FRIO-X6/Cell observer/Marta/WGA_1422_MJS/ID49HL-1422_20x_VI-3.czi,AE-biomaGUNE-1422,,Marta,1422,49,ID49HL-1422_20x_VI-3.czi,tissue,CELL_ID49HL-1422_20x_VI-3.czi,Historical drive ingest 2026 (drive1_FRIO-X6); project / researcher / operator / subject decided per file before ingest (tasks/drives_ingest_dryrun_review.md). Claim: CONFIRMED.,c1448bd7fbc5e56be77de46c52472ef2f9f7ccb4701319710cba559e2ce67761,CONFIRMED,,
drive1_FRIO-X6/Cell observer/Marta/WGA_1422_MJS/ID49HL-1422_20x_VI-4.czi,AE-biomaGUNE-1422,,Marta,1422,49,ID49HL-1422_20x_VI-4.czi,tissue,CELL_ID49HL-1422_20x_VI-4.czi,Historical drive ingest 2026 (drive1_FRIO-X6); project / researcher / operator / subject decided per file before ingest (tasks/drives_ingest_dryrun_review.md). Claim: CONFIRMED.,d966eaaceec7c6d6bbac3d01d62dc32e703fb6c9c1a4808b080ee058a89dbf6f,CONFIRMED,,
drive1_FRIO-X6/Cell observer/Marta/WGA_1422_MJS/ID50HL-1422_20x_VD-1.czi,AE-biomaGUNE-1422,,Marta,1422,50,ID50HL-1422_20x_VD-1.czi,tissue,CELL_ID50HL-1422_20x_VD-1.czi,Historical drive ingest 2026 (drive1_FRIO-X6); project / researcher / operator / subject decided per file before ingest (tasks/drives_ingest_dryrun_review.md). Claim: CONFIRMED.,dfe115fe1b997e8d2b704d196b0c5cc21d33042c188b7d62f7be637038d2c3eb,CONFIRMED,,
drive1_FRIO-X6/Cell observer/Marta/WGA_1422_MJS/ID50HL-1422_20x_VD-2.czi,AE-biomaGUNE-1422,,Marta,1422,50,ID50HL-1422_20x_VD-2.czi,tissue,CELL_ID50HL-1422_20x_VD-2.czi,Historical drive ingest 2026 (drive1_FRIO-X6); project / researcher / operator / subject decided per file before ingest (tasks/drives_ingest_dryrun_review.md). Claim: CONFIRMED.,19686e15cee8c7ebd5533983cc8441347de991341be2a16f65399c47dc37c5b4,CONFIRMED,,
drive1_FRIO-X6/Cell observer/Marta/WGA_1422_MJS/ID50HL-1422_20x_VD-3.czi,AE-biomaGUNE-1422,,Marta,1422,50,ID50HL-1422_20x_VD-3.czi,tissue,CELL_ID50HL-1422_20x_VD-3.czi,Historical drive ingest 2026 (drive1_FRIO-X6); project / researcher / operator / subject decided per file before ingest (tasks/drives_ingest_dryrun_review.md). Claim: CONFIRMED.,968d00d009a381304c1d6b650f7ec5a4210f13db605505b418cf21f65ab5d0d5,CONFIRMED,,
drive1_FRIO-X6/Cell observer/Marta/WGA_1422_MJS/ID50HL-1422_20x_VD-4.czi,AE-biomaGUNE-1422,,Marta,1422,50,ID50HL-1422_20x_VD-4.czi,tissue,CELL_ID50HL-1422_20x_VD-4.czi,Historical drive ingest 2026 (drive1_FRIO-X6); project / researcher / operator / subject decided per file before ingest (tasks/drives_ingest_dryrun_review.md). Claim: CONFIRMED.,b0b7517b64d2302c4923ca6004159607f4dd3a294d416793281c111a43c409c0,CONFIRMED,,
drive1_FRIO-X6/Cell observer/Marta/WGA_1422_MJS/ID50HL-1422_20x_VD-5.czi,AE-biomaGUNE-1422,,Marta,1422,50,ID50HL-1422_20x_VD-5.czi,tissue,CELL_ID50HL-1422_20x_VD-5.czi,Historical drive ingest 2026 (drive1_FRIO-X6); project / researcher / operator / subject decided per file before ingest (tasks/drives_ingest_dryrun_review.md). Claim: CONFIRMED.,e5a0af2d1d89b57b609afbfccc6a8a9fc8a799875a848cd58388fbbc7df60afb,CONFIRMED,,
drive1_FRIO-X6/Cell observer/Marta/WGA_1422_MJS/ID50HL-1422_20x_VI-1.czi,AE-biomaGUNE-1422,,Marta,1422,50,ID50HL-1422_20x_VI-1.czi,tissue,CELL_ID50HL-1422_20x_VI-1.czi,Historical drive ingest 2026 (drive1_FRIO-X6); project / researcher / operator / subject decided per file before ingest (tasks/drives_ingest_dryrun_review.md). Claim: CONFIRMED.,54755539d23d4ab45b164fe8120130558245e2d3d56467b623d333e35b119cb3,CONFIRMED,,
drive1_FRIO-X6/Cell observer/Marta/WGA_1422_MJS/ID50HL-1422_20x_VI-2.czi,AE-biomaGUNE-1422,,Marta,1422,50,ID50HL-1422_20x_VI-2.czi,tissue,CELL_ID50HL-1422_20x_VI-2.czi,Historical drive ingest 2026 (drive1_FRIO-X6); project / researcher / operator / subject decided per file before ingest (tasks/drives_ingest_dryrun_review.md). Claim: CONFIRMED.,9ade2bd2201443f9309d68525e337466bb8625caa0cb3dbdc82561348339eff3,CONFIRMED,,
drive1_FRIO-X6/Cell observer/Marta/WGA_1422_MJS/ID50HL-1422_20x_VI-3.czi,AE-biomaGUNE-1422,,Marta,1422,50,ID50HL-1422_20x_VI-3.czi,tissue,CELL_ID50HL-1422_20x_VI-3.czi,Historical drive ingest 2026 (drive1_FRIO-X6); project / researcher / operator / subject decided per file before ingest (tasks/drives_ingest_dryrun_review.md). Claim: CONFIRMED.,544afda69f005fff0c6a896242f02e9259af406a4bcae778c2eef7d63c3c19b4,CONFIRMED,,
drive1_FRIO-X6/Cell observer/Marta/WGA_1422_MJS/ID50HL-1422_20x_VI-4.czi,AE-biomaGUNE-1422,,Marta,1422,50,ID50HL-1422_20x_VI-4.czi,tissue,CELL_ID50HL-1422_20x_VI-4.czi,Historical drive ingest 2026 (drive1_FRIO-X6); project / researcher / operator / subject decided per file before ingest (tasks/drives_ingest_dryrun_review.md). Claim: CONFIRMED.,259601fd0054c532f5029cceebbf141e319ce741c30cdaab6fdbc02684f017b5,CONFIRMED,,
drive1_FRIO-X6/Cell observer/Marta/WGA_1422_MJS/ID50HL-1422_20x_VI-5.czi,AE-biomaGUNE-1422,,Marta,1422,50,ID50HL-1422_20x_VI-5.czi,tissue,CELL_ID50HL-1422_20x_VI-5.czi,Historical drive ingest 2026 (drive1_FRIO-X6); project / researcher / operator / subject decided per file before ingest (tasks/drives_ingest_dryrun_review.md). Claim: CONFIRMED.,6580ffed081a9f9b32cb56aca4cc292477ec641edb0d373e3bd3b8d9d2cf3124,CONFIRMED,,
drive1_FRIO-X6/Cell observer/Marta/WGA_1422_MJS/ID51HL-1422_20x_VD-1.czi,AE-biomaGUNE-1422,,Marta,1422,51,ID51HL-1422_20x_VD-1.czi,tissue,CELL_ID51HL-1422_20x_VD-1.czi,Historical drive ingest 2026 (drive1_FRIO-X6); project / researcher / operator / subject decided per file before ingest (tasks/drives_ingest_dryrun_review.md). Claim: CONFIRMED.,5c906c10527312c596a086f372dd43c46eded3369f042ae2bc74b0b24007a5f9,CONFIRMED,,
drive1_FRIO-X6/Cell observer/Marta/WGA_1422_MJS/ID51HL-1422_20x_VD-2.czi,AE-biomaGUNE-1422,,Marta,1422,51,ID51HL-1422_20x_VD-2.czi,tissue,CELL_ID51HL-1422_20x_VD-2.czi,Historical drive ingest 2026 (drive1_FRIO-X6); project / researcher / operator / subject decided per file before ingest (tasks/drives_ingest_dryrun_review.md). Claim: CONFIRMED.,4f914844c141241579cdebbc333b0982aa47bda598dec94045f7fcf3855bb215,CONFIRMED,,
drive1_FRIO-X6/Cell observer/Marta/WGA_1422_MJS/ID51HL-1422_20x_VD-3.czi,AE-biomaGUNE-1422,,Marta,1422,51,ID51HL-1422_20x_VD-3.czi,tissue,CELL_ID51HL-1422_20x_VD-3.czi,Historical drive ingest 2026 (drive1_FRIO-X6); project / researcher / operator / subject decided per file before ingest (tasks/drives_ingest_dryrun_review.md). Claim: CONFIRMED.,4bdac0f86e6ddfb1425130c5a7fd261e48054435b59523628b1f32a5efb10979,CONFIRMED,,
drive1_FRIO-X6/Cell observer/Marta/WGA_1422_MJS/ID51HL-1422_20x_VD-4.czi,AE-biomaGUNE-1422,,Marta,1422,51,ID51HL-1422_20x_VD-4.czi,tissue,CELL_ID51HL-1422_20x_VD-4.czi,Historical drive ingest 2026 (drive1_FRIO-X6); project / researcher / operator / subject decided per file before ingest (tasks/drives_ingest_dryrun_review.md). Claim: CONFIRMED.,f13f83da8f3887d3524f12196ca4372992f68e2c3d5c2fc9bd550515bb46734b,CONFIRMED,,
drive1_FRIO-X6/Cell observer/Marta/WGA_1422_MJS/ID51HL-1422_20x_VI-1.czi,AE-biomaGUNE-1422,,Marta,1422,51,ID51HL-1422_20x_VI-1.czi,tissue,CELL_ID51HL-1422_20x_VI-1.czi,Historical drive ingest 2026 (drive1_FRIO-X6); project / researcher / operator / subject decided per file before ingest (tasks/drives_ingest_dryrun_review.md). Claim: CONFIRMED.,334abc896d946e25c9c5ed275d648e168015e3390354607edbdee34c8264b40e,CONFIRMED,,
drive1_FRIO-X6/Cell observer/Marta/WGA_1422_MJS/ID51HL-1422_20x_VI-2.czi,AE-biomaGUNE-1422,,Marta,1422,51,ID51HL-1422_20x_VI-2.czi,tissue,CELL_ID51HL-1422_20x_VI-2.czi,Historical drive ingest 2026 (drive1_FRIO-X6); project / researcher / operator / subject decided per file before ingest (tasks/drives_ingest_dryrun_review.md). Claim: CONFIRMED.,e7bff130a5b92e0ce4639f78230fca3c37f3d59dd7589e36c79db96814e0f427,CONFIRMED,,
drive1_FRIO-X6/Cell observer/Marta/WGA_1422_MJS/ID51HL-1422_20x_VI-3.czi,AE-biomaGUNE-1422,,Marta,1422,51,ID51HL-1422_20x_VI-3.czi,tissue,CELL_ID51HL-1422_20x_VI-3.czi,Historical drive ingest 2026 (drive1_FRIO-X6); project / researcher / operator / subject decided per file before ingest (tasks/drives_ingest_dryrun_review.md). Claim: CONFIRMED.,3ef2dbcb7f775e8a19a8ca57163a6349c34587d297b88259790bf8b1e2f0cad4,CONFIRMED,,
drive1_FRIO-X6/Cell observer/Marta/WGA_1422_MJS/ID51HL-1422_20x_VI-4.czi,AE-biomaGUNE-1422,,Marta,1422,51,ID51HL-1422_20x_VI-4.czi,tissue,CELL_ID51HL-1422_20x_VI-4.czi,Historical drive ingest 2026 (drive1_FRIO-X6); project / researcher / operator / subject decided per file before ingest (tasks/drives_ingest_dryrun_review.md). Claim: CONFIRMED.,885a61d97e1ebc7e25a13e076b2c7f672affad87807d867a574b5155409c58d5,CONFIRMED,,
drive1_FRIO-X6/Cell observer/Marta/WGA_1422_MJS/ID51HL-1422_20x_VI-5.czi,AE-biomaGUNE-1422,,Marta,1422,51,ID51HL-1422_20x_VI-5.czi,tissue,CELL_ID51HL-1422_20x_VI-5.czi,Historical drive ingest 2026 (drive1_FRIO-X6); project / researcher / operator / subject decided per file before ingest (tasks/drives_ingest_dryrun_review.md). Claim: CONFIRMED.,1441e76652c197bfea80104d7ad6d0e74e8563a673d246151742a2d98cc1df4f,CONFIRMED,,
drive1_FRIO-X6/Cell observer/Marta/WGA_1422_MJS/ID52HL-1422_20x_VD-1.czi,AE-biomaGUNE-1422,,Marta,1422,52,ID52HL-1422_20x_VD-1.czi,tissue,CELL_ID52HL-1422_20x_VD-1.czi,Historical drive ingest 2026 (drive1_FRIO-X6); project / researcher / operator / subject decided per file before ingest (tasks/drives_ingest_dryrun_review.md). Claim: CONFIRMED.,048ebf2fbd0fa5e816f98424ed15aac587b27779d3c395a48456cfe45cebb322,CONFIRMED,,
drive1_FRIO-X6/Cell observer/Marta/WGA_1422_MJS/ID52HL-1422_20x_VD-2.czi,AE-biomaGUNE-1422,,Marta,1422,52,ID52HL-1422_20x_VD-2.czi,tissue,CELL_ID52HL-1422_20x_VD-2.czi,Historical drive ingest 2026 (drive1_FRIO-X6); project / researcher / operator / subject decided per file before ingest (tasks/drives_ingest_dryrun_review.md). Claim: CONFIRMED.,2710c807bfadc44528ce9d7c4377c676bc2848f164c80df562f3316c87fe4eef,CONFIRMED,,
drive1_FRIO-X6/Cell observer/Marta/WGA_1422_MJS/ID52HL-1422_20x_VD-3.czi,AE-biomaGUNE-1422,,Marta,1422,52,ID52HL-1422_20x_VD-3.czi,tissue,CELL_ID52HL-1422_20x_VD-3.czi,Historical drive ingest 2026 (drive1_FRIO-X6); project / researcher / operator / subject decided per file before ingest (tasks/drives_ingest_dryrun_review.md). Claim: CONFIRMED.,c53d342064c88b4aa976cac2f38442eca82fb25143ccedb2ae7224c327ae7d75,CONFIRMED,,
drive1_FRIO-X6/Cell observer/Marta/WGA_1422_MJS/ID52HL-1422_20x_VD-4.czi,AE-biomaGUNE-1422,,Marta,1422,52,ID52HL-1422_20x_VD-4.czi,tissue,CELL_ID52HL-1422_20x_VD-4.czi,Historical drive ingest 2026 (drive1_FRIO-X6); project / researcher / operator / subject decided per file before ingest (tasks/drives_ingest_dryrun_review.md). Claim: CONFIRMED.,7f1c407320ea674bca90eaad860d6bf5a69991f1c14dcf79cc27bf1c073bdd35,CONFIRMED,,
drive1_FRIO-X6/Cell observer/Marta/WGA_1422_MJS/ID52HL-1422_20x_VI-1.czi,AE-biomaGUNE-1422,,Marta,1422,52,ID52HL-1422_20x_VI-1.czi,tissue,CELL_ID52HL-1422_20x_VI-1.czi,Historical drive ingest 2026 (drive1_FRIO-X6); project / researcher / operator / subject decided per file before ingest (tasks/drives_ingest_dryrun_review.md). Claim: CONFIRMED.,8f8b2b314954f17f60278376aec529dea9cf0bd4703d8bc8d07eb37dd9275410,CONFIRMED,,
drive1_FRIO-X6/Cell observer/Marta/WGA_1422_MJS/ID52HL-1422_20x_VI-2.czi,AE-biomaGUNE-1422,,Marta,1422,52,ID52HL-1422_20x_VI-2.czi,tissue,CELL_ID52HL-1422_20x_VI-2.czi,Historical drive ingest 2026 (drive1_FRIO-X6); project / researcher / operator / subject decided per file before ingest (tasks/drives_ingest_dryrun_review.md). Claim: CONFIRMED.,9ed1dbc400cc905115b9ab94ada521401a883b962a9cc875d1e57f8d6ccd5d6c,CONFIRMED,,
drive1_FRIO-X6/Cell observer/Marta/WGA_1422_MJS/ID52HL-1422_20x_VI-3.czi,AE-biomaGUNE-1422,,Marta,1422,52,ID52HL-1422_20x_VI-3.czi,tissue,CELL_ID52HL-1422_20x_VI-3.czi,Historical drive ingest 2026 (drive1_FRIO-X6); project / researcher / operator / subject decided per file before ingest (tasks/drives_ingest_dryrun_review.md). Claim: CONFIRMED.,3d874f1f01041beb2e7e5f470014fe71b0106277cebbd8e3446a9d4e71b740a4,CONFIRMED,,
drive1_FRIO-X6/Cell observer/Marta/WGA_1422_MJS/ID52HL-1422_20x_VI-4.czi,AE-biomaGUNE-1422,,Marta,1422,52,ID52HL-1422_20x_VI-4.czi,tissue,CELL_ID52HL-1422_20x_VI-4.czi,Historical drive ingest 2026 (drive1_FRIO-X6); project / researcher / operator / subject decided per file before ingest (tasks/drives_ingest_dryrun_review.md). Claim: CONFIRMED.,3032ed2162bb0a1ccb4b7a830c4519e6be80664759beda1fc00430c81d6eb3f9,CONFIRMED,,
drive1_FRIO-X6/Cell observer/Marta/WGA_1422_MJS/ID53HL-1422_20x_VD-1.czi,AE-biomaGUNE-1422,,Marta,1422,53,ID53HL-1422_20x_VD-1.czi,tissue,CELL_ID53HL-1422_20x_VD-1.czi,Historical drive ingest 2026 (drive1_FRIO-X6); project / researcher / operator / subject decided per file before ingest (tasks/drives_ingest_dryrun_review.md). Claim: CONFIRMED.,b9d83641f920458f70acade3a4a0844d1876c0bdb15dc06e1f474a7a5e761310,CONFIRMED,,
drive1_FRIO-X6/Cell observer/Marta/WGA_1422_MJS/ID53HL-1422_20x_VD-2.czi,AE-biomaGUNE-1422,,Marta,1422,53,ID53HL-1422_20x_VD-2.czi,tissue,CELL_ID53HL-1422_20x_VD-2.czi,Historical drive ingest 2026 (drive1_FRIO-X6); project / researcher / operator / subject decided per file before ingest (tasks/drives_ingest_dryrun_review.md). Claim: CONFIRMED.,e5a562f42cb6ad6b6cc5650b175be6d920541402b41465b5455bb56c6a664335,CONFIRMED,,
drive1_FRIO-X6/Cell observer/Marta/WGA_1422_MJS/ID53HL-1422_20x_VD-3.czi,AE-biomaGUNE-1422,,Marta,1422,53,ID53HL-1422_20x_VD-3.czi,tissue,CELL_ID53HL-1422_20x_VD-3.czi,Historical drive ingest 2026 (drive1_FRIO-X6); project / researcher / operator / subject decided per file before ingest (tasks/drives_ingest_dryrun_review.md). Claim: CONFIRMED.,cfa83815c6f9dc9f6606a49ae77e1ecb62e9a43509d4e496b9aaf51ee2fb7bf0,CONFIRMED,,
drive1_FRIO-X6/Cell observer/Marta/WGA_1422_MJS/ID53HL-1422_20x_VD-4.czi,AE-biomaGUNE-1422,,Marta,1422,53,ID53HL-1422_20x_VD-4.czi,tissue,CELL_ID53HL-1422_20x_VD-4.czi,Historical drive ingest 2026 (drive1_FRIO-X6); project / researcher / operator / subject decided per file before ingest (tasks/drives_ingest_dryrun_review.md). Claim: CONFIRMED.,5e20b9a4cd3152bd3c0f95a28699f789ff069fa8cdb1f53d017ad42b589623c3,CONFIRMED,,
drive1_FRIO-X6/Cell observer/Marta/WGA_1422_MJS/ID53HL-1422_20x_VI-1.czi,AE-biomaGUNE-1422,,Marta,1422,53,ID53HL-1422_20x_VI-1.czi,tissue,CELL_ID53HL-1422_20x_VI-1.czi,Historical drive ingest 2026 (drive1_FRIO-X6); project / researcher / operator / subject decided per file before ingest (tasks/drives_ingest_dryrun_review.md). Claim: CONFIRMED.,fdd0a14de3d93f4381d4a6ca81179b5eddfb3984a8ef3b30cb926f14b81f9bf0,CONFIRMED,,
drive1_FRIO-X6/Cell observer/Marta/WGA_1422_MJS/ID53HL-1422_20x_VI-2.czi,AE-biomaGUNE-1422,,Marta,1422,53,ID53HL-1422_20x_VI-2.czi,tissue,CELL_ID53HL-1422_20x_VI-2.czi,Historical drive ingest 2026 (drive1_FRIO-X6); project / researcher / operator / subject decided per file before ingest (tasks/drives_ingest_dryrun_review.md). Claim: CONFIRMED.,8a40596a095330e931f496a94972fdfeb6e5f9fff4627d94554194ed166b0ffb,CONFIRMED,,
drive1_FRIO-X6/Cell observer/Marta/WGA_1422_MJS/ID53HL-1422_20x_VI-3.czi,AE-biomaGUNE-1422,,Marta,1422,53,ID53HL-1422_20x_VI-3.czi,tissue,CELL_ID53HL-1422_20x_VI-3.czi,Historical drive ingest 2026 (drive1_FRIO-X6); project / researcher / operator / subject decided per file before ingest (tasks/drives_ingest_dryrun_review.md). Claim: CONFIRMED.,40d3e1829bf8ec1a75f8ab64dd5fc4d0974a589439fbc9ea476bc8e3930fb95c,CONFIRMED,,
drive1_FRIO-X6/Cell observer/Marta/WGA_1422_MJS/ID53HL-1422_20x_VI-4.czi,AE-biomaGUNE-1422,,Marta,1422,53,ID53HL-1422_20x_VI-4.czi,tissue,CELL_ID53HL-1422_20x_VI-4.czi,Historical drive ingest 2026 (drive1_FRIO-X6); project / researcher / operator / subject decided per file before ingest (tasks/drives_ingest_dryrun_review.md). Claim: CONFIRMED.,4ecb08a4203b432f0786db930de0477d16f50e3858a7148aa00da91cff319bba,CONFIRMED,,
drive1_FRIO-X6/Cell observer/Marta/WGA_1422_MJS/ID53HL-1422_20x_VI-5.czi,AE-biomaGUNE-1422,,Marta,1422,53,ID53HL-1422_20x_VI-5.czi,tissue,CELL_ID53HL-1422_20x_VI-5.czi,Historical drive ingest 2026 (drive1_FRIO-X6); project / researcher / operator / subject decided per file before ingest (tasks/drives_ingest_dryrun_review.md). Claim: CONFIRMED.,17cee261db391dcba2c8daedf1348ccc009d97642f025cdacfcb9ba8f597985d,CONFIRMED,,
drive1_FRIO-X6/Cell observer/Marta/WGA_1422_MJS/ID54HL-1422_20x_VD-1.czi,AE-biomaGUNE-1422,,Marta,1422,54,ID54HL-1422_20x_VD-1.czi,tissue,CELL_ID54HL-1422_20x_VD-1.czi,Historical drive ingest 2026 (drive1_FRIO-X6); project / researcher / operator / subject decided per file before ingest (tasks/drives_ingest_dryrun_review.md). Claim: CONFIRMED.,8040eaf8dc85e181bc8b1b8f257579af766e2aa6bc1dd392829fb1743dcbea78,CONFIRMED,,
drive1_FRIO-X6/Cell observer/Marta/WGA_1422_MJS/ID54HL-1422_20x_VD-2.czi,AE-biomaGUNE-1422,,Marta,1422,54,ID54HL-1422_20x_VD-2.czi,tissue,CELL_ID54HL-1422_20x_VD-2.czi,Historical drive ingest 2026 (drive1_FRIO-X6); project / researcher / operator / subject decided per file before ingest (tasks/drives_ingest_dryrun_review.md). Claim: CONFIRMED.,3e9855c8e5c604fc8fd9e14adc22cc8a8b6500bf0b053e69a0d89aa91e6c757a,CONFIRMED,,
drive1_FRIO-X6/Cell observer/Marta/WGA_1422_MJS/ID54HL-1422_20x_VD-3.czi,AE-biomaGUNE-1422,,Marta,1422,54,ID54HL-1422_20x_VD-3.czi,tissue,CELL_ID54HL-1422_20x_VD-3.czi,Historical drive ingest 2026 (drive1_FRIO-X6); project / researcher / operator / subject decided per file before ingest (tasks/drives_ingest_dryrun_review.md). Claim: CONFIRMED.,0f6bc58804c636325fee09b85776dfa37560d92d0b116898a4b8b8ae53e03b34,CONFIRMED,,
drive1_FRIO-X6/Cell observer/Marta/WGA_1422_MJS/ID54HL-1422_20x_VD-4.czi,AE-biomaGUNE-1422,,Marta,1422,54,ID54HL-1422_20x_VD-4.czi,tissue,CELL_ID54HL-1422_20x_VD-4.czi,Historical drive ingest 2026 (drive1_FRIO-X6); project / researcher / operator / subject decided per file before ingest (tasks/drives_ingest_dryrun_review.md). Claim: CONFIRMED.,e8925101fdf059c688b2bc0655549db3fa422c252875a1ce142b6ecf4ebec173,CONFIRMED,,
drive1_FRIO-X6/Cell observer/Marta/WGA_1422_MJS/ID54HL-1422_20x_VD-5.czi,AE-biomaGUNE-1422,,Marta,1422,54,ID54HL-1422_20x_VD-5.czi,tissue,CELL_ID54HL-1422_20x_VD-5.czi,Historical drive ingest 2026 (drive1_FRIO-X6); project / researcher / operator / subject decided per file before ingest (tasks/drives_ingest_dryrun_review.md). Claim: CONFIRMED.,cf8ceae9844c8fa4d281d62ac25dbed504475ff33314bc908f1a91189644de7c,CONFIRMED,,
drive1_FRIO-X6/Cell observer/Marta/WGA_1422_MJS/ID54HL-1422_20x_VD-6.czi,AE-biomaGUNE-1422,,Marta,1422,54,ID54HL-1422_20x_VD-6.czi,tissue,CELL_ID54HL-1422_20x_VD-6.czi,Historical drive ingest 2026 (drive1_FRIO-X6); project / researcher / operator / subject decided per file before ingest (tasks/drives_ingest_dryrun_review.md). Claim: CONFIRMED.,cf300e8dc546f45b502ae86cf5da55411e84ba82d08856194392281b2256273e,CONFIRMED,,
drive1_FRIO-X6/Cell observer/Marta/WGA_1422_MJS/ID54HL-1422_20x_VI-1.czi,AE-biomaGUNE-1422,,Marta,1422,54,ID54HL-1422_20x_VI-1.czi,tissue,CELL_ID54HL-1422_20x_VI-1.czi,Historical drive ingest 2026 (drive1_FRIO-X6); project / researcher / operator / subject decided per file before ingest (tasks/drives_ingest_dryrun_review.md). Claim: CONFIRMED.,7d73aa29f0b7ef1972c17e0a91a8d2927365336e5b637cb399fa4df08a22b3e8,CONFIRMED,,
drive1_FRIO-X6/Cell observer/Marta/WGA_1422_MJS/ID54HL-1422_20x_VI-2.czi,AE-biomaGUNE-1422,,Marta,1422,54,ID54HL-1422_20x_VI-2.czi,tissue,CELL_ID54HL-1422_20x_VI-2.czi,Historical drive ingest 2026 (drive1_FRIO-X6); project / researcher / operator / subject decided per file before ingest (tasks/drives_ingest_dryrun_review.md). Claim: CONFIRMED.,ac86aa38141e693bc881338d2d7b7e966f9f462b0e89163027ff0629bc151641,CONFIRMED,,
drive1_FRIO-X6/Cell observer/Marta/WGA_1422_MJS/ID54HL-1422_20x_VI-3.czi,AE-biomaGUNE-1422,,Marta,1422,54,ID54HL-1422_20x_VI-3.czi,tissue,CELL_ID54HL-1422_20x_VI-3.czi,Historical drive ingest 2026 (drive1_FRIO-X6); project / researcher / operator / subject decided per file before ingest (tasks/drives_ingest_dryrun_review.md). Claim: CONFIRMED.,e7e74e1ec3ba6b139fa6893728c882f4bd5724fbb9de85fde11e271e4b5cf411,CONFIRMED,,
drive1_FRIO-X6/Cell observer/Marta/WGA_1422_MJS/ID54HL-1422_20x_VI-4.czi,AE-biomaGUNE-1422,,Marta,1422,54,ID54HL-1422_20x_VI-4.czi,tissue,CELL_ID54HL-1422_20x_VI-4.czi,Historical drive ingest 2026 (drive1_FRIO-X6); project / researcher / operator / subject decided per file before ingest (tasks/drives_ingest_dryrun_review.md). Claim: CONFIRMED.,87f5ac70931d7b807feff6aaf66569dfd9d7f1bbd34815d31c5459258826885f,CONFIRMED,,
drive1_FRIO-X6/Cell observer/Marta/WGA_1422_MJS/ID54HL-1422_20x_VI-5.czi,AE-biomaGUNE-1422,,Marta,1422,54,ID54HL-1422_20x_VI-5.czi,tissue,CELL_ID54HL-1422_20x_VI-5.czi,Historical drive ingest 2026 (drive1_FRIO-X6); project / researcher / operator / subject decided per file before ingest (tasks/drives_ingest_dryrun_review.md). Claim: CONFIRMED.,b612127a4fd62297567f12b7cf1191bc5e3b8db98fc419d5a94973e626332b95,CONFIRMED,,
drive1_FRIO-X6/Cell observer/Marta/WGA_1422_MJS/ID55HL-1422_20x_VD-1.czi,AE-biomaGUNE-1422,,Marta,1422,55,ID55HL-1422_20x_VD-1.czi,tissue,CELL_ID55HL-1422_20x_VD-1.czi,Historical drive ingest 2026 (drive1_FRIO-X6); project / researcher / operator / subject decided per file before ingest (tasks/drives_ingest_dryrun_review.md). Claim: CONFIRMED.,4167a185b56021a6a595923db2d8cf40e3f7add02411a8be040857cc8befd000,CONFIRMED,,
drive1_FRIO-X6/Cell observer/Marta/WGA_1422_MJS/ID55HL-1422_20x_VD-2.czi,AE-biomaGUNE-1422,,Marta,1422,55,ID55HL-1422_20x_VD-2.czi,tissue,CELL_ID55HL-1422_20x_VD-2.czi,Historical drive ingest 2026 (drive1_FRIO-X6); project / researcher / operator / subject decided per file before ingest (tasks/drives_ingest_dryrun_review.md). Claim: CONFIRMED.,5c1eec05d87ac25ece5cc0baa770933f5324c0eccb22e7620ccf3bf89cb9e596,CONFIRMED,,
drive1_FRIO-X6/Cell observer/Marta/WGA_1422_MJS/ID55HL-1422_20x_VD-3.czi,AE-biomaGUNE-1422,,Marta,1422,55,ID55HL-1422_20x_VD-3.czi,tissue,CELL_ID55HL-1422_20x_VD-3.czi,Historical drive ingest 2026 (drive1_FRIO-X6); project / researcher / operator / subject decided per file before ingest (tasks/drives_ingest_dryrun_review.md). Claim: CONFIRMED.,ce997242d5d44fe97d6790bf36ec0e8a7d5772b357aeb4cd05439e2166c86eb9,CONFIRMED,,
drive1_FRIO-X6/Cell observer/Marta/WGA_1422_MJS/ID55HL-1422_20x_VD-4.czi,AE-biomaGUNE-1422,,Marta,1422,55,ID55HL-1422_20x_VD-4.czi,tissue,CELL_ID55HL-1422_20x_VD-4.czi,Historical drive ingest 2026 (drive1_FRIO-X6); project / researcher / operator / subject decided per file before ingest (tasks/drives_ingest_dryrun_review.md). Claim: CONFIRMED.,d9d4edacba3f770ea54a1ac04e827c72b2e408664a3c3c4189df36d8380ab86e,CONFIRMED,,
drive1_FRIO-X6/Cell observer/Marta/WGA_1422_MJS/ID55HL-1422_20x_VI-1.czi,AE-biomaGUNE-1422,,Marta,1422,55,ID55HL-1422_20x_VI-1.czi,tissue,CELL_ID55HL-1422_20x_VI-1.czi,Historical drive ingest 2026 (drive1_FRIO-X6); project / researcher / operator / subject decided per file before ingest (tasks/drives_ingest_dryrun_review.md). Claim: CONFIRMED.,6b34b2642359b342dacdbb1faefe0df2b32334b05498aa097bf51c7caa2ab288,CONFIRMED,,
drive1_FRIO-X6/Cell observer/Marta/WGA_1422_MJS/ID55HL-1422_20x_VI-2.czi,AE-biomaGUNE-1422,,Marta,1422,55,ID55HL-1422_20x_VI-2.czi,tissue,CELL_ID55HL-1422_20x_VI-2.czi,Historical drive ingest 2026 (drive1_FRIO-X6); project / researcher / operator / subject decided per file before ingest (tasks/drives_ingest_dryrun_review.md). Claim: CONFIRMED.,e4d17d54059845812ff8f43e2ebfcf70c660dab65f08e7dbd23f4229ac140271,CONFIRMED,,
drive1_FRIO-X6/Cell observer/Marta/WGA_1422_MJS/ID55HL-1422_20x_VI-3.czi,AE-biomaGUNE-1422,,Marta,1422,55,ID55HL-1422_20x_VI-3.czi,tissue,CELL_ID55HL-1422_20x_VI-3.czi,Historical drive ingest 2026 (drive1_FRIO-X6); project / researcher / operator / subject decided per file before ingest (tasks/drives_ingest_dryrun_review.md). Claim: CONFIRMED.,d3ae471d111b8ab37cb27ea53250ebdd09b740faeae314967caf4b946b3ce8e0,CONFIRMED,,
drive1_FRIO-X6/Cell observer/Marta/WGA_1422_MJS/ID55HL-1422_20x_VI-4.czi,AE-biomaGUNE-1422,,Marta,1422,55,ID55HL-1422_20x_VI-4.czi,tissue,CELL_ID55HL-1422_20x_VI-4.czi,Historical drive ingest 2026 (drive1_FRIO-X6); project / researcher / operator / subject decided per file before ingest (tasks/drives_ingest_dryrun_review.md). Claim: CONFIRMED.,7d05e5698fb99c396191530aedee43aa8ec01177071d5aa165bb0b6b06cdbac8,CONFIRMED,,
drive1_FRIO-X6/Cell observer/Marta/WGA_1422_MJS/ID56HL-1422_20x_VD-1.czi,AE-biomaGUNE-1422,,Marta,1422,56,ID56HL-1422_20x_VD-1.czi,tissue,CELL_ID56HL-1422_20x_VD-1.czi,Historical drive ingest 2026 (drive1_FRIO-X6); project / researcher / operator / subject decided per file before ingest (tasks/drives_ingest_dryrun_review.md). Claim: CONFIRMED.,21ec7045cccc88e3dd96f9c692d33a95539a408ed70e2d11c8f738242ab02476,CONFIRMED,,
drive1_FRIO-X6/Cell observer/Marta/WGA_1422_MJS/ID56HL-1422_20x_VD-2.czi,AE-biomaGUNE-1422,,Marta,1422,56,ID56HL-1422_20x_VD-2.czi,tissue,CELL_ID56HL-1422_20x_VD-2.czi,Historical drive ingest 2026 (drive1_FRIO-X6); project / researcher / operator / subject decided per file before ingest (tasks/drives_ingest_dryrun_review.md). Claim: CONFIRMED.,d52f05e3952d9ea154ae3e1fd5118de110cdb845d475d42f69ded851b1f37294,CONFIRMED,,
drive1_FRIO-X6/Cell observer/Marta/WGA_1422_MJS/ID56HL-1422_20x_VD-3.czi,AE-biomaGUNE-1422,,Marta,1422,56,ID56HL-1422_20x_VD-3.czi,tissue,CELL_ID56HL-1422_20x_VD-3.czi,Historical drive ingest 2026 (drive1_FRIO-X6); project / researcher / operator / subject decided per file before ingest (tasks/drives_ingest_dryrun_review.md). Claim: CONFIRMED.,f8c86484087398e2eb92ce3bb7eb1d4efeafe9abc3ad57a47c1cdfa9aa558669,CONFIRMED,,
drive1_FRIO-X6/Cell observer/Marta/WGA_1422_MJS/ID56HL-1422_20x_VD-4.czi,AE-biomaGUNE-1422,,Marta,1422,56,ID56HL-1422_20x_VD-4.czi,tissue,CELL_ID56HL-1422_20x_VD-4.czi,Historical drive ingest 2026 (drive1_FRIO-X6); project / researcher / operator / subject decided per file before ingest (tasks/drives_ingest_dryrun_review.md). Claim: CONFIRMED.,61bffe76de67227b0d423a82f88fa5b66aebe7450838d2f338bf92cc1083fc0b,CONFIRMED,,
drive1_FRIO-X6/Cell observer/Marta/WGA_1422_MJS/ID56HL-1422_20x_VI-1.czi,AE-biomaGUNE-1422,,Marta,1422,56,ID56HL-1422_20x_VI-1.czi,tissue,CELL_ID56HL-1422_20x_VI-1.czi,Historical drive ingest 2026 (drive1_FRIO-X6); project / researcher / operator / subject decided per file before ingest (tasks/drives_ingest_dryrun_review.md). Claim: CONFIRMED.,d6fe164ae8226fbbbfa0337b2de951fdd65cb6bffd5241462eb196de69b73030,CONFIRMED,,
drive1_FRIO-X6/Cell observer/Marta/WGA_1422_MJS/ID56HL-1422_20x_VI-2.czi,AE-biomaGUNE-1422,,Marta,1422,56,ID56HL-1422_20x_VI-2.czi,tissue,CELL_ID56HL-1422_20x_VI-2.czi,Historical drive ingest 2026 (drive1_FRIO-X6); project / researcher / operator / subject decided per file before ingest (tasks/drives_ingest_dryrun_review.md). Claim: CONFIRMED.,e20155c165d1cca68d4df55ea6c9376a01747b77e96e5f5058e25fd10b9d0c20,CONFIRMED,,
drive1_FRIO-X6/Cell observer/Marta/WGA_1422_MJS/ID56HL-1422_20x_VI-3.czi,AE-biomaGUNE-1422,,Marta,1422,56,ID56HL-1422_20x_VI-3.czi,tissue,CELL_ID56HL-1422_20x_VI-3.czi,Historical drive ingest 2026 (drive1_FRIO-X6); project / researcher / operator / subject decided per file before ingest (tasks/drives_ingest_dryrun_review.md). Claim: CONFIRMED.,f0444e08dda95b4629efbb47763fdd3e44d06f0e05223d63b5a4a5cf48a6498f,CONFIRMED,,
drive1_FRIO-X6/Cell observer/Marta/WGA_1422_MJS/ID56HL-1422_20x_VI-4.czi,AE-biomaGUNE-1422,,Marta,1422,56,ID56HL-1422_20x_VI-4.czi,tissue,CELL_ID56HL-1422_20x_VI-4.czi,Historical drive ingest 2026 (drive1_FRIO-X6); project / researcher / operator / subject decided per file before ingest (tasks/drives_ingest_dryrun_review.md). Claim: CONFIRMED.,591ab1939d89f6383d5ab52344afac0f9d990daead8efd1ebff33eaa61f3de1b,CONFIRMED,,
drive1_FRIO-X6/Cell observer/Marta/WGA_1422_MJS/ID56HL-1422_20x_VI-5.czi,AE-biomaGUNE-1422,,Marta,1422,56,ID56HL-1422_20x_VI-5.czi,tissue,CELL_ID56HL-1422_20x_VI-5.czi,Historical drive ingest 2026 (drive1_FRIO-X6); project / researcher / operator / subject decided per file before ingest (tasks/drives_ingest_dryrun_review.md). Claim: CONFIRMED.,96f79504c7b6f4784cb3d9b47159ee183ee4a20021e16793eed63bcbc77f0c3d,CONFIRMED,,
drive1_FRIO-X6/Cell observer/Marta/WGA_1422_MJS/ID57HL-1422_20x_VD-1.czi,AE-biomaGUNE-1422,,Marta,1422,57,ID57HL-1422_20x_VD-1.czi,tissue,CELL_ID57HL-1422_20x_VD-1.czi,Historical drive ingest 2026 (drive1_FRIO-X6); project / researcher / operator / subject decided per file before ingest (tasks/drives_ingest_dryrun_review.md). Claim: CONFIRMED.,676685d92a5c4d5f652c26b557af1f4699016862fec5199fefc887beb62d8dcf,CONFIRMED,,
drive1_FRIO-X6/Cell observer/Marta/WGA_1422_MJS/ID57HL-1422_20x_VD-2.czi,AE-biomaGUNE-1422,,Marta,1422,57,ID57HL-1422_20x_VD-2.czi,tissue,CELL_ID57HL-1422_20x_VD-2.czi,Historical drive ingest 2026 (drive1_FRIO-X6); project / researcher / operator / subject decided per file before ingest (tasks/drives_ingest_dryrun_review.md). Claim: CONFIRMED.,89f5bc232b1f31e2c0d94e291933ca803b47e87a499cc386d64a257acf8a2a3c,CONFIRMED,,
drive1_FRIO-X6/Cell observer/Marta/WGA_1422_MJS/ID57HL-1422_20x_VD-3.czi,AE-biomaGUNE-1422,,Marta,1422,57,ID57HL-1422_20x_VD-3.czi,tissue,CELL_ID57HL-1422_20x_VD-3.czi,Historical drive ingest 2026 (drive1_FRIO-X6); project / researcher / operator / subject decided per file before ingest (tasks/drives_ingest_dryrun_review.md). Claim: CONFIRMED.,941df3d5a76d9634c95812ad23223ea5dc8236320dc797a2225873456cdd884b,CONFIRMED,,
drive1_FRIO-X6/Cell observer/Marta/WGA_1422_MJS/ID57HL-1422_20x_VD-4.czi,AE-biomaGUNE-1422,,Marta,1422,57,ID57HL-1422_20x_VD-4.czi,tissue,CELL_ID57HL-1422_20x_VD-4.czi,Historical drive ingest 2026 (drive1_FRIO-X6); project / researcher / operator / subject decided per file before ingest (tasks/drives_ingest_dryrun_review.md). Claim: CONFIRMED.,10555713b82222503cdbe29c3be9c3f72f8f75f2bda63ac34ed3d46afe2bb132,CONFIRMED,,
drive1_FRIO-X6/Cell observer/Marta/WGA_1422_MJS/ID57HL-1422_20x_VD-5.czi,AE-biomaGUNE-1422,,Marta,1422,57,ID57HL-1422_20x_VD-5.czi,tissue,CELL_ID57HL-1422_20x_VD-5.czi,Historical drive ingest 2026 (drive1_FRIO-X6); project / researcher / operator / subject decided per file before ingest (tasks/drives_ingest_dryrun_review.md). Claim: CONFIRMED.,d095226a4afeb97e9a4830392c8c35514e423af45fd9d7f4b3dcd33e4da262ce,CONFIRMED,,
drive1_FRIO-X6/Cell observer/Marta/WGA_1422_MJS/ID57HL-1422_20x_VI-1.czi,AE-biomaGUNE-1422,,Marta,1422,57,ID57HL-1422_20x_VI-1.czi,tissue,CELL_ID57HL-1422_20x_VI-1.czi,Historical drive ingest 2026 (drive1_FRIO-X6); project / researcher / operator / subject decided per file before ingest (tasks/drives_ingest_dryrun_review.md). Claim: CONFIRMED.,d35777bd010646bd3b2a82106cab77f9e2a20fb04c97e930e76ba5560a14191a,CONFIRMED,,
drive1_FRIO-X6/Cell observer/Marta/WGA_1422_MJS/ID57HL-1422_20x_VI-2.czi,AE-biomaGUNE-1422,,Marta,1422,57,ID57HL-1422_20x_VI-2.czi,tissue,CELL_ID57HL-1422_20x_VI-2.czi,Historical drive ingest 2026 (drive1_FRIO-X6); project / researcher / operator / subject decided per file before ingest (tasks/drives_ingest_dryrun_review.md). Claim: CONFIRMED.,e4f598b0835c76c2bc0d6b39415343c558df027bc909f7a2cac7ac3ce0e644d3,CONFIRMED,,
drive1_FRIO-X6/Cell observer/Marta/WGA_1422_MJS/ID57HL-1422_20x_VI-3.czi,AE-biomaGUNE-1422,,Marta,1422,57,ID57HL-1422_20x_VI-3.czi,tissue,CELL_ID57HL-1422_20x_VI-3.czi,Historical drive ingest 2026 (drive1_FRIO-X6); project / researcher / operator / subject decided per file before ingest (tasks/drives_ingest_dryrun_review.md). Claim: CONFIRMED.,7b039a19a4eb733e7db221acfe36d48e9407a49fe3eb5eaae7ed588f49fd6b00,CONFIRMED,,
drive1_FRIO-X6/Cell observer/Marta/WGA_1422_MJS/ID57HL-1422_20x_VI-4.czi,AE-biomaGUNE-1422,,Marta,1422,57,ID57HL-1422_20x_VI-4.czi,tissue,CELL_ID57HL-1422_20x_VI-4.czi,Historical drive ingest 2026 (drive1_FRIO-X6); project / researcher / operator / subject decided per file before ingest (tasks/drives_ingest_dryrun_review.md). Claim: CONFIRMED.,9dbf80dba3471be7127e44225d322cd1a0f64d1ebbf4efd4e2d8c6d933deecb0,CONFIRMED,,
drive1_FRIO-X6/Cell observer/Marta/WGA_1422_MJS/ID58HL-1422_20x_VD-1.czi,AE-biomaGUNE-1422,,Marta,1422,58,ID58HL-1422_20x_VD-1.czi,tissue,CELL_ID58HL-1422_20x_VD-1.czi,Historical drive ingest 2026 (drive1_FRIO-X6); project / researcher / operator / subject decided per file before ingest (tasks/drives_ingest_dryrun_review.md). Claim: CONFIRMED.,b794ffecc24c59ddaa001fddc5015f39fd1c748b8a3827638457288b4c759780,CONFIRMED,,
drive1_FRIO-X6/Cell observer/Marta/WGA_1422_MJS/ID58HL-1422_20x_VD-2.czi,AE-biomaGUNE-1422,,Marta,1422,58,ID58HL-1422_20x_VD-2.czi,tissue,CELL_ID58HL-1422_20x_VD-2.czi,Historical drive ingest 2026 (drive1_FRIO-X6); project / researcher / operator / subject decided per file before ingest (tasks/drives_ingest_dryrun_review.md). Claim: CONFIRMED.,c7971f880a583e9810d46e6214ba74d2cba05a93f019f49fa0178b818a2662de,CONFIRMED,,
drive1_FRIO-X6/Cell observer/Marta/WGA_1422_MJS/ID58HL-1422_20x_VD-3.czi,AE-biomaGUNE-1422,,Marta,1422,58,ID58HL-1422_20x_VD-3.czi,tissue,CELL_ID58HL-1422_20x_VD-3.czi,Historical drive ingest 2026 (drive1_FRIO-X6); project / researcher / operator / subject decided per file before ingest (tasks/drives_ingest_dryrun_review.md). Claim: CONFIRMED.,25e70c7efa779efd424d5af7bf65a0bc6484bd33893c737c3f11e57749456af9,CONFIRMED,,
drive1_FRIO-X6/Cell observer/Marta/WGA_1422_MJS/ID58HL-1422_20x_VD-4.czi,AE-biomaGUNE-1422,,Marta,1422,58,ID58HL-1422_20x_VD-4.czi,tissue,CELL_ID58HL-1422_20x_VD-4.czi,Historical drive ingest 2026 (drive1_FRIO-X6); project / researcher / operator / subject decided per file before ingest (tasks/drives_ingest_dryrun_review.md). Claim: CONFIRMED.,95f598b5535e4b86968de9c42a83ddd354760245dce816cde1a1d2d545639324,CONFIRMED,,
drive1_FRIO-X6/Cell observer/Marta/WGA_1422_MJS/ID58HL-1422_20x_VD-5.czi,AE-biomaGUNE-1422,,Marta,1422,58,ID58HL-1422_20x_VD-5.czi,tissue,CELL_ID58HL-1422_20x_VD-5.czi,Historical drive ingest 2026 (drive1_FRIO-X6); project / researcher / operator / subject decided per file before ingest (tasks/drives_ingest_dryrun_review.md). Claim: CONFIRMED.,b65963d6527f44ce4e385f1a6fd0469edf86ef238df16cd18d36b258ad48a869,CONFIRMED,,
drive1_FRIO-X6/Cell observer/Marta/WGA_1422_MJS/ID58HL-1422_20x_VI-1.czi,AE-biomaGUNE-1422,,Marta,1422,58,ID58HL-1422_20x_VI-1.czi,tissue,CELL_ID58HL-1422_20x_VI-1.czi,Historical drive ingest 2026 (drive1_FRIO-X6); project / researcher / operator / subject decided per file before ingest (tasks/drives_ingest_dryrun_review.md). Claim: CONFIRMED.,bac4338bf4df0c120a4b7f4b7efdb19e0e8f9598a1bcb47e800d070ff1825d15,CONFIRMED,,
drive1_FRIO-X6/Cell observer/Marta/WGA_1422_MJS/ID58HL-1422_20x_VI-2.czi,AE-biomaGUNE-1422,,Marta,1422,58,ID58HL-1422_20x_VI-2.czi,tissue,CELL_ID58HL-1422_20x_VI-2.czi,Historical drive ingest 2026 (drive1_FRIO-X6); project / researcher / operator / subject decided per file before ingest (tasks/drives_ingest_dryrun_review.md). Claim: CONFIRMED.,0da872c64d37b3e2b24450b114e0c24398b0829e4529b5e6fe8d9cc8c19a070b,CONFIRMED,,
drive1_FRIO-X6/Cell observer/Marta/WGA_1422_MJS/ID58HL-1422_20x_VI-3.czi,AE-biomaGUNE-1422,,Marta,1422,58,ID58HL-1422_20x_VI-3.czi,tissue,CELL_ID58HL-1422_20x_VI-3.czi,Historical drive ingest 2026 (drive1_FRIO-X6); project / researcher / operator / subject decided per file before ingest (tasks/drives_ingest_dryrun_review.md). Claim: CONFIRMED.,8884451ce5562ecdc78f6e96ac0e100ad0dc8d6aa403197e1e5e661914f7730f,CONFIRMED,,
drive1_FRIO-X6/Cell observer/Marta/WGA_1422_MJS/ID58HL-1422_20x_VI-4.czi,AE-biomaGUNE-1422,,Marta,1422,58,ID58HL-1422_20x_VI-4.czi,tissue,CELL_ID58HL-1422_20x_VI-4.czi,Historical drive ingest 2026 (drive1_FRIO-X6); project / researcher / operator / subject decided per file before ingest (tasks/drives_ingest_dryrun_review.md). Claim: CONFIRMED.,c1afc7d535a99447575c469d737c78077b3a928982f2aabda080929b9274f4dc,CONFIRMED,,
drive1_FRIO-X6/Cell observer/Marta/WGA_1422_MJS/ID59HL-1422_20x_VD-1.czi,AE-biomaGUNE-1422,,Marta,1422,59,ID59HL-1422_20x_VD-1.czi,tissue,CELL_ID59HL-1422_20x_VD-1.czi,Historical drive ingest 2026 (drive1_FRIO-X6); project / researcher / operator / subject decided per file before ingest (tasks/drives_ingest_dryrun_review.md). Claim: CONFIRMED.,d35c5fb6be3e0f6548beecb81fe7651b6ebaf4698fa57afca98864d135c719b3,CONFIRMED,,
drive1_FRIO-X6/Cell observer/Marta/WGA_1422_MJS/ID59HL-1422_20x_VD-2.czi,AE-biomaGUNE-1422,,Marta,1422,59,ID59HL-1422_20x_VD-2.czi,tissue,CELL_ID59HL-1422_20x_VD-2.czi,Historical drive ingest 2026 (drive1_FRIO-X6); project / researcher / operator / subject decided per file before ingest (tasks/drives_ingest_dryrun_review.md). Claim: CONFIRMED.,b7649100bda63f58e22ac5d8cf985bafb7db9d704a7841245734d2cce04ce696,CONFIRMED,,
drive1_FRIO-X6/Cell observer/Marta/WGA_1422_MJS/ID59HL-1422_20x_VD-3.czi,AE-biomaGUNE-1422,,Marta,1422,59,ID59HL-1422_20x_VD-3.czi,tissue,CELL_ID59HL-1422_20x_VD-3.czi,Historical drive ingest 2026 (drive1_FRIO-X6); project / researcher / operator / subject decided per file before ingest (tasks/drives_ingest_dryrun_review.md). Claim: CONFIRMED.,bd7234b510e5cba3d3c7bc03b46f63bf5775ac4fc269f02970d31af930d3e31f,CONFIRMED,,
drive1_FRIO-X6/Cell observer/Marta/WGA_1422_MJS/ID59HL-1422_20x_VD-4.czi,AE-biomaGUNE-1422,,Marta,1422,59,ID59HL-1422_20x_VD-4.czi,tissue,CELL_ID59HL-1422_20x_VD-4.czi,Historical drive ingest 2026 (drive1_FRIO-X6); project / researcher / operator / subject decided per file before ingest (tasks/drives_ingest_dryrun_review.md). Claim: CONFIRMED.,a383dc5fab15b30c44279267c962aa80f840823de8540c53d46ca66752d01aa4,CONFIRMED,,
drive1_FRIO-X6/Cell observer/Marta/WGA_1422_MJS/ID59HL-1422_20x_VD-5.czi,AE-biomaGUNE-1422,,Marta,1422,59,ID59HL-1422_20x_VD-5.czi,tissue,CELL_ID59HL-1422_20x_VD-5.czi,Historical drive ingest 2026 (drive1_FRIO-X6); project / researcher / operator / subject decided per file before ingest (tasks/drives_ingest_dryrun_review.md). Claim: CONFIRMED.,8389d6dd25f182988609b4bf39c43fde6f209a7b25220069039383265de37166,CONFIRMED,,
drive1_FRIO-X6/Cell observer/Marta/WGA_1422_MJS/ID59HL-1422_20x_VI-1.czi,AE-biomaGUNE-1422,,Marta,1422,59,ID59HL-1422_20x_VI-1.czi,tissue,CELL_ID59HL-1422_20x_VI-1.czi,Historical drive ingest 2026 (drive1_FRIO-X6); project / researcher / operator / subject decided per file before ingest (tasks/drives_ingest_dryrun_review.md). Claim: CONFIRMED.,467e1bea8bfdbf367fc7f6e3b6775f3348dfda2218cfe4cf2b0c123863e98168,CONFIRMED,,
drive1_FRIO-X6/Cell observer/Marta/WGA_1422_MJS/ID59HL-1422_20x_VI-2.czi,AE-biomaGUNE-1422,,Marta,1422,59,ID59HL-1422_20x_VI-2.czi,tissue,CELL_ID59HL-1422_20x_VI-2.czi,Historical drive ingest 2026 (drive1_FRIO-X6); project / researcher / operator / subject decided per file before ingest (tasks/drives_ingest_dryrun_review.md). Claim: CONFIRMED.,99540ccc4a65c227bd0eb7db3e44b2c20a009ec7e780bbab51b2e5b0a7aaf0e4,CONFIRMED,,
drive1_FRIO-X6/Cell observer/Marta/WGA_1422_MJS/ID59HL-1422_20x_VI-3.czi,AE-biomaGUNE-1422,,Marta,1422,59,ID59HL-1422_20x_VI-3.czi,tissue,CELL_ID59HL-1422_20x_VI-3.czi,Historical drive ingest 2026 (drive1_FRIO-X6); project / researcher / operator / subject decided per file before ingest (tasks/drives_ingest_dryrun_review.md). Claim: CONFIRMED.,d943806e850d0bf0aaff003ee9995a0c60f7448ad568f911df0cd848e558cb50,CONFIRMED,,
drive1_FRIO-X6/Cell observer/Marta/WGA_1422_MJS/ID59HL-1422_20x_VI-4.czi,AE-biomaGUNE-1422,,Marta,1422,59,ID59HL-1422_20x_VI-4.czi,tissue,CELL_ID59HL-1422_20x_VI-4.czi,Historical drive ingest 2026 (drive1_FRIO-X6); project / researcher / operator / subject decided per file before ingest (tasks/drives_ingest_dryrun_review.md). Claim: CONFIRMED.,280464a7f67ebfff4644dea3b9fb27a846edc3e728141408d7e536fc4c53c951,CONFIRMED,,
drive1_FRIO-X6/Cell observer/Marta/WGA_1422_MJS/ID59HL-1422_20x_VI-5.czi,AE-biomaGUNE-1422,,Marta,1422,59,ID59HL-1422_20x_VI-5.czi,tissue,CELL_ID59HL-1422_20x_VI-5.czi,Historical drive ingest 2026 (drive1_FRIO-X6); project / researcher / operator / subject decided per file before ingest (tasks/drives_ingest_dryrun_review.md). Claim: CONFIRMED.,0f66e301fd676c70c81e1d7d7c19ffc9c5c6aa11c16723b05e9f4d6a754e39a3,CONFIRMED,,
drive1_FRIO-X6/Cell observer/Marta/WGA_1422_MJS/ID60HL-1422_20x_VD-1.czi,AE-biomaGUNE-1422,,Marta,1422,60,ID60HL-1422_20x_VD-1.czi,tissue,CELL_ID60HL-1422_20x_VD-1.czi,Historical drive ingest 2026 (drive1_FRIO-X6); project / researcher / operator / subject decided per file before ingest (tasks/drives_ingest_dryrun_review.md). Claim: CONFIRMED.,d899eec86c6e7c0cae09cad1d248147ef0313cdfd6357d379e135483853e2f40,CONFIRMED,,
drive1_FRIO-X6/Cell observer/Marta/WGA_1422_MJS/ID60HL-1422_20x_VD-2.czi,AE-biomaGUNE-1422,,Marta,1422,60,ID60HL-1422_20x_VD-2.czi,tissue,CELL_ID60HL-1422_20x_VD-2.czi,Historical drive ingest 2026 (drive1_FRIO-X6); project / researcher / operator / subject decided per file before ingest (tasks/drives_ingest_dryrun_review.md). Claim: CONFIRMED.,36e6af4fbdb70ee15a26607d1d6d6e9d2dc77a1af8d9fb4d15db42cc2790f033,CONFIRMED,,
drive1_FRIO-X6/Cell observer/Marta/WGA_1422_MJS/ID60HL-1422_20x_VD-3.czi,AE-biomaGUNE-1422,,Marta,1422,60,ID60HL-1422_20x_VD-3.czi,tissue,CELL_ID60HL-1422_20x_VD-3.czi,Historical drive ingest 2026 (drive1_FRIO-X6); project / researcher / operator / subject decided per file before ingest (tasks/drives_ingest_dryrun_review.md). Claim: CONFIRMED.,50ea3612fcc8874b43f615af451f61de11d5e25872637234a4c8c334c7aea25d,CONFIRMED,,
drive1_FRIO-X6/Cell observer/Marta/WGA_1422_MJS/ID60HL-1422_20x_VD-4.czi,AE-biomaGUNE-1422,,Marta,1422,60,ID60HL-1422_20x_VD-4.czi,tissue,CELL_ID60HL-1422_20x_VD-4.czi,Historical drive ingest 2026 (drive1_FRIO-X6); project / researcher / operator / subject decided per file before ingest (tasks/drives_ingest_dryrun_review.md). Claim: CONFIRMED.,84820aa60fe7889f1af5c8b40aab6ece07d0b5695a071f2baab8ee600cb477f9,CONFIRMED,,
drive1_FRIO-X6/Cell observer/Marta/WGA_1422_MJS/ID60HL-1422_20x_VD-5.czi,AE-biomaGUNE-1422,,Marta,1422,60,ID60HL-1422_20x_VD-5.czi,tissue,CELL_ID60HL-1422_20x_VD-5.czi,Historical drive ingest 2026 (drive1_FRIO-X6); project / researcher / operator / subject decided per file before ingest (tasks/drives_ingest_dryrun_review.md). Claim: CONFIRMED.,c1d5c65ecbb92bd3fbccfc49967d6293e6f3ae8363b2aaca2a966cba23aa802a,CONFIRMED,,
drive1_FRIO-X6/Cell observer/Marta/WGA_1422_MJS/ID60HL-1422_20x_VI-1.czi,AE-biomaGUNE-1422,,Marta,1422,60,ID60HL-1422_20x_VI-1.czi,tissue,CELL_ID60HL-1422_20x_VI-1.czi,Historical drive ingest 2026 (drive1_FRIO-X6); project / researcher / operator / subject decided per file before ingest (tasks/drives_ingest_dryrun_review.md). Claim: CONFIRMED.,fd468917830f46b6d2aa015c322cca9b4e7cc003495dfeeb0153f8e5f4c5795e,CONFIRMED,,
drive1_FRIO-X6/Cell observer/Marta/WGA_1422_MJS/ID60HL-1422_20x_VI-2.czi,AE-biomaGUNE-1422,,Marta,1422,60,ID60HL-1422_20x_VI-2.czi,tissue,CELL_ID60HL-1422_20x_VI-2.czi,Historical drive ingest 2026 (drive1_FRIO-X6); project / researcher / operator / subject decided per file before ingest (tasks/drives_ingest_dryrun_review.md). Claim: CONFIRMED.,b1ec01d4b6fe95e860a2bdf6258496eab80bf854bdc66ae90b1dc1a0fd2f3823,CONFIRMED,,
drive1_FRIO-X6/Cell observer/Marta/WGA_1422_MJS/ID60HL-1422_20x_VI-3.czi,AE-biomaGUNE-1422,,Marta,1422,60,ID60HL-1422_20x_VI-3.czi,tissue,CELL_ID60HL-1422_20x_VI-3.czi,Historical drive ingest 2026 (drive1_FRIO-X6); project / researcher / operator / subject decided per file before ingest (tasks/drives_ingest_dryrun_review.md). Claim: CONFIRMED.,43c928aaf0be5d94c7d5cc9ba310c7527289b73a34fdd023fda624c05fd1fc8e,CONFIRMED,,
drive1_FRIO-X6/Cell observer/Marta/WGA_1422_MJS/ID60HL-1422_20x_VI-4.czi,AE-biomaGUNE-1422,,Marta,1422,60,ID60HL-1422_20x_VI-4.czi,tissue,CELL_ID60HL-1422_20x_VI-4.czi,Historical drive ingest 2026 (drive1_FRIO-X6); project / researcher / operator / subject decided per file before ingest (tasks/drives_ingest_dryrun_review.md). Claim: CONFIRMED.,61415ff646ec60b45a098456b64cb2bc6e1d5e3979636f3ba9bfbf28a10925d7,CONFIRMED,,
drive1_FRIO-X6/Cell observer/Marta/WGA_1422_MJS/ID60HL-1422_20x_VI-5.czi,AE-biomaGUNE-1422,,Marta,1422,60,ID60HL-1422_20x_VI-5.czi,tissue,CELL_ID60HL-1422_20x_VI-5.czi,Historical drive ingest 2026 (drive1_FRIO-X6); project / researcher / operator / subject decided per file before ingest (tasks/drives_ingest_dryrun_review.md). Claim: CONFIRMED.,c72c283e39e8d3fe459ef64de2eb0617468a2d4633d0516204a71833fe726431,CONFIRMED,,
drive1_FRIO-X6/Cell observer/Marta/WGA_1422_MJS/ID61HL-1422_20x_VD-1.czi,AE-biomaGUNE-1422,,Marta,1422,61,ID61HL-1422_20x_VD-1.czi,tissue,CELL_ID61HL-1422_20x_VD-1.czi,Historical drive ingest 2026 (drive1_FRIO-X6); project / researcher / operator / subject decided per file before ingest (tasks/drives_ingest_dryrun_review.md). Claim: CONFIRMED.,ba03b835b75a79f56a0b4623d317ab69018237c9a2fefa7593630470beb19122,CONFIRMED,,
drive1_FRIO-X6/Cell observer/Marta/WGA_1422_MJS/ID61HL-1422_20x_VD-2.czi,AE-biomaGUNE-1422,,Marta,1422,61,ID61HL-1422_20x_VD-2.czi,tissue,CELL_ID61HL-1422_20x_VD-2.czi,Historical drive ingest 2026 (drive1_FRIO-X6); project / researcher / operator / subject decided per file before ingest (tasks/drives_ingest_dryrun_review.md). Claim: CONFIRMED.,4fdc7fcc32311a97bc6d1f6798a58eea0a385cb315c4cf1d8ebe96417914ce14,CONFIRMED,,
drive1_FRIO-X6/Cell observer/Marta/WGA_1422_MJS/ID61HL-1422_20x_VD-3.czi,AE-biomaGUNE-1422,,Marta,1422,61,ID61HL-1422_20x_VD-3.czi,tissue,CELL_ID61HL-1422_20x_VD-3.czi,Historical drive ingest 2026 (drive1_FRIO-X6); project / researcher / operator / subject decided per file before ingest (tasks/drives_ingest_dryrun_review.md). Claim: CONFIRMED.,72ade5b0fc4b2a9b917ff629fe901f17c55f93fc88b0241745cc539e8c42755a,CONFIRMED,,
drive1_FRIO-X6/Cell observer/Marta/WGA_1422_MJS/ID61HL-1422_20x_VD-4.czi,AE-biomaGUNE-1422,,Marta,1422,61,ID61HL-1422_20x_VD-4.czi,tissue,CELL_ID61HL-1422_20x_VD-4.czi,Historical drive ingest 2026 (drive1_FRIO-X6); project / researcher / operator / subject decided per file before ingest (tasks/drives_ingest_dryrun_review.md). Claim: CONFIRMED.,74198915b1a836c1dd9a47411df958e667a96eced0fd4ef156e27a5e0b35114a,CONFIRMED,,
drive1_FRIO-X6/Cell observer/Marta/WGA_1422_MJS/ID61HL-1422_20x_VD-5.czi,AE-biomaGUNE-1422,,Marta,1422,61,ID61HL-1422_20x_VD-5.czi,tissue,CELL_ID61HL-1422_20x_VD-5.czi,Historical drive ingest 2026 (drive1_FRIO-X6); project / researcher / operator / subject decided per file before ingest (tasks/drives_ingest_dryrun_review.md). Claim: CONFIRMED.,bd697f0257ecdf64eaa2b886611424e8e015fa033bf74cd02c08a59cfab293ee,CONFIRMED,,
drive1_FRIO-X6/Cell observer/Marta/WGA_1422_MJS/ID61HL-1422_20x_VD-6.czi,AE-biomaGUNE-1422,,Marta,1422,61,ID61HL-1422_20x_VD-6.czi,tissue,CELL_ID61HL-1422_20x_VD-6.czi,Historical drive ingest 2026 (drive1_FRIO-X6); project / researcher / operator / subject decided per file before ingest (tasks/drives_ingest_dryrun_review.md). Claim: CONFIRMED.,4a8d75d68f0449d962e72f361540517b527d47921470523214b2ca9718bd534d,CONFIRMED,,
drive1_FRIO-X6/Cell observer/Marta/WGA_1422_MJS/ID61HL-1422_20x_VI-1.czi,AE-biomaGUNE-1422,,Marta,1422,61,ID61HL-1422_20x_VI-1.czi,tissue,CELL_ID61HL-1422_20x_VI-1.czi,Historical drive ingest 2026 (drive1_FRIO-X6); project / researcher / operator / subject decided per file before ingest (tasks/drives_ingest_dryrun_review.md). Claim: CONFIRMED.,044ee730f9134353fd16294a7f8ba7645ae400d66ddba940dce788608dcc1fb0,CONFIRMED,,
drive1_FRIO-X6/Cell observer/Marta/WGA_1422_MJS/ID61HL-1422_20x_VI-2.czi,AE-biomaGUNE-1422,,Marta,1422,61,ID61HL-1422_20x_VI-2.czi,tissue,CELL_ID61HL-1422_20x_VI-2.czi,Historical drive ingest 2026 (drive1_FRIO-X6); project / researcher / operator / subject decided per file before ingest (tasks/drives_ingest_dryrun_review.md). Claim: CONFIRMED.,91dee9cd7f199cc9271531c9cbb4374ca0418af2db04e85f2242d59120e466e3,CONFIRMED,,
drive1_FRIO-X6/Cell observer/Marta/WGA_1422_MJS/ID61HL-1422_20x_VI-3.czi,AE-biomaGUNE-1422,,Marta,1422,61,ID61HL-1422_20x_VI-3.czi,tissue,CELL_ID61HL-1422_20x_VI-3.czi,Historical drive ingest 2026 (drive1_FRIO-X6); project / researcher / operator / subject decided per file before ingest (tasks/drives_ingest_dryrun_review.md). Claim: CONFIRMED.,399c1166fe4aad007eb1f3d6cba181d708dfad33994ea73decedc45e0b631752,CONFIRMED,,
drive1_FRIO-X6/Cell observer/Marta/WGA_1422_MJS/ID61HL-1422_20x_VI-4.czi,AE-biomaGUNE-1422,,Marta,1422,61,ID61HL-1422_20x_VI-4.czi,tissue,CELL_ID61HL-1422_20x_VI-4.czi,Historical drive ingest 2026 (drive1_FRIO-X6); project / researcher / operator / subject decided per file before ingest (tasks/drives_ingest_dryrun_review.md). Claim: CONFIRMED.,7f3d78421ea9b6e7050a89e3c7eafd572472dc92f7e9b4275d73ace8a77ecea2,CONFIRMED,,
drive1_FRIO-X6/Cell observer/Marta/WGA_1422_MJS/ID61HL-1422_20x_VI-5.czi,AE-biomaGUNE-1422,,Marta,1422,61,ID61HL-1422_20x_VI-5.czi,tissue,CELL_ID61HL-1422_20x_VI-5.czi,Historical drive ingest 2026 (drive1_FRIO-X6); project / researcher / operator / subject decided per file before ingest (tasks/drives_ingest_dryrun_review.md). Claim: CONFIRMED.,1e6720b704eb02e290f48ba7326dc972582e5d1acefa503770bf899ef6e86f4e,CONFIRMED,,
drive1_FRIO-X6/Cell observer/Marta/WGA_1422_MJS/ID62HL-1422_20x_VD-1.czi,AE-biomaGUNE-1422,,Marta,1422,62,ID62HL-1422_20x_VD-1.czi,tissue,CELL_ID62HL-1422_20x_VD-1.czi,Historical drive ingest 2026 (drive1_FRIO-X6); project / researcher / operator / subject decided per file before ingest (tasks/drives_ingest_dryrun_review.md). Claim: CONFIRMED.,8d9bcece9f6157b084d9aa16334be2b7b00dd306858491fa7d3d12637c0688c8,CONFIRMED,,
drive1_FRIO-X6/Cell observer/Marta/WGA_1422_MJS/ID62HL-1422_20x_VD-2.czi,AE-biomaGUNE-1422,,Marta,1422,62,ID62HL-1422_20x_VD-2.czi,tissue,CELL_ID62HL-1422_20x_VD-2.czi,Historical drive ingest 2026 (drive1_FRIO-X6); project / researcher / operator / subject decided per file before ingest (tasks/drives_ingest_dryrun_review.md). Claim: CONFIRMED.,9cc11b560bd1e91d953fbd04e55a468c567d570d7bd3cc3b66989733dee5ba93,CONFIRMED,,
drive1_FRIO-X6/Cell observer/Marta/WGA_1422_MJS/ID62HL-1422_20x_VD-3.czi,AE-biomaGUNE-1422,,Marta,1422,62,ID62HL-1422_20x_VD-3.czi,tissue,CELL_ID62HL-1422_20x_VD-3.czi,Historical drive ingest 2026 (drive1_FRIO-X6); project / researcher / operator / subject decided per file before ingest (tasks/drives_ingest_dryrun_review.md). Claim: CONFIRMED.,a41e08dfe583995d62af33b05ba9f2c6ab16d7483230805c102faf7303e2b28d,CONFIRMED,,
drive1_FRIO-X6/Cell observer/Marta/WGA_1422_MJS/ID62HL-1422_20x_VD-4.czi,AE-biomaGUNE-1422,,Marta,1422,62,ID62HL-1422_20x_VD-4.czi,tissue,CELL_ID62HL-1422_20x_VD-4.czi,Historical drive ingest 2026 (drive1_FRIO-X6); project / researcher / operator / subject decided per file before ingest (tasks/drives_ingest_dryrun_review.md). Claim: CONFIRMED.,cde1ab0ff81664e93cb35f6d99fbf0fae77fe68b43ee3a509dca1477a6385704,CONFIRMED,,
drive1_FRIO-X6/Cell observer/Marta/WGA_1422_MJS/ID62HL-1422_20x_VD-5.czi,AE-biomaGUNE-1422,,Marta,1422,62,ID62HL-1422_20x_VD-5.czi,tissue,CELL_ID62HL-1422_20x_VD-5.czi,Historical drive ingest 2026 (drive1_FRIO-X6); project / researcher / operator / subject decided per file before ingest (tasks/drives_ingest_dryrun_review.md). Claim: CONFIRMED.,6e2d25f576c4c9062451f6206cbb3ffb7e9b58b4c1c8bad862701beaad706d83,CONFIRMED,,
drive1_FRIO-X6/Cell observer/Marta/WGA_1422_MJS/ID62HL-1422_20x_VI-1.czi,AE-biomaGUNE-1422,,Marta,1422,62,ID62HL-1422_20x_VI-1.czi,tissue,CELL_ID62HL-1422_20x_VI-1.czi,Historical drive ingest 2026 (drive1_FRIO-X6); project / researcher / operator / subject decided per file before ingest (tasks/drives_ingest_dryrun_review.md). Claim: CONFIRMED.,a3786d026437c42132df6d20c6d5aa681a5d29401be610e746d87808dc7d7d63,CONFIRMED,,
drive1_FRIO-X6/Cell observer/Marta/WGA_1422_MJS/ID62HL-1422_20x_VI-2.czi,AE-biomaGUNE-1422,,Marta,1422,62,ID62HL-1422_20x_VI-2.czi,tissue,CELL_ID62HL-1422_20x_VI-2.czi,Historical drive ingest 2026 (drive1_FRIO-X6); project / researcher / operator / subject decided per file before ingest (tasks/drives_ingest_dryrun_review.md). Claim: CONFIRMED.,f787b670796ae9e2d4e9883299a4859772de8485171808100bc9c885ff0af92a,CONFIRMED,,
drive1_FRIO-X6/Cell observer/Marta/WGA_1422_MJS/ID62HL-1422_20x_VI-3.czi,AE-biomaGUNE-1422,,Marta,1422,62,ID62HL-1422_20x_VI-3.czi,tissue,CELL_ID62HL-1422_20x_VI-3.czi,Historical drive ingest 2026 (drive1_FRIO-X6); project / researcher / operator / subject decided per file before ingest (tasks/drives_ingest_dryrun_review.md). Claim: CONFIRMED.,d22eb6998fdb094e7d75cee63b4039f264aebdf2072d9af985321007c53f3e79,CONFIRMED,,
drive1_FRIO-X6/Cell observer/Marta/WGA_1422_MJS/ID62HL-1422_20x_VI-4.czi,AE-biomaGUNE-1422,,Marta,1422,62,ID62HL-1422_20x_VI-4.czi,tissue,CELL_ID62HL-1422_20x_VI-4.czi,Historical drive ingest 2026 (drive1_FRIO-X6); project / researcher / operator / subject decided per file before ingest (tasks/drives_ingest_dryrun_review.md). Claim: CONFIRMED.,7d8222a1e998574e8a3337461f5988aa597aca5a3c2e0d8cc452930c13aea807,CONFIRMED,,
drive1_FRIO-X6/Cell observer/Marta/WGA_1422_MJS/ID62HL-1422_20x_VI-5.czi,AE-biomaGUNE-1422,,Marta,1422,62,ID62HL-1422_20x_VI-5.czi,tissue,CELL_ID62HL-1422_20x_VI-5.czi,Historical drive ingest 2026 (drive1_FRIO-X6); project / researcher / operator / subject decided per file before ingest (tasks/drives_ingest_dryrun_review.md). Claim: CONFIRMED.,0f671bdc4e768233e321d26e5bfa5dde92c146ee147f79cbaf3ae82a6e031270,CONFIRMED,,
drive1_FRIO-X6/Cell observer/Marta/WGA_1422_MJS/ID62HL-1422_20x_VI-6.czi,AE-biomaGUNE-1422,,Marta,1422,62,ID62HL-1422_20x_VI-6.czi,tissue,CELL_ID62HL-1422_20x_VI-6.czi,Historical drive ingest 2026 (drive1_FRIO-X6); project / researcher / operator / subject decided per file before ingest (tasks/drives_ingest_dryrun_review.md). Claim: CONFIRMED.,1da965645a194adccdfe89e8ded87be83d1834d9b469da71a376deb0d8fff30b,CONFIRMED,,
drive2_MFB-Disco-2/2025-10-02 - Toshiba EXT (Backup)/Proyectos_Laboratorio_Laura/Lung-surfactant/Invivo-Agosto23/1321/Colagen I/Lobulo1-ID79_colageno I_10x_tiles.czi,AE-biomaGUNE-1321,Laura,,1321,79,Lobulo1-ID79_colageno I_10x_tiles.czi,tissue,CELL_Lobulo1-ID79_colageno I_10x_tiles.czi,"Historical drive ingest 2026 (drive2_MFB-Disco-2); project / researcher / operator / subject decided per file before ingest (tasks/drives_ingest_dryrun_review.md). Claim: CONFIRMED; shares its acquisition timestamp with 2 other files in this ingest (likely a ZEN scene split, stitched copy or extract).",456106b066586459bef53e5b197f94e1444b11abc686c6a5ae71f455854dad53,CONFIRMED,CELL|2024-01-30T09:35:42.6390498Z,3
drive2_MFB-Disco-2/2025-10-02 - Toshiba EXT (Backup)/Proyectos_Laboratorio_Laura/Lung-surfactant/Invivo-Agosto23/1321/Colagen I/Lobulo2-ID79_colageno I_10x_tiles.czi,AE-biomaGUNE-1321,Laura,,1321,79,Lobulo2-ID79_colageno I_10x_tiles.czi,tissue,CELL_Lobulo2-ID79_colageno I_10x_tiles.czi,"Historical drive ingest 2026 (drive2_MFB-Disco-2); project / researcher / operator / subject decided per file before ingest (tasks/drives_ingest_dryrun_review.md). Claim: CONFIRMED; shares its acquisition timestamp with 2 other files in this ingest (likely a ZEN scene split, stitched copy or extract).",dacd70b9ecedbfc66600f932f45e4423e2661d36713c07e7fdd05510123a2831,CONFIRMED,CELL|2024-01-30T09:35:42.6390498Z,3
drive2_MFB-Disco-2/2025-10-02 - Toshiba EXT (Backup)/Proyectos_Laboratorio_Laura/Lung-surfactant/Invivo-Agosto23/1321/Colagen I/ROI-ID73_aplhaSMA_10x_tiles.czi,AE-biomaGUNE-1321,Laura,,1321,73,ROI-ID73_aplhaSMA_10x_tiles.czi,tissue,CELL_ROI-ID73_aplhaSMA_10x_tiles.czi,"Historical drive ingest 2026 (drive2_MFB-Disco-2); project / researcher / operator / subject decided per file before ingest (tasks/drives_ingest_dryrun_review.md). Claim: CONFIRMED; shares its acquisition timestamp with 1 other file in this ingest (likely a ZEN scene split, stitched copy or extract).",c3c33cc41ea7531594bc4eacdd22a2815e7c5a20a91cf1ce23ffc4a5b8661797,CONFIRMED,CELL|2024-01-29T09:04:56.733732Z,2
drive2_MFB-Disco-2/2025-10-02 - Toshiba EXT (Backup)/Proyectos_Laboratorio_Laura/Lung-surfactant/Invivo-Agosto23/1321/Colagen I/ROI-ID76_colageno I_10x_tiles.czi,AE-biomaGUNE-1321,Laura,,1321,76,ROI-ID76_colageno I_10x_tiles.czi,tissue,CELL_ROI-ID76_colageno I_10x_tiles.czi,"Historical drive ingest 2026 (drive2_MFB-Disco-2); project / researcher / operator / subject decided per file before ingest (tasks/drives_ingest_dryrun_review.md). Claim: CONFIRMED; shares its acquisition timestamp with 1 other file in this ingest (likely a ZEN scene split, stitched copy or extract).",cd622259903729957d6534f1ff18564e5f80df9f84300c5869265f8b026c2d34,CONFIRMED,CELL|2024-01-30T07:36:13.2037724Z,2
drive2_MFB-Disco-2/2025-10-02 - Toshiba EXT (Backup)/Proyectos_Laboratorio_Laura/Lung-surfactant/Invivo-Agosto23/1321/Colagen I/ROI-ID80_colageno I_10x_tiles.czi,AE-biomaGUNE-1321,Laura,,1321,80,ROI-ID80_colageno I_10x_tiles.czi,tissue,CELL_ROI-ID80_colageno I_10x_tiles.czi,"Historical drive ingest 2026 (drive2_MFB-Disco-2); project / researcher / operator / subject decided per file before ingest (tasks/drives_ingest_dryrun_review.md). Claim: CONFIRMED; shares its acquisition timestamp with 1 other file in this ingest (likely a ZEN scene split, stitched copy or extract).",f1a99b4e85493718949f2bce480d9b5726f61bc1f282ba5de6f69bbbb0e23120,CONFIRMED,CELL|2024-01-30T10:16:17.5819921Z,2
drive2_MFB-Disco-2/2025-10-02 - Toshiba EXT (Backup)/Proyectos_Laboratorio_Laura/Lung-surfactant/Invivo-Agosto23/1321/Colagen I/ROI-ID83_colageno I_10x_tiles.czi,AE-biomaGUNE-1321,Laura,,1321,83,ROI-ID83_colageno I_10x_tiles.czi,tissue,CELL_ROI-ID83_colageno I_10x_tiles.czi,"Historical drive ingest 2026 (drive2_MFB-Disco-2); project / researcher / operator / subject decided per file before ingest (tasks/drives_ingest_dryrun_review.md). Claim: CONFIRMED; shares its acquisition timestamp with 1 other file in this ingest (likely a ZEN scene split, stitched copy or extract).",cfe2268a67343e9649bd0cb6911336699af848b7d7f8f7d47f3677586741ffde,CONFIRMED,CELL|2024-01-30T10:45:55.1878069Z,2
drive2_MFB-Disco-2/2025-10-02 - Toshiba EXT (Backup)/Proyectos_Laboratorio_Laura/Lung-surfactant/Invivo-Agosto23/1321/Colagen I/ROI-ID85_colageno I_10x_tiles.czi,AE-biomaGUNE-1321,Laura,,1321,85,ROI-ID85_colageno I_10x_tiles.czi,tissue,CELL_ROI-ID85_colageno I_10x_tiles.czi,"Historical drive ingest 2026 (drive2_MFB-Disco-2); project / researcher / operator / subject decided per file before ingest (tasks/drives_ingest_dryrun_review.md). Claim: CONFIRMED; shares its acquisition timestamp with 1 other file in this ingest (likely a ZEN scene split, stitched copy or extract).",cbccb164e83f1d73d2a2a8fcc745cd6b95ff4efd2bbe7063c47617d6b799440e,CONFIRMED,CELL|2024-02-01T13:36:39.6454208Z,2
drive2_MFB-Disco-2/2025-10-02 - Toshiba EXT (Backup)/Proyectos_Laboratorio_Laura/Lung-surfactant/Invivo-Agosto23/1321/Colagen I/ROI-ID86_colageno I_10x_tiles.czi,AE-biomaGUNE-1321,Laura,,1321,86,ROI-ID86_colageno I_10x_tiles.czi,tissue,CELL_ROI-ID86_colageno I_10x_tiles.czi,"Historical drive ingest 2026 (drive2_MFB-Disco-2); project / researcher / operator / subject decided per file before ingest (tasks/drives_ingest_dryrun_review.md). Claim: CONFIRMED; shares its acquisition timestamp with 1 other file in this ingest (likely a ZEN scene split, stitched copy or extract).",6a89361d71e7e29e4bc2c79adcae2e4a64dffc1af4e614049f5f3d5434354b76,CONFIRMED,CELL|2024-02-01T14:09:46.6828015Z,2
drive2_MFB-Disco-2/2025-10-02 - Toshiba EXT (Backup)/Proyectos_Laboratorio_Laura/Lung-surfactant/Invivo-Agosto23/1321/Colagen I/ROI-ID89_colageno I_10x_tiles.czi,AE-biomaGUNE-1321,Laura,,1321,89,ROI-ID89_colageno I_10x_tiles.czi,tissue,CELL_ROI-ID89_colageno I_10x_tiles.czi,"Historical drive ingest 2026 (drive2_MFB-Disco-2); project / researcher / operator / subject decided per file before ingest (tasks/drives_ingest_dryrun_review.md). Claim: CONFIRMED; shares its acquisition timestamp with 1 other file in this ingest (likely a ZEN scene split, stitched copy or extract).",2488503859fe00fca412402a14e842dadbe53b738527fe039295e1c94ba55841,CONFIRMED,CELL|2024-02-01T14:39:49.71994Z,2
drive2_MFB-Disco-2/2025-10-02 - Toshiba EXT (Backup)/Proyectos_Laboratorio_Laura/Lung-surfactant/Invivo-Agosto23/1321/Colagen I/ROI-ID90_colageno I_10x_tiles.czi,AE-biomaGUNE-1321,Laura,,1321,90,ROI-ID90_colageno I_10x_tiles.czi,tissue,CELL_ROI-ID90_colageno I_10x_tiles.czi,"Historical drive ingest 2026 (drive2_MFB-Disco-2); project / researcher / operator / subject decided per file before ingest (tasks/drives_ingest_dryrun_review.md). Claim: CONFIRMED; shares its acquisition timestamp with 1 other file in this ingest (likely a ZEN scene split, stitched copy or extract).",498403c6303e6b1594267526bc9f8cd70bfd25bf4519884df6c45740d8b63790,CONFIRMED,CELL|2024-02-01T15:07:58.757841Z,2
drive2_MFB-Disco-2/2025-10-02 - Toshiba EXT (Backup)/Proyectos_Laboratorio_Laura/Lung-surfactant/Invivo-Agosto23/1321/PR/53-POL-ROI.czi,AE-biomaGUNE-1321,Laura,,,,53-POL-ROI.czi,,CELL_53-POL-ROI.czi,"Historical drive ingest 2026 (drive2_MFB-Disco-2); project / researcher / operator / subject decided per file before ingest (tasks/drives_ingest_dryrun_review.md). Claim: CONFIRMED; shares its acquisition timestamp with 1 other file in this ingest (likely a ZEN scene split, stitched copy or extract).",e353430ddaa86439d4c1fe9c1727cb65d89765763e09787056fb714ebdd0f137,CONFIRMED,CELL|2023-09-19T13:19:48.3657766Z,2
drive2_MFB-Disco-2/2025-10-02 - Toshiba EXT (Backup)/Proyectos_Laboratorio_Laura/Lung-surfactant/Invivo-Agosto23/1321/PR/54-POL-ROI.czi,AE-biomaGUNE-1321,Laura,,,,54-POL-ROI.czi,,CELL_54-POL-ROI.czi,"Historical drive ingest 2026 (drive2_MFB-Disco-2); project / researcher / operator / subject decided per file before ingest (tasks/drives_ingest_dryrun_review.md). Claim: CONFIRMED; shares its acquisition timestamp with 1 other file in this ingest (likely a ZEN scene split, stitched copy or extract).",fa6959f1001aab35eeab3ee18a13428ec4dafab639738f6fa9e0ea6a2357753b,CONFIRMED,CELL|2023-09-19T13:39:49.9987766Z,2
drive2_MFB-Disco-2/2025-10-02 - Toshiba EXT (Backup)/Proyectos_Laboratorio_Laura/Lung-surfactant/Invivo-Agosto23/1321/PR/55-POL-ROI.czi,AE-biomaGUNE-1321,Laura,,,,55-POL-ROI.czi,,CELL_55-POL-ROI.czi,"Historical drive ingest 2026 (drive2_MFB-Disco-2); project / researcher / operator / subject decided per file before ingest (tasks/drives_ingest_dryrun_review.md). Claim: CONFIRMED; shares its acquisition timestamp with 1 other file in this ingest (likely a ZEN scene split, stitched copy or extract).",88e4a4f22477c478fe65454ff85e85ce84979a4154804f15125aa0ad14d27dbb,CONFIRMED,CELL|2023-09-21T07:59:19.6273604Z,2
drive2_MFB-Disco-2/2025-10-02 - Toshiba EXT (Backup)/Proyectos_Laboratorio_Laura/Lung-surfactant/Invivo-Agosto23/1321/PR/56-POL-ROI.czi,AE-biomaGUNE-1321,Laura,,,,56-POL-ROI.czi,,CELL_56-POL-ROI.czi,"Historical drive ingest 2026 (drive2_MFB-Disco-2); project / researcher / operator / subject decided per file before ingest (tasks/drives_ingest_dryrun_review.md). Claim: CONFIRMED; shares its acquisition timestamp with 1 other file in this ingest (likely a ZEN scene split, stitched copy or extract).",7f1688ea2a78be6ee552c623c3a0fa1eb7767fe10905f388454cb4e1935a06e5,CONFIRMED,CELL|2023-09-21T10:01:24.4914929Z,2
drive2_MFB-Disco-2/2025-10-02 - Toshiba EXT (Backup)/Proyectos_Laboratorio_Laura/Lung-surfactant/Invivo-Agosto23/1321/PR/57-POL-ROI.czi,AE-biomaGUNE-1321,Laura,,,,57-POL-ROI.czi,,CELL_57-POL-ROI.czi,"Historical drive ingest 2026 (drive2_MFB-Disco-2); project / researcher / operator / subject decided per file before ingest (tasks/drives_ingest_dryrun_review.md). Claim: CONFIRMED; shares its acquisition timestamp with 1 other file in this ingest (likely a ZEN scene split, stitched copy or extract).",d1b7d7ada44f911fba2dea350181e3ea4c185cb66edf533d16f75b529b9d5627,CONFIRMED,CELL|2023-09-21T10:27:10.6854272Z,2
drive2_MFB-Disco-2/2025-10-02 - Toshiba EXT (Backup)/Proyectos_Laboratorio_Laura/Lung-surfactant/Invivo-Agosto23/1321/PR/58-POL-ROI.czi,AE-biomaGUNE-1321,Laura,,,,58-POL-ROI.czi,,CELL_58-POL-ROI.czi,"Historical drive ingest 2026 (drive2_MFB-Disco-2); project / researcher / operator / subject decided per file before ingest (tasks/drives_ingest_dryrun_review.md). Claim: CONFIRMED; shares its acquisition timestamp with 2 other files in this ingest (likely a ZEN scene split, stitched copy or extract).",6d80cf456e37716fd69e5491de8375e008565d09d3337e468470baf7ff14bd0c,CONFIRMED,CELL|2023-09-21T10:40:26.0299631Z,3
drive2_MFB-Disco-2/2025-10-02 - Toshiba EXT (Backup)/Proyectos_Laboratorio_Laura/Lung-surfactant/Invivo-Agosto23/1321/PR/59-POL-ROI.czi,AE-biomaGUNE-1321,Laura,,,,59-POL-ROI.czi,,CELL_59-POL-ROI.czi,"Historical drive ingest 2026 (drive2_MFB-Disco-2); project / researcher / operator / subject decided per file before ingest (tasks/drives_ingest_dryrun_review.md). Claim: CONFIRMED; shares its acquisition timestamp with 1 other file in this ingest (likely a ZEN scene split, stitched copy or extract).",fe8119b0ca9702024dd3faa6eff30aba53c904a151783b50cd6aea8919bf4020,CONFIRMED,CELL|2023-09-25T07:39:02.4695134Z,2
drive2_MFB-Disco-2/2025-10-02 - Toshiba EXT (Backup)/Proyectos_Laboratorio_Laura/Lung-surfactant/Invivo-Agosto23/1321/PR/60-POL-ROI.czi,AE-biomaGUNE-1321,Laura,,,,60-POL-ROI.czi,,CELL_60-POL-ROI.czi,"Historical drive ingest 2026 (drive2_MFB-Disco-2); project / researcher / operator / subject decided per file before ingest (tasks/drives_ingest_dryrun_review.md). Claim: CONFIRMED; shares its acquisition timestamp with 1 other file in this ingest (likely a ZEN scene split, stitched copy or extract).",eb9005a2a4d795e9409bceeb8c62ffe3a172b3332540177804095abcb6b89069,CONFIRMED,CELL|2023-09-25T09:35:59.9582591Z,2
drive2_MFB-Disco-2/2025-10-02 - Toshiba EXT (Backup)/Proyectos_Laboratorio_Laura/Lung-surfactant/Invivo-Agosto23/1321/PR/61-POL-ROI.czi,AE-biomaGUNE-1321,Laura,,,,61-POL-ROI.czi,,CELL_61-POL-ROI.czi,"Historical drive ingest 2026 (drive2_MFB-Disco-2); project / researcher / operator / subject decided per file before ingest (tasks/drives_ingest_dryrun_review.md). Claim: CONFIRMED; shares its acquisition timestamp with 1 other file in this ingest (likely a ZEN scene split, stitched copy or extract).",d8b6c95173bb48644ada4aeea789173a82315a20180add25e528e5482f7bccd3,CONFIRMED,CELL|2023-09-25T09:51:33.4755224Z,2
drive2_MFB-Disco-2/2025-10-02 - Toshiba EXT (Backup)/Proyectos_Laboratorio_Laura/Lung-surfactant/Invivo-Agosto23/1321/PR/62-POL-ROI.czi,AE-biomaGUNE-1321,Laura,,,,62-POL-ROI.czi,,CELL_62-POL-ROI.czi,"Historical drive ingest 2026 (drive2_MFB-Disco-2); project / researcher / operator / subject decided per file before ingest (tasks/drives_ingest_dryrun_review.md). Claim: CONFIRMED; shares its acquisition timestamp with 1 other file in this ingest (likely a ZEN scene split, stitched copy or extract).",8981d895142c1e4e80ae94bc74e1e0c0e8a5819b03a5ee03c15996f334eb7768,CONFIRMED,CELL|2023-09-25T10:07:15.5522557Z,2
drive2_MFB-Disco-2/2025-10-02 - Toshiba EXT (Backup)/Proyectos_Laboratorio_Laura/Lung-surfactant/Invivo-Agosto23/1321/PR/63-POL-ROI.czi,AE-biomaGUNE-1321,Laura,,,,63-POL-ROI.czi,,CELL_63-POL-ROI.czi,"Historical drive ingest 2026 (drive2_MFB-Disco-2); project / researcher / operator / subject decided per file before ingest (tasks/drives_ingest_dryrun_review.md). Claim: CONFIRMED; shares its acquisition timestamp with 1 other file in this ingest (likely a ZEN scene split, stitched copy or extract).",729ebb7a71b4f6e2c4171e15c581febd0c164f377c4676f34785a7d4f6ae4b6a,CONFIRMED,CELL|2023-09-25T10:33:16.2689936Z,2
drive2_MFB-Disco-2/2025-10-02 - Toshiba EXT (Backup)/Proyectos_Laboratorio_Laura/Lung-surfactant/Invivo-Agosto23/1321/PR/64-POL-ROI.czi,AE-biomaGUNE-1321,Laura,,,,64-POL-ROI.czi,,CELL_64-POL-ROI.czi,"Historical drive ingest 2026 (drive2_MFB-Disco-2); project / researcher / operator / subject decided per file before ingest (tasks/drives_ingest_dryrun_review.md). Claim: CONFIRMED; shares its acquisition timestamp with 1 other file in this ingest (likely a ZEN scene split, stitched copy or extract).",e581b8b94d83752452b6beb379204553169d8e7ca29215686ea4ff542ecf912e,CONFIRMED,CELL|2023-09-25T10:48:33.1252506Z,2
drive2_MFB-Disco-2/2025-10-02 - Toshiba EXT (Backup)/Proyectos_Laboratorio_Laura/Lung-surfactant/Invivo-Agosto23/1321/PR/65-POL-ROI.czi,AE-biomaGUNE-1321,Laura,,,,65-POL-ROI.czi,,CELL_65-POL-ROI.czi,"Historical drive ingest 2026 (drive2_MFB-Disco-2); project / researcher / operator / subject decided per file before ingest (tasks/drives_ingest_dryrun_review.md). Claim: CONFIRMED; shares its acquisition timestamp with 1 other file in this ingest (likely a ZEN scene split, stitched copy or extract).",bbf35788462c89c67063a89385d8b1821981e02ca5081fb194a5979a4712dc1f,CONFIRMED,CELL|2023-09-26T08:12:37.8797934Z,2
drive2_MFB-Disco-2/2025-10-02 - Toshiba EXT (Backup)/Proyectos_Laboratorio_Laura/Lung-surfactant/Invivo-Agosto23/1321/PR/68-POL-ROI.czi,AE-biomaGUNE-1321,Laura,,,,68-POL-ROI.czi,,CELL_68-POL-ROI.czi,"Historical drive ingest 2026 (drive2_MFB-Disco-2); project / researcher / operator / subject decided per file before ingest (tasks/drives_ingest_dryrun_review.md). Claim: CONFIRMED; shares its acquisition timestamp with 2 other files in this ingest (likely a ZEN scene split, stitched copy or extract).",88e55dc96b61c78e663cb1df19906fed90abe26f9536322681a2ef36b3d86a6c,CONFIRMED,CELL|2023-09-26T08:24:35.9264616Z,3
drive2_MFB-Disco-2/2025-10-02 - Toshiba EXT (Backup)/Proyectos_Laboratorio_Laura/Lung-surfactant/Invivo-Agosto23/1321/PR/69-POL-ROI.czi,AE-biomaGUNE-1321,Laura,,,,69-POL-ROI.czi,,CELL_69-POL-ROI.czi,"Historical drive ingest 2026 (drive2_MFB-Disco-2); project / researcher / operator / subject decided per file before ingest (tasks/drives_ingest_dryrun_review.md). Claim: CONFIRMED; shares its acquisition timestamp with 1 other file in this ingest (likely a ZEN scene split, stitched copy or extract).",0da3ccea099a8a952dec7a4730b9c3d879f7f1dbc5ecb107f6ef140a322f4f9d,CONFIRMED,CELL|2023-09-26T08:36:20.1168572Z,2
drive2_MFB-Disco-2/2025-10-02 - Toshiba EXT (Backup)/Proyectos_Laboratorio_Laura/Lung-surfactant/Invivo-Agosto23/1321/PR/70-POL-ROI.czi,AE-biomaGUNE-1321,Laura,,,,70-POL-ROI.czi,,CELL_70-POL-ROI.czi,"Historical drive ingest 2026 (drive2_MFB-Disco-2); project / researcher / operator / subject decided per file before ingest (tasks/drives_ingest_dryrun_review.md). Claim: CONFIRMED; shares its acquisition timestamp with 1 other file in this ingest (likely a ZEN scene split, stitched copy or extract).",e0b55798f14753849b8f313f539f61ac0cf33923f3ffc26e847d05801e0b2bd9,CONFIRMED,CELL|2023-09-26T08:48:13.7832472Z,2
drive2_MFB-Disco-2/2025-10-02 - Toshiba EXT (Backup)/Proyectos_Laboratorio_Laura/Lung-surfactant/Invivo-Agosto23/1321/aplhaSMA/ID58_alphasma_10x_tilesROI.czi,AE-biomaGUNE-1321,Laura,,1321,58,ID58_alphasma_10x_tilesROI.czi,tissue,CELL_ID58_alphasma_10x_tilesROI.czi,"Historical drive ingest 2026 (drive2_MFB-Disco-2); project / researcher / operator / subject decided per file before ingest (tasks/drives_ingest_dryrun_review.md). Claim: CONFIRMED; shares its acquisition timestamp with 1 other file in this ingest (likely a ZEN scene split, stitched copy or extract).",7d4d15171e2fa52a750aef5d5264b100bd668dc133c3437c86147213b65ceb8b,CONFIRMED,CELL|2023-10-03T09:54:21.2218296Z,2
drive2_MFB-Disco-2/2025-10-02 - Toshiba EXT (Backup)/Proyectos_Laboratorio_Laura/Lung-surfactant/Invivo-Agosto23/1321/aplhaSMA/ID61_alphasma_10x_tilesROI.czi,AE-biomaGUNE-1321,Laura,,1321,61,ID61_alphasma_10x_tilesROI.czi,tissue,CELL_ID61_alphasma_10x_tilesROI.czi,"Historical drive ingest 2026 (drive2_MFB-Disco-2); project / researcher / operator / subject decided per file before ingest (tasks/drives_ingest_dryrun_review.md). Claim: CONFIRMED; shares its acquisition timestamp with 1 other file in this ingest (likely a ZEN scene split, stitched copy or extract).",5fbc4c45f2483d26e012a0900a1c88d23eef024a0475f04187a66db05cad9136,CONFIRMED,CELL|2023-10-03T12:45:42.5289305Z,2
drive2_MFB-Disco-2/2025-10-02 - Toshiba EXT (Backup)/Proyectos_Laboratorio_Laura/Lung-surfactant/Invivo-Agosto23/1321/aplhaSMA/ID68_alphasma_10x_tilesROI.czi,AE-biomaGUNE-1321,Laura,,1321,68,ID68_alphasma_10x_tilesROI.czi,tissue,CELL_ID68_alphasma_10x_tilesROI.czi,"Historical drive ingest 2026 (drive2_MFB-Disco-2); project / researcher / operator / subject decided per file before ingest (tasks/drives_ingest_dryrun_review.md). Claim: CONFIRMED; shares its acquisition timestamp with 1 other file in this ingest (likely a ZEN scene split, stitched copy or extract).",1bd075d0e2bcd276be9da9ae324244b2b75ac6099885e16d73d250a1e35b6d57,CONFIRMED,CELL|2023-10-06T10:24:44.2740442Z,2
drive2_MFB-Disco-2/CELL OBSERVER 2/AINHIZE/1123/ID 135-153/PR errepikapena/ID61_1321_lung_PR.czi,AE-biomaGUNE-1321,,AINHIZE,1321,61,ID61_1321_lung_PR.czi,tissue,CELL_ID61_1321_lung_PR.czi,Historical drive ingest 2026 (drive2_MFB-Disco-2); project / researcher / operator / subject decided per file before ingest (tasks/drives_ingest_dryrun_review.md). Claim: CONFIRMED.,ad2abf63687464ddaf10d67029f01e5c8aab5c9e43af5cecadf6fb82dd51007c,CONFIRMED,,
drive2_MFB-Disco-2/CELL OBSERVER 2/AINHIZE/1123/ID 135-153/PR errepikapena/ID61_1321_lung_PR_pol.czi,AE-biomaGUNE-1321,,AINHIZE,1321,61,ID61_1321_lung_PR_pol.czi,tissue,CELL_ID61_1321_lung_PR_pol.czi,Historical drive ingest 2026 (drive2_MFB-Disco-2); project / researcher / operator / subject decided per file before ingest (tasks/drives_ingest_dryrun_review.md). Claim: CONFIRMED.,2d3182283041cd51a350158cbe2bdee31f6cacd5a063a55d6b31f9b8d08d44be,CONFIRMED,,
drive2_MFB-Disco-2/CELL OBSERVER 2/AINHIZE/1123/ID 135-153/PR errepikapena/ID62_1321_lung_PR.czi,AE-biomaGUNE-1321,,AINHIZE,1321,62,ID62_1321_lung_PR.czi,tissue,CELL_ID62_1321_lung_PR.czi,Historical drive ingest 2026 (drive2_MFB-Disco-2); project / researcher / operator / subject decided per file before ingest (tasks/drives_ingest_dryrun_review.md). Claim: CONFIRMED.,2a11b1d9e772a029fb273f869c30376cdaf2fb444d976608500b85cdee846c97,CONFIRMED,,
drive2_MFB-Disco-2/CELL OBSERVER 2/AINHIZE/1123/ID 135-153/PR errepikapena/ID62_1321_lung_PR_pol.czi,AE-biomaGUNE-1321,,AINHIZE,1321,62,ID62_1321_lung_PR_pol.czi,tissue,CELL_ID62_1321_lung_PR_pol.czi,Historical drive ingest 2026 (drive2_MFB-Disco-2); project / researcher / operator / subject decided per file before ingest (tasks/drives_ingest_dryrun_review.md). Claim: CONFIRMED.,016401b108ef4e331c62a5fc48c30f521f2910cd7bc51906711ee23831cc97ef,CONFIRMED,,
drive2_MFB-Disco-2/CELL OBSERVER 2/AINHIZE/1123/ID 135-153/PR errepikapena/ID70_1321_lung_PR.czi,AE-biomaGUNE-1321,,AINHIZE,1321,70,ID70_1321_lung_PR.czi,tissue,CELL_ID70_1321_lung_PR.czi,Historical drive ingest 2026 (drive2_MFB-Disco-2); project / researcher / operator / subject decided per file before ingest (tasks/drives_ingest_dryrun_review.md). Claim: CONFIRMED.,cb014f77692d09f976e5fb89fe5fc4c10812368a8c02c6f6c9e1d86b1b5fec96,CONFIRMED,,
drive2_MFB-Disco-2/CELL OBSERVER 2/AINHIZE/1123/ID 135-153/PR errepikapena/ID70_1321_lung_PR_pol.czi,AE-biomaGUNE-1321,,AINHIZE,1321,70,ID70_1321_lung_PR_pol.czi,tissue,CELL_ID70_1321_lung_PR_pol.czi,Historical drive ingest 2026 (drive2_MFB-Disco-2); project / researcher / operator / subject decided per file before ingest (tasks/drives_ingest_dryrun_review.md). Claim: CONFIRMED.,a3535d2b254fab3c94921e3be98f3a06480148c319110c0cee285d0e072c2bef,CONFIRMED,,
drive2_MFB-Disco-2/CELL OBSERVER 2/AINHIZE/1123/ID 135-153/alphaSMA/ID61_1321_lung_alphasma.czi,AE-biomaGUNE-1321,,AINHIZE,1321,61,ID61_1321_lung_alphasma.czi,tissue,CELL_ID61_1321_lung_alphasma.czi,Historical drive ingest 2026 (drive2_MFB-Disco-2); project / researcher / operator / subject decided per file before ingest (tasks/drives_ingest_dryrun_review.md). Claim: CONFIRMED.,21f47242cc505e10e63c2d6a526370f4de97c3add16eb48352f3d8b9fd54697f,CONFIRMED,,
drive2_MFB-Disco-2/CELL OBSERVER 2/AINHIZE/1123/ID 135-153/alphaSMA/ID62_1321_lung_alphasma.czi,AE-biomaGUNE-1321,,AINHIZE,1321,62,ID62_1321_lung_alphasma.czi,tissue,CELL_ID62_1321_lung_alphasma.czi,Historical drive ingest 2026 (drive2_MFB-Disco-2); project / researcher / operator / subject decided per file before ingest (tasks/drives_ingest_dryrun_review.md). Claim: CONFIRMED.,40e1b4aed04536c77e5b7ab98fc27ed23d1eeabd08c65845adc68799e96f10c9,CONFIRMED,,
drive2_MFB-Disco-2/CELL OBSERVER 2/AINHIZE/1123/ID 135-153/alphaSMA/ID70_1321_lung_alphasma.czi,AE-biomaGUNE-1321,,AINHIZE,1321,70,ID70_1321_lung_alphasma.czi,tissue,CELL_ID70_1321_lung_alphasma.czi,Historical drive ingest 2026 (drive2_MFB-Disco-2); project / researcher / operator / subject decided per file before ingest (tasks/drives_ingest_dryrun_review.md). Claim: CONFIRMED.,fadcfbcbf95fc7c02976365cfa5747af857708636bce1d0275c6a5d456c973fb,CONFIRMED,,
