original_name,drv_project,drv_researcher,drv_operator,drv_subject_alias,drv_subject_animal,drv_sample_id,drv_sample_type,drv_link_name,drv_notes,drv_sha256,drv_claim,drv_acq_group,drv_acq_group_n
drive2_MFB-Disco-2/2025-10-02 - Toshiba EXT (Backup)/Proyectos_Laboratorio_Laura/Ferritas/Charité/Fibronectin/48h-10ug-FeMn (10).czi,,Laura,,,,48h-10ug-FeMn (10).czi,,XMIC_48h-10ug-FeMn (10).czi,Historical drive ingest 2026 (drive2_MFB-Disco-2); project / researcher / operator / subject decided per file before ingest (tasks/drives_ingest_dryrun_review.md). Claim: NO-CLAIM.,459deeee0da33c27ca1940c9829cc18b630bd9db5d79ba9f6b85e8bfa81c42ca,NO-CLAIM,,
drive2_MFB-Disco-2/2025-10-02 - Toshiba EXT (Backup)/Proyectos_Laboratorio_Laura/Ferritas/Charité/Fibronectin/48h-10ug-FeMn (2).czi,,Laura,,,,48h-10ug-FeMn (2).czi,,XMIC_48h-10ug-FeMn (2).czi,Historical drive ingest 2026 (drive2_MFB-Disco-2); project / researcher / operator / subject decided per file before ingest (tasks/drives_ingest_dryrun_review.md). Claim: NO-CLAIM.,ba6991314969ffeb0d9f159f9ed90c2b1c1f0ddacb6fa42353a8b28990a7267b,NO-CLAIM,,
drive2_MFB-Disco-2/2025-10-02 - Toshiba EXT (Backup)/Proyectos_Laboratorio_Laura/Ferritas/Charité/Fibronectin/48h-10ug-FeMn (3).czi,,Laura,,,,48h-10ug-FeMn (3).czi,,XMIC_48h-10ug-FeMn (3).czi,Historical drive ingest 2026 (drive2_MFB-Disco-2); project / researcher / operator / subject decided per file before ingest (tasks/drives_ingest_dryrun_review.md). Claim: NO-CLAIM.,c4f1d0f56c8dd056cc181530551f93945ce28bc74f2dfc62f2d0e59b88cdf0f0,NO-CLAIM,,
drive2_MFB-Disco-2/2025-10-02 - Toshiba EXT (Backup)/Proyectos_Laboratorio_Laura/Ferritas/Charité/Fibronectin/48h-10ug-FeMn (4).czi,,Laura,,,,48h-10ug-FeMn (4).czi,,XMIC_48h-10ug-FeMn (4).czi,Historical drive ingest 2026 (drive2_MFB-Disco-2); project / researcher / operator / subject decided per file before ingest (tasks/drives_ingest_dryrun_review.md). Claim: NO-CLAIM.,ecf96c87eed23272c07ce9704c83aba126cd65080a70596a95b0dcf351f39dd0,NO-CLAIM,,
drive2_MFB-Disco-2/2025-10-02 - Toshiba EXT (Backup)/Proyectos_Laboratorio_Laura/Ferritas/Charité/Fibronectin/48h-10ug-FeMn (5).czi,,Laura,,,,48h-10ug-FeMn (5).czi,,XMIC_48h-10ug-FeMn (5).czi,Historical drive ingest 2026 (drive2_MFB-Disco-2); project / researcher / operator / subject decided per file before ingest (tasks/drives_ingest_dryrun_review.md). Claim: NO-CLAIM.,a69f9c4026ebdda81c22da3da7e9ef1cc58d80fae4780acc9f32933954e7302a,NO-CLAIM,,
drive2_MFB-Disco-2/2025-10-02 - Toshiba EXT (Backup)/Proyectos_Laboratorio_Laura/Ferritas/Charité/Fibronectin/48h-10ug-FeMn (6).czi,,Laura,,,,48h-10ug-FeMn (6).czi,,XMIC_48h-10ug-FeMn (6).czi,Historical drive ingest 2026 (drive2_MFB-Disco-2); project / researcher / operator / subject decided per file before ingest (tasks/drives_ingest_dryrun_review.md). Claim: NO-CLAIM.,79cfbd4fe1ab068c2e170ead908f798db5ed10cbae7c251b9e4c30b0e0038936,NO-CLAIM,,
drive2_MFB-Disco-2/2025-10-02 - Toshiba EXT (Backup)/Proyectos_Laboratorio_Laura/Ferritas/Charité/Fibronectin/48h-10ug-FeMn (7).czi,,Laura,,,,48h-10ug-FeMn (7).czi,,XMIC_48h-10ug-FeMn (7).czi,Historical drive ingest 2026 (drive2_MFB-Disco-2); project / researcher / operator / subject decided per file before ingest (tasks/drives_ingest_dryrun_review.md). Claim: NO-CLAIM.,a16883fe3de5226192148e11266350b0a4973e5ea0bb2cf081b4ae717d52dcdc,NO-CLAIM,,
drive2_MFB-Disco-2/2025-10-02 - Toshiba EXT (Backup)/Proyectos_Laboratorio_Laura/Ferritas/Charité/Fibronectin/48h-10ug-FeMn (8).czi,,Laura,,,,48h-10ug-FeMn (8).czi,,XMIC_48h-10ug-FeMn (8).czi,Historical drive ingest 2026 (drive2_MFB-Disco-2); project / researcher / operator / subject decided per file before ingest (tasks/drives_ingest_dryrun_review.md). Claim: NO-CLAIM.,e01dc391e1c2a8c10e52bdf20c1c8c0a45c3fce96ea7d4e5187a06cac308710b,NO-CLAIM,,
drive2_MFB-Disco-2/2025-10-02 - Toshiba EXT (Backup)/Proyectos_Laboratorio_Laura/Ferritas/Charité/Fibronectin/48h-10ug-FeMn (9).czi,,Laura,,,,48h-10ug-FeMn (9).czi,,XMIC_48h-10ug-FeMn (9).czi,Historical drive ingest 2026 (drive2_MFB-Disco-2); project / researcher / operator / subject decided per file before ingest (tasks/drives_ingest_dryrun_review.md). Claim: NO-CLAIM.,91d1a9f6fb12f9abfe368f1e5da0ba0caa83b5e16a9434fb56db6d65d2f47358,NO-CLAIM,,
drive2_MFB-Disco-2/2025-10-02 - Toshiba EXT (Backup)/Proyectos_Laboratorio_Laura/Ferritas/Charité/Fibronectin/48h-10ug-FeMn.czi,,Laura,,,,48h-10ug-FeMn.czi,,XMIC_48h-10ug-FeMn.czi,Historical drive ingest 2026 (drive2_MFB-Disco-2); project / researcher / operator / subject decided per file before ingest (tasks/drives_ingest_dryrun_review.md). Claim: NO-CLAIM.,c25c00621c59411a51efb701a3191749e7d5b4877552132459acc9f5abbc3297,NO-CLAIM,,
drive2_MFB-Disco-2/2025-10-02 - Toshiba EXT (Backup)/Proyectos_Laboratorio_Laura/Ferritas/Charité/Fibronectin/48h-TGF-B (10).czi,,Laura,,,,48h-TGF-B (10).czi,,XMIC_48h-TGF-B (10).czi,Historical drive ingest 2026 (drive2_MFB-Disco-2); project / researcher / operator / subject decided per file before ingest (tasks/drives_ingest_dryrun_review.md). Claim: NO-CLAIM.,ac654bb036a0711215555b5965984cab1463fa11387dc14e5fdfb3809a576b46,NO-CLAIM,,
drive2_MFB-Disco-2/2025-10-02 - Toshiba EXT (Backup)/Proyectos_Laboratorio_Laura/Ferritas/Charité/Fibronectin/48h-TGF-B (11).czi,,Laura,,,,48h-TGF-B (11).czi,,XMIC_48h-TGF-B (11).czi,Historical drive ingest 2026 (drive2_MFB-Disco-2); project / researcher / operator / subject decided per file before ingest (tasks/drives_ingest_dryrun_review.md). Claim: NO-CLAIM.,b77071549df1bed40475b346868e8cb37e9b03b60fd3632bcf0cc1ff5fbfda22,NO-CLAIM,,
drive2_MFB-Disco-2/2025-10-02 - Toshiba EXT (Backup)/Proyectos_Laboratorio_Laura/Ferritas/Charité/Fibronectin/48h-TGF-B (12).czi,,Laura,,,,48h-TGF-B (12).czi,,XMIC_48h-TGF-B (12).czi,Historical drive ingest 2026 (drive2_MFB-Disco-2); project / researcher / operator / subject decided per file before ingest (tasks/drives_ingest_dryrun_review.md). Claim: NO-CLAIM.,ac79cf3d49c21b02104effcf07669d6a7623024b82dfeae83bbd8d071d4884b3,NO-CLAIM,,
drive2_MFB-Disco-2/2025-10-02 - Toshiba EXT (Backup)/Proyectos_Laboratorio_Laura/Ferritas/Charité/Fibronectin/48h-TGF-B (2).czi,,Laura,,,,48h-TGF-B (2).czi,,XMIC_48h-TGF-B (2).czi,Historical drive ingest 2026 (drive2_MFB-Disco-2); project / researcher / operator / subject decided per file before ingest (tasks/drives_ingest_dryrun_review.md). Claim: NO-CLAIM.,9c51140e474eca422f3c8f42daeaa5001b7a9e3f3f2731e7dfae8d77c759e0ef,NO-CLAIM,,
drive2_MFB-Disco-2/2025-10-02 - Toshiba EXT (Backup)/Proyectos_Laboratorio_Laura/Ferritas/Charité/Fibronectin/48h-TGF-B (3).czi,,Laura,,,,48h-TGF-B (3).czi,,XMIC_48h-TGF-B (3).czi,Historical drive ingest 2026 (drive2_MFB-Disco-2); project / researcher / operator / subject decided per file before ingest (tasks/drives_ingest_dryrun_review.md). Claim: NO-CLAIM.,d4b7e65ca8e5414a7eafe194f747cc02888e868a10b0be9bea624397b78b7bd0,NO-CLAIM,,
drive2_MFB-Disco-2/2025-10-02 - Toshiba EXT (Backup)/Proyectos_Laboratorio_Laura/Ferritas/Charité/Fibronectin/48h-TGF-B (4).czi,,Laura,,,,48h-TGF-B (4).czi,,XMIC_48h-TGF-B (4).czi,Historical drive ingest 2026 (drive2_MFB-Disco-2); project / researcher / operator / subject decided per file before ingest (tasks/drives_ingest_dryrun_review.md). Claim: NO-CLAIM.,b387602720d8a053fa1686fa07c7d3ba3b56b922474c91272e6082944ef3153a,NO-CLAIM,,
drive2_MFB-Disco-2/2025-10-02 - Toshiba EXT (Backup)/Proyectos_Laboratorio_Laura/Ferritas/Charité/Fibronectin/48h-TGF-B (5).czi,,Laura,,,,48h-TGF-B (5).czi,,XMIC_48h-TGF-B (5).czi,Historical drive ingest 2026 (drive2_MFB-Disco-2); project / researcher / operator / subject decided per file before ingest (tasks/drives_ingest_dryrun_review.md). Claim: NO-CLAIM.,d3fd56de1c7a1a77160fbddad9e40b3efbe9e48bf13531dcbbac65f7f8c2926c,NO-CLAIM,,
drive2_MFB-Disco-2/2025-10-02 - Toshiba EXT (Backup)/Proyectos_Laboratorio_Laura/Ferritas/Charité/Fibronectin/48h-TGF-B (6).czi,,Laura,,,,48h-TGF-B (6).czi,,XMIC_48h-TGF-B (6).czi,Historical drive ingest 2026 (drive2_MFB-Disco-2); project / researcher / operator / subject decided per file before ingest (tasks/drives_ingest_dryrun_review.md). Claim: NO-CLAIM.,189900fcc2b00fbdbd5c4c975fb9d33959a7b7d4b4f5c310ee5ca81f97474ec8,NO-CLAIM,,
drive2_MFB-Disco-2/2025-10-02 - Toshiba EXT (Backup)/Proyectos_Laboratorio_Laura/Ferritas/Charité/Fibronectin/48h-TGF-B (7).czi,,Laura,,,,48h-TGF-B (7).czi,,XMIC_48h-TGF-B (7).czi,Historical drive ingest 2026 (drive2_MFB-Disco-2); project / researcher / operator / subject decided per file before ingest (tasks/drives_ingest_dryrun_review.md). Claim: NO-CLAIM.,3807203e9d6839185779f41d04b10426b51cc5a565cb93dbcebd09ab43c67b37,NO-CLAIM,,
drive2_MFB-Disco-2/2025-10-02 - Toshiba EXT (Backup)/Proyectos_Laboratorio_Laura/Ferritas/Charité/Fibronectin/48h-TGF-B (8).czi,,Laura,,,,48h-TGF-B (8).czi,,XMIC_48h-TGF-B (8).czi,Historical drive ingest 2026 (drive2_MFB-Disco-2); project / researcher / operator / subject decided per file before ingest (tasks/drives_ingest_dryrun_review.md). Claim: NO-CLAIM.,0f1bc09fe63938c194e4a54f959a8e8041b378d26327ba18308952e3412fa279,NO-CLAIM,,
drive2_MFB-Disco-2/2025-10-02 - Toshiba EXT (Backup)/Proyectos_Laboratorio_Laura/Ferritas/Charité/Fibronectin/48h-TGF-B (9).czi,,Laura,,,,48h-TGF-B (9).czi,,XMIC_48h-TGF-B (9).czi,Historical drive ingest 2026 (drive2_MFB-Disco-2); project / researcher / operator / subject decided per file before ingest (tasks/drives_ingest_dryrun_review.md). Claim: NO-CLAIM.,6f272838133c330f5b3e3f02fd4016b6bb43a950fc08bec113f67474bd89a945,NO-CLAIM,,
drive2_MFB-Disco-2/2025-10-02 - Toshiba EXT (Backup)/Proyectos_Laboratorio_Laura/Ferritas/Charité/Fibronectin/48h-TGF-B.czi,,Laura,,,,48h-TGF-B.czi,,XMIC_48h-TGF-B.czi,Historical drive ingest 2026 (drive2_MFB-Disco-2); project / researcher / operator / subject decided per file before ingest (tasks/drives_ingest_dryrun_review.md). Claim: NO-CLAIM.,a2a32d25138c4c977681ad4d7d07ba3d1549433da1224bebbb997608ac462407,NO-CLAIM,,
drive2_MFB-Disco-2/2025-10-02 - Toshiba EXT (Backup)/Proyectos_Laboratorio_Laura/Ferritas/Charité/Fibronectin/Control (10).czi,,Laura,,,,Control (10).czi,,XMIC_Control (10).czi,Historical drive ingest 2026 (drive2_MFB-Disco-2); project / researcher / operator / subject decided per file before ingest (tasks/drives_ingest_dryrun_review.md). Claim: NO-CLAIM.,cc3f38ae4776d4d40fe76401773970f9ed309f2c5d8b7d355155def5c7f91bb0,NO-CLAIM,,
drive2_MFB-Disco-2/2025-10-02 - Toshiba EXT (Backup)/Proyectos_Laboratorio_Laura/Ferritas/Charité/Fibronectin/Control (2).czi,,Laura,,,,Control (2).czi,,XMIC_Control (2).czi,Historical drive ingest 2026 (drive2_MFB-Disco-2); project / researcher / operator / subject decided per file before ingest (tasks/drives_ingest_dryrun_review.md). Claim: NO-CLAIM.,9211ed4d32cf8195ba6e098586303c044b203328bb9376babef88f41a19c0987,NO-CLAIM,,
drive2_MFB-Disco-2/2025-10-02 - Toshiba EXT (Backup)/Proyectos_Laboratorio_Laura/Ferritas/Charité/Fibronectin/Control (3).czi,,Laura,,,,Control (3).czi,,XMIC_Control (3).czi,Historical drive ingest 2026 (drive2_MFB-Disco-2); project / researcher / operator / subject decided per file before ingest (tasks/drives_ingest_dryrun_review.md). Claim: NO-CLAIM.,30ad23edd99e43489c9dc314ddbb854992f84d6d091e763d889d505b390334c0,NO-CLAIM,,
drive2_MFB-Disco-2/2025-10-02 - Toshiba EXT (Backup)/Proyectos_Laboratorio_Laura/Ferritas/Charité/Fibronectin/Control (4).czi,,Laura,,,,Control (4).czi,,XMIC_Control (4).czi,Historical drive ingest 2026 (drive2_MFB-Disco-2); project / researcher / operator / subject decided per file before ingest (tasks/drives_ingest_dryrun_review.md). Claim: NO-CLAIM.,d841d416b66b8b90ca47a743157192adc9fae83279d519f568d8859daf21ed3d,NO-CLAIM,,
drive2_MFB-Disco-2/2025-10-02 - Toshiba EXT (Backup)/Proyectos_Laboratorio_Laura/Ferritas/Charité/Fibronectin/Control (5).czi,,Laura,,,,Control (5).czi,,XMIC_Control (5).czi,Historical drive ingest 2026 (drive2_MFB-Disco-2); project / researcher / operator / subject decided per file before ingest (tasks/drives_ingest_dryrun_review.md). Claim: NO-CLAIM.,608d9c776f149f67aafe24d1abf12de0e6ec69bd244ce2e21fee4f0d3741d507,NO-CLAIM,,
drive2_MFB-Disco-2/2025-10-02 - Toshiba EXT (Backup)/Proyectos_Laboratorio_Laura/Ferritas/Charité/Fibronectin/Control (6).czi,,Laura,,,,Control (6).czi,,XMIC_Control (6).czi,Historical drive ingest 2026 (drive2_MFB-Disco-2); project / researcher / operator / subject decided per file before ingest (tasks/drives_ingest_dryrun_review.md). Claim: NO-CLAIM.,6eb51ea0013452b084a01d2320387de57e610bcb2a51de7c1b0bf4446d90a830,NO-CLAIM,,
drive2_MFB-Disco-2/2025-10-02 - Toshiba EXT (Backup)/Proyectos_Laboratorio_Laura/Ferritas/Charité/Fibronectin/Control (7).czi,,Laura,,,,Control (7).czi,,XMIC_Control (7).czi,Historical drive ingest 2026 (drive2_MFB-Disco-2); project / researcher / operator / subject decided per file before ingest (tasks/drives_ingest_dryrun_review.md). Claim: NO-CLAIM.,5b6c454ca7514dac6e3cb733bedb4d4a9ae0286745d4e72ede0cd3e66fe0ce7d,NO-CLAIM,,
drive2_MFB-Disco-2/2025-10-02 - Toshiba EXT (Backup)/Proyectos_Laboratorio_Laura/Ferritas/Charité/Fibronectin/Control (8).czi,,Laura,,,,Control (8).czi,,XMIC_Control (8).czi,Historical drive ingest 2026 (drive2_MFB-Disco-2); project / researcher / operator / subject decided per file before ingest (tasks/drives_ingest_dryrun_review.md). Claim: NO-CLAIM.,6fae4f84c679a4e762095a45957e9f3231f8ea73c3eefa1c84bea562c822b79b,NO-CLAIM,,
drive2_MFB-Disco-2/2025-10-02 - Toshiba EXT (Backup)/Proyectos_Laboratorio_Laura/Ferritas/Charité/Fibronectin/Control (9).czi,,Laura,,,,Control (9).czi,,XMIC_Control (9).czi,Historical drive ingest 2026 (drive2_MFB-Disco-2); project / researcher / operator / subject decided per file before ingest (tasks/drives_ingest_dryrun_review.md). Claim: NO-CLAIM.,a01f5b40ab69f1276787fb4bf02f2609645cb10be4d167a1cbd0758a32749a1e,NO-CLAIM,,
drive2_MFB-Disco-2/2025-10-02 - Toshiba EXT (Backup)/Proyectos_Laboratorio_Laura/Ferritas/Charité/Fibronectin/Control-Negativo (2).czi,,Laura,,,,Control-Negativo (2).czi,,XMIC_Control-Negativo (2).czi,Historical drive ingest 2026 (drive2_MFB-Disco-2); project / researcher / operator / subject decided per file before ingest (tasks/drives_ingest_dryrun_review.md). Claim: NO-CLAIM.,a23aaf2861c085f0ecf45c828c5f278b9df3df36d48f013718385057779023b9,NO-CLAIM,,
drive2_MFB-Disco-2/2025-10-02 - Toshiba EXT (Backup)/Proyectos_Laboratorio_Laura/Ferritas/Charité/Fibronectin/Control-Negativo (3).czi,,Laura,,,,Control-Negativo (3).czi,,XMIC_Control-Negativo (3).czi,Historical drive ingest 2026 (drive2_MFB-Disco-2); project / researcher / operator / subject decided per file before ingest (tasks/drives_ingest_dryrun_review.md). Claim: NO-CLAIM.,6288ea77bd75c73715e822c1b8d5f4a5b9c4a120487a97c5e73db34ceeef8868,NO-CLAIM,,
drive2_MFB-Disco-2/2025-10-02 - Toshiba EXT (Backup)/Proyectos_Laboratorio_Laura/Ferritas/Charité/Fibronectin/Control-Negativo (4).czi,,Laura,,,,Control-Negativo (4).czi,,XMIC_Control-Negativo (4).czi,Historical drive ingest 2026 (drive2_MFB-Disco-2); project / researcher / operator / subject decided per file before ingest (tasks/drives_ingest_dryrun_review.md). Claim: NO-CLAIM.,c0229d2e38a01a4d4e08f13a431d61e39e76267f3b66399e85cdb3ff3c472151,NO-CLAIM,,
drive2_MFB-Disco-2/2025-10-02 - Toshiba EXT (Backup)/Proyectos_Laboratorio_Laura/Ferritas/Charité/Fibronectin/Control-Negativo (5).czi,,Laura,,,,Control-Negativo (5).czi,,XMIC_Control-Negativo (5).czi,Historical drive ingest 2026 (drive2_MFB-Disco-2); project / researcher / operator / subject decided per file before ingest (tasks/drives_ingest_dryrun_review.md). Claim: NO-CLAIM.,ad5ecc1f88329ff286a687087222d7e5bacff37d2c5eeb1d93200e54fbd05c7d,NO-CLAIM,,
drive2_MFB-Disco-2/2025-10-02 - Toshiba EXT (Backup)/Proyectos_Laboratorio_Laura/Ferritas/Charité/Fibronectin/Control-Negativo.czi,,Laura,,,,Control-Negativo.czi,,XMIC_Control-Negativo.czi,Historical drive ingest 2026 (drive2_MFB-Disco-2); project / researcher / operator / subject decided per file before ingest (tasks/drives_ingest_dryrun_review.md). Claim: NO-CLAIM.,2ed506f9c4d02fbd1ca9e7276e84ae79d2dfd18a37bb4ac98ac656fc542ee3b7,NO-CLAIM,,
drive2_MFB-Disco-2/2025-10-02 - Toshiba EXT (Backup)/Proyectos_Laboratorio_Laura/Ferritas/Charité/Fibronectin/Control.czi,,Laura,,,,Control.czi,,XMIC_Control.czi,Historical drive ingest 2026 (drive2_MFB-Disco-2); project / researcher / operator / subject decided per file before ingest (tasks/drives_ingest_dryrun_review.md). Claim: NO-CLAIM.,1d9100482f049582b2477455710d6211f914258a4d076a8740756d91c8ad75ef,NO-CLAIM,,
drive2_MFB-Disco-2/2025-10-02 - Toshiba EXT (Backup)/Proyectos_Laboratorio_Laura/Ferritas/Charité/Fibronectin/FeMn-TGF-B-SameTime (10).czi,,Laura,,,,FeMn-TGF-B-SameTime (10).czi,,XMIC_FeMn-TGF-B-SameTime (10).czi,Historical drive ingest 2026 (drive2_MFB-Disco-2); project / researcher / operator / subject decided per file before ingest (tasks/drives_ingest_dryrun_review.md). Claim: NO-CLAIM.,8d89650706443a3464e5d8b4a28b79b282974eed6f351db58b751c018750ed25,NO-CLAIM,,
drive2_MFB-Disco-2/2025-10-02 - Toshiba EXT (Backup)/Proyectos_Laboratorio_Laura/Ferritas/Charité/Fibronectin/FeMn-TGF-B-SameTime (2).czi,,Laura,,,,FeMn-TGF-B-SameTime (2).czi,,XMIC_FeMn-TGF-B-SameTime (2).czi,Historical drive ingest 2026 (drive2_MFB-Disco-2); project / researcher / operator / subject decided per file before ingest (tasks/drives_ingest_dryrun_review.md). Claim: NO-CLAIM.,bab2ac21a51bd70eb3de8b51cb8e4fc8c4fbb50ef66a89153c5fe22355297610,NO-CLAIM,,
drive2_MFB-Disco-2/2025-10-02 - Toshiba EXT (Backup)/Proyectos_Laboratorio_Laura/Ferritas/Charité/Fibronectin/FeMn-TGF-B-SameTime (3).czi,,Laura,,,,FeMn-TGF-B-SameTime (3).czi,,XMIC_FeMn-TGF-B-SameTime (3).czi,Historical drive ingest 2026 (drive2_MFB-Disco-2); project / researcher / operator / subject decided per file before ingest (tasks/drives_ingest_dryrun_review.md). Claim: NO-CLAIM.,aff77c02b2252c9c38140d08d563e0ecefc72e0c585637ed4080cbc4696b5f2f,NO-CLAIM,,
drive2_MFB-Disco-2/2025-10-02 - Toshiba EXT (Backup)/Proyectos_Laboratorio_Laura/Ferritas/Charité/Fibronectin/FeMn-TGF-B-SameTime (4).czi,,Laura,,,,FeMn-TGF-B-SameTime (4).czi,,XMIC_FeMn-TGF-B-SameTime (4).czi,Historical drive ingest 2026 (drive2_MFB-Disco-2); project / researcher / operator / subject decided per file before ingest (tasks/drives_ingest_dryrun_review.md). Claim: NO-CLAIM.,c22b4c8ea7c5c774e70b79a55daa7adfb9856c9addcf2c28e9ab8b3f8d2ed5b4,NO-CLAIM,,
drive2_MFB-Disco-2/2025-10-02 - Toshiba EXT (Backup)/Proyectos_Laboratorio_Laura/Ferritas/Charité/Fibronectin/FeMn-TGF-B-SameTime (5).czi,,Laura,,,,FeMn-TGF-B-SameTime (5).czi,,XMIC_FeMn-TGF-B-SameTime (5).czi,Historical drive ingest 2026 (drive2_MFB-Disco-2); project / researcher / operator / subject decided per file before ingest (tasks/drives_ingest_dryrun_review.md). Claim: NO-CLAIM.,e2ba947c44d1853576b8f42191f720c3859e81ae36c55b619d5d5450d909114d,NO-CLAIM,,
drive2_MFB-Disco-2/2025-10-02 - Toshiba EXT (Backup)/Proyectos_Laboratorio_Laura/Ferritas/Charité/Fibronectin/FeMn-TGF-B-SameTime (6).czi,,Laura,,,,FeMn-TGF-B-SameTime (6).czi,,XMIC_FeMn-TGF-B-SameTime (6).czi,Historical drive ingest 2026 (drive2_MFB-Disco-2); project / researcher / operator / subject decided per file before ingest (tasks/drives_ingest_dryrun_review.md). Claim: NO-CLAIM.,91990f4b34505d4902cec1a23476793fae6129ea21128ecbf1459362ed5c3353,NO-CLAIM,,
drive2_MFB-Disco-2/2025-10-02 - Toshiba EXT (Backup)/Proyectos_Laboratorio_Laura/Ferritas/Charité/Fibronectin/FeMn-TGF-B-SameTime (7).czi,,Laura,,,,FeMn-TGF-B-SameTime (7).czi,,XMIC_FeMn-TGF-B-SameTime (7).czi,Historical drive ingest 2026 (drive2_MFB-Disco-2); project / researcher / operator / subject decided per file before ingest (tasks/drives_ingest_dryrun_review.md). Claim: NO-CLAIM.,8ec39bc26fde1b607e5b63446fdff110bc9a8577e4a9724009deaaa494742725,NO-CLAIM,,
drive2_MFB-Disco-2/2025-10-02 - Toshiba EXT (Backup)/Proyectos_Laboratorio_Laura/Ferritas/Charité/Fibronectin/FeMn-TGF-B-SameTime (8).czi,,Laura,,,,FeMn-TGF-B-SameTime (8).czi,,XMIC_FeMn-TGF-B-SameTime (8).czi,Historical drive ingest 2026 (drive2_MFB-Disco-2); project / researcher / operator / subject decided per file before ingest (tasks/drives_ingest_dryrun_review.md). Claim: NO-CLAIM.,4eb781455813aaeea96546ea82e30fd362eff4e5186de5b34b4a500c76e75b68,NO-CLAIM,,
drive2_MFB-Disco-2/2025-10-02 - Toshiba EXT (Backup)/Proyectos_Laboratorio_Laura/Ferritas/Charité/Fibronectin/FeMn-TGF-B-SameTime (9).czi,,Laura,,,,FeMn-TGF-B-SameTime (9).czi,,XMIC_FeMn-TGF-B-SameTime (9).czi,Historical drive ingest 2026 (drive2_MFB-Disco-2); project / researcher / operator / subject decided per file before ingest (tasks/drives_ingest_dryrun_review.md). Claim: NO-CLAIM.,d1d002e4beff49576eaa264cead111addfc1928d3e058cb228725ccd9347ef83,NO-CLAIM,,
drive2_MFB-Disco-2/2025-10-02 - Toshiba EXT (Backup)/Proyectos_Laboratorio_Laura/Ferritas/Charité/Fibronectin/FeMn-TGF-B-SameTime.czi,,Laura,,,,FeMn-TGF-B-SameTime.czi,,XMIC_FeMn-TGF-B-SameTime.czi,Historical drive ingest 2026 (drive2_MFB-Disco-2); project / researcher / operator / subject decided per file before ingest (tasks/drives_ingest_dryrun_review.md). Claim: NO-CLAIM.,b3c5ddaf032091162d00ab9ac42e594ce86d1f02b16d7c30155a2e66cb684229,NO-CLAIM,,
drive2_MFB-Disco-2/2025-10-02 - Toshiba EXT (Backup)/Proyectos_Laboratorio_Laura/Ferritas/Charité/Fibronectin/Snap-10973.czi,,Laura,,,,Snap-10973.czi,,XMIC_Snap-10973.czi,Historical drive ingest 2026 (drive2_MFB-Disco-2); project / researcher / operator / subject decided per file before ingest (tasks/drives_ingest_dryrun_review.md). Claim: NO-CLAIM.,00fd907be1ac2c2968303d95cdfcd67c341c2c27d3040b86e28763c4b5e1d13d,NO-CLAIM,,
drive2_MFB-Disco-2/2025-10-02 - Toshiba EXT (Backup)/Proyectos_Laboratorio_Laura/Ferritas/Charité/Fluorescence/4.10.24-test-1-FeMn/THP-1/THP-1-24h-FeMn (10).czi,,Laura,,,,THP-1-24h-FeMn (10).czi,,XMIC_THP-1-24h-FeMn (10).czi,Historical drive ingest 2026 (drive2_MFB-Disco-2); project / researcher / operator / subject decided per file before ingest (tasks/drives_ingest_dryrun_review.md). Claim: NO-CLAIM.,6e4e8acd730ba24034798ce6dce5b31b6a378f76b9ea3b58855e0233f8e9a425,NO-CLAIM,,
drive2_MFB-Disco-2/2025-10-02 - Toshiba EXT (Backup)/Proyectos_Laboratorio_Laura/Ferritas/Charité/Fluorescence/4.10.24-test-1-FeMn/THP-1/THP-1-24h-FeMn (11).czi,,Laura,,,,THP-1-24h-FeMn (11).czi,,XMIC_THP-1-24h-FeMn (11).czi,Historical drive ingest 2026 (drive2_MFB-Disco-2); project / researcher / operator / subject decided per file before ingest (tasks/drives_ingest_dryrun_review.md). Claim: NO-CLAIM.,40859efb7c1c41f8c900efde03d15e4006964752718589801ace69ce02f9d834,NO-CLAIM,,
drive2_MFB-Disco-2/2025-10-02 - Toshiba EXT (Backup)/Proyectos_Laboratorio_Laura/Ferritas/Charité/Fluorescence/4.10.24-test-1-FeMn/THP-1/THP-1-24h-FeMn (12).czi,,Laura,,,,THP-1-24h-FeMn (12).czi,,XMIC_THP-1-24h-FeMn (12).czi,Historical drive ingest 2026 (drive2_MFB-Disco-2); project / researcher / operator / subject decided per file before ingest (tasks/drives_ingest_dryrun_review.md). Claim: NO-CLAIM.,5eb5396c73603da43a496ee84fff1f359e4d65b48d773cd52c7739d9a8f76384,NO-CLAIM,,
drive2_MFB-Disco-2/2025-10-02 - Toshiba EXT (Backup)/Proyectos_Laboratorio_Laura/Ferritas/Charité/Fluorescence/4.10.24-test-1-FeMn/THP-1/THP-1-24h-FeMn (13).czi,,Laura,,,,THP-1-24h-FeMn (13).czi,,XMIC_THP-1-24h-FeMn (13).czi,Historical drive ingest 2026 (drive2_MFB-Disco-2); project / researcher / operator / subject decided per file before ingest (tasks/drives_ingest_dryrun_review.md). Claim: NO-CLAIM.,785449e8f0efa1b159bf4a0e45776941cf8e6472a02aea096662345f3f23bfde,NO-CLAIM,,
drive2_MFB-Disco-2/2025-10-02 - Toshiba EXT (Backup)/Proyectos_Laboratorio_Laura/Ferritas/Charité/Fluorescence/4.10.24-test-1-FeMn/THP-1/THP-1-24h-FeMn (14).czi,,Laura,,,,THP-1-24h-FeMn (14).czi,,XMIC_THP-1-24h-FeMn (14).czi,Historical drive ingest 2026 (drive2_MFB-Disco-2); project / researcher / operator / subject decided per file before ingest (tasks/drives_ingest_dryrun_review.md). Claim: NO-CLAIM.,39a2bf4e1078872507213e7e6ca9717723945f5d69091ecbd416a1e9b140cf6c,NO-CLAIM,,
drive2_MFB-Disco-2/2025-10-02 - Toshiba EXT (Backup)/Proyectos_Laboratorio_Laura/Ferritas/Charité/Fluorescence/4.10.24-test-1-FeMn/THP-1/THP-1-24h-FeMn (15).czi,,Laura,,,,THP-1-24h-FeMn (15).czi,,XMIC_THP-1-24h-FeMn (15).czi,Historical drive ingest 2026 (drive2_MFB-Disco-2); project / researcher / operator / subject decided per file before ingest (tasks/drives_ingest_dryrun_review.md). Claim: NO-CLAIM.,2e42ca1c83a8bab26e192572485af5d1aaf2bdd1bee483a70399c1c605493150,NO-CLAIM,,
drive2_MFB-Disco-2/2025-10-02 - Toshiba EXT (Backup)/Proyectos_Laboratorio_Laura/Ferritas/Charité/Fluorescence/4.10.24-test-1-FeMn/THP-1/THP-1-24h-FeMn (2).czi,,Laura,,,,THP-1-24h-FeMn (2).czi,,XMIC_THP-1-24h-FeMn (2).czi,Historical drive ingest 2026 (drive2_MFB-Disco-2); project / researcher / operator / subject decided per file before ingest (tasks/drives_ingest_dryrun_review.md). Claim: NO-CLAIM.,cb3dc899ddbc62047c66ad01c329c418c8c7086027e4f0a7503b014177fa013e,NO-CLAIM,,
drive2_MFB-Disco-2/2025-10-02 - Toshiba EXT (Backup)/Proyectos_Laboratorio_Laura/Ferritas/Charité/Fluorescence/4.10.24-test-1-FeMn/THP-1/THP-1-24h-FeMn (3).czi,,Laura,,,,THP-1-24h-FeMn (3).czi,,XMIC_THP-1-24h-FeMn (3).czi,Historical drive ingest 2026 (drive2_MFB-Disco-2); project / researcher / operator / subject decided per file before ingest (tasks/drives_ingest_dryrun_review.md). Claim: NO-CLAIM.,b3410dda3a05f2f93e0d39a3ebe3613da1aef06c08fe845c3891aad2c17a5ca6,NO-CLAIM,,
drive2_MFB-Disco-2/2025-10-02 - Toshiba EXT (Backup)/Proyectos_Laboratorio_Laura/Ferritas/Charité/Fluorescence/4.10.24-test-1-FeMn/THP-1/THP-1-24h-FeMn (4).czi,,Laura,,,,THP-1-24h-FeMn (4).czi,,XMIC_THP-1-24h-FeMn (4).czi,Historical drive ingest 2026 (drive2_MFB-Disco-2); project / researcher / operator / subject decided per file before ingest (tasks/drives_ingest_dryrun_review.md). Claim: NO-CLAIM.,4a8138c2ea2394bd4cd46af07dd0fe5258a72d91ed797cef855afb68dc585e17,NO-CLAIM,,
drive2_MFB-Disco-2/2025-10-02 - Toshiba EXT (Backup)/Proyectos_Laboratorio_Laura/Ferritas/Charité/Fluorescence/4.10.24-test-1-FeMn/THP-1/THP-1-24h-FeMn (5).czi,,Laura,,,,THP-1-24h-FeMn (5).czi,,XMIC_THP-1-24h-FeMn (5).czi,Historical drive ingest 2026 (drive2_MFB-Disco-2); project / researcher / operator / subject decided per file before ingest (tasks/drives_ingest_dryrun_review.md). Claim: NO-CLAIM.,d6f2da1cc2401056c70d5f72099cb6645e0be004128c4f325c36715076abff16,NO-CLAIM,,
drive2_MFB-Disco-2/2025-10-02 - Toshiba EXT (Backup)/Proyectos_Laboratorio_Laura/Ferritas/Charité/Fluorescence/4.10.24-test-1-FeMn/THP-1/THP-1-24h-FeMn (6).czi,,Laura,,,,THP-1-24h-FeMn (6).czi,,XMIC_THP-1-24h-FeMn (6).czi,Historical drive ingest 2026 (drive2_MFB-Disco-2); project / researcher / operator / subject decided per file before ingest (tasks/drives_ingest_dryrun_review.md). Claim: NO-CLAIM.,f3bd8eab230107f369668269a89205d9e885f4134c44d79c45fbaa95472a3563,NO-CLAIM,,
drive2_MFB-Disco-2/2025-10-02 - Toshiba EXT (Backup)/Proyectos_Laboratorio_Laura/Ferritas/Charité/Fluorescence/4.10.24-test-1-FeMn/THP-1/THP-1-24h-FeMn (7).czi,,Laura,,,,THP-1-24h-FeMn (7).czi,,XMIC_THP-1-24h-FeMn (7).czi,Historical drive ingest 2026 (drive2_MFB-Disco-2); project / researcher / operator / subject decided per file before ingest (tasks/drives_ingest_dryrun_review.md). Claim: NO-CLAIM.,b19944f862fc1f32f107fb297c014497d9ba24f0118e95801be42a6ae56f1a52,NO-CLAIM,,
drive2_MFB-Disco-2/2025-10-02 - Toshiba EXT (Backup)/Proyectos_Laboratorio_Laura/Ferritas/Charité/Fluorescence/4.10.24-test-1-FeMn/THP-1/THP-1-24h-FeMn (8).czi,,Laura,,,,THP-1-24h-FeMn (8).czi,,XMIC_THP-1-24h-FeMn (8).czi,Historical drive ingest 2026 (drive2_MFB-Disco-2); project / researcher / operator / subject decided per file before ingest (tasks/drives_ingest_dryrun_review.md). Claim: NO-CLAIM.,16fa3540db2835d1ecec49bef86c9e961a737fa5026bd4632fca47aaaac8c4da,NO-CLAIM,,
drive2_MFB-Disco-2/2025-10-02 - Toshiba EXT (Backup)/Proyectos_Laboratorio_Laura/Ferritas/Charité/Fluorescence/4.10.24-test-1-FeMn/THP-1/THP-1-24h-FeMn (9).czi,,Laura,,,,THP-1-24h-FeMn (9).czi,,XMIC_THP-1-24h-FeMn (9).czi,Historical drive ingest 2026 (drive2_MFB-Disco-2); project / researcher / operator / subject decided per file before ingest (tasks/drives_ingest_dryrun_review.md). Claim: NO-CLAIM.,83f7ba06b61f0372685be0390250085ca8a4aa623cf425139c4049a3eb580dbb,NO-CLAIM,,
drive2_MFB-Disco-2/2025-10-02 - Toshiba EXT (Backup)/Proyectos_Laboratorio_Laura/Ferritas/Charité/Fluorescence/4.10.24-test-1-FeMn/THP-1/THP-1-24h-FeMn.czi,,Laura,,,,THP-1-24h-FeMn.czi,,XMIC_THP-1-24h-FeMn.czi,Historical drive ingest 2026 (drive2_MFB-Disco-2); project / researcher / operator / subject decided per file before ingest (tasks/drives_ingest_dryrun_review.md). Claim: NO-CLAIM.,69d1e16521d738e19bee708e1186da4d29c42cec1fa9a6aa60b4c757e2f61a31,NO-CLAIM,,
drive2_MFB-Disco-2/2025-10-02 - Toshiba EXT (Backup)/Proyectos_Laboratorio_Laura/Ferritas/Charité/Fluorescence/4.10.24-test-1-FeMn/THP-1/THP-1-24h-TGF-B (10).czi,,Laura,,,,THP-1-24h-TGF-B (10).czi,,XMIC_THP-1-24h-TGF-B (10).czi,Historical drive ingest 2026 (drive2_MFB-Disco-2); project / researcher / operator / subject decided per file before ingest (tasks/drives_ingest_dryrun_review.md). Claim: NO-CLAIM.,b060269f614fa2d1b265e08f8fd214db18613d3948d91efd1b16391a9d6969c9,NO-CLAIM,,
drive2_MFB-Disco-2/2025-10-02 - Toshiba EXT (Backup)/Proyectos_Laboratorio_Laura/Ferritas/Charité/Fluorescence/4.10.24-test-1-FeMn/THP-1/THP-1-24h-TGF-B (11).czi,,Laura,,,,THP-1-24h-TGF-B (11).czi,,XMIC_THP-1-24h-TGF-B (11).czi,Historical drive ingest 2026 (drive2_MFB-Disco-2); project / researcher / operator / subject decided per file before ingest (tasks/drives_ingest_dryrun_review.md). Claim: NO-CLAIM.,5189c5864d35d9ad2d27936227aff3dff0087fbedc71fa75b129f43902ec3e23,NO-CLAIM,,
drive2_MFB-Disco-2/2025-10-02 - Toshiba EXT (Backup)/Proyectos_Laboratorio_Laura/Ferritas/Charité/Fluorescence/4.10.24-test-1-FeMn/THP-1/THP-1-24h-TGF-B (12).czi,,Laura,,,,THP-1-24h-TGF-B (12).czi,,XMIC_THP-1-24h-TGF-B (12).czi,Historical drive ingest 2026 (drive2_MFB-Disco-2); project / researcher / operator / subject decided per file before ingest (tasks/drives_ingest_dryrun_review.md). Claim: NO-CLAIM.,6fe8560b3174ab98c30ddc0f53e6a06263b00d2f59b98ceb9cbe606ed88d4238,NO-CLAIM,,
drive2_MFB-Disco-2/2025-10-02 - Toshiba EXT (Backup)/Proyectos_Laboratorio_Laura/Ferritas/Charité/Fluorescence/4.10.24-test-1-FeMn/THP-1/THP-1-24h-TGF-B (13).czi,,Laura,,,,THP-1-24h-TGF-B (13).czi,,XMIC_THP-1-24h-TGF-B (13).czi,Historical drive ingest 2026 (drive2_MFB-Disco-2); project / researcher / operator / subject decided per file before ingest (tasks/drives_ingest_dryrun_review.md). Claim: NO-CLAIM.,4da6f8caa1a77e92ade8029276a3b9cbedc441d0f2327c59fe2b091d3a31f74f,NO-CLAIM,,
drive2_MFB-Disco-2/2025-10-02 - Toshiba EXT (Backup)/Proyectos_Laboratorio_Laura/Ferritas/Charité/Fluorescence/4.10.24-test-1-FeMn/THP-1/THP-1-24h-TGF-B (14).czi,,Laura,,,,THP-1-24h-TGF-B (14).czi,,XMIC_THP-1-24h-TGF-B (14).czi,Historical drive ingest 2026 (drive2_MFB-Disco-2); project / researcher / operator / subject decided per file before ingest (tasks/drives_ingest_dryrun_review.md). Claim: NO-CLAIM.,615b9119db8af8f1f8b96a799b7fcce0a3a83777287798f629c07a459bdbf9f0,NO-CLAIM,,
drive2_MFB-Disco-2/2025-10-02 - Toshiba EXT (Backup)/Proyectos_Laboratorio_Laura/Ferritas/Charité/Fluorescence/4.10.24-test-1-FeMn/THP-1/THP-1-24h-TGF-B (15).czi,,Laura,,,,THP-1-24h-TGF-B (15).czi,,XMIC_THP-1-24h-TGF-B (15).czi,Historical drive ingest 2026 (drive2_MFB-Disco-2); project / researcher / operator / subject decided per file before ingest (tasks/drives_ingest_dryrun_review.md). Claim: NO-CLAIM.,aa5cb22e8fe6c7ec64961c2ed762e471bfc06c6d9892e363fa4ca56c0ca2f5ce,NO-CLAIM,,
drive2_MFB-Disco-2/2025-10-02 - Toshiba EXT (Backup)/Proyectos_Laboratorio_Laura/Ferritas/Charité/Fluorescence/4.10.24-test-1-FeMn/THP-1/THP-1-24h-TGF-B (2).czi,,Laura,,,,THP-1-24h-TGF-B (2).czi,,XMIC_THP-1-24h-TGF-B (2).czi,Historical drive ingest 2026 (drive2_MFB-Disco-2); project / researcher / operator / subject decided per file before ingest (tasks/drives_ingest_dryrun_review.md). Claim: NO-CLAIM.,2e92eb36af7aa14900c8ddf642144cdfd37bab76eb10119ba172fdcd65697e6d,NO-CLAIM,,
drive2_MFB-Disco-2/2025-10-02 - Toshiba EXT (Backup)/Proyectos_Laboratorio_Laura/Ferritas/Charité/Fluorescence/4.10.24-test-1-FeMn/THP-1/THP-1-24h-TGF-B (3).czi,,Laura,,,,THP-1-24h-TGF-B (3).czi,,XMIC_THP-1-24h-TGF-B (3).czi,Historical drive ingest 2026 (drive2_MFB-Disco-2); project / researcher / operator / subject decided per file before ingest (tasks/drives_ingest_dryrun_review.md). Claim: NO-CLAIM.,a3ae13c6d538df16cecd7c138d802c8da8944c9a24ef28188d193fb69cc13b7f,NO-CLAIM,,
drive2_MFB-Disco-2/2025-10-02 - Toshiba EXT (Backup)/Proyectos_Laboratorio_Laura/Ferritas/Charité/Fluorescence/4.10.24-test-1-FeMn/THP-1/THP-1-24h-TGF-B (4).czi,,Laura,,,,THP-1-24h-TGF-B (4).czi,,XMIC_THP-1-24h-TGF-B (4).czi,Historical drive ingest 2026 (drive2_MFB-Disco-2); project / researcher / operator / subject decided per file before ingest (tasks/drives_ingest_dryrun_review.md). Claim: NO-CLAIM.,2059a1917769f6c28ee23b209899ec4c3b990d8be10ac4222a5438eb5846fec8,NO-CLAIM,,
drive2_MFB-Disco-2/2025-10-02 - Toshiba EXT (Backup)/Proyectos_Laboratorio_Laura/Ferritas/Charité/Fluorescence/4.10.24-test-1-FeMn/THP-1/THP-1-24h-TGF-B (5).czi,,Laura,,,,THP-1-24h-TGF-B (5).czi,,XMIC_THP-1-24h-TGF-B (5).czi,Historical drive ingest 2026 (drive2_MFB-Disco-2); project / researcher / operator / subject decided per file before ingest (tasks/drives_ingest_dryrun_review.md). Claim: NO-CLAIM.,ada8cea0277939bf323ef76840d6481c2b2fe4768533e825ec28787f6a8094aa,NO-CLAIM,,
drive2_MFB-Disco-2/2025-10-02 - Toshiba EXT (Backup)/Proyectos_Laboratorio_Laura/Ferritas/Charité/Fluorescence/4.10.24-test-1-FeMn/THP-1/THP-1-24h-TGF-B (6).czi,,Laura,,,,THP-1-24h-TGF-B (6).czi,,XMIC_THP-1-24h-TGF-B (6).czi,Historical drive ingest 2026 (drive2_MFB-Disco-2); project / researcher / operator / subject decided per file before ingest (tasks/drives_ingest_dryrun_review.md). Claim: NO-CLAIM.,801ce59bfef3b1d1b29be91dc70361336b4b840f9dac3483a58299349846d8f4,NO-CLAIM,,
drive2_MFB-Disco-2/2025-10-02 - Toshiba EXT (Backup)/Proyectos_Laboratorio_Laura/Ferritas/Charité/Fluorescence/4.10.24-test-1-FeMn/THP-1/THP-1-24h-TGF-B (7).czi,,Laura,,,,THP-1-24h-TGF-B (7).czi,,XMIC_THP-1-24h-TGF-B (7).czi,Historical drive ingest 2026 (drive2_MFB-Disco-2); project / researcher / operator / subject decided per file before ingest (tasks/drives_ingest_dryrun_review.md). Claim: NO-CLAIM.,c1e1fe234237ae027d65562e08ed589b4433f9cdf0da98f917de4a51247c49e6,NO-CLAIM,,
drive2_MFB-Disco-2/2025-10-02 - Toshiba EXT (Backup)/Proyectos_Laboratorio_Laura/Ferritas/Charité/Fluorescence/4.10.24-test-1-FeMn/THP-1/THP-1-24h-TGF-B (8).czi,,Laura,,,,THP-1-24h-TGF-B (8).czi,,XMIC_THP-1-24h-TGF-B (8).czi,Historical drive ingest 2026 (drive2_MFB-Disco-2); project / researcher / operator / subject decided per file before ingest (tasks/drives_ingest_dryrun_review.md). Claim: NO-CLAIM.,94dd73e5c3fb026be34c41269e94675702c8c70b875bbdb2286f2416cfe414e3,NO-CLAIM,,
drive2_MFB-Disco-2/2025-10-02 - Toshiba EXT (Backup)/Proyectos_Laboratorio_Laura/Ferritas/Charité/Fluorescence/4.10.24-test-1-FeMn/THP-1/THP-1-24h-TGF-B (9).czi,,Laura,,,,THP-1-24h-TGF-B (9).czi,,XMIC_THP-1-24h-TGF-B (9).czi,Historical drive ingest 2026 (drive2_MFB-Disco-2); project / researcher / operator / subject decided per file before ingest (tasks/drives_ingest_dryrun_review.md). Claim: NO-CLAIM.,762b5abb4ce9d10e1f4f7f18a3cee9fa521171db42fe0d4585a64fcdd4e8c365,NO-CLAIM,,
drive2_MFB-Disco-2/2025-10-02 - Toshiba EXT (Backup)/Proyectos_Laboratorio_Laura/Ferritas/Charité/Fluorescence/4.10.24-test-1-FeMn/THP-1/THP-1-24h-TGF-B+4h-FeMn (10).czi,,Laura,,,,THP-1-24h-TGF-B+4h-FeMn (10).czi,,XMIC_THP-1-24h-TGF-B+4h-FeMn (10).czi,Historical drive ingest 2026 (drive2_MFB-Disco-2); project / researcher / operator / subject decided per file before ingest (tasks/drives_ingest_dryrun_review.md). Claim: NO-CLAIM.,0f18cb50d6c35a0b53be86a945582dd31704ab5b6a0e372517ab70d423873f90,NO-CLAIM,,
drive2_MFB-Disco-2/2025-10-02 - Toshiba EXT (Backup)/Proyectos_Laboratorio_Laura/Ferritas/Charité/Fluorescence/4.10.24-test-1-FeMn/THP-1/THP-1-24h-TGF-B+4h-FeMn (11).czi,,Laura,,,,THP-1-24h-TGF-B+4h-FeMn (11).czi,,XMIC_THP-1-24h-TGF-B+4h-FeMn (11).czi,Historical drive ingest 2026 (drive2_MFB-Disco-2); project / researcher / operator / subject decided per file before ingest (tasks/drives_ingest_dryrun_review.md). Claim: NO-CLAIM.,38115fe36bf19c517b2e3cc9e23996a542f7e1aed5a1a35ef25e976b234afc4e,NO-CLAIM,,
drive2_MFB-Disco-2/2025-10-02 - Toshiba EXT (Backup)/Proyectos_Laboratorio_Laura/Ferritas/Charité/Fluorescence/4.10.24-test-1-FeMn/THP-1/THP-1-24h-TGF-B+4h-FeMn (12).czi,,Laura,,,,THP-1-24h-TGF-B+4h-FeMn (12).czi,,XMIC_THP-1-24h-TGF-B+4h-FeMn (12).czi,Historical drive ingest 2026 (drive2_MFB-Disco-2); project / researcher / operator / subject decided per file before ingest (tasks/drives_ingest_dryrun_review.md). Claim: NO-CLAIM.,46af93ad3dbc592bb95accaabb4ccb54591c198ee08f447d616aa214b84013b0,NO-CLAIM,,
drive2_MFB-Disco-2/2025-10-02 - Toshiba EXT (Backup)/Proyectos_Laboratorio_Laura/Ferritas/Charité/Fluorescence/4.10.24-test-1-FeMn/THP-1/THP-1-24h-TGF-B+4h-FeMn (13).czi,,Laura,,,,THP-1-24h-TGF-B+4h-FeMn (13).czi,,XMIC_THP-1-24h-TGF-B+4h-FeMn (13).czi,Historical drive ingest 2026 (drive2_MFB-Disco-2); project / researcher / operator / subject decided per file before ingest (tasks/drives_ingest_dryrun_review.md). Claim: NO-CLAIM.,f5950c7097e48790b516cffeb590edbfdfa49fbf70e69041d5d2174704bb3256,NO-CLAIM,,
drive2_MFB-Disco-2/2025-10-02 - Toshiba EXT (Backup)/Proyectos_Laboratorio_Laura/Ferritas/Charité/Fluorescence/4.10.24-test-1-FeMn/THP-1/THP-1-24h-TGF-B+4h-FeMn (14).czi,,Laura,,,,THP-1-24h-TGF-B+4h-FeMn (14).czi,,XMIC_THP-1-24h-TGF-B+4h-FeMn (14).czi,Historical drive ingest 2026 (drive2_MFB-Disco-2); project / researcher / operator / subject decided per file before ingest (tasks/drives_ingest_dryrun_review.md). Claim: NO-CLAIM.,23fb0bbaad212fe8bf34baac064cbd47935d8438c12750bccca36b2ff3553963,NO-CLAIM,,
drive2_MFB-Disco-2/2025-10-02 - Toshiba EXT (Backup)/Proyectos_Laboratorio_Laura/Ferritas/Charité/Fluorescence/4.10.24-test-1-FeMn/THP-1/THP-1-24h-TGF-B+4h-FeMn (15).czi,,Laura,,,,THP-1-24h-TGF-B+4h-FeMn (15).czi,,XMIC_THP-1-24h-TGF-B+4h-FeMn (15).czi,Historical drive ingest 2026 (drive2_MFB-Disco-2); project / researcher / operator / subject decided per file before ingest (tasks/drives_ingest_dryrun_review.md). Claim: NO-CLAIM.,004f716b4cb11266eedf4a8cedb90811a026823f31591acd6fe4c8ce48407976,NO-CLAIM,,
drive2_MFB-Disco-2/2025-10-02 - Toshiba EXT (Backup)/Proyectos_Laboratorio_Laura/Ferritas/Charité/Fluorescence/4.10.24-test-1-FeMn/THP-1/THP-1-24h-TGF-B+4h-FeMn (2).czi,,Laura,,,,THP-1-24h-TGF-B+4h-FeMn (2).czi,,XMIC_THP-1-24h-TGF-B+4h-FeMn (2).czi,Historical drive ingest 2026 (drive2_MFB-Disco-2); project / researcher / operator / subject decided per file before ingest (tasks/drives_ingest_dryrun_review.md). Claim: NO-CLAIM.,49e441e0de325122c46a31981b536409dcf3a2f254324d10d53e07ecc7153ba2,NO-CLAIM,,
drive2_MFB-Disco-2/2025-10-02 - Toshiba EXT (Backup)/Proyectos_Laboratorio_Laura/Ferritas/Charité/Fluorescence/4.10.24-test-1-FeMn/THP-1/THP-1-24h-TGF-B+4h-FeMn (3).czi,,Laura,,,,THP-1-24h-TGF-B+4h-FeMn (3).czi,,XMIC_THP-1-24h-TGF-B+4h-FeMn (3).czi,Historical drive ingest 2026 (drive2_MFB-Disco-2); project / researcher / operator / subject decided per file before ingest (tasks/drives_ingest_dryrun_review.md). Claim: NO-CLAIM.,5072d6ed4b2782a76424a5a843c483b093c7f1ad10bda83d8829c36febcff727,NO-CLAIM,,
drive2_MFB-Disco-2/2025-10-02 - Toshiba EXT (Backup)/Proyectos_Laboratorio_Laura/Ferritas/Charité/Fluorescence/4.10.24-test-1-FeMn/THP-1/THP-1-24h-TGF-B+4h-FeMn (4).czi,,Laura,,,,THP-1-24h-TGF-B+4h-FeMn (4).czi,,XMIC_THP-1-24h-TGF-B+4h-FeMn (4).czi,Historical drive ingest 2026 (drive2_MFB-Disco-2); project / researcher / operator / subject decided per file before ingest (tasks/drives_ingest_dryrun_review.md). Claim: NO-CLAIM.,86d7e70a7dd8c74efd85abf6be0f9ed8956c83c97f1ce9efcd6fec406003eb61,NO-CLAIM,,
drive2_MFB-Disco-2/2025-10-02 - Toshiba EXT (Backup)/Proyectos_Laboratorio_Laura/Ferritas/Charité/Fluorescence/4.10.24-test-1-FeMn/THP-1/THP-1-24h-TGF-B+4h-FeMn (5).czi,,Laura,,,,THP-1-24h-TGF-B+4h-FeMn (5).czi,,XMIC_THP-1-24h-TGF-B+4h-FeMn (5).czi,Historical drive ingest 2026 (drive2_MFB-Disco-2); project / researcher / operator / subject decided per file before ingest (tasks/drives_ingest_dryrun_review.md). Claim: NO-CLAIM.,d7f9d936a109ee09e32fcf4b14d268b70eb752f49ee45644fcf6f055beb616da,NO-CLAIM,,
drive2_MFB-Disco-2/2025-10-02 - Toshiba EXT (Backup)/Proyectos_Laboratorio_Laura/Ferritas/Charité/Fluorescence/4.10.24-test-1-FeMn/THP-1/THP-1-24h-TGF-B+4h-FeMn (6).czi,,Laura,,,,THP-1-24h-TGF-B+4h-FeMn (6).czi,,XMIC_THP-1-24h-TGF-B+4h-FeMn (6).czi,Historical drive ingest 2026 (drive2_MFB-Disco-2); project / researcher / operator / subject decided per file before ingest (tasks/drives_ingest_dryrun_review.md). Claim: NO-CLAIM.,aa8f4a6292518503af1529e073c64d3dd86c4fa8d0f344c9e0d98e4a7cab4c10,NO-CLAIM,,
drive2_MFB-Disco-2/2025-10-02 - Toshiba EXT (Backup)/Proyectos_Laboratorio_Laura/Ferritas/Charité/Fluorescence/4.10.24-test-1-FeMn/THP-1/THP-1-24h-TGF-B+4h-FeMn (7).czi,,Laura,,,,THP-1-24h-TGF-B+4h-FeMn (7).czi,,XMIC_THP-1-24h-TGF-B+4h-FeMn (7).czi,Historical drive ingest 2026 (drive2_MFB-Disco-2); project / researcher / operator / subject decided per file before ingest (tasks/drives_ingest_dryrun_review.md). Claim: NO-CLAIM.,713ef87fa3c40a1bd1327cbecc0ab3ecf0e83d64b64d1673b4abb029ac7be5c2,NO-CLAIM,,
drive2_MFB-Disco-2/2025-10-02 - Toshiba EXT (Backup)/Proyectos_Laboratorio_Laura/Ferritas/Charité/Fluorescence/4.10.24-test-1-FeMn/THP-1/THP-1-24h-TGF-B+4h-FeMn (8).czi,,Laura,,,,THP-1-24h-TGF-B+4h-FeMn (8).czi,,XMIC_THP-1-24h-TGF-B+4h-FeMn (8).czi,Historical drive ingest 2026 (drive2_MFB-Disco-2); project / researcher / operator / subject decided per file before ingest (tasks/drives_ingest_dryrun_review.md). Claim: NO-CLAIM.,73906792e881976c6ce699f2801a2c9f7607ebca2c129045afa9d9749be4c7bc,NO-CLAIM,,
drive2_MFB-Disco-2/2025-10-02 - Toshiba EXT (Backup)/Proyectos_Laboratorio_Laura/Ferritas/Charité/Fluorescence/4.10.24-test-1-FeMn/THP-1/THP-1-24h-TGF-B+4h-FeMn (9).czi,,Laura,,,,THP-1-24h-TGF-B+4h-FeMn (9).czi,,XMIC_THP-1-24h-TGF-B+4h-FeMn (9).czi,Historical drive ingest 2026 (drive2_MFB-Disco-2); project / researcher / operator / subject decided per file before ingest (tasks/drives_ingest_dryrun_review.md). Claim: NO-CLAIM.,0144eb7e0eeece49c500f074b3e10bb183bbe21cb48d29cbdfb8a0295cbd195e,NO-CLAIM,,
drive2_MFB-Disco-2/2025-10-02 - Toshiba EXT (Backup)/Proyectos_Laboratorio_Laura/Ferritas/Charité/Fluorescence/4.10.24-test-1-FeMn/THP-1/THP-1-24h-TGF-B+4h-FeMn.czi,,Laura,,,,THP-1-24h-TGF-B+4h-FeMn.czi,,XMIC_THP-1-24h-TGF-B+4h-FeMn.czi,Historical drive ingest 2026 (drive2_MFB-Disco-2); project / researcher / operator / subject decided per file before ingest (tasks/drives_ingest_dryrun_review.md). Claim: NO-CLAIM.,233510c3c067acc68f970be680f6dce54087b7e2fc7dc833d7082c28497592ea,NO-CLAIM,,
drive2_MFB-Disco-2/2025-10-02 - Toshiba EXT (Backup)/Proyectos_Laboratorio_Laura/Ferritas/Charité/Fluorescence/4.10.24-test-1-FeMn/THP-1/THP-1-24h-TGF-B.czi,,Laura,,,,THP-1-24h-TGF-B.czi,,XMIC_THP-1-24h-TGF-B.czi,Historical drive ingest 2026 (drive2_MFB-Disco-2); project / researcher / operator / subject decided per file before ingest (tasks/drives_ingest_dryrun_review.md). Claim: NO-CLAIM.,f2993048da8b4d7f99161acb9b41be96d719e0fd1888c106407a99c7d626c6f6,NO-CLAIM,,
drive2_MFB-Disco-2/2025-10-02 - Toshiba EXT (Backup)/Proyectos_Laboratorio_Laura/Ferritas/Charité/Fluorescence/4.10.24-test-1-FeMn/THP-1/THP-1-Contrl-positivo (10).czi,,Laura,,,,THP-1-Contrl-positivo (10).czi,,XMIC_THP-1-Contrl-positivo (10).czi,Historical drive ingest 2026 (drive2_MFB-Disco-2); project / researcher / operator / subject decided per file before ingest (tasks/drives_ingest_dryrun_review.md). Claim: NO-CLAIM.,e3f76ef5526fc8a6279dd18758d340f93204b74b49033cea379de9d45cb85865,NO-CLAIM,,
drive2_MFB-Disco-2/2025-10-02 - Toshiba EXT (Backup)/Proyectos_Laboratorio_Laura/Ferritas/Charité/Fluorescence/4.10.24-test-1-FeMn/THP-1/THP-1-Contrl-positivo (2).czi,,Laura,,,,THP-1-Contrl-positivo (2).czi,,XMIC_THP-1-Contrl-positivo (2).czi,Historical drive ingest 2026 (drive2_MFB-Disco-2); project / researcher / operator / subject decided per file before ingest (tasks/drives_ingest_dryrun_review.md). Claim: NO-CLAIM.,7841daa699c6a971f0303c6df839840363d8b36d82ce8e5bbcabd069543bde2a,NO-CLAIM,,
drive2_MFB-Disco-2/2025-10-02 - Toshiba EXT (Backup)/Proyectos_Laboratorio_Laura/Ferritas/Charité/Fluorescence/4.10.24-test-1-FeMn/THP-1/THP-1-Contrl-positivo (3).czi,,Laura,,,,THP-1-Contrl-positivo (3).czi,,XMIC_THP-1-Contrl-positivo (3).czi,Historical drive ingest 2026 (drive2_MFB-Disco-2); project / researcher / operator / subject decided per file before ingest (tasks/drives_ingest_dryrun_review.md). Claim: NO-CLAIM.,c15c2b11416f9fe2e245a91d5d794c6213eabeaaf09790c002a0db7ad85f36e1,NO-CLAIM,,
drive2_MFB-Disco-2/2025-10-02 - Toshiba EXT (Backup)/Proyectos_Laboratorio_Laura/Ferritas/Charité/Fluorescence/4.10.24-test-1-FeMn/THP-1/THP-1-Contrl-positivo (4).czi,,Laura,,,,THP-1-Contrl-positivo (4).czi,,XMIC_THP-1-Contrl-positivo (4).czi,Historical drive ingest 2026 (drive2_MFB-Disco-2); project / researcher / operator / subject decided per file before ingest (tasks/drives_ingest_dryrun_review.md). Claim: NO-CLAIM.,20f5700f8ca416b54d2494a48346794b3a421c076414bafdf614bc3654547d3b,NO-CLAIM,,
drive2_MFB-Disco-2/2025-10-02 - Toshiba EXT (Backup)/Proyectos_Laboratorio_Laura/Ferritas/Charité/Fluorescence/4.10.24-test-1-FeMn/THP-1/THP-1-Contrl-positivo (5).czi,,Laura,,,,THP-1-Contrl-positivo (5).czi,,XMIC_THP-1-Contrl-positivo (5).czi,Historical drive ingest 2026 (drive2_MFB-Disco-2); project / researcher / operator / subject decided per file before ingest (tasks/drives_ingest_dryrun_review.md). Claim: NO-CLAIM.,47a05cc5dcd0359273eb6d172b6924ac75f1f35d0cdda34cdf2e7d2d119743d3,NO-CLAIM,,
drive2_MFB-Disco-2/2025-10-02 - Toshiba EXT (Backup)/Proyectos_Laboratorio_Laura/Ferritas/Charité/Fluorescence/4.10.24-test-1-FeMn/THP-1/THP-1-Contrl-positivo (6).czi,,Laura,,,,THP-1-Contrl-positivo (6).czi,,XMIC_THP-1-Contrl-positivo (6).czi,Historical drive ingest 2026 (drive2_MFB-Disco-2); project / researcher / operator / subject decided per file before ingest (tasks/drives_ingest_dryrun_review.md). Claim: NO-CLAIM.,644c50d0b0151f9e64800772b03f2aad82484ab1a19c19b3fedd31effcc8b711,NO-CLAIM,,
drive2_MFB-Disco-2/2025-10-02 - Toshiba EXT (Backup)/Proyectos_Laboratorio_Laura/Ferritas/Charité/Fluorescence/4.10.24-test-1-FeMn/THP-1/THP-1-Contrl-positivo (7).czi,,Laura,,,,THP-1-Contrl-positivo (7).czi,,XMIC_THP-1-Contrl-positivo (7).czi,Historical drive ingest 2026 (drive2_MFB-Disco-2); project / researcher / operator / subject decided per file before ingest (tasks/drives_ingest_dryrun_review.md). Claim: NO-CLAIM.,b2ed993eeaf7b3ad820ec8266f4ac72740f2c6bc603231d881624ffc663c8e3f,NO-CLAIM,,
drive2_MFB-Disco-2/2025-10-02 - Toshiba EXT (Backup)/Proyectos_Laboratorio_Laura/Ferritas/Charité/Fluorescence/4.10.24-test-1-FeMn/THP-1/THP-1-Contrl-positivo (8).czi,,Laura,,,,THP-1-Contrl-positivo (8).czi,,XMIC_THP-1-Contrl-positivo (8).czi,Historical drive ingest 2026 (drive2_MFB-Disco-2); project / researcher / operator / subject decided per file before ingest (tasks/drives_ingest_dryrun_review.md). Claim: NO-CLAIM.,fae5cadd4c993d24f195e704374db64e1cc687bb3fc6380f6d317828c6d8e26d,NO-CLAIM,,
drive2_MFB-Disco-2/2025-10-02 - Toshiba EXT (Backup)/Proyectos_Laboratorio_Laura/Ferritas/Charité/Fluorescence/4.10.24-test-1-FeMn/THP-1/THP-1-Contrl-positivo (9).czi,,Laura,,,,THP-1-Contrl-positivo (9).czi,,XMIC_THP-1-Contrl-positivo (9).czi,Historical drive ingest 2026 (drive2_MFB-Disco-2); project / researcher / operator / subject decided per file before ingest (tasks/drives_ingest_dryrun_review.md). Claim: NO-CLAIM.,04e0ab0f36771ddda0945b41d492e199c48e261ed8193a76695a9144dbce923b,NO-CLAIM,,
drive2_MFB-Disco-2/2025-10-02 - Toshiba EXT (Backup)/Proyectos_Laboratorio_Laura/Ferritas/Charité/Fluorescence/4.10.24-test-1-FeMn/THP-1/THP-1-Contrl-positivo.czi,,Laura,,,,THP-1-Contrl-positivo.czi,,XMIC_THP-1-Contrl-positivo.czi,Historical drive ingest 2026 (drive2_MFB-Disco-2); project / researcher / operator / subject decided per file before ingest (tasks/drives_ingest_dryrun_review.md). Claim: NO-CLAIM.,1632ba8e5febb0edca3cf1f22712bfd65548eef4e04d8e7aef4310ca2a73dcbe,NO-CLAIM,,
drive2_MFB-Disco-2/2025-10-02 - Toshiba EXT (Backup)/Proyectos_Laboratorio_Laura/Ferritas/Charité/Fluorescence/4.10.24-test-1-FeMn/THP-1/THP-1-Control-negativo (10).czi,,Laura,,,,THP-1-Control-negativo (10).czi,,XMIC_THP-1-Control-negativo (10).czi,Historical drive ingest 2026 (drive2_MFB-Disco-2); project / researcher / operator / subject decided per file before ingest (tasks/drives_ingest_dryrun_review.md). Claim: NO-CLAIM.,fad871bb3ae8a089aa7f7ab0fe40d834ec5571a3bd393ef63740266fb9cdeee0,NO-CLAIM,,
drive2_MFB-Disco-2/2025-10-02 - Toshiba EXT (Backup)/Proyectos_Laboratorio_Laura/Ferritas/Charité/Fluorescence/4.10.24-test-1-FeMn/THP-1/THP-1-Control-negativo (2).czi,,Laura,,,,THP-1-Control-negativo (2).czi,,XMIC_THP-1-Control-negativo (2).czi,Historical drive ingest 2026 (drive2_MFB-Disco-2); project / researcher / operator / subject decided per file before ingest (tasks/drives_ingest_dryrun_review.md). Claim: NO-CLAIM.,fde9e08dcb5a885dbe3559f58c8e6436d8f46ed09831a18fefe01a4a10125cd2,NO-CLAIM,,
drive2_MFB-Disco-2/2025-10-02 - Toshiba EXT (Backup)/Proyectos_Laboratorio_Laura/Ferritas/Charité/Fluorescence/4.10.24-test-1-FeMn/THP-1/THP-1-Control-negativo (3).czi,,Laura,,,,THP-1-Control-negativo (3).czi,,XMIC_THP-1-Control-negativo (3).czi,Historical drive ingest 2026 (drive2_MFB-Disco-2); project / researcher / operator / subject decided per file before ingest (tasks/drives_ingest_dryrun_review.md). Claim: NO-CLAIM.,34ffb1ae55056aafa8dce2723028c88b34b82dce2ababa55e7447f0123bfcb88,NO-CLAIM,,
drive2_MFB-Disco-2/2025-10-02 - Toshiba EXT (Backup)/Proyectos_Laboratorio_Laura/Ferritas/Charité/Fluorescence/4.10.24-test-1-FeMn/THP-1/THP-1-Control-negativo (4).czi,,Laura,,,,THP-1-Control-negativo (4).czi,,XMIC_THP-1-Control-negativo (4).czi,Historical drive ingest 2026 (drive2_MFB-Disco-2); project / researcher / operator / subject decided per file before ingest (tasks/drives_ingest_dryrun_review.md). Claim: NO-CLAIM.,e65f59d72aab5d7ed9b0a55c3d59090468d70655abed98c5e7f930f39f3587c2,NO-CLAIM,,
drive2_MFB-Disco-2/2025-10-02 - Toshiba EXT (Backup)/Proyectos_Laboratorio_Laura/Ferritas/Charité/Fluorescence/4.10.24-test-1-FeMn/THP-1/THP-1-Control-negativo (5).czi,,Laura,,,,THP-1-Control-negativo (5).czi,,XMIC_THP-1-Control-negativo (5).czi,Historical drive ingest 2026 (drive2_MFB-Disco-2); project / researcher / operator / subject decided per file before ingest (tasks/drives_ingest_dryrun_review.md). Claim: NO-CLAIM.,65a25be4e39c27078661f37529e2a37a3e9936addf7da995628691d93e8c6ac4,NO-CLAIM,,
drive2_MFB-Disco-2/2025-10-02 - Toshiba EXT (Backup)/Proyectos_Laboratorio_Laura/Ferritas/Charité/Fluorescence/4.10.24-test-1-FeMn/THP-1/THP-1-Control-negativo (6).czi,,Laura,,,,THP-1-Control-negativo (6).czi,,XMIC_THP-1-Control-negativo (6).czi,Historical drive ingest 2026 (drive2_MFB-Disco-2); project / researcher / operator / subject decided per file before ingest (tasks/drives_ingest_dryrun_review.md). Claim: NO-CLAIM.,8602ccb10302b654ac2919f588042fca1d568dca852dcbcf680f1675c00fa099,NO-CLAIM,,
drive2_MFB-Disco-2/2025-10-02 - Toshiba EXT (Backup)/Proyectos_Laboratorio_Laura/Ferritas/Charité/Fluorescence/4.10.24-test-1-FeMn/THP-1/THP-1-Control-negativo (7).czi,,Laura,,,,THP-1-Control-negativo (7).czi,,XMIC_THP-1-Control-negativo (7).czi,Historical drive ingest 2026 (drive2_MFB-Disco-2); project / researcher / operator / subject decided per file before ingest (tasks/drives_ingest_dryrun_review.md). Claim: NO-CLAIM.,8cfc4fe435ca5dcb9875bdb891a594880fd50d064c2220c07a8f5088b37130ae,NO-CLAIM,,
drive2_MFB-Disco-2/2025-10-02 - Toshiba EXT (Backup)/Proyectos_Laboratorio_Laura/Ferritas/Charité/Fluorescence/4.10.24-test-1-FeMn/THP-1/THP-1-Control-negativo (8).czi,,Laura,,,,THP-1-Control-negativo (8).czi,,XMIC_THP-1-Control-negativo (8).czi,Historical drive ingest 2026 (drive2_MFB-Disco-2); project / researcher / operator / subject decided per file before ingest (tasks/drives_ingest_dryrun_review.md). Claim: NO-CLAIM.,a02533c4434cb524a2d08d3b7e3634c412813df58df430dfb956930323701c3e,NO-CLAIM,,
drive2_MFB-Disco-2/2025-10-02 - Toshiba EXT (Backup)/Proyectos_Laboratorio_Laura/Ferritas/Charité/Fluorescence/4.10.24-test-1-FeMn/THP-1/THP-1-Control-negativo (9).czi,,Laura,,,,THP-1-Control-negativo (9).czi,,XMIC_THP-1-Control-negativo (9).czi,Historical drive ingest 2026 (drive2_MFB-Disco-2); project / researcher / operator / subject decided per file before ingest (tasks/drives_ingest_dryrun_review.md). Claim: NO-CLAIM.,d240d0e7be5d7ecbbee52004d8c556ef2b547c7155f901434026f966b1dc5f98,NO-CLAIM,,
drive2_MFB-Disco-2/2025-10-02 - Toshiba EXT (Backup)/Proyectos_Laboratorio_Laura/Ferritas/Charité/Fluorescence/4.10.24-test-1-FeMn/THP-1/THP-1-Control-negativo.czi,,Laura,,,,THP-1-Control-negativo.czi,,XMIC_THP-1-Control-negativo.czi,Historical drive ingest 2026 (drive2_MFB-Disco-2); project / researcher / operator / subject decided per file before ingest (tasks/drives_ingest_dryrun_review.md). Claim: NO-CLAIM.,a1e073e5774fab0a6b3f51c2ffcc20a9755e6a95e6110eadce46272f58f268ba,NO-CLAIM,,
drive2_MFB-Disco-2/2025-10-02 - Toshiba EXT (Backup)/Proyectos_Laboratorio_Laura/Ferritas/Charité/Fluorescence/4.10.24-test-1-FeMn/hPAEpiCs/24-TGF-B+4h-FeMn (2).czi,,Laura,,,,24-TGF-B+4h-FeMn (2).czi,,XMIC_24-TGF-B+4h-FeMn (2).czi,Historical drive ingest 2026 (drive2_MFB-Disco-2); project / researcher / operator / subject decided per file before ingest (tasks/drives_ingest_dryrun_review.md). Claim: NO-CLAIM.,b1c2196ec8bec5f86860d7464c949534f6e746bbbabb1b97cbd4e33cd14e0490,NO-CLAIM,,
drive2_MFB-Disco-2/2025-10-02 - Toshiba EXT (Backup)/Proyectos_Laboratorio_Laura/Ferritas/Charité/Fluorescence/4.10.24-test-1-FeMn/hPAEpiCs/24-TGF-B+4h-FeMn (3).czi,,Laura,,,,24-TGF-B+4h-FeMn (3).czi,,XMIC_24-TGF-B+4h-FeMn (3).czi,Historical drive ingest 2026 (drive2_MFB-Disco-2); project / researcher / operator / subject decided per file before ingest (tasks/drives_ingest_dryrun_review.md). Claim: NO-CLAIM.,c5b816177a7872a550bbe6b885ec925a5431b53481b7096c55c58cbe599ac920,NO-CLAIM,,
drive2_MFB-Disco-2/2025-10-02 - Toshiba EXT (Backup)/Proyectos_Laboratorio_Laura/Ferritas/Charité/Fluorescence/4.10.24-test-1-FeMn/hPAEpiCs/24-TGF-B+4h-FeMn (4).czi,,Laura,,,,24-TGF-B+4h-FeMn (4).czi,,XMIC_24-TGF-B+4h-FeMn (4).czi,Historical drive ingest 2026 (drive2_MFB-Disco-2); project / researcher / operator / subject decided per file before ingest (tasks/drives_ingest_dryrun_review.md). Claim: NO-CLAIM.,dc8bc9ef8df61fc3154713557be8f525761b8dda334672debec0f3c618b57f4a,NO-CLAIM,,
drive2_MFB-Disco-2/2025-10-02 - Toshiba EXT (Backup)/Proyectos_Laboratorio_Laura/Ferritas/Charité/Fluorescence/4.10.24-test-1-FeMn/hPAEpiCs/24-TGF-B+4h-FeMn (5).czi,,Laura,,,,24-TGF-B+4h-FeMn (5).czi,,XMIC_24-TGF-B+4h-FeMn (5).czi,Historical drive ingest 2026 (drive2_MFB-Disco-2); project / researcher / operator / subject decided per file before ingest (tasks/drives_ingest_dryrun_review.md). Claim: NO-CLAIM.,e83c3cac628e99497d2c3c15fb15a58c51dde98922a77964236ff2505c8ba620,NO-CLAIM,,
drive2_MFB-Disco-2/2025-10-02 - Toshiba EXT (Backup)/Proyectos_Laboratorio_Laura/Ferritas/Charité/Fluorescence/4.10.24-test-1-FeMn/hPAEpiCs/24-TGF-B+4h-FeMn.czi,,Laura,,,,24-TGF-B+4h-FeMn.czi,,XMIC_24-TGF-B+4h-FeMn.czi,Historical drive ingest 2026 (drive2_MFB-Disco-2); project / researcher / operator / subject decided per file before ingest (tasks/drives_ingest_dryrun_review.md). Claim: NO-CLAIM.,bddc84d13cc5463fcce15241e0f4486468bfb808a50b05ae066f85dcb1e891d8,NO-CLAIM,,
drive2_MFB-Disco-2/2025-10-02 - Toshiba EXT (Backup)/Proyectos_Laboratorio_Laura/Ferritas/Charité/Fluorescence/4.10.24-test-1-FeMn/hPAEpiCs/24h-TGF-B+4h-FeMn (10).czi,,Laura,,,,24h-TGF-B+4h-FeMn (10).czi,,XMIC_24h-TGF-B+4h-FeMn (10).czi,Historical drive ingest 2026 (drive2_MFB-Disco-2); project / researcher / operator / subject decided per file before ingest (tasks/drives_ingest_dryrun_review.md). Claim: NO-CLAIM.,9e1b5e2835ed4c732203054166f48d487b1b7b5d4f45e9ced3364efd7201c448,NO-CLAIM,,
drive2_MFB-Disco-2/2025-10-02 - Toshiba EXT (Backup)/Proyectos_Laboratorio_Laura/Ferritas/Charité/Fluorescence/4.10.24-test-1-FeMn/hPAEpiCs/24h-TGF-B+4h-FeMn (11).czi,,Laura,,,,24h-TGF-B+4h-FeMn (11).czi,,XMIC_24h-TGF-B+4h-FeMn (11).czi,Historical drive ingest 2026 (drive2_MFB-Disco-2); project / researcher / operator / subject decided per file before ingest (tasks/drives_ingest_dryrun_review.md). Claim: NO-CLAIM.,18ff328565896cbcd7bb542da21427936b7bda2dfe5b7708dace776af0ace44a,NO-CLAIM,,
drive2_MFB-Disco-2/2025-10-02 - Toshiba EXT (Backup)/Proyectos_Laboratorio_Laura/Ferritas/Charité/Fluorescence/4.10.24-test-1-FeMn/hPAEpiCs/24h-TGF-B+4h-FeMn (12).czi,,Laura,,,,24h-TGF-B+4h-FeMn (12).czi,,XMIC_24h-TGF-B+4h-FeMn (12).czi,Historical drive ingest 2026 (drive2_MFB-Disco-2); project / researcher / operator / subject decided per file before ingest (tasks/drives_ingest_dryrun_review.md). Claim: NO-CLAIM.,5d7363b0dbb0d41c7d507be8bac2329955419038ba7aa4433b88aac46939ca3b,NO-CLAIM,,
drive2_MFB-Disco-2/2025-10-02 - Toshiba EXT (Backup)/Proyectos_Laboratorio_Laura/Ferritas/Charité/Fluorescence/4.10.24-test-1-FeMn/hPAEpiCs/24h-TGF-B+4h-FeMn (13).czi,,Laura,,,,24h-TGF-B+4h-FeMn (13).czi,,XMIC_24h-TGF-B+4h-FeMn (13).czi,Historical drive ingest 2026 (drive2_MFB-Disco-2); project / researcher / operator / subject decided per file before ingest (tasks/drives_ingest_dryrun_review.md). Claim: NO-CLAIM.,42a783484648278206fa194998f96d9eba3338c335d5b9a1891e2f4c3320eb4e,NO-CLAIM,,
drive2_MFB-Disco-2/2025-10-02 - Toshiba EXT (Backup)/Proyectos_Laboratorio_Laura/Ferritas/Charité/Fluorescence/4.10.24-test-1-FeMn/hPAEpiCs/24h-TGF-B+4h-FeMn (14).czi,,Laura,,,,24h-TGF-B+4h-FeMn (14).czi,,XMIC_24h-TGF-B+4h-FeMn (14).czi,Historical drive ingest 2026 (drive2_MFB-Disco-2); project / researcher / operator / subject decided per file before ingest (tasks/drives_ingest_dryrun_review.md). Claim: NO-CLAIM.,be37bd23a0741f06111415f2b0afa409391d9b44d8130cdbd9a377466f23d87d,NO-CLAIM,,
drive2_MFB-Disco-2/2025-10-02 - Toshiba EXT (Backup)/Proyectos_Laboratorio_Laura/Ferritas/Charité/Fluorescence/4.10.24-test-1-FeMn/hPAEpiCs/24h-TGF-B+4h-FeMn (2).czi,,Laura,,,,24h-TGF-B+4h-FeMn (2).czi,,XMIC_24h-TGF-B+4h-FeMn (2).czi,Historical drive ingest 2026 (drive2_MFB-Disco-2); project / researcher / operator / subject decided per file before ingest (tasks/drives_ingest_dryrun_review.md). Claim: NO-CLAIM.,5e83d768e89c8743782079ecf0faab896a3ed269d32082de79e94c272a31e1c5,NO-CLAIM,,
drive2_MFB-Disco-2/2025-10-02 - Toshiba EXT (Backup)/Proyectos_Laboratorio_Laura/Ferritas/Charité/Fluorescence/4.10.24-test-1-FeMn/hPAEpiCs/24h-TGF-B+4h-FeMn (3).czi,,Laura,,,,24h-TGF-B+4h-FeMn (3).czi,,XMIC_24h-TGF-B+4h-FeMn (3).czi,Historical drive ingest 2026 (drive2_MFB-Disco-2); project / researcher / operator / subject decided per file before ingest (tasks/drives_ingest_dryrun_review.md). Claim: NO-CLAIM.,d77aad51a5230248219a9f8ba2140d786c921bb6009f4ed55dcb7b434e2fe0c8,NO-CLAIM,,
drive2_MFB-Disco-2/2025-10-02 - Toshiba EXT (Backup)/Proyectos_Laboratorio_Laura/Ferritas/Charité/Fluorescence/4.10.24-test-1-FeMn/hPAEpiCs/24h-TGF-B+4h-FeMn (4).czi,,Laura,,,,24h-TGF-B+4h-FeMn (4).czi,,XMIC_24h-TGF-B+4h-FeMn (4).czi,Historical drive ingest 2026 (drive2_MFB-Disco-2); project / researcher / operator / subject decided per file before ingest (tasks/drives_ingest_dryrun_review.md). Claim: NO-CLAIM.,67aa280253c36786c8c059720e71bb1be5cd6a9089b92c91eab41b8089430d69,NO-CLAIM,,
drive2_MFB-Disco-2/2025-10-02 - Toshiba EXT (Backup)/Proyectos_Laboratorio_Laura/Ferritas/Charité/Fluorescence/4.10.24-test-1-FeMn/hPAEpiCs/24h-TGF-B+4h-FeMn (5).czi,,Laura,,,,24h-TGF-B+4h-FeMn (5).czi,,XMIC_24h-TGF-B+4h-FeMn (5).czi,Historical drive ingest 2026 (drive2_MFB-Disco-2); project / researcher / operator / subject decided per file before ingest (tasks/drives_ingest_dryrun_review.md). Claim: NO-CLAIM.,fe00383beb5b2804b42abb30a3b997c751739686501f3d4dabe78375f5440230,NO-CLAIM,,
drive2_MFB-Disco-2/2025-10-02 - Toshiba EXT (Backup)/Proyectos_Laboratorio_Laura/Ferritas/Charité/Fluorescence/4.10.24-test-1-FeMn/hPAEpiCs/24h-TGF-B+4h-FeMn (6).czi,,Laura,,,,24h-TGF-B+4h-FeMn (6).czi,,XMIC_24h-TGF-B+4h-FeMn (6).czi,Historical drive ingest 2026 (drive2_MFB-Disco-2); project / researcher / operator / subject decided per file before ingest (tasks/drives_ingest_dryrun_review.md). Claim: NO-CLAIM.,3fbf8b5b9ca61e0cb56cedb29ccdd5201309b02c4d3d3d0da78f162039c08df6,NO-CLAIM,,
drive2_MFB-Disco-2/2025-10-02 - Toshiba EXT (Backup)/Proyectos_Laboratorio_Laura/Ferritas/Charité/Fluorescence/4.10.24-test-1-FeMn/hPAEpiCs/24h-TGF-B+4h-FeMn (7).czi,,Laura,,,,24h-TGF-B+4h-FeMn (7).czi,,XMIC_24h-TGF-B+4h-FeMn (7).czi,Historical drive ingest 2026 (drive2_MFB-Disco-2); project / researcher / operator / subject decided per file before ingest (tasks/drives_ingest_dryrun_review.md). Claim: NO-CLAIM.,1505b2955994be47ebae02338f2a2ca4259c14ab9ba36938b53dc8e932a3a89d,NO-CLAIM,,
drive2_MFB-Disco-2/2025-10-02 - Toshiba EXT (Backup)/Proyectos_Laboratorio_Laura/Ferritas/Charité/Fluorescence/4.10.24-test-1-FeMn/hPAEpiCs/24h-TGF-B+4h-FeMn (8).czi,,Laura,,,,24h-TGF-B+4h-FeMn (8).czi,,XMIC_24h-TGF-B+4h-FeMn (8).czi,Historical drive ingest 2026 (drive2_MFB-Disco-2); project / researcher / operator / subject decided per file before ingest (tasks/drives_ingest_dryrun_review.md). Claim: NO-CLAIM.,3611b59bab5a8bef1cdf98cee472749e05ff83051fcf23b99fd1e06dde277b7e,NO-CLAIM,,
drive2_MFB-Disco-2/2025-10-02 - Toshiba EXT (Backup)/Proyectos_Laboratorio_Laura/Ferritas/Charité/Fluorescence/4.10.24-test-1-FeMn/hPAEpiCs/24h-TGF-B+4h-FeMn (9).czi,,Laura,,,,24h-TGF-B+4h-FeMn (9).czi,,XMIC_24h-TGF-B+4h-FeMn (9).czi,Historical drive ingest 2026 (drive2_MFB-Disco-2); project / researcher / operator / subject decided per file before ingest (tasks/drives_ingest_dryrun_review.md). Claim: NO-CLAIM.,3772e5fd371c0bd8fc40d075f0d8ac109d3ef3853185433c5895b2acde4d5f56,NO-CLAIM,,
drive2_MFB-Disco-2/2025-10-02 - Toshiba EXT (Backup)/Proyectos_Laboratorio_Laura/Ferritas/Charité/Fluorescence/4.10.24-test-1-FeMn/hPAEpiCs/24h-TGF-B+4h-FeMn.czi,,Laura,,,,24h-TGF-B+4h-FeMn.czi,,XMIC_24h-TGF-B+4h-FeMn.czi,Historical drive ingest 2026 (drive2_MFB-Disco-2); project / researcher / operator / subject decided per file before ingest (tasks/drives_ingest_dryrun_review.md). Claim: NO-CLAIM.,2310108e4870155c22332869bb7549bcd13f3ac1f30a99fcba87b5dffb131922,NO-CLAIM,,
drive2_MFB-Disco-2/2025-10-02 - Toshiba EXT (Backup)/Proyectos_Laboratorio_Laura/Ferritas/Charité/Fluorescence/4.10.24-test-1-FeMn/hPAEpiCs/24h-TGF-B-1 (10).czi,,Laura,,,,24h-TGF-B-1 (10).czi,,XMIC_24h-TGF-B-1 (10).czi,Historical drive ingest 2026 (drive2_MFB-Disco-2); project / researcher / operator / subject decided per file before ingest (tasks/drives_ingest_dryrun_review.md). Claim: NO-CLAIM.,fb7d74111706528b390e78b8a1b31596d7a2b054dd9a649f6e24def5184f7527,NO-CLAIM,,
drive2_MFB-Disco-2/2025-10-02 - Toshiba EXT (Backup)/Proyectos_Laboratorio_Laura/Ferritas/Charité/Fluorescence/4.10.24-test-1-FeMn/hPAEpiCs/24h-TGF-B-1 (11).czi,,Laura,,,,24h-TGF-B-1 (11).czi,,XMIC_24h-TGF-B-1 (11).czi,Historical drive ingest 2026 (drive2_MFB-Disco-2); project / researcher / operator / subject decided per file before ingest (tasks/drives_ingest_dryrun_review.md). Claim: NO-CLAIM.,6ba80f2153a1c65dd93522f851c91382716d6de58368b3d2030cda95624cf945,NO-CLAIM,,
drive2_MFB-Disco-2/2025-10-02 - Toshiba EXT (Backup)/Proyectos_Laboratorio_Laura/Ferritas/Charité/Fluorescence/4.10.24-test-1-FeMn/hPAEpiCs/24h-TGF-B-1 (12).czi,,Laura,,,,24h-TGF-B-1 (12).czi,,XMIC_24h-TGF-B-1 (12).czi,Historical drive ingest 2026 (drive2_MFB-Disco-2); project / researcher / operator / subject decided per file before ingest (tasks/drives_ingest_dryrun_review.md). Claim: NO-CLAIM.,1a5fef57117fb53fb9f76282e401c20fb7caa3f2fbf994d09749c64fd0f40ac6,NO-CLAIM,,
drive2_MFB-Disco-2/2025-10-02 - Toshiba EXT (Backup)/Proyectos_Laboratorio_Laura/Ferritas/Charité/Fluorescence/4.10.24-test-1-FeMn/hPAEpiCs/24h-TGF-B-1 (13).czi,,Laura,,,,24h-TGF-B-1 (13).czi,,XMIC_24h-TGF-B-1 (13).czi,Historical drive ingest 2026 (drive2_MFB-Disco-2); project / researcher / operator / subject decided per file before ingest (tasks/drives_ingest_dryrun_review.md). Claim: NO-CLAIM.,c1c640d31aec580f566f6574750698ba4ec3bc5c53ae028d0e99fd01d4d1c391,NO-CLAIM,,
drive2_MFB-Disco-2/2025-10-02 - Toshiba EXT (Backup)/Proyectos_Laboratorio_Laura/Ferritas/Charité/Fluorescence/4.10.24-test-1-FeMn/hPAEpiCs/24h-TGF-B-1 (14).czi,,Laura,,,,24h-TGF-B-1 (14).czi,,XMIC_24h-TGF-B-1 (14).czi,Historical drive ingest 2026 (drive2_MFB-Disco-2); project / researcher / operator / subject decided per file before ingest (tasks/drives_ingest_dryrun_review.md). Claim: NO-CLAIM.,c8c7cd93bf54bd9d14d215f203682fb1a6934ce4fbd9eef8cab18dd97d516d65,NO-CLAIM,,
drive2_MFB-Disco-2/2025-10-02 - Toshiba EXT (Backup)/Proyectos_Laboratorio_Laura/Ferritas/Charité/Fluorescence/4.10.24-test-1-FeMn/hPAEpiCs/24h-TGF-B-1 (2).czi,,Laura,,,,24h-TGF-B-1 (2).czi,,XMIC_24h-TGF-B-1 (2).czi,Historical drive ingest 2026 (drive2_MFB-Disco-2); project / researcher / operator / subject decided per file before ingest (tasks/drives_ingest_dryrun_review.md). Claim: NO-CLAIM.,39881a6de95ddffc563dbfe63a2fabee72903f361172d8ef7bd2d06cdaa034fc,NO-CLAIM,,
drive2_MFB-Disco-2/2025-10-02 - Toshiba EXT (Backup)/Proyectos_Laboratorio_Laura/Ferritas/Charité/Fluorescence/4.10.24-test-1-FeMn/hPAEpiCs/24h-TGF-B-1 (3).czi,,Laura,,,,24h-TGF-B-1 (3).czi,,XMIC_24h-TGF-B-1 (3).czi,Historical drive ingest 2026 (drive2_MFB-Disco-2); project / researcher / operator / subject decided per file before ingest (tasks/drives_ingest_dryrun_review.md). Claim: NO-CLAIM.,c4138861bf6e1abb5f7db106b05e54115502983705d1304791c932b7470abf75,NO-CLAIM,,
drive2_MFB-Disco-2/2025-10-02 - Toshiba EXT (Backup)/Proyectos_Laboratorio_Laura/Ferritas/Charité/Fluorescence/4.10.24-test-1-FeMn/hPAEpiCs/24h-TGF-B-1 (4).czi,,Laura,,,,24h-TGF-B-1 (4).czi,,XMIC_24h-TGF-B-1 (4).czi,Historical drive ingest 2026 (drive2_MFB-Disco-2); project / researcher / operator / subject decided per file before ingest (tasks/drives_ingest_dryrun_review.md). Claim: NO-CLAIM.,cd093ef626e30551e0c2349e9aad36f57839b46ad32b5c5c9362ddf79f4c73a3,NO-CLAIM,,
drive2_MFB-Disco-2/2025-10-02 - Toshiba EXT (Backup)/Proyectos_Laboratorio_Laura/Ferritas/Charité/Fluorescence/4.10.24-test-1-FeMn/hPAEpiCs/24h-TGF-B-1 (5).czi,,Laura,,,,24h-TGF-B-1 (5).czi,,XMIC_24h-TGF-B-1 (5).czi,Historical drive ingest 2026 (drive2_MFB-Disco-2); project / researcher / operator / subject decided per file before ingest (tasks/drives_ingest_dryrun_review.md). Claim: NO-CLAIM.,5d8a3e81b064d864b4802ba77879e91614ee414a1ca06fb3c9b176e42981cfd9,NO-CLAIM,,
drive2_MFB-Disco-2/2025-10-02 - Toshiba EXT (Backup)/Proyectos_Laboratorio_Laura/Ferritas/Charité/Fluorescence/4.10.24-test-1-FeMn/hPAEpiCs/24h-TGF-B-1 (6).czi,,Laura,,,,24h-TGF-B-1 (6).czi,,XMIC_24h-TGF-B-1 (6).czi,Historical drive ingest 2026 (drive2_MFB-Disco-2); project / researcher / operator / subject decided per file before ingest (tasks/drives_ingest_dryrun_review.md). Claim: NO-CLAIM.,50bd824e70091c54aa5275d0bc1f66ddb417c12118c6e46f104a59a20d4b8a01,NO-CLAIM,,
drive2_MFB-Disco-2/2025-10-02 - Toshiba EXT (Backup)/Proyectos_Laboratorio_Laura/Ferritas/Charité/Fluorescence/4.10.24-test-1-FeMn/hPAEpiCs/24h-TGF-B-1 (7).czi,,Laura,,,,24h-TGF-B-1 (7).czi,,XMIC_24h-TGF-B-1 (7).czi,Historical drive ingest 2026 (drive2_MFB-Disco-2); project / researcher / operator / subject decided per file before ingest (tasks/drives_ingest_dryrun_review.md). Claim: NO-CLAIM.,f05bdbcab1d2aaf70615f07bf8fe051a70b3628947e28450fbc0aec257cfdec2,NO-CLAIM,,
drive2_MFB-Disco-2/2025-10-02 - Toshiba EXT (Backup)/Proyectos_Laboratorio_Laura/Ferritas/Charité/Fluorescence/4.10.24-test-1-FeMn/hPAEpiCs/24h-TGF-B-1 (8).czi,,Laura,,,,24h-TGF-B-1 (8).czi,,XMIC_24h-TGF-B-1 (8).czi,Historical drive ingest 2026 (drive2_MFB-Disco-2); project / researcher / operator / subject decided per file before ingest (tasks/drives_ingest_dryrun_review.md). Claim: NO-CLAIM.,cf404f0b22908a1aff9b80fdaffdf33484eeea9db9a707e94f2a55f6ff2dceec,NO-CLAIM,,
drive2_MFB-Disco-2/2025-10-02 - Toshiba EXT (Backup)/Proyectos_Laboratorio_Laura/Ferritas/Charité/Fluorescence/4.10.24-test-1-FeMn/hPAEpiCs/24h-TGF-B-1 (9).czi,,Laura,,,,24h-TGF-B-1 (9).czi,,XMIC_24h-TGF-B-1 (9).czi,Historical drive ingest 2026 (drive2_MFB-Disco-2); project / researcher / operator / subject decided per file before ingest (tasks/drives_ingest_dryrun_review.md). Claim: NO-CLAIM.,8cb66c991070fb3b06f5f7ddc4caa91cabe17f336efdf10c65ae97f49e44beee,NO-CLAIM,,
drive2_MFB-Disco-2/2025-10-02 - Toshiba EXT (Backup)/Proyectos_Laboratorio_Laura/Ferritas/Charité/Fluorescence/4.10.24-test-1-FeMn/hPAEpiCs/24h-TGF-B-1.czi,,Laura,,,,24h-TGF-B-1.czi,,XMIC_24h-TGF-B-1.czi,Historical drive ingest 2026 (drive2_MFB-Disco-2); project / researcher / operator / subject decided per file before ingest (tasks/drives_ingest_dryrun_review.md). Claim: NO-CLAIM.,43f42b8287003fcc8a97174ee226efbcd598c772b5de2131fe584c5dc6640404,NO-CLAIM,,
drive2_MFB-Disco-2/2025-10-02 - Toshiba EXT (Backup)/Proyectos_Laboratorio_Laura/Ferritas/Charité/Fluorescence/4.10.24-test-1-FeMn/hPAEpiCs/24h-TGF-B-2 (2).czi,,Laura,,,,24h-TGF-B-2 (2).czi,,XMIC_24h-TGF-B-2 (2).czi,Historical drive ingest 2026 (drive2_MFB-Disco-2); project / researcher / operator / subject decided per file before ingest (tasks/drives_ingest_dryrun_review.md). Claim: NO-CLAIM.,60d266aec3742eb053204ad48128b9841802f4c13dba1fa41de1cdce4f5e04cf,NO-CLAIM,,
drive2_MFB-Disco-2/2025-10-02 - Toshiba EXT (Backup)/Proyectos_Laboratorio_Laura/Ferritas/Charité/Fluorescence/4.10.24-test-1-FeMn/hPAEpiCs/24h-TGF-B-2 (3).czi,,Laura,,,,24h-TGF-B-2 (3).czi,,XMIC_24h-TGF-B-2 (3).czi,Historical drive ingest 2026 (drive2_MFB-Disco-2); project / researcher / operator / subject decided per file before ingest (tasks/drives_ingest_dryrun_review.md). Claim: NO-CLAIM.,29727b39289d477fe68b1f13bc1e21182eead29b205c3ff2b745b4be9fe95e0b,NO-CLAIM,,
drive2_MFB-Disco-2/2025-10-02 - Toshiba EXT (Backup)/Proyectos_Laboratorio_Laura/Ferritas/Charité/Fluorescence/4.10.24-test-1-FeMn/hPAEpiCs/24h-TGF-B-2 (4).czi,,Laura,,,,24h-TGF-B-2 (4).czi,,XMIC_24h-TGF-B-2 (4).czi,Historical drive ingest 2026 (drive2_MFB-Disco-2); project / researcher / operator / subject decided per file before ingest (tasks/drives_ingest_dryrun_review.md). Claim: NO-CLAIM.,7b128d08541f3c012127d4f31d24528a0f907bcdd20257daade8431ef081f047,NO-CLAIM,,
drive2_MFB-Disco-2/2025-10-02 - Toshiba EXT (Backup)/Proyectos_Laboratorio_Laura/Ferritas/Charité/Fluorescence/4.10.24-test-1-FeMn/hPAEpiCs/24h-TGF-B-2 (5).czi,,Laura,,,,24h-TGF-B-2 (5).czi,,XMIC_24h-TGF-B-2 (5).czi,Historical drive ingest 2026 (drive2_MFB-Disco-2); project / researcher / operator / subject decided per file before ingest (tasks/drives_ingest_dryrun_review.md). Claim: NO-CLAIM.,24c2070aadea87618ec7c9fc6a20b9262858bed74b9ab157677c28e2b8f976e8,NO-CLAIM,,
drive2_MFB-Disco-2/2025-10-02 - Toshiba EXT (Backup)/Proyectos_Laboratorio_Laura/Ferritas/Charité/Fluorescence/4.10.24-test-1-FeMn/hPAEpiCs/24h-TGF-B-2 (6).czi,,Laura,,,,24h-TGF-B-2 (6).czi,,XMIC_24h-TGF-B-2 (6).czi,Historical drive ingest 2026 (drive2_MFB-Disco-2); project / researcher / operator / subject decided per file before ingest (tasks/drives_ingest_dryrun_review.md). Claim: NO-CLAIM.,14ee809cb03ee310eaa739bd88c20568f1faba8d5ea12429d58019607ddf49f2,NO-CLAIM,,
drive2_MFB-Disco-2/2025-10-02 - Toshiba EXT (Backup)/Proyectos_Laboratorio_Laura/Ferritas/Charité/Fluorescence/4.10.24-test-1-FeMn/hPAEpiCs/24h-TGF-B-2.czi,,Laura,,,,24h-TGF-B-2.czi,,XMIC_24h-TGF-B-2.czi,Historical drive ingest 2026 (drive2_MFB-Disco-2); project / researcher / operator / subject decided per file before ingest (tasks/drives_ingest_dryrun_review.md). Claim: NO-CLAIM.,b528b63e35baae9567abff2dbed26e447093f38371bad391ad606b2e82cdc782,NO-CLAIM,,
drive2_MFB-Disco-2/2025-10-02 - Toshiba EXT (Backup)/Proyectos_Laboratorio_Laura/Ferritas/Charité/Fluorescence/4.10.24-test-1-FeMn/hPAEpiCs/24h-TGF-B-3 (2).czi,,Laura,,,,24h-TGF-B-3 (2).czi,,XMIC_24h-TGF-B-3 (2).czi,Historical drive ingest 2026 (drive2_MFB-Disco-2); project / researcher / operator / subject decided per file before ingest (tasks/drives_ingest_dryrun_review.md). Claim: NO-CLAIM.,bb1396896029d9a86fb2b3c4e4caf6a707f1c0bb2055101be10f30a666c28e36,NO-CLAIM,,
drive2_MFB-Disco-2/2025-10-02 - Toshiba EXT (Backup)/Proyectos_Laboratorio_Laura/Ferritas/Charité/Fluorescence/4.10.24-test-1-FeMn/hPAEpiCs/24h-TGF-B-3 (3).czi,,Laura,,,,24h-TGF-B-3 (3).czi,,XMIC_24h-TGF-B-3 (3).czi,Historical drive ingest 2026 (drive2_MFB-Disco-2); project / researcher / operator / subject decided per file before ingest (tasks/drives_ingest_dryrun_review.md). Claim: NO-CLAIM.,be850036866919ee29fa84f9f460d926668f9421bfbd2a5f0753e9c70dca573b,NO-CLAIM,,
drive2_MFB-Disco-2/2025-10-02 - Toshiba EXT (Backup)/Proyectos_Laboratorio_Laura/Ferritas/Charité/Fluorescence/4.10.24-test-1-FeMn/hPAEpiCs/24h-TGF-B-3 (4).czi,,Laura,,,,24h-TGF-B-3 (4).czi,,XMIC_24h-TGF-B-3 (4).czi,Historical drive ingest 2026 (drive2_MFB-Disco-2); project / researcher / operator / subject decided per file before ingest (tasks/drives_ingest_dryrun_review.md). Claim: NO-CLAIM.,e489414d891387094a267ca80776ed2e3f9c808b7f020178919fb01576aabb24,NO-CLAIM,,
drive2_MFB-Disco-2/2025-10-02 - Toshiba EXT (Backup)/Proyectos_Laboratorio_Laura/Ferritas/Charité/Fluorescence/4.10.24-test-1-FeMn/hPAEpiCs/24h-TGF-B-3 (5).czi,,Laura,,,,24h-TGF-B-3 (5).czi,,XMIC_24h-TGF-B-3 (5).czi,Historical drive ingest 2026 (drive2_MFB-Disco-2); project / researcher / operator / subject decided per file before ingest (tasks/drives_ingest_dryrun_review.md). Claim: NO-CLAIM.,b79485b16c34cc545c3cadc730f9b76537f888a0afb1bcd29cc39ff8733299bc,NO-CLAIM,,
drive2_MFB-Disco-2/2025-10-02 - Toshiba EXT (Backup)/Proyectos_Laboratorio_Laura/Ferritas/Charité/Fluorescence/4.10.24-test-1-FeMn/hPAEpiCs/24h-TGF-B-3 (6).czi,,Laura,,,,24h-TGF-B-3 (6).czi,,XMIC_24h-TGF-B-3 (6).czi,Historical drive ingest 2026 (drive2_MFB-Disco-2); project / researcher / operator / subject decided per file before ingest (tasks/drives_ingest_dryrun_review.md). Claim: NO-CLAIM.,0b634fba38bef2ae2f0fd6098c13c088c7c8abc51dd3ff74fa2e772246dc3fa3,NO-CLAIM,,
drive2_MFB-Disco-2/2025-10-02 - Toshiba EXT (Backup)/Proyectos_Laboratorio_Laura/Ferritas/Charité/Fluorescence/4.10.24-test-1-FeMn/hPAEpiCs/24h-TGF-B-3.czi,,Laura,,,,24h-TGF-B-3.czi,,XMIC_24h-TGF-B-3.czi,Historical drive ingest 2026 (drive2_MFB-Disco-2); project / researcher / operator / subject decided per file before ingest (tasks/drives_ingest_dryrun_review.md). Claim: NO-CLAIM.,0c1d2918a781ebf5e7f48fcca12a1f350229bc2556cdade5396cf7bebaa4687c,NO-CLAIM,,
drive2_MFB-Disco-2/2025-10-02 - Toshiba EXT (Backup)/Proyectos_Laboratorio_Laura/Ferritas/Charité/Fluorescence/4.10.24-test-1-FeMn/hPAEpiCs/4h-FeMn (10).czi,,Laura,,,,4h-FeMn (10).czi,,XMIC_4h-FeMn (10).czi,Historical drive ingest 2026 (drive2_MFB-Disco-2); project / researcher / operator / subject decided per file before ingest (tasks/drives_ingest_dryrun_review.md). Claim: NO-CLAIM.,125e8c5399794bcaf98506a73506c4c1fe2e12e090196a936bc04ae0e0c836c7,NO-CLAIM,,
drive2_MFB-Disco-2/2025-10-02 - Toshiba EXT (Backup)/Proyectos_Laboratorio_Laura/Ferritas/Charité/Fluorescence/4.10.24-test-1-FeMn/hPAEpiCs/4h-FeMn (11).czi,,Laura,,,,4h-FeMn (11).czi,,XMIC_4h-FeMn (11).czi,Historical drive ingest 2026 (drive2_MFB-Disco-2); project / researcher / operator / subject decided per file before ingest (tasks/drives_ingest_dryrun_review.md). Claim: NO-CLAIM.,a6e5059e4bf429ce3965d2ba5ba1901a5d798b336d7b7ff3bc35e1a0fc13cfc0,NO-CLAIM,,
drive2_MFB-Disco-2/2025-10-02 - Toshiba EXT (Backup)/Proyectos_Laboratorio_Laura/Ferritas/Charité/Fluorescence/4.10.24-test-1-FeMn/hPAEpiCs/4h-FeMn (12).czi,,Laura,,,,4h-FeMn (12).czi,,XMIC_4h-FeMn (12).czi,Historical drive ingest 2026 (drive2_MFB-Disco-2); project / researcher / operator / subject decided per file before ingest (tasks/drives_ingest_dryrun_review.md). Claim: NO-CLAIM.,edc1565372579f59ba682ca8d0dcfb5a4b46b24d15c7e87e0bd910a6998fd1a5,NO-CLAIM,,
drive2_MFB-Disco-2/2025-10-02 - Toshiba EXT (Backup)/Proyectos_Laboratorio_Laura/Ferritas/Charité/Fluorescence/4.10.24-test-1-FeMn/hPAEpiCs/4h-FeMn (13).czi,,Laura,,,,4h-FeMn (13).czi,,XMIC_4h-FeMn (13).czi,Historical drive ingest 2026 (drive2_MFB-Disco-2); project / researcher / operator / subject decided per file before ingest (tasks/drives_ingest_dryrun_review.md). Claim: NO-CLAIM.,6402cf8a110590e397ea4c7a574933a759ad877dd3a7b6b27b92db3fe3fc05a3,NO-CLAIM,,
drive2_MFB-Disco-2/2025-10-02 - Toshiba EXT (Backup)/Proyectos_Laboratorio_Laura/Ferritas/Charité/Fluorescence/4.10.24-test-1-FeMn/hPAEpiCs/4h-FeMn (2).czi,,Laura,,,,4h-FeMn (2).czi,,XMIC_4h-FeMn (2).czi,Historical drive ingest 2026 (drive2_MFB-Disco-2); project / researcher / operator / subject decided per file before ingest (tasks/drives_ingest_dryrun_review.md). Claim: NO-CLAIM.,22e43581240cf31326efbc96d1c7bd9ecee8373722c9326565de5260097d8c76,NO-CLAIM,,
drive2_MFB-Disco-2/2025-10-02 - Toshiba EXT (Backup)/Proyectos_Laboratorio_Laura/Ferritas/Charité/Fluorescence/4.10.24-test-1-FeMn/hPAEpiCs/4h-FeMn (3).czi,,Laura,,,,4h-FeMn (3).czi,,XMIC_4h-FeMn (3).czi,Historical drive ingest 2026 (drive2_MFB-Disco-2); project / researcher / operator / subject decided per file before ingest (tasks/drives_ingest_dryrun_review.md). Claim: NO-CLAIM.,ae68e7952f2d02206499af78f5ad46be4318b8ca0f09d698df25c0cf06df9d91,NO-CLAIM,,
drive2_MFB-Disco-2/2025-10-02 - Toshiba EXT (Backup)/Proyectos_Laboratorio_Laura/Ferritas/Charité/Fluorescence/4.10.24-test-1-FeMn/hPAEpiCs/4h-FeMn (4).czi,,Laura,,,,4h-FeMn (4).czi,,XMIC_4h-FeMn (4).czi,Historical drive ingest 2026 (drive2_MFB-Disco-2); project / researcher / operator / subject decided per file before ingest (tasks/drives_ingest_dryrun_review.md). Claim: NO-CLAIM.,77567cb70d64f2c7fc8c7eefbd3e9f7194c78edc8fc4dfb336fd06ca0436b100,NO-CLAIM,,
drive2_MFB-Disco-2/2025-10-02 - Toshiba EXT (Backup)/Proyectos_Laboratorio_Laura/Ferritas/Charité/Fluorescence/4.10.24-test-1-FeMn/hPAEpiCs/4h-FeMn (5).czi,,Laura,,,,4h-FeMn (5).czi,,XMIC_4h-FeMn (5).czi,Historical drive ingest 2026 (drive2_MFB-Disco-2); project / researcher / operator / subject decided per file before ingest (tasks/drives_ingest_dryrun_review.md). Claim: NO-CLAIM.,c3c5b2e3d319781fb5a8153a49b00b4360d5c470ae2a2946c953bdae9061aaa4,NO-CLAIM,,
drive2_MFB-Disco-2/2025-10-02 - Toshiba EXT (Backup)/Proyectos_Laboratorio_Laura/Ferritas/Charité/Fluorescence/4.10.24-test-1-FeMn/hPAEpiCs/4h-FeMn (6).czi,,Laura,,,,4h-FeMn (6).czi,,XMIC_4h-FeMn (6).czi,Historical drive ingest 2026 (drive2_MFB-Disco-2); project / researcher / operator / subject decided per file before ingest (tasks/drives_ingest_dryrun_review.md). Claim: NO-CLAIM.,49214af42bb60c9afe9979e4fccb6f39626b22e4bb9724f618d96506b88f1ba2,NO-CLAIM,,
drive2_MFB-Disco-2/2025-10-02 - Toshiba EXT (Backup)/Proyectos_Laboratorio_Laura/Ferritas/Charité/Fluorescence/4.10.24-test-1-FeMn/hPAEpiCs/4h-FeMn (7).czi,,Laura,,,,4h-FeMn (7).czi,,XMIC_4h-FeMn (7).czi,Historical drive ingest 2026 (drive2_MFB-Disco-2); project / researcher / operator / subject decided per file before ingest (tasks/drives_ingest_dryrun_review.md). Claim: NO-CLAIM.,3b1711817a3f2903a1774027357d89bb144d4644ab9b15e0df1c3195b8387b8a,NO-CLAIM,,
drive2_MFB-Disco-2/2025-10-02 - Toshiba EXT (Backup)/Proyectos_Laboratorio_Laura/Ferritas/Charité/Fluorescence/4.10.24-test-1-FeMn/hPAEpiCs/4h-FeMn (8).czi,,Laura,,,,4h-FeMn (8).czi,,XMIC_4h-FeMn (8).czi,Historical drive ingest 2026 (drive2_MFB-Disco-2); project / researcher / operator / subject decided per file before ingest (tasks/drives_ingest_dryrun_review.md). Claim: NO-CLAIM.,f5b658df744dca8cc90fe4157632af1775b54c46f947725e5e7affeacc76b576,NO-CLAIM,,
drive2_MFB-Disco-2/2025-10-02 - Toshiba EXT (Backup)/Proyectos_Laboratorio_Laura/Ferritas/Charité/Fluorescence/4.10.24-test-1-FeMn/hPAEpiCs/4h-FeMn (9).czi,,Laura,,,,4h-FeMn (9).czi,,XMIC_4h-FeMn (9).czi,Historical drive ingest 2026 (drive2_MFB-Disco-2); project / researcher / operator / subject decided per file before ingest (tasks/drives_ingest_dryrun_review.md). Claim: NO-CLAIM.,2c166491f8611ca7f40054fa4b9eb9854476909ec3830d16831e80edab4cb46b,NO-CLAIM,,
drive2_MFB-Disco-2/2025-10-02 - Toshiba EXT (Backup)/Proyectos_Laboratorio_Laura/Ferritas/Charité/Fluorescence/4.10.24-test-1-FeMn/hPAEpiCs/4h-FeMn-2 (2).czi,,Laura,,,,4h-FeMn-2 (2).czi,,XMIC_4h-FeMn-2 (2).czi,Historical drive ingest 2026 (drive2_MFB-Disco-2); project / researcher / operator / subject decided per file before ingest (tasks/drives_ingest_dryrun_review.md). Claim: NO-CLAIM.,350141d5d0c26ef077a46a87d5266687c7100f4fce856bde0559dc925acf73ef,NO-CLAIM,,
drive2_MFB-Disco-2/2025-10-02 - Toshiba EXT (Backup)/Proyectos_Laboratorio_Laura/Ferritas/Charité/Fluorescence/4.10.24-test-1-FeMn/hPAEpiCs/4h-FeMn-2 (3).czi,,Laura,,,,4h-FeMn-2 (3).czi,,XMIC_4h-FeMn-2 (3).czi,Historical drive ingest 2026 (drive2_MFB-Disco-2); project / researcher / operator / subject decided per file before ingest (tasks/drives_ingest_dryrun_review.md). Claim: NO-CLAIM.,0c5c7c39e1dcf64182af3d30b0096d689d78699a28c15d732eaf3b20f7f3a50b,NO-CLAIM,,
drive2_MFB-Disco-2/2025-10-02 - Toshiba EXT (Backup)/Proyectos_Laboratorio_Laura/Ferritas/Charité/Fluorescence/4.10.24-test-1-FeMn/hPAEpiCs/4h-FeMn-2 (4).czi,,Laura,,,,4h-FeMn-2 (4).czi,,XMIC_4h-FeMn-2 (4).czi,Historical drive ingest 2026 (drive2_MFB-Disco-2); project / researcher / operator / subject decided per file before ingest (tasks/drives_ingest_dryrun_review.md). Claim: NO-CLAIM.,5a75c90926586587fefdc9e180163b4f8f0edfdfb79c3d188e5d61de25addbe7,NO-CLAIM,,
drive2_MFB-Disco-2/2025-10-02 - Toshiba EXT (Backup)/Proyectos_Laboratorio_Laura/Ferritas/Charité/Fluorescence/4.10.24-test-1-FeMn/hPAEpiCs/4h-FeMn-2 (5).czi,,Laura,,,,4h-FeMn-2 (5).czi,,XMIC_4h-FeMn-2 (5).czi,Historical drive ingest 2026 (drive2_MFB-Disco-2); project / researcher / operator / subject decided per file before ingest (tasks/drives_ingest_dryrun_review.md). Claim: NO-CLAIM.,d2c8b105c06d8e1f5dc557ab82b3279c50167fe96bbdac734ccb617a09147008,NO-CLAIM,,
drive2_MFB-Disco-2/2025-10-02 - Toshiba EXT (Backup)/Proyectos_Laboratorio_Laura/Ferritas/Charité/Fluorescence/4.10.24-test-1-FeMn/hPAEpiCs/4h-FeMn-2.czi,,Laura,,,,4h-FeMn-2.czi,,XMIC_4h-FeMn-2.czi,Historical drive ingest 2026 (drive2_MFB-Disco-2); project / researcher / operator / subject decided per file before ingest (tasks/drives_ingest_dryrun_review.md). Claim: NO-CLAIM.,7fc5173c4ab85905f8fc0f38417f93d98b32fafbd1de52995ba80ef572df8044,NO-CLAIM,,
drive2_MFB-Disco-2/2025-10-02 - Toshiba EXT (Backup)/Proyectos_Laboratorio_Laura/Ferritas/Charité/Fluorescence/4.10.24-test-1-FeMn/hPAEpiCs/4h-FeMn.czi,,Laura,,,,4h-FeMn.czi,,XMIC_4h-FeMn.czi,Historical drive ingest 2026 (drive2_MFB-Disco-2); project / researcher / operator / subject decided per file before ingest (tasks/drives_ingest_dryrun_review.md). Claim: NO-CLAIM.,8621b2c444e75c01ec8c9d4f908ad0bea48502283caa579b54216816ec0b129b,NO-CLAIM,,
drive2_MFB-Disco-2/2025-10-02 - Toshiba EXT (Backup)/Proyectos_Laboratorio_Laura/Ferritas/Charité/Fluorescence/4.10.24-test-1-FeMn/hPAEpiCs/Control-Positivo-1 (10).czi,,Laura,,,,Control-Positivo-1 (10).czi,,XMIC_Control-Positivo-1 (10).czi,Historical drive ingest 2026 (drive2_MFB-Disco-2); project / researcher / operator / subject decided per file before ingest (tasks/drives_ingest_dryrun_review.md). Claim: NO-CLAIM.,9951b4243f65751a11f8fc1a08b192e8d027bf2f96f4f53e68cf7c3550f7dd77,NO-CLAIM,,
drive2_MFB-Disco-2/2025-10-02 - Toshiba EXT (Backup)/Proyectos_Laboratorio_Laura/Ferritas/Charité/Fluorescence/4.10.24-test-1-FeMn/hPAEpiCs/Control-Positivo-1 (11).czi,,Laura,,,,Control-Positivo-1 (11).czi,,XMIC_Control-Positivo-1 (11).czi,Historical drive ingest 2026 (drive2_MFB-Disco-2); project / researcher / operator / subject decided per file before ingest (tasks/drives_ingest_dryrun_review.md). Claim: NO-CLAIM.,557de90887b90fff2a953939368eb4476555cb1403e9e575b6561b7dccd0d5f3,NO-CLAIM,,
drive2_MFB-Disco-2/2025-10-02 - Toshiba EXT (Backup)/Proyectos_Laboratorio_Laura/Ferritas/Charité/Fluorescence/4.10.24-test-1-FeMn/hPAEpiCs/Control-Positivo-1 (12).czi,,Laura,,,,Control-Positivo-1 (12).czi,,XMIC_Control-Positivo-1 (12).czi,Historical drive ingest 2026 (drive2_MFB-Disco-2); project / researcher / operator / subject decided per file before ingest (tasks/drives_ingest_dryrun_review.md). Claim: NO-CLAIM.,1ddb9f2d9681ee0b2e0da3068a6e2be3f98828b9b9b05e0f7f9983975fb3ad39,NO-CLAIM,,
drive2_MFB-Disco-2/2025-10-02 - Toshiba EXT (Backup)/Proyectos_Laboratorio_Laura/Ferritas/Charité/Fluorescence/4.10.24-test-1-FeMn/hPAEpiCs/Control-Positivo-1 (13).czi,,Laura,,,,Control-Positivo-1 (13).czi,,XMIC_Control-Positivo-1 (13).czi,Historical drive ingest 2026 (drive2_MFB-Disco-2); project / researcher / operator / subject decided per file before ingest (tasks/drives_ingest_dryrun_review.md). Claim: NO-CLAIM.,f9ebf49a6e74db9fcdbd421db30437bcc91b5303fdadb5c334b956797ee6dc4e,NO-CLAIM,,
drive2_MFB-Disco-2/2025-10-02 - Toshiba EXT (Backup)/Proyectos_Laboratorio_Laura/Ferritas/Charité/Fluorescence/4.10.24-test-1-FeMn/hPAEpiCs/Control-Positivo-1 (14).czi,,Laura,,,,Control-Positivo-1 (14).czi,,XMIC_Control-Positivo-1 (14).czi,Historical drive ingest 2026 (drive2_MFB-Disco-2); project / researcher / operator / subject decided per file before ingest (tasks/drives_ingest_dryrun_review.md). Claim: NO-CLAIM.,d32222bf475df1cb21aa9911ce5df85c0c479db24a065a41536e454cf6a20c50,NO-CLAIM,,
drive2_MFB-Disco-2/2025-10-02 - Toshiba EXT (Backup)/Proyectos_Laboratorio_Laura/Ferritas/Charité/Fluorescence/4.10.24-test-1-FeMn/hPAEpiCs/Control-Positivo-1 (2).czi,,Laura,,,,Control-Positivo-1 (2).czi,,XMIC_Control-Positivo-1 (2).czi,Historical drive ingest 2026 (drive2_MFB-Disco-2); project / researcher / operator / subject decided per file before ingest (tasks/drives_ingest_dryrun_review.md). Claim: NO-CLAIM.,30ba5e0fd53f202d7767818a71c01ea904377c8239ba73ddc0e2671a97d0684e,NO-CLAIM,,
drive2_MFB-Disco-2/2025-10-02 - Toshiba EXT (Backup)/Proyectos_Laboratorio_Laura/Ferritas/Charité/Fluorescence/4.10.24-test-1-FeMn/hPAEpiCs/Control-Positivo-1 (3).czi,,Laura,,,,Control-Positivo-1 (3).czi,,XMIC_Control-Positivo-1 (3).czi,Historical drive ingest 2026 (drive2_MFB-Disco-2); project / researcher / operator / subject decided per file before ingest (tasks/drives_ingest_dryrun_review.md). Claim: NO-CLAIM.,f3067bcb07f7474016cf743bd7e2fdf5dc204746e07e0d8633cd3850ad20bc53,NO-CLAIM,,
drive2_MFB-Disco-2/2025-10-02 - Toshiba EXT (Backup)/Proyectos_Laboratorio_Laura/Ferritas/Charité/Fluorescence/4.10.24-test-1-FeMn/hPAEpiCs/Control-Positivo-1 (4).czi,,Laura,,,,Control-Positivo-1 (4).czi,,XMIC_Control-Positivo-1 (4).czi,Historical drive ingest 2026 (drive2_MFB-Disco-2); project / researcher / operator / subject decided per file before ingest (tasks/drives_ingest_dryrun_review.md). Claim: NO-CLAIM.,0a8ca031eb7c514f1c7b02114ba95b880a40bae4ed3ccd8a190297742a44efe4,NO-CLAIM,,
drive2_MFB-Disco-2/2025-10-02 - Toshiba EXT (Backup)/Proyectos_Laboratorio_Laura/Ferritas/Charité/Fluorescence/4.10.24-test-1-FeMn/hPAEpiCs/Control-Positivo-1 (5).czi,,Laura,,,,Control-Positivo-1 (5).czi,,XMIC_Control-Positivo-1 (5).czi,Historical drive ingest 2026 (drive2_MFB-Disco-2); project / researcher / operator / subject decided per file before ingest (tasks/drives_ingest_dryrun_review.md). Claim: NO-CLAIM.,0cb51049241966f7a93687151998e380f5fde656d02ab5e6d3bac958a5e33c91,NO-CLAIM,,
drive2_MFB-Disco-2/2025-10-02 - Toshiba EXT (Backup)/Proyectos_Laboratorio_Laura/Ferritas/Charité/Fluorescence/4.10.24-test-1-FeMn/hPAEpiCs/Control-Positivo-1 (6).czi,,Laura,,,,Control-Positivo-1 (6).czi,,XMIC_Control-Positivo-1 (6).czi,Historical drive ingest 2026 (drive2_MFB-Disco-2); project / researcher / operator / subject decided per file before ingest (tasks/drives_ingest_dryrun_review.md). Claim: NO-CLAIM.,31777b5e829f8c62050e49ebb1f03d734753382e06b40f9f299f55dea1a0f204,NO-CLAIM,,
drive2_MFB-Disco-2/2025-10-02 - Toshiba EXT (Backup)/Proyectos_Laboratorio_Laura/Ferritas/Charité/Fluorescence/4.10.24-test-1-FeMn/hPAEpiCs/Control-Positivo-1 (7).czi,,Laura,,,,Control-Positivo-1 (7).czi,,XMIC_Control-Positivo-1 (7).czi,Historical drive ingest 2026 (drive2_MFB-Disco-2); project / researcher / operator / subject decided per file before ingest (tasks/drives_ingest_dryrun_review.md). Claim: NO-CLAIM.,2dfdc2b302878ffb8b441e93cad6c09942efb64dcf147f32fc0508a8499246f8,NO-CLAIM,,
drive2_MFB-Disco-2/2025-10-02 - Toshiba EXT (Backup)/Proyectos_Laboratorio_Laura/Ferritas/Charité/Fluorescence/4.10.24-test-1-FeMn/hPAEpiCs/Control-Positivo-1 (8).czi,,Laura,,,,Control-Positivo-1 (8).czi,,XMIC_Control-Positivo-1 (8).czi,Historical drive ingest 2026 (drive2_MFB-Disco-2); project / researcher / operator / subject decided per file before ingest (tasks/drives_ingest_dryrun_review.md). Claim: NO-CLAIM.,687d1049f2ceb016373c120eab01cc8e3433d0947403ae480932de1bfab6fedc,NO-CLAIM,,
drive2_MFB-Disco-2/2025-10-02 - Toshiba EXT (Backup)/Proyectos_Laboratorio_Laura/Ferritas/Charité/Fluorescence/4.10.24-test-1-FeMn/hPAEpiCs/Control-Positivo-1 (9).czi,,Laura,,,,Control-Positivo-1 (9).czi,,XMIC_Control-Positivo-1 (9).czi,Historical drive ingest 2026 (drive2_MFB-Disco-2); project / researcher / operator / subject decided per file before ingest (tasks/drives_ingest_dryrun_review.md). Claim: NO-CLAIM.,95f25b18b3de2a1572a8e16ba1fe3a8cb302a2ff08818d7cc524695c82b6501e,NO-CLAIM,,
drive2_MFB-Disco-2/2025-10-02 - Toshiba EXT (Backup)/Proyectos_Laboratorio_Laura/Ferritas/Charité/Fluorescence/4.10.24-test-1-FeMn/hPAEpiCs/Control-Positivo-1.czi,,Laura,,,,Control-Positivo-1.czi,,XMIC_Control-Positivo-1.czi,Historical drive ingest 2026 (drive2_MFB-Disco-2); project / researcher / operator / subject decided per file before ingest (tasks/drives_ingest_dryrun_review.md). Claim: NO-CLAIM.,1ce50498ffabf9237c74429f9812d8b62d44b9739f0f9cae3a083678bd018466,NO-CLAIM,,
drive2_MFB-Disco-2/2025-10-02 - Toshiba EXT (Backup)/Proyectos_Laboratorio_Laura/Ferritas/Charité/Fluorescence/4.10.24-test-1-FeMn/hPAEpiCs/Control-negativo-1 (10).czi,,Laura,,,,Control-negativo-1 (10).czi,,XMIC_Control-negativo-1 (10).czi,Historical drive ingest 2026 (drive2_MFB-Disco-2); project / researcher / operator / subject decided per file before ingest (tasks/drives_ingest_dryrun_review.md). Claim: NO-CLAIM.,3f63036f37ce89c9ea52cd540044541e4d5f196304dbc0478ff7cd3572ffef78,NO-CLAIM,,
drive2_MFB-Disco-2/2025-10-02 - Toshiba EXT (Backup)/Proyectos_Laboratorio_Laura/Ferritas/Charité/Fluorescence/4.10.24-test-1-FeMn/hPAEpiCs/Control-negativo-1 (11).czi,,Laura,,,,Control-negativo-1 (11).czi,,XMIC_Control-negativo-1 (11).czi,Historical drive ingest 2026 (drive2_MFB-Disco-2); project / researcher / operator / subject decided per file before ingest (tasks/drives_ingest_dryrun_review.md). Claim: NO-CLAIM.,3c42e3e66ec588facddde31d881088a4b3adfad670b620d10be0b0fa013c4ed8,NO-CLAIM,,
drive2_MFB-Disco-2/2025-10-02 - Toshiba EXT (Backup)/Proyectos_Laboratorio_Laura/Ferritas/Charité/Fluorescence/4.10.24-test-1-FeMn/hPAEpiCs/Control-negativo-1 (12).czi,,Laura,,,,Control-negativo-1 (12).czi,,XMIC_Control-negativo-1 (12).czi,Historical drive ingest 2026 (drive2_MFB-Disco-2); project / researcher / operator / subject decided per file before ingest (tasks/drives_ingest_dryrun_review.md). Claim: NO-CLAIM.,6c7c930e78d45b7bdadf63f1f40867d37bf2f2b93b17ce5ed09238717c8cc8ea,NO-CLAIM,,
drive2_MFB-Disco-2/2025-10-02 - Toshiba EXT (Backup)/Proyectos_Laboratorio_Laura/Ferritas/Charité/Fluorescence/4.10.24-test-1-FeMn/hPAEpiCs/Control-negativo-1 (13).czi,,Laura,,,,Control-negativo-1 (13).czi,,XMIC_Control-negativo-1 (13).czi,Historical drive ingest 2026 (drive2_MFB-Disco-2); project / researcher / operator / subject decided per file before ingest (tasks/drives_ingest_dryrun_review.md). Claim: NO-CLAIM.,b684228f892aa3aed60a7d009e2e31bfdc6180869fd6f7e46643326fa6ef579a,NO-CLAIM,,
drive2_MFB-Disco-2/2025-10-02 - Toshiba EXT (Backup)/Proyectos_Laboratorio_Laura/Ferritas/Charité/Fluorescence/4.10.24-test-1-FeMn/hPAEpiCs/Control-negativo-1 (2).czi,,Laura,,,,Control-negativo-1 (2).czi,,XMIC_Control-negativo-1 (2).czi,Historical drive ingest 2026 (drive2_MFB-Disco-2); project / researcher / operator / subject decided per file before ingest (tasks/drives_ingest_dryrun_review.md). Claim: NO-CLAIM.,1c6482eb95eda35f75d6975b10ba4fcdbd80f145616e8d1b9061e190e31d8680,NO-CLAIM,,
drive2_MFB-Disco-2/2025-10-02 - Toshiba EXT (Backup)/Proyectos_Laboratorio_Laura/Ferritas/Charité/Fluorescence/4.10.24-test-1-FeMn/hPAEpiCs/Control-negativo-1 (3).czi,,Laura,,,,Control-negativo-1 (3).czi,,XMIC_Control-negativo-1 (3).czi,Historical drive ingest 2026 (drive2_MFB-Disco-2); project / researcher / operator / subject decided per file before ingest (tasks/drives_ingest_dryrun_review.md). Claim: NO-CLAIM.,6f43a620c0d834338505265f95946bdb336127cc1cd16a787124c611da8ed152,NO-CLAIM,,
drive2_MFB-Disco-2/2025-10-02 - Toshiba EXT (Backup)/Proyectos_Laboratorio_Laura/Ferritas/Charité/Fluorescence/4.10.24-test-1-FeMn/hPAEpiCs/Control-negativo-1 (4).czi,,Laura,,,,Control-negativo-1 (4).czi,,XMIC_Control-negativo-1 (4).czi,Historical drive ingest 2026 (drive2_MFB-Disco-2); project / researcher / operator / subject decided per file before ingest (tasks/drives_ingest_dryrun_review.md). Claim: NO-CLAIM.,9af7a38f5d74b85253aa0496a775e239410506f5617f8b29eaacba840fdea092,NO-CLAIM,,
drive2_MFB-Disco-2/2025-10-02 - Toshiba EXT (Backup)/Proyectos_Laboratorio_Laura/Ferritas/Charité/Fluorescence/4.10.24-test-1-FeMn/hPAEpiCs/Control-negativo-1 (5).czi,,Laura,,,,Control-negativo-1 (5).czi,,XMIC_Control-negativo-1 (5).czi,Historical drive ingest 2026 (drive2_MFB-Disco-2); project / researcher / operator / subject decided per file before ingest (tasks/drives_ingest_dryrun_review.md). Claim: NO-CLAIM.,59d307bdc27d75562849708566801408189be28e73a6220f9d221e7e78b2a73a,NO-CLAIM,,
drive2_MFB-Disco-2/2025-10-02 - Toshiba EXT (Backup)/Proyectos_Laboratorio_Laura/Ferritas/Charité/Fluorescence/4.10.24-test-1-FeMn/hPAEpiCs/Control-negativo-1 (6).czi,,Laura,,,,Control-negativo-1 (6).czi,,XMIC_Control-negativo-1 (6).czi,Historical drive ingest 2026 (drive2_MFB-Disco-2); project / researcher / operator / subject decided per file before ingest (tasks/drives_ingest_dryrun_review.md). Claim: NO-CLAIM.,0b9c80784e5cd27bd264899da7ee44911b70605dd64afb75b3d6d57930455e98,NO-CLAIM,,
drive2_MFB-Disco-2/2025-10-02 - Toshiba EXT (Backup)/Proyectos_Laboratorio_Laura/Ferritas/Charité/Fluorescence/4.10.24-test-1-FeMn/hPAEpiCs/Control-negativo-1 (7).czi,,Laura,,,,Control-negativo-1 (7).czi,,XMIC_Control-negativo-1 (7).czi,Historical drive ingest 2026 (drive2_MFB-Disco-2); project / researcher / operator / subject decided per file before ingest (tasks/drives_ingest_dryrun_review.md). Claim: NO-CLAIM.,b96eacdd90078f1e5ee927ed2572d9fb7d86fcbe9ff84d9e137880bce2ec1e92,NO-CLAIM,,
drive2_MFB-Disco-2/2025-10-02 - Toshiba EXT (Backup)/Proyectos_Laboratorio_Laura/Ferritas/Charité/Fluorescence/4.10.24-test-1-FeMn/hPAEpiCs/Control-negativo-1 (8).czi,,Laura,,,,Control-negativo-1 (8).czi,,XMIC_Control-negativo-1 (8).czi,Historical drive ingest 2026 (drive2_MFB-Disco-2); project / researcher / operator / subject decided per file before ingest (tasks/drives_ingest_dryrun_review.md). Claim: NO-CLAIM.,6229dc306c20c606ddf51eea71fccb4d5f82d7d4fd2a5e60f9fc3775baf1b3be,NO-CLAIM,,
drive2_MFB-Disco-2/2025-10-02 - Toshiba EXT (Backup)/Proyectos_Laboratorio_Laura/Ferritas/Charité/Fluorescence/4.10.24-test-1-FeMn/hPAEpiCs/Control-negativo-1 (9).czi,,Laura,,,,Control-negativo-1 (9).czi,,XMIC_Control-negativo-1 (9).czi,Historical drive ingest 2026 (drive2_MFB-Disco-2); project / researcher / operator / subject decided per file before ingest (tasks/drives_ingest_dryrun_review.md). Claim: NO-CLAIM.,494e69a517c312876523bf7164e67a657e85cb3b0e1d7090c074cd6ce8576f60,NO-CLAIM,,
drive2_MFB-Disco-2/2025-10-02 - Toshiba EXT (Backup)/Proyectos_Laboratorio_Laura/Ferritas/Charité/Fluorescence/4.10.24-test-1-FeMn/hPAEpiCs/Control-negativo-1.czi,,Laura,,,,Control-negativo-1.czi,,XMIC_Control-negativo-1.czi,Historical drive ingest 2026 (drive2_MFB-Disco-2); project / researcher / operator / subject decided per file before ingest (tasks/drives_ingest_dryrun_review.md). Claim: NO-CLAIM.,20badd31da7cc8f0454b9257950d7915e9d48d735cd028e53acc75299a7b24b3,NO-CLAIM,,
drive2_MFB-Disco-2/2025-10-02 - Toshiba EXT (Backup)/Proyectos_Laboratorio_Laura/Ferritas/Charité/Fluorescence/4.10.24-test-1-FeMn/hPAEpiCs/Control-negativo-2 (2).czi,,Laura,,,,Control-negativo-2 (2).czi,,XMIC_Control-negativo-2 (2).czi,Historical drive ingest 2026 (drive2_MFB-Disco-2); project / researcher / operator / subject decided per file before ingest (tasks/drives_ingest_dryrun_review.md). Claim: NO-CLAIM.,ec1d09d2a246f745202b916480881a7b89b0070e781f472cc54f6defb7dfe15e,NO-CLAIM,,
drive2_MFB-Disco-2/2025-10-02 - Toshiba EXT (Backup)/Proyectos_Laboratorio_Laura/Ferritas/Charité/Fluorescence/4.10.24-test-1-FeMn/hPAEpiCs/Control-negativo-2 (3).czi,,Laura,,,,Control-negativo-2 (3).czi,,XMIC_Control-negativo-2 (3).czi,Historical drive ingest 2026 (drive2_MFB-Disco-2); project / researcher / operator / subject decided per file before ingest (tasks/drives_ingest_dryrun_review.md). Claim: NO-CLAIM.,8433baf89023dead98e25f17c8dc45a796a50fbe6103e1f88b8b5ee14b331f95,NO-CLAIM,,
drive2_MFB-Disco-2/2025-10-02 - Toshiba EXT (Backup)/Proyectos_Laboratorio_Laura/Ferritas/Charité/Fluorescence/4.10.24-test-1-FeMn/hPAEpiCs/Control-negativo-2 (4).czi,,Laura,,,,Control-negativo-2 (4).czi,,XMIC_Control-negativo-2 (4).czi,Historical drive ingest 2026 (drive2_MFB-Disco-2); project / researcher / operator / subject decided per file before ingest (tasks/drives_ingest_dryrun_review.md). Claim: NO-CLAIM.,826d0fd56963f200371544be4af783462709bae36411f55dc4180a775b7fdf61,NO-CLAIM,,
drive2_MFB-Disco-2/2025-10-02 - Toshiba EXT (Backup)/Proyectos_Laboratorio_Laura/Ferritas/Charité/Fluorescence/4.10.24-test-1-FeMn/hPAEpiCs/Control-negativo-2 (5).czi,,Laura,,,,Control-negativo-2 (5).czi,,XMIC_Control-negativo-2 (5).czi,Historical drive ingest 2026 (drive2_MFB-Disco-2); project / researcher / operator / subject decided per file before ingest (tasks/drives_ingest_dryrun_review.md). Claim: NO-CLAIM.,aa40c2b18d190d02c7e49d0b6a58069f9a4577116e10a69b483d4203659a887e,NO-CLAIM,,
drive2_MFB-Disco-2/2025-10-02 - Toshiba EXT (Backup)/Proyectos_Laboratorio_Laura/Ferritas/Charité/Fluorescence/4.10.24-test-1-FeMn/hPAEpiCs/Control-negativo-2.czi,,Laura,,,,Control-negativo-2.czi,,XMIC_Control-negativo-2.czi,Historical drive ingest 2026 (drive2_MFB-Disco-2); project / researcher / operator / subject decided per file before ingest (tasks/drives_ingest_dryrun_review.md). Claim: NO-CLAIM.,19d04b33681d46ffe9d1b0e1be9d8313a9c5870084fbf2a4839156199056a80f,NO-CLAIM,,
drive2_MFB-Disco-2/2025-10-02 - Toshiba EXT (Backup)/Proyectos_Laboratorio_Laura/Ferritas/Charité/Fluorescence/4.10.24-test-1-FeMn/hPAEpiCs/Control-positivo-2 (2).czi,,Laura,,,,Control-positivo-2 (2).czi,,XMIC_Control-positivo-2 (2).czi,Historical drive ingest 2026 (drive2_MFB-Disco-2); project / researcher / operator / subject decided per file before ingest (tasks/drives_ingest_dryrun_review.md). Claim: NO-CLAIM.,4165e0694083a04ea7b549cb4010ae2af326d06a321cd0f263e56c7e680f06e9,NO-CLAIM,,
drive2_MFB-Disco-2/2025-10-02 - Toshiba EXT (Backup)/Proyectos_Laboratorio_Laura/Ferritas/Charité/Fluorescence/4.10.24-test-1-FeMn/hPAEpiCs/Control-positivo-2 (3).czi,,Laura,,,,Control-positivo-2 (3).czi,,XMIC_Control-positivo-2 (3).czi,Historical drive ingest 2026 (drive2_MFB-Disco-2); project / researcher / operator / subject decided per file before ingest (tasks/drives_ingest_dryrun_review.md). Claim: NO-CLAIM.,2354b7209de47d7dccf95da269c761f02b5eb043ed25da7dd313d4aacd53828f,NO-CLAIM,,
drive2_MFB-Disco-2/2025-10-02 - Toshiba EXT (Backup)/Proyectos_Laboratorio_Laura/Ferritas/Charité/Fluorescence/4.10.24-test-1-FeMn/hPAEpiCs/Control-positivo-2 (4).czi,,Laura,,,,Control-positivo-2 (4).czi,,XMIC_Control-positivo-2 (4).czi,Historical drive ingest 2026 (drive2_MFB-Disco-2); project / researcher / operator / subject decided per file before ingest (tasks/drives_ingest_dryrun_review.md). Claim: NO-CLAIM.,687adc869a5e5932df89efd43f7f8d70b6428ed977eeb891a3659383a406050d,NO-CLAIM,,
drive2_MFB-Disco-2/2025-10-02 - Toshiba EXT (Backup)/Proyectos_Laboratorio_Laura/Ferritas/Charité/Fluorescence/4.10.24-test-1-FeMn/hPAEpiCs/Control-positivo-2 (5).czi,,Laura,,,,Control-positivo-2 (5).czi,,XMIC_Control-positivo-2 (5).czi,Historical drive ingest 2026 (drive2_MFB-Disco-2); project / researcher / operator / subject decided per file before ingest (tasks/drives_ingest_dryrun_review.md). Claim: NO-CLAIM.,181012221e1c5a1fb803fe80bf9f17925e396cd98de32a12903a81d457b8cf87,NO-CLAIM,,
drive2_MFB-Disco-2/2025-10-02 - Toshiba EXT (Backup)/Proyectos_Laboratorio_Laura/Ferritas/Charité/Fluorescence/4.10.24-test-1-FeMn/hPAEpiCs/Control-positivo-2.czi,,Laura,,,,Control-positivo-2.czi,,XMIC_Control-positivo-2.czi,Historical drive ingest 2026 (drive2_MFB-Disco-2); project / researcher / operator / subject decided per file before ingest (tasks/drives_ingest_dryrun_review.md). Claim: NO-CLAIM.,afcf8b534a26471f5443436aff62c5d2a837f0ce09979f5d7fe88197ef8d42a1,NO-CLAIM,,
drive2_MFB-Disco-2/2025-10-02 - Toshiba EXT (Backup)/Proyectos_Laboratorio_Laura/Ferritas/Charité/Fluorescence/4.10.24-test-1-FeMn/hPAEpiCs/FeMn-3 (2).czi,,Laura,,,,FeMn-3 (2).czi,,XMIC_FeMn-3 (2).czi,Historical drive ingest 2026 (drive2_MFB-Disco-2); project / researcher / operator / subject decided per file before ingest (tasks/drives_ingest_dryrun_review.md). Claim: NO-CLAIM.,aeee8a9bf007a1c8e41fa2c88713f0a5abd022bb666a3e0b8a052d15936976b9,NO-CLAIM,,
drive2_MFB-Disco-2/2025-10-02 - Toshiba EXT (Backup)/Proyectos_Laboratorio_Laura/Ferritas/Charité/Fluorescence/4.10.24-test-1-FeMn/hPAEpiCs/FeMn-3 (3).czi,,Laura,,,,FeMn-3 (3).czi,,XMIC_FeMn-3 (3).czi,Historical drive ingest 2026 (drive2_MFB-Disco-2); project / researcher / operator / subject decided per file before ingest (tasks/drives_ingest_dryrun_review.md). Claim: NO-CLAIM.,c9e3ff9a1eebad6e77db3ae3e83bfcb665664147c139c6d5e8c199452e9c9912,NO-CLAIM,,
drive2_MFB-Disco-2/2025-10-02 - Toshiba EXT (Backup)/Proyectos_Laboratorio_Laura/Ferritas/Charité/Fluorescence/4.10.24-test-1-FeMn/hPAEpiCs/FeMn-3 (4).czi,,Laura,,,,FeMn-3 (4).czi,,XMIC_FeMn-3 (4).czi,Historical drive ingest 2026 (drive2_MFB-Disco-2); project / researcher / operator / subject decided per file before ingest (tasks/drives_ingest_dryrun_review.md). Claim: NO-CLAIM.,c56eae317d4733f65d7b08d3194d226db475b482cf4da0307c4606fc10ba4613,NO-CLAIM,,
drive2_MFB-Disco-2/2025-10-02 - Toshiba EXT (Backup)/Proyectos_Laboratorio_Laura/Ferritas/Charité/Fluorescence/4.10.24-test-1-FeMn/hPAEpiCs/FeMn-3 (5).czi,,Laura,,,,FeMn-3 (5).czi,,XMIC_FeMn-3 (5).czi,Historical drive ingest 2026 (drive2_MFB-Disco-2); project / researcher / operator / subject decided per file before ingest (tasks/drives_ingest_dryrun_review.md). Claim: NO-CLAIM.,d343a7bd2ec678003e0301553c5f641930ade159646a6300d1083c5eddf29c34,NO-CLAIM,,
drive2_MFB-Disco-2/2025-10-02 - Toshiba EXT (Backup)/Proyectos_Laboratorio_Laura/Ferritas/Charité/Fluorescence/4.10.24-test-1-FeMn/hPAEpiCs/FeMn-3.czi,,Laura,,,,FeMn-3.czi,,XMIC_FeMn-3.czi,Historical drive ingest 2026 (drive2_MFB-Disco-2); project / researcher / operator / subject decided per file before ingest (tasks/drives_ingest_dryrun_review.md). Claim: NO-CLAIM.,c3c35fdce6cb542280626298da242c40faa0edc206f181f1ba73424570c890a0,NO-CLAIM,,
drive2_MFB-Disco-2/2025-10-02 - Toshiba EXT (Backup)/Proyectos_Laboratorio_Laura/Ferritas/Charité/Fluorescence/Test-1/THP-1/Ctrl neg (2).czi,,Laura,,,,Ctrl neg (2).czi,,XMIC_Ctrl neg (2).czi,Historical drive ingest 2026 (drive2_MFB-Disco-2); project / researcher / operator / subject decided per file before ingest (tasks/drives_ingest_dryrun_review.md). Claim: NO-CLAIM.,ad3bba83bfa7bc571ae0176d4cb254f8d48b221769290b4fad521a182526251c,NO-CLAIM,,
drive2_MFB-Disco-2/2025-10-02 - Toshiba EXT (Backup)/Proyectos_Laboratorio_Laura/Ferritas/Charité/Fluorescence/Test-1/THP-1/Ctrl neg (3).czi,,Laura,,,,Ctrl neg (3).czi,,XMIC_Ctrl neg (3).czi,Historical drive ingest 2026 (drive2_MFB-Disco-2); project / researcher / operator / subject decided per file before ingest (tasks/drives_ingest_dryrun_review.md). Claim: NO-CLAIM.,b51b98c3a9bdb337c6ceb0ceabde3e7436205f9b0c677b48163c5709f35b1841,NO-CLAIM,,
drive2_MFB-Disco-2/2025-10-02 - Toshiba EXT (Backup)/Proyectos_Laboratorio_Laura/Ferritas/Charité/Fluorescence/Test-1/THP-1/Ctrl neg (4).czi,,Laura,,,,Ctrl neg (4).czi,,XMIC_Ctrl neg (4).czi,Historical drive ingest 2026 (drive2_MFB-Disco-2); project / researcher / operator / subject decided per file before ingest (tasks/drives_ingest_dryrun_review.md). Claim: NO-CLAIM.,a98a91e4bfb0e29382f5bf419925d55cac0a9c98e02257ce65ecb1d24e47af8a,NO-CLAIM,,
drive2_MFB-Disco-2/2025-10-02 - Toshiba EXT (Backup)/Proyectos_Laboratorio_Laura/Ferritas/Charité/Fluorescence/Test-1/THP-1/Ctrl neg (5).czi,,Laura,,,,Ctrl neg (5).czi,,XMIC_Ctrl neg (5).czi,Historical drive ingest 2026 (drive2_MFB-Disco-2); project / researcher / operator / subject decided per file before ingest (tasks/drives_ingest_dryrun_review.md). Claim: NO-CLAIM.,e54fb591f21f79ed5b944a92ecebe7f1f8053bc54cb0f8344921e1ed1a652f93,NO-CLAIM,,
drive2_MFB-Disco-2/2025-10-02 - Toshiba EXT (Backup)/Proyectos_Laboratorio_Laura/Ferritas/Charité/Fluorescence/Test-1/THP-1/Ctrl neg (6).czi,,Laura,,,,Ctrl neg (6).czi,,XMIC_Ctrl neg (6).czi,Historical drive ingest 2026 (drive2_MFB-Disco-2); project / researcher / operator / subject decided per file before ingest (tasks/drives_ingest_dryrun_review.md). Claim: NO-CLAIM.,d65a8a56adbb61b6c9270935f7bbe8308b9dde83e7bded098dc3bd6905cd828e,NO-CLAIM,,
drive2_MFB-Disco-2/2025-10-02 - Toshiba EXT (Backup)/Proyectos_Laboratorio_Laura/Ferritas/Charité/Fluorescence/Test-1/THP-1/Ctrl neg (7).czi,,Laura,,,,Ctrl neg (7).czi,,XMIC_Ctrl neg (7).czi,Historical drive ingest 2026 (drive2_MFB-Disco-2); project / researcher / operator / subject decided per file before ingest (tasks/drives_ingest_dryrun_review.md). Claim: NO-CLAIM.,22a9181b25d5aca6765fe39414cd594aabd31b6a42c4aaeec128adadc4bff15e,NO-CLAIM,,
drive2_MFB-Disco-2/2025-10-02 - Toshiba EXT (Backup)/Proyectos_Laboratorio_Laura/Ferritas/Charité/Fluorescence/Test-1/THP-1/Ctrl neg (8).czi,,Laura,,,,Ctrl neg (8).czi,,XMIC_Ctrl neg (8).czi,Historical drive ingest 2026 (drive2_MFB-Disco-2); project / researcher / operator / subject decided per file before ingest (tasks/drives_ingest_dryrun_review.md). Claim: NO-CLAIM.,17ffd5d12b13b5b338dd2e8e4622e05948497baa372d2fa16b1e8eac9d82d714,NO-CLAIM,,
drive2_MFB-Disco-2/2025-10-02 - Toshiba EXT (Backup)/Proyectos_Laboratorio_Laura/Ferritas/Charité/Fluorescence/Test-1/THP-1/Ctrl neg (9).czi,,Laura,,,,Ctrl neg (9).czi,,XMIC_Ctrl neg (9).czi,Historical drive ingest 2026 (drive2_MFB-Disco-2); project / researcher / operator / subject decided per file before ingest (tasks/drives_ingest_dryrun_review.md). Claim: NO-CLAIM.,7c90ea5681040f028d663306a337253f3df83ef974aa6fc9724582dcf72e35af,NO-CLAIM,,
drive2_MFB-Disco-2/2025-10-02 - Toshiba EXT (Backup)/Proyectos_Laboratorio_Laura/Ferritas/Charité/Fluorescence/Test-1/THP-1/Ctrl neg.czi,,Laura,,,,Ctrl neg.czi,,XMIC_Ctrl neg.czi,Historical drive ingest 2026 (drive2_MFB-Disco-2); project / researcher / operator / subject decided per file before ingest (tasks/drives_ingest_dryrun_review.md). Claim: NO-CLAIM.,972124085173459b0f7a5015bc4c54b955da77ef43e15a0fa5e5683e72996886,NO-CLAIM,,
drive2_MFB-Disco-2/2025-10-02 - Toshiba EXT (Backup)/Proyectos_Laboratorio_Laura/Ferritas/Charité/Fluorescence/Test-1/THP-1/Ctrl pos (2).czi,,Laura,,,,Ctrl pos (2).czi,,XMIC_Ctrl pos (2).czi,Historical drive ingest 2026 (drive2_MFB-Disco-2); project / researcher / operator / subject decided per file before ingest (tasks/drives_ingest_dryrun_review.md). Claim: NO-CLAIM.,4159ec8fc7f794d2270ab55b0e8c8cb07cd78e10c24313506128fee2476752a2,NO-CLAIM,,
drive2_MFB-Disco-2/2025-10-02 - Toshiba EXT (Backup)/Proyectos_Laboratorio_Laura/Ferritas/Charité/Fluorescence/Test-1/THP-1/Ctrl pos (3).czi,,Laura,,,,Ctrl pos (3).czi,,XMIC_Ctrl pos (3).czi,Historical drive ingest 2026 (drive2_MFB-Disco-2); project / researcher / operator / subject decided per file before ingest (tasks/drives_ingest_dryrun_review.md). Claim: NO-CLAIM.,56d2d810cc1331722d9f08471e54ac9409b2ee9767cdf9bb2ebd460cc8b5449e,NO-CLAIM,,
drive2_MFB-Disco-2/2025-10-02 - Toshiba EXT (Backup)/Proyectos_Laboratorio_Laura/Ferritas/Charité/Fluorescence/Test-1/THP-1/Ctrl pos (4).czi,,Laura,,,,Ctrl pos (4).czi,,XMIC_Ctrl pos (4).czi,Historical drive ingest 2026 (drive2_MFB-Disco-2); project / researcher / operator / subject decided per file before ingest (tasks/drives_ingest_dryrun_review.md). Claim: NO-CLAIM.,83189cbc5fb34e56f2e1a45a1f4956ae866b11dc058aa99fc74c0899b3f636df,NO-CLAIM,,
drive2_MFB-Disco-2/2025-10-02 - Toshiba EXT (Backup)/Proyectos_Laboratorio_Laura/Ferritas/Charité/Fluorescence/Test-1/THP-1/Ctrl pos (5).czi,,Laura,,,,Ctrl pos (5).czi,,XMIC_Ctrl pos (5).czi,Historical drive ingest 2026 (drive2_MFB-Disco-2); project / researcher / operator / subject decided per file before ingest (tasks/drives_ingest_dryrun_review.md). Claim: NO-CLAIM.,81d22c1ef281e47fb471362ccd549801daadf6615fc8e30258362eefa4e47118,NO-CLAIM,,
drive2_MFB-Disco-2/2025-10-02 - Toshiba EXT (Backup)/Proyectos_Laboratorio_Laura/Ferritas/Charité/Fluorescence/Test-1/THP-1/Ctrl pos (6).czi,,Laura,,,,Ctrl pos (6).czi,,XMIC_Ctrl pos (6).czi,Historical drive ingest 2026 (drive2_MFB-Disco-2); project / researcher / operator / subject decided per file before ingest (tasks/drives_ingest_dryrun_review.md). Claim: NO-CLAIM.,3ef083b9ea2ae9f504ada16736d7c1781915cf34774154bf8419f229cf629d32,NO-CLAIM,,
drive2_MFB-Disco-2/2025-10-02 - Toshiba EXT (Backup)/Proyectos_Laboratorio_Laura/Ferritas/Charité/Fluorescence/Test-1/THP-1/Ctrl pos (7).czi,,Laura,,,,Ctrl pos (7).czi,,XMIC_Ctrl pos (7).czi,Historical drive ingest 2026 (drive2_MFB-Disco-2); project / researcher / operator / subject decided per file before ingest (tasks/drives_ingest_dryrun_review.md). Claim: NO-CLAIM.,5fc23ebc08f3a2bc6f430a5b9e0f48fce764e0a71d64d8513cbf968279f2dc8e,NO-CLAIM,,
drive2_MFB-Disco-2/2025-10-02 - Toshiba EXT (Backup)/Proyectos_Laboratorio_Laura/Ferritas/Charité/Fluorescence/Test-1/THP-1/Ctrl pos (8).czi,,Laura,,,,Ctrl pos (8).czi,,XMIC_Ctrl pos (8).czi,Historical drive ingest 2026 (drive2_MFB-Disco-2); project / researcher / operator / subject decided per file before ingest (tasks/drives_ingest_dryrun_review.md). Claim: NO-CLAIM.,612f6217411ed435394b3af7effd29b92389876f20ad90938107441f45479eab,NO-CLAIM,,
drive2_MFB-Disco-2/2025-10-02 - Toshiba EXT (Backup)/Proyectos_Laboratorio_Laura/Ferritas/Charité/Fluorescence/Test-1/THP-1/Ctrl pos.czi,,Laura,,,,Ctrl pos.czi,,XMIC_Ctrl pos.czi,Historical drive ingest 2026 (drive2_MFB-Disco-2); project / researcher / operator / subject decided per file before ingest (tasks/drives_ingest_dryrun_review.md). Claim: NO-CLAIM.,64bddf1af7e86b201b42fadef269a972a9363d58159cd01cef127853b54131a9,NO-CLAIM,,
drive2_MFB-Disco-2/2025-10-02 - Toshiba EXT (Backup)/Proyectos_Laboratorio_Laura/Ferritas/Charité/Fluorescence/Test-1/THP-1/TGFb 24h (2).czi,,Laura,,,,TGFb 24h (2).czi,,XMIC_TGFb 24h (2).czi,Historical drive ingest 2026 (drive2_MFB-Disco-2); project / researcher / operator / subject decided per file before ingest (tasks/drives_ingest_dryrun_review.md). Claim: NO-CLAIM.,5fcb06e17e3c3b79f30c761503f84dcfb3d9fb5cf309a4a58cdc98e40a1efde6,NO-CLAIM,,
drive2_MFB-Disco-2/2025-10-02 - Toshiba EXT (Backup)/Proyectos_Laboratorio_Laura/Ferritas/Charité/Fluorescence/Test-1/THP-1/TGFb 24h (3).czi,,Laura,,,,TGFb 24h (3).czi,,XMIC_TGFb 24h (3).czi,Historical drive ingest 2026 (drive2_MFB-Disco-2); project / researcher / operator / subject decided per file before ingest (tasks/drives_ingest_dryrun_review.md). Claim: NO-CLAIM.,382e5b8ceca360bb5ce6c543cdc994514dbae1f15b1e36f0e4aa1940d6aae3be,NO-CLAIM,,
drive2_MFB-Disco-2/2025-10-02 - Toshiba EXT (Backup)/Proyectos_Laboratorio_Laura/Ferritas/Charité/Fluorescence/Test-1/THP-1/TGFb 24h (4).czi,,Laura,,,,TGFb 24h (4).czi,,XMIC_TGFb 24h (4).czi,Historical drive ingest 2026 (drive2_MFB-Disco-2); project / researcher / operator / subject decided per file before ingest (tasks/drives_ingest_dryrun_review.md). Claim: NO-CLAIM.,36337ce5b7842ded2303e4ebcf51386125429941d6c11a1a63948070f4a7d33f,NO-CLAIM,,
drive2_MFB-Disco-2/2025-10-02 - Toshiba EXT (Backup)/Proyectos_Laboratorio_Laura/Ferritas/Charité/Fluorescence/Test-1/THP-1/TGFb 24h (5).czi,,Laura,,,,TGFb 24h (5).czi,,XMIC_TGFb 24h (5).czi,Historical drive ingest 2026 (drive2_MFB-Disco-2); project / researcher / operator / subject decided per file before ingest (tasks/drives_ingest_dryrun_review.md). Claim: NO-CLAIM.,babbfdd37f6cec8affbb93db4223309fbf767bb0838e42d41785e22f9189caf0,NO-CLAIM,,
drive2_MFB-Disco-2/2025-10-02 - Toshiba EXT (Backup)/Proyectos_Laboratorio_Laura/Ferritas/Charité/Fluorescence/Test-1/THP-1/TGFb 24h.czi,,Laura,,,,TGFb 24h.czi,,XMIC_TGFb 24h.czi,Historical drive ingest 2026 (drive2_MFB-Disco-2); project / researcher / operator / subject decided per file before ingest (tasks/drives_ingest_dryrun_review.md). Claim: NO-CLAIM.,60243f8158070d9ea6accb36f795f0a8c76aeb06592b0eb517471bb0f50f5545,NO-CLAIM,,
drive2_MFB-Disco-2/2025-10-02 - Toshiba EXT (Backup)/Proyectos_Laboratorio_Laura/Ferritas/Charité/Fluorescence/Test-1/THP-1/TGFb 48h (2).czi,,Laura,,,,TGFb 48h (2).czi,,XMIC_TGFb 48h (2).czi,Historical drive ingest 2026 (drive2_MFB-Disco-2); project / researcher / operator / subject decided per file before ingest (tasks/drives_ingest_dryrun_review.md). Claim: NO-CLAIM.,65c8842dfc651176c87b16a59d92d50fbd703974d3d8b715ab25bff140854cf6,NO-CLAIM,,
drive2_MFB-Disco-2/2025-10-02 - Toshiba EXT (Backup)/Proyectos_Laboratorio_Laura/Ferritas/Charité/Fluorescence/Test-1/THP-1/TGFb 48h (3).czi,,Laura,,,,TGFb 48h (3).czi,,XMIC_TGFb 48h (3).czi,Historical drive ingest 2026 (drive2_MFB-Disco-2); project / researcher / operator / subject decided per file before ingest (tasks/drives_ingest_dryrun_review.md). Claim: NO-CLAIM.,6f90b957cba19d3b57c461db1de1ec0698580b81997a3d3cc0a11772e96bb805,NO-CLAIM,,
drive2_MFB-Disco-2/2025-10-02 - Toshiba EXT (Backup)/Proyectos_Laboratorio_Laura/Ferritas/Charité/Fluorescence/Test-1/THP-1/TGFb 48h (4).czi,,Laura,,,,TGFb 48h (4).czi,,XMIC_TGFb 48h (4).czi,Historical drive ingest 2026 (drive2_MFB-Disco-2); project / researcher / operator / subject decided per file before ingest (tasks/drives_ingest_dryrun_review.md). Claim: NO-CLAIM.,30019d7256d180a28fb70a1a889f073bb8250917cbdb7dc4b329266a85a8fd24,NO-CLAIM,,
drive2_MFB-Disco-2/2025-10-02 - Toshiba EXT (Backup)/Proyectos_Laboratorio_Laura/Ferritas/Charité/Fluorescence/Test-1/THP-1/TGFb 48h (5).czi,,Laura,,,,TGFb 48h (5).czi,,XMIC_TGFb 48h (5).czi,Historical drive ingest 2026 (drive2_MFB-Disco-2); project / researcher / operator / subject decided per file before ingest (tasks/drives_ingest_dryrun_review.md). Claim: NO-CLAIM.,11809da02acc05fd6b79d0904cfb94ac31b0decf380012624d38d2a0aa5e89a4,NO-CLAIM,,
drive2_MFB-Disco-2/2025-10-02 - Toshiba EXT (Backup)/Proyectos_Laboratorio_Laura/Ferritas/Charité/Fluorescence/Test-1/THP-1/TGFb 48h (6).czi,,Laura,,,,TGFb 48h (6).czi,,XMIC_TGFb 48h (6).czi,Historical drive ingest 2026 (drive2_MFB-Disco-2); project / researcher / operator / subject decided per file before ingest (tasks/drives_ingest_dryrun_review.md). Claim: NO-CLAIM.,a63681a9ee6f7f87a838b0a1b7479265e8b3c4ee34267a630cb4515ffe0ababe,NO-CLAIM,,
drive2_MFB-Disco-2/2025-10-02 - Toshiba EXT (Backup)/Proyectos_Laboratorio_Laura/Ferritas/Charité/Fluorescence/Test-1/THP-1/TGFb 48h (7).czi,,Laura,,,,TGFb 48h (7).czi,,XMIC_TGFb 48h (7).czi,Historical drive ingest 2026 (drive2_MFB-Disco-2); project / researcher / operator / subject decided per file before ingest (tasks/drives_ingest_dryrun_review.md). Claim: NO-CLAIM.,f1229a96aa10eedbb1085f40f4e90940b3eb7bf9916144a7b64be90632a61a81,NO-CLAIM,,
drive2_MFB-Disco-2/2025-10-02 - Toshiba EXT (Backup)/Proyectos_Laboratorio_Laura/Ferritas/Charité/Fluorescence/Test-1/THP-1/TGFb 48h (8).czi,,Laura,,,,TGFb 48h (8).czi,,XMIC_TGFb 48h (8).czi,Historical drive ingest 2026 (drive2_MFB-Disco-2); project / researcher / operator / subject decided per file before ingest (tasks/drives_ingest_dryrun_review.md). Claim: NO-CLAIM.,c44f41103b21c496e521b6e5255fed24ca571e2f57c2d1596427b90e1f449878,NO-CLAIM,,
drive2_MFB-Disco-2/2025-10-02 - Toshiba EXT (Backup)/Proyectos_Laboratorio_Laura/Ferritas/Charité/Fluorescence/Test-1/THP-1/TGFb 48h.czi,,Laura,,,,TGFb 48h.czi,,XMIC_TGFb 48h.czi,Historical drive ingest 2026 (drive2_MFB-Disco-2); project / researcher / operator / subject decided per file before ingest (tasks/drives_ingest_dryrun_review.md). Claim: NO-CLAIM.,39c0d99634543ff09b7bb5d6956e0b2c04b09e9c4da2ab8666553942beed98e2,NO-CLAIM,,
drive2_MFB-Disco-2/2025-10-02 - Toshiba EXT (Backup)/Proyectos_Laboratorio_Laura/Ferritas/Charité/Fluorescence/Test-1/hPAEpC/Ctrl neg (4).czi,,Laura,,,,Ctrl neg (4).czi,,XMIC_Ctrl neg (4).czi,Historical drive ingest 2026 (drive2_MFB-Disco-2); project / researcher / operator / subject decided per file before ingest (tasks/drives_ingest_dryrun_review.md). Claim: NO-CLAIM.,51e042b018af903b84b9eadcb39184fcf48c184991da4f9717d85a0c4adc89d6,NO-CLAIM,,
drive2_MFB-Disco-2/2025-10-02 - Toshiba EXT (Backup)/Proyectos_Laboratorio_Laura/Ferritas/Charité/Fluorescence/Test-1/hPAEpC/Ctrl neg (5).czi,,Laura,,,,Ctrl neg (5).czi,,XMIC_Ctrl neg (5).czi,Historical drive ingest 2026 (drive2_MFB-Disco-2); project / researcher / operator / subject decided per file before ingest (tasks/drives_ingest_dryrun_review.md). Claim: NO-CLAIM.,ca610c09648d320e0dcdc09baebfe783d6619e5ba0ba434fdf3a8a4062d4bd42,NO-CLAIM,,
drive2_MFB-Disco-2/2025-10-02 - Toshiba EXT (Backup)/Proyectos_Laboratorio_Laura/Ferritas/Charité/Fluorescence/Test-1/hPAEpC/Ctrl neg (6).czi,,Laura,,,,Ctrl neg (6).czi,,XMIC_Ctrl neg (6).czi,Historical drive ingest 2026 (drive2_MFB-Disco-2); project / researcher / operator / subject decided per file before ingest (tasks/drives_ingest_dryrun_review.md). Claim: NO-CLAIM.,a199e914ce5cb5056d4f7b1ef7f1310e6c37f5c11890ed94aae2a473e28bf08f,NO-CLAIM,,
drive2_MFB-Disco-2/2025-10-02 - Toshiba EXT (Backup)/Proyectos_Laboratorio_Laura/Ferritas/Charité/Fluorescence/Test-1/hPAEpC/Ctrl pos (2).czi,,Laura,,,,Ctrl pos (2).czi,,XMIC_Ctrl pos (2).czi,Historical drive ingest 2026 (drive2_MFB-Disco-2); project / researcher / operator / subject decided per file before ingest (tasks/drives_ingest_dryrun_review.md). Claim: NO-CLAIM.,9465edb22e6686164788de21abb33681276aa010474a8ed6600983b936dba20e,NO-CLAIM,,
drive2_MFB-Disco-2/2025-10-02 - Toshiba EXT (Backup)/Proyectos_Laboratorio_Laura/Ferritas/Charité/Fluorescence/Test-1/hPAEpC/Ctrl pos (3).czi,,Laura,,,,Ctrl pos (3).czi,,XMIC_Ctrl pos (3).czi,Historical drive ingest 2026 (drive2_MFB-Disco-2); project / researcher / operator / subject decided per file before ingest (tasks/drives_ingest_dryrun_review.md). Claim: NO-CLAIM.,7dd745ff064f8688acb2b95b4be9384c24bbe20aab4a8057ec3fb08a3ce1d04a,NO-CLAIM,,
drive2_MFB-Disco-2/2025-10-02 - Toshiba EXT (Backup)/Proyectos_Laboratorio_Laura/Ferritas/Charité/Fluorescence/Test-1/hPAEpC/Ctrl pos (4).czi,,Laura,,,,Ctrl pos (4).czi,,XMIC_Ctrl pos (4).czi,Historical drive ingest 2026 (drive2_MFB-Disco-2); project / researcher / operator / subject decided per file before ingest (tasks/drives_ingest_dryrun_review.md). Claim: NO-CLAIM.,e79a87086774112ff6da50ccaa58b10e7127d82bb60be713fe45f85e91adf120,NO-CLAIM,,
drive2_MFB-Disco-2/2025-10-02 - Toshiba EXT (Backup)/Proyectos_Laboratorio_Laura/Ferritas/Charité/Fluorescence/Test-1/hPAEpC/Ctrl pos (5).czi,,Laura,,,,Ctrl pos (5).czi,,XMIC_Ctrl pos (5).czi,Historical drive ingest 2026 (drive2_MFB-Disco-2); project / researcher / operator / subject decided per file before ingest (tasks/drives_ingest_dryrun_review.md). Claim: NO-CLAIM.,8dba62fdafbe6a89404029f3d6b68b4618f5d44ae8c3bfeb0a3cadec424609c5,NO-CLAIM,,
drive2_MFB-Disco-2/2025-10-02 - Toshiba EXT (Backup)/Proyectos_Laboratorio_Laura/Ferritas/Charité/Fluorescence/Test-1/hPAEpC/Ctrl pos (6).czi,,Laura,,,,Ctrl pos (6).czi,,XMIC_Ctrl pos (6).czi,Historical drive ingest 2026 (drive2_MFB-Disco-2); project / researcher / operator / subject decided per file before ingest (tasks/drives_ingest_dryrun_review.md). Claim: NO-CLAIM.,873b11f32f19fddd2f122941512c5dfdaa71f588787de1dfd71d3ea8bd8af71d,NO-CLAIM,,
drive2_MFB-Disco-2/2025-10-02 - Toshiba EXT (Backup)/Proyectos_Laboratorio_Laura/Ferritas/Charité/Fluorescence/Test-1/hPAEpC/Ctrl pos (7).czi,,Laura,,,,Ctrl pos (7).czi,,XMIC_Ctrl pos (7).czi,Historical drive ingest 2026 (drive2_MFB-Disco-2); project / researcher / operator / subject decided per file before ingest (tasks/drives_ingest_dryrun_review.md). Claim: NO-CLAIM.,ecf163299f3b66d439d364c2f206af2bfa60d2c9c88b6a3caeb2821429561fc1,NO-CLAIM,,
drive2_MFB-Disco-2/2025-10-02 - Toshiba EXT (Backup)/Proyectos_Laboratorio_Laura/Ferritas/Charité/Fluorescence/Test-1/hPAEpC/Ctrl pos.czi,,Laura,,,,Ctrl pos.czi,,XMIC_Ctrl pos.czi,Historical drive ingest 2026 (drive2_MFB-Disco-2); project / researcher / operator / subject decided per file before ingest (tasks/drives_ingest_dryrun_review.md). Claim: NO-CLAIM.,01530dc815221819d962d4bb7fed8e9994b81d68eed00a17afd74386093079d3,NO-CLAIM,,
drive2_MFB-Disco-2/2025-10-02 - Toshiba EXT (Backup)/Proyectos_Laboratorio_Laura/Ferritas/Charité/Fluorescence/Test-1/hPAEpC/Laura2/Control-negativo (2).czi,,Laura,,,,Control-negativo (2).czi,,XMIC_Control-negativo (2).czi,Historical drive ingest 2026 (drive2_MFB-Disco-2); project / researcher / operator / subject decided per file before ingest (tasks/drives_ingest_dryrun_review.md). Claim: NO-CLAIM.,cf70896f75e19af431939ed750cf000c9f1924faa80df4675705fa173537d470,NO-CLAIM,,
drive2_MFB-Disco-2/2025-10-02 - Toshiba EXT (Backup)/Proyectos_Laboratorio_Laura/Ferritas/Charité/Fluorescence/Test-1/hPAEpC/Laura2/Control-negativo (3).czi,,Laura,,,,Control-negativo (3).czi,,XMIC_Control-negativo (3).czi,Historical drive ingest 2026 (drive2_MFB-Disco-2); project / researcher / operator / subject decided per file before ingest (tasks/drives_ingest_dryrun_review.md). Claim: NO-CLAIM.,6d33991007851ed0a49298393c7b8aa7ca68aace1d4375c6df7e89588a151517,NO-CLAIM,,
drive2_MFB-Disco-2/2025-10-02 - Toshiba EXT (Backup)/Proyectos_Laboratorio_Laura/Ferritas/Charité/Fluorescence/Test-1/hPAEpC/Laura2/Control-negativo.czi,,Laura,,,,Control-negativo.czi,,XMIC_Control-negativo.czi,Historical drive ingest 2026 (drive2_MFB-Disco-2); project / researcher / operator / subject decided per file before ingest (tasks/drives_ingest_dryrun_review.md). Claim: NO-CLAIM.,65793d8fae438d2be6779715ca60ac30ec0d421f3c2a70bcac37fbe66a3c0de3,NO-CLAIM,,
drive2_MFB-Disco-2/2025-10-02 - Toshiba EXT (Backup)/Proyectos_Laboratorio_Laura/Ferritas/Charité/Fluorescence/Test-1/hPAEpC/Laura2/HPEEpiC-Control-positivo.czi,,Laura,,,,HPEEpiC-Control-positivo.czi,,XMIC_HPEEpiC-Control-positivo.czi,Historical drive ingest 2026 (drive2_MFB-Disco-2); project / researcher / operator / subject decided per file before ingest (tasks/drives_ingest_dryrun_review.md). Claim: NO-CLAIM.,5406c3e59628debdfe0b40718d2e16f0cb4ed99632ad540d604496083e9f344f,NO-CLAIM,,
drive2_MFB-Disco-2/2025-10-02 - Toshiba EXT (Backup)/Proyectos_Laboratorio_Laura/Ferritas/Charité/Fluorescence/Test-1/hPAEpC/Laura2/HPEEpiC-Control-positivo1.czi,,Laura,,,,HPEEpiC-Control-positivo1.czi,,XMIC_HPEEpiC-Control-positivo1.czi,Historical drive ingest 2026 (drive2_MFB-Disco-2); project / researcher / operator / subject decided per file before ingest (tasks/drives_ingest_dryrun_review.md). Claim: NO-CLAIM.,e9dc74ce010e38a1f5a7a585ba55f48fa758b4a25328a86dc6e1d603fd0b0c03,NO-CLAIM,,
drive2_MFB-Disco-2/2025-10-02 - Toshiba EXT (Backup)/Proyectos_Laboratorio_Laura/Ferritas/Charité/Fluorescence/Test-1/hPAEpC/Laura2/HPEEpiC-Control-positivo2.czi,,Laura,,,,HPEEpiC-Control-positivo2.czi,,XMIC_HPEEpiC-Control-positivo2.czi,Historical drive ingest 2026 (drive2_MFB-Disco-2); project / researcher / operator / subject decided per file before ingest (tasks/drives_ingest_dryrun_review.md). Claim: NO-CLAIM.,b70ddda81fba1a0a871713c5c61f6ec65f1803948a197d96170090a895d8ab70,NO-CLAIM,,
drive2_MFB-Disco-2/2025-10-02 - Toshiba EXT (Backup)/Proyectos_Laboratorio_Laura/Ferritas/Charité/Fluorescence/Test-1/hPAEpC/Laura2/HPEEpiC-Control-positivo3.czi,,Laura,,,,HPEEpiC-Control-positivo3.czi,,XMIC_HPEEpiC-Control-positivo3.czi,Historical drive ingest 2026 (drive2_MFB-Disco-2); project / researcher / operator / subject decided per file before ingest (tasks/drives_ingest_dryrun_review.md). Claim: NO-CLAIM.,f03d30124582f885617233108ce6e9f4cc885349c1d0a217f5928f77cd239546,NO-CLAIM,,
drive2_MFB-Disco-2/2025-10-02 - Toshiba EXT (Backup)/Proyectos_Laboratorio_Laura/Ferritas/Charité/Fluorescence/Test-1/hPAEpC/Laura2/HPEEpiC-Control-positivo4.czi,,Laura,,,,HPEEpiC-Control-positivo4.czi,,XMIC_HPEEpiC-Control-positivo4.czi,Historical drive ingest 2026 (drive2_MFB-Disco-2); project / researcher / operator / subject decided per file before ingest (tasks/drives_ingest_dryrun_review.md). Claim: NO-CLAIM.,4a7cf214ce92895cc63a5aabfed11f38b88acedad236b8893bd7bb3db03283ed,NO-CLAIM,,
drive2_MFB-Disco-2/2025-10-02 - Toshiba EXT (Backup)/Proyectos_Laboratorio_Laura/Ferritas/Charité/Fluorescence/Test-1/hPAEpC/Laura2/HPEEpiC-Control-positivo5.czi,,Laura,,,,HPEEpiC-Control-positivo5.czi,,XMIC_HPEEpiC-Control-positivo5.czi,Historical drive ingest 2026 (drive2_MFB-Disco-2); project / researcher / operator / subject decided per file before ingest (tasks/drives_ingest_dryrun_review.md). Claim: NO-CLAIM.,79c16b6a5d5a2829cf67ba40a453c4f280080dfcdd85f72a4fb1e732f69181b6,NO-CLAIM,,
drive2_MFB-Disco-2/2025-10-02 - Toshiba EXT (Backup)/Proyectos_Laboratorio_Laura/Ferritas/Charité/Fluorescence/Test-1/hPAEpC/Laura2/HPEEpiC-Control-positivo6.czi,,Laura,,,,HPEEpiC-Control-positivo6.czi,,XMIC_HPEEpiC-Control-positivo6.czi,Historical drive ingest 2026 (drive2_MFB-Disco-2); project / researcher / operator / subject decided per file before ingest (tasks/drives_ingest_dryrun_review.md). Claim: NO-CLAIM.,ffc03ad0a6c60543d06cdd871b77cc1cef92bfa28eddb9ede9b8761f34bec85e,NO-CLAIM,,
drive2_MFB-Disco-2/2025-10-02 - Toshiba EXT (Backup)/Proyectos_Laboratorio_Laura/Ferritas/Charité/Fluorescence/Test-1/hPAEpC/Laura2/HpaEPIcS-24h-tgfb (2).czi,,Laura,,,,HpaEPIcS-24h-tgfb (2).czi,,XMIC_HpaEPIcS-24h-tgfb (2).czi,"Historical drive ingest 2026 (drive2_MFB-Disco-2); project / researcher / operator / subject decided per file before ingest (tasks/drives_ingest_dryrun_review.md). Claim: NO-CLAIM; shares its acquisition timestamp with 1 other file in this ingest (likely a ZEN scene split, stitched copy or extract).",db7fed91f12c82c06e488d80cbd0dae2a2ae162c583f0c851d26bc6162b2cfc4,NO-CLAIM,XMIC|2024-09-30T10:15:57.972561Z,2
drive2_MFB-Disco-2/2025-10-02 - Toshiba EXT (Backup)/Proyectos_Laboratorio_Laura/Ferritas/Charité/Fluorescence/Test-1/hPAEpC/Laura2/HpaEPIcS-24h-tgfb (2)1.czi,,Laura,,,,HpaEPIcS-24h-tgfb (2)1.czi,,XMIC_HpaEPIcS-24h-tgfb (2)1.czi,"Historical drive ingest 2026 (drive2_MFB-Disco-2); project / researcher / operator / subject decided per file before ingest (tasks/drives_ingest_dryrun_review.md). Claim: NO-CLAIM; shares its acquisition timestamp with 1 other file in this ingest (likely a ZEN scene split, stitched copy or extract).",73d3c688b75526a1afff47a76dd2085dd4c0b0a33e2778be3d6558d749fa28ce,NO-CLAIM,XMIC|2024-09-30T10:15:57.972561Z,2
drive2_MFB-Disco-2/2025-10-02 - Toshiba EXT (Backup)/Proyectos_Laboratorio_Laura/Ferritas/Charité/Fluorescence/Test-1/hPAEpC/Laura2/HpaEPIcS-24h-tgfb (3).czi,,Laura,,,,HpaEPIcS-24h-tgfb (3).czi,,XMIC_HpaEPIcS-24h-tgfb (3).czi,"Historical drive ingest 2026 (drive2_MFB-Disco-2); project / researcher / operator / subject decided per file before ingest (tasks/drives_ingest_dryrun_review.md). Claim: NO-CLAIM; shares its acquisition timestamp with 1 other file in this ingest (likely a ZEN scene split, stitched copy or extract).",22459bdf806dff4680ef3671db0f0477e4c24244f502a498cc8c20d06bda5d3e,NO-CLAIM,XMIC|2024-09-30T10:16:38.5448816Z,2
drive2_MFB-Disco-2/2025-10-02 - Toshiba EXT (Backup)/Proyectos_Laboratorio_Laura/Ferritas/Charité/Fluorescence/Test-1/hPAEpC/Laura2/HpaEPIcS-24h-tgfb (3)2.czi,,Laura,,,,HpaEPIcS-24h-tgfb (3)2.czi,,XMIC_HpaEPIcS-24h-tgfb (3)2.czi,"Historical drive ingest 2026 (drive2_MFB-Disco-2); project / researcher / operator / subject decided per file before ingest (tasks/drives_ingest_dryrun_review.md). Claim: NO-CLAIM; shares its acquisition timestamp with 1 other file in this ingest (likely a ZEN scene split, stitched copy or extract).",9f1dc5706dc613f4238fc7094b55a7dd6cce5674fae7df678200b91abcd3a214,NO-CLAIM,XMIC|2024-09-30T10:16:38.5448816Z,2
drive2_MFB-Disco-2/2025-10-02 - Toshiba EXT (Backup)/Proyectos_Laboratorio_Laura/Ferritas/Charité/Fluorescence/Test-1/hPAEpC/Laura2/HpaEPIcS-24h-tgfb (4).czi,,Laura,,,,HpaEPIcS-24h-tgfb (4).czi,,XMIC_HpaEPIcS-24h-tgfb (4).czi,"Historical drive ingest 2026 (drive2_MFB-Disco-2); project / researcher / operator / subject decided per file before ingest (tasks/drives_ingest_dryrun_review.md). Claim: NO-CLAIM; shares its acquisition timestamp with 1 other file in this ingest (likely a ZEN scene split, stitched copy or extract).",2163deb5899e2e1ab97dd5e2231b44125e2e03b1f5f39c73855bb8753bd72be7,NO-CLAIM,XMIC|2024-09-30T10:17:05.2084067Z,2
drive2_MFB-Disco-2/2025-10-02 - Toshiba EXT (Backup)/Proyectos_Laboratorio_Laura/Ferritas/Charité/Fluorescence/Test-1/hPAEpC/Laura2/HpaEPIcS-24h-tgfb (4)3.czi,,Laura,,,,HpaEPIcS-24h-tgfb (4)3.czi,,XMIC_HpaEPIcS-24h-tgfb (4)3.czi,"Historical drive ingest 2026 (drive2_MFB-Disco-2); project / researcher / operator / subject decided per file before ingest (tasks/drives_ingest_dryrun_review.md). Claim: NO-CLAIM; shares its acquisition timestamp with 1 other file in this ingest (likely a ZEN scene split, stitched copy or extract).",261c6343d0c17334c28877777a508878e9d247963e4b2010b6cc9f809ca95e90,NO-CLAIM,XMIC|2024-09-30T10:17:05.2084067Z,2
drive2_MFB-Disco-2/2025-10-02 - Toshiba EXT (Backup)/Proyectos_Laboratorio_Laura/Ferritas/Charité/Fluorescence/Test-1/hPAEpC/Laura2/HpaEPIcS-24h-tgfb.czi,,Laura,,,,HpaEPIcS-24h-tgfb.czi,,XMIC_HpaEPIcS-24h-tgfb.czi,Historical drive ingest 2026 (drive2_MFB-Disco-2); project / researcher / operator / subject decided per file before ingest (tasks/drives_ingest_dryrun_review.md). Claim: NO-CLAIM.,bac4af58bc1dffb112f5d1f3c5721f85904cadea304c466b4dd12e34a136efbb,NO-CLAIM,,
drive2_MFB-Disco-2/2025-10-02 - Toshiba EXT (Backup)/Proyectos_Laboratorio_Laura/Ferritas/Charité/Fluorescence/Test-1/hPAEpC/Laura2/Live.czi,,Laura,,,,Live.czi,,XMIC_Live.czi,Historical drive ingest 2026 (drive2_MFB-Disco-2); project / researcher / operator / subject decided per file before ingest (tasks/drives_ingest_dryrun_review.md). Claim: NO-CLAIM.,ea390728ae506d54e6e8619034d2d9945bd961e2f768211f07dc56e3a8155c7e,NO-CLAIM,,
drive2_MFB-Disco-2/2025-10-02 - Toshiba EXT (Backup)/Proyectos_Laboratorio_Laura/Ferritas/Charité/Fluorescence/Test-1/hPAEpC/Laura2/THP1-24h-TGFB1.czi,,Laura,,,,THP1-24h-TGFB1.czi,,XMIC_THP1-24h-TGFB1.czi,Historical drive ingest 2026 (drive2_MFB-Disco-2); project / researcher / operator / subject decided per file before ingest (tasks/drives_ingest_dryrun_review.md). Claim: NO-CLAIM.,6d5e2e2fd5041354d990625ee59204b6b47eb3252af97a216ce2d980d75dc146,NO-CLAIM,,
drive2_MFB-Disco-2/2025-10-02 - Toshiba EXT (Backup)/Proyectos_Laboratorio_Laura/Ferritas/Charité/Fluorescence/Test-1/hPAEpC/Laura2/THP1-24h-TGFB2.czi,,Laura,,,,THP1-24h-TGFB2.czi,,XMIC_THP1-24h-TGFB2.czi,Historical drive ingest 2026 (drive2_MFB-Disco-2); project / researcher / operator / subject decided per file before ingest (tasks/drives_ingest_dryrun_review.md). Claim: NO-CLAIM.,f7e012aad401ec75e50451219e0b2d5b41f6e70e835b9780d00680bf937573ea,NO-CLAIM,,
drive2_MFB-Disco-2/2025-10-02 - Toshiba EXT (Backup)/Proyectos_Laboratorio_Laura/Ferritas/Charité/Fluorescence/Test-1/hPAEpC/Laura2/THP1-24h-TGFB3.czi,,Laura,,,,THP1-24h-TGFB3.czi,,XMIC_THP1-24h-TGFB3.czi,Historical drive ingest 2026 (drive2_MFB-Disco-2); project / researcher / operator / subject decided per file before ingest (tasks/drives_ingest_dryrun_review.md). Claim: NO-CLAIM.,f31938a4b2aecf8d5ab1218c366d6cc8917b797befcc3cbae9da567ba43690f9,NO-CLAIM,,
drive2_MFB-Disco-2/2025-10-02 - Toshiba EXT (Backup)/Proyectos_Laboratorio_Laura/Ferritas/Charité/Fluorescence/Test-1/hPAEpC/Laura2/THP1-24h-TGFB4.czi,,Laura,,,,THP1-24h-TGFB4.czi,,XMIC_THP1-24h-TGFB4.czi,Historical drive ingest 2026 (drive2_MFB-Disco-2); project / researcher / operator / subject decided per file before ingest (tasks/drives_ingest_dryrun_review.md). Claim: NO-CLAIM.,a2b462166e53c6db1853c8fd99a7a44ed6e35c240a97207751909f9f58b0e032,NO-CLAIM,,
drive2_MFB-Disco-2/2025-10-02 - Toshiba EXT (Backup)/Proyectos_Laboratorio_Laura/Ferritas/Charité/Fluorescence/Test-1/hPAEpC/Laura2/THP1-24h-TGFB5.czi,,Laura,,,,THP1-24h-TGFB5.czi,,XMIC_THP1-24h-TGFB5.czi,Historical drive ingest 2026 (drive2_MFB-Disco-2); project / researcher / operator / subject decided per file before ingest (tasks/drives_ingest_dryrun_review.md). Claim: NO-CLAIM.,6b6953b951b146d66e44479ab78ad11ab2e657ebd841199def7de6807aa0372f,NO-CLAIM,,
drive2_MFB-Disco-2/2025-10-02 - Toshiba EXT (Backup)/Proyectos_Laboratorio_Laura/Ferritas/Charité/Fluorescence/Test-1/hPAEpC/Laura2/THP1-24h-TGFB6.czi,,Laura,,,,THP1-24h-TGFB6.czi,,XMIC_THP1-24h-TGFB6.czi,Historical drive ingest 2026 (drive2_MFB-Disco-2); project / researcher / operator / subject decided per file before ingest (tasks/drives_ingest_dryrun_review.md). Claim: NO-CLAIM.,db98bea3231193b2555e5f70ecda3a2dc4c198b37948be9c2e16d6b341c53d22,NO-CLAIM,,
drive2_MFB-Disco-2/2025-10-02 - Toshiba EXT (Backup)/Proyectos_Laboratorio_Laura/Ferritas/Charité/Fluorescence/Test-1/hPAEpC/Laura2/THP1-24h-TGFB8.czi,,Laura,,,,THP1-24h-TGFB8.czi,,XMIC_THP1-24h-TGFB8.czi,Historical drive ingest 2026 (drive2_MFB-Disco-2); project / researcher / operator / subject decided per file before ingest (tasks/drives_ingest_dryrun_review.md). Claim: NO-CLAIM.,652fa527fc3853a50115af12dbbebd971a4490e89e4cdb36de87fa12c34f4d08,NO-CLAIM,,
drive2_MFB-Disco-2/2025-10-02 - Toshiba EXT (Backup)/Proyectos_Laboratorio_Laura/Ferritas/Charité/Fluorescence/Test-1/hPAEpC/Laura2/THP1-48h-TGFB.czi,,Laura,,,,THP1-48h-TGFB.czi,,XMIC_THP1-48h-TGFB.czi,Historical drive ingest 2026 (drive2_MFB-Disco-2); project / researcher / operator / subject decided per file before ingest (tasks/drives_ingest_dryrun_review.md). Claim: NO-CLAIM.,54e04ed76ea6051b532a71ea16cff8e7220b70fddaab3a5a5ad972ac2f1f3bdd,NO-CLAIM,,
drive2_MFB-Disco-2/2025-10-02 - Toshiba EXT (Backup)/Proyectos_Laboratorio_Laura/Ferritas/Charité/Fluorescence/Test-1/hPAEpC/Laura2/THP1-48h-TGFB2.czi,,Laura,,,,THP1-48h-TGFB2.czi,,XMIC_THP1-48h-TGFB2.czi,Historical drive ingest 2026 (drive2_MFB-Disco-2); project / researcher / operator / subject decided per file before ingest (tasks/drives_ingest_dryrun_review.md). Claim: NO-CLAIM.,fcff9b37a15aa5656b793fa4a7ca0aa03ab465c44aaa9f4820aa4c4e5b3c7944,NO-CLAIM,,
drive2_MFB-Disco-2/2025-10-02 - Toshiba EXT (Backup)/Proyectos_Laboratorio_Laura/Ferritas/Charité/Fluorescence/Test-1/hPAEpC/Laura2/THP1-48h-TGFB3.czi,,Laura,,,,THP1-48h-TGFB3.czi,,XMIC_THP1-48h-TGFB3.czi,Historical drive ingest 2026 (drive2_MFB-Disco-2); project / researcher / operator / subject decided per file before ingest (tasks/drives_ingest_dryrun_review.md). Claim: NO-CLAIM.,7231bbc7fef528b6ab76bec1865c2e4aee4764496f0e31c053639cc4cceea2fb,NO-CLAIM,,
drive2_MFB-Disco-2/2025-10-02 - Toshiba EXT (Backup)/Proyectos_Laboratorio_Laura/Ferritas/Charité/Fluorescence/Test-1/hPAEpC/Laura2/THP1-Cont-negati1.czi,,Laura,,,,THP1-Cont-negati1.czi,,XMIC_THP1-Cont-negati1.czi,Historical drive ingest 2026 (drive2_MFB-Disco-2); project / researcher / operator / subject decided per file before ingest (tasks/drives_ingest_dryrun_review.md). Claim: NO-CLAIM.,67d3b802aa3b2176cfe005207bf3bfbfa17bdfb8548c3cebd343bb7029cfa787,NO-CLAIM,,
drive2_MFB-Disco-2/2025-10-02 - Toshiba EXT (Backup)/Proyectos_Laboratorio_Laura/Ferritas/Charité/Fluorescence/Test-1/hPAEpC/Laura2/THP1-Cont-negati2.czi,,Laura,,,,THP1-Cont-negati2.czi,,XMIC_THP1-Cont-negati2.czi,Historical drive ingest 2026 (drive2_MFB-Disco-2); project / researcher / operator / subject decided per file before ingest (tasks/drives_ingest_dryrun_review.md). Claim: NO-CLAIM.,822ee6b78310ed084cfaec992b0cd9acb4e079251e1d393f851a716b23fe3773,NO-CLAIM,,
drive2_MFB-Disco-2/2025-10-02 - Toshiba EXT (Backup)/Proyectos_Laboratorio_Laura/Ferritas/Charité/Fluorescence/Test-1/hPAEpC/Laura2/THP1-Cont-negati3.czi,,Laura,,,,THP1-Cont-negati3.czi,,XMIC_THP1-Cont-negati3.czi,Historical drive ingest 2026 (drive2_MFB-Disco-2); project / researcher / operator / subject decided per file before ingest (tasks/drives_ingest_dryrun_review.md). Claim: NO-CLAIM.,7f573564fac23513bcfbeab01358ea8229b7116437828321d5e93610dc40e518,NO-CLAIM,,
drive2_MFB-Disco-2/2025-10-02 - Toshiba EXT (Backup)/Proyectos_Laboratorio_Laura/Ferritas/Charité/Fluorescence/Test-1/hPAEpC/Laura2/THP1-Cont-negati4.czi,,Laura,,,,THP1-Cont-negati4.czi,,XMIC_THP1-Cont-negati4.czi,Historical drive ingest 2026 (drive2_MFB-Disco-2); project / researcher / operator / subject decided per file before ingest (tasks/drives_ingest_dryrun_review.md). Claim: NO-CLAIM.,4dc9b6478fece5e7ceb8b704b14ff70541402dd616d83164b6fcd34b97cda85d,NO-CLAIM,,
drive2_MFB-Disco-2/2025-10-02 - Toshiba EXT (Backup)/Proyectos_Laboratorio_Laura/Ferritas/Charité/Fluorescence/Test-1/hPAEpC/Laura2/THP1-Contl-Positivo.czi,,Laura,,,,THP1-Contl-Positivo.czi,,XMIC_THP1-Contl-Positivo.czi,Historical drive ingest 2026 (drive2_MFB-Disco-2); project / researcher / operator / subject decided per file before ingest (tasks/drives_ingest_dryrun_review.md). Claim: NO-CLAIM.,9bd81cf8d6c8ac320a794ea88e3018429dc0f27543cf72ff24945fd8d2603b66,NO-CLAIM,,
drive2_MFB-Disco-2/2025-10-02 - Toshiba EXT (Backup)/Proyectos_Laboratorio_Laura/Ferritas/Charité/Fluorescence/Test-1/hPAEpC/Laura2/THP1-Contl-Positivo2.czi,,Laura,,,,THP1-Contl-Positivo2.czi,,XMIC_THP1-Contl-Positivo2.czi,Historical drive ingest 2026 (drive2_MFB-Disco-2); project / researcher / operator / subject decided per file before ingest (tasks/drives_ingest_dryrun_review.md). Claim: NO-CLAIM.,fc9855cc914891a783553b3626d342dc1d1a1fa726b8e677cee29bc60794fb83,NO-CLAIM,,
drive2_MFB-Disco-2/2025-10-02 - Toshiba EXT (Backup)/Proyectos_Laboratorio_Laura/Ferritas/Charité/Fluorescence/Test-1/hPAEpC/Laura2/THP1-Contl-Positivo3.czi,,Laura,,,,THP1-Contl-Positivo3.czi,,XMIC_THP1-Contl-Positivo3.czi,Historical drive ingest 2026 (drive2_MFB-Disco-2); project / researcher / operator / subject decided per file before ingest (tasks/drives_ingest_dryrun_review.md). Claim: NO-CLAIM.,41986db8d93ec3bdec1456281f3a618b03ac81bbe4cede20d810b584217e4b20,NO-CLAIM,,
drive2_MFB-Disco-2/2025-10-02 - Toshiba EXT (Backup)/Proyectos_Laboratorio_Laura/Ferritas/Charité/Fluorescence/Test-1/hPAEpC/Laura2/THP1-Contl-Positivo4.czi,,Laura,,,,THP1-Contl-Positivo4.czi,,XMIC_THP1-Contl-Positivo4.czi,Historical drive ingest 2026 (drive2_MFB-Disco-2); project / researcher / operator / subject decided per file before ingest (tasks/drives_ingest_dryrun_review.md). Claim: NO-CLAIM.,8493888774f8cc8be99a9dde761d3dc4fc4679c459d6050d700097f9c9924a20,NO-CLAIM,,
drive2_MFB-Disco-2/2025-10-02 - Toshiba EXT (Backup)/Proyectos_Laboratorio_Laura/Ferritas/Charité/Fluorescence/Test-1/hPAEpC/Laura2/THP1-Contl-Positivo5.czi,,Laura,,,,THP1-Contl-Positivo5.czi,,XMIC_THP1-Contl-Positivo5.czi,Historical drive ingest 2026 (drive2_MFB-Disco-2); project / researcher / operator / subject decided per file before ingest (tasks/drives_ingest_dryrun_review.md). Claim: NO-CLAIM.,76cddd4e41e4907d34d92f16f333bd5b88e8f481c9bbe5770096d239b94b114f,NO-CLAIM,,
drive2_MFB-Disco-2/2025-10-02 - Toshiba EXT (Backup)/Proyectos_Laboratorio_Laura/Ferritas/Charité/Fluorescence/Test-1/hPAEpC/Laura2/hPAEpiCs-control-positivo (2).czi,,Laura,,,,hPAEpiCs-control-positivo (2).czi,,XMIC_hPAEpiCs-control-positivo (2).czi,Historical drive ingest 2026 (drive2_MFB-Disco-2); project / researcher / operator / subject decided per file before ingest (tasks/drives_ingest_dryrun_review.md). Claim: NO-CLAIM.,7e4538d717ddca7854f070c3f038b3b55843fb39e15220ef0b4b57cee6e6c0c5,NO-CLAIM,,
drive2_MFB-Disco-2/2025-10-02 - Toshiba EXT (Backup)/Proyectos_Laboratorio_Laura/Ferritas/Charité/Fluorescence/Test-1/hPAEpC/Laura2/hPAEpiCs-control-positivo (3).czi,,Laura,,,,hPAEpiCs-control-positivo (3).czi,,XMIC_hPAEpiCs-control-positivo (3).czi,Historical drive ingest 2026 (drive2_MFB-Disco-2); project / researcher / operator / subject decided per file before ingest (tasks/drives_ingest_dryrun_review.md). Claim: NO-CLAIM.,23c12b6099d842979c723b553db90d63a8002c5da78db5440c277eb71bd848da,NO-CLAIM,,
drive2_MFB-Disco-2/2025-10-02 - Toshiba EXT (Backup)/Proyectos_Laboratorio_Laura/Ferritas/Charité/Fluorescence/Test-1/hPAEpC/Laura2/hPAEpiCs-control-positivo (4).czi,,Laura,,,,hPAEpiCs-control-positivo (4).czi,,XMIC_hPAEpiCs-control-positivo (4).czi,Historical drive ingest 2026 (drive2_MFB-Disco-2); project / researcher / operator / subject decided per file before ingest (tasks/drives_ingest_dryrun_review.md). Claim: NO-CLAIM.,db50a61536c9f5aeed76921dec0ff069c041c812ddc19d54a10fa2397a57bab7,NO-CLAIM,,
drive2_MFB-Disco-2/2025-10-02 - Toshiba EXT (Backup)/Proyectos_Laboratorio_Laura/Ferritas/Charité/Fluorescence/Test-1/hPAEpC/Laura2/hPAEpiCs-control-positivo (5).czi,,Laura,,,,hPAEpiCs-control-positivo (5).czi,,XMIC_hPAEpiCs-control-positivo (5).czi,Historical drive ingest 2026 (drive2_MFB-Disco-2); project / researcher / operator / subject decided per file before ingest (tasks/drives_ingest_dryrun_review.md). Claim: NO-CLAIM.,2273affcd2ce62d1b3cb6895b7b8000c49fd1fc59ac107cff32c8f100d7a7473,NO-CLAIM,,
drive2_MFB-Disco-2/2025-10-02 - Toshiba EXT (Backup)/Proyectos_Laboratorio_Laura/Ferritas/Charité/Fluorescence/Test-1/hPAEpC/Laura2/hPAEpiCs-control-positivo.czi,,Laura,,,,hPAEpiCs-control-positivo.czi,,XMIC_hPAEpiCs-control-positivo.czi,Historical drive ingest 2026 (drive2_MFB-Disco-2); project / researcher / operator / subject decided per file before ingest (tasks/drives_ingest_dryrun_review.md). Claim: NO-CLAIM.,d4f97d9974337b5137138e55516fa85c32183d8a0e5a91b46d3479f31d1285fa,NO-CLAIM,,
drive2_MFB-Disco-2/2025-10-02 - Toshiba EXT (Backup)/Proyectos_Laboratorio_Laura/Ferritas/Charité/Fluorescence/Test-1/hPAEpC/Laura2/hPAepiCs-48h-TGFB (2).czi,,Laura,,,,hPAepiCs-48h-TGFB (2).czi,,XMIC_hPAepiCs-48h-TGFB (2).czi,"Historical drive ingest 2026 (drive2_MFB-Disco-2); project / researcher / operator / subject decided per file before ingest (tasks/drives_ingest_dryrun_review.md). Claim: NO-CLAIM; shares its acquisition timestamp with 1 other file in this ingest (likely a ZEN scene split, stitched copy or extract).",9d2784111e94cbe1ff3e2de351cd42e8d860e3666e62a42272c350b25188ab7e,NO-CLAIM,XMIC|2024-09-30T10:19:36.3040489Z,2
drive2_MFB-Disco-2/2025-10-02 - Toshiba EXT (Backup)/Proyectos_Laboratorio_Laura/Ferritas/Charité/Fluorescence/Test-1/hPAEpC/Laura2/hPAepiCs-48h-TGFB (2)5.czi,,Laura,,,,hPAepiCs-48h-TGFB (2)5.czi,,XMIC_hPAepiCs-48h-TGFB (2)5.czi,"Historical drive ingest 2026 (drive2_MFB-Disco-2); project / researcher / operator / subject decided per file before ingest (tasks/drives_ingest_dryrun_review.md). Claim: NO-CLAIM; shares its acquisition timestamp with 1 other file in this ingest (likely a ZEN scene split, stitched copy or extract).",d0853fb0fa5b14d2d082e3b1f735a9817272b7555ff36276bb8044a09ea86337,NO-CLAIM,XMIC|2024-09-30T10:19:36.3040489Z,2
drive2_MFB-Disco-2/2025-10-02 - Toshiba EXT (Backup)/Proyectos_Laboratorio_Laura/Ferritas/Charité/Fluorescence/Test-1/hPAEpC/Laura2/hPAepiCs-48h-TGFB (3).czi,,Laura,,,,hPAepiCs-48h-TGFB (3).czi,,XMIC_hPAepiCs-48h-TGFB (3).czi,"Historical drive ingest 2026 (drive2_MFB-Disco-2); project / researcher / operator / subject decided per file before ingest (tasks/drives_ingest_dryrun_review.md). Claim: NO-CLAIM; shares its acquisition timestamp with 1 other file in this ingest (likely a ZEN scene split, stitched copy or extract).",d3a4b4513a47343fbc2acbd8020433630ef141be8f218571a3d4c9787629f2e7,NO-CLAIM,XMIC|2024-09-30T10:20:09.6569565Z,2
drive2_MFB-Disco-2/2025-10-02 - Toshiba EXT (Backup)/Proyectos_Laboratorio_Laura/Ferritas/Charité/Fluorescence/Test-1/hPAEpC/Laura2/hPAepiCs-48h-TGFB (3)6.czi,,Laura,,,,hPAepiCs-48h-TGFB (3)6.czi,,XMIC_hPAepiCs-48h-TGFB (3)6.czi,"Historical drive ingest 2026 (drive2_MFB-Disco-2); project / researcher / operator / subject decided per file before ingest (tasks/drives_ingest_dryrun_review.md). Claim: NO-CLAIM; shares its acquisition timestamp with 1 other file in this ingest (likely a ZEN scene split, stitched copy or extract).",be0f19c8b8ac4ee32c75e5326e614b2bb74f2e0cd16935ed01f27048fb1f466a,NO-CLAIM,XMIC|2024-09-30T10:20:09.6569565Z,2
drive2_MFB-Disco-2/2025-10-02 - Toshiba EXT (Backup)/Proyectos_Laboratorio_Laura/Ferritas/Charité/Fluorescence/Test-1/hPAEpC/Laura2/hPAepiCs-48h-TGFB (4).czi,,Laura,,,,hPAepiCs-48h-TGFB (4).czi,,XMIC_hPAepiCs-48h-TGFB (4).czi,Historical drive ingest 2026 (drive2_MFB-Disco-2); project / researcher / operator / subject decided per file before ingest (tasks/drives_ingest_dryrun_review.md). Claim: NO-CLAIM.,03cfb922ca2457f53a4e917a920279092987293461216b2bcd2959d02aaf4eaf,NO-CLAIM,,
drive2_MFB-Disco-2/2025-10-02 - Toshiba EXT (Backup)/Proyectos_Laboratorio_Laura/Ferritas/Charité/Fluorescence/Test-1/hPAEpC/Laura2/hPAepiCs-48h-TGFB (5).czi,,Laura,,,,hPAepiCs-48h-TGFB (5).czi,,XMIC_hPAepiCs-48h-TGFB (5).czi,Historical drive ingest 2026 (drive2_MFB-Disco-2); project / researcher / operator / subject decided per file before ingest (tasks/drives_ingest_dryrun_review.md). Claim: NO-CLAIM.,cb052a5d2f7d32f1e4a7bcb5fa601f4892d113bf2e2d7461985a17b29a1275de,NO-CLAIM,,
drive2_MFB-Disco-2/2025-10-02 - Toshiba EXT (Backup)/Proyectos_Laboratorio_Laura/Ferritas/Charité/Fluorescence/Test-1/hPAEpC/Laura2/hPAepiCs-48h-TGFB.czi,,Laura,,,,hPAepiCs-48h-TGFB.czi,,XMIC_hPAepiCs-48h-TGFB.czi,"Historical drive ingest 2026 (drive2_MFB-Disco-2); project / researcher / operator / subject decided per file before ingest (tasks/drives_ingest_dryrun_review.md). Claim: NO-CLAIM; shares its acquisition timestamp with 1 other file in this ingest (likely a ZEN scene split, stitched copy or extract).",1d6ff2c65774feae499bfd28387845f8bac6c8df8937ed335f39ee482cb9ac40,NO-CLAIM,XMIC|2024-09-30T10:18:54.7856741Z,2
drive2_MFB-Disco-2/2025-10-02 - Toshiba EXT (Backup)/Proyectos_Laboratorio_Laura/Ferritas/Charité/Fluorescence/Test-1/hPAEpC/Laura2/hPAepiCs-48h-TGFB4.czi,,Laura,,,,hPAepiCs-48h-TGFB4.czi,,XMIC_hPAepiCs-48h-TGFB4.czi,"Historical drive ingest 2026 (drive2_MFB-Disco-2); project / researcher / operator / subject decided per file before ingest (tasks/drives_ingest_dryrun_review.md). Claim: NO-CLAIM; shares its acquisition timestamp with 1 other file in this ingest (likely a ZEN scene split, stitched copy or extract).",bbf5120a9cac07f78f867eeb6b9f2131be37a4745297c1f3bd0177e8d6f1c843,NO-CLAIM,XMIC|2024-09-30T10:18:54.7856741Z,2
drive2_MFB-Disco-2/2025-10-02 - Toshiba EXT (Backup)/Proyectos_Laboratorio_Laura/Ferritas/Charité/Fluorescence/Test-1/hPAEpC/TGFb 24h (10).czi,,Laura,,,,TGFb 24h (10).czi,,XMIC_TGFb 24h (10).czi,Historical drive ingest 2026 (drive2_MFB-Disco-2); project / researcher / operator / subject decided per file before ingest (tasks/drives_ingest_dryrun_review.md). Claim: NO-CLAIM.,c815537a78d5d4febae675375dd7e7ac88d082a32026402a5f2c2ec0c080b2e2,NO-CLAIM,,
drive2_MFB-Disco-2/2025-10-02 - Toshiba EXT (Backup)/Proyectos_Laboratorio_Laura/Ferritas/Charité/Fluorescence/Test-1/hPAEpC/TGFb 24h (11).czi,,Laura,,,,TGFb 24h (11).czi,,XMIC_TGFb 24h (11).czi,Historical drive ingest 2026 (drive2_MFB-Disco-2); project / researcher / operator / subject decided per file before ingest (tasks/drives_ingest_dryrun_review.md). Claim: NO-CLAIM.,84189f7fe58698a7815828925a7a1c88c429d709d43d819cee5ae1ec280d342e,NO-CLAIM,,
drive2_MFB-Disco-2/2025-10-02 - Toshiba EXT (Backup)/Proyectos_Laboratorio_Laura/Ferritas/Charité/Fluorescence/Test-1/hPAEpC/TGFb 24h (12).czi,,Laura,,,,TGFb 24h (12).czi,,XMIC_TGFb 24h (12).czi,Historical drive ingest 2026 (drive2_MFB-Disco-2); project / researcher / operator / subject decided per file before ingest (tasks/drives_ingest_dryrun_review.md). Claim: NO-CLAIM.,6f074226956174661d8c7220d394fa778554447e55159cd2f324c79aa48beecb,NO-CLAIM,,
drive2_MFB-Disco-2/2025-10-02 - Toshiba EXT (Backup)/Proyectos_Laboratorio_Laura/Ferritas/Charité/Fluorescence/Test-1/hPAEpC/TGFb 24h (13).czi,,Laura,,,,TGFb 24h (13).czi,,XMIC_TGFb 24h (13).czi,Historical drive ingest 2026 (drive2_MFB-Disco-2); project / researcher / operator / subject decided per file before ingest (tasks/drives_ingest_dryrun_review.md). Claim: NO-CLAIM.,e9aac2646bafdce1a6e25f4c245ef76fe43258a9c58c90fee38def7a8495bfce,NO-CLAIM,,
drive2_MFB-Disco-2/2025-10-02 - Toshiba EXT (Backup)/Proyectos_Laboratorio_Laura/Ferritas/Charité/Fluorescence/Test-1/hPAEpC/TGFb 24h (14).czi,,Laura,,,,TGFb 24h (14).czi,,XMIC_TGFb 24h (14).czi,Historical drive ingest 2026 (drive2_MFB-Disco-2); project / researcher / operator / subject decided per file before ingest (tasks/drives_ingest_dryrun_review.md). Claim: NO-CLAIM.,39779fc1ea7ad05e2fe9479aecfe2169a52d659dc701bcfd28ec880f73d0478c,NO-CLAIM,,
drive2_MFB-Disco-2/2025-10-02 - Toshiba EXT (Backup)/Proyectos_Laboratorio_Laura/Ferritas/Charité/Fluorescence/Test-1/hPAEpC/TGFb 24h (15).czi,,Laura,,,,TGFb 24h (15).czi,,XMIC_TGFb 24h (15).czi,Historical drive ingest 2026 (drive2_MFB-Disco-2); project / researcher / operator / subject decided per file before ingest (tasks/drives_ingest_dryrun_review.md). Claim: NO-CLAIM.,1632441e329131e7dcc8b31a6cfb9d57d1c89d173fabc7f27f85cfda482f588e,NO-CLAIM,,
drive2_MFB-Disco-2/2025-10-02 - Toshiba EXT (Backup)/Proyectos_Laboratorio_Laura/Ferritas/Charité/Fluorescence/Test-1/hPAEpC/TGFb 24h (16).czi,,Laura,,,,TGFb 24h (16).czi,,XMIC_TGFb 24h (16).czi,Historical drive ingest 2026 (drive2_MFB-Disco-2); project / researcher / operator / subject decided per file before ingest (tasks/drives_ingest_dryrun_review.md). Claim: NO-CLAIM.,b5035fdfc19513462075431a9dc1597bb71f0771e01d86a9eafd23d6671f47a0,NO-CLAIM,,
drive2_MFB-Disco-2/2025-10-02 - Toshiba EXT (Backup)/Proyectos_Laboratorio_Laura/Ferritas/Charité/Fluorescence/Test-1/hPAEpC/TGFb 24h (2).czi,,Laura,,,,TGFb 24h (2).czi,,XMIC_TGFb 24h (2).czi,Historical drive ingest 2026 (drive2_MFB-Disco-2); project / researcher / operator / subject decided per file before ingest (tasks/drives_ingest_dryrun_review.md). Claim: NO-CLAIM.,59221c8508ea2a44748d0f4c40625278bdc7c9e524e6386f1832089f8366c6c4,NO-CLAIM,,
drive2_MFB-Disco-2/2025-10-02 - Toshiba EXT (Backup)/Proyectos_Laboratorio_Laura/Ferritas/Charité/Fluorescence/Test-1/hPAEpC/TGFb 24h (3).czi,,Laura,,,,TGFb 24h (3).czi,,XMIC_TGFb 24h (3).czi,Historical drive ingest 2026 (drive2_MFB-Disco-2); project / researcher / operator / subject decided per file before ingest (tasks/drives_ingest_dryrun_review.md). Claim: NO-CLAIM.,769ef02608caf22606d2a46e7de688cfd1d08f888b29a5fd9fec0eacda33539f,NO-CLAIM,,
drive2_MFB-Disco-2/2025-10-02 - Toshiba EXT (Backup)/Proyectos_Laboratorio_Laura/Ferritas/Charité/Fluorescence/Test-1/hPAEpC/TGFb 24h (4).czi,,Laura,,,,TGFb 24h (4).czi,,XMIC_TGFb 24h (4).czi,Historical drive ingest 2026 (drive2_MFB-Disco-2); project / researcher / operator / subject decided per file before ingest (tasks/drives_ingest_dryrun_review.md). Claim: NO-CLAIM.,9d5ee47565e32aa5336229aa39d25163c2b8a05fe8158da789878c3db7e5399e,NO-CLAIM,,
drive2_MFB-Disco-2/2025-10-02 - Toshiba EXT (Backup)/Proyectos_Laboratorio_Laura/Ferritas/Charité/Fluorescence/Test-1/hPAEpC/TGFb 24h (5).czi,,Laura,,,,TGFb 24h (5).czi,,XMIC_TGFb 24h (5).czi,Historical drive ingest 2026 (drive2_MFB-Disco-2); project / researcher / operator / subject decided per file before ingest (tasks/drives_ingest_dryrun_review.md). Claim: NO-CLAIM.,d23c2b23fa28b4ff407a3c73a7e68c8b4fc71dc3b44097bbd0c31101fa7a3fec,NO-CLAIM,,
drive2_MFB-Disco-2/2025-10-02 - Toshiba EXT (Backup)/Proyectos_Laboratorio_Laura/Ferritas/Charité/Fluorescence/Test-1/hPAEpC/TGFb 24h (6).czi,,Laura,,,,TGFb 24h (6).czi,,XMIC_TGFb 24h (6).czi,Historical drive ingest 2026 (drive2_MFB-Disco-2); project / researcher / operator / subject decided per file before ingest (tasks/drives_ingest_dryrun_review.md). Claim: NO-CLAIM.,cea3cb3070746b1fb26a04c6a5d08bb2ae038b54b4cbdb21ffae82794ccd8fa7,NO-CLAIM,,
drive2_MFB-Disco-2/2025-10-02 - Toshiba EXT (Backup)/Proyectos_Laboratorio_Laura/Ferritas/Charité/Fluorescence/Test-1/hPAEpC/TGFb 24h (7).czi,,Laura,,,,TGFb 24h (7).czi,,XMIC_TGFb 24h (7).czi,Historical drive ingest 2026 (drive2_MFB-Disco-2); project / researcher / operator / subject decided per file before ingest (tasks/drives_ingest_dryrun_review.md). Claim: NO-CLAIM.,da09948c33bd8617478f57f8cc32f553d7012a5c5ced9aab4bc294e42a69bfdd,NO-CLAIM,,
drive2_MFB-Disco-2/2025-10-02 - Toshiba EXT (Backup)/Proyectos_Laboratorio_Laura/Ferritas/Charité/Fluorescence/Test-1/hPAEpC/TGFb 24h (8).czi,,Laura,,,,TGFb 24h (8).czi,,XMIC_TGFb 24h (8).czi,Historical drive ingest 2026 (drive2_MFB-Disco-2); project / researcher / operator / subject decided per file before ingest (tasks/drives_ingest_dryrun_review.md). Claim: NO-CLAIM.,c81bbf6075f5c6bfa24ebb58b315feb0ebf824478afa3f915e21ea08e8446220,NO-CLAIM,,
drive2_MFB-Disco-2/2025-10-02 - Toshiba EXT (Backup)/Proyectos_Laboratorio_Laura/Ferritas/Charité/Fluorescence/Test-1/hPAEpC/TGFb 24h (9).czi,,Laura,,,,TGFb 24h (9).czi,,XMIC_TGFb 24h (9).czi,Historical drive ingest 2026 (drive2_MFB-Disco-2); project / researcher / operator / subject decided per file before ingest (tasks/drives_ingest_dryrun_review.md). Claim: NO-CLAIM.,262e7e54e1ecdff9cece77fbec9f5836382a0cb055000cfeed4691d16ea949b8,NO-CLAIM,,
drive2_MFB-Disco-2/2025-10-02 - Toshiba EXT (Backup)/Proyectos_Laboratorio_Laura/Ferritas/Charité/Fluorescence/Test-1/hPAEpC/TGFb 24h.czi,,Laura,,,,TGFb 24h.czi,,XMIC_TGFb 24h.czi,Historical drive ingest 2026 (drive2_MFB-Disco-2); project / researcher / operator / subject decided per file before ingest (tasks/drives_ingest_dryrun_review.md). Claim: NO-CLAIM.,aa5bfcdc3897d030774d0133970f041ba07ea058986993fb6f78e3bdc2539aaf,NO-CLAIM,,
drive2_MFB-Disco-2/2025-10-02 - Toshiba EXT (Backup)/Proyectos_Laboratorio_Laura/Ferritas/Charité/Fluorescence/Test-1/hPAEpC/TGFb 48h (10).czi,,Laura,,,,TGFb 48h (10).czi,,XMIC_TGFb 48h (10).czi,Historical drive ingest 2026 (drive2_MFB-Disco-2); project / researcher / operator / subject decided per file before ingest (tasks/drives_ingest_dryrun_review.md). Claim: NO-CLAIM.,7ec0a18bd0fef9c1331769a519a3c1c1571b0cacb557f7dea1366fa94fc68e79,NO-CLAIM,,
drive2_MFB-Disco-2/2025-10-02 - Toshiba EXT (Backup)/Proyectos_Laboratorio_Laura/Ferritas/Charité/Fluorescence/Test-1/hPAEpC/TGFb 48h (11).czi,,Laura,,,,TGFb 48h (11).czi,,XMIC_TGFb 48h (11).czi,Historical drive ingest 2026 (drive2_MFB-Disco-2); project / researcher / operator / subject decided per file before ingest (tasks/drives_ingest_dryrun_review.md). Claim: NO-CLAIM.,0a5220509b3a92828d5678c7a13c6bdd71a6892ee2368a84dca30adab76a2ea1,NO-CLAIM,,
drive2_MFB-Disco-2/2025-10-02 - Toshiba EXT (Backup)/Proyectos_Laboratorio_Laura/Ferritas/Charité/Fluorescence/Test-1/hPAEpC/TGFb 48h (2).czi,,Laura,,,,TGFb 48h (2).czi,,XMIC_TGFb 48h (2).czi,Historical drive ingest 2026 (drive2_MFB-Disco-2); project / researcher / operator / subject decided per file before ingest (tasks/drives_ingest_dryrun_review.md). Claim: NO-CLAIM.,1e2677764cde5cf72f87c7bf850700085500115475063e65512dbf69d8d6563f,NO-CLAIM,,
drive2_MFB-Disco-2/2025-10-02 - Toshiba EXT (Backup)/Proyectos_Laboratorio_Laura/Ferritas/Charité/Fluorescence/Test-1/hPAEpC/TGFb 48h (3).czi,,Laura,,,,TGFb 48h (3).czi,,XMIC_TGFb 48h (3).czi,Historical drive ingest 2026 (drive2_MFB-Disco-2); project / researcher / operator / subject decided per file before ingest (tasks/drives_ingest_dryrun_review.md). Claim: NO-CLAIM.,2ff1f1c1377b68585340fc1be299f9e9db51187683c4ca9d179a100890622d03,NO-CLAIM,,
drive2_MFB-Disco-2/2025-10-02 - Toshiba EXT (Backup)/Proyectos_Laboratorio_Laura/Ferritas/Charité/Fluorescence/Test-1/hPAEpC/TGFb 48h (4).czi,,Laura,,,,TGFb 48h (4).czi,,XMIC_TGFb 48h (4).czi,Historical drive ingest 2026 (drive2_MFB-Disco-2); project / researcher / operator / subject decided per file before ingest (tasks/drives_ingest_dryrun_review.md). Claim: NO-CLAIM.,ea6167966d879ab2d27b1044939684fdadc3d6d9a4349e65f76a285425810e96,NO-CLAIM,,
drive2_MFB-Disco-2/2025-10-02 - Toshiba EXT (Backup)/Proyectos_Laboratorio_Laura/Ferritas/Charité/Fluorescence/Test-1/hPAEpC/TGFb 48h (5).czi,,Laura,,,,TGFb 48h (5).czi,,XMIC_TGFb 48h (5).czi,Historical drive ingest 2026 (drive2_MFB-Disco-2); project / researcher / operator / subject decided per file before ingest (tasks/drives_ingest_dryrun_review.md). Claim: NO-CLAIM.,655cd8c5fb55d54928f84adbf24e60e8fe5b20cef574bfd750c9dfcf974ba97b,NO-CLAIM,,
drive2_MFB-Disco-2/2025-10-02 - Toshiba EXT (Backup)/Proyectos_Laboratorio_Laura/Ferritas/Charité/Fluorescence/Test-1/hPAEpC/TGFb 48h (6).czi,,Laura,,,,TGFb 48h (6).czi,,XMIC_TGFb 48h (6).czi,Historical drive ingest 2026 (drive2_MFB-Disco-2); project / researcher / operator / subject decided per file before ingest (tasks/drives_ingest_dryrun_review.md). Claim: NO-CLAIM.,7a57e1e63f5a3727fee9b4b7a0321bd75b58ff89ec7e290c0802e25c7fd939a1,NO-CLAIM,,
drive2_MFB-Disco-2/2025-10-02 - Toshiba EXT (Backup)/Proyectos_Laboratorio_Laura/Ferritas/Charité/Fluorescence/Test-1/hPAEpC/TGFb 48h (7).czi,,Laura,,,,TGFb 48h (7).czi,,XMIC_TGFb 48h (7).czi,Historical drive ingest 2026 (drive2_MFB-Disco-2); project / researcher / operator / subject decided per file before ingest (tasks/drives_ingest_dryrun_review.md). Claim: NO-CLAIM.,931c8c07abe79d58b7716f450d81d30a6c17228057339cded056194592e73eaa,NO-CLAIM,,
drive2_MFB-Disco-2/2025-10-02 - Toshiba EXT (Backup)/Proyectos_Laboratorio_Laura/Ferritas/Charité/Fluorescence/Test-1/hPAEpC/TGFb 48h (8).czi,,Laura,,,,TGFb 48h (8).czi,,XMIC_TGFb 48h (8).czi,Historical drive ingest 2026 (drive2_MFB-Disco-2); project / researcher / operator / subject decided per file before ingest (tasks/drives_ingest_dryrun_review.md). Claim: NO-CLAIM.,41547a17f03d2e43cc76c41c51c3ac163ec3aaecc7be2889b64de0f3d99df369,NO-CLAIM,,
drive2_MFB-Disco-2/2025-10-02 - Toshiba EXT (Backup)/Proyectos_Laboratorio_Laura/Ferritas/Charité/Fluorescence/Test-1/hPAEpC/TGFb 48h (9).czi,,Laura,,,,TGFb 48h (9).czi,,XMIC_TGFb 48h (9).czi,Historical drive ingest 2026 (drive2_MFB-Disco-2); project / researcher / operator / subject decided per file before ingest (tasks/drives_ingest_dryrun_review.md). Claim: NO-CLAIM.,45448efc965536c9cd1655f99e728c58a106195624aebe6622cdb0e369fc28d9,NO-CLAIM,,
drive2_MFB-Disco-2/2025-10-02 - Toshiba EXT (Backup)/Proyectos_Laboratorio_Laura/Ferritas/Charité/Fluorescence/Test-1/hPAEpC/TGFb 48h.czi,,Laura,,,,TGFb 48h.czi,,XMIC_TGFb 48h.czi,Historical drive ingest 2026 (drive2_MFB-Disco-2); project / researcher / operator / subject decided per file before ingest (tasks/drives_ingest_dryrun_review.md). Claim: NO-CLAIM.,e3aa07a582f668d551ac93c74da7f6adf1f8dbdb70e12e08f0e411b60bfde639,NO-CLAIM,,
drive2_MFB-Disco-2/2025-10-02 - Toshiba EXT (Backup)/Proyectos_Laboratorio_Laura/Ferritas/Charité/Fluorescence/Test-1/hPAEpC/ctrl neg (2).czi,,Laura,,,,ctrl neg (2).czi,,XMIC_ctrl neg (2).czi,Historical drive ingest 2026 (drive2_MFB-Disco-2); project / researcher / operator / subject decided per file before ingest (tasks/drives_ingest_dryrun_review.md). Claim: NO-CLAIM.,ecd44ed45e58bfd07904c70389e806745f21dad7567051512d5f16dac77324b5,NO-CLAIM,,
drive2_MFB-Disco-2/2025-10-02 - Toshiba EXT (Backup)/Proyectos_Laboratorio_Laura/Ferritas/Charité/Fluorescence/Test-1/hPAEpC/ctrl neg (3).czi,,Laura,,,,ctrl neg (3).czi,,XMIC_ctrl neg (3).czi,Historical drive ingest 2026 (drive2_MFB-Disco-2); project / researcher / operator / subject decided per file before ingest (tasks/drives_ingest_dryrun_review.md). Claim: NO-CLAIM.,974d135efa53ba2296f2a8c504bcb98b76ba31f31fa8ede7729926c6b0a32aae,NO-CLAIM,,
drive2_MFB-Disco-2/2025-10-02 - Toshiba EXT (Backup)/Proyectos_Laboratorio_Laura/Ferritas/Charité/Fluorescence/Test-1/hPAEpC/ctrl neg.czi,,Laura,,,,ctrl neg.czi,,XMIC_ctrl neg.czi,Historical drive ingest 2026 (drive2_MFB-Disco-2); project / researcher / operator / subject decided per file before ingest (tasks/drives_ingest_dryrun_review.md). Claim: NO-CLAIM.,ad8b953b883c5cc1be7e53d3f0f08c338488c8949fc32a9003de1ca60f45c5fe,NO-CLAIM,,
