original_name,drv_project,drv_researcher,drv_operator,drv_subject_alias,drv_subject_animal,drv_sample_id,drv_sample_type,drv_link_name,drv_notes,drv_sha256,drv_claim
drive1_FRIO-X6/Cell observer/AINHIZE/Claudia/0721/HE_ID134-138/20x/ID134_brain_HE_20x_1.czi,AE-biomaGUNE-0721,Claudia,AINHIZE,0721,134,ID134_brain_HE_20x_1.czi,tissue,CELL_ID134_brain_HE_20x_1.czi,Historical drive ingest 2026 (drive1_FRIO-X6); project / researcher / operator / subject decided per file before ingest (tasks/drives_ingest_dryrun_review.md). Claim: CONFIRMED.,b1628439b61f9a6ada687f0f7b9785eac34285ff638bb6ffaf234c08e6fd2f15,CONFIRMED
drive1_FRIO-X6/Cell observer/AINHIZE/Claudia/0721/HE_ID134-138/20x/ID134_brain_HE_20x_2.czi,AE-biomaGUNE-0721,Claudia,AINHIZE,0721,134,ID134_brain_HE_20x_2.czi,tissue,CELL_ID134_brain_HE_20x_2.czi,Historical drive ingest 2026 (drive1_FRIO-X6); project / researcher / operator / subject decided per file before ingest (tasks/drives_ingest_dryrun_review.md). Claim: CONFIRMED.,69c33a2909d84d5ccdbd49384dea3d950204cc681660c3c63fef087ff5ec01c3,CONFIRMED
drive1_FRIO-X6/Cell observer/AINHIZE/Claudia/0721/HE_ID134-138/20x/ID134_brain_HE_20x_3.czi,AE-biomaGUNE-0721,Claudia,AINHIZE,0721,134,ID134_brain_HE_20x_3.czi,tissue,CELL_ID134_brain_HE_20x_3.czi,Historical drive ingest 2026 (drive1_FRIO-X6); project / researcher / operator / subject decided per file before ingest (tasks/drives_ingest_dryrun_review.md). Claim: CONFIRMED.,866d5f1d7be0ff7360e1cbc9b65c53539b228dc27ebb84a89cabaebcec7c9a39,CONFIRMED
drive1_FRIO-X6/Cell observer/AINHIZE/Claudia/0721/HE_ID134-138/20x/ID134_brain_HE_20x_4.czi,AE-biomaGUNE-0721,Claudia,AINHIZE,0721,134,ID134_brain_HE_20x_4.czi,tissue,CELL_ID134_brain_HE_20x_4.czi,Historical drive ingest 2026 (drive1_FRIO-X6); project / researcher / operator / subject decided per file before ingest (tasks/drives_ingest_dryrun_review.md). Claim: CONFIRMED.,54dc427a8be41d0f2b31e1163ce89fe4a056218d8ecdee85598a1e308141af9a,CONFIRMED
drive1_FRIO-X6/Cell observer/AINHIZE/Claudia/0721/HE_ID134-138/20x/ID134_heart_HE_20x_1.czi,AE-biomaGUNE-0721,Claudia,AINHIZE,0721,134,ID134_heart_HE_20x_1.czi,tissue,CELL_ID134_heart_HE_20x_1.czi,Historical drive ingest 2026 (drive1_FRIO-X6); project / researcher / operator / subject decided per file before ingest (tasks/drives_ingest_dryrun_review.md). Claim: CONFIRMED.,383fd12b29e0a06e2a9051c7523413769afd95a9b255df8502c309e41c765779,CONFIRMED
drive1_FRIO-X6/Cell observer/AINHIZE/Claudia/0721/HE_ID134-138/20x/ID134_heart_HE_20x_2.czi,AE-biomaGUNE-0721,Claudia,AINHIZE,0721,134,ID134_heart_HE_20x_2.czi,tissue,CELL_ID134_heart_HE_20x_2.czi,Historical drive ingest 2026 (drive1_FRIO-X6); project / researcher / operator / subject decided per file before ingest (tasks/drives_ingest_dryrun_review.md). Claim: CONFIRMED.,433729f58d89ae71ac2b58adc8a9bf35e62051c91f3b8de450022eb1335404a6,CONFIRMED
drive1_FRIO-X6/Cell observer/AINHIZE/Claudia/0721/HE_ID134-138/20x/ID134_heart_HE_20x_3.czi,AE-biomaGUNE-0721,Claudia,AINHIZE,0721,134,ID134_heart_HE_20x_3.czi,tissue,CELL_ID134_heart_HE_20x_3.czi,Historical drive ingest 2026 (drive1_FRIO-X6); project / researcher / operator / subject decided per file before ingest (tasks/drives_ingest_dryrun_review.md). Claim: CONFIRMED.,76887a8c13fb90d1b7ac62a1041f0db58a7bee19c01102e79370b3e6e147eef3,CONFIRMED
drive1_FRIO-X6/Cell observer/AINHIZE/Claudia/0721/HE_ID134-138/20x/ID134_kidney1_HE_20x_1.czi,AE-biomaGUNE-0721,Claudia,AINHIZE,0721,134,ID134_kidney1_HE_20x_1.czi,tissue,CELL_ID134_kidney1_HE_20x_1.czi,Historical drive ingest 2026 (drive1_FRIO-X6); project / researcher / operator / subject decided per file before ingest (tasks/drives_ingest_dryrun_review.md). Claim: CONFIRMED.,8bc926b6eeff44df399a24cfec67370b5f119cc80ae45af1d9907147f14eca4e,CONFIRMED
drive1_FRIO-X6/Cell observer/AINHIZE/Claudia/0721/HE_ID134-138/20x/ID134_kidney1_HE_20x_2.czi,AE-biomaGUNE-0721,Claudia,AINHIZE,0721,134,ID134_kidney1_HE_20x_2.czi,tissue,CELL_ID134_kidney1_HE_20x_2.czi,Historical drive ingest 2026 (drive1_FRIO-X6); project / researcher / operator / subject decided per file before ingest (tasks/drives_ingest_dryrun_review.md). Claim: CONFIRMED.,b2ca112c09e381a3210ffe1c1722dff786719e6c262c3c257b55a07ce288fda9,CONFIRMED
drive1_FRIO-X6/Cell observer/AINHIZE/Claudia/0721/HE_ID134-138/20x/ID134_kidney1_HE_20x_3.czi,AE-biomaGUNE-0721,Claudia,AINHIZE,0721,134,ID134_kidney1_HE_20x_3.czi,tissue,CELL_ID134_kidney1_HE_20x_3.czi,Historical drive ingest 2026 (drive1_FRIO-X6); project / researcher / operator / subject decided per file before ingest (tasks/drives_ingest_dryrun_review.md). Claim: CONFIRMED.,a09b82265e686b4b724c27a0658f1eee99a6c2d09333329cda5e2fd70488d540,CONFIRMED
drive1_FRIO-X6/Cell observer/AINHIZE/Claudia/0721/HE_ID134-138/20x/ID134_kidney2_HE_20x_1.czi,AE-biomaGUNE-0721,Claudia,AINHIZE,0721,134,ID134_kidney2_HE_20x_1.czi,tissue,CELL_ID134_kidney2_HE_20x_1.czi,Historical drive ingest 2026 (drive1_FRIO-X6); project / researcher / operator / subject decided per file before ingest (tasks/drives_ingest_dryrun_review.md). Claim: CONFIRMED.,87a22757a9e9f9976686d85f40e3f84a4b24b9d5572b6699d33fb60dcb116c57,CONFIRMED
drive1_FRIO-X6/Cell observer/AINHIZE/Claudia/0721/HE_ID134-138/20x/ID134_kidney2_HE_20x_2.czi,AE-biomaGUNE-0721,Claudia,AINHIZE,0721,134,ID134_kidney2_HE_20x_2.czi,tissue,CELL_ID134_kidney2_HE_20x_2.czi,Historical drive ingest 2026 (drive1_FRIO-X6); project / researcher / operator / subject decided per file before ingest (tasks/drives_ingest_dryrun_review.md). Claim: CONFIRMED.,ba0a1900ccc90b644a6b2175422c5acdcda3fc69469f110ec9e6b0f725decd4f,CONFIRMED
drive1_FRIO-X6/Cell observer/AINHIZE/Claudia/0721/HE_ID134-138/20x/ID134_liver_HE_20x_1.czi,AE-biomaGUNE-0721,Claudia,AINHIZE,0721,134,ID134_liver_HE_20x_1.czi,tissue,CELL_ID134_liver_HE_20x_1.czi,Historical drive ingest 2026 (drive1_FRIO-X6); project / researcher / operator / subject decided per file before ingest (tasks/drives_ingest_dryrun_review.md). Claim: CONFIRMED.,0b2b805e5a1e5a5435056a7f2b1564f52bdd27333d9951b4f26b48b763b1f8dd,CONFIRMED
drive1_FRIO-X6/Cell observer/AINHIZE/Claudia/0721/HE_ID134-138/20x/ID134_liver_HE_20x_2.czi,AE-biomaGUNE-0721,Claudia,AINHIZE,0721,134,ID134_liver_HE_20x_2.czi,tissue,CELL_ID134_liver_HE_20x_2.czi,Historical drive ingest 2026 (drive1_FRIO-X6); project / researcher / operator / subject decided per file before ingest (tasks/drives_ingest_dryrun_review.md). Claim: CONFIRMED.,85bf8b7e25e496a8866471b0c39c169daa6c239d65ed3306dbd61b64b7da04f2,CONFIRMED
drive1_FRIO-X6/Cell observer/AINHIZE/Claudia/0721/HE_ID134-138/20x/ID134_liver_HE_20x_3.czi,AE-biomaGUNE-0721,Claudia,AINHIZE,0721,134,ID134_liver_HE_20x_3.czi,tissue,CELL_ID134_liver_HE_20x_3.czi,Historical drive ingest 2026 (drive1_FRIO-X6); project / researcher / operator / subject decided per file before ingest (tasks/drives_ingest_dryrun_review.md). Claim: CONFIRMED.,a367fda336c94ab5c8fc2952ebe912001fc20ce7a4bdcc9c5fe54ce861b2e1a1,CONFIRMED
drive1_FRIO-X6/Cell observer/AINHIZE/Claudia/0721/HE_ID134-138/20x/ID134_lung_HE_20x_1.czi,AE-biomaGUNE-0721,Claudia,AINHIZE,0721,134,ID134_lung_HE_20x_1.czi,tissue,CELL_ID134_lung_HE_20x_1.czi,Historical drive ingest 2026 (drive1_FRIO-X6); project / researcher / operator / subject decided per file before ingest (tasks/drives_ingest_dryrun_review.md). Claim: CONFIRMED.,a6963ad05034ff1874b8d6ccd9928b199531255910d7185e1de233feb2b3dbc4,CONFIRMED
drive1_FRIO-X6/Cell observer/AINHIZE/Claudia/0721/HE_ID134-138/20x/ID134_lung_HE_20x_2.czi,AE-biomaGUNE-0721,Claudia,AINHIZE,0721,134,ID134_lung_HE_20x_2.czi,tissue,CELL_ID134_lung_HE_20x_2.czi,Historical drive ingest 2026 (drive1_FRIO-X6); project / researcher / operator / subject decided per file before ingest (tasks/drives_ingest_dryrun_review.md). Claim: CONFIRMED.,3247455cfed321c5a4de921daea84d370b397681f78c6a37e2e724f25f6bfcae,CONFIRMED
drive1_FRIO-X6/Cell observer/AINHIZE/Claudia/0721/HE_ID134-138/20x/ID134_lung_HE_20x_3.czi,AE-biomaGUNE-0721,Claudia,AINHIZE,0721,134,ID134_lung_HE_20x_3.czi,tissue,CELL_ID134_lung_HE_20x_3.czi,Historical drive ingest 2026 (drive1_FRIO-X6); project / researcher / operator / subject decided per file before ingest (tasks/drives_ingest_dryrun_review.md). Claim: CONFIRMED.,0f9de322435a014815b74208e62d4a02bae8276f93df7f900eaaca66322cfac1,CONFIRMED
drive1_FRIO-X6/Cell observer/AINHIZE/Claudia/0721/HE_ID134-138/20x/ID134_lung_HE_20x_4.czi,AE-biomaGUNE-0721,Claudia,AINHIZE,0721,134,ID134_lung_HE_20x_4.czi,tissue,CELL_ID134_lung_HE_20x_4.czi,Historical drive ingest 2026 (drive1_FRIO-X6); project / researcher / operator / subject decided per file before ingest (tasks/drives_ingest_dryrun_review.md). Claim: CONFIRMED.,e1d2d65309403702b8ce028ea47628f6a6fc454514e1936485db5c12c88a4315,CONFIRMED
drive1_FRIO-X6/Cell observer/AINHIZE/Claudia/0721/HE_ID134-138/20x/ID134_muscle_HE_20x_1.czi,AE-biomaGUNE-0721,Claudia,AINHIZE,0721,134,ID134_muscle_HE_20x_1.czi,tissue,CELL_ID134_muscle_HE_20x_1.czi,Historical drive ingest 2026 (drive1_FRIO-X6); project / researcher / operator / subject decided per file before ingest (tasks/drives_ingest_dryrun_review.md). Claim: CONFIRMED.,2fbfd60d281f14c41ef29f87618ba9286c7d62c92db3d9ba0e5802f42d385a6a,CONFIRMED
drive1_FRIO-X6/Cell observer/AINHIZE/Claudia/0721/HE_ID134-138/20x/ID134_muscle_HE_20x_2.czi,AE-biomaGUNE-0721,Claudia,AINHIZE,0721,134,ID134_muscle_HE_20x_2.czi,tissue,CELL_ID134_muscle_HE_20x_2.czi,Historical drive ingest 2026 (drive1_FRIO-X6); project / researcher / operator / subject decided per file before ingest (tasks/drives_ingest_dryrun_review.md). Claim: CONFIRMED.,99739b7cf375329ddcdbadf0b587fb4c93acc9e788960b5c9aba1be81523b68b,CONFIRMED
drive1_FRIO-X6/Cell observer/AINHIZE/Claudia/0721/HE_ID134-138/20x/ID134_muscle_HE_20x_3.czi,AE-biomaGUNE-0721,Claudia,AINHIZE,0721,134,ID134_muscle_HE_20x_3.czi,tissue,CELL_ID134_muscle_HE_20x_3.czi,Historical drive ingest 2026 (drive1_FRIO-X6); project / researcher / operator / subject decided per file before ingest (tasks/drives_ingest_dryrun_review.md). Claim: CONFIRMED.,6cd721621bb5a2273e3dd778c4a0e8752c3ac62b219aee1927005cfd74c898fb,CONFIRMED
drive1_FRIO-X6/Cell observer/AINHIZE/Claudia/0721/HE_ID134-138/20x/ID134_spleen_HE_20x_1.czi,AE-biomaGUNE-0721,Claudia,AINHIZE,0721,134,ID134_spleen_HE_20x_1.czi,tissue,CELL_ID134_spleen_HE_20x_1.czi,Historical drive ingest 2026 (drive1_FRIO-X6); project / researcher / operator / subject decided per file before ingest (tasks/drives_ingest_dryrun_review.md). Claim: CONFIRMED.,ae4d4de1d6a9ae80e8f3eed09c70b7d9a1587cf419d1d941a3e05588f9134bbe,CONFIRMED
drive1_FRIO-X6/Cell observer/AINHIZE/Claudia/0721/HE_ID134-138/20x/ID134_spleen_HE_20x_2.czi,AE-biomaGUNE-0721,Claudia,AINHIZE,0721,134,ID134_spleen_HE_20x_2.czi,tissue,CELL_ID134_spleen_HE_20x_2.czi,Historical drive ingest 2026 (drive1_FRIO-X6); project / researcher / operator / subject decided per file before ingest (tasks/drives_ingest_dryrun_review.md). Claim: CONFIRMED.,55aafd9405dfec821cf348d99f998161f7f40f27dcca0509070ae5f493ffd4c0,CONFIRMED
drive1_FRIO-X6/Cell observer/AINHIZE/Claudia/0721/HE_ID134-138/20x/ID134_spleen_HE_20x_3.czi,AE-biomaGUNE-0721,Claudia,AINHIZE,0721,134,ID134_spleen_HE_20x_3.czi,tissue,CELL_ID134_spleen_HE_20x_3.czi,Historical drive ingest 2026 (drive1_FRIO-X6); project / researcher / operator / subject decided per file before ingest (tasks/drives_ingest_dryrun_review.md). Claim: CONFIRMED.,609ecbe48a4756823f060be006978c02bc3ef91db66e77c01957034c18ca5b85,CONFIRMED
drive1_FRIO-X6/Cell observer/AINHIZE/Claudia/0721/HE_ID134-138/20x/ID138_brain_HE_20x_1.czi,AE-biomaGUNE-0721,Claudia,AINHIZE,0721,138,ID138_brain_HE_20x_1.czi,tissue,CELL_ID138_brain_HE_20x_1.czi,Historical drive ingest 2026 (drive1_FRIO-X6); project / researcher / operator / subject decided per file before ingest (tasks/drives_ingest_dryrun_review.md). Claim: CONFIRMED.,a19b055c7c3c3e7b779cf86ca966c386652f7945e363aaf494416b440c5de506,CONFIRMED
drive1_FRIO-X6/Cell observer/AINHIZE/Claudia/0721/HE_ID134-138/20x/ID138_brain_HE_20x_2.czi,AE-biomaGUNE-0721,Claudia,AINHIZE,0721,138,ID138_brain_HE_20x_2.czi,tissue,CELL_ID138_brain_HE_20x_2.czi,Historical drive ingest 2026 (drive1_FRIO-X6); project / researcher / operator / subject decided per file before ingest (tasks/drives_ingest_dryrun_review.md). Claim: CONFIRMED.,5aae7f41d36150fae49b1bd65551f62a45a3b36cf9e8cf335401e3ead03a67de,CONFIRMED
drive1_FRIO-X6/Cell observer/AINHIZE/Claudia/0721/HE_ID134-138/20x/ID138_brain_HE_20x_3.czi,AE-biomaGUNE-0721,Claudia,AINHIZE,0721,138,ID138_brain_HE_20x_3.czi,tissue,CELL_ID138_brain_HE_20x_3.czi,Historical drive ingest 2026 (drive1_FRIO-X6); project / researcher / operator / subject decided per file before ingest (tasks/drives_ingest_dryrun_review.md). Claim: CONFIRMED.,56622c7a43f8f12a5db45ab0cce3a8387a5be354121221c7f1d60c0ec7384d97,CONFIRMED
drive1_FRIO-X6/Cell observer/AINHIZE/Claudia/0721/HE_ID134-138/20x/ID138_heart_HE_20x_1.czi,AE-biomaGUNE-0721,Claudia,AINHIZE,0721,138,ID138_heart_HE_20x_1.czi,tissue,CELL_ID138_heart_HE_20x_1.czi,Historical drive ingest 2026 (drive1_FRIO-X6); project / researcher / operator / subject decided per file before ingest (tasks/drives_ingest_dryrun_review.md). Claim: CONFIRMED.,194dec8df8b249d50907fd152ce204169fb2b2ef9e124e47c94160bcef4d5336,CONFIRMED
drive1_FRIO-X6/Cell observer/AINHIZE/Claudia/0721/HE_ID134-138/20x/ID138_heart_HE_20x_2.czi,AE-biomaGUNE-0721,Claudia,AINHIZE,0721,138,ID138_heart_HE_20x_2.czi,tissue,CELL_ID138_heart_HE_20x_2.czi,Historical drive ingest 2026 (drive1_FRIO-X6); project / researcher / operator / subject decided per file before ingest (tasks/drives_ingest_dryrun_review.md). Claim: CONFIRMED.,273cff781e1615098a25f9c11636e3c35c8194dbc15e40538f4894636f688494,CONFIRMED
drive1_FRIO-X6/Cell observer/AINHIZE/Claudia/0721/HE_ID134-138/20x/ID138_heart_HE_20x_3.czi,AE-biomaGUNE-0721,Claudia,AINHIZE,0721,138,ID138_heart_HE_20x_3.czi,tissue,CELL_ID138_heart_HE_20x_3.czi,Historical drive ingest 2026 (drive1_FRIO-X6); project / researcher / operator / subject decided per file before ingest (tasks/drives_ingest_dryrun_review.md). Claim: CONFIRMED.,c2fd817bbe1b7f0f46e7c84781987ac5d6cc14cfabe967a06d3265d3530a6e3e,CONFIRMED
drive1_FRIO-X6/Cell observer/AINHIZE/Claudia/0721/HE_ID134-138/20x/ID138_kidney1_HE_20x_1.czi,AE-biomaGUNE-0721,Claudia,AINHIZE,0721,138,ID138_kidney1_HE_20x_1.czi,tissue,CELL_ID138_kidney1_HE_20x_1.czi,Historical drive ingest 2026 (drive1_FRIO-X6); project / researcher / operator / subject decided per file before ingest (tasks/drives_ingest_dryrun_review.md). Claim: CONFIRMED.,ff721c99a78d80f5f57c7541d71de871affd96f8e5686bbe756f94d5f9047a34,CONFIRMED
drive1_FRIO-X6/Cell observer/AINHIZE/Claudia/0721/HE_ID134-138/20x/ID138_kidney1_HE_20x_2.czi,AE-biomaGUNE-0721,Claudia,AINHIZE,0721,138,ID138_kidney1_HE_20x_2.czi,tissue,CELL_ID138_kidney1_HE_20x_2.czi,Historical drive ingest 2026 (drive1_FRIO-X6); project / researcher / operator / subject decided per file before ingest (tasks/drives_ingest_dryrun_review.md). Claim: CONFIRMED.,bec583906b571b32c263e8ef63442667bbcdb45f718bb92132e9824986d6edb1,CONFIRMED
drive1_FRIO-X6/Cell observer/AINHIZE/Claudia/0721/HE_ID134-138/20x/ID138_kidney1_HE_20x_3.czi,AE-biomaGUNE-0721,Claudia,AINHIZE,0721,138,ID138_kidney1_HE_20x_3.czi,tissue,CELL_ID138_kidney1_HE_20x_3.czi,Historical drive ingest 2026 (drive1_FRIO-X6); project / researcher / operator / subject decided per file before ingest (tasks/drives_ingest_dryrun_review.md). Claim: CONFIRMED.,550a7f28e8b72bc1c1931fcf715c2ad4ed0dc84a4e9eac2cadd4eba8729a95d9,CONFIRMED
drive1_FRIO-X6/Cell observer/AINHIZE/Claudia/0721/HE_ID134-138/20x/ID138_kidney2_HE_20x_1.czi,AE-biomaGUNE-0721,Claudia,AINHIZE,0721,138,ID138_kidney2_HE_20x_1.czi,tissue,CELL_ID138_kidney2_HE_20x_1.czi,Historical drive ingest 2026 (drive1_FRIO-X6); project / researcher / operator / subject decided per file before ingest (tasks/drives_ingest_dryrun_review.md). Claim: CONFIRMED.,f1708d04444dce6778cbd5c42a5e474da727130a13b4aff89dc69bb1125b7d93,CONFIRMED
drive1_FRIO-X6/Cell observer/AINHIZE/Claudia/0721/HE_ID134-138/20x/ID138_kidney2_HE_20x_2.czi,AE-biomaGUNE-0721,Claudia,AINHIZE,0721,138,ID138_kidney2_HE_20x_2.czi,tissue,CELL_ID138_kidney2_HE_20x_2.czi,Historical drive ingest 2026 (drive1_FRIO-X6); project / researcher / operator / subject decided per file before ingest (tasks/drives_ingest_dryrun_review.md). Claim: CONFIRMED.,fbe739ec81dc376c73f4c9fede6cdd2fb67da7f6a775276e1608fb307a11d932,CONFIRMED
drive1_FRIO-X6/Cell observer/AINHIZE/Claudia/0721/HE_ID134-138/20x/ID138_kidney2_HE_20x_3.czi,AE-biomaGUNE-0721,Claudia,AINHIZE,0721,138,ID138_kidney2_HE_20x_3.czi,tissue,CELL_ID138_kidney2_HE_20x_3.czi,Historical drive ingest 2026 (drive1_FRIO-X6); project / researcher / operator / subject decided per file before ingest (tasks/drives_ingest_dryrun_review.md). Claim: CONFIRMED.,5bc988c0c978abff58181ec6415adb75ca9c6f81599e1bce69e78f7c20a23713,CONFIRMED
drive1_FRIO-X6/Cell observer/AINHIZE/Claudia/0721/HE_ID134-138/20x/ID138_liver2_HE_20x_1.czi,AE-biomaGUNE-0721,Claudia,AINHIZE,0721,138,ID138_liver2_HE_20x_1.czi,tissue,CELL_ID138_liver2_HE_20x_1.czi,Historical drive ingest 2026 (drive1_FRIO-X6); project / researcher / operator / subject decided per file before ingest (tasks/drives_ingest_dryrun_review.md). Claim: CONFIRMED.,a02e0b5118b9ca69c8e289c301bdea17914cfb32b0bdeb4afd7b53b992ed2ae9,CONFIRMED
drive1_FRIO-X6/Cell observer/AINHIZE/Claudia/0721/HE_ID134-138/20x/ID138_liver2_HE_20x_2.czi,AE-biomaGUNE-0721,Claudia,AINHIZE,0721,138,ID138_liver2_HE_20x_2.czi,tissue,CELL_ID138_liver2_HE_20x_2.czi,Historical drive ingest 2026 (drive1_FRIO-X6); project / researcher / operator / subject decided per file before ingest (tasks/drives_ingest_dryrun_review.md). Claim: CONFIRMED.,1010ab487d169bcd559f4406d0f3bc19c55725452d494f0e1f2d327c424978d3,CONFIRMED
drive1_FRIO-X6/Cell observer/AINHIZE/Claudia/0721/HE_ID134-138/20x/ID138_liver2_HE_20x_3.czi,AE-biomaGUNE-0721,Claudia,AINHIZE,0721,138,ID138_liver2_HE_20x_3.czi,tissue,CELL_ID138_liver2_HE_20x_3.czi,Historical drive ingest 2026 (drive1_FRIO-X6); project / researcher / operator / subject decided per file before ingest (tasks/drives_ingest_dryrun_review.md). Claim: CONFIRMED.,a55b10cc5cc52d9837bef4514dbd5806ed3cf73a13a0f574a66f83dc310a6089,CONFIRMED
drive1_FRIO-X6/Cell observer/AINHIZE/Claudia/0721/HE_ID134-138/20x/ID138_liver_HE_20x_1.czi,AE-biomaGUNE-0721,Claudia,AINHIZE,0721,138,ID138_liver_HE_20x_1.czi,tissue,CELL_ID138_liver_HE_20x_1.czi,Historical drive ingest 2026 (drive1_FRIO-X6); project / researcher / operator / subject decided per file before ingest (tasks/drives_ingest_dryrun_review.md). Claim: CONFIRMED.,0b6a18baa4dd40be0be69595382cdf9b68e1bfba659d44da1eab90491420f97c,CONFIRMED
drive1_FRIO-X6/Cell observer/AINHIZE/Claudia/0721/HE_ID134-138/20x/ID138_liver_HE_20x_2.czi,AE-biomaGUNE-0721,Claudia,AINHIZE,0721,138,ID138_liver_HE_20x_2.czi,tissue,CELL_ID138_liver_HE_20x_2.czi,Historical drive ingest 2026 (drive1_FRIO-X6); project / researcher / operator / subject decided per file before ingest (tasks/drives_ingest_dryrun_review.md). Claim: CONFIRMED.,8db60822443536e30f9fa98255c04924e7e460ee803208c61fcc88c5577ce908,CONFIRMED
drive1_FRIO-X6/Cell observer/AINHIZE/Claudia/0721/HE_ID134-138/20x/ID138_liver_HE_20x_3.czi,AE-biomaGUNE-0721,Claudia,AINHIZE,0721,138,ID138_liver_HE_20x_3.czi,tissue,CELL_ID138_liver_HE_20x_3.czi,Historical drive ingest 2026 (drive1_FRIO-X6); project / researcher / operator / subject decided per file before ingest (tasks/drives_ingest_dryrun_review.md). Claim: CONFIRMED.,7fa515ac576dbd57c1ba448e58f721aaa9d5dac65896d6f07bce5e37d7148144,CONFIRMED
drive1_FRIO-X6/Cell observer/AINHIZE/Claudia/0721/HE_ID134-138/20x/ID138_lung_HE_20x_1.czi,AE-biomaGUNE-0721,Claudia,AINHIZE,0721,138,ID138_lung_HE_20x_1.czi,tissue,CELL_ID138_lung_HE_20x_1.czi,Historical drive ingest 2026 (drive1_FRIO-X6); project / researcher / operator / subject decided per file before ingest (tasks/drives_ingest_dryrun_review.md). Claim: CONFIRMED.,f1eaecb71f888aff3cf631934ddfe2348b6da48e64d34fdede798cc754c897f8,CONFIRMED
drive1_FRIO-X6/Cell observer/AINHIZE/Claudia/0721/HE_ID134-138/20x/ID138_lung_HE_20x_2.czi,AE-biomaGUNE-0721,Claudia,AINHIZE,0721,138,ID138_lung_HE_20x_2.czi,tissue,CELL_ID138_lung_HE_20x_2.czi,Historical drive ingest 2026 (drive1_FRIO-X6); project / researcher / operator / subject decided per file before ingest (tasks/drives_ingest_dryrun_review.md). Claim: CONFIRMED.,c87ad2ef399349c328386664b3bf1718dcb623e8ea1e0b056412131566ddcd24,CONFIRMED
drive1_FRIO-X6/Cell observer/AINHIZE/Claudia/0721/HE_ID134-138/20x/ID138_lung_HE_20x_3.czi,AE-biomaGUNE-0721,Claudia,AINHIZE,0721,138,ID138_lung_HE_20x_3.czi,tissue,CELL_ID138_lung_HE_20x_3.czi,Historical drive ingest 2026 (drive1_FRIO-X6); project / researcher / operator / subject decided per file before ingest (tasks/drives_ingest_dryrun_review.md). Claim: CONFIRMED.,11b0b290bf48aa1b629d7869f9f7abafbc6c19ad5bd4a0ac7c7b6dd82ea1fbe7,CONFIRMED
drive1_FRIO-X6/Cell observer/AINHIZE/Claudia/0721/HE_ID134-138/20x/ID138_muscle_HE_20x_1.czi,AE-biomaGUNE-0721,Claudia,AINHIZE,0721,138,ID138_muscle_HE_20x_1.czi,tissue,CELL_ID138_muscle_HE_20x_1.czi,Historical drive ingest 2026 (drive1_FRIO-X6); project / researcher / operator / subject decided per file before ingest (tasks/drives_ingest_dryrun_review.md). Claim: CONFIRMED.,ee57392871fb9fc1fe6d0354987a67c09ef7fb92bd3d1a6b6936c5ada5447dd5,CONFIRMED
drive1_FRIO-X6/Cell observer/AINHIZE/Claudia/0721/HE_ID134-138/20x/ID138_muscle_HE_20x_2.czi,AE-biomaGUNE-0721,Claudia,AINHIZE,0721,138,ID138_muscle_HE_20x_2.czi,tissue,CELL_ID138_muscle_HE_20x_2.czi,Historical drive ingest 2026 (drive1_FRIO-X6); project / researcher / operator / subject decided per file before ingest (tasks/drives_ingest_dryrun_review.md). Claim: CONFIRMED.,bfe3381f0639dfe354129dbe449614ad2e84431176df269c3870218454064906,CONFIRMED
drive1_FRIO-X6/Cell observer/AINHIZE/Claudia/0721/HE_ID134-138/20x/ID138_muscle_HE_20x_3.czi,AE-biomaGUNE-0721,Claudia,AINHIZE,0721,138,ID138_muscle_HE_20x_3.czi,tissue,CELL_ID138_muscle_HE_20x_3.czi,Historical drive ingest 2026 (drive1_FRIO-X6); project / researcher / operator / subject decided per file before ingest (tasks/drives_ingest_dryrun_review.md). Claim: CONFIRMED.,a2ca8e0e80929008d7934a124f15bbdfb79c78777aaf403c7561d52d6e1bc275,CONFIRMED
drive1_FRIO-X6/Cell observer/AINHIZE/Claudia/0721/HE_ID134-138/20x/ID138_spleen_HE_20x_1.czi,AE-biomaGUNE-0721,Claudia,AINHIZE,0721,138,ID138_spleen_HE_20x_1.czi,tissue,CELL_ID138_spleen_HE_20x_1.czi,Historical drive ingest 2026 (drive1_FRIO-X6); project / researcher / operator / subject decided per file before ingest (tasks/drives_ingest_dryrun_review.md). Claim: CONFIRMED.,e6ae0662e2409115ffd2ea93edcead7e30ff28382ff0c5f38134f085213604f2,CONFIRMED
drive1_FRIO-X6/Cell observer/AINHIZE/Claudia/0721/HE_ID134-138/20x/ID138_spleen_HE_20x_2.czi,AE-biomaGUNE-0721,Claudia,AINHIZE,0721,138,ID138_spleen_HE_20x_2.czi,tissue,CELL_ID138_spleen_HE_20x_2.czi,Historical drive ingest 2026 (drive1_FRIO-X6); project / researcher / operator / subject decided per file before ingest (tasks/drives_ingest_dryrun_review.md). Claim: CONFIRMED.,dd87ec15387e601e767bebca86253ba8b494a681fa62988e2e8d9c9d92d9fb77,CONFIRMED
drive1_FRIO-X6/Cell observer/AINHIZE/Claudia/0721/HE_ID134-138/20x/ID138_spleen_HE_20x_3.czi,AE-biomaGUNE-0721,Claudia,AINHIZE,0721,138,ID138_spleen_HE_20x_3.czi,tissue,CELL_ID138_spleen_HE_20x_3.czi,Historical drive ingest 2026 (drive1_FRIO-X6); project / researcher / operator / subject decided per file before ingest (tasks/drives_ingest_dryrun_review.md). Claim: CONFIRMED.,c80963f72878911253c014848b042c99a9127d291c2e54e5c94d02b03bdc6285,CONFIRMED
drive1_FRIO-X6/Cell observer/AINHIZE/Claudia/0721/HE_ID134-138/40x/ID134_kidney1_HE_40x_1.czi,AE-biomaGUNE-0721,Claudia,AINHIZE,0721,134,ID134_kidney1_HE_40x_1.czi,tissue,CELL_ID134_kidney1_HE_40x_1.czi,Historical drive ingest 2026 (drive1_FRIO-X6); project / researcher / operator / subject decided per file before ingest (tasks/drives_ingest_dryrun_review.md). Claim: CONFIRMED.,e489891204b730a3fb84e1099117ea64ce3a4637d28d26b247af933ab495fa78,CONFIRMED
drive1_FRIO-X6/Cell observer/AINHIZE/Claudia/0721/HE_ID134-138/40x/ID134_kidney1_HE_40x_10.czi,AE-biomaGUNE-0721,Claudia,AINHIZE,0721,134,ID134_kidney1_HE_40x_10.czi,tissue,CELL_ID134_kidney1_HE_40x_10.czi,Historical drive ingest 2026 (drive1_FRIO-X6); project / researcher / operator / subject decided per file before ingest (tasks/drives_ingest_dryrun_review.md). Claim: CONFIRMED.,c418587fc292b0c4287e3741ef55e19b53fa66d996ab73a21dd5fd1f5efffe63,CONFIRMED
drive1_FRIO-X6/Cell observer/AINHIZE/Claudia/0721/HE_ID134-138/40x/ID134_kidney1_HE_40x_2.czi,AE-biomaGUNE-0721,Claudia,AINHIZE,0721,134,ID134_kidney1_HE_40x_2.czi,tissue,CELL_ID134_kidney1_HE_40x_2.czi,Historical drive ingest 2026 (drive1_FRIO-X6); project / researcher / operator / subject decided per file before ingest (tasks/drives_ingest_dryrun_review.md). Claim: CONFIRMED.,b29bbe8bdb009d1008c60caf78cb9a0c8147a96537dfbb529309d7b23d30b84c,CONFIRMED
drive1_FRIO-X6/Cell observer/AINHIZE/Claudia/0721/HE_ID134-138/40x/ID134_kidney1_HE_40x_3.czi,AE-biomaGUNE-0721,Claudia,AINHIZE,0721,134,ID134_kidney1_HE_40x_3.czi,tissue,CELL_ID134_kidney1_HE_40x_3.czi,Historical drive ingest 2026 (drive1_FRIO-X6); project / researcher / operator / subject decided per file before ingest (tasks/drives_ingest_dryrun_review.md). Claim: CONFIRMED.,9d90e75aa7296e048bd58b1d15a2a0e08de9cb56d7589ea27c4552849896063f,CONFIRMED
drive1_FRIO-X6/Cell observer/AINHIZE/Claudia/0721/HE_ID134-138/40x/ID134_kidney1_HE_40x_4.czi,AE-biomaGUNE-0721,Claudia,AINHIZE,0721,134,ID134_kidney1_HE_40x_4.czi,tissue,CELL_ID134_kidney1_HE_40x_4.czi,Historical drive ingest 2026 (drive1_FRIO-X6); project / researcher / operator / subject decided per file before ingest (tasks/drives_ingest_dryrun_review.md). Claim: CONFIRMED.,2c971b9e9a02037a5be265b4631cc395f207801fe148f673fce0bbca8ae1bf44,CONFIRMED
drive1_FRIO-X6/Cell observer/AINHIZE/Claudia/0721/HE_ID134-138/40x/ID134_kidney1_HE_40x_5.czi,AE-biomaGUNE-0721,Claudia,AINHIZE,0721,134,ID134_kidney1_HE_40x_5.czi,tissue,CELL_ID134_kidney1_HE_40x_5.czi,Historical drive ingest 2026 (drive1_FRIO-X6); project / researcher / operator / subject decided per file before ingest (tasks/drives_ingest_dryrun_review.md). Claim: CONFIRMED.,f03269a00a9f14f632c27ddc91e65776179d8f63f3d518f66bfca61a77298e8a,CONFIRMED
drive1_FRIO-X6/Cell observer/AINHIZE/Claudia/0721/HE_ID134-138/40x/ID134_kidney1_HE_40x_6.czi,AE-biomaGUNE-0721,Claudia,AINHIZE,0721,134,ID134_kidney1_HE_40x_6.czi,tissue,CELL_ID134_kidney1_HE_40x_6.czi,Historical drive ingest 2026 (drive1_FRIO-X6); project / researcher / operator / subject decided per file before ingest (tasks/drives_ingest_dryrun_review.md). Claim: CONFIRMED.,55fcaa3e26db0ac067e0fdb0d5dd1becd41d3c928fc037e3607c68c221f68043,CONFIRMED
drive1_FRIO-X6/Cell observer/AINHIZE/Claudia/0721/HE_ID134-138/40x/ID134_kidney1_HE_40x_7.czi,AE-biomaGUNE-0721,Claudia,AINHIZE,0721,134,ID134_kidney1_HE_40x_7.czi,tissue,CELL_ID134_kidney1_HE_40x_7.czi,Historical drive ingest 2026 (drive1_FRIO-X6); project / researcher / operator / subject decided per file before ingest (tasks/drives_ingest_dryrun_review.md). Claim: CONFIRMED.,a5003e37bb2419a71e2473c1798127885a68617da0046b8ff6cb7e78e08b8da4,CONFIRMED
drive1_FRIO-X6/Cell observer/AINHIZE/Claudia/0721/HE_ID134-138/40x/ID134_kidney1_HE_40x_8.czi,AE-biomaGUNE-0721,Claudia,AINHIZE,0721,134,ID134_kidney1_HE_40x_8.czi,tissue,CELL_ID134_kidney1_HE_40x_8.czi,Historical drive ingest 2026 (drive1_FRIO-X6); project / researcher / operator / subject decided per file before ingest (tasks/drives_ingest_dryrun_review.md). Claim: CONFIRMED.,ae30b019eff5ec906517ad3f6d666c9886fda7161eb4e32376fa3e646feba908,CONFIRMED
drive1_FRIO-X6/Cell observer/AINHIZE/Claudia/0721/HE_ID134-138/40x/ID134_kidney1_HE_40x_9.czi,AE-biomaGUNE-0721,Claudia,AINHIZE,0721,134,ID134_kidney1_HE_40x_9.czi,tissue,CELL_ID134_kidney1_HE_40x_9.czi,Historical drive ingest 2026 (drive1_FRIO-X6); project / researcher / operator / subject decided per file before ingest (tasks/drives_ingest_dryrun_review.md). Claim: CONFIRMED.,beedd9cbd348f21970dd06ff519e98d97d7b427289e9de3ab0ba4b9a4ea32088,CONFIRMED
drive1_FRIO-X6/Cell observer/AINHIZE/Claudia/0721/HE_ID134-138/40x/ID134_liver_HE_40x_1.czi,AE-biomaGUNE-0721,Claudia,AINHIZE,0721,134,ID134_liver_HE_40x_1.czi,tissue,CELL_ID134_liver_HE_40x_1.czi,Historical drive ingest 2026 (drive1_FRIO-X6); project / researcher / operator / subject decided per file before ingest (tasks/drives_ingest_dryrun_review.md). Claim: CONFIRMED.,9ac40d384b7cb3ada27aa2b2491226616f196ef212fc4776d646fb4254fabced,CONFIRMED
drive1_FRIO-X6/Cell observer/AINHIZE/Claudia/0721/HE_ID134-138/40x/ID134_liver_HE_40x_10.czi,AE-biomaGUNE-0721,Claudia,AINHIZE,0721,134,ID134_liver_HE_40x_10.czi,tissue,CELL_ID134_liver_HE_40x_10.czi,Historical drive ingest 2026 (drive1_FRIO-X6); project / researcher / operator / subject decided per file before ingest (tasks/drives_ingest_dryrun_review.md). Claim: CONFIRMED.,0cdec5109da3068fbd47515c8ccd5f0f66cfaa122e4e7c87f72a018d35d0492e,CONFIRMED
drive1_FRIO-X6/Cell observer/AINHIZE/Claudia/0721/HE_ID134-138/40x/ID134_liver_HE_40x_11.czi,AE-biomaGUNE-0721,Claudia,AINHIZE,0721,134,ID134_liver_HE_40x_11.czi,tissue,CELL_ID134_liver_HE_40x_11.czi,Historical drive ingest 2026 (drive1_FRIO-X6); project / researcher / operator / subject decided per file before ingest (tasks/drives_ingest_dryrun_review.md). Claim: CONFIRMED.,57554081900396c932b844a5f7e3a7b6cf2bf9928782f5e5709af3a0fd2ea464,CONFIRMED
drive1_FRIO-X6/Cell observer/AINHIZE/Claudia/0721/HE_ID134-138/40x/ID134_liver_HE_40x_2.czi,AE-biomaGUNE-0721,Claudia,AINHIZE,0721,134,ID134_liver_HE_40x_2.czi,tissue,CELL_ID134_liver_HE_40x_2.czi,Historical drive ingest 2026 (drive1_FRIO-X6); project / researcher / operator / subject decided per file before ingest (tasks/drives_ingest_dryrun_review.md). Claim: CONFIRMED.,889b5e232ac3a9ec656df34d06c21f7e735f552d32a4ff8b14791b1acf3b137e,CONFIRMED
drive1_FRIO-X6/Cell observer/AINHIZE/Claudia/0721/HE_ID134-138/40x/ID134_liver_HE_40x_3.czi,AE-biomaGUNE-0721,Claudia,AINHIZE,0721,134,ID134_liver_HE_40x_3.czi,tissue,CELL_ID134_liver_HE_40x_3.czi,Historical drive ingest 2026 (drive1_FRIO-X6); project / researcher / operator / subject decided per file before ingest (tasks/drives_ingest_dryrun_review.md). Claim: CONFIRMED.,06f3cb601fe36a98c61b7080ad9d987dbb528078235fb7caa2e62fd75f5259dc,CONFIRMED
drive1_FRIO-X6/Cell observer/AINHIZE/Claudia/0721/HE_ID134-138/40x/ID134_liver_HE_40x_4.czi,AE-biomaGUNE-0721,Claudia,AINHIZE,0721,134,ID134_liver_HE_40x_4.czi,tissue,CELL_ID134_liver_HE_40x_4.czi,Historical drive ingest 2026 (drive1_FRIO-X6); project / researcher / operator / subject decided per file before ingest (tasks/drives_ingest_dryrun_review.md). Claim: CONFIRMED.,2df4a9fb4373b047ac06d7911b6c2f0c1d469c024bacd2e73c09cb023b2149ef,CONFIRMED
drive1_FRIO-X6/Cell observer/AINHIZE/Claudia/0721/HE_ID134-138/40x/ID134_liver_HE_40x_5.czi,AE-biomaGUNE-0721,Claudia,AINHIZE,0721,134,ID134_liver_HE_40x_5.czi,tissue,CELL_ID134_liver_HE_40x_5.czi,Historical drive ingest 2026 (drive1_FRIO-X6); project / researcher / operator / subject decided per file before ingest (tasks/drives_ingest_dryrun_review.md). Claim: CONFIRMED.,ad903a6074be6b96e3595df63ca3e3170ee2b42548991fc7f6646b7b797010ec,CONFIRMED
drive1_FRIO-X6/Cell observer/AINHIZE/Claudia/0721/HE_ID134-138/40x/ID134_liver_HE_40x_6.czi,AE-biomaGUNE-0721,Claudia,AINHIZE,0721,134,ID134_liver_HE_40x_6.czi,tissue,CELL_ID134_liver_HE_40x_6.czi,Historical drive ingest 2026 (drive1_FRIO-X6); project / researcher / operator / subject decided per file before ingest (tasks/drives_ingest_dryrun_review.md). Claim: CONFIRMED.,b5efcb723fc67d5be44ac19b265e77ff91fc4b88dbab9ecf5d4ee90b442db124,CONFIRMED
drive1_FRIO-X6/Cell observer/AINHIZE/Claudia/0721/HE_ID134-138/40x/ID134_liver_HE_40x_7.czi,AE-biomaGUNE-0721,Claudia,AINHIZE,0721,134,ID134_liver_HE_40x_7.czi,tissue,CELL_ID134_liver_HE_40x_7.czi,Historical drive ingest 2026 (drive1_FRIO-X6); project / researcher / operator / subject decided per file before ingest (tasks/drives_ingest_dryrun_review.md). Claim: CONFIRMED.,d09b913102ec52fc08bb53cdb8a892eb43900a3b0986ceeef4dc496396298b1d,CONFIRMED
drive1_FRIO-X6/Cell observer/AINHIZE/Claudia/0721/HE_ID134-138/40x/ID134_liver_HE_40x_8.czi,AE-biomaGUNE-0721,Claudia,AINHIZE,0721,134,ID134_liver_HE_40x_8.czi,tissue,CELL_ID134_liver_HE_40x_8.czi,Historical drive ingest 2026 (drive1_FRIO-X6); project / researcher / operator / subject decided per file before ingest (tasks/drives_ingest_dryrun_review.md). Claim: CONFIRMED.,c248e1dee7fe34317c28027c9b74730c42d9269c759141e4122529bb43efae4d,CONFIRMED
drive1_FRIO-X6/Cell observer/AINHIZE/Claudia/0721/HE_ID134-138/40x/ID134_liver_HE_40x_9.czi,AE-biomaGUNE-0721,Claudia,AINHIZE,0721,134,ID134_liver_HE_40x_9.czi,tissue,CELL_ID134_liver_HE_40x_9.czi,Historical drive ingest 2026 (drive1_FRIO-X6); project / researcher / operator / subject decided per file before ingest (tasks/drives_ingest_dryrun_review.md). Claim: CONFIRMED.,aac8b0f1b937d2ba0fcc23cde5d72cc56fb87239d209c4e8f8a27627ad63e2ae,CONFIRMED
drive1_FRIO-X6/Cell observer/AINHIZE/Claudia/0721/HE_ID134-138/40x/ID138_kidney1_HE_40x_1.czi,AE-biomaGUNE-0721,Claudia,AINHIZE,0721,138,ID138_kidney1_HE_40x_1.czi,tissue,CELL_ID138_kidney1_HE_40x_1.czi,Historical drive ingest 2026 (drive1_FRIO-X6); project / researcher / operator / subject decided per file before ingest (tasks/drives_ingest_dryrun_review.md). Claim: CONFIRMED.,212c85965ed9cdf3c7594107b952ff83abfc73af6bd935f1b73c56568e556b3b,CONFIRMED
drive1_FRIO-X6/Cell observer/AINHIZE/Claudia/0721/HE_ID134-138/40x/ID138_kidney1_HE_40x_10.czi,AE-biomaGUNE-0721,Claudia,AINHIZE,0721,138,ID138_kidney1_HE_40x_10.czi,tissue,CELL_ID138_kidney1_HE_40x_10.czi,Historical drive ingest 2026 (drive1_FRIO-X6); project / researcher / operator / subject decided per file before ingest (tasks/drives_ingest_dryrun_review.md). Claim: CONFIRMED.,e45fed9bb2ec5db9798b97e3230306f75c3cade6386b5abcdcf391e5e156b564,CONFIRMED
drive1_FRIO-X6/Cell observer/AINHIZE/Claudia/0721/HE_ID134-138/40x/ID138_kidney1_HE_40x_2.czi,AE-biomaGUNE-0721,Claudia,AINHIZE,0721,138,ID138_kidney1_HE_40x_2.czi,tissue,CELL_ID138_kidney1_HE_40x_2.czi,Historical drive ingest 2026 (drive1_FRIO-X6); project / researcher / operator / subject decided per file before ingest (tasks/drives_ingest_dryrun_review.md). Claim: CONFIRMED.,2ebc9aad84626bcb8543ca2185f1ae2a95be224b6a6244e96d2d4f7f8010d766,CONFIRMED
drive1_FRIO-X6/Cell observer/AINHIZE/Claudia/0721/HE_ID134-138/40x/ID138_kidney1_HE_40x_3.czi,AE-biomaGUNE-0721,Claudia,AINHIZE,0721,138,ID138_kidney1_HE_40x_3.czi,tissue,CELL_ID138_kidney1_HE_40x_3.czi,Historical drive ingest 2026 (drive1_FRIO-X6); project / researcher / operator / subject decided per file before ingest (tasks/drives_ingest_dryrun_review.md). Claim: CONFIRMED.,1dd03e72c06c7c423dfc2b6a5e4088caef6a8c96853aefe3fbac54c6b9a892d1,CONFIRMED
drive1_FRIO-X6/Cell observer/AINHIZE/Claudia/0721/HE_ID134-138/40x/ID138_kidney1_HE_40x_4.czi,AE-biomaGUNE-0721,Claudia,AINHIZE,0721,138,ID138_kidney1_HE_40x_4.czi,tissue,CELL_ID138_kidney1_HE_40x_4.czi,Historical drive ingest 2026 (drive1_FRIO-X6); project / researcher / operator / subject decided per file before ingest (tasks/drives_ingest_dryrun_review.md). Claim: CONFIRMED.,95dec524b94665550ddfa368bf3bf01f18a811645962d385b4d2caeacd4d5a21,CONFIRMED
drive1_FRIO-X6/Cell observer/AINHIZE/Claudia/0721/HE_ID134-138/40x/ID138_kidney1_HE_40x_5.czi,AE-biomaGUNE-0721,Claudia,AINHIZE,0721,138,ID138_kidney1_HE_40x_5.czi,tissue,CELL_ID138_kidney1_HE_40x_5.czi,Historical drive ingest 2026 (drive1_FRIO-X6); project / researcher / operator / subject decided per file before ingest (tasks/drives_ingest_dryrun_review.md). Claim: CONFIRMED.,a819b541eabd54d0117362be40d26658713432b5128ba3e7b2e9354c1c779e75,CONFIRMED
drive1_FRIO-X6/Cell observer/AINHIZE/Claudia/0721/HE_ID134-138/40x/ID138_kidney1_HE_40x_6.czi,AE-biomaGUNE-0721,Claudia,AINHIZE,0721,138,ID138_kidney1_HE_40x_6.czi,tissue,CELL_ID138_kidney1_HE_40x_6.czi,Historical drive ingest 2026 (drive1_FRIO-X6); project / researcher / operator / subject decided per file before ingest (tasks/drives_ingest_dryrun_review.md). Claim: CONFIRMED.,89f384500d9fd5412693a98de27301e49b81ca1e8a1bc10874ce0a810d50a904,CONFIRMED
drive1_FRIO-X6/Cell observer/AINHIZE/Claudia/0721/HE_ID134-138/40x/ID138_kidney1_HE_40x_7.czi,AE-biomaGUNE-0721,Claudia,AINHIZE,0721,138,ID138_kidney1_HE_40x_7.czi,tissue,CELL_ID138_kidney1_HE_40x_7.czi,Historical drive ingest 2026 (drive1_FRIO-X6); project / researcher / operator / subject decided per file before ingest (tasks/drives_ingest_dryrun_review.md). Claim: CONFIRMED.,5f51014b647a0f385b3985a0ed5bfea2695041b47348935d84772d922f0348e4,CONFIRMED
drive1_FRIO-X6/Cell observer/AINHIZE/Claudia/0721/HE_ID134-138/40x/ID138_kidney1_HE_40x_8.czi,AE-biomaGUNE-0721,Claudia,AINHIZE,0721,138,ID138_kidney1_HE_40x_8.czi,tissue,CELL_ID138_kidney1_HE_40x_8.czi,Historical drive ingest 2026 (drive1_FRIO-X6); project / researcher / operator / subject decided per file before ingest (tasks/drives_ingest_dryrun_review.md). Claim: CONFIRMED.,dacd5359f1e4b0dc4090421d09f93d488d6ffaba8a5e7032ee13bb9b6ad125e4,CONFIRMED
drive1_FRIO-X6/Cell observer/AINHIZE/Claudia/0721/HE_ID134-138/40x/ID138_kidney1_HE_40x_9.czi,AE-biomaGUNE-0721,Claudia,AINHIZE,0721,138,ID138_kidney1_HE_40x_9.czi,tissue,CELL_ID138_kidney1_HE_40x_9.czi,Historical drive ingest 2026 (drive1_FRIO-X6); project / researcher / operator / subject decided per file before ingest (tasks/drives_ingest_dryrun_review.md). Claim: CONFIRMED.,cdc3f36cf8d8a28aea3c8b9f841228d8bf43be057499b9ce837a312c95ffb6a9,CONFIRMED
drive1_FRIO-X6/Cell observer/AINHIZE/Claudia/0721/HE_ID134-138/40x/ID138_liver_HE_40x_1.czi,AE-biomaGUNE-0721,Claudia,AINHIZE,0721,138,ID138_liver_HE_40x_1.czi,tissue,CELL_ID138_liver_HE_40x_1.czi,Historical drive ingest 2026 (drive1_FRIO-X6); project / researcher / operator / subject decided per file before ingest (tasks/drives_ingest_dryrun_review.md). Claim: CONFIRMED.,c6ec8baa4b248d222b49033e53f8ac28e5662162cdcbe465690d6efe770c45fc,CONFIRMED
drive1_FRIO-X6/Cell observer/AINHIZE/Claudia/0721/HE_ID134-138/40x/ID138_liver_HE_40x_10.czi,AE-biomaGUNE-0721,Claudia,AINHIZE,0721,138,ID138_liver_HE_40x_10.czi,tissue,CELL_ID138_liver_HE_40x_10.czi,Historical drive ingest 2026 (drive1_FRIO-X6); project / researcher / operator / subject decided per file before ingest (tasks/drives_ingest_dryrun_review.md). Claim: CONFIRMED.,15ef5881a705688d9a5671d54c91fd21855b4a6a718b7e16200a6d6b76c81d4f,CONFIRMED
drive1_FRIO-X6/Cell observer/AINHIZE/Claudia/0721/HE_ID134-138/40x/ID138_liver_HE_40x_2.czi,AE-biomaGUNE-0721,Claudia,AINHIZE,0721,138,ID138_liver_HE_40x_2.czi,tissue,CELL_ID138_liver_HE_40x_2.czi,Historical drive ingest 2026 (drive1_FRIO-X6); project / researcher / operator / subject decided per file before ingest (tasks/drives_ingest_dryrun_review.md). Claim: CONFIRMED.,67fc77e3e61c251467cb173f5553a482983d362300bac3f6d4389577ce1227c2,CONFIRMED
drive1_FRIO-X6/Cell observer/AINHIZE/Claudia/0721/HE_ID134-138/40x/ID138_liver_HE_40x_3.czi,AE-biomaGUNE-0721,Claudia,AINHIZE,0721,138,ID138_liver_HE_40x_3.czi,tissue,CELL_ID138_liver_HE_40x_3.czi,Historical drive ingest 2026 (drive1_FRIO-X6); project / researcher / operator / subject decided per file before ingest (tasks/drives_ingest_dryrun_review.md). Claim: CONFIRMED.,7e60ab4663add80c4d137d7450d5a4ce032f4ae45c24007ff591787f0d1a67bb,CONFIRMED
drive1_FRIO-X6/Cell observer/AINHIZE/Claudia/0721/HE_ID134-138/40x/ID138_liver_HE_40x_4.czi,AE-biomaGUNE-0721,Claudia,AINHIZE,0721,138,ID138_liver_HE_40x_4.czi,tissue,CELL_ID138_liver_HE_40x_4.czi,Historical drive ingest 2026 (drive1_FRIO-X6); project / researcher / operator / subject decided per file before ingest (tasks/drives_ingest_dryrun_review.md). Claim: CONFIRMED.,a6b428476bc64975e8f325cfcd668869dc1ba734ebb3ede987a1f76ffd653b42,CONFIRMED
drive1_FRIO-X6/Cell observer/AINHIZE/Claudia/0721/HE_ID134-138/40x/ID138_liver_HE_40x_5.czi,AE-biomaGUNE-0721,Claudia,AINHIZE,0721,138,ID138_liver_HE_40x_5.czi,tissue,CELL_ID138_liver_HE_40x_5.czi,Historical drive ingest 2026 (drive1_FRIO-X6); project / researcher / operator / subject decided per file before ingest (tasks/drives_ingest_dryrun_review.md). Claim: CONFIRMED.,e67856d2eacc001494ee2c2f5b3d2ec4cd45f87c219081c2a23309f3fce7ec98,CONFIRMED
drive1_FRIO-X6/Cell observer/AINHIZE/Claudia/0721/HE_ID134-138/40x/ID138_liver_HE_40x_6.czi,AE-biomaGUNE-0721,Claudia,AINHIZE,0721,138,ID138_liver_HE_40x_6.czi,tissue,CELL_ID138_liver_HE_40x_6.czi,Historical drive ingest 2026 (drive1_FRIO-X6); project / researcher / operator / subject decided per file before ingest (tasks/drives_ingest_dryrun_review.md). Claim: CONFIRMED.,a94e0d9e79e5379cdbf825fba9ed124668ec63557be064c547e506a29d743d0b,CONFIRMED
drive1_FRIO-X6/Cell observer/AINHIZE/Claudia/0721/HE_ID134-138/40x/ID138_liver_HE_40x_7.czi,AE-biomaGUNE-0721,Claudia,AINHIZE,0721,138,ID138_liver_HE_40x_7.czi,tissue,CELL_ID138_liver_HE_40x_7.czi,Historical drive ingest 2026 (drive1_FRIO-X6); project / researcher / operator / subject decided per file before ingest (tasks/drives_ingest_dryrun_review.md). Claim: CONFIRMED.,be6457046ed67c00382b1ddf3cc841d28d12a811bd7549fb836cbbea4eb54dee,CONFIRMED
drive1_FRIO-X6/Cell observer/AINHIZE/Claudia/0721/HE_ID134-138/40x/ID138_liver_HE_40x_8.czi,AE-biomaGUNE-0721,Claudia,AINHIZE,0721,138,ID138_liver_HE_40x_8.czi,tissue,CELL_ID138_liver_HE_40x_8.czi,Historical drive ingest 2026 (drive1_FRIO-X6); project / researcher / operator / subject decided per file before ingest (tasks/drives_ingest_dryrun_review.md). Claim: CONFIRMED.,9ff779370f3e57d75c47f4a581cd8bff429e047b63fd7859f105f537eb6066d9,CONFIRMED
drive1_FRIO-X6/Cell observer/AINHIZE/Claudia/0721/HE_ID134-138/40x/ID138_liver_HE_40x_9.czi,AE-biomaGUNE-0721,Claudia,AINHIZE,0721,138,ID138_liver_HE_40x_9.czi,tissue,CELL_ID138_liver_HE_40x_9.czi,Historical drive ingest 2026 (drive1_FRIO-X6); project / researcher / operator / subject decided per file before ingest (tasks/drives_ingest_dryrun_review.md). Claim: CONFIRMED.,a4ffd5a83192d7574d73a7b7596cfece2f315d53262133618c851b0103912e83,CONFIRMED
drive1_FRIO-X6/Cell observer/AINHIZE/Claudia/0721/HE_ID201-202/ID201_HE_heart_20x_1.czi,AE-biomaGUNE-0721,Claudia,AINHIZE,0721,201,ID201_HE_heart_20x_1.czi,tissue,CELL_ID201_HE_heart_20x_1.czi,Historical drive ingest 2026 (drive1_FRIO-X6); project / researcher / operator / subject decided per file before ingest (tasks/drives_ingest_dryrun_review.md). Claim: CONFIRMED.,522fd7aafa6874bca4cccb45dde1131106616728db7ca2832df0fa2420cd6e8f,CONFIRMED
drive1_FRIO-X6/Cell observer/AINHIZE/Claudia/0721/HE_ID201-202/ID201_HE_heart_20x_2.czi,AE-biomaGUNE-0721,Claudia,AINHIZE,0721,201,ID201_HE_heart_20x_2.czi,tissue,CELL_ID201_HE_heart_20x_2.czi,Historical drive ingest 2026 (drive1_FRIO-X6); project / researcher / operator / subject decided per file before ingest (tasks/drives_ingest_dryrun_review.md). Claim: CONFIRMED.,13a5769e9d8fe42fc8fdb0cdd0dec8d9469eb7f6b529a75af755747ba73c492d,CONFIRMED
drive1_FRIO-X6/Cell observer/AINHIZE/Claudia/0721/HE_ID201-202/ID201_HE_kidney_20x_1.czi,AE-biomaGUNE-0721,Claudia,AINHIZE,0721,201,ID201_HE_kidney_20x_1.czi,tissue,CELL_ID201_HE_kidney_20x_1.czi,Historical drive ingest 2026 (drive1_FRIO-X6); project / researcher / operator / subject decided per file before ingest (tasks/drives_ingest_dryrun_review.md). Claim: CONFIRMED.,cfa6ac27cc80bd785c4003ce67defc3feb1e110ab57c9420dcdc0371b6320ad0,CONFIRMED
drive1_FRIO-X6/Cell observer/AINHIZE/Claudia/0721/HE_ID201-202/ID201_HE_kidney_20x_2.czi,AE-biomaGUNE-0721,Claudia,AINHIZE,0721,201,ID201_HE_kidney_20x_2.czi,tissue,CELL_ID201_HE_kidney_20x_2.czi,Historical drive ingest 2026 (drive1_FRIO-X6); project / researcher / operator / subject decided per file before ingest (tasks/drives_ingest_dryrun_review.md). Claim: CONFIRMED.,84f959bb8c23206db272e082ffe58725c7be876e7cc4e942323c538e6c384c88,CONFIRMED
drive1_FRIO-X6/Cell observer/AINHIZE/Claudia/0721/HE_ID201-202/ID201_HE_liver_20x_1.czi,AE-biomaGUNE-0721,Claudia,AINHIZE,0721,201,ID201_HE_liver_20x_1.czi,tissue,CELL_ID201_HE_liver_20x_1.czi,Historical drive ingest 2026 (drive1_FRIO-X6); project / researcher / operator / subject decided per file before ingest (tasks/drives_ingest_dryrun_review.md). Claim: CONFIRMED.,fa102d490fc5f5b6ed6d74c00de34c6d409e74442e4059726c59050a9b441e55,CONFIRMED
drive1_FRIO-X6/Cell observer/AINHIZE/Claudia/0721/HE_ID201-202/ID201_HE_liver_20x_2.czi,AE-biomaGUNE-0721,Claudia,AINHIZE,0721,201,ID201_HE_liver_20x_2.czi,tissue,CELL_ID201_HE_liver_20x_2.czi,Historical drive ingest 2026 (drive1_FRIO-X6); project / researcher / operator / subject decided per file before ingest (tasks/drives_ingest_dryrun_review.md). Claim: CONFIRMED.,41fb626056f5f0a992c7c3331ac43a4216cf01c31db7489d70f2afcdd8c59ee5,CONFIRMED
drive1_FRIO-X6/Cell observer/AINHIZE/Claudia/0721/HE_ID201-202/ID201_HE_lung_20x_1.czi,AE-biomaGUNE-0721,Claudia,AINHIZE,0721,201,ID201_HE_lung_20x_1.czi,tissue,CELL_ID201_HE_lung_20x_1.czi,Historical drive ingest 2026 (drive1_FRIO-X6); project / researcher / operator / subject decided per file before ingest (tasks/drives_ingest_dryrun_review.md). Claim: CONFIRMED.,3bce2d129e073aafddb7b71f0f0a30d9767b2c2886cfc7ce7fb63950f46490b5,CONFIRMED
drive1_FRIO-X6/Cell observer/AINHIZE/Claudia/0721/HE_ID201-202/ID201_HE_lung_20x_2.czi,AE-biomaGUNE-0721,Claudia,AINHIZE,0721,201,ID201_HE_lung_20x_2.czi,tissue,CELL_ID201_HE_lung_20x_2.czi,Historical drive ingest 2026 (drive1_FRIO-X6); project / researcher / operator / subject decided per file before ingest (tasks/drives_ingest_dryrun_review.md). Claim: CONFIRMED.,8dea041c44abf13653ab89ae19c909922de8fe393bccaf2bb997b665e75d761a,CONFIRMED
drive1_FRIO-X6/Cell observer/AINHIZE/Claudia/0721/HE_ID201-202/ID201_HE_spleen_20x_1.czi,AE-biomaGUNE-0721,Claudia,AINHIZE,0721,201,ID201_HE_spleen_20x_1.czi,tissue,CELL_ID201_HE_spleen_20x_1.czi,Historical drive ingest 2026 (drive1_FRIO-X6); project / researcher / operator / subject decided per file before ingest (tasks/drives_ingest_dryrun_review.md). Claim: CONFIRMED.,cb8dc819ba2830efe578ce3dbb4670d20c35530367957546d78e50e9cbedacac,CONFIRMED
drive1_FRIO-X6/Cell observer/AINHIZE/Claudia/0721/HE_ID201-202/ID201_HE_spleen_20x_2.czi,AE-biomaGUNE-0721,Claudia,AINHIZE,0721,201,ID201_HE_spleen_20x_2.czi,tissue,CELL_ID201_HE_spleen_20x_2.czi,Historical drive ingest 2026 (drive1_FRIO-X6); project / researcher / operator / subject decided per file before ingest (tasks/drives_ingest_dryrun_review.md). Claim: CONFIRMED.,d0c884769e7fdf1eb3a473f3a163f5662336b171e71f482aba0706cf9075980d,CONFIRMED
drive1_FRIO-X6/Cell observer/AINHIZE/Claudia/0721/HE_ID201-202/ID202_HE_heart_20x_1.czi,AE-biomaGUNE-0721,Claudia,AINHIZE,0721,202,ID202_HE_heart_20x_1.czi,tissue,CELL_ID202_HE_heart_20x_1.czi,Historical drive ingest 2026 (drive1_FRIO-X6); project / researcher / operator / subject decided per file before ingest (tasks/drives_ingest_dryrun_review.md). Claim: CONFIRMED.,5eb4c91eabbcc799a4196a521ee8b53559bbc534da0505c09733dc87ea089a0d,CONFIRMED
drive1_FRIO-X6/Cell observer/AINHIZE/Claudia/0721/HE_ID201-202/ID202_HE_heart_20x_2.czi,AE-biomaGUNE-0721,Claudia,AINHIZE,0721,202,ID202_HE_heart_20x_2.czi,tissue,CELL_ID202_HE_heart_20x_2.czi,Historical drive ingest 2026 (drive1_FRIO-X6); project / researcher / operator / subject decided per file before ingest (tasks/drives_ingest_dryrun_review.md). Claim: CONFIRMED.,2ac1e65e98c5a3f7ac7a2ecdae36e89dcdec76567668fba68881be5ccc120a0b,CONFIRMED
drive1_FRIO-X6/Cell observer/AINHIZE/Claudia/0721/HE_ID201-202/ID202_HE_kidney_20x_1.czi,AE-biomaGUNE-0721,Claudia,AINHIZE,0721,202,ID202_HE_kidney_20x_1.czi,tissue,CELL_ID202_HE_kidney_20x_1.czi,Historical drive ingest 2026 (drive1_FRIO-X6); project / researcher / operator / subject decided per file before ingest (tasks/drives_ingest_dryrun_review.md). Claim: CONFIRMED.,78dcefe75cee30982e32cb6803a45b46796de9aaf11e71e7fd836f470df3d9af,CONFIRMED
drive1_FRIO-X6/Cell observer/AINHIZE/Claudia/0721/HE_ID201-202/ID202_HE_kidney_20x_2.czi,AE-biomaGUNE-0721,Claudia,AINHIZE,0721,202,ID202_HE_kidney_20x_2.czi,tissue,CELL_ID202_HE_kidney_20x_2.czi,Historical drive ingest 2026 (drive1_FRIO-X6); project / researcher / operator / subject decided per file before ingest (tasks/drives_ingest_dryrun_review.md). Claim: CONFIRMED.,bf7c782ecd1c1892033dd176a0564848f73d9fa7602d91c260e2f4c64debb54e,CONFIRMED
drive1_FRIO-X6/Cell observer/AINHIZE/Claudia/0721/HE_ID201-202/ID202_HE_liver_20x_1.czi,AE-biomaGUNE-0721,Claudia,AINHIZE,0721,202,ID202_HE_liver_20x_1.czi,tissue,CELL_ID202_HE_liver_20x_1.czi,Historical drive ingest 2026 (drive1_FRIO-X6); project / researcher / operator / subject decided per file before ingest (tasks/drives_ingest_dryrun_review.md). Claim: CONFIRMED.,51c7c26ce446a27a4d862e4841dbad884911cb7ebc89c3bc5701c8fec0f7db91,CONFIRMED
drive1_FRIO-X6/Cell observer/AINHIZE/Claudia/0721/HE_ID201-202/ID202_HE_liver_20x_2.czi,AE-biomaGUNE-0721,Claudia,AINHIZE,0721,202,ID202_HE_liver_20x_2.czi,tissue,CELL_ID202_HE_liver_20x_2.czi,Historical drive ingest 2026 (drive1_FRIO-X6); project / researcher / operator / subject decided per file before ingest (tasks/drives_ingest_dryrun_review.md). Claim: CONFIRMED.,39586dca282b9bfdefd88e15183e5dc8e6dcff902f4538273c344c427f8cebd5,CONFIRMED
drive1_FRIO-X6/Cell observer/AINHIZE/Claudia/0721/HE_ID201-202/ID202_HE_lung_20x_1.czi,AE-biomaGUNE-0721,Claudia,AINHIZE,0721,202,ID202_HE_lung_20x_1.czi,tissue,CELL_ID202_HE_lung_20x_1.czi,Historical drive ingest 2026 (drive1_FRIO-X6); project / researcher / operator / subject decided per file before ingest (tasks/drives_ingest_dryrun_review.md). Claim: CONFIRMED.,b67ebc182022b26569d1c09845f3d2b29d6afc4d104c1843fd40c92a0fb78c20,CONFIRMED
drive1_FRIO-X6/Cell observer/AINHIZE/Claudia/0721/HE_ID201-202/ID202_HE_lung_20x_2.czi,AE-biomaGUNE-0721,Claudia,AINHIZE,0721,202,ID202_HE_lung_20x_2.czi,tissue,CELL_ID202_HE_lung_20x_2.czi,Historical drive ingest 2026 (drive1_FRIO-X6); project / researcher / operator / subject decided per file before ingest (tasks/drives_ingest_dryrun_review.md). Claim: CONFIRMED.,73fe224870f76986c8916152d094f2ed7ab53d8f82d57b23504e17f29dc18068,CONFIRMED
drive1_FRIO-X6/Cell observer/AINHIZE/Claudia/0721/HE_ID201-202/ID202_HE_spleen_20x_1.czi,AE-biomaGUNE-0721,Claudia,AINHIZE,0721,202,ID202_HE_spleen_20x_1.czi,tissue,CELL_ID202_HE_spleen_20x_1.czi,Historical drive ingest 2026 (drive1_FRIO-X6); project / researcher / operator / subject decided per file before ingest (tasks/drives_ingest_dryrun_review.md). Claim: CONFIRMED.,218a2d278de62e1c56fb6ee9df043f74ced559d3a9263544f7197237c560d6b5,CONFIRMED
drive1_FRIO-X6/Cell observer/AINHIZE/Claudia/0721/HE_ID201-202/ID202_HE_spleen_20x_2.czi,AE-biomaGUNE-0721,Claudia,AINHIZE,0721,202,ID202_HE_spleen_20x_2.czi,tissue,CELL_ID202_HE_spleen_20x_2.czi,Historical drive ingest 2026 (drive1_FRIO-X6); project / researcher / operator / subject decided per file before ingest (tasks/drives_ingest_dryrun_review.md). Claim: CONFIRMED.,956e20a4c63714a1d43609041eeb30d790d337711aea0e2b1779a140af69b634,CONFIRMED
drive1_FRIO-X6/Cell observer/AINHIZE/MANON Biodistribution/0721 ID 159-161/HE/ID159_heart_HE_20x_1.czi,AE-biomaGUNE-0721,,AINHIZE,0721,159,ID159_heart_HE_20x_1.czi,tissue,CELL_ID159_heart_HE_20x_1.czi,Historical drive ingest 2026 (drive1_FRIO-X6); project / researcher / operator / subject decided per file before ingest (tasks/drives_ingest_dryrun_review.md). Claim: CONFIRMED.,4ed79bcc882042990c07c68b56fab631231cfb7f62297b89f87accb86b0b8f08,CONFIRMED
drive1_FRIO-X6/Cell observer/AINHIZE/MANON Biodistribution/0721 ID 159-161/HE/ID159_heart_HE_20x_2.czi,AE-biomaGUNE-0721,,AINHIZE,0721,159,ID159_heart_HE_20x_2.czi,tissue,CELL_ID159_heart_HE_20x_2.czi,Historical drive ingest 2026 (drive1_FRIO-X6); project / researcher / operator / subject decided per file before ingest (tasks/drives_ingest_dryrun_review.md). Claim: CONFIRMED.,f6808cad6048befd63871dc3a2a054f3d195597ac2c3a3ab9650fc86317accb7,CONFIRMED
drive1_FRIO-X6/Cell observer/AINHIZE/MANON Biodistribution/0721 ID 159-161/HE/ID159_heart_HE_20x_3.czi,AE-biomaGUNE-0721,,AINHIZE,0721,159,ID159_heart_HE_20x_3.czi,tissue,CELL_ID159_heart_HE_20x_3.czi,Historical drive ingest 2026 (drive1_FRIO-X6); project / researcher / operator / subject decided per file before ingest (tasks/drives_ingest_dryrun_review.md). Claim: CONFIRMED.,869797cf07cd357877d4894446c10b1764b2ec7f47fec1e5368989cb3271fee2,CONFIRMED
drive1_FRIO-X6/Cell observer/AINHIZE/MANON Biodistribution/0721 ID 159-161/HE/ID159_intestin_2_HE_20x_1.czi,AE-biomaGUNE-0721,,AINHIZE,0721,159,ID159_intestin_2_HE_20x_1.czi,tissue,CELL_ID159_intestin_2_HE_20x_1.czi,Historical drive ingest 2026 (drive1_FRIO-X6); project / researcher / operator / subject decided per file before ingest (tasks/drives_ingest_dryrun_review.md). Claim: CONFIRMED.,780f046b2278a0c3731ba6a59debc829b8611011e2a295c230da3affca11f4ca,CONFIRMED
drive1_FRIO-X6/Cell observer/AINHIZE/MANON Biodistribution/0721 ID 159-161/HE/ID159_intestin_2_HE_20x_2.czi,AE-biomaGUNE-0721,,AINHIZE,0721,159,ID159_intestin_2_HE_20x_2.czi,tissue,CELL_ID159_intestin_2_HE_20x_2.czi,Historical drive ingest 2026 (drive1_FRIO-X6); project / researcher / operator / subject decided per file before ingest (tasks/drives_ingest_dryrun_review.md). Claim: CONFIRMED.,37a6baca833d441b030fc8a1fbb1702418785ba65c1611712670dc920b05ceb6,CONFIRMED
drive1_FRIO-X6/Cell observer/AINHIZE/MANON Biodistribution/0721 ID 159-161/HE/ID159_intestin_HE_20x_1.czi,AE-biomaGUNE-0721,,AINHIZE,0721,159,ID159_intestin_HE_20x_1.czi,tissue,CELL_ID159_intestin_HE_20x_1.czi,Historical drive ingest 2026 (drive1_FRIO-X6); project / researcher / operator / subject decided per file before ingest (tasks/drives_ingest_dryrun_review.md). Claim: CONFIRMED.,16f6f4e655e4e2f17cc800688e165661ee032f72282a05bec5db59fad4f1b6a1,CONFIRMED
drive1_FRIO-X6/Cell observer/AINHIZE/MANON Biodistribution/0721 ID 159-161/HE/ID159_intestin_HE_20x_2.czi,AE-biomaGUNE-0721,,AINHIZE,0721,159,ID159_intestin_HE_20x_2.czi,tissue,CELL_ID159_intestin_HE_20x_2.czi,Historical drive ingest 2026 (drive1_FRIO-X6); project / researcher / operator / subject decided per file before ingest (tasks/drives_ingest_dryrun_review.md). Claim: CONFIRMED.,b5d13bc152959a993123ad5618af03676ac9094bf86aa0ad0b1020ff8678531c,CONFIRMED
drive1_FRIO-X6/Cell observer/AINHIZE/MANON Biodistribution/0721 ID 159-161/HE/ID159_intestin_HE_20x_3.czi,AE-biomaGUNE-0721,,AINHIZE,0721,159,ID159_intestin_HE_20x_3.czi,tissue,CELL_ID159_intestin_HE_20x_3.czi,Historical drive ingest 2026 (drive1_FRIO-X6); project / researcher / operator / subject decided per file before ingest (tasks/drives_ingest_dryrun_review.md). Claim: CONFIRMED.,e6678d3b48c111671037899040175cc3b4f0eef16c6afba631ee56975fecd41e,CONFIRMED
drive1_FRIO-X6/Cell observer/AINHIZE/MANON Biodistribution/0721 ID 159-161/HE/ID159_intestin_HE_20x_4.czi,AE-biomaGUNE-0721,,AINHIZE,0721,159,ID159_intestin_HE_20x_4.czi,tissue,CELL_ID159_intestin_HE_20x_4.czi,Historical drive ingest 2026 (drive1_FRIO-X6); project / researcher / operator / subject decided per file before ingest (tasks/drives_ingest_dryrun_review.md). Claim: CONFIRMED.,f9e7f779c87b2339d0cad656e80e91ca4bdb5fddbff32a01ae2c892cec3b1e7a,CONFIRMED
drive1_FRIO-X6/Cell observer/AINHIZE/MANON Biodistribution/0721 ID 159-161/HE/ID159_kidney_HE_20x_1.czi,AE-biomaGUNE-0721,,AINHIZE,0721,159,ID159_kidney_HE_20x_1.czi,tissue,CELL_ID159_kidney_HE_20x_1.czi,Historical drive ingest 2026 (drive1_FRIO-X6); project / researcher / operator / subject decided per file before ingest (tasks/drives_ingest_dryrun_review.md). Claim: CONFIRMED.,199bab53b848b4ebc5292282e319c160b430f5b27bb12fc3c78991b18b7b3efd,CONFIRMED
drive1_FRIO-X6/Cell observer/AINHIZE/MANON Biodistribution/0721 ID 159-161/HE/ID159_kidney_HE_20x_2.czi,AE-biomaGUNE-0721,,AINHIZE,0721,159,ID159_kidney_HE_20x_2.czi,tissue,CELL_ID159_kidney_HE_20x_2.czi,Historical drive ingest 2026 (drive1_FRIO-X6); project / researcher / operator / subject decided per file before ingest (tasks/drives_ingest_dryrun_review.md). Claim: CONFIRMED.,4d34f0b857609416415d02914b95e2ec894ce794ec5201c8dde46a87acde6453,CONFIRMED
drive1_FRIO-X6/Cell observer/AINHIZE/MANON Biodistribution/0721 ID 159-161/HE/ID159_kidney_HE_20x_3.czi,AE-biomaGUNE-0721,,AINHIZE,0721,159,ID159_kidney_HE_20x_3.czi,tissue,CELL_ID159_kidney_HE_20x_3.czi,Historical drive ingest 2026 (drive1_FRIO-X6); project / researcher / operator / subject decided per file before ingest (tasks/drives_ingest_dryrun_review.md). Claim: CONFIRMED.,d95d83369133585f99571919433749c340da7188a1d6e85ef52a127b9420115d,CONFIRMED
drive1_FRIO-X6/Cell observer/AINHIZE/MANON Biodistribution/0721 ID 159-161/HE/ID159_liver_HE_20x_1.czi,AE-biomaGUNE-0721,,AINHIZE,0721,159,ID159_liver_HE_20x_1.czi,tissue,CELL_ID159_liver_HE_20x_1.czi,Historical drive ingest 2026 (drive1_FRIO-X6); project / researcher / operator / subject decided per file before ingest (tasks/drives_ingest_dryrun_review.md). Claim: CONFIRMED.,d7dbda74c9cb8943d251baadb28fc6a955d599a6d2f23855dde126cfa499c13c,CONFIRMED
drive1_FRIO-X6/Cell observer/AINHIZE/MANON Biodistribution/0721 ID 159-161/HE/ID159_liver_HE_20x_2.czi,AE-biomaGUNE-0721,,AINHIZE,0721,159,ID159_liver_HE_20x_2.czi,tissue,CELL_ID159_liver_HE_20x_2.czi,Historical drive ingest 2026 (drive1_FRIO-X6); project / researcher / operator / subject decided per file before ingest (tasks/drives_ingest_dryrun_review.md). Claim: CONFIRMED.,9c80eb95f9731cc3fb219de4a6b38eeb4a3779f8281be3e86d00eddcdce3f966,CONFIRMED
drive1_FRIO-X6/Cell observer/AINHIZE/MANON Biodistribution/0721 ID 159-161/HE/ID159_liver_HE_20x_3.czi,AE-biomaGUNE-0721,,AINHIZE,0721,159,ID159_liver_HE_20x_3.czi,tissue,CELL_ID159_liver_HE_20x_3.czi,Historical drive ingest 2026 (drive1_FRIO-X6); project / researcher / operator / subject decided per file before ingest (tasks/drives_ingest_dryrun_review.md). Claim: CONFIRMED.,27485fe2064a8ca581558fa7b7f32e36cb219cf4a569fba72613c4fc3e3945af,CONFIRMED
drive1_FRIO-X6/Cell observer/AINHIZE/MANON Biodistribution/0721 ID 159-161/HE/ID159_spleen_HE_20x_1.czi,AE-biomaGUNE-0721,,AINHIZE,0721,159,ID159_spleen_HE_20x_1.czi,tissue,CELL_ID159_spleen_HE_20x_1.czi,Historical drive ingest 2026 (drive1_FRIO-X6); project / researcher / operator / subject decided per file before ingest (tasks/drives_ingest_dryrun_review.md). Claim: CONFIRMED.,d8de783459add26a68c54bc59f68a9caa10dd369c897e79f4757e9a871fd2fea,CONFIRMED
drive1_FRIO-X6/Cell observer/AINHIZE/MANON Biodistribution/0721 ID 159-161/HE/ID159_spleen_HE_20x_2.czi,AE-biomaGUNE-0721,,AINHIZE,0721,159,ID159_spleen_HE_20x_2.czi,tissue,CELL_ID159_spleen_HE_20x_2.czi,Historical drive ingest 2026 (drive1_FRIO-X6); project / researcher / operator / subject decided per file before ingest (tasks/drives_ingest_dryrun_review.md). Claim: CONFIRMED.,b740f7ebb498a28c54e65aa88dd01924b4a84ba0ffc03c6a30a4573b68f61fe4,CONFIRMED
drive1_FRIO-X6/Cell observer/AINHIZE/MANON Biodistribution/0721 ID 159-161/HE/ID159_spleen_HE_20x_3.czi,AE-biomaGUNE-0721,,AINHIZE,0721,159,ID159_spleen_HE_20x_3.czi,tissue,CELL_ID159_spleen_HE_20x_3.czi,Historical drive ingest 2026 (drive1_FRIO-X6); project / researcher / operator / subject decided per file before ingest (tasks/drives_ingest_dryrun_review.md). Claim: CONFIRMED.,e6473882c179878df74547d5657606b06e3f4a02f536d2f390aaaced8fe2b206,CONFIRMED
drive1_FRIO-X6/Cell observer/AINHIZE/MANON Biodistribution/0721 ID 159-161/HE/ID160_heart_HE_20x_1.czi,AE-biomaGUNE-0721,,AINHIZE,0721,160,ID160_heart_HE_20x_1.czi,tissue,CELL_ID160_heart_HE_20x_1.czi,Historical drive ingest 2026 (drive1_FRIO-X6); project / researcher / operator / subject decided per file before ingest (tasks/drives_ingest_dryrun_review.md). Claim: CONFIRMED.,24e7c791be10989ce713bed60ae49055662b1d79d1e33793d5fc0b62484b8bd1,CONFIRMED
drive1_FRIO-X6/Cell observer/AINHIZE/MANON Biodistribution/0721 ID 159-161/HE/ID160_heart_HE_20x_2.czi,AE-biomaGUNE-0721,,AINHIZE,0721,160,ID160_heart_HE_20x_2.czi,tissue,CELL_ID160_heart_HE_20x_2.czi,Historical drive ingest 2026 (drive1_FRIO-X6); project / researcher / operator / subject decided per file before ingest (tasks/drives_ingest_dryrun_review.md). Claim: CONFIRMED.,8bc00859ff20f33a952c9ee1a686c01a2eabb7586b2c8b691dd4aea09cbaf46f,CONFIRMED
drive1_FRIO-X6/Cell observer/AINHIZE/MANON Biodistribution/0721 ID 159-161/HE/ID160_heart_HE_20x_3.czi,AE-biomaGUNE-0721,,AINHIZE,0721,160,ID160_heart_HE_20x_3.czi,tissue,CELL_ID160_heart_HE_20x_3.czi,Historical drive ingest 2026 (drive1_FRIO-X6); project / researcher / operator / subject decided per file before ingest (tasks/drives_ingest_dryrun_review.md). Claim: CONFIRMED.,f2b7c29ddad386a51edda67d3ba38292de51aa27b2c3a18ebf7a40c437776d88,CONFIRMED
drive1_FRIO-X6/Cell observer/AINHIZE/MANON Biodistribution/0721 ID 159-161/HE/ID160_intestin_HE_20x_1.czi,AE-biomaGUNE-0721,,AINHIZE,0721,160,ID160_intestin_HE_20x_1.czi,tissue,CELL_ID160_intestin_HE_20x_1.czi,Historical drive ingest 2026 (drive1_FRIO-X6); project / researcher / operator / subject decided per file before ingest (tasks/drives_ingest_dryrun_review.md). Claim: CONFIRMED.,1e198f23e05014b055fa4b84a2de663d42e104bcf3e5de1cf01ba175065c1316,CONFIRMED
drive1_FRIO-X6/Cell observer/AINHIZE/MANON Biodistribution/0721 ID 159-161/HE/ID160_intestin_HE_20x_2.czi,AE-biomaGUNE-0721,,AINHIZE,0721,160,ID160_intestin_HE_20x_2.czi,tissue,CELL_ID160_intestin_HE_20x_2.czi,Historical drive ingest 2026 (drive1_FRIO-X6); project / researcher / operator / subject decided per file before ingest (tasks/drives_ingest_dryrun_review.md). Claim: CONFIRMED.,cd5cc0d15031b887a982b84c0e1201bdb91cdb1376a121687e3f42dc6e889ddb,CONFIRMED
drive1_FRIO-X6/Cell observer/AINHIZE/MANON Biodistribution/0721 ID 159-161/HE/ID160_intestin_HE_20x_3.czi,AE-biomaGUNE-0721,,AINHIZE,0721,160,ID160_intestin_HE_20x_3.czi,tissue,CELL_ID160_intestin_HE_20x_3.czi,Historical drive ingest 2026 (drive1_FRIO-X6); project / researcher / operator / subject decided per file before ingest (tasks/drives_ingest_dryrun_review.md). Claim: CONFIRMED.,b83a516496248db2421cfcd95fec023406f1151a12409ce5639e00c26d39110b,CONFIRMED
drive1_FRIO-X6/Cell observer/AINHIZE/MANON Biodistribution/0721 ID 159-161/HE/ID160_intestin_HE_20x_4.czi,AE-biomaGUNE-0721,,AINHIZE,0721,160,ID160_intestin_HE_20x_4.czi,tissue,CELL_ID160_intestin_HE_20x_4.czi,Historical drive ingest 2026 (drive1_FRIO-X6); project / researcher / operator / subject decided per file before ingest (tasks/drives_ingest_dryrun_review.md). Claim: CONFIRMED.,9385fc6abd3ebc866594228bb9515bf9f6f5731b609176e447b778ddb2d94ba8,CONFIRMED
drive1_FRIO-X6/Cell observer/AINHIZE/MANON Biodistribution/0721 ID 159-161/HE/ID160_kidney_HE_20x_1.czi,AE-biomaGUNE-0721,,AINHIZE,0721,160,ID160_kidney_HE_20x_1.czi,tissue,CELL_ID160_kidney_HE_20x_1.czi,Historical drive ingest 2026 (drive1_FRIO-X6); project / researcher / operator / subject decided per file before ingest (tasks/drives_ingest_dryrun_review.md). Claim: CONFIRMED.,f0b0850cc05f457b9a20f8c567840ceff0438d6cd86a920d80b6c60b0066e95d,CONFIRMED
drive1_FRIO-X6/Cell observer/AINHIZE/MANON Biodistribution/0721 ID 159-161/HE/ID160_kidney_HE_20x_2.czi,AE-biomaGUNE-0721,,AINHIZE,0721,160,ID160_kidney_HE_20x_2.czi,tissue,CELL_ID160_kidney_HE_20x_2.czi,Historical drive ingest 2026 (drive1_FRIO-X6); project / researcher / operator / subject decided per file before ingest (tasks/drives_ingest_dryrun_review.md). Claim: CONFIRMED.,d34a462434bed56a90a507bd221a3a9c7cc9d98807c16dd484b7a3fe814f06c6,CONFIRMED
drive1_FRIO-X6/Cell observer/AINHIZE/MANON Biodistribution/0721 ID 159-161/HE/ID160_kidney_HE_20x_3.czi,AE-biomaGUNE-0721,,AINHIZE,0721,160,ID160_kidney_HE_20x_3.czi,tissue,CELL_ID160_kidney_HE_20x_3.czi,Historical drive ingest 2026 (drive1_FRIO-X6); project / researcher / operator / subject decided per file before ingest (tasks/drives_ingest_dryrun_review.md). Claim: CONFIRMED.,9ff640338380e60638939562cb6343d94d59de26129e476144bdf78bb32ec84b,CONFIRMED
drive1_FRIO-X6/Cell observer/AINHIZE/MANON Biodistribution/0721 ID 159-161/HE/ID160_liver_HE_20x_1.czi,AE-biomaGUNE-0721,,AINHIZE,0721,160,ID160_liver_HE_20x_1.czi,tissue,CELL_ID160_liver_HE_20x_1.czi,Historical drive ingest 2026 (drive1_FRIO-X6); project / researcher / operator / subject decided per file before ingest (tasks/drives_ingest_dryrun_review.md). Claim: CONFIRMED.,e9a316ea9ef8946d8c06c400a2e28a85bd4935d94e5b215ce33575fe0bc07b8c,CONFIRMED
drive1_FRIO-X6/Cell observer/AINHIZE/MANON Biodistribution/0721 ID 159-161/HE/ID160_liver_HE_20x_2.czi,AE-biomaGUNE-0721,,AINHIZE,0721,160,ID160_liver_HE_20x_2.czi,tissue,CELL_ID160_liver_HE_20x_2.czi,Historical drive ingest 2026 (drive1_FRIO-X6); project / researcher / operator / subject decided per file before ingest (tasks/drives_ingest_dryrun_review.md). Claim: CONFIRMED.,d314de72b1dbfdf187be8e63dcb30671c3a51ff1c961564462ecf06a3233d4c3,CONFIRMED
drive1_FRIO-X6/Cell observer/AINHIZE/MANON Biodistribution/0721 ID 159-161/HE/ID160_liver_HE_20x_3.czi,AE-biomaGUNE-0721,,AINHIZE,0721,160,ID160_liver_HE_20x_3.czi,tissue,CELL_ID160_liver_HE_20x_3.czi,Historical drive ingest 2026 (drive1_FRIO-X6); project / researcher / operator / subject decided per file before ingest (tasks/drives_ingest_dryrun_review.md). Claim: CONFIRMED.,4b5615b92b373138b785d3b753b8f05c95a964d0a04bdd6bb9b30a8e021d1328,CONFIRMED
drive1_FRIO-X6/Cell observer/AINHIZE/MANON Biodistribution/0721 ID 159-161/HE/ID160_lung_HE_20x_1.czi,AE-biomaGUNE-0721,,AINHIZE,0721,160,ID160_lung_HE_20x_1.czi,tissue,CELL_ID160_lung_HE_20x_1.czi,Historical drive ingest 2026 (drive1_FRIO-X6); project / researcher / operator / subject decided per file before ingest (tasks/drives_ingest_dryrun_review.md). Claim: CONFIRMED.,5b4dd26d0e986c96e95bab97bddb7a4a95a533ebada5e79715024426b249843e,CONFIRMED
drive1_FRIO-X6/Cell observer/AINHIZE/MANON Biodistribution/0721 ID 159-161/HE/ID160_lung_HE_20x_2.czi,AE-biomaGUNE-0721,,AINHIZE,0721,160,ID160_lung_HE_20x_2.czi,tissue,CELL_ID160_lung_HE_20x_2.czi,Historical drive ingest 2026 (drive1_FRIO-X6); project / researcher / operator / subject decided per file before ingest (tasks/drives_ingest_dryrun_review.md). Claim: CONFIRMED.,f42c02acbb21a475b66a1922b0962dbb02f28d63342010459df7bbc0452aa5c8,CONFIRMED
drive1_FRIO-X6/Cell observer/AINHIZE/MANON Biodistribution/0721 ID 159-161/HE/ID160_lung_HE_20x_3.czi,AE-biomaGUNE-0721,,AINHIZE,0721,160,ID160_lung_HE_20x_3.czi,tissue,CELL_ID160_lung_HE_20x_3.czi,Historical drive ingest 2026 (drive1_FRIO-X6); project / researcher / operator / subject decided per file before ingest (tasks/drives_ingest_dryrun_review.md). Claim: CONFIRMED.,9b79b111892a7c99f70a44c406486abef0fad925ffd863f2217fd886e1054e62,CONFIRMED
drive1_FRIO-X6/Cell observer/AINHIZE/MANON Biodistribution/0721 ID 159-161/HE/ID160_spleen_HE_20x_1.czi,AE-biomaGUNE-0721,,AINHIZE,0721,160,ID160_spleen_HE_20x_1.czi,tissue,CELL_ID160_spleen_HE_20x_1.czi,Historical drive ingest 2026 (drive1_FRIO-X6); project / researcher / operator / subject decided per file before ingest (tasks/drives_ingest_dryrun_review.md). Claim: CONFIRMED.,d19d3c2a669590aa291766158661b776a10d1756136c94efbfe1fc83b1320489,CONFIRMED
drive1_FRIO-X6/Cell observer/AINHIZE/MANON Biodistribution/0721 ID 159-161/HE/ID160_spleen_HE_20x_2.czi,AE-biomaGUNE-0721,,AINHIZE,0721,160,ID160_spleen_HE_20x_2.czi,tissue,CELL_ID160_spleen_HE_20x_2.czi,Historical drive ingest 2026 (drive1_FRIO-X6); project / researcher / operator / subject decided per file before ingest (tasks/drives_ingest_dryrun_review.md). Claim: CONFIRMED.,c52a4cd864eec57af70187a9860f9a3b7d8842e98e55d5f4e0913b6531122d1e,CONFIRMED
drive1_FRIO-X6/Cell observer/AINHIZE/MANON Biodistribution/0721 ID 159-161/HE/ID160_spleen_HE_20x_3.czi,AE-biomaGUNE-0721,,AINHIZE,0721,160,ID160_spleen_HE_20x_3.czi,tissue,CELL_ID160_spleen_HE_20x_3.czi,Historical drive ingest 2026 (drive1_FRIO-X6); project / researcher / operator / subject decided per file before ingest (tasks/drives_ingest_dryrun_review.md). Claim: CONFIRMED.,9f40544388263675e6ccfa13240d552a973285d1e670d40ca2fd053f9f778ac5,CONFIRMED
drive1_FRIO-X6/Cell observer/AINHIZE/MANON Biodistribution/0721 ID 159-161/HE/ID161_heart_HE_20x_1.czi,AE-biomaGUNE-0721,,AINHIZE,0721,161,ID161_heart_HE_20x_1.czi,tissue,CELL_ID161_heart_HE_20x_1.czi,Historical drive ingest 2026 (drive1_FRIO-X6); project / researcher / operator / subject decided per file before ingest (tasks/drives_ingest_dryrun_review.md). Claim: CONFIRMED.,5d75fcd30a0b3a6cbd400ca75a039eb5ea44b1f7562d6817de5ab3363d457758,CONFIRMED
drive1_FRIO-X6/Cell observer/AINHIZE/MANON Biodistribution/0721 ID 159-161/HE/ID161_heart_HE_20x_2.czi,AE-biomaGUNE-0721,,AINHIZE,0721,161,ID161_heart_HE_20x_2.czi,tissue,CELL_ID161_heart_HE_20x_2.czi,Historical drive ingest 2026 (drive1_FRIO-X6); project / researcher / operator / subject decided per file before ingest (tasks/drives_ingest_dryrun_review.md). Claim: CONFIRMED.,919c2e4cb654f919a2331b2543fba7df2b9aa2ffa23cec0f0ed0b021d70c51be,CONFIRMED
drive1_FRIO-X6/Cell observer/AINHIZE/MANON Biodistribution/0721 ID 159-161/HE/ID161_heart_HE_20x_3.czi,AE-biomaGUNE-0721,,AINHIZE,0721,161,ID161_heart_HE_20x_3.czi,tissue,CELL_ID161_heart_HE_20x_3.czi,Historical drive ingest 2026 (drive1_FRIO-X6); project / researcher / operator / subject decided per file before ingest (tasks/drives_ingest_dryrun_review.md). Claim: CONFIRMED.,a22de8db105e59434928a512b25e2f3bfd9e9d08f809a8b8332c9c0eb0e34d80,CONFIRMED
drive1_FRIO-X6/Cell observer/AINHIZE/MANON Biodistribution/0721 ID 159-161/HE/ID161_intestin_HE_20x_1.czi,AE-biomaGUNE-0721,,AINHIZE,0721,161,ID161_intestin_HE_20x_1.czi,tissue,CELL_ID161_intestin_HE_20x_1.czi,Historical drive ingest 2026 (drive1_FRIO-X6); project / researcher / operator / subject decided per file before ingest (tasks/drives_ingest_dryrun_review.md). Claim: CONFIRMED.,cd3afd361f107c4fe63b119f3afaddb2c30427e9ea4865cff8ec6f2800ef7bae,CONFIRMED
drive1_FRIO-X6/Cell observer/AINHIZE/MANON Biodistribution/0721 ID 159-161/HE/ID161_intestin_HE_20x_2.czi,AE-biomaGUNE-0721,,AINHIZE,0721,161,ID161_intestin_HE_20x_2.czi,tissue,CELL_ID161_intestin_HE_20x_2.czi,Historical drive ingest 2026 (drive1_FRIO-X6); project / researcher / operator / subject decided per file before ingest (tasks/drives_ingest_dryrun_review.md). Claim: CONFIRMED.,44afaf9aa1888e6b4b16ef1028bae0cef67e21e30bb142cc4e331ded859115ce,CONFIRMED
drive1_FRIO-X6/Cell observer/AINHIZE/MANON Biodistribution/0721 ID 159-161/HE/ID161_intestin_HE_20x_3.czi,AE-biomaGUNE-0721,,AINHIZE,0721,161,ID161_intestin_HE_20x_3.czi,tissue,CELL_ID161_intestin_HE_20x_3.czi,Historical drive ingest 2026 (drive1_FRIO-X6); project / researcher / operator / subject decided per file before ingest (tasks/drives_ingest_dryrun_review.md). Claim: CONFIRMED.,8d1e350ba3e34a6b55319f2c67d790e9230f221761725ce72be5aaad2690045c,CONFIRMED
drive1_FRIO-X6/Cell observer/AINHIZE/MANON Biodistribution/0721 ID 159-161/HE/ID161_kidney_HE_20x_1.czi,AE-biomaGUNE-0721,,AINHIZE,0721,161,ID161_kidney_HE_20x_1.czi,tissue,CELL_ID161_kidney_HE_20x_1.czi,Historical drive ingest 2026 (drive1_FRIO-X6); project / researcher / operator / subject decided per file before ingest (tasks/drives_ingest_dryrun_review.md). Claim: CONFIRMED.,976b839fa7ba1758538e431b47138b683b3d1889684a55a3bff8ec24476ea069,CONFIRMED
drive1_FRIO-X6/Cell observer/AINHIZE/MANON Biodistribution/0721 ID 159-161/HE/ID161_kidney_HE_20x_2.czi,AE-biomaGUNE-0721,,AINHIZE,0721,161,ID161_kidney_HE_20x_2.czi,tissue,CELL_ID161_kidney_HE_20x_2.czi,Historical drive ingest 2026 (drive1_FRIO-X6); project / researcher / operator / subject decided per file before ingest (tasks/drives_ingest_dryrun_review.md). Claim: CONFIRMED.,002446ca3c5860ff691f2917b9ace8c83fdcf8478f501401b143d278a6f44b8f,CONFIRMED
drive1_FRIO-X6/Cell observer/AINHIZE/MANON Biodistribution/0721 ID 159-161/HE/ID161_kidney_HE_20x_3.czi,AE-biomaGUNE-0721,,AINHIZE,0721,161,ID161_kidney_HE_20x_3.czi,tissue,CELL_ID161_kidney_HE_20x_3.czi,Historical drive ingest 2026 (drive1_FRIO-X6); project / researcher / operator / subject decided per file before ingest (tasks/drives_ingest_dryrun_review.md). Claim: CONFIRMED.,49a18c3881f405fae2ee4f75b8aee634542b10a2df3f0a568be74d5b9e8c2231,CONFIRMED
drive1_FRIO-X6/Cell observer/AINHIZE/MANON Biodistribution/0721 ID 159-161/HE/ID161_liver_HE_20x_1.czi,AE-biomaGUNE-0721,,AINHIZE,0721,161,ID161_liver_HE_20x_1.czi,tissue,CELL_ID161_liver_HE_20x_1.czi,Historical drive ingest 2026 (drive1_FRIO-X6); project / researcher / operator / subject decided per file before ingest (tasks/drives_ingest_dryrun_review.md). Claim: CONFIRMED.,549ae894dd0780cdf69f7bb03300d8413d7a4d363451f184728777deacdf09e1,CONFIRMED
drive1_FRIO-X6/Cell observer/AINHIZE/MANON Biodistribution/0721 ID 159-161/HE/ID161_liver_HE_20x_2.czi,AE-biomaGUNE-0721,,AINHIZE,0721,161,ID161_liver_HE_20x_2.czi,tissue,CELL_ID161_liver_HE_20x_2.czi,Historical drive ingest 2026 (drive1_FRIO-X6); project / researcher / operator / subject decided per file before ingest (tasks/drives_ingest_dryrun_review.md). Claim: CONFIRMED.,8c2360584eb31348c789587957f3a72e627b393f407d69783a68b2bb303020f0,CONFIRMED
drive1_FRIO-X6/Cell observer/AINHIZE/MANON Biodistribution/0721 ID 159-161/HE/ID161_liver_HE_20x_3.czi,AE-biomaGUNE-0721,,AINHIZE,0721,161,ID161_liver_HE_20x_3.czi,tissue,CELL_ID161_liver_HE_20x_3.czi,Historical drive ingest 2026 (drive1_FRIO-X6); project / researcher / operator / subject decided per file before ingest (tasks/drives_ingest_dryrun_review.md). Claim: CONFIRMED.,ba186a77c5b37a5142f11a3be80a7fccd0fcb9cc9f2a344c317dd4448f81a87d,CONFIRMED
drive1_FRIO-X6/Cell observer/AINHIZE/MANON Biodistribution/0721 ID 159-161/HE/ID161_lung_HE_20x_1.czi,AE-biomaGUNE-0721,,AINHIZE,0721,161,ID161_lung_HE_20x_1.czi,tissue,CELL_ID161_lung_HE_20x_1.czi,Historical drive ingest 2026 (drive1_FRIO-X6); project / researcher / operator / subject decided per file before ingest (tasks/drives_ingest_dryrun_review.md). Claim: CONFIRMED.,386068dc8065925d7bb2c8b0a6881c7e41ab83bbfccd69ab6478e0a755201704,CONFIRMED
drive1_FRIO-X6/Cell observer/AINHIZE/MANON Biodistribution/0721 ID 159-161/HE/ID161_lung_HE_20x_2.czi,AE-biomaGUNE-0721,,AINHIZE,0721,161,ID161_lung_HE_20x_2.czi,tissue,CELL_ID161_lung_HE_20x_2.czi,Historical drive ingest 2026 (drive1_FRIO-X6); project / researcher / operator / subject decided per file before ingest (tasks/drives_ingest_dryrun_review.md). Claim: CONFIRMED.,b60947a7030dd0e7f0415cc6e30ceec623ae5a0b435819879d33729f0d576dfe,CONFIRMED
drive1_FRIO-X6/Cell observer/AINHIZE/MANON Biodistribution/0721 ID 159-161/HE/ID161_lung_HE_20x_3.czi,AE-biomaGUNE-0721,,AINHIZE,0721,161,ID161_lung_HE_20x_3.czi,tissue,CELL_ID161_lung_HE_20x_3.czi,Historical drive ingest 2026 (drive1_FRIO-X6); project / researcher / operator / subject decided per file before ingest (tasks/drives_ingest_dryrun_review.md). Claim: CONFIRMED.,3b6d4d9877be378315162ee357336c8a4262cb91c6d49cd0b787ec86d62062c9,CONFIRMED
drive1_FRIO-X6/Cell observer/AINHIZE/MANON Biodistribution/0721 ID 159-161/HE/ID161_spleen_HE_20x_1.czi,AE-biomaGUNE-0721,,AINHIZE,0721,161,ID161_spleen_HE_20x_1.czi,tissue,CELL_ID161_spleen_HE_20x_1.czi,Historical drive ingest 2026 (drive1_FRIO-X6); project / researcher / operator / subject decided per file before ingest (tasks/drives_ingest_dryrun_review.md). Claim: CONFIRMED.,1b53ba53f98d2893d9f780f5d8cd8b3f7815d6552e7c44d365302c807d9bb09b,CONFIRMED
drive1_FRIO-X6/Cell observer/AINHIZE/MANON Biodistribution/0721 ID 159-161/HE/ID161_spleen_HE_20x_2.czi,AE-biomaGUNE-0721,,AINHIZE,0721,161,ID161_spleen_HE_20x_2.czi,tissue,CELL_ID161_spleen_HE_20x_2.czi,Historical drive ingest 2026 (drive1_FRIO-X6); project / researcher / operator / subject decided per file before ingest (tasks/drives_ingest_dryrun_review.md). Claim: CONFIRMED.,de92dd0ff808f83870cc2b185db98882c507bf22484f9da4a7d67eb3abadfc33,CONFIRMED
drive1_FRIO-X6/Cell observer/AINHIZE/MANON Biodistribution/0721 ID 159-161/HE/ID161_spleen_HE_20x_3.czi,AE-biomaGUNE-0721,,AINHIZE,0721,161,ID161_spleen_HE_20x_3.czi,tissue,CELL_ID161_spleen_HE_20x_3.czi,Historical drive ingest 2026 (drive1_FRIO-X6); project / researcher / operator / subject decided per file before ingest (tasks/drives_ingest_dryrun_review.md). Claim: CONFIRMED.,1ef138a41596db0e3731ade4b0ea89c4b5cd94b588052be34b3bb22cdbd5d3b8,CONFIRMED
drive1_FRIO-X6/Cell observer/AINHIZE/MANON Biodistribution/0721 ID 159-161/PB/ID159_heart_PB_20x_1.czi,AE-biomaGUNE-0721,,AINHIZE,0721,159,ID159_heart_PB_20x_1.czi,tissue,CELL_ID159_heart_PB_20x_1.czi,Historical drive ingest 2026 (drive1_FRIO-X6); project / researcher / operator / subject decided per file before ingest (tasks/drives_ingest_dryrun_review.md). Claim: CONFIRMED.,2590fffd95693ed884f4e51ca36c007f73ee647dbebc8ef01db8fefe85087cbd,CONFIRMED
drive1_FRIO-X6/Cell observer/AINHIZE/MANON Biodistribution/0721 ID 159-161/PB/ID159_heart_PB_20x_2.czi,AE-biomaGUNE-0721,,AINHIZE,0721,159,ID159_heart_PB_20x_2.czi,tissue,CELL_ID159_heart_PB_20x_2.czi,Historical drive ingest 2026 (drive1_FRIO-X6); project / researcher / operator / subject decided per file before ingest (tasks/drives_ingest_dryrun_review.md). Claim: CONFIRMED.,91de9ff8d22cdeb771dbf6c7ad83fed2c2ded8dc9494ed40a58ddecfd15820e2,CONFIRMED
drive1_FRIO-X6/Cell observer/AINHIZE/MANON Biodistribution/0721 ID 159-161/PB/ID159_intestin_PB_20x_tiles.czi,AE-biomaGUNE-0721,,AINHIZE,0721,159,ID159_intestin_PB_20x_tiles.czi,tissue,CELL_ID159_intestin_PB_20x_tiles.czi,Historical drive ingest 2026 (drive1_FRIO-X6); project / researcher / operator / subject decided per file before ingest (tasks/drives_ingest_dryrun_review.md). Claim: CONFIRMED.,2b46e11989428e83aac087d35a8a4e2e94bc078f515250f629e2561b58c2c059,CONFIRMED
drive1_FRIO-X6/Cell observer/AINHIZE/MANON Biodistribution/0721 ID 159-161/PB/ID159_kidney_PB_20x_1.czi,AE-biomaGUNE-0721,,AINHIZE,0721,159,ID159_kidney_PB_20x_1.czi,tissue,CELL_ID159_kidney_PB_20x_1.czi,Historical drive ingest 2026 (drive1_FRIO-X6); project / researcher / operator / subject decided per file before ingest (tasks/drives_ingest_dryrun_review.md). Claim: CONFIRMED.,baddf7ab6ef106da3d020ca71ea17c33d723b523646be22d248c861d2d105e94,CONFIRMED
drive1_FRIO-X6/Cell observer/AINHIZE/MANON Biodistribution/0721 ID 159-161/PB/ID159_kidney_PB_20x_2.czi,AE-biomaGUNE-0721,,AINHIZE,0721,159,ID159_kidney_PB_20x_2.czi,tissue,CELL_ID159_kidney_PB_20x_2.czi,Historical drive ingest 2026 (drive1_FRIO-X6); project / researcher / operator / subject decided per file before ingest (tasks/drives_ingest_dryrun_review.md). Claim: CONFIRMED.,d1b9861b6626783b835dcb20595f424e87e76ebffeb4730a3ec6805250ffa755,CONFIRMED
drive1_FRIO-X6/Cell observer/AINHIZE/MANON Biodistribution/0721 ID 159-161/PB/ID159_liver_PB_20x_tiles.czi,AE-biomaGUNE-0721,,AINHIZE,0721,159,ID159_liver_PB_20x_tiles.czi,tissue,CELL_ID159_liver_PB_20x_tiles.czi,Historical drive ingest 2026 (drive1_FRIO-X6); project / researcher / operator / subject decided per file before ingest (tasks/drives_ingest_dryrun_review.md). Claim: CONFIRMED.,c077d1bf84ba6624cc55ff244b8c58cd763857996edb94f64bbd56374b118d0f,CONFIRMED
drive1_FRIO-X6/Cell observer/AINHIZE/MANON Biodistribution/0721 ID 159-161/PB/ID159_liver_PB_40x_1.czi,AE-biomaGUNE-0721,,AINHIZE,0721,159,ID159_liver_PB_40x_1.czi,tissue,CELL_ID159_liver_PB_40x_1.czi,Historical drive ingest 2026 (drive1_FRIO-X6); project / researcher / operator / subject decided per file before ingest (tasks/drives_ingest_dryrun_review.md). Claim: CONFIRMED.,f8a8cc2661e21ed6f11439419fe0a3db162a2879428227ffda3d5bd2cbeaaf68,CONFIRMED
drive1_FRIO-X6/Cell observer/AINHIZE/MANON Biodistribution/0721 ID 159-161/PB/ID159_liver_PB_40x_2.czi,AE-biomaGUNE-0721,,AINHIZE,0721,159,ID159_liver_PB_40x_2.czi,tissue,CELL_ID159_liver_PB_40x_2.czi,Historical drive ingest 2026 (drive1_FRIO-X6); project / researcher / operator / subject decided per file before ingest (tasks/drives_ingest_dryrun_review.md). Claim: CONFIRMED.,7407f11af375f0c46242d957f684ee29fa19745df7d776fc2a8d9702fb9cb6be,CONFIRMED
drive1_FRIO-X6/Cell observer/AINHIZE/MANON Biodistribution/0721 ID 159-161/PB/ID159_liver_PB_40x_3.czi,AE-biomaGUNE-0721,,AINHIZE,0721,159,ID159_liver_PB_40x_3.czi,tissue,CELL_ID159_liver_PB_40x_3.czi,Historical drive ingest 2026 (drive1_FRIO-X6); project / researcher / operator / subject decided per file before ingest (tasks/drives_ingest_dryrun_review.md). Claim: CONFIRMED.,55eb4e7ed8c431e1364ea1134be2fcad15ca7fb07f2be5d6e76abc5e86bdcaa8,CONFIRMED
drive1_FRIO-X6/Cell observer/AINHIZE/MANON Biodistribution/0721 ID 159-161/PB/ID159_liver_PB_40x_4.czi,AE-biomaGUNE-0721,,AINHIZE,0721,159,ID159_liver_PB_40x_4.czi,tissue,CELL_ID159_liver_PB_40x_4.czi,Historical drive ingest 2026 (drive1_FRIO-X6); project / researcher / operator / subject decided per file before ingest (tasks/drives_ingest_dryrun_review.md). Claim: CONFIRMED.,ed58b97244e8852678c2f09e6fc4b43c74f3b3886c813f3f0888645899970660,CONFIRMED
drive1_FRIO-X6/Cell observer/AINHIZE/MANON Biodistribution/0721 ID 159-161/PB/ID159_spleen_PB_20x_1.czi,AE-biomaGUNE-0721,,AINHIZE,0721,159,ID159_spleen_PB_20x_1.czi,tissue,CELL_ID159_spleen_PB_20x_1.czi,Historical drive ingest 2026 (drive1_FRIO-X6); project / researcher / operator / subject decided per file before ingest (tasks/drives_ingest_dryrun_review.md). Claim: CONFIRMED.,8d3a768719a6b8443c1765fabd0a27368eac6417c6671cbd959d9f1a4260318b,CONFIRMED
drive1_FRIO-X6/Cell observer/AINHIZE/MANON Biodistribution/0721 ID 159-161/PB/ID159_spleen_PB_20x_2.czi,AE-biomaGUNE-0721,,AINHIZE,0721,159,ID159_spleen_PB_20x_2.czi,tissue,CELL_ID159_spleen_PB_20x_2.czi,Historical drive ingest 2026 (drive1_FRIO-X6); project / researcher / operator / subject decided per file before ingest (tasks/drives_ingest_dryrun_review.md). Claim: CONFIRMED.,2be78f315209b234fdda027864e4aea5244eb6f592ae45871e2f09280e945287,CONFIRMED
drive1_FRIO-X6/Cell observer/AINHIZE/MANON Biodistribution/0721 ID 159-161/PB/ID160_heart_PB_20x_1.czi,AE-biomaGUNE-0721,,AINHIZE,0721,160,ID160_heart_PB_20x_1.czi,tissue,CELL_ID160_heart_PB_20x_1.czi,Historical drive ingest 2026 (drive1_FRIO-X6); project / researcher / operator / subject decided per file before ingest (tasks/drives_ingest_dryrun_review.md). Claim: CONFIRMED.,955dd6148e79541de04503f9aae63d947358896944cf3fcda6b199961c30080a,CONFIRMED
drive1_FRIO-X6/Cell observer/AINHIZE/MANON Biodistribution/0721 ID 159-161/PB/ID160_heart_PB_20x_2.czi,AE-biomaGUNE-0721,,AINHIZE,0721,160,ID160_heart_PB_20x_2.czi,tissue,CELL_ID160_heart_PB_20x_2.czi,Historical drive ingest 2026 (drive1_FRIO-X6); project / researcher / operator / subject decided per file before ingest (tasks/drives_ingest_dryrun_review.md). Claim: CONFIRMED.,571c59188155bc2101428bb430f3c51825d6f2cc0512b051ebc24f1d0e95b1fd,CONFIRMED
drive1_FRIO-X6/Cell observer/AINHIZE/MANON Biodistribution/0721 ID 159-161/PB/ID160_intestin_PB_20x_tiles.czi,AE-biomaGUNE-0721,,AINHIZE,0721,160,ID160_intestin_PB_20x_tiles.czi,tissue,CELL_ID160_intestin_PB_20x_tiles.czi,Historical drive ingest 2026 (drive1_FRIO-X6); project / researcher / operator / subject decided per file before ingest (tasks/drives_ingest_dryrun_review.md). Claim: CONFIRMED.,4c857c523d0409d5ef011a8e491d8b80b31d2dc1f5d28fe33595e85797bf3c40,CONFIRMED
drive1_FRIO-X6/Cell observer/AINHIZE/MANON Biodistribution/0721 ID 159-161/PB/ID160_kidney_PB_20x_1.czi,AE-biomaGUNE-0721,,AINHIZE,0721,160,ID160_kidney_PB_20x_1.czi,tissue,CELL_ID160_kidney_PB_20x_1.czi,Historical drive ingest 2026 (drive1_FRIO-X6); project / researcher / operator / subject decided per file before ingest (tasks/drives_ingest_dryrun_review.md). Claim: CONFIRMED.,7c7dce27c476eea73a922083fbb89e0d4e3cdfd86d1124796093c6aa7dd37551,CONFIRMED
drive1_FRIO-X6/Cell observer/AINHIZE/MANON Biodistribution/0721 ID 159-161/PB/ID160_kidney_PB_20x_2.czi,AE-biomaGUNE-0721,,AINHIZE,0721,160,ID160_kidney_PB_20x_2.czi,tissue,CELL_ID160_kidney_PB_20x_2.czi,Historical drive ingest 2026 (drive1_FRIO-X6); project / researcher / operator / subject decided per file before ingest (tasks/drives_ingest_dryrun_review.md). Claim: CONFIRMED.,a8dcc81a0aebb2af2237ec0b5239d61ecfd1852f04f8d6f28240850f19a60dd2,CONFIRMED
drive1_FRIO-X6/Cell observer/AINHIZE/MANON Biodistribution/0721 ID 159-161/PB/ID160_liver_PB_20x_tiles.czi,AE-biomaGUNE-0721,,AINHIZE,0721,160,ID160_liver_PB_20x_tiles.czi,tissue,CELL_ID160_liver_PB_20x_tiles.czi,Historical drive ingest 2026 (drive1_FRIO-X6); project / researcher / operator / subject decided per file before ingest (tasks/drives_ingest_dryrun_review.md). Claim: CONFIRMED.,8ac8f452fc13958945a5aa4e89f473a712eadc5621f9af30b695932d6910c154,CONFIRMED
drive1_FRIO-X6/Cell observer/AINHIZE/MANON Biodistribution/0721 ID 159-161/PB/ID160_liver_PB_40x_1.czi,AE-biomaGUNE-0721,,AINHIZE,0721,160,ID160_liver_PB_40x_1.czi,tissue,CELL_ID160_liver_PB_40x_1.czi,Historical drive ingest 2026 (drive1_FRIO-X6); project / researcher / operator / subject decided per file before ingest (tasks/drives_ingest_dryrun_review.md). Claim: CONFIRMED.,f789c703bf6abe21578a7f145c491fc2959138102cabe6006f7589f422f67d1a,CONFIRMED
drive1_FRIO-X6/Cell observer/AINHIZE/MANON Biodistribution/0721 ID 159-161/PB/ID160_liver_PB_40x_2.czi,AE-biomaGUNE-0721,,AINHIZE,0721,160,ID160_liver_PB_40x_2.czi,tissue,CELL_ID160_liver_PB_40x_2.czi,Historical drive ingest 2026 (drive1_FRIO-X6); project / researcher / operator / subject decided per file before ingest (tasks/drives_ingest_dryrun_review.md). Claim: CONFIRMED.,3f56d01b21a2ef23c1ef5595385222e419a4d4c16614c100e29ae509aa99c4b0,CONFIRMED
drive1_FRIO-X6/Cell observer/AINHIZE/MANON Biodistribution/0721 ID 159-161/PB/ID160_liver_PB_40x_3.czi,AE-biomaGUNE-0721,,AINHIZE,0721,160,ID160_liver_PB_40x_3.czi,tissue,CELL_ID160_liver_PB_40x_3.czi,Historical drive ingest 2026 (drive1_FRIO-X6); project / researcher / operator / subject decided per file before ingest (tasks/drives_ingest_dryrun_review.md). Claim: CONFIRMED.,ee4f9df7e8a1d5580c7f5ca15e37831d9f40f1d04466ba6e512d658f0e1990d6,CONFIRMED
drive1_FRIO-X6/Cell observer/AINHIZE/MANON Biodistribution/0721 ID 159-161/PB/ID160_liver_PB_40x_4.czi,AE-biomaGUNE-0721,,AINHIZE,0721,160,ID160_liver_PB_40x_4.czi,tissue,CELL_ID160_liver_PB_40x_4.czi,Historical drive ingest 2026 (drive1_FRIO-X6); project / researcher / operator / subject decided per file before ingest (tasks/drives_ingest_dryrun_review.md). Claim: CONFIRMED.,0b3757e810f9925e3e1cb6780a066b2a11ca08d7f3c9de055c36259b53b293fa,CONFIRMED
drive1_FRIO-X6/Cell observer/AINHIZE/MANON Biodistribution/0721 ID 159-161/PB/ID160_lung_PB_20x_1.czi,AE-biomaGUNE-0721,,AINHIZE,0721,160,ID160_lung_PB_20x_1.czi,tissue,CELL_ID160_lung_PB_20x_1.czi,Historical drive ingest 2026 (drive1_FRIO-X6); project / researcher / operator / subject decided per file before ingest (tasks/drives_ingest_dryrun_review.md). Claim: CONFIRMED.,d575fb5d6352713576c3efbcf731879ed7e84c7da913a0667e045761a721d38d,CONFIRMED
drive1_FRIO-X6/Cell observer/AINHIZE/MANON Biodistribution/0721 ID 159-161/PB/ID160_lung_PB_20x_2.czi,AE-biomaGUNE-0721,,AINHIZE,0721,160,ID160_lung_PB_20x_2.czi,tissue,CELL_ID160_lung_PB_20x_2.czi,Historical drive ingest 2026 (drive1_FRIO-X6); project / researcher / operator / subject decided per file before ingest (tasks/drives_ingest_dryrun_review.md). Claim: CONFIRMED.,4bdfd2cba305be176c6c8154a79631f8f9ec5dfac03271e67b3a042ebd92bd3b,CONFIRMED
drive1_FRIO-X6/Cell observer/AINHIZE/MANON Biodistribution/0721 ID 159-161/PB/ID160_spleen_PB_20x_1.czi,AE-biomaGUNE-0721,,AINHIZE,0721,160,ID160_spleen_PB_20x_1.czi,tissue,CELL_ID160_spleen_PB_20x_1.czi,Historical drive ingest 2026 (drive1_FRIO-X6); project / researcher / operator / subject decided per file before ingest (tasks/drives_ingest_dryrun_review.md). Claim: CONFIRMED.,d1adc190aaca2e717edde7860d63251b4b558f0599d95259e8985fee249bc4e8,CONFIRMED
drive1_FRIO-X6/Cell observer/AINHIZE/MANON Biodistribution/0721 ID 159-161/PB/ID160_spleen_PB_20x_2.czi,AE-biomaGUNE-0721,,AINHIZE,0721,160,ID160_spleen_PB_20x_2.czi,tissue,CELL_ID160_spleen_PB_20x_2.czi,Historical drive ingest 2026 (drive1_FRIO-X6); project / researcher / operator / subject decided per file before ingest (tasks/drives_ingest_dryrun_review.md). Claim: CONFIRMED.,c0dccbf35afbcce67a502a10e5906cc0d1ce8c2adf13cea450295f0e6f983523,CONFIRMED
drive1_FRIO-X6/Cell observer/AINHIZE/MANON Biodistribution/0721 ID 159-161/PB/ID161_heart_PB_20x_1.czi,AE-biomaGUNE-0721,,AINHIZE,0721,161,ID161_heart_PB_20x_1.czi,tissue,CELL_ID161_heart_PB_20x_1.czi,Historical drive ingest 2026 (drive1_FRIO-X6); project / researcher / operator / subject decided per file before ingest (tasks/drives_ingest_dryrun_review.md). Claim: CONFIRMED.,ebcb028fe268a98e04cd2e93bdf33fe32250c9c5f39978de1d5980018aca3d33,CONFIRMED
drive1_FRIO-X6/Cell observer/AINHIZE/MANON Biodistribution/0721 ID 159-161/PB/ID161_heart_PB_20x_2.czi,AE-biomaGUNE-0721,,AINHIZE,0721,161,ID161_heart_PB_20x_2.czi,tissue,CELL_ID161_heart_PB_20x_2.czi,Historical drive ingest 2026 (drive1_FRIO-X6); project / researcher / operator / subject decided per file before ingest (tasks/drives_ingest_dryrun_review.md). Claim: CONFIRMED.,c7a3277de75154acd48f8e213632881b419290246402e6e658080e1c90ad81d3,CONFIRMED
drive1_FRIO-X6/Cell observer/AINHIZE/MANON Biodistribution/0721 ID 159-161/PB/ID161_intestin_PB_20x_tiles.czi,AE-biomaGUNE-0721,,AINHIZE,0721,161,ID161_intestin_PB_20x_tiles.czi,tissue,CELL_ID161_intestin_PB_20x_tiles.czi,Historical drive ingest 2026 (drive1_FRIO-X6); project / researcher / operator / subject decided per file before ingest (tasks/drives_ingest_dryrun_review.md). Claim: CONFIRMED.,1568b8fd1f799394e721f734fbf45bf9de930be8af182d64885d839221ee3638,CONFIRMED
drive1_FRIO-X6/Cell observer/AINHIZE/MANON Biodistribution/0721 ID 159-161/PB/ID161_kidney_PB_20x_1.czi,AE-biomaGUNE-0721,,AINHIZE,0721,161,ID161_kidney_PB_20x_1.czi,tissue,CELL_ID161_kidney_PB_20x_1.czi,Historical drive ingest 2026 (drive1_FRIO-X6); project / researcher / operator / subject decided per file before ingest (tasks/drives_ingest_dryrun_review.md). Claim: CONFIRMED.,7c553b6c2ed3beca85325e8c14f7d1e9e03a63049ba94afe085fc18497a95cc3,CONFIRMED
drive1_FRIO-X6/Cell observer/AINHIZE/MANON Biodistribution/0721 ID 159-161/PB/ID161_kidney_PB_20x_2.czi,AE-biomaGUNE-0721,,AINHIZE,0721,161,ID161_kidney_PB_20x_2.czi,tissue,CELL_ID161_kidney_PB_20x_2.czi,Historical drive ingest 2026 (drive1_FRIO-X6); project / researcher / operator / subject decided per file before ingest (tasks/drives_ingest_dryrun_review.md). Claim: CONFIRMED.,6892fae6c7381337a5ef23e6b6c0cb993f6b4bd7177ab8c9cb8cb92d71a63f9d,CONFIRMED
drive1_FRIO-X6/Cell observer/AINHIZE/MANON Biodistribution/0721 ID 159-161/PB/ID161_liver_PB_20x_tiles.czi,AE-biomaGUNE-0721,,AINHIZE,0721,161,ID161_liver_PB_20x_tiles.czi,tissue,CELL_ID161_liver_PB_20x_tiles.czi,Historical drive ingest 2026 (drive1_FRIO-X6); project / researcher / operator / subject decided per file before ingest (tasks/drives_ingest_dryrun_review.md). Claim: CONFIRMED.,ca3b5497e96cd4146473e6eae486ee3512988314589aa8cba7164dc62dd678b9,CONFIRMED
drive1_FRIO-X6/Cell observer/AINHIZE/MANON Biodistribution/0721 ID 159-161/PB/ID161_liver_PB_40x_1.czi,AE-biomaGUNE-0721,,AINHIZE,0721,161,ID161_liver_PB_40x_1.czi,tissue,CELL_ID161_liver_PB_40x_1.czi,Historical drive ingest 2026 (drive1_FRIO-X6); project / researcher / operator / subject decided per file before ingest (tasks/drives_ingest_dryrun_review.md). Claim: CONFIRMED.,6a68ded5f8e765a75fc524413a938dde71f9052bba4f30e9e6fc2ec9088e77b1,CONFIRMED
drive1_FRIO-X6/Cell observer/AINHIZE/MANON Biodistribution/0721 ID 159-161/PB/ID161_liver_PB_40x_2.czi,AE-biomaGUNE-0721,,AINHIZE,0721,161,ID161_liver_PB_40x_2.czi,tissue,CELL_ID161_liver_PB_40x_2.czi,Historical drive ingest 2026 (drive1_FRIO-X6); project / researcher / operator / subject decided per file before ingest (tasks/drives_ingest_dryrun_review.md). Claim: CONFIRMED.,7ab5a39ce0ad30540c658ec01c3be3617783ec1f425cf5b6d66eb1860060c2a6,CONFIRMED
drive1_FRIO-X6/Cell observer/AINHIZE/MANON Biodistribution/0721 ID 159-161/PB/ID161_liver_PB_40x_3.czi,AE-biomaGUNE-0721,,AINHIZE,0721,161,ID161_liver_PB_40x_3.czi,tissue,CELL_ID161_liver_PB_40x_3.czi,Historical drive ingest 2026 (drive1_FRIO-X6); project / researcher / operator / subject decided per file before ingest (tasks/drives_ingest_dryrun_review.md). Claim: CONFIRMED.,173cbbe944b991920b26a8135cbf045b89962d979b82aa7cb06165e1733f7aa1,CONFIRMED
drive1_FRIO-X6/Cell observer/AINHIZE/MANON Biodistribution/0721 ID 159-161/PB/ID161_lung_PB_20x_1.czi,AE-biomaGUNE-0721,,AINHIZE,0721,161,ID161_lung_PB_20x_1.czi,tissue,CELL_ID161_lung_PB_20x_1.czi,Historical drive ingest 2026 (drive1_FRIO-X6); project / researcher / operator / subject decided per file before ingest (tasks/drives_ingest_dryrun_review.md). Claim: CONFIRMED.,56c184cbb7b8ebd1e910404cd17f625b3200b6225edb41884695d5906d155329,CONFIRMED
drive1_FRIO-X6/Cell observer/AINHIZE/MANON Biodistribution/0721 ID 159-161/PB/ID161_lung_PB_20x_2.czi,AE-biomaGUNE-0721,,AINHIZE,0721,161,ID161_lung_PB_20x_2.czi,tissue,CELL_ID161_lung_PB_20x_2.czi,Historical drive ingest 2026 (drive1_FRIO-X6); project / researcher / operator / subject decided per file before ingest (tasks/drives_ingest_dryrun_review.md). Claim: CONFIRMED.,8441cfebed30ebda583606afa07c80164973ccec0bae7dd9f1cee7e24bad0525,CONFIRMED
drive1_FRIO-X6/Cell observer/AINHIZE/MANON Biodistribution/0721 ID 159-161/PB/ID161_spleen_PB_20x_1.czi,AE-biomaGUNE-0721,,AINHIZE,0721,161,ID161_spleen_PB_20x_1.czi,tissue,CELL_ID161_spleen_PB_20x_1.czi,Historical drive ingest 2026 (drive1_FRIO-X6); project / researcher / operator / subject decided per file before ingest (tasks/drives_ingest_dryrun_review.md). Claim: CONFIRMED.,3426e5dd2e7720264eeac13b2609c4427844549fdc69ac0abb55ea5682368ec9,CONFIRMED
drive1_FRIO-X6/Cell observer/AINHIZE/MANON Biodistribution/0721 ID 159-161/PB/ID161_spleen_PB_20x_2.czi,AE-biomaGUNE-0721,,AINHIZE,0721,161,ID161_spleen_PB_20x_2.czi,tissue,CELL_ID161_spleen_PB_20x_2.czi,Historical drive ingest 2026 (drive1_FRIO-X6); project / researcher / operator / subject decided per file before ingest (tasks/drives_ingest_dryrun_review.md). Claim: CONFIRMED.,9b54cd401ddac83701a38b386315223b22cecb5787ce4238d9ed3167c6e4554b,CONFIRMED
drive1_FRIO-X6/Cell observer/AINHIZE/MARINA/0721 PB (repetición con traqueas)/ID21_20x_PB_lung.czi,AE-biomaGUNE-0721,MARINA,AINHIZE,0721,21,ID21_20x_PB_lung.czi,tissue,CELL_ID21_20x_PB_lung.czi,Historical drive ingest 2026 (drive1_FRIO-X6); project / researcher / operator / subject decided per file before ingest (tasks/drives_ingest_dryrun_review.md). Claim: CONFIRMED.,932ea062c3e43f4fec27f917ca61d9cbd7302a80e7cd2ac1e784f95498ed5ab4,CONFIRMED
drive1_FRIO-X6/Cell observer/AINHIZE/MARINA/0721 PB (repetición con traqueas)/ID22_20x_PB_lung.czi,AE-biomaGUNE-0721,MARINA,AINHIZE,0721,22,ID22_20x_PB_lung.czi,tissue,CELL_ID22_20x_PB_lung.czi,Historical drive ingest 2026 (drive1_FRIO-X6); project / researcher / operator / subject decided per file before ingest (tasks/drives_ingest_dryrun_review.md). Claim: CONFIRMED.,58c6dd75bea5099826739a83b9a6ba6a20d7446375f5a8e0321f60f60c2e937a,CONFIRMED
drive1_FRIO-X6/Cell observer/AINHIZE/MARINA/0721 PB (repetición con traqueas)/ID23_20x_PB_lung.czi,AE-biomaGUNE-0721,MARINA,AINHIZE,0721,23,ID23_20x_PB_lung.czi,tissue,CELL_ID23_20x_PB_lung.czi,Historical drive ingest 2026 (drive1_FRIO-X6); project / researcher / operator / subject decided per file before ingest (tasks/drives_ingest_dryrun_review.md). Claim: CONFIRMED.,7756b6c00d6428229a63ff0eac922da3d7dce23c94e477254323429139c79da8,CONFIRMED
drive1_FRIO-X6/Cell observer/AINHIZE/MARINA/0721 PB (repetición con traqueas)/ID25_20x_PB_lung_1.czi,AE-biomaGUNE-0721,MARINA,AINHIZE,0721,25,ID25_20x_PB_lung_1.czi,tissue,CELL_ID25_20x_PB_lung_1.czi,Historical drive ingest 2026 (drive1_FRIO-X6); project / researcher / operator / subject decided per file before ingest (tasks/drives_ingest_dryrun_review.md). Claim: CONFIRMED.,8d1f8a1be3ea72a31819c3b4c81b807a4e46e74fe4780c3ef34e1a7b15fc3212,CONFIRMED
drive1_FRIO-X6/Cell observer/AINHIZE/MARINA/0721 PB (repetición con traqueas)/ID26_20x_PB_lung.czi,AE-biomaGUNE-0721,MARINA,AINHIZE,0721,26,ID26_20x_PB_lung.czi,tissue,CELL_ID26_20x_PB_lung.czi,Historical drive ingest 2026 (drive1_FRIO-X6); project / researcher / operator / subject decided per file before ingest (tasks/drives_ingest_dryrun_review.md). Claim: CONFIRMED.,6279145ac492dc7b244f1e4be1bea610bbe22c29227ced10209e2ee43a1263a4,CONFIRMED
drive1_FRIO-X6/Cell observer/AINHIZE/MARINA/0721 PB (repetición con traqueas)/ID27_20x_PB_lung_1.czi,AE-biomaGUNE-0721,MARINA,AINHIZE,0721,27,ID27_20x_PB_lung_1.czi,tissue,CELL_ID27_20x_PB_lung_1.czi,Historical drive ingest 2026 (drive1_FRIO-X6); project / researcher / operator / subject decided per file before ingest (tasks/drives_ingest_dryrun_review.md). Claim: CONFIRMED.,a93f4a48926177d78af3d801dfed2182098ad6a5d2f2032b76e633fcf851bc0c,CONFIRMED
drive1_FRIO-X6/Cell observer/AINHIZE/MARINA/0721 PB (repetición con traqueas)/ID27_20x_PB_lung_2.czi,AE-biomaGUNE-0721,MARINA,AINHIZE,0721,27,ID27_20x_PB_lung_2.czi,tissue,CELL_ID27_20x_PB_lung_2.czi,Historical drive ingest 2026 (drive1_FRIO-X6); project / researcher / operator / subject decided per file before ingest (tasks/drives_ingest_dryrun_review.md). Claim: CONFIRMED.,e5fda4fd5fe7eb0c63e745c969f836c89e39c96ac58b9bcb799fc1d8fc418618,CONFIRMED
drive1_FRIO-X6/Cell observer/AINHIZE/MARINA/0721 PB (repetición con traqueas)/ID83_20x_PB_lung_1.czi,AE-biomaGUNE-0721,MARINA,AINHIZE,0721,83,ID83_20x_PB_lung_1.czi,tissue,CELL_ID83_20x_PB_lung_1.czi,Historical drive ingest 2026 (drive1_FRIO-X6); project / researcher / operator / subject decided per file before ingest (tasks/drives_ingest_dryrun_review.md). Claim: CONFIRMED.,2a0f8c058540124db8e0c656d348a60c3396351850026602b9856dc6058b4763,CONFIRMED
drive1_FRIO-X6/Cell observer/AINHIZE/MARINA/0721 PB (repetición con traqueas)/ID83_20x_PB_lung_2.czi,AE-biomaGUNE-0721,MARINA,AINHIZE,0721,83,ID83_20x_PB_lung_2.czi,tissue,CELL_ID83_20x_PB_lung_2.czi,Historical drive ingest 2026 (drive1_FRIO-X6); project / researcher / operator / subject decided per file before ingest (tasks/drives_ingest_dryrun_review.md). Claim: CONFIRMED.,9c0c7b3d99ce29abdb8305d44ceb22b7dd5e7a0f51a7f5a144bac8333c6d9339,CONFIRMED
drive1_FRIO-X6/Cell observer/AINHIZE/MARINA/0721/HE/ID21_HE_liver.czi,AE-biomaGUNE-0721,MARINA,AINHIZE,0721,21,ID21_HE_liver.czi,tissue,CELL_ID21_HE_liver.czi,Historical drive ingest 2026 (drive1_FRIO-X6); project / researcher / operator / subject decided per file before ingest (tasks/drives_ingest_dryrun_review.md). Claim: CONFIRMED.,e941bdc3dca78cb4fed2c2dceacec18df1437ac5db9bce2975759a0a98d29c45,CONFIRMED
drive1_FRIO-X6/Cell observer/AINHIZE/MARINA/0721/HE/ID21_HE_lung.czi,AE-biomaGUNE-0721,MARINA,AINHIZE,0721,21,ID21_HE_lung.czi,tissue,CELL_ID21_HE_lung.czi,Historical drive ingest 2026 (drive1_FRIO-X6); project / researcher / operator / subject decided per file before ingest (tasks/drives_ingest_dryrun_review.md). Claim: CONFIRMED.,e31bcde21192198cf6c9fa5704ac588b3570e20724c40b4d1276ee5725d5b3a4,CONFIRMED
drive1_FRIO-X6/Cell observer/AINHIZE/MARINA/0721/HE/ID22_HE_liver.czi,AE-biomaGUNE-0721,MARINA,AINHIZE,0721,22,ID22_HE_liver.czi,tissue,CELL_ID22_HE_liver.czi,Historical drive ingest 2026 (drive1_FRIO-X6); project / researcher / operator / subject decided per file before ingest (tasks/drives_ingest_dryrun_review.md). Claim: CONFIRMED.,1c8fe4532aed06c4f6858c7645e175e502a6025ac003f2cc24bfde97e242937f,CONFIRMED
drive1_FRIO-X6/Cell observer/AINHIZE/MARINA/0721/HE/ID22_HE_lung.czi,AE-biomaGUNE-0721,MARINA,AINHIZE,0721,22,ID22_HE_lung.czi,tissue,CELL_ID22_HE_lung.czi,Historical drive ingest 2026 (drive1_FRIO-X6); project / researcher / operator / subject decided per file before ingest (tasks/drives_ingest_dryrun_review.md). Claim: CONFIRMED.,7a9f1dad9adc6e2433710a9304829ef57e8f0416d735a02cca758aa76fb032ac,CONFIRMED
drive1_FRIO-X6/Cell observer/AINHIZE/MARINA/0721/HE/ID22_HE_lung_nuevo.czi,AE-biomaGUNE-0721,MARINA,AINHIZE,0721,22,ID22_HE_lung_nuevo.czi,tissue,CELL_ID22_HE_lung_nuevo.czi,Historical drive ingest 2026 (drive1_FRIO-X6); project / researcher / operator / subject decided per file before ingest (tasks/drives_ingest_dryrun_review.md). Claim: CONFIRMED.,b1ad0edab0f6c7ac4e7bec64fea9a61620766a87f7ee232020937f4296e7bfaf,CONFIRMED
drive1_FRIO-X6/Cell observer/AINHIZE/MARINA/0721/HE/ID23_HE_liver.czi,AE-biomaGUNE-0721,MARINA,AINHIZE,0721,23,ID23_HE_liver.czi,tissue,CELL_ID23_HE_liver.czi,Historical drive ingest 2026 (drive1_FRIO-X6); project / researcher / operator / subject decided per file before ingest (tasks/drives_ingest_dryrun_review.md). Claim: CONFIRMED.,a6bcee6fe21ab59f80160c72a949a97b8b2162964962267b730178ff8d103ad3,CONFIRMED
drive1_FRIO-X6/Cell observer/AINHIZE/MARINA/0721/HE/ID23_HE_lung.czi,AE-biomaGUNE-0721,MARINA,AINHIZE,0721,23,ID23_HE_lung.czi,tissue,CELL_ID23_HE_lung.czi,Historical drive ingest 2026 (drive1_FRIO-X6); project / researcher / operator / subject decided per file before ingest (tasks/drives_ingest_dryrun_review.md). Claim: CONFIRMED.,06791864a0ef5ec8fb69c3838b25f4b7528c8284ab8990a9420a9421e87ae100,CONFIRMED
drive1_FRIO-X6/Cell observer/AINHIZE/MARINA/0721/HE/ID24_HE_liver.czi,AE-biomaGUNE-0721,MARINA,AINHIZE,0721,24,ID24_HE_liver.czi,tissue,CELL_ID24_HE_liver.czi,Historical drive ingest 2026 (drive1_FRIO-X6); project / researcher / operator / subject decided per file before ingest (tasks/drives_ingest_dryrun_review.md). Claim: CONFIRMED.,5dcc7a59ff545dd46fa1c2f31544922117acd6cf79a2f1a4818f28942835568e,CONFIRMED
drive1_FRIO-X6/Cell observer/AINHIZE/MARINA/0721/HE/ID24_HE_lung.czi,AE-biomaGUNE-0721,MARINA,AINHIZE,0721,24,ID24_HE_lung.czi,tissue,CELL_ID24_HE_lung.czi,Historical drive ingest 2026 (drive1_FRIO-X6); project / researcher / operator / subject decided per file before ingest (tasks/drives_ingest_dryrun_review.md). Claim: CONFIRMED.,a39983642f341dc94b7484bf857c08bb443a62e0a329f214efd0b92588f63cd3,CONFIRMED
drive1_FRIO-X6/Cell observer/AINHIZE/MARINA/0721/HE/ID25_HE_liver.czi,AE-biomaGUNE-0721,MARINA,AINHIZE,0721,25,ID25_HE_liver.czi,tissue,CELL_ID25_HE_liver.czi,Historical drive ingest 2026 (drive1_FRIO-X6); project / researcher / operator / subject decided per file before ingest (tasks/drives_ingest_dryrun_review.md). Claim: CONFIRMED.,bb1e2008de9bfab100aeb537c6b22f348332068222f3caadd959a14fd3b3c2f4,CONFIRMED
drive1_FRIO-X6/Cell observer/AINHIZE/MARINA/0721/HE/ID25_HE_lung.czi,AE-biomaGUNE-0721,MARINA,AINHIZE,0721,25,ID25_HE_lung.czi,tissue,CELL_ID25_HE_lung.czi,Historical drive ingest 2026 (drive1_FRIO-X6); project / researcher / operator / subject decided per file before ingest (tasks/drives_ingest_dryrun_review.md). Claim: CONFIRMED.,e4929ce4c182c83901d24ed2c54b83b6518bb8c352ca7aaa240f5f0c12b37bb4,CONFIRMED
drive1_FRIO-X6/Cell observer/AINHIZE/MARINA/0721/HE/ID26_HE_liver.czi,AE-biomaGUNE-0721,MARINA,AINHIZE,0721,26,ID26_HE_liver.czi,tissue,CELL_ID26_HE_liver.czi,Historical drive ingest 2026 (drive1_FRIO-X6); project / researcher / operator / subject decided per file before ingest (tasks/drives_ingest_dryrun_review.md). Claim: CONFIRMED.,0b0d21e715c96b98d2ad4ecee3c24c0f3cf32c7316d51a128a9b80f7b07e541e,CONFIRMED
drive1_FRIO-X6/Cell observer/AINHIZE/MARINA/0721/HE/ID26_HE_lung.czi,AE-biomaGUNE-0721,MARINA,AINHIZE,0721,26,ID26_HE_lung.czi,tissue,CELL_ID26_HE_lung.czi,Historical drive ingest 2026 (drive1_FRIO-X6); project / researcher / operator / subject decided per file before ingest (tasks/drives_ingest_dryrun_review.md). Claim: CONFIRMED.,e504078ba1821b6f38b90a632dfc138280dff4de363019f8e7f0347a01f4c234,CONFIRMED
drive1_FRIO-X6/Cell observer/AINHIZE/MARINA/0721/HE/ID27_HE_liver.czi,AE-biomaGUNE-0721,MARINA,AINHIZE,0721,27,ID27_HE_liver.czi,tissue,CELL_ID27_HE_liver.czi,Historical drive ingest 2026 (drive1_FRIO-X6); project / researcher / operator / subject decided per file before ingest (tasks/drives_ingest_dryrun_review.md). Claim: CONFIRMED.,bf99d8bbf55203f5106815b0ade099ab25d4570645ecc45a56bc2e12fa59ef44,CONFIRMED
drive1_FRIO-X6/Cell observer/AINHIZE/MARINA/0721/HE/ID27_HE_lung.czi,AE-biomaGUNE-0721,MARINA,AINHIZE,0721,27,ID27_HE_lung.czi,tissue,CELL_ID27_HE_lung.czi,Historical drive ingest 2026 (drive1_FRIO-X6); project / researcher / operator / subject decided per file before ingest (tasks/drives_ingest_dryrun_review.md). Claim: CONFIRMED.,4c0363bfe60e5084bdd89f2b6d7dff21ce41a5f2ad8b0d6272486bdeafd363d5,CONFIRMED
drive1_FRIO-X6/Cell observer/AINHIZE/MARINA/0721/HE/ID37_HE_lung.czi,AE-biomaGUNE-0721,MARINA,AINHIZE,0721,37,ID37_HE_lung.czi,tissue,CELL_ID37_HE_lung.czi,Historical drive ingest 2026 (drive1_FRIO-X6); project / researcher / operator / subject decided per file before ingest (tasks/drives_ingest_dryrun_review.md). Claim: CONFIRMED.,ca03e16ab88db19c67e5f55e9b8742606353cad9e729aa848f1d046eb4f3bd34,CONFIRMED
drive1_FRIO-X6/Cell observer/AINHIZE/MARINA/0721/HE/ID39_HE_brain.czi,AE-biomaGUNE-0721,MARINA,AINHIZE,0721,39,ID39_HE_brain.czi,tissue,CELL_ID39_HE_brain.czi,Historical drive ingest 2026 (drive1_FRIO-X6); project / researcher / operator / subject decided per file before ingest (tasks/drives_ingest_dryrun_review.md). Claim: CONFIRMED.,f98e31698de6505fd5de4b5a58e5f6cfb99c232cd0b3cd6274d2fc5a2514566b,CONFIRMED
drive1_FRIO-X6/Cell observer/AINHIZE/MARINA/0721/HE/ID39_HE_kidneys+spleen.czi,AE-biomaGUNE-0721,MARINA,AINHIZE,0721,39,ID39_HE_kidneys+spleen.czi,tissue,CELL_ID39_HE_kidneys+spleen.czi,Historical drive ingest 2026 (drive1_FRIO-X6); project / researcher / operator / subject decided per file before ingest (tasks/drives_ingest_dryrun_review.md). Claim: CONFIRMED.,f1bbabe9b5fc26703d68f920a079d79c5b2bf65bf06f2ed9cd141db6a86c6852,CONFIRMED
drive1_FRIO-X6/Cell observer/AINHIZE/MARINA/0721/HE/ID39_HE_liver.czi,AE-biomaGUNE-0721,MARINA,AINHIZE,0721,39,ID39_HE_liver.czi,tissue,CELL_ID39_HE_liver.czi,Historical drive ingest 2026 (drive1_FRIO-X6); project / researcher / operator / subject decided per file before ingest (tasks/drives_ingest_dryrun_review.md). Claim: CONFIRMED.,45b3a5d5ed3c3e6639676f65e866da16bfdf35496765048eed9cbbf93782087a,CONFIRMED
drive1_FRIO-X6/Cell observer/AINHIZE/MARINA/0721/HE/ID39_HE_lung.czi,AE-biomaGUNE-0721,MARINA,AINHIZE,0721,39,ID39_HE_lung.czi,tissue,CELL_ID39_HE_lung.czi,Historical drive ingest 2026 (drive1_FRIO-X6); project / researcher / operator / subject decided per file before ingest (tasks/drives_ingest_dryrun_review.md). Claim: CONFIRMED.,68c0cdb22a480b2b2d4fa724ec479a0b977c0a22b54542bde8fb7ae79bf3db47,CONFIRMED
drive1_FRIO-X6/Cell observer/AINHIZE/MARINA/0721/HE/ID39_HE_musculo.czi,AE-biomaGUNE-0721,MARINA,AINHIZE,0721,39,ID39_HE_musculo.czi,tissue,CELL_ID39_HE_musculo.czi,Historical drive ingest 2026 (drive1_FRIO-X6); project / researcher / operator / subject decided per file before ingest (tasks/drives_ingest_dryrun_review.md). Claim: CONFIRMED.,19e097af4c6a0efd6b3534c54903801d3c04054170c717e157fac27aa8b18964,CONFIRMED
drive1_FRIO-X6/Cell observer/AINHIZE/MARINA/0721/HE/ID39_HE_pancreas.czi,AE-biomaGUNE-0721,MARINA,AINHIZE,0721,39,ID39_HE_pancreas.czi,tissue,CELL_ID39_HE_pancreas.czi,Historical drive ingest 2026 (drive1_FRIO-X6); project / researcher / operator / subject decided per file before ingest (tasks/drives_ingest_dryrun_review.md). Claim: CONFIRMED.,3e3bca07b54d3cafc5f1eae2ff18d6c394666c3646f8a5acc9e4c934e9471baf,CONFIRMED
drive1_FRIO-X6/Cell observer/AINHIZE/MARINA/0721/HE/ID84_heart_HE_10x.czi,AE-biomaGUNE-0721,MARINA,AINHIZE,0721,84,ID84_heart_HE_10x.czi,tissue,CELL_ID84_heart_HE_10x.czi,Historical drive ingest 2026 (drive1_FRIO-X6); project / researcher / operator / subject decided per file before ingest (tasks/drives_ingest_dryrun_review.md). Claim: CONFIRMED.,19c5ccef9938c407c642ab5cb65da8661a78c000017a3e6944173a89db95db30,CONFIRMED
drive1_FRIO-X6/Cell observer/AINHIZE/MARINA/0721/HE/ID84_kidney_HE_10x.czi,AE-biomaGUNE-0721,MARINA,AINHIZE,0721,84,ID84_kidney_HE_10x.czi,tissue,CELL_ID84_kidney_HE_10x.czi,Historical drive ingest 2026 (drive1_FRIO-X6); project / researcher / operator / subject decided per file before ingest (tasks/drives_ingest_dryrun_review.md). Claim: CONFIRMED.,8db97176fd054b42cadddf82c20527d4f214286d16957e304821503af5a4cc80,CONFIRMED
drive1_FRIO-X6/Cell observer/AINHIZE/MARINA/0721/HE/ID84_liver2_HE_10x.czi,AE-biomaGUNE-0721,MARINA,AINHIZE,0721,84,ID84_liver2_HE_10x.czi,tissue,CELL_ID84_liver2_HE_10x.czi,Historical drive ingest 2026 (drive1_FRIO-X6); project / researcher / operator / subject decided per file before ingest (tasks/drives_ingest_dryrun_review.md). Claim: CONFIRMED.,3d1aece2c4e967c92b3c84e4b8e0f24e76ce373a35e50d343a2767262a0b1d56,CONFIRMED
drive1_FRIO-X6/Cell observer/AINHIZE/MARINA/0721/HE/ID84_lung_HE_10x.czi,AE-biomaGUNE-0721,MARINA,AINHIZE,0721,84,ID84_lung_HE_10x.czi,tissue,CELL_ID84_lung_HE_10x.czi,Historical drive ingest 2026 (drive1_FRIO-X6); project / researcher / operator / subject decided per file before ingest (tasks/drives_ingest_dryrun_review.md). Claim: CONFIRMED.,d25b1681dac63399633a471a1d78acaf9b0d90b4d5b6144447c741482b23fec7,CONFIRMED
drive1_FRIO-X6/Cell observer/AINHIZE/MARINA/0721/HE/ID84_pancreas_HE_10x.czi,AE-biomaGUNE-0721,MARINA,AINHIZE,0721,84,ID84_pancreas_HE_10x.czi,tissue,CELL_ID84_pancreas_HE_10x.czi,Historical drive ingest 2026 (drive1_FRIO-X6); project / researcher / operator / subject decided per file before ingest (tasks/drives_ingest_dryrun_review.md). Claim: CONFIRMED.,8592d8fc381613b105813bc875aaac4c0ab26bbc346fdc0991dd3d2ec46997f5,CONFIRMED
drive1_FRIO-X6/Cell observer/AINHIZE/MARINA/0721/HE/ID84_spleen_HE_10x.czi,AE-biomaGUNE-0721,MARINA,AINHIZE,0721,84,ID84_spleen_HE_10x.czi,tissue,CELL_ID84_spleen_HE_10x.czi,Historical drive ingest 2026 (drive1_FRIO-X6); project / researcher / operator / subject decided per file before ingest (tasks/drives_ingest_dryrun_review.md). Claim: CONFIRMED.,5df2c3a1eb57ddf6c0cc70f999e340ef123ce3d145774fdd9603e496a85ae53c,CONFIRMED
drive1_FRIO-X6/Cell observer/AINHIZE/MARINA/0721/HE/ID85_heart_HE_10x.czi,AE-biomaGUNE-0721,MARINA,AINHIZE,0721,85,ID85_heart_HE_10x.czi,tissue,CELL_ID85_heart_HE_10x.czi,Historical drive ingest 2026 (drive1_FRIO-X6); project / researcher / operator / subject decided per file before ingest (tasks/drives_ingest_dryrun_review.md). Claim: CONFIRMED.,04715d8823d25aac7c6f693d850b9f1dcce5f525d879a4b9cf9355967998cde9,CONFIRMED
drive1_FRIO-X6/Cell observer/AINHIZE/MARINA/0721/HE/ID85_kidney_HE_10x.czi,AE-biomaGUNE-0721,MARINA,AINHIZE,0721,85,ID85_kidney_HE_10x.czi,tissue,CELL_ID85_kidney_HE_10x.czi,Historical drive ingest 2026 (drive1_FRIO-X6); project / researcher / operator / subject decided per file before ingest (tasks/drives_ingest_dryrun_review.md). Claim: CONFIRMED.,c6fa1fb44fdbb610005080a1de02f4aa82bd8463b85c041bd16af57583ba8f8b,CONFIRMED
drive1_FRIO-X6/Cell observer/AINHIZE/MARINA/0721/HE/ID85_liver_HE_10x.czi,AE-biomaGUNE-0721,MARINA,AINHIZE,0721,85,ID85_liver_HE_10x.czi,tissue,CELL_ID85_liver_HE_10x.czi,Historical drive ingest 2026 (drive1_FRIO-X6); project / researcher / operator / subject decided per file before ingest (tasks/drives_ingest_dryrun_review.md). Claim: CONFIRMED.,8a5c094413045b7f5e1b18bc05a663e618dd5d415f222cfdf0e0dab974fbd1bd,CONFIRMED
drive1_FRIO-X6/Cell observer/AINHIZE/MARINA/0721/HE/ID85_lung_HE_10x.czi,AE-biomaGUNE-0721,MARINA,AINHIZE,0721,85,ID85_lung_HE_10x.czi,tissue,CELL_ID85_lung_HE_10x.czi,Historical drive ingest 2026 (drive1_FRIO-X6); project / researcher / operator / subject decided per file before ingest (tasks/drives_ingest_dryrun_review.md). Claim: CONFIRMED.,3c4839c1231ee84ad9e880480966b4e9ec62050c5dc6690ab838d1d178066e22,CONFIRMED
drive1_FRIO-X6/Cell observer/AINHIZE/MARINA/0721/HE/ID85_spleen_HE_10x.czi,AE-biomaGUNE-0721,MARINA,AINHIZE,0721,85,ID85_spleen_HE_10x.czi,tissue,CELL_ID85_spleen_HE_10x.czi,Historical drive ingest 2026 (drive1_FRIO-X6); project / researcher / operator / subject decided per file before ingest (tasks/drives_ingest_dryrun_review.md). Claim: CONFIRMED.,24facb744650c4f046d7065bda5e99f0c248d3caaac17482b928abea5efb28c3,CONFIRMED
drive1_FRIO-X6/Cell observer/AINHIZE/MARINA/0721/HE/ID86_kidney_HE_10x.czi,AE-biomaGUNE-0721,MARINA,AINHIZE,0721,86,ID86_kidney_HE_10x.czi,tissue,CELL_ID86_kidney_HE_10x.czi,Historical drive ingest 2026 (drive1_FRIO-X6); project / researcher / operator / subject decided per file before ingest (tasks/drives_ingest_dryrun_review.md). Claim: CONFIRMED.,8f7a1c1d2c603b98cb90ca2e63c1c779f62e1d981f3d6cd6732b63570ba1e852,CONFIRMED
drive1_FRIO-X6/Cell observer/AINHIZE/MARINA/0721/HE/ID86_liver_HE_10x.czi,AE-biomaGUNE-0721,MARINA,AINHIZE,0721,86,ID86_liver_HE_10x.czi,tissue,CELL_ID86_liver_HE_10x.czi,Historical drive ingest 2026 (drive1_FRIO-X6); project / researcher / operator / subject decided per file before ingest (tasks/drives_ingest_dryrun_review.md). Claim: CONFIRMED.,07819c7b8a1043d3e1e903aaa41cab59837c4eaf11e175d30b40d5e7fcbdb8f4,CONFIRMED
drive1_FRIO-X6/Cell observer/AINHIZE/MARINA/0721/HE/ID86_lung+heart_HE_10x.czi,AE-biomaGUNE-0721,MARINA,AINHIZE,0721,86,ID86_lung+heart_HE_10x.czi,tissue,CELL_ID86_lung+heart_HE_10x.czi,Historical drive ingest 2026 (drive1_FRIO-X6); project / researcher / operator / subject decided per file before ingest (tasks/drives_ingest_dryrun_review.md). Claim: CONFIRMED.,fdc47ab509e5c492cd731136474caa70816551c1395b684c51bbe76cbd03c2a2,CONFIRMED
drive1_FRIO-X6/Cell observer/AINHIZE/MARINA/0721/HE/ID86_pancreas_HE_10x.czi,AE-biomaGUNE-0721,MARINA,AINHIZE,0721,86,ID86_pancreas_HE_10x.czi,tissue,CELL_ID86_pancreas_HE_10x.czi,Historical drive ingest 2026 (drive1_FRIO-X6); project / researcher / operator / subject decided per file before ingest (tasks/drives_ingest_dryrun_review.md). Claim: CONFIRMED.,9dabc6730e9b057ca163a0651a7c0f39589fbc9471d8a84eb0e310fd3add1f9e,CONFIRMED
drive1_FRIO-X6/Cell observer/AINHIZE/MARINA/0721/HE/ID86_spleen_HE_10x.czi,AE-biomaGUNE-0721,MARINA,AINHIZE,0721,86,ID86_spleen_HE_10x.czi,tissue,CELL_ID86_spleen_HE_10x.czi,Historical drive ingest 2026 (drive1_FRIO-X6); project / researcher / operator / subject decided per file before ingest (tasks/drives_ingest_dryrun_review.md). Claim: CONFIRMED.,4322a061ddd8421cdad0ff1ac6e65229c66c79f4a9d7b89f69650e0b584232cd,CONFIRMED
drive1_FRIO-X6/Cell observer/AINHIZE/MARINA/0721/HE/ID87_heart_HE_10x.czi,AE-biomaGUNE-0721,MARINA,AINHIZE,0721,87,ID87_heart_HE_10x.czi,tissue,CELL_ID87_heart_HE_10x.czi,Historical drive ingest 2026 (drive1_FRIO-X6); project / researcher / operator / subject decided per file before ingest (tasks/drives_ingest_dryrun_review.md). Claim: CONFIRMED.,8e7207989010fbb5744b1a647d270d2d23be8a71552fa1a97648956e4ad08c0a,CONFIRMED
drive1_FRIO-X6/Cell observer/AINHIZE/MARINA/0721/HE/ID87_kidney_HE_10x.czi,AE-biomaGUNE-0721,MARINA,AINHIZE,0721,87,ID87_kidney_HE_10x.czi,tissue,CELL_ID87_kidney_HE_10x.czi,Historical drive ingest 2026 (drive1_FRIO-X6); project / researcher / operator / subject decided per file before ingest (tasks/drives_ingest_dryrun_review.md). Claim: CONFIRMED.,109d6de990cb7ad87fb67c4247865a72c60d0b79b2e035895b3e8c4ab709aab0,CONFIRMED
drive1_FRIO-X6/Cell observer/AINHIZE/MARINA/0721/HE/ID87_liver_HE_10x.czi,AE-biomaGUNE-0721,MARINA,AINHIZE,0721,87,ID87_liver_HE_10x.czi,tissue,CELL_ID87_liver_HE_10x.czi,Historical drive ingest 2026 (drive1_FRIO-X6); project / researcher / operator / subject decided per file before ingest (tasks/drives_ingest_dryrun_review.md). Claim: CONFIRMED.,1c4d19a356e2cb26298de7105f3ddcff354dab95db9227b794763ca740b9db22,CONFIRMED
drive1_FRIO-X6/Cell observer/AINHIZE/MJ F480 heart/ID52_0522_lung_heart +_1.czi,AE-biomaGUNE-0522,,AINHIZE,0522,52,ID52_0522_lung_heart +_1.czi,tissue,CELL_ID52_0522_lung_heart +_1.czi,Historical drive ingest 2026 (drive1_FRIO-X6); project / researcher / operator / subject decided per file before ingest (tasks/drives_ingest_dryrun_review.md). Claim: CONFIRMED.,71cbfe4fc81434e64848404f4145988e45a74a2a5ad6dbb41460c28826c50a84,CONFIRMED
drive1_FRIO-X6/Cell observer/AINHIZE/MJ F480 heart/ID52_0522_lung_heart +_2.czi,AE-biomaGUNE-0522,,AINHIZE,0522,52,ID52_0522_lung_heart +_2.czi,tissue,CELL_ID52_0522_lung_heart +_2.czi,Historical drive ingest 2026 (drive1_FRIO-X6); project / researcher / operator / subject decided per file before ingest (tasks/drives_ingest_dryrun_review.md). Claim: CONFIRMED.,cd571ba932d4da053fa325410a0a87f3ff7bcabc4820d690243b0f6107275e91,CONFIRMED
drive1_FRIO-X6/Cell observer/Maria Jesus/230518-Alphasma-8ohdg-0522/230518-ID10-alphasma8OHdG-lungs-20x-1.czi,AE-biomaGUNE-0522,Maria Jesus,,0522,10,230518-ID10-alphasma8OHdG-lungs-20x-1.czi,tissue,CELL_230518-ID10-alphasma8OHdG-lungs-20x-1.czi,Historical drive ingest 2026 (drive1_FRIO-X6); project / researcher / operator / subject decided per file before ingest (tasks/drives_ingest_dryrun_review.md). Claim: CONFIRMED.,1c905ad440063a9fae149c751444aa3909282efe18b594694ef231bc1acd015d,CONFIRMED
drive1_FRIO-X6/Cell observer/Maria Jesus/230518-Alphasma-8ohdg-0522/230518-ID10-alphasma8OHdG-lungs-20x-2.czi,AE-biomaGUNE-0522,Maria Jesus,,0522,10,230518-ID10-alphasma8OHdG-lungs-20x-2.czi,tissue,CELL_230518-ID10-alphasma8OHdG-lungs-20x-2.czi,Historical drive ingest 2026 (drive1_FRIO-X6); project / researcher / operator / subject decided per file before ingest (tasks/drives_ingest_dryrun_review.md). Claim: CONFIRMED.,9e028ad60e96006982c88518fa47c1f98c17b65263d87431078977b1003e8089,CONFIRMED
drive1_FRIO-X6/Cell observer/Maria Jesus/230518-Alphasma-8ohdg-0522/230518-ID10-alphasma8OHdG-lungs-20x-3.czi,AE-biomaGUNE-0522,Maria Jesus,,0522,10,230518-ID10-alphasma8OHdG-lungs-20x-3.czi,tissue,CELL_230518-ID10-alphasma8OHdG-lungs-20x-3.czi,Historical drive ingest 2026 (drive1_FRIO-X6); project / researcher / operator / subject decided per file before ingest (tasks/drives_ingest_dryrun_review.md). Claim: CONFIRMED.,be3446a1aa0697c57a46d4193ba9d3c57d29d8c3795f543d0ba23ef31cb4761c,CONFIRMED
drive1_FRIO-X6/Cell observer/Maria Jesus/230518-Alphasma-8ohdg-0522/230518-ID10-alphasma8OHdG-lungs-20x-5.czi,AE-biomaGUNE-0522,Maria Jesus,,0522,10,230518-ID10-alphasma8OHdG-lungs-20x-5.czi,tissue,CELL_230518-ID10-alphasma8OHdG-lungs-20x-5.czi,Historical drive ingest 2026 (drive1_FRIO-X6); project / researcher / operator / subject decided per file before ingest (tasks/drives_ingest_dryrun_review.md). Claim: CONFIRMED.,56512e7abd99c36cdf333fba725319b66b8f6b7d7e20bb7c416f7d45abc4f4c2,CONFIRMED
drive1_FRIO-X6/Cell observer/Maria Jesus/230518-Alphasma-8ohdg-0522/230518-ID10-alphasma8OHdG-lungs-20x-6.czi,AE-biomaGUNE-0522,Maria Jesus,,0522,10,230518-ID10-alphasma8OHdG-lungs-20x-6.czi,tissue,CELL_230518-ID10-alphasma8OHdG-lungs-20x-6.czi,Historical drive ingest 2026 (drive1_FRIO-X6); project / researcher / operator / subject decided per file before ingest (tasks/drives_ingest_dryrun_review.md). Claim: CONFIRMED.,2f198f4d926d2124479e7239213cba2fbc8e55c22a32b03d0d234a413ed83041,CONFIRMED
drive1_FRIO-X6/Cell observer/Maria Jesus/230518-Alphasma-8ohdg-0522/230518-ID10-alphasma8OHdG-lungs-20x-7.czi,AE-biomaGUNE-0522,Maria Jesus,,0522,10,230518-ID10-alphasma8OHdG-lungs-20x-7.czi,tissue,CELL_230518-ID10-alphasma8OHdG-lungs-20x-7.czi,Historical drive ingest 2026 (drive1_FRIO-X6); project / researcher / operator / subject decided per file before ingest (tasks/drives_ingest_dryrun_review.md). Claim: CONFIRMED.,fa1cda1a06bf3eb93c8eff2382c02c6d6ad5548a46dbb56591f33ce18b1b03d3,CONFIRMED
drive1_FRIO-X6/Cell observer/Maria Jesus/230518-Alphasma-8ohdg-0522/230518-ID10-alphasma8OHdG-lungs-20x-8.czi,AE-biomaGUNE-0522,Maria Jesus,,0522,10,230518-ID10-alphasma8OHdG-lungs-20x-8.czi,tissue,CELL_230518-ID10-alphasma8OHdG-lungs-20x-8.czi,Historical drive ingest 2026 (drive1_FRIO-X6); project / researcher / operator / subject decided per file before ingest (tasks/drives_ingest_dryrun_review.md). Claim: CONFIRMED.,0060a0302a793d261cc31f7ae23f659d8fbd7f5d3fe24250ad64f51af2ffc9d6,CONFIRMED
drive1_FRIO-X6/Cell observer/Maria Jesus/230518-Alphasma-8ohdg-0522/230518-ID10-alphasma8OHdG-lungs-20x-9.czi,AE-biomaGUNE-0522,Maria Jesus,,0522,10,230518-ID10-alphasma8OHdG-lungs-20x-9.czi,tissue,CELL_230518-ID10-alphasma8OHdG-lungs-20x-9.czi,Historical drive ingest 2026 (drive1_FRIO-X6); project / researcher / operator / subject decided per file before ingest (tasks/drives_ingest_dryrun_review.md). Claim: CONFIRMED.,3aa516ffb24b866e1635d84a2cb7945b49cab8735bc2e5ca6959d38ae4545da8,CONFIRMED
drive1_FRIO-X6/Cell observer/Maria Jesus/230518-Alphasma-8ohdg-0522/230518-ID10-alphasma8OHdG-lungs-20x-Controlnegative.czi,AE-biomaGUNE-0522,Maria Jesus,,0522,10,230518-ID10-alphasma8OHdG-lungs-20x-Controlnegative.czi,tissue,CELL_230518-ID10-alphasma8OHdG-lungs-20x-Controlnegative.czi,Historical drive ingest 2026 (drive1_FRIO-X6); project / researcher / operator / subject decided per file before ingest (tasks/drives_ingest_dryrun_review.md). Claim: CONFIRMED.,38ef9ddb6f6e24406367e4fb14265610fa160e8a9439974f59f04768a71098dd,CONFIRMED
drive1_FRIO-X6/Cell observer/Maria Jesus/230518-Alphasma-8ohdg-0522/230518-ID12-alphasma8OHdG-lungs-20x-1.czi,AE-biomaGUNE-0522,Maria Jesus,,0522,12,230518-ID12-alphasma8OHdG-lungs-20x-1.czi,tissue,CELL_230518-ID12-alphasma8OHdG-lungs-20x-1.czi,Historical drive ingest 2026 (drive1_FRIO-X6); project / researcher / operator / subject decided per file before ingest (tasks/drives_ingest_dryrun_review.md). Claim: CONFIRMED.,7ee81621032b59ad9a63023d3088f36b6e944c191ec79bf217b56d7ed00c6787,CONFIRMED
drive1_FRIO-X6/Cell observer/Maria Jesus/230518-Alphasma-8ohdg-0522/230518-ID12-alphasma8OHdG-lungs-20x-2.czi,AE-biomaGUNE-0522,Maria Jesus,,0522,12,230518-ID12-alphasma8OHdG-lungs-20x-2.czi,tissue,CELL_230518-ID12-alphasma8OHdG-lungs-20x-2.czi,Historical drive ingest 2026 (drive1_FRIO-X6); project / researcher / operator / subject decided per file before ingest (tasks/drives_ingest_dryrun_review.md). Claim: CONFIRMED.,e0a5f823cd961ad1fedbb9b1857ff9a3d28626d06a6f1c0825cfdc8c4621b159,CONFIRMED
drive1_FRIO-X6/Cell observer/Maria Jesus/230518-Alphasma-8ohdg-0522/230518-ID12-alphasma8OHdG-lungs-20x-3.czi,AE-biomaGUNE-0522,Maria Jesus,,0522,12,230518-ID12-alphasma8OHdG-lungs-20x-3.czi,tissue,CELL_230518-ID12-alphasma8OHdG-lungs-20x-3.czi,Historical drive ingest 2026 (drive1_FRIO-X6); project / researcher / operator / subject decided per file before ingest (tasks/drives_ingest_dryrun_review.md). Claim: CONFIRMED.,87b96a3ea678e848285377630fa50c05b7da0f65bd2c1038149bd4e25a6b176b,CONFIRMED
drive1_FRIO-X6/Cell observer/Maria Jesus/230518-Alphasma-8ohdg-0522/230518-ID12-alphasma8OHdG-lungs-20x-4.czi,AE-biomaGUNE-0522,Maria Jesus,,0522,12,230518-ID12-alphasma8OHdG-lungs-20x-4.czi,tissue,CELL_230518-ID12-alphasma8OHdG-lungs-20x-4.czi,Historical drive ingest 2026 (drive1_FRIO-X6); project / researcher / operator / subject decided per file before ingest (tasks/drives_ingest_dryrun_review.md). Claim: CONFIRMED.,dbb02c702eab21b1357b71aa576c4aca896c6e08613831aa76dbace3f1959d88,CONFIRMED
drive1_FRIO-X6/Cell observer/Maria Jesus/230518-Alphasma-8ohdg-0522/230518-ID12-alphasma8OHdG-lungs-20x-5.czi,AE-biomaGUNE-0522,Maria Jesus,,0522,12,230518-ID12-alphasma8OHdG-lungs-20x-5.czi,tissue,CELL_230518-ID12-alphasma8OHdG-lungs-20x-5.czi,Historical drive ingest 2026 (drive1_FRIO-X6); project / researcher / operator / subject decided per file before ingest (tasks/drives_ingest_dryrun_review.md). Claim: CONFIRMED.,806e0acf977b74926434252b002e04fb6b76a5a4d292bbb6699eca80424c2eeb,CONFIRMED
drive1_FRIO-X6/Cell observer/Maria Jesus/230518-Alphasma-8ohdg-0522/230518-ID12-alphasma8OHdG-lungs-20x-6.czi,AE-biomaGUNE-0522,Maria Jesus,,0522,12,230518-ID12-alphasma8OHdG-lungs-20x-6.czi,tissue,CELL_230518-ID12-alphasma8OHdG-lungs-20x-6.czi,Historical drive ingest 2026 (drive1_FRIO-X6); project / researcher / operator / subject decided per file before ingest (tasks/drives_ingest_dryrun_review.md). Claim: CONFIRMED.,4767ee2e335e013ba1a629eb6ff70eeb47fbbd6bcf62f03ae94ab701f77e86e5,CONFIRMED
drive1_FRIO-X6/Cell observer/Maria Jesus/230518-Alphasma-8ohdg-0522/230518-ID12-alphasma8OHdG-lungs-20x-7.czi,AE-biomaGUNE-0522,Maria Jesus,,0522,12,230518-ID12-alphasma8OHdG-lungs-20x-7.czi,tissue,CELL_230518-ID12-alphasma8OHdG-lungs-20x-7.czi,Historical drive ingest 2026 (drive1_FRIO-X6); project / researcher / operator / subject decided per file before ingest (tasks/drives_ingest_dryrun_review.md). Claim: CONFIRMED.,df1bdc22df38a87d720b6d212f063d3d9147de0a2a701b68924aebfc65be9bf7,CONFIRMED
drive1_FRIO-X6/Cell observer/Maria Jesus/230518-Alphasma-8ohdg-0522/230518-ID12-alphasma8OHdG-lungs-20x-8.czi,AE-biomaGUNE-0522,Maria Jesus,,0522,12,230518-ID12-alphasma8OHdG-lungs-20x-8.czi,tissue,CELL_230518-ID12-alphasma8OHdG-lungs-20x-8.czi,Historical drive ingest 2026 (drive1_FRIO-X6); project / researcher / operator / subject decided per file before ingest (tasks/drives_ingest_dryrun_review.md). Claim: CONFIRMED.,b469818398d836c1626018106f5d8eaa6e7aba2a56d0b961645bed966b5cf19a,CONFIRMED
drive1_FRIO-X6/Cell observer/Maria Jesus/230518-Alphasma-8ohdg-0522/230518-ID12-alphasma8OHdG-lungs-20x-Controlnegative.czi,AE-biomaGUNE-0522,Maria Jesus,,0522,12,230518-ID12-alphasma8OHdG-lungs-20x-Controlnegative.czi,tissue,CELL_230518-ID12-alphasma8OHdG-lungs-20x-Controlnegative.czi,Historical drive ingest 2026 (drive1_FRIO-X6); project / researcher / operator / subject decided per file before ingest (tasks/drives_ingest_dryrun_review.md). Claim: CONFIRMED.,1ca9787163bfde6bf5c8dc9d5f826560ce518b409a45bee7884b52891ad8048c,CONFIRMED
drive1_FRIO-X6/Cell observer/Maria Jesus/230518-Alphasma-8ohdg-0522/230518-ID13-alphasma8OHdG-lungs-20x-1.czi,AE-biomaGUNE-0522,Maria Jesus,,0522,13,230518-ID13-alphasma8OHdG-lungs-20x-1.czi,tissue,CELL_230518-ID13-alphasma8OHdG-lungs-20x-1.czi,Historical drive ingest 2026 (drive1_FRIO-X6); project / researcher / operator / subject decided per file before ingest (tasks/drives_ingest_dryrun_review.md). Claim: CONFIRMED.,c787154b764a6fca046d80a465a8b7632c714c10f2ba3436e72047e008f174c3,CONFIRMED
drive1_FRIO-X6/Cell observer/Maria Jesus/230518-Alphasma-8ohdg-0522/230518-ID13-alphasma8OHdG-lungs-20x-2.czi,AE-biomaGUNE-0522,Maria Jesus,,0522,13,230518-ID13-alphasma8OHdG-lungs-20x-2.czi,tissue,CELL_230518-ID13-alphasma8OHdG-lungs-20x-2.czi,Historical drive ingest 2026 (drive1_FRIO-X6); project / researcher / operator / subject decided per file before ingest (tasks/drives_ingest_dryrun_review.md). Claim: CONFIRMED.,d6bfc981f156cd144f12a83622ffb46296aa5fe4275ec98dbc861fc4199979b2,CONFIRMED
drive1_FRIO-X6/Cell observer/Maria Jesus/230518-Alphasma-8ohdg-0522/230518-ID13-alphasma8OHdG-lungs-20x-3.czi,AE-biomaGUNE-0522,Maria Jesus,,0522,13,230518-ID13-alphasma8OHdG-lungs-20x-3.czi,tissue,CELL_230518-ID13-alphasma8OHdG-lungs-20x-3.czi,Historical drive ingest 2026 (drive1_FRIO-X6); project / researcher / operator / subject decided per file before ingest (tasks/drives_ingest_dryrun_review.md). Claim: CONFIRMED.,1d378e2549dc11a176e93188c08d860c285e5a14f4d145e4699609628b6dc51b,CONFIRMED
drive1_FRIO-X6/Cell observer/Maria Jesus/230518-Alphasma-8ohdg-0522/230518-ID13-alphasma8OHdG-lungs-20x-4.czi,AE-biomaGUNE-0522,Maria Jesus,,0522,13,230518-ID13-alphasma8OHdG-lungs-20x-4.czi,tissue,CELL_230518-ID13-alphasma8OHdG-lungs-20x-4.czi,Historical drive ingest 2026 (drive1_FRIO-X6); project / researcher / operator / subject decided per file before ingest (tasks/drives_ingest_dryrun_review.md). Claim: CONFIRMED.,8144e0efeb5981ee76486ff086cde67e28d90cb1e3eca224bfaa5c9e97c093aa,CONFIRMED
drive1_FRIO-X6/Cell observer/Maria Jesus/230518-Alphasma-8ohdg-0522/230518-ID13-alphasma8OHdG-lungs-20x-5.czi,AE-biomaGUNE-0522,Maria Jesus,,0522,13,230518-ID13-alphasma8OHdG-lungs-20x-5.czi,tissue,CELL_230518-ID13-alphasma8OHdG-lungs-20x-5.czi,Historical drive ingest 2026 (drive1_FRIO-X6); project / researcher / operator / subject decided per file before ingest (tasks/drives_ingest_dryrun_review.md). Claim: CONFIRMED.,06d9e95ec0434349b104252a8ffe7a4508fa76aca07b48666bc6c4cf9920c57e,CONFIRMED
drive1_FRIO-X6/Cell observer/Maria Jesus/230518-Alphasma-8ohdg-0522/230518-ID13-alphasma8OHdG-lungs-20x-6.czi,AE-biomaGUNE-0522,Maria Jesus,,0522,13,230518-ID13-alphasma8OHdG-lungs-20x-6.czi,tissue,CELL_230518-ID13-alphasma8OHdG-lungs-20x-6.czi,Historical drive ingest 2026 (drive1_FRIO-X6); project / researcher / operator / subject decided per file before ingest (tasks/drives_ingest_dryrun_review.md). Claim: CONFIRMED.,5e2b95c51aa9df3918e370bbb68c92d709d840b949bb595d216685d312ab8c12,CONFIRMED
drive1_FRIO-X6/Cell observer/Maria Jesus/230518-Alphasma-8ohdg-0522/230518-ID13-alphasma8OHdG-lungs-20x-7.czi,AE-biomaGUNE-0522,Maria Jesus,,0522,13,230518-ID13-alphasma8OHdG-lungs-20x-7.czi,tissue,CELL_230518-ID13-alphasma8OHdG-lungs-20x-7.czi,Historical drive ingest 2026 (drive1_FRIO-X6); project / researcher / operator / subject decided per file before ingest (tasks/drives_ingest_dryrun_review.md). Claim: CONFIRMED.,239d2ebff64c34a9820c924d21f3446cd2aa8225bb5f2dd92bd97649bed7fa96,CONFIRMED
drive1_FRIO-X6/Cell observer/Maria Jesus/230518-Alphasma-8ohdg-0522/230518-ID13-alphasma8OHdG-lungs-20x-8.czi,AE-biomaGUNE-0522,Maria Jesus,,0522,13,230518-ID13-alphasma8OHdG-lungs-20x-8.czi,tissue,CELL_230518-ID13-alphasma8OHdG-lungs-20x-8.czi,Historical drive ingest 2026 (drive1_FRIO-X6); project / researcher / operator / subject decided per file before ingest (tasks/drives_ingest_dryrun_review.md). Claim: CONFIRMED.,499e00fe2cf310621302ce6067aab5151eff2776e6b36f45104e3ea52244b6d2,CONFIRMED
drive1_FRIO-X6/Cell observer/Maria Jesus/230518-Alphasma-8ohdg-0522/230518-ID13-alphasma8OHdG-lungs-20x-9.czi,AE-biomaGUNE-0522,Maria Jesus,,0522,13,230518-ID13-alphasma8OHdG-lungs-20x-9.czi,tissue,CELL_230518-ID13-alphasma8OHdG-lungs-20x-9.czi,Historical drive ingest 2026 (drive1_FRIO-X6); project / researcher / operator / subject decided per file before ingest (tasks/drives_ingest_dryrun_review.md). Claim: CONFIRMED.,783c00722d56c8d3558b5a2018484fe6bbf9310b48dabbca9dc0b0c3ebd5ed46,CONFIRMED
drive1_FRIO-X6/Cell observer/Maria Jesus/230518-Alphasma-8ohdg-0522/230518-ID13-alphasma8OHdG-lungs-20x-Controlnegative.czi,AE-biomaGUNE-0522,Maria Jesus,,0522,13,230518-ID13-alphasma8OHdG-lungs-20x-Controlnegative.czi,tissue,CELL_230518-ID13-alphasma8OHdG-lungs-20x-Controlnegative.czi,Historical drive ingest 2026 (drive1_FRIO-X6); project / researcher / operator / subject decided per file before ingest (tasks/drives_ingest_dryrun_review.md). Claim: CONFIRMED.,69cd96e7e65fab8936e38b1cd9f28260a25c51e18e2c6dd329d56ff4676df031,CONFIRMED
drive1_FRIO-X6/Cell observer/Maria Jesus/230518-Alphasma-8ohdg-0522/230518-ID17-alphasma8OHdG-lungs-20x-1.czi,AE-biomaGUNE-0522,Maria Jesus,,0522,17,230518-ID17-alphasma8OHdG-lungs-20x-1.czi,tissue,CELL_230518-ID17-alphasma8OHdG-lungs-20x-1.czi,Historical drive ingest 2026 (drive1_FRIO-X6); project / researcher / operator / subject decided per file before ingest (tasks/drives_ingest_dryrun_review.md). Claim: CONFIRMED.,b5b47ba180b2c50043abef9f297f90d9c329f4b7d39086feb2b5a7c19a7403d7,CONFIRMED
drive1_FRIO-X6/Cell observer/Maria Jesus/230518-Alphasma-8ohdg-0522/230518-ID17-alphasma8OHdG-lungs-20x-2.czi,AE-biomaGUNE-0522,Maria Jesus,,0522,17,230518-ID17-alphasma8OHdG-lungs-20x-2.czi,tissue,CELL_230518-ID17-alphasma8OHdG-lungs-20x-2.czi,Historical drive ingest 2026 (drive1_FRIO-X6); project / researcher / operator / subject decided per file before ingest (tasks/drives_ingest_dryrun_review.md). Claim: CONFIRMED.,62b100c6f60a7c9bcefe3b6a1dffac9b7c40602c41e0ef1b8de819c865237fb5,CONFIRMED
drive1_FRIO-X6/Cell observer/Maria Jesus/230518-Alphasma-8ohdg-0522/230518-ID17-alphasma8OHdG-lungs-20x-3.czi,AE-biomaGUNE-0522,Maria Jesus,,0522,17,230518-ID17-alphasma8OHdG-lungs-20x-3.czi,tissue,CELL_230518-ID17-alphasma8OHdG-lungs-20x-3.czi,Historical drive ingest 2026 (drive1_FRIO-X6); project / researcher / operator / subject decided per file before ingest (tasks/drives_ingest_dryrun_review.md). Claim: CONFIRMED.,d90a653c839e11ce7ef3d1f9e0f09a4efaeeee0b034d4ba73ea96fd805a3abbf,CONFIRMED
drive1_FRIO-X6/Cell observer/Maria Jesus/230518-Alphasma-8ohdg-0522/230518-ID17-alphasma8OHdG-lungs-20x-4.czi,AE-biomaGUNE-0522,Maria Jesus,,0522,17,230518-ID17-alphasma8OHdG-lungs-20x-4.czi,tissue,CELL_230518-ID17-alphasma8OHdG-lungs-20x-4.czi,Historical drive ingest 2026 (drive1_FRIO-X6); project / researcher / operator / subject decided per file before ingest (tasks/drives_ingest_dryrun_review.md). Claim: CONFIRMED.,a6245055b82f9e1599e99f6b6e3b263672851cdfb6691486ac0e19e3db27d0b1,CONFIRMED
drive1_FRIO-X6/Cell observer/Maria Jesus/230518-Alphasma-8ohdg-0522/230518-ID17-alphasma8OHdG-lungs-20x-5.czi,AE-biomaGUNE-0522,Maria Jesus,,0522,17,230518-ID17-alphasma8OHdG-lungs-20x-5.czi,tissue,CELL_230518-ID17-alphasma8OHdG-lungs-20x-5.czi,Historical drive ingest 2026 (drive1_FRIO-X6); project / researcher / operator / subject decided per file before ingest (tasks/drives_ingest_dryrun_review.md). Claim: CONFIRMED.,bfa27bca1017d6492503f1345a3e6bf6fce5ca5f621abc52246b8e8de4d585fd,CONFIRMED
drive1_FRIO-X6/Cell observer/Maria Jesus/230518-Alphasma-8ohdg-0522/230518-ID17-alphasma8OHdG-lungs-20x-6.czi,AE-biomaGUNE-0522,Maria Jesus,,0522,17,230518-ID17-alphasma8OHdG-lungs-20x-6.czi,tissue,CELL_230518-ID17-alphasma8OHdG-lungs-20x-6.czi,Historical drive ingest 2026 (drive1_FRIO-X6); project / researcher / operator / subject decided per file before ingest (tasks/drives_ingest_dryrun_review.md). Claim: CONFIRMED.,c8d7a6feff0e0984af1b2d0e2ebc0c17145ec291e3bd38b9f0c5781f80797b02,CONFIRMED
drive1_FRIO-X6/Cell observer/Maria Jesus/230518-Alphasma-8ohdg-0522/230518-ID17-alphasma8OHdG-lungs-20x-7.czi,AE-biomaGUNE-0522,Maria Jesus,,0522,17,230518-ID17-alphasma8OHdG-lungs-20x-7.czi,tissue,CELL_230518-ID17-alphasma8OHdG-lungs-20x-7.czi,Historical drive ingest 2026 (drive1_FRIO-X6); project / researcher / operator / subject decided per file before ingest (tasks/drives_ingest_dryrun_review.md). Claim: CONFIRMED.,f9d3df2883206eb04693f6059562e7463831d0494aa19c6c071bfda619362c63,CONFIRMED
drive1_FRIO-X6/Cell observer/Maria Jesus/230518-Alphasma-8ohdg-0522/230518-ID17-alphasma8OHdG-lungs-20x-8.czi,AE-biomaGUNE-0522,Maria Jesus,,0522,17,230518-ID17-alphasma8OHdG-lungs-20x-8.czi,tissue,CELL_230518-ID17-alphasma8OHdG-lungs-20x-8.czi,Historical drive ingest 2026 (drive1_FRIO-X6); project / researcher / operator / subject decided per file before ingest (tasks/drives_ingest_dryrun_review.md). Claim: CONFIRMED.,cadc07dcf45760251e41da535b7f70b32b1c02cdb3a265ba9bd9a3913b9d7177,CONFIRMED
drive1_FRIO-X6/Cell observer/Maria Jesus/230518-Alphasma-8ohdg-0522/230518-ID17-alphasma8OHdG-lungs-20x-9.czi,AE-biomaGUNE-0522,Maria Jesus,,0522,17,230518-ID17-alphasma8OHdG-lungs-20x-9.czi,tissue,CELL_230518-ID17-alphasma8OHdG-lungs-20x-9.czi,Historical drive ingest 2026 (drive1_FRIO-X6); project / researcher / operator / subject decided per file before ingest (tasks/drives_ingest_dryrun_review.md). Claim: CONFIRMED.,215dd7fe8e9e1a39e48b0e1f4d10482ba71cfd9d70a51b4b0c442fb1f8897341,CONFIRMED
drive1_FRIO-X6/Cell observer/Maria Jesus/230518-Alphasma-8ohdg-0522/230518-ID17-alphasma8OHdG-lungs-20x-Controlnegative.czi,AE-biomaGUNE-0522,Maria Jesus,,0522,17,230518-ID17-alphasma8OHdG-lungs-20x-Controlnegative.czi,tissue,CELL_230518-ID17-alphasma8OHdG-lungs-20x-Controlnegative.czi,Historical drive ingest 2026 (drive1_FRIO-X6); project / researcher / operator / subject decided per file before ingest (tasks/drives_ingest_dryrun_review.md). Claim: CONFIRMED.,78c9da6da4c0a695f977390bc1e0822b0426f32b63657bb4457bf8cc99b118e1,CONFIRMED
drive1_FRIO-X6/Cell observer/Maria Jesus/230518-Alphasma-8ohdg-0522/230518-ID36-alphasma8OHdG-lungs-20x-1.czi,AE-biomaGUNE-0522,Maria Jesus,,0522,36,230518-ID36-alphasma8OHdG-lungs-20x-1.czi,tissue,CELL_230518-ID36-alphasma8OHdG-lungs-20x-1.czi,Historical drive ingest 2026 (drive1_FRIO-X6); project / researcher / operator / subject decided per file before ingest (tasks/drives_ingest_dryrun_review.md). Claim: CONFIRMED.,92ca92497c9b8a8bdfcab58f907bedef21db9a741ab999c6218234c0c6d14371,CONFIRMED
drive1_FRIO-X6/Cell observer/Maria Jesus/230518-Alphasma-8ohdg-0522/230518-ID36-alphasma8OHdG-lungs-20x-2.czi,AE-biomaGUNE-0522,Maria Jesus,,0522,36,230518-ID36-alphasma8OHdG-lungs-20x-2.czi,tissue,CELL_230518-ID36-alphasma8OHdG-lungs-20x-2.czi,Historical drive ingest 2026 (drive1_FRIO-X6); project / researcher / operator / subject decided per file before ingest (tasks/drives_ingest_dryrun_review.md). Claim: CONFIRMED.,1fadcddf1a52f5f9f1087ae40902661980c126368609bdd14dd6759425e30990,CONFIRMED
drive1_FRIO-X6/Cell observer/Maria Jesus/230518-Alphasma-8ohdg-0522/230518-ID36-alphasma8OHdG-lungs-20x-3.czi,AE-biomaGUNE-0522,Maria Jesus,,0522,36,230518-ID36-alphasma8OHdG-lungs-20x-3.czi,tissue,CELL_230518-ID36-alphasma8OHdG-lungs-20x-3.czi,Historical drive ingest 2026 (drive1_FRIO-X6); project / researcher / operator / subject decided per file before ingest (tasks/drives_ingest_dryrun_review.md). Claim: CONFIRMED.,8c5198565c4b0ae8270969e4f86341fce5ec8d8a7a1bf2f95acd113304cc6ffd,CONFIRMED
drive1_FRIO-X6/Cell observer/Maria Jesus/230518-Alphasma-8ohdg-0522/230518-ID36-alphasma8OHdG-lungs-20x-4.czi,AE-biomaGUNE-0522,Maria Jesus,,0522,36,230518-ID36-alphasma8OHdG-lungs-20x-4.czi,tissue,CELL_230518-ID36-alphasma8OHdG-lungs-20x-4.czi,Historical drive ingest 2026 (drive1_FRIO-X6); project / researcher / operator / subject decided per file before ingest (tasks/drives_ingest_dryrun_review.md). Claim: CONFIRMED.,309cf974dcd57bd0a2f71acfb43d511db3043cb5d6f8ac79dfa9f246b706316a,CONFIRMED
drive1_FRIO-X6/Cell observer/Maria Jesus/230518-Alphasma-8ohdg-0522/230518-ID36-alphasma8OHdG-lungs-20x-5.czi,AE-biomaGUNE-0522,Maria Jesus,,0522,36,230518-ID36-alphasma8OHdG-lungs-20x-5.czi,tissue,CELL_230518-ID36-alphasma8OHdG-lungs-20x-5.czi,Historical drive ingest 2026 (drive1_FRIO-X6); project / researcher / operator / subject decided per file before ingest (tasks/drives_ingest_dryrun_review.md). Claim: CONFIRMED.,ee70789443a03e69a714195c5e2cbfc40ceed1b80b9c23983c8ba834f59ef52f,CONFIRMED
drive1_FRIO-X6/Cell observer/Maria Jesus/230518-Alphasma-8ohdg-0522/230518-ID36-alphasma8OHdG-lungs-20x-6.czi,AE-biomaGUNE-0522,Maria Jesus,,0522,36,230518-ID36-alphasma8OHdG-lungs-20x-6.czi,tissue,CELL_230518-ID36-alphasma8OHdG-lungs-20x-6.czi,Historical drive ingest 2026 (drive1_FRIO-X6); project / researcher / operator / subject decided per file before ingest (tasks/drives_ingest_dryrun_review.md). Claim: CONFIRMED.,e1b6d00b90cedebf0222093ea8c1cc31f8c418751a2e96c96592ea17f619270d,CONFIRMED
drive1_FRIO-X6/Cell observer/Maria Jesus/230518-Alphasma-8ohdg-0522/230518-ID36-alphasma8OHdG-lungs-20x-7.czi,AE-biomaGUNE-0522,Maria Jesus,,0522,36,230518-ID36-alphasma8OHdG-lungs-20x-7.czi,tissue,CELL_230518-ID36-alphasma8OHdG-lungs-20x-7.czi,Historical drive ingest 2026 (drive1_FRIO-X6); project / researcher / operator / subject decided per file before ingest (tasks/drives_ingest_dryrun_review.md). Claim: CONFIRMED.,7c33540f7131872e260bb5fd4b6ee6966d7d92cd7a0de1bb94169d70cada4d76,CONFIRMED
drive1_FRIO-X6/Cell observer/Maria Jesus/230518-Alphasma-8ohdg-0522/230518-ID36-alphasma8OHdG-lungs-20x-8.czi,AE-biomaGUNE-0522,Maria Jesus,,0522,36,230518-ID36-alphasma8OHdG-lungs-20x-8.czi,tissue,CELL_230518-ID36-alphasma8OHdG-lungs-20x-8.czi,Historical drive ingest 2026 (drive1_FRIO-X6); project / researcher / operator / subject decided per file before ingest (tasks/drives_ingest_dryrun_review.md). Claim: CONFIRMED.,acc269f2ace269e211b951c0122bd5e6e301dbc5e700c28433a272cab2c1089b,CONFIRMED
drive1_FRIO-X6/Cell observer/Maria Jesus/230518-Alphasma-8ohdg-0522/230518-ID36-alphasma8OHdG-lungs-20x-Controlnegative.czi,AE-biomaGUNE-0522,Maria Jesus,,0522,36,230518-ID36-alphasma8OHdG-lungs-20x-Controlnegative.czi,tissue,CELL_230518-ID36-alphasma8OHdG-lungs-20x-Controlnegative.czi,Historical drive ingest 2026 (drive1_FRIO-X6); project / researcher / operator / subject decided per file before ingest (tasks/drives_ingest_dryrun_review.md). Claim: CONFIRMED.,a52d25e4d8294d8749789d3d796cbb93b8985c3978220765d1456e88b072e718,CONFIRMED
drive1_FRIO-X6/Cell observer/Maria Jesus/230518-Alphasma-8ohdg-0522/230518-ID37-alphasma8OHdG-lungs-20x-1.czi,AE-biomaGUNE-0522,Maria Jesus,,0522,37,230518-ID37-alphasma8OHdG-lungs-20x-1.czi,tissue,CELL_230518-ID37-alphasma8OHdG-lungs-20x-1.czi,Historical drive ingest 2026 (drive1_FRIO-X6); project / researcher / operator / subject decided per file before ingest (tasks/drives_ingest_dryrun_review.md). Claim: CONFIRMED.,9eb4f1e6a0924ff3192aefed65ccadc5fa8239de61f86f9ca5d0a334ebed4a4c,CONFIRMED
drive1_FRIO-X6/Cell observer/Maria Jesus/230518-Alphasma-8ohdg-0522/230518-ID37-alphasma8OHdG-lungs-20x-2.czi,AE-biomaGUNE-0522,Maria Jesus,,0522,37,230518-ID37-alphasma8OHdG-lungs-20x-2.czi,tissue,CELL_230518-ID37-alphasma8OHdG-lungs-20x-2.czi,Historical drive ingest 2026 (drive1_FRIO-X6); project / researcher / operator / subject decided per file before ingest (tasks/drives_ingest_dryrun_review.md). Claim: CONFIRMED.,ea12ba4ac70aa5e112c3e29ce3b2e0449faf2689b8f4664a8a25c50394ce4552,CONFIRMED
drive1_FRIO-X6/Cell observer/Maria Jesus/230518-Alphasma-8ohdg-0522/230518-ID37-alphasma8OHdG-lungs-20x-3.czi,AE-biomaGUNE-0522,Maria Jesus,,0522,37,230518-ID37-alphasma8OHdG-lungs-20x-3.czi,tissue,CELL_230518-ID37-alphasma8OHdG-lungs-20x-3.czi,Historical drive ingest 2026 (drive1_FRIO-X6); project / researcher / operator / subject decided per file before ingest (tasks/drives_ingest_dryrun_review.md). Claim: CONFIRMED.,13a6313273bdc8adfba07b2c72e2ae4c5dc4fc01fffaff8742a5bd5e679dee5f,CONFIRMED
drive1_FRIO-X6/Cell observer/Maria Jesus/230518-Alphasma-8ohdg-0522/230518-ID37-alphasma8OHdG-lungs-20x-4.czi,AE-biomaGUNE-0522,Maria Jesus,,0522,37,230518-ID37-alphasma8OHdG-lungs-20x-4.czi,tissue,CELL_230518-ID37-alphasma8OHdG-lungs-20x-4.czi,Historical drive ingest 2026 (drive1_FRIO-X6); project / researcher / operator / subject decided per file before ingest (tasks/drives_ingest_dryrun_review.md). Claim: CONFIRMED.,d86ef6ba7ee23d2cd84f1de2b057136a7d54aad3d7ffa15dd3429f835c3665b4,CONFIRMED
drive1_FRIO-X6/Cell observer/Maria Jesus/230518-Alphasma-8ohdg-0522/230518-ID37-alphasma8OHdG-lungs-20x-5.czi,AE-biomaGUNE-0522,Maria Jesus,,0522,37,230518-ID37-alphasma8OHdG-lungs-20x-5.czi,tissue,CELL_230518-ID37-alphasma8OHdG-lungs-20x-5.czi,Historical drive ingest 2026 (drive1_FRIO-X6); project / researcher / operator / subject decided per file before ingest (tasks/drives_ingest_dryrun_review.md). Claim: CONFIRMED.,c87331d48afe2123b2ffa6d628bfcdcf904b11df5601274b0f5f0a3956af9c32,CONFIRMED
drive1_FRIO-X6/Cell observer/Maria Jesus/230518-Alphasma-8ohdg-0522/230518-ID37-alphasma8OHdG-lungs-20x-6.czi,AE-biomaGUNE-0522,Maria Jesus,,0522,37,230518-ID37-alphasma8OHdG-lungs-20x-6.czi,tissue,CELL_230518-ID37-alphasma8OHdG-lungs-20x-6.czi,Historical drive ingest 2026 (drive1_FRIO-X6); project / researcher / operator / subject decided per file before ingest (tasks/drives_ingest_dryrun_review.md). Claim: CONFIRMED.,e0c18c5e49318db7480505dbe00c1fc6b0fc72eb54d656ba004c5237c0c407b6,CONFIRMED
drive1_FRIO-X6/Cell observer/Maria Jesus/230518-Alphasma-8ohdg-0522/230518-ID37-alphasma8OHdG-lungs-20x-7.czi,AE-biomaGUNE-0522,Maria Jesus,,0522,37,230518-ID37-alphasma8OHdG-lungs-20x-7.czi,tissue,CELL_230518-ID37-alphasma8OHdG-lungs-20x-7.czi,Historical drive ingest 2026 (drive1_FRIO-X6); project / researcher / operator / subject decided per file before ingest (tasks/drives_ingest_dryrun_review.md). Claim: CONFIRMED.,28bc5ad50460be787968c4ac03fd6313380f03d2d484c6b895b7674fde9fd2ac,CONFIRMED
drive1_FRIO-X6/Cell observer/Maria Jesus/230518-Alphasma-8ohdg-0522/230518-ID37-alphasma8OHdG-lungs-20x-8.czi,AE-biomaGUNE-0522,Maria Jesus,,0522,37,230518-ID37-alphasma8OHdG-lungs-20x-8.czi,tissue,CELL_230518-ID37-alphasma8OHdG-lungs-20x-8.czi,Historical drive ingest 2026 (drive1_FRIO-X6); project / researcher / operator / subject decided per file before ingest (tasks/drives_ingest_dryrun_review.md). Claim: CONFIRMED.,bfdc584f40cc889dbeb690eb1e361f07c503b108f3945a2538acfe31f9eaa67d,CONFIRMED
drive1_FRIO-X6/Cell observer/Maria Jesus/230518-Alphasma-8ohdg-0522/230518-ID37-alphasma8OHdG-lungs-20x-Controlnegative.czi,AE-biomaGUNE-0522,Maria Jesus,,0522,37,230518-ID37-alphasma8OHdG-lungs-20x-Controlnegative.czi,tissue,CELL_230518-ID37-alphasma8OHdG-lungs-20x-Controlnegative.czi,Historical drive ingest 2026 (drive1_FRIO-X6); project / researcher / operator / subject decided per file before ingest (tasks/drives_ingest_dryrun_review.md). Claim: CONFIRMED.,a49749e8c73d46e3c764645c256652b8f4316ae73a65fdd2d7559726b47e3a26,CONFIRMED
drive1_FRIO-X6/Cell observer/Maria Jesus/230518-Alphasma-8ohdg-0522/230518-ID38-alphasma8OHdG-lungs-20x-1.czi,AE-biomaGUNE-0522,Maria Jesus,,0522,38,230518-ID38-alphasma8OHdG-lungs-20x-1.czi,tissue,CELL_230518-ID38-alphasma8OHdG-lungs-20x-1.czi,Historical drive ingest 2026 (drive1_FRIO-X6); project / researcher / operator / subject decided per file before ingest (tasks/drives_ingest_dryrun_review.md). Claim: CONFIRMED.,c592f3fd4c5ca813d92ded2359467d286b225df76f1d62060ecae44a22e0bcc5,CONFIRMED
drive1_FRIO-X6/Cell observer/Maria Jesus/230518-Alphasma-8ohdg-0522/230518-ID38-alphasma8OHdG-lungs-20x-10.czi,AE-biomaGUNE-0522,Maria Jesus,,0522,38,230518-ID38-alphasma8OHdG-lungs-20x-10.czi,tissue,CELL_230518-ID38-alphasma8OHdG-lungs-20x-10.czi,Historical drive ingest 2026 (drive1_FRIO-X6); project / researcher / operator / subject decided per file before ingest (tasks/drives_ingest_dryrun_review.md). Claim: CONFIRMED.,74bf86d79686c388e11971aa7364673a14af6e8740c4822fd23a7330b8eb7057,CONFIRMED
drive1_FRIO-X6/Cell observer/Maria Jesus/230518-Alphasma-8ohdg-0522/230518-ID38-alphasma8OHdG-lungs-20x-2.czi,AE-biomaGUNE-0522,Maria Jesus,,0522,38,230518-ID38-alphasma8OHdG-lungs-20x-2.czi,tissue,CELL_230518-ID38-alphasma8OHdG-lungs-20x-2.czi,Historical drive ingest 2026 (drive1_FRIO-X6); project / researcher / operator / subject decided per file before ingest (tasks/drives_ingest_dryrun_review.md). Claim: CONFIRMED.,785d67ccf85715ab27116cff582bcc378d466d89aeda5ccdbdb891b08d5592d4,CONFIRMED
drive1_FRIO-X6/Cell observer/Maria Jesus/230518-Alphasma-8ohdg-0522/230518-ID38-alphasma8OHdG-lungs-20x-3.czi,AE-biomaGUNE-0522,Maria Jesus,,0522,38,230518-ID38-alphasma8OHdG-lungs-20x-3.czi,tissue,CELL_230518-ID38-alphasma8OHdG-lungs-20x-3.czi,Historical drive ingest 2026 (drive1_FRIO-X6); project / researcher / operator / subject decided per file before ingest (tasks/drives_ingest_dryrun_review.md). Claim: CONFIRMED.,33ec3ffce069affe1061173e8ffa9400e8d25b29deee83175b3303f46dcf4ff9,CONFIRMED
drive1_FRIO-X6/Cell observer/Maria Jesus/230518-Alphasma-8ohdg-0522/230518-ID38-alphasma8OHdG-lungs-20x-4.czi,AE-biomaGUNE-0522,Maria Jesus,,0522,38,230518-ID38-alphasma8OHdG-lungs-20x-4.czi,tissue,CELL_230518-ID38-alphasma8OHdG-lungs-20x-4.czi,Historical drive ingest 2026 (drive1_FRIO-X6); project / researcher / operator / subject decided per file before ingest (tasks/drives_ingest_dryrun_review.md). Claim: CONFIRMED.,bf60a3ac121253f5dbcece98985e2df7e7cfee2967708da42b35c2faab7472bc,CONFIRMED
drive1_FRIO-X6/Cell observer/Maria Jesus/230518-Alphasma-8ohdg-0522/230518-ID38-alphasma8OHdG-lungs-20x-5.czi,AE-biomaGUNE-0522,Maria Jesus,,0522,38,230518-ID38-alphasma8OHdG-lungs-20x-5.czi,tissue,CELL_230518-ID38-alphasma8OHdG-lungs-20x-5.czi,Historical drive ingest 2026 (drive1_FRIO-X6); project / researcher / operator / subject decided per file before ingest (tasks/drives_ingest_dryrun_review.md). Claim: CONFIRMED.,f30f0532717bfed9f78022c4e37a9231d4c6f62602a16c4cd2957fabc16a8bdb,CONFIRMED
drive1_FRIO-X6/Cell observer/Maria Jesus/230518-Alphasma-8ohdg-0522/230518-ID38-alphasma8OHdG-lungs-20x-7.czi,AE-biomaGUNE-0522,Maria Jesus,,0522,38,230518-ID38-alphasma8OHdG-lungs-20x-7.czi,tissue,CELL_230518-ID38-alphasma8OHdG-lungs-20x-7.czi,Historical drive ingest 2026 (drive1_FRIO-X6); project / researcher / operator / subject decided per file before ingest (tasks/drives_ingest_dryrun_review.md). Claim: CONFIRMED.,d701569972053fdb44308bb0f9cf9f6c7efe012e85477f5db8db08ff2f7de1c1,CONFIRMED
drive1_FRIO-X6/Cell observer/Maria Jesus/230518-Alphasma-8ohdg-0522/230518-ID38-alphasma8OHdG-lungs-20x-8.czi,AE-biomaGUNE-0522,Maria Jesus,,0522,38,230518-ID38-alphasma8OHdG-lungs-20x-8.czi,tissue,CELL_230518-ID38-alphasma8OHdG-lungs-20x-8.czi,Historical drive ingest 2026 (drive1_FRIO-X6); project / researcher / operator / subject decided per file before ingest (tasks/drives_ingest_dryrun_review.md). Claim: CONFIRMED.,127c0d24b73185e9df7ec7c49e8455cc5148cbc72a1d3237f5c7ce0e94f2dd14,CONFIRMED
drive1_FRIO-X6/Cell observer/Maria Jesus/230518-Alphasma-8ohdg-0522/230518-ID38-alphasma8OHdG-lungs-20x-9.czi,AE-biomaGUNE-0522,Maria Jesus,,0522,38,230518-ID38-alphasma8OHdG-lungs-20x-9.czi,tissue,CELL_230518-ID38-alphasma8OHdG-lungs-20x-9.czi,Historical drive ingest 2026 (drive1_FRIO-X6); project / researcher / operator / subject decided per file before ingest (tasks/drives_ingest_dryrun_review.md). Claim: CONFIRMED.,f74fa751065c7e5bf48d79b371b1dc576888ecf2bfbfaaae44edf66ae9c5f900,CONFIRMED
drive1_FRIO-X6/Cell observer/Maria Jesus/230518-Alphasma-8ohdg-0522/230518-ID38-alphasma8OHdG-lungs-20x-Controlnegative.czi,AE-biomaGUNE-0522,Maria Jesus,,0522,38,230518-ID38-alphasma8OHdG-lungs-20x-Controlnegative.czi,tissue,CELL_230518-ID38-alphasma8OHdG-lungs-20x-Controlnegative.czi,Historical drive ingest 2026 (drive1_FRIO-X6); project / researcher / operator / subject decided per file before ingest (tasks/drives_ingest_dryrun_review.md). Claim: CONFIRMED.,b8e9a0944ace8415e647baa2867b657b86a53e2b5e8ba2d3bd6449f47a0a38e2,CONFIRMED
drive1_FRIO-X6/Cell observer/Maria Jesus/230518-Alphasma-8ohdg-0522/230519-ID18-alphasma8OHdG-lungs-20x-1.czi,AE-biomaGUNE-0522,Maria Jesus,,0522,18,230519-ID18-alphasma8OHdG-lungs-20x-1.czi,tissue,CELL_230519-ID18-alphasma8OHdG-lungs-20x-1.czi,Historical drive ingest 2026 (drive1_FRIO-X6); project / researcher / operator / subject decided per file before ingest (tasks/drives_ingest_dryrun_review.md). Claim: CONFIRMED.,b9e8530046bf4a86fa79ce2889b19e78da55f7dadcbf290a61028ea76ee1fcab,CONFIRMED
drive1_FRIO-X6/Cell observer/Maria Jesus/230518-Alphasma-8ohdg-0522/230519-ID18-alphasma8OHdG-lungs-20x-10.czi,AE-biomaGUNE-0522,Maria Jesus,,0522,18,230519-ID18-alphasma8OHdG-lungs-20x-10.czi,tissue,CELL_230519-ID18-alphasma8OHdG-lungs-20x-10.czi,Historical drive ingest 2026 (drive1_FRIO-X6); project / researcher / operator / subject decided per file before ingest (tasks/drives_ingest_dryrun_review.md). Claim: CONFIRMED.,d2e8047dd915529a54a382ef32471a930df783697218c0dcde2ebea2c51a8f4b,CONFIRMED
drive1_FRIO-X6/Cell observer/Maria Jesus/230518-Alphasma-8ohdg-0522/230519-ID18-alphasma8OHdG-lungs-20x-2.czi,AE-biomaGUNE-0522,Maria Jesus,,0522,18,230519-ID18-alphasma8OHdG-lungs-20x-2.czi,tissue,CELL_230519-ID18-alphasma8OHdG-lungs-20x-2.czi,Historical drive ingest 2026 (drive1_FRIO-X6); project / researcher / operator / subject decided per file before ingest (tasks/drives_ingest_dryrun_review.md). Claim: CONFIRMED.,4d11523ac16903f4750de6a930f4700e2fa6eae6edb5fffd4a954c368399e5e4,CONFIRMED
drive1_FRIO-X6/Cell observer/Maria Jesus/230518-Alphasma-8ohdg-0522/230519-ID18-alphasma8OHdG-lungs-20x-3.czi,AE-biomaGUNE-0522,Maria Jesus,,0522,18,230519-ID18-alphasma8OHdG-lungs-20x-3.czi,tissue,CELL_230519-ID18-alphasma8OHdG-lungs-20x-3.czi,Historical drive ingest 2026 (drive1_FRIO-X6); project / researcher / operator / subject decided per file before ingest (tasks/drives_ingest_dryrun_review.md). Claim: CONFIRMED.,81abf50ceb56f5ff76b26423787c6a66cd5c9046cd7b8b26edd07ebf13c70071,CONFIRMED
drive1_FRIO-X6/Cell observer/Maria Jesus/230518-Alphasma-8ohdg-0522/230519-ID18-alphasma8OHdG-lungs-20x-4.czi,AE-biomaGUNE-0522,Maria Jesus,,0522,18,230519-ID18-alphasma8OHdG-lungs-20x-4.czi,tissue,CELL_230519-ID18-alphasma8OHdG-lungs-20x-4.czi,Historical drive ingest 2026 (drive1_FRIO-X6); project / researcher / operator / subject decided per file before ingest (tasks/drives_ingest_dryrun_review.md). Claim: CONFIRMED.,93995dfac79ec5ba6cf1165e324e0f94ab6f45c8a220bdada8d7993a81a85a61,CONFIRMED
drive1_FRIO-X6/Cell observer/Maria Jesus/230518-Alphasma-8ohdg-0522/230519-ID18-alphasma8OHdG-lungs-20x-5.czi,AE-biomaGUNE-0522,Maria Jesus,,0522,18,230519-ID18-alphasma8OHdG-lungs-20x-5.czi,tissue,CELL_230519-ID18-alphasma8OHdG-lungs-20x-5.czi,Historical drive ingest 2026 (drive1_FRIO-X6); project / researcher / operator / subject decided per file before ingest (tasks/drives_ingest_dryrun_review.md). Claim: CONFIRMED.,8000ed28d5338d837ec353734e3e5c72f52169ea44545bc64d773ccccda05abd,CONFIRMED
drive1_FRIO-X6/Cell observer/Maria Jesus/230518-Alphasma-8ohdg-0522/230519-ID18-alphasma8OHdG-lungs-20x-6.czi,AE-biomaGUNE-0522,Maria Jesus,,0522,18,230519-ID18-alphasma8OHdG-lungs-20x-6.czi,tissue,CELL_230519-ID18-alphasma8OHdG-lungs-20x-6.czi,Historical drive ingest 2026 (drive1_FRIO-X6); project / researcher / operator / subject decided per file before ingest (tasks/drives_ingest_dryrun_review.md). Claim: CONFIRMED.,38b79b948aecee342e4dfebe2ab80280d08bd7b49ca8855f35c85a068cd52056,CONFIRMED
drive1_FRIO-X6/Cell observer/Maria Jesus/230518-Alphasma-8ohdg-0522/230519-ID18-alphasma8OHdG-lungs-20x-7.czi,AE-biomaGUNE-0522,Maria Jesus,,0522,18,230519-ID18-alphasma8OHdG-lungs-20x-7.czi,tissue,CELL_230519-ID18-alphasma8OHdG-lungs-20x-7.czi,Historical drive ingest 2026 (drive1_FRIO-X6); project / researcher / operator / subject decided per file before ingest (tasks/drives_ingest_dryrun_review.md). Claim: CONFIRMED.,c314e1baa7b4c9dc6fa9dcdea3897b26dac5ec229f073a12951e2684c8798878,CONFIRMED
drive1_FRIO-X6/Cell observer/Maria Jesus/230518-Alphasma-8ohdg-0522/230519-ID18-alphasma8OHdG-lungs-20x-8.czi,AE-biomaGUNE-0522,Maria Jesus,,0522,18,230519-ID18-alphasma8OHdG-lungs-20x-8.czi,tissue,CELL_230519-ID18-alphasma8OHdG-lungs-20x-8.czi,Historical drive ingest 2026 (drive1_FRIO-X6); project / researcher / operator / subject decided per file before ingest (tasks/drives_ingest_dryrun_review.md). Claim: CONFIRMED.,bc0ba97a4445f52b81426814153542f0b193e3adbb78d463c941bb3f22d0418a,CONFIRMED
drive1_FRIO-X6/Cell observer/Maria Jesus/230518-Alphasma-8ohdg-0522/230519-ID18-alphasma8OHdG-lungs-20x-9.czi,AE-biomaGUNE-0522,Maria Jesus,,0522,18,230519-ID18-alphasma8OHdG-lungs-20x-9.czi,tissue,CELL_230519-ID18-alphasma8OHdG-lungs-20x-9.czi,Historical drive ingest 2026 (drive1_FRIO-X6); project / researcher / operator / subject decided per file before ingest (tasks/drives_ingest_dryrun_review.md). Claim: CONFIRMED.,65e9396fb2f266bb5650b027713108bf17160084a907b7c90086d6848e516a4e,CONFIRMED
drive1_FRIO-X6/Cell observer/Maria Jesus/230518-Alphasma-8ohdg-0522/230519-ID18-alphasma8OHdG-lungs-20x-Controlnegative.czi,AE-biomaGUNE-0522,Maria Jesus,,0522,18,230519-ID18-alphasma8OHdG-lungs-20x-Controlnegative.czi,tissue,CELL_230519-ID18-alphasma8OHdG-lungs-20x-Controlnegative.czi,Historical drive ingest 2026 (drive1_FRIO-X6); project / researcher / operator / subject decided per file before ingest (tasks/drives_ingest_dryrun_review.md). Claim: CONFIRMED.,3f259d5cbfb259ef0ae7e3542580bd2ae726f6a0366b035f80d31ca4ed8541f2,CONFIRMED
drive1_FRIO-X6/Cell observer/Maria Jesus/230518-Alphasma-8ohdg-0522/230519-ID19-alphasma8OHdG-lungs-20x-1.czi,AE-biomaGUNE-0522,Maria Jesus,,0522,19,230519-ID19-alphasma8OHdG-lungs-20x-1.czi,tissue,CELL_230519-ID19-alphasma8OHdG-lungs-20x-1.czi,Historical drive ingest 2026 (drive1_FRIO-X6); project / researcher / operator / subject decided per file before ingest (tasks/drives_ingest_dryrun_review.md). Claim: CONFIRMED.,93f08d2aef2ab544e5e8fa3d619ca21436af9690b980bbc25ad24283a252e73d,CONFIRMED
drive1_FRIO-X6/Cell observer/Maria Jesus/230518-Alphasma-8ohdg-0522/230519-ID19-alphasma8OHdG-lungs-20x-2.czi,AE-biomaGUNE-0522,Maria Jesus,,0522,19,230519-ID19-alphasma8OHdG-lungs-20x-2.czi,tissue,CELL_230519-ID19-alphasma8OHdG-lungs-20x-2.czi,Historical drive ingest 2026 (drive1_FRIO-X6); project / researcher / operator / subject decided per file before ingest (tasks/drives_ingest_dryrun_review.md). Claim: CONFIRMED.,4d38fbd29bbfae6de3cf33786c4dfc953dde4a8848b4edde28b806faa09b2d1f,CONFIRMED
drive1_FRIO-X6/Cell observer/Maria Jesus/230518-Alphasma-8ohdg-0522/230519-ID19-alphasma8OHdG-lungs-20x-3.czi,AE-biomaGUNE-0522,Maria Jesus,,0522,19,230519-ID19-alphasma8OHdG-lungs-20x-3.czi,tissue,CELL_230519-ID19-alphasma8OHdG-lungs-20x-3.czi,Historical drive ingest 2026 (drive1_FRIO-X6); project / researcher / operator / subject decided per file before ingest (tasks/drives_ingest_dryrun_review.md). Claim: CONFIRMED.,aec343cd4957b3cf657f4b355687a8efac7d1ef6141692fe0ea568e35582d5b4,CONFIRMED
drive1_FRIO-X6/Cell observer/Maria Jesus/230518-Alphasma-8ohdg-0522/230519-ID19-alphasma8OHdG-lungs-20x-4.czi,AE-biomaGUNE-0522,Maria Jesus,,0522,19,230519-ID19-alphasma8OHdG-lungs-20x-4.czi,tissue,CELL_230519-ID19-alphasma8OHdG-lungs-20x-4.czi,Historical drive ingest 2026 (drive1_FRIO-X6); project / researcher / operator / subject decided per file before ingest (tasks/drives_ingest_dryrun_review.md). Claim: CONFIRMED.,870834b14427ebefa72b2640d806d6483209b59704191d3f12836fff5586fdad,CONFIRMED
drive1_FRIO-X6/Cell observer/Maria Jesus/230518-Alphasma-8ohdg-0522/230519-ID19-alphasma8OHdG-lungs-20x-5.czi,AE-biomaGUNE-0522,Maria Jesus,,0522,19,230519-ID19-alphasma8OHdG-lungs-20x-5.czi,tissue,CELL_230519-ID19-alphasma8OHdG-lungs-20x-5.czi,Historical drive ingest 2026 (drive1_FRIO-X6); project / researcher / operator / subject decided per file before ingest (tasks/drives_ingest_dryrun_review.md). Claim: CONFIRMED.,8ff2063768bb6538d01ff90eeda8048cb1412bc1d1d4d77d49263cbca1066d95,CONFIRMED
drive1_FRIO-X6/Cell observer/Maria Jesus/230518-Alphasma-8ohdg-0522/230519-ID19-alphasma8OHdG-lungs-20x-6.czi,AE-biomaGUNE-0522,Maria Jesus,,0522,19,230519-ID19-alphasma8OHdG-lungs-20x-6.czi,tissue,CELL_230519-ID19-alphasma8OHdG-lungs-20x-6.czi,Historical drive ingest 2026 (drive1_FRIO-X6); project / researcher / operator / subject decided per file before ingest (tasks/drives_ingest_dryrun_review.md). Claim: CONFIRMED.,41de5d6ad764162d576f43ef745956976acefbf8e7add9f734f89596a41f4e82,CONFIRMED
drive1_FRIO-X6/Cell observer/Maria Jesus/230518-Alphasma-8ohdg-0522/230519-ID19-alphasma8OHdG-lungs-20x-7.czi,AE-biomaGUNE-0522,Maria Jesus,,0522,19,230519-ID19-alphasma8OHdG-lungs-20x-7.czi,tissue,CELL_230519-ID19-alphasma8OHdG-lungs-20x-7.czi,Historical drive ingest 2026 (drive1_FRIO-X6); project / researcher / operator / subject decided per file before ingest (tasks/drives_ingest_dryrun_review.md). Claim: CONFIRMED.,6d43b5f08ba83560cbcd85047b5ffcb63cfc32814a064d2499ac9384c782b0da,CONFIRMED
drive1_FRIO-X6/Cell observer/Maria Jesus/230518-Alphasma-8ohdg-0522/230519-ID19-alphasma8OHdG-lungs-20x-8.czi,AE-biomaGUNE-0522,Maria Jesus,,0522,19,230519-ID19-alphasma8OHdG-lungs-20x-8.czi,tissue,CELL_230519-ID19-alphasma8OHdG-lungs-20x-8.czi,Historical drive ingest 2026 (drive1_FRIO-X6); project / researcher / operator / subject decided per file before ingest (tasks/drives_ingest_dryrun_review.md). Claim: CONFIRMED.,bdfc9ba4e64540e374c7a29cd9ab5e210f4a9e9044c8cd3d1739671440d831b8,CONFIRMED
drive1_FRIO-X6/Cell observer/Maria Jesus/230518-Alphasma-8ohdg-0522/230519-ID19-alphasma8OHdG-lungs-20x-9.czi,AE-biomaGUNE-0522,Maria Jesus,,0522,19,230519-ID19-alphasma8OHdG-lungs-20x-9.czi,tissue,CELL_230519-ID19-alphasma8OHdG-lungs-20x-9.czi,Historical drive ingest 2026 (drive1_FRIO-X6); project / researcher / operator / subject decided per file before ingest (tasks/drives_ingest_dryrun_review.md). Claim: CONFIRMED.,9a8ef4691b908ee57742540ceee25bb9da431051b316e670f7566f195f5b9ea1,CONFIRMED
drive1_FRIO-X6/Cell observer/Maria Jesus/230518-Alphasma-8ohdg-0522/230519-ID19-alphasma8OHdG-lungs-20x-Controlnegative.czi,AE-biomaGUNE-0522,Maria Jesus,,0522,19,230519-ID19-alphasma8OHdG-lungs-20x-Controlnegative.czi,tissue,CELL_230519-ID19-alphasma8OHdG-lungs-20x-Controlnegative.czi,Historical drive ingest 2026 (drive1_FRIO-X6); project / researcher / operator / subject decided per file before ingest (tasks/drives_ingest_dryrun_review.md). Claim: CONFIRMED.,52341b3f05a8a1c9418c609aec63a55ee524f6ea78ddfb1b7714cbb54ecf3a5b,CONFIRMED
drive1_FRIO-X6/Cell observer/Maria Jesus/230518-Alphasma-8ohdg-0522/230519-ID19-alphasma8OHdG-lungs-20x-Controlnegative_2.czi,AE-biomaGUNE-0522,Maria Jesus,,0522,19,230519-ID19-alphasma8OHdG-lungs-20x-Controlnegative_2.czi,tissue,CELL_230519-ID19-alphasma8OHdG-lungs-20x-Controlnegative_2.czi,Historical drive ingest 2026 (drive1_FRIO-X6); project / researcher / operator / subject decided per file before ingest (tasks/drives_ingest_dryrun_review.md). Claim: CONFIRMED.,78d8d7b842039a742000426566e8b1b9bdc63e02123aac77d3c764f8223f615e,CONFIRMED
drive1_FRIO-X6/Cell observer/Maria Jesus/230518-Alphasma-8ohdg-0522/230519-ID22-alphasma8OHdG-lungs-20x-1.czi,AE-biomaGUNE-0522,Maria Jesus,,0522,22,230519-ID22-alphasma8OHdG-lungs-20x-1.czi,tissue,CELL_230519-ID22-alphasma8OHdG-lungs-20x-1.czi,Historical drive ingest 2026 (drive1_FRIO-X6); project / researcher / operator / subject decided per file before ingest (tasks/drives_ingest_dryrun_review.md). Claim: CONFIRMED.,f4efb8babbbb4325cd7a44dc14345145145724c780cb6d11860e6f5b414d8a98,CONFIRMED
drive1_FRIO-X6/Cell observer/Maria Jesus/230518-Alphasma-8ohdg-0522/230519-ID22-alphasma8OHdG-lungs-20x-2.czi,AE-biomaGUNE-0522,Maria Jesus,,0522,22,230519-ID22-alphasma8OHdG-lungs-20x-2.czi,tissue,CELL_230519-ID22-alphasma8OHdG-lungs-20x-2.czi,Historical drive ingest 2026 (drive1_FRIO-X6); project / researcher / operator / subject decided per file before ingest (tasks/drives_ingest_dryrun_review.md). Claim: CONFIRMED.,91493cf3a7a7d6afb762d85abc493fcd385f7ed7867105d9757021c410ca4734,CONFIRMED
drive1_FRIO-X6/Cell observer/Maria Jesus/230518-Alphasma-8ohdg-0522/230519-ID22-alphasma8OHdG-lungs-20x-3.czi,AE-biomaGUNE-0522,Maria Jesus,,0522,22,230519-ID22-alphasma8OHdG-lungs-20x-3.czi,tissue,CELL_230519-ID22-alphasma8OHdG-lungs-20x-3.czi,Historical drive ingest 2026 (drive1_FRIO-X6); project / researcher / operator / subject decided per file before ingest (tasks/drives_ingest_dryrun_review.md). Claim: CONFIRMED.,d058057407f47c0de1b1a36b1cf15a9f5d59f67158e182f60ce922791f80b61c,CONFIRMED
drive1_FRIO-X6/Cell observer/Maria Jesus/230518-Alphasma-8ohdg-0522/230519-ID22-alphasma8OHdG-lungs-20x-4.czi,AE-biomaGUNE-0522,Maria Jesus,,0522,22,230519-ID22-alphasma8OHdG-lungs-20x-4.czi,tissue,CELL_230519-ID22-alphasma8OHdG-lungs-20x-4.czi,Historical drive ingest 2026 (drive1_FRIO-X6); project / researcher / operator / subject decided per file before ingest (tasks/drives_ingest_dryrun_review.md). Claim: CONFIRMED.,367a027a31122f14b4197e5c8c3022df595a79b62aafcf3253fa34e457a01314,CONFIRMED
drive1_FRIO-X6/Cell observer/Maria Jesus/230518-Alphasma-8ohdg-0522/230519-ID22-alphasma8OHdG-lungs-20x-5.czi,AE-biomaGUNE-0522,Maria Jesus,,0522,22,230519-ID22-alphasma8OHdG-lungs-20x-5.czi,tissue,CELL_230519-ID22-alphasma8OHdG-lungs-20x-5.czi,Historical drive ingest 2026 (drive1_FRIO-X6); project / researcher / operator / subject decided per file before ingest (tasks/drives_ingest_dryrun_review.md). Claim: CONFIRMED.,c5eb0326fe058d24ed0dbd5d209b4c5fe24b1d7c625fd38f722af1b6ec8e67a8,CONFIRMED
drive1_FRIO-X6/Cell observer/Maria Jesus/230518-Alphasma-8ohdg-0522/230519-ID22-alphasma8OHdG-lungs-20x-6.czi,AE-biomaGUNE-0522,Maria Jesus,,0522,22,230519-ID22-alphasma8OHdG-lungs-20x-6.czi,tissue,CELL_230519-ID22-alphasma8OHdG-lungs-20x-6.czi,Historical drive ingest 2026 (drive1_FRIO-X6); project / researcher / operator / subject decided per file before ingest (tasks/drives_ingest_dryrun_review.md). Claim: CONFIRMED.,0da9d21ba25c078312d462ef87748221e603ca36f58570ffe56bfed25ad2487c,CONFIRMED
drive1_FRIO-X6/Cell observer/Maria Jesus/230518-Alphasma-8ohdg-0522/230519-ID22-alphasma8OHdG-lungs-20x-7.czi,AE-biomaGUNE-0522,Maria Jesus,,0522,22,230519-ID22-alphasma8OHdG-lungs-20x-7.czi,tissue,CELL_230519-ID22-alphasma8OHdG-lungs-20x-7.czi,Historical drive ingest 2026 (drive1_FRIO-X6); project / researcher / operator / subject decided per file before ingest (tasks/drives_ingest_dryrun_review.md). Claim: CONFIRMED.,d93be95b80b784c8d25712abffdb529586a1269b74a6c45d37759f975848c308,CONFIRMED
drive1_FRIO-X6/Cell observer/Maria Jesus/230518-Alphasma-8ohdg-0522/230519-ID22-alphasma8OHdG-lungs-20x-8.czi,AE-biomaGUNE-0522,Maria Jesus,,0522,22,230519-ID22-alphasma8OHdG-lungs-20x-8.czi,tissue,CELL_230519-ID22-alphasma8OHdG-lungs-20x-8.czi,Historical drive ingest 2026 (drive1_FRIO-X6); project / researcher / operator / subject decided per file before ingest (tasks/drives_ingest_dryrun_review.md). Claim: CONFIRMED.,db45fe5ae7d7dbb068ed901442472ac4f8fb040cd8a8a2964c1e47925ae46a2d,CONFIRMED
drive1_FRIO-X6/Cell observer/Maria Jesus/230518-Alphasma-8ohdg-0522/230519-ID22-alphasma8OHdG-lungs-20x-9.czi,AE-biomaGUNE-0522,Maria Jesus,,0522,22,230519-ID22-alphasma8OHdG-lungs-20x-9.czi,tissue,CELL_230519-ID22-alphasma8OHdG-lungs-20x-9.czi,Historical drive ingest 2026 (drive1_FRIO-X6); project / researcher / operator / subject decided per file before ingest (tasks/drives_ingest_dryrun_review.md). Claim: CONFIRMED.,2ed4f9d397fbd648579b72d74323ecbb8a0dcbe4effc1aa19b98b121f9ef9ac4,CONFIRMED
drive1_FRIO-X6/Cell observer/Maria Jesus/230518-Alphasma-8ohdg-0522/230519-ID22-alphasma8OHdG-lungs-20x-Controlnegative.czi,AE-biomaGUNE-0522,Maria Jesus,,0522,22,230519-ID22-alphasma8OHdG-lungs-20x-Controlnegative.czi,tissue,CELL_230519-ID22-alphasma8OHdG-lungs-20x-Controlnegative.czi,Historical drive ingest 2026 (drive1_FRIO-X6); project / researcher / operator / subject decided per file before ingest (tasks/drives_ingest_dryrun_review.md). Claim: CONFIRMED.,f50eb039b26f14f8e557dffb05f56cdd855bb3e9d74c6c5086b4c3ba06895ab0,CONFIRMED
drive1_FRIO-X6/Cell observer/Maria Jesus/230518-Alphasma-8ohdg-0522/230519-ID23-alphasma8OHdG-lungs-20x-1.czi,AE-biomaGUNE-0522,Maria Jesus,,0522,23,230519-ID23-alphasma8OHdG-lungs-20x-1.czi,tissue,CELL_230519-ID23-alphasma8OHdG-lungs-20x-1.czi,Historical drive ingest 2026 (drive1_FRIO-X6); project / researcher / operator / subject decided per file before ingest (tasks/drives_ingest_dryrun_review.md). Claim: CONFIRMED.,5abf05b5f8e2361b640ff4964bc084da3190d7664f8605f9f90e184fdcfbd6f7,CONFIRMED
drive1_FRIO-X6/Cell observer/Maria Jesus/230518-Alphasma-8ohdg-0522/230519-ID23-alphasma8OHdG-lungs-20x-2.czi,AE-biomaGUNE-0522,Maria Jesus,,0522,23,230519-ID23-alphasma8OHdG-lungs-20x-2.czi,tissue,CELL_230519-ID23-alphasma8OHdG-lungs-20x-2.czi,Historical drive ingest 2026 (drive1_FRIO-X6); project / researcher / operator / subject decided per file before ingest (tasks/drives_ingest_dryrun_review.md). Claim: CONFIRMED.,0fc36256a8876f5172072529481065019233bbea9d2c284a0fdf8254b7a876c7,CONFIRMED
drive1_FRIO-X6/Cell observer/Maria Jesus/230518-Alphasma-8ohdg-0522/230519-ID23-alphasma8OHdG-lungs-20x-3.czi,AE-biomaGUNE-0522,Maria Jesus,,0522,23,230519-ID23-alphasma8OHdG-lungs-20x-3.czi,tissue,CELL_230519-ID23-alphasma8OHdG-lungs-20x-3.czi,Historical drive ingest 2026 (drive1_FRIO-X6); project / researcher / operator / subject decided per file before ingest (tasks/drives_ingest_dryrun_review.md). Claim: CONFIRMED.,7cf4216038ba3340a97b1e6ff2cb185f3cb68e744401404385585bba947e899a,CONFIRMED
drive1_FRIO-X6/Cell observer/Maria Jesus/230518-Alphasma-8ohdg-0522/230519-ID23-alphasma8OHdG-lungs-20x-4.czi,AE-biomaGUNE-0522,Maria Jesus,,0522,23,230519-ID23-alphasma8OHdG-lungs-20x-4.czi,tissue,CELL_230519-ID23-alphasma8OHdG-lungs-20x-4.czi,Historical drive ingest 2026 (drive1_FRIO-X6); project / researcher / operator / subject decided per file before ingest (tasks/drives_ingest_dryrun_review.md). Claim: CONFIRMED.,b38da57e8b5268b617cc60af1a6dddc57a2e202cd228397da1b9f869086e82d9,CONFIRMED
drive1_FRIO-X6/Cell observer/Maria Jesus/230518-Alphasma-8ohdg-0522/230519-ID23-alphasma8OHdG-lungs-20x-5.czi,AE-biomaGUNE-0522,Maria Jesus,,0522,23,230519-ID23-alphasma8OHdG-lungs-20x-5.czi,tissue,CELL_230519-ID23-alphasma8OHdG-lungs-20x-5.czi,Historical drive ingest 2026 (drive1_FRIO-X6); project / researcher / operator / subject decided per file before ingest (tasks/drives_ingest_dryrun_review.md). Claim: CONFIRMED.,46c8076d65618a361b5c82aa7d03dddb9abaca8595d16a259a558e6412c4817a,CONFIRMED
drive1_FRIO-X6/Cell observer/Maria Jesus/230518-Alphasma-8ohdg-0522/230519-ID23-alphasma8OHdG-lungs-20x-6.czi,AE-biomaGUNE-0522,Maria Jesus,,0522,23,230519-ID23-alphasma8OHdG-lungs-20x-6.czi,tissue,CELL_230519-ID23-alphasma8OHdG-lungs-20x-6.czi,Historical drive ingest 2026 (drive1_FRIO-X6); project / researcher / operator / subject decided per file before ingest (tasks/drives_ingest_dryrun_review.md). Claim: CONFIRMED.,a23e1d104b8f562fab656e1205adb294f087dca0284d26839266370dd99c9e90,CONFIRMED
drive1_FRIO-X6/Cell observer/Maria Jesus/230518-Alphasma-8ohdg-0522/230519-ID23-alphasma8OHdG-lungs-20x-7.czi,AE-biomaGUNE-0522,Maria Jesus,,0522,23,230519-ID23-alphasma8OHdG-lungs-20x-7.czi,tissue,CELL_230519-ID23-alphasma8OHdG-lungs-20x-7.czi,Historical drive ingest 2026 (drive1_FRIO-X6); project / researcher / operator / subject decided per file before ingest (tasks/drives_ingest_dryrun_review.md). Claim: CONFIRMED.,5472827510c2c0f6b3a022e99bf98d4cf60d0aec352157f6b6ec9026a00b79c3,CONFIRMED
drive1_FRIO-X6/Cell observer/Maria Jesus/230518-Alphasma-8ohdg-0522/230519-ID23-alphasma8OHdG-lungs-20x-8.czi,AE-biomaGUNE-0522,Maria Jesus,,0522,23,230519-ID23-alphasma8OHdG-lungs-20x-8.czi,tissue,CELL_230519-ID23-alphasma8OHdG-lungs-20x-8.czi,Historical drive ingest 2026 (drive1_FRIO-X6); project / researcher / operator / subject decided per file before ingest (tasks/drives_ingest_dryrun_review.md). Claim: CONFIRMED.,0825e39c7b06cf587718378bf542f2e8b6d53ed1b19127a5fb14105b91358394,CONFIRMED
drive1_FRIO-X6/Cell observer/Maria Jesus/230518-Alphasma-8ohdg-0522/230519-ID23-alphasma8OHdG-lungs-20x-Controlnegative.czi,AE-biomaGUNE-0522,Maria Jesus,,0522,23,230519-ID23-alphasma8OHdG-lungs-20x-Controlnegative.czi,tissue,CELL_230519-ID23-alphasma8OHdG-lungs-20x-Controlnegative.czi,Historical drive ingest 2026 (drive1_FRIO-X6); project / researcher / operator / subject decided per file before ingest (tasks/drives_ingest_dryrun_review.md). Claim: CONFIRMED.,297c0d745652ef785ec9d55bea0b43d355f6953c6956215c7ad788e8c522c861,CONFIRMED
drive1_FRIO-X6/Cell observer/Maria Jesus/230518-Alphasma-8ohdg-0522/230519-ID23-alphasma8OHdG-lungs-20x-Controlnegative_2.czi,AE-biomaGUNE-0522,Maria Jesus,,0522,23,230519-ID23-alphasma8OHdG-lungs-20x-Controlnegative_2.czi,tissue,CELL_230519-ID23-alphasma8OHdG-lungs-20x-Controlnegative_2.czi,Historical drive ingest 2026 (drive1_FRIO-X6); project / researcher / operator / subject decided per file before ingest (tasks/drives_ingest_dryrun_review.md). Claim: CONFIRMED.,ea340fa5cad3351dc6f0834c1c79ad8d40fb52426aa61f0d29602070520283f9,CONFIRMED
drive1_FRIO-X6/Cell observer/Maria Jesus/230518-Alphasma-8ohdg-0522/230519-ID23-alphasma8OHdG-lungs-20x-Controlnegative_3.czi,AE-biomaGUNE-0522,Maria Jesus,,0522,23,230519-ID23-alphasma8OHdG-lungs-20x-Controlnegative_3.czi,tissue,CELL_230519-ID23-alphasma8OHdG-lungs-20x-Controlnegative_3.czi,Historical drive ingest 2026 (drive1_FRIO-X6); project / researcher / operator / subject decided per file before ingest (tasks/drives_ingest_dryrun_review.md). Claim: CONFIRMED.,f9cfcc69037167f4b1ed3c5c7599624cc2e1b0b18a03aa6510703cf3cb6030f8,CONFIRMED
drive1_FRIO-X6/Cell observer/Maria Jesus/230518-Alphasma-8ohdg-0522/230612-ID15-alphasma8OHdG-lungs-20x-1.czi,AE-biomaGUNE-0522,Maria Jesus,,0522,15,230612-ID15-alphasma8OHdG-lungs-20x-1.czi,tissue,CELL_230612-ID15-alphasma8OHdG-lungs-20x-1.czi,Historical drive ingest 2026 (drive1_FRIO-X6); project / researcher / operator / subject decided per file before ingest (tasks/drives_ingest_dryrun_review.md). Claim: CONFIRMED.,1917a94aa71ba51eb05b801fbb6b0719393637f6695238e36c292468d5c1e053,CONFIRMED
drive1_FRIO-X6/Cell observer/Maria Jesus/230518-Alphasma-8ohdg-0522/230612-ID15-alphasma8OHdG-lungs-20x-2.czi,AE-biomaGUNE-0522,Maria Jesus,,0522,15,230612-ID15-alphasma8OHdG-lungs-20x-2.czi,tissue,CELL_230612-ID15-alphasma8OHdG-lungs-20x-2.czi,Historical drive ingest 2026 (drive1_FRIO-X6); project / researcher / operator / subject decided per file before ingest (tasks/drives_ingest_dryrun_review.md). Claim: CONFIRMED.,9324fdab2b1b8dd61909f04c58733166851a1f84c57ce7930b02da41c20ed0fc,CONFIRMED
drive1_FRIO-X6/Cell observer/Maria Jesus/230518-Alphasma-8ohdg-0522/230612-ID15-alphasma8OHdG-lungs-20x-3.czi,AE-biomaGUNE-0522,Maria Jesus,,0522,15,230612-ID15-alphasma8OHdG-lungs-20x-3.czi,tissue,CELL_230612-ID15-alphasma8OHdG-lungs-20x-3.czi,Historical drive ingest 2026 (drive1_FRIO-X6); project / researcher / operator / subject decided per file before ingest (tasks/drives_ingest_dryrun_review.md). Claim: CONFIRMED.,d58e13a54f352ee4cbf2c182a9d7a444004a55eba083874b9d43df0103e7187c,CONFIRMED
drive1_FRIO-X6/Cell observer/Maria Jesus/230518-Alphasma-8ohdg-0522/230612-ID15-alphasma8OHdG-lungs-20x-4.czi,AE-biomaGUNE-0522,Maria Jesus,,0522,15,230612-ID15-alphasma8OHdG-lungs-20x-4.czi,tissue,CELL_230612-ID15-alphasma8OHdG-lungs-20x-4.czi,Historical drive ingest 2026 (drive1_FRIO-X6); project / researcher / operator / subject decided per file before ingest (tasks/drives_ingest_dryrun_review.md). Claim: CONFIRMED.,12687eb744a57002729b816469144e6a93b1c257bf6333f8e029b98ba1234818,CONFIRMED
drive1_FRIO-X6/Cell observer/Maria Jesus/230518-Alphasma-8ohdg-0522/230612-ID15-alphasma8OHdG-lungs-20x-5.czi,AE-biomaGUNE-0522,Maria Jesus,,0522,15,230612-ID15-alphasma8OHdG-lungs-20x-5.czi,tissue,CELL_230612-ID15-alphasma8OHdG-lungs-20x-5.czi,Historical drive ingest 2026 (drive1_FRIO-X6); project / researcher / operator / subject decided per file before ingest (tasks/drives_ingest_dryrun_review.md). Claim: CONFIRMED.,b3d9c4d72ec345bdc9247a50ac7e006bb1a9b9533338d7488da3712651fc929c,CONFIRMED
drive1_FRIO-X6/Cell observer/Maria Jesus/230518-Alphasma-8ohdg-0522/230612-ID15-alphasma8OHdG-lungs-20x-6.czi,AE-biomaGUNE-0522,Maria Jesus,,0522,15,230612-ID15-alphasma8OHdG-lungs-20x-6.czi,tissue,CELL_230612-ID15-alphasma8OHdG-lungs-20x-6.czi,Historical drive ingest 2026 (drive1_FRIO-X6); project / researcher / operator / subject decided per file before ingest (tasks/drives_ingest_dryrun_review.md). Claim: CONFIRMED.,af4c8448cb55970c67c610191189c9c7611341b5589a0e0dd65bee96797c8b70,CONFIRMED
drive1_FRIO-X6/Cell observer/Maria Jesus/230518-Alphasma-8ohdg-0522/230612-ID15-alphasma8OHdG-lungs-20x-7.czi,AE-biomaGUNE-0522,Maria Jesus,,0522,15,230612-ID15-alphasma8OHdG-lungs-20x-7.czi,tissue,CELL_230612-ID15-alphasma8OHdG-lungs-20x-7.czi,Historical drive ingest 2026 (drive1_FRIO-X6); project / researcher / operator / subject decided per file before ingest (tasks/drives_ingest_dryrun_review.md). Claim: CONFIRMED.,352061eb0bc29203135d76aad84c1a757f7322f040b484e2cb98f6c66b52bf8c,CONFIRMED
drive1_FRIO-X6/Cell observer/Maria Jesus/230518-Alphasma-8ohdg-0522/230612-ID15-alphasma8OHdG-lungs-20x-Controlnegative.czi,AE-biomaGUNE-0522,Maria Jesus,,0522,15,230612-ID15-alphasma8OHdG-lungs-20x-Controlnegative.czi,tissue,CELL_230612-ID15-alphasma8OHdG-lungs-20x-Controlnegative.czi,Historical drive ingest 2026 (drive1_FRIO-X6); project / researcher / operator / subject decided per file before ingest (tasks/drives_ingest_dryrun_review.md). Claim: CONFIRMED.,51b63655c8c9ee49d2afe555487a59c447a00523e5e63a0a1988d1fb6a896222,CONFIRMED
drive1_FRIO-X6/Cell observer/Maria Jesus/230518-Alphasma-8ohdg-0522/230612-ID16-alphasma8OHdG-lungs-20x-1.czi,AE-biomaGUNE-0522,Maria Jesus,,0522,16,230612-ID16-alphasma8OHdG-lungs-20x-1.czi,tissue,CELL_230612-ID16-alphasma8OHdG-lungs-20x-1.czi,Historical drive ingest 2026 (drive1_FRIO-X6); project / researcher / operator / subject decided per file before ingest (tasks/drives_ingest_dryrun_review.md). Claim: CONFIRMED.,c8b51cef61cb521c1b2475b558a83278594aa5803b6a29830c5a97831ec4f6cc,CONFIRMED
drive1_FRIO-X6/Cell observer/Maria Jesus/230518-Alphasma-8ohdg-0522/230612-ID16-alphasma8OHdG-lungs-20x-10.czi,AE-biomaGUNE-0522,Maria Jesus,,0522,16,230612-ID16-alphasma8OHdG-lungs-20x-10.czi,tissue,CELL_230612-ID16-alphasma8OHdG-lungs-20x-10.czi,Historical drive ingest 2026 (drive1_FRIO-X6); project / researcher / operator / subject decided per file before ingest (tasks/drives_ingest_dryrun_review.md). Claim: CONFIRMED.,43202d18f729b134f3ba7e7a49757067fa9af700908877ca10233be8203eabb6,CONFIRMED
drive1_FRIO-X6/Cell observer/Maria Jesus/230518-Alphasma-8ohdg-0522/230612-ID16-alphasma8OHdG-lungs-20x-11.czi,AE-biomaGUNE-0522,Maria Jesus,,0522,16,230612-ID16-alphasma8OHdG-lungs-20x-11.czi,tissue,CELL_230612-ID16-alphasma8OHdG-lungs-20x-11.czi,Historical drive ingest 2026 (drive1_FRIO-X6); project / researcher / operator / subject decided per file before ingest (tasks/drives_ingest_dryrun_review.md). Claim: CONFIRMED.,4e9b41795f265a7981a8c25c393f71a00d3ef52d0a0a20ac40a19df123087467,CONFIRMED
drive1_FRIO-X6/Cell observer/Maria Jesus/230518-Alphasma-8ohdg-0522/230612-ID16-alphasma8OHdG-lungs-20x-2.czi,AE-biomaGUNE-0522,Maria Jesus,,0522,16,230612-ID16-alphasma8OHdG-lungs-20x-2.czi,tissue,CELL_230612-ID16-alphasma8OHdG-lungs-20x-2.czi,Historical drive ingest 2026 (drive1_FRIO-X6); project / researcher / operator / subject decided per file before ingest (tasks/drives_ingest_dryrun_review.md). Claim: CONFIRMED.,84d89276c62e71c830e95e0512d4b69ab488c49e255cf8856b305cc20eb6ee64,CONFIRMED
drive1_FRIO-X6/Cell observer/Maria Jesus/230518-Alphasma-8ohdg-0522/230612-ID16-alphasma8OHdG-lungs-20x-3.czi,AE-biomaGUNE-0522,Maria Jesus,,0522,16,230612-ID16-alphasma8OHdG-lungs-20x-3.czi,tissue,CELL_230612-ID16-alphasma8OHdG-lungs-20x-3.czi,Historical drive ingest 2026 (drive1_FRIO-X6); project / researcher / operator / subject decided per file before ingest (tasks/drives_ingest_dryrun_review.md). Claim: CONFIRMED.,3e27578de267f16fa47683001dee102c567598698f4bfc7f8dee8fc0d0a03e36,CONFIRMED
drive1_FRIO-X6/Cell observer/Maria Jesus/230518-Alphasma-8ohdg-0522/230612-ID16-alphasma8OHdG-lungs-20x-4.czi,AE-biomaGUNE-0522,Maria Jesus,,0522,16,230612-ID16-alphasma8OHdG-lungs-20x-4.czi,tissue,CELL_230612-ID16-alphasma8OHdG-lungs-20x-4.czi,Historical drive ingest 2026 (drive1_FRIO-X6); project / researcher / operator / subject decided per file before ingest (tasks/drives_ingest_dryrun_review.md). Claim: CONFIRMED.,5b3d6b740c3c60e6256a0b3587f2c927c9fda968ffafe0c18ce695a1f559dad3,CONFIRMED
drive1_FRIO-X6/Cell observer/Maria Jesus/230518-Alphasma-8ohdg-0522/230612-ID16-alphasma8OHdG-lungs-20x-5.czi,AE-biomaGUNE-0522,Maria Jesus,,0522,16,230612-ID16-alphasma8OHdG-lungs-20x-5.czi,tissue,CELL_230612-ID16-alphasma8OHdG-lungs-20x-5.czi,Historical drive ingest 2026 (drive1_FRIO-X6); project / researcher / operator / subject decided per file before ingest (tasks/drives_ingest_dryrun_review.md). Claim: CONFIRMED.,7863ef5d345a7c5ded28678f64752f6cc5622af48e4f1e29ff23bed13b685e25,CONFIRMED
drive1_FRIO-X6/Cell observer/Maria Jesus/230518-Alphasma-8ohdg-0522/230612-ID16-alphasma8OHdG-lungs-20x-6.czi,AE-biomaGUNE-0522,Maria Jesus,,0522,16,230612-ID16-alphasma8OHdG-lungs-20x-6.czi,tissue,CELL_230612-ID16-alphasma8OHdG-lungs-20x-6.czi,Historical drive ingest 2026 (drive1_FRIO-X6); project / researcher / operator / subject decided per file before ingest (tasks/drives_ingest_dryrun_review.md). Claim: CONFIRMED.,38ddb15205654d925060834208685fc4f0352b25e0e827e1b1d2a0b00da8250f,CONFIRMED
drive1_FRIO-X6/Cell observer/Maria Jesus/230518-Alphasma-8ohdg-0522/230612-ID16-alphasma8OHdG-lungs-20x-7.czi,AE-biomaGUNE-0522,Maria Jesus,,0522,16,230612-ID16-alphasma8OHdG-lungs-20x-7.czi,tissue,CELL_230612-ID16-alphasma8OHdG-lungs-20x-7.czi,Historical drive ingest 2026 (drive1_FRIO-X6); project / researcher / operator / subject decided per file before ingest (tasks/drives_ingest_dryrun_review.md). Claim: CONFIRMED.,e62f5b650562b11e303dba25eba22fd857e215866b345940d4392b5eb0370afb,CONFIRMED
drive1_FRIO-X6/Cell observer/Maria Jesus/230518-Alphasma-8ohdg-0522/230612-ID16-alphasma8OHdG-lungs-20x-8.czi,AE-biomaGUNE-0522,Maria Jesus,,0522,16,230612-ID16-alphasma8OHdG-lungs-20x-8.czi,tissue,CELL_230612-ID16-alphasma8OHdG-lungs-20x-8.czi,Historical drive ingest 2026 (drive1_FRIO-X6); project / researcher / operator / subject decided per file before ingest (tasks/drives_ingest_dryrun_review.md). Claim: CONFIRMED.,941afb4f702e747c648c82d0cf6706fdea8deb969a791e1b0000a35b6748710f,CONFIRMED
drive1_FRIO-X6/Cell observer/Maria Jesus/230518-Alphasma-8ohdg-0522/230612-ID16-alphasma8OHdG-lungs-20x-9.czi,AE-biomaGUNE-0522,Maria Jesus,,0522,16,230612-ID16-alphasma8OHdG-lungs-20x-9.czi,tissue,CELL_230612-ID16-alphasma8OHdG-lungs-20x-9.czi,Historical drive ingest 2026 (drive1_FRIO-X6); project / researcher / operator / subject decided per file before ingest (tasks/drives_ingest_dryrun_review.md). Claim: CONFIRMED.,19d10427f122a17416080b22f6533da0a0dd17c86f6caa642bd74b411560cdcb,CONFIRMED
drive1_FRIO-X6/Cell observer/Maria Jesus/230518-Alphasma-8ohdg-0522/230612-ID16-alphasma8OHdG-lungs-20x-Controlnegative.czi,AE-biomaGUNE-0522,Maria Jesus,,0522,16,230612-ID16-alphasma8OHdG-lungs-20x-Controlnegative.czi,tissue,CELL_230612-ID16-alphasma8OHdG-lungs-20x-Controlnegative.czi,Historical drive ingest 2026 (drive1_FRIO-X6); project / researcher / operator / subject decided per file before ingest (tasks/drives_ingest_dryrun_review.md). Claim: CONFIRMED.,9f437a1907ab58d5ae54c0ca65abef76f169597bba3b36d2ddd1fd9838a25caa,CONFIRMED
drive1_FRIO-X6/Cell observer/Maria Jesus/230518-Alphasma-8ohdg-0522/230612-ID20-alphasma8OHdG-lungs-20x-1.czi,AE-biomaGUNE-0522,Maria Jesus,,0522,20,230612-ID20-alphasma8OHdG-lungs-20x-1.czi,tissue,CELL_230612-ID20-alphasma8OHdG-lungs-20x-1.czi,Historical drive ingest 2026 (drive1_FRIO-X6); project / researcher / operator / subject decided per file before ingest (tasks/drives_ingest_dryrun_review.md). Claim: CONFIRMED.,ca0be0ee4cd7ba6b377e3398b91b788c457b4376d095e1fd363dd78a18e9be0a,CONFIRMED
drive1_FRIO-X6/Cell observer/Maria Jesus/230518-Alphasma-8ohdg-0522/230612-ID20-alphasma8OHdG-lungs-20x-10.czi,AE-biomaGUNE-0522,Maria Jesus,,0522,20,230612-ID20-alphasma8OHdG-lungs-20x-10.czi,tissue,CELL_230612-ID20-alphasma8OHdG-lungs-20x-10.czi,Historical drive ingest 2026 (drive1_FRIO-X6); project / researcher / operator / subject decided per file before ingest (tasks/drives_ingest_dryrun_review.md). Claim: CONFIRMED.,fab0bc1fec8bbde102dcc7ddf50e80e796c1c3a59a862a5dd8c2cb62136d68fb,CONFIRMED
drive1_FRIO-X6/Cell observer/Maria Jesus/230518-Alphasma-8ohdg-0522/230612-ID20-alphasma8OHdG-lungs-20x-11.czi,AE-biomaGUNE-0522,Maria Jesus,,0522,20,230612-ID20-alphasma8OHdG-lungs-20x-11.czi,tissue,CELL_230612-ID20-alphasma8OHdG-lungs-20x-11.czi,Historical drive ingest 2026 (drive1_FRIO-X6); project / researcher / operator / subject decided per file before ingest (tasks/drives_ingest_dryrun_review.md). Claim: CONFIRMED.,664874bb7facc4b15db8f1816048bfcd979dcdbce40cef8ce5c75fd3ffca4ec0,CONFIRMED
drive1_FRIO-X6/Cell observer/Maria Jesus/230518-Alphasma-8ohdg-0522/230612-ID20-alphasma8OHdG-lungs-20x-12.czi,AE-biomaGUNE-0522,Maria Jesus,,0522,20,230612-ID20-alphasma8OHdG-lungs-20x-12.czi,tissue,CELL_230612-ID20-alphasma8OHdG-lungs-20x-12.czi,Historical drive ingest 2026 (drive1_FRIO-X6); project / researcher / operator / subject decided per file before ingest (tasks/drives_ingest_dryrun_review.md). Claim: CONFIRMED.,bb9f0eb7d8aa47bb4a37eff6c5a68ad0f0cf891eff17bd39df4521217a981771,CONFIRMED
drive1_FRIO-X6/Cell observer/Maria Jesus/230518-Alphasma-8ohdg-0522/230612-ID20-alphasma8OHdG-lungs-20x-2.czi,AE-biomaGUNE-0522,Maria Jesus,,0522,20,230612-ID20-alphasma8OHdG-lungs-20x-2.czi,tissue,CELL_230612-ID20-alphasma8OHdG-lungs-20x-2.czi,Historical drive ingest 2026 (drive1_FRIO-X6); project / researcher / operator / subject decided per file before ingest (tasks/drives_ingest_dryrun_review.md). Claim: CONFIRMED.,72703fccf22cd79e3ca9fca0e048104a1928e22cb2422cba4034987f1f0fd25a,CONFIRMED
drive1_FRIO-X6/Cell observer/Maria Jesus/230518-Alphasma-8ohdg-0522/230612-ID20-alphasma8OHdG-lungs-20x-3.czi,AE-biomaGUNE-0522,Maria Jesus,,0522,20,230612-ID20-alphasma8OHdG-lungs-20x-3.czi,tissue,CELL_230612-ID20-alphasma8OHdG-lungs-20x-3.czi,Historical drive ingest 2026 (drive1_FRIO-X6); project / researcher / operator / subject decided per file before ingest (tasks/drives_ingest_dryrun_review.md). Claim: CONFIRMED.,394b8f5917352d24b24c81379c5364d53fc9568c384bc6509d8cf6e2600d7d80,CONFIRMED
drive1_FRIO-X6/Cell observer/Maria Jesus/230518-Alphasma-8ohdg-0522/230612-ID20-alphasma8OHdG-lungs-20x-4.czi,AE-biomaGUNE-0522,Maria Jesus,,0522,20,230612-ID20-alphasma8OHdG-lungs-20x-4.czi,tissue,CELL_230612-ID20-alphasma8OHdG-lungs-20x-4.czi,Historical drive ingest 2026 (drive1_FRIO-X6); project / researcher / operator / subject decided per file before ingest (tasks/drives_ingest_dryrun_review.md). Claim: CONFIRMED.,3dd3bace225941b4c824c917f63287c355410448506dc0a3d3ffbad09fabb8ab,CONFIRMED
drive1_FRIO-X6/Cell observer/Maria Jesus/230518-Alphasma-8ohdg-0522/230612-ID20-alphasma8OHdG-lungs-20x-5.czi,AE-biomaGUNE-0522,Maria Jesus,,0522,20,230612-ID20-alphasma8OHdG-lungs-20x-5.czi,tissue,CELL_230612-ID20-alphasma8OHdG-lungs-20x-5.czi,Historical drive ingest 2026 (drive1_FRIO-X6); project / researcher / operator / subject decided per file before ingest (tasks/drives_ingest_dryrun_review.md). Claim: CONFIRMED.,f950a72f79f0d1565300522b089ed6d655a38bb0a3210cf1b4de65460a1a7e00,CONFIRMED
drive1_FRIO-X6/Cell observer/Maria Jesus/230518-Alphasma-8ohdg-0522/230612-ID20-alphasma8OHdG-lungs-20x-6.czi,AE-biomaGUNE-0522,Maria Jesus,,0522,20,230612-ID20-alphasma8OHdG-lungs-20x-6.czi,tissue,CELL_230612-ID20-alphasma8OHdG-lungs-20x-6.czi,Historical drive ingest 2026 (drive1_FRIO-X6); project / researcher / operator / subject decided per file before ingest (tasks/drives_ingest_dryrun_review.md). Claim: CONFIRMED.,4d52dd6ef13c7ee5de2731cf6ae04ed0490ddf7a0e1c66e18f45851f04602626,CONFIRMED
drive1_FRIO-X6/Cell observer/Maria Jesus/230518-Alphasma-8ohdg-0522/230612-ID20-alphasma8OHdG-lungs-20x-7.czi,AE-biomaGUNE-0522,Maria Jesus,,0522,20,230612-ID20-alphasma8OHdG-lungs-20x-7.czi,tissue,CELL_230612-ID20-alphasma8OHdG-lungs-20x-7.czi,Historical drive ingest 2026 (drive1_FRIO-X6); project / researcher / operator / subject decided per file before ingest (tasks/drives_ingest_dryrun_review.md). Claim: CONFIRMED.,76f4260d9343751274acc4507b4f9d4d30b5d2405f2a989f00632f54aae830a0,CONFIRMED
drive1_FRIO-X6/Cell observer/Maria Jesus/230518-Alphasma-8ohdg-0522/230612-ID20-alphasma8OHdG-lungs-20x-8.czi,AE-biomaGUNE-0522,Maria Jesus,,0522,20,230612-ID20-alphasma8OHdG-lungs-20x-8.czi,tissue,CELL_230612-ID20-alphasma8OHdG-lungs-20x-8.czi,Historical drive ingest 2026 (drive1_FRIO-X6); project / researcher / operator / subject decided per file before ingest (tasks/drives_ingest_dryrun_review.md). Claim: CONFIRMED.,93720aa1c3ec822cd44d924c92abb918bfd28557ec3bcb4b9c3ab21b4c168adb,CONFIRMED
drive1_FRIO-X6/Cell observer/Maria Jesus/230518-Alphasma-8ohdg-0522/230612-ID20-alphasma8OHdG-lungs-20x-9.czi,AE-biomaGUNE-0522,Maria Jesus,,0522,20,230612-ID20-alphasma8OHdG-lungs-20x-9.czi,tissue,CELL_230612-ID20-alphasma8OHdG-lungs-20x-9.czi,Historical drive ingest 2026 (drive1_FRIO-X6); project / researcher / operator / subject decided per file before ingest (tasks/drives_ingest_dryrun_review.md). Claim: CONFIRMED.,219ef2ba7415ed64f6e6518290ce9b91cdc80e82caec2d24191da290b0a17502,CONFIRMED
drive1_FRIO-X6/Cell observer/Maria Jesus/230518-Alphasma-8ohdg-0522/230612-ID20-alphasma8OHdG-lungs-20x-Controlnegative.czi,AE-biomaGUNE-0522,Maria Jesus,,0522,20,230612-ID20-alphasma8OHdG-lungs-20x-Controlnegative.czi,tissue,CELL_230612-ID20-alphasma8OHdG-lungs-20x-Controlnegative.czi,Historical drive ingest 2026 (drive1_FRIO-X6); project / researcher / operator / subject decided per file before ingest (tasks/drives_ingest_dryrun_review.md). Claim: CONFIRMED.,989d7c2a7371ee5e99a457215ba66344dbfc08cbeb741a2defd584d68719a40b,CONFIRMED
drive1_FRIO-X6/Cell observer/Maria Jesus/230518-Alphasma-8ohdg-0522/230612-ID21-alphasma8OHdG-lungs-20x-1.czi,AE-biomaGUNE-0522,Maria Jesus,,0522,21,230612-ID21-alphasma8OHdG-lungs-20x-1.czi,tissue,CELL_230612-ID21-alphasma8OHdG-lungs-20x-1.czi,Historical drive ingest 2026 (drive1_FRIO-X6); project / researcher / operator / subject decided per file before ingest (tasks/drives_ingest_dryrun_review.md). Claim: CONFIRMED.,e5b611352ed0666e27a9848f4bd7e62d7bde2e6877fd436e339c7afe2838a759,CONFIRMED
drive1_FRIO-X6/Cell observer/Maria Jesus/230518-Alphasma-8ohdg-0522/230612-ID21-alphasma8OHdG-lungs-20x-2.czi,AE-biomaGUNE-0522,Maria Jesus,,0522,21,230612-ID21-alphasma8OHdG-lungs-20x-2.czi,tissue,CELL_230612-ID21-alphasma8OHdG-lungs-20x-2.czi,Historical drive ingest 2026 (drive1_FRIO-X6); project / researcher / operator / subject decided per file before ingest (tasks/drives_ingest_dryrun_review.md). Claim: CONFIRMED.,98cc6f6a00d44a50e6021c77e38ce8adcd89de82c62b4f6258d75f8270c3069f,CONFIRMED
drive1_FRIO-X6/Cell observer/Maria Jesus/230518-Alphasma-8ohdg-0522/230612-ID21-alphasma8OHdG-lungs-20x-3.czi,AE-biomaGUNE-0522,Maria Jesus,,0522,21,230612-ID21-alphasma8OHdG-lungs-20x-3.czi,tissue,CELL_230612-ID21-alphasma8OHdG-lungs-20x-3.czi,Historical drive ingest 2026 (drive1_FRIO-X6); project / researcher / operator / subject decided per file before ingest (tasks/drives_ingest_dryrun_review.md). Claim: CONFIRMED.,30f3d7fff03383176a3a70d19b2d800f0772c52d509f6bc9ecea39b65b4c3052,CONFIRMED
drive1_FRIO-X6/Cell observer/Maria Jesus/230518-Alphasma-8ohdg-0522/230612-ID21-alphasma8OHdG-lungs-20x-4.czi,AE-biomaGUNE-0522,Maria Jesus,,0522,21,230612-ID21-alphasma8OHdG-lungs-20x-4.czi,tissue,CELL_230612-ID21-alphasma8OHdG-lungs-20x-4.czi,Historical drive ingest 2026 (drive1_FRIO-X6); project / researcher / operator / subject decided per file before ingest (tasks/drives_ingest_dryrun_review.md). Claim: CONFIRMED.,49e78a90a31410dd41cf0f0479ce86e9d47c79a288f1df60435beb4e36e3ffd5,CONFIRMED
drive1_FRIO-X6/Cell observer/Maria Jesus/230518-Alphasma-8ohdg-0522/230612-ID21-alphasma8OHdG-lungs-20x-5.czi,AE-biomaGUNE-0522,Maria Jesus,,0522,21,230612-ID21-alphasma8OHdG-lungs-20x-5.czi,tissue,CELL_230612-ID21-alphasma8OHdG-lungs-20x-5.czi,Historical drive ingest 2026 (drive1_FRIO-X6); project / researcher / operator / subject decided per file before ingest (tasks/drives_ingest_dryrun_review.md). Claim: CONFIRMED.,816395e408e8a9eabab0908ffc93d75f17241510f60a98242022fc9856f4d476,CONFIRMED
drive1_FRIO-X6/Cell observer/Maria Jesus/230518-Alphasma-8ohdg-0522/230612-ID21-alphasma8OHdG-lungs-20x-6.czi,AE-biomaGUNE-0522,Maria Jesus,,0522,21,230612-ID21-alphasma8OHdG-lungs-20x-6.czi,tissue,CELL_230612-ID21-alphasma8OHdG-lungs-20x-6.czi,Historical drive ingest 2026 (drive1_FRIO-X6); project / researcher / operator / subject decided per file before ingest (tasks/drives_ingest_dryrun_review.md). Claim: CONFIRMED.,42e164e5e658f2331efdd5828963d6af4e28769b1a4fce404706b7d15b2be1fa,CONFIRMED
drive1_FRIO-X6/Cell observer/Maria Jesus/230518-Alphasma-8ohdg-0522/230612-ID21-alphasma8OHdG-lungs-20x-7.czi,AE-biomaGUNE-0522,Maria Jesus,,0522,21,230612-ID21-alphasma8OHdG-lungs-20x-7.czi,tissue,CELL_230612-ID21-alphasma8OHdG-lungs-20x-7.czi,Historical drive ingest 2026 (drive1_FRIO-X6); project / researcher / operator / subject decided per file before ingest (tasks/drives_ingest_dryrun_review.md). Claim: CONFIRMED.,b047b59784e92e874bbd186c14564346062ba169599e6a7d661394acd27cca71,CONFIRMED
drive1_FRIO-X6/Cell observer/Maria Jesus/230518-Alphasma-8ohdg-0522/230612-ID21-alphasma8OHdG-lungs-20x-8.czi,AE-biomaGUNE-0522,Maria Jesus,,0522,21,230612-ID21-alphasma8OHdG-lungs-20x-8.czi,tissue,CELL_230612-ID21-alphasma8OHdG-lungs-20x-8.czi,Historical drive ingest 2026 (drive1_FRIO-X6); project / researcher / operator / subject decided per file before ingest (tasks/drives_ingest_dryrun_review.md). Claim: CONFIRMED.,3498e030e1c66e4e7b23ba0f4cfbf8ad207775454270f132bf3bcafa7c751b50,CONFIRMED
drive1_FRIO-X6/Cell observer/Maria Jesus/230518-Alphasma-8ohdg-0522/230612-ID21-alphasma8OHdG-lungs-20x-9.czi,AE-biomaGUNE-0522,Maria Jesus,,0522,21,230612-ID21-alphasma8OHdG-lungs-20x-9.czi,tissue,CELL_230612-ID21-alphasma8OHdG-lungs-20x-9.czi,Historical drive ingest 2026 (drive1_FRIO-X6); project / researcher / operator / subject decided per file before ingest (tasks/drives_ingest_dryrun_review.md). Claim: CONFIRMED.,231d970b589de92578371b786fbd953ba1ebe74d08eb1dbfee0a9184c56638c7,CONFIRMED
drive1_FRIO-X6/Cell observer/Maria Jesus/230518-Alphasma-8ohdg-0522/230612-ID21-alphasma8OHdG-lungs-20x-Controlnegative.czi,AE-biomaGUNE-0522,Maria Jesus,,0522,21,230612-ID21-alphasma8OHdG-lungs-20x-Controlnegative.czi,tissue,CELL_230612-ID21-alphasma8OHdG-lungs-20x-Controlnegative.czi,Historical drive ingest 2026 (drive1_FRIO-X6); project / researcher / operator / subject decided per file before ingest (tasks/drives_ingest_dryrun_review.md). Claim: CONFIRMED.,5b57663b6fba77b31c56f8ecdc90e76ab1eda598d65fa0377bb3bf44474ca5d2,CONFIRMED
drive1_FRIO-X6/Cell observer/Maria Jesus/230518-Alphasma-8ohdg-0522/230613-ID24-alphasma8OHdG-lungs-20x-1.czi,AE-biomaGUNE-0522,Maria Jesus,,0522,24,230613-ID24-alphasma8OHdG-lungs-20x-1.czi,tissue,CELL_230613-ID24-alphasma8OHdG-lungs-20x-1.czi,Historical drive ingest 2026 (drive1_FRIO-X6); project / researcher / operator / subject decided per file before ingest (tasks/drives_ingest_dryrun_review.md). Claim: CONFIRMED.,4f65451a9d2d0f12e501688ba13d28daf24c30b9a21875a93c92f39cf04cf5d5,CONFIRMED
drive1_FRIO-X6/Cell observer/Maria Jesus/230518-Alphasma-8ohdg-0522/230613-ID24-alphasma8OHdG-lungs-20x-10.czi,AE-biomaGUNE-0522,Maria Jesus,,0522,24,230613-ID24-alphasma8OHdG-lungs-20x-10.czi,tissue,CELL_230613-ID24-alphasma8OHdG-lungs-20x-10.czi,Historical drive ingest 2026 (drive1_FRIO-X6); project / researcher / operator / subject decided per file before ingest (tasks/drives_ingest_dryrun_review.md). Claim: CONFIRMED.,16fef3c60035afdd7297c3fc073b3fcb7021f662248a0ad9fcba179e908a8b85,CONFIRMED
drive1_FRIO-X6/Cell observer/Maria Jesus/230518-Alphasma-8ohdg-0522/230613-ID24-alphasma8OHdG-lungs-20x-2.czi,AE-biomaGUNE-0522,Maria Jesus,,0522,24,230613-ID24-alphasma8OHdG-lungs-20x-2.czi,tissue,CELL_230613-ID24-alphasma8OHdG-lungs-20x-2.czi,Historical drive ingest 2026 (drive1_FRIO-X6); project / researcher / operator / subject decided per file before ingest (tasks/drives_ingest_dryrun_review.md). Claim: CONFIRMED.,d20935cb073e962168aac790ec3c69929ba31870abc71bf7ebb6c1de319a059b,CONFIRMED
drive1_FRIO-X6/Cell observer/Maria Jesus/230518-Alphasma-8ohdg-0522/230613-ID24-alphasma8OHdG-lungs-20x-3.czi,AE-biomaGUNE-0522,Maria Jesus,,0522,24,230613-ID24-alphasma8OHdG-lungs-20x-3.czi,tissue,CELL_230613-ID24-alphasma8OHdG-lungs-20x-3.czi,Historical drive ingest 2026 (drive1_FRIO-X6); project / researcher / operator / subject decided per file before ingest (tasks/drives_ingest_dryrun_review.md). Claim: CONFIRMED.,4b6f058a8e22f2bef6b20a058358f9b1196f0706025af88c4155fe6d08ed2948,CONFIRMED
drive1_FRIO-X6/Cell observer/Maria Jesus/230518-Alphasma-8ohdg-0522/230613-ID24-alphasma8OHdG-lungs-20x-4.czi,AE-biomaGUNE-0522,Maria Jesus,,0522,24,230613-ID24-alphasma8OHdG-lungs-20x-4.czi,tissue,CELL_230613-ID24-alphasma8OHdG-lungs-20x-4.czi,Historical drive ingest 2026 (drive1_FRIO-X6); project / researcher / operator / subject decided per file before ingest (tasks/drives_ingest_dryrun_review.md). Claim: CONFIRMED.,7e93ad8c36b332deb6459e2a7e1bb0ecaf6627def2d7d49e18f782b7be6eee69,CONFIRMED
drive1_FRIO-X6/Cell observer/Maria Jesus/230518-Alphasma-8ohdg-0522/230613-ID24-alphasma8OHdG-lungs-20x-5.czi,AE-biomaGUNE-0522,Maria Jesus,,0522,24,230613-ID24-alphasma8OHdG-lungs-20x-5.czi,tissue,CELL_230613-ID24-alphasma8OHdG-lungs-20x-5.czi,Historical drive ingest 2026 (drive1_FRIO-X6); project / researcher / operator / subject decided per file before ingest (tasks/drives_ingest_dryrun_review.md). Claim: CONFIRMED.,55ca278e99bb150f23d97fe93e768add3c4293c435208ae5dff4e0312ceda4c5,CONFIRMED
drive1_FRIO-X6/Cell observer/Maria Jesus/230518-Alphasma-8ohdg-0522/230613-ID24-alphasma8OHdG-lungs-20x-6.czi,AE-biomaGUNE-0522,Maria Jesus,,0522,24,230613-ID24-alphasma8OHdG-lungs-20x-6.czi,tissue,CELL_230613-ID24-alphasma8OHdG-lungs-20x-6.czi,Historical drive ingest 2026 (drive1_FRIO-X6); project / researcher / operator / subject decided per file before ingest (tasks/drives_ingest_dryrun_review.md). Claim: CONFIRMED.,f941a53f5ccb91b3fc0122bb38616f4dc27c96980aabb72dfdec01db9d30a9fe,CONFIRMED
drive1_FRIO-X6/Cell observer/Maria Jesus/230518-Alphasma-8ohdg-0522/230613-ID24-alphasma8OHdG-lungs-20x-7.czi,AE-biomaGUNE-0522,Maria Jesus,,0522,24,230613-ID24-alphasma8OHdG-lungs-20x-7.czi,tissue,CELL_230613-ID24-alphasma8OHdG-lungs-20x-7.czi,Historical drive ingest 2026 (drive1_FRIO-X6); project / researcher / operator / subject decided per file before ingest (tasks/drives_ingest_dryrun_review.md). Claim: CONFIRMED.,55c534f97700f318696e8728c49cd3f2457cd86c83fdc7915ac716c4fbdba055,CONFIRMED
drive1_FRIO-X6/Cell observer/Maria Jesus/230518-Alphasma-8ohdg-0522/230613-ID24-alphasma8OHdG-lungs-20x-8.czi,AE-biomaGUNE-0522,Maria Jesus,,0522,24,230613-ID24-alphasma8OHdG-lungs-20x-8.czi,tissue,CELL_230613-ID24-alphasma8OHdG-lungs-20x-8.czi,Historical drive ingest 2026 (drive1_FRIO-X6); project / researcher / operator / subject decided per file before ingest (tasks/drives_ingest_dryrun_review.md). Claim: CONFIRMED.,1040b4614851f9d46230443ac8bd4f2d7ecb1c629245a31bcff70c4dc70fd1a8,CONFIRMED
drive1_FRIO-X6/Cell observer/Maria Jesus/230518-Alphasma-8ohdg-0522/230613-ID24-alphasma8OHdG-lungs-20x-9.czi,AE-biomaGUNE-0522,Maria Jesus,,0522,24,230613-ID24-alphasma8OHdG-lungs-20x-9.czi,tissue,CELL_230613-ID24-alphasma8OHdG-lungs-20x-9.czi,Historical drive ingest 2026 (drive1_FRIO-X6); project / researcher / operator / subject decided per file before ingest (tasks/drives_ingest_dryrun_review.md). Claim: CONFIRMED.,150229b6beeaa25e304fa8c4f157b0bb6da03ecdfbfe4e74873bac9ba1f12507,CONFIRMED
drive1_FRIO-X6/Cell observer/Maria Jesus/230518-Alphasma-8ohdg-0522/230613-ID24-alphasma8OHdG-lungs-20x-Controlnegative.czi,AE-biomaGUNE-0522,Maria Jesus,,0522,24,230613-ID24-alphasma8OHdG-lungs-20x-Controlnegative.czi,tissue,CELL_230613-ID24-alphasma8OHdG-lungs-20x-Controlnegative.czi,Historical drive ingest 2026 (drive1_FRIO-X6); project / researcher / operator / subject decided per file before ingest (tasks/drives_ingest_dryrun_review.md). Claim: CONFIRMED.,109381a245d4b4683896d1a75f08ad661e42585a40795d659ff511618ebd22b1,CONFIRMED
drive1_FRIO-X6/Cell observer/Maria Jesus/230518-Alphasma-8ohdg-0522/230613-ID25-alphasma8OHdG-lungs-20x-1.czi,AE-biomaGUNE-0522,Maria Jesus,,0522,25,230613-ID25-alphasma8OHdG-lungs-20x-1.czi,tissue,CELL_230613-ID25-alphasma8OHdG-lungs-20x-1.czi,Historical drive ingest 2026 (drive1_FRIO-X6); project / researcher / operator / subject decided per file before ingest (tasks/drives_ingest_dryrun_review.md). Claim: CONFIRMED.,f67be37b287dc035bcb6a2c39b532249548967353d3ba32da426a05631141943,CONFIRMED
drive1_FRIO-X6/Cell observer/Maria Jesus/230518-Alphasma-8ohdg-0522/230613-ID25-alphasma8OHdG-lungs-20x-10.czi,AE-biomaGUNE-0522,Maria Jesus,,0522,25,230613-ID25-alphasma8OHdG-lungs-20x-10.czi,tissue,CELL_230613-ID25-alphasma8OHdG-lungs-20x-10.czi,Historical drive ingest 2026 (drive1_FRIO-X6); project / researcher / operator / subject decided per file before ingest (tasks/drives_ingest_dryrun_review.md). Claim: CONFIRMED.,2da6e12d4588aa530dba605c92c94ce306c73229a53fd9a03f310319dc5197fb,CONFIRMED
drive1_FRIO-X6/Cell observer/Maria Jesus/230518-Alphasma-8ohdg-0522/230613-ID25-alphasma8OHdG-lungs-20x-11.czi,AE-biomaGUNE-0522,Maria Jesus,,0522,25,230613-ID25-alphasma8OHdG-lungs-20x-11.czi,tissue,CELL_230613-ID25-alphasma8OHdG-lungs-20x-11.czi,Historical drive ingest 2026 (drive1_FRIO-X6); project / researcher / operator / subject decided per file before ingest (tasks/drives_ingest_dryrun_review.md). Claim: CONFIRMED.,5733cd695e2794772a21721cd9e95eb7b3afb9690c42c2cba5e24e173a06047f,CONFIRMED
drive1_FRIO-X6/Cell observer/Maria Jesus/230518-Alphasma-8ohdg-0522/230613-ID25-alphasma8OHdG-lungs-20x-2.czi,AE-biomaGUNE-0522,Maria Jesus,,0522,25,230613-ID25-alphasma8OHdG-lungs-20x-2.czi,tissue,CELL_230613-ID25-alphasma8OHdG-lungs-20x-2.czi,Historical drive ingest 2026 (drive1_FRIO-X6); project / researcher / operator / subject decided per file before ingest (tasks/drives_ingest_dryrun_review.md). Claim: CONFIRMED.,5e938aa4c254e007d0ca43708d946350a544bad8ca10ea466e7962274dc61833,CONFIRMED
drive1_FRIO-X6/Cell observer/Maria Jesus/230518-Alphasma-8ohdg-0522/230613-ID25-alphasma8OHdG-lungs-20x-3.czi,AE-biomaGUNE-0522,Maria Jesus,,0522,25,230613-ID25-alphasma8OHdG-lungs-20x-3.czi,tissue,CELL_230613-ID25-alphasma8OHdG-lungs-20x-3.czi,Historical drive ingest 2026 (drive1_FRIO-X6); project / researcher / operator / subject decided per file before ingest (tasks/drives_ingest_dryrun_review.md). Claim: CONFIRMED.,c6d69ec38f7f8f6bde9c7034a31d498c54ff936aeaa9082216a9f4903768aa2d,CONFIRMED
drive1_FRIO-X6/Cell observer/Maria Jesus/230518-Alphasma-8ohdg-0522/230613-ID25-alphasma8OHdG-lungs-20x-4.czi,AE-biomaGUNE-0522,Maria Jesus,,0522,25,230613-ID25-alphasma8OHdG-lungs-20x-4.czi,tissue,CELL_230613-ID25-alphasma8OHdG-lungs-20x-4.czi,Historical drive ingest 2026 (drive1_FRIO-X6); project / researcher / operator / subject decided per file before ingest (tasks/drives_ingest_dryrun_review.md). Claim: CONFIRMED.,2d34e3951f00d9e3b0a1f0d7ffe02ca9b1a3c662820a24ee06a0c74ff99fb7ae,CONFIRMED
drive1_FRIO-X6/Cell observer/Maria Jesus/230518-Alphasma-8ohdg-0522/230613-ID25-alphasma8OHdG-lungs-20x-5.czi,AE-biomaGUNE-0522,Maria Jesus,,0522,25,230613-ID25-alphasma8OHdG-lungs-20x-5.czi,tissue,CELL_230613-ID25-alphasma8OHdG-lungs-20x-5.czi,Historical drive ingest 2026 (drive1_FRIO-X6); project / researcher / operator / subject decided per file before ingest (tasks/drives_ingest_dryrun_review.md). Claim: CONFIRMED.,7f433dd949356b7bfbddec753af1f9279ef067ea8dbc90c9f14f68534be3ae57,CONFIRMED
drive1_FRIO-X6/Cell observer/Maria Jesus/230518-Alphasma-8ohdg-0522/230613-ID25-alphasma8OHdG-lungs-20x-6.czi,AE-biomaGUNE-0522,Maria Jesus,,0522,25,230613-ID25-alphasma8OHdG-lungs-20x-6.czi,tissue,CELL_230613-ID25-alphasma8OHdG-lungs-20x-6.czi,Historical drive ingest 2026 (drive1_FRIO-X6); project / researcher / operator / subject decided per file before ingest (tasks/drives_ingest_dryrun_review.md). Claim: CONFIRMED.,ddc7bb81255b837dba4a02b005a75d3315f8984e3eae6ec42a117c358609262f,CONFIRMED
drive1_FRIO-X6/Cell observer/Maria Jesus/230518-Alphasma-8ohdg-0522/230613-ID25-alphasma8OHdG-lungs-20x-7.czi,AE-biomaGUNE-0522,Maria Jesus,,0522,25,230613-ID25-alphasma8OHdG-lungs-20x-7.czi,tissue,CELL_230613-ID25-alphasma8OHdG-lungs-20x-7.czi,Historical drive ingest 2026 (drive1_FRIO-X6); project / researcher / operator / subject decided per file before ingest (tasks/drives_ingest_dryrun_review.md). Claim: CONFIRMED.,da224e4d90718a89d8de930073705063422f73ac72d989ecd4c367eb86aa8274,CONFIRMED
drive1_FRIO-X6/Cell observer/Maria Jesus/230518-Alphasma-8ohdg-0522/230613-ID25-alphasma8OHdG-lungs-20x-8.czi,AE-biomaGUNE-0522,Maria Jesus,,0522,25,230613-ID25-alphasma8OHdG-lungs-20x-8.czi,tissue,CELL_230613-ID25-alphasma8OHdG-lungs-20x-8.czi,Historical drive ingest 2026 (drive1_FRIO-X6); project / researcher / operator / subject decided per file before ingest (tasks/drives_ingest_dryrun_review.md). Claim: CONFIRMED.,d7d698665ec7f6a97547e478f3534d5bc98fdd27ccfea333d95d478dbd43127b,CONFIRMED
drive1_FRIO-X6/Cell observer/Maria Jesus/230518-Alphasma-8ohdg-0522/230613-ID25-alphasma8OHdG-lungs-20x-9.czi,AE-biomaGUNE-0522,Maria Jesus,,0522,25,230613-ID25-alphasma8OHdG-lungs-20x-9.czi,tissue,CELL_230613-ID25-alphasma8OHdG-lungs-20x-9.czi,Historical drive ingest 2026 (drive1_FRIO-X6); project / researcher / operator / subject decided per file before ingest (tasks/drives_ingest_dryrun_review.md). Claim: CONFIRMED.,8f248225688f45e2b0c96d121534e9ceae2d8d26e359e229cfe0d9f4e94ac3dd,CONFIRMED
drive1_FRIO-X6/Cell observer/Maria Jesus/230518-Alphasma-8ohdg-0522/230613-ID25-alphasma8OHdG-lungs-20x-Controlnegative.czi,AE-biomaGUNE-0522,Maria Jesus,,0522,25,230613-ID25-alphasma8OHdG-lungs-20x-Controlnegative.czi,tissue,CELL_230613-ID25-alphasma8OHdG-lungs-20x-Controlnegative.czi,Historical drive ingest 2026 (drive1_FRIO-X6); project / researcher / operator / subject decided per file before ingest (tasks/drives_ingest_dryrun_review.md). Claim: CONFIRMED.,53b7eac6c7dbf28b22c2178299c2b5813c322c691ac8ea591a732d01fbcdaeb4,CONFIRMED
drive1_FRIO-X6/Cell observer/Maria Jesus/230518-Alphasma-8ohdg-0522/230613-ID26-alphasma8OHdG-lungs-20x-1.czi,AE-biomaGUNE-0522,Maria Jesus,,0522,26,230613-ID26-alphasma8OHdG-lungs-20x-1.czi,tissue,CELL_230613-ID26-alphasma8OHdG-lungs-20x-1.czi,Historical drive ingest 2026 (drive1_FRIO-X6); project / researcher / operator / subject decided per file before ingest (tasks/drives_ingest_dryrun_review.md). Claim: CONFIRMED.,f6eb22be6ceba099e9cb290c6e946960d9425f4756f6c972b847d2e285959924,CONFIRMED
drive1_FRIO-X6/Cell observer/Maria Jesus/230518-Alphasma-8ohdg-0522/230613-ID26-alphasma8OHdG-lungs-20x-10.czi,AE-biomaGUNE-0522,Maria Jesus,,0522,26,230613-ID26-alphasma8OHdG-lungs-20x-10.czi,tissue,CELL_230613-ID26-alphasma8OHdG-lungs-20x-10.czi,Historical drive ingest 2026 (drive1_FRIO-X6); project / researcher / operator / subject decided per file before ingest (tasks/drives_ingest_dryrun_review.md). Claim: CONFIRMED.,48d93bdb08ab08efb1fad4a57f69800ed11117c371db4cd9c23a13cca537e1da,CONFIRMED
drive1_FRIO-X6/Cell observer/Maria Jesus/230518-Alphasma-8ohdg-0522/230613-ID26-alphasma8OHdG-lungs-20x-11.czi,AE-biomaGUNE-0522,Maria Jesus,,0522,26,230613-ID26-alphasma8OHdG-lungs-20x-11.czi,tissue,CELL_230613-ID26-alphasma8OHdG-lungs-20x-11.czi,Historical drive ingest 2026 (drive1_FRIO-X6); project / researcher / operator / subject decided per file before ingest (tasks/drives_ingest_dryrun_review.md). Claim: CONFIRMED.,08ab55936657055513aaf3d4c2c1c98862b206e84c9d2709b1ca6acdec4a1ec0,CONFIRMED
drive1_FRIO-X6/Cell observer/Maria Jesus/230518-Alphasma-8ohdg-0522/230613-ID26-alphasma8OHdG-lungs-20x-12.czi,AE-biomaGUNE-0522,Maria Jesus,,0522,26,230613-ID26-alphasma8OHdG-lungs-20x-12.czi,tissue,CELL_230613-ID26-alphasma8OHdG-lungs-20x-12.czi,Historical drive ingest 2026 (drive1_FRIO-X6); project / researcher / operator / subject decided per file before ingest (tasks/drives_ingest_dryrun_review.md). Claim: CONFIRMED.,cf82ce9f083ec66aa6d28721d3522c2266cfe5159ab463ebb3cd711f103bf934,CONFIRMED
drive1_FRIO-X6/Cell observer/Maria Jesus/230518-Alphasma-8ohdg-0522/230613-ID26-alphasma8OHdG-lungs-20x-13.czi,AE-biomaGUNE-0522,Maria Jesus,,0522,26,230613-ID26-alphasma8OHdG-lungs-20x-13.czi,tissue,CELL_230613-ID26-alphasma8OHdG-lungs-20x-13.czi,Historical drive ingest 2026 (drive1_FRIO-X6); project / researcher / operator / subject decided per file before ingest (tasks/drives_ingest_dryrun_review.md). Claim: CONFIRMED.,cc52e287db399695ff120e53aa9293fa25cec4e0ed34a95cef143c2e03f960da,CONFIRMED
drive1_FRIO-X6/Cell observer/Maria Jesus/230518-Alphasma-8ohdg-0522/230613-ID26-alphasma8OHdG-lungs-20x-2.czi,AE-biomaGUNE-0522,Maria Jesus,,0522,26,230613-ID26-alphasma8OHdG-lungs-20x-2.czi,tissue,CELL_230613-ID26-alphasma8OHdG-lungs-20x-2.czi,Historical drive ingest 2026 (drive1_FRIO-X6); project / researcher / operator / subject decided per file before ingest (tasks/drives_ingest_dryrun_review.md). Claim: CONFIRMED.,4d21d34463e30a324c183c413e7fcee88d01d922e9bb6b84903c30c8d0ab9174,CONFIRMED
drive1_FRIO-X6/Cell observer/Maria Jesus/230518-Alphasma-8ohdg-0522/230613-ID26-alphasma8OHdG-lungs-20x-3.czi,AE-biomaGUNE-0522,Maria Jesus,,0522,26,230613-ID26-alphasma8OHdG-lungs-20x-3.czi,tissue,CELL_230613-ID26-alphasma8OHdG-lungs-20x-3.czi,Historical drive ingest 2026 (drive1_FRIO-X6); project / researcher / operator / subject decided per file before ingest (tasks/drives_ingest_dryrun_review.md). Claim: CONFIRMED.,173d6111826be9aa12198a187ec61439ff91ac172c312bfa4420360c1073956d,CONFIRMED
drive1_FRIO-X6/Cell observer/Maria Jesus/230518-Alphasma-8ohdg-0522/230613-ID26-alphasma8OHdG-lungs-20x-4.czi,AE-biomaGUNE-0522,Maria Jesus,,0522,26,230613-ID26-alphasma8OHdG-lungs-20x-4.czi,tissue,CELL_230613-ID26-alphasma8OHdG-lungs-20x-4.czi,Historical drive ingest 2026 (drive1_FRIO-X6); project / researcher / operator / subject decided per file before ingest (tasks/drives_ingest_dryrun_review.md). Claim: CONFIRMED.,2ba6081f52dd420ef3df69941a80510c72ec6f795e919f73850e095acc5d59dc,CONFIRMED
drive1_FRIO-X6/Cell observer/Maria Jesus/230518-Alphasma-8ohdg-0522/230613-ID26-alphasma8OHdG-lungs-20x-5.czi,AE-biomaGUNE-0522,Maria Jesus,,0522,26,230613-ID26-alphasma8OHdG-lungs-20x-5.czi,tissue,CELL_230613-ID26-alphasma8OHdG-lungs-20x-5.czi,Historical drive ingest 2026 (drive1_FRIO-X6); project / researcher / operator / subject decided per file before ingest (tasks/drives_ingest_dryrun_review.md). Claim: CONFIRMED.,a74ba0c2c2152a47b21a6eca1f8229ff26fa83b504b5cce69046033f4d86928a,CONFIRMED
drive1_FRIO-X6/Cell observer/Maria Jesus/230518-Alphasma-8ohdg-0522/230613-ID26-alphasma8OHdG-lungs-20x-6.czi,AE-biomaGUNE-0522,Maria Jesus,,0522,26,230613-ID26-alphasma8OHdG-lungs-20x-6.czi,tissue,CELL_230613-ID26-alphasma8OHdG-lungs-20x-6.czi,Historical drive ingest 2026 (drive1_FRIO-X6); project / researcher / operator / subject decided per file before ingest (tasks/drives_ingest_dryrun_review.md). Claim: CONFIRMED.,c286f1a3b4bc5a123c20ef0ce5bbb7d85462da9ca47debec70ab1f5940446903,CONFIRMED
drive1_FRIO-X6/Cell observer/Maria Jesus/230518-Alphasma-8ohdg-0522/230613-ID26-alphasma8OHdG-lungs-20x-7.czi,AE-biomaGUNE-0522,Maria Jesus,,0522,26,230613-ID26-alphasma8OHdG-lungs-20x-7.czi,tissue,CELL_230613-ID26-alphasma8OHdG-lungs-20x-7.czi,Historical drive ingest 2026 (drive1_FRIO-X6); project / researcher / operator / subject decided per file before ingest (tasks/drives_ingest_dryrun_review.md). Claim: CONFIRMED.,194d4b38dfdd3c72a82edfbc708021bbfd5ae5c3328c773bfbd7202e0e886883,CONFIRMED
drive1_FRIO-X6/Cell observer/Maria Jesus/230518-Alphasma-8ohdg-0522/230613-ID26-alphasma8OHdG-lungs-20x-8.czi,AE-biomaGUNE-0522,Maria Jesus,,0522,26,230613-ID26-alphasma8OHdG-lungs-20x-8.czi,tissue,CELL_230613-ID26-alphasma8OHdG-lungs-20x-8.czi,Historical drive ingest 2026 (drive1_FRIO-X6); project / researcher / operator / subject decided per file before ingest (tasks/drives_ingest_dryrun_review.md). Claim: CONFIRMED.,c6baa7ba7f675aba46a3908d83df502426741a35f47a1928b79483d922b27367,CONFIRMED
drive1_FRIO-X6/Cell observer/Maria Jesus/230518-Alphasma-8ohdg-0522/230613-ID26-alphasma8OHdG-lungs-20x-9.czi,AE-biomaGUNE-0522,Maria Jesus,,0522,26,230613-ID26-alphasma8OHdG-lungs-20x-9.czi,tissue,CELL_230613-ID26-alphasma8OHdG-lungs-20x-9.czi,Historical drive ingest 2026 (drive1_FRIO-X6); project / researcher / operator / subject decided per file before ingest (tasks/drives_ingest_dryrun_review.md). Claim: CONFIRMED.,2c3455d3f4039bb6d1435da518ba3882af1b02f483442c58f6eaeff973f7eb61,CONFIRMED
drive1_FRIO-X6/Cell observer/Maria Jesus/230518-Alphasma-8ohdg-0522/230613-ID26-alphasma8OHdG-lungs-20x-Controlnegative.czi,AE-biomaGUNE-0522,Maria Jesus,,0522,26,230613-ID26-alphasma8OHdG-lungs-20x-Controlnegative.czi,tissue,CELL_230613-ID26-alphasma8OHdG-lungs-20x-Controlnegative.czi,Historical drive ingest 2026 (drive1_FRIO-X6); project / researcher / operator / subject decided per file before ingest (tasks/drives_ingest_dryrun_review.md). Claim: CONFIRMED.,5050732f6437e96bf25b2d76e1d3e07cef7b21a1182b581a525f1537e5302a7c,CONFIRMED
drive1_FRIO-X6/Cell observer/Maria Jesus/230620-TOM20-MTCOI-0522/ID11_10x.czi,AE-biomaGUNE-0522,Maria Jesus,,0522,11,ID11_10x.czi,tissue,CELL_ID11_10x.czi,Historical drive ingest 2026 (drive1_FRIO-X6); project / researcher / operator / subject decided per file before ingest (tasks/drives_ingest_dryrun_review.md). Claim: CONFIRMED.,0731137a47eba803a1e53c4eb483d759c347b68e2c672a820a1cb0c16bb87508,CONFIRMED
drive1_FRIO-X6/Cell observer/Maria Jesus/230620-TOM20-MTCOI-0522/ID11_Negative Control.czi,AE-biomaGUNE-0522,Maria Jesus,,0522,11,ID11_Negative Control.czi,tissue,CELL_ID11_Negative Control.czi,Historical drive ingest 2026 (drive1_FRIO-X6); project / researcher / operator / subject decided per file before ingest (tasks/drives_ingest_dryrun_review.md). Claim: CONFIRMED.,0707773a801d2a5a0b747c4914bce345b846834b1b0063a3c8f0b459b58a5983,CONFIRMED
drive1_FRIO-X6/Cell observer/Maria Jesus/230620-TOM20-MTCOI-0522/ID11_Snap.czi,AE-biomaGUNE-0522,Maria Jesus,,0522,11,ID11_Snap.czi,tissue,CELL_ID11_Snap.czi,Historical drive ingest 2026 (drive1_FRIO-X6); project / researcher / operator / subject decided per file before ingest (tasks/drives_ingest_dryrun_review.md). Claim: CONFIRMED.,1771a1cdaf4af72bb6bb270db013a07a69184556aa0bf982bedc0be5be16c0f3,CONFIRMED
drive1_FRIO-X6/Cell observer/Maria Jesus/230620-TOM20-MTCOI-0522/ID15_10x.czi,AE-biomaGUNE-0522,Maria Jesus,,0522,15,ID15_10x.czi,tissue,CELL_ID15_10x.czi,Historical drive ingest 2026 (drive1_FRIO-X6); project / researcher / operator / subject decided per file before ingest (tasks/drives_ingest_dryrun_review.md). Claim: CONFIRMED.,3815082b086f79cfe5cda5e4c0236a579ee77ef80e1edff9756ef0bd5f9835f2,CONFIRMED
drive1_FRIO-X6/Cell observer/Maria Jesus/230620-TOM20-MTCOI-0522/ID15_Negative Control.czi,AE-biomaGUNE-0522,Maria Jesus,,0522,15,ID15_Negative Control.czi,tissue,CELL_ID15_Negative Control.czi,Historical drive ingest 2026 (drive1_FRIO-X6); project / researcher / operator / subject decided per file before ingest (tasks/drives_ingest_dryrun_review.md). Claim: CONFIRMED.,b84eaa3ca77bbd35d25f61c8f13707fc667cb824c298ca3eb499bdfb93b7a84f,CONFIRMED
drive1_FRIO-X6/Cell observer/Maria Jesus/230620-TOM20-MTCOI-0522/ID15_Snap.czi,AE-biomaGUNE-0522,Maria Jesus,,0522,15,ID15_Snap.czi,tissue,CELL_ID15_Snap.czi,Historical drive ingest 2026 (drive1_FRIO-X6); project / researcher / operator / subject decided per file before ingest (tasks/drives_ingest_dryrun_review.md). Claim: CONFIRMED.,7bb809dcad107d9d93d7eeb365db0362dfe80646951e9917dc35f23831860f1c,CONFIRMED
drive1_FRIO-X6/Cell observer/Maria Jesus/230620-TOM20-MTCOI-0522/ID16_10x.czi,AE-biomaGUNE-0522,Maria Jesus,,0522,16,ID16_10x.czi,tissue,CELL_ID16_10x.czi,Historical drive ingest 2026 (drive1_FRIO-X6); project / researcher / operator / subject decided per file before ingest (tasks/drives_ingest_dryrun_review.md). Claim: CONFIRMED.,6d9530bb71322be1fb9d0c684d1802ac4ac8074d204a3387ca8725193ce06ddd,CONFIRMED
drive1_FRIO-X6/Cell observer/Maria Jesus/230620-TOM20-MTCOI-0522/ID16_Negative Control.czi,AE-biomaGUNE-0522,Maria Jesus,,0522,16,ID16_Negative Control.czi,tissue,CELL_ID16_Negative Control.czi,Historical drive ingest 2026 (drive1_FRIO-X6); project / researcher / operator / subject decided per file before ingest (tasks/drives_ingest_dryrun_review.md). Claim: CONFIRMED.,ec597670ffbbe71f3e681bae9acb56eaf9e3048e3550a6c0f46a51ce1e4ecc13,CONFIRMED
drive1_FRIO-X6/Cell observer/Maria Jesus/230620-TOM20-MTCOI-0522/ID16_Snap.czi,AE-biomaGUNE-0522,Maria Jesus,,0522,16,ID16_Snap.czi,tissue,CELL_ID16_Snap.czi,Historical drive ingest 2026 (drive1_FRIO-X6); project / researcher / operator / subject decided per file before ingest (tasks/drives_ingest_dryrun_review.md). Claim: CONFIRMED.,7d143a2df3145324a00107425a581b8735da34fc915300979ebca43f308a4c64,CONFIRMED
drive1_FRIO-X6/Cell observer/Maria Jesus/230620-TOM20-MTCOI-0522/ID20_10x.czi,AE-biomaGUNE-0522,Maria Jesus,,0522,20,ID20_10x.czi,tissue,CELL_ID20_10x.czi,Historical drive ingest 2026 (drive1_FRIO-X6); project / researcher / operator / subject decided per file before ingest (tasks/drives_ingest_dryrun_review.md). Claim: CONFIRMED.,16c27a670b8372986dad9e273024b31499f0f03b50fb166b52889c01eca0dfbc,CONFIRMED
drive1_FRIO-X6/Cell observer/Maria Jesus/230620-TOM20-MTCOI-0522/ID20_Negative Control.czi,AE-biomaGUNE-0522,Maria Jesus,,0522,20,ID20_Negative Control.czi,tissue,CELL_ID20_Negative Control.czi,Historical drive ingest 2026 (drive1_FRIO-X6); project / researcher / operator / subject decided per file before ingest (tasks/drives_ingest_dryrun_review.md). Claim: CONFIRMED.,d52bf7efc9bfbddf846bcfc8794862c0c7814e0b5863ff7a115413bac447ef98,CONFIRMED
drive1_FRIO-X6/Cell observer/Maria Jesus/230620-TOM20-MTCOI-0522/ID20_Snap.czi,AE-biomaGUNE-0522,Maria Jesus,,0522,20,ID20_Snap.czi,tissue,CELL_ID20_Snap.czi,Historical drive ingest 2026 (drive1_FRIO-X6); project / researcher / operator / subject decided per file before ingest (tasks/drives_ingest_dryrun_review.md). Claim: CONFIRMED.,0af9d3e39a22a012d515d24b9b0d8c190082588530495f847e037dcb097cdbaf,CONFIRMED
drive1_FRIO-X6/Cell observer/Maria Jesus/230620-TOM20-MTCOI-0522/ID21_10x.czi,AE-biomaGUNE-0522,Maria Jesus,,0522,21,ID21_10x.czi,tissue,CELL_ID21_10x.czi,Historical drive ingest 2026 (drive1_FRIO-X6); project / researcher / operator / subject decided per file before ingest (tasks/drives_ingest_dryrun_review.md). Claim: CONFIRMED.,85548fdeb8251d017461feb92e103e5183e543f87e7df3cd26fd8b69e96f6dd0,CONFIRMED
drive1_FRIO-X6/Cell observer/Maria Jesus/230620-TOM20-MTCOI-0522/ID21_Negative Control.czi,AE-biomaGUNE-0522,Maria Jesus,,0522,21,ID21_Negative Control.czi,tissue,CELL_ID21_Negative Control.czi,Historical drive ingest 2026 (drive1_FRIO-X6); project / researcher / operator / subject decided per file before ingest (tasks/drives_ingest_dryrun_review.md). Claim: CONFIRMED.,0c0b69d6ebe1ed9806aa120c931ed55b5a97a278eaf5fc518ec1472924f93119,CONFIRMED
drive1_FRIO-X6/Cell observer/Maria Jesus/230620-TOM20-MTCOI-0522/ID21_Snap.czi,AE-biomaGUNE-0522,Maria Jesus,,0522,21,ID21_Snap.czi,tissue,CELL_ID21_Snap.czi,Historical drive ingest 2026 (drive1_FRIO-X6); project / researcher / operator / subject decided per file before ingest (tasks/drives_ingest_dryrun_review.md). Claim: CONFIRMED.,dfb7a572a8b512a9aa1cabfc37bcd22e330067bc15cc573aa68ba58226252e2c,CONFIRMED
drive1_FRIO-X6/Cell observer/Maria Jesus/230620-TOM20-MTCOI-0522/ID25_10x.czi,AE-biomaGUNE-0522,Maria Jesus,,0522,25,ID25_10x.czi,tissue,CELL_ID25_10x.czi,Historical drive ingest 2026 (drive1_FRIO-X6); project / researcher / operator / subject decided per file before ingest (tasks/drives_ingest_dryrun_review.md). Claim: CONFIRMED.,196ee27f07101d3734b89036b0b6fd179333a6876ff88089181a19b816324e72,CONFIRMED
drive1_FRIO-X6/Cell observer/Maria Jesus/230620-TOM20-MTCOI-0522/ID25_Negative Control.czi,AE-biomaGUNE-0522,Maria Jesus,,0522,25,ID25_Negative Control.czi,tissue,CELL_ID25_Negative Control.czi,Historical drive ingest 2026 (drive1_FRIO-X6); project / researcher / operator / subject decided per file before ingest (tasks/drives_ingest_dryrun_review.md). Claim: CONFIRMED.,f96f5c56effcb9f107f0ae211ab9a5bef413b2253ed3726afea8f79f70b2ab3b,CONFIRMED
drive1_FRIO-X6/Cell observer/Maria Jesus/230620-TOM20-MTCOI-0522/ID25_Snap.czi,AE-biomaGUNE-0522,Maria Jesus,,0522,25,ID25_Snap.czi,tissue,CELL_ID25_Snap.czi,Historical drive ingest 2026 (drive1_FRIO-X6); project / researcher / operator / subject decided per file before ingest (tasks/drives_ingest_dryrun_review.md). Claim: CONFIRMED.,670f460b5a746c37c7993c0d5fb8d5e4dd7aa0172219f7f9b05e6e9b41daee3c,CONFIRMED
drive1_FRIO-X6/Cell observer/Maria Jesus/230620-TOM20-MTCOI-0522/ID26_10x.czi,AE-biomaGUNE-0522,Maria Jesus,,0522,26,ID26_10x.czi,tissue,CELL_ID26_10x.czi,Historical drive ingest 2026 (drive1_FRIO-X6); project / researcher / operator / subject decided per file before ingest (tasks/drives_ingest_dryrun_review.md). Claim: CONFIRMED.,b52def8bcacb3f1232b947d9d830772fea3624e4e5a033afa2e00c527749ab2a,CONFIRMED
drive1_FRIO-X6/Cell observer/Maria Jesus/230620-TOM20-MTCOI-0522/ID26_Negative Control.czi,AE-biomaGUNE-0522,Maria Jesus,,0522,26,ID26_Negative Control.czi,tissue,CELL_ID26_Negative Control.czi,Historical drive ingest 2026 (drive1_FRIO-X6); project / researcher / operator / subject decided per file before ingest (tasks/drives_ingest_dryrun_review.md). Claim: CONFIRMED.,63908c9fa287f0890913c1644448527d4b1c63003b126c3971ef993ad9afc8ea,CONFIRMED
drive1_FRIO-X6/Cell observer/Maria Jesus/230620-TOM20-MTCOI-0522/ID26_Snap.czi,AE-biomaGUNE-0522,Maria Jesus,,0522,26,ID26_Snap.czi,tissue,CELL_ID26_Snap.czi,Historical drive ingest 2026 (drive1_FRIO-X6); project / researcher / operator / subject decided per file before ingest (tasks/drives_ingest_dryrun_review.md). Claim: CONFIRMED.,e2e198237cd876f2d57c86ced55751869a43da8f86c62402a9d2bdf24a8c3a30,CONFIRMED
drive1_FRIO-X6/Cell observer/Maria Jesus/230620-TOM20-MTCOI-0522/ID34_10x.czi,AE-biomaGUNE-0522,Maria Jesus,,0522,34,ID34_10x.czi,tissue,CELL_ID34_10x.czi,Historical drive ingest 2026 (drive1_FRIO-X6); project / researcher / operator / subject decided per file before ingest (tasks/drives_ingest_dryrun_review.md). Claim: CONFIRMED.,6b68b0b65073dc288726eacca1a2f7e555ec0b909d94d88b4688bca9caf04564,CONFIRMED
drive1_FRIO-X6/Cell observer/Maria Jesus/230620-TOM20-MTCOI-0522/ID34_Negative Control.czi,AE-biomaGUNE-0522,Maria Jesus,,0522,34,ID34_Negative Control.czi,tissue,CELL_ID34_Negative Control.czi,Historical drive ingest 2026 (drive1_FRIO-X6); project / researcher / operator / subject decided per file before ingest (tasks/drives_ingest_dryrun_review.md). Claim: CONFIRMED.,7a602250e88050458229fee12b38acaeda2c7fb9d4131692f5803ef1051d8c6e,CONFIRMED
drive1_FRIO-X6/Cell observer/Maria Jesus/230620-TOM20-MTCOI-0522/ID34_Snap.czi,AE-biomaGUNE-0522,Maria Jesus,,0522,34,ID34_Snap.czi,tissue,CELL_ID34_Snap.czi,Historical drive ingest 2026 (drive1_FRIO-X6); project / researcher / operator / subject decided per file before ingest (tasks/drives_ingest_dryrun_review.md). Claim: CONFIRMED.,a569023d02f59e08e833b8def1f4bd3300fa3fe30b127375ff34c5d2e6a9fdcd,CONFIRMED
drive1_FRIO-X6/Cell observer/Maria Jesus/230620-TOM20-MTCOI-0522/ID35_10xNegativo.czi,AE-biomaGUNE-0522,Maria Jesus,,0522,35,ID35_10xNegativo.czi,tissue,CELL_ID35_10xNegativo.czi,Historical drive ingest 2026 (drive1_FRIO-X6); project / researcher / operator / subject decided per file before ingest (tasks/drives_ingest_dryrun_review.md). Claim: CONFIRMED.,297989f6e86e6ca257b079c50270b930d714959a550aa044f1cf424f54ac5232,CONFIRMED
drive1_FRIO-X6/Cell observer/Maria Jesus/230620-TOM20-MTCOI-0522/ID35_10xPositivo.czi,AE-biomaGUNE-0522,Maria Jesus,,0522,35,ID35_10xPositivo.czi,tissue,CELL_ID35_10xPositivo.czi,Historical drive ingest 2026 (drive1_FRIO-X6); project / researcher / operator / subject decided per file before ingest (tasks/drives_ingest_dryrun_review.md). Claim: CONFIRMED.,ee2cca22a08d52c232877fc50e497cf6c9ed970647b9ad927e7ae4459d666110,CONFIRMED
drive1_FRIO-X6/Cell observer/Maria Jesus/230620-TOM20-MTCOI-0522/ID35_Snap Positivo.czi,AE-biomaGUNE-0522,Maria Jesus,,0522,35,ID35_Snap Positivo.czi,tissue,CELL_ID35_Snap Positivo.czi,Historical drive ingest 2026 (drive1_FRIO-X6); project / researcher / operator / subject decided per file before ingest (tasks/drives_ingest_dryrun_review.md). Claim: CONFIRMED.,0ceb7008cc6ec1c7dddf117751b0816ad6c218de9871ec7a2e912ba3773f6db2,CONFIRMED
drive1_FRIO-X6/Cell observer/Maria Jesus/230620-TOM20-MTCOI-0522/ID35_Snap.czi,AE-biomaGUNE-0522,Maria Jesus,,0522,35,ID35_Snap.czi,tissue,CELL_ID35_Snap.czi,Historical drive ingest 2026 (drive1_FRIO-X6); project / researcher / operator / subject decided per file before ingest (tasks/drives_ingest_dryrun_review.md). Claim: CONFIRMED.,4715bef41e7e3e4b09c1a4e62c6888f872813e1f3575fbcfd43c265c444633d3,CONFIRMED
drive1_FRIO-X6/Cell observer/Maria Jesus/230620-TOM20-MTCOI-0522/ID39_10x.czi,AE-biomaGUNE-0522,Maria Jesus,,0522,39,ID39_10x.czi,tissue,CELL_ID39_10x.czi,Historical drive ingest 2026 (drive1_FRIO-X6); project / researcher / operator / subject decided per file before ingest (tasks/drives_ingest_dryrun_review.md). Claim: CONFIRMED.,8517c9a08952d18aa8f6532b7a4851e543626f4a1dbbfbee3d8b62521cc65501,CONFIRMED
drive1_FRIO-X6/Cell observer/Maria Jesus/230620-TOM20-MTCOI-0522/ID39_Negative Control.czi,AE-biomaGUNE-0522,Maria Jesus,,0522,39,ID39_Negative Control.czi,tissue,CELL_ID39_Negative Control.czi,Historical drive ingest 2026 (drive1_FRIO-X6); project / researcher / operator / subject decided per file before ingest (tasks/drives_ingest_dryrun_review.md). Claim: CONFIRMED.,eab76783b83781c3051f409378150755947b8d1f267ae9c5eef6f09c26593daf,CONFIRMED
drive1_FRIO-X6/Cell observer/Maria Jesus/230620-TOM20-MTCOI-0522/ID39_Snap.czi,AE-biomaGUNE-0522,Maria Jesus,,0522,39,ID39_Snap.czi,tissue,CELL_ID39_Snap.czi,Historical drive ingest 2026 (drive1_FRIO-X6); project / researcher / operator / subject decided per file before ingest (tasks/drives_ingest_dryrun_review.md). Claim: CONFIRMED.,798fbc3e2d0c4c875e74c0d195629daaae11b12d2759cbed270d9226dc2d4813,CONFIRMED
drive1_FRIO-X6/Cell observer/Maria Jesus/230620-TOM20-MTCOI-0522/ID8_10x.czi,AE-biomaGUNE-0522,Maria Jesus,,0522,8,ID8_10x.czi,tissue,CELL_ID8_10x.czi,Historical drive ingest 2026 (drive1_FRIO-X6); project / researcher / operator / subject decided per file before ingest (tasks/drives_ingest_dryrun_review.md). Claim: CONFIRMED.,e4c2ada0ce77434332d7fc0109c5fedbdbeb2d6edf3d3c65c492c7bf1fbc25da,CONFIRMED
drive1_FRIO-X6/Cell observer/Maria Jesus/230620-TOM20-MTCOI-0522/ID8_Negative Control.czi,AE-biomaGUNE-0522,Maria Jesus,,0522,8,ID8_Negative Control.czi,tissue,CELL_ID8_Negative Control.czi,Historical drive ingest 2026 (drive1_FRIO-X6); project / researcher / operator / subject decided per file before ingest (tasks/drives_ingest_dryrun_review.md). Claim: CONFIRMED.,a4ab128a348de294519421e65e1712d06fab532bc7fd5fdd061df2f8f1b73d9d,CONFIRMED
drive1_FRIO-X6/Cell observer/Maria Jesus/230620-TOM20-MTCOI-0522/ID8_Snap.czi,AE-biomaGUNE-0522,Maria Jesus,,0522,8,ID8_Snap.czi,tissue,CELL_ID8_Snap.czi,Historical drive ingest 2026 (drive1_FRIO-X6); project / researcher / operator / subject decided per file before ingest (tasks/drives_ingest_dryrun_review.md). Claim: CONFIRMED.,e0b8ed29273bd3b7847e150590d0c077e255edc8bf76247df3e8a34efd7b4440,CONFIRMED
drive1_FRIO-X6/Cell observer/Maria Jesus/230620-TOM20-MTCOI-0522/ID9_10x.czi,AE-biomaGUNE-0522,Maria Jesus,,0522,9,ID9_10x.czi,tissue,CELL_ID9_10x.czi,Historical drive ingest 2026 (drive1_FRIO-X6); project / researcher / operator / subject decided per file before ingest (tasks/drives_ingest_dryrun_review.md). Claim: CONFIRMED.,04421b786074af4cd4d4b7e614985b2208b688acfe444d31a334548104749323,CONFIRMED
drive1_FRIO-X6/Cell observer/Maria Jesus/230620-TOM20-MTCOI-0522/ID9_Negative Control.czi,AE-biomaGUNE-0522,Maria Jesus,,0522,9,ID9_Negative Control.czi,tissue,CELL_ID9_Negative Control.czi,Historical drive ingest 2026 (drive1_FRIO-X6); project / researcher / operator / subject decided per file before ingest (tasks/drives_ingest_dryrun_review.md). Claim: CONFIRMED.,76fdfaee1734d125084cbc1bd710f46b5d6c8f2033933e6088f5c49a31ba22e2,CONFIRMED
drive1_FRIO-X6/Cell observer/Maria Jesus/230620-TOM20-MTCOI-0522/ID9_Snap.czi,AE-biomaGUNE-0522,Maria Jesus,,0522,9,ID9_Snap.czi,tissue,CELL_ID9_Snap.czi,Historical drive ingest 2026 (drive1_FRIO-X6); project / researcher / operator / subject decided per file before ingest (tasks/drives_ingest_dryrun_review.md). Claim: CONFIRMED.,4832ad4168f0c94c4b46fc7b6b6fbf552a6bd8cb2df8f6f1eed6b6be05102aab,CONFIRMED
drive1_FRIO-X6/Cell observer/Maria Jesus/MJS_HE_0522/ID15H_10x.czi,AE-biomaGUNE-0522,Maria Jesus,,0522,15,ID15H_10x.czi,tissue,CELL_ID15H_10x.czi,Historical drive ingest 2026 (drive1_FRIO-X6); project / researcher / operator / subject decided per file before ingest (tasks/drives_ingest_dryrun_review.md). Claim: CONFIRMED.,f711f93dc14adfd45d5e2e325a0974590e0053eed99391d09bcf01680e13de19,CONFIRMED
drive1_FRIO-X6/Cell observer/Maria Jesus/MJS_HE_0522/ID15H_40x_LV1.czi,AE-biomaGUNE-0522,Maria Jesus,,0522,15,ID15H_40x_LV1.czi,tissue,CELL_ID15H_40x_LV1.czi,Historical drive ingest 2026 (drive1_FRIO-X6); project / researcher / operator / subject decided per file before ingest (tasks/drives_ingest_dryrun_review.md). Claim: CONFIRMED.,018112090c2ed3d38f14c3c6c41a15bceda26a4948cf5b1e71a12e9508e53cac,CONFIRMED
drive1_FRIO-X6/Cell observer/Maria Jesus/MJS_HE_0522/ID15H_40x_LV2.czi,AE-biomaGUNE-0522,Maria Jesus,,0522,15,ID15H_40x_LV2.czi,tissue,CELL_ID15H_40x_LV2.czi,Historical drive ingest 2026 (drive1_FRIO-X6); project / researcher / operator / subject decided per file before ingest (tasks/drives_ingest_dryrun_review.md). Claim: CONFIRMED.,268e345f9173e0e42f166cf3f25e803d68c5d25e47e067312450611733257922,CONFIRMED
drive1_FRIO-X6/Cell observer/Maria Jesus/MJS_HE_0522/ID15H_40x_RV1.czi,AE-biomaGUNE-0522,Maria Jesus,,0522,15,ID15H_40x_RV1.czi,tissue,CELL_ID15H_40x_RV1.czi,Historical drive ingest 2026 (drive1_FRIO-X6); project / researcher / operator / subject decided per file before ingest (tasks/drives_ingest_dryrun_review.md). Claim: CONFIRMED.,b6b4b1af3f6f9c8736794d662f250b949f0f1d592fe982044943d646d08b5939,CONFIRMED
drive1_FRIO-X6/Cell observer/Maria Jesus/MJS_HE_0522/ID15H_40x_RV2.czi,AE-biomaGUNE-0522,Maria Jesus,,0522,15,ID15H_40x_RV2.czi,tissue,CELL_ID15H_40x_RV2.czi,Historical drive ingest 2026 (drive1_FRIO-X6); project / researcher / operator / subject decided per file before ingest (tasks/drives_ingest_dryrun_review.md). Claim: CONFIRMED.,208db7025ea6ce9b082a16ffeffaa7d387bbad8ff2c8c8c6b312e7e840e78a44,CONFIRMED
drive1_FRIO-X6/Cell observer/Maria Jesus/MJS_HE_0522/ID21H_10x.czi,AE-biomaGUNE-0522,Maria Jesus,,0522,21,ID21H_10x.czi,tissue,CELL_ID21H_10x.czi,Historical drive ingest 2026 (drive1_FRIO-X6); project / researcher / operator / subject decided per file before ingest (tasks/drives_ingest_dryrun_review.md). Claim: CONFIRMED.,95c60925983632e044bea365f3decb7318619a1e82ec6f03b10897a7d612d0e1,CONFIRMED
drive1_FRIO-X6/Cell observer/Maria Jesus/MJS_HE_0522/ID21H_40x_LV1.czi,AE-biomaGUNE-0522,Maria Jesus,,0522,21,ID21H_40x_LV1.czi,tissue,CELL_ID21H_40x_LV1.czi,Historical drive ingest 2026 (drive1_FRIO-X6); project / researcher / operator / subject decided per file before ingest (tasks/drives_ingest_dryrun_review.md). Claim: CONFIRMED.,50fca7f8a40195495fef077dc36e3cfdd136de21e63c49948e6379dfb5b192e3,CONFIRMED
drive1_FRIO-X6/Cell observer/Maria Jesus/MJS_HE_0522/ID21H_40x_LV2.czi,AE-biomaGUNE-0522,Maria Jesus,,0522,21,ID21H_40x_LV2.czi,tissue,CELL_ID21H_40x_LV2.czi,Historical drive ingest 2026 (drive1_FRIO-X6); project / researcher / operator / subject decided per file before ingest (tasks/drives_ingest_dryrun_review.md). Claim: CONFIRMED.,ad23e8c059d24762507f331d72381125fa9383b94bd09ddaab476ca8819f48a3,CONFIRMED
drive1_FRIO-X6/Cell observer/Maria Jesus/MJS_HE_0522/ID21H_40x_LV3.czi,AE-biomaGUNE-0522,Maria Jesus,,0522,21,ID21H_40x_LV3.czi,tissue,CELL_ID21H_40x_LV3.czi,Historical drive ingest 2026 (drive1_FRIO-X6); project / researcher / operator / subject decided per file before ingest (tasks/drives_ingest_dryrun_review.md). Claim: CONFIRMED.,c1b86323892ea8e31d2c27d542a66eddcc80597836b30daa64fdae670c196728,CONFIRMED
drive1_FRIO-X6/Cell observer/Maria Jesus/MJS_HE_0522/ID21H_40x_RV1.czi,AE-biomaGUNE-0522,Maria Jesus,,0522,21,ID21H_40x_RV1.czi,tissue,CELL_ID21H_40x_RV1.czi,Historical drive ingest 2026 (drive1_FRIO-X6); project / researcher / operator / subject decided per file before ingest (tasks/drives_ingest_dryrun_review.md). Claim: CONFIRMED.,5276c17e56d84e13d8a9e5c180a9332bdd695d7298dea30d032526ed4dd597ed,CONFIRMED
drive1_FRIO-X6/Cell observer/Maria Jesus/MJS_HE_0522/ID21H_40x_RV2.czi,AE-biomaGUNE-0522,Maria Jesus,,0522,21,ID21H_40x_RV2.czi,tissue,CELL_ID21H_40x_RV2.czi,Historical drive ingest 2026 (drive1_FRIO-X6); project / researcher / operator / subject decided per file before ingest (tasks/drives_ingest_dryrun_review.md). Claim: CONFIRMED.,5d40338eb2a487cf4ee16d9d9f09c1484ca07c350ef27c9572cb6e13ce327cb0,CONFIRMED
drive1_FRIO-X6/Cell observer/Maria Jesus/MJS_HE_0522/ID29H_10x.czi,AE-biomaGUNE-0522,Maria Jesus,,0522,29,ID29H_10x.czi,tissue,CELL_ID29H_10x.czi,Historical drive ingest 2026 (drive1_FRIO-X6); project / researcher / operator / subject decided per file before ingest (tasks/drives_ingest_dryrun_review.md). Claim: CONFIRMED.,efd8af71873c00a333f1e3c1bbe65a3d940fa437ca2a9e844872a4b469b6c360,CONFIRMED
drive1_FRIO-X6/Cell observer/Maria Jesus/MJS_HE_0522/ID29H_40x_LV1.czi,AE-biomaGUNE-0522,Maria Jesus,,0522,29,ID29H_40x_LV1.czi,tissue,CELL_ID29H_40x_LV1.czi,Historical drive ingest 2026 (drive1_FRIO-X6); project / researcher / operator / subject decided per file before ingest (tasks/drives_ingest_dryrun_review.md). Claim: CONFIRMED.,f040f2458ef22d7b426f3c327d1964e84116b165ae3e73a95aeff92d9d8bf906,CONFIRMED
drive1_FRIO-X6/Cell observer/Maria Jesus/MJS_HE_0522/ID29H_40x_LV2.czi,AE-biomaGUNE-0522,Maria Jesus,,0522,29,ID29H_40x_LV2.czi,tissue,CELL_ID29H_40x_LV2.czi,Historical drive ingest 2026 (drive1_FRIO-X6); project / researcher / operator / subject decided per file before ingest (tasks/drives_ingest_dryrun_review.md). Claim: CONFIRMED.,032b21f746a1a5ffe02866594182b699ea336bd0aecd8d867363422a4fabac5e,CONFIRMED
drive1_FRIO-X6/Cell observer/Maria Jesus/MJS_HE_0522/ID29H_40x_RV1.czi,AE-biomaGUNE-0522,Maria Jesus,,0522,29,ID29H_40x_RV1.czi,tissue,CELL_ID29H_40x_RV1.czi,Historical drive ingest 2026 (drive1_FRIO-X6); project / researcher / operator / subject decided per file before ingest (tasks/drives_ingest_dryrun_review.md). Claim: CONFIRMED.,6803d0a375cc423f0cec2f177646200a9a495e33b67229e474a09abbda4cf7f0,CONFIRMED
drive1_FRIO-X6/Cell observer/Maria Jesus/MJS_HE_0522/ID29H_40x_RV2.czi,AE-biomaGUNE-0522,Maria Jesus,,0522,29,ID29H_40x_RV2.czi,tissue,CELL_ID29H_40x_RV2.czi,Historical drive ingest 2026 (drive1_FRIO-X6); project / researcher / operator / subject decided per file before ingest (tasks/drives_ingest_dryrun_review.md). Claim: CONFIRMED.,c2972c154b2830aad45e1f0685534e319cf719d326b0533a6fa2ec995cc9acac,CONFIRMED
drive1_FRIO-X6/Cell observer/Maria Jesus/MJS_HE_0522/ID35H_10x.czi,AE-biomaGUNE-0522,Maria Jesus,,0522,35,ID35H_10x.czi,tissue,CELL_ID35H_10x.czi,Historical drive ingest 2026 (drive1_FRIO-X6); project / researcher / operator / subject decided per file before ingest (tasks/drives_ingest_dryrun_review.md). Claim: CONFIRMED.,d645520694d4610559de6e03401186707d005b38a10d82134faeb669fd8cd929,CONFIRMED
drive1_FRIO-X6/Cell observer/Maria Jesus/MJS_HE_0522/ID35H_40x_LV1.czi,AE-biomaGUNE-0522,Maria Jesus,,0522,35,ID35H_40x_LV1.czi,tissue,CELL_ID35H_40x_LV1.czi,Historical drive ingest 2026 (drive1_FRIO-X6); project / researcher / operator / subject decided per file before ingest (tasks/drives_ingest_dryrun_review.md). Claim: CONFIRMED.,5b2b4863a6a500ac73279c0517beb0f25c84c1486f1b08c3b5d579f43ddeb62f,CONFIRMED
drive1_FRIO-X6/Cell observer/Maria Jesus/MJS_HE_0522/ID35H_40x_LV2.czi,AE-biomaGUNE-0522,Maria Jesus,,0522,35,ID35H_40x_LV2.czi,tissue,CELL_ID35H_40x_LV2.czi,Historical drive ingest 2026 (drive1_FRIO-X6); project / researcher / operator / subject decided per file before ingest (tasks/drives_ingest_dryrun_review.md). Claim: CONFIRMED.,b9a54c4ef0b2955306d6e8c9a138374ea7ba3237d01cc4f884bc0915c6f353f2,CONFIRMED
drive1_FRIO-X6/Cell observer/Maria Jesus/MJS_HE_0522/ID35H_40x_RV1.czi,AE-biomaGUNE-0522,Maria Jesus,,0522,35,ID35H_40x_RV1.czi,tissue,CELL_ID35H_40x_RV1.czi,Historical drive ingest 2026 (drive1_FRIO-X6); project / researcher / operator / subject decided per file before ingest (tasks/drives_ingest_dryrun_review.md). Claim: CONFIRMED.,5a190184094b5109c95a7911c9ff8fb31cc154413b9ac354dd6d6cd3ba4fa53f,CONFIRMED
drive1_FRIO-X6/Cell observer/Maria Jesus/MJS_HE_0522/ID35H_40x_RV2.czi,AE-biomaGUNE-0522,Maria Jesus,,0522,35,ID35H_40x_RV2.czi,tissue,CELL_ID35H_40x_RV2.czi,Historical drive ingest 2026 (drive1_FRIO-X6); project / researcher / operator / subject decided per file before ingest (tasks/drives_ingest_dryrun_review.md). Claim: CONFIRMED.,d801575b45671f3d83a9dff6a2e726d27975bc8da2f9fd636d2f6b8c51b78eaa,CONFIRMED
drive1_FRIO-X6/Cell observer/Maria Jesus/MJS_HE_0522/ID3H_10x_1.czi,AE-biomaGUNE-0522,Maria Jesus,,0522,3,ID3H_10x_1.czi,tissue,CELL_ID3H_10x_1.czi,Historical drive ingest 2026 (drive1_FRIO-X6); project / researcher / operator / subject decided per file before ingest (tasks/drives_ingest_dryrun_review.md). Claim: CONFIRMED.,3932ade1b811e5561cf8e6601276fecf58953efb76f8b67ddd168a8c56b9950d,CONFIRMED
drive1_FRIO-X6/Cell observer/Maria Jesus/MJS_HE_0522/ID3H_10x_2.czi,AE-biomaGUNE-0522,Maria Jesus,,0522,3,ID3H_10x_2.czi,tissue,CELL_ID3H_10x_2.czi,Historical drive ingest 2026 (drive1_FRIO-X6); project / researcher / operator / subject decided per file before ingest (tasks/drives_ingest_dryrun_review.md). Claim: CONFIRMED.,a1cf5201ffc3d2a425c4a9cd74478be12fbf6439970d24788e1d53c66a45a5d5,CONFIRMED
drive1_FRIO-X6/Cell observer/Maria Jesus/MJS_HE_0522/ID3H_40x_LV1.czi,AE-biomaGUNE-0522,Maria Jesus,,0522,3,ID3H_40x_LV1.czi,tissue,CELL_ID3H_40x_LV1.czi,Historical drive ingest 2026 (drive1_FRIO-X6); project / researcher / operator / subject decided per file before ingest (tasks/drives_ingest_dryrun_review.md). Claim: CONFIRMED.,0cfeffd156f3172309c5c58427396cd7029ceaa610dc487fa54ca6ff6054d6ed,CONFIRMED
drive1_FRIO-X6/Cell observer/Maria Jesus/MJS_HE_0522/ID3H_40x_LV2.czi,AE-biomaGUNE-0522,Maria Jesus,,0522,3,ID3H_40x_LV2.czi,tissue,CELL_ID3H_40x_LV2.czi,Historical drive ingest 2026 (drive1_FRIO-X6); project / researcher / operator / subject decided per file before ingest (tasks/drives_ingest_dryrun_review.md). Claim: CONFIRMED.,61880b5e932a51368d0335e976f6faf60ea47528bdb0540b8ed7c00334a8df8e,CONFIRMED
drive1_FRIO-X6/Cell observer/Maria Jesus/MJS_HE_0522/ID3H_40x_RV1.czi,AE-biomaGUNE-0522,Maria Jesus,,0522,3,ID3H_40x_RV1.czi,tissue,CELL_ID3H_40x_RV1.czi,Historical drive ingest 2026 (drive1_FRIO-X6); project / researcher / operator / subject decided per file before ingest (tasks/drives_ingest_dryrun_review.md). Claim: CONFIRMED.,3467f151fcb356424b6e47410db1b47ada333f9bf22be57b88f204af547df7f5,CONFIRMED
drive1_FRIO-X6/Cell observer/Maria Jesus/MJS_HE_0522/ID3H_40x_RV2.czi,AE-biomaGUNE-0522,Maria Jesus,,0522,3,ID3H_40x_RV2.czi,tissue,CELL_ID3H_40x_RV2.czi,Historical drive ingest 2026 (drive1_FRIO-X6); project / researcher / operator / subject decided per file before ingest (tasks/drives_ingest_dryrun_review.md). Claim: CONFIRMED.,020a9b3299022d307df868a62a2fffc917716e0e4da2388a609d635e52593f70,CONFIRMED
drive1_FRIO-X6/Cell observer/Maria Jesus/MJS_HE_0522/ID5H_10x.czi,AE-biomaGUNE-0522,Maria Jesus,,0522,5,ID5H_10x.czi,tissue,CELL_ID5H_10x.czi,Historical drive ingest 2026 (drive1_FRIO-X6); project / researcher / operator / subject decided per file before ingest (tasks/drives_ingest_dryrun_review.md). Claim: CONFIRMED.,37365bdc7d4c331d32f69004cb024fd96943ca00140224fefbc95e7056032068,CONFIRMED
drive1_FRIO-X6/Cell observer/Maria Jesus/MJS_HE_0522/ID5H_40x_LV1.czi,AE-biomaGUNE-0522,Maria Jesus,,0522,5,ID5H_40x_LV1.czi,tissue,CELL_ID5H_40x_LV1.czi,Historical drive ingest 2026 (drive1_FRIO-X6); project / researcher / operator / subject decided per file before ingest (tasks/drives_ingest_dryrun_review.md). Claim: CONFIRMED.,984d637262f9287cc5aef465111cdafd04e2b6183a48e20b640b1e09a3cbe058,CONFIRMED
drive1_FRIO-X6/Cell observer/Maria Jesus/MJS_HE_0522/ID5H_40x_LV2.czi,AE-biomaGUNE-0522,Maria Jesus,,0522,5,ID5H_40x_LV2.czi,tissue,CELL_ID5H_40x_LV2.czi,Historical drive ingest 2026 (drive1_FRIO-X6); project / researcher / operator / subject decided per file before ingest (tasks/drives_ingest_dryrun_review.md). Claim: CONFIRMED.,bb11240d483e4bf783b15e74c04eb789f78609339f185f5be1d5afe2259b80ff,CONFIRMED
drive1_FRIO-X6/Cell observer/Maria Jesus/MJS_HE_0522/ID5H_40x_RV1.czi,AE-biomaGUNE-0522,Maria Jesus,,0522,5,ID5H_40x_RV1.czi,tissue,CELL_ID5H_40x_RV1.czi,Historical drive ingest 2026 (drive1_FRIO-X6); project / researcher / operator / subject decided per file before ingest (tasks/drives_ingest_dryrun_review.md). Claim: CONFIRMED.,9c31603d64afa0cd15326c7cbe05c0c65ab49e7aaad83485e1c73186a5c16d9b,CONFIRMED
drive1_FRIO-X6/Cell observer/Maria Jesus/MJS_HE_0522/ID5H_40x_RV2.czi,AE-biomaGUNE-0522,Maria Jesus,,0522,5,ID5H_40x_RV2.czi,tissue,CELL_ID5H_40x_RV2.czi,Historical drive ingest 2026 (drive1_FRIO-X6); project / researcher / operator / subject decided per file before ingest (tasks/drives_ingest_dryrun_review.md). Claim: CONFIRMED.,63180faa2193658fc6a5149d7a1623123b72d9783562f2524e5b121fff5f5dab,CONFIRMED
drive1_FRIO-X6/Cell observer/Maria Jesus/MJS_HE_0522/ID8H_10x.czi,AE-biomaGUNE-0522,Maria Jesus,,0522,8,ID8H_10x.czi,tissue,CELL_ID8H_10x.czi,Historical drive ingest 2026 (drive1_FRIO-X6); project / researcher / operator / subject decided per file before ingest (tasks/drives_ingest_dryrun_review.md). Claim: CONFIRMED.,3cb19cf30b8f0d30b7a19e4641397971aa423e9a456e1eec7d6e8113b5f6a4d6,CONFIRMED
drive1_FRIO-X6/Cell observer/Maria Jesus/MJS_HE_0522/ID8H_40x_LV1.czi,AE-biomaGUNE-0522,Maria Jesus,,0522,8,ID8H_40x_LV1.czi,tissue,CELL_ID8H_40x_LV1.czi,Historical drive ingest 2026 (drive1_FRIO-X6); project / researcher / operator / subject decided per file before ingest (tasks/drives_ingest_dryrun_review.md). Claim: CONFIRMED.,dab95d737f21d6d9dbd5bc0daf85ee96b10a39896333f694c882a187da5a6f39,CONFIRMED
drive1_FRIO-X6/Cell observer/Maria Jesus/MJS_HE_0522/ID8H_40x_LV2.czi,AE-biomaGUNE-0522,Maria Jesus,,0522,8,ID8H_40x_LV2.czi,tissue,CELL_ID8H_40x_LV2.czi,Historical drive ingest 2026 (drive1_FRIO-X6); project / researcher / operator / subject decided per file before ingest (tasks/drives_ingest_dryrun_review.md). Claim: CONFIRMED.,5e73b5df5a4a554568086dab3f8be0a8be02d82d6470557e8c818a33d3783324,CONFIRMED
drive1_FRIO-X6/Cell observer/Maria Jesus/MJS_HE_0522/ID8H_40x_RV1.czi,AE-biomaGUNE-0522,Maria Jesus,,0522,8,ID8H_40x_RV1.czi,tissue,CELL_ID8H_40x_RV1.czi,Historical drive ingest 2026 (drive1_FRIO-X6); project / researcher / operator / subject decided per file before ingest (tasks/drives_ingest_dryrun_review.md). Claim: CONFIRMED.,5e0760824e0430a88c92d24b1b654e9ff70176ea40d53bdc9806708535feea24,CONFIRMED
drive1_FRIO-X6/Cell observer/Maria Jesus/MJS_HE_0522/ID8H_40x_RV2.czi,AE-biomaGUNE-0522,Maria Jesus,,0522,8,ID8H_40x_RV2.czi,tissue,CELL_ID8H_40x_RV2.czi,Historical drive ingest 2026 (drive1_FRIO-X6); project / researcher / operator / subject decided per file before ingest (tasks/drives_ingest_dryrun_review.md). Claim: CONFIRMED.,a7586081f591485a326daf581aeb4e7787ca18ad1bb572a25be56e717835e305,CONFIRMED
drive1_FRIO-X6/Cell observer/Maria Jesus/MJS_TM_0522/TM_ID15H_10x.czi,AE-biomaGUNE-0522,Maria Jesus,,0522,15,TM_ID15H_10x.czi,tissue,CELL_TM_ID15H_10x.czi,Historical drive ingest 2026 (drive1_FRIO-X6); project / researcher / operator / subject decided per file before ingest (tasks/drives_ingest_dryrun_review.md). Claim: CONFIRMED.,a543996cec31d5fbc2e0f9cfbc38e1e02d5a6977b716a7ab1b0f0714f9bb19f0,CONFIRMED
drive1_FRIO-X6/Cell observer/Maria Jesus/MJS_TM_0522/TM_ID15H_40x_LV1.czi,AE-biomaGUNE-0522,Maria Jesus,,0522,15,TM_ID15H_40x_LV1.czi,tissue,CELL_TM_ID15H_40x_LV1.czi,Historical drive ingest 2026 (drive1_FRIO-X6); project / researcher / operator / subject decided per file before ingest (tasks/drives_ingest_dryrun_review.md). Claim: CONFIRMED.,d6397fd7142f03e785f6e53951009a827fcd1a1541a87c2acfbc9239517ea7e1,CONFIRMED
drive1_FRIO-X6/Cell observer/Maria Jesus/MJS_TM_0522/TM_ID15H_40x_LV2.czi,AE-biomaGUNE-0522,Maria Jesus,,0522,15,TM_ID15H_40x_LV2.czi,tissue,CELL_TM_ID15H_40x_LV2.czi,Historical drive ingest 2026 (drive1_FRIO-X6); project / researcher / operator / subject decided per file before ingest (tasks/drives_ingest_dryrun_review.md). Claim: CONFIRMED.,b07063f688964a25a31796819816687716e403f27fcb4fcca686da8f43b9b04a,CONFIRMED
drive1_FRIO-X6/Cell observer/Maria Jesus/MJS_TM_0522/TM_ID15H_40x_RV1.czi,AE-biomaGUNE-0522,Maria Jesus,,0522,15,TM_ID15H_40x_RV1.czi,tissue,CELL_TM_ID15H_40x_RV1.czi,Historical drive ingest 2026 (drive1_FRIO-X6); project / researcher / operator / subject decided per file before ingest (tasks/drives_ingest_dryrun_review.md). Claim: CONFIRMED.,5a2fb9bc7e57cbc6bd65fd659213225f29b707b872ab8e94f3942230820974b2,CONFIRMED
drive1_FRIO-X6/Cell observer/Maria Jesus/MJS_TM_0522/TM_ID15H_40x_RV2.czi,AE-biomaGUNE-0522,Maria Jesus,,0522,15,TM_ID15H_40x_RV2.czi,tissue,CELL_TM_ID15H_40x_RV2.czi,Historical drive ingest 2026 (drive1_FRIO-X6); project / researcher / operator / subject decided per file before ingest (tasks/drives_ingest_dryrun_review.md). Claim: CONFIRMED.,5d1815a4bc8d1af54c38a4dad507810708a5928db416a0f0faa24e71369d007d,CONFIRMED
drive1_FRIO-X6/Cell observer/Maria Jesus/MJS_TM_0522/TM_ID21H_10x.czi,AE-biomaGUNE-0522,Maria Jesus,,0522,21,TM_ID21H_10x.czi,tissue,CELL_TM_ID21H_10x.czi,Historical drive ingest 2026 (drive1_FRIO-X6); project / researcher / operator / subject decided per file before ingest (tasks/drives_ingest_dryrun_review.md). Claim: CONFIRMED.,4bd1c2ef2d78acdd3d4ae0881abde62428dfb41c108043a9f93f14cd9998a132,CONFIRMED
drive1_FRIO-X6/Cell observer/Maria Jesus/MJS_TM_0522/TM_ID21H_40x_LV1.czi,AE-biomaGUNE-0522,Maria Jesus,,0522,21,TM_ID21H_40x_LV1.czi,tissue,CELL_TM_ID21H_40x_LV1.czi,Historical drive ingest 2026 (drive1_FRIO-X6); project / researcher / operator / subject decided per file before ingest (tasks/drives_ingest_dryrun_review.md). Claim: CONFIRMED.,f440777c6a5393167966ce60e9160f53f186d131fc7037c6c0eabfb580d24637,CONFIRMED
drive1_FRIO-X6/Cell observer/Maria Jesus/MJS_TM_0522/TM_ID21H_40x_LV2.czi,AE-biomaGUNE-0522,Maria Jesus,,0522,21,TM_ID21H_40x_LV2.czi,tissue,CELL_TM_ID21H_40x_LV2.czi,Historical drive ingest 2026 (drive1_FRIO-X6); project / researcher / operator / subject decided per file before ingest (tasks/drives_ingest_dryrun_review.md). Claim: CONFIRMED.,c0ba8d8c292cfe838832f22b7ee4feed18d4915b4e6c32357cd66fdacb0416b9,CONFIRMED
drive1_FRIO-X6/Cell observer/Maria Jesus/MJS_TM_0522/TM_ID21H_40x_RV1.czi,AE-biomaGUNE-0522,Maria Jesus,,0522,21,TM_ID21H_40x_RV1.czi,tissue,CELL_TM_ID21H_40x_RV1.czi,Historical drive ingest 2026 (drive1_FRIO-X6); project / researcher / operator / subject decided per file before ingest (tasks/drives_ingest_dryrun_review.md). Claim: CONFIRMED.,691e32903f1e17aa0617bfe4cba2788b4c10b67bf200f5787fc99c8ab2626c71,CONFIRMED
drive1_FRIO-X6/Cell observer/Maria Jesus/MJS_TM_0522/TM_ID21H_40x_RV2.czi,AE-biomaGUNE-0522,Maria Jesus,,0522,21,TM_ID21H_40x_RV2.czi,tissue,CELL_TM_ID21H_40x_RV2.czi,Historical drive ingest 2026 (drive1_FRIO-X6); project / researcher / operator / subject decided per file before ingest (tasks/drives_ingest_dryrun_review.md). Claim: CONFIRMED.,778fc86c55c34be06cfc3a373f44068769bea36fdcca88c28885b6a2e8cec6e7,CONFIRMED
drive1_FRIO-X6/Cell observer/Maria Jesus/MJS_TM_0522/TM_ID29H_10x.czi,AE-biomaGUNE-0522,Maria Jesus,,0522,29,TM_ID29H_10x.czi,tissue,CELL_TM_ID29H_10x.czi,Historical drive ingest 2026 (drive1_FRIO-X6); project / researcher / operator / subject decided per file before ingest (tasks/drives_ingest_dryrun_review.md). Claim: CONFIRMED.,65fd7af9e86603c6e2a453ca007aa348ee08ca9d7319cfec12de06b77cd70100,CONFIRMED
drive1_FRIO-X6/Cell observer/Maria Jesus/MJS_TM_0522/TM_ID29H_40x_LV1.czi,AE-biomaGUNE-0522,Maria Jesus,,0522,29,TM_ID29H_40x_LV1.czi,tissue,CELL_TM_ID29H_40x_LV1.czi,Historical drive ingest 2026 (drive1_FRIO-X6); project / researcher / operator / subject decided per file before ingest (tasks/drives_ingest_dryrun_review.md). Claim: CONFIRMED.,c328aefc9a756aeb1febd4cbfbc1e9944ab391a8893cd96e596afb2c7e58663c,CONFIRMED
drive1_FRIO-X6/Cell observer/Maria Jesus/MJS_TM_0522/TM_ID29H_40x_LV2.czi,AE-biomaGUNE-0522,Maria Jesus,,0522,29,TM_ID29H_40x_LV2.czi,tissue,CELL_TM_ID29H_40x_LV2.czi,Historical drive ingest 2026 (drive1_FRIO-X6); project / researcher / operator / subject decided per file before ingest (tasks/drives_ingest_dryrun_review.md). Claim: CONFIRMED.,4bbd642ed2892bd392d39747157703feb361c5ac6f67270e3707d46ad205f124,CONFIRMED
drive1_FRIO-X6/Cell observer/Maria Jesus/MJS_TM_0522/TM_ID29H_40x_RV1.czi,AE-biomaGUNE-0522,Maria Jesus,,0522,29,TM_ID29H_40x_RV1.czi,tissue,CELL_TM_ID29H_40x_RV1.czi,Historical drive ingest 2026 (drive1_FRIO-X6); project / researcher / operator / subject decided per file before ingest (tasks/drives_ingest_dryrun_review.md). Claim: CONFIRMED.,165c299fda517ab0088118a1ff56e986db47faf9a3482cbbecca322f50f80054,CONFIRMED
drive1_FRIO-X6/Cell observer/Maria Jesus/MJS_TM_0522/TM_ID29H_40x_RV2.czi,AE-biomaGUNE-0522,Maria Jesus,,0522,29,TM_ID29H_40x_RV2.czi,tissue,CELL_TM_ID29H_40x_RV2.czi,Historical drive ingest 2026 (drive1_FRIO-X6); project / researcher / operator / subject decided per file before ingest (tasks/drives_ingest_dryrun_review.md). Claim: CONFIRMED.,387cd76a9f2ca6c6132fe56efd9fe72c6feb348180471566983778bc4d816112,CONFIRMED
drive1_FRIO-X6/Cell observer/Maria Jesus/MJS_TM_0522/TM_ID35H_10x.czi,AE-biomaGUNE-0522,Maria Jesus,,0522,35,TM_ID35H_10x.czi,tissue,CELL_TM_ID35H_10x.czi,Historical drive ingest 2026 (drive1_FRIO-X6); project / researcher / operator / subject decided per file before ingest (tasks/drives_ingest_dryrun_review.md). Claim: CONFIRMED.,5ccfd29e92ccf5ed11c9b27754d43dc58c5e486de5b9684a07cc1b1232448a7d,CONFIRMED
drive1_FRIO-X6/Cell observer/Maria Jesus/MJS_TM_0522/TM_ID35H_40x_LV1.czi,AE-biomaGUNE-0522,Maria Jesus,,0522,35,TM_ID35H_40x_LV1.czi,tissue,CELL_TM_ID35H_40x_LV1.czi,Historical drive ingest 2026 (drive1_FRIO-X6); project / researcher / operator / subject decided per file before ingest (tasks/drives_ingest_dryrun_review.md). Claim: CONFIRMED.,2a323a2a0c65237a9d57d686355fef4b6c3cb00e58948f370d4370d1626146be,CONFIRMED
drive1_FRIO-X6/Cell observer/Maria Jesus/MJS_TM_0522/TM_ID35H_40x_LV2.czi,AE-biomaGUNE-0522,Maria Jesus,,0522,35,TM_ID35H_40x_LV2.czi,tissue,CELL_TM_ID35H_40x_LV2.czi,Historical drive ingest 2026 (drive1_FRIO-X6); project / researcher / operator / subject decided per file before ingest (tasks/drives_ingest_dryrun_review.md). Claim: CONFIRMED.,eaf6614acdcf1e4e14b3f10edb9cba323c38149b45c7415f6a51fc5ab48b4a5f,CONFIRMED
drive1_FRIO-X6/Cell observer/Maria Jesus/MJS_TM_0522/TM_ID35H_40x_RV1.czi,AE-biomaGUNE-0522,Maria Jesus,,0522,35,TM_ID35H_40x_RV1.czi,tissue,CELL_TM_ID35H_40x_RV1.czi,Historical drive ingest 2026 (drive1_FRIO-X6); project / researcher / operator / subject decided per file before ingest (tasks/drives_ingest_dryrun_review.md). Claim: CONFIRMED.,2d7d57b482b982df22f6245de7acfb23c471ab4cf141430b967f4e377ee6ea59,CONFIRMED
drive1_FRIO-X6/Cell observer/Maria Jesus/MJS_TM_0522/TM_ID35H_40x_RV2.czi,AE-biomaGUNE-0522,Maria Jesus,,0522,35,TM_ID35H_40x_RV2.czi,tissue,CELL_TM_ID35H_40x_RV2.czi,Historical drive ingest 2026 (drive1_FRIO-X6); project / researcher / operator / subject decided per file before ingest (tasks/drives_ingest_dryrun_review.md). Claim: CONFIRMED.,3fc9f462e7404e3817d7e07e4de04422b04e6544c1183737f4215e3135097042,CONFIRMED
drive1_FRIO-X6/Cell observer/Maria Jesus/MJS_TM_0522/TM_ID5H_10x.czi,AE-biomaGUNE-0522,Maria Jesus,,0522,5,TM_ID5H_10x.czi,tissue,CELL_TM_ID5H_10x.czi,Historical drive ingest 2026 (drive1_FRIO-X6); project / researcher / operator / subject decided per file before ingest (tasks/drives_ingest_dryrun_review.md). Claim: CONFIRMED.,6428b1df4c741021bf9b7ccd9f5389eabef56da1aafe61dde0a0d7f30e579431,CONFIRMED
drive1_FRIO-X6/Cell observer/Maria Jesus/MJS_TM_0522/TM_ID5H_40x_LV1.czi,AE-biomaGUNE-0522,Maria Jesus,,0522,5,TM_ID5H_40x_LV1.czi,tissue,CELL_TM_ID5H_40x_LV1.czi,Historical drive ingest 2026 (drive1_FRIO-X6); project / researcher / operator / subject decided per file before ingest (tasks/drives_ingest_dryrun_review.md). Claim: CONFIRMED.,b31d1349b6d5cec0f836298968cb7886970abd8fdc141d8de417e3a229b56593,CONFIRMED
drive1_FRIO-X6/Cell observer/Maria Jesus/MJS_TM_0522/TM_ID5H_40x_LV2.czi,AE-biomaGUNE-0522,Maria Jesus,,0522,5,TM_ID5H_40x_LV2.czi,tissue,CELL_TM_ID5H_40x_LV2.czi,Historical drive ingest 2026 (drive1_FRIO-X6); project / researcher / operator / subject decided per file before ingest (tasks/drives_ingest_dryrun_review.md). Claim: CONFIRMED.,3fcd2c6d55e36cea8a3a6670f9f3b5af048d747af24464afc068198f0d5873cc,CONFIRMED
drive1_FRIO-X6/Cell observer/Maria Jesus/MJS_TM_0522/TM_ID5H_40x_RV1.czi,AE-biomaGUNE-0522,Maria Jesus,,0522,5,TM_ID5H_40x_RV1.czi,tissue,CELL_TM_ID5H_40x_RV1.czi,Historical drive ingest 2026 (drive1_FRIO-X6); project / researcher / operator / subject decided per file before ingest (tasks/drives_ingest_dryrun_review.md). Claim: CONFIRMED.,dedcfc94be4e6a747ed8f9868f94c87bfd081c6e2e203a3fb2386f080497e365,CONFIRMED
drive1_FRIO-X6/Cell observer/Maria Jesus/MJS_TM_0522/TM_ID5H_40x_RV2.czi,AE-biomaGUNE-0522,Maria Jesus,,0522,5,TM_ID5H_40x_RV2.czi,tissue,CELL_TM_ID5H_40x_RV2.czi,Historical drive ingest 2026 (drive1_FRIO-X6); project / researcher / operator / subject decided per file before ingest (tasks/drives_ingest_dryrun_review.md). Claim: CONFIRMED.,a553e66a06165b3609fef41915b0a1ee067604abc06dd3b02cb842f93cebd1a6,CONFIRMED
drive1_FRIO-X6/Cell observer/Maria Jesus/MJS_TM_0522/TM_ID8H_10x.czi,AE-biomaGUNE-0522,Maria Jesus,,0522,8,TM_ID8H_10x.czi,tissue,CELL_TM_ID8H_10x.czi,Historical drive ingest 2026 (drive1_FRIO-X6); project / researcher / operator / subject decided per file before ingest (tasks/drives_ingest_dryrun_review.md). Claim: CONFIRMED.,e8acdb9ecc9503045106848bbae7256cafb99424ad536d8d15300df421af9881,CONFIRMED
drive1_FRIO-X6/Cell observer/Maria Jesus/MJS_TM_0522/TM_ID8H_40x_LV1.czi,AE-biomaGUNE-0522,Maria Jesus,,0522,8,TM_ID8H_40x_LV1.czi,tissue,CELL_TM_ID8H_40x_LV1.czi,Historical drive ingest 2026 (drive1_FRIO-X6); project / researcher / operator / subject decided per file before ingest (tasks/drives_ingest_dryrun_review.md). Claim: CONFIRMED.,6aa3575f31d733a7c5672cdcfe2f018f74c72dcee932c5a142f5b91800cb99f8,CONFIRMED
drive1_FRIO-X6/Cell observer/Maria Jesus/MJS_TM_0522/TM_ID8H_40x_LV2.czi,AE-biomaGUNE-0522,Maria Jesus,,0522,8,TM_ID8H_40x_LV2.czi,tissue,CELL_TM_ID8H_40x_LV2.czi,Historical drive ingest 2026 (drive1_FRIO-X6); project / researcher / operator / subject decided per file before ingest (tasks/drives_ingest_dryrun_review.md). Claim: CONFIRMED.,cc14cd7ff74008ef451780fef26060f968a43ded37e5e5c99a357f692a588d03,CONFIRMED
drive1_FRIO-X6/Cell observer/Maria Jesus/MJS_TM_0522/TM_ID8H_40x_RV1.czi,AE-biomaGUNE-0522,Maria Jesus,,0522,8,TM_ID8H_40x_RV1.czi,tissue,CELL_TM_ID8H_40x_RV1.czi,Historical drive ingest 2026 (drive1_FRIO-X6); project / researcher / operator / subject decided per file before ingest (tasks/drives_ingest_dryrun_review.md). Claim: CONFIRMED.,acf33db9a94d181d875b949195ddb8dfe3e603b5905086d986b8bf7ba4c662bb,CONFIRMED
drive1_FRIO-X6/Cell observer/Maria Jesus/MJS_TM_0522/TM_ID8H_40x_RV2.czi,AE-biomaGUNE-0522,Maria Jesus,,0522,8,TM_ID8H_40x_RV2.czi,tissue,CELL_TM_ID8H_40x_RV2.czi,Historical drive ingest 2026 (drive1_FRIO-X6); project / researcher / operator / subject decided per file before ingest (tasks/drives_ingest_dryrun_review.md). Claim: CONFIRMED.,f74f7590548db33e5c3ac4ab26b9f01a9fd46111ca26e7d83f4cf12a1dff864c,CONFIRMED
drive1_FRIO-X6/Cell observer/Maria Jesus/MJS_TM_0619/TM_ID175H_10x.czi,AE-biomaGUNE-0619,Maria Jesus,,0619,175,TM_ID175H_10x.czi,tissue,CELL_TM_ID175H_10x.czi,Historical drive ingest 2026 (drive1_FRIO-X6); project / researcher / operator / subject decided per file before ingest (tasks/drives_ingest_dryrun_review.md). Claim: CONFIRMED.,84d620521568e43a760fd941ef5a23942f74f855651b5d4259cf90bc60cdcbc5,CONFIRMED
drive1_FRIO-X6/Cell observer/Maria Jesus/MJS_TM_0619/TM_ID175H_40x_LV1.czi,AE-biomaGUNE-0619,Maria Jesus,,0619,175,TM_ID175H_40x_LV1.czi,tissue,CELL_TM_ID175H_40x_LV1.czi,Historical drive ingest 2026 (drive1_FRIO-X6); project / researcher / operator / subject decided per file before ingest (tasks/drives_ingest_dryrun_review.md). Claim: CONFIRMED.,9a8fa88c0ad2ecbe405559c1d0b31f856e9a070b7c966a26e4c265f311b46bd1,CONFIRMED
drive1_FRIO-X6/Cell observer/Maria Jesus/MJS_TM_0619/TM_ID175H_40x_LV2.czi,AE-biomaGUNE-0619,Maria Jesus,,0619,175,TM_ID175H_40x_LV2.czi,tissue,CELL_TM_ID175H_40x_LV2.czi,Historical drive ingest 2026 (drive1_FRIO-X6); project / researcher / operator / subject decided per file before ingest (tasks/drives_ingest_dryrun_review.md). Claim: CONFIRMED.,9e4c0aba5632df859aaa958321340f15312c20bde8b2654b3c9e2abaa0eebbb5,CONFIRMED
drive1_FRIO-X6/Cell observer/Maria Jesus/MJS_TM_0619/TM_ID175H_40x_RV1.czi,AE-biomaGUNE-0619,Maria Jesus,,0619,175,TM_ID175H_40x_RV1.czi,tissue,CELL_TM_ID175H_40x_RV1.czi,Historical drive ingest 2026 (drive1_FRIO-X6); project / researcher / operator / subject decided per file before ingest (tasks/drives_ingest_dryrun_review.md). Claim: CONFIRMED.,f33672b1643b7fc416efacf11c27c1f0cde74ada989da5204ee488402b97b621,CONFIRMED
drive1_FRIO-X6/Cell observer/Maria Jesus/MJS_TM_0619/TM_ID175H_40x_RV2.czi,AE-biomaGUNE-0619,Maria Jesus,,0619,175,TM_ID175H_40x_RV2.czi,tissue,CELL_TM_ID175H_40x_RV2.czi,Historical drive ingest 2026 (drive1_FRIO-X6); project / researcher / operator / subject decided per file before ingest (tasks/drives_ingest_dryrun_review.md). Claim: CONFIRMED.,562f45c9247d7dddc1f7f9ad27ddbe1377a4d33af613f5cb915a8dd828845bf6,CONFIRMED
drive1_FRIO-X6/Cell observer/Maria Jesus/MJS_TM_0619/TM_ID182H_10x.czi,AE-biomaGUNE-0619,Maria Jesus,,0619,182,TM_ID182H_10x.czi,tissue,CELL_TM_ID182H_10x.czi,Historical drive ingest 2026 (drive1_FRIO-X6); project / researcher / operator / subject decided per file before ingest (tasks/drives_ingest_dryrun_review.md). Claim: CONFIRMED.,31fd8a8d2090f6e387eab347b634f989642adf52c64a1b0024518dd48109dd4c,CONFIRMED
drive1_FRIO-X6/Cell observer/Maria Jesus/MJS_TM_0619/TM_ID182H_10x_2.czi,AE-biomaGUNE-0619,Maria Jesus,,0619,182,TM_ID182H_10x_2.czi,tissue,CELL_TM_ID182H_10x_2.czi,Historical drive ingest 2026 (drive1_FRIO-X6); project / researcher / operator / subject decided per file before ingest (tasks/drives_ingest_dryrun_review.md). Claim: CONFIRMED.,2d0c488e22e7008a6e9f78cedef3d6c3d83d3b8e48f5004eb6d792a338b7ff55,CONFIRMED
drive1_FRIO-X6/Cell observer/Maria Jesus/MJS_TM_0619/TM_ID182H_40x_LV1.czi,AE-biomaGUNE-0619,Maria Jesus,,0619,182,TM_ID182H_40x_LV1.czi,tissue,CELL_TM_ID182H_40x_LV1.czi,Historical drive ingest 2026 (drive1_FRIO-X6); project / researcher / operator / subject decided per file before ingest (tasks/drives_ingest_dryrun_review.md). Claim: CONFIRMED.,6b56ac948737180dc1f7c09cc7acfebacb74b3de6fad9a519f70ad9f949b0a73,CONFIRMED
drive1_FRIO-X6/Cell observer/Maria Jesus/MJS_TM_0619/TM_ID182H_40x_LV2.czi,AE-biomaGUNE-0619,Maria Jesus,,0619,182,TM_ID182H_40x_LV2.czi,tissue,CELL_TM_ID182H_40x_LV2.czi,Historical drive ingest 2026 (drive1_FRIO-X6); project / researcher / operator / subject decided per file before ingest (tasks/drives_ingest_dryrun_review.md). Claim: CONFIRMED.,f60689b4209f0d8e167cda69fb9ed251a59a427baccac5146fd783bd4b8fb337,CONFIRMED
drive1_FRIO-X6/Cell observer/Maria Jesus/MJS_TM_0619/TM_ID182H_40x_RV1.czi,AE-biomaGUNE-0619,Maria Jesus,,0619,182,TM_ID182H_40x_RV1.czi,tissue,CELL_TM_ID182H_40x_RV1.czi,Historical drive ingest 2026 (drive1_FRIO-X6); project / researcher / operator / subject decided per file before ingest (tasks/drives_ingest_dryrun_review.md). Claim: CONFIRMED.,018ae681de6819277ae326281e9d6529cd176d3ef55b714c50584b8c157b111a,CONFIRMED
drive1_FRIO-X6/Cell observer/Maria Jesus/MJS_TM_0619/TM_ID182H_40x_RV2.czi,AE-biomaGUNE-0619,Maria Jesus,,0619,182,TM_ID182H_40x_RV2.czi,tissue,CELL_TM_ID182H_40x_RV2.czi,Historical drive ingest 2026 (drive1_FRIO-X6); project / researcher / operator / subject decided per file before ingest (tasks/drives_ingest_dryrun_review.md). Claim: CONFIRMED.,9ff14c7844dfb09b3d361e439b214dbbbf8b31be5889eb111beff52a68492755,CONFIRMED
drive1_FRIO-X6/Cell observer/Maria Jesus/MJS_TM_0619/TM_ID188H_10x.czi,AE-biomaGUNE-0619,Maria Jesus,,0619,188,TM_ID188H_10x.czi,tissue,CELL_TM_ID188H_10x.czi,Historical drive ingest 2026 (drive1_FRIO-X6); project / researcher / operator / subject decided per file before ingest (tasks/drives_ingest_dryrun_review.md). Claim: CONFIRMED.,e56334a268e62ba3abb1ce251e8c2d33071947a86279702813efa184b148d0e8,CONFIRMED
drive1_FRIO-X6/Cell observer/Maria Jesus/MJS_TM_0619/TM_ID188H_40x_LV1.czi,AE-biomaGUNE-0619,Maria Jesus,,0619,188,TM_ID188H_40x_LV1.czi,tissue,CELL_TM_ID188H_40x_LV1.czi,Historical drive ingest 2026 (drive1_FRIO-X6); project / researcher / operator / subject decided per file before ingest (tasks/drives_ingest_dryrun_review.md). Claim: CONFIRMED.,a4bc080da84376dde2a524129c15e5f0220f28d13adf86e54ca211083a2a18a3,CONFIRMED
drive1_FRIO-X6/Cell observer/Maria Jesus/MJS_TM_0619/TM_ID188H_40x_LV2.czi,AE-biomaGUNE-0619,Maria Jesus,,0619,188,TM_ID188H_40x_LV2.czi,tissue,CELL_TM_ID188H_40x_LV2.czi,Historical drive ingest 2026 (drive1_FRIO-X6); project / researcher / operator / subject decided per file before ingest (tasks/drives_ingest_dryrun_review.md). Claim: CONFIRMED.,1c0ef93eb364a02e4ab32d9978658706fe82a686e5ed61b3e0a1d2257ea55f59,CONFIRMED
drive1_FRIO-X6/Cell observer/Maria Jesus/MJS_TM_0619/TM_ID188H_40x_RV1.czi,AE-biomaGUNE-0619,Maria Jesus,,0619,188,TM_ID188H_40x_RV1.czi,tissue,CELL_TM_ID188H_40x_RV1.czi,Historical drive ingest 2026 (drive1_FRIO-X6); project / researcher / operator / subject decided per file before ingest (tasks/drives_ingest_dryrun_review.md). Claim: CONFIRMED.,f2256127ccba7bd5279540991a8dc6203482019d4d33905715463b27e7d3bb4c,CONFIRMED
drive1_FRIO-X6/Cell observer/Maria Jesus/MJS_TM_0619/TM_ID188H_40x_RV2.czi,AE-biomaGUNE-0619,Maria Jesus,,0619,188,TM_ID188H_40x_RV2.czi,tissue,CELL_TM_ID188H_40x_RV2.czi,Historical drive ingest 2026 (drive1_FRIO-X6); project / researcher / operator / subject decided per file before ingest (tasks/drives_ingest_dryrun_review.md). Claim: CONFIRMED.,b47b1248689170ebfd6ece6aa13d1b0332261e98676625e8ed6f522a2ffdcf98,CONFIRMED
drive1_FRIO-X6/Cell observer/Maria Jesus/MJS_TM_0619/TM_ID195H_10x.czi,AE-biomaGUNE-0619,Maria Jesus,,0619,195,TM_ID195H_10x.czi,tissue,CELL_TM_ID195H_10x.czi,Historical drive ingest 2026 (drive1_FRIO-X6); project / researcher / operator / subject decided per file before ingest (tasks/drives_ingest_dryrun_review.md). Claim: CONFIRMED.,17da1cc03e9253df443fbcdaf784db237ce2f6d14b787f4f52b761737723f13e,CONFIRMED
drive1_FRIO-X6/Cell observer/Maria Jesus/MJS_TM_0619/TM_ID195H_40x_LV1.czi,AE-biomaGUNE-0619,Maria Jesus,,0619,195,TM_ID195H_40x_LV1.czi,tissue,CELL_TM_ID195H_40x_LV1.czi,Historical drive ingest 2026 (drive1_FRIO-X6); project / researcher / operator / subject decided per file before ingest (tasks/drives_ingest_dryrun_review.md). Claim: CONFIRMED.,cba671c20755566999b93d4e28d996b8656383c0b7e95f0676eda7f2596fe454,CONFIRMED
drive1_FRIO-X6/Cell observer/Maria Jesus/MJS_TM_0619/TM_ID195H_40x_LV2.czi,AE-biomaGUNE-0619,Maria Jesus,,0619,195,TM_ID195H_40x_LV2.czi,tissue,CELL_TM_ID195H_40x_LV2.czi,Historical drive ingest 2026 (drive1_FRIO-X6); project / researcher / operator / subject decided per file before ingest (tasks/drives_ingest_dryrun_review.md). Claim: CONFIRMED.,bf59158402096116247b1d45771d171a9ab340393ba8f8b551017b376b127577,CONFIRMED
drive1_FRIO-X6/Cell observer/Maria Jesus/MJS_TM_0619/TM_ID195H_40x_RV1.czi,AE-biomaGUNE-0619,Maria Jesus,,0619,195,TM_ID195H_40x_RV1.czi,tissue,CELL_TM_ID195H_40x_RV1.czi,Historical drive ingest 2026 (drive1_FRIO-X6); project / researcher / operator / subject decided per file before ingest (tasks/drives_ingest_dryrun_review.md). Claim: CONFIRMED.,082768c72d64cdd1b4ac53a04610394c7d660cc9da8d67267ac6151788662a47,CONFIRMED
drive1_FRIO-X6/Cell observer/Maria Jesus/MJS_TM_0619/TM_ID195H_40x_RV2.czi,AE-biomaGUNE-0619,Maria Jesus,,0619,195,TM_ID195H_40x_RV2.czi,tissue,CELL_TM_ID195H_40x_RV2.czi,Historical drive ingest 2026 (drive1_FRIO-X6); project / researcher / operator / subject decided per file before ingest (tasks/drives_ingest_dryrun_review.md). Claim: CONFIRMED.,8ee31ce5d2472d3b3a5e087ed050e1210303b35f38908c7b2706bc6e6d809f89,CONFIRMED
drive1_FRIO-X6/Cell observer/Maria Jesus/MJS_TM_0619/TM_ID203H_10x.czi,AE-biomaGUNE-0619,Maria Jesus,,0619,203,TM_ID203H_10x.czi,tissue,CELL_TM_ID203H_10x.czi,Historical drive ingest 2026 (drive1_FRIO-X6); project / researcher / operator / subject decided per file before ingest (tasks/drives_ingest_dryrun_review.md). Claim: CONFIRMED.,ce70269f5486dedd725bd56aed3dbcf01ba84e3fbd7dc76cec3768d5d815738b,CONFIRMED
drive1_FRIO-X6/Cell observer/Maria Jesus/MJS_TM_0619/TM_ID203H_40x_LV1.czi,AE-biomaGUNE-0619,Maria Jesus,,0619,203,TM_ID203H_40x_LV1.czi,tissue,CELL_TM_ID203H_40x_LV1.czi,Historical drive ingest 2026 (drive1_FRIO-X6); project / researcher / operator / subject decided per file before ingest (tasks/drives_ingest_dryrun_review.md). Claim: CONFIRMED.,a213aef6d034e5f8b1e574e235845c7982fe903682bcc0e74f630cd8ae2d9f78,CONFIRMED
drive1_FRIO-X6/Cell observer/Maria Jesus/MJS_TM_0619/TM_ID203H_40x_LV2.czi,AE-biomaGUNE-0619,Maria Jesus,,0619,203,TM_ID203H_40x_LV2.czi,tissue,CELL_TM_ID203H_40x_LV2.czi,Historical drive ingest 2026 (drive1_FRIO-X6); project / researcher / operator / subject decided per file before ingest (tasks/drives_ingest_dryrun_review.md). Claim: CONFIRMED.,c8e88ebe58aa08a5f5f796a19a09e872e24b3a140df2f332a2dd1e80f57b6678,CONFIRMED
drive1_FRIO-X6/Cell observer/Maria Jesus/MJS_TM_0619/TM_ID203H_40x_RV1.czi,AE-biomaGUNE-0619,Maria Jesus,,0619,203,TM_ID203H_40x_RV1.czi,tissue,CELL_TM_ID203H_40x_RV1.czi,Historical drive ingest 2026 (drive1_FRIO-X6); project / researcher / operator / subject decided per file before ingest (tasks/drives_ingest_dryrun_review.md). Claim: CONFIRMED.,f5988768346073c845c453ccfa432244f408f19ba35e4ff4cd4467de5d3cbe9a,CONFIRMED
drive1_FRIO-X6/Cell observer/Maria Jesus/MJS_TM_0619/TM_ID203H_40x_RV2.czi,AE-biomaGUNE-0619,Maria Jesus,,0619,203,TM_ID203H_40x_RV2.czi,tissue,CELL_TM_ID203H_40x_RV2.czi,Historical drive ingest 2026 (drive1_FRIO-X6); project / researcher / operator / subject decided per file before ingest (tasks/drives_ingest_dryrun_review.md). Claim: CONFIRMED.,e9cf2e0c6ebafe19356871afa22b08896805b8749e0d5857cd1a6aa4adf475c3,CONFIRMED
drive1_FRIO-X6/Cell observer/Maria Jesus/MJS_TM_0619/TM_ID209H_10x.czi,AE-biomaGUNE-0619,Maria Jesus,,0619,209,TM_ID209H_10x.czi,tissue,CELL_TM_ID209H_10x.czi,Historical drive ingest 2026 (drive1_FRIO-X6); project / researcher / operator / subject decided per file before ingest (tasks/drives_ingest_dryrun_review.md). Claim: CONFIRMED.,44e0bf07f2096b9720528d54472e4e1f9a67ca0db286b98f659c710da3113181,CONFIRMED
drive1_FRIO-X6/Cell observer/Maria Jesus/MJS_TM_0619/TM_ID209H_40x_LV1.czi,AE-biomaGUNE-0619,Maria Jesus,,0619,209,TM_ID209H_40x_LV1.czi,tissue,CELL_TM_ID209H_40x_LV1.czi,Historical drive ingest 2026 (drive1_FRIO-X6); project / researcher / operator / subject decided per file before ingest (tasks/drives_ingest_dryrun_review.md). Claim: CONFIRMED.,80a8c6321f047759b20e2fab38b1e2d889e4383edbb0ad03542f7aa5a0c84ec8,CONFIRMED
drive1_FRIO-X6/Cell observer/Maria Jesus/MJS_TM_0619/TM_ID209H_40x_LV2.czi,AE-biomaGUNE-0619,Maria Jesus,,0619,209,TM_ID209H_40x_LV2.czi,tissue,CELL_TM_ID209H_40x_LV2.czi,Historical drive ingest 2026 (drive1_FRIO-X6); project / researcher / operator / subject decided per file before ingest (tasks/drives_ingest_dryrun_review.md). Claim: CONFIRMED.,fa9c62e2ce1b5ffbc2c504c531f20545af3db6b5ba1cf7266054f512c5d4ad21,CONFIRMED
drive1_FRIO-X6/Cell observer/Maria Jesus/MJS_TM_0619/TM_ID209H_40x_RV1.czi,AE-biomaGUNE-0619,Maria Jesus,,0619,209,TM_ID209H_40x_RV1.czi,tissue,CELL_TM_ID209H_40x_RV1.czi,Historical drive ingest 2026 (drive1_FRIO-X6); project / researcher / operator / subject decided per file before ingest (tasks/drives_ingest_dryrun_review.md). Claim: CONFIRMED.,3f5f35fd608ca4a666621a867cbc77b8a9f63b86d06c8eb70d03c2c2665f878b,CONFIRMED
drive1_FRIO-X6/Cell observer/Maria Jesus/MJS_TM_0619/TM_ID209H_40x_RV2.czi,AE-biomaGUNE-0619,Maria Jesus,,0619,209,TM_ID209H_40x_RV2.czi,tissue,CELL_TM_ID209H_40x_RV2.czi,Historical drive ingest 2026 (drive1_FRIO-X6); project / researcher / operator / subject decided per file before ingest (tasks/drives_ingest_dryrun_review.md). Claim: CONFIRMED.,63bd17538d4fd25cc0e18a112bde4f295af1038f2e9474941a190e7b646522f6,CONFIRMED
drive1_FRIO-X6/Cell observer/Marta/Ekine/DAPI_Brain_0423_EO/ID4B(2)_0423_DAPI10x.czi,AE-biomaGUNE-0423,Ekine,Marta,0423,4,ID4B(2)_0423_DAPI10x.czi,tissue,CELL_ID4B(2)_0423_DAPI10x.czi,Historical drive ingest 2026 (drive1_FRIO-X6); project / researcher / operator / subject decided per file before ingest (tasks/drives_ingest_dryrun_review.md). Claim: CONFIRMED.,4d23a86246924c7c1e375a2633930a4f2d382b94f27502f8b389df57234b0168,CONFIRMED
drive1_FRIO-X6/Cell observer/Marta/Ekine/DAPI_Brain_0423_EO/ID4B(4)_0423_DAPI10x.czi,AE-biomaGUNE-0423,Ekine,Marta,0423,4,ID4B(4)_0423_DAPI10x.czi,tissue,CELL_ID4B(4)_0423_DAPI10x.czi,Historical drive ingest 2026 (drive1_FRIO-X6); project / researcher / operator / subject decided per file before ingest (tasks/drives_ingest_dryrun_review.md). Claim: CONFIRMED.,6d0ae1915b59b3d926a5ca8e8c170de06f2c4d2621aaf2d865b96ae0f3b1fd80,CONFIRMED
drive1_FRIO-X6/Cell observer/Marta/Ekine/DAPI_Brain_0423_EO/ID4B(6)_0423_DAPI10x.czi,AE-biomaGUNE-0423,Ekine,Marta,0423,4,ID4B(6)_0423_DAPI10x.czi,tissue,CELL_ID4B(6)_0423_DAPI10x.czi,Historical drive ingest 2026 (drive1_FRIO-X6); project / researcher / operator / subject decided per file before ingest (tasks/drives_ingest_dryrun_review.md). Claim: CONFIRMED.,ebca861519a9cf0ed9e29832c4c5fbfd939bc8f47296f0a287a9f94752538f04,CONFIRMED
drive1_FRIO-X6/Cell observer/Marta/Ekine/DAPI_Brain_0423_EO/ID4B(8)_0423_DAPI10x.czi,AE-biomaGUNE-0423,Ekine,Marta,0423,4,ID4B(8)_0423_DAPI10x.czi,tissue,CELL_ID4B(8)_0423_DAPI10x.czi,Historical drive ingest 2026 (drive1_FRIO-X6); project / researcher / operator / subject decided per file before ingest (tasks/drives_ingest_dryrun_review.md). Claim: CONFIRMED.,09dc1f1bc84e374076060077c068492413c70db144b076b97891d43b8a398764,CONFIRMED
drive1_FRIO-X6/Cell observer/Marta/Ekine/HE_10x_Brain/ID12B_0423_HE10x.czi,AE-biomaGUNE-0423,Ekine,Marta,0423,12,ID12B_0423_HE10x.czi,tissue,CELL_ID12B_0423_HE10x.czi,Historical drive ingest 2026 (drive1_FRIO-X6); project / researcher / operator / subject decided per file before ingest (tasks/drives_ingest_dryrun_review.md). Claim: CONFIRMED.,1f09fe668e4498a67e43a339d28b851ad7b583e3adcb6c9a0e128fa6338ae1fb,CONFIRMED
drive1_FRIO-X6/Cell observer/Marta/Ekine/HE_10x_Brain/ID5B_0423_HE10x.czi,AE-biomaGUNE-0423,Ekine,Marta,0423,5,ID5B_0423_HE10x.czi,tissue,CELL_ID5B_0423_HE10x.czi,Historical drive ingest 2026 (drive1_FRIO-X6); project / researcher / operator / subject decided per file before ingest (tasks/drives_ingest_dryrun_review.md). Claim: CONFIRMED.,3632ec0dcddbb1f8be79682ca8f97e288e79d6387be8f370ae6290ba8d7fb906,CONFIRMED
drive1_FRIO-X6/Cell observer/Marta/Ekine/HE_10x_Brain/ID6B_0423_HE10x.czi,AE-biomaGUNE-0423,Ekine,Marta,0423,6,ID6B_0423_HE10x.czi,tissue,CELL_ID6B_0423_HE10x.czi,Historical drive ingest 2026 (drive1_FRIO-X6); project / researcher / operator / subject decided per file before ingest (tasks/drives_ingest_dryrun_review.md). Claim: CONFIRMED.,aa90c09bcf07acec98bb3daf4b01c0a3d1c6ef54297e835f8fec93a2224dd9ed,CONFIRMED
drive1_FRIO-X6/Cell observer/Marta/Ekine/HE_10x_Brain/ID6B_2_0423_HE10x.czi,AE-biomaGUNE-0423,Ekine,Marta,0423,6,ID6B_2_0423_HE10x.czi,tissue,CELL_ID6B_2_0423_HE10x.czi,Historical drive ingest 2026 (drive1_FRIO-X6); project / researcher / operator / subject decided per file before ingest (tasks/drives_ingest_dryrun_review.md). Claim: CONFIRMED.,20ca48424bab3f841696117dd97739ddcca19604d3811c2aac8a7b1dd2cb0a97,CONFIRMED
drive1_FRIO-X6/Cell observer/Marta/Ekine/HE_Brain_0423_EO/ID4B(11)_0423_HE10x.czi,AE-biomaGUNE-0423,Ekine,Marta,0423,4,ID4B(11)_0423_HE10x.czi,tissue,CELL_ID4B(11)_0423_HE10x.czi,Historical drive ingest 2026 (drive1_FRIO-X6); project / researcher / operator / subject decided per file before ingest (tasks/drives_ingest_dryrun_review.md). Claim: CONFIRMED.,c665c0cc86064dd2e1618b7dffff6be6692d4449bb1fd3c465338b56e4874a6a,CONFIRMED
drive1_FRIO-X6/Cell observer/Marta/Ekine/HE_Brain_0423_EO/ID4B(12)_0423_HE10x.czi,AE-biomaGUNE-0423,Ekine,Marta,0423,4,ID4B(12)_0423_HE10x.czi,tissue,CELL_ID4B(12)_0423_HE10x.czi,Historical drive ingest 2026 (drive1_FRIO-X6); project / researcher / operator / subject decided per file before ingest (tasks/drives_ingest_dryrun_review.md). Claim: CONFIRMED.,1c52ebec4da6b7d0b126f3a00dcce098dbd5fe7f724dc7b7094a3912c861b0df,CONFIRMED
drive1_FRIO-X6/Cell observer/Marta/Ekine/HE_Brain_0423_EO/ID4B(13)_0423_HE10x.czi,AE-biomaGUNE-0423,Ekine,Marta,0423,4,ID4B(13)_0423_HE10x.czi,tissue,CELL_ID4B(13)_0423_HE10x.czi,Historical drive ingest 2026 (drive1_FRIO-X6); project / researcher / operator / subject decided per file before ingest (tasks/drives_ingest_dryrun_review.md). Claim: CONFIRMED.,ee1767bbe20d157cdb3d5425d762b9801a24b5a519e92b8b6748333d3809eb30,CONFIRMED
drive1_FRIO-X6/Cell observer/Marta/Ekine/HE_Brain_0423_EO/ID4B(14)_0423_HE10x.czi,AE-biomaGUNE-0423,Ekine,Marta,0423,4,ID4B(14)_0423_HE10x.czi,tissue,CELL_ID4B(14)_0423_HE10x.czi,Historical drive ingest 2026 (drive1_FRIO-X6); project / researcher / operator / subject decided per file before ingest (tasks/drives_ingest_dryrun_review.md). Claim: CONFIRMED.,bb451c7695e9836d7f55c7bd6865da1bcb48f7406a91e8b9d9b1144434baa8ef,CONFIRMED
drive1_FRIO-X6/Cell observer/Marta/Ekine/HE_Brain_0423_EO/ID4B(15)_0423_HE10x.czi,AE-biomaGUNE-0423,Ekine,Marta,0423,4,ID4B(15)_0423_HE10x.czi,tissue,CELL_ID4B(15)_0423_HE10x.czi,Historical drive ingest 2026 (drive1_FRIO-X6); project / researcher / operator / subject decided per file before ingest (tasks/drives_ingest_dryrun_review.md). Claim: CONFIRMED.,4010eb5bf0927585d917385bf202a6fcd1e957baff05955fc54b5679f15b3d2a,CONFIRMED
drive1_FRIO-X6/Cell observer/Marta/Ekine/HE_Brain_0423_EO/ID4B(16)_0423_HE10x.czi,AE-biomaGUNE-0423,Ekine,Marta,0423,4,ID4B(16)_0423_HE10x.czi,tissue,CELL_ID4B(16)_0423_HE10x.czi,Historical drive ingest 2026 (drive1_FRIO-X6); project / researcher / operator / subject decided per file before ingest (tasks/drives_ingest_dryrun_review.md). Claim: CONFIRMED.,2945abf049990bed7f01a84e9a48f9861ffde01a50f3de47518a50f56c4079d6,CONFIRMED
drive1_FRIO-X6/Cell observer/Marta/Ekine/HE_Brain_0423_EO/ID4B(17)_0423_HE10x.czi,AE-biomaGUNE-0423,Ekine,Marta,0423,4,ID4B(17)_0423_HE10x.czi,tissue,CELL_ID4B(17)_0423_HE10x.czi,Historical drive ingest 2026 (drive1_FRIO-X6); project / researcher / operator / subject decided per file before ingest (tasks/drives_ingest_dryrun_review.md). Claim: CONFIRMED.,08541b73391736e91f7aa07d06aaf8b74074b93b7c72a78cf84d411c973591ec,CONFIRMED
drive1_FRIO-X6/Cell observer/Marta/Ekine/HE_Brain_0423_EO/ID4B(18)_0423_HE10x.czi,AE-biomaGUNE-0423,Ekine,Marta,0423,4,ID4B(18)_0423_HE10x.czi,tissue,CELL_ID4B(18)_0423_HE10x.czi,Historical drive ingest 2026 (drive1_FRIO-X6); project / researcher / operator / subject decided per file before ingest (tasks/drives_ingest_dryrun_review.md). Claim: CONFIRMED.,97a3b91a735a44361d9cf0705ea097d082a4a1e987e87e1124ab682d2f2dfcf1,CONFIRMED
drive1_FRIO-X6/Cell observer/Marta/Ekine/HE_Brain_0423_EO/ID4B(19)_0423_HE10x.czi,AE-biomaGUNE-0423,Ekine,Marta,0423,4,ID4B(19)_0423_HE10x.czi,tissue,CELL_ID4B(19)_0423_HE10x.czi,Historical drive ingest 2026 (drive1_FRIO-X6); project / researcher / operator / subject decided per file before ingest (tasks/drives_ingest_dryrun_review.md). Claim: CONFIRMED.,8a3e2e37cb286ae7f37ed9bb045177a0ef83813dda39f97eaab6907c325c4098,CONFIRMED
drive1_FRIO-X6/Cell observer/Marta/Elastic_0522_MJS/ID70L-0522_20x-1.czi,AE-biomaGUNE-0522,,Marta,0522,70,ID70L-0522_20x-1.czi,tissue,CELL_ID70L-0522_20x-1.czi,Historical drive ingest 2026 (drive1_FRIO-X6); project / researcher / operator / subject decided per file before ingest (tasks/drives_ingest_dryrun_review.md). Claim: CONFIRMED.,7cd935427b93e499604912d704343dbc040b111c68e4968dc106c4a4d1e2482c,CONFIRMED
drive1_FRIO-X6/Cell observer/Marta/Elastic_0522_MJS/ID70L-0522_20x-10.czi,AE-biomaGUNE-0522,,Marta,0522,70,ID70L-0522_20x-10.czi,tissue,CELL_ID70L-0522_20x-10.czi,Historical drive ingest 2026 (drive1_FRIO-X6); project / researcher / operator / subject decided per file before ingest (tasks/drives_ingest_dryrun_review.md). Claim: CONFIRMED.,d7549a4b1b5ba57b53ff53259daa0e7da72ef8952471f2512f068869c7d0f3c4,CONFIRMED
drive1_FRIO-X6/Cell observer/Marta/Elastic_0522_MJS/ID70L-0522_20x-2.czi,AE-biomaGUNE-0522,,Marta,0522,70,ID70L-0522_20x-2.czi,tissue,CELL_ID70L-0522_20x-2.czi,Historical drive ingest 2026 (drive1_FRIO-X6); project / researcher / operator / subject decided per file before ingest (tasks/drives_ingest_dryrun_review.md). Claim: CONFIRMED.,6ae716bfaf0cabdfc01694d63e92b564a92dcb194d29075772ae45b212e021ff,CONFIRMED
drive1_FRIO-X6/Cell observer/Marta/Elastic_0522_MJS/ID70L-0522_20x-3.czi,AE-biomaGUNE-0522,,Marta,0522,70,ID70L-0522_20x-3.czi,tissue,CELL_ID70L-0522_20x-3.czi,Historical drive ingest 2026 (drive1_FRIO-X6); project / researcher / operator / subject decided per file before ingest (tasks/drives_ingest_dryrun_review.md). Claim: CONFIRMED.,1d0fb6f49c6c7598c6633f3c5bbe62274d3eab47f2c59896875306b915bf7800,CONFIRMED
drive1_FRIO-X6/Cell observer/Marta/Elastic_0522_MJS/ID70L-0522_20x-4.czi,AE-biomaGUNE-0522,,Marta,0522,70,ID70L-0522_20x-4.czi,tissue,CELL_ID70L-0522_20x-4.czi,Historical drive ingest 2026 (drive1_FRIO-X6); project / researcher / operator / subject decided per file before ingest (tasks/drives_ingest_dryrun_review.md). Claim: CONFIRMED.,d3bfecd4d4e4c6f43e4c54ae177b99c9941348a71995125bb17daf4269071a8c,CONFIRMED
drive1_FRIO-X6/Cell observer/Marta/Elastic_0522_MJS/ID70L-0522_20x-5.czi,AE-biomaGUNE-0522,,Marta,0522,70,ID70L-0522_20x-5.czi,tissue,CELL_ID70L-0522_20x-5.czi,Historical drive ingest 2026 (drive1_FRIO-X6); project / researcher / operator / subject decided per file before ingest (tasks/drives_ingest_dryrun_review.md). Claim: CONFIRMED.,0d2abb877a5f3c20113d59f880ca8a0d127f7b0057eb6500e27393f9f2507860,CONFIRMED
drive1_FRIO-X6/Cell observer/Marta/Elastic_0522_MJS/ID70L-0522_20x-6.czi,AE-biomaGUNE-0522,,Marta,0522,70,ID70L-0522_20x-6.czi,tissue,CELL_ID70L-0522_20x-6.czi,Historical drive ingest 2026 (drive1_FRIO-X6); project / researcher / operator / subject decided per file before ingest (tasks/drives_ingest_dryrun_review.md). Claim: CONFIRMED.,9f624da7deedca771dad41883e54fdd050d714d5058acd2b78f508a73a5c6967,CONFIRMED
drive1_FRIO-X6/Cell observer/Marta/Elastic_0522_MJS/ID70L-0522_20x-7.czi,AE-biomaGUNE-0522,,Marta,0522,70,ID70L-0522_20x-7.czi,tissue,CELL_ID70L-0522_20x-7.czi,Historical drive ingest 2026 (drive1_FRIO-X6); project / researcher / operator / subject decided per file before ingest (tasks/drives_ingest_dryrun_review.md). Claim: CONFIRMED.,f6857ca384f58c32faee10601e63383d8f714b6758d648a87523e989d08b876f,CONFIRMED
drive1_FRIO-X6/Cell observer/Marta/Elastic_0522_MJS/ID70L-0522_20x-8.czi,AE-biomaGUNE-0522,,Marta,0522,70,ID70L-0522_20x-8.czi,tissue,CELL_ID70L-0522_20x-8.czi,Historical drive ingest 2026 (drive1_FRIO-X6); project / researcher / operator / subject decided per file before ingest (tasks/drives_ingest_dryrun_review.md). Claim: CONFIRMED.,12a487b05bef7c20ddd498c74197b8fec24bcfb30008ba1aacf917328a021769,CONFIRMED
drive1_FRIO-X6/Cell observer/Marta/Elastic_0522_MJS/ID70L-0522_20x-9.czi,AE-biomaGUNE-0522,,Marta,0522,70,ID70L-0522_20x-9.czi,tissue,CELL_ID70L-0522_20x-9.czi,Historical drive ingest 2026 (drive1_FRIO-X6); project / researcher / operator / subject decided per file before ingest (tasks/drives_ingest_dryrun_review.md). Claim: CONFIRMED.,a8ac8f3830677b58f4a026a6c0ba2cd91a6b57ac1c01eb36c042f9de82353662,CONFIRMED
drive1_FRIO-X6/Cell observer/Marta/Elastic_0522_MJS/ID71L-0522_20x-1.czi,AE-biomaGUNE-0522,,Marta,0522,71,ID71L-0522_20x-1.czi,tissue,CELL_ID71L-0522_20x-1.czi,Historical drive ingest 2026 (drive1_FRIO-X6); project / researcher / operator / subject decided per file before ingest (tasks/drives_ingest_dryrun_review.md). Claim: CONFIRMED.,269b8e5c73730906b3e5606c323c8d38e040cc02557b69537cbfc17b95377d74,CONFIRMED
drive1_FRIO-X6/Cell observer/Marta/Elastic_0522_MJS/ID71L-0522_20x-2.czi,AE-biomaGUNE-0522,,Marta,0522,71,ID71L-0522_20x-2.czi,tissue,CELL_ID71L-0522_20x-2.czi,Historical drive ingest 2026 (drive1_FRIO-X6); project / researcher / operator / subject decided per file before ingest (tasks/drives_ingest_dryrun_review.md). Claim: CONFIRMED.,61142737f039166f99d92e260077bd4e1f7306e8595e22cd64e2b96216389f9c,CONFIRMED
drive1_FRIO-X6/Cell observer/Marta/Elastic_0522_MJS/ID71L-0522_20x-3.czi,AE-biomaGUNE-0522,,Marta,0522,71,ID71L-0522_20x-3.czi,tissue,CELL_ID71L-0522_20x-3.czi,Historical drive ingest 2026 (drive1_FRIO-X6); project / researcher / operator / subject decided per file before ingest (tasks/drives_ingest_dryrun_review.md). Claim: CONFIRMED.,5052102b12dad1cc282dbd4a435af532caca691d1977e53edd703f9a86533bff,CONFIRMED
drive1_FRIO-X6/Cell observer/Marta/Elastic_0522_MJS/ID71L-0522_20x-4.czi,AE-biomaGUNE-0522,,Marta,0522,71,ID71L-0522_20x-4.czi,tissue,CELL_ID71L-0522_20x-4.czi,Historical drive ingest 2026 (drive1_FRIO-X6); project / researcher / operator / subject decided per file before ingest (tasks/drives_ingest_dryrun_review.md). Claim: CONFIRMED.,4268689a23455a9adc5b0f210e3786187ce13e5b7adbea515751c3a54aa247b8,CONFIRMED
drive1_FRIO-X6/Cell observer/Marta/Elastic_0522_MJS/ID71L-0522_20x-5.czi,AE-biomaGUNE-0522,,Marta,0522,71,ID71L-0522_20x-5.czi,tissue,CELL_ID71L-0522_20x-5.czi,Historical drive ingest 2026 (drive1_FRIO-X6); project / researcher / operator / subject decided per file before ingest (tasks/drives_ingest_dryrun_review.md). Claim: CONFIRMED.,74cd51bc452b036d9c9c8b1eba75cf9b2f23067a0f2f771ff945ceb7ee2ffe13,CONFIRMED
drive1_FRIO-X6/Cell observer/Marta/Elastic_0522_MJS/ID71L-0522_20x-6.czi,AE-biomaGUNE-0522,,Marta,0522,71,ID71L-0522_20x-6.czi,tissue,CELL_ID71L-0522_20x-6.czi,Historical drive ingest 2026 (drive1_FRIO-X6); project / researcher / operator / subject decided per file before ingest (tasks/drives_ingest_dryrun_review.md). Claim: CONFIRMED.,885fdbae60740a786637c31928a76db5df408b6c1b0b549e0dcc0c6c122096e4,CONFIRMED
drive1_FRIO-X6/Cell observer/Marta/Elastic_0522_MJS/ID71L-0522_20x-7.czi,AE-biomaGUNE-0522,,Marta,0522,71,ID71L-0522_20x-7.czi,tissue,CELL_ID71L-0522_20x-7.czi,Historical drive ingest 2026 (drive1_FRIO-X6); project / researcher / operator / subject decided per file before ingest (tasks/drives_ingest_dryrun_review.md). Claim: CONFIRMED.,ce77fbc19cdda6344d79f4199187da6f32feddeca260f4375446ab65bbd6c569,CONFIRMED
drive1_FRIO-X6/Cell observer/Marta/Elastic_0522_MJS/ID71L-0522_20x-8.czi,AE-biomaGUNE-0522,,Marta,0522,71,ID71L-0522_20x-8.czi,tissue,CELL_ID71L-0522_20x-8.czi,Historical drive ingest 2026 (drive1_FRIO-X6); project / researcher / operator / subject decided per file before ingest (tasks/drives_ingest_dryrun_review.md). Claim: CONFIRMED.,3664fd0da1e3365aa0d9bab0b0b3b9659e633079842c13891a3e9485da8627e6,CONFIRMED
drive1_FRIO-X6/Cell observer/Marta/Elastic_0522_MJS/ID72L-0522_20x-1.czi,AE-biomaGUNE-0522,,Marta,0522,72,ID72L-0522_20x-1.czi,tissue,CELL_ID72L-0522_20x-1.czi,Historical drive ingest 2026 (drive1_FRIO-X6); project / researcher / operator / subject decided per file before ingest (tasks/drives_ingest_dryrun_review.md). Claim: CONFIRMED.,bf576b089d484ec3386a3b0112b37635d0731445a6c951c77d930ff16e5d1ce1,CONFIRMED
drive1_FRIO-X6/Cell observer/Marta/Elastic_0522_MJS/ID72L-0522_20x-2.czi,AE-biomaGUNE-0522,,Marta,0522,72,ID72L-0522_20x-2.czi,tissue,CELL_ID72L-0522_20x-2.czi,Historical drive ingest 2026 (drive1_FRIO-X6); project / researcher / operator / subject decided per file before ingest (tasks/drives_ingest_dryrun_review.md). Claim: CONFIRMED.,f49a84311fff8f96883c2a320e63b8b6b3c8bd3af5a349992c7396b147a7a971,CONFIRMED
drive1_FRIO-X6/Cell observer/Marta/Elastic_0522_MJS/ID72L-0522_20x-3.czi,AE-biomaGUNE-0522,,Marta,0522,72,ID72L-0522_20x-3.czi,tissue,CELL_ID72L-0522_20x-3.czi,Historical drive ingest 2026 (drive1_FRIO-X6); project / researcher / operator / subject decided per file before ingest (tasks/drives_ingest_dryrun_review.md). Claim: CONFIRMED.,a0f7217f42cacf4bdf6c410346dd3574b250214763bfd2ba2cd51b244f76f6d3,CONFIRMED
drive1_FRIO-X6/Cell observer/Marta/Elastic_0522_MJS/ID72L-0522_20x-4.czi,AE-biomaGUNE-0522,,Marta,0522,72,ID72L-0522_20x-4.czi,tissue,CELL_ID72L-0522_20x-4.czi,Historical drive ingest 2026 (drive1_FRIO-X6); project / researcher / operator / subject decided per file before ingest (tasks/drives_ingest_dryrun_review.md). Claim: CONFIRMED.,19bf0bf360e31286a1e6f9dae115ad55c856e58933c7c96e099ccd1435a23ccf,CONFIRMED
drive1_FRIO-X6/Cell observer/Marta/Elastic_0522_MJS/ID72L-0522_20x-5.czi,AE-biomaGUNE-0522,,Marta,0522,72,ID72L-0522_20x-5.czi,tissue,CELL_ID72L-0522_20x-5.czi,Historical drive ingest 2026 (drive1_FRIO-X6); project / researcher / operator / subject decided per file before ingest (tasks/drives_ingest_dryrun_review.md). Claim: CONFIRMED.,cf8bdde10a8b19861bdc5d7e42bb4483d9a3099d7f5e9277a1969187ffd0ecfc,CONFIRMED
drive1_FRIO-X6/Cell observer/Marta/Elastic_0522_MJS/ID72L-0522_20x-6.czi,AE-biomaGUNE-0522,,Marta,0522,72,ID72L-0522_20x-6.czi,tissue,CELL_ID72L-0522_20x-6.czi,Historical drive ingest 2026 (drive1_FRIO-X6); project / researcher / operator / subject decided per file before ingest (tasks/drives_ingest_dryrun_review.md). Claim: CONFIRMED.,4558e355e124f77cacf031765720ca97c405d02d02c98c01cbfe10e016732376,CONFIRMED
drive1_FRIO-X6/Cell observer/Marta/Elastic_0522_MJS/ID72L-0522_20x-7.czi,AE-biomaGUNE-0522,,Marta,0522,72,ID72L-0522_20x-7.czi,tissue,CELL_ID72L-0522_20x-7.czi,Historical drive ingest 2026 (drive1_FRIO-X6); project / researcher / operator / subject decided per file before ingest (tasks/drives_ingest_dryrun_review.md). Claim: CONFIRMED.,be954bf674e4c95f714ab463872b69f5c4898c4c0263dfa4920867d393a18317,CONFIRMED
drive1_FRIO-X6/Cell observer/Marta/Elastic_0522_MJS/ID72L-0522_20x-8.czi,AE-biomaGUNE-0522,,Marta,0522,72,ID72L-0522_20x-8.czi,tissue,CELL_ID72L-0522_20x-8.czi,Historical drive ingest 2026 (drive1_FRIO-X6); project / researcher / operator / subject decided per file before ingest (tasks/drives_ingest_dryrun_review.md). Claim: CONFIRMED.,23886a2d8212a094ac2307afb3ae3ee7b16a991fa946de91b8081b525b1ac705,CONFIRMED
drive1_FRIO-X6/Cell observer/Marta/Elastic_0522_MJS/ID74L-0522_20x-2.czi,AE-biomaGUNE-0522,,Marta,0522,74,ID74L-0522_20x-2.czi,tissue,CELL_ID74L-0522_20x-2.czi,Historical drive ingest 2026 (drive1_FRIO-X6); project / researcher / operator / subject decided per file before ingest (tasks/drives_ingest_dryrun_review.md). Claim: CONFIRMED.,cbb0b9977556a8cfb28823a54384e45e6fcb325579291d77b7224824793b98b1,CONFIRMED
drive1_FRIO-X6/Cell observer/Marta/Elastic_0522_MJS/ID74L-0522_20x-4.czi,AE-biomaGUNE-0522,,Marta,0522,74,ID74L-0522_20x-4.czi,tissue,CELL_ID74L-0522_20x-4.czi,Historical drive ingest 2026 (drive1_FRIO-X6); project / researcher / operator / subject decided per file before ingest (tasks/drives_ingest_dryrun_review.md). Claim: CONFIRMED.,c2af5a7d7ed5e2c053cc9ec84b36e6ff8b62d219d90f24168032f110f722b11b,CONFIRMED
drive1_FRIO-X6/Cell observer/Marta/Elastic_0522_MJS/ID74L-0522_20x-6.czi,AE-biomaGUNE-0522,,Marta,0522,74,ID74L-0522_20x-6.czi,tissue,CELL_ID74L-0522_20x-6.czi,Historical drive ingest 2026 (drive1_FRIO-X6); project / researcher / operator / subject decided per file before ingest (tasks/drives_ingest_dryrun_review.md). Claim: CONFIRMED.,e835d2d5e67a0f7c066bb01bb9fdee7a959ba005a439055c739cd646b77afc43,CONFIRMED
drive1_FRIO-X6/Cell observer/Marta/Elastic_0522_MJS/ID74L-0522_20x-7.czi,AE-biomaGUNE-0522,,Marta,0522,74,ID74L-0522_20x-7.czi,tissue,CELL_ID74L-0522_20x-7.czi,Historical drive ingest 2026 (drive1_FRIO-X6); project / researcher / operator / subject decided per file before ingest (tasks/drives_ingest_dryrun_review.md). Claim: CONFIRMED.,8e56c774778a57cd849b80a8dc3e8de4a016d8c8dc494a3adf552963f783dbc2,CONFIRMED
drive1_FRIO-X6/Cell observer/Marta/Elastic_0522_MJS/ID75L-0522_20x-1.czi,AE-biomaGUNE-0522,,Marta,0522,75,ID75L-0522_20x-1.czi,tissue,CELL_ID75L-0522_20x-1.czi,Historical drive ingest 2026 (drive1_FRIO-X6); project / researcher / operator / subject decided per file before ingest (tasks/drives_ingest_dryrun_review.md). Claim: CONFIRMED.,afee051297470e419a0c80acc8343f65cd7dee21fec307aa5631446579741760,CONFIRMED
drive1_FRIO-X6/Cell observer/Marta/Elastic_0522_MJS/ID75L-0522_20x-2.czi,AE-biomaGUNE-0522,,Marta,0522,75,ID75L-0522_20x-2.czi,tissue,CELL_ID75L-0522_20x-2.czi,Historical drive ingest 2026 (drive1_FRIO-X6); project / researcher / operator / subject decided per file before ingest (tasks/drives_ingest_dryrun_review.md). Claim: CONFIRMED.,9b50019b3951ddac4cfc86d8c398c563f335700cd5b293e333790bbcc40814fd,CONFIRMED
drive1_FRIO-X6/Cell observer/Marta/Elastic_0522_MJS/ID75L-0522_20x-3.czi,AE-biomaGUNE-0522,,Marta,0522,75,ID75L-0522_20x-3.czi,tissue,CELL_ID75L-0522_20x-3.czi,Historical drive ingest 2026 (drive1_FRIO-X6); project / researcher / operator / subject decided per file before ingest (tasks/drives_ingest_dryrun_review.md). Claim: CONFIRMED.,730409b2c386ee16fd134b19005eea1ea538960fe73e8bf2e9c5a650a060218e,CONFIRMED
drive1_FRIO-X6/Cell observer/Marta/Elastic_0522_MJS/ID75L-0522_20x-4.czi,AE-biomaGUNE-0522,,Marta,0522,75,ID75L-0522_20x-4.czi,tissue,CELL_ID75L-0522_20x-4.czi,Historical drive ingest 2026 (drive1_FRIO-X6); project / researcher / operator / subject decided per file before ingest (tasks/drives_ingest_dryrun_review.md). Claim: CONFIRMED.,76ed5e0d0c1203a6b91e95de14d683e8ab45918f557adec37f012c42647b3c3f,CONFIRMED
drive1_FRIO-X6/Cell observer/Marta/Elastic_0522_MJS/ID75L-0522_20x-5.czi,AE-biomaGUNE-0522,,Marta,0522,75,ID75L-0522_20x-5.czi,tissue,CELL_ID75L-0522_20x-5.czi,Historical drive ingest 2026 (drive1_FRIO-X6); project / researcher / operator / subject decided per file before ingest (tasks/drives_ingest_dryrun_review.md). Claim: CONFIRMED.,1c6f70f1800666af36024a7d6b02e458f34788b6babb9c6f38bf4be6847a1d7e,CONFIRMED
drive1_FRIO-X6/Cell observer/Marta/Elastic_0522_MJS/ID76L-0522_20x-1.czi,AE-biomaGUNE-0522,,Marta,0522,76,ID76L-0522_20x-1.czi,tissue,CELL_ID76L-0522_20x-1.czi,Historical drive ingest 2026 (drive1_FRIO-X6); project / researcher / operator / subject decided per file before ingest (tasks/drives_ingest_dryrun_review.md). Claim: CONFIRMED.,d55b520f86bb51db4bea63b633852dba5081419cad08db5663fd545be936768c,CONFIRMED
drive1_FRIO-X6/Cell observer/Marta/Elastic_0522_MJS/ID76L-0522_20x-2.czi,AE-biomaGUNE-0522,,Marta,0522,76,ID76L-0522_20x-2.czi,tissue,CELL_ID76L-0522_20x-2.czi,Historical drive ingest 2026 (drive1_FRIO-X6); project / researcher / operator / subject decided per file before ingest (tasks/drives_ingest_dryrun_review.md). Claim: CONFIRMED.,6938cdaed38efd53e50f4b168b48bfbb8052432be85f2d0a74ad68425362a386,CONFIRMED
drive1_FRIO-X6/Cell observer/Marta/Elastic_0522_MJS/ID78L-0522_20x-1.czi,AE-biomaGUNE-0522,,Marta,0522,78,ID78L-0522_20x-1.czi,tissue,CELL_ID78L-0522_20x-1.czi,Historical drive ingest 2026 (drive1_FRIO-X6); project / researcher / operator / subject decided per file before ingest (tasks/drives_ingest_dryrun_review.md). Claim: CONFIRMED.,9339e836ef6166bd5b3cba61cf7892918efd1d0304174e1b40a0e048348e28af,CONFIRMED
drive1_FRIO-X6/Cell observer/Marta/Elastic_0522_MJS/ID78L-0522_20x-2.czi,AE-biomaGUNE-0522,,Marta,0522,78,ID78L-0522_20x-2.czi,tissue,CELL_ID78L-0522_20x-2.czi,Historical drive ingest 2026 (drive1_FRIO-X6); project / researcher / operator / subject decided per file before ingest (tasks/drives_ingest_dryrun_review.md). Claim: CONFIRMED.,2a6dca63c31ae211a094983238019fafb25824b33e97f5f4fdcc91b48a57a5c8,CONFIRMED
drive1_FRIO-X6/Cell observer/Marta/Elastic_0522_MJS/ID80HL-0522_20x-1.czi,AE-biomaGUNE-0522,,Marta,0522,80,ID80HL-0522_20x-1.czi,tissue,CELL_ID80HL-0522_20x-1.czi,Historical drive ingest 2026 (drive1_FRIO-X6); project / researcher / operator / subject decided per file before ingest (tasks/drives_ingest_dryrun_review.md). Claim: CONFIRMED.,ae7c55ce0cd235df7feeaa4bddc19e3e96fdbae72aae5174afcd57eadca733d3,CONFIRMED
drive1_FRIO-X6/Cell observer/Marta/Elastic_0522_MJS/ID80HL-0522_20x-2.czi,AE-biomaGUNE-0522,,Marta,0522,80,ID80HL-0522_20x-2.czi,tissue,CELL_ID80HL-0522_20x-2.czi,Historical drive ingest 2026 (drive1_FRIO-X6); project / researcher / operator / subject decided per file before ingest (tasks/drives_ingest_dryrun_review.md). Claim: CONFIRMED.,5eb2445ac61037d13e3566cba25560df31b6e254e4b8f1a230ccd70dd45e9d22,CONFIRMED
drive1_FRIO-X6/Cell observer/Marta/Elastic_0522_MJS/ID80HL-0522_20x-3.czi,AE-biomaGUNE-0522,,Marta,0522,80,ID80HL-0522_20x-3.czi,tissue,CELL_ID80HL-0522_20x-3.czi,Historical drive ingest 2026 (drive1_FRIO-X6); project / researcher / operator / subject decided per file before ingest (tasks/drives_ingest_dryrun_review.md). Claim: CONFIRMED.,5173eb42b6e92c7decc5c84ef2b43724248c2948af890fdbb180408ccd338f1d,CONFIRMED
drive1_FRIO-X6/Cell observer/Marta/Elastic_0522_MJS/ID80HL-0522_20x-4.czi,AE-biomaGUNE-0522,,Marta,0522,80,ID80HL-0522_20x-4.czi,tissue,CELL_ID80HL-0522_20x-4.czi,Historical drive ingest 2026 (drive1_FRIO-X6); project / researcher / operator / subject decided per file before ingest (tasks/drives_ingest_dryrun_review.md). Claim: CONFIRMED.,5ea39421ffc22391d4015a54d25b679394dd3311faf33127035d7c81fd38a80d,CONFIRMED
drive1_FRIO-X6/Cell observer/Marta/Elastic_0522_MJS/ID80HL-0522_20x-5.czi,AE-biomaGUNE-0522,,Marta,0522,80,ID80HL-0522_20x-5.czi,tissue,CELL_ID80HL-0522_20x-5.czi,Historical drive ingest 2026 (drive1_FRIO-X6); project / researcher / operator / subject decided per file before ingest (tasks/drives_ingest_dryrun_review.md). Claim: CONFIRMED.,4adbe26c766e9a6116173ebbdafea727e568906f17b16cb16003eba0f6bd17f6,CONFIRMED
drive1_FRIO-X6/Cell observer/Marta/Elastic_0522_MJS/ID83HL-0522_20x-1.czi,AE-biomaGUNE-0522,,Marta,0522,83,ID83HL-0522_20x-1.czi,tissue,CELL_ID83HL-0522_20x-1.czi,Historical drive ingest 2026 (drive1_FRIO-X6); project / researcher / operator / subject decided per file before ingest (tasks/drives_ingest_dryrun_review.md). Claim: CONFIRMED.,386e495652219265c28a7c778665c83ee270edc9aee1f710611dd232719f47b8,CONFIRMED
drive1_FRIO-X6/Cell observer/Marta/Elastic_0522_MJS/ID83HL-0522_20x-2.czi,AE-biomaGUNE-0522,,Marta,0522,83,ID83HL-0522_20x-2.czi,tissue,CELL_ID83HL-0522_20x-2.czi,Historical drive ingest 2026 (drive1_FRIO-X6); project / researcher / operator / subject decided per file before ingest (tasks/drives_ingest_dryrun_review.md). Claim: CONFIRMED.,37d8a72026f0df65fe3882f65b609032a91a51f39cea88847eed2f539a217d7e,CONFIRMED
drive1_FRIO-X6/Cell observer/Marta/Elastic_0522_MJS/ID83HL-0522_20x-3.czi,AE-biomaGUNE-0522,,Marta,0522,83,ID83HL-0522_20x-3.czi,tissue,CELL_ID83HL-0522_20x-3.czi,Historical drive ingest 2026 (drive1_FRIO-X6); project / researcher / operator / subject decided per file before ingest (tasks/drives_ingest_dryrun_review.md). Claim: CONFIRMED.,65269e961a7a13b0e81bfa842cdedbc14d326464dd28b81214e70f3a8ff204fa,CONFIRMED
drive1_FRIO-X6/Cell observer/Marta/Elastic_0522_MJS/ID83HL-0522_20x-4.czi,AE-biomaGUNE-0522,,Marta,0522,83,ID83HL-0522_20x-4.czi,tissue,CELL_ID83HL-0522_20x-4.czi,Historical drive ingest 2026 (drive1_FRIO-X6); project / researcher / operator / subject decided per file before ingest (tasks/drives_ingest_dryrun_review.md). Claim: CONFIRMED.,c2463eebff3797ff93d62dd432319ce5c25ddbbde00d62740fcf6a11ec601230,CONFIRMED
drive1_FRIO-X6/Cell observer/Marta/Elastic_0522_MJS/ID83HL-0522_20x-5.czi,AE-biomaGUNE-0522,,Marta,0522,83,ID83HL-0522_20x-5.czi,tissue,CELL_ID83HL-0522_20x-5.czi,Historical drive ingest 2026 (drive1_FRIO-X6); project / researcher / operator / subject decided per file before ingest (tasks/drives_ingest_dryrun_review.md). Claim: CONFIRMED.,90b6cadf7c6c7deec85f486f9b17db6fa27400212e42ad6d3ff1ae7372891dce,CONFIRMED
drive1_FRIO-X6/Cell observer/Marta/Elastic_0522_MJS/ID83HL-0522_20x-6.czi,AE-biomaGUNE-0522,,Marta,0522,83,ID83HL-0522_20x-6.czi,tissue,CELL_ID83HL-0522_20x-6.czi,Historical drive ingest 2026 (drive1_FRIO-X6); project / researcher / operator / subject decided per file before ingest (tasks/drives_ingest_dryrun_review.md). Claim: CONFIRMED.,4e359d9f8277a3a8dd70b30db6381c0a2f7e39e23589a98a44cc5a3bceaa74bd,CONFIRMED
drive1_FRIO-X6/Cell observer/Marta/Elastic_0522_MJS/ID83HL-0522_20x-7.czi,AE-biomaGUNE-0522,,Marta,0522,83,ID83HL-0522_20x-7.czi,tissue,CELL_ID83HL-0522_20x-7.czi,Historical drive ingest 2026 (drive1_FRIO-X6); project / researcher / operator / subject decided per file before ingest (tasks/drives_ingest_dryrun_review.md). Claim: CONFIRMED.,74031fbdab592040d011113de86a0e8bf85f0dfc08370259135507398dc36e8f,CONFIRMED
drive1_FRIO-X6/Cell observer/Marta/Elastic_0522_MJS/ID83HL-0522_20x-8.czi,AE-biomaGUNE-0522,,Marta,0522,83,ID83HL-0522_20x-8.czi,tissue,CELL_ID83HL-0522_20x-8.czi,Historical drive ingest 2026 (drive1_FRIO-X6); project / researcher / operator / subject decided per file before ingest (tasks/drives_ingest_dryrun_review.md). Claim: CONFIRMED.,d77239c4b3feed4815a23fbe232bc0a25072bd83c78b5275ffa6820f1eb8e4e6,CONFIRMED
drive1_FRIO-X6/Cell observer/Marta/Elastic_0522_MJS/ID84L-0522_20x-1.czi,AE-biomaGUNE-0522,,Marta,0522,84,ID84L-0522_20x-1.czi,tissue,CELL_ID84L-0522_20x-1.czi,Historical drive ingest 2026 (drive1_FRIO-X6); project / researcher / operator / subject decided per file before ingest (tasks/drives_ingest_dryrun_review.md). Claim: CONFIRMED.,7600d94dd06f98eec1be62298c349cf17fe2da6eb08f41f4b36d02baa0de5ebf,CONFIRMED
drive1_FRIO-X6/Cell observer/Marta/Elastic_0522_MJS/ID84L-0522_20x-2.czi,AE-biomaGUNE-0522,,Marta,0522,84,ID84L-0522_20x-2.czi,tissue,CELL_ID84L-0522_20x-2.czi,Historical drive ingest 2026 (drive1_FRIO-X6); project / researcher / operator / subject decided per file before ingest (tasks/drives_ingest_dryrun_review.md). Claim: CONFIRMED.,0694a2014f557e9b9032d2c632cd0705c5ff3db654ca172658f02f40961142df,CONFIRMED
drive1_FRIO-X6/Cell observer/Marta/Elastic_0522_MJS/ID84L-0522_20x-3.czi,AE-biomaGUNE-0522,,Marta,0522,84,ID84L-0522_20x-3.czi,tissue,CELL_ID84L-0522_20x-3.czi,Historical drive ingest 2026 (drive1_FRIO-X6); project / researcher / operator / subject decided per file before ingest (tasks/drives_ingest_dryrun_review.md). Claim: CONFIRMED.,523e11b855da642a16df5f4ead480d4e9cda2e46c0654b4325562c06498356b0,CONFIRMED
drive1_FRIO-X6/Cell observer/Marta/Elastic_0522_MJS/ID84L-0522_20x-4.czi,AE-biomaGUNE-0522,,Marta,0522,84,ID84L-0522_20x-4.czi,tissue,CELL_ID84L-0522_20x-4.czi,Historical drive ingest 2026 (drive1_FRIO-X6); project / researcher / operator / subject decided per file before ingest (tasks/drives_ingest_dryrun_review.md). Claim: CONFIRMED.,039007c3e4d6a1801ee9c908db283f57ae3b766fbb92d9cba473af22424cb538,CONFIRMED
drive1_FRIO-X6/Cell observer/Marta/Elastic_0522_MJS/ID84L-0522_20x-5.czi,AE-biomaGUNE-0522,,Marta,0522,84,ID84L-0522_20x-5.czi,tissue,CELL_ID84L-0522_20x-5.czi,Historical drive ingest 2026 (drive1_FRIO-X6); project / researcher / operator / subject decided per file before ingest (tasks/drives_ingest_dryrun_review.md). Claim: CONFIRMED.,7c89e7a8286059b67f3206ba0b4304aa3907dd8b58d78b9132165ccd8067f2d7,CONFIRMED
drive1_FRIO-X6/Cell observer/Marta/Elastic_0522_MJS/ID84L-0522_20x-6.czi,AE-biomaGUNE-0522,,Marta,0522,84,ID84L-0522_20x-6.czi,tissue,CELL_ID84L-0522_20x-6.czi,Historical drive ingest 2026 (drive1_FRIO-X6); project / researcher / operator / subject decided per file before ingest (tasks/drives_ingest_dryrun_review.md). Claim: CONFIRMED.,8d10668bc401fa0f63c9910b5d3fb27b02e9f6a2a5a40dc768ea166516a7bfde,CONFIRMED
drive1_FRIO-X6/Cell observer/Marta/Elastic_0522_MJS/ID84L-0522_20x-7.czi,AE-biomaGUNE-0522,,Marta,0522,84,ID84L-0522_20x-7.czi,tissue,CELL_ID84L-0522_20x-7.czi,Historical drive ingest 2026 (drive1_FRIO-X6); project / researcher / operator / subject decided per file before ingest (tasks/drives_ingest_dryrun_review.md). Claim: CONFIRMED.,2ed7b380b1c0d5922a3bef81bc65735f7567d33fabf1818216226258a615da2b,CONFIRMED
drive1_FRIO-X6/Cell observer/Marta/Elastic_0522_MJS/ID84L-0522_20x-8.czi,AE-biomaGUNE-0522,,Marta,0522,84,ID84L-0522_20x-8.czi,tissue,CELL_ID84L-0522_20x-8.czi,Historical drive ingest 2026 (drive1_FRIO-X6); project / researcher / operator / subject decided per file before ingest (tasks/drives_ingest_dryrun_review.md). Claim: CONFIRMED.,06444cc2d1b53ea72af6460ca318d2f36c59a7f06b69680e8d426c986270c472,CONFIRMED
drive1_FRIO-X6/Cell observer/Marta/Elastic_0522_MJS/ID85L-0522_20x-1.czi,AE-biomaGUNE-0522,,Marta,0522,85,ID85L-0522_20x-1.czi,tissue,CELL_ID85L-0522_20x-1.czi,Historical drive ingest 2026 (drive1_FRIO-X6); project / researcher / operator / subject decided per file before ingest (tasks/drives_ingest_dryrun_review.md). Claim: CONFIRMED.,6080df5252510ae47315708bf2dffd140be1f3f83e1fbcedb48dc502e707ba3b,CONFIRMED
drive1_FRIO-X6/Cell observer/Marta/Elastic_0522_MJS/ID85L-0522_20x-10.czi,AE-biomaGUNE-0522,,Marta,0522,85,ID85L-0522_20x-10.czi,tissue,CELL_ID85L-0522_20x-10.czi,Historical drive ingest 2026 (drive1_FRIO-X6); project / researcher / operator / subject decided per file before ingest (tasks/drives_ingest_dryrun_review.md). Claim: CONFIRMED.,a7e23e6abe834fc2681ffa4f6586d18af3c6a51baf26eb0b938e06193c9f58ac,CONFIRMED
drive1_FRIO-X6/Cell observer/Marta/Elastic_0522_MJS/ID85L-0522_20x-2.czi,AE-biomaGUNE-0522,,Marta,0522,85,ID85L-0522_20x-2.czi,tissue,CELL_ID85L-0522_20x-2.czi,Historical drive ingest 2026 (drive1_FRIO-X6); project / researcher / operator / subject decided per file before ingest (tasks/drives_ingest_dryrun_review.md). Claim: CONFIRMED.,9f4cc923d67151ac11bf3a43f10172b994fb4ab0535597bc07a120ce41dde46c,CONFIRMED
drive1_FRIO-X6/Cell observer/Marta/Elastic_0522_MJS/ID85L-0522_20x-3.czi,AE-biomaGUNE-0522,,Marta,0522,85,ID85L-0522_20x-3.czi,tissue,CELL_ID85L-0522_20x-3.czi,Historical drive ingest 2026 (drive1_FRIO-X6); project / researcher / operator / subject decided per file before ingest (tasks/drives_ingest_dryrun_review.md). Claim: CONFIRMED.,ede6069d54c75fa32445e7e11de5d15a0dd808e8c069773363b8271e28060e5d,CONFIRMED
drive1_FRIO-X6/Cell observer/Marta/Elastic_0522_MJS/ID85L-0522_20x-4.czi,AE-biomaGUNE-0522,,Marta,0522,85,ID85L-0522_20x-4.czi,tissue,CELL_ID85L-0522_20x-4.czi,Historical drive ingest 2026 (drive1_FRIO-X6); project / researcher / operator / subject decided per file before ingest (tasks/drives_ingest_dryrun_review.md). Claim: CONFIRMED.,3ec62258d2a69ba799ac518398cade3c15e6a274c78067256fceba90f30f57b7,CONFIRMED
drive1_FRIO-X6/Cell observer/Marta/Elastic_0522_MJS/ID85L-0522_20x-5.czi,AE-biomaGUNE-0522,,Marta,0522,85,ID85L-0522_20x-5.czi,tissue,CELL_ID85L-0522_20x-5.czi,Historical drive ingest 2026 (drive1_FRIO-X6); project / researcher / operator / subject decided per file before ingest (tasks/drives_ingest_dryrun_review.md). Claim: CONFIRMED.,4b8c06eb6d4e2d010bf2f3a8b9aa7d1826d15c849ee792af2b44443a70ae852e,CONFIRMED
drive1_FRIO-X6/Cell observer/Marta/Elastic_0522_MJS/ID85L-0522_20x-6.czi,AE-biomaGUNE-0522,,Marta,0522,85,ID85L-0522_20x-6.czi,tissue,CELL_ID85L-0522_20x-6.czi,Historical drive ingest 2026 (drive1_FRIO-X6); project / researcher / operator / subject decided per file before ingest (tasks/drives_ingest_dryrun_review.md). Claim: CONFIRMED.,f33ad4c552fe89984f214d36eae69b017d3648894f96338a9605845cd5aedfd1,CONFIRMED
drive1_FRIO-X6/Cell observer/Marta/Elastic_0522_MJS/ID85L-0522_20x-7.czi,AE-biomaGUNE-0522,,Marta,0522,85,ID85L-0522_20x-7.czi,tissue,CELL_ID85L-0522_20x-7.czi,Historical drive ingest 2026 (drive1_FRIO-X6); project / researcher / operator / subject decided per file before ingest (tasks/drives_ingest_dryrun_review.md). Claim: CONFIRMED.,20da141c6871d82a308d1a6a0e325b7e5de01e1d770b4dff6c68bda2736fb4ad,CONFIRMED
drive1_FRIO-X6/Cell observer/Marta/Elastic_0522_MJS/ID85L-0522_20x-8.czi,AE-biomaGUNE-0522,,Marta,0522,85,ID85L-0522_20x-8.czi,tissue,CELL_ID85L-0522_20x-8.czi,Historical drive ingest 2026 (drive1_FRIO-X6); project / researcher / operator / subject decided per file before ingest (tasks/drives_ingest_dryrun_review.md). Claim: CONFIRMED.,086f2844a678485b5a9f7051a2648d6c953f8c808221bd68352abe39660bf76c,CONFIRMED
drive1_FRIO-X6/Cell observer/Marta/Elastic_0522_MJS/ID85L-0522_20x-9.czi,AE-biomaGUNE-0522,,Marta,0522,85,ID85L-0522_20x-9.czi,tissue,CELL_ID85L-0522_20x-9.czi,Historical drive ingest 2026 (drive1_FRIO-X6); project / researcher / operator / subject decided per file before ingest (tasks/drives_ingest_dryrun_review.md). Claim: CONFIRMED.,afce691c3eca88c9b1c2a528c05eb2c8eaaf1e1b7655badb1f13e8e6b4762182,CONFIRMED
drive1_FRIO-X6/Cell observer/Marta/Elastic_0522_MJS/ID86L-0522_20x-1.czi,AE-biomaGUNE-0522,,Marta,0522,86,ID86L-0522_20x-1.czi,tissue,CELL_ID86L-0522_20x-1.czi,Historical drive ingest 2026 (drive1_FRIO-X6); project / researcher / operator / subject decided per file before ingest (tasks/drives_ingest_dryrun_review.md). Claim: CONFIRMED.,5ec169c0155ad158ed2a82359ba79f530221c8e5eeca9afe8575e1c5083dcd88,CONFIRMED
drive1_FRIO-X6/Cell observer/Marta/Elastic_0522_MJS/ID86L-0522_20x-2.czi,AE-biomaGUNE-0522,,Marta,0522,86,ID86L-0522_20x-2.czi,tissue,CELL_ID86L-0522_20x-2.czi,Historical drive ingest 2026 (drive1_FRIO-X6); project / researcher / operator / subject decided per file before ingest (tasks/drives_ingest_dryrun_review.md). Claim: CONFIRMED.,ec5f4c62e86bc295c39d7a8e337444b0dfc97de90be17d6f5daf500cce0ab9d1,CONFIRMED
drive1_FRIO-X6/Cell observer/Marta/Elastic_0522_MJS/ID86L-0522_20x-3.czi,AE-biomaGUNE-0522,,Marta,0522,86,ID86L-0522_20x-3.czi,tissue,CELL_ID86L-0522_20x-3.czi,Historical drive ingest 2026 (drive1_FRIO-X6); project / researcher / operator / subject decided per file before ingest (tasks/drives_ingest_dryrun_review.md). Claim: CONFIRMED.,447c7c9512905d4218c5463ad195c478dd1400c44f7efc17adf58328b8a1df2d,CONFIRMED
drive1_FRIO-X6/Cell observer/Marta/Elastic_0522_MJS/ID86L-0522_20x-4.czi,AE-biomaGUNE-0522,,Marta,0522,86,ID86L-0522_20x-4.czi,tissue,CELL_ID86L-0522_20x-4.czi,Historical drive ingest 2026 (drive1_FRIO-X6); project / researcher / operator / subject decided per file before ingest (tasks/drives_ingest_dryrun_review.md). Claim: CONFIRMED.,6dfd72e7de7616f282f85e5485c9f4b0143d77b409381842bd64e1eeac71f1dd,CONFIRMED
drive1_FRIO-X6/Cell observer/Marta/Elastic_0522_MJS/ID86L-0522_20x-5.czi,AE-biomaGUNE-0522,,Marta,0522,86,ID86L-0522_20x-5.czi,tissue,CELL_ID86L-0522_20x-5.czi,Historical drive ingest 2026 (drive1_FRIO-X6); project / researcher / operator / subject decided per file before ingest (tasks/drives_ingest_dryrun_review.md). Claim: CONFIRMED.,92f5302e8e55082c5667ea3bd5b5b9a52e0742bebb51d62910cf4fd1c87e7d46,CONFIRMED
drive1_FRIO-X6/Cell observer/Marta/Elastic_0522_MJS/ID86L-0522_20x-6.czi,AE-biomaGUNE-0522,,Marta,0522,86,ID86L-0522_20x-6.czi,tissue,CELL_ID86L-0522_20x-6.czi,Historical drive ingest 2026 (drive1_FRIO-X6); project / researcher / operator / subject decided per file before ingest (tasks/drives_ingest_dryrun_review.md). Claim: CONFIRMED.,788f482f3a4ade94a3213d79ffccbf46e58d243d0862b4e1ac7c9afe532a6687,CONFIRMED
drive1_FRIO-X6/Cell observer/Marta/Elastic_0522_MJS/ID86L-0522_20x-7.czi,AE-biomaGUNE-0522,,Marta,0522,86,ID86L-0522_20x-7.czi,tissue,CELL_ID86L-0522_20x-7.czi,Historical drive ingest 2026 (drive1_FRIO-X6); project / researcher / operator / subject decided per file before ingest (tasks/drives_ingest_dryrun_review.md). Claim: CONFIRMED.,36d4e7868109b249ae490141ac5006d0df988d412c55a359a8e7dd29ed0a8b51,CONFIRMED
drive1_FRIO-X6/Cell observer/Marta/Elastic_0522_MJS/ID86L-0522_20x-8.czi,AE-biomaGUNE-0522,,Marta,0522,86,ID86L-0522_20x-8.czi,tissue,CELL_ID86L-0522_20x-8.czi,Historical drive ingest 2026 (drive1_FRIO-X6); project / researcher / operator / subject decided per file before ingest (tasks/drives_ingest_dryrun_review.md). Claim: CONFIRMED.,f4b32505154df6a5e7fe285b895ed067e6b6108d918c3df9d26a6768d7f2c694,CONFIRMED
drive1_FRIO-X6/Cell observer/Marta/Elastic_0522_MJS/ID86L-0522_20x-9.czi,AE-biomaGUNE-0522,,Marta,0522,86,ID86L-0522_20x-9.czi,tissue,CELL_ID86L-0522_20x-9.czi,Historical drive ingest 2026 (drive1_FRIO-X6); project / researcher / operator / subject decided per file before ingest (tasks/drives_ingest_dryrun_review.md). Claim: CONFIRMED.,54c6a0180e78e223ec940702fb64a3f9aefef5e7bf82395617bc468c6ef5286d,CONFIRMED
drive1_FRIO-X6/Cell observer/Marta/Elastic_0522_MJS/ID87L-0522_20x-1.czi,AE-biomaGUNE-0522,,Marta,0522,87,ID87L-0522_20x-1.czi,tissue,CELL_ID87L-0522_20x-1.czi,Historical drive ingest 2026 (drive1_FRIO-X6); project / researcher / operator / subject decided per file before ingest (tasks/drives_ingest_dryrun_review.md). Claim: CONFIRMED.,90bbc3b1e38bbb931167cef04050568229d2f31759385f5d6fd010b81374db87,CONFIRMED
drive1_FRIO-X6/Cell observer/Marta/Elastic_0522_MJS/ID87L-0522_20x-2.czi,AE-biomaGUNE-0522,,Marta,0522,87,ID87L-0522_20x-2.czi,tissue,CELL_ID87L-0522_20x-2.czi,Historical drive ingest 2026 (drive1_FRIO-X6); project / researcher / operator / subject decided per file before ingest (tasks/drives_ingest_dryrun_review.md). Claim: CONFIRMED.,af7aeb0c70cbe22f9e51c9483cae4b3bd55ccda561261dce48e19fec87f52fd2,CONFIRMED
drive1_FRIO-X6/Cell observer/Marta/Elastic_0522_MJS/ID87L-0522_20x-3.czi,AE-biomaGUNE-0522,,Marta,0522,87,ID87L-0522_20x-3.czi,tissue,CELL_ID87L-0522_20x-3.czi,Historical drive ingest 2026 (drive1_FRIO-X6); project / researcher / operator / subject decided per file before ingest (tasks/drives_ingest_dryrun_review.md). Claim: CONFIRMED.,f26c68d97ce933637916eb7b3ecb13ab03d8000c7181d7cbc3e099811eb799a5,CONFIRMED
drive1_FRIO-X6/Cell observer/Marta/Elastic_0522_MJS/ID87L-0522_20x-4.czi,AE-biomaGUNE-0522,,Marta,0522,87,ID87L-0522_20x-4.czi,tissue,CELL_ID87L-0522_20x-4.czi,Historical drive ingest 2026 (drive1_FRIO-X6); project / researcher / operator / subject decided per file before ingest (tasks/drives_ingest_dryrun_review.md). Claim: CONFIRMED.,88bf8e9c0a00d4523c5a435094197382dcabb651d5a9ef8bf22f216b53c64176,CONFIRMED
drive1_FRIO-X6/Cell observer/Marta/Elastic_0522_MJS/ID87L-0522_20x-5.czi,AE-biomaGUNE-0522,,Marta,0522,87,ID87L-0522_20x-5.czi,tissue,CELL_ID87L-0522_20x-5.czi,Historical drive ingest 2026 (drive1_FRIO-X6); project / researcher / operator / subject decided per file before ingest (tasks/drives_ingest_dryrun_review.md). Claim: CONFIRMED.,0754c2ad976aeaa6f8903384ec937cbdbf27efb33eff43b2652be4e3f8bb692e,CONFIRMED
drive1_FRIO-X6/Cell observer/Marta/Elastic_0522_MJS/ID87L-0522_20x-6.czi,AE-biomaGUNE-0522,,Marta,0522,87,ID87L-0522_20x-6.czi,tissue,CELL_ID87L-0522_20x-6.czi,Historical drive ingest 2026 (drive1_FRIO-X6); project / researcher / operator / subject decided per file before ingest (tasks/drives_ingest_dryrun_review.md). Claim: CONFIRMED.,fbb00a4dcca5758bc3bbbc610b86feb906ebd9617c35cb038aff8553e37bcdfe,CONFIRMED
drive1_FRIO-X6/Cell observer/Marta/Elastic_0522_MJS/ID87L-0522_20x-7.czi,AE-biomaGUNE-0522,,Marta,0522,87,ID87L-0522_20x-7.czi,tissue,CELL_ID87L-0522_20x-7.czi,Historical drive ingest 2026 (drive1_FRIO-X6); project / researcher / operator / subject decided per file before ingest (tasks/drives_ingest_dryrun_review.md). Claim: CONFIRMED.,5fa292e3a3ea86e5f1517f319cc2bb60a14b5564c60118b2e8f0a88e732fddb1,CONFIRMED
drive1_FRIO-X6/Cell observer/Marta/Elastic_0522_MJS/ID89HL-0522_20x-1.czi,AE-biomaGUNE-0522,,Marta,0522,89,ID89HL-0522_20x-1.czi,tissue,CELL_ID89HL-0522_20x-1.czi,Historical drive ingest 2026 (drive1_FRIO-X6); project / researcher / operator / subject decided per file before ingest (tasks/drives_ingest_dryrun_review.md). Claim: CONFIRMED.,2f0431341e85901c1c0b39f467f07e15f882483511e62d23cf1f4a3b1854b2e5,CONFIRMED
drive1_FRIO-X6/Cell observer/Marta/Elastic_0522_MJS/ID89HL-0522_20x-2.czi,AE-biomaGUNE-0522,,Marta,0522,89,ID89HL-0522_20x-2.czi,tissue,CELL_ID89HL-0522_20x-2.czi,Historical drive ingest 2026 (drive1_FRIO-X6); project / researcher / operator / subject decided per file before ingest (tasks/drives_ingest_dryrun_review.md). Claim: CONFIRMED.,e9f54d9fb0cc654184cd2df041cd959acd42e4745fe151e9df0af06dbd331c99,CONFIRMED
drive1_FRIO-X6/Cell observer/Marta/Elastic_0522_MJS/ID89HL-0522_20x-3.czi,AE-biomaGUNE-0522,,Marta,0522,89,ID89HL-0522_20x-3.czi,tissue,CELL_ID89HL-0522_20x-3.czi,Historical drive ingest 2026 (drive1_FRIO-X6); project / researcher / operator / subject decided per file before ingest (tasks/drives_ingest_dryrun_review.md). Claim: CONFIRMED.,98ea16d8f6d7fee55356f6d4fd9d5306400da150a37d1333afa16d48a012be0d,CONFIRMED
drive1_FRIO-X6/Cell observer/Marta/Elastic_0522_MJS/ID89HL-0522_20x-4.czi,AE-biomaGUNE-0522,,Marta,0522,89,ID89HL-0522_20x-4.czi,tissue,CELL_ID89HL-0522_20x-4.czi,Historical drive ingest 2026 (drive1_FRIO-X6); project / researcher / operator / subject decided per file before ingest (tasks/drives_ingest_dryrun_review.md). Claim: CONFIRMED.,1ff768955b3c038f04bbebf512e9be68c26ed04d2edc89ff1f7a5cc03dcf6274,CONFIRMED
drive1_FRIO-X6/Cell observer/Marta/Elastic_0522_MJS/ID89HL-0522_20x-5.czi,AE-biomaGUNE-0522,,Marta,0522,89,ID89HL-0522_20x-5.czi,tissue,CELL_ID89HL-0522_20x-5.czi,Historical drive ingest 2026 (drive1_FRIO-X6); project / researcher / operator / subject decided per file before ingest (tasks/drives_ingest_dryrun_review.md). Claim: CONFIRMED.,b41435a4d95981f5b3c74412bcc5dde4329f12ea348a26f3b055f7f4e5c3c4f0,CONFIRMED
drive1_FRIO-X6/Cell observer/Marta/Elastic_0522_MJS/ID89HL-0522_20x-6.czi,AE-biomaGUNE-0522,,Marta,0522,89,ID89HL-0522_20x-6.czi,tissue,CELL_ID89HL-0522_20x-6.czi,Historical drive ingest 2026 (drive1_FRIO-X6); project / researcher / operator / subject decided per file before ingest (tasks/drives_ingest_dryrun_review.md). Claim: CONFIRMED.,0641ec8ef7cbd0a67da1e9d19db0a4dc986cf47d598e69c1a9335548581658eb,CONFIRMED
drive1_FRIO-X6/Cell observer/Marta/Elastic_0522_MJS/ID89HL-0522_20x-7.czi,AE-biomaGUNE-0522,,Marta,0522,89,ID89HL-0522_20x-7.czi,tissue,CELL_ID89HL-0522_20x-7.czi,Historical drive ingest 2026 (drive1_FRIO-X6); project / researcher / operator / subject decided per file before ingest (tasks/drives_ingest_dryrun_review.md). Claim: CONFIRMED.,2f53ddb6310282996dbd9ea9939f70e586ad2c9ffac24fb879da834fdf0cb38e,CONFIRMED
drive1_FRIO-X6/Cell observer/Marta/Elastic_0522_MJS/ID90HL-0522_20x-1.czi,AE-biomaGUNE-0522,,Marta,0522,90,ID90HL-0522_20x-1.czi,tissue,CELL_ID90HL-0522_20x-1.czi,Historical drive ingest 2026 (drive1_FRIO-X6); project / researcher / operator / subject decided per file before ingest (tasks/drives_ingest_dryrun_review.md). Claim: CONFIRMED.,a8dcd7d26319967f2cc70309de06aa27ff5890d7da9437ccdc0e701c504fa217,CONFIRMED
drive1_FRIO-X6/Cell observer/Marta/Elastic_0522_MJS/ID90HL-0522_20x-10.czi,AE-biomaGUNE-0522,,Marta,0522,90,ID90HL-0522_20x-10.czi,tissue,CELL_ID90HL-0522_20x-10.czi,Historical drive ingest 2026 (drive1_FRIO-X6); project / researcher / operator / subject decided per file before ingest (tasks/drives_ingest_dryrun_review.md). Claim: CONFIRMED.,42f8f4980d5075644e16df52f33220ab1d6745caf9f5712f3b84b533901ff310,CONFIRMED
drive1_FRIO-X6/Cell observer/Marta/Elastic_0522_MJS/ID90HL-0522_20x-2.czi,AE-biomaGUNE-0522,,Marta,0522,90,ID90HL-0522_20x-2.czi,tissue,CELL_ID90HL-0522_20x-2.czi,Historical drive ingest 2026 (drive1_FRIO-X6); project / researcher / operator / subject decided per file before ingest (tasks/drives_ingest_dryrun_review.md). Claim: CONFIRMED.,fce5592e47a69c69a975934cfb2293c7cecb6dbaba25589556c1d19131255471,CONFIRMED
drive1_FRIO-X6/Cell observer/Marta/Elastic_0522_MJS/ID90HL-0522_20x-3.czi,AE-biomaGUNE-0522,,Marta,0522,90,ID90HL-0522_20x-3.czi,tissue,CELL_ID90HL-0522_20x-3.czi,Historical drive ingest 2026 (drive1_FRIO-X6); project / researcher / operator / subject decided per file before ingest (tasks/drives_ingest_dryrun_review.md). Claim: CONFIRMED.,8d951530720dca12b091d687685ec3c0f67c68d326cb621ad21573c288d31e5a,CONFIRMED
drive1_FRIO-X6/Cell observer/Marta/Elastic_0522_MJS/ID90HL-0522_20x-4.czi,AE-biomaGUNE-0522,,Marta,0522,90,ID90HL-0522_20x-4.czi,tissue,CELL_ID90HL-0522_20x-4.czi,Historical drive ingest 2026 (drive1_FRIO-X6); project / researcher / operator / subject decided per file before ingest (tasks/drives_ingest_dryrun_review.md). Claim: CONFIRMED.,128932ae6dda06234fda92533702f76fe54fcf92cb0a0983e713a5a694918cba,CONFIRMED
drive1_FRIO-X6/Cell observer/Marta/Elastic_0522_MJS/ID90HL-0522_20x-5.czi,AE-biomaGUNE-0522,,Marta,0522,90,ID90HL-0522_20x-5.czi,tissue,CELL_ID90HL-0522_20x-5.czi,Historical drive ingest 2026 (drive1_FRIO-X6); project / researcher / operator / subject decided per file before ingest (tasks/drives_ingest_dryrun_review.md). Claim: CONFIRMED.,6804528da107da3cf6d62883acdfa227f56ba7809ffd6652437fd3e3f97d0741,CONFIRMED
drive1_FRIO-X6/Cell observer/Marta/Elastic_0522_MJS/ID90HL-0522_20x-6.czi,AE-biomaGUNE-0522,,Marta,0522,90,ID90HL-0522_20x-6.czi,tissue,CELL_ID90HL-0522_20x-6.czi,Historical drive ingest 2026 (drive1_FRIO-X6); project / researcher / operator / subject decided per file before ingest (tasks/drives_ingest_dryrun_review.md). Claim: CONFIRMED.,114a54cd446a8673ce14ad0224ad0cf2e58f86b7b17d64b3b09a7b9679da3c76,CONFIRMED
drive1_FRIO-X6/Cell observer/Marta/Elastic_0522_MJS/ID90HL-0522_20x-7.czi,AE-biomaGUNE-0522,,Marta,0522,90,ID90HL-0522_20x-7.czi,tissue,CELL_ID90HL-0522_20x-7.czi,Historical drive ingest 2026 (drive1_FRIO-X6); project / researcher / operator / subject decided per file before ingest (tasks/drives_ingest_dryrun_review.md). Claim: CONFIRMED.,4026577927c0d5e61ad51d8424412853ecb60804b70bf8833c1791117b953017,CONFIRMED
drive1_FRIO-X6/Cell observer/Marta/Elastic_0522_MJS/ID90HL-0522_20x-8.czi,AE-biomaGUNE-0522,,Marta,0522,90,ID90HL-0522_20x-8.czi,tissue,CELL_ID90HL-0522_20x-8.czi,Historical drive ingest 2026 (drive1_FRIO-X6); project / researcher / operator / subject decided per file before ingest (tasks/drives_ingest_dryrun_review.md). Claim: CONFIRMED.,db59d5201f6600efc9f6f29d9788fb9f9eebd7ca9c809d678e87a328d795ea2b,CONFIRMED
drive1_FRIO-X6/Cell observer/Marta/Elastic_0522_MJS/ID90HL-0522_20x-9.czi,AE-biomaGUNE-0522,,Marta,0522,90,ID90HL-0522_20x-9.czi,tissue,CELL_ID90HL-0522_20x-9.czi,Historical drive ingest 2026 (drive1_FRIO-X6); project / researcher / operator / subject decided per file before ingest (tasks/drives_ingest_dryrun_review.md). Claim: CONFIRMED.,aae262502854b9d011da83350f890656c896ba905dfeb93d3b7b442077b533de,CONFIRMED
drive1_FRIO-X6/Cell observer/Marta/Elastic_0522_MJS/ID91HL-0522_20x-1.czi,AE-biomaGUNE-0522,,Marta,0522,91,ID91HL-0522_20x-1.czi,tissue,CELL_ID91HL-0522_20x-1.czi,Historical drive ingest 2026 (drive1_FRIO-X6); project / researcher / operator / subject decided per file before ingest (tasks/drives_ingest_dryrun_review.md). Claim: CONFIRMED.,e12d2b98b4353953e7efbe899924b1d56fa70d4194edc975a16c27cf258ca365,CONFIRMED
drive1_FRIO-X6/Cell observer/Marta/Elastic_0522_MJS/ID91HL-0522_20x-2.czi,AE-biomaGUNE-0522,,Marta,0522,91,ID91HL-0522_20x-2.czi,tissue,CELL_ID91HL-0522_20x-2.czi,Historical drive ingest 2026 (drive1_FRIO-X6); project / researcher / operator / subject decided per file before ingest (tasks/drives_ingest_dryrun_review.md). Claim: CONFIRMED.,be43e8479f37de82a05dc05a1f66a17b032b11cd671d430b75f5cbccc7529b0f,CONFIRMED
drive1_FRIO-X6/Cell observer/Marta/Elastic_0522_MJS/ID91HL-0522_20x-3.czi,AE-biomaGUNE-0522,,Marta,0522,91,ID91HL-0522_20x-3.czi,tissue,CELL_ID91HL-0522_20x-3.czi,Historical drive ingest 2026 (drive1_FRIO-X6); project / researcher / operator / subject decided per file before ingest (tasks/drives_ingest_dryrun_review.md). Claim: CONFIRMED.,9de83ed0e28463a17b04aa6633b54049e4c08db2541e10b6b16a45bbd9757ee2,CONFIRMED
drive1_FRIO-X6/Cell observer/Marta/Elastic_0522_MJS/ID91HL-0522_20x-4.czi,AE-biomaGUNE-0522,,Marta,0522,91,ID91HL-0522_20x-4.czi,tissue,CELL_ID91HL-0522_20x-4.czi,Historical drive ingest 2026 (drive1_FRIO-X6); project / researcher / operator / subject decided per file before ingest (tasks/drives_ingest_dryrun_review.md). Claim: CONFIRMED.,7bd68ad294b35258e101ab64fa1fb173f8e202a6c09393ac4cbef0a38408ad1a,CONFIRMED
drive1_FRIO-X6/Cell observer/Marta/Elastic_0522_MJS/ID91HL-0522_20x-5.czi,AE-biomaGUNE-0522,,Marta,0522,91,ID91HL-0522_20x-5.czi,tissue,CELL_ID91HL-0522_20x-5.czi,Historical drive ingest 2026 (drive1_FRIO-X6); project / researcher / operator / subject decided per file before ingest (tasks/drives_ingest_dryrun_review.md). Claim: CONFIRMED.,79fd699129594b50a5b2bfdce937b66429ab9cabed1974fcf1736804d9c4ec03,CONFIRMED
drive1_FRIO-X6/Cell observer/Marta/Elastic_0522_MJS/ID91HL-0522_20x-6.czi,AE-biomaGUNE-0522,,Marta,0522,91,ID91HL-0522_20x-6.czi,tissue,CELL_ID91HL-0522_20x-6.czi,Historical drive ingest 2026 (drive1_FRIO-X6); project / researcher / operator / subject decided per file before ingest (tasks/drives_ingest_dryrun_review.md). Claim: CONFIRMED.,84d0814e9e7aec6d201a7fda0fc17e6f59e995e954ecc9c486df44630a491da5,CONFIRMED
drive1_FRIO-X6/Cell observer/Marta/Elastic_0522_MJS/ID91HL-0522_20x-7.czi,AE-biomaGUNE-0522,,Marta,0522,91,ID91HL-0522_20x-7.czi,tissue,CELL_ID91HL-0522_20x-7.czi,Historical drive ingest 2026 (drive1_FRIO-X6); project / researcher / operator / subject decided per file before ingest (tasks/drives_ingest_dryrun_review.md). Claim: CONFIRMED.,790de1e4fa42cd0dab594916cb95bdfb6538d3f42e2306efe1a3be7931454b01,CONFIRMED
drive1_FRIO-X6/Cell observer/Marta/Elastic_0522_MJS/ID92HL-0522_20x-1.czi,AE-biomaGUNE-0522,,Marta,0522,92,ID92HL-0522_20x-1.czi,tissue,CELL_ID92HL-0522_20x-1.czi,Historical drive ingest 2026 (drive1_FRIO-X6); project / researcher / operator / subject decided per file before ingest (tasks/drives_ingest_dryrun_review.md). Claim: CONFIRMED.,3c7ce04432b8d07dc6b2c1e7243249c20a66eb13437e66f58e5f2c0e52bb77ca,CONFIRMED
drive1_FRIO-X6/Cell observer/Marta/Elastic_0522_MJS/ID92HL-0522_20x-10.czi,AE-biomaGUNE-0522,,Marta,0522,92,ID92HL-0522_20x-10.czi,tissue,CELL_ID92HL-0522_20x-10.czi,Historical drive ingest 2026 (drive1_FRIO-X6); project / researcher / operator / subject decided per file before ingest (tasks/drives_ingest_dryrun_review.md). Claim: CONFIRMED.,9dd65bb564e5d7588fe8178edd81d09c4242f1c1c1bb8eb70c9e3c1f3febbc45,CONFIRMED
drive1_FRIO-X6/Cell observer/Marta/Elastic_0522_MJS/ID92HL-0522_20x-11.czi,AE-biomaGUNE-0522,,Marta,0522,92,ID92HL-0522_20x-11.czi,tissue,CELL_ID92HL-0522_20x-11.czi,Historical drive ingest 2026 (drive1_FRIO-X6); project / researcher / operator / subject decided per file before ingest (tasks/drives_ingest_dryrun_review.md). Claim: CONFIRMED.,14873871dac09dd548778b6481fdf36bd1f55c781ffec909682832896964ffc7,CONFIRMED
drive1_FRIO-X6/Cell observer/Marta/Elastic_0522_MJS/ID92HL-0522_20x-12.czi,AE-biomaGUNE-0522,,Marta,0522,92,ID92HL-0522_20x-12.czi,tissue,CELL_ID92HL-0522_20x-12.czi,Historical drive ingest 2026 (drive1_FRIO-X6); project / researcher / operator / subject decided per file before ingest (tasks/drives_ingest_dryrun_review.md). Claim: CONFIRMED.,2a72bffe4431263178678bab7d475ed1fcbc6ea5e0ee54d96724a9ff42bc6c88,CONFIRMED
drive1_FRIO-X6/Cell observer/Marta/Elastic_0522_MJS/ID92HL-0522_20x-2.czi,AE-biomaGUNE-0522,,Marta,0522,92,ID92HL-0522_20x-2.czi,tissue,CELL_ID92HL-0522_20x-2.czi,Historical drive ingest 2026 (drive1_FRIO-X6); project / researcher / operator / subject decided per file before ingest (tasks/drives_ingest_dryrun_review.md). Claim: CONFIRMED.,dd4401915323f425041c3b41249d8c5db80dea2c95035972aa9956332bf188de,CONFIRMED
drive1_FRIO-X6/Cell observer/Marta/Elastic_0522_MJS/ID92HL-0522_20x-3.czi,AE-biomaGUNE-0522,,Marta,0522,92,ID92HL-0522_20x-3.czi,tissue,CELL_ID92HL-0522_20x-3.czi,Historical drive ingest 2026 (drive1_FRIO-X6); project / researcher / operator / subject decided per file before ingest (tasks/drives_ingest_dryrun_review.md). Claim: CONFIRMED.,3d377fbf6a5a1180fd4a57d1911b9eba070a17f1680561483f9111bc0cf74e1d,CONFIRMED
drive1_FRIO-X6/Cell observer/Marta/Elastic_0522_MJS/ID92HL-0522_20x-4.czi,AE-biomaGUNE-0522,,Marta,0522,92,ID92HL-0522_20x-4.czi,tissue,CELL_ID92HL-0522_20x-4.czi,Historical drive ingest 2026 (drive1_FRIO-X6); project / researcher / operator / subject decided per file before ingest (tasks/drives_ingest_dryrun_review.md). Claim: CONFIRMED.,54ca1b549c0b61a276080608687cff9a861d4f424e0d9c68ff1f5d87e651423d,CONFIRMED
drive1_FRIO-X6/Cell observer/Marta/Elastic_0522_MJS/ID92HL-0522_20x-5.czi,AE-biomaGUNE-0522,,Marta,0522,92,ID92HL-0522_20x-5.czi,tissue,CELL_ID92HL-0522_20x-5.czi,Historical drive ingest 2026 (drive1_FRIO-X6); project / researcher / operator / subject decided per file before ingest (tasks/drives_ingest_dryrun_review.md). Claim: CONFIRMED.,05b4ee9a5adadbf948d20629b8a904b6375f3bead27c0f2941f374b88ced3cd6,CONFIRMED
drive1_FRIO-X6/Cell observer/Marta/Elastic_0522_MJS/ID92HL-0522_20x-6.czi,AE-biomaGUNE-0522,,Marta,0522,92,ID92HL-0522_20x-6.czi,tissue,CELL_ID92HL-0522_20x-6.czi,Historical drive ingest 2026 (drive1_FRIO-X6); project / researcher / operator / subject decided per file before ingest (tasks/drives_ingest_dryrun_review.md). Claim: CONFIRMED.,c4b05ea09c55090dce4a2a6a33f288538f4a60c70d1d7d37628e2f06aef6c8a2,CONFIRMED
drive1_FRIO-X6/Cell observer/Marta/Elastic_0522_MJS/ID92HL-0522_20x-7.czi,AE-biomaGUNE-0522,,Marta,0522,92,ID92HL-0522_20x-7.czi,tissue,CELL_ID92HL-0522_20x-7.czi,Historical drive ingest 2026 (drive1_FRIO-X6); project / researcher / operator / subject decided per file before ingest (tasks/drives_ingest_dryrun_review.md). Claim: CONFIRMED.,e3a01b354addeae55a894ee91c06289f4460d82cb52708e8e97de1598fc2479f,CONFIRMED
drive1_FRIO-X6/Cell observer/Marta/Elastic_0522_MJS/ID92HL-0522_20x-8.czi,AE-biomaGUNE-0522,,Marta,0522,92,ID92HL-0522_20x-8.czi,tissue,CELL_ID92HL-0522_20x-8.czi,Historical drive ingest 2026 (drive1_FRIO-X6); project / researcher / operator / subject decided per file before ingest (tasks/drives_ingest_dryrun_review.md). Claim: CONFIRMED.,8f6b4121f943e6fac54602078fdd20adfa438dcb9ec6b9bbf74849e5693ebc00,CONFIRMED
drive1_FRIO-X6/Cell observer/Marta/Elastic_0522_MJS/ID92HL-0522_20x-9.czi,AE-biomaGUNE-0522,,Marta,0522,92,ID92HL-0522_20x-9.czi,tissue,CELL_ID92HL-0522_20x-9.czi,Historical drive ingest 2026 (drive1_FRIO-X6); project / researcher / operator / subject decided per file before ingest (tasks/drives_ingest_dryrun_review.md). Claim: CONFIRMED.,59fb6187fed5a1239148b36fad5543c90dc5d8a4c16ce685257f3d0aeb7c6911,CONFIRMED
drive1_FRIO-X6/Cell observer/Marta/Elastic_0522_MJS/ID93L-0522_20x-1.czi,AE-biomaGUNE-0522,,Marta,0522,93,ID93L-0522_20x-1.czi,tissue,CELL_ID93L-0522_20x-1.czi,Historical drive ingest 2026 (drive1_FRIO-X6); project / researcher / operator / subject decided per file before ingest (tasks/drives_ingest_dryrun_review.md). Claim: CONFIRMED.,1aa3404f2ddfddc322a1889e213af408149b3a061b051c10e70bc62f70991cd1,CONFIRMED
drive1_FRIO-X6/Cell observer/Marta/Elastic_0522_MJS/ID93L-0522_20x-2.czi,AE-biomaGUNE-0522,,Marta,0522,93,ID93L-0522_20x-2.czi,tissue,CELL_ID93L-0522_20x-2.czi,Historical drive ingest 2026 (drive1_FRIO-X6); project / researcher / operator / subject decided per file before ingest (tasks/drives_ingest_dryrun_review.md). Claim: CONFIRMED.,28327579e4cfd21ab556d95ab5b44805b06e4b978a8112674d749224705fd4b6,CONFIRMED
drive1_FRIO-X6/Cell observer/Marta/Elastic_0522_MJS/ID93L-0522_20x-3.czi,AE-biomaGUNE-0522,,Marta,0522,93,ID93L-0522_20x-3.czi,tissue,CELL_ID93L-0522_20x-3.czi,Historical drive ingest 2026 (drive1_FRIO-X6); project / researcher / operator / subject decided per file before ingest (tasks/drives_ingest_dryrun_review.md). Claim: CONFIRMED.,ad4ee7d2fb71b1b081a467479188d949900b59d95d93bb7dcfcc7fa3c7ea2f9d,CONFIRMED
drive1_FRIO-X6/Cell observer/Marta/Elastic_0522_MJS/ID93L-0522_20x-4.czi,AE-biomaGUNE-0522,,Marta,0522,93,ID93L-0522_20x-4.czi,tissue,CELL_ID93L-0522_20x-4.czi,Historical drive ingest 2026 (drive1_FRIO-X6); project / researcher / operator / subject decided per file before ingest (tasks/drives_ingest_dryrun_review.md). Claim: CONFIRMED.,043ce08e9584c86af50b4a05a4b2215bb5503a44f9437eb49f649a29e8882436,CONFIRMED
drive1_FRIO-X6/Cell observer/Marta/Elastic_0522_MJS/ID93L-0522_20x-5.czi,AE-biomaGUNE-0522,,Marta,0522,93,ID93L-0522_20x-5.czi,tissue,CELL_ID93L-0522_20x-5.czi,Historical drive ingest 2026 (drive1_FRIO-X6); project / researcher / operator / subject decided per file before ingest (tasks/drives_ingest_dryrun_review.md). Claim: CONFIRMED.,41b6355eb43ca4f53f873e29289c715d1947c54ce7e80aa8eae70b09c2e40bce,CONFIRMED
drive1_FRIO-X6/Cell observer/Marta/Elastic_0522_MJS/ID93L-0522_20x-6.czi,AE-biomaGUNE-0522,,Marta,0522,93,ID93L-0522_20x-6.czi,tissue,CELL_ID93L-0522_20x-6.czi,Historical drive ingest 2026 (drive1_FRIO-X6); project / researcher / operator / subject decided per file before ingest (tasks/drives_ingest_dryrun_review.md). Claim: CONFIRMED.,8b9de936f9624edaa8ab3ede012e4ca7360c79e43e14894fdc8cffa107c50efe,CONFIRMED
drive1_FRIO-X6/Cell observer/Marta/Elastic_0522_MJS/ID93L-0522_20x-7.czi,AE-biomaGUNE-0522,,Marta,0522,93,ID93L-0522_20x-7.czi,tissue,CELL_ID93L-0522_20x-7.czi,Historical drive ingest 2026 (drive1_FRIO-X6); project / researcher / operator / subject decided per file before ingest (tasks/drives_ingest_dryrun_review.md). Claim: CONFIRMED.,aefeb06e2b79f31b097a0cb54e540fa14b02d2b8082d36bbecc20b453676e388,CONFIRMED
drive1_FRIO-X6/Cell observer/Marta/Elastic_0522_MJS/ID93L-0522_20x-8.czi,AE-biomaGUNE-0522,,Marta,0522,93,ID93L-0522_20x-8.czi,tissue,CELL_ID93L-0522_20x-8.czi,Historical drive ingest 2026 (drive1_FRIO-X6); project / researcher / operator / subject decided per file before ingest (tasks/drives_ingest_dryrun_review.md). Claim: CONFIRMED.,d933039f0a0a584f23c3b0849c10b262a2587e71ff98b18b734d57dceae19ba5,CONFIRMED
drive1_FRIO-X6/Cell observer/Marta/Elastic_0522_MJS/ID93L-0522_20x-9.czi,AE-biomaGUNE-0522,,Marta,0522,93,ID93L-0522_20x-9.czi,tissue,CELL_ID93L-0522_20x-9.czi,Historical drive ingest 2026 (drive1_FRIO-X6); project / researcher / operator / subject decided per file before ingest (tasks/drives_ingest_dryrun_review.md). Claim: CONFIRMED.,e41ffaf02ac93b183cfad12761380e290392f0a7f8102a063fd2d67ca073c3d5,CONFIRMED
drive1_FRIO-X6/Cell observer/Marta/Elastic_0522_MJS/ID94L-0522_20x-1.czi,AE-biomaGUNE-0522,,Marta,0522,94,ID94L-0522_20x-1.czi,tissue,CELL_ID94L-0522_20x-1.czi,Historical drive ingest 2026 (drive1_FRIO-X6); project / researcher / operator / subject decided per file before ingest (tasks/drives_ingest_dryrun_review.md). Claim: CONFIRMED.,a11a55fc31aa3081a91d6d0e85dba238a35b8a79e60e1553059ac882c2b59c02,CONFIRMED
drive1_FRIO-X6/Cell observer/Marta/Elastic_0522_MJS/ID94L-0522_20x-2.czi,AE-biomaGUNE-0522,,Marta,0522,94,ID94L-0522_20x-2.czi,tissue,CELL_ID94L-0522_20x-2.czi,Historical drive ingest 2026 (drive1_FRIO-X6); project / researcher / operator / subject decided per file before ingest (tasks/drives_ingest_dryrun_review.md). Claim: CONFIRMED.,c31c190c9229d73cdfc33dfcf551560e90d335ee4b5b56333886aaa7c5b5aa6e,CONFIRMED
drive1_FRIO-X6/Cell observer/Marta/Elastic_0522_MJS/ID94L-0522_20x-3.czi,AE-biomaGUNE-0522,,Marta,0522,94,ID94L-0522_20x-3.czi,tissue,CELL_ID94L-0522_20x-3.czi,Historical drive ingest 2026 (drive1_FRIO-X6); project / researcher / operator / subject decided per file before ingest (tasks/drives_ingest_dryrun_review.md). Claim: CONFIRMED.,6cc5d5196f9c721551cef16620aa6cf5ddcde70762f764f4aec402d89e56be10,CONFIRMED
drive1_FRIO-X6/Cell observer/Marta/Elastic_0522_MJS/ID94L-0522_20x-4.czi,AE-biomaGUNE-0522,,Marta,0522,94,ID94L-0522_20x-4.czi,tissue,CELL_ID94L-0522_20x-4.czi,Historical drive ingest 2026 (drive1_FRIO-X6); project / researcher / operator / subject decided per file before ingest (tasks/drives_ingest_dryrun_review.md). Claim: CONFIRMED.,9c933a8556fa99ddb2b6a310653b028f1355cb9af52092a3ea72c3ae8a26f2db,CONFIRMED
drive1_FRIO-X6/Cell observer/Marta/Elastic_0522_MJS/ID94L-0522_20x-5.czi,AE-biomaGUNE-0522,,Marta,0522,94,ID94L-0522_20x-5.czi,tissue,CELL_ID94L-0522_20x-5.czi,Historical drive ingest 2026 (drive1_FRIO-X6); project / researcher / operator / subject decided per file before ingest (tasks/drives_ingest_dryrun_review.md). Claim: CONFIRMED.,b57aa87fd299129423098737d23208fb140a28d7d98aa66e4ccc054fd204a0e9,CONFIRMED
drive1_FRIO-X6/Cell observer/Marta/Elastic_0522_MJS/ID94L-0522_20x-6.czi,AE-biomaGUNE-0522,,Marta,0522,94,ID94L-0522_20x-6.czi,tissue,CELL_ID94L-0522_20x-6.czi,Historical drive ingest 2026 (drive1_FRIO-X6); project / researcher / operator / subject decided per file before ingest (tasks/drives_ingest_dryrun_review.md). Claim: CONFIRMED.,ca70c9af0caceb9a86ffb6219433df458cd7921de9eb7cb95e8f15481e594425,CONFIRMED
drive1_FRIO-X6/Cell observer/Marta/Elastic_0522_MJS/ID94L-0522_20x-7.czi,AE-biomaGUNE-0522,,Marta,0522,94,ID94L-0522_20x-7.czi,tissue,CELL_ID94L-0522_20x-7.czi,Historical drive ingest 2026 (drive1_FRIO-X6); project / researcher / operator / subject decided per file before ingest (tasks/drives_ingest_dryrun_review.md). Claim: CONFIRMED.,6392983237c7bfdb16b5890d4bc004c978ff1564ceb4261d9dd08bb3b716f068,CONFIRMED
drive1_FRIO-X6/Cell observer/Marta/Elastic_0522_MJS/ID94L-0522_20x-8.czi,AE-biomaGUNE-0522,,Marta,0522,94,ID94L-0522_20x-8.czi,tissue,CELL_ID94L-0522_20x-8.czi,Historical drive ingest 2026 (drive1_FRIO-X6); project / researcher / operator / subject decided per file before ingest (tasks/drives_ingest_dryrun_review.md). Claim: CONFIRMED.,086cb30e8d4ed256a14ffc5c95b68affcd338425fe3f298fc55332dd875e05e0,CONFIRMED
drive1_FRIO-X6/Cell observer/Marta/Elastic_0522_MJS/ID95L-0522_20x-1.czi,AE-biomaGUNE-0522,,Marta,0522,95,ID95L-0522_20x-1.czi,tissue,CELL_ID95L-0522_20x-1.czi,Historical drive ingest 2026 (drive1_FRIO-X6); project / researcher / operator / subject decided per file before ingest (tasks/drives_ingest_dryrun_review.md). Claim: CONFIRMED.,0a62e3213c44916cd74b12120da04fb8d05d1f0c88fd79a03519c0a40a235f1c,CONFIRMED
drive1_FRIO-X6/Cell observer/Marta/Elastic_0522_MJS/ID95L-0522_20x-10.czi,AE-biomaGUNE-0522,,Marta,0522,95,ID95L-0522_20x-10.czi,tissue,CELL_ID95L-0522_20x-10.czi,Historical drive ingest 2026 (drive1_FRIO-X6); project / researcher / operator / subject decided per file before ingest (tasks/drives_ingest_dryrun_review.md). Claim: CONFIRMED.,6e210ccc189957b4fc813ae5e599017d6ea39aa146e5bd5eafe2fa5f8e20dded,CONFIRMED
drive1_FRIO-X6/Cell observer/Marta/Elastic_0522_MJS/ID95L-0522_20x-2.czi,AE-biomaGUNE-0522,,Marta,0522,95,ID95L-0522_20x-2.czi,tissue,CELL_ID95L-0522_20x-2.czi,Historical drive ingest 2026 (drive1_FRIO-X6); project / researcher / operator / subject decided per file before ingest (tasks/drives_ingest_dryrun_review.md). Claim: CONFIRMED.,cfb600e3e0cb0e7dac9c91bc0ca7cc99edfd1b4facab9b3a5dbd3186cbc42392,CONFIRMED
drive1_FRIO-X6/Cell observer/Marta/Elastic_0522_MJS/ID95L-0522_20x-3.czi,AE-biomaGUNE-0522,,Marta,0522,95,ID95L-0522_20x-3.czi,tissue,CELL_ID95L-0522_20x-3.czi,Historical drive ingest 2026 (drive1_FRIO-X6); project / researcher / operator / subject decided per file before ingest (tasks/drives_ingest_dryrun_review.md). Claim: CONFIRMED.,265bb10d2a9f21696fd897896464d649f00622fb87c8f1b638e441511020f524,CONFIRMED
drive1_FRIO-X6/Cell observer/Marta/Elastic_0522_MJS/ID95L-0522_20x-4.czi,AE-biomaGUNE-0522,,Marta,0522,95,ID95L-0522_20x-4.czi,tissue,CELL_ID95L-0522_20x-4.czi,Historical drive ingest 2026 (drive1_FRIO-X6); project / researcher / operator / subject decided per file before ingest (tasks/drives_ingest_dryrun_review.md). Claim: CONFIRMED.,323cfece10e3914fad55d33cea092a3f3a49452553bb839e7ac631e13625ddd6,CONFIRMED
drive1_FRIO-X6/Cell observer/Marta/Elastic_0522_MJS/ID95L-0522_20x-5.czi,AE-biomaGUNE-0522,,Marta,0522,95,ID95L-0522_20x-5.czi,tissue,CELL_ID95L-0522_20x-5.czi,Historical drive ingest 2026 (drive1_FRIO-X6); project / researcher / operator / subject decided per file before ingest (tasks/drives_ingest_dryrun_review.md). Claim: CONFIRMED.,ecd10a6b988966d7cedb05a668518c3c18361fbc4bd5687dd1f0c052988d18d8,CONFIRMED
drive1_FRIO-X6/Cell observer/Marta/Elastic_0522_MJS/ID95L-0522_20x-6.czi,AE-biomaGUNE-0522,,Marta,0522,95,ID95L-0522_20x-6.czi,tissue,CELL_ID95L-0522_20x-6.czi,Historical drive ingest 2026 (drive1_FRIO-X6); project / researcher / operator / subject decided per file before ingest (tasks/drives_ingest_dryrun_review.md). Claim: CONFIRMED.,631286312ab4db6cb08219d4645ac81fa62c0f601037e2135c9b64d5fd4d355a,CONFIRMED
drive1_FRIO-X6/Cell observer/Marta/Elastic_0522_MJS/ID95L-0522_20x-7.czi,AE-biomaGUNE-0522,,Marta,0522,95,ID95L-0522_20x-7.czi,tissue,CELL_ID95L-0522_20x-7.czi,Historical drive ingest 2026 (drive1_FRIO-X6); project / researcher / operator / subject decided per file before ingest (tasks/drives_ingest_dryrun_review.md). Claim: CONFIRMED.,356c8cf66d32501a25c150d24c90d965bc82bedceb3f4d8e30178b97ce74dc0f,CONFIRMED
drive1_FRIO-X6/Cell observer/Marta/Elastic_0522_MJS/ID95L-0522_20x-8.czi,AE-biomaGUNE-0522,,Marta,0522,95,ID95L-0522_20x-8.czi,tissue,CELL_ID95L-0522_20x-8.czi,Historical drive ingest 2026 (drive1_FRIO-X6); project / researcher / operator / subject decided per file before ingest (tasks/drives_ingest_dryrun_review.md). Claim: CONFIRMED.,fdd6b65c98e8cea5ecb85f222e5e626c1094fde85890e34459559c3829fdd1bf,CONFIRMED
drive1_FRIO-X6/Cell observer/Marta/Elastic_0522_MJS/ID95L-0522_20x-9.czi,AE-biomaGUNE-0522,,Marta,0522,95,ID95L-0522_20x-9.czi,tissue,CELL_ID95L-0522_20x-9.czi,Historical drive ingest 2026 (drive1_FRIO-X6); project / researcher / operator / subject decided per file before ingest (tasks/drives_ingest_dryrun_review.md). Claim: CONFIRMED.,9e7115138c5da89dc74df0a533eb753a36ce53c90eee1f31e0f434d16102b0de,CONFIRMED
drive1_FRIO-X6/Cell observer/Marta/PR_MJS/ID15H-0522_PR_3m.czi,AE-biomaGUNE-0522,,Marta,0522,15,ID15H-0522_PR_3m.czi,tissue,CELL_ID15H-0522_PR_3m.czi,Historical drive ingest 2026 (drive1_FRIO-X6); project / researcher / operator / subject decided per file before ingest (tasks/drives_ingest_dryrun_review.md). Claim: CONFIRMED.,9e43060e84694a3bd81e50dea8d2685951ef6e420864da713cec21ef259dcf72,CONFIRMED
drive1_FRIO-X6/Cell observer/Marta/PR_MJS/ID15H-0522_PR_3m_Pol.czi,AE-biomaGUNE-0522,,Marta,0522,15,ID15H-0522_PR_3m_Pol.czi,tissue,CELL_ID15H-0522_PR_3m_Pol.czi,Historical drive ingest 2026 (drive1_FRIO-X6); project / researcher / operator / subject decided per file before ingest (tasks/drives_ingest_dryrun_review.md). Claim: CONFIRMED.,d41af959be63a2a38a49679eb7003fd9a00be416c67d4dc62fe94ab855332e40,CONFIRMED
drive1_FRIO-X6/Cell observer/Marta/PR_MJS/ID16H-0522_PR_3m.czi,AE-biomaGUNE-0522,,Marta,0522,16,ID16H-0522_PR_3m.czi,tissue,CELL_ID16H-0522_PR_3m.czi,Historical drive ingest 2026 (drive1_FRIO-X6); project / researcher / operator / subject decided per file before ingest (tasks/drives_ingest_dryrun_review.md). Claim: CONFIRMED.,281c198725b946857dd1ca3c18f53b554b9bb5e5c79e2878a7b067b2471938ab,CONFIRMED
drive1_FRIO-X6/Cell observer/Marta/PR_MJS/ID16H-0522_PR_3m_Pol.czi,AE-biomaGUNE-0522,,Marta,0522,16,ID16H-0522_PR_3m_Pol.czi,tissue,CELL_ID16H-0522_PR_3m_Pol.czi,Historical drive ingest 2026 (drive1_FRIO-X6); project / researcher / operator / subject decided per file before ingest (tasks/drives_ingest_dryrun_review.md). Claim: CONFIRMED.,eb8a55da67f0eac38660b0a61e396e75147f55457aef680e77addde89b1e5c84,CONFIRMED
drive1_FRIO-X6/Cell observer/Marta/PR_MJS/ID20H-0522_PR_3m.czi,AE-biomaGUNE-0522,,Marta,0522,20,ID20H-0522_PR_3m.czi,tissue,CELL_ID20H-0522_PR_3m.czi,Historical drive ingest 2026 (drive1_FRIO-X6); project / researcher / operator / subject decided per file before ingest (tasks/drives_ingest_dryrun_review.md). Claim: CONFIRMED.,2c4ba5acd3ee1383833d45bbff13982313d88937c727f1b36f496f44b95d5354,CONFIRMED
drive1_FRIO-X6/Cell observer/Marta/PR_MJS/ID20H-0522_PR_3m_Pol.czi,AE-biomaGUNE-0522,,Marta,0522,20,ID20H-0522_PR_3m_Pol.czi,tissue,CELL_ID20H-0522_PR_3m_Pol.czi,Historical drive ingest 2026 (drive1_FRIO-X6); project / researcher / operator / subject decided per file before ingest (tasks/drives_ingest_dryrun_review.md). Claim: CONFIRMED.,edbf1536cab09822c3ce1f5c6266870dbfe2292621a93bb452f854041a7db144,CONFIRMED
drive1_FRIO-X6/Cell observer/Marta/WGA_0522_MJS/ID80HL-0522_20x_VD-1.czi,AE-biomaGUNE-0522,,Marta,0522,80,ID80HL-0522_20x_VD-1.czi,tissue,CELL_ID80HL-0522_20x_VD-1.czi,Historical drive ingest 2026 (drive1_FRIO-X6); project / researcher / operator / subject decided per file before ingest (tasks/drives_ingest_dryrun_review.md). Claim: CONFIRMED.,de90cc12c10eb891a484bccf57e04d9f3d75dd5ba08cd8a9e20ecb1a0f068492,CONFIRMED
drive1_FRIO-X6/Cell observer/Marta/WGA_0522_MJS/ID80HL-0522_20x_VD-2.czi,AE-biomaGUNE-0522,,Marta,0522,80,ID80HL-0522_20x_VD-2.czi,tissue,CELL_ID80HL-0522_20x_VD-2.czi,Historical drive ingest 2026 (drive1_FRIO-X6); project / researcher / operator / subject decided per file before ingest (tasks/drives_ingest_dryrun_review.md). Claim: CONFIRMED.,55d3a63a68765534fdf3789526b2fa5b26f42f9cd1530d2261ea9f4e3d4e99af,CONFIRMED
drive1_FRIO-X6/Cell observer/Marta/WGA_0522_MJS/ID80HL-0522_20x_VD-3.czi,AE-biomaGUNE-0522,,Marta,0522,80,ID80HL-0522_20x_VD-3.czi,tissue,CELL_ID80HL-0522_20x_VD-3.czi,Historical drive ingest 2026 (drive1_FRIO-X6); project / researcher / operator / subject decided per file before ingest (tasks/drives_ingest_dryrun_review.md). Claim: CONFIRMED.,18a76334c4bb094126db13460f5a49d1cc2658480356ba9c757028b919d64a48,CONFIRMED
drive1_FRIO-X6/Cell observer/Marta/WGA_0522_MJS/ID80HL-0522_20x_VD-4.czi,AE-biomaGUNE-0522,,Marta,0522,80,ID80HL-0522_20x_VD-4.czi,tissue,CELL_ID80HL-0522_20x_VD-4.czi,Historical drive ingest 2026 (drive1_FRIO-X6); project / researcher / operator / subject decided per file before ingest (tasks/drives_ingest_dryrun_review.md). Claim: CONFIRMED.,785ac96c80a1d35aecfc9b85087e64d6c5e248c67c39acac2b2e3b2485d851b0,CONFIRMED
drive1_FRIO-X6/Cell observer/Marta/WGA_0522_MJS/ID80HL-0522_20x_VD-5.czi,AE-biomaGUNE-0522,,Marta,0522,80,ID80HL-0522_20x_VD-5.czi,tissue,CELL_ID80HL-0522_20x_VD-5.czi,Historical drive ingest 2026 (drive1_FRIO-X6); project / researcher / operator / subject decided per file before ingest (tasks/drives_ingest_dryrun_review.md). Claim: CONFIRMED.,29850431b6be82d993c26cf9c6542c47cf75bbc9b9872483404df92b8bb66be4,CONFIRMED
drive1_FRIO-X6/Cell observer/Marta/WGA_0522_MJS/ID80HL-0522_20x_VI-1.czi,AE-biomaGUNE-0522,,Marta,0522,80,ID80HL-0522_20x_VI-1.czi,tissue,CELL_ID80HL-0522_20x_VI-1.czi,Historical drive ingest 2026 (drive1_FRIO-X6); project / researcher / operator / subject decided per file before ingest (tasks/drives_ingest_dryrun_review.md). Claim: CONFIRMED.,3809e2cb93486f0b8072e1342df85bb21838c937cb6febe6b1b1a505c9025c39,CONFIRMED
drive1_FRIO-X6/Cell observer/Marta/WGA_0522_MJS/ID80HL-0522_20x_VI-2.czi,AE-biomaGUNE-0522,,Marta,0522,80,ID80HL-0522_20x_VI-2.czi,tissue,CELL_ID80HL-0522_20x_VI-2.czi,Historical drive ingest 2026 (drive1_FRIO-X6); project / researcher / operator / subject decided per file before ingest (tasks/drives_ingest_dryrun_review.md). Claim: CONFIRMED.,5dd39f562cd7ddfc47256f1ec5060ab47eb6e92b3c85cea23f6fd571c631fe2e,CONFIRMED
drive1_FRIO-X6/Cell observer/Marta/WGA_0522_MJS/ID80HL-0522_20x_VI-3.czi,AE-biomaGUNE-0522,,Marta,0522,80,ID80HL-0522_20x_VI-3.czi,tissue,CELL_ID80HL-0522_20x_VI-3.czi,Historical drive ingest 2026 (drive1_FRIO-X6); project / researcher / operator / subject decided per file before ingest (tasks/drives_ingest_dryrun_review.md). Claim: CONFIRMED.,40dfec4fee1a9f8a2278152aab9cda6d2dce4805717509358f2cd82799a9378d,CONFIRMED
drive1_FRIO-X6/Cell observer/Marta/WGA_0522_MJS/ID81HL-0522_20x_VD-1.czi,AE-biomaGUNE-0522,,Marta,0522,81,ID81HL-0522_20x_VD-1.czi,tissue,CELL_ID81HL-0522_20x_VD-1.czi,Historical drive ingest 2026 (drive1_FRIO-X6); project / researcher / operator / subject decided per file before ingest (tasks/drives_ingest_dryrun_review.md). Claim: CONFIRMED.,be02010b10dd79f9ba81272daec040edbdba623cc9368dd3b1ca97b9474801fe,CONFIRMED
drive1_FRIO-X6/Cell observer/Marta/WGA_0522_MJS/ID81HL-0522_20x_VD-2.czi,AE-biomaGUNE-0522,,Marta,0522,81,ID81HL-0522_20x_VD-2.czi,tissue,CELL_ID81HL-0522_20x_VD-2.czi,Historical drive ingest 2026 (drive1_FRIO-X6); project / researcher / operator / subject decided per file before ingest (tasks/drives_ingest_dryrun_review.md). Claim: CONFIRMED.,e6815a7b7b636c2a992762a94befb60b30a622f64ad3eeccf2a0cf85e23b5a20,CONFIRMED
drive1_FRIO-X6/Cell observer/Marta/WGA_0522_MJS/ID81HL-0522_20x_VD-3.czi,AE-biomaGUNE-0522,,Marta,0522,81,ID81HL-0522_20x_VD-3.czi,tissue,CELL_ID81HL-0522_20x_VD-3.czi,Historical drive ingest 2026 (drive1_FRIO-X6); project / researcher / operator / subject decided per file before ingest (tasks/drives_ingest_dryrun_review.md). Claim: CONFIRMED.,f4e894f0d831f7c7fa9127ec997cd159d58c878fcbbc7f51343573af13f5e184,CONFIRMED
drive1_FRIO-X6/Cell observer/Marta/WGA_0522_MJS/ID81HL-0522_20x_VD-4.czi,AE-biomaGUNE-0522,,Marta,0522,81,ID81HL-0522_20x_VD-4.czi,tissue,CELL_ID81HL-0522_20x_VD-4.czi,Historical drive ingest 2026 (drive1_FRIO-X6); project / researcher / operator / subject decided per file before ingest (tasks/drives_ingest_dryrun_review.md). Claim: CONFIRMED.,fc9eddacf3844acc762fb0990ea7414cb11173474bcc0c88a8a1672787d6885d,CONFIRMED
drive1_FRIO-X6/Cell observer/Marta/WGA_0522_MJS/ID81HL-0522_20x_VD-5.czi,AE-biomaGUNE-0522,,Marta,0522,81,ID81HL-0522_20x_VD-5.czi,tissue,CELL_ID81HL-0522_20x_VD-5.czi,Historical drive ingest 2026 (drive1_FRIO-X6); project / researcher / operator / subject decided per file before ingest (tasks/drives_ingest_dryrun_review.md). Claim: CONFIRMED.,23a6e7e8f3e06ec01c216e8fdfbaa6b510ff3fa256547257b27677b1e775c0ba,CONFIRMED
drive1_FRIO-X6/Cell observer/Marta/WGA_0522_MJS/ID81HL-0522_20x_VI-1.czi,AE-biomaGUNE-0522,,Marta,0522,81,ID81HL-0522_20x_VI-1.czi,tissue,CELL_ID81HL-0522_20x_VI-1.czi,Historical drive ingest 2026 (drive1_FRIO-X6); project / researcher / operator / subject decided per file before ingest (tasks/drives_ingest_dryrun_review.md). Claim: CONFIRMED.,6f632a43fb01293d9423e8e3198e303d71237d79056097b7abd4fe1face2e100,CONFIRMED
drive1_FRIO-X6/Cell observer/Marta/WGA_0522_MJS/ID81HL-0522_20x_VI-2.czi,AE-biomaGUNE-0522,,Marta,0522,81,ID81HL-0522_20x_VI-2.czi,tissue,CELL_ID81HL-0522_20x_VI-2.czi,Historical drive ingest 2026 (drive1_FRIO-X6); project / researcher / operator / subject decided per file before ingest (tasks/drives_ingest_dryrun_review.md). Claim: CONFIRMED.,c4b0faf2fc2e58101bc3afa3a0f788462876466256a1c0f0d47676e613a17eab,CONFIRMED
drive1_FRIO-X6/Cell observer/Marta/WGA_0522_MJS/ID81HL-0522_20x_VI-3.czi,AE-biomaGUNE-0522,,Marta,0522,81,ID81HL-0522_20x_VI-3.czi,tissue,CELL_ID81HL-0522_20x_VI-3.czi,Historical drive ingest 2026 (drive1_FRIO-X6); project / researcher / operator / subject decided per file before ingest (tasks/drives_ingest_dryrun_review.md). Claim: CONFIRMED.,8199367bf0acc6e6e4023b1a3b69a8a16e4ec5eae477035e932d19ccb9207628,CONFIRMED
drive1_FRIO-X6/Cell observer/Marta/WGA_0522_MJS/ID81HL-0522_20x_VI-4.czi,AE-biomaGUNE-0522,,Marta,0522,81,ID81HL-0522_20x_VI-4.czi,tissue,CELL_ID81HL-0522_20x_VI-4.czi,Historical drive ingest 2026 (drive1_FRIO-X6); project / researcher / operator / subject decided per file before ingest (tasks/drives_ingest_dryrun_review.md). Claim: CONFIRMED.,077483ba5cba011142974075a216c4c40a71a0a18b6258afe4f645526c63d6ba,CONFIRMED
drive1_FRIO-X6/Cell observer/Marta/WGA_0522_MJS/ID81HL-0522_20x_VI-5.czi,AE-biomaGUNE-0522,,Marta,0522,81,ID81HL-0522_20x_VI-5.czi,tissue,CELL_ID81HL-0522_20x_VI-5.czi,Historical drive ingest 2026 (drive1_FRIO-X6); project / researcher / operator / subject decided per file before ingest (tasks/drives_ingest_dryrun_review.md). Claim: CONFIRMED.,620ea0720a04cd80a164f1ae0cee7c36bd46a3af90ce5b6486e9806763fc684e,CONFIRMED
drive1_FRIO-X6/Cell observer/Marta/WGA_0522_MJS/ID82HL-0522_20x_VD-1.czi,AE-biomaGUNE-0522,,Marta,0522,82,ID82HL-0522_20x_VD-1.czi,tissue,CELL_ID82HL-0522_20x_VD-1.czi,Historical drive ingest 2026 (drive1_FRIO-X6); project / researcher / operator / subject decided per file before ingest (tasks/drives_ingest_dryrun_review.md). Claim: CONFIRMED.,b2bc577eebd29d7ae0fa4fcd45b291be9b1f7befdcd5b9211eac8da4f057193d,CONFIRMED
drive1_FRIO-X6/Cell observer/Marta/WGA_0522_MJS/ID82HL-0522_20x_VD-2.czi,AE-biomaGUNE-0522,,Marta,0522,82,ID82HL-0522_20x_VD-2.czi,tissue,CELL_ID82HL-0522_20x_VD-2.czi,Historical drive ingest 2026 (drive1_FRIO-X6); project / researcher / operator / subject decided per file before ingest (tasks/drives_ingest_dryrun_review.md). Claim: CONFIRMED.,3f54c337f0668ada37d6748a97a406dca47a49c818385b701dddac3342a4630f,CONFIRMED
drive1_FRIO-X6/Cell observer/Marta/WGA_0522_MJS/ID82HL-0522_20x_VD-3.czi,AE-biomaGUNE-0522,,Marta,0522,82,ID82HL-0522_20x_VD-3.czi,tissue,CELL_ID82HL-0522_20x_VD-3.czi,Historical drive ingest 2026 (drive1_FRIO-X6); project / researcher / operator / subject decided per file before ingest (tasks/drives_ingest_dryrun_review.md). Claim: CONFIRMED.,4248d6631ce4d63931b0ac1d5d294a9571214e74c54f16fb87e534300f5d8f3c,CONFIRMED
drive1_FRIO-X6/Cell observer/Marta/WGA_0522_MJS/ID82HL-0522_20x_VI-1.czi,AE-biomaGUNE-0522,,Marta,0522,82,ID82HL-0522_20x_VI-1.czi,tissue,CELL_ID82HL-0522_20x_VI-1.czi,Historical drive ingest 2026 (drive1_FRIO-X6); project / researcher / operator / subject decided per file before ingest (tasks/drives_ingest_dryrun_review.md). Claim: CONFIRMED.,5b685492f3d7617e6fab56825dc3914d67b591ea0031e76e975df8401617f192,CONFIRMED
drive1_FRIO-X6/Cell observer/Marta/WGA_0522_MJS/ID82HL-0522_20x_VI-2.czi,AE-biomaGUNE-0522,,Marta,0522,82,ID82HL-0522_20x_VI-2.czi,tissue,CELL_ID82HL-0522_20x_VI-2.czi,Historical drive ingest 2026 (drive1_FRIO-X6); project / researcher / operator / subject decided per file before ingest (tasks/drives_ingest_dryrun_review.md). Claim: CONFIRMED.,8fe1a133a1f092d82d53b734893dcc03bc01e3d0a8a40c980c7b2bea4b64757f,CONFIRMED
drive1_FRIO-X6/Cell observer/Marta/WGA_0522_MJS/ID82HL-0522_20x_VI-3.czi,AE-biomaGUNE-0522,,Marta,0522,82,ID82HL-0522_20x_VI-3.czi,tissue,CELL_ID82HL-0522_20x_VI-3.czi,Historical drive ingest 2026 (drive1_FRIO-X6); project / researcher / operator / subject decided per file before ingest (tasks/drives_ingest_dryrun_review.md). Claim: CONFIRMED.,ce7435477e053aa7360f00bb514ea82f48cce9b7d61f602f260f1d627f368a01,CONFIRMED
drive1_FRIO-X6/Cell observer/Marta/WGA_0522_MJS/ID82HL-0522_20x_VI-4.czi,AE-biomaGUNE-0522,,Marta,0522,82,ID82HL-0522_20x_VI-4.czi,tissue,CELL_ID82HL-0522_20x_VI-4.czi,Historical drive ingest 2026 (drive1_FRIO-X6); project / researcher / operator / subject decided per file before ingest (tasks/drives_ingest_dryrun_review.md). Claim: CONFIRMED.,feb03a85dc2654c6c896b9e6a79731527ba865e5a126b3810901515639f1f753,CONFIRMED
drive1_FRIO-X6/Cell observer/Marta/WGA_0522_MJS/ID82HL-0522_20x_VI-5.czi,AE-biomaGUNE-0522,,Marta,0522,82,ID82HL-0522_20x_VI-5.czi,tissue,CELL_ID82HL-0522_20x_VI-5.czi,Historical drive ingest 2026 (drive1_FRIO-X6); project / researcher / operator / subject decided per file before ingest (tasks/drives_ingest_dryrun_review.md). Claim: CONFIRMED.,1ba6c4eb22eaca34c3d552d2886813bf082fa75ec8b548da6948ec7aa656c01a,CONFIRMED
drive1_FRIO-X6/Cell observer/Marta/WGA_0522_MJS/ID83HL-0522_20x_VD-1.czi,AE-biomaGUNE-0522,,Marta,0522,83,ID83HL-0522_20x_VD-1.czi,tissue,CELL_ID83HL-0522_20x_VD-1.czi,Historical drive ingest 2026 (drive1_FRIO-X6); project / researcher / operator / subject decided per file before ingest (tasks/drives_ingest_dryrun_review.md). Claim: CONFIRMED.,84c979b384f8e5d51a5b30042378274a92160f41955b0f185c7ec68c7d2741c6,CONFIRMED
drive1_FRIO-X6/Cell observer/Marta/WGA_0522_MJS/ID83HL-0522_20x_VD-2.czi,AE-biomaGUNE-0522,,Marta,0522,83,ID83HL-0522_20x_VD-2.czi,tissue,CELL_ID83HL-0522_20x_VD-2.czi,Historical drive ingest 2026 (drive1_FRIO-X6); project / researcher / operator / subject decided per file before ingest (tasks/drives_ingest_dryrun_review.md). Claim: CONFIRMED.,98f1559a855f4390ab9ae51f202e584ad702502c01568e8125ea372acc5b7f8b,CONFIRMED
drive1_FRIO-X6/Cell observer/Marta/WGA_0522_MJS/ID83HL-0522_20x_VD-3.czi,AE-biomaGUNE-0522,,Marta,0522,83,ID83HL-0522_20x_VD-3.czi,tissue,CELL_ID83HL-0522_20x_VD-3.czi,Historical drive ingest 2026 (drive1_FRIO-X6); project / researcher / operator / subject decided per file before ingest (tasks/drives_ingest_dryrun_review.md). Claim: CONFIRMED.,e119bcf7a594c5770d0fa8cb5529c178207a6eb3d10fde28a855902d00de480e,CONFIRMED
drive1_FRIO-X6/Cell observer/Marta/WGA_0522_MJS/ID83HL-0522_20x_VD-4.czi,AE-biomaGUNE-0522,,Marta,0522,83,ID83HL-0522_20x_VD-4.czi,tissue,CELL_ID83HL-0522_20x_VD-4.czi,Historical drive ingest 2026 (drive1_FRIO-X6); project / researcher / operator / subject decided per file before ingest (tasks/drives_ingest_dryrun_review.md). Claim: CONFIRMED.,12c413e9733d45c07f498fd297169bf6924a0ba7b5245df3ed12bdb9a281b66b,CONFIRMED
drive1_FRIO-X6/Cell observer/Marta/WGA_0522_MJS/ID83HL-0522_20x_VI-1.czi,AE-biomaGUNE-0522,,Marta,0522,83,ID83HL-0522_20x_VI-1.czi,tissue,CELL_ID83HL-0522_20x_VI-1.czi,Historical drive ingest 2026 (drive1_FRIO-X6); project / researcher / operator / subject decided per file before ingest (tasks/drives_ingest_dryrun_review.md). Claim: CONFIRMED.,9ccbbde7514f0dd541b470addd49714da4597ec136dfdda74b0d61d3e427c6bf,CONFIRMED
drive1_FRIO-X6/Cell observer/Marta/WGA_0522_MJS/ID83HL-0522_20x_VI-2.czi,AE-biomaGUNE-0522,,Marta,0522,83,ID83HL-0522_20x_VI-2.czi,tissue,CELL_ID83HL-0522_20x_VI-2.czi,Historical drive ingest 2026 (drive1_FRIO-X6); project / researcher / operator / subject decided per file before ingest (tasks/drives_ingest_dryrun_review.md). Claim: CONFIRMED.,c36eb92492001477743f04c6760fdd2d39ecd793a426a40972abd72826b8a9f0,CONFIRMED
drive1_FRIO-X6/Cell observer/Marta/WGA_0522_MJS/ID83HL-0522_20x_VI-3.czi,AE-biomaGUNE-0522,,Marta,0522,83,ID83HL-0522_20x_VI-3.czi,tissue,CELL_ID83HL-0522_20x_VI-3.czi,Historical drive ingest 2026 (drive1_FRIO-X6); project / researcher / operator / subject decided per file before ingest (tasks/drives_ingest_dryrun_review.md). Claim: CONFIRMED.,f68f87f6655dacfae1c27e899be8ea087dae8e6eb91349a73d9192fc07ebfe73,CONFIRMED
drive1_FRIO-X6/Cell observer/Marta/WGA_0522_MJS/ID83HL-0522_20x_VI-4.czi,AE-biomaGUNE-0522,,Marta,0522,83,ID83HL-0522_20x_VI-4.czi,tissue,CELL_ID83HL-0522_20x_VI-4.czi,Historical drive ingest 2026 (drive1_FRIO-X6); project / researcher / operator / subject decided per file before ingest (tasks/drives_ingest_dryrun_review.md). Claim: CONFIRMED.,6d2930b2c4f5b8937a330cb741fc55b4285f04172cd0763e1eefb2ee55a99b06,CONFIRMED
drive1_FRIO-X6/Cell observer/Marta/WGA_0522_MJS/ID83HL-0522_20x_VI-5.czi,AE-biomaGUNE-0522,,Marta,0522,83,ID83HL-0522_20x_VI-5.czi,tissue,CELL_ID83HL-0522_20x_VI-5.czi,Historical drive ingest 2026 (drive1_FRIO-X6); project / researcher / operator / subject decided per file before ingest (tasks/drives_ingest_dryrun_review.md). Claim: CONFIRMED.,98dcc6bee5d2b95abbfe19e2f4247df6392b6628bb50cce403990b664a82ddcc,CONFIRMED
drive1_FRIO-X6/Cell observer/Marta/WGA_0522_MJS/ID83HL-0522_20x_VI-6.czi,AE-biomaGUNE-0522,,Marta,0522,83,ID83HL-0522_20x_VI-6.czi,tissue,CELL_ID83HL-0522_20x_VI-6.czi,Historical drive ingest 2026 (drive1_FRIO-X6); project / researcher / operator / subject decided per file before ingest (tasks/drives_ingest_dryrun_review.md). Claim: CONFIRMED.,f6bfa373fc2a501f921b40d10490786c588c47ad590be789656d8c8a9464aaef,CONFIRMED
drive1_FRIO-X6/Cell observer/Marta/WGA_0522_MJS/ID88HL-0522_20x_VD-1.czi,AE-biomaGUNE-0522,,Marta,0522,88,ID88HL-0522_20x_VD-1.czi,tissue,CELL_ID88HL-0522_20x_VD-1.czi,Historical drive ingest 2026 (drive1_FRIO-X6); project / researcher / operator / subject decided per file before ingest (tasks/drives_ingest_dryrun_review.md). Claim: CONFIRMED.,0b1ae3ed1d4e0274ae29000a0b639a768eac3b025502fcbc8a64faf41489f186,CONFIRMED
drive1_FRIO-X6/Cell observer/Marta/WGA_0522_MJS/ID88HL-0522_20x_VD-2.czi,AE-biomaGUNE-0522,,Marta,0522,88,ID88HL-0522_20x_VD-2.czi,tissue,CELL_ID88HL-0522_20x_VD-2.czi,Historical drive ingest 2026 (drive1_FRIO-X6); project / researcher / operator / subject decided per file before ingest (tasks/drives_ingest_dryrun_review.md). Claim: CONFIRMED.,5395d2b97b70da99d3c261ae4b3ca64163ddf4a209bc759d7421a7019b73dbee,CONFIRMED
drive1_FRIO-X6/Cell observer/Marta/WGA_0522_MJS/ID88HL-0522_20x_VD-3.czi,AE-biomaGUNE-0522,,Marta,0522,88,ID88HL-0522_20x_VD-3.czi,tissue,CELL_ID88HL-0522_20x_VD-3.czi,Historical drive ingest 2026 (drive1_FRIO-X6); project / researcher / operator / subject decided per file before ingest (tasks/drives_ingest_dryrun_review.md). Claim: CONFIRMED.,430922e1bfebc0036a490765994d65c533cc08f0ede9dc9ed8b2f0f6c20658fd,CONFIRMED
drive1_FRIO-X6/Cell observer/Marta/WGA_0522_MJS/ID88HL-0522_20x_VD-4.czi,AE-biomaGUNE-0522,,Marta,0522,88,ID88HL-0522_20x_VD-4.czi,tissue,CELL_ID88HL-0522_20x_VD-4.czi,Historical drive ingest 2026 (drive1_FRIO-X6); project / researcher / operator / subject decided per file before ingest (tasks/drives_ingest_dryrun_review.md). Claim: CONFIRMED.,e2dd1cb103b0100964d32affcef71e567fd181595cf6b4252dc9c1a2604bdbae,CONFIRMED
drive1_FRIO-X6/Cell observer/Marta/WGA_0522_MJS/ID88HL-0522_20x_VD-5.czi,AE-biomaGUNE-0522,,Marta,0522,88,ID88HL-0522_20x_VD-5.czi,tissue,CELL_ID88HL-0522_20x_VD-5.czi,Historical drive ingest 2026 (drive1_FRIO-X6); project / researcher / operator / subject decided per file before ingest (tasks/drives_ingest_dryrun_review.md). Claim: CONFIRMED.,113ec4dbc365e785ac632960caed19b6543fac6794aaac2f8b2cb0ed2fe78a91,CONFIRMED
drive1_FRIO-X6/Cell observer/Marta/WGA_0522_MJS/ID88HL-0522_20x_VD-6.czi,AE-biomaGUNE-0522,,Marta,0522,88,ID88HL-0522_20x_VD-6.czi,tissue,CELL_ID88HL-0522_20x_VD-6.czi,Historical drive ingest 2026 (drive1_FRIO-X6); project / researcher / operator / subject decided per file before ingest (tasks/drives_ingest_dryrun_review.md). Claim: CONFIRMED.,060580aa5427a3f93beef9a1cd13ef17ed784b968c39df0535e087e65ce4de81,CONFIRMED
drive1_FRIO-X6/Cell observer/Marta/WGA_0522_MJS/ID88HL-0522_20x_VD-7.czi,AE-biomaGUNE-0522,,Marta,0522,88,ID88HL-0522_20x_VD-7.czi,tissue,CELL_ID88HL-0522_20x_VD-7.czi,Historical drive ingest 2026 (drive1_FRIO-X6); project / researcher / operator / subject decided per file before ingest (tasks/drives_ingest_dryrun_review.md). Claim: CONFIRMED.,6e701f4ad2d7ef3c47731c4f83093399500edc23f98d4ae07d18decf7aed2fdb,CONFIRMED
drive1_FRIO-X6/Cell observer/Marta/WGA_0522_MJS/ID88HL-0522_20x_VI-1.czi,AE-biomaGUNE-0522,,Marta,0522,88,ID88HL-0522_20x_VI-1.czi,tissue,CELL_ID88HL-0522_20x_VI-1.czi,Historical drive ingest 2026 (drive1_FRIO-X6); project / researcher / operator / subject decided per file before ingest (tasks/drives_ingest_dryrun_review.md). Claim: CONFIRMED.,7bed80dbcc91e9a746863c41d036aea274aeb35841b06b25c8d69220fd170044,CONFIRMED
drive1_FRIO-X6/Cell observer/Marta/WGA_0522_MJS/ID88HL-0522_20x_VI-2.czi,AE-biomaGUNE-0522,,Marta,0522,88,ID88HL-0522_20x_VI-2.czi,tissue,CELL_ID88HL-0522_20x_VI-2.czi,Historical drive ingest 2026 (drive1_FRIO-X6); project / researcher / operator / subject decided per file before ingest (tasks/drives_ingest_dryrun_review.md). Claim: CONFIRMED.,8182ebc8f36eaf2e4efeb9de705b24f5fcacff601b2b26d002db4fd8b9950440,CONFIRMED
drive1_FRIO-X6/Cell observer/Marta/WGA_0522_MJS/ID88HL-0522_20x_VI-3.czi,AE-biomaGUNE-0522,,Marta,0522,88,ID88HL-0522_20x_VI-3.czi,tissue,CELL_ID88HL-0522_20x_VI-3.czi,Historical drive ingest 2026 (drive1_FRIO-X6); project / researcher / operator / subject decided per file before ingest (tasks/drives_ingest_dryrun_review.md). Claim: CONFIRMED.,62f2bc53018654a45f3ebd41c4bb65ac80980e3e81b9a578253843240e6814bc,CONFIRMED
drive1_FRIO-X6/Cell observer/Marta/WGA_0522_MJS/ID88HL-0522_20x_VI-4.czi,AE-biomaGUNE-0522,,Marta,0522,88,ID88HL-0522_20x_VI-4.czi,tissue,CELL_ID88HL-0522_20x_VI-4.czi,Historical drive ingest 2026 (drive1_FRIO-X6); project / researcher / operator / subject decided per file before ingest (tasks/drives_ingest_dryrun_review.md). Claim: CONFIRMED.,3d76c6958fd95bf1ecb70fc1abbcff27e3456973a88a9f13dea27850533a55ac,CONFIRMED
drive1_FRIO-X6/Cell observer/Marta/WGA_0522_MJS/ID89HL-0522_20x_VD-1.czi,AE-biomaGUNE-0522,,Marta,0522,89,ID89HL-0522_20x_VD-1.czi,tissue,CELL_ID89HL-0522_20x_VD-1.czi,Historical drive ingest 2026 (drive1_FRIO-X6); project / researcher / operator / subject decided per file before ingest (tasks/drives_ingest_dryrun_review.md). Claim: CONFIRMED.,f8c87e12ab39d718322c93ad789f4951f303f6999fd28fd2f2f8af49e10daa4f,CONFIRMED
drive1_FRIO-X6/Cell observer/Marta/WGA_0522_MJS/ID89HL-0522_20x_VD-2.czi,AE-biomaGUNE-0522,,Marta,0522,89,ID89HL-0522_20x_VD-2.czi,tissue,CELL_ID89HL-0522_20x_VD-2.czi,Historical drive ingest 2026 (drive1_FRIO-X6); project / researcher / operator / subject decided per file before ingest (tasks/drives_ingest_dryrun_review.md). Claim: CONFIRMED.,5c43c428d57512be36f7bf716d1f3ad3a6d119f93cc6e5091bd7e167b9b31814,CONFIRMED
drive1_FRIO-X6/Cell observer/Marta/WGA_0522_MJS/ID89HL-0522_20x_VD-3.czi,AE-biomaGUNE-0522,,Marta,0522,89,ID89HL-0522_20x_VD-3.czi,tissue,CELL_ID89HL-0522_20x_VD-3.czi,Historical drive ingest 2026 (drive1_FRIO-X6); project / researcher / operator / subject decided per file before ingest (tasks/drives_ingest_dryrun_review.md). Claim: CONFIRMED.,4bcb032a23d238087de6f0948756def4c74eddd4b68eb9e3084c14f433e6bd85,CONFIRMED
drive1_FRIO-X6/Cell observer/Marta/WGA_0522_MJS/ID89HL-0522_20x_VD-4.czi,AE-biomaGUNE-0522,,Marta,0522,89,ID89HL-0522_20x_VD-4.czi,tissue,CELL_ID89HL-0522_20x_VD-4.czi,Historical drive ingest 2026 (drive1_FRIO-X6); project / researcher / operator / subject decided per file before ingest (tasks/drives_ingest_dryrun_review.md). Claim: CONFIRMED.,c6b62d52237cc51f353cd526214c781f3ac7660eb3ebde1e5578116ffd4f331d,CONFIRMED
drive1_FRIO-X6/Cell observer/Marta/WGA_0522_MJS/ID89HL-0522_20x_VI-1.czi,AE-biomaGUNE-0522,,Marta,0522,89,ID89HL-0522_20x_VI-1.czi,tissue,CELL_ID89HL-0522_20x_VI-1.czi,Historical drive ingest 2026 (drive1_FRIO-X6); project / researcher / operator / subject decided per file before ingest (tasks/drives_ingest_dryrun_review.md). Claim: CONFIRMED.,51786fd85c87fc0d3d8b915b0d81ee04bf414f26743ec9e446f944dddadc5d8e,CONFIRMED
drive1_FRIO-X6/Cell observer/Marta/WGA_0522_MJS/ID89HL-0522_20x_VI-2.czi,AE-biomaGUNE-0522,,Marta,0522,89,ID89HL-0522_20x_VI-2.czi,tissue,CELL_ID89HL-0522_20x_VI-2.czi,Historical drive ingest 2026 (drive1_FRIO-X6); project / researcher / operator / subject decided per file before ingest (tasks/drives_ingest_dryrun_review.md). Claim: CONFIRMED.,af6da8bd3fbd0e5c3162de94a934b028114b453f50fede9902cb718a9aca5468,CONFIRMED
drive1_FRIO-X6/Cell observer/Marta/WGA_0522_MJS/ID89HL-0522_20x_VI-3.czi,AE-biomaGUNE-0522,,Marta,0522,89,ID89HL-0522_20x_VI-3.czi,tissue,CELL_ID89HL-0522_20x_VI-3.czi,Historical drive ingest 2026 (drive1_FRIO-X6); project / researcher / operator / subject decided per file before ingest (tasks/drives_ingest_dryrun_review.md). Claim: CONFIRMED.,987ff23bc166df5961d7b8401b6d301ba078c1fb22e80c8a65b99dd9cec45ead,CONFIRMED
drive1_FRIO-X6/Cell observer/Marta/WGA_0522_MJS/ID89HL-0522_20x_VI-4.czi,AE-biomaGUNE-0522,,Marta,0522,89,ID89HL-0522_20x_VI-4.czi,tissue,CELL_ID89HL-0522_20x_VI-4.czi,Historical drive ingest 2026 (drive1_FRIO-X6); project / researcher / operator / subject decided per file before ingest (tasks/drives_ingest_dryrun_review.md). Claim: CONFIRMED.,d3e4058c6b3c66c3e4249edabd712f163e18bc10325f95183f0cf8f45e650671,CONFIRMED
drive1_FRIO-X6/Cell observer/Marta/WGA_0522_MJS/ID89HL-0522_20x_VI-5.czi,AE-biomaGUNE-0522,,Marta,0522,89,ID89HL-0522_20x_VI-5.czi,tissue,CELL_ID89HL-0522_20x_VI-5.czi,Historical drive ingest 2026 (drive1_FRIO-X6); project / researcher / operator / subject decided per file before ingest (tasks/drives_ingest_dryrun_review.md). Claim: CONFIRMED.,e7bc663c371f233fc4350456de81a48dd0b3e43c29219eec4be47a456800c29b,CONFIRMED
drive1_FRIO-X6/Cell observer/Marta/WGA_0522_MJS/ID90HL-0522_20x_VD-1.czi,AE-biomaGUNE-0522,,Marta,0522,90,ID90HL-0522_20x_VD-1.czi,tissue,CELL_ID90HL-0522_20x_VD-1.czi,Historical drive ingest 2026 (drive1_FRIO-X6); project / researcher / operator / subject decided per file before ingest (tasks/drives_ingest_dryrun_review.md). Claim: CONFIRMED.,19972da3a0b98c48832aba5e499f55bfaade80918cae29126f3ea24d130e7d1c,CONFIRMED
drive1_FRIO-X6/Cell observer/Marta/WGA_0522_MJS/ID90HL-0522_20x_VD-2.czi,AE-biomaGUNE-0522,,Marta,0522,90,ID90HL-0522_20x_VD-2.czi,tissue,CELL_ID90HL-0522_20x_VD-2.czi,Historical drive ingest 2026 (drive1_FRIO-X6); project / researcher / operator / subject decided per file before ingest (tasks/drives_ingest_dryrun_review.md). Claim: CONFIRMED.,a95fe9ce6c4d95c02b678c1d9e25c615d4a562082d10fc9f70edc9a238a8622e,CONFIRMED
drive1_FRIO-X6/Cell observer/Marta/WGA_0522_MJS/ID90HL-0522_20x_VD-3.czi,AE-biomaGUNE-0522,,Marta,0522,90,ID90HL-0522_20x_VD-3.czi,tissue,CELL_ID90HL-0522_20x_VD-3.czi,Historical drive ingest 2026 (drive1_FRIO-X6); project / researcher / operator / subject decided per file before ingest (tasks/drives_ingest_dryrun_review.md). Claim: CONFIRMED.,9ee606390be6cc3150b41b6670bf68fd69b2251deeee99017f072001e540444d,CONFIRMED
drive1_FRIO-X6/Cell observer/Marta/WGA_0522_MJS/ID90HL-0522_20x_VD-4.czi,AE-biomaGUNE-0522,,Marta,0522,90,ID90HL-0522_20x_VD-4.czi,tissue,CELL_ID90HL-0522_20x_VD-4.czi,Historical drive ingest 2026 (drive1_FRIO-X6); project / researcher / operator / subject decided per file before ingest (tasks/drives_ingest_dryrun_review.md). Claim: CONFIRMED.,99e6a5b9863d0b4bf5061f20cd3cce166e3b393afed33b7357af10c02fd0c870,CONFIRMED
drive1_FRIO-X6/Cell observer/Marta/WGA_0522_MJS/ID90HL-0522_20x_VI-1.czi,AE-biomaGUNE-0522,,Marta,0522,90,ID90HL-0522_20x_VI-1.czi,tissue,CELL_ID90HL-0522_20x_VI-1.czi,Historical drive ingest 2026 (drive1_FRIO-X6); project / researcher / operator / subject decided per file before ingest (tasks/drives_ingest_dryrun_review.md). Claim: CONFIRMED.,1d0aa17b1f96bda7dae017d86bcc425560083de39c0a580d5a051e3fdf1f807d,CONFIRMED
drive1_FRIO-X6/Cell observer/Marta/WGA_0522_MJS/ID90HL-0522_20x_VI-2.czi,AE-biomaGUNE-0522,,Marta,0522,90,ID90HL-0522_20x_VI-2.czi,tissue,CELL_ID90HL-0522_20x_VI-2.czi,Historical drive ingest 2026 (drive1_FRIO-X6); project / researcher / operator / subject decided per file before ingest (tasks/drives_ingest_dryrun_review.md). Claim: CONFIRMED.,80accfd0c70d49eff08dce68efb817d571785fa5f7857cfc49ec2122b5f9b679,CONFIRMED
drive1_FRIO-X6/Cell observer/Marta/WGA_0522_MJS/ID90HL-0522_20x_VI-3.czi,AE-biomaGUNE-0522,,Marta,0522,90,ID90HL-0522_20x_VI-3.czi,tissue,CELL_ID90HL-0522_20x_VI-3.czi,Historical drive ingest 2026 (drive1_FRIO-X6); project / researcher / operator / subject decided per file before ingest (tasks/drives_ingest_dryrun_review.md). Claim: CONFIRMED.,0d8f4f0c6c03798ec41579037f0a5b7fc3288b48ebd30b75e04897bb6999f418,CONFIRMED
drive1_FRIO-X6/Cell observer/Marta/WGA_0522_MJS/ID90HL-0522_20x_VI-4.czi,AE-biomaGUNE-0522,,Marta,0522,90,ID90HL-0522_20x_VI-4.czi,tissue,CELL_ID90HL-0522_20x_VI-4.czi,Historical drive ingest 2026 (drive1_FRIO-X6); project / researcher / operator / subject decided per file before ingest (tasks/drives_ingest_dryrun_review.md). Claim: CONFIRMED.,b5fe7aa2f54461a53dfd0678fb5babb4212ed68a5ee0034455f47c9d6af3ffe9,CONFIRMED
drive1_FRIO-X6/Cell observer/Marta/WGA_0522_MJS/ID91HL-0522_20x_VD-1.czi,AE-biomaGUNE-0522,,Marta,0522,91,ID91HL-0522_20x_VD-1.czi,tissue,CELL_ID91HL-0522_20x_VD-1.czi,Historical drive ingest 2026 (drive1_FRIO-X6); project / researcher / operator / subject decided per file before ingest (tasks/drives_ingest_dryrun_review.md). Claim: CONFIRMED.,1a149100a5a4889a19ab07091b9bb9345b6172c52f69929148962dc0b7e3c35f,CONFIRMED
drive1_FRIO-X6/Cell observer/Marta/WGA_0522_MJS/ID91HL-0522_20x_VD-2.czi,AE-biomaGUNE-0522,,Marta,0522,91,ID91HL-0522_20x_VD-2.czi,tissue,CELL_ID91HL-0522_20x_VD-2.czi,Historical drive ingest 2026 (drive1_FRIO-X6); project / researcher / operator / subject decided per file before ingest (tasks/drives_ingest_dryrun_review.md). Claim: CONFIRMED.,fc871e3d1ef06a0f1cb1ec8f0939f68417ecc3e68b9c0e9ece209658ceceacc7,CONFIRMED
drive1_FRIO-X6/Cell observer/Marta/WGA_0522_MJS/ID91HL-0522_20x_VD-3.czi,AE-biomaGUNE-0522,,Marta,0522,91,ID91HL-0522_20x_VD-3.czi,tissue,CELL_ID91HL-0522_20x_VD-3.czi,Historical drive ingest 2026 (drive1_FRIO-X6); project / researcher / operator / subject decided per file before ingest (tasks/drives_ingest_dryrun_review.md). Claim: CONFIRMED.,d119e2394dabf9b17b529d009e629e1de9a5faaadf2a47b4510d9d917d73b1cf,CONFIRMED
drive1_FRIO-X6/Cell observer/Marta/WGA_0522_MJS/ID91HL-0522_20x_VD-4.czi,AE-biomaGUNE-0522,,Marta,0522,91,ID91HL-0522_20x_VD-4.czi,tissue,CELL_ID91HL-0522_20x_VD-4.czi,Historical drive ingest 2026 (drive1_FRIO-X6); project / researcher / operator / subject decided per file before ingest (tasks/drives_ingest_dryrun_review.md). Claim: CONFIRMED.,c7c914fddfee184feb8b8868cd7506134a97aca65ba3b6ffbdb7396555cfbee9,CONFIRMED
drive1_FRIO-X6/Cell observer/Marta/WGA_0522_MJS/ID91HL-0522_20x_VI-1.czi,AE-biomaGUNE-0522,,Marta,0522,91,ID91HL-0522_20x_VI-1.czi,tissue,CELL_ID91HL-0522_20x_VI-1.czi,Historical drive ingest 2026 (drive1_FRIO-X6); project / researcher / operator / subject decided per file before ingest (tasks/drives_ingest_dryrun_review.md). Claim: CONFIRMED.,78ea49ec20062078d4b51091a978144dedec3190fa24a33736a08904d7b4a96c,CONFIRMED
drive1_FRIO-X6/Cell observer/Marta/WGA_0522_MJS/ID91HL-0522_20x_VI-2.czi,AE-biomaGUNE-0522,,Marta,0522,91,ID91HL-0522_20x_VI-2.czi,tissue,CELL_ID91HL-0522_20x_VI-2.czi,Historical drive ingest 2026 (drive1_FRIO-X6); project / researcher / operator / subject decided per file before ingest (tasks/drives_ingest_dryrun_review.md). Claim: CONFIRMED.,566ec3162c6c64d5fc8b539829e8f4e874fc6a9b81f9ad086793969f207609ed,CONFIRMED
drive1_FRIO-X6/Cell observer/Marta/WGA_0522_MJS/ID91HL-0522_20x_VI-3.czi,AE-biomaGUNE-0522,,Marta,0522,91,ID91HL-0522_20x_VI-3.czi,tissue,CELL_ID91HL-0522_20x_VI-3.czi,Historical drive ingest 2026 (drive1_FRIO-X6); project / researcher / operator / subject decided per file before ingest (tasks/drives_ingest_dryrun_review.md). Claim: CONFIRMED.,b3d9315a36b5a619fa7713de50fe6d5ccd633764d876dec8db53791528b801f0,CONFIRMED
drive1_FRIO-X6/Cell observer/Marta/WGA_0522_MJS/ID91HL-0522_20x_VI-4.czi,AE-biomaGUNE-0522,,Marta,0522,91,ID91HL-0522_20x_VI-4.czi,tissue,CELL_ID91HL-0522_20x_VI-4.czi,Historical drive ingest 2026 (drive1_FRIO-X6); project / researcher / operator / subject decided per file before ingest (tasks/drives_ingest_dryrun_review.md). Claim: CONFIRMED.,f6e2c4159f2f2f252830ae053f3dc90be8358cec21814140cf40f00aec5e8232,CONFIRMED
drive1_FRIO-X6/Haizpea_2020-2022.7z/Haizpea_2020-2022/project0420/20210610_0420_2.1/20211004_tinciones corazon/id11_h&e.czi,AE-biomaGUNE-0420,Haizpea,,0420,11,id11_h&e.czi,tissue,CELL_id11_h&e.czi,Historical drive ingest 2026 (drive1_FRIO-X6); project / researcher / operator / subject decided per file before ingest (tasks/drives_ingest_dryrun_review.md). Claim: CONFIRMED.,48d023aa791d02051200a1bd101fc2f4433dc99dcea2223dcbdd0436db729aed,CONFIRMED
drive1_FRIO-X6/Haizpea_2020-2022.7z/Haizpea_2020-2022/project0420/20210610_0420_2.1/20211004_tinciones corazon/id12_h&e.czi,AE-biomaGUNE-0420,Haizpea,,0420,12,id12_h&e.czi,tissue,CELL_id12_h&e.czi,Historical drive ingest 2026 (drive1_FRIO-X6); project / researcher / operator / subject decided per file before ingest (tasks/drives_ingest_dryrun_review.md). Claim: CONFIRMED.,a4f8742fb128be1a09d6f4fd163297d8f5cfdd9ad4be5ff16729c77570cd598c,CONFIRMED
drive1_FRIO-X6/Haizpea_2020-2022.7z/Haizpea_2020-2022/project0420/20210610_0420_2.1/20211004_tinciones corazon/id13_h&e.czi,AE-biomaGUNE-0420,Haizpea,,0420,13,id13_h&e.czi,tissue,CELL_id13_h&e.czi,Historical drive ingest 2026 (drive1_FRIO-X6); project / researcher / operator / subject decided per file before ingest (tasks/drives_ingest_dryrun_review.md). Claim: CONFIRMED.,21c2b1c98e837d179ff2fed69d8e54909741938476debadaf2dcb5e76492fd27,CONFIRMED
drive1_FRIO-X6/Haizpea_2020-2022.7z/Haizpea_2020-2022/project0420/20210610_0420_2.1/20211004_tinciones corazon/id14_h&e.czi,AE-biomaGUNE-0420,Haizpea,,0420,14,id14_h&e.czi,tissue,CELL_id14_h&e.czi,Historical drive ingest 2026 (drive1_FRIO-X6); project / researcher / operator / subject decided per file before ingest (tasks/drives_ingest_dryrun_review.md). Claim: CONFIRMED.,63953c6a579bf5a081ce61983888385b1db5089a0148e8f404a3a2c356faf5b7,CONFIRMED
drive1_FRIO-X6/Haizpea_2020-2022.7z/Haizpea_2020-2022/project0420/20210610_0420_2.1/20211004_tinciones corazon/id15_h&e.czi,AE-biomaGUNE-0420,Haizpea,,0420,15,id15_h&e.czi,tissue,CELL_id15_h&e.czi,Historical drive ingest 2026 (drive1_FRIO-X6); project / researcher / operator / subject decided per file before ingest (tasks/drives_ingest_dryrun_review.md). Claim: CONFIRMED.,16d71dbb5fca1c908f16438f6b5b53acff7e5c9665df9950d789629971f7d4e0,CONFIRMED
drive1_FRIO-X6/Haizpea_2020-2022.7z/Haizpea_2020-2022/project0420/20210610_0420_2.1/20211004_tinciones corazon/id15_h&e_duda.czi,AE-biomaGUNE-0420,Haizpea,,0420,15,id15_h&e_duda.czi,tissue,CELL_id15_h&e_duda.czi,Historical drive ingest 2026 (drive1_FRIO-X6); project / researcher / operator / subject decided per file before ingest (tasks/drives_ingest_dryrun_review.md). Claim: CONFIRMED.,0c15e0e8b524ca4c0c2ed5d9cbcda396a53065806304243529e81734ce117f2a,CONFIRMED
drive1_FRIO-X6/Haizpea_2020-2022.7z/Haizpea_2020-2022/project0420/20210610_0420_2.1/20211004_tinciones corazon/id15_h&e_patch.czi,AE-biomaGUNE-0420,Haizpea,,0420,15,id15_h&e_patch.czi,tissue,CELL_id15_h&e_patch.czi,Historical drive ingest 2026 (drive1_FRIO-X6); project / researcher / operator / subject decided per file before ingest (tasks/drives_ingest_dryrun_review.md). Claim: CONFIRMED.,5a3676ea88a2035ba2a16409feb8f2370edb5606639ec14686cc2bc2a1aba906,CONFIRMED
drive1_FRIO-X6/Haizpea_2020-2022.7z/Haizpea_2020-2022/project0420/20210610_0420_2.1/20211004_tinciones corazon/id15_h&e_patch_2.czi,AE-biomaGUNE-0420,Haizpea,,0420,15,id15_h&e_patch_2.czi,tissue,CELL_id15_h&e_patch_2.czi,Historical drive ingest 2026 (drive1_FRIO-X6); project / researcher / operator / subject decided per file before ingest (tasks/drives_ingest_dryrun_review.md). Claim: CONFIRMED.,5a7b51b6c69a24839949709ac7c27f5344ba2d1d08da898d0aae8d4c7703d94b,CONFIRMED
drive1_FRIO-X6/Haizpea_2020-2022.7z/Haizpea_2020-2022/project0420/20210610_0420_2.1/20211004_tinciones corazon/id15_h&e_patch_tile.czi,AE-biomaGUNE-0420,Haizpea,,0420,15,id15_h&e_patch_tile.czi,tissue,CELL_id15_h&e_patch_tile.czi,Historical drive ingest 2026 (drive1_FRIO-X6); project / researcher / operator / subject decided per file before ingest (tasks/drives_ingest_dryrun_review.md). Claim: CONFIRMED.,337f07ca53e26bbd559b321c24eb2bb9588989c9b3635fed9d4598903836fa7e,CONFIRMED
drive1_FRIO-X6/Haizpea_2020-2022.7z/Haizpea_2020-2022/project0420/20210610_0420_2.1/20211004_tinciones corazon/id2_h&e.czi,AE-biomaGUNE-0420,Haizpea,,0420,2,id2_h&e.czi,tissue,CELL_id2_h&e.czi,Historical drive ingest 2026 (drive1_FRIO-X6); project / researcher / operator / subject decided per file before ingest (tasks/drives_ingest_dryrun_review.md). Claim: CONFIRMED.,73b05eca048d582198fbc983c6ac2ca84c4a20db933e51598bb0b42442b0df25,CONFIRMED
drive1_FRIO-X6/Haizpea_2020-2022.7z/Haizpea_2020-2022/project0420/20210610_0420_2.1/20211004_tinciones corazon/id3_h&e.czi,AE-biomaGUNE-0420,Haizpea,,0420,3,id3_h&e.czi,tissue,CELL_id3_h&e.czi,Historical drive ingest 2026 (drive1_FRIO-X6); project / researcher / operator / subject decided per file before ingest (tasks/drives_ingest_dryrun_review.md). Claim: CONFIRMED.,4b4e19a6c0aca214f262426798b88d69cb41fd3e56d0b3f8393273240b335078,CONFIRMED
drive1_FRIO-X6/Haizpea_2020-2022.7z/Haizpea_2020-2022/project0420/20210610_0420_2.1/20211004_tinciones corazon/id4_h&e.czi,AE-biomaGUNE-0420,Haizpea,,0420,4,id4_h&e.czi,tissue,CELL_id4_h&e.czi,Historical drive ingest 2026 (drive1_FRIO-X6); project / researcher / operator / subject decided per file before ingest (tasks/drives_ingest_dryrun_review.md). Claim: CONFIRMED.,b6a4274d3fbb8ce41de0fe180f5899814eaa3db25cb99b3ff28e92a80f19fed6,CONFIRMED
drive1_FRIO-X6/Haizpea_2020-2022.7z/Haizpea_2020-2022/project0420/20210610_0420_2.1/20211004_tinciones corazon/id6_h&e.czi,AE-biomaGUNE-0420,Haizpea,,0420,6,id6_h&e.czi,tissue,CELL_id6_h&e.czi,Historical drive ingest 2026 (drive1_FRIO-X6); project / researcher / operator / subject decided per file before ingest (tasks/drives_ingest_dryrun_review.md). Claim: CONFIRMED.,245297ded0f24add5af6b498c785b1c567adfc27557110caae846041233968eb,CONFIRMED
drive1_FRIO-X6/Haizpea_2020-2022.7z/Haizpea_2020-2022/project0420/20210610_0420_2.1/20211004_tinciones corazon/id7_h&e.czi,AE-biomaGUNE-0420,Haizpea,,0420,7,id7_h&e.czi,tissue,CELL_id7_h&e.czi,Historical drive ingest 2026 (drive1_FRIO-X6); project / researcher / operator / subject decided per file before ingest (tasks/drives_ingest_dryrun_review.md). Claim: CONFIRMED.,e6cd9880fbe5a189c2e350c086fde8d7b471c67aeacdc84d98b66a255299fa3b,CONFIRMED
drive1_FRIO-X6/Haizpea_2020-2022.7z/Haizpea_2020-2022/project0420/20210610_0420_2.1/20211007_massons/id11_massons.czi,AE-biomaGUNE-0420,Haizpea,,0420,11,id11_massons.czi,tissue,CELL_id11_massons.czi,Historical drive ingest 2026 (drive1_FRIO-X6); project / researcher / operator / subject decided per file before ingest (tasks/drives_ingest_dryrun_review.md). Claim: CONFIRMED.,4f1f3540666bb43c6776820e2040b8de51bfa3de7bda100057d1503db4522c64,CONFIRMED
drive1_FRIO-X6/Haizpea_2020-2022.7z/Haizpea_2020-2022/project0420/20210610_0420_2.1/20211007_massons/id12_massons.czi,AE-biomaGUNE-0420,Haizpea,,0420,12,id12_massons.czi,tissue,CELL_id12_massons.czi,Historical drive ingest 2026 (drive1_FRIO-X6); project / researcher / operator / subject decided per file before ingest (tasks/drives_ingest_dryrun_review.md). Claim: CONFIRMED.,7d0cf4cb1e121f79a844b170aa201c91fafeede92a5af1973f9befc932f2d946,CONFIRMED
drive1_FRIO-X6/Haizpea_2020-2022.7z/Haizpea_2020-2022/project0420/20210610_0420_2.1/20211007_massons/id13_massons.czi,AE-biomaGUNE-0420,Haizpea,,0420,13,id13_massons.czi,tissue,CELL_id13_massons.czi,Historical drive ingest 2026 (drive1_FRIO-X6); project / researcher / operator / subject decided per file before ingest (tasks/drives_ingest_dryrun_review.md). Claim: CONFIRMED.,71972f2a3245e9e4b9b60abe4025488737d4637015b96bfcca9143c337c65a03,CONFIRMED
drive1_FRIO-X6/Haizpea_2020-2022.7z/Haizpea_2020-2022/project0420/20210610_0420_2.1/20211007_massons/id14_massons.czi,AE-biomaGUNE-0420,Haizpea,,0420,14,id14_massons.czi,tissue,CELL_id14_massons.czi,Historical drive ingest 2026 (drive1_FRIO-X6); project / researcher / operator / subject decided per file before ingest (tasks/drives_ingest_dryrun_review.md). Claim: CONFIRMED.,e1caff92c529dd9f4963fb6dd8599a817ba55fa16532ac4d53910bf58d3fe54b,CONFIRMED
drive1_FRIO-X6/Haizpea_2020-2022.7z/Haizpea_2020-2022/project0420/20210610_0420_2.1/20211007_massons/id15_2slices_massons.czi,AE-biomaGUNE-0420,Haizpea,,0420,15,id15_2slices_massons.czi,tissue,CELL_id15_2slices_massons.czi,Historical drive ingest 2026 (drive1_FRIO-X6); project / researcher / operator / subject decided per file before ingest (tasks/drives_ingest_dryrun_review.md). Claim: CONFIRMED.,ce3581fe3482a481cebb8ad6fdc3a2cd6cede0e67e24f1654744e676029f452b,CONFIRMED
drive1_FRIO-X6/Haizpea_2020-2022.7z/Haizpea_2020-2022/project0420/20210610_0420_2.1/20211007_massons/id15_massons.czi,AE-biomaGUNE-0420,Haizpea,,0420,15,id15_massons.czi,tissue,CELL_id15_massons.czi,Historical drive ingest 2026 (drive1_FRIO-X6); project / researcher / operator / subject decided per file before ingest (tasks/drives_ingest_dryrun_review.md). Claim: CONFIRMED.,bc08c861b63c30219213934941d0d26fed814e81f2436f985cd1576d8c7a33a3,CONFIRMED
drive1_FRIO-X6/Haizpea_2020-2022.7z/Haizpea_2020-2022/project0420/20210610_0420_2.1/20211007_massons/id15_patch20x.czi,AE-biomaGUNE-0420,Haizpea,,0420,15,id15_patch20x.czi,tissue,CELL_id15_patch20x.czi,Historical drive ingest 2026 (drive1_FRIO-X6); project / researcher / operator / subject decided per file before ingest (tasks/drives_ingest_dryrun_review.md). Claim: CONFIRMED.,abdf03a48e155662dc7a509d42ac1ce52e4a00125e0ce8651abbd2e22683f906,CONFIRMED
drive1_FRIO-X6/Haizpea_2020-2022.7z/Haizpea_2020-2022/project0420/20210610_0420_2.1/20211007_massons/id15_patch20x_tile.czi,AE-biomaGUNE-0420,Haizpea,,0420,15,id15_patch20x_tile.czi,tissue,CELL_id15_patch20x_tile.czi,Historical drive ingest 2026 (drive1_FRIO-X6); project / researcher / operator / subject decided per file before ingest (tasks/drives_ingest_dryrun_review.md). Claim: CONFIRMED.,0b8b06fd44dd89d93b2b3b3bb756c11b77e96af22641d0827a8892a4bc70b2a8,CONFIRMED
drive1_FRIO-X6/Haizpea_2020-2022.7z/Haizpea_2020-2022/project0420/20210610_0420_2.1/20211007_massons/id2_massons.czi,AE-biomaGUNE-0420,Haizpea,,0420,2,id2_massons.czi,tissue,CELL_id2_massons.czi,Historical drive ingest 2026 (drive1_FRIO-X6); project / researcher / operator / subject decided per file before ingest (tasks/drives_ingest_dryrun_review.md). Claim: CONFIRMED.,5329b5d516fa4b0d05f62d550109749cb10749cf9d8bd20d30427f1e8752d2cc,CONFIRMED
drive1_FRIO-X6/Haizpea_2020-2022.7z/Haizpea_2020-2022/project0420/20210610_0420_2.1/20211007_massons/id3_massons.czi,AE-biomaGUNE-0420,Haizpea,,0420,3,id3_massons.czi,tissue,CELL_id3_massons.czi,Historical drive ingest 2026 (drive1_FRIO-X6); project / researcher / operator / subject decided per file before ingest (tasks/drives_ingest_dryrun_review.md). Claim: CONFIRMED.,1b46db95c76b09834575c96f4e8a3df6af789288874dda56d11d3c989997b205,CONFIRMED
drive1_FRIO-X6/Haizpea_2020-2022.7z/Haizpea_2020-2022/project0420/20210610_0420_2.1/20211007_massons/id4.2_massons.czi,AE-biomaGUNE-0420,Haizpea,,0420,4,id4.2_massons.czi,tissue,CELL_id4.2_massons.czi,Historical drive ingest 2026 (drive1_FRIO-X6); project / researcher / operator / subject decided per file before ingest (tasks/drives_ingest_dryrun_review.md). Claim: CONFIRMED.,a28c031a347a05715188f469d6870b7e69af9bdf8679c3397a35ed3dca659a17,CONFIRMED
drive1_FRIO-X6/Haizpea_2020-2022.7z/Haizpea_2020-2022/project0420/20210610_0420_2.1/20211007_massons/id4_massons.czi,AE-biomaGUNE-0420,Haizpea,,0420,4,id4_massons.czi,tissue,CELL_id4_massons.czi,Historical drive ingest 2026 (drive1_FRIO-X6); project / researcher / operator / subject decided per file before ingest (tasks/drives_ingest_dryrun_review.md). Claim: CONFIRMED.,782f0ba4c57579c1832bddef0a04de9588eeb641c8e5af54e0c4237b3d209ca4,CONFIRMED
drive1_FRIO-X6/Haizpea_2020-2022.7z/Haizpea_2020-2022/project0420/20210610_0420_2.1/20211007_massons/id6_2slices_massons.czi,AE-biomaGUNE-0420,Haizpea,,0420,6,id6_2slices_massons.czi,tissue,CELL_id6_2slices_massons.czi,Historical drive ingest 2026 (drive1_FRIO-X6); project / researcher / operator / subject decided per file before ingest (tasks/drives_ingest_dryrun_review.md). Claim: CONFIRMED.,e917bcb6a20246ba34fa160ef588e70b0ffbae8b47462085981ce58016f5b8af,CONFIRMED
drive1_FRIO-X6/Haizpea_2020-2022.7z/Haizpea_2020-2022/project0420/20210610_0420_2.1/20211007_massons/id6_massons.czi,AE-biomaGUNE-0420,Haizpea,,0420,6,id6_massons.czi,tissue,CELL_id6_massons.czi,Historical drive ingest 2026 (drive1_FRIO-X6); project / researcher / operator / subject decided per file before ingest (tasks/drives_ingest_dryrun_review.md). Claim: CONFIRMED.,64c0cae9a98f4ad2b07e0bfdfc3b2300c58a46d8ac2852ad51709272658e701b,CONFIRMED
drive1_FRIO-X6/Haizpea_2020-2022.7z/Haizpea_2020-2022/project0420/20210610_0420_2.1/20211007_massons/id7_massons.czi,AE-biomaGUNE-0420,Haizpea,,0420,7,id7_massons.czi,tissue,CELL_id7_massons.czi,Historical drive ingest 2026 (drive1_FRIO-X6); project / researcher / operator / subject decided per file before ingest (tasks/drives_ingest_dryrun_review.md). Claim: CONFIRMED.,7605f4ad2caae8566855e69ed4c127c23d1d419506a9dfb193a22b1f46c4b232,CONFIRMED
drive1_FRIO-X6/Haizpea_2020-2022.7z/Haizpea_2020-2022/project0420/20210610_0420_2.1/20211025_picosirius/id12_normal-Stitching-11.czi,AE-biomaGUNE-0420,Haizpea,,0420,12,id12_normal-Stitching-11.czi,tissue,CELL_id12_normal-Stitching-11.czi,Historical drive ingest 2026 (drive1_FRIO-X6); project / researcher / operator / subject decided per file before ingest (tasks/drives_ingest_dryrun_review.md). Claim: CONFIRMED.,ecdf14b12cf53de897146d5bbe5c62ef0273037915a7f7e741b0106072872f7c,CONFIRMED
drive1_FRIO-X6/Haizpea_2020-2022.7z/Haizpea_2020-2022/project0420/20210610_0420_2.1/20211025_picosirius/id12_normal.czi,AE-biomaGUNE-0420,Haizpea,,0420,12,id12_normal.czi,tissue,CELL_id12_normal.czi,Historical drive ingest 2026 (drive1_FRIO-X6); project / researcher / operator / subject decided per file before ingest (tasks/drives_ingest_dryrun_review.md). Claim: CONFIRMED.,2762603c4aba69c45b73181f72089992626c890f83248d7f0af56a74b9c3c470,CONFIRMED
drive1_FRIO-X6/Haizpea_2020-2022.7z/Haizpea_2020-2022/project0420/20210610_0420_2.1/20211025_picosirius/id12_polariz-Stitching-12.czi,AE-biomaGUNE-0420,Haizpea,,0420,12,id12_polariz-Stitching-12.czi,tissue,CELL_id12_polariz-Stitching-12.czi,Historical drive ingest 2026 (drive1_FRIO-X6); project / researcher / operator / subject decided per file before ingest (tasks/drives_ingest_dryrun_review.md). Claim: CONFIRMED.,cde568c36d5e15fd88cf2782faf81d13e55a491766bf9830d5a06e78baf2799e,CONFIRMED
drive1_FRIO-X6/Haizpea_2020-2022.7z/Haizpea_2020-2022/project0420/20210610_0420_2.1/20211025_picosirius/id12_polariz.czi,AE-biomaGUNE-0420,Haizpea,,0420,12,id12_polariz.czi,tissue,CELL_id12_polariz.czi,Historical drive ingest 2026 (drive1_FRIO-X6); project / researcher / operator / subject decided per file before ingest (tasks/drives_ingest_dryrun_review.md). Claim: CONFIRMED.,2634160054f1005bc5f6208cbfae22d0399a5471c6ab31cd5cd1afb984e3bce2,CONFIRMED
drive1_FRIO-X6/Haizpea_2020-2022.7z/Haizpea_2020-2022/project0420/20210610_0420_2.1/20211025_picosirius/id13_normal-Stitching-13.czi,AE-biomaGUNE-0420,Haizpea,,0420,13,id13_normal-Stitching-13.czi,tissue,CELL_id13_normal-Stitching-13.czi,Historical drive ingest 2026 (drive1_FRIO-X6); project / researcher / operator / subject decided per file before ingest (tasks/drives_ingest_dryrun_review.md). Claim: CONFIRMED.,ac8c7834d3e033ebfff55ce765ac2bb0f7b44833f5a4a7148b1672d254f27763,CONFIRMED
drive1_FRIO-X6/Haizpea_2020-2022.7z/Haizpea_2020-2022/project0420/20210610_0420_2.1/20211025_picosirius/id13_normal.czi,AE-biomaGUNE-0420,Haizpea,,0420,13,id13_normal.czi,tissue,CELL_id13_normal.czi,Historical drive ingest 2026 (drive1_FRIO-X6); project / researcher / operator / subject decided per file before ingest (tasks/drives_ingest_dryrun_review.md). Claim: CONFIRMED.,5e6962d47339d06ac60a438c8fb486efb228ebef9f2a43765db533e73809431e,CONFIRMED
drive1_FRIO-X6/Haizpea_2020-2022.7z/Haizpea_2020-2022/project0420/20210610_0420_2.1/20211025_picosirius/id13_polariz-Stitching-14.czi,AE-biomaGUNE-0420,Haizpea,,0420,13,id13_polariz-Stitching-14.czi,tissue,CELL_id13_polariz-Stitching-14.czi,Historical drive ingest 2026 (drive1_FRIO-X6); project / researcher / operator / subject decided per file before ingest (tasks/drives_ingest_dryrun_review.md). Claim: CONFIRMED.,7e38a1c47ba203b9da04b0870e535aec39a2f558a15c17262ce23f0b04f877d9,CONFIRMED
drive1_FRIO-X6/Haizpea_2020-2022.7z/Haizpea_2020-2022/project0420/20210610_0420_2.1/20211025_picosirius/id13_polariz.czi,AE-biomaGUNE-0420,Haizpea,,0420,13,id13_polariz.czi,tissue,CELL_id13_polariz.czi,Historical drive ingest 2026 (drive1_FRIO-X6); project / researcher / operator / subject decided per file before ingest (tasks/drives_ingest_dryrun_review.md). Claim: CONFIRMED.,2e456784b3252b05ade8d8a58fcb67c8dd315348341fd43d30294efd83be1e84,CONFIRMED
drive1_FRIO-X6/Haizpea_2020-2022.7z/Haizpea_2020-2022/project0420/20210610_0420_2.1/20211025_picosirius/id14_normal-Stitching-15.czi,AE-biomaGUNE-0420,Haizpea,,0420,14,id14_normal-Stitching-15.czi,tissue,CELL_id14_normal-Stitching-15.czi,Historical drive ingest 2026 (drive1_FRIO-X6); project / researcher / operator / subject decided per file before ingest (tasks/drives_ingest_dryrun_review.md). Claim: CONFIRMED.,6d1055177b33a587262a749067ca0ae6a8895349e0c38a93f275291342c1c282,CONFIRMED
drive1_FRIO-X6/Haizpea_2020-2022.7z/Haizpea_2020-2022/project0420/20210610_0420_2.1/20211025_picosirius/id14_normal.czi,AE-biomaGUNE-0420,Haizpea,,0420,14,id14_normal.czi,tissue,CELL_id14_normal.czi,Historical drive ingest 2026 (drive1_FRIO-X6); project / researcher / operator / subject decided per file before ingest (tasks/drives_ingest_dryrun_review.md). Claim: CONFIRMED.,00a56b55b07c40c414260e1261eaf32f06f801524fe2a4a59f8fcacb5d0bb1b9,CONFIRMED
drive1_FRIO-X6/Haizpea_2020-2022.7z/Haizpea_2020-2022/project0420/20210610_0420_2.1/20211025_picosirius/id14_polariz-Stitching-16.czi,AE-biomaGUNE-0420,Haizpea,,0420,14,id14_polariz-Stitching-16.czi,tissue,CELL_id14_polariz-Stitching-16.czi,Historical drive ingest 2026 (drive1_FRIO-X6); project / researcher / operator / subject decided per file before ingest (tasks/drives_ingest_dryrun_review.md). Claim: CONFIRMED.,53992bac178ffce25b05958d6ec2412535537e276ab41531fb1089d0f6496e78,CONFIRMED
drive1_FRIO-X6/Haizpea_2020-2022.7z/Haizpea_2020-2022/project0420/20210610_0420_2.1/20211025_picosirius/id14_polariz.czi,AE-biomaGUNE-0420,Haizpea,,0420,14,id14_polariz.czi,tissue,CELL_id14_polariz.czi,Historical drive ingest 2026 (drive1_FRIO-X6); project / researcher / operator / subject decided per file before ingest (tasks/drives_ingest_dryrun_review.md). Claim: CONFIRMED.,b82340b6134c50d7ae005b2e9b6d4ac49d7ccaf8d93cccbbc7be4f0ad7c074df,CONFIRMED
drive1_FRIO-X6/Haizpea_2020-2022.7z/Haizpea_2020-2022/project0420/20210610_0420_2.1/20211025_picosirius/id15_half-Stitching-17.czi,AE-biomaGUNE-0420,Haizpea,,0420,15,id15_half-Stitching-17.czi,tissue,CELL_id15_half-Stitching-17.czi,Historical drive ingest 2026 (drive1_FRIO-X6); project / researcher / operator / subject decided per file before ingest (tasks/drives_ingest_dryrun_review.md). Claim: CONFIRMED.,df120aa4fca667a7eea17a9ba52d010e39a02bde8c9c770e0e9bc5ab1675c631,CONFIRMED
drive1_FRIO-X6/Haizpea_2020-2022.7z/Haizpea_2020-2022/project0420/20210610_0420_2.1/20211025_picosirius/id15_half.czi,AE-biomaGUNE-0420,Haizpea,,0420,15,id15_half.czi,tissue,CELL_id15_half.czi,Historical drive ingest 2026 (drive1_FRIO-X6); project / researcher / operator / subject decided per file before ingest (tasks/drives_ingest_dryrun_review.md). Claim: CONFIRMED.,9e866952ca80ac49420eb1d7746ab41672154f93c77463d59505861b0d1b087e,CONFIRMED
drive1_FRIO-X6/Haizpea_2020-2022.7z/Haizpea_2020-2022/project0420/20210610_0420_2.1/20211025_picosirius/id15_normal-Stitching-18.czi,AE-biomaGUNE-0420,Haizpea,,0420,15,id15_normal-Stitching-18.czi,tissue,CELL_id15_normal-Stitching-18.czi,Historical drive ingest 2026 (drive1_FRIO-X6); project / researcher / operator / subject decided per file before ingest (tasks/drives_ingest_dryrun_review.md). Claim: CONFIRMED.,01b9a6740b3b44941d3093f0ca2aba1f12e77c902f6baecfe376918082c29400,CONFIRMED
drive1_FRIO-X6/Haizpea_2020-2022.7z/Haizpea_2020-2022/project0420/20210610_0420_2.1/20211025_picosirius/id15_normal.czi,AE-biomaGUNE-0420,Haizpea,,0420,15,id15_normal.czi,tissue,CELL_id15_normal.czi,Historical drive ingest 2026 (drive1_FRIO-X6); project / researcher / operator / subject decided per file before ingest (tasks/drives_ingest_dryrun_review.md). Claim: CONFIRMED.,8b828c7b2676f527093aeb2ae86e0b1fa2ec276b6bf2c7a4b6bcfff59551d9b2,CONFIRMED
drive1_FRIO-X6/Haizpea_2020-2022.7z/Haizpea_2020-2022/project0420/20210610_0420_2.1/20211025_picosirius/id15_patch20x-Stitching-19.czi,AE-biomaGUNE-0420,Haizpea,,0420,15,id15_patch20x-Stitching-19.czi,tissue,CELL_id15_patch20x-Stitching-19.czi,Historical drive ingest 2026 (drive1_FRIO-X6); project / researcher / operator / subject decided per file before ingest (tasks/drives_ingest_dryrun_review.md). Claim: CONFIRMED.,3374af8c158e19c85b475e85e09b5c172d920f6bd488b1ff5e6308e499b3040b,CONFIRMED
drive1_FRIO-X6/Haizpea_2020-2022.7z/Haizpea_2020-2022/project0420/20210610_0420_2.1/20211025_picosirius/id15_patch20x.czi,AE-biomaGUNE-0420,Haizpea,,0420,15,id15_patch20x.czi,tissue,CELL_id15_patch20x_20211105.czi,Historical drive ingest 2026 (drive1_FRIO-X6); project / researcher / operator / subject decided per file before ingest (tasks/drives_ingest_dryrun_review.md). Claim: CONFIRMED.,3cbf36ded9cfe5dd89555c34d4eb91f6d2ad136fdd00dff51cbacf35ef48adbf,CONFIRMED
drive1_FRIO-X6/Haizpea_2020-2022.7z/Haizpea_2020-2022/project0420/20210610_0420_2.1/20211025_picosirius/id15_patch20x_half-Stitching-20.czi,AE-biomaGUNE-0420,Haizpea,,0420,15,id15_patch20x_half-Stitching-20.czi,tissue,CELL_id15_patch20x_half-Stitching-20.czi,Historical drive ingest 2026 (drive1_FRIO-X6); project / researcher / operator / subject decided per file before ingest (tasks/drives_ingest_dryrun_review.md). Claim: CONFIRMED.,bde31167225a0b3d8cdc648be9d8fcec3d6de1d543f3c1c4a4adb8b828cfe61b,CONFIRMED
drive1_FRIO-X6/Haizpea_2020-2022.7z/Haizpea_2020-2022/project0420/20210610_0420_2.1/20211025_picosirius/id15_patch20x_half.czi,AE-biomaGUNE-0420,Haizpea,,0420,15,id15_patch20x_half.czi,tissue,CELL_id15_patch20x_half.czi,Historical drive ingest 2026 (drive1_FRIO-X6); project / researcher / operator / subject decided per file before ingest (tasks/drives_ingest_dryrun_review.md). Claim: CONFIRMED.,684bc82b368d17f2cf538e6f48bf3686493b13d98788de6e801cc29ddf13a299,CONFIRMED
drive1_FRIO-X6/Haizpea_2020-2022.7z/Haizpea_2020-2022/project0420/20210610_0420_2.1/20211025_picosirius/id15_polariz-Stitching-21.czi,AE-biomaGUNE-0420,Haizpea,,0420,15,id15_polariz-Stitching-21.czi,tissue,CELL_id15_polariz-Stitching-21.czi,Historical drive ingest 2026 (drive1_FRIO-X6); project / researcher / operator / subject decided per file before ingest (tasks/drives_ingest_dryrun_review.md). Claim: CONFIRMED.,be976ed1acd0abf8e90ef294f39393f668f01de9c75a3f09154349b099fd1abd,CONFIRMED
drive1_FRIO-X6/Haizpea_2020-2022.7z/Haizpea_2020-2022/project0420/20210610_0420_2.1/20211025_picosirius/id15_polariz.czi,AE-biomaGUNE-0420,Haizpea,,0420,15,id15_polariz.czi,tissue,CELL_id15_polariz.czi,Historical drive ingest 2026 (drive1_FRIO-X6); project / researcher / operator / subject decided per file before ingest (tasks/drives_ingest_dryrun_review.md). Claim: CONFIRMED.,2a03e4699300830f397d9eb89da93ff2df6db0b3ed9a32a62336d6bcb2b99a5a,CONFIRMED
drive1_FRIO-X6/Haizpea_2020-2022.7z/Haizpea_2020-2022/project0420/20210610_0420_2.1/20211025_picosirius/id2_normal-Stitching-01.czi,AE-biomaGUNE-0420,Haizpea,,0420,2,id2_normal-Stitching-01.czi,tissue,CELL_id2_normal-Stitching-01.czi,Historical drive ingest 2026 (drive1_FRIO-X6); project / researcher / operator / subject decided per file before ingest (tasks/drives_ingest_dryrun_review.md). Claim: CONFIRMED.,342a9c96bd5c927d64648dfde8b2e54c24d78d31692995e64678b64ae133f0ff,CONFIRMED
drive1_FRIO-X6/Haizpea_2020-2022.7z/Haizpea_2020-2022/project0420/20210610_0420_2.1/20211025_picosirius/id2_normal.czi,AE-biomaGUNE-0420,Haizpea,,0420,2,id2_normal.czi,tissue,CELL_id2_normal.czi,Historical drive ingest 2026 (drive1_FRIO-X6); project / researcher / operator / subject decided per file before ingest (tasks/drives_ingest_dryrun_review.md). Claim: CONFIRMED.,c5a490232718fbacd4cca0d8d8a3655cadf577adb057a557496988d7c832dc84,CONFIRMED
drive1_FRIO-X6/Haizpea_2020-2022.7z/Haizpea_2020-2022/project0420/20210610_0420_2.1/20211025_picosirius/id2_polariz-Stitching-02.czi,AE-biomaGUNE-0420,Haizpea,,0420,2,id2_polariz-Stitching-02.czi,tissue,CELL_id2_polariz-Stitching-02.czi,Historical drive ingest 2026 (drive1_FRIO-X6); project / researcher / operator / subject decided per file before ingest (tasks/drives_ingest_dryrun_review.md). Claim: CONFIRMED.,60c11fd9220419abcf5531785cb77c635b45f35b7f75f6ef9aef64c20d7a3d27,CONFIRMED
drive1_FRIO-X6/Haizpea_2020-2022.7z/Haizpea_2020-2022/project0420/20210610_0420_2.1/20211025_picosirius/id2_polariz.czi,AE-biomaGUNE-0420,Haizpea,,0420,2,id2_polariz.czi,tissue,CELL_id2_polariz.czi,Historical drive ingest 2026 (drive1_FRIO-X6); project / researcher / operator / subject decided per file before ingest (tasks/drives_ingest_dryrun_review.md). Claim: CONFIRMED.,ba68934e57976faec2ee84148705e17f14c2310185446e5e3e16e1221eda733f,CONFIRMED
drive1_FRIO-X6/Haizpea_2020-2022.7z/Haizpea_2020-2022/project0420/20210610_0420_2.1/20211025_picosirius/id3_normal-Stitching-03.czi,AE-biomaGUNE-0420,Haizpea,,0420,3,id3_normal-Stitching-03.czi,tissue,CELL_id3_normal-Stitching-03.czi,Historical drive ingest 2026 (drive1_FRIO-X6); project / researcher / operator / subject decided per file before ingest (tasks/drives_ingest_dryrun_review.md). Claim: CONFIRMED.,e5b4a8c58900df1d020be5ffe7cf9be5896eec828bb959cf71d3723b434b273c,CONFIRMED
drive1_FRIO-X6/Haizpea_2020-2022.7z/Haizpea_2020-2022/project0420/20210610_0420_2.1/20211025_picosirius/id3_normal.czi,AE-biomaGUNE-0420,Haizpea,,0420,3,id3_normal.czi,tissue,CELL_id3_normal.czi,Historical drive ingest 2026 (drive1_FRIO-X6); project / researcher / operator / subject decided per file before ingest (tasks/drives_ingest_dryrun_review.md). Claim: CONFIRMED.,1755d4a16a8d7a96124220d259515cf46d3c21ba332ce59618b88beefd07b3ca,CONFIRMED
drive1_FRIO-X6/Haizpea_2020-2022.7z/Haizpea_2020-2022/project0420/20210610_0420_2.1/20211025_picosirius/id3_polariz-Stitching-04.czi,AE-biomaGUNE-0420,Haizpea,,0420,3,id3_polariz-Stitching-04.czi,tissue,CELL_id3_polariz-Stitching-04.czi,Historical drive ingest 2026 (drive1_FRIO-X6); project / researcher / operator / subject decided per file before ingest (tasks/drives_ingest_dryrun_review.md). Claim: CONFIRMED.,d8a04f50383291e313920dfbdb999a92e6c45961124737047eb3f51fa57a7a9a,CONFIRMED
drive1_FRIO-X6/Haizpea_2020-2022.7z/Haizpea_2020-2022/project0420/20210610_0420_2.1/20211025_picosirius/id3_polariz.czi,AE-biomaGUNE-0420,Haizpea,,0420,3,id3_polariz.czi,tissue,CELL_id3_polariz.czi,Historical drive ingest 2026 (drive1_FRIO-X6); project / researcher / operator / subject decided per file before ingest (tasks/drives_ingest_dryrun_review.md). Claim: CONFIRMED.,ae7dfa44c04f5e56a3ccc3dfa20506dbdd1d79e76f505616f20c2d2194617835,CONFIRMED
drive1_FRIO-X6/Haizpea_2020-2022.7z/Haizpea_2020-2022/project0420/20210610_0420_2.1/20211025_picosirius/id4_normal (2)-Stitching-05.czi,AE-biomaGUNE-0420,Haizpea,,0420,4,id4_normal (2)-Stitching-05.czi,tissue,CELL_id4_normal (2)-Stitching-05.czi,Historical drive ingest 2026 (drive1_FRIO-X6); project / researcher / operator / subject decided per file before ingest (tasks/drives_ingest_dryrun_review.md). Claim: CONFIRMED.,96df590264c4a3c4a1d1dc834e6325d3780106ef5ad46e48b2ae3f96fc6c8393,CONFIRMED
drive1_FRIO-X6/Haizpea_2020-2022.7z/Haizpea_2020-2022/project0420/20210610_0420_2.1/20211025_picosirius/id4_normal (2).czi,AE-biomaGUNE-0420,Haizpea,,0420,4,id4_normal (2).czi,tissue,CELL_id4_normal (2).czi,Historical drive ingest 2026 (drive1_FRIO-X6); project / researcher / operator / subject decided per file before ingest (tasks/drives_ingest_dryrun_review.md). Claim: CONFIRMED.,4636a240ed52b9b3eb8bd0144f8233ec96aa8182625cacdae0aa4dcc1dafd2d3,CONFIRMED
drive1_FRIO-X6/Haizpea_2020-2022.7z/Haizpea_2020-2022/project0420/20210610_0420_2.1/20211025_picosirius/id4_polariz-Stitching-06.czi,AE-biomaGUNE-0420,Haizpea,,0420,4,id4_polariz-Stitching-06.czi,tissue,CELL_id4_polariz-Stitching-06.czi,Historical drive ingest 2026 (drive1_FRIO-X6); project / researcher / operator / subject decided per file before ingest (tasks/drives_ingest_dryrun_review.md). Claim: CONFIRMED.,686162d3ff98f6f851c99a505967520a6661bd8e0ee476b39221fb3d7cc30208,CONFIRMED
drive1_FRIO-X6/Haizpea_2020-2022.7z/Haizpea_2020-2022/project0420/20210610_0420_2.1/20211025_picosirius/id4_polariz.czi,AE-biomaGUNE-0420,Haizpea,,0420,4,id4_polariz.czi,tissue,CELL_id4_polariz.czi,Historical drive ingest 2026 (drive1_FRIO-X6); project / researcher / operator / subject decided per file before ingest (tasks/drives_ingest_dryrun_review.md). Claim: CONFIRMED.,73215d2c00c9b55d36c7a4e8503a334b3b4b723058d7bd9cbd0599989a463544,CONFIRMED
drive1_FRIO-X6/Haizpea_2020-2022.7z/Haizpea_2020-2022/project0420/20210610_0420_2.1/20211025_picosirius/id6_normal-Stitching-07.czi,AE-biomaGUNE-0420,Haizpea,,0420,6,id6_normal-Stitching-07.czi,tissue,CELL_id6_normal-Stitching-07.czi,Historical drive ingest 2026 (drive1_FRIO-X6); project / researcher / operator / subject decided per file before ingest (tasks/drives_ingest_dryrun_review.md). Claim: CONFIRMED.,073862348fecfd85a4a8261a6792e7e83b38056b9afb23ff01be018115473d6e,CONFIRMED
drive1_FRIO-X6/Haizpea_2020-2022.7z/Haizpea_2020-2022/project0420/20210610_0420_2.1/20211025_picosirius/id6_normal.czi,AE-biomaGUNE-0420,Haizpea,,0420,6,id6_normal.czi,tissue,CELL_id6_normal.czi,Historical drive ingest 2026 (drive1_FRIO-X6); project / researcher / operator / subject decided per file before ingest (tasks/drives_ingest_dryrun_review.md). Claim: CONFIRMED.,051e79f102cb00c0d4e0e4e40896c9549e001e750be807c8d7a014ab287ea335,CONFIRMED
drive1_FRIO-X6/Haizpea_2020-2022.7z/Haizpea_2020-2022/project0420/20210610_0420_2.1/20211025_picosirius/id6_polariz-Stitching-08.czi,AE-biomaGUNE-0420,Haizpea,,0420,6,id6_polariz-Stitching-08.czi,tissue,CELL_id6_polariz-Stitching-08.czi,Historical drive ingest 2026 (drive1_FRIO-X6); project / researcher / operator / subject decided per file before ingest (tasks/drives_ingest_dryrun_review.md). Claim: CONFIRMED.,b67d10758ea6628d7d48c781ad122495e08b0c033d489b433bfc6ba035c46904,CONFIRMED
drive1_FRIO-X6/Haizpea_2020-2022.7z/Haizpea_2020-2022/project0420/20210610_0420_2.1/20211025_picosirius/id6_polariz.czi,AE-biomaGUNE-0420,Haizpea,,0420,6,id6_polariz.czi,tissue,CELL_id6_polariz.czi,Historical drive ingest 2026 (drive1_FRIO-X6); project / researcher / operator / subject decided per file before ingest (tasks/drives_ingest_dryrun_review.md). Claim: CONFIRMED.,e0ee8823a2cda64eedf04cf25eb0f91f529d0ca0a0a6ae55525452060222b5e6,CONFIRMED
drive1_FRIO-X6/Haizpea_2020-2022.7z/Haizpea_2020-2022/project0420/20210610_0420_2.1/20211025_picosirius/id7_normal-Stitching-09.czi,AE-biomaGUNE-0420,Haizpea,,0420,7,id7_normal-Stitching-09.czi,tissue,CELL_id7_normal-Stitching-09.czi,Historical drive ingest 2026 (drive1_FRIO-X6); project / researcher / operator / subject decided per file before ingest (tasks/drives_ingest_dryrun_review.md). Claim: CONFIRMED.,8ba4fb2208ed04a3a7ade83e509a4d651cec96923a39747d888da620e48ef537,CONFIRMED
drive1_FRIO-X6/Haizpea_2020-2022.7z/Haizpea_2020-2022/project0420/20210610_0420_2.1/20211025_picosirius/id7_normal.czi,AE-biomaGUNE-0420,Haizpea,,0420,7,id7_normal.czi,tissue,CELL_id7_normal.czi,Historical drive ingest 2026 (drive1_FRIO-X6); project / researcher / operator / subject decided per file before ingest (tasks/drives_ingest_dryrun_review.md). Claim: CONFIRMED.,88e99a806001365e3f63e59e8526c8646686c6cb21a29e547da5e0c8ab4dcb87,CONFIRMED
drive1_FRIO-X6/Haizpea_2020-2022.7z/Haizpea_2020-2022/project0420/20210610_0420_2.1/20211025_picosirius/id7_polariz-Stitching-10.czi,AE-biomaGUNE-0420,Haizpea,,0420,7,id7_polariz-Stitching-10.czi,tissue,CELL_id7_polariz-Stitching-10.czi,Historical drive ingest 2026 (drive1_FRIO-X6); project / researcher / operator / subject decided per file before ingest (tasks/drives_ingest_dryrun_review.md). Claim: CONFIRMED.,a89145cfe8bb310ed3ba5a10d1bd9438e728287049cd33c141a056015dc4f9bb,CONFIRMED
drive1_FRIO-X6/Haizpea_2020-2022.7z/Haizpea_2020-2022/project0420/20210610_0420_2.1/20211025_picosirius/id7_polariz.czi,AE-biomaGUNE-0420,Haizpea,,0420,7,id7_polariz.czi,tissue,CELL_id7_polariz.czi,Historical drive ingest 2026 (drive1_FRIO-X6); project / researcher / operator / subject decided per file before ingest (tasks/drives_ingest_dryrun_review.md). Claim: CONFIRMED.,c9d39c2a106b6b2a80caa7cf49ed89c77dba9bd9671a0421ecfc41dac645ed64,CONFIRMED
drive1_FRIO-X6/Haizpea_2020-2022.7z/Haizpea_2020-2022/project0420/20211116_0420_2.2/20220126_histologia/id19_h&e.czi,AE-biomaGUNE-0420,Haizpea,,0420,19,id19_h&e.czi,tissue,CELL_id19_h&e.czi,Historical drive ingest 2026 (drive1_FRIO-X6); project / researcher / operator / subject decided per file before ingest (tasks/drives_ingest_dryrun_review.md). Claim: CONFIRMED.,bc6747b50b7e8e67bd231f0ece9fdaddcda0e23006807eab126329ce7c6a481d,CONFIRMED
drive1_FRIO-X6/Haizpea_2020-2022.7z/Haizpea_2020-2022/project0420/20211116_0420_2.2/20220126_histologia/id19_picosiriusred.czi,AE-biomaGUNE-0420,Haizpea,,0420,19,id19_picosiriusred.czi,tissue,CELL_id19_picosiriusred.czi,Historical drive ingest 2026 (drive1_FRIO-X6); project / researcher / operator / subject decided per file before ingest (tasks/drives_ingest_dryrun_review.md). Claim: CONFIRMED.,ef87f2e2200310d8fa53da90c3b3fa8acbfb4f526aefd4863825b3eea9fdc3d4,CONFIRMED
drive1_FRIO-X6/Haizpea_2020-2022.7z/Haizpea_2020-2022/project0420/20211116_0420_2.2/20220126_histologia/id19_picosiriusred_polarized.czi,AE-biomaGUNE-0420,Haizpea,,0420,19,id19_picosiriusred_polarized.czi,tissue,CELL_id19_picosiriusred_polarized.czi,Historical drive ingest 2026 (drive1_FRIO-X6); project / researcher / operator / subject decided per file before ingest (tasks/drives_ingest_dryrun_review.md). Claim: CONFIRMED.,147ff706be5673e40879d82a98d1c93eb2d54023515660277e8e84e07df4a1aa,CONFIRMED
drive1_FRIO-X6/Haizpea_2020-2022.7z/Haizpea_2020-2022/project0420/20211116_0420_2.2/20220126_histologia/id21_2_picosiriusred.czi,AE-biomaGUNE-0420,Haizpea,,0420,21,id21_2_picosiriusred.czi,tissue,CELL_id21_2_picosiriusred.czi,Historical drive ingest 2026 (drive1_FRIO-X6); project / researcher / operator / subject decided per file before ingest (tasks/drives_ingest_dryrun_review.md). Claim: CONFIRMED.,55c5c8865967d3ed1207b561d24b00821f7d1c2432cf0a51bca0a5b62c38b4d2,CONFIRMED
drive1_FRIO-X6/Haizpea_2020-2022.7z/Haizpea_2020-2022/project0420/20211116_0420_2.2/20220126_histologia/id21_2_picosiriusred_polarized.czi,AE-biomaGUNE-0420,Haizpea,,0420,21,id21_2_picosiriusred_polarized.czi,tissue,CELL_id21_2_picosiriusred_polarized.czi,Historical drive ingest 2026 (drive1_FRIO-X6); project / researcher / operator / subject decided per file before ingest (tasks/drives_ingest_dryrun_review.md). Claim: CONFIRMED.,c07148e666cb522647ddbc3be38dcdf52fb52643c83803b50d213412b1abc3a3,CONFIRMED
drive1_FRIO-X6/Haizpea_2020-2022.7z/Haizpea_2020-2022/project0420/20211116_0420_2.2/20220126_histologia/id21_h&e.czi,AE-biomaGUNE-0420,Haizpea,,0420,21,id21_h&e.czi,tissue,CELL_id21_h&e.czi,Historical drive ingest 2026 (drive1_FRIO-X6); project / researcher / operator / subject decided per file before ingest (tasks/drives_ingest_dryrun_review.md). Claim: CONFIRMED.,14f411f79f926578d8e17d877491cc612ced61c2834f08fe2f8ba84832049e58,CONFIRMED
drive1_FRIO-X6/Haizpea_2020-2022.7z/Haizpea_2020-2022/project0420/20211116_0420_2.2/20220126_histologia/id21_picosiriusred.czi,AE-biomaGUNE-0420,Haizpea,,0420,21,id21_picosiriusred.czi,tissue,CELL_id21_picosiriusred.czi,Historical drive ingest 2026 (drive1_FRIO-X6); project / researcher / operator / subject decided per file before ingest (tasks/drives_ingest_dryrun_review.md). Claim: CONFIRMED.,53c0ea2266332456d925e2f5de8447e1bb30cb59736a4670e6e30d619c0aaf64,CONFIRMED
drive1_FRIO-X6/Haizpea_2020-2022.7z/Haizpea_2020-2022/project0420/20211116_0420_2.2/20220126_histologia/id21_picosiriusred_polarized.czi,AE-biomaGUNE-0420,Haizpea,,0420,21,id21_picosiriusred_polarized.czi,tissue,CELL_id21_picosiriusred_polarized.czi,Historical drive ingest 2026 (drive1_FRIO-X6); project / researcher / operator / subject decided per file before ingest (tasks/drives_ingest_dryrun_review.md). Claim: CONFIRMED.,8d097e3fd4d58829c0ae98ee2d5228c3779a92a3fb9c4c82489925666df77fe0,CONFIRMED
drive1_FRIO-X6/Haizpea_2020-2022.7z/Haizpea_2020-2022/project0420/20211116_0420_2.2/20220126_histologia/id23_h&e.czi,AE-biomaGUNE-0420,Haizpea,,0420,23,id23_h&e.czi,tissue,CELL_id23_h&e.czi,Historical drive ingest 2026 (drive1_FRIO-X6); project / researcher / operator / subject decided per file before ingest (tasks/drives_ingest_dryrun_review.md). Claim: CONFIRMED.,1c874cb2d0bab57825ce7ed1c7c311a7d106376af0e1f76fe20d5359e46a669c,CONFIRMED
drive1_FRIO-X6/Haizpea_2020-2022.7z/Haizpea_2020-2022/project0420/20211116_0420_2.2/20220126_histologia/id23_picosiriusred.czi,AE-biomaGUNE-0420,Haizpea,,0420,23,id23_picosiriusred.czi,tissue,CELL_id23_picosiriusred.czi,Historical drive ingest 2026 (drive1_FRIO-X6); project / researcher / operator / subject decided per file before ingest (tasks/drives_ingest_dryrun_review.md). Claim: CONFIRMED.,07dd0c616a15b64dc97cf4d524cb770378deddd2fc3000877a1a3645b27e18bb,CONFIRMED
drive1_FRIO-X6/Haizpea_2020-2022.7z/Haizpea_2020-2022/project0420/20211116_0420_2.2/20220126_histologia/id23_picosiriusred_polarized.czi,AE-biomaGUNE-0420,Haizpea,,0420,23,id23_picosiriusred_polarized.czi,tissue,CELL_id23_picosiriusred_polarized.czi,Historical drive ingest 2026 (drive1_FRIO-X6); project / researcher / operator / subject decided per file before ingest (tasks/drives_ingest_dryrun_review.md). Claim: CONFIRMED.,d0708cf7b0ecd9ae0df1d23b0995f36b59ed353c1f82bb98fb3a8ed4f8609722,CONFIRMED
drive2_MFB-Disco-2/CELL OBSERVER 2/AINHIZE/1022/HIF1A + VEGFA/PRUEBAS/Hif 1 alpha/09-19 (prueba con pulmon corazon/ID113_0619_1.czi,AE-biomaGUNE-0619,,AINHIZE,0619,113,ID113_0619_1.czi,tissue,CELL_ID113_0619_1.czi,Historical drive ingest 2026 (drive2_MFB-Disco-2); project / researcher / operator / subject decided per file before ingest (tasks/drives_ingest_dryrun_review.md). Claim: CONFIRMED.,24e50f9dfdaf98a8ce7fc3e6aa30eaba203df7adcdd8e0b864f337a053004bde,CONFIRMED
drive2_MFB-Disco-2/CELL OBSERVER 2/AINHIZE/1022/HIF1A + VEGFA/PRUEBAS/Hif 1 alpha/09-19 (prueba con pulmon corazon/ID113_0619_2.czi,AE-biomaGUNE-0619,,AINHIZE,0619,113,ID113_0619_2.czi,tissue,CELL_ID113_0619_2.czi,Historical drive ingest 2026 (drive2_MFB-Disco-2); project / researcher / operator / subject decided per file before ingest (tasks/drives_ingest_dryrun_review.md). Claim: CONFIRMED.,23fe313003b6efcd0c71b79e5f4407847201642688ba552176b6e68f8eafea51,CONFIRMED
drive2_MFB-Disco-2/CELL OBSERVER 2/AINHIZE/1022/HIF1A + VEGFA/PRUEBAS/Hif 1 alpha/09-19 (prueba con pulmon corazon/ID113_0619_3.czi,AE-biomaGUNE-0619,,AINHIZE,0619,113,ID113_0619_3.czi,tissue,CELL_ID113_0619_3.czi,Historical drive ingest 2026 (drive2_MFB-Disco-2); project / researcher / operator / subject decided per file before ingest (tasks/drives_ingest_dryrun_review.md). Claim: CONFIRMED.,5a52f067b345fa01ac967e8196fcab680c2b4d527ccca506e1a098b1b49e19b1,CONFIRMED
drive2_MFB-Disco-2/CELL OBSERVER 2/AINHIZE/1022/HIF1A + VEGFA/PRUEBAS/Hif 1 alpha/09-19 (prueba con pulmon corazon/ID113_0619_4.czi,AE-biomaGUNE-0619,,AINHIZE,0619,113,ID113_0619_4.czi,tissue,CELL_ID113_0619_4.czi,Historical drive ingest 2026 (drive2_MFB-Disco-2); project / researcher / operator / subject decided per file before ingest (tasks/drives_ingest_dryrun_review.md). Claim: CONFIRMED.,3c15ad198fd755186763bb94c4a6fd23b5375a689200d4bd12e4362a1325f955,CONFIRMED
drive2_MFB-Disco-2/CELL OBSERVER 2/AINHIZE/1022/HIF1A + VEGFA/PRUEBAS/Hif 1 alpha/09-19 (prueba con pulmon corazon/ID113_0619_5.czi,AE-biomaGUNE-0619,,AINHIZE,0619,113,ID113_0619_5.czi,tissue,CELL_ID113_0619_5.czi,Historical drive ingest 2026 (drive2_MFB-Disco-2); project / researcher / operator / subject decided per file before ingest (tasks/drives_ingest_dryrun_review.md). Claim: CONFIRMED.,6b3b993af76f561282927d4b970721205009be915a7b19979735cbed745810f4,CONFIRMED
drive2_MFB-Disco-2/CELL OBSERVER 2/AINHIZE/1022/HIF1A + VEGFA/PRUEBAS/VEGFA/ID112_0619.czi,AE-biomaGUNE-0619,,AINHIZE,0619,112,ID112_0619.czi,tissue,CELL_ID112_0619.czi,Historical drive ingest 2026 (drive2_MFB-Disco-2); project / researcher / operator / subject decided per file before ingest (tasks/drives_ingest_dryrun_review.md). Claim: CONFIRMED.,e55c372450dc4cef29310b7cfd1d69dcff0d8875ccb534d365e2aad96a15d069,CONFIRMED
drive2_MFB-Disco-2/CELL OBSERVER 2/Marta/Ekine/Ekine_0423_Glioblastoma/0423_HE_260130/0423_ID10B_HE_10x.czi,AE-biomaGUNE-0423,Ekine,Marta,0423,10,0423_ID10B_HE_10x.czi,tissue,CELL_0423_ID10B_HE_10x.czi,Historical drive ingest 2026 (drive2_MFB-Disco-2); project / researcher / operator / subject decided per file before ingest (tasks/drives_ingest_dryrun_review.md). Claim: CONFIRMED.,e38b10af9645d9609e9105a4a8bb1bde48aaa2c24701fff0a34e276fd582644d,CONFIRMED
drive2_MFB-Disco-2/CELL OBSERVER 2/Marta/Ekine/Ekine_0423_Glioblastoma/0423_HE_260130/0423_ID17B_HE_10x.czi,AE-biomaGUNE-0423,Ekine,Marta,0423,17,0423_ID17B_HE_10x.czi,tissue,CELL_0423_ID17B_HE_10x.czi,Historical drive ingest 2026 (drive2_MFB-Disco-2); project / researcher / operator / subject decided per file before ingest (tasks/drives_ingest_dryrun_review.md). Claim: CONFIRMED.,a2014b48805b8e39c04a21fcb4ecfcd4e10432c76290dea35021e66ef51b32cd,CONFIRMED
drive2_MFB-Disco-2/CELL OBSERVER 2/Marta/Ekine/Ekine_0423_Glioblastoma/0423_HE_260130/0423_ID18B_HE_10x.czi,AE-biomaGUNE-0423,Ekine,Marta,0423,18,0423_ID18B_HE_10x.czi,tissue,CELL_0423_ID18B_HE_10x.czi,Historical drive ingest 2026 (drive2_MFB-Disco-2); project / researcher / operator / subject decided per file before ingest (tasks/drives_ingest_dryrun_review.md). Claim: CONFIRMED.,cc7b6d1a3c569adbcd4a1a9cd0db291f13122c035ef6ea37c2597d6f7aeeb0ad,CONFIRMED
drive2_MFB-Disco-2/CELL OBSERVER 2/Marta/Ekine/Ekine_0423_Glioblastoma/0423_HE_260130/0423_ID19B_HE_10x.czi,AE-biomaGUNE-0423,Ekine,Marta,0423,19,0423_ID19B_HE_10x.czi,tissue,CELL_0423_ID19B_HE_10x.czi,Historical drive ingest 2026 (drive2_MFB-Disco-2); project / researcher / operator / subject decided per file before ingest (tasks/drives_ingest_dryrun_review.md). Claim: CONFIRMED.,135fe895848cfd0254ac13fe288d505a7f6f5ff8d695d3fdec3e98a0a4a41cb2,CONFIRMED
drive2_MFB-Disco-2/CELL OBSERVER 2/Marta/Ekine/Ekine_0423_Glioblastoma/0423_HE_260130/0423_ID20B_HE_10x.czi,AE-biomaGUNE-0423,Ekine,Marta,0423,20,0423_ID20B_HE_10x.czi,tissue,CELL_0423_ID20B_HE_10x.czi,Historical drive ingest 2026 (drive2_MFB-Disco-2); project / researcher / operator / subject decided per file before ingest (tasks/drives_ingest_dryrun_review.md). Claim: CONFIRMED.,f5638d85bfc3c4fad65aa33ff469d249c7a7a42347ed0610e687216845879761,CONFIRMED
drive2_MFB-Disco-2/CELL OBSERVER 2/Marta/Ekine/Ekine_0423_Glioblastoma/0423_HE_260130/0423_ID21B_HE_10x.czi,AE-biomaGUNE-0423,Ekine,Marta,0423,21,0423_ID21B_HE_10x.czi,tissue,CELL_0423_ID21B_HE_10x.czi,Historical drive ingest 2026 (drive2_MFB-Disco-2); project / researcher / operator / subject decided per file before ingest (tasks/drives_ingest_dryrun_review.md). Claim: CONFIRMED.,2e83aeb3083846eb41db47253e92d2406c0c6189c95126211efc210bb8efa8f6,CONFIRMED
drive2_MFB-Disco-2/CELL OBSERVER 2/Marta/Ekine/Ekine_0423_Glioblastoma/0423_HE_260130/0423_ID22B_HE_10x.czi,AE-biomaGUNE-0423,Ekine,Marta,0423,22,0423_ID22B_HE_10x.czi,tissue,CELL_0423_ID22B_HE_10x.czi,Historical drive ingest 2026 (drive2_MFB-Disco-2); project / researcher / operator / subject decided per file before ingest (tasks/drives_ingest_dryrun_review.md). Claim: CONFIRMED.,46cad4df3866c3554fffddcb920dedacee869ebbd7b012127191a3758792c851,CONFIRMED
drive2_MFB-Disco-2/CELL OBSERVER 2/Marta/Ekine/Ekine_0423_Glioblastoma/0423_HE_260130/0423_ID23B_HE_10x.czi,AE-biomaGUNE-0423,Ekine,Marta,0423,23,0423_ID23B_HE_10x.czi,tissue,CELL_0423_ID23B_HE_10x.czi,Historical drive ingest 2026 (drive2_MFB-Disco-2); project / researcher / operator / subject decided per file before ingest (tasks/drives_ingest_dryrun_review.md). Claim: CONFIRMED.,0f70dbf86be80b6c373ba1cce44b43b20e332945ec96ee51d08ab4c6731b986c,CONFIRMED
drive2_MFB-Disco-2/CELL OBSERVER 2/Marta/Ekine/Ekine_0423_Glioblastoma/0423_HE_260130/0423_ID24B_HE_10x.czi,AE-biomaGUNE-0423,Ekine,Marta,0423,24,0423_ID24B_HE_10x.czi,tissue,CELL_0423_ID24B_HE_10x.czi,Historical drive ingest 2026 (drive2_MFB-Disco-2); project / researcher / operator / subject decided per file before ingest (tasks/drives_ingest_dryrun_review.md). Claim: CONFIRMED.,7dc8dfa664f70572c511b583431ae40aa1dba8f3cf3af2d59a61c3b17bb72835,CONFIRMED
drive2_MFB-Disco-2/CELL OBSERVER 2/Marta/Ekine/Ekine_0423_Glioblastoma/0423_HE_260130/0423_ID25B_HE_10x.czi,AE-biomaGUNE-0423,Ekine,Marta,0423,25,0423_ID25B_HE_10x.czi,tissue,CELL_0423_ID25B_HE_10x.czi,Historical drive ingest 2026 (drive2_MFB-Disco-2); project / researcher / operator / subject decided per file before ingest (tasks/drives_ingest_dryrun_review.md). Claim: CONFIRMED.,cf061d3daf9101f97dbafac4df2ac30f2e08c507f1956e2f0b460684761e2b26,CONFIRMED
drive2_MFB-Disco-2/CELL OBSERVER 2/Marta/Ekine/Ekine_0423_Glioblastoma/0423_HE_260130/0423_ID26B_HE_10x.czi,AE-biomaGUNE-0423,Ekine,Marta,0423,26,0423_ID26B_HE_10x.czi,tissue,CELL_0423_ID26B_HE_10x.czi,Historical drive ingest 2026 (drive2_MFB-Disco-2); project / researcher / operator / subject decided per file before ingest (tasks/drives_ingest_dryrun_review.md). Claim: CONFIRMED.,b437549230c06c413bc99dce8dc9ed1067d5458d9edce1595f4164a13ae65484,CONFIRMED
drive2_MFB-Disco-2/CELL OBSERVER 2/Marta/Ekine/Ekine_0423_Glioblastoma/0423_HE_260130/0423_ID27B_HE_10x.czi,AE-biomaGUNE-0423,Ekine,Marta,0423,27,0423_ID27B_HE_10x.czi,tissue,CELL_0423_ID27B_HE_10x.czi,Historical drive ingest 2026 (drive2_MFB-Disco-2); project / researcher / operator / subject decided per file before ingest (tasks/drives_ingest_dryrun_review.md). Claim: CONFIRMED.,10c08cebbf64e0e22ac3758a6e4c0414f89ebc0ab8496f8e41dec6710259749e,CONFIRMED
drive2_MFB-Disco-2/CELL OBSERVER 2/Marta/Ekine/Ekine_0423_Glioblastoma/0423_HE_260130/0423_ID28B_HE_10x.czi,AE-biomaGUNE-0423,Ekine,Marta,0423,28,0423_ID28B_HE_10x.czi,tissue,CELL_0423_ID28B_HE_10x.czi,Historical drive ingest 2026 (drive2_MFB-Disco-2); project / researcher / operator / subject decided per file before ingest (tasks/drives_ingest_dryrun_review.md). Claim: CONFIRMED.,d441307aca7d3d9ddb2fb042e399a1a11a09f2eeab79f9bf31ed7a28bbb69d94,CONFIRMED
drive2_MFB-Disco-2/CELL OBSERVER 2/Marta/Ekine/Ekine_0423_Glioblastoma/ID10B_0423_HE10x-2.czi,AE-biomaGUNE-0423,Ekine,Marta,0423,10,ID10B_0423_HE10x-2.czi,tissue,CELL_ID10B_0423_HE10x-2.czi,Historical drive ingest 2026 (drive2_MFB-Disco-2); project / researcher / operator / subject decided per file before ingest (tasks/drives_ingest_dryrun_review.md). Claim: CONFIRMED.,8ff121a67ff48a340c6c750c3c52d3406c5438cc99ddb7c7935b13e69711a923,CONFIRMED
drive2_MFB-Disco-2/CELL OBSERVER 2/Marta/Ekine/Ekine_0423_Glioblastoma/ID10B_0423_HE10x.czi,AE-biomaGUNE-0423,Ekine,Marta,0423,10,ID10B_0423_HE10x.czi,tissue,CELL_ID10B_0423_HE10x.czi,Historical drive ingest 2026 (drive2_MFB-Disco-2); project / researcher / operator / subject decided per file before ingest (tasks/drives_ingest_dryrun_review.md). Claim: CONFIRMED.,59773774ff8270773f758c9309aca757b57d57f0134f4a5a33e83b2b0129ff31,CONFIRMED
drive2_MFB-Disco-2/CELL OBSERVER 2/Marta/Ekine/Ekine_0423_Glioblastoma/ID6B_0423_HE10x.czi,AE-biomaGUNE-0423,Ekine,Marta,0423,6,ID6B_0423_HE10x.czi,tissue,CELL_ID6B_0423_HE10x_20251124.czi,Historical drive ingest 2026 (drive2_MFB-Disco-2); project / researcher / operator / subject decided per file before ingest (tasks/drives_ingest_dryrun_review.md). Claim: CONFIRMED.,0e389ec54983b1de34289cf55443f89e29fb7e75a3d94d5b4fa8b11611d2be1e,CONFIRMED
drive2_MFB-Disco-2/CELL OBSERVER 2/Marta/Ekine/Ekine_0423_Glioblastoma/ID6B_0423_HE10x_mal.czi,AE-biomaGUNE-0423,Ekine,Marta,0423,6,ID6B_0423_HE10x_mal.czi,tissue,CELL_ID6B_0423_HE10x_mal.czi,Historical drive ingest 2026 (drive2_MFB-Disco-2); project / researcher / operator / subject decided per file before ingest (tasks/drives_ingest_dryrun_review.md). Claim: CONFIRMED.,7b55e89f9b5815f8aa760725466c6d5ed9aa1995382c83b9fffb5f0f1e3d1c85,CONFIRMED
drive2_MFB-Disco-2/CELL OBSERVER 2/Marta/Ekine/Ekine_0423_Glioblastoma/ID9B_0423_HE10x-2.czi,AE-biomaGUNE-0423,Ekine,Marta,0423,9,ID9B_0423_HE10x-2.czi,tissue,CELL_ID9B_0423_HE10x-2.czi,Historical drive ingest 2026 (drive2_MFB-Disco-2); project / researcher / operator / subject decided per file before ingest (tasks/drives_ingest_dryrun_review.md). Claim: CONFIRMED.,7afb6a86c2c796d7b7399ef672a9adfe4b620ad32d834cdcbab681b969ae65e7,CONFIRMED
drive2_MFB-Disco-2/CELL OBSERVER 2/Marta/Ekine/Ekine_0423_Glioblastoma/ID9B_0423_HE10x.czi,AE-biomaGUNE-0423,Ekine,Marta,0423,9,ID9B_0423_HE10x.czi,tissue,CELL_ID9B_0423_HE10x.czi,Historical drive ingest 2026 (drive2_MFB-Disco-2); project / researcher / operator / subject decided per file before ingest (tasks/drives_ingest_dryrun_review.md). Claim: CONFIRMED.,9c5f3c9a49212b3567d83a11a1ce7b016b069c357176577ac6b4fa204d8bc0fe,CONFIRMED
drive2_MFB-Disco-2/CELL OBSERVER 2/Marta/Irene/Irene_0424_Viejos machos/0424_WGA/ID29H_0424_WGA20x_VD-1.czi,AE-biomaGUNE-0424,Irene,Marta,0424,29,ID29H_0424_WGA20x_VD-1.czi,tissue,CELL_ID29H_0424_WGA20x_VD-1.czi,Historical drive ingest 2026 (drive2_MFB-Disco-2); project / researcher / operator / subject decided per file before ingest (tasks/drives_ingest_dryrun_review.md). Claim: CONFIRMED.,acde027a1d4b3034cbb4dea95d9f8606cf254b9895683652af2a497f679eb644,CONFIRMED
drive2_MFB-Disco-2/CELL OBSERVER 2/Marta/Irene/Irene_0424_Viejos machos/0424_WGA/ID29H_0424_WGA20x_VD-2.czi,AE-biomaGUNE-0424,Irene,Marta,0424,29,ID29H_0424_WGA20x_VD-2.czi,tissue,CELL_ID29H_0424_WGA20x_VD-2.czi,Historical drive ingest 2026 (drive2_MFB-Disco-2); project / researcher / operator / subject decided per file before ingest (tasks/drives_ingest_dryrun_review.md). Claim: CONFIRMED.,660a29d479ccfcff75716da424781332f24baf5b005c504e749cb87d105ea85a,CONFIRMED
drive2_MFB-Disco-2/CELL OBSERVER 2/Marta/Irene/Irene_0424_Viejos machos/0424_WGA/ID29H_0424_WGA20x_VD-3.czi,AE-biomaGUNE-0424,Irene,Marta,0424,29,ID29H_0424_WGA20x_VD-3.czi,tissue,CELL_ID29H_0424_WGA20x_VD-3.czi,Historical drive ingest 2026 (drive2_MFB-Disco-2); project / researcher / operator / subject decided per file before ingest (tasks/drives_ingest_dryrun_review.md). Claim: CONFIRMED.,620dbfd3224aad1412617e81a120f84f84d6c9bb5e846c98f66d8ab1af893f96,CONFIRMED
drive2_MFB-Disco-2/CELL OBSERVER 2/Marta/Irene/Irene_0424_Viejos machos/0424_WGA/ID29H_0424_WGA20x_VD-4.czi,AE-biomaGUNE-0424,Irene,Marta,0424,29,ID29H_0424_WGA20x_VD-4.czi,tissue,CELL_ID29H_0424_WGA20x_VD-4.czi,Historical drive ingest 2026 (drive2_MFB-Disco-2); project / researcher / operator / subject decided per file before ingest (tasks/drives_ingest_dryrun_review.md). Claim: CONFIRMED.,cb70c604ef90286c0fab822cecb29f1d8dd34ef0424564ef2385e08cad78b0dd,CONFIRMED
drive2_MFB-Disco-2/CELL OBSERVER 2/Marta/Irene/Irene_0424_Viejos machos/0424_WGA/ID29H_0424_WGA20x_VI-1.czi,AE-biomaGUNE-0424,Irene,Marta,0424,29,ID29H_0424_WGA20x_VI-1.czi,tissue,CELL_ID29H_0424_WGA20x_VI-1.czi,Historical drive ingest 2026 (drive2_MFB-Disco-2); project / researcher / operator / subject decided per file before ingest (tasks/drives_ingest_dryrun_review.md). Claim: CONFIRMED.,c1b7ea4a001b6800dd79c3bbe8cd623ed9d597f118ab6d0f3acdf3f796507f8f,CONFIRMED
drive2_MFB-Disco-2/CELL OBSERVER 2/Marta/Irene/Irene_0424_Viejos machos/0424_WGA/ID29H_0424_WGA20x_VI-2.czi,AE-biomaGUNE-0424,Irene,Marta,0424,29,ID29H_0424_WGA20x_VI-2.czi,tissue,CELL_ID29H_0424_WGA20x_VI-2.czi,Historical drive ingest 2026 (drive2_MFB-Disco-2); project / researcher / operator / subject decided per file before ingest (tasks/drives_ingest_dryrun_review.md). Claim: CONFIRMED.,58e315f8b8a59df5f80ffdb9cce164b7e3936c155ab0a5026490b54867f4939d,CONFIRMED
drive2_MFB-Disco-2/CELL OBSERVER 2/Marta/Irene/Irene_0424_Viejos machos/0424_WGA/ID29H_0424_WGA20x_VI-3.czi,AE-biomaGUNE-0424,Irene,Marta,0424,29,ID29H_0424_WGA20x_VI-3.czi,tissue,CELL_ID29H_0424_WGA20x_VI-3.czi,Historical drive ingest 2026 (drive2_MFB-Disco-2); project / researcher / operator / subject decided per file before ingest (tasks/drives_ingest_dryrun_review.md). Claim: CONFIRMED.,8a000ca5c91b6565d436790825cdead5c0128385877aac6f9fbd8045a98ea7f5,CONFIRMED
drive2_MFB-Disco-2/CELL OBSERVER 2/Marta/Irene/Irene_0424_Viejos machos/0424_WGA/ID30H_0424_WGA20x_VD-1.czi,AE-biomaGUNE-0424,Irene,Marta,0424,30,ID30H_0424_WGA20x_VD-1.czi,tissue,CELL_ID30H_0424_WGA20x_VD-1.czi,Historical drive ingest 2026 (drive2_MFB-Disco-2); project / researcher / operator / subject decided per file before ingest (tasks/drives_ingest_dryrun_review.md). Claim: CONFIRMED.,8fbed748a5d1ee168f2e9d734f9b248c5147776a555a72a24c99125587181466,CONFIRMED
drive2_MFB-Disco-2/CELL OBSERVER 2/Marta/Irene/Irene_0424_Viejos machos/0424_WGA/ID30H_0424_WGA20x_VD-2.czi,AE-biomaGUNE-0424,Irene,Marta,0424,30,ID30H_0424_WGA20x_VD-2.czi,tissue,CELL_ID30H_0424_WGA20x_VD-2.czi,Historical drive ingest 2026 (drive2_MFB-Disco-2); project / researcher / operator / subject decided per file before ingest (tasks/drives_ingest_dryrun_review.md). Claim: CONFIRMED.,7783aa4cc2e4c47a5bc890952b80e3da23a2c6d785402b2bac754a0c6a096b4f,CONFIRMED
drive2_MFB-Disco-2/CELL OBSERVER 2/Marta/Irene/Irene_0424_Viejos machos/0424_WGA/ID30H_0424_WGA20x_VD-3.czi,AE-biomaGUNE-0424,Irene,Marta,0424,30,ID30H_0424_WGA20x_VD-3.czi,tissue,CELL_ID30H_0424_WGA20x_VD-3.czi,Historical drive ingest 2026 (drive2_MFB-Disco-2); project / researcher / operator / subject decided per file before ingest (tasks/drives_ingest_dryrun_review.md). Claim: CONFIRMED.,124661504d5d3fae1e91c3e9b06935565892bae8368ea53fac3dafe3b99d2a7e,CONFIRMED
drive2_MFB-Disco-2/CELL OBSERVER 2/Marta/Irene/Irene_0424_Viejos machos/0424_WGA/ID30H_0424_WGA20x_VD-4.czi,AE-biomaGUNE-0424,Irene,Marta,0424,30,ID30H_0424_WGA20x_VD-4.czi,tissue,CELL_ID30H_0424_WGA20x_VD-4.czi,Historical drive ingest 2026 (drive2_MFB-Disco-2); project / researcher / operator / subject decided per file before ingest (tasks/drives_ingest_dryrun_review.md). Claim: CONFIRMED.,fdb32694315ac866f1e46e3ce2bfbda15e79fe4b9d34fa2c92881d82c28d2894,CONFIRMED
drive2_MFB-Disco-2/CELL OBSERVER 2/Marta/Irene/Irene_0424_Viejos machos/0424_WGA/ID30H_0424_WGA20x_VI-1.czi,AE-biomaGUNE-0424,Irene,Marta,0424,30,ID30H_0424_WGA20x_VI-1.czi,tissue,CELL_ID30H_0424_WGA20x_VI-1.czi,Historical drive ingest 2026 (drive2_MFB-Disco-2); project / researcher / operator / subject decided per file before ingest (tasks/drives_ingest_dryrun_review.md). Claim: CONFIRMED.,ece23d32e2c0840a3ede70b4d9e266d7e882d029bfce3e2456a2bf3cfe021256,CONFIRMED
drive2_MFB-Disco-2/CELL OBSERVER 2/Marta/Irene/Irene_0424_Viejos machos/0424_WGA/ID30H_0424_WGA20x_VI-2.czi,AE-biomaGUNE-0424,Irene,Marta,0424,30,ID30H_0424_WGA20x_VI-2.czi,tissue,CELL_ID30H_0424_WGA20x_VI-2.czi,Historical drive ingest 2026 (drive2_MFB-Disco-2); project / researcher / operator / subject decided per file before ingest (tasks/drives_ingest_dryrun_review.md). Claim: CONFIRMED.,430477ff32629cf3d6970a00d6ce167812159557668ae7761ad8109a9e3b691b,CONFIRMED
drive2_MFB-Disco-2/CELL OBSERVER 2/Marta/Irene/Irene_0424_Viejos machos/0424_WGA/ID30H_0424_WGA20x_VI-3.czi,AE-biomaGUNE-0424,Irene,Marta,0424,30,ID30H_0424_WGA20x_VI-3.czi,tissue,CELL_ID30H_0424_WGA20x_VI-3.czi,Historical drive ingest 2026 (drive2_MFB-Disco-2); project / researcher / operator / subject decided per file before ingest (tasks/drives_ingest_dryrun_review.md). Claim: CONFIRMED.,05ea698ec247422178dffff6653b2db6f136e58bf981e43e0ad40f28ae9e4257,CONFIRMED
drive2_MFB-Disco-2/CELL OBSERVER 2/Marta/Irene/Irene_0424_Viejos machos/0424_WGA/ID30H_0424_WGA20x_VI-4.czi,AE-biomaGUNE-0424,Irene,Marta,0424,30,ID30H_0424_WGA20x_VI-4.czi,tissue,CELL_ID30H_0424_WGA20x_VI-4.czi,Historical drive ingest 2026 (drive2_MFB-Disco-2); project / researcher / operator / subject decided per file before ingest (tasks/drives_ingest_dryrun_review.md). Claim: CONFIRMED.,24d8868cbad6835cc1ea0e9c8dbe4180f1b60d51b489dd5c74009673de0e4d97,CONFIRMED
drive2_MFB-Disco-2/CELL OBSERVER 2/Marta/Irene/Irene_0424_Viejos machos/0424_WGA/ID31H_0424_WGA20x_VD-1.czi,AE-biomaGUNE-0424,Irene,Marta,0424,31,ID31H_0424_WGA20x_VD-1.czi,tissue,CELL_ID31H_0424_WGA20x_VD-1.czi,Historical drive ingest 2026 (drive2_MFB-Disco-2); project / researcher / operator / subject decided per file before ingest (tasks/drives_ingest_dryrun_review.md). Claim: CONFIRMED.,e99ece18bf2ea9d548a2db43d696aaf393a3288e81ad6dd03cc8fec4cb87f81c,CONFIRMED
drive2_MFB-Disco-2/CELL OBSERVER 2/Marta/Irene/Irene_0424_Viejos machos/0424_WGA/ID31H_0424_WGA20x_VD-2.czi,AE-biomaGUNE-0424,Irene,Marta,0424,31,ID31H_0424_WGA20x_VD-2.czi,tissue,CELL_ID31H_0424_WGA20x_VD-2.czi,Historical drive ingest 2026 (drive2_MFB-Disco-2); project / researcher / operator / subject decided per file before ingest (tasks/drives_ingest_dryrun_review.md). Claim: CONFIRMED.,8fe3450c08b715c3265e0674c8203682892da4a999916531332bcf2394ac3527,CONFIRMED
drive2_MFB-Disco-2/CELL OBSERVER 2/Marta/Irene/Irene_0424_Viejos machos/0424_WGA/ID31H_0424_WGA20x_VD-3.czi,AE-biomaGUNE-0424,Irene,Marta,0424,31,ID31H_0424_WGA20x_VD-3.czi,tissue,CELL_ID31H_0424_WGA20x_VD-3.czi,Historical drive ingest 2026 (drive2_MFB-Disco-2); project / researcher / operator / subject decided per file before ingest (tasks/drives_ingest_dryrun_review.md). Claim: CONFIRMED.,3333f9fe3dee4ca5692f2f5db46c2112cc0cca358db0f911db5718c6f63671d6,CONFIRMED
drive2_MFB-Disco-2/CELL OBSERVER 2/Marta/Irene/Irene_0424_Viejos machos/0424_WGA/ID31H_0424_WGA20x_VD-4.czi,AE-biomaGUNE-0424,Irene,Marta,0424,31,ID31H_0424_WGA20x_VD-4.czi,tissue,CELL_ID31H_0424_WGA20x_VD-4.czi,Historical drive ingest 2026 (drive2_MFB-Disco-2); project / researcher / operator / subject decided per file before ingest (tasks/drives_ingest_dryrun_review.md). Claim: CONFIRMED.,f0856289b96d8a47181a350b091cbd408021c45c7993fc33e3197e4d95f7da3c,CONFIRMED
drive2_MFB-Disco-2/CELL OBSERVER 2/Marta/Irene/Irene_0424_Viejos machos/0424_WGA/ID31H_0424_WGA20x_VI-1.czi,AE-biomaGUNE-0424,Irene,Marta,0424,31,ID31H_0424_WGA20x_VI-1.czi,tissue,CELL_ID31H_0424_WGA20x_VI-1.czi,Historical drive ingest 2026 (drive2_MFB-Disco-2); project / researcher / operator / subject decided per file before ingest (tasks/drives_ingest_dryrun_review.md). Claim: CONFIRMED.,63561c89cdd166530400777eea4e2fe475f939dd7a71d79d03db7c3b05ccc37f,CONFIRMED
drive2_MFB-Disco-2/CELL OBSERVER 2/Marta/Irene/Irene_0424_Viejos machos/0424_WGA/ID31H_0424_WGA20x_VI-2.czi,AE-biomaGUNE-0424,Irene,Marta,0424,31,ID31H_0424_WGA20x_VI-2.czi,tissue,CELL_ID31H_0424_WGA20x_VI-2.czi,Historical drive ingest 2026 (drive2_MFB-Disco-2); project / researcher / operator / subject decided per file before ingest (tasks/drives_ingest_dryrun_review.md). Claim: CONFIRMED.,4d9b099b91e0402e3ca8fe4bcb501ac5e6346c799573433271be2ca5f6817955,CONFIRMED
drive2_MFB-Disco-2/CELL OBSERVER 2/Marta/Irene/Irene_0424_Viejos machos/0424_WGA/ID31H_0424_WGA20x_VI-3.czi,AE-biomaGUNE-0424,Irene,Marta,0424,31,ID31H_0424_WGA20x_VI-3.czi,tissue,CELL_ID31H_0424_WGA20x_VI-3.czi,Historical drive ingest 2026 (drive2_MFB-Disco-2); project / researcher / operator / subject decided per file before ingest (tasks/drives_ingest_dryrun_review.md). Claim: CONFIRMED.,fe40f216f81384c15b36f5229914f5c610a8af5b9dbb9c0f56766c8ec6804f06,CONFIRMED
drive2_MFB-Disco-2/CELL OBSERVER 2/Marta/Irene/Irene_0424_Viejos machos/0424_WGA/ID31H_0424_WGA20x_VI-4.czi,AE-biomaGUNE-0424,Irene,Marta,0424,31,ID31H_0424_WGA20x_VI-4.czi,tissue,CELL_ID31H_0424_WGA20x_VI-4.czi,Historical drive ingest 2026 (drive2_MFB-Disco-2); project / researcher / operator / subject decided per file before ingest (tasks/drives_ingest_dryrun_review.md). Claim: CONFIRMED.,036467a2e950fcb892337da020776476952e39e735e032ed598d81dc780713b0,CONFIRMED
drive2_MFB-Disco-2/CELL OBSERVER 2/Marta/Irene/Irene_0424_Viejos machos/0424_WGA/ID37H_0424_WGA20x_VD-1.czi,AE-biomaGUNE-0424,Irene,Marta,0424,37,ID37H_0424_WGA20x_VD-1.czi,tissue,CELL_ID37H_0424_WGA20x_VD-1.czi,Historical drive ingest 2026 (drive2_MFB-Disco-2); project / researcher / operator / subject decided per file before ingest (tasks/drives_ingest_dryrun_review.md). Claim: CONFIRMED.,6e9393965a224c4e454a3cc6a09badb7f5fa064a18b89a7cf4ce97c23c172c04,CONFIRMED
drive2_MFB-Disco-2/CELL OBSERVER 2/Marta/Irene/Irene_0424_Viejos machos/0424_WGA/ID37H_0424_WGA20x_VD-2.czi,AE-biomaGUNE-0424,Irene,Marta,0424,37,ID37H_0424_WGA20x_VD-2.czi,tissue,CELL_ID37H_0424_WGA20x_VD-2.czi,Historical drive ingest 2026 (drive2_MFB-Disco-2); project / researcher / operator / subject decided per file before ingest (tasks/drives_ingest_dryrun_review.md). Claim: CONFIRMED.,df61dc84f466e4cafcc801ec513633ba7f11acc79da258170d8e8fc0acf6ed8d,CONFIRMED
drive2_MFB-Disco-2/CELL OBSERVER 2/Marta/Irene/Irene_0424_Viejos machos/0424_WGA/ID37H_0424_WGA20x_VD-3.czi,AE-biomaGUNE-0424,Irene,Marta,0424,37,ID37H_0424_WGA20x_VD-3.czi,tissue,CELL_ID37H_0424_WGA20x_VD-3.czi,Historical drive ingest 2026 (drive2_MFB-Disco-2); project / researcher / operator / subject decided per file before ingest (tasks/drives_ingest_dryrun_review.md). Claim: CONFIRMED.,149129a793b9c5e3ab15e8f8da507048159d33010638fbdf660820976a748981,CONFIRMED
drive2_MFB-Disco-2/CELL OBSERVER 2/Marta/Irene/Irene_0424_Viejos machos/0424_WGA/ID37H_0424_WGA20x_VD-4.czi,AE-biomaGUNE-0424,Irene,Marta,0424,37,ID37H_0424_WGA20x_VD-4.czi,tissue,CELL_ID37H_0424_WGA20x_VD-4.czi,Historical drive ingest 2026 (drive2_MFB-Disco-2); project / researcher / operator / subject decided per file before ingest (tasks/drives_ingest_dryrun_review.md). Claim: CONFIRMED.,3f38f58e76a7f552c5f2bcaa5c7c2cf62d2c821fe10440468073637a0a80f9be,CONFIRMED
drive2_MFB-Disco-2/CELL OBSERVER 2/Marta/Irene/Irene_0424_Viejos machos/0424_WGA/ID37H_0424_WGA20x_VD-5.czi,AE-biomaGUNE-0424,Irene,Marta,0424,37,ID37H_0424_WGA20x_VD-5.czi,tissue,CELL_ID37H_0424_WGA20x_VD-5.czi,Historical drive ingest 2026 (drive2_MFB-Disco-2); project / researcher / operator / subject decided per file before ingest (tasks/drives_ingest_dryrun_review.md). Claim: CONFIRMED.,680c97784bf52f5ddea529b829ec9c9d8e848e28f4e2b64ca5389662afddc448,CONFIRMED
drive2_MFB-Disco-2/CELL OBSERVER 2/Marta/Irene/Irene_0424_Viejos machos/0424_WGA/ID37H_0424_WGA20x_VI-1.czi,AE-biomaGUNE-0424,Irene,Marta,0424,37,ID37H_0424_WGA20x_VI-1.czi,tissue,CELL_ID37H_0424_WGA20x_VI-1.czi,Historical drive ingest 2026 (drive2_MFB-Disco-2); project / researcher / operator / subject decided per file before ingest (tasks/drives_ingest_dryrun_review.md). Claim: CONFIRMED.,cfcac8c596306595f69cc4f5500a333d865b06a5ff8778538ad801952bcd48c4,CONFIRMED
drive2_MFB-Disco-2/CELL OBSERVER 2/Marta/Irene/Irene_0424_Viejos machos/0424_WGA/ID37H_0424_WGA20x_VI-2.czi,AE-biomaGUNE-0424,Irene,Marta,0424,37,ID37H_0424_WGA20x_VI-2.czi,tissue,CELL_ID37H_0424_WGA20x_VI-2.czi,Historical drive ingest 2026 (drive2_MFB-Disco-2); project / researcher / operator / subject decided per file before ingest (tasks/drives_ingest_dryrun_review.md). Claim: CONFIRMED.,ded85fc2b5654eafd17caf54da52dd065045692ef4672d9f5bd502e51197e6c3,CONFIRMED
drive2_MFB-Disco-2/CELL OBSERVER 2/Marta/Irene/Irene_0424_Viejos machos/0424_WGA/ID37H_0424_WGA20x_VI-3.czi,AE-biomaGUNE-0424,Irene,Marta,0424,37,ID37H_0424_WGA20x_VI-3.czi,tissue,CELL_ID37H_0424_WGA20x_VI-3.czi,Historical drive ingest 2026 (drive2_MFB-Disco-2); project / researcher / operator / subject decided per file before ingest (tasks/drives_ingest_dryrun_review.md). Claim: CONFIRMED.,819c7c49e89b959ce72259da106143cb33f370b0d8e2a235cfe0d771bf3c1633,CONFIRMED
drive2_MFB-Disco-2/CELL OBSERVER 2/Marta/Irene/Irene_0424_Viejos machos/0424_WGA/ID37H_0424_WGA20x_VI-4.czi,AE-biomaGUNE-0424,Irene,Marta,0424,37,ID37H_0424_WGA20x_VI-4.czi,tissue,CELL_ID37H_0424_WGA20x_VI-4.czi,Historical drive ingest 2026 (drive2_MFB-Disco-2); project / researcher / operator / subject decided per file before ingest (tasks/drives_ingest_dryrun_review.md). Claim: CONFIRMED.,65e0847eb14e5e31f2c0f56991347744e3a53d31141d65ba8ed3c07e3106dcfa,CONFIRMED
drive2_MFB-Disco-2/CELL OBSERVER 2/Marta/Irene/Irene_0424_Viejos machos/0424_WGA/ID41H_0424_WGA20x_VD-1.czi,AE-biomaGUNE-0424,Irene,Marta,0424,41,ID41H_0424_WGA20x_VD-1.czi,tissue,CELL_ID41H_0424_WGA20x_VD-1.czi,Historical drive ingest 2026 (drive2_MFB-Disco-2); project / researcher / operator / subject decided per file before ingest (tasks/drives_ingest_dryrun_review.md). Claim: CONFIRMED.,d26e8fb5617ebe4694aeae843461d0d08b0127c97a02fe956a62ce93e2476a07,CONFIRMED
drive2_MFB-Disco-2/CELL OBSERVER 2/Marta/Irene/Irene_0424_Viejos machos/0424_WGA/ID41H_0424_WGA20x_VD-2.czi,AE-biomaGUNE-0424,Irene,Marta,0424,41,ID41H_0424_WGA20x_VD-2.czi,tissue,CELL_ID41H_0424_WGA20x_VD-2.czi,Historical drive ingest 2026 (drive2_MFB-Disco-2); project / researcher / operator / subject decided per file before ingest (tasks/drives_ingest_dryrun_review.md). Claim: CONFIRMED.,d32e02a1afe1d3885be664be80385e57d00e70d8c99929cebee84103da4c1fc6,CONFIRMED
drive2_MFB-Disco-2/CELL OBSERVER 2/Marta/Irene/Irene_0424_Viejos machos/0424_WGA/ID41H_0424_WGA20x_VD-3.czi,AE-biomaGUNE-0424,Irene,Marta,0424,41,ID41H_0424_WGA20x_VD-3.czi,tissue,CELL_ID41H_0424_WGA20x_VD-3.czi,Historical drive ingest 2026 (drive2_MFB-Disco-2); project / researcher / operator / subject decided per file before ingest (tasks/drives_ingest_dryrun_review.md). Claim: CONFIRMED.,31b205697aa243a7b510b674ee36f9e81c27fc1b4d54380f4cdaf5032771563c,CONFIRMED
drive2_MFB-Disco-2/CELL OBSERVER 2/Marta/Irene/Irene_0424_Viejos machos/0424_WGA/ID41H_0424_WGA20x_VD-4.czi,AE-biomaGUNE-0424,Irene,Marta,0424,41,ID41H_0424_WGA20x_VD-4.czi,tissue,CELL_ID41H_0424_WGA20x_VD-4.czi,Historical drive ingest 2026 (drive2_MFB-Disco-2); project / researcher / operator / subject decided per file before ingest (tasks/drives_ingest_dryrun_review.md). Claim: CONFIRMED.,390a1a08d7c225729e6c63bd828bd3d154b2a8de95a08d090d97d072fb18ba6f,CONFIRMED
drive2_MFB-Disco-2/CELL OBSERVER 2/Marta/Irene/Irene_0424_Viejos machos/0424_WGA/ID41H_0424_WGA20x_VI-1.czi,AE-biomaGUNE-0424,Irene,Marta,0424,41,ID41H_0424_WGA20x_VI-1.czi,tissue,CELL_ID41H_0424_WGA20x_VI-1.czi,Historical drive ingest 2026 (drive2_MFB-Disco-2); project / researcher / operator / subject decided per file before ingest (tasks/drives_ingest_dryrun_review.md). Claim: CONFIRMED.,42c1f8b380f294f52533545b571374ceb36688ed320df88bf4c2615ea8a1d492,CONFIRMED
drive2_MFB-Disco-2/CELL OBSERVER 2/Marta/Irene/Irene_0424_Viejos machos/0424_WGA/ID41H_0424_WGA20x_VI-2.czi,AE-biomaGUNE-0424,Irene,Marta,0424,41,ID41H_0424_WGA20x_VI-2.czi,tissue,CELL_ID41H_0424_WGA20x_VI-2.czi,Historical drive ingest 2026 (drive2_MFB-Disco-2); project / researcher / operator / subject decided per file before ingest (tasks/drives_ingest_dryrun_review.md). Claim: CONFIRMED.,e7d291a64f401cc50a80d6436912c36e996f8a4f799fafee6c668d54c803bd1e,CONFIRMED
drive2_MFB-Disco-2/CELL OBSERVER 2/Marta/Irene/Irene_0424_Viejos machos/0424_WGA/ID41H_0424_WGA20x_VI-3.czi,AE-biomaGUNE-0424,Irene,Marta,0424,41,ID41H_0424_WGA20x_VI-3.czi,tissue,CELL_ID41H_0424_WGA20x_VI-3.czi,Historical drive ingest 2026 (drive2_MFB-Disco-2); project / researcher / operator / subject decided per file before ingest (tasks/drives_ingest_dryrun_review.md). Claim: CONFIRMED.,d2d793c3a35eedb8e8796ce25e62ce718b93931e3edbd2a81575681cf9adff73,CONFIRMED
drive2_MFB-Disco-2/CELL OBSERVER 2/Marta/Irene/Irene_0424_Viejos machos/0424_WGA/ID41H_0424_WGA20x_VI-4.czi,AE-biomaGUNE-0424,Irene,Marta,0424,41,ID41H_0424_WGA20x_VI-4.czi,tissue,CELL_ID41H_0424_WGA20x_VI-4.czi,Historical drive ingest 2026 (drive2_MFB-Disco-2); project / researcher / operator / subject decided per file before ingest (tasks/drives_ingest_dryrun_review.md). Claim: CONFIRMED.,b4a28f2aa686fbbedba7c1c150f29b211e70e967977a6cfee2e679700a82e326,CONFIRMED
drive2_MFB-Disco-2/CELL OBSERVER 2/Marta/Irene/Irene_0424_Viejos machos/0424_WGA/ID43H_0424_WGA20x_VD-1.czi,AE-biomaGUNE-0424,Irene,Marta,0424,43,ID43H_0424_WGA20x_VD-1.czi,tissue,CELL_ID43H_0424_WGA20x_VD-1.czi,Historical drive ingest 2026 (drive2_MFB-Disco-2); project / researcher / operator / subject decided per file before ingest (tasks/drives_ingest_dryrun_review.md). Claim: CONFIRMED.,f0f133522c40bea4f674fb3163f5c5fb23ac95ba6ae4e68e65b8125b2fbdde8b,CONFIRMED
drive2_MFB-Disco-2/CELL OBSERVER 2/Marta/Irene/Irene_0424_Viejos machos/0424_WGA/ID43H_0424_WGA20x_VD-2.czi,AE-biomaGUNE-0424,Irene,Marta,0424,43,ID43H_0424_WGA20x_VD-2.czi,tissue,CELL_ID43H_0424_WGA20x_VD-2.czi,Historical drive ingest 2026 (drive2_MFB-Disco-2); project / researcher / operator / subject decided per file before ingest (tasks/drives_ingest_dryrun_review.md). Claim: CONFIRMED.,385412d77a9186b8c91a646aba4ccef07c61da8374682978b4ba4e646454a62d,CONFIRMED
drive2_MFB-Disco-2/CELL OBSERVER 2/Marta/Irene/Irene_0424_Viejos machos/0424_WGA/ID43H_0424_WGA20x_VD-3.czi,AE-biomaGUNE-0424,Irene,Marta,0424,43,ID43H_0424_WGA20x_VD-3.czi,tissue,CELL_ID43H_0424_WGA20x_VD-3.czi,Historical drive ingest 2026 (drive2_MFB-Disco-2); project / researcher / operator / subject decided per file before ingest (tasks/drives_ingest_dryrun_review.md). Claim: CONFIRMED.,39a7f71140d4d22265b516f5a434d45b4f3bd4807f91ab3f033a4479b80a3989,CONFIRMED
drive2_MFB-Disco-2/CELL OBSERVER 2/Marta/Irene/Irene_0424_Viejos machos/0424_WGA/ID43H_0424_WGA20x_VD-4.czi,AE-biomaGUNE-0424,Irene,Marta,0424,43,ID43H_0424_WGA20x_VD-4.czi,tissue,CELL_ID43H_0424_WGA20x_VD-4.czi,Historical drive ingest 2026 (drive2_MFB-Disco-2); project / researcher / operator / subject decided per file before ingest (tasks/drives_ingest_dryrun_review.md). Claim: CONFIRMED.,db0066f6d3c06708dd433eae6806117c53e91b547ee75e583dad598a0986bb31,CONFIRMED
drive2_MFB-Disco-2/CELL OBSERVER 2/Marta/Irene/Irene_0424_Viejos machos/0424_WGA/ID43H_0424_WGA20x_VI-1.czi,AE-biomaGUNE-0424,Irene,Marta,0424,43,ID43H_0424_WGA20x_VI-1.czi,tissue,CELL_ID43H_0424_WGA20x_VI-1.czi,Historical drive ingest 2026 (drive2_MFB-Disco-2); project / researcher / operator / subject decided per file before ingest (tasks/drives_ingest_dryrun_review.md). Claim: CONFIRMED.,e5e8c5a938fb880173a8729b6f373380f1b330e387ce06825fd7a78d607c85be,CONFIRMED
drive2_MFB-Disco-2/CELL OBSERVER 2/Marta/Irene/Irene_0424_Viejos machos/0424_WGA/ID43H_0424_WGA20x_VI-2.czi,AE-biomaGUNE-0424,Irene,Marta,0424,43,ID43H_0424_WGA20x_VI-2.czi,tissue,CELL_ID43H_0424_WGA20x_VI-2.czi,Historical drive ingest 2026 (drive2_MFB-Disco-2); project / researcher / operator / subject decided per file before ingest (tasks/drives_ingest_dryrun_review.md). Claim: CONFIRMED.,b9d842afde1de0624e3a8c26141e26812b1c95a7c7f44a57d4153ebefa38264f,CONFIRMED
drive2_MFB-Disco-2/CELL OBSERVER 2/Marta/Irene/Irene_0424_Viejos machos/0424_WGA/ID43H_0424_WGA20x_VI-3.czi,AE-biomaGUNE-0424,Irene,Marta,0424,43,ID43H_0424_WGA20x_VI-3.czi,tissue,CELL_ID43H_0424_WGA20x_VI-3.czi,Historical drive ingest 2026 (drive2_MFB-Disco-2); project / researcher / operator / subject decided per file before ingest (tasks/drives_ingest_dryrun_review.md). Claim: CONFIRMED.,893dccf86bd03ea7c2d81cd2f8633554cb60c3da74c7fd3116f1a81b5ae93db5,CONFIRMED
drive2_MFB-Disco-2/CELL OBSERVER 2/Marta/Irene/Irene_0424_Viejos machos/0424_WGA/ID43H_0424_WGA20x_VI-4.czi,AE-biomaGUNE-0424,Irene,Marta,0424,43,ID43H_0424_WGA20x_VI-4.czi,tissue,CELL_ID43H_0424_WGA20x_VI-4.czi,Historical drive ingest 2026 (drive2_MFB-Disco-2); project / researcher / operator / subject decided per file before ingest (tasks/drives_ingest_dryrun_review.md). Claim: CONFIRMED.,725616856b707cd40a07720c89bcfe5efe7e3aa7c8e5ceb9a43e253082ffff17,CONFIRMED
drive2_MFB-Disco-2/CELL OBSERVER 2/Marta/Irene/Irene_0424_Viejos machos/HE_0424/ID29H_0424_HE10x.czi,AE-biomaGUNE-0424,Irene,Marta,0424,29,ID29H_0424_HE10x.czi,tissue,CELL_ID29H_0424_HE10x.czi,Historical drive ingest 2026 (drive2_MFB-Disco-2); project / researcher / operator / subject decided per file before ingest (tasks/drives_ingest_dryrun_review.md). Claim: CONFIRMED.,aa83117614910edd289919dc74fec6127560c67c527a3c5ab0c097bb82a46e05,CONFIRMED
drive2_MFB-Disco-2/CELL OBSERVER 2/Marta/Irene/Irene_0424_Viejos machos/HE_0424/ID30H_0424_HE10x.czi,AE-biomaGUNE-0424,Irene,Marta,0424,30,ID30H_0424_HE10x.czi,tissue,CELL_ID30H_0424_HE10x.czi,Historical drive ingest 2026 (drive2_MFB-Disco-2); project / researcher / operator / subject decided per file before ingest (tasks/drives_ingest_dryrun_review.md). Claim: CONFIRMED.,d60e1633566c68d36a2238bde2c1b8233074911b246e38a350a963757686662f,CONFIRMED
drive2_MFB-Disco-2/CELL OBSERVER 2/Marta/Irene/Irene_0424_Viejos machos/HE_0424/ID31H_0424_HE10x.czi,AE-biomaGUNE-0424,Irene,Marta,0424,31,ID31H_0424_HE10x.czi,tissue,CELL_ID31H_0424_HE10x.czi,Historical drive ingest 2026 (drive2_MFB-Disco-2); project / researcher / operator / subject decided per file before ingest (tasks/drives_ingest_dryrun_review.md). Claim: CONFIRMED.,04471fee4694ce2cd365bfa03b50cf9242889d8408bec39fb4a9ffa502e58f5e,CONFIRMED
drive2_MFB-Disco-2/CELL OBSERVER 2/Marta/Irene/Irene_0424_Viejos machos/HE_0424/ID33L_0424_HE10x-2.czi,AE-biomaGUNE-0424,Irene,Marta,0424,33,ID33L_0424_HE10x-2.czi,tissue,CELL_ID33L_0424_HE10x-2.czi,Historical drive ingest 2026 (drive2_MFB-Disco-2); project / researcher / operator / subject decided per file before ingest (tasks/drives_ingest_dryrun_review.md). Claim: CONFIRMED.,21ac69247bb8a43748d07a012123df5e5a3dc28ffd1518a6a6a6eec2c6be05a1,CONFIRMED
drive2_MFB-Disco-2/CELL OBSERVER 2/Marta/Irene/Irene_0424_Viejos machos/HE_0424/ID33L_0424_HE10x.czi,AE-biomaGUNE-0424,Irene,Marta,0424,33,ID33L_0424_HE10x.czi,tissue,CELL_ID33L_0424_HE10x.czi,Historical drive ingest 2026 (drive2_MFB-Disco-2); project / researcher / operator / subject decided per file before ingest (tasks/drives_ingest_dryrun_review.md). Claim: CONFIRMED.,478f0c3150d27e2a236f8afa562904aa6924824d04e11659ead4b75a06fa73cb,CONFIRMED
drive2_MFB-Disco-2/CELL OBSERVER 2/Marta/Irene/Irene_0424_Viejos machos/HE_0424/ID34L_0424_HE10x.czi,AE-biomaGUNE-0424,Irene,Marta,0424,34,ID34L_0424_HE10x.czi,tissue,CELL_ID34L_0424_HE10x.czi,Historical drive ingest 2026 (drive2_MFB-Disco-2); project / researcher / operator / subject decided per file before ingest (tasks/drives_ingest_dryrun_review.md). Claim: CONFIRMED.,4634cb52f40754f56b9141a6ec7b327527b2ffffd698032919cbcecbbb3d6191,CONFIRMED
drive2_MFB-Disco-2/CELL OBSERVER 2/Marta/Irene/Irene_0424_Viejos machos/HE_0424/ID35L_0424_HE10x.czi,AE-biomaGUNE-0424,Irene,Marta,0424,35,ID35L_0424_HE10x.czi,tissue,CELL_ID35L_0424_HE10x.czi,Historical drive ingest 2026 (drive2_MFB-Disco-2); project / researcher / operator / subject decided per file before ingest (tasks/drives_ingest_dryrun_review.md). Claim: CONFIRMED.,e1f4919d24448944bb661aba5d885fe496ad0db6547e027b3a9466acab2977d1,CONFIRMED
drive2_MFB-Disco-2/CELL OBSERVER 2/Marta/Irene/Irene_0424_Viejos machos/HE_0424/ID36L_0424_HE10x.czi,AE-biomaGUNE-0424,Irene,Marta,0424,36,ID36L_0424_HE10x.czi,tissue,CELL_ID36L_0424_HE10x.czi,Historical drive ingest 2026 (drive2_MFB-Disco-2); project / researcher / operator / subject decided per file before ingest (tasks/drives_ingest_dryrun_review.md). Claim: CONFIRMED.,316f76988810d4308f0010ed15eeb603616ccf362614c8ca1cde18b85e02ceb4,CONFIRMED
drive2_MFB-Disco-2/CELL OBSERVER 2/Marta/Irene/Irene_0424_Viejos machos/HE_0424/ID37H_0424_HE10x.czi,AE-biomaGUNE-0424,Irene,Marta,0424,37,ID37H_0424_HE10x.czi,tissue,CELL_ID37H_0424_HE10x.czi,Historical drive ingest 2026 (drive2_MFB-Disco-2); project / researcher / operator / subject decided per file before ingest (tasks/drives_ingest_dryrun_review.md). Claim: CONFIRMED.,d78a31e07b9c408d6806823fda2c38168beadd6cd669ebff243850555bed5a30,CONFIRMED
drive2_MFB-Disco-2/CELL OBSERVER 2/Marta/Irene/Irene_0424_Viejos machos/HE_0424/ID38H_0424_HE10x.czi,AE-biomaGUNE-0424,Irene,Marta,0424,38,ID38H_0424_HE10x.czi,tissue,CELL_ID38H_0424_HE10x.czi,Historical drive ingest 2026 (drive2_MFB-Disco-2); project / researcher / operator / subject decided per file before ingest (tasks/drives_ingest_dryrun_review.md). Claim: CONFIRMED.,2f162f2a86b02aea79e3949c40ca33eb91a1ddf8f9aeec5e744d3a38f9b85a85,CONFIRMED
drive2_MFB-Disco-2/CELL OBSERVER 2/Marta/Irene/Irene_0424_Viejos machos/HE_0424/ID39L_0424_HE10x.czi,AE-biomaGUNE-0424,Irene,Marta,0424,39,ID39L_0424_HE10x.czi,tissue,CELL_ID39L_0424_HE10x.czi,Historical drive ingest 2026 (drive2_MFB-Disco-2); project / researcher / operator / subject decided per file before ingest (tasks/drives_ingest_dryrun_review.md). Claim: CONFIRMED.,b4d6392c4faf703f60019cb497be2702aca16eb9b9c76c33cc0157fb150baa77,CONFIRMED
drive2_MFB-Disco-2/CELL OBSERVER 2/Marta/Irene/Irene_0424_Viejos machos/HE_0424/ID41H_0424_HE10x.czi,AE-biomaGUNE-0424,Irene,Marta,0424,41,ID41H_0424_HE10x.czi,tissue,CELL_ID41H_0424_HE10x.czi,Historical drive ingest 2026 (drive2_MFB-Disco-2); project / researcher / operator / subject decided per file before ingest (tasks/drives_ingest_dryrun_review.md). Claim: CONFIRMED.,893e93c847bb5c392b44bd4a1a6a7e76067e06dd0e85ff9e53d67594cd874af5,CONFIRMED
drive2_MFB-Disco-2/CELL OBSERVER 2/Marta/Irene/Irene_0424_Viejos machos/HE_0424/ID43H_0424_HE10x.czi,AE-biomaGUNE-0424,Irene,Marta,0424,43,ID43H_0424_HE10x.czi,tissue,CELL_ID43H_0424_HE10x.czi,Historical drive ingest 2026 (drive2_MFB-Disco-2); project / researcher / operator / subject decided per file before ingest (tasks/drives_ingest_dryrun_review.md). Claim: CONFIRMED.,e20a7979ec925f00cbbc43f4c2927bcaa0adde9152391f3fba786d950ed732b8,CONFIRMED
drive2_MFB-Disco-2/CELL OBSERVER 2/Marta/Irene/Irene_0424_Viejos machos/HE_0424/ID44L_0424_HE10x.czi,AE-biomaGUNE-0424,Irene,Marta,0424,44,ID44L_0424_HE10x.czi,tissue,CELL_ID44L_0424_HE10x.czi,Historical drive ingest 2026 (drive2_MFB-Disco-2); project / researcher / operator / subject decided per file before ingest (tasks/drives_ingest_dryrun_review.md). Claim: CONFIRMED.,2042646576d7c0150cd33649e022193efdca73f219752c9b626a7a95dd064290,CONFIRMED
drive2_MFB-Disco-2/CELL OBSERVER 2/Marta/Irene/Irene_0424_Viejos machos/PR_0424/ID29H_0424_PR10x.czi,AE-biomaGUNE-0424,Irene,Marta,0424,29,ID29H_0424_PR10x.czi,tissue,CELL_ID29H_0424_PR10x.czi,Historical drive ingest 2026 (drive2_MFB-Disco-2); project / researcher / operator / subject decided per file before ingest (tasks/drives_ingest_dryrun_review.md). Claim: CONFIRMED.,632afbd042ad7de86db9e6fdd65a7f8abef6593a8010dc7718153d66902b842a,CONFIRMED
drive2_MFB-Disco-2/CELL OBSERVER 2/Marta/Irene/Irene_0424_Viejos machos/PR_0424/ID29H_0424_PR10x_POL.czi,AE-biomaGUNE-0424,Irene,Marta,0424,29,ID29H_0424_PR10x_POL.czi,tissue,CELL_ID29H_0424_PR10x_POL.czi,Historical drive ingest 2026 (drive2_MFB-Disco-2); project / researcher / operator / subject decided per file before ingest (tasks/drives_ingest_dryrun_review.md). Claim: CONFIRMED.,a383df991d7c41adcbf3b1a5a272d6b4bc30d62d1f5a0d4810be388730c28ae5,CONFIRMED
drive2_MFB-Disco-2/CELL OBSERVER 2/Marta/Irene/Irene_0424_Viejos machos/PR_0424/ID30H_0424_PR10x.czi,AE-biomaGUNE-0424,Irene,Marta,0424,30,ID30H_0424_PR10x.czi,tissue,CELL_ID30H_0424_PR10x.czi,Historical drive ingest 2026 (drive2_MFB-Disco-2); project / researcher / operator / subject decided per file before ingest (tasks/drives_ingest_dryrun_review.md). Claim: CONFIRMED.,a0ac1a5e950e99f043a137048b1da2dbbd6d934908c346149ecedd7fd4e90148,CONFIRMED
drive2_MFB-Disco-2/CELL OBSERVER 2/Marta/Irene/Irene_0424_Viejos machos/PR_0424/ID30H_0424_PR10x_POL.czi,AE-biomaGUNE-0424,Irene,Marta,0424,30,ID30H_0424_PR10x_POL.czi,tissue,CELL_ID30H_0424_PR10x_POL.czi,Historical drive ingest 2026 (drive2_MFB-Disco-2); project / researcher / operator / subject decided per file before ingest (tasks/drives_ingest_dryrun_review.md). Claim: CONFIRMED.,4afce207b70ab51662c211529a7b5b49c38cebc3ff5a247b118b6fad625afa43,CONFIRMED
drive2_MFB-Disco-2/CELL OBSERVER 2/Marta/Irene/Irene_0424_Viejos machos/PR_0424/ID31H_0424_PR10x.czi,AE-biomaGUNE-0424,Irene,Marta,0424,31,ID31H_0424_PR10x.czi,tissue,CELL_ID31H_0424_PR10x.czi,Historical drive ingest 2026 (drive2_MFB-Disco-2); project / researcher / operator / subject decided per file before ingest (tasks/drives_ingest_dryrun_review.md). Claim: CONFIRMED.,a9b94307b8293df5259119deed15fd0beb33c029112152576a095a4d6f1f1a32,CONFIRMED
drive2_MFB-Disco-2/CELL OBSERVER 2/Marta/Irene/Irene_0424_Viejos machos/PR_0424/ID31H_0424_PR10x_POL.czi,AE-biomaGUNE-0424,Irene,Marta,0424,31,ID31H_0424_PR10x_POL.czi,tissue,CELL_ID31H_0424_PR10x_POL.czi,Historical drive ingest 2026 (drive2_MFB-Disco-2); project / researcher / operator / subject decided per file before ingest (tasks/drives_ingest_dryrun_review.md). Claim: CONFIRMED.,a6094af807f943f9aa1183ac62f9e3869e968c664d628353fb190b41ebd3562c,CONFIRMED
drive2_MFB-Disco-2/CELL OBSERVER 2/Marta/Irene/Irene_0424_Viejos machos/PR_0424/ID33L_0424_PR10x.czi,AE-biomaGUNE-0424,Irene,Marta,0424,33,ID33L_0424_PR10x.czi,tissue,CELL_ID33L_0424_PR10x.czi,Historical drive ingest 2026 (drive2_MFB-Disco-2); project / researcher / operator / subject decided per file before ingest (tasks/drives_ingest_dryrun_review.md). Claim: CONFIRMED.,32883d74cb3ad028db2ba2b1e32f0005aadf785a982287dd8194cab44f791ec5,CONFIRMED
drive2_MFB-Disco-2/CELL OBSERVER 2/Marta/Irene/Irene_0424_Viejos machos/PR_0424/ID33L_0424_PR10x_POL.czi,AE-biomaGUNE-0424,Irene,Marta,0424,33,ID33L_0424_PR10x_POL.czi,tissue,CELL_ID33L_0424_PR10x_POL.czi,Historical drive ingest 2026 (drive2_MFB-Disco-2); project / researcher / operator / subject decided per file before ingest (tasks/drives_ingest_dryrun_review.md). Claim: CONFIRMED.,f0573052f99de4c89a588523cf95c3bdfe78f12279dd2790eb1feaeeada7b56b,CONFIRMED
drive2_MFB-Disco-2/CELL OBSERVER 2/Marta/Irene/Irene_0424_Viejos machos/PR_0424/ID34L_0424_PR10x.czi,AE-biomaGUNE-0424,Irene,Marta,0424,34,ID34L_0424_PR10x.czi,tissue,CELL_ID34L_0424_PR10x.czi,Historical drive ingest 2026 (drive2_MFB-Disco-2); project / researcher / operator / subject decided per file before ingest (tasks/drives_ingest_dryrun_review.md). Claim: CONFIRMED.,cc41133a302b6d621a73893f15c860e22f476eb0b9ec8fc90600b83db45a891e,CONFIRMED
drive2_MFB-Disco-2/CELL OBSERVER 2/Marta/Irene/Irene_0424_Viejos machos/PR_0424/ID34L_0424_PR10x_POL.czi,AE-biomaGUNE-0424,Irene,Marta,0424,34,ID34L_0424_PR10x_POL.czi,tissue,CELL_ID34L_0424_PR10x_POL.czi,Historical drive ingest 2026 (drive2_MFB-Disco-2); project / researcher / operator / subject decided per file before ingest (tasks/drives_ingest_dryrun_review.md). Claim: CONFIRMED.,4ba060640665c85e116ddf996eb57a6b81ef3d0ce06aa795c9f73eb739796724,CONFIRMED
drive2_MFB-Disco-2/CELL OBSERVER 2/Marta/Irene/Irene_0424_Viejos machos/PR_0424/ID35L_0424_PR10x.czi,AE-biomaGUNE-0424,Irene,Marta,0424,35,ID35L_0424_PR10x.czi,tissue,CELL_ID35L_0424_PR10x.czi,Historical drive ingest 2026 (drive2_MFB-Disco-2); project / researcher / operator / subject decided per file before ingest (tasks/drives_ingest_dryrun_review.md). Claim: CONFIRMED.,0e2ebabcca29f599f9d14b0668c57402ab08ad2d2e9408b5021215fe4f7add4a,CONFIRMED
drive2_MFB-Disco-2/CELL OBSERVER 2/Marta/Irene/Irene_0424_Viejos machos/PR_0424/ID35L_0424_PR10x_POL.czi,AE-biomaGUNE-0424,Irene,Marta,0424,35,ID35L_0424_PR10x_POL.czi,tissue,CELL_ID35L_0424_PR10x_POL.czi,Historical drive ingest 2026 (drive2_MFB-Disco-2); project / researcher / operator / subject decided per file before ingest (tasks/drives_ingest_dryrun_review.md). Claim: CONFIRMED.,ec54733c1b63967008396a2bc3b3b7d8c726ac0f34bf26ca7a8fe9a1f429ce13,CONFIRMED
drive2_MFB-Disco-2/CELL OBSERVER 2/Marta/Irene/Irene_0424_Viejos machos/PR_0424/ID36L_0424_PR10x.czi,AE-biomaGUNE-0424,Irene,Marta,0424,36,ID36L_0424_PR10x.czi,tissue,CELL_ID36L_0424_PR10x.czi,Historical drive ingest 2026 (drive2_MFB-Disco-2); project / researcher / operator / subject decided per file before ingest (tasks/drives_ingest_dryrun_review.md). Claim: CONFIRMED.,81e7b1b6c0ba9f642f799134fc17973b55786bf69b8171aee0e9cff2aeaf4944,CONFIRMED
drive2_MFB-Disco-2/CELL OBSERVER 2/Marta/Irene/Irene_0424_Viejos machos/PR_0424/ID36L_0424_PR10x_POL.czi,AE-biomaGUNE-0424,Irene,Marta,0424,36,ID36L_0424_PR10x_POL.czi,tissue,CELL_ID36L_0424_PR10x_POL.czi,Historical drive ingest 2026 (drive2_MFB-Disco-2); project / researcher / operator / subject decided per file before ingest (tasks/drives_ingest_dryrun_review.md). Claim: CONFIRMED.,c5dec18932a7b195922d457e287422af2165d7b13cbbbb19c13f127292b86bce,CONFIRMED
drive2_MFB-Disco-2/CELL OBSERVER 2/Marta/Irene/Irene_0424_Viejos machos/PR_0424/ID37H_0424_PR10x.czi,AE-biomaGUNE-0424,Irene,Marta,0424,37,ID37H_0424_PR10x.czi,tissue,CELL_ID37H_0424_PR10x.czi,Historical drive ingest 2026 (drive2_MFB-Disco-2); project / researcher / operator / subject decided per file before ingest (tasks/drives_ingest_dryrun_review.md). Claim: CONFIRMED.,68d184dbd190333bb217ec49dff1971d52cce28dbc92a5be95f57881332304a2,CONFIRMED
drive2_MFB-Disco-2/CELL OBSERVER 2/Marta/Irene/Irene_0424_Viejos machos/PR_0424/ID37H_0424_PR10x_POL.czi,AE-biomaGUNE-0424,Irene,Marta,0424,37,ID37H_0424_PR10x_POL.czi,tissue,CELL_ID37H_0424_PR10x_POL.czi,Historical drive ingest 2026 (drive2_MFB-Disco-2); project / researcher / operator / subject decided per file before ingest (tasks/drives_ingest_dryrun_review.md). Claim: CONFIRMED.,e816e1ad291562b9c425051119fa37c3fb5bc6c73a7d3e44c5d4fda40626f709,CONFIRMED
drive2_MFB-Disco-2/CELL OBSERVER 2/Marta/Irene/Irene_0424_Viejos machos/PR_0424/ID38L_0424_PR10x.czi,AE-biomaGUNE-0424,Irene,Marta,0424,38,ID38L_0424_PR10x.czi,tissue,CELL_ID38L_0424_PR10x.czi,Historical drive ingest 2026 (drive2_MFB-Disco-2); project / researcher / operator / subject decided per file before ingest (tasks/drives_ingest_dryrun_review.md). Claim: CONFIRMED.,ed76fb703131679a6a72d3bbdce463bf3c39cbaab57582b6c0a0547935c72178,CONFIRMED
drive2_MFB-Disco-2/CELL OBSERVER 2/Marta/Irene/Irene_0424_Viejos machos/PR_0424/ID38L_0424_PR10x_POL.czi,AE-biomaGUNE-0424,Irene,Marta,0424,38,ID38L_0424_PR10x_POL.czi,tissue,CELL_ID38L_0424_PR10x_POL.czi,Historical drive ingest 2026 (drive2_MFB-Disco-2); project / researcher / operator / subject decided per file before ingest (tasks/drives_ingest_dryrun_review.md). Claim: CONFIRMED.,44ea3d80e2e09ba02b1662e6f16aa784a8434d74fb1b951af1d34b147cf6983d,CONFIRMED
drive2_MFB-Disco-2/CELL OBSERVER 2/Marta/Irene/Irene_0424_Viejos machos/PR_0424/ID39L_0424_PR10x.czi,AE-biomaGUNE-0424,Irene,Marta,0424,39,ID39L_0424_PR10x.czi,tissue,CELL_ID39L_0424_PR10x.czi,Historical drive ingest 2026 (drive2_MFB-Disco-2); project / researcher / operator / subject decided per file before ingest (tasks/drives_ingest_dryrun_review.md). Claim: CONFIRMED.,5dd3a2d332667af25f401112870ea0aabcfc5765eabcc1b95a73e8a799b756c2,CONFIRMED
drive2_MFB-Disco-2/CELL OBSERVER 2/Marta/Irene/Irene_0424_Viejos machos/PR_0424/ID39L_0424_PR10x_POL.czi,AE-biomaGUNE-0424,Irene,Marta,0424,39,ID39L_0424_PR10x_POL.czi,tissue,CELL_ID39L_0424_PR10x_POL.czi,Historical drive ingest 2026 (drive2_MFB-Disco-2); project / researcher / operator / subject decided per file before ingest (tasks/drives_ingest_dryrun_review.md). Claim: CONFIRMED.,5719e73c23c056e4e6073d25ae9ad5f707eded953cf48de2a31a3ee81a42ce25,CONFIRMED
drive2_MFB-Disco-2/CELL OBSERVER 2/Marta/Irene/Irene_0424_Viejos machos/PR_0424/ID41H_0424_PR10x.czi,AE-biomaGUNE-0424,Irene,Marta,0424,41,ID41H_0424_PR10x.czi,tissue,CELL_ID41H_0424_PR10x.czi,Historical drive ingest 2026 (drive2_MFB-Disco-2); project / researcher / operator / subject decided per file before ingest (tasks/drives_ingest_dryrun_review.md). Claim: CONFIRMED.,9d34bd2a95780c6963d7f86f48c4e6a7b62665194150a40a6767c980ce12ffea,CONFIRMED
drive2_MFB-Disco-2/CELL OBSERVER 2/Marta/Irene/Irene_0424_Viejos machos/PR_0424/ID41H_0424_PR10x_POL.czi,AE-biomaGUNE-0424,Irene,Marta,0424,41,ID41H_0424_PR10x_POL.czi,tissue,CELL_ID41H_0424_PR10x_POL.czi,Historical drive ingest 2026 (drive2_MFB-Disco-2); project / researcher / operator / subject decided per file before ingest (tasks/drives_ingest_dryrun_review.md). Claim: CONFIRMED.,3924acc0f499bdea0be67a90403035d4f71a1b0867c1597e0186abd9211db188,CONFIRMED
drive2_MFB-Disco-2/CELL OBSERVER 2/Marta/Irene/Irene_0424_Viejos machos/PR_0424/ID43H_0424_PR10x.czi,AE-biomaGUNE-0424,Irene,Marta,0424,43,ID43H_0424_PR10x.czi,tissue,CELL_ID43H_0424_PR10x.czi,Historical drive ingest 2026 (drive2_MFB-Disco-2); project / researcher / operator / subject decided per file before ingest (tasks/drives_ingest_dryrun_review.md). Claim: CONFIRMED.,4dd552e0ccbe876cb54608c24e30be974fc36b70ee7e670f8e52bd9976f8fab7,CONFIRMED
drive2_MFB-Disco-2/CELL OBSERVER 2/Marta/Irene/Irene_0424_Viejos machos/PR_0424/ID43H_0424_PR10x_POL.czi,AE-biomaGUNE-0424,Irene,Marta,0424,43,ID43H_0424_PR10x_POL.czi,tissue,CELL_ID43H_0424_PR10x_POL.czi,Historical drive ingest 2026 (drive2_MFB-Disco-2); project / researcher / operator / subject decided per file before ingest (tasks/drives_ingest_dryrun_review.md). Claim: CONFIRMED.,1f07eff40fed2ea705bb683a87168dd14cb96be232db77834195b8609ddeca7b,CONFIRMED
drive2_MFB-Disco-2/CELL OBSERVER 2/Marta/Irene/Irene_0424_Viejos machos/PR_0424/ID44L_0424_PR10x.czi,AE-biomaGUNE-0424,Irene,Marta,0424,44,ID44L_0424_PR10x.czi,tissue,CELL_ID44L_0424_PR10x.czi,Historical drive ingest 2026 (drive2_MFB-Disco-2); project / researcher / operator / subject decided per file before ingest (tasks/drives_ingest_dryrun_review.md). Claim: CONFIRMED.,b0c4831a2c1714962862acfd125c7b8b102f1d1a082a3d5d5eb782cd23a4dadf,CONFIRMED
drive2_MFB-Disco-2/CELL OBSERVER 2/Marta/Irene/Irene_0424_Viejos machos/PR_0424/ID44L_0424_PR10x_POL.czi,AE-biomaGUNE-0424,Irene,Marta,0424,44,ID44L_0424_PR10x_POL.czi,tissue,CELL_ID44L_0424_PR10x_POL.czi,Historical drive ingest 2026 (drive2_MFB-Disco-2); project / researcher / operator / subject decided per file before ingest (tasks/drives_ingest_dryrun_review.md). Claim: CONFIRMED.,b1fcdb7d1cb7546719d16a0448407c34b93031863aa9133249f63a45ee229d65,CONFIRMED
drive2_MFB-Disco-2/CELL OBSERVER 2/Marta/Irene/Irene_0424_Viejos machos/TMasson_0424/ID29H_0424_TM10x.czi,AE-biomaGUNE-0424,Irene,Marta,0424,29,ID29H_0424_TM10x.czi,tissue,CELL_ID29H_0424_TM10x.czi,Historical drive ingest 2026 (drive2_MFB-Disco-2); project / researcher / operator / subject decided per file before ingest (tasks/drives_ingest_dryrun_review.md). Claim: CONFIRMED.,f71afb4c107bbf71dc864abe95fe8595fc17cb6fb443f226b4ba0c326259bc37,CONFIRMED
drive2_MFB-Disco-2/CELL OBSERVER 2/Marta/Irene/Irene_0424_Viejos machos/TMasson_0424/ID30H_0424_TM10x.czi,AE-biomaGUNE-0424,Irene,Marta,0424,30,ID30H_0424_TM10x.czi,tissue,CELL_ID30H_0424_TM10x.czi,Historical drive ingest 2026 (drive2_MFB-Disco-2); project / researcher / operator / subject decided per file before ingest (tasks/drives_ingest_dryrun_review.md). Claim: CONFIRMED.,3977340d8eaaa286569eeeb53dbc602a50d43948015253fc0444aadd55f54d2b,CONFIRMED
drive2_MFB-Disco-2/CELL OBSERVER 2/Marta/Irene/Irene_0424_Viejos machos/TMasson_0424/ID31H_0424_TM10x.czi,AE-biomaGUNE-0424,Irene,Marta,0424,31,ID31H_0424_TM10x.czi,tissue,CELL_ID31H_0424_TM10x.czi,Historical drive ingest 2026 (drive2_MFB-Disco-2); project / researcher / operator / subject decided per file before ingest (tasks/drives_ingest_dryrun_review.md). Claim: CONFIRMED.,02827548b4bdcb0a3f56ce9977485a9cf672e69f09fa6b1eec2e444345367fbb,CONFIRMED
drive2_MFB-Disco-2/CELL OBSERVER 2/Marta/Irene/Irene_0424_Viejos machos/TMasson_0424/ID33L_0424_TM10x.czi,AE-biomaGUNE-0424,Irene,Marta,0424,33,ID33L_0424_TM10x.czi,tissue,CELL_ID33L_0424_TM10x.czi,Historical drive ingest 2026 (drive2_MFB-Disco-2); project / researcher / operator / subject decided per file before ingest (tasks/drives_ingest_dryrun_review.md). Claim: CONFIRMED.,937668a065b6cf8b11507cee26ec7aacf1dc0c5d58afe321561fdfe8e0c25db8,CONFIRMED
drive2_MFB-Disco-2/CELL OBSERVER 2/Marta/Irene/Irene_0424_Viejos machos/TMasson_0424/ID34L_0424_TM10x.czi,AE-biomaGUNE-0424,Irene,Marta,0424,34,ID34L_0424_TM10x.czi,tissue,CELL_ID34L_0424_TM10x.czi,Historical drive ingest 2026 (drive2_MFB-Disco-2); project / researcher / operator / subject decided per file before ingest (tasks/drives_ingest_dryrun_review.md). Claim: CONFIRMED.,a9ad03ec430f3bb2519e31112f1680f6499881ae7dc1b7c195fe07bfd73f9b1d,CONFIRMED
drive2_MFB-Disco-2/CELL OBSERVER 2/Marta/Irene/Irene_0424_Viejos machos/TMasson_0424/ID35L_0424_TM10x.czi,AE-biomaGUNE-0424,Irene,Marta,0424,35,ID35L_0424_TM10x.czi,tissue,CELL_ID35L_0424_TM10x.czi,Historical drive ingest 2026 (drive2_MFB-Disco-2); project / researcher / operator / subject decided per file before ingest (tasks/drives_ingest_dryrun_review.md). Claim: CONFIRMED.,50c7346f14fb550446783cb59e6bcf99205fb9d2778a6697102168198324e4fe,CONFIRMED
drive2_MFB-Disco-2/CELL OBSERVER 2/Marta/Irene/Irene_0424_Viejos machos/TMasson_0424/ID36L_0424_TM10x.czi,AE-biomaGUNE-0424,Irene,Marta,0424,36,ID36L_0424_TM10x.czi,tissue,CELL_ID36L_0424_TM10x.czi,Historical drive ingest 2026 (drive2_MFB-Disco-2); project / researcher / operator / subject decided per file before ingest (tasks/drives_ingest_dryrun_review.md). Claim: CONFIRMED.,3ad50ef1de16cba88b8345552aa936ea2ee5fdd93b382d0ef440494f8451be05,CONFIRMED
drive2_MFB-Disco-2/CELL OBSERVER 2/Marta/Irene/Irene_0424_Viejos machos/TMasson_0424/ID37H_0424_TM10x.czi,AE-biomaGUNE-0424,Irene,Marta,0424,37,ID37H_0424_TM10x.czi,tissue,CELL_ID37H_0424_TM10x.czi,Historical drive ingest 2026 (drive2_MFB-Disco-2); project / researcher / operator / subject decided per file before ingest (tasks/drives_ingest_dryrun_review.md). Claim: CONFIRMED.,c7e9e4921f2e9c82488e878d67da2162cf033bc147cd60c3d8c30f10650a7c98,CONFIRMED
drive2_MFB-Disco-2/CELL OBSERVER 2/Marta/Irene/Irene_0424_Viejos machos/TMasson_0424/ID38L_0424_TM10x.czi,AE-biomaGUNE-0424,Irene,Marta,0424,38,ID38L_0424_TM10x.czi,tissue,CELL_ID38L_0424_TM10x.czi,Historical drive ingest 2026 (drive2_MFB-Disco-2); project / researcher / operator / subject decided per file before ingest (tasks/drives_ingest_dryrun_review.md). Claim: CONFIRMED.,9200629c3a0c833788cd9e33f235c7efeb094e1b989a2353b77912af02d67351,CONFIRMED
drive2_MFB-Disco-2/CELL OBSERVER 2/Marta/Irene/Irene_0424_Viejos machos/TMasson_0424/ID39L_0424_TM10x.czi,AE-biomaGUNE-0424,Irene,Marta,0424,39,ID39L_0424_TM10x.czi,tissue,CELL_ID39L_0424_TM10x.czi,Historical drive ingest 2026 (drive2_MFB-Disco-2); project / researcher / operator / subject decided per file before ingest (tasks/drives_ingest_dryrun_review.md). Claim: CONFIRMED.,da8876a37766687d1f90b08d5ff133e373dfc27469b59fbf61beff898a2cf34b,CONFIRMED
drive2_MFB-Disco-2/CELL OBSERVER 2/Marta/Irene/Irene_0424_Viejos machos/TMasson_0424/ID41H_0424_TM10x.czi,AE-biomaGUNE-0424,Irene,Marta,0424,41,ID41H_0424_TM10x.czi,tissue,CELL_ID41H_0424_TM10x.czi,Historical drive ingest 2026 (drive2_MFB-Disco-2); project / researcher / operator / subject decided per file before ingest (tasks/drives_ingest_dryrun_review.md). Claim: CONFIRMED.,02f5bf18e589289d8a1b3a7eeeb47bfc811c0b1f7e01ca98df76a3e6071f8812,CONFIRMED
drive2_MFB-Disco-2/CELL OBSERVER 2/Marta/Irene/Irene_0424_Viejos machos/TMasson_0424/ID43H_0424_TM10x.czi,AE-biomaGUNE-0424,Irene,Marta,0424,43,ID43H_0424_TM10x.czi,tissue,CELL_ID43H_0424_TM10x.czi,Historical drive ingest 2026 (drive2_MFB-Disco-2); project / researcher / operator / subject decided per file before ingest (tasks/drives_ingest_dryrun_review.md). Claim: CONFIRMED.,0128761f22e4883e01d2c57eaa95fe351b765049a25623caccf33b488c384d95,CONFIRMED
drive2_MFB-Disco-2/CELL OBSERVER 2/Marta/Irene/Irene_0424_Viejos machos/TMasson_0424/ID44L_0424_TM10x.czi,AE-biomaGUNE-0424,Irene,Marta,0424,44,ID44L_0424_TM10x.czi,tissue,CELL_ID44L_0424_TM10x.czi,Historical drive ingest 2026 (drive2_MFB-Disco-2); project / researcher / operator / subject decided per file before ingest (tasks/drives_ingest_dryrun_review.md). Claim: CONFIRMED.,4d947540d0c07fb7e983fc6f2a56affb87273835402e410735920e683363db87,CONFIRMED
drive2_MFB-Disco-2/CELL OBSERVER 2/Marta/Irene/Irene_0522_Metfor/Cell Obs_0522/ES_0522/ID144L_0522_ES20x-1.czi,AE-biomaGUNE-0522,Irene,Marta,0522,144,ID144L_0522_ES20x-1.czi,tissue,CELL_ID144L_0522_ES20x-1.czi,Historical drive ingest 2026 (drive2_MFB-Disco-2); project / researcher / operator / subject decided per file before ingest (tasks/drives_ingest_dryrun_review.md). Claim: CONFIRMED.,6b390446fbdccb79f4c907fe65fa355cd764fb2d0209326467811f2595b64bef,CONFIRMED
drive2_MFB-Disco-2/CELL OBSERVER 2/Marta/Irene/Irene_0522_Metfor/Cell Obs_0522/ES_0522/ID144L_0522_ES20x-2.czi,AE-biomaGUNE-0522,Irene,Marta,0522,144,ID144L_0522_ES20x-2.czi,tissue,CELL_ID144L_0522_ES20x-2.czi,Historical drive ingest 2026 (drive2_MFB-Disco-2); project / researcher / operator / subject decided per file before ingest (tasks/drives_ingest_dryrun_review.md). Claim: CONFIRMED.,eb889d20cb6e05b79ce6b4eb48522cd8b2643431c1526586fcd05b9462f9cf9b,CONFIRMED
drive2_MFB-Disco-2/CELL OBSERVER 2/Marta/Irene/Irene_0522_Metfor/Cell Obs_0522/ES_0522/ID144L_0522_ES20x-3.czi,AE-biomaGUNE-0522,Irene,Marta,0522,144,ID144L_0522_ES20x-3.czi,tissue,CELL_ID144L_0522_ES20x-3.czi,Historical drive ingest 2026 (drive2_MFB-Disco-2); project / researcher / operator / subject decided per file before ingest (tasks/drives_ingest_dryrun_review.md). Claim: CONFIRMED.,2f2cb87a93c6da5b15ad9f5602b5b8ff4926e637866236ff209e22e0a2ba9100,CONFIRMED
drive2_MFB-Disco-2/CELL OBSERVER 2/Marta/Irene/Irene_0522_Metfor/Cell Obs_0522/ES_0522/ID144L_0522_ES20x-4.czi,AE-biomaGUNE-0522,Irene,Marta,0522,144,ID144L_0522_ES20x-4.czi,tissue,CELL_ID144L_0522_ES20x-4.czi,Historical drive ingest 2026 (drive2_MFB-Disco-2); project / researcher / operator / subject decided per file before ingest (tasks/drives_ingest_dryrun_review.md). Claim: CONFIRMED.,0e04f166ceecc8f2241625c3e4d991ebdb41fd5f2b97380fb4799c580280e091,CONFIRMED
drive2_MFB-Disco-2/CELL OBSERVER 2/Marta/Irene/Irene_0522_Metfor/Cell Obs_0522/ES_0522/ID144L_0522_ES20x-5.czi,AE-biomaGUNE-0522,Irene,Marta,0522,144,ID144L_0522_ES20x-5.czi,tissue,CELL_ID144L_0522_ES20x-5.czi,Historical drive ingest 2026 (drive2_MFB-Disco-2); project / researcher / operator / subject decided per file before ingest (tasks/drives_ingest_dryrun_review.md). Claim: CONFIRMED.,55ad2c16f9f45996a6ede61cefb2df02cf773a82cd88bcc8887f2f3a873ad270,CONFIRMED
drive2_MFB-Disco-2/CELL OBSERVER 2/Marta/Irene/Irene_0522_Metfor/Cell Obs_0522/ES_0522/ID144L_0522_ES20x-6.czi,AE-biomaGUNE-0522,Irene,Marta,0522,144,ID144L_0522_ES20x-6.czi,tissue,CELL_ID144L_0522_ES20x-6.czi,Historical drive ingest 2026 (drive2_MFB-Disco-2); project / researcher / operator / subject decided per file before ingest (tasks/drives_ingest_dryrun_review.md). Claim: CONFIRMED.,5489f04184371a7f93819c23759d5923a599b8e847d409acd06759839fe1ff0a,CONFIRMED
drive2_MFB-Disco-2/CELL OBSERVER 2/Marta/Irene/Irene_0522_Metfor/Cell Obs_0522/ES_0522/ID144L_0522_ES20x-7.czi,AE-biomaGUNE-0522,Irene,Marta,0522,144,ID144L_0522_ES20x-7.czi,tissue,CELL_ID144L_0522_ES20x-7.czi,Historical drive ingest 2026 (drive2_MFB-Disco-2); project / researcher / operator / subject decided per file before ingest (tasks/drives_ingest_dryrun_review.md). Claim: CONFIRMED.,e60533df0d54215175eed023850cb74f4a2eaac982db86c9714f1a30aa94ac2b,CONFIRMED
drive2_MFB-Disco-2/CELL OBSERVER 2/Marta/Irene/Irene_0522_Metfor/Cell Obs_0522/ES_0522/ID144L_0522_ES20x-8.czi,AE-biomaGUNE-0522,Irene,Marta,0522,144,ID144L_0522_ES20x-8.czi,tissue,CELL_ID144L_0522_ES20x-8.czi,Historical drive ingest 2026 (drive2_MFB-Disco-2); project / researcher / operator / subject decided per file before ingest (tasks/drives_ingest_dryrun_review.md). Claim: CONFIRMED.,611ee0a361a6b250b91e79e3773bc5a1f7c609066f7e8df4e3004db991824b1d,CONFIRMED
drive2_MFB-Disco-2/CELL OBSERVER 2/Marta/Irene/Irene_0522_Metfor/Cell Obs_0522/ES_0522/ID149L_0522_ES20x-1.czi,AE-biomaGUNE-0522,Irene,Marta,0522,149,ID149L_0522_ES20x-1.czi,tissue,CELL_ID149L_0522_ES20x-1.czi,Historical drive ingest 2026 (drive2_MFB-Disco-2); project / researcher / operator / subject decided per file before ingest (tasks/drives_ingest_dryrun_review.md). Claim: CONFIRMED.,95e72d83c3fdbd07acd9a4283cc006c5ad77250dfa0033cdf596701cf16ac797,CONFIRMED
drive2_MFB-Disco-2/CELL OBSERVER 2/Marta/Irene/Irene_0522_Metfor/Cell Obs_0522/ES_0522/ID149L_0522_ES20x-2.czi,AE-biomaGUNE-0522,Irene,Marta,0522,149,ID149L_0522_ES20x-2.czi,tissue,CELL_ID149L_0522_ES20x-2.czi,Historical drive ingest 2026 (drive2_MFB-Disco-2); project / researcher / operator / subject decided per file before ingest (tasks/drives_ingest_dryrun_review.md). Claim: CONFIRMED.,d4ebb0f13e908207418f2eb86baa84742ab85ae4fd262bd6f32498090bea3bb4,CONFIRMED
drive2_MFB-Disco-2/CELL OBSERVER 2/Marta/Irene/Irene_0522_Metfor/Cell Obs_0522/ES_0522/ID149L_0522_ES20x-3.czi,AE-biomaGUNE-0522,Irene,Marta,0522,149,ID149L_0522_ES20x-3.czi,tissue,CELL_ID149L_0522_ES20x-3.czi,Historical drive ingest 2026 (drive2_MFB-Disco-2); project / researcher / operator / subject decided per file before ingest (tasks/drives_ingest_dryrun_review.md). Claim: CONFIRMED.,aa155aa758360ee5b3554c19ee55b7d7b09742b33640bbeb3c3daaa17a72360b,CONFIRMED
drive2_MFB-Disco-2/CELL OBSERVER 2/Marta/Irene/Irene_0522_Metfor/Cell Obs_0522/ES_0522/ID149L_0522_ES20x-4.czi,AE-biomaGUNE-0522,Irene,Marta,0522,149,ID149L_0522_ES20x-4.czi,tissue,CELL_ID149L_0522_ES20x-4.czi,Historical drive ingest 2026 (drive2_MFB-Disco-2); project / researcher / operator / subject decided per file before ingest (tasks/drives_ingest_dryrun_review.md). Claim: CONFIRMED.,b338a9fae960767353c24bad06130e91d989970150bf334b3cbbc76924d9b10e,CONFIRMED
drive2_MFB-Disco-2/CELL OBSERVER 2/Marta/Irene/Irene_0522_Metfor/Cell Obs_0522/ES_0522/ID149L_0522_ES20x-5.czi,AE-biomaGUNE-0522,Irene,Marta,0522,149,ID149L_0522_ES20x-5.czi,tissue,CELL_ID149L_0522_ES20x-5.czi,Historical drive ingest 2026 (drive2_MFB-Disco-2); project / researcher / operator / subject decided per file before ingest (tasks/drives_ingest_dryrun_review.md). Claim: CONFIRMED.,87fa9ab7727f89a1c175177770b653126de1b4a0ff841ff7055db5bc18beb6d5,CONFIRMED
drive2_MFB-Disco-2/CELL OBSERVER 2/Marta/Irene/Irene_0522_Metfor/Cell Obs_0522/ES_0522/ID149L_0522_ES20x-6.czi,AE-biomaGUNE-0522,Irene,Marta,0522,149,ID149L_0522_ES20x-6.czi,tissue,CELL_ID149L_0522_ES20x-6.czi,Historical drive ingest 2026 (drive2_MFB-Disco-2); project / researcher / operator / subject decided per file before ingest (tasks/drives_ingest_dryrun_review.md). Claim: CONFIRMED.,87670a3595a8cdc7dfbe88429e239f785454c3d123b2d0b0cd5a1b019bea8bd1,CONFIRMED
drive2_MFB-Disco-2/CELL OBSERVER 2/Marta/Irene/Irene_0522_Metfor/Cell Obs_0522/ES_0522/ID149L_0522_ES20x-7.czi,AE-biomaGUNE-0522,Irene,Marta,0522,149,ID149L_0522_ES20x-7.czi,tissue,CELL_ID149L_0522_ES20x-7.czi,Historical drive ingest 2026 (drive2_MFB-Disco-2); project / researcher / operator / subject decided per file before ingest (tasks/drives_ingest_dryrun_review.md). Claim: CONFIRMED.,e0a65b41e0689790eb070e137acf410eb1ab3d5b1050fa3966c4b6cf440891e8,CONFIRMED
drive2_MFB-Disco-2/CELL OBSERVER 2/Marta/Irene/Irene_0522_Metfor/Cell Obs_0522/ES_0522/ID149L_0522_ES20x-8.czi,AE-biomaGUNE-0522,Irene,Marta,0522,149,ID149L_0522_ES20x-8.czi,tissue,CELL_ID149L_0522_ES20x-8.czi,Historical drive ingest 2026 (drive2_MFB-Disco-2); project / researcher / operator / subject decided per file before ingest (tasks/drives_ingest_dryrun_review.md). Claim: CONFIRMED.,69d0a74fb1256bb4df53f5ec2d4b0b87914e1369f48cdbf69a6332ef3b7c35d9,CONFIRMED
drive2_MFB-Disco-2/CELL OBSERVER 2/Marta/Irene/Irene_0522_Metfor/Cell Obs_0522/ES_0522/ID149L_0522_ES20x-9.czi,AE-biomaGUNE-0522,Irene,Marta,0522,149,ID149L_0522_ES20x-9.czi,tissue,CELL_ID149L_0522_ES20x-9.czi,Historical drive ingest 2026 (drive2_MFB-Disco-2); project / researcher / operator / subject decided per file before ingest (tasks/drives_ingest_dryrun_review.md). Claim: CONFIRMED.,dc0162b9007cb96129d708be21b1d47e50e48b6d1140b2c0d67634b59311e370,CONFIRMED
drive2_MFB-Disco-2/CELL OBSERVER 2/Marta/Irene/Irene_0522_Metfor/Cell Obs_0522/ES_0522/ID150L_0522_ES20x-1.czi,AE-biomaGUNE-0522,Irene,Marta,0522,150,ID150L_0522_ES20x-1.czi,tissue,CELL_ID150L_0522_ES20x-1.czi,Historical drive ingest 2026 (drive2_MFB-Disco-2); project / researcher / operator / subject decided per file before ingest (tasks/drives_ingest_dryrun_review.md). Claim: CONFIRMED.,9931c904ecc280384dae8b0cfc675597df493f21f9ffc0a920e0595940fd2bff,CONFIRMED
drive2_MFB-Disco-2/CELL OBSERVER 2/Marta/Irene/Irene_0522_Metfor/Cell Obs_0522/ES_0522/ID150L_0522_ES20x-10.czi,AE-biomaGUNE-0522,Irene,Marta,0522,150,ID150L_0522_ES20x-10.czi,tissue,CELL_ID150L_0522_ES20x-10.czi,Historical drive ingest 2026 (drive2_MFB-Disco-2); project / researcher / operator / subject decided per file before ingest (tasks/drives_ingest_dryrun_review.md). Claim: CONFIRMED.,d87d09d69b5c6b5195971ec8124710203e846c25fb01a4bddcb9781461c0a87d,CONFIRMED
drive2_MFB-Disco-2/CELL OBSERVER 2/Marta/Irene/Irene_0522_Metfor/Cell Obs_0522/ES_0522/ID150L_0522_ES20x-11.czi,AE-biomaGUNE-0522,Irene,Marta,0522,150,ID150L_0522_ES20x-11.czi,tissue,CELL_ID150L_0522_ES20x-11.czi,Historical drive ingest 2026 (drive2_MFB-Disco-2); project / researcher / operator / subject decided per file before ingest (tasks/drives_ingest_dryrun_review.md). Claim: CONFIRMED.,72d76d9900a6c034fb93abb8f071dc310663ea9573c93cd8c6a78d201f9e4f36,CONFIRMED
drive2_MFB-Disco-2/CELL OBSERVER 2/Marta/Irene/Irene_0522_Metfor/Cell Obs_0522/ES_0522/ID150L_0522_ES20x-12.czi,AE-biomaGUNE-0522,Irene,Marta,0522,150,ID150L_0522_ES20x-12.czi,tissue,CELL_ID150L_0522_ES20x-12.czi,Historical drive ingest 2026 (drive2_MFB-Disco-2); project / researcher / operator / subject decided per file before ingest (tasks/drives_ingest_dryrun_review.md). Claim: CONFIRMED.,3dd315ca4ac43f4153d86b5288812a78a308a8a2e583f258f7b312226c620c81,CONFIRMED
drive2_MFB-Disco-2/CELL OBSERVER 2/Marta/Irene/Irene_0522_Metfor/Cell Obs_0522/ES_0522/ID150L_0522_ES20x-13.czi,AE-biomaGUNE-0522,Irene,Marta,0522,150,ID150L_0522_ES20x-13.czi,tissue,CELL_ID150L_0522_ES20x-13.czi,Historical drive ingest 2026 (drive2_MFB-Disco-2); project / researcher / operator / subject decided per file before ingest (tasks/drives_ingest_dryrun_review.md). Claim: CONFIRMED.,2bf856be1df364d89a84c2cfbd26aef8ebd8f44367254159353c131b98886398,CONFIRMED
drive2_MFB-Disco-2/CELL OBSERVER 2/Marta/Irene/Irene_0522_Metfor/Cell Obs_0522/ES_0522/ID150L_0522_ES20x-2.czi,AE-biomaGUNE-0522,Irene,Marta,0522,150,ID150L_0522_ES20x-2.czi,tissue,CELL_ID150L_0522_ES20x-2.czi,Historical drive ingest 2026 (drive2_MFB-Disco-2); project / researcher / operator / subject decided per file before ingest (tasks/drives_ingest_dryrun_review.md). Claim: CONFIRMED.,93eff468135343ae5326ef28706149a229bb5725122995da0043f731db717652,CONFIRMED
drive2_MFB-Disco-2/CELL OBSERVER 2/Marta/Irene/Irene_0522_Metfor/Cell Obs_0522/ES_0522/ID150L_0522_ES20x-3.czi,AE-biomaGUNE-0522,Irene,Marta,0522,150,ID150L_0522_ES20x-3.czi,tissue,CELL_ID150L_0522_ES20x-3.czi,Historical drive ingest 2026 (drive2_MFB-Disco-2); project / researcher / operator / subject decided per file before ingest (tasks/drives_ingest_dryrun_review.md). Claim: CONFIRMED.,4c00afc5df04af85ff7c15d771e9507d10d2a23536dfb8b3eb74bbba196bddc6,CONFIRMED
drive2_MFB-Disco-2/CELL OBSERVER 2/Marta/Irene/Irene_0522_Metfor/Cell Obs_0522/ES_0522/ID150L_0522_ES20x-4.czi,AE-biomaGUNE-0522,Irene,Marta,0522,150,ID150L_0522_ES20x-4.czi,tissue,CELL_ID150L_0522_ES20x-4.czi,Historical drive ingest 2026 (drive2_MFB-Disco-2); project / researcher / operator / subject decided per file before ingest (tasks/drives_ingest_dryrun_review.md). Claim: CONFIRMED.,dbb97fa310384ced25229e07eb6e17f10a1b18783a731ecf1b1591445a2ce022,CONFIRMED
drive2_MFB-Disco-2/CELL OBSERVER 2/Marta/Irene/Irene_0522_Metfor/Cell Obs_0522/ES_0522/ID150L_0522_ES20x-5.czi,AE-biomaGUNE-0522,Irene,Marta,0522,150,ID150L_0522_ES20x-5.czi,tissue,CELL_ID150L_0522_ES20x-5.czi,Historical drive ingest 2026 (drive2_MFB-Disco-2); project / researcher / operator / subject decided per file before ingest (tasks/drives_ingest_dryrun_review.md). Claim: CONFIRMED.,14d551a9f7820543627314f5eb92428318137bfc5aa6fca9c7a6928174e79728,CONFIRMED
drive2_MFB-Disco-2/CELL OBSERVER 2/Marta/Irene/Irene_0522_Metfor/Cell Obs_0522/ES_0522/ID150L_0522_ES20x-6.czi,AE-biomaGUNE-0522,Irene,Marta,0522,150,ID150L_0522_ES20x-6.czi,tissue,CELL_ID150L_0522_ES20x-6.czi,Historical drive ingest 2026 (drive2_MFB-Disco-2); project / researcher / operator / subject decided per file before ingest (tasks/drives_ingest_dryrun_review.md). Claim: CONFIRMED.,65d403f0ff86ea22affc78ada9158515f841018a2c1de31d114d74a4560b5d28,CONFIRMED
drive2_MFB-Disco-2/CELL OBSERVER 2/Marta/Irene/Irene_0522_Metfor/Cell Obs_0522/ES_0522/ID150L_0522_ES20x-7.czi,AE-biomaGUNE-0522,Irene,Marta,0522,150,ID150L_0522_ES20x-7.czi,tissue,CELL_ID150L_0522_ES20x-7.czi,Historical drive ingest 2026 (drive2_MFB-Disco-2); project / researcher / operator / subject decided per file before ingest (tasks/drives_ingest_dryrun_review.md). Claim: CONFIRMED.,a8d859e8a8437c46fcc0d97febb2499d7552af9809d305511457bd4ad3dd9d7b,CONFIRMED
drive2_MFB-Disco-2/CELL OBSERVER 2/Marta/Irene/Irene_0522_Metfor/Cell Obs_0522/ES_0522/ID150L_0522_ES20x-8.czi,AE-biomaGUNE-0522,Irene,Marta,0522,150,ID150L_0522_ES20x-8.czi,tissue,CELL_ID150L_0522_ES20x-8.czi,Historical drive ingest 2026 (drive2_MFB-Disco-2); project / researcher / operator / subject decided per file before ingest (tasks/drives_ingest_dryrun_review.md). Claim: CONFIRMED.,a13f0fab87a83b7f66d6ff6da52583bccc0ad92ea2322905d11c9b15356804dc,CONFIRMED
drive2_MFB-Disco-2/CELL OBSERVER 2/Marta/Irene/Irene_0522_Metfor/Cell Obs_0522/ES_0522/ID150L_0522_ES20x-9.czi,AE-biomaGUNE-0522,Irene,Marta,0522,150,ID150L_0522_ES20x-9.czi,tissue,CELL_ID150L_0522_ES20x-9.czi,Historical drive ingest 2026 (drive2_MFB-Disco-2); project / researcher / operator / subject decided per file before ingest (tasks/drives_ingest_dryrun_review.md). Claim: CONFIRMED.,5f23779cd0895332b39e3ba137836864f94010d673cf4ca64438cae56a5d2d96,CONFIRMED
drive2_MFB-Disco-2/CELL OBSERVER 2/Marta/Irene/Irene_0522_Metfor/Cell Obs_0522/ES_0522/ID151L_0522_ES20x-1.czi,AE-biomaGUNE-0522,Irene,Marta,0522,151,ID151L_0522_ES20x-1.czi,tissue,CELL_ID151L_0522_ES20x-1.czi,Historical drive ingest 2026 (drive2_MFB-Disco-2); project / researcher / operator / subject decided per file before ingest (tasks/drives_ingest_dryrun_review.md). Claim: CONFIRMED.,b131ddff40f05c979a8aa07ef87ee7eacfd35444e6733cd72e17da13cd10007c,CONFIRMED
drive2_MFB-Disco-2/CELL OBSERVER 2/Marta/Irene/Irene_0522_Metfor/Cell Obs_0522/ES_0522/ID151L_0522_ES20x-2.czi,AE-biomaGUNE-0522,Irene,Marta,0522,151,ID151L_0522_ES20x-2.czi,tissue,CELL_ID151L_0522_ES20x-2.czi,Historical drive ingest 2026 (drive2_MFB-Disco-2); project / researcher / operator / subject decided per file before ingest (tasks/drives_ingest_dryrun_review.md). Claim: CONFIRMED.,c2b0c3a4779339ff5e1ff95fe764c3cd76170cb522d7029140aae3cffedd5d04,CONFIRMED
drive2_MFB-Disco-2/CELL OBSERVER 2/Marta/Irene/Irene_0522_Metfor/Cell Obs_0522/ES_0522/ID151L_0522_ES20x-3.czi,AE-biomaGUNE-0522,Irene,Marta,0522,151,ID151L_0522_ES20x-3.czi,tissue,CELL_ID151L_0522_ES20x-3.czi,Historical drive ingest 2026 (drive2_MFB-Disco-2); project / researcher / operator / subject decided per file before ingest (tasks/drives_ingest_dryrun_review.md). Claim: CONFIRMED.,f5c2d52bbad6f3699e23c98a922838f578a702a6d6303144da6cfd3d001000b5,CONFIRMED
drive2_MFB-Disco-2/CELL OBSERVER 2/Marta/Irene/Irene_0522_Metfor/Cell Obs_0522/ES_0522/ID151L_0522_ES20x-4.czi,AE-biomaGUNE-0522,Irene,Marta,0522,151,ID151L_0522_ES20x-4.czi,tissue,CELL_ID151L_0522_ES20x-4.czi,Historical drive ingest 2026 (drive2_MFB-Disco-2); project / researcher / operator / subject decided per file before ingest (tasks/drives_ingest_dryrun_review.md). Claim: CONFIRMED.,0c481c2de7e73bca017fc1947b07075bc9bd86a45a155a7c1973e34f55d38a0a,CONFIRMED
drive2_MFB-Disco-2/CELL OBSERVER 2/Marta/Irene/Irene_0522_Metfor/Cell Obs_0522/ES_0522/ID151L_0522_ES20x-5.czi,AE-biomaGUNE-0522,Irene,Marta,0522,151,ID151L_0522_ES20x-5.czi,tissue,CELL_ID151L_0522_ES20x-5.czi,Historical drive ingest 2026 (drive2_MFB-Disco-2); project / researcher / operator / subject decided per file before ingest (tasks/drives_ingest_dryrun_review.md). Claim: CONFIRMED.,1fd67f02dac0fdad62619fd31f80d88e54820ff5bfa15dde4aaf60767a798e16,CONFIRMED
drive2_MFB-Disco-2/CELL OBSERVER 2/Marta/Irene/Irene_0522_Metfor/Cell Obs_0522/ES_0522/ID151L_0522_ES20x-6.czi,AE-biomaGUNE-0522,Irene,Marta,0522,151,ID151L_0522_ES20x-6.czi,tissue,CELL_ID151L_0522_ES20x-6.czi,Historical drive ingest 2026 (drive2_MFB-Disco-2); project / researcher / operator / subject decided per file before ingest (tasks/drives_ingest_dryrun_review.md). Claim: CONFIRMED.,4ac348962f79694dd10a6395cdb1d2374051bcdf04932769f404180ff71efe6f,CONFIRMED
drive2_MFB-Disco-2/CELL OBSERVER 2/Marta/Irene/Irene_0522_Metfor/Cell Obs_0522/ES_0522/ID151L_0522_ES20x-7.czi,AE-biomaGUNE-0522,Irene,Marta,0522,151,ID151L_0522_ES20x-7.czi,tissue,CELL_ID151L_0522_ES20x-7.czi,Historical drive ingest 2026 (drive2_MFB-Disco-2); project / researcher / operator / subject decided per file before ingest (tasks/drives_ingest_dryrun_review.md). Claim: CONFIRMED.,6c85fb55699be5d80c66a7398bc6d6733dbe1951cfa1fbdc44c4c2c2268e698e,CONFIRMED
drive2_MFB-Disco-2/CELL OBSERVER 2/Marta/Irene/Irene_0522_Metfor/Cell Obs_0522/ES_0522/ID151L_0522_ES20x-8.czi,AE-biomaGUNE-0522,Irene,Marta,0522,151,ID151L_0522_ES20x-8.czi,tissue,CELL_ID151L_0522_ES20x-8.czi,Historical drive ingest 2026 (drive2_MFB-Disco-2); project / researcher / operator / subject decided per file before ingest (tasks/drives_ingest_dryrun_review.md). Claim: CONFIRMED.,262c2af9fcefe2f12df22285d4737233160cf091986c43a2ec1b1b74631a8ea1,CONFIRMED
drive2_MFB-Disco-2/CELL OBSERVER 2/Marta/Irene/Irene_0522_Metfor/Cell Obs_0522/ES_0522/ID151L_0522_ES20x-9.czi,AE-biomaGUNE-0522,Irene,Marta,0522,151,ID151L_0522_ES20x-9.czi,tissue,CELL_ID151L_0522_ES20x-9.czi,Historical drive ingest 2026 (drive2_MFB-Disco-2); project / researcher / operator / subject decided per file before ingest (tasks/drives_ingest_dryrun_review.md). Claim: CONFIRMED.,7677ec9cf923e8db17ed33c0e37a7a9c6c7f022a1940a763c25cd2a460b75178,CONFIRMED
drive2_MFB-Disco-2/CELL OBSERVER 2/Marta/Irene/Irene_0522_Metfor/Cell Obs_0522/ES_0522/ID153L_0522_ES20x-1.czi,AE-biomaGUNE-0522,Irene,Marta,0522,153,ID153L_0522_ES20x-1.czi,tissue,CELL_ID153L_0522_ES20x-1.czi,Historical drive ingest 2026 (drive2_MFB-Disco-2); project / researcher / operator / subject decided per file before ingest (tasks/drives_ingest_dryrun_review.md). Claim: CONFIRMED.,c297a139ba4ae8e232677a66e7904be19452a810068ad990f2935e6778b83b6f,CONFIRMED
drive2_MFB-Disco-2/CELL OBSERVER 2/Marta/Irene/Irene_0522_Metfor/Cell Obs_0522/ES_0522/ID153L_0522_ES20x-2.czi,AE-biomaGUNE-0522,Irene,Marta,0522,153,ID153L_0522_ES20x-2.czi,tissue,CELL_ID153L_0522_ES20x-2.czi,Historical drive ingest 2026 (drive2_MFB-Disco-2); project / researcher / operator / subject decided per file before ingest (tasks/drives_ingest_dryrun_review.md). Claim: CONFIRMED.,483befc43b8acc061e3ed45e63907cc670e30b0e2ebb7fa354fa89a9d18e65be,CONFIRMED
drive2_MFB-Disco-2/CELL OBSERVER 2/Marta/Irene/Irene_0522_Metfor/Cell Obs_0522/ES_0522/ID153L_0522_ES20x-3.czi,AE-biomaGUNE-0522,Irene,Marta,0522,153,ID153L_0522_ES20x-3.czi,tissue,CELL_ID153L_0522_ES20x-3.czi,Historical drive ingest 2026 (drive2_MFB-Disco-2); project / researcher / operator / subject decided per file before ingest (tasks/drives_ingest_dryrun_review.md). Claim: CONFIRMED.,179de9616e00e4f40da15cbddc38d6dbb3f7ac17b75bc04ea9eb3a77cab03858,CONFIRMED
drive2_MFB-Disco-2/CELL OBSERVER 2/Marta/Irene/Irene_0522_Metfor/Cell Obs_0522/ES_0522/ID153L_0522_ES20x-4.czi,AE-biomaGUNE-0522,Irene,Marta,0522,153,ID153L_0522_ES20x-4.czi,tissue,CELL_ID153L_0522_ES20x-4.czi,Historical drive ingest 2026 (drive2_MFB-Disco-2); project / researcher / operator / subject decided per file before ingest (tasks/drives_ingest_dryrun_review.md). Claim: CONFIRMED.,1053717fc2213e15505bb030b04b4a2f8773772a728d978738878ba9f7b6100a,CONFIRMED
drive2_MFB-Disco-2/CELL OBSERVER 2/Marta/Irene/Irene_0522_Metfor/Cell Obs_0522/ES_0522/ID153L_0522_ES20x-5.czi,AE-biomaGUNE-0522,Irene,Marta,0522,153,ID153L_0522_ES20x-5.czi,tissue,CELL_ID153L_0522_ES20x-5.czi,Historical drive ingest 2026 (drive2_MFB-Disco-2); project / researcher / operator / subject decided per file before ingest (tasks/drives_ingest_dryrun_review.md). Claim: CONFIRMED.,e605852ea62aebf02928123e1b873ae51c6de8f1257a06d312daa478f95be303,CONFIRMED
drive2_MFB-Disco-2/CELL OBSERVER 2/Marta/Irene/Irene_0522_Metfor/Cell Obs_0522/ES_0522/ID153L_0522_ES20x-6.czi,AE-biomaGUNE-0522,Irene,Marta,0522,153,ID153L_0522_ES20x-6.czi,tissue,CELL_ID153L_0522_ES20x-6.czi,Historical drive ingest 2026 (drive2_MFB-Disco-2); project / researcher / operator / subject decided per file before ingest (tasks/drives_ingest_dryrun_review.md). Claim: CONFIRMED.,29c7bc41e189330b5d2adbe0b1931d92d4697464aab9800da9e367e4bbbaca66,CONFIRMED
drive2_MFB-Disco-2/CELL OBSERVER 2/Marta/Irene/Irene_0522_Metfor/Cell Obs_0522/ES_0522/ID153L_0522_ES20x-7.czi,AE-biomaGUNE-0522,Irene,Marta,0522,153,ID153L_0522_ES20x-7.czi,tissue,CELL_ID153L_0522_ES20x-7.czi,Historical drive ingest 2026 (drive2_MFB-Disco-2); project / researcher / operator / subject decided per file before ingest (tasks/drives_ingest_dryrun_review.md). Claim: CONFIRMED.,68275329e8f7bbc0e9e489f600824789438acf16fc2938ded1b27773fa8b3c06,CONFIRMED
drive2_MFB-Disco-2/CELL OBSERVER 2/Marta/Irene/Irene_0522_Metfor/Cell Obs_0522/ES_0522/ID154L_0522_ES20x-1.czi,AE-biomaGUNE-0522,Irene,Marta,0522,154,ID154L_0522_ES20x-1.czi,tissue,CELL_ID154L_0522_ES20x-1.czi,Historical drive ingest 2026 (drive2_MFB-Disco-2); project / researcher / operator / subject decided per file before ingest (tasks/drives_ingest_dryrun_review.md). Claim: CONFIRMED.,c1c5fe733fb6f31a1db1464239f21990746fcf8b7cab6dfd7ee179604481c8fd,CONFIRMED
drive2_MFB-Disco-2/CELL OBSERVER 2/Marta/Irene/Irene_0522_Metfor/Cell Obs_0522/ES_0522/ID154L_0522_ES20x-10.czi,AE-biomaGUNE-0522,Irene,Marta,0522,154,ID154L_0522_ES20x-10.czi,tissue,CELL_ID154L_0522_ES20x-10.czi,Historical drive ingest 2026 (drive2_MFB-Disco-2); project / researcher / operator / subject decided per file before ingest (tasks/drives_ingest_dryrun_review.md). Claim: CONFIRMED.,1218dee3331a4b9d220cb897e8a7f12c1c27ef9aa906e8b22371b2efbf4e6a97,CONFIRMED
drive2_MFB-Disco-2/CELL OBSERVER 2/Marta/Irene/Irene_0522_Metfor/Cell Obs_0522/ES_0522/ID154L_0522_ES20x-11.czi,AE-biomaGUNE-0522,Irene,Marta,0522,154,ID154L_0522_ES20x-11.czi,tissue,CELL_ID154L_0522_ES20x-11.czi,Historical drive ingest 2026 (drive2_MFB-Disco-2); project / researcher / operator / subject decided per file before ingest (tasks/drives_ingest_dryrun_review.md). Claim: CONFIRMED.,917b0dcc64e2df895ed716ac22bce31e4bda53677d7b3b85f04ef397c3d22175,CONFIRMED
drive2_MFB-Disco-2/CELL OBSERVER 2/Marta/Irene/Irene_0522_Metfor/Cell Obs_0522/ES_0522/ID154L_0522_ES20x-12.czi,AE-biomaGUNE-0522,Irene,Marta,0522,154,ID154L_0522_ES20x-12.czi,tissue,CELL_ID154L_0522_ES20x-12.czi,Historical drive ingest 2026 (drive2_MFB-Disco-2); project / researcher / operator / subject decided per file before ingest (tasks/drives_ingest_dryrun_review.md). Claim: CONFIRMED.,bfe5acbee21e8bcf9d6ac9acfc36eaa7d588149874610af02e9a379d58b041b9,CONFIRMED
drive2_MFB-Disco-2/CELL OBSERVER 2/Marta/Irene/Irene_0522_Metfor/Cell Obs_0522/ES_0522/ID154L_0522_ES20x-2.czi,AE-biomaGUNE-0522,Irene,Marta,0522,154,ID154L_0522_ES20x-2.czi,tissue,CELL_ID154L_0522_ES20x-2.czi,Historical drive ingest 2026 (drive2_MFB-Disco-2); project / researcher / operator / subject decided per file before ingest (tasks/drives_ingest_dryrun_review.md). Claim: CONFIRMED.,891322d57803da7e8cf234d48621cc873bef810c0604039cc686cf3244f8fd0f,CONFIRMED
drive2_MFB-Disco-2/CELL OBSERVER 2/Marta/Irene/Irene_0522_Metfor/Cell Obs_0522/ES_0522/ID154L_0522_ES20x-3.czi,AE-biomaGUNE-0522,Irene,Marta,0522,154,ID154L_0522_ES20x-3.czi,tissue,CELL_ID154L_0522_ES20x-3.czi,Historical drive ingest 2026 (drive2_MFB-Disco-2); project / researcher / operator / subject decided per file before ingest (tasks/drives_ingest_dryrun_review.md). Claim: CONFIRMED.,1527c49cfd007ac578c20d881b89f1c507614a9cf114d0cf58c001f3052ae613,CONFIRMED
drive2_MFB-Disco-2/CELL OBSERVER 2/Marta/Irene/Irene_0522_Metfor/Cell Obs_0522/ES_0522/ID154L_0522_ES20x-4.czi,AE-biomaGUNE-0522,Irene,Marta,0522,154,ID154L_0522_ES20x-4.czi,tissue,CELL_ID154L_0522_ES20x-4.czi,Historical drive ingest 2026 (drive2_MFB-Disco-2); project / researcher / operator / subject decided per file before ingest (tasks/drives_ingest_dryrun_review.md). Claim: CONFIRMED.,41784dc4125c31a887268e0fbcac27ceb51810f2d4a1d267c9b2c59f4f08e8f6,CONFIRMED
drive2_MFB-Disco-2/CELL OBSERVER 2/Marta/Irene/Irene_0522_Metfor/Cell Obs_0522/ES_0522/ID154L_0522_ES20x-5.czi,AE-biomaGUNE-0522,Irene,Marta,0522,154,ID154L_0522_ES20x-5.czi,tissue,CELL_ID154L_0522_ES20x-5.czi,Historical drive ingest 2026 (drive2_MFB-Disco-2); project / researcher / operator / subject decided per file before ingest (tasks/drives_ingest_dryrun_review.md). Claim: CONFIRMED.,c72ee42eb27bb9ce792d0ccd7a70ae5cfff9f79c90b3e6deb6fd47dae8905ac6,CONFIRMED
drive2_MFB-Disco-2/CELL OBSERVER 2/Marta/Irene/Irene_0522_Metfor/Cell Obs_0522/ES_0522/ID154L_0522_ES20x-6.czi,AE-biomaGUNE-0522,Irene,Marta,0522,154,ID154L_0522_ES20x-6.czi,tissue,CELL_ID154L_0522_ES20x-6.czi,Historical drive ingest 2026 (drive2_MFB-Disco-2); project / researcher / operator / subject decided per file before ingest (tasks/drives_ingest_dryrun_review.md). Claim: CONFIRMED.,56004c9f43319296198cb18772164c3a2b10ddf2467e7b140fbfdedecf530bfe,CONFIRMED
drive2_MFB-Disco-2/CELL OBSERVER 2/Marta/Irene/Irene_0522_Metfor/Cell Obs_0522/ES_0522/ID154L_0522_ES20x-7.czi,AE-biomaGUNE-0522,Irene,Marta,0522,154,ID154L_0522_ES20x-7.czi,tissue,CELL_ID154L_0522_ES20x-7.czi,Historical drive ingest 2026 (drive2_MFB-Disco-2); project / researcher / operator / subject decided per file before ingest (tasks/drives_ingest_dryrun_review.md). Claim: CONFIRMED.,3e3b206692fea4c0e499593740ffd1ed9323cef283888cd4c77682bc2085678e,CONFIRMED
drive2_MFB-Disco-2/CELL OBSERVER 2/Marta/Irene/Irene_0522_Metfor/Cell Obs_0522/ES_0522/ID154L_0522_ES20x-8.czi,AE-biomaGUNE-0522,Irene,Marta,0522,154,ID154L_0522_ES20x-8.czi,tissue,CELL_ID154L_0522_ES20x-8.czi,Historical drive ingest 2026 (drive2_MFB-Disco-2); project / researcher / operator / subject decided per file before ingest (tasks/drives_ingest_dryrun_review.md). Claim: CONFIRMED.,7d7664eb4d2b50391ad28f41ccc6ae4680ac4c6bf5a166dd29837f6ab603b4c1,CONFIRMED
drive2_MFB-Disco-2/CELL OBSERVER 2/Marta/Irene/Irene_0522_Metfor/Cell Obs_0522/ES_0522/ID154L_0522_ES20x-9.czi,AE-biomaGUNE-0522,Irene,Marta,0522,154,ID154L_0522_ES20x-9.czi,tissue,CELL_ID154L_0522_ES20x-9.czi,Historical drive ingest 2026 (drive2_MFB-Disco-2); project / researcher / operator / subject decided per file before ingest (tasks/drives_ingest_dryrun_review.md). Claim: CONFIRMED.,18c0616effa935ae6989873edd17f031797435b3d26f2b59053bb51b15657eb4,CONFIRMED
drive2_MFB-Disco-2/CELL OBSERVER 2/Marta/Irene/Irene_0522_Metfor/Cell Obs_0522/ES_0522/ID160L_0522_ES20x-1.czi,AE-biomaGUNE-0522,Irene,Marta,0522,160,ID160L_0522_ES20x-1.czi,tissue,CELL_ID160L_0522_ES20x-1.czi,Historical drive ingest 2026 (drive2_MFB-Disco-2); project / researcher / operator / subject decided per file before ingest (tasks/drives_ingest_dryrun_review.md). Claim: CONFIRMED.,986832b0eaef04e56393ed183d35cb74d2d4e32d622e1a29e3130e605363c1dc,CONFIRMED
drive2_MFB-Disco-2/CELL OBSERVER 2/Marta/Irene/Irene_0522_Metfor/Cell Obs_0522/ES_0522/ID160L_0522_ES20x-10.czi,AE-biomaGUNE-0522,Irene,Marta,0522,160,ID160L_0522_ES20x-10.czi,tissue,CELL_ID160L_0522_ES20x-10.czi,Historical drive ingest 2026 (drive2_MFB-Disco-2); project / researcher / operator / subject decided per file before ingest (tasks/drives_ingest_dryrun_review.md). Claim: CONFIRMED.,8f5787ccbe18db3e575c49f7612cec1fd8f9fe6cd4afeea446a3c5e357364d0d,CONFIRMED
drive2_MFB-Disco-2/CELL OBSERVER 2/Marta/Irene/Irene_0522_Metfor/Cell Obs_0522/ES_0522/ID160L_0522_ES20x-11.czi,AE-biomaGUNE-0522,Irene,Marta,0522,160,ID160L_0522_ES20x-11.czi,tissue,CELL_ID160L_0522_ES20x-11.czi,Historical drive ingest 2026 (drive2_MFB-Disco-2); project / researcher / operator / subject decided per file before ingest (tasks/drives_ingest_dryrun_review.md). Claim: CONFIRMED.,a56bab1b552ac7cde8d58e530ba435056060a5702b4b804b93e1300f2582db9c,CONFIRMED
drive2_MFB-Disco-2/CELL OBSERVER 2/Marta/Irene/Irene_0522_Metfor/Cell Obs_0522/ES_0522/ID160L_0522_ES20x-12.czi,AE-biomaGUNE-0522,Irene,Marta,0522,160,ID160L_0522_ES20x-12.czi,tissue,CELL_ID160L_0522_ES20x-12.czi,Historical drive ingest 2026 (drive2_MFB-Disco-2); project / researcher / operator / subject decided per file before ingest (tasks/drives_ingest_dryrun_review.md). Claim: CONFIRMED.,a8e9f338b7eb55f8e4996eb2b0c5747a5efb7476f4f9a7876a6bc597b6329e86,CONFIRMED
drive2_MFB-Disco-2/CELL OBSERVER 2/Marta/Irene/Irene_0522_Metfor/Cell Obs_0522/ES_0522/ID160L_0522_ES20x-13.czi,AE-biomaGUNE-0522,Irene,Marta,0522,160,ID160L_0522_ES20x-13.czi,tissue,CELL_ID160L_0522_ES20x-13.czi,Historical drive ingest 2026 (drive2_MFB-Disco-2); project / researcher / operator / subject decided per file before ingest (tasks/drives_ingest_dryrun_review.md). Claim: CONFIRMED.,d5328151dadf56ac4635247841d41cce1c444cffe31337c0c9abbfc6d80011d6,CONFIRMED
drive2_MFB-Disco-2/CELL OBSERVER 2/Marta/Irene/Irene_0522_Metfor/Cell Obs_0522/ES_0522/ID160L_0522_ES20x-14.czi,AE-biomaGUNE-0522,Irene,Marta,0522,160,ID160L_0522_ES20x-14.czi,tissue,CELL_ID160L_0522_ES20x-14.czi,Historical drive ingest 2026 (drive2_MFB-Disco-2); project / researcher / operator / subject decided per file before ingest (tasks/drives_ingest_dryrun_review.md). Claim: CONFIRMED.,9b31f999dc391badddd32055063fe0aaf8faaea730fca5faf2edf3a7502de3b7,CONFIRMED
drive2_MFB-Disco-2/CELL OBSERVER 2/Marta/Irene/Irene_0522_Metfor/Cell Obs_0522/ES_0522/ID160L_0522_ES20x-2.czi,AE-biomaGUNE-0522,Irene,Marta,0522,160,ID160L_0522_ES20x-2.czi,tissue,CELL_ID160L_0522_ES20x-2.czi,Historical drive ingest 2026 (drive2_MFB-Disco-2); project / researcher / operator / subject decided per file before ingest (tasks/drives_ingest_dryrun_review.md). Claim: CONFIRMED.,b377a1139f382b434676152fd0782f0aaba951cf30281f81a698c8b33b65a557,CONFIRMED
drive2_MFB-Disco-2/CELL OBSERVER 2/Marta/Irene/Irene_0522_Metfor/Cell Obs_0522/ES_0522/ID160L_0522_ES20x-3.czi,AE-biomaGUNE-0522,Irene,Marta,0522,160,ID160L_0522_ES20x-3.czi,tissue,CELL_ID160L_0522_ES20x-3.czi,Historical drive ingest 2026 (drive2_MFB-Disco-2); project / researcher / operator / subject decided per file before ingest (tasks/drives_ingest_dryrun_review.md). Claim: CONFIRMED.,fc0bb58a6c3e301f42e483ace141289e5f216cca62a7ad3fd09a0aa972547468,CONFIRMED
drive2_MFB-Disco-2/CELL OBSERVER 2/Marta/Irene/Irene_0522_Metfor/Cell Obs_0522/ES_0522/ID160L_0522_ES20x-4.czi,AE-biomaGUNE-0522,Irene,Marta,0522,160,ID160L_0522_ES20x-4.czi,tissue,CELL_ID160L_0522_ES20x-4.czi,Historical drive ingest 2026 (drive2_MFB-Disco-2); project / researcher / operator / subject decided per file before ingest (tasks/drives_ingest_dryrun_review.md). Claim: CONFIRMED.,ccfb73a3f45aefac163ffbb942852ef79dad3edd96ffab1bad62f9ab20de4515,CONFIRMED
drive2_MFB-Disco-2/CELL OBSERVER 2/Marta/Irene/Irene_0522_Metfor/Cell Obs_0522/ES_0522/ID160L_0522_ES20x-5.czi,AE-biomaGUNE-0522,Irene,Marta,0522,160,ID160L_0522_ES20x-5.czi,tissue,CELL_ID160L_0522_ES20x-5.czi,Historical drive ingest 2026 (drive2_MFB-Disco-2); project / researcher / operator / subject decided per file before ingest (tasks/drives_ingest_dryrun_review.md). Claim: CONFIRMED.,d969f03d6336e860c55a6a93a576323943c2e72fb962c41050aff2252675cc9e,CONFIRMED
drive2_MFB-Disco-2/CELL OBSERVER 2/Marta/Irene/Irene_0522_Metfor/Cell Obs_0522/ES_0522/ID160L_0522_ES20x-6.czi,AE-biomaGUNE-0522,Irene,Marta,0522,160,ID160L_0522_ES20x-6.czi,tissue,CELL_ID160L_0522_ES20x-6.czi,Historical drive ingest 2026 (drive2_MFB-Disco-2); project / researcher / operator / subject decided per file before ingest (tasks/drives_ingest_dryrun_review.md). Claim: CONFIRMED.,e521b35d824302fc707dfeeaab8b711f1996e184f62a742b41b90eec87674dbd,CONFIRMED
drive2_MFB-Disco-2/CELL OBSERVER 2/Marta/Irene/Irene_0522_Metfor/Cell Obs_0522/ES_0522/ID160L_0522_ES20x-7.czi,AE-biomaGUNE-0522,Irene,Marta,0522,160,ID160L_0522_ES20x-7.czi,tissue,CELL_ID160L_0522_ES20x-7.czi,Historical drive ingest 2026 (drive2_MFB-Disco-2); project / researcher / operator / subject decided per file before ingest (tasks/drives_ingest_dryrun_review.md). Claim: CONFIRMED.,103de18f91298f23fdc69633f8a573952f33877351d5116c4b1cff037cc48b84,CONFIRMED
drive2_MFB-Disco-2/CELL OBSERVER 2/Marta/Irene/Irene_0522_Metfor/Cell Obs_0522/ES_0522/ID160L_0522_ES20x-8.czi,AE-biomaGUNE-0522,Irene,Marta,0522,160,ID160L_0522_ES20x-8.czi,tissue,CELL_ID160L_0522_ES20x-8.czi,Historical drive ingest 2026 (drive2_MFB-Disco-2); project / researcher / operator / subject decided per file before ingest (tasks/drives_ingest_dryrun_review.md). Claim: CONFIRMED.,baab8dc84d785025225cf75583ba449146e931b7bd07080340cf2eef29c7e3b7,CONFIRMED
drive2_MFB-Disco-2/CELL OBSERVER 2/Marta/Irene/Irene_0522_Metfor/Cell Obs_0522/ES_0522/ID160L_0522_ES20x-9.czi,AE-biomaGUNE-0522,Irene,Marta,0522,160,ID160L_0522_ES20x-9.czi,tissue,CELL_ID160L_0522_ES20x-9.czi,Historical drive ingest 2026 (drive2_MFB-Disco-2); project / researcher / operator / subject decided per file before ingest (tasks/drives_ingest_dryrun_review.md). Claim: CONFIRMED.,04aa07a21da8f7f4b35edd7ef702ae1e6acd088daffb1165a5e80f4eccdd1404,CONFIRMED
drive2_MFB-Disco-2/CELL OBSERVER 2/Marta/Irene/Irene_0522_Metfor/Cell Obs_0522/ES_0522/ID161L_0522_ES20x-1.czi,AE-biomaGUNE-0522,Irene,Marta,0522,161,ID161L_0522_ES20x-1.czi,tissue,CELL_ID161L_0522_ES20x-1.czi,Historical drive ingest 2026 (drive2_MFB-Disco-2); project / researcher / operator / subject decided per file before ingest (tasks/drives_ingest_dryrun_review.md). Claim: CONFIRMED.,e19f8f1c5888025679f4a570c95a25ae2f1a62b6ff5ee21ce7827a4249cfd755,CONFIRMED
drive2_MFB-Disco-2/CELL OBSERVER 2/Marta/Irene/Irene_0522_Metfor/Cell Obs_0522/ES_0522/ID161L_0522_ES20x-2.czi,AE-biomaGUNE-0522,Irene,Marta,0522,161,ID161L_0522_ES20x-2.czi,tissue,CELL_ID161L_0522_ES20x-2.czi,Historical drive ingest 2026 (drive2_MFB-Disco-2); project / researcher / operator / subject decided per file before ingest (tasks/drives_ingest_dryrun_review.md). Claim: CONFIRMED.,00e187d831b18d33e44e6eaf5b2047e44cd6298c89261aacc71219ee90cf80fb,CONFIRMED
drive2_MFB-Disco-2/CELL OBSERVER 2/Marta/Irene/Irene_0522_Metfor/Cell Obs_0522/ES_0522/ID161L_0522_ES20x-3.czi,AE-biomaGUNE-0522,Irene,Marta,0522,161,ID161L_0522_ES20x-3.czi,tissue,CELL_ID161L_0522_ES20x-3.czi,Historical drive ingest 2026 (drive2_MFB-Disco-2); project / researcher / operator / subject decided per file before ingest (tasks/drives_ingest_dryrun_review.md). Claim: CONFIRMED.,3b5d5d8ebe7dc65aa7142af5c9beab7ad006d0b6f45d16205f662b2fc833184f,CONFIRMED
drive2_MFB-Disco-2/CELL OBSERVER 2/Marta/Irene/Irene_0522_Metfor/Cell Obs_0522/HE_0522/ID144L_0522_HE10x.czi,AE-biomaGUNE-0522,Irene,Marta,0522,144,ID144L_0522_HE10x.czi,tissue,CELL_ID144L_0522_HE10x.czi,Historical drive ingest 2026 (drive2_MFB-Disco-2); project / researcher / operator / subject decided per file before ingest (tasks/drives_ingest_dryrun_review.md). Claim: CONFIRMED.,ec2d476d3d6737c27e891b43cf30af0ee17c383053686a24fa8abceda8c13cfa,CONFIRMED
drive2_MFB-Disco-2/CELL OBSERVER 2/Marta/Irene/Irene_0522_Metfor/Cell Obs_0522/HE_0522/ID145H_0522_HE10x.czi,AE-biomaGUNE-0522,Irene,Marta,0522,145,ID145H_0522_HE10x.czi,tissue,CELL_ID145H_0522_HE10x.czi,Historical drive ingest 2026 (drive2_MFB-Disco-2); project / researcher / operator / subject decided per file before ingest (tasks/drives_ingest_dryrun_review.md). Claim: CONFIRMED.,d0fa7babb36a3a31c25307d1d37d1e4c3b59adda1ec4e38bb9d2d793b05b47e9,CONFIRMED
drive2_MFB-Disco-2/CELL OBSERVER 2/Marta/Irene/Irene_0522_Metfor/Cell Obs_0522/HE_0522/ID146H_0522_HE10x.czi,AE-biomaGUNE-0522,Irene,Marta,0522,146,ID146H_0522_HE10x.czi,tissue,CELL_ID146H_0522_HE10x.czi,Historical drive ingest 2026 (drive2_MFB-Disco-2); project / researcher / operator / subject decided per file before ingest (tasks/drives_ingest_dryrun_review.md). Claim: CONFIRMED.,b1e4bae189a85931f4f98016b39e2a0e93f8b3ad190a978590d71007d2b4b651,CONFIRMED
drive2_MFB-Disco-2/CELL OBSERVER 2/Marta/Irene/Irene_0522_Metfor/Cell Obs_0522/HE_0522/ID147H_0522_HE10x.czi,AE-biomaGUNE-0522,Irene,Marta,0522,147,ID147H_0522_HE10x.czi,tissue,CELL_ID147H_0522_HE10x.czi,Historical drive ingest 2026 (drive2_MFB-Disco-2); project / researcher / operator / subject decided per file before ingest (tasks/drives_ingest_dryrun_review.md). Claim: CONFIRMED.,ae2f1ada42b1e4f23f34b27eae44ae9303f39f91f09b60a261d1503e029ed977,CONFIRMED
drive2_MFB-Disco-2/CELL OBSERVER 2/Marta/Irene/Irene_0522_Metfor/Cell Obs_0522/HE_0522/ID148H_0522_HE10x.czi,AE-biomaGUNE-0522,Irene,Marta,0522,148,ID148H_0522_HE10x.czi,tissue,CELL_ID148H_0522_HE10x.czi,Historical drive ingest 2026 (drive2_MFB-Disco-2); project / researcher / operator / subject decided per file before ingest (tasks/drives_ingest_dryrun_review.md). Claim: CONFIRMED.,798d3e4fe54c8f0ab1ecafc72ef83b7440ac365fcbd7dcf02f6da47ea1c1b73c,CONFIRMED
drive2_MFB-Disco-2/CELL OBSERVER 2/Marta/Irene/Irene_0522_Metfor/Cell Obs_0522/HE_0522/ID149L_0522_HE10x.czi,AE-biomaGUNE-0522,Irene,Marta,0522,149,ID149L_0522_HE10x.czi,tissue,CELL_ID149L_0522_HE10x.czi,Historical drive ingest 2026 (drive2_MFB-Disco-2); project / researcher / operator / subject decided per file before ingest (tasks/drives_ingest_dryrun_review.md). Claim: CONFIRMED.,0010f39848add6b267c68cc3233123a012742261e249f288df75e256b58a4c1d,CONFIRMED
drive2_MFB-Disco-2/CELL OBSERVER 2/Marta/Irene/Irene_0522_Metfor/Cell Obs_0522/HE_0522/ID150L_0522_HE10x.czi,AE-biomaGUNE-0522,Irene,Marta,0522,150,ID150L_0522_HE10x.czi,tissue,CELL_ID150L_0522_HE10x.czi,Historical drive ingest 2026 (drive2_MFB-Disco-2); project / researcher / operator / subject decided per file before ingest (tasks/drives_ingest_dryrun_review.md). Claim: CONFIRMED.,77100a8a287dca117b66716e10b8556a6da0e1ae591860011a33f6bbafc4edbb,CONFIRMED
drive2_MFB-Disco-2/CELL OBSERVER 2/Marta/Irene/Irene_0522_Metfor/Cell Obs_0522/HE_0522/ID151L_0522_HE10x.czi,AE-biomaGUNE-0522,Irene,Marta,0522,151,ID151L_0522_HE10x.czi,tissue,CELL_ID151L_0522_HE10x.czi,Historical drive ingest 2026 (drive2_MFB-Disco-2); project / researcher / operator / subject decided per file before ingest (tasks/drives_ingest_dryrun_review.md). Claim: CONFIRMED.,330dc42d25f38ed3a6caa0660107bdb82ccae9a000858dcb9cfd3d9f3766ea14,CONFIRMED
drive2_MFB-Disco-2/CELL OBSERVER 2/Marta/Irene/Irene_0522_Metfor/Cell Obs_0522/HE_0522/ID153L_0522_HE10x.czi,AE-biomaGUNE-0522,Irene,Marta,0522,153,ID153L_0522_HE10x.czi,tissue,CELL_ID153L_0522_HE10x.czi,Historical drive ingest 2026 (drive2_MFB-Disco-2); project / researcher / operator / subject decided per file before ingest (tasks/drives_ingest_dryrun_review.md). Claim: CONFIRMED.,7ca5256c20dfe6ee3e04da4cfc57fe46a44e1b158caa53ae3e9f0dc592617cc0,CONFIRMED
drive2_MFB-Disco-2/CELL OBSERVER 2/Marta/Irene/Irene_0522_Metfor/Cell Obs_0522/HE_0522/ID154L_0522_HE10x.czi,AE-biomaGUNE-0522,Irene,Marta,0522,154,ID154L_0522_HE10x.czi,tissue,CELL_ID154L_0522_HE10x.czi,Historical drive ingest 2026 (drive2_MFB-Disco-2); project / researcher / operator / subject decided per file before ingest (tasks/drives_ingest_dryrun_review.md). Claim: CONFIRMED.,b413922a5fa50614747e002a4322f4f2d5909e00e069ff061e07b5e034dbe0dd,CONFIRMED
drive2_MFB-Disco-2/CELL OBSERVER 2/Marta/Irene/Irene_0522_Metfor/Cell Obs_0522/HE_0522/ID156H_0522_HE10x.czi,AE-biomaGUNE-0522,Irene,Marta,0522,156,ID156H_0522_HE10x.czi,tissue,CELL_ID156H_0522_HE10x.czi,Historical drive ingest 2026 (drive2_MFB-Disco-2); project / researcher / operator / subject decided per file before ingest (tasks/drives_ingest_dryrun_review.md). Claim: CONFIRMED.,ac410d1f8ed10ad8b54c3ff22fe26d213013626535ea20d672c24d05cd29384d,CONFIRMED
drive2_MFB-Disco-2/CELL OBSERVER 2/Marta/Irene/Irene_0522_Metfor/Cell Obs_0522/HE_0522/ID157H_0522_HE10x.czi,AE-biomaGUNE-0522,Irene,Marta,0522,157,ID157H_0522_HE10x.czi,tissue,CELL_ID157H_0522_HE10x.czi,Historical drive ingest 2026 (drive2_MFB-Disco-2); project / researcher / operator / subject decided per file before ingest (tasks/drives_ingest_dryrun_review.md). Claim: CONFIRMED.,848e11a1f6bfd463bc8bb54f0f536a64db15d420edbc9239a717f2c89b5c1f7a,CONFIRMED
drive2_MFB-Disco-2/CELL OBSERVER 2/Marta/Irene/Irene_0522_Metfor/Cell Obs_0522/HE_0522/ID158H_0522_HE10x.czi,AE-biomaGUNE-0522,Irene,Marta,0522,158,ID158H_0522_HE10x.czi,tissue,CELL_ID158H_0522_HE10x.czi,Historical drive ingest 2026 (drive2_MFB-Disco-2); project / researcher / operator / subject decided per file before ingest (tasks/drives_ingest_dryrun_review.md). Claim: CONFIRMED.,68b1da0be40dde9af3b4f832994d78e9cf6c002ebb6288aabfcbfe521d86a7e6,CONFIRMED
drive2_MFB-Disco-2/CELL OBSERVER 2/Marta/Irene/Irene_0522_Metfor/Cell Obs_0522/HE_0522/ID159H_0522_HE10x.czi,AE-biomaGUNE-0522,Irene,Marta,0522,159,ID159H_0522_HE10x.czi,tissue,CELL_ID159H_0522_HE10x.czi,Historical drive ingest 2026 (drive2_MFB-Disco-2); project / researcher / operator / subject decided per file before ingest (tasks/drives_ingest_dryrun_review.md). Claim: CONFIRMED.,0bca57e74d7a1022e0636981ea6ec4b362d4d00f2606e75bbcdbec0691de17e3,CONFIRMED
drive2_MFB-Disco-2/CELL OBSERVER 2/Marta/Irene/Irene_0522_Metfor/Cell Obs_0522/HE_0522/ID160L_0522_HE10x.czi,AE-biomaGUNE-0522,Irene,Marta,0522,160,ID160L_0522_HE10x.czi,tissue,CELL_ID160L_0522_HE10x.czi,Historical drive ingest 2026 (drive2_MFB-Disco-2); project / researcher / operator / subject decided per file before ingest (tasks/drives_ingest_dryrun_review.md). Claim: CONFIRMED.,3fdab4e2315ea55c48105cb36e74e9e12c8b46ad1250bfb2cbb22393b5897447,CONFIRMED
drive2_MFB-Disco-2/CELL OBSERVER 2/Marta/Irene/Irene_0522_Metfor/Cell Obs_0522/HE_0522/ID161L_0522_HE10x.czi,AE-biomaGUNE-0522,Irene,Marta,0522,161,ID161L_0522_HE10x.czi,tissue,CELL_ID161L_0522_HE10x.czi,Historical drive ingest 2026 (drive2_MFB-Disco-2); project / researcher / operator / subject decided per file before ingest (tasks/drives_ingest_dryrun_review.md). Claim: CONFIRMED.,7f13b746a37a2b45684b6d1672d1e3add4b241480ff89e4f1b6a94f54bf99460,CONFIRMED
drive2_MFB-Disco-2/CELL OBSERVER 2/Marta/Irene/Irene_0522_Metfor/Cell Obs_0522/PR_0522/ID144L_0522_PR10x.czi,AE-biomaGUNE-0522,Irene,Marta,0522,144,ID144L_0522_PR10x.czi,tissue,CELL_ID144L_0522_PR10x.czi,Historical drive ingest 2026 (drive2_MFB-Disco-2); project / researcher / operator / subject decided per file before ingest (tasks/drives_ingest_dryrun_review.md). Claim: CONFIRMED.,dcd3cf2d3633d9a2c1080c88a388f467f7d35a4b6285eea71f8d4aefa35f6daa,CONFIRMED
drive2_MFB-Disco-2/CELL OBSERVER 2/Marta/Irene/Irene_0522_Metfor/Cell Obs_0522/PR_0522/ID144L_0522_PR10x_POL.czi,AE-biomaGUNE-0522,Irene,Marta,0522,144,ID144L_0522_PR10x_POL.czi,tissue,CELL_ID144L_0522_PR10x_POL.czi,Historical drive ingest 2026 (drive2_MFB-Disco-2); project / researcher / operator / subject decided per file before ingest (tasks/drives_ingest_dryrun_review.md). Claim: CONFIRMED.,be361a9ec0512822746444ce4bd5add00c375562cc5be72e298544b58b3c32a5,CONFIRMED
drive2_MFB-Disco-2/CELL OBSERVER 2/Marta/Irene/Irene_0522_Metfor/Cell Obs_0522/PR_0522/ID145H_0522_PR10x.czi,AE-biomaGUNE-0522,Irene,Marta,0522,145,ID145H_0522_PR10x.czi,tissue,CELL_ID145H_0522_PR10x.czi,Historical drive ingest 2026 (drive2_MFB-Disco-2); project / researcher / operator / subject decided per file before ingest (tasks/drives_ingest_dryrun_review.md). Claim: CONFIRMED.,f2887fa502ab69675d372762b2201119157b83e846570f1f3d34358ac1e76b7c,CONFIRMED
drive2_MFB-Disco-2/CELL OBSERVER 2/Marta/Irene/Irene_0522_Metfor/Cell Obs_0522/PR_0522/ID145H_0522_PR10x_POL.czi,AE-biomaGUNE-0522,Irene,Marta,0522,145,ID145H_0522_PR10x_POL.czi,tissue,CELL_ID145H_0522_PR10x_POL.czi,Historical drive ingest 2026 (drive2_MFB-Disco-2); project / researcher / operator / subject decided per file before ingest (tasks/drives_ingest_dryrun_review.md). Claim: CONFIRMED.,555d017c09e6fcd68b0b969cd09e0a3ce2c19333cbff77042a8e3b8b175e9260,CONFIRMED
drive2_MFB-Disco-2/CELL OBSERVER 2/Marta/Irene/Irene_0522_Metfor/Cell Obs_0522/PR_0522/ID146H_0522_PR10x.czi,AE-biomaGUNE-0522,Irene,Marta,0522,146,ID146H_0522_PR10x.czi,tissue,CELL_ID146H_0522_PR10x.czi,Historical drive ingest 2026 (drive2_MFB-Disco-2); project / researcher / operator / subject decided per file before ingest (tasks/drives_ingest_dryrun_review.md). Claim: CONFIRMED.,dc4ddda4a3a6fe96235f2df794920df1e748746dee9fa426b027010d00d4ecca,CONFIRMED
drive2_MFB-Disco-2/CELL OBSERVER 2/Marta/Irene/Irene_0522_Metfor/Cell Obs_0522/PR_0522/ID146H_0522_PR10x_POL.czi,AE-biomaGUNE-0522,Irene,Marta,0522,146,ID146H_0522_PR10x_POL.czi,tissue,CELL_ID146H_0522_PR10x_POL.czi,Historical drive ingest 2026 (drive2_MFB-Disco-2); project / researcher / operator / subject decided per file before ingest (tasks/drives_ingest_dryrun_review.md). Claim: CONFIRMED.,e88cc89cf6dcdf7b84840e3bcc999ee4ece255aafc08c96def8160a27cc99e04,CONFIRMED
drive2_MFB-Disco-2/CELL OBSERVER 2/Marta/Irene/Irene_0522_Metfor/Cell Obs_0522/PR_0522/ID147H_0522_PR10x.czi,AE-biomaGUNE-0522,Irene,Marta,0522,147,ID147H_0522_PR10x.czi,tissue,CELL_ID147H_0522_PR10x.czi,Historical drive ingest 2026 (drive2_MFB-Disco-2); project / researcher / operator / subject decided per file before ingest (tasks/drives_ingest_dryrun_review.md). Claim: CONFIRMED.,727435b8af56c4ef4c3f0a4e9ce89a1f75718be2b9759d93f218b22515aa348b,CONFIRMED
drive2_MFB-Disco-2/CELL OBSERVER 2/Marta/Irene/Irene_0522_Metfor/Cell Obs_0522/PR_0522/ID147H_0522_PR10x_POL.czi,AE-biomaGUNE-0522,Irene,Marta,0522,147,ID147H_0522_PR10x_POL.czi,tissue,CELL_ID147H_0522_PR10x_POL.czi,Historical drive ingest 2026 (drive2_MFB-Disco-2); project / researcher / operator / subject decided per file before ingest (tasks/drives_ingest_dryrun_review.md). Claim: CONFIRMED.,9d59cd231f70b8599e35f17b022a29480e25af16b58b7dcdaa67f5a6ceb1e615,CONFIRMED
drive2_MFB-Disco-2/CELL OBSERVER 2/Marta/Irene/Irene_0522_Metfor/Cell Obs_0522/PR_0522/ID148H_0522_PR10x.czi,AE-biomaGUNE-0522,Irene,Marta,0522,148,ID148H_0522_PR10x.czi,tissue,CELL_ID148H_0522_PR10x.czi,Historical drive ingest 2026 (drive2_MFB-Disco-2); project / researcher / operator / subject decided per file before ingest (tasks/drives_ingest_dryrun_review.md). Claim: CONFIRMED.,a920e69687732c3187aeacfca7ee3780beb32507625c08d54d72099a7520f6f6,CONFIRMED
drive2_MFB-Disco-2/CELL OBSERVER 2/Marta/Irene/Irene_0522_Metfor/Cell Obs_0522/PR_0522/ID148H_0522_PR10x_POL.czi,AE-biomaGUNE-0522,Irene,Marta,0522,148,ID148H_0522_PR10x_POL.czi,tissue,CELL_ID148H_0522_PR10x_POL.czi,Historical drive ingest 2026 (drive2_MFB-Disco-2); project / researcher / operator / subject decided per file before ingest (tasks/drives_ingest_dryrun_review.md). Claim: CONFIRMED.,3e773d2e07918e1af2038d6092eecc43325aa53595418da4f57a5ef4436ea983,CONFIRMED
drive2_MFB-Disco-2/CELL OBSERVER 2/Marta/Irene/Irene_0522_Metfor/Cell Obs_0522/PR_0522/ID149L_0522_PR10x.czi,AE-biomaGUNE-0522,Irene,Marta,0522,149,ID149L_0522_PR10x.czi,tissue,CELL_ID149L_0522_PR10x.czi,Historical drive ingest 2026 (drive2_MFB-Disco-2); project / researcher / operator / subject decided per file before ingest (tasks/drives_ingest_dryrun_review.md). Claim: CONFIRMED.,916e5fe317c7cc3324c8647039c4e215aad545ce0469b9551400563b38f185e6,CONFIRMED
drive2_MFB-Disco-2/CELL OBSERVER 2/Marta/Irene/Irene_0522_Metfor/Cell Obs_0522/PR_0522/ID149L_0522_PR10x_POL.czi,AE-biomaGUNE-0522,Irene,Marta,0522,149,ID149L_0522_PR10x_POL.czi,tissue,CELL_ID149L_0522_PR10x_POL.czi,Historical drive ingest 2026 (drive2_MFB-Disco-2); project / researcher / operator / subject decided per file before ingest (tasks/drives_ingest_dryrun_review.md). Claim: CONFIRMED.,665e135695a897d388a56cf68f894e41ad4d2ad801f4d7e9dd5a71d16b5296c9,CONFIRMED
drive2_MFB-Disco-2/CELL OBSERVER 2/Marta/Irene/Irene_0522_Metfor/Cell Obs_0522/PR_0522/ID150L_0522_PR10x.czi,AE-biomaGUNE-0522,Irene,Marta,0522,150,ID150L_0522_PR10x.czi,tissue,CELL_ID150L_0522_PR10x.czi,Historical drive ingest 2026 (drive2_MFB-Disco-2); project / researcher / operator / subject decided per file before ingest (tasks/drives_ingest_dryrun_review.md). Claim: CONFIRMED.,c64243c8475bffd4326bef93eb028e3d1e3b5b4aacbad33990f0ada0a1ccfa62,CONFIRMED
drive2_MFB-Disco-2/CELL OBSERVER 2/Marta/Irene/Irene_0522_Metfor/Cell Obs_0522/PR_0522/ID150L_0522_PR10x_POL.czi,AE-biomaGUNE-0522,Irene,Marta,0522,150,ID150L_0522_PR10x_POL.czi,tissue,CELL_ID150L_0522_PR10x_POL.czi,Historical drive ingest 2026 (drive2_MFB-Disco-2); project / researcher / operator / subject decided per file before ingest (tasks/drives_ingest_dryrun_review.md). Claim: CONFIRMED.,b7565a934a8a2b8122c3f6d9c2b1d0c1f90e1a28fc07b0396187f62cfca3cd7d,CONFIRMED
drive2_MFB-Disco-2/CELL OBSERVER 2/Marta/Irene/Irene_0522_Metfor/Cell Obs_0522/PR_0522/ID151L_0522_PR10x.czi,AE-biomaGUNE-0522,Irene,Marta,0522,151,ID151L_0522_PR10x.czi,tissue,CELL_ID151L_0522_PR10x.czi,Historical drive ingest 2026 (drive2_MFB-Disco-2); project / researcher / operator / subject decided per file before ingest (tasks/drives_ingest_dryrun_review.md). Claim: CONFIRMED.,3b08702abbab811bc32c30b0eb11d479464db7406d1367254712fac4b009668b,CONFIRMED
drive2_MFB-Disco-2/CELL OBSERVER 2/Marta/Irene/Irene_0522_Metfor/Cell Obs_0522/PR_0522/ID151L_0522_PR10x_POL.czi,AE-biomaGUNE-0522,Irene,Marta,0522,151,ID151L_0522_PR10x_POL.czi,tissue,CELL_ID151L_0522_PR10x_POL.czi,Historical drive ingest 2026 (drive2_MFB-Disco-2); project / researcher / operator / subject decided per file before ingest (tasks/drives_ingest_dryrun_review.md). Claim: CONFIRMED.,e555db13ae3391ce741a320fd1a6c39f790517623d4267d1af50f8d91a3a483d,CONFIRMED
drive2_MFB-Disco-2/CELL OBSERVER 2/Marta/Irene/Irene_0522_Metfor/Cell Obs_0522/PR_0522/ID153L_0522_PR10x.czi,AE-biomaGUNE-0522,Irene,Marta,0522,153,ID153L_0522_PR10x.czi,tissue,CELL_ID153L_0522_PR10x.czi,Historical drive ingest 2026 (drive2_MFB-Disco-2); project / researcher / operator / subject decided per file before ingest (tasks/drives_ingest_dryrun_review.md). Claim: CONFIRMED.,f931a9989ae7d4038784816c2300e11096753c7b466a212302e7c089fcf3b115,CONFIRMED
drive2_MFB-Disco-2/CELL OBSERVER 2/Marta/Irene/Irene_0522_Metfor/Cell Obs_0522/PR_0522/ID153L_0522_PR10x_POL.czi,AE-biomaGUNE-0522,Irene,Marta,0522,153,ID153L_0522_PR10x_POL.czi,tissue,CELL_ID153L_0522_PR10x_POL.czi,Historical drive ingest 2026 (drive2_MFB-Disco-2); project / researcher / operator / subject decided per file before ingest (tasks/drives_ingest_dryrun_review.md). Claim: CONFIRMED.,03bf0c1ec09916781af0834dec92f67c1f5d0a1eb396f8485ae89eeff31fa195,CONFIRMED
drive2_MFB-Disco-2/CELL OBSERVER 2/Marta/Irene/Irene_0522_Metfor/Cell Obs_0522/PR_0522/ID154L_0522_PR10x.czi,AE-biomaGUNE-0522,Irene,Marta,0522,154,ID154L_0522_PR10x.czi,tissue,CELL_ID154L_0522_PR10x.czi,Historical drive ingest 2026 (drive2_MFB-Disco-2); project / researcher / operator / subject decided per file before ingest (tasks/drives_ingest_dryrun_review.md). Claim: CONFIRMED.,b8505d2d7085480960b25bcbf4e7eec813e5c6560e992e0d4b7fc70e443796ba,CONFIRMED
drive2_MFB-Disco-2/CELL OBSERVER 2/Marta/Irene/Irene_0522_Metfor/Cell Obs_0522/PR_0522/ID154L_0522_PR10x_POL.czi,AE-biomaGUNE-0522,Irene,Marta,0522,154,ID154L_0522_PR10x_POL.czi,tissue,CELL_ID154L_0522_PR10x_POL.czi,Historical drive ingest 2026 (drive2_MFB-Disco-2); project / researcher / operator / subject decided per file before ingest (tasks/drives_ingest_dryrun_review.md). Claim: CONFIRMED.,1157a248e3db62e89071caadda2712dea48ad63c3419b341317e0954d86918c4,CONFIRMED
drive2_MFB-Disco-2/CELL OBSERVER 2/Marta/Irene/Irene_0522_Metfor/Cell Obs_0522/PR_0522/ID156H_0522_PR10x.czi,AE-biomaGUNE-0522,Irene,Marta,0522,156,ID156H_0522_PR10x.czi,tissue,CELL_ID156H_0522_PR10x.czi,Historical drive ingest 2026 (drive2_MFB-Disco-2); project / researcher / operator / subject decided per file before ingest (tasks/drives_ingest_dryrun_review.md). Claim: CONFIRMED.,448d6fc7b6246e7d976a1816f36f536488b63f4e6a011d52ee9aad13b5337ca5,CONFIRMED
drive2_MFB-Disco-2/CELL OBSERVER 2/Marta/Irene/Irene_0522_Metfor/Cell Obs_0522/PR_0522/ID156H_0522_PR10x_POL.czi,AE-biomaGUNE-0522,Irene,Marta,0522,156,ID156H_0522_PR10x_POL.czi,tissue,CELL_ID156H_0522_PR10x_POL.czi,Historical drive ingest 2026 (drive2_MFB-Disco-2); project / researcher / operator / subject decided per file before ingest (tasks/drives_ingest_dryrun_review.md). Claim: CONFIRMED.,2e7282eb99ec377b49e98bd7b6bdd25fe806d247bdaacad5500d82b496999638,CONFIRMED
drive2_MFB-Disco-2/CELL OBSERVER 2/Marta/Irene/Irene_0522_Metfor/Cell Obs_0522/PR_0522/ID157H_0522_PR10x.czi,AE-biomaGUNE-0522,Irene,Marta,0522,157,ID157H_0522_PR10x.czi,tissue,CELL_ID157H_0522_PR10x.czi,Historical drive ingest 2026 (drive2_MFB-Disco-2); project / researcher / operator / subject decided per file before ingest (tasks/drives_ingest_dryrun_review.md). Claim: CONFIRMED.,386e612c5557b911cefb88080bc4c855942c479db1eeac7035c29e3b62952f79,CONFIRMED
drive2_MFB-Disco-2/CELL OBSERVER 2/Marta/Irene/Irene_0522_Metfor/Cell Obs_0522/PR_0522/ID157H_0522_PR10x_POL.czi,AE-biomaGUNE-0522,Irene,Marta,0522,157,ID157H_0522_PR10x_POL.czi,tissue,CELL_ID157H_0522_PR10x_POL.czi,Historical drive ingest 2026 (drive2_MFB-Disco-2); project / researcher / operator / subject decided per file before ingest (tasks/drives_ingest_dryrun_review.md). Claim: CONFIRMED.,153d530de9a46a7dcbfdfd58cffa20f4ea882850a0f8aa6220e33d5ece6dae95,CONFIRMED
drive2_MFB-Disco-2/CELL OBSERVER 2/Marta/Irene/Irene_0522_Metfor/Cell Obs_0522/PR_0522/ID158H_0522_PR10x.czi,AE-biomaGUNE-0522,Irene,Marta,0522,158,ID158H_0522_PR10x.czi,tissue,CELL_ID158H_0522_PR10x.czi,Historical drive ingest 2026 (drive2_MFB-Disco-2); project / researcher / operator / subject decided per file before ingest (tasks/drives_ingest_dryrun_review.md). Claim: CONFIRMED.,de9578e74a9dfdacabe335745d4203367ca11c7fbbb9c1d24406efe027cadd94,CONFIRMED
drive2_MFB-Disco-2/CELL OBSERVER 2/Marta/Irene/Irene_0522_Metfor/Cell Obs_0522/PR_0522/ID158H_0522_PR10x_POL.czi,AE-biomaGUNE-0522,Irene,Marta,0522,158,ID158H_0522_PR10x_POL.czi,tissue,CELL_ID158H_0522_PR10x_POL.czi,Historical drive ingest 2026 (drive2_MFB-Disco-2); project / researcher / operator / subject decided per file before ingest (tasks/drives_ingest_dryrun_review.md). Claim: CONFIRMED.,456ef8eb1775c146525581f52c200dbb3f19a2f58315efdfff89c5b395088cb1,CONFIRMED
drive2_MFB-Disco-2/CELL OBSERVER 2/Marta/Irene/Irene_0522_Metfor/Cell Obs_0522/PR_0522/ID159H_0522_PR10x.czi,AE-biomaGUNE-0522,Irene,Marta,0522,159,ID159H_0522_PR10x.czi,tissue,CELL_ID159H_0522_PR10x.czi,Historical drive ingest 2026 (drive2_MFB-Disco-2); project / researcher / operator / subject decided per file before ingest (tasks/drives_ingest_dryrun_review.md). Claim: CONFIRMED.,cd5cf320dd279049925ae91c1a6cf9e174e1092dbf76658f70f9310393a6ffcb,CONFIRMED
drive2_MFB-Disco-2/CELL OBSERVER 2/Marta/Irene/Irene_0522_Metfor/Cell Obs_0522/PR_0522/ID159H_0522_PR10x_POL.czi,AE-biomaGUNE-0522,Irene,Marta,0522,159,ID159H_0522_PR10x_POL.czi,tissue,CELL_ID159H_0522_PR10x_POL.czi,Historical drive ingest 2026 (drive2_MFB-Disco-2); project / researcher / operator / subject decided per file before ingest (tasks/drives_ingest_dryrun_review.md). Claim: CONFIRMED.,93a1f838debe73873a56d5e6ea8c9f52405429ce341f6ba5d678e1e6cd1b5fd6,CONFIRMED
drive2_MFB-Disco-2/CELL OBSERVER 2/Marta/Irene/Irene_0522_Metfor/Cell Obs_0522/PR_0522/ID160L_0522_PR10x.czi,AE-biomaGUNE-0522,Irene,Marta,0522,160,ID160L_0522_PR10x.czi,tissue,CELL_ID160L_0522_PR10x.czi,Historical drive ingest 2026 (drive2_MFB-Disco-2); project / researcher / operator / subject decided per file before ingest (tasks/drives_ingest_dryrun_review.md). Claim: CONFIRMED.,0587683d2b263b672d40fde3c49d3579b0e77c9159f2e7da8b60c4ee16857dbe,CONFIRMED
drive2_MFB-Disco-2/CELL OBSERVER 2/Marta/Irene/Irene_0522_Metfor/Cell Obs_0522/PR_0522/ID160L_0522_PR10x_POL.czi,AE-biomaGUNE-0522,Irene,Marta,0522,160,ID160L_0522_PR10x_POL.czi,tissue,CELL_ID160L_0522_PR10x_POL.czi,Historical drive ingest 2026 (drive2_MFB-Disco-2); project / researcher / operator / subject decided per file before ingest (tasks/drives_ingest_dryrun_review.md). Claim: CONFIRMED.,d8a8ffc7b41e8e9823b8d1e8416d0ac6733d49b5de8b8c9b6a14d8177e890f31,CONFIRMED
drive2_MFB-Disco-2/CELL OBSERVER 2/Marta/Irene/Irene_0522_Metfor/Cell Obs_0522/PR_0522/ID161L_0522_PR10x.czi,AE-biomaGUNE-0522,Irene,Marta,0522,161,ID161L_0522_PR10x.czi,tissue,CELL_ID161L_0522_PR10x.czi,Historical drive ingest 2026 (drive2_MFB-Disco-2); project / researcher / operator / subject decided per file before ingest (tasks/drives_ingest_dryrun_review.md). Claim: CONFIRMED.,d2997576ecc44afa6ce4fd66973d5b394d236e8d36cb39913028a342a8b910c0,CONFIRMED
drive2_MFB-Disco-2/CELL OBSERVER 2/Marta/Irene/Irene_0522_Metfor/Cell Obs_0522/PR_0522/ID161L_0522_PR10x_POL.czi,AE-biomaGUNE-0522,Irene,Marta,0522,161,ID161L_0522_PR10x_POL.czi,tissue,CELL_ID161L_0522_PR10x_POL.czi,Historical drive ingest 2026 (drive2_MFB-Disco-2); project / researcher / operator / subject decided per file before ingest (tasks/drives_ingest_dryrun_review.md). Claim: CONFIRMED.,02f2b5a9cfe52fc427dffe2c2f87229397ecf96fa5dcd60811a1095429fa8783,CONFIRMED
drive2_MFB-Disco-2/CELL OBSERVER 2/Marta/Irene/Irene_0522_Metfor/Cell Obs_0522/TM_0522/ID144L_0522_TM10x.czi,AE-biomaGUNE-0522,Irene,Marta,0522,144,ID144L_0522_TM10x.czi,tissue,CELL_ID144L_0522_TM10x.czi,Historical drive ingest 2026 (drive2_MFB-Disco-2); project / researcher / operator / subject decided per file before ingest (tasks/drives_ingest_dryrun_review.md). Claim: CONFIRMED.,763faf20d4e9363dc047ab2a6bb13dfddb130680146941734e6822a1f7b3d914,CONFIRMED
drive2_MFB-Disco-2/CELL OBSERVER 2/Marta/Irene/Irene_0522_Metfor/Cell Obs_0522/TM_0522/ID145H_0522_TM10x.czi,AE-biomaGUNE-0522,Irene,Marta,0522,145,ID145H_0522_TM10x.czi,tissue,CELL_ID145H_0522_TM10x.czi,Historical drive ingest 2026 (drive2_MFB-Disco-2); project / researcher / operator / subject decided per file before ingest (tasks/drives_ingest_dryrun_review.md). Claim: CONFIRMED.,9c8f1469be0fbc31500d4095029995458984d41e2cad2d3f1c4c22f3a2861baa,CONFIRMED
drive2_MFB-Disco-2/CELL OBSERVER 2/Marta/Irene/Irene_0522_Metfor/Cell Obs_0522/TM_0522/ID146H_0522_TM10x.czi,AE-biomaGUNE-0522,Irene,Marta,0522,146,ID146H_0522_TM10x.czi,tissue,CELL_ID146H_0522_TM10x.czi,Historical drive ingest 2026 (drive2_MFB-Disco-2); project / researcher / operator / subject decided per file before ingest (tasks/drives_ingest_dryrun_review.md). Claim: CONFIRMED.,e0ba9adbd5bd4bbf8db40e13ecd957ccb21c99801619cf09d9337a7c9f2ed44e,CONFIRMED
drive2_MFB-Disco-2/CELL OBSERVER 2/Marta/Irene/Irene_0522_Metfor/Cell Obs_0522/TM_0522/ID147H_0522_TM10x.czi,AE-biomaGUNE-0522,Irene,Marta,0522,147,ID147H_0522_TM10x.czi,tissue,CELL_ID147H_0522_TM10x.czi,Historical drive ingest 2026 (drive2_MFB-Disco-2); project / researcher / operator / subject decided per file before ingest (tasks/drives_ingest_dryrun_review.md). Claim: CONFIRMED.,a3b828f60d24b8c3a7a4005ddfccb0cb37e3bbddc0b85191aaca0054500b8398,CONFIRMED
drive2_MFB-Disco-2/CELL OBSERVER 2/Marta/Irene/Irene_0522_Metfor/Cell Obs_0522/TM_0522/ID148H_0522_TM10x.czi,AE-biomaGUNE-0522,Irene,Marta,0522,148,ID148H_0522_TM10x.czi,tissue,CELL_ID148H_0522_TM10x.czi,Historical drive ingest 2026 (drive2_MFB-Disco-2); project / researcher / operator / subject decided per file before ingest (tasks/drives_ingest_dryrun_review.md). Claim: CONFIRMED.,b5db4a49eceb8c5f8a003874807fe0bab9b93f40284d8e99212b1998ba45b739,CONFIRMED
drive2_MFB-Disco-2/CELL OBSERVER 2/Marta/Irene/Irene_0522_Metfor/Cell Obs_0522/TM_0522/ID149L_0522_TM10x.czi,AE-biomaGUNE-0522,Irene,Marta,0522,149,ID149L_0522_TM10x.czi,tissue,CELL_ID149L_0522_TM10x.czi,Historical drive ingest 2026 (drive2_MFB-Disco-2); project / researcher / operator / subject decided per file before ingest (tasks/drives_ingest_dryrun_review.md). Claim: CONFIRMED.,468eb68e4da2a5480514319dd4f72190a6d109e9bc3381bdf22b1ba6772d368b,CONFIRMED
drive2_MFB-Disco-2/CELL OBSERVER 2/Marta/Irene/Irene_0522_Metfor/Cell Obs_0522/TM_0522/ID150L_0522_TM10x.czi,AE-biomaGUNE-0522,Irene,Marta,0522,150,ID150L_0522_TM10x.czi,tissue,CELL_ID150L_0522_TM10x.czi,Historical drive ingest 2026 (drive2_MFB-Disco-2); project / researcher / operator / subject decided per file before ingest (tasks/drives_ingest_dryrun_review.md). Claim: CONFIRMED.,76e274db5cec5f40b3e88314692698d3169ab10e37d39151d778a5967b27862f,CONFIRMED
drive2_MFB-Disco-2/CELL OBSERVER 2/Marta/Irene/Irene_0522_Metfor/Cell Obs_0522/TM_0522/ID151L_0522_TM10x.czi,AE-biomaGUNE-0522,Irene,Marta,0522,151,ID151L_0522_TM10x.czi,tissue,CELL_ID151L_0522_TM10x.czi,Historical drive ingest 2026 (drive2_MFB-Disco-2); project / researcher / operator / subject decided per file before ingest (tasks/drives_ingest_dryrun_review.md). Claim: CONFIRMED.,6ff5a746f8421290987a1585b9ba44bb3428cf63f15f651d1edb77bf0d45c750,CONFIRMED
drive2_MFB-Disco-2/CELL OBSERVER 2/Marta/Irene/Irene_0522_Metfor/Cell Obs_0522/TM_0522/ID153L_0522_TM10x.czi,AE-biomaGUNE-0522,Irene,Marta,0522,153,ID153L_0522_TM10x.czi,tissue,CELL_ID153L_0522_TM10x.czi,Historical drive ingest 2026 (drive2_MFB-Disco-2); project / researcher / operator / subject decided per file before ingest (tasks/drives_ingest_dryrun_review.md). Claim: CONFIRMED.,d2beb67aab3df4831ddd6c26e87283d3b51f6ad48153715e9a9837c365c84281,CONFIRMED
drive2_MFB-Disco-2/CELL OBSERVER 2/Marta/Irene/Irene_0522_Metfor/Cell Obs_0522/TM_0522/ID154L_0522_TM10x.czi,AE-biomaGUNE-0522,Irene,Marta,0522,154,ID154L_0522_TM10x.czi,tissue,CELL_ID154L_0522_TM10x.czi,Historical drive ingest 2026 (drive2_MFB-Disco-2); project / researcher / operator / subject decided per file before ingest (tasks/drives_ingest_dryrun_review.md). Claim: CONFIRMED.,ff7b32b182db47705202f354a1d037aa85c21541b22f005f768c1b91f207e7ba,CONFIRMED
drive2_MFB-Disco-2/CELL OBSERVER 2/Marta/Irene/Irene_0522_Metfor/Cell Obs_0522/TM_0522/ID156H_0522_TM10x.czi,AE-biomaGUNE-0522,Irene,Marta,0522,156,ID156H_0522_TM10x.czi,tissue,CELL_ID156H_0522_TM10x.czi,Historical drive ingest 2026 (drive2_MFB-Disco-2); project / researcher / operator / subject decided per file before ingest (tasks/drives_ingest_dryrun_review.md). Claim: CONFIRMED.,c81b01860057a5b83ce7815e62047c6358efd8e2c1b638197862b09e7f331d57,CONFIRMED
drive2_MFB-Disco-2/CELL OBSERVER 2/Marta/Irene/Irene_0522_Metfor/Cell Obs_0522/TM_0522/ID157H_0522_TM10x.czi,AE-biomaGUNE-0522,Irene,Marta,0522,157,ID157H_0522_TM10x.czi,tissue,CELL_ID157H_0522_TM10x.czi,Historical drive ingest 2026 (drive2_MFB-Disco-2); project / researcher / operator / subject decided per file before ingest (tasks/drives_ingest_dryrun_review.md). Claim: CONFIRMED.,28a40c387f7163ad480d0bded37c12d8e806b85ba87c760a31bef8a5ceccd8f2,CONFIRMED
drive2_MFB-Disco-2/CELL OBSERVER 2/Marta/Irene/Irene_0522_Metfor/Cell Obs_0522/TM_0522/ID158H_0522_TM10x.czi,AE-biomaGUNE-0522,Irene,Marta,0522,158,ID158H_0522_TM10x.czi,tissue,CELL_ID158H_0522_TM10x.czi,Historical drive ingest 2026 (drive2_MFB-Disco-2); project / researcher / operator / subject decided per file before ingest (tasks/drives_ingest_dryrun_review.md). Claim: CONFIRMED.,689db640d683d61a0659adda036c25f4bb660b4d69407fb28b319ae6abfe4854,CONFIRMED
drive2_MFB-Disco-2/CELL OBSERVER 2/Marta/Irene/Irene_0522_Metfor/Cell Obs_0522/TM_0522/ID159H_0522_TM10x.czi,AE-biomaGUNE-0522,Irene,Marta,0522,159,ID159H_0522_TM10x.czi,tissue,CELL_ID159H_0522_TM10x.czi,Historical drive ingest 2026 (drive2_MFB-Disco-2); project / researcher / operator / subject decided per file before ingest (tasks/drives_ingest_dryrun_review.md). Claim: CONFIRMED.,4d90aabb5e4bd75371c8eb87f2f29d5fd59a04bf8ccc5bec4c16699c96915965,CONFIRMED
drive2_MFB-Disco-2/CELL OBSERVER 2/Marta/Irene/Irene_0522_Metfor/Cell Obs_0522/TM_0522/ID160L_0522_TM10x.czi,AE-biomaGUNE-0522,Irene,Marta,0522,160,ID160L_0522_TM10x.czi,tissue,CELL_ID160L_0522_TM10x.czi,Historical drive ingest 2026 (drive2_MFB-Disco-2); project / researcher / operator / subject decided per file before ingest (tasks/drives_ingest_dryrun_review.md). Claim: CONFIRMED.,e8c041a8c9e98fede167d40615c0779e74c1f34781fae4bd1d6748d7f14133af,CONFIRMED
drive2_MFB-Disco-2/CELL OBSERVER 2/Marta/Irene/Irene_0522_Metfor/Cell Obs_0522/TM_0522/ID161L_0522_TM10x.czi,AE-biomaGUNE-0522,Irene,Marta,0522,161,ID161L_0522_TM10x.czi,tissue,CELL_ID161L_0522_TM10x.czi,Historical drive ingest 2026 (drive2_MFB-Disco-2); project / researcher / operator / subject decided per file before ingest (tasks/drives_ingest_dryrun_review.md). Claim: CONFIRMED.,6ef8886d0e4988a3710ee62fa1172808438b346f0f3d0b31e4951ea654d3705d,CONFIRMED
drive2_MFB-Disco-2/CELL OBSERVER 2/Marta/Irene/Irene_0522_Metfor/Cell Obs_0522/WGA_0522/ID145H_0522_WGA_VD-1x.czi,AE-biomaGUNE-0522,Irene,Marta,0522,145,ID145H_0522_WGA_VD-1x.czi,tissue,CELL_ID145H_0522_WGA_VD-1x.czi,Historical drive ingest 2026 (drive2_MFB-Disco-2); project / researcher / operator / subject decided per file before ingest (tasks/drives_ingest_dryrun_review.md). Claim: CONFIRMED.,cc6fe0db6b94c692d28a0b94b93713f97b54bc54b3a5dc79984161c1e0fc4864,CONFIRMED
drive2_MFB-Disco-2/CELL OBSERVER 2/Marta/Irene/Irene_0522_Metfor/Cell Obs_0522/WGA_0522/ID145H_0522_WGA_VD-2.czi,AE-biomaGUNE-0522,Irene,Marta,0522,145,ID145H_0522_WGA_VD-2.czi,tissue,CELL_ID145H_0522_WGA_VD-2.czi,Historical drive ingest 2026 (drive2_MFB-Disco-2); project / researcher / operator / subject decided per file before ingest (tasks/drives_ingest_dryrun_review.md). Claim: CONFIRMED.,ae1526b566be1cafbcae8edf5bf09521b244af13f7577f5cb955b85b416fb466,CONFIRMED
drive2_MFB-Disco-2/CELL OBSERVER 2/Marta/Irene/Irene_0522_Metfor/Cell Obs_0522/WGA_0522/ID145H_0522_WGA_VD-3.czi,AE-biomaGUNE-0522,Irene,Marta,0522,145,ID145H_0522_WGA_VD-3.czi,tissue,CELL_ID145H_0522_WGA_VD-3.czi,Historical drive ingest 2026 (drive2_MFB-Disco-2); project / researcher / operator / subject decided per file before ingest (tasks/drives_ingest_dryrun_review.md). Claim: CONFIRMED.,69de04b2867ce09dee99eb7f38395d38be0f8a67c03f0f31f18de55fffbf082d,CONFIRMED
drive2_MFB-Disco-2/CELL OBSERVER 2/Marta/Irene/Irene_0522_Metfor/Cell Obs_0522/WGA_0522/ID145H_0522_WGA_VI-1.czi,AE-biomaGUNE-0522,Irene,Marta,0522,145,ID145H_0522_WGA_VI-1.czi,tissue,CELL_ID145H_0522_WGA_VI-1.czi,Historical drive ingest 2026 (drive2_MFB-Disco-2); project / researcher / operator / subject decided per file before ingest (tasks/drives_ingest_dryrun_review.md). Claim: CONFIRMED.,652f2d2015da332e9465e665bc3576ed36fb82e7baffce82481f8124e77f6492,CONFIRMED
drive2_MFB-Disco-2/CELL OBSERVER 2/Marta/Irene/Irene_0522_Metfor/Cell Obs_0522/WGA_0522/ID145H_0522_WGA_VI-2.czi,AE-biomaGUNE-0522,Irene,Marta,0522,145,ID145H_0522_WGA_VI-2.czi,tissue,CELL_ID145H_0522_WGA_VI-2.czi,Historical drive ingest 2026 (drive2_MFB-Disco-2); project / researcher / operator / subject decided per file before ingest (tasks/drives_ingest_dryrun_review.md). Claim: CONFIRMED.,642d5af2e5f42045d3af7387bb1279cb2a991f43703ebfc00f68eae37352acdc,CONFIRMED
drive2_MFB-Disco-2/CELL OBSERVER 2/Marta/Irene/Irene_0522_Metfor/Cell Obs_0522/WGA_0522/ID145H_0522_WGA_VI-3.czi,AE-biomaGUNE-0522,Irene,Marta,0522,145,ID145H_0522_WGA_VI-3.czi,tissue,CELL_ID145H_0522_WGA_VI-3.czi,Historical drive ingest 2026 (drive2_MFB-Disco-2); project / researcher / operator / subject decided per file before ingest (tasks/drives_ingest_dryrun_review.md). Claim: CONFIRMED.,3f5b59e913bcf2867e8751acbd1be8126b800119fd4357e588ef8a4ffc446637,CONFIRMED
drive2_MFB-Disco-2/CELL OBSERVER 2/Marta/Irene/Irene_0522_Metfor/Cell Obs_0522/WGA_0522/ID146H_0522_WGA_VD-1.czi,AE-biomaGUNE-0522,Irene,Marta,0522,146,ID146H_0522_WGA_VD-1.czi,tissue,CELL_ID146H_0522_WGA_VD-1.czi,Historical drive ingest 2026 (drive2_MFB-Disco-2); project / researcher / operator / subject decided per file before ingest (tasks/drives_ingest_dryrun_review.md). Claim: CONFIRMED.,6adebb88ca4b2387382451e26b76a6d215cf2aa80eca5c9e94d232ee366b184b,CONFIRMED
drive2_MFB-Disco-2/CELL OBSERVER 2/Marta/Irene/Irene_0522_Metfor/Cell Obs_0522/WGA_0522/ID146H_0522_WGA_VD-2.czi,AE-biomaGUNE-0522,Irene,Marta,0522,146,ID146H_0522_WGA_VD-2.czi,tissue,CELL_ID146H_0522_WGA_VD-2.czi,Historical drive ingest 2026 (drive2_MFB-Disco-2); project / researcher / operator / subject decided per file before ingest (tasks/drives_ingest_dryrun_review.md). Claim: CONFIRMED.,e3b6186d64c95df8dbe982b4027e5bb6a898692d2db3530e8eea254abe946c72,CONFIRMED
drive2_MFB-Disco-2/CELL OBSERVER 2/Marta/Irene/Irene_0522_Metfor/Cell Obs_0522/WGA_0522/ID146H_0522_WGA_VD-3.czi,AE-biomaGUNE-0522,Irene,Marta,0522,146,ID146H_0522_WGA_VD-3.czi,tissue,CELL_ID146H_0522_WGA_VD-3.czi,Historical drive ingest 2026 (drive2_MFB-Disco-2); project / researcher / operator / subject decided per file before ingest (tasks/drives_ingest_dryrun_review.md). Claim: CONFIRMED.,102e022b0237c94bad2689e4a0383f9e9e176668914707ea9990c16175d58465,CONFIRMED
drive2_MFB-Disco-2/CELL OBSERVER 2/Marta/Irene/Irene_0522_Metfor/Cell Obs_0522/WGA_0522/ID146H_0522_WGA_VD-4.czi,AE-biomaGUNE-0522,Irene,Marta,0522,146,ID146H_0522_WGA_VD-4.czi,tissue,CELL_ID146H_0522_WGA_VD-4.czi,Historical drive ingest 2026 (drive2_MFB-Disco-2); project / researcher / operator / subject decided per file before ingest (tasks/drives_ingest_dryrun_review.md). Claim: CONFIRMED.,9f1fc4ddd067acbcb187879b166c3b3d33f1aa8fc0f8669eeeab2916f153bf2e,CONFIRMED
drive2_MFB-Disco-2/CELL OBSERVER 2/Marta/Irene/Irene_0522_Metfor/Cell Obs_0522/WGA_0522/ID146H_0522_WGA_VI-1.czi,AE-biomaGUNE-0522,Irene,Marta,0522,146,ID146H_0522_WGA_VI-1.czi,tissue,CELL_ID146H_0522_WGA_VI-1.czi,Historical drive ingest 2026 (drive2_MFB-Disco-2); project / researcher / operator / subject decided per file before ingest (tasks/drives_ingest_dryrun_review.md). Claim: CONFIRMED.,10f7212f01a9f33b17e7b6ec4cb52e9483826b9ea48b8cf4efbfd1fbbf168872,CONFIRMED
drive2_MFB-Disco-2/CELL OBSERVER 2/Marta/Irene/Irene_0522_Metfor/Cell Obs_0522/WGA_0522/ID146H_0522_WGA_VI-2.czi,AE-biomaGUNE-0522,Irene,Marta,0522,146,ID146H_0522_WGA_VI-2.czi,tissue,CELL_ID146H_0522_WGA_VI-2.czi,Historical drive ingest 2026 (drive2_MFB-Disco-2); project / researcher / operator / subject decided per file before ingest (tasks/drives_ingest_dryrun_review.md). Claim: CONFIRMED.,bb4ac95c4169616cc616d0a098d9fc6a91d83f4d4c061f9d04db1362e9bb16ad,CONFIRMED
drive2_MFB-Disco-2/CELL OBSERVER 2/Marta/Irene/Irene_0522_Metfor/Cell Obs_0522/WGA_0522/ID146H_0522_WGA_VI-3.czi,AE-biomaGUNE-0522,Irene,Marta,0522,146,ID146H_0522_WGA_VI-3.czi,tissue,CELL_ID146H_0522_WGA_VI-3.czi,Historical drive ingest 2026 (drive2_MFB-Disco-2); project / researcher / operator / subject decided per file before ingest (tasks/drives_ingest_dryrun_review.md). Claim: CONFIRMED.,5756fb0815ba519700c237254d1ea6b302c468eb7e7b5db55c2b240de451bc7f,CONFIRMED
drive2_MFB-Disco-2/CELL OBSERVER 2/Marta/Irene/Irene_0522_Metfor/Cell Obs_0522/WGA_0522/ID147H_0522_WGA_VD-1.czi,AE-biomaGUNE-0522,Irene,Marta,0522,147,ID147H_0522_WGA_VD-1.czi,tissue,CELL_ID147H_0522_WGA_VD-1.czi,Historical drive ingest 2026 (drive2_MFB-Disco-2); project / researcher / operator / subject decided per file before ingest (tasks/drives_ingest_dryrun_review.md). Claim: CONFIRMED.,e2ece1e2eaa922c621637327cc22adcc48ff4391a1618627bce672dcaf29feb4,CONFIRMED
drive2_MFB-Disco-2/CELL OBSERVER 2/Marta/Irene/Irene_0522_Metfor/Cell Obs_0522/WGA_0522/ID147H_0522_WGA_VD-2.czi,AE-biomaGUNE-0522,Irene,Marta,0522,147,ID147H_0522_WGA_VD-2.czi,tissue,CELL_ID147H_0522_WGA_VD-2.czi,Historical drive ingest 2026 (drive2_MFB-Disco-2); project / researcher / operator / subject decided per file before ingest (tasks/drives_ingest_dryrun_review.md). Claim: CONFIRMED.,d4687a59d07ca2513676c161388d106d2c39530d0d8bddc11aeaa92d8ca635bb,CONFIRMED
drive2_MFB-Disco-2/CELL OBSERVER 2/Marta/Irene/Irene_0522_Metfor/Cell Obs_0522/WGA_0522/ID147H_0522_WGA_VD-3.czi,AE-biomaGUNE-0522,Irene,Marta,0522,147,ID147H_0522_WGA_VD-3.czi,tissue,CELL_ID147H_0522_WGA_VD-3.czi,Historical drive ingest 2026 (drive2_MFB-Disco-2); project / researcher / operator / subject decided per file before ingest (tasks/drives_ingest_dryrun_review.md). Claim: CONFIRMED.,f3c34d22d065a44c05be64cea067e1158d14a1376ef656150a449c0e8a7859ce,CONFIRMED
drive2_MFB-Disco-2/CELL OBSERVER 2/Marta/Irene/Irene_0522_Metfor/Cell Obs_0522/WGA_0522/ID147H_0522_WGA_VD-4.czi,AE-biomaGUNE-0522,Irene,Marta,0522,147,ID147H_0522_WGA_VD-4.czi,tissue,CELL_ID147H_0522_WGA_VD-4.czi,Historical drive ingest 2026 (drive2_MFB-Disco-2); project / researcher / operator / subject decided per file before ingest (tasks/drives_ingest_dryrun_review.md). Claim: CONFIRMED.,d876533f469eac351f363c508ce680f403f9e0375ecb4430e755281ccd06f97d,CONFIRMED
drive2_MFB-Disco-2/CELL OBSERVER 2/Marta/Irene/Irene_0522_Metfor/Cell Obs_0522/WGA_0522/ID147H_0522_WGA_VD-5.czi,AE-biomaGUNE-0522,Irene,Marta,0522,147,ID147H_0522_WGA_VD-5.czi,tissue,CELL_ID147H_0522_WGA_VD-5.czi,Historical drive ingest 2026 (drive2_MFB-Disco-2); project / researcher / operator / subject decided per file before ingest (tasks/drives_ingest_dryrun_review.md). Claim: CONFIRMED.,40678ef30a3456de9328de77aaaee5d847a6d4c31a650bbd53f0963e9ba979dd,CONFIRMED
drive2_MFB-Disco-2/CELL OBSERVER 2/Marta/Irene/Irene_0522_Metfor/Cell Obs_0522/WGA_0522/ID147H_0522_WGA_VI-1.czi,AE-biomaGUNE-0522,Irene,Marta,0522,147,ID147H_0522_WGA_VI-1.czi,tissue,CELL_ID147H_0522_WGA_VI-1.czi,Historical drive ingest 2026 (drive2_MFB-Disco-2); project / researcher / operator / subject decided per file before ingest (tasks/drives_ingest_dryrun_review.md). Claim: CONFIRMED.,a412b8b29e3b5e627f63ef64a633d34e6f1ce8d84580f7cb54dc530e205aef3f,CONFIRMED
drive2_MFB-Disco-2/CELL OBSERVER 2/Marta/Irene/Irene_0522_Metfor/Cell Obs_0522/WGA_0522/ID147H_0522_WGA_VI-2.czi,AE-biomaGUNE-0522,Irene,Marta,0522,147,ID147H_0522_WGA_VI-2.czi,tissue,CELL_ID147H_0522_WGA_VI-2.czi,Historical drive ingest 2026 (drive2_MFB-Disco-2); project / researcher / operator / subject decided per file before ingest (tasks/drives_ingest_dryrun_review.md). Claim: CONFIRMED.,c6fd80bdec61e47f9bda5d2f913717e4dae2a760ab4e83c6619744b0b977f20a,CONFIRMED
drive2_MFB-Disco-2/CELL OBSERVER 2/Marta/Irene/Irene_0522_Metfor/Cell Obs_0522/WGA_0522/ID147H_0522_WGA_VI-3.czi,AE-biomaGUNE-0522,Irene,Marta,0522,147,ID147H_0522_WGA_VI-3.czi,tissue,CELL_ID147H_0522_WGA_VI-3.czi,Historical drive ingest 2026 (drive2_MFB-Disco-2); project / researcher / operator / subject decided per file before ingest (tasks/drives_ingest_dryrun_review.md). Claim: CONFIRMED.,6f8b35c4987033cb1986d0f371c70659deb35dd7f67e7b124ecfbde22914bffc,CONFIRMED
drive2_MFB-Disco-2/CELL OBSERVER 2/Marta/Irene/Irene_0522_Metfor/Cell Obs_0522/WGA_0522/ID147H_0522_WGA_VI-4.czi,AE-biomaGUNE-0522,Irene,Marta,0522,147,ID147H_0522_WGA_VI-4.czi,tissue,CELL_ID147H_0522_WGA_VI-4.czi,Historical drive ingest 2026 (drive2_MFB-Disco-2); project / researcher / operator / subject decided per file before ingest (tasks/drives_ingest_dryrun_review.md). Claim: CONFIRMED.,a8c0967be4bc924c8d9cb5afceb2426d07b1f79a8e6991d7685de218f45f772a,CONFIRMED
drive2_MFB-Disco-2/CELL OBSERVER 2/Marta/Irene/Irene_0522_Metfor/Cell Obs_0522/WGA_0522/ID148H_0522_WGA_VD-1.czi,AE-biomaGUNE-0522,Irene,Marta,0522,148,ID148H_0522_WGA_VD-1.czi,tissue,CELL_ID148H_0522_WGA_VD-1.czi,Historical drive ingest 2026 (drive2_MFB-Disco-2); project / researcher / operator / subject decided per file before ingest (tasks/drives_ingest_dryrun_review.md). Claim: CONFIRMED.,6c2262261b123a765b74b26c70950ebe5c6b8c5e050f81da95084c1b46cf0ba1,CONFIRMED
drive2_MFB-Disco-2/CELL OBSERVER 2/Marta/Irene/Irene_0522_Metfor/Cell Obs_0522/WGA_0522/ID148H_0522_WGA_VD-2.czi,AE-biomaGUNE-0522,Irene,Marta,0522,148,ID148H_0522_WGA_VD-2.czi,tissue,CELL_ID148H_0522_WGA_VD-2.czi,Historical drive ingest 2026 (drive2_MFB-Disco-2); project / researcher / operator / subject decided per file before ingest (tasks/drives_ingest_dryrun_review.md). Claim: CONFIRMED.,caa7f1ac36e08a134c1918664ac9135fbdf946c4e25638bf46e8110297b42f9c,CONFIRMED
drive2_MFB-Disco-2/CELL OBSERVER 2/Marta/Irene/Irene_0522_Metfor/Cell Obs_0522/WGA_0522/ID148H_0522_WGA_VD-3.czi,AE-biomaGUNE-0522,Irene,Marta,0522,148,ID148H_0522_WGA_VD-3.czi,tissue,CELL_ID148H_0522_WGA_VD-3.czi,Historical drive ingest 2026 (drive2_MFB-Disco-2); project / researcher / operator / subject decided per file before ingest (tasks/drives_ingest_dryrun_review.md). Claim: CONFIRMED.,a5e50b942516037e3f1829d3705330e0c3c8b29d76e45282ff8b0859dc53c774,CONFIRMED
drive2_MFB-Disco-2/CELL OBSERVER 2/Marta/Irene/Irene_0522_Metfor/Cell Obs_0522/WGA_0522/ID148H_0522_WGA_VD-4.czi,AE-biomaGUNE-0522,Irene,Marta,0522,148,ID148H_0522_WGA_VD-4.czi,tissue,CELL_ID148H_0522_WGA_VD-4.czi,Historical drive ingest 2026 (drive2_MFB-Disco-2); project / researcher / operator / subject decided per file before ingest (tasks/drives_ingest_dryrun_review.md). Claim: CONFIRMED.,555b14f58624678775594b83e56059c37893c3f68e4d27e49abc5f91e435e281,CONFIRMED
drive2_MFB-Disco-2/CELL OBSERVER 2/Marta/Irene/Irene_0522_Metfor/Cell Obs_0522/WGA_0522/ID148H_0522_WGA_VD-5.czi,AE-biomaGUNE-0522,Irene,Marta,0522,148,ID148H_0522_WGA_VD-5.czi,tissue,CELL_ID148H_0522_WGA_VD-5.czi,Historical drive ingest 2026 (drive2_MFB-Disco-2); project / researcher / operator / subject decided per file before ingest (tasks/drives_ingest_dryrun_review.md). Claim: CONFIRMED.,65187933a4daa68938285238bfd5fb9846f33e76ffde9ee80d2e03de3d0099ba,CONFIRMED
drive2_MFB-Disco-2/CELL OBSERVER 2/Marta/Irene/Irene_0522_Metfor/Cell Obs_0522/WGA_0522/ID148H_0522_WGA_VI-1.czi,AE-biomaGUNE-0522,Irene,Marta,0522,148,ID148H_0522_WGA_VI-1.czi,tissue,CELL_ID148H_0522_WGA_VI-1.czi,Historical drive ingest 2026 (drive2_MFB-Disco-2); project / researcher / operator / subject decided per file before ingest (tasks/drives_ingest_dryrun_review.md). Claim: CONFIRMED.,da25c3a46730b2d54f20f05b0f4f1e6d50e295039ce6663ed20959067dc96fc0,CONFIRMED
drive2_MFB-Disco-2/CELL OBSERVER 2/Marta/Irene/Irene_0522_Metfor/Cell Obs_0522/WGA_0522/ID148H_0522_WGA_VI-2.czi,AE-biomaGUNE-0522,Irene,Marta,0522,148,ID148H_0522_WGA_VI-2.czi,tissue,CELL_ID148H_0522_WGA_VI-2.czi,Historical drive ingest 2026 (drive2_MFB-Disco-2); project / researcher / operator / subject decided per file before ingest (tasks/drives_ingest_dryrun_review.md). Claim: CONFIRMED.,61c8422ef98b3decf94e45a9a755d309f093f2a87a247810e9236bfc7d9bf8f9,CONFIRMED
drive2_MFB-Disco-2/CELL OBSERVER 2/Marta/Irene/Irene_0522_Metfor/Cell Obs_0522/WGA_0522/ID148H_0522_WGA_VI-3.czi,AE-biomaGUNE-0522,Irene,Marta,0522,148,ID148H_0522_WGA_VI-3.czi,tissue,CELL_ID148H_0522_WGA_VI-3.czi,Historical drive ingest 2026 (drive2_MFB-Disco-2); project / researcher / operator / subject decided per file before ingest (tasks/drives_ingest_dryrun_review.md). Claim: CONFIRMED.,182d2f37c376f4a1aeb90c1d2738c9c1dcf6fd9ea57345c6f71bed901a4e04e4,CONFIRMED
drive2_MFB-Disco-2/CELL OBSERVER 2/Marta/Irene/Irene_0522_Metfor/Cell Obs_0522/WGA_0522/ID148H_0522_WGA_VI-4.czi,AE-biomaGUNE-0522,Irene,Marta,0522,148,ID148H_0522_WGA_VI-4.czi,tissue,CELL_ID148H_0522_WGA_VI-4.czi,Historical drive ingest 2026 (drive2_MFB-Disco-2); project / researcher / operator / subject decided per file before ingest (tasks/drives_ingest_dryrun_review.md). Claim: CONFIRMED.,ca80d40b5aaceccf438b60f56219013e81af5ae83bab8a00c6279e5d028f998b,CONFIRMED
drive2_MFB-Disco-2/CELL OBSERVER 2/Marta/Irene/Irene_0522_Metfor/Cell Obs_0522/WGA_0522/ID156H_0522_WGA_VD-1.czi,AE-biomaGUNE-0522,Irene,Marta,0522,156,ID156H_0522_WGA_VD-1.czi,tissue,CELL_ID156H_0522_WGA_VD-1.czi,Historical drive ingest 2026 (drive2_MFB-Disco-2); project / researcher / operator / subject decided per file before ingest (tasks/drives_ingest_dryrun_review.md). Claim: CONFIRMED.,fde22bfb8d663e57f91226b4ece58e16ead6517ff9797bec5e066a3eca1ae53c,CONFIRMED
drive2_MFB-Disco-2/CELL OBSERVER 2/Marta/Irene/Irene_0522_Metfor/Cell Obs_0522/WGA_0522/ID156H_0522_WGA_VD-2.czi,AE-biomaGUNE-0522,Irene,Marta,0522,156,ID156H_0522_WGA_VD-2.czi,tissue,CELL_ID156H_0522_WGA_VD-2.czi,Historical drive ingest 2026 (drive2_MFB-Disco-2); project / researcher / operator / subject decided per file before ingest (tasks/drives_ingest_dryrun_review.md). Claim: CONFIRMED.,f3379937a7ccade7d8326b584667e64849eeefab86fda11254f4e9655a87269c,CONFIRMED
drive2_MFB-Disco-2/CELL OBSERVER 2/Marta/Irene/Irene_0522_Metfor/Cell Obs_0522/WGA_0522/ID156H_0522_WGA_VD-3.czi,AE-biomaGUNE-0522,Irene,Marta,0522,156,ID156H_0522_WGA_VD-3.czi,tissue,CELL_ID156H_0522_WGA_VD-3.czi,Historical drive ingest 2026 (drive2_MFB-Disco-2); project / researcher / operator / subject decided per file before ingest (tasks/drives_ingest_dryrun_review.md). Claim: CONFIRMED.,23607ffec714523ac5702baa8e6571c1ccd6402ae4f616fa60ec385e38e24459,CONFIRMED
drive2_MFB-Disco-2/CELL OBSERVER 2/Marta/Irene/Irene_0522_Metfor/Cell Obs_0522/WGA_0522/ID156H_0522_WGA_VD-4.czi,AE-biomaGUNE-0522,Irene,Marta,0522,156,ID156H_0522_WGA_VD-4.czi,tissue,CELL_ID156H_0522_WGA_VD-4.czi,Historical drive ingest 2026 (drive2_MFB-Disco-2); project / researcher / operator / subject decided per file before ingest (tasks/drives_ingest_dryrun_review.md). Claim: CONFIRMED.,9837cebde47f7fa49b7af22724997f72a2e10d9907463aa1fab296c30e41b6f5,CONFIRMED
drive2_MFB-Disco-2/CELL OBSERVER 2/Marta/Irene/Irene_0522_Metfor/Cell Obs_0522/WGA_0522/ID156H_0522_WGA_VI-1.czi,AE-biomaGUNE-0522,Irene,Marta,0522,156,ID156H_0522_WGA_VI-1.czi,tissue,CELL_ID156H_0522_WGA_VI-1.czi,Historical drive ingest 2026 (drive2_MFB-Disco-2); project / researcher / operator / subject decided per file before ingest (tasks/drives_ingest_dryrun_review.md). Claim: CONFIRMED.,75dd8a332ec64490a16d290ac0dc8496de424a8d96db9bda31ffaa566966cf22,CONFIRMED
drive2_MFB-Disco-2/CELL OBSERVER 2/Marta/Irene/Irene_0522_Metfor/Cell Obs_0522/WGA_0522/ID156H_0522_WGA_VI-2.czi,AE-biomaGUNE-0522,Irene,Marta,0522,156,ID156H_0522_WGA_VI-2.czi,tissue,CELL_ID156H_0522_WGA_VI-2.czi,Historical drive ingest 2026 (drive2_MFB-Disco-2); project / researcher / operator / subject decided per file before ingest (tasks/drives_ingest_dryrun_review.md). Claim: CONFIRMED.,f2ef45e6320a154cf04b8326d944a21355082d6d12833b83f69e90082ae284b4,CONFIRMED
drive2_MFB-Disco-2/CELL OBSERVER 2/Marta/Irene/Irene_0522_Metfor/Cell Obs_0522/WGA_0522/ID156H_0522_WGA_VI-3.czi,AE-biomaGUNE-0522,Irene,Marta,0522,156,ID156H_0522_WGA_VI-3.czi,tissue,CELL_ID156H_0522_WGA_VI-3.czi,Historical drive ingest 2026 (drive2_MFB-Disco-2); project / researcher / operator / subject decided per file before ingest (tasks/drives_ingest_dryrun_review.md). Claim: CONFIRMED.,b6c82c66aa79faf822d285a6da39763c641bd71558c7c46e1ea404657690365c,CONFIRMED
drive2_MFB-Disco-2/CELL OBSERVER 2/Marta/Irene/Irene_0522_Metfor/Cell Obs_0522/WGA_0522/ID156H_0522_WGA_VI-4.czi,AE-biomaGUNE-0522,Irene,Marta,0522,156,ID156H_0522_WGA_VI-4.czi,tissue,CELL_ID156H_0522_WGA_VI-4.czi,Historical drive ingest 2026 (drive2_MFB-Disco-2); project / researcher / operator / subject decided per file before ingest (tasks/drives_ingest_dryrun_review.md). Claim: CONFIRMED.,b7791d63f620b2432a260a70b7d336866bb029655673cd5cf1a091161688ef14,CONFIRMED
drive2_MFB-Disco-2/CELL OBSERVER 2/Marta/Irene/Irene_0522_Metfor/Cell Obs_0522/WGA_0522/ID157H_0522_WGA_VD-1.czi,AE-biomaGUNE-0522,Irene,Marta,0522,157,ID157H_0522_WGA_VD-1.czi,tissue,CELL_ID157H_0522_WGA_VD-1.czi,Historical drive ingest 2026 (drive2_MFB-Disco-2); project / researcher / operator / subject decided per file before ingest (tasks/drives_ingest_dryrun_review.md). Claim: CONFIRMED.,8751a0c9c71d3653eb8f96c6dba74df17f8e069d9e542391214d7d3cd3d315c9,CONFIRMED
drive2_MFB-Disco-2/CELL OBSERVER 2/Marta/Irene/Irene_0522_Metfor/Cell Obs_0522/WGA_0522/ID157H_0522_WGA_VD-2.czi,AE-biomaGUNE-0522,Irene,Marta,0522,157,ID157H_0522_WGA_VD-2.czi,tissue,CELL_ID157H_0522_WGA_VD-2.czi,Historical drive ingest 2026 (drive2_MFB-Disco-2); project / researcher / operator / subject decided per file before ingest (tasks/drives_ingest_dryrun_review.md). Claim: CONFIRMED.,428fff0a80250fa72a764cafe009626ad7f56e417b0a652d933aa17e7ec577f8,CONFIRMED
drive2_MFB-Disco-2/CELL OBSERVER 2/Marta/Irene/Irene_0522_Metfor/Cell Obs_0522/WGA_0522/ID157H_0522_WGA_VD-3.czi,AE-biomaGUNE-0522,Irene,Marta,0522,157,ID157H_0522_WGA_VD-3.czi,tissue,CELL_ID157H_0522_WGA_VD-3.czi,Historical drive ingest 2026 (drive2_MFB-Disco-2); project / researcher / operator / subject decided per file before ingest (tasks/drives_ingest_dryrun_review.md). Claim: CONFIRMED.,44b7523c410a7fc2717925cb376566baac3e5efc2b956d14f9c8721dcc9c6b4b,CONFIRMED
drive2_MFB-Disco-2/CELL OBSERVER 2/Marta/Irene/Irene_0522_Metfor/Cell Obs_0522/WGA_0522/ID157H_0522_WGA_VI-1.czi,AE-biomaGUNE-0522,Irene,Marta,0522,157,ID157H_0522_WGA_VI-1.czi,tissue,CELL_ID157H_0522_WGA_VI-1.czi,Historical drive ingest 2026 (drive2_MFB-Disco-2); project / researcher / operator / subject decided per file before ingest (tasks/drives_ingest_dryrun_review.md). Claim: CONFIRMED.,1b9d13242925977e84015b1255d1c92343492b89b01ba289a491ada7e6d99cec,CONFIRMED
drive2_MFB-Disco-2/CELL OBSERVER 2/Marta/Irene/Irene_0522_Metfor/Cell Obs_0522/WGA_0522/ID157H_0522_WGA_VI-2.czi,AE-biomaGUNE-0522,Irene,Marta,0522,157,ID157H_0522_WGA_VI-2.czi,tissue,CELL_ID157H_0522_WGA_VI-2.czi,Historical drive ingest 2026 (drive2_MFB-Disco-2); project / researcher / operator / subject decided per file before ingest (tasks/drives_ingest_dryrun_review.md). Claim: CONFIRMED.,2ef6a0204269d88f88ed54da9de573db2b08e219972829c45868bf0703e31aa2,CONFIRMED
drive2_MFB-Disco-2/CELL OBSERVER 2/Marta/Irene/Irene_0522_Metfor/Cell Obs_0522/WGA_0522/ID157H_0522_WGA_VI-3.czi,AE-biomaGUNE-0522,Irene,Marta,0522,157,ID157H_0522_WGA_VI-3.czi,tissue,CELL_ID157H_0522_WGA_VI-3.czi,Historical drive ingest 2026 (drive2_MFB-Disco-2); project / researcher / operator / subject decided per file before ingest (tasks/drives_ingest_dryrun_review.md). Claim: CONFIRMED.,eb8347f90ab83676da8be05c8f6af0cd88393b66fba9e4e6a63f58df0a97c9d2,CONFIRMED
drive2_MFB-Disco-2/CELL OBSERVER 2/Marta/Irene/Irene_0522_Metfor/Cell Obs_0522/WGA_0522/ID158H_0522_WGA_VD-1.czi,AE-biomaGUNE-0522,Irene,Marta,0522,158,ID158H_0522_WGA_VD-1.czi,tissue,CELL_ID158H_0522_WGA_VD-1.czi,Historical drive ingest 2026 (drive2_MFB-Disco-2); project / researcher / operator / subject decided per file before ingest (tasks/drives_ingest_dryrun_review.md). Claim: CONFIRMED.,f0495a8a46571594236788228267e948a714f731b98db56c6ac9d8cde707b356,CONFIRMED
drive2_MFB-Disco-2/CELL OBSERVER 2/Marta/Irene/Irene_0522_Metfor/Cell Obs_0522/WGA_0522/ID158H_0522_WGA_VD-2.czi,AE-biomaGUNE-0522,Irene,Marta,0522,158,ID158H_0522_WGA_VD-2.czi,tissue,CELL_ID158H_0522_WGA_VD-2.czi,Historical drive ingest 2026 (drive2_MFB-Disco-2); project / researcher / operator / subject decided per file before ingest (tasks/drives_ingest_dryrun_review.md). Claim: CONFIRMED.,d4296f35fc66126f50edba15a8d561397d74b4731be28c0b41a54481bc65ca12,CONFIRMED
drive2_MFB-Disco-2/CELL OBSERVER 2/Marta/Irene/Irene_0522_Metfor/Cell Obs_0522/WGA_0522/ID158H_0522_WGA_VD-3.czi,AE-biomaGUNE-0522,Irene,Marta,0522,158,ID158H_0522_WGA_VD-3.czi,tissue,CELL_ID158H_0522_WGA_VD-3.czi,Historical drive ingest 2026 (drive2_MFB-Disco-2); project / researcher / operator / subject decided per file before ingest (tasks/drives_ingest_dryrun_review.md). Claim: CONFIRMED.,4265c61426a30b6eefb1793994ade24be16868df9659ccb998f8765bd71f39cb,CONFIRMED
drive2_MFB-Disco-2/CELL OBSERVER 2/Marta/Irene/Irene_0522_Metfor/Cell Obs_0522/WGA_0522/ID158H_0522_WGA_VI-1.czi,AE-biomaGUNE-0522,Irene,Marta,0522,158,ID158H_0522_WGA_VI-1.czi,tissue,CELL_ID158H_0522_WGA_VI-1.czi,Historical drive ingest 2026 (drive2_MFB-Disco-2); project / researcher / operator / subject decided per file before ingest (tasks/drives_ingest_dryrun_review.md). Claim: CONFIRMED.,eca5625f40e312381a42f1e8586abb7635613b319b31352aeeaa83abc303bc95,CONFIRMED
drive2_MFB-Disco-2/CELL OBSERVER 2/Marta/Irene/Irene_0522_Metfor/Cell Obs_0522/WGA_0522/ID158H_0522_WGA_VI-2.czi,AE-biomaGUNE-0522,Irene,Marta,0522,158,ID158H_0522_WGA_VI-2.czi,tissue,CELL_ID158H_0522_WGA_VI-2.czi,Historical drive ingest 2026 (drive2_MFB-Disco-2); project / researcher / operator / subject decided per file before ingest (tasks/drives_ingest_dryrun_review.md). Claim: CONFIRMED.,d8f2ccd5ad82961ec7a91a6a21bfdb04f860fd57b9ccf13261cf64fd0616ebd5,CONFIRMED
drive2_MFB-Disco-2/CELL OBSERVER 2/Marta/Irene/Irene_0522_Metfor/Cell Obs_0522/WGA_0522/ID158H_0522_WGA_VI-3.czi,AE-biomaGUNE-0522,Irene,Marta,0522,158,ID158H_0522_WGA_VI-3.czi,tissue,CELL_ID158H_0522_WGA_VI-3.czi,Historical drive ingest 2026 (drive2_MFB-Disco-2); project / researcher / operator / subject decided per file before ingest (tasks/drives_ingest_dryrun_review.md). Claim: CONFIRMED.,adcd99c9bae29cb4c03e6817cb8c05128a98608592988c838ed5369a3c5a713c,CONFIRMED
drive2_MFB-Disco-2/CELL OBSERVER 2/Marta/Irene/Irene_0522_Metfor/Cell Obs_0522/WGA_0522/ID158H_0522_WGA_VI-4.czi,AE-biomaGUNE-0522,Irene,Marta,0522,158,ID158H_0522_WGA_VI-4.czi,tissue,CELL_ID158H_0522_WGA_VI-4.czi,Historical drive ingest 2026 (drive2_MFB-Disco-2); project / researcher / operator / subject decided per file before ingest (tasks/drives_ingest_dryrun_review.md). Claim: CONFIRMED.,31c28207d594e713b67fd40d9b8c526f97846c1d61f701c0d7989dc57c2f17a4,CONFIRMED
drive2_MFB-Disco-2/CELL OBSERVER 2/Marta/Irene/Irene_0522_Metfor/Cell Obs_0522/WGA_0522/ID159H_0522_WGA_VD-1.czi,AE-biomaGUNE-0522,Irene,Marta,0522,159,ID159H_0522_WGA_VD-1.czi,tissue,CELL_ID159H_0522_WGA_VD-1.czi,Historical drive ingest 2026 (drive2_MFB-Disco-2); project / researcher / operator / subject decided per file before ingest (tasks/drives_ingest_dryrun_review.md). Claim: CONFIRMED.,d8d147b6be49ed95ccd5d31835858eb96e60d7f95264a7fab2ed8359e949514e,CONFIRMED
drive2_MFB-Disco-2/CELL OBSERVER 2/Marta/Irene/Irene_0522_Metfor/Cell Obs_0522/WGA_0522/ID159H_0522_WGA_VD-2.czi,AE-biomaGUNE-0522,Irene,Marta,0522,159,ID159H_0522_WGA_VD-2.czi,tissue,CELL_ID159H_0522_WGA_VD-2.czi,Historical drive ingest 2026 (drive2_MFB-Disco-2); project / researcher / operator / subject decided per file before ingest (tasks/drives_ingest_dryrun_review.md). Claim: CONFIRMED.,f8dad289db13bbe776b89402a0919c370c35520a99b070c5ff6b0c4af35e1edb,CONFIRMED
drive2_MFB-Disco-2/CELL OBSERVER 2/Marta/Irene/Irene_0522_Metfor/Cell Obs_0522/WGA_0522/ID159H_0522_WGA_VD-3.czi,AE-biomaGUNE-0522,Irene,Marta,0522,159,ID159H_0522_WGA_VD-3.czi,tissue,CELL_ID159H_0522_WGA_VD-3.czi,Historical drive ingest 2026 (drive2_MFB-Disco-2); project / researcher / operator / subject decided per file before ingest (tasks/drives_ingest_dryrun_review.md). Claim: CONFIRMED.,190f8cf15f847bdb80ec42dc62b2536189a4867ac2ade9adec49608d3f6d0f69,CONFIRMED
drive2_MFB-Disco-2/CELL OBSERVER 2/Marta/Irene/Irene_0522_Metfor/Cell Obs_0522/WGA_0522/ID159H_0522_WGA_VI-1.czi,AE-biomaGUNE-0522,Irene,Marta,0522,159,ID159H_0522_WGA_VI-1.czi,tissue,CELL_ID159H_0522_WGA_VI-1.czi,Historical drive ingest 2026 (drive2_MFB-Disco-2); project / researcher / operator / subject decided per file before ingest (tasks/drives_ingest_dryrun_review.md). Claim: CONFIRMED.,975a185581dd390e616f48077f6c646d7d1eb6d9505bd6e76ea75528b0180873,CONFIRMED
drive2_MFB-Disco-2/CELL OBSERVER 2/Marta/Irene/Irene_0522_Metfor/Cell Obs_0522/WGA_0522/ID159H_0522_WGA_VI-2.czi,AE-biomaGUNE-0522,Irene,Marta,0522,159,ID159H_0522_WGA_VI-2.czi,tissue,CELL_ID159H_0522_WGA_VI-2.czi,Historical drive ingest 2026 (drive2_MFB-Disco-2); project / researcher / operator / subject decided per file before ingest (tasks/drives_ingest_dryrun_review.md). Claim: CONFIRMED.,b232cd9ea090e7bee9bd8f95a80d2221598e04f4771dc604cac8ea65cdaa4faf,CONFIRMED
drive2_MFB-Disco-2/CELL OBSERVER 2/Marta/Irene/Irene_0522_Metfor/Cell Obs_0522/WGA_0522/ID159H_0522_WGA_VI-3.czi,AE-biomaGUNE-0522,Irene,Marta,0522,159,ID159H_0522_WGA_VI-3.czi,tissue,CELL_ID159H_0522_WGA_VI-3.czi,Historical drive ingest 2026 (drive2_MFB-Disco-2); project / researcher / operator / subject decided per file before ingest (tasks/drives_ingest_dryrun_review.md). Claim: CONFIRMED.,7335c957f2d008bc2fa57ea7bb98d8f4df0bc5f1a16a066e821f98ff96d764df,CONFIRMED
