acq_id,batch,drive,relpath,archive,member,sha256,manifest_verified,other_copies,notes
ACQ-20201026-CELL-001,B05,drive1_FRIO-X6,Former students\Piotr\Histologías\Prussian_Blue\Z-Imagenes_originales\01_TILES_323_R825_20x_CTRL.czi,,,a984f74bca4549007d79c38f9cb8a8b2ff331e278e4b9be114f9fed7b290ac3f,Y,,
ACQ-20201026-CELL-002,B05,drive1_FRIO-X6,Former students\Piotr\Histologías\Prussian_Blue\Z-Imagenes_originales\01_TILES_334_R838_20x_RGD_IV_M.czi,,,a889474a8a8a4018224d9eb67806706337f4f765dc38d0846af79314f0a8d385,Y,,
ACQ-20201026-CELL-003,B05,drive1_FRIO-X6,Former students\Piotr\Histologías\Prussian_Blue\Z-Imagenes_originales\02_323_R825_20x_CTRL.czi,,,a2b7d07c32af8a1eae3a72ab70211e18309e389fa7e6c6893db358a541f27f9a,Y,,
ACQ-20201026-CELL-004,B05,drive1_FRIO-X6,Former students\Piotr\Histologías\Prussian_Blue\Z-Imagenes_originales\02__334_R838_20x_RGD_IV_M.czi,,,4706ba5e715f7f359ba9c83a524aad62528fb510879e0c0330be25e1a2f11295,Y,,
ACQ-20201026-CELL-005,B05,drive1_FRIO-X6,Former students\Piotr\Histologías\Prussian_Blue\Z-Imagenes_originales\03_323_R825_20x_CTRL.czi,,,a217d098ca3d22b5731f9ad09a3edd14548d003bff0f25e6511ed6f65ae01ae2,Y,,
ACQ-20201026-CELL-006,B05,drive1_FRIO-X6,Former students\Piotr\Histologías\Prussian_Blue\Z-Imagenes_originales\03_334_R838_20x_RGD_IV_M.czi,,,0bb7c6f3d2470a1476b774f01382965afdd5df7643e2fbc664a62c752f211bd1,Y,,
ACQ-20201026-CELL-007,B05,drive1_FRIO-X6,Former students\Piotr\Histologías\Prussian_Blue\Z-Imagenes_originales\04_323_R825_20x_CTRL.czi,,,0e85608d7b560d3ec4be92b923ea3c7c9d86063a0ecd5676109397e1118bba38,Y,,
ACQ-20201026-CELL-008,B05,drive1_FRIO-X6,Former students\Piotr\Histologías\Prussian_Blue\Z-Imagenes_originales\04_334_R838_20x_RGD_IV_M.czi,,,d105a8637f3bd45b0ce127c6868819a6bc4c495c999fc0c648a9229a0a11236d,Y,,
ACQ-20201026-CELL-009,B05,drive1_FRIO-X6,Former students\Piotr\Histologías\Prussian_Blue\Z-Imagenes_originales\05_323_R825_20x_CTRL.czi,,,df14a66bebd034ba1e1fccdff2ac4235be42db978ffafa9e5fd93286a1e3425a,Y,,
ACQ-20201026-CELL-010,B05,drive1_FRIO-X6,Former students\Piotr\Histologías\Prussian_Blue\Z-Imagenes_originales\06_323_R825_20x_CTRL.czi,,,74f9a86d3fb6eba3bc9cfe19a4814c11174d6f77c6ec99189ec2e16ec639019a,Y,,
ACQ-20201026-CELL-011,B05,drive1_FRIO-X6,Former students\Piotr\Histologías\Prussian_Blue\Z-Imagenes_originales\CORTE1_TILES_323_R825_20x_CTRL.czi,,,016e6f4393b7592688eefa8450a3fbdcd0d3aa56275995a514b9959d18a2cd60,Y,,
ACQ-20220817-CELL-001,B05,drive1_FRIO-X6,Cell observer\Maria Jesus\MJS Corazon HEx40\173_HEx10.czi,,,3d981ff5bed2e558ca4a04cdb53b6458ae30fbe1f1282b06e8b868d58bbb40a8,Y,,
ACQ-20220817-CELL-002,B05,drive1_FRIO-X6,Cell observer\Maria Jesus\MJS Corazon HEx40\173_HEx40_LV1.czi,,,ac6126b62e388d2c8ffc36d9d4ae3d0e1d77d57291e0231a70501ee3c6cd0352,Y,,
ACQ-20220817-CELL-003,B05,drive1_FRIO-X6,Cell observer\Maria Jesus\MJS Corazon HEx40\173_HEx40_LV2.czi,,,bf028a8daacc7900a65df32c95b81c77ed1fe6652cc7706b847a7b5b4bda7127,Y,,
ACQ-20220817-CELL-004,B05,drive1_FRIO-X6,Cell observer\Maria Jesus\MJS Corazon HEx40\173_HEx40_RV1.czi,,,136f44f51ae63fbe1aba2ebcbb884eddb004d8f1867b7e19a446451271aeae31,Y,,
ACQ-20220817-CELL-005,B05,drive1_FRIO-X6,Cell observer\Maria Jesus\MJS Corazon HEx40\173_HEx40_RV2.czi,,,7461f1607263031dd74cf377c37ceacda62895ecc06b3fb6b61fb98409107af2,Y,,
ACQ-20220817-CELL-006,B05,drive1_FRIO-X6,Cell observer\Maria Jesus\MJS Corazon HEx40\174_HEx10.czi,,,3dda64a4dbbfd22d50357500ff506a81e130d07558abee834891b2117309fb3d,Y,,
ACQ-20220817-CELL-007,B05,drive1_FRIO-X6,Cell observer\Maria Jesus\MJS Corazon HEx40\174_HEx40_LV1.czi,,,62c26e9627454566bd4fb106f906e66f74b211667caff35a93731c230cdfe2df,Y,,
ACQ-20220817-CELL-008,B05,drive1_FRIO-X6,Cell observer\Maria Jesus\MJS Corazon HEx40\174_HEx40_LV2.czi,,,6b72e0861335341ef3e005a723b5054ed3a0b3204b996b8c754684a8237074c4,Y,,
ACQ-20220817-CELL-009,B05,drive1_FRIO-X6,Cell observer\Maria Jesus\MJS Corazon HEx40\174_HEx40_RV1.czi,,,a66b83015d61ae4a6a0b4607a4c8c78b2488f021f8be212f257c49984d43186e,Y,,
ACQ-20220817-CELL-010,B05,drive1_FRIO-X6,Cell observer\Maria Jesus\MJS Corazon HEx40\174_HEx40_RV2.czi,,,eb32bed2ac52eb5f812424e663a8a357356a91deec46488ba3d1912ffe6f087b,Y,,
ACQ-20220817-CELL-011,B05,drive1_FRIO-X6,Cell observer\Maria Jesus\MJS Corazon HEx40\175_HEx10.czi,,,ad1557b90d849d0ec28aac58871fc1b69080c3cbd9916e70c73b200635c459dd,Y,,
ACQ-20220817-CELL-012,B05,drive1_FRIO-X6,Cell observer\Maria Jesus\MJS Corazon HEx40\175_HEx40_LV1.czi,,,e54321e1e9dcdf9d9e04d3a11128211f7935b3990286a63d616e10fc51d290e0,Y,,
ACQ-20220817-CELL-013,B05,drive1_FRIO-X6,Cell observer\Maria Jesus\MJS Corazon HEx40\175_HEx40_LV2.czi,,,02b0a2bfbf62f207e0a8e51328b6d2bf4e6d8c37e10fbede10a18b083f1430ed,Y,,
ACQ-20220817-CELL-014,B05,drive1_FRIO-X6,Cell observer\Maria Jesus\MJS Corazon HEx40\175_HEx40_RV1.czi,,,365426f631007f82a52ef8faed6f96b08f62b61cd8e6a91408c029f785664341,Y,,
ACQ-20220817-CELL-015,B05,drive1_FRIO-X6,Cell observer\Maria Jesus\MJS Corazon HEx40\175_HEx40_RV2.czi,,,87692335c3ff8078dcb5f6f8dc0bae37afa725cde47718b3feee9791f50e985d,Y,,
ACQ-20220817-CELL-016,B05,drive1_FRIO-X6,Cell observer\Maria Jesus\MJS Corazon HEx40\180_HEx10.czi,,,f993df220879250fbc3d9b9e71aaba7899a7de095243cf1d9643db4c1fafc3ed,Y,,
ACQ-20220817-CELL-017,B05,drive1_FRIO-X6,Cell observer\Maria Jesus\MJS Corazon HEx40\180_HEx40_LV1.czi,,,99677f151d57a146b1b6d87294cbce0801b687df5da94cf57ef10f10274eb557,Y,,
ACQ-20220817-CELL-018,B05,drive1_FRIO-X6,Cell observer\Maria Jesus\MJS Corazon HEx40\180_HEx40_LV2.czi,,,961039020e46f4147b2a419f48e9e71442d8a84735df5ed51a0dbce971bfa1e4,Y,,
ACQ-20220817-CELL-019,B05,drive1_FRIO-X6,Cell observer\Maria Jesus\MJS Corazon HEx40\180_HEx40_RV1.czi,,,29a9672be1d9da4282b44fd7b9ceb66ce6eb1d92d17692a75e2457a36e35ff92,Y,,
ACQ-20220817-CELL-020,B05,drive1_FRIO-X6,Cell observer\Maria Jesus\MJS Corazon HEx40\180_HEx40_RV2.czi,,,38b9aac592a8b9e45be1a6ec47fd9bd27e376d1a1dde73c97c2b1d2d7697347a,Y,,
ACQ-20220817-CELL-021,B05,drive1_FRIO-X6,Cell observer\Maria Jesus\MJS Corazon HEx40\181_HEx10.czi,,,335b2e9f7f17860db36cb8145769cfd41592237f7c5b972eb2b767b52a482149,Y,,
ACQ-20220817-CELL-022,B05,drive1_FRIO-X6,Cell observer\Maria Jesus\MJS Corazon HEx40\181_HEx40_LV1.czi,,,b84d5da40557ce7b95bf701677f30f6d20f5f26dcb55a7666a974c41adda5670,Y,,
ACQ-20220817-CELL-023,B05,drive1_FRIO-X6,Cell observer\Maria Jesus\MJS Corazon HEx40\181_HEx40_LV2.czi,,,a730b3a52b72d365b3f1cd26465a1c409e8fc7cdc4511ae3dc38e977b5e833b8,Y,,
ACQ-20220817-CELL-024,B05,drive1_FRIO-X6,Cell observer\Maria Jesus\MJS Corazon HEx40\181_HEx40_RV1.czi,,,0a3b4b7c8e6eacd9bc5c6aa005a1df2312f43c1d815742185f92edc62860d1d5,Y,,
ACQ-20220817-CELL-025,B05,drive1_FRIO-X6,Cell observer\Maria Jesus\MJS Corazon HEx40\181_HEx40_RV2.czi,,,2aaa7bfbccb1ed565425a9948bc91877c339369c3cb719aab389c8af35ee215e,Y,,
ACQ-20220817-CELL-026,B05,drive1_FRIO-X6,Cell observer\Maria Jesus\MJS Corazon HEx40\182_HEx10.czi,,,506a3739e8a782e475110a8f5fff8cfc174777489565420601c0dfe27a942ac3,Y,,
ACQ-20220817-CELL-027,B05,drive1_FRIO-X6,Cell observer\Maria Jesus\MJS Corazon HEx40\182_HEx40_LV1.czi,,,cfab8fa8a4d8ec4dd9bc834d704f044d926c76247edcd7a4bc5ce614c0084591,Y,,
ACQ-20220817-CELL-028,B05,drive1_FRIO-X6,Cell observer\Maria Jesus\MJS Corazon HEx40\182_HEx40_LV2.czi,,,4a9bb2c2d0b47dbf996a41433fdc7cb90a806cfc399c560ccb366dc16435b152,Y,,
ACQ-20220817-CELL-029,B05,drive1_FRIO-X6,Cell observer\Maria Jesus\MJS Corazon HEx40\182_HEx40_RV1.czi,,,58196ee34a6072584e3defc236bdb5b61c6e70e77187a2b4b492943cb2c846d3,Y,,
ACQ-20220817-CELL-030,B05,drive1_FRIO-X6,Cell observer\Maria Jesus\MJS Corazon HEx40\182_HEx40_RV2.czi,,,552fb0a60bea4a401c683b38c0db743450cafc112c06eff0a1e883d126e2318e,Y,,
ACQ-20220818-CELL-001,B05,drive1_FRIO-X6,Cell observer\Maria Jesus\MJS Corazon HEx40\187_HEx10.czi,,,e95cb0657d5989b8e6baa3ca945a7a3d25d0a359d739ac70f83856c116cd9fd7,Y,,
ACQ-20220818-CELL-002,B05,drive1_FRIO-X6,Cell observer\Maria Jesus\MJS Corazon HEx40\187_HEx40_LV1.czi,,,5c9d5e1b726f1ede70ad7a61fce60bfc5368554b5287af25511f99f0486f0e4e,Y,,
ACQ-20220818-CELL-003,B05,drive1_FRIO-X6,Cell observer\Maria Jesus\MJS Corazon HEx40\187_HEx40_LV2.czi,,,18b0446fff8851cc7cd54f978027c5d3bde6fda444024502ee463d8f72454a7b,Y,,
ACQ-20220818-CELL-004,B05,drive1_FRIO-X6,Cell observer\Maria Jesus\MJS Corazon HEx40\187_HEx40_RV1.czi,,,455c7a22ecc5bce75730bc5a0014de2fb5587e51d3805ab5c650ce0d674ad53c,Y,,
ACQ-20220818-CELL-005,B05,drive1_FRIO-X6,Cell observer\Maria Jesus\MJS Corazon HEx40\187_HEx40_RV2.czi,,,4fd7b66f2063b8f08e07d51baf505d5e825c12ce361edb111b783cca732cb154,Y,,
ACQ-20220818-CELL-006,B05,drive1_FRIO-X6,Cell observer\Maria Jesus\MJS Corazon HEx40\188_HEx10.czi,,,476c2f6dc42876cde01ca31fda3bde7047fa651e3a2bc7624218d0322c8c7258,Y,,
ACQ-20220818-CELL-007,B05,drive1_FRIO-X6,Cell observer\Maria Jesus\MJS Corazon HEx40\188_HEx40_LV1.czi,,,22a2312ac2af5e834b020cc798b95333b422b2e9195f24047c4d9b44fa213ba9,Y,,
ACQ-20220818-CELL-008,B05,drive1_FRIO-X6,Cell observer\Maria Jesus\MJS Corazon HEx40\188_HEx40_LV2.czi,,,1e89424271b7d18a65a663fece960a0e9e8499908e605223eb4c77e20bcb7f65,Y,,
ACQ-20220818-CELL-009,B05,drive1_FRIO-X6,Cell observer\Maria Jesus\MJS Corazon HEx40\188_HEx40_RV1.czi,,,31d40da7d2a3bf22358b53f2b0f728091fd5d028afb566042cb0be9585493dcf,Y,,
ACQ-20220818-CELL-010,B05,drive1_FRIO-X6,Cell observer\Maria Jesus\MJS Corazon HEx40\188_HEx40_RV2.czi,,,ed8e6bc14a7dfd1c9549082e8e009876541d840c1f51f278752d9a2ab6454752,Y,,
ACQ-20220818-CELL-011,B05,drive1_FRIO-X6,Cell observer\Maria Jesus\MJS Corazon HEx40\189_HEx10.czi,,,00e6bc677ab897f1f34dcdf286d88c5af67c83527f4332ab253b8af2d4275f91,Y,,
ACQ-20220818-CELL-012,B05,drive1_FRIO-X6,Cell observer\Maria Jesus\MJS Corazon HEx40\189_HEx40_LV1.czi,,,4d4cffa0dd36f45cfc27bbc4e52895a298ce26c1ecceb2e88433c473b9c5ed20,Y,,
ACQ-20220818-CELL-013,B05,drive1_FRIO-X6,Cell observer\Maria Jesus\MJS Corazon HEx40\189_HEx40_LV2.czi,,,6b390b3563038c343f3b60179df11c7a1298bb1760cd114f6fe77f941b046774,Y,,
ACQ-20220818-CELL-014,B05,drive1_FRIO-X6,Cell observer\Maria Jesus\MJS Corazon HEx40\189_HEx40_RV1.czi,,,2028d42e108c21539c159c688f5b2b34416fce793d432ac9dab618c6701f65a2,Y,,
ACQ-20220818-CELL-015,B05,drive1_FRIO-X6,Cell observer\Maria Jesus\MJS Corazon HEx40\189_HEx40_RV2.czi,,,84cec91071102af730bae7278d8fdabd8734b92ca3d05f013ce39e22884afc21,Y,,
ACQ-20220818-CELL-016,B05,drive1_FRIO-X6,Cell observer\Maria Jesus\MJS Corazon HEx40\194_HEx10.czi,,,fce6c5ba6eb9c8eca0c4e6842096886d9ea9ebd4e95e91b2f8b3eccf37ad7bd7,Y,,
ACQ-20220818-CELL-017,B05,drive1_FRIO-X6,Cell observer\Maria Jesus\MJS Corazon HEx40\194_HEx40_LV1.czi,,,3909ddb9913256e2d18e52a0bb92fe80b1eaa2184d451ce4501def0dd78956b6,Y,,
ACQ-20220818-CELL-018,B05,drive1_FRIO-X6,Cell observer\Maria Jesus\MJS Corazon HEx40\194_HEx40_LV2.czi,,,1b5d3737535587a63c1f4e85e5bd0667bf398d3ce6dced6cf0b1ad1dbba74427,Y,,
ACQ-20220818-CELL-019,B05,drive1_FRIO-X6,Cell observer\Maria Jesus\MJS Corazon HEx40\194_HEx40_RV1.czi,,,600e50aaecd9651841658a75eec62b95dc52e5608a76b3a4a9beb6f94601b34d,Y,,
ACQ-20220818-CELL-020,B05,drive1_FRIO-X6,Cell observer\Maria Jesus\MJS Corazon HEx40\194_HEx40_RV2.czi,,,590b8adee6dbe07ae501ed7b0fcf3ac81349e1920ea8cb7f925d1cce2ae01b6d,Y,,
ACQ-20220818-CELL-021,B05,drive1_FRIO-X6,Cell observer\Maria Jesus\MJS Corazon HEx40\195_HEx10.czi,,,e9c4cd5d4f2f2cdd16b9f376c1e9a7206aac89a5227b37ce29d3960e13c33229,Y,,
ACQ-20220818-CELL-022,B05,drive1_FRIO-X6,Cell observer\Maria Jesus\MJS Corazon HEx40\195_HEx40_LV1.czi,,,b7814bfbc05c70486c778550c85cd5a7ca1d026338ad2027a2659361c98dcae6,Y,,
ACQ-20220818-CELL-023,B05,drive1_FRIO-X6,Cell observer\Maria Jesus\MJS Corazon HEx40\195_HEx40_LV2.czi,,,03845ef4c791869020fb2707535beded24fbf37dc7e6ff897ce9c8d811915227,Y,,
ACQ-20220818-CELL-024,B05,drive1_FRIO-X6,Cell observer\Maria Jesus\MJS Corazon HEx40\195_HEx40_RV1.czi,,,ddc743f358878a4aad7dba09390d818821e444772f76b116a287ce901d4e3ac8,Y,,
ACQ-20220818-CELL-025,B05,drive1_FRIO-X6,Cell observer\Maria Jesus\MJS Corazon HEx40\195_HEx40_RV2.czi,,,4e73ceeb513c5911d105aae0c80664c86d4891a88975fb6f5f1fc4ec666a1a36,Y,,
ACQ-20220818-CELL-026,B05,drive1_FRIO-X6,Cell observer\Maria Jesus\MJS Corazon HEx40\196_HEx10.czi,,,17bcee07b66aff0bc1f1ebea2adf0c82b8f24d726d16c779a0f57d973fb09006,Y,,
ACQ-20220818-CELL-027,B05,drive1_FRIO-X6,Cell observer\Maria Jesus\MJS Corazon HEx40\196_HEx40_LV1.czi,,,6e65006826478709bbe7c2518282e144a5891196594da87d47f04bcbd0ff0371,Y,,
ACQ-20220818-CELL-028,B05,drive1_FRIO-X6,Cell observer\Maria Jesus\MJS Corazon HEx40\196_HEx40_LV2.czi,,,f41bab1c723efda7c2d0c7824bd0663c03ff85d33d6f9186ac794327617cb1d3,Y,,
ACQ-20220818-CELL-029,B05,drive1_FRIO-X6,Cell observer\Maria Jesus\MJS Corazon HEx40\196_HEx40_RV1.czi,,,d67b1a681e5750a3fc6aaf459536fe278b3570346cfb3517f3ba14f87b825978,Y,,
ACQ-20220818-CELL-030,B05,drive1_FRIO-X6,Cell observer\Maria Jesus\MJS Corazon HEx40\196_HEx40_RV2.czi,,,af89a4097cfe0dc08cbda6e89d531f2de91c9ad9f577d6bf6f5deedd90988ef8,Y,,
ACQ-20220818-CELL-031,B05,drive1_FRIO-X6,Cell observer\Maria Jesus\MJS Corazon HEx40\202II_HEx10.czi,,,b6c87e633ee8df40912521c048a42113ca6f90c2235e7e1442eea29b2fbeb67f,Y,,
ACQ-20220818-CELL-032,B05,drive1_FRIO-X6,Cell observer\Maria Jesus\MJS Corazon HEx40\202II_HEx40_LV1.czi,,,6cc4ae85e25c51461b22b5dbadfddca0360dabf9ef0b393d8fe2874f4572b43e,Y,,
ACQ-20220818-CELL-033,B05,drive1_FRIO-X6,Cell observer\Maria Jesus\MJS Corazon HEx40\202II_HEx40_LV2.czi,,,c95d300bd9d0150de5faa775c355aa441adad1356c0a57069673904439ca5219,Y,,
ACQ-20220818-CELL-034,B05,drive1_FRIO-X6,Cell observer\Maria Jesus\MJS Corazon HEx40\202II_HEx40_RV1.czi,,,e3670468e3a1ff524bd354f821d48f6a6691f3e0db22a3f691b4777eca26886e,Y,,
ACQ-20220818-CELL-035,B05,drive1_FRIO-X6,Cell observer\Maria Jesus\MJS Corazon HEx40\202II_HEx40_RV2.czi,,,93a634577cd595d33dc93a24a5267490b061d5cbd3b3694b96b2053de53698af,Y,,
ACQ-20220818-CELL-036,B05,drive1_FRIO-X6,Cell observer\Maria Jesus\MJS Corazon HEx40\203II_HEx10.czi,,,eef9fa74d0fda894798cd4df4d22d6b11fa67833836166b796d16b206598366f,Y,,
ACQ-20220818-CELL-037,B05,drive1_FRIO-X6,Cell observer\Maria Jesus\MJS Corazon HEx40\203II_HEx40_LV1.czi,,,ebe1b486e1454ef240cebaec4f0e8faa9a97d189c5525df8e81f757e17dcc900,Y,,
ACQ-20220818-CELL-038,B05,drive1_FRIO-X6,Cell observer\Maria Jesus\MJS Corazon HEx40\203II_HEx40_LV2.czi,,,d7c79667665a45d4804b2e137a15bac699068b7e8bbcb57cbe4fe3ce9b913357,Y,,
ACQ-20220818-CELL-039,B05,drive1_FRIO-X6,Cell observer\Maria Jesus\MJS Corazon HEx40\203II_HEx40_RV1.czi,,,3ac15c784dd2237bac372a6eb6c987ce1413654b2765e0168ab183180e83dc95,Y,,
ACQ-20220818-CELL-040,B05,drive1_FRIO-X6,Cell observer\Maria Jesus\MJS Corazon HEx40\203II_HEx40_RV2.czi,,,15057cb38a514a3a1d7cc96c589369d91c77d9b8d4a7bc027f1129a1511ee58f,Y,,
ACQ-20220818-CELL-041,B05,drive1_FRIO-X6,Cell observer\Maria Jesus\MJS Corazon HEx40\204II_HEx10.czi,,,327ac644699dedce91863502c7736fdcaffed97a6cb6a5b586564b6aaedd1d59,Y,,
ACQ-20220822-CELL-001,B05,drive1_FRIO-X6,Cell observer\Maria Jesus\MJS Corazon HEx40\204II_HEx40_LV1.czi,,,d58024fd10600a98218b2cccfd4b462437ceb147fdd1038d9f82e3fbaee601c7,Y,,
ACQ-20220822-CELL-002,B05,drive1_FRIO-X6,Cell observer\Maria Jesus\MJS Corazon HEx40\204II_HEx40_LV2.czi,,,a4170bdf0271362d23bf31cf0217df41d82a6934127dc3589b34b176c4dcca6a,Y,,
ACQ-20220822-CELL-003,B05,drive1_FRIO-X6,Cell observer\Maria Jesus\MJS Corazon HEx40\204II_HEx40_RV1.czi,,,118f2a46d8d002b9392b67928665e8617c94d1741058ed4355156c22558b9476,Y,,
ACQ-20220822-CELL-004,B05,drive1_FRIO-X6,Cell observer\Maria Jesus\MJS Corazon HEx40\204II_HEx40_RV2.czi,,,ba57c7df9b697743b7d3ab01d309d4b9ee46170a10dde07f3b90f21194e96b8a,Y,,
ACQ-20220822-CELL-005,B05,drive1_FRIO-X6,Cell observer\Maria Jesus\MJS Corazon HEx40\207II_HEx10.czi,,,f8c865af621ff89ebf31d7181687a1b0aa3c1c4688980df9f4a1a672a6d8302e,Y,,
ACQ-20220822-CELL-006,B05,drive1_FRIO-X6,Cell observer\Maria Jesus\MJS Corazon HEx40\207II_HEx40_LV1.czi,,,d6b94f19a132b4e767b640ce1a5c4b3cc360c51baaaf05391b140172c208eb42,Y,,
ACQ-20220822-CELL-007,B05,drive1_FRIO-X6,Cell observer\Maria Jesus\MJS Corazon HEx40\207II_HEx40_LV2.czi,,,a2500ce4fc3cc614c81f856b8f9213252fcfa254e012fcaf10f316391e1641a1,Y,,
ACQ-20220822-CELL-008,B05,drive1_FRIO-X6,Cell observer\Maria Jesus\MJS Corazon HEx40\207II_HEx40_RV1.czi,,,0bb2e474bc0e254a883535342c051dc21183b21194e726028687db8442c4a544,Y,,
ACQ-20220822-CELL-009,B05,drive1_FRIO-X6,Cell observer\Maria Jesus\MJS Corazon HEx40\207II_HEx40_RV2.czi,,,9db09a7f15c3f18f51eeba3aace94d10c1198cd203e06c9c51a212180fa29bba,Y,,
ACQ-20220822-CELL-010,B05,drive1_FRIO-X6,Cell observer\Maria Jesus\MJS Corazon HEx40\208II_HEx10.czi,,,8066209cc41e3b2ae40a65af80d55a0d7af8e985ba4dce379ffdc99045c0c350,Y,,
ACQ-20220822-CELL-011,B05,drive1_FRIO-X6,Cell observer\Maria Jesus\MJS Corazon HEx40\208II_HEx40_LV1.czi,,,d228f2e74b6904643db34c783527d169ebfb8e832ea1773ea478063ed999456c,Y,,
ACQ-20220822-CELL-012,B05,drive1_FRIO-X6,Cell observer\Maria Jesus\MJS Corazon HEx40\208II_HEx40_LV2.czi,,,0b76d3f791613a89e114b08e69f5f86cfba98b41bccc2d9806c66c51830bc5cf,Y,,
ACQ-20220822-CELL-013,B05,drive1_FRIO-X6,Cell observer\Maria Jesus\MJS Corazon HEx40\208II_HEx40_RV1.czi,,,2d05b9f35500ea913dcf4f551c240a3c7dc075859c461458d8e750a5559f93de,Y,,
ACQ-20220822-CELL-014,B05,drive1_FRIO-X6,Cell observer\Maria Jesus\MJS Corazon HEx40\208II_HEx40_RV2.czi,,,c1d9297cc2e1f93c4c25b7c763fb4aa0bdfbbb623bbea420671057bcc845ed46,Y,,
ACQ-20220822-CELL-015,B05,drive1_FRIO-X6,Cell observer\Maria Jesus\MJS Corazon HEx40\209II_HEx10.czi,,,9d94f732b04e255e9d7c67847a8c6e69cc3a8a3149f08129d63d94890784c248,Y,,
ACQ-20220822-CELL-016,B05,drive1_FRIO-X6,Cell observer\Maria Jesus\MJS Corazon HEx40\209II_HEx40_LV1.czi,,,aba762e48db59ee290f4e84d037f7d167df3f40e4345bf9335696eaa36cf4aa2,Y,,
ACQ-20220822-CELL-017,B05,drive1_FRIO-X6,Cell observer\Maria Jesus\MJS Corazon HEx40\209II_HEx40_LV2.czi,,,2db20c278989abbdbe3bff1a744e78c983ebd81519f10a461fe586c681a680b6,Y,,
ACQ-20220822-CELL-018,B05,drive1_FRIO-X6,Cell observer\Maria Jesus\MJS Corazon HEx40\209II_HEx40_RV1.czi,,,b95f7bafaabec5244a286b8b1b3fcff64a46eb387a566beebe26874fd1c0db75,Y,,
ACQ-20220822-CELL-019,B05,drive1_FRIO-X6,Cell observer\Maria Jesus\MJS Corazon HEx40\209II_HEx40_RV2.czi,,,ef48bd55e8df9bcb994e085cd8c47f13172630344b844b86dfa22480b1aec366,Y,,
ACQ-20221014-CELL-001,B05,drive1_FRIO-X6,Cell observer\Maria Jesus\MJS_HEx40\ID145_HEx10.czi,,,0b6ca5082c0e1e618b83e73912966bafd69d26858e7b807d34f0599db8166b4b,Y,,
ACQ-20221014-CELL-002,B05,drive1_FRIO-X6,Cell observer\Maria Jesus\MJS_HEx40\ID145_HEx40_LV1.czi,,,4ccfbcdad9280af0c14b334fc9b95af57355e2344649a17034d55302e9b53e7c,Y,,
ACQ-20221014-CELL-003,B05,drive1_FRIO-X6,Cell observer\Maria Jesus\MJS_HEx40\ID145_HEx40_LV2.czi,,,eedddf695364eab35c6b5be0b12a5e265080a67a08e19aad28cf5af711afae73,Y,,
ACQ-20221014-CELL-004,B05,drive1_FRIO-X6,Cell observer\Maria Jesus\MJS_HEx40\ID145_HEx40_RV1.czi,,,18b368b71e43bc8d838708fbe0871db5bdb3ba9ac34a8c1baa2ca7ce8bed83df,Y,,
ACQ-20221014-CELL-005,B05,drive1_FRIO-X6,Cell observer\Maria Jesus\MJS_HEx40\ID145_HEx40_RV2.czi,,,f6a3390c97b7852961beb88258d60e53a94b2b1a32bbf37f41e57d01b8b4928d,Y,,
ACQ-20221014-CELL-006,B05,drive1_FRIO-X6,Cell observer\Maria Jesus\MJS_HEx40\ID146_HEx10.czi,,,deb4b89dc2781b842e8bef659a71263bcf1361f03c22d59a3959d89bcf2be60e,Y,,
ACQ-20221014-CELL-007,B05,drive1_FRIO-X6,Cell observer\Maria Jesus\MJS_HEx40\ID146_HEx40_LV1.czi,,,7b49e7c0e47db4dfc6c79289b9c5f0d55a6731a6e6c03ac9db1412d6b42d4a4b,Y,,
ACQ-20221014-CELL-008,B05,drive1_FRIO-X6,Cell observer\Maria Jesus\MJS_HEx40\ID146_HEx40_LV2.czi,,,9eb9952dab97164120c90c60120bf41c7574a4d06dca4183c117a1817da4cba8,Y,,
ACQ-20221014-CELL-009,B05,drive1_FRIO-X6,Cell observer\Maria Jesus\MJS_HEx40\ID146_HEx40_RV1.czi,,,a409021adca44cc3188cf5f42669c6bb514b8272b1bfd8ae6607dfea589f2af3,Y,,
ACQ-20221014-CELL-010,B05,drive1_FRIO-X6,Cell observer\Maria Jesus\MJS_HEx40\ID146_HEx40_RV2.czi,,,341b586f1a57b4bac34a12016cf21d54c484b80fee3d577fd455a71bfae54ffa,Y,,
ACQ-20221014-CELL-011,B05,drive1_FRIO-X6,Cell observer\Maria Jesus\MJS_HEx40\ID147_HEx10.czi,,,3aa46780d49992f8fae9752f95189878155157d8ab78d10c95b58605d55ac614,Y,,
ACQ-20221014-CELL-012,B05,drive1_FRIO-X6,Cell observer\Maria Jesus\MJS_HEx40\ID147_HEx40_LV1.czi,,,2d7868b419a1ab33ffc5a870bc8bef5a4d3265830808724725952805ebbe92ad,Y,,
ACQ-20221014-CELL-013,B05,drive1_FRIO-X6,Cell observer\Maria Jesus\MJS_HEx40\ID147_HEx40_LV2.czi,,,d5ce743829dd9f20ab96b2019914b363cd61ce72763d1e9f98eb02c3ea91d167,Y,,
ACQ-20221014-CELL-014,B05,drive1_FRIO-X6,Cell observer\Maria Jesus\MJS_HEx40\ID147_HEx40_RV1.czi,,,afd87a4f88e75442e6aecdec54bdbe815f3005e5eb668fa61892d7131caf153d,Y,,
ACQ-20221014-CELL-015,B05,drive1_FRIO-X6,Cell observer\Maria Jesus\MJS_HEx40\ID147_HEx40_RV2.czi,,,d82e3ab94e697ea3ec759cfc7fbc1dd476767f934f116f6ad90f7d3dba9d7121,Y,,
ACQ-20221014-CELL-016,B05,drive1_FRIO-X6,Cell observer\Maria Jesus\MJS_HEx40\ID166_HEx10.czi,,,67d9bf5d3f27da4c672af6a8d342338f2351135b20bc432154f59960edee3171,Y,,
ACQ-20221014-CELL-017,B05,drive1_FRIO-X6,Cell observer\Maria Jesus\MJS_HEx40\ID166_HEx40_LV1.czi,,,9409f764fc10f26dd36bff9d2668f2633cd8b20af59ba4cb0e6edda09f867242,Y,,
ACQ-20221014-CELL-018,B05,drive1_FRIO-X6,Cell observer\Maria Jesus\MJS_HEx40\ID166_HEx40_LV2.czi,,,bbfc7275ec41e0431d5ee50904011b424045cfc33737e0c0100e565276328e33,Y,,
ACQ-20221014-CELL-019,B05,drive1_FRIO-X6,Cell observer\Maria Jesus\MJS_HEx40\ID166_HEx40_RV1.czi,,,770de8f5f012e913c36a46b0d1a136fb6d89794cf3731522441458297eab849e,Y,,
ACQ-20221014-CELL-020,B05,drive1_FRIO-X6,Cell observer\Maria Jesus\MJS_HEx40\ID166_HEx40_RV2.czi,,,49cb4a64285462635363daf2cc627d7ff771b617913f7a51ab48136fce27d65b,Y,,
ACQ-20221014-CELL-021,B05,drive1_FRIO-X6,Cell observer\Maria Jesus\MJS_HEx40\ID167_HEx10.czi,,,c497db535379a445e3e76ff661779077c2a32ce23bd51d3bda9144ea078323fc,Y,,
ACQ-20221014-CELL-022,B05,drive1_FRIO-X6,Cell observer\Maria Jesus\MJS_HEx40\ID167_HEx40_LV1.czi,,,047e07fd2cec6e5b6dd0c5397dd5cf059ac14a2f3f7c4cea4b7cbc22867f2d72,Y,,
ACQ-20221014-CELL-023,B05,drive1_FRIO-X6,Cell observer\Maria Jesus\MJS_HEx40\ID167_HEx40_LV2.czi,,,0a9cf8e9e3d095662e5070135d1b74abdfdca48c5f3252e0693685e05e05b28f,Y,,
ACQ-20221014-CELL-024,B05,drive1_FRIO-X6,Cell observer\Maria Jesus\MJS_HEx40\ID167_HEx40_RV1.czi,,,a59823803d2e9adfaaccc2dfa22c9a564e636cfe9c7802260b257935303efa02,Y,,
ACQ-20221014-CELL-025,B05,drive1_FRIO-X6,Cell observer\Maria Jesus\MJS_HEx40\ID167_HEx40_RV2.czi,,,c2f4a6d9d5fe1dc60a227d3d7e3208c6528a88b1537b81012ee483be9740cf2b,Y,,
ACQ-20221014-CELL-026,B05,drive1_FRIO-X6,Cell observer\Maria Jesus\MJS_HEx40\ID168_HEx10.czi,,,4da6031b90c482b5ae8547105cd49d7e4cb1a86980f807b660408162e9820793,Y,,
ACQ-20221014-CELL-027,B05,drive1_FRIO-X6,Cell observer\Maria Jesus\MJS_HEx40\ID168_HEx40_LV1.czi,,,dcc77020473c8e2b4843920b0057d5a282140dbed4348176dad8058a7a11babe,Y,,
ACQ-20221014-CELL-028,B05,drive1_FRIO-X6,Cell observer\Maria Jesus\MJS_HEx40\ID168_HEx40_LV2.czi,,,1d248d96750dcc05ad5ab915d3fa9e5aca202bf384f4128dc3cf3244bc140c57,Y,,
ACQ-20221014-CELL-029,B05,drive1_FRIO-X6,Cell observer\Maria Jesus\MJS_HEx40\ID168_HEx40_RV1.czi,,,72b1ccf3b0e791b16c460dae437366d015ebd8b0f03640ff84287d5cd47f29f8,Y,,
ACQ-20221014-CELL-030,B05,drive1_FRIO-X6,Cell observer\Maria Jesus\MJS_HEx40\ID168_HEx40_RV2.czi,,,2a64e74b237519db0aef072b65fc2e28bf853238e76b11e84047aed5213c4b8d,Y,,
ACQ-20221019-CELL-001,B05,drive1_FRIO-X6,Cell observer\Maria Jesus\MJS_HEx40\ID152_HEx10.czi,,,c45208e7c40fc40b8707291d7f5947b6ef4dbedbc62ac2a6d5317856e50c3ef8,Y,,
ACQ-20221019-CELL-002,B05,drive1_FRIO-X6,Cell observer\Maria Jesus\MJS_HEx40\ID152_HEx40_LV1.czi,,,973e81233c383a515a8079bd12b263a3bbf0c897e36945e130350144a9540053,Y,,
ACQ-20221019-CELL-003,B05,drive1_FRIO-X6,Cell observer\Maria Jesus\MJS_HEx40\ID152_HEx40_LV2.czi,,,416499c25ba8faeb0470d6e6c8260d3ea9ce23024e2bb797d4fb91432b397ba7,Y,,
ACQ-20221019-CELL-004,B05,drive1_FRIO-X6,Cell observer\Maria Jesus\MJS_HEx40\ID152_HEx40_RV1.czi,,,6624c8f23df4767c22ddcca2bfbb8478c4818306839b93e17c0a23f8447ed93b,Y,,
ACQ-20221019-CELL-005,B05,drive1_FRIO-X6,Cell observer\Maria Jesus\MJS_HEx40\ID152_HEx40_RV2.czi,,,59ef9e8a065992b3fc037e56f3f6854b11dbd58ec07b6d703607f6c8626801b2,Y,,
ACQ-20221019-CELL-006,B05,drive1_FRIO-X6,Cell observer\Maria Jesus\MJS_HEx40\ID153_HEx10.czi,,,2e49f2b6428c30ac504183a9a8517a64fc121b86caa0456509dc8bf1a9559253,Y,,
ACQ-20221019-CELL-007,B05,drive1_FRIO-X6,Cell observer\Maria Jesus\MJS_HEx40\ID153_HEx40_LV1.czi,,,a2c53c8bc778f7851b476c95cb19bba1b34603ed333d53c306e849e23119bb75,Y,,
ACQ-20221019-CELL-008,B05,drive1_FRIO-X6,Cell observer\Maria Jesus\MJS_HEx40\ID153_HEx40_LV2.czi,,,9dbc320cdb5d8c05a6bffb0050a6da07406dc0ee2b135ccd8996f9a3bffb60d3,Y,,
ACQ-20221019-CELL-009,B05,drive1_FRIO-X6,Cell observer\Maria Jesus\MJS_HEx40\ID153_HEx40_RV1.czi,,,c9708a5538cf500a998d18ae0a9dfc116f1e13a933e0609c15cfec7e584956d7,Y,,
ACQ-20221019-CELL-010,B05,drive1_FRIO-X6,Cell observer\Maria Jesus\MJS_HEx40\ID153_HEx40_RV2.czi,,,1d79d880188f93aa556997de9df58b81ac4362f936ca02ace3eb4b9ac7dacf63,Y,,
ACQ-20221019-CELL-011,B05,drive1_FRIO-X6,Cell observer\Maria Jesus\MJS_HEx40\ID154_HEx10.czi,,,2c5a55075911efa58b2db97d09aa20a88a3d4c6827299fffc9892ac40a4e3e8c,Y,,
ACQ-20221019-CELL-012,B05,drive1_FRIO-X6,Cell observer\Maria Jesus\MJS_HEx40\ID154_HEx40_LV1.czi,,,f8074dddca98b1d021f2e7d7b6c91cee61a2dc127200c14461eff26bc6c83bf2,Y,,
ACQ-20221019-CELL-013,B05,drive1_FRIO-X6,Cell observer\Maria Jesus\MJS_HEx40\ID154_HEx40_LV2.czi,,,fb285a770e7a44ca109284e6dca833807f14f75a159a5f3eaeb66a34757a8a5b,Y,,
ACQ-20221019-CELL-014,B05,drive1_FRIO-X6,Cell observer\Maria Jesus\MJS_HEx40\ID154_HEx40_RV1.czi,,,161ebdce4a2b5f021e1afa6f6bedb9d900e39b8a666e967ab04dc41b912afa57,Y,,
ACQ-20221019-CELL-015,B05,drive1_FRIO-X6,Cell observer\Maria Jesus\MJS_HEx40\ID154_HEx40_RV2.czi,,,2ddcfa24c50fe085ceca39d6b11d1afab56db6148ae6d18c4d7d67e59cf735c7,Y,,
ACQ-20221019-CELL-016,B05,drive1_FRIO-X6,Cell observer\Maria Jesus\MJS_HEx40\ID159_HEx10.czi,,,5ed4ecf60910092b02a7cfece7153dafa0ceaabfb02c544b1bdfe422220f7760,Y,,
ACQ-20221019-CELL-017,B05,drive1_FRIO-X6,Cell observer\Maria Jesus\MJS_HEx40\ID159_HEx40_LV1.czi,,,3c1be91e61ceb4eb32df020283dec2ae4f085cf9452d7dd1696b3f4143904251,Y,,
ACQ-20221019-CELL-018,B05,drive1_FRIO-X6,Cell observer\Maria Jesus\MJS_HEx40\ID159_HEx40_LV2.czi,,,50ccf3733802589e2301588430b777b21c0240b70a3942c5d4747d9d30b3ac1b,Y,,
ACQ-20221019-CELL-019,B05,drive1_FRIO-X6,Cell observer\Maria Jesus\MJS_HEx40\ID159_HEx40_RV1.czi,,,d2d0e8b01e74c8b0219662b1a4a4af52ee3876e71d689de2f70a3cadfc7e7aaa,Y,,
ACQ-20221019-CELL-020,B05,drive1_FRIO-X6,Cell observer\Maria Jesus\MJS_HEx40\ID159_HEx40_RV2.czi,,,83bd4a99dc496f6c91a7c6db4f79517edfad9b8adc69aa787971d7fc7221ae3c,Y,,
ACQ-20221019-CELL-021,B05,drive1_FRIO-X6,Cell observer\Maria Jesus\MJS_HEx40\ID160_HEx10.czi,,,3cc7b4c43a64a10de41c8bfad12d61d02df948e0e117da0e5076da23d65860bc,Y,,
ACQ-20221019-CELL-022,B05,drive1_FRIO-X6,Cell observer\Maria Jesus\MJS_HEx40\ID160_HEx40_LV1.czi,,,0f9a65bbbaaac49041b92637e9b5c74a6d94736b212cdfc65ffdc158ff21bc5e,Y,,
ACQ-20221019-CELL-023,B05,drive1_FRIO-X6,Cell observer\Maria Jesus\MJS_HEx40\ID160_HEx40_LV2.czi,,,37be8fefaf89394ef60541ae735b677f740bdafe20a2ca5dc92425078d8674e6,Y,,
ACQ-20221019-CELL-024,B05,drive1_FRIO-X6,Cell observer\Maria Jesus\MJS_HEx40\ID160_HEx40_RV1.czi,,,b6d9dc5fc5517a13221c00a1822b70ed330a95ec396b95a3f2fc47a2821e2d81,Y,,
ACQ-20221019-CELL-025,B05,drive1_FRIO-X6,Cell observer\Maria Jesus\MJS_HEx40\ID160_HEx40_RV2.czi,,,05a3ac9259cebad1c63c27de45182ddff429a3057a2e4723a26591c136848990,Y,,
ACQ-20221019-CELL-026,B05,drive1_FRIO-X6,Cell observer\Maria Jesus\MJS_HEx40\ID161_HEx10.czi,,,f740717db67d41547c33ae64771f4db6338800574044f333e55ca21da561921e,Y,,
ACQ-20221019-CELL-027,B05,drive1_FRIO-X6,Cell observer\Maria Jesus\MJS_HEx40\ID161_HEx40_LV1.czi,,,47ad490e5d9d990fcbe160ef4a5d1782064a20a99efec65921a02a666e9e9a46,Y,,
ACQ-20221019-CELL-028,B05,drive1_FRIO-X6,Cell observer\Maria Jesus\MJS_HEx40\ID161_HEx40_LV2.czi,,,047a80c650a9465140ab9ffaaa4c2c3fe0e011f50f9d2f5e4579a17b71440ab7,Y,,
ACQ-20221019-CELL-029,B05,drive1_FRIO-X6,Cell observer\Maria Jesus\MJS_HEx40\ID161_HEx40_RV1.czi,,,f90d7417255c78549b700afa1f506ccadeeb2f7999b62a1e17455c8823c2927a,Y,,
ACQ-20221019-CELL-030,B05,drive1_FRIO-X6,Cell observer\Maria Jesus\MJS_HEx40\ID161_HEx40_RV2.czi,,,c62e7aee420af0d87f2c34f32e85844b40ae360622e27cc94357d4663d2f12cd,Y,,
ACQ-20221107-CELL-001,B02,drive1_FRIO-X6,Cell observer\AINHIZE\118 LUCIA\PB Lucia\ID132_Lung_PB_20x_1.czi,,,ab537ab2c9d4e7121a5305f6c3d614e6d25f74089bec6381b693eb69433831ca,Y,drive1_FRIO-X6/Cell observer/Lucia_Azul de Prussia (Ainhize)/ID132_Lung_PB_20x_1.czi,
ACQ-20221107-CELL-002,B02,drive1_FRIO-X6,Cell observer\AINHIZE\118 LUCIA\PB Lucia\ID132_Lung_PB_20x_2.czi,,,400d2606e25042033758b60266dda353e0e47ad4a62af79682c5b8cca564efe2,Y,drive1_FRIO-X6/Cell observer/Lucia_Azul de Prussia (Ainhize)/ID132_Lung_PB_20x_2.czi,
ACQ-20221107-CELL-003,B02,drive1_FRIO-X6,Cell observer\AINHIZE\118 LUCIA\PB Lucia\ID132_Lung_PB_20x_3.czi,,,9a958eeb59c193eb47e89e9b681117e81b05b144e63f27ecb2f425d09ed79f2d,Y,drive1_FRIO-X6/Cell observer/Lucia_Azul de Prussia (Ainhize)/ID132_Lung_PB_20x_3.czi,
ACQ-20221107-CELL-004,B02,drive1_FRIO-X6,Cell observer\AINHIZE\118 LUCIA\PB Lucia\ID132_Lung_PB_20x_4.czi,,,cb17820d0c0e8394fc531d6bf9a879cc3185b47f845db32d1803e8c35fd7d11e,Y,drive1_FRIO-X6/Cell observer/Lucia_Azul de Prussia (Ainhize)/ID132_Lung_PB_20x_4.czi,
ACQ-20221107-CELL-005,B02,drive1_FRIO-X6,Cell observer\AINHIZE\118 LUCIA\PB Lucia\ID132_Lung_PB_20x_5.czi,,,6ec843169918cd9bb25e2f9892de83bb9a2bfa9ac21cc1182b62a1da489bf333,Y,drive1_FRIO-X6/Cell observer/Lucia_Azul de Prussia (Ainhize)/ID132_Lung_PB_20x_5.czi,
ACQ-20221107-CELL-006,B02,drive1_FRIO-X6,Cell observer\AINHIZE\118 LUCIA\PB Lucia\ID132_Lung_PB_20x_6.czi,,,a284f67a02790b81206510b0a4c1a1bc27965ade558b4f97edce84ac92c53482,Y,drive1_FRIO-X6/Cell observer/Lucia_Azul de Prussia (Ainhize)/ID132_Lung_PB_20x_6.czi,
ACQ-20221107-CELL-007,B02,drive1_FRIO-X6,Cell observer\AINHIZE\118 LUCIA\PB Lucia\ID132_Lung_PB_20x_7.czi,,,706270243b889e9de6d9bfb10cf93464df23714d0a58cf831bdea315b4c1277e,Y,drive1_FRIO-X6/Cell observer/Lucia_Azul de Prussia (Ainhize)/ID132_Lung_PB_20x_7.czi,
ACQ-20221107-CELL-008,B02,drive1_FRIO-X6,Cell observer\AINHIZE\118 LUCIA\PB Lucia\ID144_Lung_PB_20x_1.czi,,,1e516d07f824547ed404bcb7c08888c8d8953f0fa556a37ef2ceebdfa1981888,Y,drive1_FRIO-X6/Cell observer/Lucia_Azul de Prussia (Ainhize)/ID144_Lung_PB_20x_1.czi,
ACQ-20221107-CELL-009,B02,drive1_FRIO-X6,Cell observer\AINHIZE\118 LUCIA\PB Lucia\ID144_Lung_PB_20x_2.czi,,,a7b38a62c84ea4344a5bfdf7ef98b27640c6ad176f5fb3dbe854c81349205eae,Y,drive1_FRIO-X6/Cell observer/Lucia_Azul de Prussia (Ainhize)/ID144_Lung_PB_20x_2.czi,
ACQ-20221107-CELL-010,B02,drive1_FRIO-X6,Cell observer\AINHIZE\118 LUCIA\PB Lucia\ID144_Lung_PB_20x_3.czi,,,420a925effc4e36c7b9709b83820e35fed8778511f3279fe1b6c295d65da0ba2,Y,drive1_FRIO-X6/Cell observer/Lucia_Azul de Prussia (Ainhize)/ID144_Lung_PB_20x_3.czi,
ACQ-20221107-CELL-011,B02,drive1_FRIO-X6,Cell observer\AINHIZE\118 LUCIA\PB Lucia\ID144_Lung_PB_20x_4.czi,,,0219ecd1a0ae156fa3563846468020e5619ba0a5e10cffb73b96aee2c5536337,Y,drive1_FRIO-X6/Cell observer/Lucia_Azul de Prussia (Ainhize)/ID144_Lung_PB_20x_4.czi,
ACQ-20221107-CELL-012,B02,drive1_FRIO-X6,Cell observer\AINHIZE\118 LUCIA\PB Lucia\ID145_Lung_PB.czi,,,8172cd064e1ef22cbea2fcd145a9cc8b6a342a07484cd63029389561a275fae4,Y,,
ACQ-20230213-CELL-001,B05,drive1_FRIO-X6,,Drive zuri 170823.zip,Drive zuri 170823/PAPERS/beta gal 130223/7822/20x-1.czi,2dbd2048863f54b942bc5b3b71aa8129c045bf7447573ca12eafd452c8951bdd,Y,,
ACQ-20230213-CELL-002,B05,drive1_FRIO-X6,,Drive zuri 170823.zip,Drive zuri 170823/PAPERS/beta gal 130223/7822/20x-10.czi,49019ff63900b81ffa3e12f5eb52b731ecd8412ff92405cdaa87873bda7ba45b,Y,,
ACQ-20230213-CELL-003,B05,drive1_FRIO-X6,,Drive zuri 170823.zip,Drive zuri 170823/PAPERS/beta gal 130223/7822/20x-2.czi,8c5fd99d9d0af1f5bb9fa683aca1c10e1e686175106a560592275879b3565fc9,Y,,
ACQ-20230213-CELL-004,B05,drive1_FRIO-X6,,Drive zuri 170823.zip,Drive zuri 170823/PAPERS/beta gal 130223/7822/20x-3.czi,06d6271d85ba7281e3c7253d519abdb96d3fecbbe988e1f5c0277b8061ee55a1,Y,,
ACQ-20230213-CELL-005,B05,drive1_FRIO-X6,,Drive zuri 170823.zip,Drive zuri 170823/PAPERS/beta gal 130223/7822/20x-4.czi,2ba263cdf4447275ce2a520e0b03b1033876dff886028e21ebb58e7aea213117,Y,,
ACQ-20230213-CELL-006,B05,drive1_FRIO-X6,,Drive zuri 170823.zip,Drive zuri 170823/PAPERS/beta gal 130223/7822/20x-58.czi,e772debefa3cd8e98578c6ce9ab6f75fef4494a9a1323dede42dbdbb82a24a78,Y,,
ACQ-20230213-CELL-007,B05,drive1_FRIO-X6,,Drive zuri 170823.zip,Drive zuri 170823/PAPERS/beta gal 130223/7822/20x-6.czi,f2b97059126d78044a5ecdc51e25001470e6efa94fad3894cc7bd16f46f7c72c,Y,,
ACQ-20230213-CELL-008,B05,drive1_FRIO-X6,,Drive zuri 170823.zip,Drive zuri 170823/PAPERS/beta gal 130223/7822/20x-7.czi,ede1988adcc3d0f578db07d651b14bf655f6a0b80718e68c4ef1b7c7900a6005,Y,,
ACQ-20230213-CELL-009,B05,drive1_FRIO-X6,,Drive zuri 170823.zip,Drive zuri 170823/PAPERS/beta gal 130223/7822/20x-8.czi,aaa4fb0318cb5c752b365d844f448710400d47669e4efe188fbf96f8737e28f1,Y,,
ACQ-20230213-CELL-010,B05,drive1_FRIO-X6,,Drive zuri 170823.zip,Drive zuri 170823/PAPERS/beta gal 130223/7822/20x-9.czi,d9d7798613026c0e3f020ee5e65c3953c44a909c2995af19b1af35260190ed1a,Y,,
ACQ-20230213-CELL-011,B05,drive1_FRIO-X6,,Drive zuri 170823.zip,Drive zuri 170823/PAPERS/beta gal 130223/7916/20x-1.czi,62797d549116591e6745d3d8e968055a2faeaa2812138d1755b06bef4aa64158,Y,,
ACQ-20230213-CELL-012,B05,drive1_FRIO-X6,,Drive zuri 170823.zip,Drive zuri 170823/PAPERS/beta gal 130223/7916/20x-10.czi,b4482b0df0825893586a51d29afbc96a6fa4409ab8b343d948192597e1ea2099,Y,,
ACQ-20230213-CELL-013,B05,drive1_FRIO-X6,,Drive zuri 170823.zip,Drive zuri 170823/PAPERS/beta gal 130223/7916/20x-2.czi,980617b8b3da3f7ccdb9d645f8230bbc2694d51ac1fb82747428733ab840f5c6,Y,,
ACQ-20230213-CELL-014,B05,drive1_FRIO-X6,,Drive zuri 170823.zip,Drive zuri 170823/PAPERS/beta gal 130223/7916/20x-3.czi,43da13bd9b57db9d411bcb12d9a9fcf3d5650702b471e26946143e1ad223d9ec,Y,,
ACQ-20230213-CELL-015,B05,drive1_FRIO-X6,,Drive zuri 170823.zip,Drive zuri 170823/PAPERS/beta gal 130223/7916/20x-4.czi,726a2f066d469a13417fdb5303631b1000bc8a8be1bba296d25494640bb90c87,Y,,
ACQ-20230213-CELL-016,B05,drive1_FRIO-X6,,Drive zuri 170823.zip,Drive zuri 170823/PAPERS/beta gal 130223/7916/20x-5.czi,0cb41c510bc8f66e0522ceba822af65369f039859e53a2da4ad4fb3ef9a882eb,Y,,
ACQ-20230213-CELL-017,B05,drive1_FRIO-X6,,Drive zuri 170823.zip,Drive zuri 170823/PAPERS/beta gal 130223/7916/20x-6.czi,8b1c5ab2a89d54a299b4dd34e0e79d5d8e7aa065726bb2bdc276f57e5d9988c8,Y,,
ACQ-20230213-CELL-018,B05,drive1_FRIO-X6,,Drive zuri 170823.zip,Drive zuri 170823/PAPERS/beta gal 130223/7916/20x-7.czi,b3086c10ad545c942315fb62ade487c084a73e38e8b2340df3895dd639428a7c,Y,,
ACQ-20230213-CELL-019,B05,drive1_FRIO-X6,,Drive zuri 170823.zip,Drive zuri 170823/PAPERS/beta gal 130223/7916/20x-8.czi,4a8b44177eeb5e8025f427eaf44915f1e8981d9c5d0a0068661fd3301148598f,Y,,
ACQ-20230213-CELL-020,B05,drive1_FRIO-X6,,Drive zuri 170823.zip,Drive zuri 170823/PAPERS/beta gal 130223/7916/20x-9.czi,3fdfbc631d852991798b7589c5a721e1a3c4c2a71f9427575de71c811cdeb9ad,Y,,
ACQ-20230213-CELL-021,B05,drive1_FRIO-X6,,Drive zuri 170823.zip,Drive zuri 170823/PAPERS/beta gal 130223/8141/20x-1.czi,e35b07476df608fa6d0f264d8de53e1eaf0a5ba5c9d910864a957451d8c086f2,Y,,
ACQ-20230213-CELL-022,B05,drive1_FRIO-X6,,Drive zuri 170823.zip,Drive zuri 170823/PAPERS/beta gal 130223/8141/20x-10.czi,8b2baccde36edc008515ab1bb14c080307e42aec5c2c3e09eab7db5e7dc10e8c,Y,,
ACQ-20230213-CELL-023,B05,drive1_FRIO-X6,,Drive zuri 170823.zip,Drive zuri 170823/PAPERS/beta gal 130223/8141/20x-2.czi,c5ac969b252f7a52923377fd42db95903ab8d97b575e291ca4186415813dd0ad,Y,,
ACQ-20230213-CELL-024,B05,drive1_FRIO-X6,,Drive zuri 170823.zip,Drive zuri 170823/PAPERS/beta gal 130223/8141/20x-3.czi,34b21c4f50042beb29905c82a3c3dfd2181f759535ad6d05f1a947cbff1efc2d,Y,,
ACQ-20230213-CELL-025,B05,drive1_FRIO-X6,,Drive zuri 170823.zip,Drive zuri 170823/PAPERS/beta gal 130223/8141/20x-4.czi,fa086f9feb9d68b9c0013c7b2cbd686d0f5a30521f2a794b3a899948659b19e8,Y,,
ACQ-20230213-CELL-026,B05,drive1_FRIO-X6,,Drive zuri 170823.zip,Drive zuri 170823/PAPERS/beta gal 130223/8141/20x-5.czi,3f3a2789982fbfedec0a0f9d82dafbb372ef81efee495c942242f890c6c8ef07,Y,,
ACQ-20230213-CELL-027,B05,drive1_FRIO-X6,,Drive zuri 170823.zip,Drive zuri 170823/PAPERS/beta gal 130223/8141/20x-6.czi,ca1e29b29860f841d057701d437aecb771f388a1a3f1e95a22bf75e54b60cc48,Y,,
ACQ-20230213-CELL-028,B05,drive1_FRIO-X6,,Drive zuri 170823.zip,Drive zuri 170823/PAPERS/beta gal 130223/8141/20x-7.czi,dfe9024b700d2ac83c285bbdbfec48d9d0a9be5bf5b43f731170119d26afdc1e,Y,,
ACQ-20230213-CELL-029,B05,drive1_FRIO-X6,,Drive zuri 170823.zip,Drive zuri 170823/PAPERS/beta gal 130223/8141/20x-8.czi,f7be1a4d2bb4a543e03817cebd20a4730e2343ba799cf026f008d3888ace8c01,Y,,
ACQ-20230213-CELL-030,B05,drive1_FRIO-X6,,Drive zuri 170823.zip,Drive zuri 170823/PAPERS/beta gal 130223/8141/20x-9.czi,1c955b2b4d05e49905ed219ab72deb81659c69bbcc2c471d033270c5f095b795,Y,,
ACQ-20230213-CELL-031,B05,drive1_FRIO-X6,,Drive zuri 170823.zip,Drive zuri 170823/PAPERS/beta gal 130223/8143/20x-1.czi,9737e62b463219b3a1eedc154e346fbf604bca00eabaf66845101f8e892300a6,Y,,
ACQ-20230213-CELL-032,B05,drive1_FRIO-X6,,Drive zuri 170823.zip,Drive zuri 170823/PAPERS/beta gal 130223/8143/20x-10.czi,c7a7fc5b6ca18d92d6c1c48890da4df7d518749e48e77afb359aabd7d0d1b94e,Y,,
ACQ-20230213-CELL-033,B05,drive1_FRIO-X6,,Drive zuri 170823.zip,Drive zuri 170823/PAPERS/beta gal 130223/8143/20x-11.czi,3cae1921b169d71a6afa230f70c8bfcd6aaa808d754db06e155bf09b9744ab22,Y,,
ACQ-20230213-CELL-034,B05,drive1_FRIO-X6,,Drive zuri 170823.zip,Drive zuri 170823/PAPERS/beta gal 130223/8143/20x-2.czi,43418ad9788d219d04f8d614c222d7b173222bfd6b66bc73e30edb86b798cee8,Y,,
ACQ-20230213-CELL-035,B05,drive1_FRIO-X6,,Drive zuri 170823.zip,Drive zuri 170823/PAPERS/beta gal 130223/8143/20x-3.czi,de7784f721c6de06ece1e71adec5060bd736f8bee31933452b2f4e0b785dc3c4,Y,,
ACQ-20230213-CELL-036,B05,drive1_FRIO-X6,,Drive zuri 170823.zip,Drive zuri 170823/PAPERS/beta gal 130223/8143/20x-4.czi,fbc4ee20cb026f1e238bf2eae1f97fb0d767eacce1f9c8d66466fced2813061d,Y,,
ACQ-20230213-CELL-037,B05,drive1_FRIO-X6,,Drive zuri 170823.zip,Drive zuri 170823/PAPERS/beta gal 130223/8143/20x-5.czi,ee2da6f6853c80c0299f37379d4be415dc6377e9a787812234267f339c5fdb6b,Y,,
ACQ-20230213-CELL-038,B05,drive1_FRIO-X6,,Drive zuri 170823.zip,Drive zuri 170823/PAPERS/beta gal 130223/8143/20x-6.czi,52d0c1092e3044d06f7ec787a0d0e8c3cb6354133d0477c666b294df0de1a73e,Y,,
ACQ-20230213-CELL-039,B05,drive1_FRIO-X6,,Drive zuri 170823.zip,Drive zuri 170823/PAPERS/beta gal 130223/8143/20x-7.czi,ba0077a9f5105a5ff42f71920cc2e9bae04a8fdf8786f7997057ec12a8245f17,Y,,
ACQ-20230213-CELL-040,B05,drive1_FRIO-X6,,Drive zuri 170823.zip,Drive zuri 170823/PAPERS/beta gal 130223/8143/20x-8.czi,1a66adaf72b8d43ba3350f7a39ff6ae14ca559072220accc74cce1b42deab074,Y,,
ACQ-20230213-CELL-041,B05,drive1_FRIO-X6,,Drive zuri 170823.zip,Drive zuri 170823/PAPERS/beta gal 130223/8143/20x-9.czi,c2d48139f2f86bba2c9e7c9c3fbbc5cd5cd481051f674dbfd66a54e6b48acf14,Y,,
ACQ-20230213-CELL-042,B05,drive1_FRIO-X6,,Drive zuri 170823.zip,Drive zuri 170823/PAPERS/beta gal 130223/8169/20x-1.czi,b4dd7f743986a4caf11eaee2814cd46abf3271d605a8aec094f6851cfead2ce8,Y,,
ACQ-20230213-CELL-043,B05,drive1_FRIO-X6,,Drive zuri 170823.zip,Drive zuri 170823/PAPERS/beta gal 130223/8169/20x-2.czi,72e829a0189377157242ec3880e8e3e15c3f24356e7dc9ca4e2ffdfcf78b3d67,Y,,
ACQ-20230213-CELL-044,B05,drive1_FRIO-X6,,Drive zuri 170823.zip,Drive zuri 170823/PAPERS/beta gal 130223/8169/20x-3.czi,64dcb3880c73baede33685e5a1a5494865057dce78a6318ec16ee374a62af963,Y,,
ACQ-20230213-CELL-045,B05,drive1_FRIO-X6,,Drive zuri 170823.zip,Drive zuri 170823/PAPERS/beta gal 130223/8169/20x-4.czi,dc67feaa602a8b7e4975fad77fbf017779176f6d620013475b8fda96ce0fba20,Y,,
ACQ-20230213-CELL-046,B05,drive1_FRIO-X6,,Drive zuri 170823.zip,Drive zuri 170823/PAPERS/beta gal 130223/8169/20x-5.czi,5f3322e90693b0bb1b214a0965dee288a5725dac6ed6994cba6000d8f05be168,Y,,
ACQ-20230213-CELL-047,B05,drive1_FRIO-X6,,Drive zuri 170823.zip,Drive zuri 170823/PAPERS/beta gal 130223/8169/20x-6.czi,81de3a2c6093636d96158cc0c349ba55f3b8a3d2bb30b7378cabf5c39eff18fd,Y,,
ACQ-20230213-CELL-048,B05,drive1_FRIO-X6,,Drive zuri 170823.zip,Drive zuri 170823/PAPERS/beta gal 130223/8169/20x-7.czi,61d3f834b54041980291b876c86d331f0fdda8e5a737fdd6f24ee36372d5b4fe,Y,,
ACQ-20230213-CELL-049,B05,drive1_FRIO-X6,,Drive zuri 170823.zip,Drive zuri 170823/PAPERS/beta gal 130223/8169/20x-8.czi,8df16d989dc4f08a630ea3808e2e78cdbe5f42da8a7530a539d15c5326196b23,Y,,
ACQ-20230213-CELL-050,B05,drive1_FRIO-X6,,Drive zuri 170823.zip,Drive zuri 170823/PAPERS/beta gal 130223/8170/20x-1.czi,b0ac04e6fedf2f4f98f5cbd026f56f43275ed0f49ed3501d0a96fde997bed951,Y,,
ACQ-20230213-CELL-051,B05,drive1_FRIO-X6,,Drive zuri 170823.zip,Drive zuri 170823/PAPERS/beta gal 130223/8170/20x-2.czi,d16b0e901d5e93f8916d7e0c5379a72e1b74113a9789c2539e5405a11ca2a61c,Y,,
ACQ-20230213-CELL-052,B05,drive1_FRIO-X6,,Drive zuri 170823.zip,Drive zuri 170823/PAPERS/beta gal 130223/8170/20x-3.czi,842e77efcc8d637d0ccce9ebb3b25735f845f308ab614e5c8d6ee0dba153ace0,Y,,
ACQ-20230213-CELL-053,B05,drive1_FRIO-X6,,Drive zuri 170823.zip,Drive zuri 170823/PAPERS/beta gal 130223/8170/20x-4.czi,bacf7d4e1598c37168c0b6757d95ea61cc4b9cc15af9a95afec843b1c542f415,Y,,
ACQ-20230213-CELL-054,B05,drive1_FRIO-X6,,Drive zuri 170823.zip,Drive zuri 170823/PAPERS/beta gal 130223/8170/20x-56.czi,08280f02ecfc8350290b004acd4a5c976b8a7a4709e4e39d5aca22475368d39d,Y,,
ACQ-20230213-CELL-055,B05,drive1_FRIO-X6,,Drive zuri 170823.zip,Drive zuri 170823/PAPERS/beta gal 130223/8170/20x-7.czi,a8e8dc3a6bb0d514c9630bf0661ade3d2416d220003941c8de5287643b2a0c96,Y,,
ACQ-20230213-CELL-056,B05,drive1_FRIO-X6,,Drive zuri 170823.zip,Drive zuri 170823/PAPERS/beta gal 130223/8170/20x-8.czi,a06b375c73ae65bc91254e3ee6914c381d22f110a9184ef565c91eb7ded5e15f,Y,,
ACQ-20230213-CELL-057,B05,drive1_FRIO-X6,,Drive zuri 170823.zip,Drive zuri 170823/PAPERS/beta gal 130223/8170/20x-9.czi,c7168f089f1ec46f58e8f8395daf7f3c7a4d8124664bb8f141337a778abf8fb7,Y,,
ACQ-20230213-CELL-058,B05,drive1_FRIO-X6,,Drive zuri 170823.zip,Drive zuri 170823/PAPERS/beta gal 130223/8171/20x-1.czi,e539ef55757686fe77cbd1cff637a92be3af1ee352bca3c1c3b9a015019dc8c8,Y,,
ACQ-20230213-CELL-059,B05,drive1_FRIO-X6,,Drive zuri 170823.zip,Drive zuri 170823/PAPERS/beta gal 130223/8171/20x-10.czi,72329aaff973fb9f5e60d2e264aa415ae383de9c66c7d5d031fe71e476f5530e,Y,,
ACQ-20230213-CELL-060,B05,drive1_FRIO-X6,,Drive zuri 170823.zip,Drive zuri 170823/PAPERS/beta gal 130223/8171/20x-11.czi,77a274a0f02cef404d7fc2ee0bed068b7ae973a5e8a6a3680f1f5e52d6637060,Y,,
ACQ-20230213-CELL-061,B05,drive1_FRIO-X6,,Drive zuri 170823.zip,Drive zuri 170823/PAPERS/beta gal 130223/8171/20x-12.czi,7afacc6ddd77e9519f639991037be65fba10e7bb0e99d99fa86b509f27adceb8,Y,,
ACQ-20230213-CELL-062,B05,drive1_FRIO-X6,,Drive zuri 170823.zip,Drive zuri 170823/PAPERS/beta gal 130223/8171/20x-13.czi,7d1f0e2679f6c69f2d29bc90b06cf3136342344c122612d038eb7f4803b8a4ef,Y,,
ACQ-20230213-CELL-063,B05,drive1_FRIO-X6,,Drive zuri 170823.zip,Drive zuri 170823/PAPERS/beta gal 130223/8171/20x-2.czi,da5a358ae2b8dec5d018865f011ad0f9c3b441487087098547c5a39e18566c75,Y,,
ACQ-20230213-CELL-064,B05,drive1_FRIO-X6,,Drive zuri 170823.zip,Drive zuri 170823/PAPERS/beta gal 130223/8171/20x-3.czi,cfadf3efdf9acf12f6ffc6c7c0258cc24ecf2b6a83646daa2875eaf07947adf7,Y,,
ACQ-20230213-CELL-065,B05,drive1_FRIO-X6,,Drive zuri 170823.zip,Drive zuri 170823/PAPERS/beta gal 130223/8171/20x-4.czi,a5d9d3c7941f95e445ecf681b5b0bf6ac813f37b44ab8ec099edac4729e8503e,Y,,
ACQ-20230213-CELL-066,B05,drive1_FRIO-X6,,Drive zuri 170823.zip,Drive zuri 170823/PAPERS/beta gal 130223/8171/20x-5.czi,ff18eaac42b95d1a7c98f01a0cd149f2fe5ac648f30957cb12371de8f6e28368,Y,,
ACQ-20230213-CELL-067,B05,drive1_FRIO-X6,,Drive zuri 170823.zip,Drive zuri 170823/PAPERS/beta gal 130223/8171/20x-6.czi,b42c0fc2c84d64be5e7c64b275fa5023ccfb207e7b8959191c9e2bdde6137420,Y,,
ACQ-20230213-CELL-068,B05,drive1_FRIO-X6,,Drive zuri 170823.zip,Drive zuri 170823/PAPERS/beta gal 130223/8171/20x-7.czi,77c739b961c8b92e69d2b43bfda336b0d419074316a117a3dd35a2e80d223390,Y,,
ACQ-20230213-CELL-069,B05,drive1_FRIO-X6,,Drive zuri 170823.zip,Drive zuri 170823/PAPERS/beta gal 130223/8171/20x-8.czi,c97203c3cc800c0ef2d633133c9bdb72dd1efb05415f48b7cb7f204d8971a404,Y,,
ACQ-20230213-CELL-070,B05,drive1_FRIO-X6,,Drive zuri 170823.zip,Drive zuri 170823/PAPERS/beta gal 130223/8171/20x-9.czi,9d17877e10c9d51aa07352ad961083cc6c9e24ec383d7ef21350a3c39d4e0349,Y,,
ACQ-20230213-CELL-071,B05,drive1_FRIO-X6,,Drive zuri 170823.zip,Drive zuri 170823/PAPERS/beta gal 130223/8238/10x-1.czi,2c694661d606caf51d3cd3cc9a7c5d72cbbe67f39252ac253cfdf03bdaf5d72e,Y,,
ACQ-20230213-CELL-072,B05,drive1_FRIO-X6,,Drive zuri 170823.zip,Drive zuri 170823/PAPERS/beta gal 130223/8238/10x-2.czi,c202f72e3272a4fa408c95d5cfaddd06e6a8679e34625bbc3092dd0e45151029,Y,,
ACQ-20230213-CELL-073,B05,drive1_FRIO-X6,,Drive zuri 170823.zip,Drive zuri 170823/PAPERS/beta gal 130223/8238/10x-3.czi,b49a3fb647f7f84e40c3ee0de78cb0d1a7deef4fad51afb5db02aa99ed3e854e,Y,,
ACQ-20230213-CELL-074,B05,drive1_FRIO-X6,,Drive zuri 170823.zip,Drive zuri 170823/PAPERS/beta gal 130223/8238/20x-1.czi,14e2b9571d8a9439fd2e04e9213c0946be8946a8e1eea9b38ee1efb75a2e32b8,Y,,
ACQ-20230213-CELL-075,B05,drive1_FRIO-X6,,Drive zuri 170823.zip,Drive zuri 170823/PAPERS/beta gal 130223/8238/20x-10.czi,0bfaddcf893d1faeda0173653df092b2e4b06d4cd2a37c3658209a0d740f2abf,Y,,
ACQ-20230213-CELL-076,B05,drive1_FRIO-X6,,Drive zuri 170823.zip,Drive zuri 170823/PAPERS/beta gal 130223/8238/20x-11.czi,8551813e975b2cb674e184660bc65bd8e4c7f7137ed19b114f28d4ba0cefcb64,Y,,
ACQ-20230213-CELL-077,B05,drive1_FRIO-X6,,Drive zuri 170823.zip,Drive zuri 170823/PAPERS/beta gal 130223/8238/20x-12.czi,6302b1df53c5c37032520f47d8bfcc862253187ea18032941b278a41714358ff,Y,,
ACQ-20230213-CELL-078,B05,drive1_FRIO-X6,,Drive zuri 170823.zip,Drive zuri 170823/PAPERS/beta gal 130223/8238/20x-13.czi,42da490a0d3d06143480de583250d17e921c6b1904f13bbdd393d44f06c24a21,Y,,
ACQ-20230213-CELL-079,B05,drive1_FRIO-X6,,Drive zuri 170823.zip,Drive zuri 170823/PAPERS/beta gal 130223/8238/20x-3.czi,0a4e74c33a3ab8b90f9eea0cc36a9247b6f40558dfb0df9ea257584bf5164772,Y,,
ACQ-20230213-CELL-080,B05,drive1_FRIO-X6,,Drive zuri 170823.zip,Drive zuri 170823/PAPERS/beta gal 130223/8238/20x-4.czi,b36d9f965fd9ca02dd5fd83e1a80e5ffc51ef65261eeeef6d341298df29c7c80,Y,,
ACQ-20230213-CELL-081,B05,drive1_FRIO-X6,,Drive zuri 170823.zip,Drive zuri 170823/PAPERS/beta gal 130223/8238/20x-5.czi,6c6c534589675b4451ffe21b30472772f7ec2a252e4c549ef09b90ab2dde58e9,Y,,
ACQ-20230213-CELL-082,B05,drive1_FRIO-X6,,Drive zuri 170823.zip,Drive zuri 170823/PAPERS/beta gal 130223/8238/20x-6.czi,56c7f971df499a5a93a78894268d7757d80136831ee348cab3595ae6b2e85c46,Y,,
ACQ-20230213-CELL-083,B05,drive1_FRIO-X6,,Drive zuri 170823.zip,Drive zuri 170823/PAPERS/beta gal 130223/8238/20x-7.czi,37778dbed05800adab3d57f4d0bb4dcae4f76746e9b9df29366a22ec739d333e,Y,,
ACQ-20230213-CELL-084,B05,drive1_FRIO-X6,,Drive zuri 170823.zip,Drive zuri 170823/PAPERS/beta gal 130223/8238/20x-8.czi,9c67213a9f52417efc77a0d8205cc1d3e82c5f90831d946a123edabd88d91263,Y,,
ACQ-20230213-CELL-085,B05,drive1_FRIO-X6,,Drive zuri 170823.zip,Drive zuri 170823/PAPERS/beta gal 130223/8238/20x-9.czi,3b4b7a048141cfebe10603688ecebb7fb17b8d2b777e9d0bfd8ae4149566234d,Y,,
ACQ-20230213-CELL-086,B05,drive1_FRIO-X6,,Drive zuri 170823.zip,Drive zuri 170823/PAPERS/beta gal 130223/8238/20x21.czi,674e501b2c9df40af5341be51c591406a060c1fd61c8e4bb3b53a02724a0865d,Y,,
ACQ-20230213-CELL-087,B05,drive1_FRIO-X6,,Drive zuri 170823.zip,Drive zuri 170823/PAPERS/beta gal 130223/8239/20x-1.czi,211fa53c64584bd2ff80d1322df5e3939ab3ed4075f479309ddf3253e4f46c4d,Y,,
ACQ-20230213-CELL-088,B05,drive1_FRIO-X6,,Drive zuri 170823.zip,Drive zuri 170823/PAPERS/beta gal 130223/8239/20x-10.czi,05cc8911d806fbc3b87a811b5889be9af564f75c30ef4f05e17beb10981d7c94,Y,,
ACQ-20230213-CELL-089,B05,drive1_FRIO-X6,,Drive zuri 170823.zip,Drive zuri 170823/PAPERS/beta gal 130223/8239/20x-11.czi,8cfb657b3ce13b313ee16a8ed48cfb5f72877a10aa30ced147cc4903c3cfcd1a,Y,,
ACQ-20230213-CELL-090,B05,drive1_FRIO-X6,,Drive zuri 170823.zip,Drive zuri 170823/PAPERS/beta gal 130223/8239/20x-12.czi,5168e894c0283caa02bc7ad2b7f4fe308af2b0a0070abff3aed1efb8df0e18d9,Y,,
ACQ-20230213-CELL-091,B05,drive1_FRIO-X6,,Drive zuri 170823.zip,Drive zuri 170823/PAPERS/beta gal 130223/8239/20x-2.czi,9bfb9f09c786ac02ff658ff1a8ed413add3389eed516e136a338f7c7f762203a,Y,,
ACQ-20230213-CELL-092,B05,drive1_FRIO-X6,,Drive zuri 170823.zip,Drive zuri 170823/PAPERS/beta gal 130223/8239/20x-3.czi,67441acb69ac459065c77dfba61c0d5b652f0eec7d2e77485b19fa44badc604c,Y,,
ACQ-20230213-CELL-093,B05,drive1_FRIO-X6,,Drive zuri 170823.zip,Drive zuri 170823/PAPERS/beta gal 130223/8239/20x-4.czi,d77146e328b1ca4afed24684694ac21b60a2705b69f879f7cb46d93646fc095d,Y,,
ACQ-20230213-CELL-094,B05,drive1_FRIO-X6,,Drive zuri 170823.zip,Drive zuri 170823/PAPERS/beta gal 130223/8239/20x-5.czi,01913e17cfc7eda26ba1282f4ab39ef196e6f5f1f12825d0c5e272853c0b32bf,Y,,
ACQ-20230213-CELL-095,B05,drive1_FRIO-X6,,Drive zuri 170823.zip,Drive zuri 170823/PAPERS/beta gal 130223/8239/20x-7.czi,8c67a0dab53b422a439b662382ad464d5af7507291586911973be09729338493,Y,,
ACQ-20230213-CELL-096,B05,drive1_FRIO-X6,,Drive zuri 170823.zip,Drive zuri 170823/PAPERS/beta gal 130223/8239/20x-8.czi,b064cb77dac1175c5ed55a08dc66c8c78afc2435901b2a66f27807bfe219ae4d,Y,,
ACQ-20230213-CELL-097,B05,drive1_FRIO-X6,,Drive zuri 170823.zip,Drive zuri 170823/PAPERS/beta gal 130223/8239/20x-9.czi,e11644f676495db5d203e4387a798c5d89eceee335e957a1bfce4a782ed3a8cb,Y,,
ACQ-20230213-CELL-098,B05,drive1_FRIO-X6,,Drive zuri 170823.zip,Drive zuri 170823/PAPERS/beta gal 130223/8239/20x-96.czi,21d228b8cd17d499d76feb8e15e73165f565ff9dafc555fb04782ad01abb0047,Y,,
ACQ-20230213-CELL-099,B05,drive1_FRIO-X6,,Drive zuri 170823.zip,Drive zuri 170823/PAPERS/beta gal 130223/8244/20x-1.czi,dcf6e4134b2b07fef3fbed47ddd4649d677d911e930b40b340b7262c35f33263,Y,,
ACQ-20230213-CELL-100,B05,drive1_FRIO-X6,,Drive zuri 170823.zip,Drive zuri 170823/PAPERS/beta gal 130223/8244/20x-10.czi,b676d1d0c74b9de0cbbd73598e6120322d2d7cf574d34b2919b698f2aa30e9e6,Y,,
ACQ-20230213-CELL-101,B05,drive1_FRIO-X6,,Drive zuri 170823.zip,Drive zuri 170823/PAPERS/beta gal 130223/8244/20x-2.czi,0e5ab5ecac77c3517844cb64cdef2626c7095f703274ee7ff81556eaf7c8dec2,Y,,
ACQ-20230213-CELL-102,B05,drive1_FRIO-X6,,Drive zuri 170823.zip,Drive zuri 170823/PAPERS/beta gal 130223/8244/20x-3.czi,610f9ca1e852d55cdfe7bcd156e1dab80f0ca0a55d67ade1aa3d043aba409e5b,Y,,
ACQ-20230213-CELL-103,B05,drive1_FRIO-X6,,Drive zuri 170823.zip,Drive zuri 170823/PAPERS/beta gal 130223/8244/20x-4.czi,0bafa8cdf7b09e3b72ba0591397bf89ccd241bf892432c42b1bd42ce99ee6354,Y,,
ACQ-20230213-CELL-104,B05,drive1_FRIO-X6,,Drive zuri 170823.zip,Drive zuri 170823/PAPERS/beta gal 130223/8244/20x-5.czi,ccc444aa58e1f107ac0142c15998d574a64b6a8d7de341dc3ee0bb802906521b,Y,,
ACQ-20230213-CELL-105,B05,drive1_FRIO-X6,,Drive zuri 170823.zip,Drive zuri 170823/PAPERS/beta gal 130223/8244/20x-6.czi,b051c015a406982f7e88c0a12a3e6f28a5b198e3fe3a1c205a07ebd5caf757a4,Y,,
ACQ-20230213-CELL-106,B05,drive1_FRIO-X6,,Drive zuri 170823.zip,Drive zuri 170823/PAPERS/beta gal 130223/8244/20x-7.czi,40319352f71ca5eee6257baacd3190386a61f0d5aa945ff37cc9fc0e77c80dd1,Y,,
ACQ-20230213-CELL-107,B05,drive1_FRIO-X6,,Drive zuri 170823.zip,Drive zuri 170823/PAPERS/beta gal 130223/8244/20x-8.czi,e1d45bb991055aabac7d4a1ea4083b1dee74c5f5764cd6c70eff10f50cc91a7e,Y,,
ACQ-20230213-CELL-108,B05,drive1_FRIO-X6,,Drive zuri 170823.zip,Drive zuri 170823/PAPERS/beta gal 130223/8244/20x-9.czi,e48518a45a266e89d61b67944b2224d39d591389db95a88fc781d8fe05d53ad0,Y,,
ACQ-20230213-CELL-109,B05,drive1_FRIO-X6,,Drive zuri 170823.zip,Drive zuri 170823/PAPERS/beta gal 130223/8245/20x-1.czi,3092a38f8d9db3d4938ab5b16ed610e6fd7c98318ee75b6d4f50a0b2e6d95db2,Y,,
ACQ-20230213-CELL-110,B05,drive1_FRIO-X6,,Drive zuri 170823.zip,Drive zuri 170823/PAPERS/beta gal 130223/8245/20x-2.czi,26b7b08a17f6e1fb599acc62fd7fbe307ef551ad71068614e57f57830ad7138d,Y,,
ACQ-20230213-CELL-111,B05,drive1_FRIO-X6,,Drive zuri 170823.zip,Drive zuri 170823/PAPERS/beta gal 130223/8245/20x-3.czi,fe4d7c8f6ee5336995519061dbda6112836d7d3cc6558ea61462da6a24f349bc,Y,,
ACQ-20230213-CELL-112,B05,drive1_FRIO-X6,,Drive zuri 170823.zip,Drive zuri 170823/PAPERS/beta gal 130223/8245/20x-4.czi,9de52f656f3661ba3c9a83c9331f30cb223febe17192f08cbd61e74ed34657c5,Y,,
ACQ-20230213-CELL-113,B05,drive1_FRIO-X6,,Drive zuri 170823.zip,Drive zuri 170823/PAPERS/beta gal 130223/8245/20x-5.czi,81e5b7c9060cf12ab1ca0ff124ccb8107f6c6e2924ed6e6ff1509422fa2287d9,Y,,
ACQ-20230213-CELL-114,B05,drive1_FRIO-X6,,Drive zuri 170823.zip,Drive zuri 170823/PAPERS/beta gal 130223/8245/20x-6.czi,b6aa6b593d77c254f0f23034b1921d93ae54c36e78b841a1ab1316fa720a6974,Y,,
ACQ-20230213-CELL-115,B05,drive1_FRIO-X6,,Drive zuri 170823.zip,Drive zuri 170823/PAPERS/beta gal 130223/8245/20x-7.czi,deb903e41758f56d21f3d9577f2c3bba4872cd0701a858d3796186c0280558b8,Y,,
ACQ-20230213-CELL-116,B05,drive1_FRIO-X6,,Drive zuri 170823.zip,Drive zuri 170823/PAPERS/beta gal 130223/8245/20x-8.czi,5f795809a7783df7489939abb027e464300288e34bd84b984efc51387dbceaba,Y,,
ACQ-20230213-CELL-117,B05,drive1_FRIO-X6,,Drive zuri 170823.zip,Drive zuri 170823/PAPERS/beta gal 130223/8247/20x-1.czi,38cb68c554913edd9f0cbb76c08a64924b3e1f3282e1440ee51b073cb4ed07f9,Y,,
ACQ-20230213-CELL-118,B05,drive1_FRIO-X6,,Drive zuri 170823.zip,Drive zuri 170823/PAPERS/beta gal 130223/8247/20x-10.czi,247c79983ba3a2c7e871c44e9e4c4c8301677af6f0dc068c6ef398f5c56fe3ef,Y,,
ACQ-20230213-CELL-119,B05,drive1_FRIO-X6,,Drive zuri 170823.zip,Drive zuri 170823/PAPERS/beta gal 130223/8247/20x-11.czi,0f0a5e20c809f4b2bd387080845dd13be526aab1034e095f23daac0cc7703adc,Y,,
ACQ-20230213-CELL-120,B05,drive1_FRIO-X6,,Drive zuri 170823.zip,Drive zuri 170823/PAPERS/beta gal 130223/8247/20x-12.czi,2bc3364e55a021ba5b966bd0c57a4fe7924cb5d7fb26a84c97435bf46f4ff031,Y,,
ACQ-20230213-CELL-121,B05,drive1_FRIO-X6,,Drive zuri 170823.zip,Drive zuri 170823/PAPERS/beta gal 130223/8247/20x-2.czi,cb8db9f0a66f15f62e0c63b76aba95709790faccf18d903afe5db94b0029c087,Y,,
ACQ-20230213-CELL-122,B05,drive1_FRIO-X6,,Drive zuri 170823.zip,Drive zuri 170823/PAPERS/beta gal 130223/8247/20x-3.czi,d92c099939ec365d5ca6cc6764ecd426e1361c5fd775527ef2990d9a9ae6b56a,Y,,
ACQ-20230213-CELL-123,B05,drive1_FRIO-X6,,Drive zuri 170823.zip,Drive zuri 170823/PAPERS/beta gal 130223/8247/20x-4.czi,36c7ae31265785e9e362d0771f2af1cb46161a7f7594a4be7d683d7b72abab83,Y,,
ACQ-20230213-CELL-124,B05,drive1_FRIO-X6,,Drive zuri 170823.zip,Drive zuri 170823/PAPERS/beta gal 130223/8247/20x-5.czi,f6a46318892ee4972e6bb9b103aca79587761a4467259b59aa4fcaabbed1d287,Y,,
ACQ-20230213-CELL-125,B05,drive1_FRIO-X6,,Drive zuri 170823.zip,Drive zuri 170823/PAPERS/beta gal 130223/8247/20x-6.czi,af41d36610ea6327cd8e9082a777e8a2d16aa8ee50f505bcf84b585ab3320188,Y,,
ACQ-20230213-CELL-126,B05,drive1_FRIO-X6,,Drive zuri 170823.zip,Drive zuri 170823/PAPERS/beta gal 130223/8247/20x-7.czi,8a40520b33f38077cbdd0c238be016261f212e856cd2ffca7f7c469299628ded,Y,,
ACQ-20230213-CELL-127,B05,drive1_FRIO-X6,,Drive zuri 170823.zip,Drive zuri 170823/PAPERS/beta gal 130223/8247/20x-8.czi,d49ab180989dcca16f93ae25fd1f5fcb663ec5e4b9738bf2db1dcf22c2d6ac5e,Y,,
ACQ-20230213-CELL-128,B05,drive1_FRIO-X6,,Drive zuri 170823.zip,Drive zuri 170823/PAPERS/beta gal 130223/8247/20x-9.czi,47da924f30185bf60ca198cf9f8807c829c9c1872fc16f948b49ee658f732451,Y,,
ACQ-20230217-CELL-001,B05,drive1_FRIO-X6,,Drive zuri 170823.zip,Drive zuri 170823/PAPERS/beta gal 130223/20x-1.czi,2d599c73af5f50904b56492d8e36437e526ce447729c0d21b5139e6c64492048,Y,,
ACQ-20230217-CELL-002,B05,drive1_FRIO-X6,,Drive zuri 170823.zip,Drive zuri 170823/PAPERS/beta gal 130223/20x-10.czi,d21a4d30894d105c13336203ef05a579886920200d904fa99c997c135ab378d8,Y,,
ACQ-20230217-CELL-003,B05,drive1_FRIO-X6,,Drive zuri 170823.zip,Drive zuri 170823/PAPERS/beta gal 130223/20x-11.czi,da3a5a716236a0e00bf43027a7e46ffec8328d19a397ea8d7259cbdce8ccf4e1,Y,,
ACQ-20230217-CELL-004,B05,drive1_FRIO-X6,,Drive zuri 170823.zip,Drive zuri 170823/PAPERS/beta gal 130223/20x-12.czi,b67ecdc8b1780bc9a6d2be44836c13a0890aaa4665b0c4794da7beebebc54afd,Y,,
ACQ-20230217-CELL-005,B05,drive1_FRIO-X6,,Drive zuri 170823.zip,Drive zuri 170823/PAPERS/beta gal 130223/20x-2.czi,225292d7374f51f86aa601ad5bffdafdcdd0f0dc1ff84d80d148313ad0d99a5e,Y,,
ACQ-20230217-CELL-006,B05,drive1_FRIO-X6,,Drive zuri 170823.zip,Drive zuri 170823/PAPERS/beta gal 130223/20x-3.czi,9c435b79e3bfc194c396c42d2714f6a45ef767a0f7c3598e0cbce5752ee00c41,Y,,
ACQ-20230217-CELL-007,B05,drive1_FRIO-X6,,Drive zuri 170823.zip,Drive zuri 170823/PAPERS/beta gal 130223/20x-4.czi,0dcc655449a025830b50456ad715b80a5b460b55a48ac138a21ffa5d883953a2,Y,,
ACQ-20230217-CELL-008,B05,drive1_FRIO-X6,,Drive zuri 170823.zip,Drive zuri 170823/PAPERS/beta gal 130223/20x-5.czi,3bfe9216afe73cbde8afc21d30620b8c0374fe153f0584feeb0031f9ded3dbc2,Y,,
ACQ-20230217-CELL-009,B05,drive1_FRIO-X6,,Drive zuri 170823.zip,Drive zuri 170823/PAPERS/beta gal 130223/20x-6.czi,aa44b2f192aaa9e23ea91cf681bb776285caf7ae61cc623e81b37558c2a851af,Y,,
ACQ-20230217-CELL-010,B05,drive1_FRIO-X6,,Drive zuri 170823.zip,Drive zuri 170823/PAPERS/beta gal 130223/20x-7.czi,d6b3b6f198a47c764b350a20af68d20d8cfc01d0f0a3502172bf5c9ccf460f12,Y,,
ACQ-20230217-CELL-011,B05,drive1_FRIO-X6,,Drive zuri 170823.zip,Drive zuri 170823/PAPERS/beta gal 130223/20x-8.czi,159616c3796a47f59d344ca48c6a1ee05b5a723db0187cc3d516aaa1b6699240,Y,,
ACQ-20230217-CELL-012,B05,drive1_FRIO-X6,,Drive zuri 170823.zip,Drive zuri 170823/PAPERS/beta gal 130223/20x-9.czi,08fcb1ae0cd10492c5986353d454ad8b6486cdbda90d085208a446026bd84d0e,Y,,
ACQ-20230217-CELL-013,B05,drive1_FRIO-X6,,Drive zuri 170823.zip,Drive zuri 170823/PAPERS/beta gal 130223/7819/20x-1.czi,4fbf8860f1e2be099d28bc5fe2e29f91ade3a6f5da0caf956995770d3278d264,Y,,
ACQ-20230217-CELL-014,B05,drive1_FRIO-X6,,Drive zuri 170823.zip,Drive zuri 170823/PAPERS/beta gal 130223/7819/20x-10.czi,aac765ef00dbf031b5228e017ca714cd66691038833bd4ab9b90af6ab96cc9fe,Y,,
ACQ-20230217-CELL-015,B05,drive1_FRIO-X6,,Drive zuri 170823.zip,Drive zuri 170823/PAPERS/beta gal 130223/7819/20x-11.czi,fd00e20cb445d46316d702319f8dbb17524fc4aa35ef1ee989b79cbc4eaf382c,Y,,
ACQ-20230217-CELL-016,B05,drive1_FRIO-X6,,Drive zuri 170823.zip,Drive zuri 170823/PAPERS/beta gal 130223/7819/20x-2.czi,37fa3df9ab9517e2cdbe903f32b314eea4e276937d387981b9b2e03d6b3772c5,Y,,
ACQ-20230217-CELL-017,B05,drive1_FRIO-X6,,Drive zuri 170823.zip,Drive zuri 170823/PAPERS/beta gal 130223/7819/20x-3.czi,ed08c35b26cdffcb803369b1ef15e67179e9b1cfee4082a6c7bca73ed70b0cb8,Y,,
ACQ-20230217-CELL-018,B05,drive1_FRIO-X6,,Drive zuri 170823.zip,Drive zuri 170823/PAPERS/beta gal 130223/7819/20x-4.czi,02e9c491a03276b89d866ada3de36b470e88d65b08dd4e0b7b8f698a873ac975,Y,,
ACQ-20230217-CELL-019,B05,drive1_FRIO-X6,,Drive zuri 170823.zip,Drive zuri 170823/PAPERS/beta gal 130223/7819/20x-5.czi,9c3ad53b4623d23923c5ec9b54a3f15418d7fb6942173501c6c8cf3566c9e8d4,Y,,
ACQ-20230217-CELL-020,B05,drive1_FRIO-X6,,Drive zuri 170823.zip,Drive zuri 170823/PAPERS/beta gal 130223/7819/20x-6.czi,ab93d8878fb73161c627e4c7721c39931c32792563b946c9fdf0a5485ed7ddb8,Y,,
ACQ-20230217-CELL-021,B05,drive1_FRIO-X6,,Drive zuri 170823.zip,Drive zuri 170823/PAPERS/beta gal 130223/7819/20x-7.czi,2e828ff7a23909734554cac88e200f4cea0d8d06adced3f3751fc7750bc226b9,Y,,
ACQ-20230217-CELL-022,B05,drive1_FRIO-X6,,Drive zuri 170823.zip,Drive zuri 170823/PAPERS/beta gal 130223/7819/20x-8.czi,cec5ea6d2692910ea503af2b613c11da622e9ce1aec8424a2518299a07e313ed,Y,,
ACQ-20230217-CELL-023,B05,drive1_FRIO-X6,,Drive zuri 170823.zip,Drive zuri 170823/PAPERS/beta gal 130223/7819/20x-9.czi,1e3aeab6d45482d88932f6227dad6e79d8b0a2b6f0abc5f5d5731ce1e91e8e64,Y,,
ACQ-20230217-CELL-024,B05,drive1_FRIO-X6,,Drive zuri 170823.zip,Drive zuri 170823/PAPERS/beta gal 130223/7820/20x-1.czi,e28006663f7b31a79b62f3a506f77149dc0c6bfc20b2a1e8d64e49c2b34d7912,Y,,
ACQ-20230217-CELL-025,B05,drive1_FRIO-X6,,Drive zuri 170823.zip,Drive zuri 170823/PAPERS/beta gal 130223/7820/20x-10.czi,87813f451aad764e1f645b8e9bad58ce84256d8e9fba3586144666efdd03ef99,Y,,
ACQ-20230217-CELL-026,B05,drive1_FRIO-X6,,Drive zuri 170823.zip,Drive zuri 170823/PAPERS/beta gal 130223/7820/20x-2.czi,54340f56bad53823f9c008a6dc880921a4faed9a8e2f36929b607e904c7fcdb4,Y,,
ACQ-20230217-CELL-027,B05,drive1_FRIO-X6,,Drive zuri 170823.zip,Drive zuri 170823/PAPERS/beta gal 130223/7820/20x-3.czi,98bb9cc95c28968dda1dda9d46767c5cf63a680228bcbabb35009f47dc6e7f03,Y,,
ACQ-20230217-CELL-028,B05,drive1_FRIO-X6,,Drive zuri 170823.zip,Drive zuri 170823/PAPERS/beta gal 130223/7820/20x-4.czi,af4425186f2cf20ee60554308fcc6a8f95b26807ccdb5ae4d8701a25175fc167,Y,,
ACQ-20230217-CELL-029,B05,drive1_FRIO-X6,,Drive zuri 170823.zip,Drive zuri 170823/PAPERS/beta gal 130223/7820/20x-5.czi,9c8c3401f15a80f8c8cb6902f785177502eec755fe7e4be7c0cf23fe7fb67aea,Y,,
ACQ-20230217-CELL-030,B05,drive1_FRIO-X6,,Drive zuri 170823.zip,Drive zuri 170823/PAPERS/beta gal 130223/7820/20x-6.czi,443840e89303bd41120e1f2b23eb2b943f9df920ebf5cbb3e5467c2898f70319,Y,,
ACQ-20230217-CELL-031,B05,drive1_FRIO-X6,,Drive zuri 170823.zip,Drive zuri 170823/PAPERS/beta gal 130223/7820/20x-7.czi,32ed0f325483cdd681378203f66e3c0c41159f76cce432a5acd4e0c8078494c5,Y,,
ACQ-20230217-CELL-032,B05,drive1_FRIO-X6,,Drive zuri 170823.zip,Drive zuri 170823/PAPERS/beta gal 130223/7820/20x-8.czi,8df41ae9ebea2a4187e6c8ffe6b35aeed9fb9d649109bdae3bf7e2554073d382,Y,,
ACQ-20230217-CELL-033,B05,drive1_FRIO-X6,,Drive zuri 170823.zip,Drive zuri 170823/PAPERS/beta gal 130223/7820/20x-9.czi,2f7d7eb7620ae5f82d7c13e081ced678d0289dca3cefab241c657c5c6c1049a2,Y,,
ACQ-20230217-CELL-034,B05,drive1_FRIO-X6,,Drive zuri 170823.zip,Drive zuri 170823/PAPERS/beta gal 130223/7823/20x-1.czi,6ccabe1f3109819f75db42162ae410879cd5afe22e2c1fa9fb583ae9c31a5bfa,Y,,
ACQ-20230217-CELL-035,B05,drive1_FRIO-X6,,Drive zuri 170823.zip,Drive zuri 170823/PAPERS/beta gal 130223/7823/20x-10.czi,b52cd466fb80c85918144199a0cfe747a5c83d66414cec697f8b6e51ceda3b7c,Y,,
ACQ-20230217-CELL-036,B05,drive1_FRIO-X6,,Drive zuri 170823.zip,Drive zuri 170823/PAPERS/beta gal 130223/7823/20x-11.czi,5823136248644b8ad780ad3d94105423d23f4234d1631c5bfc005e12db4e2889,Y,,
ACQ-20230217-CELL-037,B05,drive1_FRIO-X6,,Drive zuri 170823.zip,Drive zuri 170823/PAPERS/beta gal 130223/7823/20x-12.czi,6a76013441757a03e4aad764a30b4679f6c154df5c9c83d5ae8fbf91d13201b9,Y,,
ACQ-20230217-CELL-038,B05,drive1_FRIO-X6,,Drive zuri 170823.zip,Drive zuri 170823/PAPERS/beta gal 130223/7823/20x-13.czi,83d82c00cdadad3e6d896912b80f9c1f5f396e779e7bb341db3f5dee9c9b21f1,Y,,
ACQ-20230217-CELL-039,B05,drive1_FRIO-X6,,Drive zuri 170823.zip,Drive zuri 170823/PAPERS/beta gal 130223/7823/20x-2.czi,a9afabdcc4395061056e68f4ba7b18917150447ea92869f88ade5e407de8b881,Y,,
ACQ-20230217-CELL-040,B05,drive1_FRIO-X6,,Drive zuri 170823.zip,Drive zuri 170823/PAPERS/beta gal 130223/7823/20x-3.czi,12404ca71a495e5c8002b9129660df29d7c6696dee7391ca24199069790a1f03,Y,,
ACQ-20230217-CELL-041,B05,drive1_FRIO-X6,,Drive zuri 170823.zip,Drive zuri 170823/PAPERS/beta gal 130223/7823/20x-4.czi,bd386ed03b7081acaee69c4e4e65917671176b00ef95ac69a0e370637bb56f84,Y,,
ACQ-20230217-CELL-042,B05,drive1_FRIO-X6,,Drive zuri 170823.zip,Drive zuri 170823/PAPERS/beta gal 130223/7823/20x-5.czi,675f9c75927b509a167db0fc7ea21e1ef4323dfdd56c392f1b89fbf2afa99d03,Y,,
ACQ-20230217-CELL-043,B05,drive1_FRIO-X6,,Drive zuri 170823.zip,Drive zuri 170823/PAPERS/beta gal 130223/7823/20x-6.czi,0c2d88108c66b7961d25f08c067e21ef2fb2bf7164178f9317b453ac13d8df5a,Y,,
ACQ-20230217-CELL-044,B05,drive1_FRIO-X6,,Drive zuri 170823.zip,Drive zuri 170823/PAPERS/beta gal 130223/7823/20x-7.czi,0afa28f4ffa87377e262f59bb9deca039f15a94ac7f7f8fb3a3dc15dcb169698,Y,,
ACQ-20230217-CELL-045,B05,drive1_FRIO-X6,,Drive zuri 170823.zip,Drive zuri 170823/PAPERS/beta gal 130223/7823/20x-8.czi,7760192f1438bd571c08c50ec0e41e747a487ebd645cad0df47102ad056ecb1d,Y,,
ACQ-20230217-CELL-046,B05,drive1_FRIO-X6,,Drive zuri 170823.zip,Drive zuri 170823/PAPERS/beta gal 130223/7823/20x-9.czi,a93ae44809a6f5ecde6053c937ffa024299c669dfb5d55e8492db0862288478e,Y,,
ACQ-20230217-CELL-047,B05,drive1_FRIO-X6,,Drive zuri 170823.zip,Drive zuri 170823/PAPERS/beta gal 130223/7824/20x-1.czi,4a72dcef6ab2861af96008ad32d1e1862b2b26a8c1d742d1d51575ac804eaa75,Y,,
ACQ-20230217-CELL-048,B05,drive1_FRIO-X6,,Drive zuri 170823.zip,Drive zuri 170823/PAPERS/beta gal 130223/7824/20x-10.czi,e8c6e8ff451a14652213e0708b26590371f679b229b7efdcaef18bba67ce971e,Y,,
ACQ-20230217-CELL-049,B05,drive1_FRIO-X6,,Drive zuri 170823.zip,Drive zuri 170823/PAPERS/beta gal 130223/7824/20x-2.czi,728589d269d2152697f0d6f9e1a6447a0a08cc74e85b26faf1001bce0ce65b03,Y,,
ACQ-20230217-CELL-050,B05,drive1_FRIO-X6,,Drive zuri 170823.zip,Drive zuri 170823/PAPERS/beta gal 130223/7824/20x-3.czi,e73db9d7b6a312f3c6217af4964e5fa02128e9d504afc1bb062164ab31dc8f32,Y,,
ACQ-20230217-CELL-051,B05,drive1_FRIO-X6,,Drive zuri 170823.zip,Drive zuri 170823/PAPERS/beta gal 130223/7824/20x-4.czi,f9567f336501d0c0a53b8cea77c480b0945ee86c4deec72ffe07d4775198d0df,Y,,
ACQ-20230217-CELL-052,B05,drive1_FRIO-X6,,Drive zuri 170823.zip,Drive zuri 170823/PAPERS/beta gal 130223/7824/20x-5.czi,cf906ce368be68220c7bee0d99120e6b99f353c99f94cdc55b3fb6bbf53a6c87,Y,,
ACQ-20230217-CELL-053,B05,drive1_FRIO-X6,,Drive zuri 170823.zip,Drive zuri 170823/PAPERS/beta gal 130223/7824/20x-6.czi,67fa0bc9eb83e8f83d163571424fe19b902dcf8990aa0abe74343b04cd08bb8c,Y,,
ACQ-20230217-CELL-054,B05,drive1_FRIO-X6,,Drive zuri 170823.zip,Drive zuri 170823/PAPERS/beta gal 130223/7824/20x-7.czi,b25bd0f183fb81a2c782eea25687cc140f5406f18a7eb47e5b15744cef6296cf,Y,,
ACQ-20230217-CELL-055,B05,drive1_FRIO-X6,,Drive zuri 170823.zip,Drive zuri 170823/PAPERS/beta gal 130223/7824/20x-8.czi,7b016d6e7890374a66c6ef3ff3e009bddf1e18e544d3b3695160a185d1a48eac,Y,,
ACQ-20230217-CELL-056,B05,drive1_FRIO-X6,,Drive zuri 170823.zip,Drive zuri 170823/PAPERS/beta gal 130223/7824/20x-9.czi,154a8ed6a2b3268b9e5fce16287dc4dddd8aeebf26cf561b2023e2688b33651c,Y,,
ACQ-20230217-CELL-057,B05,drive1_FRIO-X6,,Drive zuri 170823.zip,Drive zuri 170823/PAPERS/beta gal 130223/7825/20x-1.czi,476b522e9dead3bc72dae1691afa26fa41ad7da5f2f2fe8997112ce349ce36e8,Y,,
ACQ-20230217-CELL-058,B05,drive1_FRIO-X6,,Drive zuri 170823.zip,Drive zuri 170823/PAPERS/beta gal 130223/7825/20x-2.czi,7fd29f14bced7a3697cbe672e3f1bc7c5d52d8353ce52df678a7ba8a27a7af50,Y,,
ACQ-20230217-CELL-059,B05,drive1_FRIO-X6,,Drive zuri 170823.zip,Drive zuri 170823/PAPERS/beta gal 130223/7825/20x-3.czi,3ff98efdecba5b2799b6472a72c42f5fc1589916b006a485c9c6528a71a1b82a,Y,,
ACQ-20230217-CELL-060,B05,drive1_FRIO-X6,,Drive zuri 170823.zip,Drive zuri 170823/PAPERS/beta gal 130223/7825/20x-4.czi,d3987d31122132896bdc3f881519577fcbc190dbcab98080bdbed11a72c32228,Y,,
ACQ-20230217-CELL-061,B05,drive1_FRIO-X6,,Drive zuri 170823.zip,Drive zuri 170823/PAPERS/beta gal 130223/8243/20x-1.czi,c61e5f86123d152d403ed0338fca998a271244217bef5a890eb0402d2e8c7f66,Y,,
ACQ-20230217-CELL-062,B05,drive1_FRIO-X6,,Drive zuri 170823.zip,Drive zuri 170823/PAPERS/beta gal 130223/8243/20x-2.czi,452b8bab968bdaa7f0c3bbd77320c6e7a3e5f56af42828dd4bfdf6b446a323ff,Y,,
ACQ-20230217-CELL-063,B05,drive1_FRIO-X6,,Drive zuri 170823.zip,Drive zuri 170823/PAPERS/beta gal 130223/8243/20x-3.czi,b8004015d73da034538505d8dc8f192353a25f46ab006e273f10abd7562c43d8,Y,,
ACQ-20230217-CELL-064,B05,drive1_FRIO-X6,,Drive zuri 170823.zip,Drive zuri 170823/PAPERS/beta gal 130223/8243/20x-4.czi,2db5071e239d928ab845edb59b065c244d6d0859d185bf1a23f82b3683a01f01,Y,,
ACQ-20230217-CELL-065,B05,drive1_FRIO-X6,,Drive zuri 170823.zip,Drive zuri 170823/PAPERS/beta gal 130223/8243/20x-5.czi,9866484a0b589df59f435c7936f6bc6700e33d46bd019646e8c2acf4ee367837,Y,,
ACQ-20230217-CELL-066,B05,drive1_FRIO-X6,,Drive zuri 170823.zip,Drive zuri 170823/PAPERS/beta gal 130223/8243/20x-6.czi,a97f032ecb2598e6ebd4aa1ef66925c81885bccef7a359b78637ff13ddf3fd4d,Y,,
ACQ-20230316-CELL-001,B02,drive1_FRIO-X6,Cell observer\AINHIZE\118 LUCIA\Lucia Lungs 118\HE\131L_HE_10x_1.czi,,,c8773b4ac293c6f5f4a57457c92fa916939fa7ca827323131dcb27b3e0765106,Y,,
ACQ-20230316-CELL-002,B02,drive1_FRIO-X6,Cell observer\AINHIZE\118 LUCIA\Lucia Lungs 118\HE\131L_HE_10x_2.czi,,,4421bb6c341eb6b7f444bdc7bb3fe3d4fcc91a47d20a65d66ca511e57e00b346,Y,,
ACQ-20230316-CELL-003,B02,drive1_FRIO-X6,Cell observer\AINHIZE\118 LUCIA\Lucia Lungs 118\HE\131L_HE_10x_3.czi,,,d6491852060c4e1fbd743ac0d39292417dfab13aab55a0eb490ea154f945cc70,Y,,
ACQ-20230316-CELL-004,B02,drive1_FRIO-X6,Cell observer\AINHIZE\118 LUCIA\Lucia Lungs 118\HE\131L_HE_10x_4.czi,,,1ae0cce6633f7b4933675732e1a3e21ffeb139bf9f9c0da8bfdd7815f274c97a,Y,,
ACQ-20230316-CELL-005,B02,drive1_FRIO-X6,Cell observer\AINHIZE\118 LUCIA\Lucia Lungs 118\HE\132L_HE_10x_1.czi,,,8a1774266e4df7fb043a901faffca160480fc844a6666e4244be14df4ae2ea8b,Y,,
ACQ-20230316-CELL-006,B02,drive1_FRIO-X6,Cell observer\AINHIZE\118 LUCIA\Lucia Lungs 118\HE\132L_HE_10x_2.czi,,,17b2b7cd582ad17734cc5cb060fa60f50577454e68b89cb9479cb3902ca1a516,Y,,
ACQ-20230316-CELL-007,B02,drive1_FRIO-X6,Cell observer\AINHIZE\118 LUCIA\Lucia Lungs 118\HE\132L_HE_10x_3.czi,,,9302f4995bbcb56d653a7a32bc648b3a299101f454bdc314ef7fe237999fc53a,Y,,
ACQ-20230316-CELL-008,B02,drive1_FRIO-X6,Cell observer\AINHIZE\118 LUCIA\Lucia Lungs 118\HE\132L_HE_10x_4.czi,,,576cb40d11e4eca73cf5c0a4c415207636451d526f5ff74e84abda67dfebc106,Y,,
ACQ-20230316-CELL-009,B02,drive1_FRIO-X6,Cell observer\AINHIZE\118 LUCIA\Lucia Lungs 118\HE\136L_HE_10x_1.czi,,,2180d6ad2877853a40ac1d19e4d2ab6cbdee57e95ba942f2e140c8a80852ae9c,Y,,
ACQ-20230316-CELL-010,B02,drive1_FRIO-X6,Cell observer\AINHIZE\118 LUCIA\Lucia Lungs 118\HE\136L_HE_10x_2.czi,,,7e63b010c4573ac5ea160c3ce6132bc6c15b55374a15bce2b7c466fae8fbc240,Y,,
ACQ-20230316-CELL-011,B02,drive1_FRIO-X6,Cell observer\AINHIZE\118 LUCIA\Lucia Lungs 118\HE\136L_HE_10x_3.czi,,,8c79e66c320b395c8000943b136dba3a12627a1b3f2ca0ae4e4c6e568e2f3f04,Y,,
ACQ-20230316-CELL-012,B02,drive1_FRIO-X6,Cell observer\AINHIZE\118 LUCIA\Lucia Lungs 118\HE\136L_HE_10x_4.czi,,,71634c8ccb5d2b727d6439e6ec7d393ec7529dc371c0bcc9b030dcf9b3abc19f,Y,,
ACQ-20230316-CELL-013,B02,drive1_FRIO-X6,Cell observer\AINHIZE\118 LUCIA\Lucia Lungs 118\HE\137L_HE_10x_1.czi,,,20ca53f4229b197c0be31c1e8191f0d7a163640b8b17003d9e90ac06002701b8,Y,,
ACQ-20230316-CELL-014,B02,drive1_FRIO-X6,Cell observer\AINHIZE\118 LUCIA\Lucia Lungs 118\HE\137L_HE_10x_2.czi,,,f05a19a481253e21bb782dc362109df7cc20137081de424e773ae179f099a7a1,Y,,
ACQ-20230316-CELL-015,B02,drive1_FRIO-X6,Cell observer\AINHIZE\118 LUCIA\Lucia Lungs 118\HE\137L_HE_10x_3.czi,,,934c9c176a3e74b3c9f645b7623ddbfbbe65b3bf65824307a17ba46434b31e28,Y,,
ACQ-20230316-CELL-016,B02,drive1_FRIO-X6,Cell observer\AINHIZE\118 LUCIA\Lucia Lungs 118\HE\137L_HE_10x_4.czi,,,1d02326b073f8fa0172e5721e95830f24ae1e8128e870f2237f27b4a70e74aec,Y,,
ACQ-20230316-CELL-017,B02,drive1_FRIO-X6,Cell observer\AINHIZE\118 LUCIA\Lucia Lungs 118\HE\144L_HE_10x_1.czi,,,6adc13abd550d13747cf2bca6610121562fa901a9c49ca23edeefa96e08cea63,Y,,
ACQ-20230316-CELL-018,B02,drive1_FRIO-X6,Cell observer\AINHIZE\118 LUCIA\Lucia Lungs 118\HE\144L_HE_10x_2.czi,,,4ae5b224cc733305cdf88ce2af4cb798fc29adfae348fa364574794be22268b6,Y,,
ACQ-20230316-CELL-019,B02,drive1_FRIO-X6,Cell observer\AINHIZE\118 LUCIA\Lucia Lungs 118\HE\144L_HE_10x_3.czi,,,92a3124cc51621f18efc9f67f6c128ef2ab23fa04e8accd0933194cf7c750e22,Y,,
ACQ-20230316-CELL-020,B02,drive1_FRIO-X6,Cell observer\AINHIZE\118 LUCIA\Lucia Lungs 118\HE\144L_HE_10x_4.czi,,,64b7f26e91684717e05576b2b8dc80b6773b4210d27939f4a4e9dd666e7769ba,Y,,
ACQ-20230316-CELL-021,B02,drive1_FRIO-X6,Cell observer\AINHIZE\118 LUCIA\Lucia Lungs 118\HE\145L_HE_10x_1.czi,,,9b18f77fbe061f28978aba571af7bf9665c3b0faa03ad7899bf25533b91ec2bf,Y,,
ACQ-20230316-CELL-022,B02,drive1_FRIO-X6,Cell observer\AINHIZE\118 LUCIA\Lucia Lungs 118\HE\145L_HE_10x_2.czi,,,eaaef125c9802bcc3c50c9d6510df1f11b30fea1ac81c91e7f8bf260c0ea7317,Y,,
ACQ-20230316-CELL-023,B02,drive1_FRIO-X6,Cell observer\AINHIZE\118 LUCIA\Lucia Lungs 118\HE\145L_HE_10x_3.czi,,,c82297311e8af72f43641e7cfa18c628ae75f3deb78f663070da8ff4d2840f2a,Y,,
ACQ-20230316-CELL-024,B02,drive1_FRIO-X6,Cell observer\AINHIZE\118 LUCIA\Lucia Lungs 118\HE\145L_HE_10x_4.czi,,,fd25dc348551a693f6040ac2970d7a142e66039adcd443986553848a9af83b55,Y,,
ACQ-20230316-CELL-025,B02,drive1_FRIO-X6,Cell observer\AINHIZE\118 LUCIA\Lucia Lungs 118\HE\40x\131L_HE_40x_1.czi,,,b9885f11b662b531d3ed43e88792e5074750a39dc1c15a0c2625922934613da6,Y,,
ACQ-20230316-CELL-026,B02,drive1_FRIO-X6,Cell observer\AINHIZE\118 LUCIA\Lucia Lungs 118\HE\40x\131L_HE_40x_10.czi,,,8597715c4927088e6e9dd310c97ed589ce3b146ba88c30059ccb25695d422d2b,Y,,
ACQ-20230316-CELL-027,B02,drive1_FRIO-X6,Cell observer\AINHIZE\118 LUCIA\Lucia Lungs 118\HE\40x\131L_HE_40x_2.czi,,,b9b2bcd56740f220d1e356cc72b4cd3f1d864de3461b1b641d4b3c93544c203b,Y,,
ACQ-20230316-CELL-028,B02,drive1_FRIO-X6,Cell observer\AINHIZE\118 LUCIA\Lucia Lungs 118\HE\40x\131L_HE_40x_3.czi,,,25b64c65561735c42278df427e2bc858f82fcaacf827026555c42cd69d0fe0f6,Y,,
ACQ-20230316-CELL-029,B02,drive1_FRIO-X6,Cell observer\AINHIZE\118 LUCIA\Lucia Lungs 118\HE\40x\131L_HE_40x_4.czi,,,e2d13a02a2100c2730ff647bef91f7da38fed0d8d0eff2ff93d5de768d9ff8f7,Y,,
ACQ-20230316-CELL-030,B02,drive1_FRIO-X6,Cell observer\AINHIZE\118 LUCIA\Lucia Lungs 118\HE\40x\131L_HE_40x_5.czi,,,6c233f322a3746118fa5132b98a6f84ba80a13475d5ef1bc7b5237ae1079e1c2,Y,,
ACQ-20230316-CELL-031,B02,drive1_FRIO-X6,Cell observer\AINHIZE\118 LUCIA\Lucia Lungs 118\HE\40x\131L_HE_40x_6.czi,,,509cb3e621623901be392d3ba3e157482c37a332c34f085bfb10a9c26347beaa,Y,,
ACQ-20230316-CELL-032,B02,drive1_FRIO-X6,Cell observer\AINHIZE\118 LUCIA\Lucia Lungs 118\HE\40x\131L_HE_40x_7.czi,,,4d6e28c1bcc090931182e8b5dfea58d8070452ff22772249aa071770a831b825,Y,,
ACQ-20230316-CELL-033,B02,drive1_FRIO-X6,Cell observer\AINHIZE\118 LUCIA\Lucia Lungs 118\HE\40x\131L_HE_40x_8.czi,,,9982caa62537f29e1201fe90e1331c884659f640cb6b5c89ee13144b9bf29a76,Y,,
ACQ-20230316-CELL-034,B02,drive1_FRIO-X6,Cell observer\AINHIZE\118 LUCIA\Lucia Lungs 118\HE\40x\131L_HE_40x_9.czi,,,cab5c11f010fe18dfc22a428bc6b0f6c600bddb1e53d3767b4fe0d636b0a1806,Y,,
ACQ-20230316-CELL-035,B02,drive1_FRIO-X6,Cell observer\AINHIZE\118 LUCIA\Lucia Lungs 118\HE\40x\132L_HE_40x_1.czi,,,4ab07534017323c0d7d2def58c5fa1fbe3d59b868f403dc9c079ce69b0cac911,Y,,
ACQ-20230316-CELL-036,B02,drive1_FRIO-X6,Cell observer\AINHIZE\118 LUCIA\Lucia Lungs 118\HE\40x\132L_HE_40x_10.czi,,,7ccfac71034c69ca32639eeefbca5e7117e31803bc044621925122dbf9a530ae,Y,,
ACQ-20230316-CELL-037,B02,drive1_FRIO-X6,Cell observer\AINHIZE\118 LUCIA\Lucia Lungs 118\HE\40x\132L_HE_40x_2.czi,,,2202ddfcc051262dfb7764e10feb153ef13630cd925bd1419548e742a5b00e4d,Y,,
ACQ-20230316-CELL-038,B02,drive1_FRIO-X6,Cell observer\AINHIZE\118 LUCIA\Lucia Lungs 118\HE\40x\132L_HE_40x_3.czi,,,c48c98d81399e94565db44c2cec84be02d0ad08456c59ddb2442dace3148ebb9,Y,,
ACQ-20230316-CELL-039,B02,drive1_FRIO-X6,Cell observer\AINHIZE\118 LUCIA\Lucia Lungs 118\HE\40x\132L_HE_40x_4.czi,,,23add6cba8ece5fd87ca37743884fa7008d7b4763a0254c23152a4f73aa48a55,Y,,
ACQ-20230316-CELL-040,B02,drive1_FRIO-X6,Cell observer\AINHIZE\118 LUCIA\Lucia Lungs 118\HE\40x\132L_HE_40x_5.czi,,,bb50376be3d7d560824705dcf9ec5d22b04e7cda6397974c812d441f061c6a03,Y,,
ACQ-20230316-CELL-041,B02,drive1_FRIO-X6,Cell observer\AINHIZE\118 LUCIA\Lucia Lungs 118\HE\40x\132L_HE_40x_6.czi,,,e3833172a3472be1d1864352d5586fd25deb25100390725f215139ea67a03371,Y,,
ACQ-20230316-CELL-042,B02,drive1_FRIO-X6,Cell observer\AINHIZE\118 LUCIA\Lucia Lungs 118\HE\40x\132L_HE_40x_7.czi,,,03be3075cadc388c232fedd6209b69a99adb59037bae558c3b0546d8d4128ee8,Y,,
ACQ-20230316-CELL-043,B02,drive1_FRIO-X6,Cell observer\AINHIZE\118 LUCIA\Lucia Lungs 118\HE\40x\132L_HE_40x_8.czi,,,af9350e3ec689728f0a405364469ce97045792a9baf65d3090facf72306a42f0,Y,,
ACQ-20230316-CELL-044,B02,drive1_FRIO-X6,Cell observer\AINHIZE\118 LUCIA\Lucia Lungs 118\HE\40x\132L_HE_40x_9.czi,,,5b16d6efcddcd7899640ba6eff0fe5f3b99c01af078fcebd791a14a40be3574d,Y,,
ACQ-20230316-CELL-045,B02,drive1_FRIO-X6,Cell observer\AINHIZE\118 LUCIA\Lucia Lungs 118\PB\131L_PB_20x_1.czi,,,6d04594847e7c2aa42f7bd5a9adebf33efdf1b11b36fe2f309f3741c57a5cffe,Y,,
ACQ-20230316-CELL-046,B02,drive1_FRIO-X6,Cell observer\AINHIZE\118 LUCIA\Lucia Lungs 118\PB\131L_PB_20x_2.czi,,,7b1b3d069b3cae0d1f58345a4bf40489655d8330cd7fe94c012b18182a61a9ab,Y,,
ACQ-20230316-CELL-047,B02,drive1_FRIO-X6,Cell observer\AINHIZE\118 LUCIA\Lucia Lungs 118\PB\131L_PB_20x_3.czi,,,cb0b3b457313362d716232b7512cf8d70f4354b9b51a172cabec80ec433d34f5,Y,,
ACQ-20230316-CELL-048,B02,drive1_FRIO-X6,Cell observer\AINHIZE\118 LUCIA\Lucia Lungs 118\PB\131L_PB_20x_4.czi,,,58781af7806c7d53c33a4a02b6d951a1df630bc1afd27c7f840d569270f872b4,Y,,
ACQ-20230316-CELL-049,B02,drive1_FRIO-X6,Cell observer\AINHIZE\118 LUCIA\Lucia Lungs 118\PB\131L_PB_20x_5.czi,,,3ccdf359b42049ecc0dd59ce6300c4f31e34482ffcb03e99689907d2d99093dc,Y,,
ACQ-20230316-CELL-050,B02,drive1_FRIO-X6,Cell observer\AINHIZE\118 LUCIA\Lucia Lungs 118\PB\131L_PB_20x_6.czi,,,d0fa8cdb9bfcf89f0ddd29b7104fd81cf8534029b072d067f6f5c8027f6acf29,Y,,
ACQ-20230316-CELL-051,B02,drive1_FRIO-X6,Cell observer\AINHIZE\118 LUCIA\Lucia Lungs 118\PB\131L_PB_20x_7.czi,,,294c9df0aef6adee72ab162250d1dcd6b44404abdf429ce6b61b755a873dff41,Y,,
ACQ-20230316-CELL-052,B02,drive1_FRIO-X6,Cell observer\AINHIZE\118 LUCIA\Lucia Lungs 118\PB\132L_PB_20x_1.czi,,,f0b67326f367f2a12f82c3c99ad533d65c234dc88134d544616751bcd4c33b06,Y,,
ACQ-20230316-CELL-053,B02,drive1_FRIO-X6,Cell observer\AINHIZE\118 LUCIA\Lucia Lungs 118\PB\132L_PB_20x_2.czi,,,3af2a2f56f7135e1ad759737329d41f4f60e0e7604bafeacb3ab7e65b5722c77,Y,,
ACQ-20230316-CELL-054,B02,drive1_FRIO-X6,Cell observer\AINHIZE\118 LUCIA\Lucia Lungs 118\PB\132L_PB_20x_3.czi,,,fe85a145ecb98b3dbb31b2096a403f3fa087160e6684a4431f3794bb6f1ab2e1,Y,,
ACQ-20230316-CELL-055,B02,drive1_FRIO-X6,Cell observer\AINHIZE\118 LUCIA\Lucia Lungs 118\PB\132L_PB_20x_4.czi,,,3eec0122cbd60ba77bbef6e88271b4702964b534493532684685589c5365a177,Y,,
ACQ-20230316-CELL-056,B02,drive1_FRIO-X6,Cell observer\AINHIZE\118 LUCIA\Lucia Lungs 118\PB\132L_PB_20x_5.czi,,,6aa7f2b542b5315576b2c9c3f1ba36d57ad17869e87dc18858846c2647a7693f,Y,drive1_FRIO-X6/Cell observer/AINHIZE/118 LUCIA/Lucia Lungs 118/PB/Seleccionadas/132L_PB_20x_5.czi,
ACQ-20230316-CELL-057,B02,drive1_FRIO-X6,Cell observer\AINHIZE\118 LUCIA\Lucia Lungs 118\PB\132L_PB_20x_6.czi,,,a6d4b011ba6c3e8fdcf634a087554366c43e11932e3350e747f2b74008da28e2,Y,,
ACQ-20230316-CELL-058,B02,drive1_FRIO-X6,Cell observer\AINHIZE\118 LUCIA\Lucia Lungs 118\PB\132L_PB_20x_7.czi,,,759b343a47248f1b6dae22c844d0ef92de0fceab4d40c97af427f091932ed644,Y,,
ACQ-20230316-CELL-059,B02,drive1_FRIO-X6,Cell observer\AINHIZE\118 LUCIA\Lucia Lungs 118\PB\132L_PB_20x_8.czi,,,7c276f20ddac7313d154eb962644880265412c9525d288381d8aa5a27e05483b,Y,,
ACQ-20230316-CELL-060,B02,drive1_FRIO-X6,Cell observer\AINHIZE\118 LUCIA\Lucia Lungs 118\PB\136L_PB_20x_1.czi,,,a9e18189cb4783cf4c5177140f46fa2dfeb3cf97aeb308dedbbec0b766b7fa6a,Y,,
ACQ-20230316-CELL-061,B02,drive1_FRIO-X6,Cell observer\AINHIZE\118 LUCIA\Lucia Lungs 118\PB\136L_PB_20x_2.czi,,,e6f420d0ce1882d4a9f5cb4ec59ff0052e58399c7fa76a644fe89fd5a8e51a67,Y,,
ACQ-20230316-CELL-062,B02,drive1_FRIO-X6,Cell observer\AINHIZE\118 LUCIA\Lucia Lungs 118\PB\136L_PB_20x_3.czi,,,b7115968ac55470b8d1c768d4a359260ef995be4fb022507b1a5bf1acc0e8c45,Y,,
ACQ-20230316-CELL-063,B02,drive1_FRIO-X6,Cell observer\AINHIZE\118 LUCIA\Lucia Lungs 118\PB\136L_PB_20x_4.czi,,,793c5f682eb8d5a6bb1e36a639a04917ad0fdd3ffed76c5dcdbcd97026d2d4e3,Y,,
ACQ-20230316-CELL-064,B02,drive1_FRIO-X6,Cell observer\AINHIZE\118 LUCIA\Lucia Lungs 118\PB\136L_PB_20x_5.czi,,,1d4c346b14ced7d5828e3e68a50ffc3a9afa1e22ce06067bd95541a671d951cb,Y,,
ACQ-20230316-CELL-065,B02,drive1_FRIO-X6,Cell observer\AINHIZE\118 LUCIA\Lucia Lungs 118\PB\136L_PB_20x_6.czi,,,75c1be9564e168ac1d89582840036b906c1d2a96d4d3373632659075d4818340,Y,,
ACQ-20230316-CELL-066,B02,drive1_FRIO-X6,Cell observer\AINHIZE\118 LUCIA\Lucia Lungs 118\PB\136L_PB_20x_7.czi,,,55e6c093c11333b1acf78879f512a12b017bfdf76c675bcc692be531c6ce7c08,Y,,
ACQ-20230316-CELL-067,B02,drive1_FRIO-X6,Cell observer\AINHIZE\118 LUCIA\Lucia Lungs 118\PB\136L_PB_20x_8.czi,,,ad4af65ff4abb86f4834c8d213f7e0fd0cc390fd6952c7017fbe78f159992ac2,Y,,
ACQ-20230316-CELL-068,B02,drive1_FRIO-X6,Cell observer\AINHIZE\118 LUCIA\Lucia Lungs 118\PB\137L_PB_20x_1.czi,,,507217506392618622d267cfb6b5f4114f5173468b8ff0e2dfe763b6d71dbd33,Y,,
ACQ-20230316-CELL-069,B02,drive1_FRIO-X6,Cell observer\AINHIZE\118 LUCIA\Lucia Lungs 118\PB\137L_PB_20x_2.czi,,,f8444a2fa56261130ba9a0ddc87ad4138f437f0f924c480b1272f3b9b22ef078,Y,,
ACQ-20230316-CELL-070,B02,drive1_FRIO-X6,Cell observer\AINHIZE\118 LUCIA\Lucia Lungs 118\PB\137L_PB_20x_3.czi,,,334f3ead739b5d39610747dedd0e62b9d607f55b2d9ffb9a008353baffdf4308,Y,,
ACQ-20230316-CELL-071,B02,drive1_FRIO-X6,Cell observer\AINHIZE\118 LUCIA\Lucia Lungs 118\PB\137L_PB_20x_4.czi,,,ef4a1660fd47050bcf0c801dfc502b776024ac91970297e5fa0ad141480d3120,Y,,
ACQ-20230316-CELL-072,B02,drive1_FRIO-X6,Cell observer\AINHIZE\118 LUCIA\Lucia Lungs 118\PB\137L_PB_20x_5.czi,,,8fa2689d1314f781f2dba17dc7de9d92c5d9da00b4808f749260b534c6560e15,Y,,
ACQ-20230316-CELL-073,B02,drive1_FRIO-X6,Cell observer\AINHIZE\118 LUCIA\Lucia Lungs 118\PB\144L_PB_20x_1.czi,,,87cd8bdac9e341e7910b9906a5ee93837bc4b2ecf1dc7cb27cc3b7ceaeb9f4af,Y,,
ACQ-20230316-CELL-074,B02,drive1_FRIO-X6,Cell observer\AINHIZE\118 LUCIA\Lucia Lungs 118\PB\144L_PB_20x_2.czi,,,7faead571534cd7b52ca63801fbd7b5d2571a509fbcac21cf87afb70e74477e6,Y,,
ACQ-20230316-CELL-075,B02,drive1_FRIO-X6,Cell observer\AINHIZE\118 LUCIA\Lucia Lungs 118\PB\144L_PB_20x_3.czi,,,de8e13d245ea3e091d91f69f64245981cdd4023eb9c98ad0fdf9e1047fd9cba6,Y,,
ACQ-20230316-CELL-076,B02,drive1_FRIO-X6,Cell observer\AINHIZE\118 LUCIA\Lucia Lungs 118\PB\144L_PB_20x_4.czi,,,a4a2b9a39d53124cfb1494a2da63addd94742d4dfac4cbd049de35f040e2bc4a,Y,,
ACQ-20230316-CELL-077,B02,drive1_FRIO-X6,Cell observer\AINHIZE\118 LUCIA\Lucia Lungs 118\PB\144L_PB_20x_5.czi,,,7bb4a3c27e952977b7c9ad4d9cbad23fd44448592f08a3f8d6c723bf6ac5cdd7,Y,,
ACQ-20230316-CELL-078,B02,drive1_FRIO-X6,Cell observer\AINHIZE\118 LUCIA\Lucia Lungs 118\PB\145L_PB_20x_1.czi,,,ac46cdd6d233ec881d7e962ee5557157a79e630b99624f0c8e9417844998ac32,Y,,
ACQ-20230316-CELL-079,B02,drive1_FRIO-X6,Cell observer\AINHIZE\118 LUCIA\Lucia Lungs 118\PB\145L_PB_20x_2.czi,,,1f35ccff571a080210de6d8d4adb4be5df0a0a6197367042d4af798b2b4ddf0d,Y,,
ACQ-20230316-CELL-080,B02,drive1_FRIO-X6,Cell observer\AINHIZE\118 LUCIA\Lucia Lungs 118\PB\145L_PB_20x_3.czi,,,c41e64e1efe94f8b88fd19a15638d03b47dfc7fed3b56df4d8aa09b8dc13d071,Y,,
ACQ-20230321-CELL-001,B02,drive1_FRIO-X6,Cell observer\AINHIZE\118 LUCIA\Lucia Lungs 118\HE\40x\Bigarren eguna\137L_HE_40x_1.czi,,,93a0850ab303a75b722a9c64060f27be4b77bd206e47fec1d0088d2a856eb40e,Y,,
ACQ-20230321-CELL-002,B02,drive1_FRIO-X6,Cell observer\AINHIZE\118 LUCIA\Lucia Lungs 118\HE\40x\Bigarren eguna\137L_HE_40x_10.czi,,,f05e91260cd6e131d050490be4aa2e1764512cfbfec1c4212bdb5ed07899c861,Y,,
ACQ-20230321-CELL-003,B02,drive1_FRIO-X6,Cell observer\AINHIZE\118 LUCIA\Lucia Lungs 118\HE\40x\Bigarren eguna\137L_HE_40x_2.czi,,,61385cc25c64e5d9d27912cce936086e42fafef700c891731c3b5d95e8999471,Y,,
ACQ-20230321-CELL-004,B02,drive1_FRIO-X6,Cell observer\AINHIZE\118 LUCIA\Lucia Lungs 118\HE\40x\Bigarren eguna\137L_HE_40x_3.czi,,,bf209a7736722181c745beaf54869904f97eb630520acc2836d6f53a1969331f,Y,,
ACQ-20230321-CELL-005,B02,drive1_FRIO-X6,Cell observer\AINHIZE\118 LUCIA\Lucia Lungs 118\HE\40x\Bigarren eguna\137L_HE_40x_4.czi,,,15956ec4dcb4be1fda9a94f9ade9cb7e72f58548770cf859cca5531c1a00034b,Y,,
ACQ-20230321-CELL-006,B02,drive1_FRIO-X6,Cell observer\AINHIZE\118 LUCIA\Lucia Lungs 118\HE\40x\Bigarren eguna\137L_HE_40x_5.czi,,,cef20e19a10ef81eeacc11984336d428098d51944eb5b1bff76e84e7e0b9cf60,Y,,
ACQ-20230321-CELL-007,B02,drive1_FRIO-X6,Cell observer\AINHIZE\118 LUCIA\Lucia Lungs 118\HE\40x\Bigarren eguna\137L_HE_40x_6.czi,,,1d46cb1b594508e14029b02784b9986abee849a71ea567720a2f0a51350398c1,Y,,
ACQ-20230321-CELL-008,B02,drive1_FRIO-X6,Cell observer\AINHIZE\118 LUCIA\Lucia Lungs 118\HE\40x\Bigarren eguna\137L_HE_40x_7.czi,,,8955b6829c450e19085538da58c8fe22fb666e3300d67ca601d3b86955d7ba0b,Y,,
ACQ-20230321-CELL-009,B02,drive1_FRIO-X6,Cell observer\AINHIZE\118 LUCIA\Lucia Lungs 118\HE\40x\Bigarren eguna\137L_HE_40x_8.czi,,,8a8dcc69cbde8796ae0cce352a4d432c525348de7feb9d1924d6b47efb72e822,Y,,
ACQ-20230321-CELL-010,B02,drive1_FRIO-X6,Cell observer\AINHIZE\118 LUCIA\Lucia Lungs 118\HE\40x\Bigarren eguna\137L_HE_40x_9.czi,,,4179242c6753bc54c008620e1e21d7ddb92538fc49b21f08001477c8c70ac358,Y,,
ACQ-20230321-CELL-011,B02,drive1_FRIO-X6,Cell observer\AINHIZE\118 LUCIA\Lucia Lungs 118\HE\40x\Bigarren eguna\144L_HE_40x_1.czi,,,80253d3467856ea5d6cc8363a1566142d4ff03862b588bc18491877289d04e0d,Y,,
ACQ-20230321-CELL-012,B02,drive1_FRIO-X6,Cell observer\AINHIZE\118 LUCIA\Lucia Lungs 118\HE\40x\Bigarren eguna\144L_HE_40x_10.czi,,,c74bfbb67881602051540495e669b8ed40c57cf20da4971974e859a30e19a091,Y,,
ACQ-20230321-CELL-013,B02,drive1_FRIO-X6,Cell observer\AINHIZE\118 LUCIA\Lucia Lungs 118\HE\40x\Bigarren eguna\144L_HE_40x_2.czi,,,51a4ff94c260a51de0f07c9eef1259d277e49b7359cd454d47f37c9de44fea9f,Y,,
ACQ-20230321-CELL-014,B02,drive1_FRIO-X6,Cell observer\AINHIZE\118 LUCIA\Lucia Lungs 118\HE\40x\Bigarren eguna\144L_HE_40x_3.czi,,,a8f25a5f6112f8cdd91f9a9a06d9779efcb5dda2c3802419d57cf28cab856608,Y,,
ACQ-20230321-CELL-015,B02,drive1_FRIO-X6,Cell observer\AINHIZE\118 LUCIA\Lucia Lungs 118\HE\40x\Bigarren eguna\144L_HE_40x_4.czi,,,195e2d0a87ee8b032eb0a8d798c777e7b356f9de93e61286deb22124a845f1c8,Y,,
ACQ-20230321-CELL-016,B02,drive1_FRIO-X6,Cell observer\AINHIZE\118 LUCIA\Lucia Lungs 118\HE\40x\Bigarren eguna\144L_HE_40x_5.czi,,,653869edbb46227133a5d2741dea8cf4b99c295bdd08720f2a5bd397cc24a42e,Y,,
ACQ-20230321-CELL-017,B02,drive1_FRIO-X6,Cell observer\AINHIZE\118 LUCIA\Lucia Lungs 118\HE\40x\Bigarren eguna\144L_HE_40x_6.czi,,,10b814e99eaf2026064295b71f3f80023603436267e6fa90289c29c7d6afd7c5,Y,,
ACQ-20230321-CELL-018,B02,drive1_FRIO-X6,Cell observer\AINHIZE\118 LUCIA\Lucia Lungs 118\HE\40x\Bigarren eguna\144L_HE_40x_7.czi,,,77731e4014652f29f9970efdefea456dc167eff441e9291c87421825a91a7b83,Y,,
ACQ-20230321-CELL-019,B02,drive1_FRIO-X6,Cell observer\AINHIZE\118 LUCIA\Lucia Lungs 118\HE\40x\Bigarren eguna\144L_HE_40x_8.czi,,,8a6cea5560e026cef611be1e40ab8a054f0b6b3d5d553b62ad8342187cd7c1ad,Y,,
ACQ-20230321-CELL-020,B02,drive1_FRIO-X6,Cell observer\AINHIZE\118 LUCIA\Lucia Lungs 118\HE\40x\Bigarren eguna\144L_HE_40x_9.czi,,,62fb62d02e92fbb631e0b3a85d28acfaa1b09781e5dfec74a808dab945d8319a,Y,,
ACQ-20230330-LSM9-001,B03,drive1_FRIO-X6,Former students\Zuriñe\0 IMAGEN CONFOCAL\CDH5 JAGGED2\CD45 594 Y ALFASMA 488 300323\Fotos a 40X anitguas\7821 40x-1.czi,,,462d8a2eb4063911e47f3492e06f0729a324df96ba8af4ca834b4f36f97895c0,Y,drive1_FRIO-X6/Drive zuri 170823.zip/Drive zuri 170823/0 IMAGEN CONFOCAL/CDH5 JAGGED2/CD45 594 Y ALFASMA 488 300323/Fotos a 40X anitguas/7821 40x-1.czi;drive1_FRIO-X6/Former students/Zuriñe/0 IMAGEN CONFOCAL/CDH5 JAGGED2/Fotos confocales cdh5 jagged2.zip/CD45 594 Y ALFASMA 488 300323/Fotos a 40X anitguas/7821 40x-1.czi,
ACQ-20230330-LSM9-002,B03,drive1_FRIO-X6,Former students\Zuriñe\0 IMAGEN CONFOCAL\CDH5 JAGGED2\CD45 594 Y ALFASMA 488 300323\Fotos a 40X anitguas\7825 40x-1.czi,,,012d2c6b8d0a398dc9e678997957fbeeca848e4a564e608fb0963ecd076fcd1a,Y,drive1_FRIO-X6/Drive zuri 170823.zip/Drive zuri 170823/0 IMAGEN CONFOCAL/CDH5 JAGGED2/CD45 594 Y ALFASMA 488 300323/Fotos a 40X anitguas/7825 40x-1.czi;drive1_FRIO-X6/Former students/Zuriñe/0 IMAGEN CONFOCAL/CDH5 JAGGED2/Fotos confocales cdh5 jagged2.zip/CD45 594 Y ALFASMA 488 300323/Fotos a 40X anitguas/7825 40x-1.czi,
ACQ-20230330-LSM9-003,B03,drive1_FRIO-X6,Former students\Zuriñe\0 IMAGEN CONFOCAL\CDH5 JAGGED2\CD45 594 Y ALFASMA 488 300323\Fotos a 40X anitguas\7825 40x-2.czi,,,5155e2eb2ab3044b464ff10ecfa3bc2f79d90f8f74c1274b17abb37dcca68a95,Y,drive1_FRIO-X6/Drive zuri 170823.zip/Drive zuri 170823/0 IMAGEN CONFOCAL/CDH5 JAGGED2/CD45 594 Y ALFASMA 488 300323/Fotos a 40X anitguas/7825 40x-2.czi;drive1_FRIO-X6/Former students/Zuriñe/0 IMAGEN CONFOCAL/CDH5 JAGGED2/Fotos confocales cdh5 jagged2.zip/CD45 594 Y ALFASMA 488 300323/Fotos a 40X anitguas/7825 40x-2.czi,
ACQ-20230330-LSM9-004,B03,drive1_FRIO-X6,Former students\Zuriñe\0 IMAGEN CONFOCAL\CDH5 JAGGED2\CD45 594 Y ALFASMA 488 300323\Fotos a 40X anitguas\8168 40x-1.czi,,,b3963414f726a074e5596395a4312f925b7e7338c968c9ba6478fd8e9af101b1,Y,drive1_FRIO-X6/Drive zuri 170823.zip/Drive zuri 170823/0 IMAGEN CONFOCAL/CDH5 JAGGED2/CD45 594 Y ALFASMA 488 300323/Fotos a 40X anitguas/8168 40x-1.czi;drive1_FRIO-X6/Former students/Zuriñe/0 IMAGEN CONFOCAL/CDH5 JAGGED2/Fotos confocales cdh5 jagged2.zip/CD45 594 Y ALFASMA 488 300323/Fotos a 40X anitguas/8168 40x-1.czi,
ACQ-20230330-LSM9-005,B03,drive1_FRIO-X6,Former students\Zuriñe\0 IMAGEN CONFOCAL\CDH5 JAGGED2\CD45 594 Y ALFASMA 488 300323\Fotos a 40X anitguas\8168 40x-2.czi,,,0d4d8a3ece42f507ca4c823826054fbcac766f145a83cd216635f862df9ba4bc,Y,drive1_FRIO-X6/Drive zuri 170823.zip/Drive zuri 170823/0 IMAGEN CONFOCAL/CDH5 JAGGED2/CD45 594 Y ALFASMA 488 300323/Fotos a 40X anitguas/8168 40x-2.czi;drive1_FRIO-X6/Former students/Zuriñe/0 IMAGEN CONFOCAL/CDH5 JAGGED2/Fotos confocales cdh5 jagged2.zip/CD45 594 Y ALFASMA 488 300323/Fotos a 40X anitguas/8168 40x-2.czi,
ACQ-20230330-LSM9-006,B03,drive1_FRIO-X6,Former students\Zuriñe\0 IMAGEN CONFOCAL\CDH5 JAGGED2\CD45 594 Y ALFASMA 488 300323\Fotos a 40X anitguas\8168 40x-3.czi,,,f49fba1b141311c288ab1b978986d1391cc057fb081d409bbd2453f605aacd4f,Y,drive1_FRIO-X6/Drive zuri 170823.zip/Drive zuri 170823/0 IMAGEN CONFOCAL/CDH5 JAGGED2/CD45 594 Y ALFASMA 488 300323/Fotos a 40X anitguas/8168 40x-3.czi;drive1_FRIO-X6/Former students/Zuriñe/0 IMAGEN CONFOCAL/CDH5 JAGGED2/Fotos confocales cdh5 jagged2.zip/CD45 594 Y ALFASMA 488 300323/Fotos a 40X anitguas/8168 40x-3.czi,
ACQ-20230330-LSM9-007,B03,drive1_FRIO-X6,Former students\Zuriñe\0 IMAGEN CONFOCAL\CDH5 JAGGED2\CD45 594 Y ALFASMA 488 300323\Fotos a 40X anitguas\8170 40x-.czi,,,8f940daa26315ca02f2423e441ac83f0624c76116a4e21d72d2b435696975a08,Y,drive1_FRIO-X6/Drive zuri 170823.zip/Drive zuri 170823/0 IMAGEN CONFOCAL/CDH5 JAGGED2/CD45 594 Y ALFASMA 488 300323/Fotos a 40X anitguas/8170 40x-.czi;drive1_FRIO-X6/Former students/Zuriñe/0 IMAGEN CONFOCAL/CDH5 JAGGED2/Fotos confocales cdh5 jagged2.zip/CD45 594 Y ALFASMA 488 300323/Fotos a 40X anitguas/8170 40x-.czi,
ACQ-20230330-LSM9-008,B03,drive1_FRIO-X6,Former students\Zuriñe\0 IMAGEN CONFOCAL\CDH5 JAGGED2\CD45 594 Y ALFASMA 488 300323\Fotos a 40X anitguas\8170 40x-1.czi,,,1882840da61e278958be13d00d4740bb26f780e966be4b05348a7fe3cea46229,Y,drive1_FRIO-X6/Drive zuri 170823.zip/Drive zuri 170823/0 IMAGEN CONFOCAL/CDH5 JAGGED2/CD45 594 Y ALFASMA 488 300323/Fotos a 40X anitguas/8170 40x-1.czi;drive1_FRIO-X6/Former students/Zuriñe/0 IMAGEN CONFOCAL/CDH5 JAGGED2/Fotos confocales cdh5 jagged2.zip/CD45 594 Y ALFASMA 488 300323/Fotos a 40X anitguas/8170 40x-1.czi,
ACQ-20230330-LSM9-009,B03,drive1_FRIO-X6,Former students\Zuriñe\0 IMAGEN CONFOCAL\CDH5 JAGGED2\CD45 594 Y ALFASMA 488 300323\Fotos a 40X anitguas\8170 40x-2.czi,,,c646ed2b7d50e1900b8bd4127cb612f7ddc289009bfe5cf6f2d4045d3a2cb5fc,Y,drive1_FRIO-X6/Drive zuri 170823.zip/Drive zuri 170823/0 IMAGEN CONFOCAL/CDH5 JAGGED2/CD45 594 Y ALFASMA 488 300323/Fotos a 40X anitguas/8170 40x-2.czi;drive1_FRIO-X6/Former students/Zuriñe/0 IMAGEN CONFOCAL/CDH5 JAGGED2/Fotos confocales cdh5 jagged2.zip/CD45 594 Y ALFASMA 488 300323/Fotos a 40X anitguas/8170 40x-2.czi,
ACQ-20230330-LSM9-010,B03,drive1_FRIO-X6,Former students\Zuriñe\0 IMAGEN CONFOCAL\CDH5 JAGGED2\CD45 594 Y ALFASMA 488 300323\Fotos a 40X anitguas\8170 40x-3-.czi,,,f77ad3d76e62da9cc20e143df36f7e3b6b8b50b0e2cf869c246bad89e46668cc,Y,drive1_FRIO-X6/Drive zuri 170823.zip/Drive zuri 170823/0 IMAGEN CONFOCAL/CDH5 JAGGED2/CD45 594 Y ALFASMA 488 300323/Fotos a 40X anitguas/8170 40x-3-.czi;drive1_FRIO-X6/Former students/Zuriñe/0 IMAGEN CONFOCAL/CDH5 JAGGED2/Fotos confocales cdh5 jagged2.zip/CD45 594 Y ALFASMA 488 300323/Fotos a 40X anitguas/8170 40x-3-.czi,
ACQ-20230330-LSM9-011,B03,drive1_FRIO-X6,Former students\Zuriñe\0 IMAGEN CONFOCAL\CDH5 JAGGED2\CD45 594 Y ALFASMA 488 300323\Fotos a 40X anitguas\8170 40x-3.czi,,,4d8ca5a4d8690c9a18886134a4704b3de6185eedcd0b591d3fbcbaa24d4c9e66,Y,drive1_FRIO-X6/Drive zuri 170823.zip/Drive zuri 170823/0 IMAGEN CONFOCAL/CDH5 JAGGED2/CD45 594 Y ALFASMA 488 300323/Fotos a 40X anitguas/8170 40x-3.czi;drive1_FRIO-X6/Former students/Zuriñe/0 IMAGEN CONFOCAL/CDH5 JAGGED2/Fotos confocales cdh5 jagged2.zip/CD45 594 Y ALFASMA 488 300323/Fotos a 40X anitguas/8170 40x-3.czi,
ACQ-20230330-LSM9-012,B03,drive1_FRIO-X6,Former students\Zuriñe\0 IMAGEN CONFOCAL\CDH5 JAGGED2\CD45 594 Y ALFASMA 488 300323\Fotos a 40X anitguas\8170 40x-4.czi,,,f11ccec5c41cc65b4cdf96237b8490b4b1bd3e4fd1dc79eef5d5bbf33039ceb0,Y,drive1_FRIO-X6/Drive zuri 170823.zip/Drive zuri 170823/0 IMAGEN CONFOCAL/CDH5 JAGGED2/CD45 594 Y ALFASMA 488 300323/Fotos a 40X anitguas/8170 40x-4.czi;drive1_FRIO-X6/Former students/Zuriñe/0 IMAGEN CONFOCAL/CDH5 JAGGED2/Fotos confocales cdh5 jagged2.zip/CD45 594 Y ALFASMA 488 300323/Fotos a 40X anitguas/8170 40x-4.czi,
ACQ-20230330-LSM9-013,B03,drive1_FRIO-X6,Former students\Zuriñe\0 IMAGEN CONFOCAL\CDH5 JAGGED2\CD45 594 Y ALFASMA 488 300323\Fotos a 40X anitguas\8170 40x-5.czi,,,e1336bc94a432f37ed82d49afd88609e7f798bf157b96e3c02ed9295eb320973,Y,drive1_FRIO-X6/Drive zuri 170823.zip/Drive zuri 170823/0 IMAGEN CONFOCAL/CDH5 JAGGED2/CD45 594 Y ALFASMA 488 300323/Fotos a 40X anitguas/8170 40x-5.czi;drive1_FRIO-X6/Former students/Zuriñe/0 IMAGEN CONFOCAL/CDH5 JAGGED2/Fotos confocales cdh5 jagged2.zip/CD45 594 Y ALFASMA 488 300323/Fotos a 40X anitguas/8170 40x-5.czi,
ACQ-20230414-CELL-001,B02,drive1_FRIO-X6,Cell observer\AINHIZE\118 LUCIA\Lucia Lungs 118\MPO\131_1.50.czi,,,0e2c006c551bb97a0f309b04474346e8f1a01f89dca2e441a21b56bc0cc87d9d,Y,,
ACQ-20230414-CELL-002,B02,drive1_FRIO-X6,Cell observer\AINHIZE\118 LUCIA\Lucia Lungs 118\MPO\131_1.50_2.czi,,,373614837d6e1e18eb6130ad762357d88bc96d1037d73190f61a8b27678aae67,Y,,
ACQ-20230414-CELL-003,B02,drive1_FRIO-X6,Cell observer\AINHIZE\118 LUCIA\Lucia Lungs 118\MPO\136_1.50.czi,,,db6471e105b41b36ca61f25633f2a00051419a80a325f9cf80a5b3ab0662fefe,Y,,
ACQ-20230414-CELL-004,B02,drive1_FRIO-X6,Cell observer\AINHIZE\118 LUCIA\Lucia Lungs 118\MPO\137_ctl.czi,,,d68d33f77220d6c5861701ec5b7b95944d5ad1887ccd01811d7e2ac21d212c30,Y,,
ACQ-20230417-LSM9-001,B03,drive1_FRIO-X6,Former students\Zuriñe\0 IMAGEN CONFOCAL\CDH5 JAGGED2\SM22alfa 594 170423\C BLEO\8238 20x tiles.czi,,,48f523be4420278648e25bcd9239641c9fcdac8589261a0b312d025537468679,Y,drive1_FRIO-X6/Drive zuri 170823.zip/Drive zuri 170823/0 IMAGEN CONFOCAL/CDH5 JAGGED2/SM22alfa 594 170423/C BLEO/8238 20x tiles.czi;drive1_FRIO-X6/Former students/Zuriñe/0 IMAGEN CONFOCAL/CDH5 JAGGED2/Fotos confocales cdh5 jagged2.zip/SM22alfa 594 170423/C BLEO/8238 20x tiles.czi,
ACQ-20230417-LSM9-002,B03,drive1_FRIO-X6,Former students\Zuriñe\0 IMAGEN CONFOCAL\CDH5 JAGGED2\SM22alfa 594 170423\C BLEO\8238 20x-1 confocal.czi,,,dcfff462f60e9b5218717e5a048e272eb2a123ffc58f898b9baef1b06cd2e5b3,Y,drive1_FRIO-X6/Drive zuri 170823.zip/Drive zuri 170823/0 IMAGEN CONFOCAL/CDH5 JAGGED2/SM22alfa 594 170423/C BLEO/8238 20x-1 confocal.czi;drive1_FRIO-X6/Former students/Zuriñe/0 IMAGEN CONFOCAL/CDH5 JAGGED2/Fotos confocales cdh5 jagged2.zip/SM22alfa 594 170423/C BLEO/8238 20x-1 confocal.czi,
ACQ-20230417-LSM9-003,B03,drive1_FRIO-X6,Former students\Zuriñe\0 IMAGEN CONFOCAL\CDH5 JAGGED2\SM22alfa 594 170423\C BLEO\8238 20x-2 confocal.czi,,,addf3753f0230e59a75cde1acf5909144a58558a980c3f4ad0fee79ac9966649,Y,drive1_FRIO-X6/Drive zuri 170823.zip/Drive zuri 170823/0 IMAGEN CONFOCAL/CDH5 JAGGED2/SM22alfa 594 170423/C BLEO/8238 20x-2 confocal.czi;drive1_FRIO-X6/Former students/Zuriñe/0 IMAGEN CONFOCAL/CDH5 JAGGED2/Fotos confocales cdh5 jagged2.zip/SM22alfa 594 170423/C BLEO/8238 20x-2 confocal.czi,
ACQ-20230417-LSM9-004,B03,drive1_FRIO-X6,Former students\Zuriñe\0 IMAGEN CONFOCAL\CDH5 JAGGED2\SM22alfa 594 170423\C BLEO\8238 20x-2 tiles.czi,,,726e6f7adeb79044fcc4460cfaf92b070d7975f59a2bdb64342a5d07f7557331,Y,drive1_FRIO-X6/Drive zuri 170823.zip/Drive zuri 170823/0 IMAGEN CONFOCAL/CDH5 JAGGED2/SM22alfa 594 170423/C BLEO/8238 20x-2 tiles.czi;drive1_FRIO-X6/Former students/Zuriñe/0 IMAGEN CONFOCAL/CDH5 JAGGED2/Fotos confocales cdh5 jagged2.zip/SM22alfa 594 170423/C BLEO/8238 20x-2 tiles.czi,
ACQ-20230417-LSM9-005,B03,drive1_FRIO-X6,Former students\Zuriñe\0 IMAGEN CONFOCAL\CDH5 JAGGED2\SM22alfa 594 170423\C BLEO\8238 40x-1 confocal.czi,,,3b51a44c8f348dfecfba614d1627ec2309fa47616d8ef9a42c15be43928ed31f,Y,drive1_FRIO-X6/Drive zuri 170823.zip/Drive zuri 170823/0 IMAGEN CONFOCAL/CDH5 JAGGED2/SM22alfa 594 170423/C BLEO/8238 40x-1 confocal.czi;drive1_FRIO-X6/Former students/Zuriñe/0 IMAGEN CONFOCAL/CDH5 JAGGED2/Fotos confocales cdh5 jagged2.zip/SM22alfa 594 170423/C BLEO/8238 40x-1 confocal.czi,
ACQ-20230417-LSM9-006,B03,drive1_FRIO-X6,Former students\Zuriñe\0 IMAGEN CONFOCAL\CDH5 JAGGED2\SM22alfa 594 170423\C PBS\8168 10x tiles.czi,,,6e9c8aca73cf89c6cfd0991f7f37614658803d5d144d29417b4106d0a1ce5ef7,Y,drive1_FRIO-X6/Drive zuri 170823.zip/Drive zuri 170823/0 IMAGEN CONFOCAL/CDH5 JAGGED2/SM22alfa 594 170423/C PBS/8168 10x tiles.czi;drive1_FRIO-X6/Former students/Zuriñe/0 IMAGEN CONFOCAL/CDH5 JAGGED2/Fotos confocales cdh5 jagged2.zip/SM22alfa 594 170423/C PBS/8168 10x tiles.czi,
ACQ-20230417-LSM9-007,B03,drive1_FRIO-X6,Former students\Zuriñe\0 IMAGEN CONFOCAL\CDH5 JAGGED2\SM22alfa 594 170423\C PBS\8168 10x- tiles.czi,,,38c7ea1965c350c25f095bcb57d80d5c0c550575c37e33964b6c689a658135e1,Y,drive1_FRIO-X6/Drive zuri 170823.zip/Drive zuri 170823/0 IMAGEN CONFOCAL/CDH5 JAGGED2/SM22alfa 594 170423/C PBS/8168 10x- tiles.czi;drive1_FRIO-X6/Former students/Zuriñe/0 IMAGEN CONFOCAL/CDH5 JAGGED2/Fotos confocales cdh5 jagged2.zip/SM22alfa 594 170423/C PBS/8168 10x- tiles.czi,
ACQ-20230417-LSM9-008,B03,drive1_FRIO-X6,Former students\Zuriñe\0 IMAGEN CONFOCAL\CDH5 JAGGED2\SM22alfa 594 170423\C PBS\8168 20x-1 confocal.czi,,,8a35a712a10427f6ec806584e99ec33a662d0e7682581900cddd491aa1192935,Y,drive1_FRIO-X6/Drive zuri 170823.zip/Drive zuri 170823/0 IMAGEN CONFOCAL/CDH5 JAGGED2/SM22alfa 594 170423/C PBS/8168 20x-1 confocal.czi;drive1_FRIO-X6/Former students/Zuriñe/0 IMAGEN CONFOCAL/CDH5 JAGGED2/Fotos confocales cdh5 jagged2.zip/SM22alfa 594 170423/C PBS/8168 20x-1 confocal.czi,
ACQ-20230417-LSM9-009,B03,drive1_FRIO-X6,Former students\Zuriñe\0 IMAGEN CONFOCAL\CDH5 JAGGED2\SM22alfa 594 170423\C PBS\8168 20x-2 confocal.czi,,,baa96e0569be6a4e3dd41aa2e588f748246f32e2dd39a57be984d1f25122934e,Y,drive1_FRIO-X6/Drive zuri 170823.zip/Drive zuri 170823/0 IMAGEN CONFOCAL/CDH5 JAGGED2/SM22alfa 594 170423/C PBS/8168 20x-2 confocal.czi;drive1_FRIO-X6/Former students/Zuriñe/0 IMAGEN CONFOCAL/CDH5 JAGGED2/Fotos confocales cdh5 jagged2.zip/SM22alfa 594 170423/C PBS/8168 20x-2 confocal.czi,
ACQ-20230417-LSM9-010,B03,drive1_FRIO-X6,Former students\Zuriñe\0 IMAGEN CONFOCAL\CDH5 JAGGED2\SM22alfa 594 170423\C PBS\8168 20x-2 tiles.czi,,,012a9ac1649f106b54093367f0ce2c2d8082ce1a5481c2847d03d85e917df5ea,Y,drive1_FRIO-X6/Drive zuri 170823.zip/Drive zuri 170823/0 IMAGEN CONFOCAL/CDH5 JAGGED2/SM22alfa 594 170423/C PBS/8168 20x-2 tiles.czi;drive1_FRIO-X6/Former students/Zuriñe/0 IMAGEN CONFOCAL/CDH5 JAGGED2/Fotos confocales cdh5 jagged2.zip/SM22alfa 594 170423/C PBS/8168 20x-2 tiles.czi,
ACQ-20230417-LSM9-011,B03,drive1_FRIO-X6,Former students\Zuriñe\0 IMAGEN CONFOCAL\CDH5 JAGGED2\SM22alfa 594 170423\C PBS\8168 40x-2 confocal.czi,,,3cf0ae39a8c8aa8ed748f0db89441505c75c91bb7b1c0f166f01a32fea99ddc8,Y,drive1_FRIO-X6/Drive zuri 170823.zip/Drive zuri 170823/0 IMAGEN CONFOCAL/CDH5 JAGGED2/SM22alfa 594 170423/C PBS/8168 40x-2 confocal.czi;drive1_FRIO-X6/Former students/Zuriñe/0 IMAGEN CONFOCAL/CDH5 JAGGED2/Fotos confocales cdh5 jagged2.zip/SM22alfa 594 170423/C PBS/8168 40x-2 confocal.czi,
ACQ-20230417-LSM9-012,B03,drive1_FRIO-X6,Former students\Zuriñe\0 IMAGEN CONFOCAL\CDH5 JAGGED2\SM22alfa 594 170423\C PBS\8168 40x-3 confocal.czi,,,c9dceb927b1bd162a935347259c80554d522548a286472aa1b9e1b90d92d01e4,Y,drive1_FRIO-X6/Drive zuri 170823.zip/Drive zuri 170823/0 IMAGEN CONFOCAL/CDH5 JAGGED2/SM22alfa 594 170423/C PBS/8168 40x-3 confocal.czi;drive1_FRIO-X6/Former students/Zuriñe/0 IMAGEN CONFOCAL/CDH5 JAGGED2/Fotos confocales cdh5 jagged2.zip/SM22alfa 594 170423/C PBS/8168 40x-3 confocal.czi,
ACQ-20230417-LSM9-013,B03,drive1_FRIO-X6,Former students\Zuriñe\0 IMAGEN CONFOCAL\CDH5 JAGGED2\SM22alfa 594 170423\C PBS\81680x- tiles.czi,,,e79ef575c80ac9d4c3927f9310e3a5dab6d59a3385c1b80538aa22d51d9d43f3,Y,drive1_FRIO-X6/Drive zuri 170823.zip/Drive zuri 170823/0 IMAGEN CONFOCAL/CDH5 JAGGED2/SM22alfa 594 170423/C PBS/81680x- tiles.czi;drive1_FRIO-X6/Former students/Zuriñe/0 IMAGEN CONFOCAL/CDH5 JAGGED2/Fotos confocales cdh5 jagged2.zip/SM22alfa 594 170423/C PBS/81680x- tiles.czi,
ACQ-20230417-LSM9-014,B03,drive1_FRIO-X6,Former students\Zuriñe\0 IMAGEN CONFOCAL\CDH5 JAGGED2\SM22alfa 594 170423\C PBS\81680x-1 tiles.czi,,,228ee3bea4058c68882d695d9f561bbc51e4d813b3cf9d5637f2bb6b9b3fa715,Y,drive1_FRIO-X6/Drive zuri 170823.zip/Drive zuri 170823/0 IMAGEN CONFOCAL/CDH5 JAGGED2/SM22alfa 594 170423/C PBS/81680x-1 tiles.czi;drive1_FRIO-X6/Former students/Zuriñe/0 IMAGEN CONFOCAL/CDH5 JAGGED2/Fotos confocales cdh5 jagged2.zip/SM22alfa 594 170423/C PBS/81680x-1 tiles.czi,
ACQ-20230417-LSM9-015,B03,drive1_FRIO-X6,Former students\Zuriñe\0 IMAGEN CONFOCAL\CDH5 JAGGED2\SM22alfa 594 170423\C PBS\816840x-1 confocal.czi,,,bebf2dbe96c71f51661f7b369ed581f04dc5991d7e9da09c154420193ce12ac8,Y,drive1_FRIO-X6/Drive zuri 170823.zip/Drive zuri 170823/0 IMAGEN CONFOCAL/CDH5 JAGGED2/SM22alfa 594 170423/C PBS/816840x-1 confocal.czi;drive1_FRIO-X6/Former students/Zuriñe/0 IMAGEN CONFOCAL/CDH5 JAGGED2/Fotos confocales cdh5 jagged2.zip/SM22alfa 594 170423/C PBS/816840x-1 confocal.czi,
ACQ-20230417-LSM9-016,B03,drive1_FRIO-X6,Former students\Zuriñe\0 IMAGEN CONFOCAL\CDH5 JAGGED2\SM22alfa 594 170423\EXP BLEO\7824 40x-1 confocal.czi,,,4954d9d0dc944af6eb425ca3e9b5dee73c42e7c0ffb86580f8963f3aaeb40604,Y,drive1_FRIO-X6/Drive zuri 170823.zip/Drive zuri 170823/0 IMAGEN CONFOCAL/CDH5 JAGGED2/SM22alfa 594 170423/EXP BLEO/7824 40x-1 confocal.czi;drive1_FRIO-X6/Former students/Zuriñe/0 IMAGEN CONFOCAL/CDH5 JAGGED2/Fotos confocales cdh5 jagged2.zip/SM22alfa 594 170423/EXP BLEO/7824 40x-1 confocal.czi,
ACQ-20230417-LSM9-017,B03,drive1_FRIO-X6,Former students\Zuriñe\0 IMAGEN CONFOCAL\CDH5 JAGGED2\SM22alfa 594 170423\EXP BLEO\7824 40x-2 confocal.czi,,,a001e9b60370dcb4760197c68ca204f7fd104b3a1bfc4d55af900f914e93c8cc,Y,drive1_FRIO-X6/Drive zuri 170823.zip/Drive zuri 170823/0 IMAGEN CONFOCAL/CDH5 JAGGED2/SM22alfa 594 170423/EXP BLEO/7824 40x-2 confocal.czi;drive1_FRIO-X6/Former students/Zuriñe/0 IMAGEN CONFOCAL/CDH5 JAGGED2/Fotos confocales cdh5 jagged2.zip/SM22alfa 594 170423/EXP BLEO/7824 40x-2 confocal.czi,
ACQ-20230417-LSM9-018,B03,drive1_FRIO-X6,Former students\Zuriñe\0 IMAGEN CONFOCAL\CDH5 JAGGED2\SM22alfa 594 170423\EXP BLEO\7824 40x-3 confocal.czi,,,d86f66330d59dd4f1dcf5a772c9407dc182ac27813a4e5d66f51e3f92956e30b,Y,drive1_FRIO-X6/Drive zuri 170823.zip/Drive zuri 170823/0 IMAGEN CONFOCAL/CDH5 JAGGED2/SM22alfa 594 170423/EXP BLEO/7824 40x-3 confocal.czi;drive1_FRIO-X6/Former students/Zuriñe/0 IMAGEN CONFOCAL/CDH5 JAGGED2/Fotos confocales cdh5 jagged2.zip/SM22alfa 594 170423/EXP BLEO/7824 40x-3 confocal.czi,
ACQ-20230417-LSM9-019,B03,drive1_FRIO-X6,Former students\Zuriñe\0 IMAGEN CONFOCAL\CDH5 JAGGED2\SM22alfa 594 170423\EXP BLEO\7824 40x-4 confocal.czi,,,607de72e24b2aa42a489e9d5fd4e3862f6e5e1af906bd62a0c30e61b5b77364c,Y,drive1_FRIO-X6/Drive zuri 170823.zip/Drive zuri 170823/0 IMAGEN CONFOCAL/CDH5 JAGGED2/SM22alfa 594 170423/EXP BLEO/7824 40x-4 confocal.czi;drive1_FRIO-X6/Former students/Zuriñe/0 IMAGEN CONFOCAL/CDH5 JAGGED2/Fotos confocales cdh5 jagged2.zip/SM22alfa 594 170423/EXP BLEO/7824 40x-4 confocal.czi,
ACQ-20230417-LSM9-020,B03,drive1_FRIO-X6,Former students\Zuriñe\0 IMAGEN CONFOCAL\CDH5 JAGGED2\SM22alfa 594 170423\EXP BLEO\7824 tiles 20x-1.czi,,,6c70571dbe7edbb5c165b5cac1f6709cdee76aa59bddf4f7c8db1587a2681a0e,Y,drive1_FRIO-X6/Drive zuri 170823.zip/Drive zuri 170823/0 IMAGEN CONFOCAL/CDH5 JAGGED2/SM22alfa 594 170423/EXP BLEO/7824 tiles 20x-1.czi;drive1_FRIO-X6/Former students/Zuriñe/0 IMAGEN CONFOCAL/CDH5 JAGGED2/Fotos confocales cdh5 jagged2.zip/SM22alfa 594 170423/EXP BLEO/7824 tiles 20x-1.czi,
ACQ-20230417-LSM9-021,B03,drive1_FRIO-X6,Former students\Zuriñe\0 IMAGEN CONFOCAL\CDH5 JAGGED2\SM22alfa 594 170423\EXP BLEO\7825 20x-1 confocal.czi,,,7e5d4b72a6cfb1dbf484de4f180edd70fdd54c2edbe2672e6c58f284cdca6502,Y,drive1_FRIO-X6/Drive zuri 170823.zip/Drive zuri 170823/0 IMAGEN CONFOCAL/CDH5 JAGGED2/SM22alfa 594 170423/EXP BLEO/7825 20x-1 confocal.czi;drive1_FRIO-X6/Former students/Zuriñe/0 IMAGEN CONFOCAL/CDH5 JAGGED2/Fotos confocales cdh5 jagged2.zip/SM22alfa 594 170423/EXP BLEO/7825 20x-1 confocal.czi,
ACQ-20230417-LSM9-022,B03,drive1_FRIO-X6,Former students\Zuriñe\0 IMAGEN CONFOCAL\CDH5 JAGGED2\SM22alfa 594 170423\EXP BLEO\7825 20x-1 tiles.czi,,,2cdbf5acea008dd5ef3dfb4a9766c4f1163b194efe20b667aff35e7d3e256f07,Y,drive1_FRIO-X6/Drive zuri 170823.zip/Drive zuri 170823/0 IMAGEN CONFOCAL/CDH5 JAGGED2/SM22alfa 594 170423/EXP BLEO/7825 20x-1 tiles.czi;drive1_FRIO-X6/Former students/Zuriñe/0 IMAGEN CONFOCAL/CDH5 JAGGED2/Fotos confocales cdh5 jagged2.zip/SM22alfa 594 170423/EXP BLEO/7825 20x-1 tiles.czi,
ACQ-20230417-LSM9-023,B03,drive1_FRIO-X6,Former students\Zuriñe\0 IMAGEN CONFOCAL\CDH5 JAGGED2\SM22alfa 594 170423\EXP BLEO\7825 40x-1 confocal.czi,,,2a2862d908adaca8a357c2d6813b68bf5631e5afb8cb2a7d61925979bea2a6d3,Y,drive1_FRIO-X6/Drive zuri 170823.zip/Drive zuri 170823/0 IMAGEN CONFOCAL/CDH5 JAGGED2/SM22alfa 594 170423/EXP BLEO/7825 40x-1 confocal.czi;drive1_FRIO-X6/Former students/Zuriñe/0 IMAGEN CONFOCAL/CDH5 JAGGED2/Fotos confocales cdh5 jagged2.zip/SM22alfa 594 170423/EXP BLEO/7825 40x-1 confocal.czi,
ACQ-20230417-LSM9-024,B03,drive1_FRIO-X6,Former students\Zuriñe\0 IMAGEN CONFOCAL\CDH5 JAGGED2\SM22alfa 594 170423\EXP PBS\7822 20x-1 confocal.czi,,,cdebd3493043079d9efb0010e85c75a6d37e1bf6b4136811acb5b6562be94914,Y,drive1_FRIO-X6/Drive zuri 170823.zip/Drive zuri 170823/0 IMAGEN CONFOCAL/CDH5 JAGGED2/SM22alfa 594 170423/EXP PBS/7822 20x-1 confocal.czi;drive1_FRIO-X6/Former students/Zuriñe/0 IMAGEN CONFOCAL/CDH5 JAGGED2/Fotos confocales cdh5 jagged2.zip/SM22alfa 594 170423/EXP PBS/7822 20x-1 confocal.czi,
ACQ-20230417-LSM9-025,B03,drive1_FRIO-X6,Former students\Zuriñe\0 IMAGEN CONFOCAL\CDH5 JAGGED2\SM22alfa 594 170423\EXP PBS\7822 20x-1 tiles.czi,,,5aa0bcf00456c598646ab321c562a819ca232fe7cfc3d6814a7dd63eb36c1146,Y,drive1_FRIO-X6/Drive zuri 170823.zip/Drive zuri 170823/0 IMAGEN CONFOCAL/CDH5 JAGGED2/SM22alfa 594 170423/EXP PBS/7822 20x-1 tiles.czi;drive1_FRIO-X6/Former students/Zuriñe/0 IMAGEN CONFOCAL/CDH5 JAGGED2/Fotos confocales cdh5 jagged2.zip/SM22alfa 594 170423/EXP PBS/7822 20x-1 tiles.czi,
ACQ-20230417-LSM9-026,B03,drive1_FRIO-X6,Former students\Zuriñe\0 IMAGEN CONFOCAL\CDH5 JAGGED2\SM22alfa 594 170423\EXP PBS\7822 20x-2 confocal.czi,,,0b2c171ae001da572ddb1424e963b830aa6cee3f3734c86fea401e9be504d54a,Y,drive1_FRIO-X6/Drive zuri 170823.zip/Drive zuri 170823/0 IMAGEN CONFOCAL/CDH5 JAGGED2/SM22alfa 594 170423/EXP PBS/7822 20x-2 confocal.czi;drive1_FRIO-X6/Former students/Zuriñe/0 IMAGEN CONFOCAL/CDH5 JAGGED2/Fotos confocales cdh5 jagged2.zip/SM22alfa 594 170423/EXP PBS/7822 20x-2 confocal.czi,
ACQ-20230417-LSM9-027,B03,drive1_FRIO-X6,Former students\Zuriñe\0 IMAGEN CONFOCAL\CDH5 JAGGED2\SM22alfa 594 170423\EXP PBS\7822 20x-3 confocal.czi,,,833fa5f5296b702b049a56adcbb3101ec77f0918ce4474f866737b28c4a09e4b,Y,drive1_FRIO-X6/Drive zuri 170823.zip/Drive zuri 170823/0 IMAGEN CONFOCAL/CDH5 JAGGED2/SM22alfa 594 170423/EXP PBS/7822 20x-3 confocal.czi;drive1_FRIO-X6/Former students/Zuriñe/0 IMAGEN CONFOCAL/CDH5 JAGGED2/Fotos confocales cdh5 jagged2.zip/SM22alfa 594 170423/EXP PBS/7822 20x-3 confocal.czi,
ACQ-20230417-LSM9-028,B03,drive1_FRIO-X6,Former students\Zuriñe\0 IMAGEN CONFOCAL\CDH5 JAGGED2\SM22alfa 594 170423\EXP PBS\7822 40x-1 confocal.czi,,,8372f67eb049498e1985393abf5f015b8db3688c53f3b41d8a557b456e5611e2,Y,drive1_FRIO-X6/Drive zuri 170823.zip/Drive zuri 170823/0 IMAGEN CONFOCAL/CDH5 JAGGED2/SM22alfa 594 170423/EXP PBS/7822 40x-1 confocal.czi;drive1_FRIO-X6/Former students/Zuriñe/0 IMAGEN CONFOCAL/CDH5 JAGGED2/Fotos confocales cdh5 jagged2.zip/SM22alfa 594 170423/EXP PBS/7822 40x-1 confocal.czi,
ACQ-20230417-LSM9-029,B03,drive1_FRIO-X6,Former students\Zuriñe\0 IMAGEN CONFOCAL\CDH5 JAGGED2\SM22alfa 594 170423\EXP PBS\7822 40x-2 confocal.czi,,,f30f402ad05539b3a0c618336648ca398038966ba5953944eb7e04ecb3dda6a7,Y,drive1_FRIO-X6/Drive zuri 170823.zip/Drive zuri 170823/0 IMAGEN CONFOCAL/CDH5 JAGGED2/SM22alfa 594 170423/EXP PBS/7822 40x-2 confocal.czi;drive1_FRIO-X6/Former students/Zuriñe/0 IMAGEN CONFOCAL/CDH5 JAGGED2/Fotos confocales cdh5 jagged2.zip/SM22alfa 594 170423/EXP PBS/7822 40x-2 confocal.czi,
ACQ-20230417-LSM9-030,B03,drive1_FRIO-X6,Former students\Zuriñe\0 IMAGEN CONFOCAL\CDH5 JAGGED2\SM22alfa 594 170423\EXP PBS\7822 40x-3 confocal.czi,,,c0f092fd6d1edaaed1edc88fd817ea7876b4f0ebbe714036b6cd128579517509,Y,drive1_FRIO-X6/Drive zuri 170823.zip/Drive zuri 170823/0 IMAGEN CONFOCAL/CDH5 JAGGED2/SM22alfa 594 170423/EXP PBS/7822 40x-3 confocal.czi;drive1_FRIO-X6/Former students/Zuriñe/0 IMAGEN CONFOCAL/CDH5 JAGGED2/Fotos confocales cdh5 jagged2.zip/SM22alfa 594 170423/EXP PBS/7822 40x-3 confocal.czi,
ACQ-20230417-LSM9-031,B03,drive1_FRIO-X6,Former students\Zuriñe\0 IMAGEN CONFOCAL\CDH5 JAGGED2\SM22alfa 594 170423\EXP PBS\7822 40x-4 confocal.czi,,,b98273c2ed3916be0d0eb9448740045807accc78414c4919229c52044489ee8a,Y,drive1_FRIO-X6/Drive zuri 170823.zip/Drive zuri 170823/0 IMAGEN CONFOCAL/CDH5 JAGGED2/SM22alfa 594 170423/EXP PBS/7822 40x-4 confocal.czi;drive1_FRIO-X6/Former students/Zuriñe/0 IMAGEN CONFOCAL/CDH5 JAGGED2/Fotos confocales cdh5 jagged2.zip/SM22alfa 594 170423/EXP PBS/7822 40x-4 confocal.czi,
ACQ-20230417-LSM9-032,B03,drive1_FRIO-X6,Former students\Zuriñe\0 IMAGEN CONFOCAL\CDH5 JAGGED2\SM22alfa 594 170423\EXP PBS\7824 20x- tiles.czi,,,40b45c2336db0e6d54d9796a6a9dcb3dacb8d5301cbf9c16c04661d798701638,Y,drive1_FRIO-X6/Drive zuri 170823.zip/Drive zuri 170823/0 IMAGEN CONFOCAL/CDH5 JAGGED2/SM22alfa 594 170423/EXP PBS/7824 20x- tiles.czi;drive1_FRIO-X6/Former students/Zuriñe/0 IMAGEN CONFOCAL/CDH5 JAGGED2/Fotos confocales cdh5 jagged2.zip/SM22alfa 594 170423/EXP PBS/7824 20x- tiles.czi,
ACQ-20230418-LSM9-001,B03,drive1_FRIO-X6,Former students\Zuriñe\0 IMAGEN CONFOCAL\CDH5 JAGGED2\AFASMA de las fotos con collagen pero no he sacado collagen\7822 20x-1 tilles.czi,,,168f338de76e0f0c11447f41b78ee8b440b5c52cf39843a9a9727ece065f4a16,Y,drive1_FRIO-X6/Drive zuri 170823.zip/Drive zuri 170823/0 IMAGEN CONFOCAL/CDH5 JAGGED2/AFASMA de las fotos con collagen pero no he sacado collagen/7822 20x-1 tilles.czi;drive1_FRIO-X6/Former students/Zuriñe/0 IMAGEN CONFOCAL/CDH5 JAGGED2/Fotos confocales cdh5 jagged2.zip/AFASMA de las fotos con collagen pero no he sacado collagen/7822 20x-1 tilles.czi,
ACQ-20230418-LSM9-002,B03,drive1_FRIO-X6,Former students\Zuriñe\0 IMAGEN CONFOCAL\CDH5 JAGGED2\AFASMA de las fotos con collagen pero no he sacado collagen\7822\7822 20x-1 confocal.czi,,,7d4de9ca4250965006bffc569d865eb4db6e990b5179a44f1fdedc472f567440,Y,drive1_FRIO-X6/Drive zuri 170823.zip/Drive zuri 170823/0 IMAGEN CONFOCAL/CDH5 JAGGED2/AFASMA de las fotos con collagen pero no he sacado collagen/7822/7822 20x-1 confocal.czi;drive1_FRIO-X6/Former students/Zuriñe/0 IMAGEN CONFOCAL/CDH5 JAGGED2/Fotos confocales cdh5 jagged2.zip/AFASMA de las fotos con collagen pero no he sacado collagen/7822/7822 20x-1 confocal.czi,
ACQ-20230418-LSM9-003,B03,drive1_FRIO-X6,Former students\Zuriñe\0 IMAGEN CONFOCAL\CDH5 JAGGED2\AFASMA de las fotos con collagen pero no he sacado collagen\7822\7822 20x-2 tilles.czi,,,73f43dcfad41525d32f9b4d9940e64fa5f65d0ae292bd860b307fe5c08cc4e03,Y,drive1_FRIO-X6/Drive zuri 170823.zip/Drive zuri 170823/0 IMAGEN CONFOCAL/CDH5 JAGGED2/AFASMA de las fotos con collagen pero no he sacado collagen/7822/7822 20x-2 tilles.czi;drive1_FRIO-X6/Former students/Zuriñe/0 IMAGEN CONFOCAL/CDH5 JAGGED2/Fotos confocales cdh5 jagged2.zip/AFASMA de las fotos con collagen pero no he sacado collagen/7822/7822 20x-2 tilles.czi,
ACQ-20230418-LSM9-004,B03,drive1_FRIO-X6,Former students\Zuriñe\0 IMAGEN CONFOCAL\CDH5 JAGGED2\AFASMA de las fotos con collagen pero no he sacado collagen\7822\7822 40x-1 confocal.czi,,,5ae471f9811aa6d1ce09c7088e4d3eb1bc5fa4fbb3d401d048e6c70bcc2cad13,Y,drive1_FRIO-X6/Drive zuri 170823.zip/Drive zuri 170823/0 IMAGEN CONFOCAL/CDH5 JAGGED2/AFASMA de las fotos con collagen pero no he sacado collagen/7822/7822 40x-1 confocal.czi;drive1_FRIO-X6/Former students/Zuriñe/0 IMAGEN CONFOCAL/CDH5 JAGGED2/Fotos confocales cdh5 jagged2.zip/AFASMA de las fotos con collagen pero no he sacado collagen/7822/7822 40x-1 confocal.czi,
ACQ-20230418-LSM9-005,B03,drive1_FRIO-X6,Former students\Zuriñe\0 IMAGEN CONFOCAL\CDH5 JAGGED2\AFASMA de las fotos con collagen pero no he sacado collagen\7916\20x-1 confocal.czi,,,723a8da80a0bdc0e4c0e4ec13885e56fd5d77b1f0f3602f09f91f905ecc7d65c,Y,drive1_FRIO-X6/Drive zuri 170823.zip/Drive zuri 170823/0 IMAGEN CONFOCAL/CDH5 JAGGED2/AFASMA de las fotos con collagen pero no he sacado collagen/7916/20x-1 confocal.czi;drive1_FRIO-X6/Former students/Zuriñe/0 IMAGEN CONFOCAL/CDH5 JAGGED2/Fotos confocales cdh5 jagged2.zip/AFASMA de las fotos con collagen pero no he sacado collagen/7916/20x-1 confocal.czi,
ACQ-20230418-LSM9-006,B03,drive1_FRIO-X6,Former students\Zuriñe\0 IMAGEN CONFOCAL\CDH5 JAGGED2\AFASMA de las fotos con collagen pero no he sacado collagen\7916\20x-2 tiles.czi,,,6636b7507a5e836c023cac78f365b5f9aca0e2d8ddc23aea7df2a15615752ffa,Y,drive1_FRIO-X6/Drive zuri 170823.zip/Drive zuri 170823/0 IMAGEN CONFOCAL/CDH5 JAGGED2/AFASMA de las fotos con collagen pero no he sacado collagen/7916/20x-2 tiles.czi;drive1_FRIO-X6/Former students/Zuriñe/0 IMAGEN CONFOCAL/CDH5 JAGGED2/Fotos confocales cdh5 jagged2.zip/AFASMA de las fotos con collagen pero no he sacado collagen/7916/20x-2 tiles.czi,
ACQ-20230418-LSM9-007,B03,drive1_FRIO-X6,Former students\Zuriñe\0 IMAGEN CONFOCAL\CDH5 JAGGED2\AFASMA de las fotos con collagen pero no he sacado collagen\7916\20x-3 tiles.czi,,,23256f9a6e9c888d80c93ef80796148dea99f8019961aff55e7d53725d284c41,Y,drive1_FRIO-X6/Drive zuri 170823.zip/Drive zuri 170823/0 IMAGEN CONFOCAL/CDH5 JAGGED2/AFASMA de las fotos con collagen pero no he sacado collagen/7916/20x-3 tiles.czi;drive1_FRIO-X6/Former students/Zuriñe/0 IMAGEN CONFOCAL/CDH5 JAGGED2/Fotos confocales cdh5 jagged2.zip/AFASMA de las fotos con collagen pero no he sacado collagen/7916/20x-3 tiles.czi,
ACQ-20230418-LSM9-008,B03,drive1_FRIO-X6,Former students\Zuriñe\0 IMAGEN CONFOCAL\CDH5 JAGGED2\AFASMA de las fotos con collagen pero no he sacado collagen\7916\20x-4 tiles.czi,,,fb9f07e63e19da3cc755e4c0d29f0a248d6159023171001f58daaff7bdbe6609,Y,drive1_FRIO-X6/Drive zuri 170823.zip/Drive zuri 170823/0 IMAGEN CONFOCAL/CDH5 JAGGED2/AFASMA de las fotos con collagen pero no he sacado collagen/7916/20x-4 tiles.czi;drive1_FRIO-X6/Former students/Zuriñe/0 IMAGEN CONFOCAL/CDH5 JAGGED2/Fotos confocales cdh5 jagged2.zip/AFASMA de las fotos con collagen pero no he sacado collagen/7916/20x-4 tiles.czi,
ACQ-20230418-LSM9-009,B03,drive1_FRIO-X6,Former students\Zuriñe\0 IMAGEN CONFOCAL\CDH5 JAGGED2\AFASMA de las fotos con collagen pero no he sacado collagen\7916\20x-5 de verdad confocal.czi,,,6f2f51ec24d7008f2e7bf55496e4fe8f191fec54216eda8cb45aec5a5ec2e7a2,Y,drive1_FRIO-X6/Drive zuri 170823.zip/Drive zuri 170823/0 IMAGEN CONFOCAL/CDH5 JAGGED2/AFASMA de las fotos con collagen pero no he sacado collagen/7916/20x-5 de verdad confocal.czi;drive1_FRIO-X6/Former students/Zuriñe/0 IMAGEN CONFOCAL/CDH5 JAGGED2/Fotos confocales cdh5 jagged2.zip/AFASMA de las fotos con collagen pero no he sacado collagen/7916/20x-5 de verdad confocal.czi,
ACQ-20230418-LSM9-010,B03,drive1_FRIO-X6,Former students\Zuriñe\0 IMAGEN CONFOCAL\CDH5 JAGGED2\AFASMA de las fotos con collagen pero no he sacado collagen\7916\20x-6 de verdad confocal.czi,,,48966805413aa78ab10eff66cc9132b56fd5210db3759688c0966867d7364aca,Y,drive1_FRIO-X6/Drive zuri 170823.zip/Drive zuri 170823/0 IMAGEN CONFOCAL/CDH5 JAGGED2/AFASMA de las fotos con collagen pero no he sacado collagen/7916/20x-6 de verdad confocal.czi;drive1_FRIO-X6/Former students/Zuriñe/0 IMAGEN CONFOCAL/CDH5 JAGGED2/Fotos confocales cdh5 jagged2.zip/AFASMA de las fotos con collagen pero no he sacado collagen/7916/20x-6 de verdad confocal.czi,
ACQ-20230418-LSM9-011,B03,drive1_FRIO-X6,Former students\Zuriñe\0 IMAGEN CONFOCAL\CDH5 JAGGED2\AFASMA de las fotos con collagen pero no he sacado collagen\7916\40x-1 confocal].czi,,,0a186af67171416b680c77cfe204f57a981aa6f6e66822c4002dd6fa9bdf26e6,Y,drive1_FRIO-X6/Drive zuri 170823.zip/Drive zuri 170823/0 IMAGEN CONFOCAL/CDH5 JAGGED2/AFASMA de las fotos con collagen pero no he sacado collagen/7916/40x-1 confocal].czi;drive1_FRIO-X6/Former students/Zuriñe/0 IMAGEN CONFOCAL/CDH5 JAGGED2/Fotos confocales cdh5 jagged2.zip/AFASMA de las fotos con collagen pero no he sacado collagen/7916/40x-1 confocal].czi,
ACQ-20230418-LSM9-012,B03,drive1_FRIO-X6,Former students\Zuriñe\0 IMAGEN CONFOCAL\CDH5 JAGGED2\AFASMA de las fotos con collagen pero no he sacado collagen\7916\40x-3 confocal].czi,,,5d9c249f0f09de0e038451a6ef168e0e0adbfbcfd5926e3c4f5eba5ec5f9c90d,Y,drive1_FRIO-X6/Drive zuri 170823.zip/Drive zuri 170823/0 IMAGEN CONFOCAL/CDH5 JAGGED2/AFASMA de las fotos con collagen pero no he sacado collagen/7916/40x-3 confocal].czi;drive1_FRIO-X6/Former students/Zuriñe/0 IMAGEN CONFOCAL/CDH5 JAGGED2/Fotos confocales cdh5 jagged2.zip/AFASMA de las fotos con collagen pero no he sacado collagen/7916/40x-3 confocal].czi,
ACQ-20230418-LSM9-013,B03,drive1_FRIO-X6,Former students\Zuriñe\0 IMAGEN CONFOCAL\CDH5 JAGGED2\AFASMA de las fotos con collagen pero no he sacado collagen\8170 y 8171\10x-2 confocal.czi,,,c649f129a938fb2ea2cdf13516f108b6b976b8ec1db54ddb1e93cdd00b6ba2e0,Y,drive1_FRIO-X6/Drive zuri 170823.zip/Drive zuri 170823/0 IMAGEN CONFOCAL/CDH5 JAGGED2/AFASMA de las fotos con collagen pero no he sacado collagen/8170 y 8171/10x-2 confocal.czi;drive1_FRIO-X6/Former students/Zuriñe/0 IMAGEN CONFOCAL/CDH5 JAGGED2/Fotos confocales cdh5 jagged2.zip/AFASMA de las fotos con collagen pero no he sacado collagen/8170 y 8171/10x-2 confocal.czi,
ACQ-20230418-LSM9-014,B03,drive1_FRIO-X6,Former students\Zuriñe\0 IMAGEN CONFOCAL\CDH5 JAGGED2\AFASMA de las fotos con collagen pero no he sacado collagen\8170 y 8171\20x-1 confocal.czi,,,6096e8523bba3a10c21d17a6018c21e380311e816ac3783a10154c18ebbf948a,Y,drive1_FRIO-X6/Drive zuri 170823.zip/Drive zuri 170823/0 IMAGEN CONFOCAL/CDH5 JAGGED2/AFASMA de las fotos con collagen pero no he sacado collagen/8170 y 8171/20x-1 confocal.czi;drive1_FRIO-X6/Former students/Zuriñe/0 IMAGEN CONFOCAL/CDH5 JAGGED2/Fotos confocales cdh5 jagged2.zip/AFASMA de las fotos con collagen pero no he sacado collagen/8170 y 8171/20x-1 confocal.czi,
ACQ-20230418-LSM9-015,B03,drive1_FRIO-X6,Former students\Zuriñe\0 IMAGEN CONFOCAL\CDH5 JAGGED2\AFASMA de las fotos con collagen pero no he sacado collagen\8170 y 8171\20x-1 tiles.czi,,,f419596dfefaf3c5fc21efceccb97fa3279253083531e6bebc35b82e23a8318e,Y,drive1_FRIO-X6/Drive zuri 170823.zip/Drive zuri 170823/0 IMAGEN CONFOCAL/CDH5 JAGGED2/AFASMA de las fotos con collagen pero no he sacado collagen/8170 y 8171/20x-1 tiles.czi;drive1_FRIO-X6/Former students/Zuriñe/0 IMAGEN CONFOCAL/CDH5 JAGGED2/Fotos confocales cdh5 jagged2.zip/AFASMA de las fotos con collagen pero no he sacado collagen/8170 y 8171/20x-1 tiles.czi,
ACQ-20230418-LSM9-016,B03,drive1_FRIO-X6,Former students\Zuriñe\0 IMAGEN CONFOCAL\CDH5 JAGGED2\AFASMA de las fotos con collagen pero no he sacado collagen\8244 y 45\10x-1 tiles.czi,,,8022ea63108b1f47a0b2966409225d086f806aea9905a275a97316f91b83c357,Y,drive1_FRIO-X6/Drive zuri 170823.zip/Drive zuri 170823/0 IMAGEN CONFOCAL/CDH5 JAGGED2/AFASMA de las fotos con collagen pero no he sacado collagen/8244 y 45/10x-1 tiles.czi;drive1_FRIO-X6/Former students/Zuriñe/0 IMAGEN CONFOCAL/CDH5 JAGGED2/Fotos confocales cdh5 jagged2.zip/AFASMA de las fotos con collagen pero no he sacado collagen/8244 y 45/10x-1 tiles.czi,
ACQ-20230418-LSM9-017,B03,drive1_FRIO-X6,Former students\Zuriñe\0 IMAGEN CONFOCAL\CDH5 JAGGED2\AFASMA de las fotos con collagen pero no he sacado collagen\8244 y 45\10x-2 tiles.czi,,,35222e7d380c0996afb1b621e0f62afc8dac7cba8eb92a3affefc8c95f7d4b1b,Y,drive1_FRIO-X6/Drive zuri 170823.zip/Drive zuri 170823/0 IMAGEN CONFOCAL/CDH5 JAGGED2/AFASMA de las fotos con collagen pero no he sacado collagen/8244 y 45/10x-2 tiles.czi;drive1_FRIO-X6/Former students/Zuriñe/0 IMAGEN CONFOCAL/CDH5 JAGGED2/Fotos confocales cdh5 jagged2.zip/AFASMA de las fotos con collagen pero no he sacado collagen/8244 y 45/10x-2 tiles.czi,
ACQ-20230418-LSM9-018,B03,drive1_FRIO-X6,Former students\Zuriñe\0 IMAGEN CONFOCAL\CDH5 JAGGED2\AFASMA de las fotos con collagen pero no he sacado collagen\8244 y 45\20x-1 confocal.czi,,,d3f56eb3fc9dc465ac35af39d627d9dfdca8c6bbb5b57bb33bb259a25ea38eb7,Y,drive1_FRIO-X6/Drive zuri 170823.zip/Drive zuri 170823/0 IMAGEN CONFOCAL/CDH5 JAGGED2/AFASMA de las fotos con collagen pero no he sacado collagen/8244 y 45/20x-1 confocal.czi;drive1_FRIO-X6/Former students/Zuriñe/0 IMAGEN CONFOCAL/CDH5 JAGGED2/Fotos confocales cdh5 jagged2.zip/AFASMA de las fotos con collagen pero no he sacado collagen/8244 y 45/20x-1 confocal.czi,
ACQ-20230418-LSM9-019,B03,drive1_FRIO-X6,Former students\Zuriñe\0 IMAGEN CONFOCAL\CDH5 JAGGED2\AFASMA de las fotos con collagen pero no he sacado collagen\8244 y 45\20x-2 confocal.czi,,,60772631c0a441f14e3f7194d0056f91d7a152190b8f777507eef1c62355d54f,Y,drive1_FRIO-X6/Drive zuri 170823.zip/Drive zuri 170823/0 IMAGEN CONFOCAL/CDH5 JAGGED2/AFASMA de las fotos con collagen pero no he sacado collagen/8244 y 45/20x-2 confocal.czi;drive1_FRIO-X6/Former students/Zuriñe/0 IMAGEN CONFOCAL/CDH5 JAGGED2/Fotos confocales cdh5 jagged2.zip/AFASMA de las fotos con collagen pero no he sacado collagen/8244 y 45/20x-2 confocal.czi,
ACQ-20230418-LSM9-020,B03,drive1_FRIO-X6,Former students\Zuriñe\0 IMAGEN CONFOCAL\CDH5 JAGGED2\AFASMA de las fotos con collagen pero no he sacado collagen\8244 y 45\40x-1 confocal.czi,,,3b5c1df60fccc91bf6c467944a7f6f08f3714253d712307f42ac846c55aec477,Y,drive1_FRIO-X6/Drive zuri 170823.zip/Drive zuri 170823/0 IMAGEN CONFOCAL/CDH5 JAGGED2/AFASMA de las fotos con collagen pero no he sacado collagen/8244 y 45/40x-1 confocal.czi;drive1_FRIO-X6/Former students/Zuriñe/0 IMAGEN CONFOCAL/CDH5 JAGGED2/Fotos confocales cdh5 jagged2.zip/AFASMA de las fotos con collagen pero no he sacado collagen/8244 y 45/40x-1 confocal.czi,
ACQ-20230418-LSM9-021,B03,drive1_FRIO-X6,Former students\Zuriñe\0 IMAGEN CONFOCAL\CDH5 JAGGED2\COL1 + SMA 120423\C BLEO\10-2x confo coge de aqui las condiciones.czi,,,9f6c7b3bce4830a609440e5777e51c987b184b5b7913d0e1230f7271cec9db23,Y,drive1_FRIO-X6/Drive zuri 170823.zip/Drive zuri 170823/0 IMAGEN CONFOCAL/CDH5 JAGGED2/COL1 + SMA 120423/C BLEO/10-2x confo coge de aqui las condiciones.czi;drive1_FRIO-X6/Former students/Zuriñe/0 IMAGEN CONFOCAL/CDH5 JAGGED2/Fotos confocales cdh5 jagged2.zip/COL1 + SMA 120423/C BLEO/10-2x confo coge de aqui las condiciones.czi,
ACQ-20230418-LSM9-022,B03,drive1_FRIO-X6,Former students\Zuriñe\0 IMAGEN CONFOCAL\CDH5 JAGGED2\COL1 + SMA 120423\C BLEO\10x-1 tiles.czi,,,54b4a9b2f20652b9e4753a3bb293013d5de08829f72271fce728b769a5ab55aa,Y,drive1_FRIO-X6/Drive zuri 170823.zip/Drive zuri 170823/0 IMAGEN CONFOCAL/CDH5 JAGGED2/COL1 + SMA 120423/C BLEO/10x-1 tiles.czi;drive1_FRIO-X6/Former students/Zuriñe/0 IMAGEN CONFOCAL/CDH5 JAGGED2/Fotos confocales cdh5 jagged2.zip/COL1 + SMA 120423/C BLEO/10x-1 tiles.czi,
ACQ-20230418-LSM9-023,B03,drive1_FRIO-X6,Former students\Zuriñe\0 IMAGEN CONFOCAL\CDH5 JAGGED2\COL1 + SMA 120423\C BLEO\20-2 confo coge de aqui las condiciones.czi,,,4d696f5c1087c80f0d36e5e4a28075dd57e5d18d5354fcea2d1654ab1a867bca,Y,drive1_FRIO-X6/Drive zuri 170823.zip/Drive zuri 170823/0 IMAGEN CONFOCAL/CDH5 JAGGED2/COL1 + SMA 120423/C BLEO/20-2 confo coge de aqui las condiciones.czi;drive1_FRIO-X6/Former students/Zuriñe/0 IMAGEN CONFOCAL/CDH5 JAGGED2/Fotos confocales cdh5 jagged2.zip/COL1 + SMA 120423/C BLEO/20-2 confo coge de aqui las condiciones.czi,
ACQ-20230418-LSM9-024,B03,drive1_FRIO-X6,Former students\Zuriñe\0 IMAGEN CONFOCAL\CDH5 JAGGED2\COL1 + SMA 120423\C BLEO\20x-1 confo.czi,,,45467613af1bebfd1ea1864688b6fab4e5d87482c56025945d655d2092bf34bf,Y,drive1_FRIO-X6/Drive zuri 170823.zip/Drive zuri 170823/0 IMAGEN CONFOCAL/CDH5 JAGGED2/COL1 + SMA 120423/C BLEO/20x-1 confo.czi;drive1_FRIO-X6/Former students/Zuriñe/0 IMAGEN CONFOCAL/CDH5 JAGGED2/Fotos confocales cdh5 jagged2.zip/COL1 + SMA 120423/C BLEO/20x-1 confo.czi,
ACQ-20230418-LSM9-025,B03,drive1_FRIO-X6,Former students\Zuriñe\0 IMAGEN CONFOCAL\CDH5 JAGGED2\COL1 + SMA 120423\C BLEO\20x-2 tiles.czi,,,a9ed1c4116914d9583df282b24455559b8e3c13d3a92410a40aeebe15fd91f25,Y,drive1_FRIO-X6/Drive zuri 170823.zip/Drive zuri 170823/0 IMAGEN CONFOCAL/CDH5 JAGGED2/COL1 + SMA 120423/C BLEO/20x-2 tiles.czi;drive1_FRIO-X6/Former students/Zuriñe/0 IMAGEN CONFOCAL/CDH5 JAGGED2/Fotos confocales cdh5 jagged2.zip/COL1 + SMA 120423/C BLEO/20x-2 tiles.czi,
ACQ-20230418-LSM9-026,B03,drive1_FRIO-X6,Former students\Zuriñe\0 IMAGEN CONFOCAL\CDH5 JAGGED2\COL1 + SMA 120423\C BLEO\40x-2 confo coger condiciones de aqui.czi,,,a204835404450f6eca77b118cd75d5127905a3db041464f5af3288b6f912524c,Y,drive1_FRIO-X6/Drive zuri 170823.zip/Drive zuri 170823/0 IMAGEN CONFOCAL/CDH5 JAGGED2/COL1 + SMA 120423/C BLEO/40x-2 confo coger condiciones de aqui.czi;drive1_FRIO-X6/Former students/Zuriñe/0 IMAGEN CONFOCAL/CDH5 JAGGED2/Fotos confocales cdh5 jagged2.zip/COL1 + SMA 120423/C BLEO/40x-2 confo coger condiciones de aqui.czi,
ACQ-20230418-LSM9-027,B03,drive1_FRIO-X6,Former students\Zuriñe\0 IMAGEN CONFOCAL\CDH5 JAGGED2\COL1 + SMA 120423\C BLEO\40x-2 confo.czi,,,815a7136e01fabb6201ff558193886aec07f0b13dbcc5ca3bf8d5decbb42e032,Y,drive1_FRIO-X6/Drive zuri 170823.zip/Drive zuri 170823/0 IMAGEN CONFOCAL/CDH5 JAGGED2/COL1 + SMA 120423/C BLEO/40x-2 confo.czi;drive1_FRIO-X6/Former students/Zuriñe/0 IMAGEN CONFOCAL/CDH5 JAGGED2/Fotos confocales cdh5 jagged2.zip/COL1 + SMA 120423/C BLEO/40x-2 confo.czi,
ACQ-20230418-LSM9-028,B03,drive1_FRIO-X6,Former students\Zuriñe\0 IMAGEN CONFOCAL\CDH5 JAGGED2\COL1 + SMA 120423\C PBS\10x-1 tiles.czi,,,ec4f818bdc41773a2860e667b250d65e942689d23e4fd38d762036fe4181d0fe,Y,drive1_FRIO-X6/Drive zuri 170823.zip/Drive zuri 170823/0 IMAGEN CONFOCAL/CDH5 JAGGED2/COL1 + SMA 120423/C PBS/10x-1 tiles.czi;drive1_FRIO-X6/Former students/Zuriñe/0 IMAGEN CONFOCAL/CDH5 JAGGED2/Fotos confocales cdh5 jagged2.zip/COL1 + SMA 120423/C PBS/10x-1 tiles.czi,
ACQ-20230418-LSM9-029,B03,drive1_FRIO-X6,Former students\Zuriñe\0 IMAGEN CONFOCAL\CDH5 JAGGED2\COL1 + SMA 120423\C PBS\20x-1 tiles mas bonita.czi,,,ed5f4b761750339755d31af59c5fce9de2e222462d6758f228ec017f70f6a94f,Y,drive1_FRIO-X6/Drive zuri 170823.zip/Drive zuri 170823/0 IMAGEN CONFOCAL/CDH5 JAGGED2/COL1 + SMA 120423/C PBS/20x-1 tiles mas bonita.czi;drive1_FRIO-X6/Former students/Zuriñe/0 IMAGEN CONFOCAL/CDH5 JAGGED2/Fotos confocales cdh5 jagged2.zip/COL1 + SMA 120423/C PBS/20x-1 tiles mas bonita.czi,
ACQ-20230418-LSM9-030,B03,drive1_FRIO-X6,Former students\Zuriñe\0 IMAGEN CONFOCAL\CDH5 JAGGED2\COL1 + SMA 120423\C PBS\20x-1 tiles.czi,,,ee5b9017aa74a7cc27990bee9be745c03bc278621af98b50ccbdd8ebba10c359,Y,drive1_FRIO-X6/Drive zuri 170823.zip/Drive zuri 170823/0 IMAGEN CONFOCAL/CDH5 JAGGED2/COL1 + SMA 120423/C PBS/20x-1 tiles.czi;drive1_FRIO-X6/Former students/Zuriñe/0 IMAGEN CONFOCAL/CDH5 JAGGED2/Fotos confocales cdh5 jagged2.zip/COL1 + SMA 120423/C PBS/20x-1 tiles.czi,
ACQ-20230418-LSM9-031,B03,drive1_FRIO-X6,Former students\Zuriñe\0 IMAGEN CONFOCAL\CDH5 JAGGED2\COL1 + SMA 120423\C PBS\40x confo.czi,,,12af034b0c1984506ba565ce8f7f7aa2e1e926bee593bb5c7be44b3de5e94f58,Y,drive1_FRIO-X6/Drive zuri 170823.zip/Drive zuri 170823/0 IMAGEN CONFOCAL/CDH5 JAGGED2/COL1 + SMA 120423/C PBS/40x confo.czi;drive1_FRIO-X6/Former students/Zuriñe/0 IMAGEN CONFOCAL/CDH5 JAGGED2/Fotos confocales cdh5 jagged2.zip/COL1 + SMA 120423/C PBS/40x confo.czi,
ACQ-20230418-LSM9-032,B03,drive1_FRIO-X6,Former students\Zuriñe\0 IMAGEN CONFOCAL\CDH5 JAGGED2\COL1 + SMA 120423\EXP BLEO\10x confooooooo.czi,,,69bc008f8ecfd2fcd3b7fbc5e014703cc3384df4b673cec92b10a5d3531cfdfb,Y,drive1_FRIO-X6/Drive zuri 170823.zip/Drive zuri 170823/0 IMAGEN CONFOCAL/CDH5 JAGGED2/COL1 + SMA 120423/EXP BLEO/10x confooooooo.czi;drive1_FRIO-X6/Former students/Zuriñe/0 IMAGEN CONFOCAL/CDH5 JAGGED2/Fotos confocales cdh5 jagged2.zip/COL1 + SMA 120423/EXP BLEO/10x confooooooo.czi,
ACQ-20230418-LSM9-033,B03,drive1_FRIO-X6,Former students\Zuriñe\0 IMAGEN CONFOCAL\CDH5 JAGGED2\COL1 + SMA 120423\EXP BLEO\10x- tiles.czi,,,06ce59a49669aa2b49da8df01156a47f443a458733d2bfa7f65e50d855d58690,Y,drive1_FRIO-X6/Drive zuri 170823.zip/Drive zuri 170823/0 IMAGEN CONFOCAL/CDH5 JAGGED2/COL1 + SMA 120423/EXP BLEO/10x- tiles.czi;drive1_FRIO-X6/Former students/Zuriñe/0 IMAGEN CONFOCAL/CDH5 JAGGED2/Fotos confocales cdh5 jagged2.zip/COL1 + SMA 120423/EXP BLEO/10x- tiles.czi,
ACQ-20230418-LSM9-034,B03,drive1_FRIO-X6,Former students\Zuriñe\0 IMAGEN CONFOCAL\CDH5 JAGGED2\COL1 + SMA 120423\EXP BLEO\10x-3 confo.czi,,,cf8c8756738189bbd71e353282f89cfce366f6b63fd3fbe73bd83634506cb803,Y,drive1_FRIO-X6/Drive zuri 170823.zip/Drive zuri 170823/0 IMAGEN CONFOCAL/CDH5 JAGGED2/COL1 + SMA 120423/EXP BLEO/10x-3 confo.czi;drive1_FRIO-X6/Former students/Zuriñe/0 IMAGEN CONFOCAL/CDH5 JAGGED2/Fotos confocales cdh5 jagged2.zip/COL1 + SMA 120423/EXP BLEO/10x-3 confo.czi,
ACQ-20230418-LSM9-035,B03,drive1_FRIO-X6,Former students\Zuriñe\0 IMAGEN CONFOCAL\CDH5 JAGGED2\COL1 + SMA 120423\EXP BLEO\10x-4 confo.czi,,,9ad9e73d4fc3d9703141ddbefbbe90cab9ec8d9db871492f0097b0203b7250b8,Y,drive1_FRIO-X6/Drive zuri 170823.zip/Drive zuri 170823/0 IMAGEN CONFOCAL/CDH5 JAGGED2/COL1 + SMA 120423/EXP BLEO/10x-4 confo.czi;drive1_FRIO-X6/Former students/Zuriñe/0 IMAGEN CONFOCAL/CDH5 JAGGED2/Fotos confocales cdh5 jagged2.zip/COL1 + SMA 120423/EXP BLEO/10x-4 confo.czi,
ACQ-20230418-LSM9-036,B03,drive1_FRIO-X6,Former students\Zuriñe\0 IMAGEN CONFOCAL\CDH5 JAGGED2\COL1 + SMA 120423\EXP BLEO\20x confo.czi,,,f91a79e30066ddd54fe395f78596204fdef5a6c801536eb5c8c0eacd3ebe4bb6,Y,drive1_FRIO-X6/Drive zuri 170823.zip/Drive zuri 170823/0 IMAGEN CONFOCAL/CDH5 JAGGED2/COL1 + SMA 120423/EXP BLEO/20x confo.czi;drive1_FRIO-X6/Former students/Zuriñe/0 IMAGEN CONFOCAL/CDH5 JAGGED2/Fotos confocales cdh5 jagged2.zip/COL1 + SMA 120423/EXP BLEO/20x confo.czi,
ACQ-20230418-LSM9-037,B03,drive1_FRIO-X6,Former students\Zuriñe\0 IMAGEN CONFOCAL\CDH5 JAGGED2\COL1 + SMA 120423\EXP BLEO\20x-2 confo.czi,,,82a599d876142d85c2833f3d3174bd68c632cfa8a6148b04df1f9d6fdcdd0a99,Y,drive1_FRIO-X6/Drive zuri 170823.zip/Drive zuri 170823/0 IMAGEN CONFOCAL/CDH5 JAGGED2/COL1 + SMA 120423/EXP BLEO/20x-2 confo.czi;drive1_FRIO-X6/Former students/Zuriñe/0 IMAGEN CONFOCAL/CDH5 JAGGED2/Fotos confocales cdh5 jagged2.zip/COL1 + SMA 120423/EXP BLEO/20x-2 confo.czi,
ACQ-20230418-LSM9-038,B03,drive1_FRIO-X6,Former students\Zuriñe\0 IMAGEN CONFOCAL\CDH5 JAGGED2\COL1 + SMA 120423\EXP BLEO\20x-2 tiles.czi,,,67fe7a85b5258ea6bae4e09a440e02b029ad7800cdc4de186a81625decf8087f,Y,drive1_FRIO-X6/Drive zuri 170823.zip/Drive zuri 170823/0 IMAGEN CONFOCAL/CDH5 JAGGED2/COL1 + SMA 120423/EXP BLEO/20x-2 tiles.czi;drive1_FRIO-X6/Former students/Zuriñe/0 IMAGEN CONFOCAL/CDH5 JAGGED2/Fotos confocales cdh5 jagged2.zip/COL1 + SMA 120423/EXP BLEO/20x-2 tiles.czi,
ACQ-20230418-LSM9-039,B03,drive1_FRIO-X6,Former students\Zuriñe\0 IMAGEN CONFOCAL\CDH5 JAGGED2\COL1 + SMA 120423\EXP BLEO\20x-3 confo.czi,,,0008c759e119247ad9c23f9d6a5533a94dc5bc6e8c1692d13de257900637ba67,Y,drive1_FRIO-X6/Drive zuri 170823.zip/Drive zuri 170823/0 IMAGEN CONFOCAL/CDH5 JAGGED2/COL1 + SMA 120423/EXP BLEO/20x-3 confo.czi;drive1_FRIO-X6/Former students/Zuriñe/0 IMAGEN CONFOCAL/CDH5 JAGGED2/Fotos confocales cdh5 jagged2.zip/COL1 + SMA 120423/EXP BLEO/20x-3 confo.czi,
ACQ-20230418-LSM9-040,B03,drive1_FRIO-X6,Former students\Zuriñe\0 IMAGEN CONFOCAL\CDH5 JAGGED2\COL1 + SMA 120423\EXP BLEO\40x- confo.czi,,,496e4b386aa3e9a7ffec01dc02503f148b774b45573c245fda8f777ba6584541,Y,drive1_FRIO-X6/Drive zuri 170823.zip/Drive zuri 170823/0 IMAGEN CONFOCAL/CDH5 JAGGED2/COL1 + SMA 120423/EXP BLEO/40x- confo.czi;drive1_FRIO-X6/Former students/Zuriñe/0 IMAGEN CONFOCAL/CDH5 JAGGED2/Fotos confocales cdh5 jagged2.zip/COL1 + SMA 120423/EXP BLEO/40x- confo.czi,
ACQ-20230418-LSM9-041,B03,drive1_FRIO-X6,Former students\Zuriñe\0 IMAGEN CONFOCAL\CDH5 JAGGED2\COL1 + SMA 120423\EXP BLEO\40x-2confo.czi,,,fc70c9e681d94dfafc0b142f2047f8100a952cd934cb7cd98fd3826482842c96,Y,drive1_FRIO-X6/Drive zuri 170823.zip/Drive zuri 170823/0 IMAGEN CONFOCAL/CDH5 JAGGED2/COL1 + SMA 120423/EXP BLEO/40x-2confo.czi;drive1_FRIO-X6/Former students/Zuriñe/0 IMAGEN CONFOCAL/CDH5 JAGGED2/Fotos confocales cdh5 jagged2.zip/COL1 + SMA 120423/EXP BLEO/40x-2confo.czi,
ACQ-20230418-LSM9-042,B03,drive1_FRIO-X6,Former students\Zuriñe\0 IMAGEN CONFOCAL\CDH5 JAGGED2\COL1 + SMA 120423\EXP BLEO\Snap-615.czi,,,d24a38367dfa535ce58768a0d3ca473127e4762f271425a95eefe676b9f1bb5a,Y,drive1_FRIO-X6/Drive zuri 170823.zip/Drive zuri 170823/0 IMAGEN CONFOCAL/CDH5 JAGGED2/COL1 + SMA 120423/EXP BLEO/Snap-615.czi;drive1_FRIO-X6/Former students/Zuriñe/0 IMAGEN CONFOCAL/CDH5 JAGGED2/Fotos confocales cdh5 jagged2.zip/COL1 + SMA 120423/EXP BLEO/Snap-615.czi,
ACQ-20230418-LSM9-043,B03,drive1_FRIO-X6,Former students\Zuriñe\0 IMAGEN CONFOCAL\CDH5 JAGGED2\COL1 + SMA 120423\EXP PBS\10x-1.czi,,,5a7b9ebb02816df60627914d47320cf68a52623a0b72fde1316874d05c11bb50,Y,drive1_FRIO-X6/Drive zuri 170823.zip/Drive zuri 170823/0 IMAGEN CONFOCAL/CDH5 JAGGED2/COL1 + SMA 120423/EXP PBS/10x-1.czi;drive1_FRIO-X6/Former students/Zuriñe/0 IMAGEN CONFOCAL/CDH5 JAGGED2/Fotos confocales cdh5 jagged2.zip/COL1 + SMA 120423/EXP PBS/10x-1.czi,
ACQ-20230418-LSM9-044,B03,drive1_FRIO-X6,Former students\Zuriñe\0 IMAGEN CONFOCAL\CDH5 JAGGED2\COL1 + SMA 120423\EXP PBS\10x-2 tiles.czi,,,5c786a403f9e83639b05591291ff4a188549e1127586d5c91cfe617e37782381,Y,drive1_FRIO-X6/Drive zuri 170823.zip/Drive zuri 170823/0 IMAGEN CONFOCAL/CDH5 JAGGED2/COL1 + SMA 120423/EXP PBS/10x-2 tiles.czi;drive1_FRIO-X6/Former students/Zuriñe/0 IMAGEN CONFOCAL/CDH5 JAGGED2/Fotos confocales cdh5 jagged2.zip/COL1 + SMA 120423/EXP PBS/10x-2 tiles.czi,
ACQ-20230418-LSM9-045,B03,drive1_FRIO-X6,Former students\Zuriñe\0 IMAGEN CONFOCAL\CDH5 JAGGED2\COL1 + SMA 120423\EXP PBS\20x-1 tiles.czi,,,43ef55ef864713e6b01e836701542efce6831b1c7d40b042f3f7332087575e04,Y,drive1_FRIO-X6/Drive zuri 170823.zip/Drive zuri 170823/0 IMAGEN CONFOCAL/CDH5 JAGGED2/COL1 + SMA 120423/EXP PBS/20x-1 tiles.czi;drive1_FRIO-X6/Former students/Zuriñe/0 IMAGEN CONFOCAL/CDH5 JAGGED2/Fotos confocales cdh5 jagged2.zip/COL1 + SMA 120423/EXP PBS/20x-1 tiles.czi,
ACQ-20230418-LSM9-046,B03,drive1_FRIO-X6,Former students\Zuriñe\0 IMAGEN CONFOCAL\CDH5 JAGGED2\COL1 + SMA 120423\EXP PBS\40x confo-2.czi,,,b4a426ce18e59da3488de20ef8b553226977aaf062ae05984543c5ee29aab152,Y,drive1_FRIO-X6/Drive zuri 170823.zip/Drive zuri 170823/0 IMAGEN CONFOCAL/CDH5 JAGGED2/COL1 + SMA 120423/EXP PBS/40x confo-2.czi;drive1_FRIO-X6/Former students/Zuriñe/0 IMAGEN CONFOCAL/CDH5 JAGGED2/Fotos confocales cdh5 jagged2.zip/COL1 + SMA 120423/EXP PBS/40x confo-2.czi,
ACQ-20230418-LSM9-047,B03,drive1_FRIO-X6,Former students\Zuriñe\0 IMAGEN CONFOCAL\CDH5 JAGGED2\COL1 + SMA 120423\EXP PBS\40x confo.czi,,,fc7f7c57ef4f9fd60148e1f6b7d84f69b38a3a86541ebf9b270823e9b30545f7,Y,drive1_FRIO-X6/Drive zuri 170823.zip/Drive zuri 170823/0 IMAGEN CONFOCAL/CDH5 JAGGED2/COL1 + SMA 120423/EXP PBS/40x confo.czi;drive1_FRIO-X6/Former students/Zuriñe/0 IMAGEN CONFOCAL/CDH5 JAGGED2/Fotos confocales cdh5 jagged2.zip/COL1 + SMA 120423/EXP PBS/40x confo.czi,
ACQ-20230418-LSM9-048,B03,drive1_FRIO-X6,,Former students\Zuriñe\0 IMAGEN CONFOCAL\CDH5 JAGGED2\Fotos confocales cdh5 jagged2.zip,AFASMA de las fotos con collagen pero no he sacado collagen/7916/20x-1 tiles.czi,be90cb2f4e83ee7b8da2af5fba206d4b55124b47fa3d13ea008ac05fc9c782c7,Y,,
ACQ-20230418-LSM9-049,B03,drive1_FRIO-X6,,Former students\Zuriñe\0 IMAGEN CONFOCAL\CDH5 JAGGED2\Fotos confocales cdh5 jagged2.zip,AFASMA de las fotos con collagen pero no he sacado collagen/7916/40x-2 confocal].czi,a91164bdb9030927d11c47064dd2ee8f4d29fc6a677745257929361ceeb391d0,Y,,
ACQ-20230418-LSM9-050,B03,drive1_FRIO-X6,,Former students\Zuriñe\0 IMAGEN CONFOCAL\CDH5 JAGGED2\Fotos confocales cdh5 jagged2.zip,AFASMA de las fotos con collagen pero no he sacado collagen/8170 y 8171/10x-1 confocal.czi,4d36e29b5cd506ae83931df0a8e79cc2d488ba85cc6185c142f796f7e3d37cb2,Y,,
ACQ-20230418-LSM9-051,B03,drive1_FRIO-X6,,Former students\Zuriñe\0 IMAGEN CONFOCAL\CDH5 JAGGED2\Fotos confocales cdh5 jagged2.zip,AFASMA de las fotos con collagen pero no he sacado collagen/8170 y 8171/20x -1 confocal.czi,0e3293fa984d9b8ee31cee9436974f232dabce5368ff718bd8961737d750c1eb,Y,,
ACQ-20230418-LSM9-052,B03,drive1_FRIO-X6,,Former students\Zuriñe\0 IMAGEN CONFOCAL\CDH5 JAGGED2\Fotos confocales cdh5 jagged2.zip,AFASMA de las fotos con collagen pero no he sacado collagen/8170 y 8171/40x-1 confocal.czi,323e273f360e272a69d77267bdd1f925e34c968ec00d4389d05b56ab910cf64c,Y,,
ACQ-20230418-LSM9-053,B03,drive1_FRIO-X6,Former students\Zuriñe\0 IMAGEN CONFOCAL\CDH5 JAGGED2\SM22alfa 594 170423\C BLEO\8170 10x-1 tiles DEF.czi,,,788a79ec24f34790240da8c16042adc2200d8a953aa2d4e3ee0bb47ebbd9873f,Y,drive1_FRIO-X6/Drive zuri 170823.zip/Drive zuri 170823/0 IMAGEN CONFOCAL/CDH5 JAGGED2/SM22alfa 594 170423/C BLEO/8170 10x-1 tiles DEF.czi;drive1_FRIO-X6/Former students/Zuriñe/0 IMAGEN CONFOCAL/CDH5 JAGGED2/Fotos confocales cdh5 jagged2.zip/SM22alfa 594 170423/C BLEO/8170 10x-1 tiles DEF.czi,
ACQ-20230418-LSM9-054,B03,drive1_FRIO-X6,Former students\Zuriñe\0 IMAGEN CONFOCAL\CDH5 JAGGED2\SM22alfa 594 170423\C BLEO\8170 10x-1 tiles.czi,,,e8aa54a73f2ed019443a67ec7f4a7619b499b865b58f756d1a1a8c49c7e445bf,Y,drive1_FRIO-X6/Drive zuri 170823.zip/Drive zuri 170823/0 IMAGEN CONFOCAL/CDH5 JAGGED2/SM22alfa 594 170423/C BLEO/8170 10x-1 tiles.czi;drive1_FRIO-X6/Former students/Zuriñe/0 IMAGEN CONFOCAL/CDH5 JAGGED2/Fotos confocales cdh5 jagged2.zip/SM22alfa 594 170423/C BLEO/8170 10x-1 tiles.czi,
ACQ-20230418-LSM9-055,B03,drive1_FRIO-X6,Former students\Zuriñe\0 IMAGEN CONFOCAL\CDH5 JAGGED2\SM22alfa 594 170423\C BLEO\8170 20x-1 tiles.czi,,,dd0b8d0a56d93d1affe83c29913352347a02b9f1ce6b852aed21f60d0d898bd4,Y,drive1_FRIO-X6/Drive zuri 170823.zip/Drive zuri 170823/0 IMAGEN CONFOCAL/CDH5 JAGGED2/SM22alfa 594 170423/C BLEO/8170 20x-1 tiles.czi;drive1_FRIO-X6/Former students/Zuriñe/0 IMAGEN CONFOCAL/CDH5 JAGGED2/Fotos confocales cdh5 jagged2.zip/SM22alfa 594 170423/C BLEO/8170 20x-1 tiles.czi,
ACQ-20230418-LSM9-056,B03,drive1_FRIO-X6,Former students\Zuriñe\0 IMAGEN CONFOCAL\CDH5 JAGGED2\SM22alfa 594 170423\C BLEO\8170 20x-3 tiles.czi,,,778bb8532280abf5b4c47a847d0fea76657dd6deb4d1ffc528c193f8ca1f998c,Y,drive1_FRIO-X6/Drive zuri 170823.zip/Drive zuri 170823/0 IMAGEN CONFOCAL/CDH5 JAGGED2/SM22alfa 594 170423/C BLEO/8170 20x-3 tiles.czi;drive1_FRIO-X6/Former students/Zuriñe/0 IMAGEN CONFOCAL/CDH5 JAGGED2/Fotos confocales cdh5 jagged2.zip/SM22alfa 594 170423/C BLEO/8170 20x-3 tiles.czi,
ACQ-20230418-LSM9-057,B03,drive1_FRIO-X6,Former students\Zuriñe\0 IMAGEN CONFOCAL\CDH5 JAGGED2\SM22alfa 594 170423\C BLEO\8170 40x-1 tiles.czi,,,5faf7f17885e890dec943fe9384d072134fef4531f6fec31dcc4ddb3bae5ec52,Y,drive1_FRIO-X6/Drive zuri 170823.zip/Drive zuri 170823/0 IMAGEN CONFOCAL/CDH5 JAGGED2/SM22alfa 594 170423/C BLEO/8170 40x-1 tiles.czi;drive1_FRIO-X6/Former students/Zuriñe/0 IMAGEN CONFOCAL/CDH5 JAGGED2/Fotos confocales cdh5 jagged2.zip/SM22alfa 594 170423/C BLEO/8170 40x-1 tiles.czi,
ACQ-20230419-CELL-001,B02,drive1_FRIO-X6,Cell observer\AINHIZE\118 LUCIA\Lucia Lungs 118\MPO\2\136_1.25.czi,,,9a91996c1890b79b0b536c9322e8337a06409cef3a4a95ed01764c12b1579b6d,Y,,
ACQ-20230419-CELL-002,B02,drive1_FRIO-X6,Cell observer\AINHIZE\118 LUCIA\Lucia Lungs 118\MPO\2\136_1.25_2.czi,,,fb07c594f2b5ed312ee2df6df7c3cd1d6d8142bdc9fee638a6f820b7fd95a133,Y,,
ACQ-20230419-CELL-003,B02,drive1_FRIO-X6,Cell observer\AINHIZE\118 LUCIA\Lucia Lungs 118\MPO\2\136_1.50.czi,,,159b6c4a2473fe3aca5b6c6f9e241d47f78f049baad101f1bb6c3dff5d801f00,Y,,
ACQ-20230419-CELL-004,B02,drive1_FRIO-X6,Cell observer\AINHIZE\118 LUCIA\Lucia Lungs 118\MPO\2\136_1.50_2.czi,,,e73cd7aff803400510cd96728804ce53d594492474279a671958133c25e70e43,Y,,
ACQ-20230419-CELL-005,B02,drive1_FRIO-X6,Cell observer\AINHIZE\118 LUCIA\Lucia Lungs 118\MPO\2\136_ctrl.czi,,,14470df7f147fe03f3fc0682527c4e811e8c846c6cac54e4b5d12919bc378666,Y,,
ACQ-20230419-CELL-006,B05,drive1_FRIO-X6,,Drive zuri 170823.zip,Drive zuri 170823/Proyecto Cav1 CNIC/KI67 cav1 190423/35/10x-1.czi,60343955d4b212dc22d12e2dbf5ebb7877cf45408035f278feb4a2110f9ed25b,Y,,
ACQ-20230419-CELL-007,B05,drive1_FRIO-X6,,Drive zuri 170823.zip,Drive zuri 170823/Proyecto Cav1 CNIC/KI67 cav1 190423/35/10x-2.czi,06e868e546c45463a5531f60547dfd140dcd9acc10cd017cc8045cce00a04694,Y,,
ACQ-20230419-CELL-008,B05,drive1_FRIO-X6,,Drive zuri 170823.zip,Drive zuri 170823/Proyecto Cav1 CNIC/KI67 cav1 190423/35/20x-1 y 2.czi,047fd68259dbe092349e66ebf637c54b1f7ffebe7e889e0c38d04e3280e3bbf6,Y,,
ACQ-20230419-CELL-009,B05,drive1_FRIO-X6,,Drive zuri 170823.zip,Drive zuri 170823/Proyecto Cav1 CNIC/KI67 cav1 190423/35/20x-2 3 y 4.czi,94729f3eb9ffe9aa3534ada778e4f6d7b6b50cd7252d6371828ce04a4a00f5f6,Y,,
ACQ-20230419-CELL-010,B05,drive1_FRIO-X6,,Drive zuri 170823.zip,Drive zuri 170823/Proyecto Cav1 CNIC/KI67 cav1 190423/35/20x-5 y 6.czi,0acf7cde85869f2b871fc0991c962ccacf11e88b68304ec5f1faf662fcfa337b,Y,,
ACQ-20230419-CELL-011,B05,drive1_FRIO-X6,,Drive zuri 170823.zip,Drive zuri 170823/Proyecto Cav1 CNIC/KI67 cav1 190423/35/20x-7 y 8.czi,b5b96a9040657ba5f0272664eab26ee70419769a503773a202320702e68784cf,Y,,
ACQ-20230419-CELL-012,B05,drive1_FRIO-X6,,Drive zuri 170823.zip,Drive zuri 170823/Proyecto Cav1 CNIC/KI67 cav1 190423/35/20x-9 y 10.czi,e0a914578a2751962633a611fbaf4a848e9127547e6fa85d68325b6eb87db722,Y,,
ACQ-20230419-CELL-013,B05,drive1_FRIO-X6,,Drive zuri 170823.zip,Drive zuri 170823/Proyecto Cav1 CNIC/KI67 cav1 190423/36/10x-1.czi,675c1a8f18501baa40ac4b2d76cef643b5724c8f2b67852169dff00614ed4f46,Y,,
ACQ-20230419-CELL-014,B05,drive1_FRIO-X6,,Drive zuri 170823.zip,Drive zuri 170823/Proyecto Cav1 CNIC/KI67 cav1 190423/36/20x-1.czi,b915bdd6c2067fab6aed7fd80e64c318110bcf8234703dc30d5b5ef384c5825d,Y,,
ACQ-20230419-CELL-015,B05,drive1_FRIO-X6,,Drive zuri 170823.zip,Drive zuri 170823/Proyecto Cav1 CNIC/KI67 cav1 190423/36/20x-2 y 3.czi,54e9eca9992be9f6deb56db4b0d94737ab76e38523bf950ffddfbe48a0583df8,Y,,
ACQ-20230419-CELL-016,B05,drive1_FRIO-X6,,Drive zuri 170823.zip,Drive zuri 170823/Proyecto Cav1 CNIC/KI67 cav1 190423/36/20x-4.czi,2e2e49fef3449e90dc8fd8ed008f6ad3da58064e6f9ef2914d2b6ff762f168fc,Y,,
ACQ-20230419-CELL-017,B05,drive1_FRIO-X6,,Drive zuri 170823.zip,Drive zuri 170823/Proyecto Cav1 CNIC/KI67 cav1 190423/36/20x-5.czi,6edb6dafd070f8ff64593a3dc37460a83954bacc3f61ebddfc6f6340a7378774,Y,,
ACQ-20230419-CELL-018,B05,drive1_FRIO-X6,,Drive zuri 170823.zip,Drive zuri 170823/Proyecto Cav1 CNIC/KI67 cav1 190423/36/20x-6 y 7.czi,70c7e116d0dba254f85b2ce204d8d22ac72b72aa6eb9456610c820fe6bd23523,Y,,
ACQ-20230419-CELL-019,B05,drive1_FRIO-X6,,Drive zuri 170823.zip,Drive zuri 170823/Proyecto Cav1 CNIC/KI67 cav1 190423/36/20x-8.czi,0c9b9b2bc098e417e92688b1b7dccafe0dcc68f17c7eed92e2313b4034b7d513,Y,,
ACQ-20230419-CELL-020,B05,drive1_FRIO-X6,,Drive zuri 170823.zip,Drive zuri 170823/Proyecto Cav1 CNIC/KI67 cav1 190423/36/20x-9.czi,c938b5e0d847531d22b8384798731938c0cb38f5b4c2f4f85dc9f3f577b674d9,Y,,
ACQ-20230419-CELL-021,B05,drive1_FRIO-X6,,Drive zuri 170823.zip,Drive zuri 170823/Proyecto Cav1 CNIC/KI67 cav1 190423/37/10x-1.czi,486e1ce35161aa0b64c9dd916c75003188e710714e3bd1a47e72d2e7bdc101b9,Y,,
ACQ-20230419-CELL-022,B05,drive1_FRIO-X6,,Drive zuri 170823.zip,Drive zuri 170823/Proyecto Cav1 CNIC/KI67 cav1 190423/37/10x-2.czi,7d70ba7ca5a63d28bea7503250d5da6794c11b55b217a07ad24e5be8c0139d04,Y,,
ACQ-20230419-CELL-023,B05,drive1_FRIO-X6,,Drive zuri 170823.zip,Drive zuri 170823/Proyecto Cav1 CNIC/KI67 cav1 190423/37/20x-1 y 2.czi,a9ee811e456e0c1918c0fd02397a9ff78b46442ec81f2cd0dc907d1601df0338,Y,,
ACQ-20230419-CELL-024,B05,drive1_FRIO-X6,,Drive zuri 170823.zip,Drive zuri 170823/Proyecto Cav1 CNIC/KI67 cav1 190423/37/20x-3 y 4.czi,b2e165ac5a382727fc3c7ea37dd7019555ed0aa73dd41201e1f190f8464a7ffa,Y,,
ACQ-20230419-CELL-025,B05,drive1_FRIO-X6,,Drive zuri 170823.zip,Drive zuri 170823/Proyecto Cav1 CNIC/KI67 cav1 190423/37/20x-5 y 6.czi,93c67ca5e6cecc65a11a7ae2935fbeb48233df815aff8d10865b3d0e91cbce4e,Y,,
ACQ-20230419-CELL-026,B05,drive1_FRIO-X6,,Drive zuri 170823.zip,Drive zuri 170823/Proyecto Cav1 CNIC/KI67 cav1 190423/37/20x-7 y 8.czi,759bbeda7bd17827e4a8267a85872faf8d50dfe6c7f10477767da377ab457ab3,Y,,
ACQ-20230419-CELL-027,B05,drive1_FRIO-X6,,Drive zuri 170823.zip,Drive zuri 170823/Proyecto Cav1 CNIC/KI67 cav1 190423/37/20x-9 y 10.czi,1c5fa80d4dcad27ab4df6cd436ef7bf3c2ab11978f2bdaf68d649c67e42dcd1c,Y,,
ACQ-20230419-CELL-028,B05,drive1_FRIO-X6,,Drive zuri 170823.zip,Drive zuri 170823/Proyecto Cav1 CNIC/KI67 cav1 190423/38/10x-1.czi,9ed6a258d98418c44a08cb32aee56788b32289b15c4e44f3d62ab16386fe2226,Y,,
ACQ-20230419-CELL-029,B05,drive1_FRIO-X6,,Drive zuri 170823.zip,Drive zuri 170823/Proyecto Cav1 CNIC/KI67 cav1 190423/38/10x-2.czi,9abe733d8d0a611a60f90e3f4f402b18b40b971a48b53e849e046e4d8bbdaace,Y,,
ACQ-20230419-CELL-030,B05,drive1_FRIO-X6,,Drive zuri 170823.zip,Drive zuri 170823/Proyecto Cav1 CNIC/KI67 cav1 190423/38/20x-1.czi,d35690496bebe21d276395e1ce9673f219456abbf875f9f3ee362bef020048a9,Y,,
ACQ-20230419-CELL-031,B05,drive1_FRIO-X6,,Drive zuri 170823.zip,Drive zuri 170823/Proyecto Cav1 CNIC/KI67 cav1 190423/38/20x-10.czi,b2541f4b9624ab073966c80cabc3f33c29643a42537d97d3ef6bd9b64cb77ac1,Y,,
ACQ-20230419-CELL-032,B05,drive1_FRIO-X6,,Drive zuri 170823.zip,Drive zuri 170823/Proyecto Cav1 CNIC/KI67 cav1 190423/38/20x-2.czi,062965ec4cd5fec5a302879ac3860dea84b3fd849ec93972da48554d1dd2daa5,Y,,
ACQ-20230419-CELL-033,B05,drive1_FRIO-X6,,Drive zuri 170823.zip,Drive zuri 170823/Proyecto Cav1 CNIC/KI67 cav1 190423/38/20x-3 y 4.czi,9da396cf8fb29a0eebff0d5f4e06bdbd17836ad25f2410b5614f769c2ad483ef,Y,,
ACQ-20230419-CELL-034,B05,drive1_FRIO-X6,,Drive zuri 170823.zip,Drive zuri 170823/Proyecto Cav1 CNIC/KI67 cav1 190423/38/20x-5.czi,93964a3c677749e55c34088483e2f844a5fabf7435560feef24f7d4c71b89c9d,Y,,
ACQ-20230419-CELL-035,B05,drive1_FRIO-X6,,Drive zuri 170823.zip,Drive zuri 170823/Proyecto Cav1 CNIC/KI67 cav1 190423/38/20x-6 y 7.czi,1e29e3b56fac4d2172ec63190aa169fa5002b530e71ce69aa053724057e2936a,Y,,
ACQ-20230419-CELL-036,B05,drive1_FRIO-X6,,Drive zuri 170823.zip,Drive zuri 170823/Proyecto Cav1 CNIC/KI67 cav1 190423/38/20x-8 y 9.czi,af3051a66a760a3503f61fa86229ad4d689c58d8515c8113673c3d068da465cc,Y,,
ACQ-20230419-CELL-037,B05,drive1_FRIO-X6,,Drive zuri 170823.zip,Drive zuri 170823/Proyecto Cav1 CNIC/KI67 cav1 190423/41/10x-1.czi,ab5fa0ad4e099d8487a913fab23204be5e1aa65422f1ee733caa49f140cb8e25,Y,,
ACQ-20230419-CELL-038,B05,drive1_FRIO-X6,,Drive zuri 170823.zip,Drive zuri 170823/Proyecto Cav1 CNIC/KI67 cav1 190423/41/20x-1.czi,cc7ec923704431f8f3fe7f36eced9472fc84340a077bd03ee02b941d2c24e9a2,Y,,
ACQ-20230419-CELL-039,B05,drive1_FRIO-X6,,Drive zuri 170823.zip,Drive zuri 170823/Proyecto Cav1 CNIC/KI67 cav1 190423/41/20x-2 y 3.czi,bfe1015fb75eea5b58ee4d27c4777d9668197cb4a30da9f711e305a1d163d983,Y,,
ACQ-20230419-CELL-040,B05,drive1_FRIO-X6,,Drive zuri 170823.zip,Drive zuri 170823/Proyecto Cav1 CNIC/KI67 cav1 190423/41/20x-4 y 5.czi,a153e4d10126d3cc87d844940882f25770e2ec260914bd23faf5f1bdcb11f21f,Y,,
ACQ-20230419-CELL-041,B05,drive1_FRIO-X6,,Drive zuri 170823.zip,Drive zuri 170823/Proyecto Cav1 CNIC/KI67 cav1 190423/41/20x-6.czi,b2458d6a6465a8395a99ff256eb27fcd59b7b8004d658cb700b69501ce2a9927,Y,,
ACQ-20230419-CELL-042,B05,drive1_FRIO-X6,,Drive zuri 170823.zip,Drive zuri 170823/Proyecto Cav1 CNIC/KI67 cav1 190423/42/10x-1.czi,151a906536ef9d4c76a07cb2d3c124013d84f0eae176c2d2783b1563a3466ba9,Y,,
ACQ-20230419-CELL-043,B05,drive1_FRIO-X6,,Drive zuri 170823.zip,Drive zuri 170823/Proyecto Cav1 CNIC/KI67 cav1 190423/42/10x-2.czi,7acfa370a1f01008881792cc4b7a1c743720772f871f90a8cdfd48b6081d1acb,Y,,
ACQ-20230419-CELL-044,B05,drive1_FRIO-X6,,Drive zuri 170823.zip,Drive zuri 170823/Proyecto Cav1 CNIC/KI67 cav1 190423/42/20x-1.czi,be0fac535d6928909cf52bd66a1d46b7f9552415f588fa261f561f386bfdaea3,Y,,
ACQ-20230419-CELL-045,B05,drive1_FRIO-X6,,Drive zuri 170823.zip,Drive zuri 170823/Proyecto Cav1 CNIC/KI67 cav1 190423/42/20x-11 y 12.czi,7ee50a8b9800d58b5368eebfa47d738aae2b074f2f9beb4a9bdc032cb1b04658,Y,,
ACQ-20230419-CELL-046,B05,drive1_FRIO-X6,,Drive zuri 170823.zip,Drive zuri 170823/Proyecto Cav1 CNIC/KI67 cav1 190423/42/20x-2.czi,d810ba1093717dbec03d93321fa989a1c52b5e6936882569a2a491fa17869821,Y,,
ACQ-20230419-CELL-047,B05,drive1_FRIO-X6,,Drive zuri 170823.zip,Drive zuri 170823/Proyecto Cav1 CNIC/KI67 cav1 190423/42/20x-3-6.czi,cf1b2e72e1a808507831149fc66d97054d1511151c35ad84f4dcacf680d06d1e,Y,,
ACQ-20230419-CELL-048,B05,drive1_FRIO-X6,,Drive zuri 170823.zip,Drive zuri 170823/Proyecto Cav1 CNIC/KI67 cav1 190423/42/20x-7 y 8.czi,aeaeedd4c8889bbb4bbc572899195b5726427464d04f2a022f197889b044b058,Y,,
ACQ-20230419-CELL-049,B05,drive1_FRIO-X6,,Drive zuri 170823.zip,Drive zuri 170823/Proyecto Cav1 CNIC/KI67 cav1 190423/42/20x-9 y 10.czi,9b3421bd95a44de8b7af3924d7eeb48ef0a51e361bcabb0d816ca80192afe884,Y,,
ACQ-20230419-CELL-050,B05,drive1_FRIO-X6,,Drive zuri 170823.zip,Drive zuri 170823/Proyecto Cav1 CNIC/KI67 cav1 190423/43 DE VERDAD/10x-1.czi,551f3d1ec1111ae2eaca714139aa539a808836d72b2f5e27523c58312b74c766,Y,,
ACQ-20230419-CELL-051,B05,drive1_FRIO-X6,,Drive zuri 170823.zip,Drive zuri 170823/Proyecto Cav1 CNIC/KI67 cav1 190423/43 DE VERDAD/10x-2.czi,689b781a3085fcfbc65a5f7489e8bbd072d936fc5dc46c29d1f1d5865edb6929,Y,,
ACQ-20230419-CELL-052,B05,drive1_FRIO-X6,,Drive zuri 170823.zip,Drive zuri 170823/Proyecto Cav1 CNIC/KI67 cav1 190423/43 DE VERDAD/20x-1.czi,df3019d5caf9f26db264618b9490399475dbb059dfdfdb6bd666c4d2e8d9b5bf,Y,,
ACQ-20230419-CELL-053,B05,drive1_FRIO-X6,,Drive zuri 170823.zip,Drive zuri 170823/Proyecto Cav1 CNIC/KI67 cav1 190423/43 DE VERDAD/20x-2.czi,cc293e5c84a81b44af6de1aff82912dd35471d6136ed3a60fe72baa6b1540afa,Y,,
ACQ-20230419-CELL-054,B05,drive1_FRIO-X6,,Drive zuri 170823.zip,Drive zuri 170823/Proyecto Cav1 CNIC/KI67 cav1 190423/43 DE VERDAD/20x-3 y 4.czi,0b3ba0eb260fc11144460db8be2db4aed0bcce89088f2a42b7afa784b7c75b6d,Y,,
ACQ-20230419-CELL-055,B05,drive1_FRIO-X6,,Drive zuri 170823.zip,Drive zuri 170823/Proyecto Cav1 CNIC/KI67 cav1 190423/43 DE VERDAD/20x-5.czi,3930a49eb18adf7f7a7cd56fbe8432148301d98f3db6b489e9f3104f1e55e98c,Y,,
ACQ-20230419-CELL-056,B05,drive1_FRIO-X6,,Drive zuri 170823.zip,Drive zuri 170823/Proyecto Cav1 CNIC/KI67 cav1 190423/43 DE VERDAD/20x-6 y 7.czi,6057a2d8058380e07220fa0bcab74025c4184159774bfe3d6184af7e4f27d2d1,Y,,
ACQ-20230419-CELL-057,B05,drive1_FRIO-X6,,Drive zuri 170823.zip,Drive zuri 170823/Proyecto Cav1 CNIC/KI67 cav1 190423/43 DE VERDAD/20x-8.czi,d44c1e9373551eaac3b38c259a62e184c016a7c0d38797f89a3436c5e6e8d8d9,Y,,
ACQ-20230419-CELL-058,B05,drive1_FRIO-X6,,Drive zuri 170823.zip,Drive zuri 170823/Proyecto Cav1 CNIC/KI67 cav1 190423/43 DE VERDAD/20x-9 y 10.czi,61ef2a58b2f9ba5ec374d9af1adc33c50f36a2ed55fb36261f9637b7735449f9,Y,,
ACQ-20230419-CELL-059,B05,drive1_FRIO-X6,,Drive zuri 170823.zip,Drive zuri 170823/Proyecto Cav1 CNIC/KI67 cav1 190423/48/10x-1.czi,9293c55be6eef7e4472e746ab878e7a025992b845dc72ecb8deea600bcec6b09,Y,,
ACQ-20230419-CELL-060,B05,drive1_FRIO-X6,,Drive zuri 170823.zip,Drive zuri 170823/Proyecto Cav1 CNIC/KI67 cav1 190423/48/20x-1 y 2.czi,781da8ea6ce255957fc761fcc1432f351aa09a01588e89f525ca924d38e1d8c7,Y,,
ACQ-20230419-CELL-061,B05,drive1_FRIO-X6,,Drive zuri 170823.zip,Drive zuri 170823/Proyecto Cav1 CNIC/KI67 cav1 190423/48/20x-3 y 4.czi,91206a4fcaa41a1f450ba1f760838eea68a2378d5ec12e38f9c3c2acdd319b97,Y,,
ACQ-20230419-CELL-062,B05,drive1_FRIO-X6,,Drive zuri 170823.zip,Drive zuri 170823/Proyecto Cav1 CNIC/KI67 cav1 190423/48/20x-5 y 6.czi,90bbe92895e0ee4adf70fcb00ee9838c0be0d35fb8e5f39976f05588fb517b70,Y,,
ACQ-20230419-CELL-063,B05,drive1_FRIO-X6,,Drive zuri 170823.zip,Drive zuri 170823/Proyecto Cav1 CNIC/KI67 cav1 190423/48/20x-7 y 8.czi,8718e72a20bdb829ddb9b62debc06f37b567340226074962a7703c46526bda04,Y,,
ACQ-20230419-CELL-064,B05,drive1_FRIO-X6,,Drive zuri 170823.zip,Drive zuri 170823/Proyecto Cav1 CNIC/KI67 cav1 190423/48/20x-9 y 10.czi,a942a9ac261e98acecdafa75e9fb20edf11050c9227b625c37fc8021e44e1fd9,Y,,
ACQ-20230419-LSM9-001,B03,drive1_FRIO-X6,Former students\Zuriñe\0 IMAGEN CONFOCAL\CDH5 JAGGED2\CD45 594 Y ALFASMA 488 300323\C BLEO\10-4.czi,,,7404ba480cb9a6a6a34e9dc432930cca117d73267ce6a4284d5a885650f52fa5,Y,drive1_FRIO-X6/Drive zuri 170823.zip/Drive zuri 170823/0 IMAGEN CONFOCAL/CDH5 JAGGED2/CD45 594 Y ALFASMA 488 300323/C BLEO/10-4.czi;drive1_FRIO-X6/Former students/Zuriñe/0 IMAGEN CONFOCAL/CDH5 JAGGED2/Fotos confocales cdh5 jagged2.zip/CD45 594 Y ALFASMA 488 300323/C BLEO/10-4.czi,
ACQ-20230419-LSM9-002,B03,drive1_FRIO-X6,Former students\Zuriñe\0 IMAGEN CONFOCAL\CDH5 JAGGED2\CD45 594 Y ALFASMA 488 300323\C BLEO\10x-.czi,,,968b7d21d2fe12e8ad4bf77b8b4f3245b35f3242596995756dbadf466c41df7b,Y,drive1_FRIO-X6/Drive zuri 170823.zip/Drive zuri 170823/0 IMAGEN CONFOCAL/CDH5 JAGGED2/CD45 594 Y ALFASMA 488 300323/C BLEO/10x-.czi;drive1_FRIO-X6/Former students/Zuriñe/0 IMAGEN CONFOCAL/CDH5 JAGGED2/Fotos confocales cdh5 jagged2.zip/CD45 594 Y ALFASMA 488 300323/C BLEO/10x-.czi,
ACQ-20230419-LSM9-003,B03,drive1_FRIO-X6,Former students\Zuriñe\0 IMAGEN CONFOCAL\CDH5 JAGGED2\CD45 594 Y ALFASMA 488 300323\C BLEO\10x-2.czi,,,7987f739bd6eb7cb6b15b7f512a389dd45f44ccb2fcba741e02920d66ce7a539,Y,drive1_FRIO-X6/Drive zuri 170823.zip/Drive zuri 170823/0 IMAGEN CONFOCAL/CDH5 JAGGED2/CD45 594 Y ALFASMA 488 300323/C BLEO/10x-2.czi;drive1_FRIO-X6/Former students/Zuriñe/0 IMAGEN CONFOCAL/CDH5 JAGGED2/Fotos confocales cdh5 jagged2.zip/CD45 594 Y ALFASMA 488 300323/C BLEO/10x-2.czi,
ACQ-20230419-LSM9-004,B03,drive1_FRIO-X6,Former students\Zuriñe\0 IMAGEN CONFOCAL\CDH5 JAGGED2\CD45 594 Y ALFASMA 488 300323\C BLEO\10x-3.czi,,,e9c5f251ca65d11a2a9d3522c9ad24c38783d074bb42ce1fea55e7e6340900df,Y,drive1_FRIO-X6/Drive zuri 170823.zip/Drive zuri 170823/0 IMAGEN CONFOCAL/CDH5 JAGGED2/CD45 594 Y ALFASMA 488 300323/C BLEO/10x-3.czi;drive1_FRIO-X6/Former students/Zuriñe/0 IMAGEN CONFOCAL/CDH5 JAGGED2/Fotos confocales cdh5 jagged2.zip/CD45 594 Y ALFASMA 488 300323/C BLEO/10x-3.czi,
ACQ-20230419-LSM9-005,B03,drive1_FRIO-X6,Former students\Zuriñe\0 IMAGEN CONFOCAL\CDH5 JAGGED2\CD45 594 Y ALFASMA 488 300323\C BLEO\20x-3 confocal.czi,,,47fb47a68d0c05ce1e0978597c963adad382bedec6edd9a910929f345ba17659,Y,drive1_FRIO-X6/Drive zuri 170823.zip/Drive zuri 170823/0 IMAGEN CONFOCAL/CDH5 JAGGED2/CD45 594 Y ALFASMA 488 300323/C BLEO/20x-3 confocal.czi;drive1_FRIO-X6/Former students/Zuriñe/0 IMAGEN CONFOCAL/CDH5 JAGGED2/Fotos confocales cdh5 jagged2.zip/CD45 594 Y ALFASMA 488 300323/C BLEO/20x-3 confocal.czi,
ACQ-20230419-LSM9-006,B03,drive1_FRIO-X6,Former students\Zuriñe\0 IMAGEN CONFOCAL\CDH5 JAGGED2\CD45 594 Y ALFASMA 488 300323\C BLEO\20x-3.czi,,,75518e3608bdddc4bdd7e65db47a25ae80be3ab14d80ce7534ba6857a02b6593,Y,drive1_FRIO-X6/Drive zuri 170823.zip/Drive zuri 170823/0 IMAGEN CONFOCAL/CDH5 JAGGED2/CD45 594 Y ALFASMA 488 300323/C BLEO/20x-3.czi;drive1_FRIO-X6/Former students/Zuriñe/0 IMAGEN CONFOCAL/CDH5 JAGGED2/Fotos confocales cdh5 jagged2.zip/CD45 594 Y ALFASMA 488 300323/C BLEO/20x-3.czi,
ACQ-20230419-LSM9-007,B03,drive1_FRIO-X6,Former students\Zuriñe\0 IMAGEN CONFOCAL\CDH5 JAGGED2\CD45 594 Y ALFASMA 488 300323\C BLEO\20x-4 confo.czi,,,1eb76c71d0906debcd942c7d679bf828accf1edde7be2973723a15b2226f4379,Y,drive1_FRIO-X6/Drive zuri 170823.zip/Drive zuri 170823/0 IMAGEN CONFOCAL/CDH5 JAGGED2/CD45 594 Y ALFASMA 488 300323/C BLEO/20x-4 confo.czi;drive1_FRIO-X6/Former students/Zuriñe/0 IMAGEN CONFOCAL/CDH5 JAGGED2/Fotos confocales cdh5 jagged2.zip/CD45 594 Y ALFASMA 488 300323/C BLEO/20x-4 confo.czi,
ACQ-20230419-LSM9-008,B03,drive1_FRIO-X6,Former students\Zuriñe\0 IMAGEN CONFOCAL\CDH5 JAGGED2\CD45 594 Y ALFASMA 488 300323\C BLEO\40x-3 confo.czi,,,350414c1eb12f7bb45355a36d8314025df1537a819716b13911d0983c0a12694,Y,drive1_FRIO-X6/Drive zuri 170823.zip/Drive zuri 170823/0 IMAGEN CONFOCAL/CDH5 JAGGED2/CD45 594 Y ALFASMA 488 300323/C BLEO/40x-3 confo.czi;drive1_FRIO-X6/Former students/Zuriñe/0 IMAGEN CONFOCAL/CDH5 JAGGED2/Fotos confocales cdh5 jagged2.zip/CD45 594 Y ALFASMA 488 300323/C BLEO/40x-3 confo.czi,
ACQ-20230419-LSM9-009,B03,drive1_FRIO-X6,Former students\Zuriñe\0 IMAGEN CONFOCAL\CDH5 JAGGED2\CD45 594 Y ALFASMA 488 300323\C BLEO\40x-4 confo.czi,,,ca397085550a5ba6406e6c46fcff2cff55b3480fb75f80370eb3c97ee2cce291,Y,drive1_FRIO-X6/Drive zuri 170823.zip/Drive zuri 170823/0 IMAGEN CONFOCAL/CDH5 JAGGED2/CD45 594 Y ALFASMA 488 300323/C BLEO/40x-4 confo.czi;drive1_FRIO-X6/Former students/Zuriñe/0 IMAGEN CONFOCAL/CDH5 JAGGED2/Fotos confocales cdh5 jagged2.zip/CD45 594 Y ALFASMA 488 300323/C BLEO/40x-4 confo.czi,
ACQ-20230419-LSM9-010,B03,drive1_FRIO-X6,Former students\Zuriñe\0 IMAGEN CONFOCAL\CDH5 JAGGED2\CD45 594 Y ALFASMA 488 300323\C PBS\10x-1 tiles.czi,,,f1c221299c1c6e2090aac343e604278e4c10eadde548be99191bfcdf372b621e,Y,drive1_FRIO-X6/Drive zuri 170823.zip/Drive zuri 170823/0 IMAGEN CONFOCAL/CDH5 JAGGED2/CD45 594 Y ALFASMA 488 300323/C PBS/10x-1 tiles.czi;drive1_FRIO-X6/Former students/Zuriñe/0 IMAGEN CONFOCAL/CDH5 JAGGED2/Fotos confocales cdh5 jagged2.zip/CD45 594 Y ALFASMA 488 300323/C PBS/10x-1 tiles.czi,
ACQ-20230419-LSM9-011,B03,drive1_FRIO-X6,Former students\Zuriñe\0 IMAGEN CONFOCAL\CDH5 JAGGED2\CD45 594 Y ALFASMA 488 300323\C PBS\10x-2 tiles.czi,,,5c140e75b7c387dd8d9afc6993435a37a25ce882a7b5b2c85bc71887739f97bc,Y,drive1_FRIO-X6/Drive zuri 170823.zip/Drive zuri 170823/0 IMAGEN CONFOCAL/CDH5 JAGGED2/CD45 594 Y ALFASMA 488 300323/C PBS/10x-2 tiles.czi;drive1_FRIO-X6/Former students/Zuriñe/0 IMAGEN CONFOCAL/CDH5 JAGGED2/Fotos confocales cdh5 jagged2.zip/CD45 594 Y ALFASMA 488 300323/C PBS/10x-2 tiles.czi,
ACQ-20230419-LSM9-012,B03,drive1_FRIO-X6,Former students\Zuriñe\0 IMAGEN CONFOCAL\CDH5 JAGGED2\CD45 594 Y ALFASMA 488 300323\C PBS\20x-2 confocal.czi,,,a77dc6aa9fe2d03228fe0062687f7d6f66e452eb8693cc007a6170e348af1cec,Y,drive1_FRIO-X6/Drive zuri 170823.zip/Drive zuri 170823/0 IMAGEN CONFOCAL/CDH5 JAGGED2/CD45 594 Y ALFASMA 488 300323/C PBS/20x-2 confocal.czi;drive1_FRIO-X6/Former students/Zuriñe/0 IMAGEN CONFOCAL/CDH5 JAGGED2/Fotos confocales cdh5 jagged2.zip/CD45 594 Y ALFASMA 488 300323/C PBS/20x-2 confocal.czi,
ACQ-20230419-LSM9-013,B03,drive1_FRIO-X6,Former students\Zuriñe\0 IMAGEN CONFOCAL\CDH5 JAGGED2\CD45 594 Y ALFASMA 488 300323\C PBS\20x-2 tiles.czi,,,3cd54a8c68001b83f6b134c3437cab571849c3e7467e565c90021af2d28880c0,Y,drive1_FRIO-X6/Drive zuri 170823.zip/Drive zuri 170823/0 IMAGEN CONFOCAL/CDH5 JAGGED2/CD45 594 Y ALFASMA 488 300323/C PBS/20x-2 tiles.czi;drive1_FRIO-X6/Former students/Zuriñe/0 IMAGEN CONFOCAL/CDH5 JAGGED2/Fotos confocales cdh5 jagged2.zip/CD45 594 Y ALFASMA 488 300323/C PBS/20x-2 tiles.czi,
ACQ-20230419-LSM9-014,B03,drive1_FRIO-X6,Former students\Zuriñe\0 IMAGEN CONFOCAL\CDH5 JAGGED2\CD45 594 Y ALFASMA 488 300323\C PBS\40x-1 confocal.czi,,,9507723df837dc3dbb7f9b564236df93e99b973783a9f283a1824c710fff6b5d,Y,drive1_FRIO-X6/Drive zuri 170823.zip/Drive zuri 170823/0 IMAGEN CONFOCAL/CDH5 JAGGED2/CD45 594 Y ALFASMA 488 300323/C PBS/40x-1 confocal.czi;drive1_FRIO-X6/Former students/Zuriñe/0 IMAGEN CONFOCAL/CDH5 JAGGED2/Fotos confocales cdh5 jagged2.zip/CD45 594 Y ALFASMA 488 300323/C PBS/40x-1 confocal.czi,
ACQ-20230419-LSM9-015,B03,drive1_FRIO-X6,Former students\Zuriñe\0 IMAGEN CONFOCAL\CDH5 JAGGED2\CD45 594 Y ALFASMA 488 300323\EXP BLEO\10X-1 TILES.czi,,,3198782511d71e93c51eb79c8933c8a9a4f36554e837fca7adb6f6df07604d33,Y,drive1_FRIO-X6/Drive zuri 170823.zip/Drive zuri 170823/0 IMAGEN CONFOCAL/CDH5 JAGGED2/CD45 594 Y ALFASMA 488 300323/EXP BLEO/10X-1 TILES.czi;drive1_FRIO-X6/Former students/Zuriñe/0 IMAGEN CONFOCAL/CDH5 JAGGED2/Fotos confocales cdh5 jagged2.zip/CD45 594 Y ALFASMA 488 300323/EXP BLEO/10X-1 TILES.czi,
ACQ-20230419-LSM9-016,B03,drive1_FRIO-X6,Former students\Zuriñe\0 IMAGEN CONFOCAL\CDH5 JAGGED2\CD45 594 Y ALFASMA 488 300323\EXP BLEO\20x-1 confocal.czi,,,b6bbde1f753b6f94aae0eb7d7044a5e0173ddaeb05a1ab771efee3bdc733a205,Y,drive1_FRIO-X6/Drive zuri 170823.zip/Drive zuri 170823/0 IMAGEN CONFOCAL/CDH5 JAGGED2/CD45 594 Y ALFASMA 488 300323/EXP BLEO/20x-1 confocal.czi;drive1_FRIO-X6/Former students/Zuriñe/0 IMAGEN CONFOCAL/CDH5 JAGGED2/Fotos confocales cdh5 jagged2.zip/CD45 594 Y ALFASMA 488 300323/EXP BLEO/20x-1 confocal.czi,
ACQ-20230419-LSM9-017,B03,drive1_FRIO-X6,Former students\Zuriñe\0 IMAGEN CONFOCAL\CDH5 JAGGED2\CD45 594 Y ALFASMA 488 300323\EXP BLEO\20x-1 ti;es.czi,,,9fac5afe9ad70c4ca31dbf3b02e93e930ad742d45ddfcc859d24d36f1af7563c,Y,drive1_FRIO-X6/Drive zuri 170823.zip/Drive zuri 170823/0 IMAGEN CONFOCAL/CDH5 JAGGED2/CD45 594 Y ALFASMA 488 300323/EXP BLEO/20x-1 ti;es.czi;drive1_FRIO-X6/Former students/Zuriñe/0 IMAGEN CONFOCAL/CDH5 JAGGED2/Fotos confocales cdh5 jagged2.zip/CD45 594 Y ALFASMA 488 300323/EXP BLEO/20x-1 ti;es.czi,
ACQ-20230419-LSM9-018,B03,drive1_FRIO-X6,Former students\Zuriñe\0 IMAGEN CONFOCAL\CDH5 JAGGED2\CD45 594 Y ALFASMA 488 300323\EXP BLEO\40x-1 confocal.czi,,,03e78d4dd7f5ce210edc36c5ebb722b25caa6a5e70d2db41575b8270c43f9849,Y,drive1_FRIO-X6/Drive zuri 170823.zip/Drive zuri 170823/0 IMAGEN CONFOCAL/CDH5 JAGGED2/CD45 594 Y ALFASMA 488 300323/EXP BLEO/40x-1 confocal.czi;drive1_FRIO-X6/Former students/Zuriñe/0 IMAGEN CONFOCAL/CDH5 JAGGED2/Fotos confocales cdh5 jagged2.zip/CD45 594 Y ALFASMA 488 300323/EXP BLEO/40x-1 confocal.czi,
ACQ-20230419-LSM9-019,B03,drive1_FRIO-X6,Former students\Zuriñe\0 IMAGEN CONFOCAL\CDH5 JAGGED2\CD45 594 Y ALFASMA 488 300323\EXP BLEO\40x-2 confocal.czi,,,fe71d55e480d522781dee0691d8053663526a8eb56cb5e4b30c744bd4db5d788,Y,drive1_FRIO-X6/Drive zuri 170823.zip/Drive zuri 170823/0 IMAGEN CONFOCAL/CDH5 JAGGED2/CD45 594 Y ALFASMA 488 300323/EXP BLEO/40x-2 confocal.czi;drive1_FRIO-X6/Former students/Zuriñe/0 IMAGEN CONFOCAL/CDH5 JAGGED2/Fotos confocales cdh5 jagged2.zip/CD45 594 Y ALFASMA 488 300323/EXP BLEO/40x-2 confocal.czi,
ACQ-20230419-LSM9-020,B03,drive1_FRIO-X6,Former students\Zuriñe\0 IMAGEN CONFOCAL\CDH5 JAGGED2\CD45 594 Y ALFASMA 488 300323\EXP PBS\10x-tiles.czi,,,e309543150a7237b7fdcc5e50f8a84930027dc95311f39b2285b7b63cdce4a78,Y,drive1_FRIO-X6/Drive zuri 170823.zip/Drive zuri 170823/0 IMAGEN CONFOCAL/CDH5 JAGGED2/CD45 594 Y ALFASMA 488 300323/EXP PBS/10x-tiles.czi;drive1_FRIO-X6/Former students/Zuriñe/0 IMAGEN CONFOCAL/CDH5 JAGGED2/Fotos confocales cdh5 jagged2.zip/CD45 594 Y ALFASMA 488 300323/EXP PBS/10x-tiles.czi,
ACQ-20230419-LSM9-021,B03,drive1_FRIO-X6,Former students\Zuriñe\0 IMAGEN CONFOCAL\CDH5 JAGGED2\CD45 594 Y ALFASMA 488 300323\EXP PBS\20x-1 confocal.czi,,,ad7fa36f66895698a2dbeaabaef0730cbd091deb3574099171322cd34ab09bf0,Y,drive1_FRIO-X6/Drive zuri 170823.zip/Drive zuri 170823/0 IMAGEN CONFOCAL/CDH5 JAGGED2/CD45 594 Y ALFASMA 488 300323/EXP PBS/20x-1 confocal.czi;drive1_FRIO-X6/Former students/Zuriñe/0 IMAGEN CONFOCAL/CDH5 JAGGED2/Fotos confocales cdh5 jagged2.zip/CD45 594 Y ALFASMA 488 300323/EXP PBS/20x-1 confocal.czi,
ACQ-20230419-LSM9-022,B03,drive1_FRIO-X6,Former students\Zuriñe\0 IMAGEN CONFOCAL\CDH5 JAGGED2\CD45 594 Y ALFASMA 488 300323\EXP PBS\40x-1 confocal.czi,,,4a0e36c3941118ec61fb2108778615d27e565107c848f20fe310897360fb0d1c,Y,drive1_FRIO-X6/Drive zuri 170823.zip/Drive zuri 170823/0 IMAGEN CONFOCAL/CDH5 JAGGED2/CD45 594 Y ALFASMA 488 300323/EXP PBS/40x-1 confocal.czi;drive1_FRIO-X6/Former students/Zuriñe/0 IMAGEN CONFOCAL/CDH5 JAGGED2/Fotos confocales cdh5 jagged2.zip/CD45 594 Y ALFASMA 488 300323/EXP PBS/40x-1 confocal.czi,
ACQ-20230420-LSM9-001,B03,drive1_FRIO-X6,Former students\Zuriñe\0 IMAGEN CONFOCAL\CDH5 JAGGED2\Calponin 594 200423\C PBS\10X-1 TILES.czi,,,afe35818e6f298908abe3eabb428eea1a29f3c1238acb2217d96327a8198fde6,Y,drive1_FRIO-X6/Drive zuri 170823.zip/Drive zuri 170823/0 IMAGEN CONFOCAL/CDH5 JAGGED2/Calponin 594 200423/C PBS/10X-1 TILES.czi;drive1_FRIO-X6/Former students/Zuriñe/0 IMAGEN CONFOCAL/CDH5 JAGGED2/Fotos confocales cdh5 jagged2.zip/Calponin 594 200423/C PBS/10X-1 TILES.czi,
ACQ-20230420-LSM9-002,B03,drive1_FRIO-X6,Former students\Zuriñe\0 IMAGEN CONFOCAL\CDH5 JAGGED2\Calponin 594 200423\C PBS\20x-1 tiles.czi,,,0cc9adf455aab9de39060db2bb8cf3badd745a62e59cc1845d0ea1723a43e6be,Y,drive1_FRIO-X6/Drive zuri 170823.zip/Drive zuri 170823/0 IMAGEN CONFOCAL/CDH5 JAGGED2/Calponin 594 200423/C PBS/20x-1 tiles.czi;drive1_FRIO-X6/Former students/Zuriñe/0 IMAGEN CONFOCAL/CDH5 JAGGED2/Fotos confocales cdh5 jagged2.zip/Calponin 594 200423/C PBS/20x-1 tiles.czi,
ACQ-20230421-LSM9-001,B03,drive1_FRIO-X6,Former students\Zuriñe\0 IMAGEN CONFOCAL\CDH5 JAGGED2\CD45 594 Y ALFASMA 488 300323\C BLEO\40x-2 confo.czi,,,c68a2656297165037ba08a3b673dc387270b19dc34b9b0a75ad42db3cf5a69dd,Y,drive1_FRIO-X6/Drive zuri 170823.zip/Drive zuri 170823/0 IMAGEN CONFOCAL/CDH5 JAGGED2/CD45 594 Y ALFASMA 488 300323/C BLEO/40x-2 confo.czi;drive1_FRIO-X6/Former students/Zuriñe/0 IMAGEN CONFOCAL/CDH5 JAGGED2/Fotos confocales cdh5 jagged2.zip/CD45 594 Y ALFASMA 488 300323/C BLEO/40x-2 confo.czi,
ACQ-20230421-LSM9-002,B03,drive1_FRIO-X6,Former students\Zuriñe\0 IMAGEN CONFOCAL\CDH5 JAGGED2\Calponin 594 200423\C BLEO\10x-1 tiles.czi,,,72429d7f7e36f913fbb7ab7649dbd29fc82830912b4dba02178b29345a94284c,Y,drive1_FRIO-X6/Drive zuri 170823.zip/Drive zuri 170823/0 IMAGEN CONFOCAL/CDH5 JAGGED2/Calponin 594 200423/C BLEO/10x-1 tiles.czi;drive1_FRIO-X6/Former students/Zuriñe/0 IMAGEN CONFOCAL/CDH5 JAGGED2/Fotos confocales cdh5 jagged2.zip/Calponin 594 200423/C BLEO/10x-1 tiles.czi,
ACQ-20230421-LSM9-003,B03,drive1_FRIO-X6,Former students\Zuriñe\0 IMAGEN CONFOCAL\CDH5 JAGGED2\Calponin 594 200423\C BLEO\20x- confocal.czi,,,b7c8bd5ccd1299156fb552c538fff16b2944f25352cae38f1462a6106675a3de,Y,drive1_FRIO-X6/Drive zuri 170823.zip/Drive zuri 170823/0 IMAGEN CONFOCAL/CDH5 JAGGED2/Calponin 594 200423/C BLEO/20x- confocal.czi;drive1_FRIO-X6/Former students/Zuriñe/0 IMAGEN CONFOCAL/CDH5 JAGGED2/Fotos confocales cdh5 jagged2.zip/Calponin 594 200423/C BLEO/20x- confocal.czi,
ACQ-20230421-LSM9-004,B03,drive1_FRIO-X6,Former students\Zuriñe\0 IMAGEN CONFOCAL\CDH5 JAGGED2\Calponin 594 200423\C BLEO\20x-1 tiles.czi,,,a445acd0fae94ca18727bfc0660ba68599d219031e24efb421a1e98d2cfa6073,Y,drive1_FRIO-X6/Drive zuri 170823.zip/Drive zuri 170823/0 IMAGEN CONFOCAL/CDH5 JAGGED2/Calponin 594 200423/C BLEO/20x-1 tiles.czi;drive1_FRIO-X6/Former students/Zuriñe/0 IMAGEN CONFOCAL/CDH5 JAGGED2/Fotos confocales cdh5 jagged2.zip/Calponin 594 200423/C BLEO/20x-1 tiles.czi,
ACQ-20230421-LSM9-005,B03,drive1_FRIO-X6,Former students\Zuriñe\0 IMAGEN CONFOCAL\CDH5 JAGGED2\Calponin 594 200423\C BLEO\40x confo.czi,,,4e965e08950f36573a9a72096fd31b32709532ea4def346d4597e3a1d9844656,Y,drive1_FRIO-X6/Drive zuri 170823.zip/Drive zuri 170823/0 IMAGEN CONFOCAL/CDH5 JAGGED2/Calponin 594 200423/C BLEO/40x confo.czi;drive1_FRIO-X6/Former students/Zuriñe/0 IMAGEN CONFOCAL/CDH5 JAGGED2/Fotos confocales cdh5 jagged2.zip/Calponin 594 200423/C BLEO/40x confo.czi,
ACQ-20230421-LSM9-006,B03,drive1_FRIO-X6,Former students\Zuriñe\0 IMAGEN CONFOCAL\CDH5 JAGGED2\Calponin 594 200423\C BLEO\40x-1confo.czi,,,aa42da8052ca22ca631a10b7aec7b1941401f464092530edf34875927ce3401a,Y,drive1_FRIO-X6/Drive zuri 170823.zip/Drive zuri 170823/0 IMAGEN CONFOCAL/CDH5 JAGGED2/Calponin 594 200423/C BLEO/40x-1confo.czi;drive1_FRIO-X6/Former students/Zuriñe/0 IMAGEN CONFOCAL/CDH5 JAGGED2/Fotos confocales cdh5 jagged2.zip/Calponin 594 200423/C BLEO/40x-1confo.czi,
ACQ-20230421-LSM9-007,B03,drive1_FRIO-X6,Former students\Zuriñe\0 IMAGEN CONFOCAL\CDH5 JAGGED2\Calponin 594 200423\C PBS\10x-2 ntile.cz.czi,,,ef2d08a6a1aa43d8c2f4aeba20f280e00c85dcc8f8377859899da3458aa4b894,Y,drive1_FRIO-X6/Drive zuri 170823.zip/Drive zuri 170823/0 IMAGEN CONFOCAL/CDH5 JAGGED2/Calponin 594 200423/C PBS/10x-2 ntile.cz.czi;drive1_FRIO-X6/Former students/Zuriñe/0 IMAGEN CONFOCAL/CDH5 JAGGED2/Fotos confocales cdh5 jagged2.zip/Calponin 594 200423/C PBS/10x-2 ntile.cz.czi,
ACQ-20230421-LSM9-008,B03,drive1_FRIO-X6,Former students\Zuriñe\0 IMAGEN CONFOCAL\CDH5 JAGGED2\Calponin 594 200423\C PBS\10x-2 ntile.czi,,,0c864d95b06d8a50c3ace0341055e08c6f92628fe75cf59a829d0c7add55577b,Y,drive1_FRIO-X6/Drive zuri 170823.zip/Drive zuri 170823/0 IMAGEN CONFOCAL/CDH5 JAGGED2/Calponin 594 200423/C PBS/10x-2 ntile.czi;drive1_FRIO-X6/Former students/Zuriñe/0 IMAGEN CONFOCAL/CDH5 JAGGED2/Fotos confocales cdh5 jagged2.zip/Calponin 594 200423/C PBS/10x-2 ntile.czi,
ACQ-20230421-LSM9-009,B03,drive1_FRIO-X6,Former students\Zuriñe\0 IMAGEN CONFOCAL\CDH5 JAGGED2\Calponin 594 200423\C PBS\10x-2 tiles.czi,,,83a66657dc81de760682411e8a04433e54bde00999387969b985e5052204ff79,Y,drive1_FRIO-X6/Drive zuri 170823.zip/Drive zuri 170823/0 IMAGEN CONFOCAL/CDH5 JAGGED2/Calponin 594 200423/C PBS/10x-2 tiles.czi;drive1_FRIO-X6/Former students/Zuriñe/0 IMAGEN CONFOCAL/CDH5 JAGGED2/Fotos confocales cdh5 jagged2.zip/Calponin 594 200423/C PBS/10x-2 tiles.czi,
ACQ-20230421-LSM9-010,B03,drive1_FRIO-X6,Former students\Zuriñe\0 IMAGEN CONFOCAL\CDH5 JAGGED2\Calponin 594 200423\C PBS\20x-2 confo.czi,,,330642d67baf504ed32bcddedaa07b8c7547b08dddfd11fcbcb5a46941b0901a,Y,drive1_FRIO-X6/Drive zuri 170823.zip/Drive zuri 170823/0 IMAGEN CONFOCAL/CDH5 JAGGED2/Calponin 594 200423/C PBS/20x-2 confo.czi;drive1_FRIO-X6/Former students/Zuriñe/0 IMAGEN CONFOCAL/CDH5 JAGGED2/Fotos confocales cdh5 jagged2.zip/Calponin 594 200423/C PBS/20x-2 confo.czi,
ACQ-20230421-LSM9-011,B03,drive1_FRIO-X6,Former students\Zuriñe\0 IMAGEN CONFOCAL\CDH5 JAGGED2\Calponin 594 200423\C PBS\20x-2 tiles.czi,,,a50fc6df9fbeaf776425b4602755d3c31bd034ef5bc06fd7668001c11cc16298,Y,drive1_FRIO-X6/Drive zuri 170823.zip/Drive zuri 170823/0 IMAGEN CONFOCAL/CDH5 JAGGED2/Calponin 594 200423/C PBS/20x-2 tiles.czi;drive1_FRIO-X6/Former students/Zuriñe/0 IMAGEN CONFOCAL/CDH5 JAGGED2/Fotos confocales cdh5 jagged2.zip/Calponin 594 200423/C PBS/20x-2 tiles.czi,
ACQ-20230421-LSM9-012,B03,drive1_FRIO-X6,Former students\Zuriñe\0 IMAGEN CONFOCAL\CDH5 JAGGED2\Calponin 594 200423\EXP BLEO\10X-1.czi,,,819a8e38b60bc992761faad31d9e2a16470525a159464539fb2f52e0f5d5e5f2,Y,drive1_FRIO-X6/Drive zuri 170823.zip/Drive zuri 170823/0 IMAGEN CONFOCAL/CDH5 JAGGED2/Calponin 594 200423/EXP BLEO/10X-1.czi;drive1_FRIO-X6/Former students/Zuriñe/0 IMAGEN CONFOCAL/CDH5 JAGGED2/Fotos confocales cdh5 jagged2.zip/Calponin 594 200423/EXP BLEO/10X-1.czi,
ACQ-20230421-LSM9-013,B03,drive1_FRIO-X6,Former students\Zuriñe\0 IMAGEN CONFOCAL\CDH5 JAGGED2\Calponin 594 200423\EXP BLEO\20X-1 ti;es.czi,,,1f6f2639e3268501bc9b802a99945e29435f7425b41af6458c54629da79dfec0,Y,drive1_FRIO-X6/Drive zuri 170823.zip/Drive zuri 170823/0 IMAGEN CONFOCAL/CDH5 JAGGED2/Calponin 594 200423/EXP BLEO/20X-1 ti;es.czi;drive1_FRIO-X6/Former students/Zuriñe/0 IMAGEN CONFOCAL/CDH5 JAGGED2/Fotos confocales cdh5 jagged2.zip/Calponin 594 200423/EXP BLEO/20X-1 ti;es.czi,
ACQ-20230421-LSM9-014,B03,drive1_FRIO-X6,Former students\Zuriñe\0 IMAGEN CONFOCAL\CDH5 JAGGED2\Calponin 594 200423\EXP BLEO\20x-1 confo.czi,,,0c08df1624918439a1eee348ae309a9480e4ace778cbbac33a3b59ba9282c1e0,Y,drive1_FRIO-X6/Drive zuri 170823.zip/Drive zuri 170823/0 IMAGEN CONFOCAL/CDH5 JAGGED2/Calponin 594 200423/EXP BLEO/20x-1 confo.czi;drive1_FRIO-X6/Former students/Zuriñe/0 IMAGEN CONFOCAL/CDH5 JAGGED2/Fotos confocales cdh5 jagged2.zip/Calponin 594 200423/EXP BLEO/20x-1 confo.czi,
ACQ-20230421-LSM9-015,B03,drive1_FRIO-X6,Former students\Zuriñe\0 IMAGEN CONFOCAL\CDH5 JAGGED2\Calponin 594 200423\EXP BLEO\20x-1-1 confo.czi,,,b195d6117661d0881f8d62cef36d68710b8c0af98f4e6847e470e5a74cf45069,Y,drive1_FRIO-X6/Drive zuri 170823.zip/Drive zuri 170823/0 IMAGEN CONFOCAL/CDH5 JAGGED2/Calponin 594 200423/EXP BLEO/20x-1-1 confo.czi;drive1_FRIO-X6/Former students/Zuriñe/0 IMAGEN CONFOCAL/CDH5 JAGGED2/Fotos confocales cdh5 jagged2.zip/Calponin 594 200423/EXP BLEO/20x-1-1 confo.czi,
ACQ-20230421-LSM9-016,B03,drive1_FRIO-X6,Former students\Zuriñe\0 IMAGEN CONFOCAL\CDH5 JAGGED2\Calponin 594 200423\EXP BLEO\20x-1-1-1 confo.czi,,,d2fa7d1cc9d4ac901d2e20ef8b3a34163586d4a8f4de4d609a95ed26eab2d4ca,Y,drive1_FRIO-X6/Drive zuri 170823.zip/Drive zuri 170823/0 IMAGEN CONFOCAL/CDH5 JAGGED2/Calponin 594 200423/EXP BLEO/20x-1-1-1 confo.czi;drive1_FRIO-X6/Former students/Zuriñe/0 IMAGEN CONFOCAL/CDH5 JAGGED2/Fotos confocales cdh5 jagged2.zip/Calponin 594 200423/EXP BLEO/20x-1-1-1 confo.czi,
ACQ-20230421-LSM9-017,B03,drive1_FRIO-X6,Former students\Zuriñe\0 IMAGEN CONFOCAL\CDH5 JAGGED2\Calponin 594 200423\EXP BLEO\20x-1-1-1-1confo.czi,,,d4f91287390a0c041fd5cbe6d20a7179403bcf6630fd0301b00fe721e1308043,Y,drive1_FRIO-X6/Drive zuri 170823.zip/Drive zuri 170823/0 IMAGEN CONFOCAL/CDH5 JAGGED2/Calponin 594 200423/EXP BLEO/20x-1-1-1-1confo.czi;drive1_FRIO-X6/Former students/Zuriñe/0 IMAGEN CONFOCAL/CDH5 JAGGED2/Fotos confocales cdh5 jagged2.zip/Calponin 594 200423/EXP BLEO/20x-1-1-1-1confo.czi,
ACQ-20230421-LSM9-018,B03,drive1_FRIO-X6,Former students\Zuriñe\0 IMAGEN CONFOCAL\CDH5 JAGGED2\Calponin 594 200423\EXP BLEO\40x-1 confo.czi,,,d339e0d72a2138f3f2ce55cc44aed7ed1439663bf8024001aad06090a4e66b44,Y,drive1_FRIO-X6/Drive zuri 170823.zip/Drive zuri 170823/0 IMAGEN CONFOCAL/CDH5 JAGGED2/Calponin 594 200423/EXP BLEO/40x-1 confo.czi;drive1_FRIO-X6/Former students/Zuriñe/0 IMAGEN CONFOCAL/CDH5 JAGGED2/Fotos confocales cdh5 jagged2.zip/Calponin 594 200423/EXP BLEO/40x-1 confo.czi,
ACQ-20230421-LSM9-019,B03,drive1_FRIO-X6,Former students\Zuriñe\0 IMAGEN CONFOCAL\CDH5 JAGGED2\Calponin 594 200423\EXP BLEO\40x-2 confo.czi,,,f459db83726d19e55c0d844172046c096e6a9053cf7c2298b90a2553ccd17314,Y,drive1_FRIO-X6/Drive zuri 170823.zip/Drive zuri 170823/0 IMAGEN CONFOCAL/CDH5 JAGGED2/Calponin 594 200423/EXP BLEO/40x-2 confo.czi;drive1_FRIO-X6/Former students/Zuriñe/0 IMAGEN CONFOCAL/CDH5 JAGGED2/Fotos confocales cdh5 jagged2.zip/Calponin 594 200423/EXP BLEO/40x-2 confo.czi,
ACQ-20230421-LSM9-020,B03,drive1_FRIO-X6,Former students\Zuriñe\0 IMAGEN CONFOCAL\CDH5 JAGGED2\Calponin 594 200423\EXP PBS\10x-1 tiles.czi,,,44789ac2fded3cd6f95b4a937b5b8e72dcbce63862b83021a7aca9ac81d21a56,Y,drive1_FRIO-X6/Drive zuri 170823.zip/Drive zuri 170823/0 IMAGEN CONFOCAL/CDH5 JAGGED2/Calponin 594 200423/EXP PBS/10x-1 tiles.czi;drive1_FRIO-X6/Former students/Zuriñe/0 IMAGEN CONFOCAL/CDH5 JAGGED2/Fotos confocales cdh5 jagged2.zip/Calponin 594 200423/EXP PBS/10x-1 tiles.czi,
ACQ-20230421-LSM9-021,B03,drive1_FRIO-X6,Former students\Zuriñe\0 IMAGEN CONFOCAL\CDH5 JAGGED2\Calponin 594 200423\EXP PBS\20x-1 confocal.czi,,,11ddac8fa44f5e22ec769ab5a04cbf0d198ac31f6f610a6be2f409934d2649e4,Y,drive1_FRIO-X6/Drive zuri 170823.zip/Drive zuri 170823/0 IMAGEN CONFOCAL/CDH5 JAGGED2/Calponin 594 200423/EXP PBS/20x-1 confocal.czi;drive1_FRIO-X6/Former students/Zuriñe/0 IMAGEN CONFOCAL/CDH5 JAGGED2/Fotos confocales cdh5 jagged2.zip/Calponin 594 200423/EXP PBS/20x-1 confocal.czi,
ACQ-20230421-LSM9-022,B03,drive1_FRIO-X6,Former students\Zuriñe\0 IMAGEN CONFOCAL\CDH5 JAGGED2\Calponin 594 200423\EXP PBS\20x-1 tiles.czi,,,2ac17e6f7fd0d451977cb53985aea94d99e5c96aa73e1a7747e8ebb9d0be317e,Y,drive1_FRIO-X6/Drive zuri 170823.zip/Drive zuri 170823/0 IMAGEN CONFOCAL/CDH5 JAGGED2/Calponin 594 200423/EXP PBS/20x-1 tiles.czi;drive1_FRIO-X6/Former students/Zuriñe/0 IMAGEN CONFOCAL/CDH5 JAGGED2/Fotos confocales cdh5 jagged2.zip/Calponin 594 200423/EXP PBS/20x-1 tiles.czi,
ACQ-20230421-LSM9-023,B03,drive1_FRIO-X6,Former students\Zuriñe\0 IMAGEN CONFOCAL\CDH5 JAGGED2\Calponin 594 200423\EXP PBS\40x-1 confo.czi,,,f44c41c97b5391a3fa04dce6e372005121e2896bbd877dfb5b1743dd888d6b86,Y,drive1_FRIO-X6/Drive zuri 170823.zip/Drive zuri 170823/0 IMAGEN CONFOCAL/CDH5 JAGGED2/Calponin 594 200423/EXP PBS/40x-1 confo.czi;drive1_FRIO-X6/Former students/Zuriñe/0 IMAGEN CONFOCAL/CDH5 JAGGED2/Fotos confocales cdh5 jagged2.zip/Calponin 594 200423/EXP PBS/40x-1 confo.czi,
ACQ-20230421-LSM9-024,B03,drive1_FRIO-X6,Former students\Zuriñe\0 IMAGEN CONFOCAL\CDH5 JAGGED2\ki67 + SMA 210423\C BLEO\10x-1 tiles.czi,,,c0301f970db7b8e0db31b6c8714806e3cf704c9a798d838b49961b45d6f7a0c4,Y,drive1_FRIO-X6/Drive zuri 170823.zip/Drive zuri 170823/0 IMAGEN CONFOCAL/CDH5 JAGGED2/ki67 + SMA 210423/C BLEO/10x-1 tiles.czi;drive1_FRIO-X6/Former students/Zuriñe/0 IMAGEN CONFOCAL/CDH5 JAGGED2/Fotos confocales cdh5 jagged2.zip/ki67 + SMA 210423/C BLEO/10x-1 tiles.czi,
ACQ-20230421-LSM9-025,B03,drive1_FRIO-X6,Former students\Zuriñe\0 IMAGEN CONFOCAL\CDH5 JAGGED2\ki67 + SMA 210423\C BLEO\10x-2 tiles.czi,,,f703a7e25d7119810a3e43d846a34527b8516cab500a2dd5db4cbe78f359737d,Y,drive1_FRIO-X6/Drive zuri 170823.zip/Drive zuri 170823/0 IMAGEN CONFOCAL/CDH5 JAGGED2/ki67 + SMA 210423/C BLEO/10x-2 tiles.czi;drive1_FRIO-X6/Former students/Zuriñe/0 IMAGEN CONFOCAL/CDH5 JAGGED2/Fotos confocales cdh5 jagged2.zip/ki67 + SMA 210423/C BLEO/10x-2 tiles.czi,
ACQ-20230421-LSM9-026,B03,drive1_FRIO-X6,Former students\Zuriñe\0 IMAGEN CONFOCAL\CDH5 JAGGED2\ki67 + SMA 210423\C BLEO\20x-1 confo.czi,,,826ec2aa5fb57ad216a6256d72dc14368ae7df0bd0a46d67b855aebbb50854ac,Y,drive1_FRIO-X6/Drive zuri 170823.zip/Drive zuri 170823/0 IMAGEN CONFOCAL/CDH5 JAGGED2/ki67 + SMA 210423/C BLEO/20x-1 confo.czi;drive1_FRIO-X6/Former students/Zuriñe/0 IMAGEN CONFOCAL/CDH5 JAGGED2/Fotos confocales cdh5 jagged2.zip/ki67 + SMA 210423/C BLEO/20x-1 confo.czi,
ACQ-20230421-LSM9-027,B03,drive1_FRIO-X6,Former students\Zuriñe\0 IMAGEN CONFOCAL\CDH5 JAGGED2\ki67 + SMA 210423\C BLEO\20x-1 tiles.czi,,,37b8290d98b8b22a1e6b1fe23eaef861fabc3a038be4aa864f6cc1bd583c679e,Y,drive1_FRIO-X6/Drive zuri 170823.zip/Drive zuri 170823/0 IMAGEN CONFOCAL/CDH5 JAGGED2/ki67 + SMA 210423/C BLEO/20x-1 tiles.czi;drive1_FRIO-X6/Former students/Zuriñe/0 IMAGEN CONFOCAL/CDH5 JAGGED2/Fotos confocales cdh5 jagged2.zip/ki67 + SMA 210423/C BLEO/20x-1 tiles.czi,
ACQ-20230421-LSM9-028,B03,drive1_FRIO-X6,Former students\Zuriñe\0 IMAGEN CONFOCAL\CDH5 JAGGED2\ki67 + SMA 210423\C BLEO\20x-2 confo.czi,,,e96adadf54fb8fb64b044de01ba6dfc859808c7198c046d8e4e09bdee6f1f34b,Y,drive1_FRIO-X6/Drive zuri 170823.zip/Drive zuri 170823/0 IMAGEN CONFOCAL/CDH5 JAGGED2/ki67 + SMA 210423/C BLEO/20x-2 confo.czi;drive1_FRIO-X6/Former students/Zuriñe/0 IMAGEN CONFOCAL/CDH5 JAGGED2/Fotos confocales cdh5 jagged2.zip/ki67 + SMA 210423/C BLEO/20x-2 confo.czi,
ACQ-20230421-LSM9-029,B03,drive1_FRIO-X6,Former students\Zuriñe\0 IMAGEN CONFOCAL\CDH5 JAGGED2\ki67 + SMA 210423\C BLEO\20x-2 tiles.czi,,,b29d8a5fc3963e1125c91fb9a373cf6903f4a6c1e3fc5e808b3c9dc50c68cf7f,Y,drive1_FRIO-X6/Drive zuri 170823.zip/Drive zuri 170823/0 IMAGEN CONFOCAL/CDH5 JAGGED2/ki67 + SMA 210423/C BLEO/20x-2 tiles.czi;drive1_FRIO-X6/Former students/Zuriñe/0 IMAGEN CONFOCAL/CDH5 JAGGED2/Fotos confocales cdh5 jagged2.zip/ki67 + SMA 210423/C BLEO/20x-2 tiles.czi,
ACQ-20230421-LSM9-030,B03,drive1_FRIO-X6,Former students\Zuriñe\0 IMAGEN CONFOCAL\CDH5 JAGGED2\ki67 + SMA 210423\C BLEO\401x-1 confo MAS BONITA.czi,,,c706f51626148dea3da1e6f72ed96bd170673cc6e972ee03ec5b9544369d5e69,Y,drive1_FRIO-X6/Drive zuri 170823.zip/Drive zuri 170823/0 IMAGEN CONFOCAL/CDH5 JAGGED2/ki67 + SMA 210423/C BLEO/401x-1 confo MAS BONITA.czi;drive1_FRIO-X6/Former students/Zuriñe/0 IMAGEN CONFOCAL/CDH5 JAGGED2/Fotos confocales cdh5 jagged2.zip/ki67 + SMA 210423/C BLEO/401x-1 confo MAS BONITA.czi,
ACQ-20230421-LSM9-031,B03,drive1_FRIO-X6,Former students\Zuriñe\0 IMAGEN CONFOCAL\CDH5 JAGGED2\ki67 + SMA 210423\C BLEO\401x-1 confo.czi,,,79aafef3f2a87729aa3b280c0793a30651fd7fc98ddbe7412f95bd67e5e60f14,Y,drive1_FRIO-X6/Drive zuri 170823.zip/Drive zuri 170823/0 IMAGEN CONFOCAL/CDH5 JAGGED2/ki67 + SMA 210423/C BLEO/401x-1 confo.czi;drive1_FRIO-X6/Former students/Zuriñe/0 IMAGEN CONFOCAL/CDH5 JAGGED2/Fotos confocales cdh5 jagged2.zip/ki67 + SMA 210423/C BLEO/401x-1 confo.czi,
ACQ-20230421-LSM9-032,B03,drive1_FRIO-X6,Former students\Zuriñe\0 IMAGEN CONFOCAL\CDH5 JAGGED2\ki67 + SMA 210423\C BLEO\401x-2 confo.czi,,,17020ecc8613a95b7c972daea3bce1536b618db43fbabf5beb50a43c0e68e2d3,Y,drive1_FRIO-X6/Drive zuri 170823.zip/Drive zuri 170823/0 IMAGEN CONFOCAL/CDH5 JAGGED2/ki67 + SMA 210423/C BLEO/401x-2 confo.czi;drive1_FRIO-X6/Former students/Zuriñe/0 IMAGEN CONFOCAL/CDH5 JAGGED2/Fotos confocales cdh5 jagged2.zip/ki67 + SMA 210423/C BLEO/401x-2 confo.czi,
ACQ-20230421-LSM9-033,B03,drive1_FRIO-X6,Former students\Zuriñe\0 IMAGEN CONFOCAL\CDH5 JAGGED2\ki67 + SMA 210423\C PBS\10x-1.czi,,,987c663254d2982704fc528e3f590667ec333405bbfdbc3a1a6e6e1490dd732b,Y,drive1_FRIO-X6/Drive zuri 170823.zip/Drive zuri 170823/0 IMAGEN CONFOCAL/CDH5 JAGGED2/ki67 + SMA 210423/C PBS/10x-1.czi;drive1_FRIO-X6/Former students/Zuriñe/0 IMAGEN CONFOCAL/CDH5 JAGGED2/Fotos confocales cdh5 jagged2.zip/ki67 + SMA 210423/C PBS/10x-1.czi,
ACQ-20230421-LSM9-034,B03,drive1_FRIO-X6,Former students\Zuriñe\0 IMAGEN CONFOCAL\CDH5 JAGGED2\ki67 + SMA 210423\C PBS\10x-2 tiles de verdad.czi,,,be7ef7fea970208330cf1dd33ea42de1ca1c05365aa3242c245ed1c588a8ba3e,Y,drive1_FRIO-X6/Drive zuri 170823.zip/Drive zuri 170823/0 IMAGEN CONFOCAL/CDH5 JAGGED2/ki67 + SMA 210423/C PBS/10x-2 tiles de verdad.czi;drive1_FRIO-X6/Former students/Zuriñe/0 IMAGEN CONFOCAL/CDH5 JAGGED2/Fotos confocales cdh5 jagged2.zip/ki67 + SMA 210423/C PBS/10x-2 tiles de verdad.czi,
ACQ-20230421-LSM9-035,B03,drive1_FRIO-X6,Former students\Zuriñe\0 IMAGEN CONFOCAL\CDH5 JAGGED2\ki67 + SMA 210423\C PBS\10x-2.czi,,,f4537f8864e12508729475862f98c08a16d38f25ca2c8c907e10b724330f6f39,Y,drive1_FRIO-X6/Drive zuri 170823.zip/Drive zuri 170823/0 IMAGEN CONFOCAL/CDH5 JAGGED2/ki67 + SMA 210423/C PBS/10x-2.czi;drive1_FRIO-X6/Former students/Zuriñe/0 IMAGEN CONFOCAL/CDH5 JAGGED2/Fotos confocales cdh5 jagged2.zip/ki67 + SMA 210423/C PBS/10x-2.czi,
ACQ-20230421-LSM9-036,B03,drive1_FRIO-X6,Former students\Zuriñe\0 IMAGEN CONFOCAL\CDH5 JAGGED2\ki67 + SMA 210423\C PBS\20x-1 confo.czi,,,ea48f359f609e6777279576b08f1870b07fb3c0b6393b3f296035b0d3028f3e8,Y,drive1_FRIO-X6/Drive zuri 170823.zip/Drive zuri 170823/0 IMAGEN CONFOCAL/CDH5 JAGGED2/ki67 + SMA 210423/C PBS/20x-1 confo.czi;drive1_FRIO-X6/Former students/Zuriñe/0 IMAGEN CONFOCAL/CDH5 JAGGED2/Fotos confocales cdh5 jagged2.zip/ki67 + SMA 210423/C PBS/20x-1 confo.czi,
ACQ-20230421-LSM9-037,B03,drive1_FRIO-X6,Former students\Zuriñe\0 IMAGEN CONFOCAL\CDH5 JAGGED2\ki67 + SMA 210423\C PBS\20x-1 tiles.czi,,,f87a6cbf10946a684b1784179abe94538927a0bcc453b3b66733efc07f81b076,Y,drive1_FRIO-X6/Drive zuri 170823.zip/Drive zuri 170823/0 IMAGEN CONFOCAL/CDH5 JAGGED2/ki67 + SMA 210423/C PBS/20x-1 tiles.czi;drive1_FRIO-X6/Former students/Zuriñe/0 IMAGEN CONFOCAL/CDH5 JAGGED2/Fotos confocales cdh5 jagged2.zip/ki67 + SMA 210423/C PBS/20x-1 tiles.czi,
ACQ-20230421-LSM9-038,B03,drive1_FRIO-X6,Former students\Zuriñe\0 IMAGEN CONFOCAL\CDH5 JAGGED2\ki67 + SMA 210423\C PBS\20x-2 confo.czi,,,1be9769e94c68ce99944043a02876cb56da565343bb1461b6d6f64b42c6e36bb,Y,drive1_FRIO-X6/Drive zuri 170823.zip/Drive zuri 170823/0 IMAGEN CONFOCAL/CDH5 JAGGED2/ki67 + SMA 210423/C PBS/20x-2 confo.czi;drive1_FRIO-X6/Former students/Zuriñe/0 IMAGEN CONFOCAL/CDH5 JAGGED2/Fotos confocales cdh5 jagged2.zip/ki67 + SMA 210423/C PBS/20x-2 confo.czi,
ACQ-20230421-LSM9-039,B03,drive1_FRIO-X6,Former students\Zuriñe\0 IMAGEN CONFOCAL\CDH5 JAGGED2\ki67 + SMA 210423\C PBS\20x-2 tiles.czi,,,4209ab07d0326a20b126b572a9837bdb356f22bb6dcc3fbc5bdc71de6ad7d552,Y,drive1_FRIO-X6/Drive zuri 170823.zip/Drive zuri 170823/0 IMAGEN CONFOCAL/CDH5 JAGGED2/ki67 + SMA 210423/C PBS/20x-2 tiles.czi;drive1_FRIO-X6/Former students/Zuriñe/0 IMAGEN CONFOCAL/CDH5 JAGGED2/Fotos confocales cdh5 jagged2.zip/ki67 + SMA 210423/C PBS/20x-2 tiles.czi,
ACQ-20230421-LSM9-040,B03,drive1_FRIO-X6,Former students\Zuriñe\0 IMAGEN CONFOCAL\CDH5 JAGGED2\ki67 + SMA 210423\C PBS\40x-2 confo.czi,,,fa3d7261a16cec04d9a616ea7ad3e7ffbcf2bbe378a85c8c32ed87baa919f140,Y,drive1_FRIO-X6/Drive zuri 170823.zip/Drive zuri 170823/0 IMAGEN CONFOCAL/CDH5 JAGGED2/ki67 + SMA 210423/C PBS/40x-2 confo.czi;drive1_FRIO-X6/Former students/Zuriñe/0 IMAGEN CONFOCAL/CDH5 JAGGED2/Fotos confocales cdh5 jagged2.zip/ki67 + SMA 210423/C PBS/40x-2 confo.czi,
ACQ-20230421-LSM9-041,B03,drive1_FRIO-X6,Former students\Zuriñe\0 IMAGEN CONFOCAL\CDH5 JAGGED2\ki67 + SMA 210423\EXP BLEO\10x-1.czi,,,b84548f28b5fd6bdc0de19592109456cb3832d1f09acb9bb2629bf73d41d67dd,Y,drive1_FRIO-X6/Drive zuri 170823.zip/Drive zuri 170823/0 IMAGEN CONFOCAL/CDH5 JAGGED2/ki67 + SMA 210423/EXP BLEO/10x-1.czi;drive1_FRIO-X6/Former students/Zuriñe/0 IMAGEN CONFOCAL/CDH5 JAGGED2/Fotos confocales cdh5 jagged2.zip/ki67 + SMA 210423/EXP BLEO/10x-1.czi,
ACQ-20230421-LSM9-042,B03,drive1_FRIO-X6,Former students\Zuriñe\0 IMAGEN CONFOCAL\CDH5 JAGGED2\ki67 + SMA 210423\EXP BLEO\20x confo.czi,,,326d30a134b9855d20ff933425aeb05fdc92f43888a64df1534ee98edcb489b4,Y,drive1_FRIO-X6/Drive zuri 170823.zip/Drive zuri 170823/0 IMAGEN CONFOCAL/CDH5 JAGGED2/ki67 + SMA 210423/EXP BLEO/20x confo.czi;drive1_FRIO-X6/Former students/Zuriñe/0 IMAGEN CONFOCAL/CDH5 JAGGED2/Fotos confocales cdh5 jagged2.zip/ki67 + SMA 210423/EXP BLEO/20x confo.czi,
ACQ-20230421-LSM9-043,B03,drive1_FRIO-X6,Former students\Zuriñe\0 IMAGEN CONFOCAL\CDH5 JAGGED2\ki67 + SMA 210423\EXP BLEO\40x confo.czi,,,05774627f24465ea8c42fc67f6d7f5a18bbc973567fd2cbd3660756705c2007f,Y,drive1_FRIO-X6/Drive zuri 170823.zip/Drive zuri 170823/0 IMAGEN CONFOCAL/CDH5 JAGGED2/ki67 + SMA 210423/EXP BLEO/40x confo.czi;drive1_FRIO-X6/Former students/Zuriñe/0 IMAGEN CONFOCAL/CDH5 JAGGED2/Fotos confocales cdh5 jagged2.zip/ki67 + SMA 210423/EXP BLEO/40x confo.czi,
ACQ-20230421-LSM9-044,B03,drive1_FRIO-X6,Former students\Zuriñe\0 IMAGEN CONFOCAL\CDH5 JAGGED2\ki67 + SMA 210423\EXP PBS\10x-1 tiles.czi,,,fdb11c9aebdfe48528fc535cbbc6042c6f8faf5d8cfc8266cb2389f4d42ae22e,Y,drive1_FRIO-X6/Drive zuri 170823.zip/Drive zuri 170823/0 IMAGEN CONFOCAL/CDH5 JAGGED2/ki67 + SMA 210423/EXP PBS/10x-1 tiles.czi;drive1_FRIO-X6/Former students/Zuriñe/0 IMAGEN CONFOCAL/CDH5 JAGGED2/Fotos confocales cdh5 jagged2.zip/ki67 + SMA 210423/EXP PBS/10x-1 tiles.czi,
ACQ-20230421-LSM9-045,B03,drive1_FRIO-X6,Former students\Zuriñe\0 IMAGEN CONFOCAL\CDH5 JAGGED2\ki67 + SMA 210423\EXP PBS\10x-1.czi,,,81006a643d50939dba4facc2baa31c1ee6698d3688bb8f7f9cd6357d8ac8a07b,Y,drive1_FRIO-X6/Drive zuri 170823.zip/Drive zuri 170823/0 IMAGEN CONFOCAL/CDH5 JAGGED2/ki67 + SMA 210423/EXP PBS/10x-1.czi;drive1_FRIO-X6/Former students/Zuriñe/0 IMAGEN CONFOCAL/CDH5 JAGGED2/Fotos confocales cdh5 jagged2.zip/ki67 + SMA 210423/EXP PBS/10x-1.czi,
ACQ-20230421-LSM9-046,B03,drive1_FRIO-X6,Former students\Zuriñe\0 IMAGEN CONFOCAL\CDH5 JAGGED2\ki67 + SMA 210423\EXP PBS\10x-2 tiles.czi,,,baeefe3d712e1d602920be9093d3b6947b35d8d835135f9b9f66eacf5b20f377,Y,drive1_FRIO-X6/Drive zuri 170823.zip/Drive zuri 170823/0 IMAGEN CONFOCAL/CDH5 JAGGED2/ki67 + SMA 210423/EXP PBS/10x-2 tiles.czi;drive1_FRIO-X6/Former students/Zuriñe/0 IMAGEN CONFOCAL/CDH5 JAGGED2/Fotos confocales cdh5 jagged2.zip/ki67 + SMA 210423/EXP PBS/10x-2 tiles.czi,
ACQ-20230421-LSM9-047,B03,drive1_FRIO-X6,Former students\Zuriñe\0 IMAGEN CONFOCAL\CDH5 JAGGED2\ki67 + SMA 210423\EXP PBS\20x confo.czi,,,a71e972d5f33802c35cbbaac1c657fe738da8786bc0ce5d1f6c6126e6b8f1517,Y,drive1_FRIO-X6/Drive zuri 170823.zip/Drive zuri 170823/0 IMAGEN CONFOCAL/CDH5 JAGGED2/ki67 + SMA 210423/EXP PBS/20x confo.czi;drive1_FRIO-X6/Former students/Zuriñe/0 IMAGEN CONFOCAL/CDH5 JAGGED2/Fotos confocales cdh5 jagged2.zip/ki67 + SMA 210423/EXP PBS/20x confo.czi,
ACQ-20230421-LSM9-048,B03,drive1_FRIO-X6,Former students\Zuriñe\0 IMAGEN CONFOCAL\CDH5 JAGGED2\ki67 + SMA 210423\EXP PBS\20x-1 tiles.czi,,,053a8d2c35e6fe258791849ba5750773914e910c6b6d39545cba57306ae821a2,Y,drive1_FRIO-X6/Drive zuri 170823.zip/Drive zuri 170823/0 IMAGEN CONFOCAL/CDH5 JAGGED2/ki67 + SMA 210423/EXP PBS/20x-1 tiles.czi;drive1_FRIO-X6/Former students/Zuriñe/0 IMAGEN CONFOCAL/CDH5 JAGGED2/Fotos confocales cdh5 jagged2.zip/ki67 + SMA 210423/EXP PBS/20x-1 tiles.czi,
ACQ-20230421-LSM9-049,B03,drive1_FRIO-X6,Former students\Zuriñe\0 IMAGEN CONFOCAL\CDH5 JAGGED2\ki67 + SMA 210423\EXP PBS\20x-2 confo.czi,,,23268f77bda98d42f69f78d42ab8419e2125dfa32665565c686f075fa825bb8a,Y,drive1_FRIO-X6/Drive zuri 170823.zip/Drive zuri 170823/0 IMAGEN CONFOCAL/CDH5 JAGGED2/ki67 + SMA 210423/EXP PBS/20x-2 confo.czi;drive1_FRIO-X6/Former students/Zuriñe/0 IMAGEN CONFOCAL/CDH5 JAGGED2/Fotos confocales cdh5 jagged2.zip/ki67 + SMA 210423/EXP PBS/20x-2 confo.czi,
ACQ-20230421-LSM9-050,B03,drive1_FRIO-X6,Former students\Zuriñe\0 IMAGEN CONFOCAL\CDH5 JAGGED2\ki67 + SMA 210423\EXP PBS\40x-2 confo.czi,,,8e9dd054a7091fd81f9fcbad65da0392d70384e0901ce3f5281e18997aa68b37,Y,drive1_FRIO-X6/Drive zuri 170823.zip/Drive zuri 170823/0 IMAGEN CONFOCAL/CDH5 JAGGED2/ki67 + SMA 210423/EXP PBS/40x-2 confo.czi;drive1_FRIO-X6/Former students/Zuriñe/0 IMAGEN CONFOCAL/CDH5 JAGGED2/Fotos confocales cdh5 jagged2.zip/ki67 + SMA 210423/EXP PBS/40x-2 confo.czi,
ACQ-20230421-LSM9-051,B03,drive1_FRIO-X6,Former students\Zuriñe\0 IMAGEN CONFOCAL\CDH5 JAGGED2\ki67 + SMA 210423\EXP PBS\40x-2-x confo.czi,,,8ba0c918721060cd759cfedfaa9f259ea037be2f68f5c58e6cf95076c65aafe6,Y,drive1_FRIO-X6/Drive zuri 170823.zip/Drive zuri 170823/0 IMAGEN CONFOCAL/CDH5 JAGGED2/ki67 + SMA 210423/EXP PBS/40x-2-x confo.czi;drive1_FRIO-X6/Former students/Zuriñe/0 IMAGEN CONFOCAL/CDH5 JAGGED2/Fotos confocales cdh5 jagged2.zip/ki67 + SMA 210423/EXP PBS/40x-2-x confo.czi,
ACQ-20230425-LSM9-001,B03,drive1_FRIO-X6,Former students\Zuriñe\0 IMAGEN CONFOCAL\CDH5 JAGGED2\AT1 488 AT2 647 dapi 250423\C BLEO\10x-1 tiles.czi,,,ede8c5cc9d3b8e54cdc78fccf8f6d2caff322fdf5525010bc053693fee5ad34c,Y,drive1_FRIO-X6/Drive zuri 170823.zip/Drive zuri 170823/0 IMAGEN CONFOCAL/CDH5 JAGGED2/AT1 488 AT2 647 dapi 250423/C BLEO/10x-1 tiles.czi,
ACQ-20230425-LSM9-002,B03,drive1_FRIO-X6,Former students\Zuriñe\0 IMAGEN CONFOCAL\CDH5 JAGGED2\AT1 488 AT2 647 dapi 250423\C BLEO\20x-1 confo.czi,,,a76d492dc41dd73d467557f607a404ced3f33472354826ac3681bac9113e4e99,Y,drive1_FRIO-X6/Drive zuri 170823.zip/Drive zuri 170823/0 IMAGEN CONFOCAL/CDH5 JAGGED2/AT1 488 AT2 647 dapi 250423/C BLEO/20x-1 confo.czi,
ACQ-20230425-LSM9-003,B03,drive1_FRIO-X6,Former students\Zuriñe\0 IMAGEN CONFOCAL\CDH5 JAGGED2\AT1 488 AT2 647 dapi 250423\C BLEO\20x-1 tiles.czi,,,7219991c958867c53e13fa4825432369c97f21e3dc03fb4f7fabb96dfa1fcc70,Y,drive1_FRIO-X6/Drive zuri 170823.zip/Drive zuri 170823/0 IMAGEN CONFOCAL/CDH5 JAGGED2/AT1 488 AT2 647 dapi 250423/C BLEO/20x-1 tiles.czi,
ACQ-20230425-LSM9-004,B03,drive1_FRIO-X6,Former students\Zuriñe\0 IMAGEN CONFOCAL\CDH5 JAGGED2\AT1 488 AT2 647 dapi 250423\C BLEO\40x-1 confo.czi,,,45718526d355287111011be41c23055f421fc0c54bb802a2a63581d2eac99845,Y,drive1_FRIO-X6/Drive zuri 170823.zip/Drive zuri 170823/0 IMAGEN CONFOCAL/CDH5 JAGGED2/AT1 488 AT2 647 dapi 250423/C BLEO/40x-1 confo.czi,
ACQ-20230425-LSM9-005,B03,drive1_FRIO-X6,Former students\Zuriñe\0 IMAGEN CONFOCAL\CDH5 JAGGED2\AT1 488 AT2 647 dapi 250423\C BLEO\40x-2 confo.czi,,,3c11ed8d9279fa3f9e3597360a143a56ac6c4993dcf945fe49ebdd227b5076dc,Y,drive1_FRIO-X6/Drive zuri 170823.zip/Drive zuri 170823/0 IMAGEN CONFOCAL/CDH5 JAGGED2/AT1 488 AT2 647 dapi 250423/C BLEO/40x-2 confo.czi,
ACQ-20230425-LSM9-006,B03,drive1_FRIO-X6,Former students\Zuriñe\0 IMAGEN CONFOCAL\CDH5 JAGGED2\AT1 488 AT2 647 dapi 250423\C BLEO\40x-3 confo.czi,,,7e4ca77b25a585948aa0253ae174be1cc7fb837a76691783d39e6b0d20d253ad,Y,drive1_FRIO-X6/Drive zuri 170823.zip/Drive zuri 170823/0 IMAGEN CONFOCAL/CDH5 JAGGED2/AT1 488 AT2 647 dapi 250423/C BLEO/40x-3 confo.czi,
ACQ-20230425-LSM9-007,B03,drive1_FRIO-X6,Former students\Zuriñe\0 IMAGEN CONFOCAL\CDH5 JAGGED2\AT1 488 AT2 647 dapi 250423\C PBS\10x-1.czi,,,215c29e4444bf2c590c5d02e4040d1670a3818379deabc41853614e16a0add02,Y,drive1_FRIO-X6/Drive zuri 170823.zip/Drive zuri 170823/0 IMAGEN CONFOCAL/CDH5 JAGGED2/AT1 488 AT2 647 dapi 250423/C PBS/10x-1.czi,
ACQ-20230425-LSM9-008,B03,drive1_FRIO-X6,Former students\Zuriñe\0 IMAGEN CONFOCAL\CDH5 JAGGED2\DESMIN 488 SMA 647 250423\C BLEO\10x-1 tiles.czi,,,de8500cbe7b9b9e704cb69aa5462f000768d57b323336d74d3a78284f2858089,Y,drive1_FRIO-X6/Drive zuri 170823.zip/Drive zuri 170823/0 IMAGEN CONFOCAL/CDH5 JAGGED2/DESMIN 488 SMA 647 250423/C BLEO/10x-1 tiles.czi,
ACQ-20230425-LSM9-009,B03,drive1_FRIO-X6,Former students\Zuriñe\0 IMAGEN CONFOCAL\CDH5 JAGGED2\DESMIN 488 SMA 647 250423\C BLEO\10x-2 tiles.czi,,,68d60a9970e5e7a44c08e21bb500f2455885e51758e8208d0680396d3e159a89,Y,drive1_FRIO-X6/Drive zuri 170823.zip/Drive zuri 170823/0 IMAGEN CONFOCAL/CDH5 JAGGED2/DESMIN 488 SMA 647 250423/C BLEO/10x-2 tiles.czi,
ACQ-20230425-LSM9-010,B03,drive1_FRIO-X6,Former students\Zuriñe\0 IMAGEN CONFOCAL\CDH5 JAGGED2\DESMIN 488 SMA 647 250423\C BLEO\20x-1 confocal.czi,,,b9b2fcb10fae653734cdaffe54712deb341f02d332cbec96c9567d68bf43f139,Y,drive1_FRIO-X6/Drive zuri 170823.zip/Drive zuri 170823/0 IMAGEN CONFOCAL/CDH5 JAGGED2/DESMIN 488 SMA 647 250423/C BLEO/20x-1 confocal.czi,
ACQ-20230425-LSM9-011,B03,drive1_FRIO-X6,Former students\Zuriñe\0 IMAGEN CONFOCAL\CDH5 JAGGED2\DESMIN 488 SMA 647 250423\C BLEO\20x-1 tiles.czi,,,531cc5a5a66f292eb51b6cd5bd59542e8ccd62cda9fdca573b1678b6d26785ad,Y,drive1_FRIO-X6/Drive zuri 170823.zip/Drive zuri 170823/0 IMAGEN CONFOCAL/CDH5 JAGGED2/DESMIN 488 SMA 647 250423/C BLEO/20x-1 tiles.czi,
ACQ-20230425-LSM9-012,B03,drive1_FRIO-X6,Former students\Zuriñe\0 IMAGEN CONFOCAL\CDH5 JAGGED2\DESMIN 488 SMA 647 250423\C BLEO\40x-confo.czi,,,cd6fffad5cf7bf58b7205658e800d5a4ed020c351d59e3b77792671b9a412674,Y,drive1_FRIO-X6/Drive zuri 170823.zip/Drive zuri 170823/0 IMAGEN CONFOCAL/CDH5 JAGGED2/DESMIN 488 SMA 647 250423/C BLEO/40x-confo.czi,
ACQ-20230425-LSM9-013,B03,drive1_FRIO-X6,Former students\Zuriñe\0 IMAGEN CONFOCAL\CDH5 JAGGED2\DESMIN 488 SMA 647 250423\C PBS\20x-1 confocal.czi,,,933c5a84e89aa7c8f730e2ee6d091a1089311c24fb58b1decc0a13dac5337dbb,Y,drive1_FRIO-X6/Drive zuri 170823.zip/Drive zuri 170823/0 IMAGEN CONFOCAL/CDH5 JAGGED2/DESMIN 488 SMA 647 250423/C PBS/20x-1 confocal.czi,
ACQ-20230425-LSM9-014,B03,drive1_FRIO-X6,Former students\Zuriñe\0 IMAGEN CONFOCAL\CDH5 JAGGED2\DESMIN 488 SMA 647 250423\C PBS\20x-1 tiles.czi,,,3aeb37be4362077646421765903d6278db949a6f5ba8cf39fd2a57ffc3f77fcc,Y,drive1_FRIO-X6/Drive zuri 170823.zip/Drive zuri 170823/0 IMAGEN CONFOCAL/CDH5 JAGGED2/DESMIN 488 SMA 647 250423/C PBS/20x-1 tiles.czi,
ACQ-20230425-LSM9-015,B03,drive1_FRIO-X6,Former students\Zuriñe\0 IMAGEN CONFOCAL\CDH5 JAGGED2\DESMIN 488 SMA 647 250423\C PBS\40x-1 confo.czi,,,ecd0a614f717f66ef2aaca412fae537dd50594ce45e9fbbadc809e7dc98768cb,Y,drive1_FRIO-X6/Drive zuri 170823.zip/Drive zuri 170823/0 IMAGEN CONFOCAL/CDH5 JAGGED2/DESMIN 488 SMA 647 250423/C PBS/40x-1 confo.czi,
ACQ-20230425-LSM9-016,B03,drive1_FRIO-X6,Former students\Zuriñe\0 IMAGEN CONFOCAL\CDH5 JAGGED2\DESMIN 488 SMA 647 250423\C PBS\Snap-10x-1 tiles.czi,,,6c26c2af6cc48818e4f3ee30917890c34f1160594e66a6236e90eadd99fde417,Y,drive1_FRIO-X6/Drive zuri 170823.zip/Drive zuri 170823/0 IMAGEN CONFOCAL/CDH5 JAGGED2/DESMIN 488 SMA 647 250423/C PBS/Snap-10x-1 tiles.czi,
ACQ-20230425-LSM9-017,B03,drive1_FRIO-X6,Former students\Zuriñe\0 IMAGEN CONFOCAL\CDH5 JAGGED2\DESMIN 488 SMA 647 250423\EXP BLEO\10x-1 tiles.czi,,,fd653c11f63ac60b8bfb4eac3f55622f4f7f375958512d4149ed68ba7ee645eb,Y,drive1_FRIO-X6/Drive zuri 170823.zip/Drive zuri 170823/0 IMAGEN CONFOCAL/CDH5 JAGGED2/DESMIN 488 SMA 647 250423/EXP BLEO/10x-1 tiles.czi,
ACQ-20230425-LSM9-018,B03,drive1_FRIO-X6,Former students\Zuriñe\0 IMAGEN CONFOCAL\CDH5 JAGGED2\DESMIN 488 SMA 647 250423\EXP BLEO\20x-1 confo.czi,,,1a82fc43ce75f29642a27902f89fb3cf7efb9308dba30ce02ef4167ce2492513,Y,drive1_FRIO-X6/Drive zuri 170823.zip/Drive zuri 170823/0 IMAGEN CONFOCAL/CDH5 JAGGED2/DESMIN 488 SMA 647 250423/EXP BLEO/20x-1 confo.czi,
ACQ-20230425-LSM9-019,B03,drive1_FRIO-X6,Former students\Zuriñe\0 IMAGEN CONFOCAL\CDH5 JAGGED2\DESMIN 488 SMA 647 250423\EXP BLEO\20x-1 tiles.czi,,,09b305f289b2f3b38393046bbf66adb0e949031505118001f77b6b9bc3cff098,Y,drive1_FRIO-X6/Drive zuri 170823.zip/Drive zuri 170823/0 IMAGEN CONFOCAL/CDH5 JAGGED2/DESMIN 488 SMA 647 250423/EXP BLEO/20x-1 tiles.czi,
ACQ-20230425-LSM9-020,B03,drive1_FRIO-X6,Former students\Zuriñe\0 IMAGEN CONFOCAL\CDH5 JAGGED2\DESMIN 488 SMA 647 250423\EXP BLEO\20x-2 tiles.czi,,,08f29bf9bee435622d72e3920f3b4716e2bfd1d99618725522eb68576359ea4c,Y,drive1_FRIO-X6/Drive zuri 170823.zip/Drive zuri 170823/0 IMAGEN CONFOCAL/CDH5 JAGGED2/DESMIN 488 SMA 647 250423/EXP BLEO/20x-2 tiles.czi,
ACQ-20230425-LSM9-021,B03,drive1_FRIO-X6,Former students\Zuriñe\0 IMAGEN CONFOCAL\CDH5 JAGGED2\DESMIN 488 SMA 647 250423\EXP BLEO\40x-1 confo.czi,,,424cf213be4d61f5c8af751236ae5a52b650b3d301d6abae3c674ad34cb04b93,Y,drive1_FRIO-X6/Drive zuri 170823.zip/Drive zuri 170823/0 IMAGEN CONFOCAL/CDH5 JAGGED2/DESMIN 488 SMA 647 250423/EXP BLEO/40x-1 confo.czi,
ACQ-20230425-LSM9-022,B03,drive1_FRIO-X6,Former students\Zuriñe\0 IMAGEN CONFOCAL\CDH5 JAGGED2\DESMIN 488 SMA 647 250423\EXP BLEO\40x-2 confo.czi,,,99ebce6a3d42e2d3c2d9ac59bef08675bc841ce01c08b2bf12fb59268fa65a53,Y,drive1_FRIO-X6/Drive zuri 170823.zip/Drive zuri 170823/0 IMAGEN CONFOCAL/CDH5 JAGGED2/DESMIN 488 SMA 647 250423/EXP BLEO/40x-2 confo.czi,
ACQ-20230425-LSM9-023,B03,drive1_FRIO-X6,Former students\Zuriñe\0 IMAGEN CONFOCAL\CDH5 JAGGED2\DESMIN 488 SMA 647 250423\EXP BLEO\40x-3 confo.czi,,,3d4c066653408a7bcdd973adba8883f77d15d9e764cd76fd7dec7683cb2567df,Y,drive1_FRIO-X6/Drive zuri 170823.zip/Drive zuri 170823/0 IMAGEN CONFOCAL/CDH5 JAGGED2/DESMIN 488 SMA 647 250423/EXP BLEO/40x-3 confo.czi,
ACQ-20230425-LSM9-024,B03,drive1_FRIO-X6,Former students\Zuriñe\0 IMAGEN CONFOCAL\CDH5 JAGGED2\DESMIN 488 SMA 647 250423\EXP PBS\10x-1 tiles.czi,,,74e258cd9c05386986e89aba2a494259373b48b40beb2a7fd79ff9742b85d78a,Y,drive1_FRIO-X6/Drive zuri 170823.zip/Drive zuri 170823/0 IMAGEN CONFOCAL/CDH5 JAGGED2/DESMIN 488 SMA 647 250423/EXP PBS/10x-1 tiles.czi,
ACQ-20230425-LSM9-025,B03,drive1_FRIO-X6,Former students\Zuriñe\0 IMAGEN CONFOCAL\CDH5 JAGGED2\DESMIN 488 SMA 647 250423\EXP PBS\10x-2 tiles.czi,,,d85e883e1f27b88569df64ed396d92b55058f697d7b26488cdc7aae3e1e8dd4a,Y,drive1_FRIO-X6/Drive zuri 170823.zip/Drive zuri 170823/0 IMAGEN CONFOCAL/CDH5 JAGGED2/DESMIN 488 SMA 647 250423/EXP PBS/10x-2 tiles.czi,
ACQ-20230425-LSM9-026,B03,drive1_FRIO-X6,Former students\Zuriñe\0 IMAGEN CONFOCAL\CDH5 JAGGED2\DESMIN 488 SMA 647 250423\EXP PBS\20x-1 confo.czi,,,5daf18a7c5a9931928d44c2400a30aeb555400b1ebf5890a614c4a63d95f57f2,Y,drive1_FRIO-X6/Drive zuri 170823.zip/Drive zuri 170823/0 IMAGEN CONFOCAL/CDH5 JAGGED2/DESMIN 488 SMA 647 250423/EXP PBS/20x-1 confo.czi,
ACQ-20230425-LSM9-027,B03,drive1_FRIO-X6,Former students\Zuriñe\0 IMAGEN CONFOCAL\CDH5 JAGGED2\DESMIN 488 SMA 647 250423\EXP PBS\20x-1 tiles.czi,,,5b4e2b595a8cc14e0a9209a5e2b434451460b7f63bf2360fe18bf3be846f3df0,Y,drive1_FRIO-X6/Drive zuri 170823.zip/Drive zuri 170823/0 IMAGEN CONFOCAL/CDH5 JAGGED2/DESMIN 488 SMA 647 250423/EXP PBS/20x-1 tiles.czi,
ACQ-20230425-LSM9-028,B03,drive1_FRIO-X6,Former students\Zuriñe\0 IMAGEN CONFOCAL\CDH5 JAGGED2\DESMIN 488 SMA 647 250423\EXP PBS\20x-2 confo.czi,,,f28dbe1bfccf7771bd2fdec1b42acb6231e72fa0f6bdc55a63bce94a7dc86ced,Y,drive1_FRIO-X6/Drive zuri 170823.zip/Drive zuri 170823/0 IMAGEN CONFOCAL/CDH5 JAGGED2/DESMIN 488 SMA 647 250423/EXP PBS/20x-2 confo.czi,
ACQ-20230425-LSM9-029,B03,drive1_FRIO-X6,Former students\Zuriñe\0 IMAGEN CONFOCAL\CDH5 JAGGED2\DESMIN 488 SMA 647 250423\EXP PBS\40x-1 confo.czi,,,900ad064cf502d7515cc10ac0d5f4b8a5906ad741f6e03bf309e7070a42b7366,Y,drive1_FRIO-X6/Drive zuri 170823.zip/Drive zuri 170823/0 IMAGEN CONFOCAL/CDH5 JAGGED2/DESMIN 488 SMA 647 250423/EXP PBS/40x-1 confo.czi,
ACQ-20230425-LSM9-030,B03,drive1_FRIO-X6,Former students\Zuriñe\0 IMAGEN CONFOCAL\CDH5 JAGGED2\DESMIN 488 SMA 647 250423\EXP PBS\40x-2 confo.czi,,,eb440544544b2baea53bfc5fcb8cfc9fef337e199aeacddd1e945abc34e78b3d,Y,drive1_FRIO-X6/Drive zuri 170823.zip/Drive zuri 170823/0 IMAGEN CONFOCAL/CDH5 JAGGED2/DESMIN 488 SMA 647 250423/EXP PBS/40x-2 confo.czi,
ACQ-20230426-CELL-001,B02,drive1_FRIO-X6,Cell observer\AINHIZE\118 LUCIA\Lucia Lungs 118\COLOCALIZACION\131L_MPO_20X_1.czi,,,e342286dc28eb27f9e58ba07f84021bf20bdcd307bb755785353eec1f3a4f12a,Y,,
ACQ-20230426-CELL-002,B02,drive1_FRIO-X6,Cell observer\AINHIZE\118 LUCIA\Lucia Lungs 118\COLOCALIZACION\131L_MPO_20X_2.czi,,,754692a1421ae53e75a2285ad447752651d6bdf9c2840ac1be716c65fced8a1d,Y,,
ACQ-20230426-CELL-003,B02,drive1_FRIO-X6,Cell observer\AINHIZE\118 LUCIA\Lucia Lungs 118\COLOCALIZACION\131L_MPO_20X_3.czi,,,8e220727a03e6049684f8149d896dfe758ea139b21977d8f3d41f9159d790556,Y,,
ACQ-20230426-CELL-004,B02,drive1_FRIO-X6,Cell observer\AINHIZE\118 LUCIA\Lucia Lungs 118\COLOCALIZACION\131L_MPO_20X_4.czi,,,0e6e601459133eb44d9e49d2a75f7f3afc9f47baf1fbe95dae71eafe791ab50f,Y,,
ACQ-20230426-CELL-005,B02,drive1_FRIO-X6,Cell observer\AINHIZE\118 LUCIA\Lucia Lungs 118\COLOCALIZACION\131L_PB_20X_1.czi,,,9beb58db9bdceb23dbf4ae99d243f5abc6dd56a9b228c2b3383ca32bd176a015,Y,,
ACQ-20230426-CELL-006,B02,drive1_FRIO-X6,Cell observer\AINHIZE\118 LUCIA\Lucia Lungs 118\COLOCALIZACION\131L_PB_20X_2.czi,,,5083531529875125703b5a10e599f2daafb2876d7ce59685cc3f23d3e60e78aa,Y,,
ACQ-20230426-CELL-007,B02,drive1_FRIO-X6,Cell observer\AINHIZE\118 LUCIA\Lucia Lungs 118\COLOCALIZACION\131L_PB_20X_3.czi,,,0340728253fad923cafdb813ecc10c30d4af56dcd7e301d1d2fea20891099d81,Y,,
ACQ-20230426-CELL-008,B02,drive1_FRIO-X6,Cell observer\AINHIZE\118 LUCIA\Lucia Lungs 118\COLOCALIZACION\131L_PB_20X_4.czi,,,d0835b2099db765dd6ef734e48fe6114b0afc685184f0e5e430b239351c407d9,Y,,
ACQ-20230426-CELL-009,B02,drive1_FRIO-X6,Cell observer\AINHIZE\118 LUCIA\Lucia Lungs 118\COLOCALIZACION\132L_MPO_20X_+.czi,,,33b7279bc6f63b17417a8b34cfc606382b39144f9e8f69e657ff40d7542db2d6,Y,,
ACQ-20230426-CELL-010,B02,drive1_FRIO-X6,Cell observer\AINHIZE\118 LUCIA\Lucia Lungs 118\COLOCALIZACION\132L_MPO_20X_3.czi,,,d8bb8b6671fde9bd995ba4e6a8ecc10f1fea24ba085c8989867581aac6988ab5,Y,,
ACQ-20230426-CELL-011,B02,drive1_FRIO-X6,Cell observer\AINHIZE\118 LUCIA\Lucia Lungs 118\COLOCALIZACION\132L_MPO_20X_4.czi,,,7eec3ef91a4f1fff9f7344578c310e08575be4d18a0fb83ff644beb218681df6,Y,,
ACQ-20230426-CELL-012,B02,drive1_FRIO-X6,Cell observer\AINHIZE\118 LUCIA\Lucia Lungs 118\COLOCALIZACION\132L_MPO_20X_5.czi,,,079c831347049eea196a30883a2a24601b18a32b99c037bd2fda56b16ca75aa6,Y,,
ACQ-20230426-CELL-013,B02,drive1_FRIO-X6,Cell observer\AINHIZE\118 LUCIA\Lucia Lungs 118\COLOCALIZACION\132L_MPO_20X_6.czi,,,c4eab19b653eb77716de6eb20b9678b33d75015b51c884cefb773077bc735f9a,Y,,
ACQ-20230426-CELL-014,B02,drive1_FRIO-X6,Cell observer\AINHIZE\118 LUCIA\Lucia Lungs 118\COLOCALIZACION\132L_PB_20X_+.czi,,,96b04f5a55d6effaac9c69bb4b5896b0a4f109b7205bdd3e32e8705d5114c591,Y,,
ACQ-20230426-CELL-015,B02,drive1_FRIO-X6,Cell observer\AINHIZE\118 LUCIA\Lucia Lungs 118\COLOCALIZACION\132L_PB_20X_2.czi,,,8694f3345095541b1fff79648501340633445ab8fdde8933ca67b60ad44dbc87,Y,,
ACQ-20230426-CELL-016,B02,drive1_FRIO-X6,Cell observer\AINHIZE\118 LUCIA\Lucia Lungs 118\COLOCALIZACION\132L_PB_20X_3.czi,,,a6ade8982c9ef9d19f4ea9e75abcedd5c15870d6c8631a37adad35c4a9c0f969,Y,,
ACQ-20230426-CELL-017,B02,drive1_FRIO-X6,Cell observer\AINHIZE\118 LUCIA\Lucia Lungs 118\COLOCALIZACION\132L_PB_20X_4.czi,,,6489cb0fb446ce97997fbf0f2cfcbe5146e660d057b7f47680a553a45e7916ec,Y,,
ACQ-20230426-CELL-018,B02,drive1_FRIO-X6,Cell observer\AINHIZE\118 LUCIA\Lucia Lungs 118\COLOCALIZACION\132L_PB_20X_5.czi,,,a46f673f4c15a679fd02af8e9560c744579cb07d722b5293440276587c9f5ec5,Y,,
ACQ-20230426-CELL-019,B02,drive1_FRIO-X6,Cell observer\AINHIZE\118 LUCIA\Lucia Lungs 118\COLOCALIZACION\132L_PB_20X_6.czi,,,63a1b8a73cf030147f9445bfacc17c63f23c5e18a00be7e77356a2364e2d372d,Y,,
ACQ-20230426-LSM9-001,B03,drive1_FRIO-X6,Former students\Zuriñe\0 IMAGEN CONFOCAL\CDH5 JAGGED2\AT1 488 AT2 647 dapi 250423\C PBS\40x-2 confo.czi,,,c59c73ec2abf0ebe32f82d7f7f35d080f3446edd8bb8ff4dec27ad263b6f10ac,Y,drive1_FRIO-X6/Drive zuri 170823.zip/Drive zuri 170823/0 IMAGEN CONFOCAL/CDH5 JAGGED2/AT1 488 AT2 647 dapi 250423/C PBS/40x-2 confo.czi,
ACQ-20230426-LSM9-002,B03,drive1_FRIO-X6,Former students\Zuriñe\0 IMAGEN CONFOCAL\CDH5 JAGGED2\AT1 488 AT2 647 dapi 250423\EXP PBS\10x-1 tiles.czi,,,e90fb9ee95f91e6df4243000308f500c6ed95ce8fe65414284e78a5ce473ec31,Y,drive1_FRIO-X6/Drive zuri 170823.zip/Drive zuri 170823/0 IMAGEN CONFOCAL/CDH5 JAGGED2/AT1 488 AT2 647 dapi 250423/EXP PBS/10x-1 tiles.czi,
ACQ-20230427-LSM9-001,B03,drive1_FRIO-X6,Former students\Zuriñe\0 IMAGEN CONFOCAL\CDH5 JAGGED2\AT1 488 AT2 647 dapi 250423\C PBS\10x-2 tiles.czi,,,d57af7f6fe658cd2bae83f9b278aa4cf4e78e809d9dce0a94a67f3f6f21e89b0,Y,drive1_FRIO-X6/Drive zuri 170823.zip/Drive zuri 170823/0 IMAGEN CONFOCAL/CDH5 JAGGED2/AT1 488 AT2 647 dapi 250423/C PBS/10x-2 tiles.czi,
ACQ-20230427-LSM9-002,B03,drive1_FRIO-X6,Former students\Zuriñe\0 IMAGEN CONFOCAL\CDH5 JAGGED2\AT1 488 AT2 647 dapi 250423\C PBS\20x-2 confo.czi,,,87ad046977ecffa74c3ca2346752420e991b5ed86f42d76527574225df501c01,Y,drive1_FRIO-X6/Drive zuri 170823.zip/Drive zuri 170823/0 IMAGEN CONFOCAL/CDH5 JAGGED2/AT1 488 AT2 647 dapi 250423/C PBS/20x-2 confo.czi,
ACQ-20230427-LSM9-003,B03,drive1_FRIO-X6,Former students\Zuriñe\0 IMAGEN CONFOCAL\CDH5 JAGGED2\AT1 488 AT2 647 dapi 250423\C PBS\20x-2 tiles.czi,,,f95b03e7344a7de50bd6f61dcb7627749a473cc8eaa494b754d6b0648476cf05,Y,drive1_FRIO-X6/Drive zuri 170823.zip/Drive zuri 170823/0 IMAGEN CONFOCAL/CDH5 JAGGED2/AT1 488 AT2 647 dapi 250423/C PBS/20x-2 tiles.czi,
ACQ-20230427-LSM9-004,B03,drive1_FRIO-X6,Former students\Zuriñe\0 IMAGEN CONFOCAL\CDH5 JAGGED2\AT1 488 AT2 647 dapi 250423\C PBS\40x-3 confo.czi,,,c271fd38efbe9ffe8e5c28f6e543187b3aba570248bd4d030f15a2e7e55483d8,Y,drive1_FRIO-X6/Drive zuri 170823.zip/Drive zuri 170823/0 IMAGEN CONFOCAL/CDH5 JAGGED2/AT1 488 AT2 647 dapi 250423/C PBS/40x-3 confo.czi,
ACQ-20230427-LSM9-005,B03,drive1_FRIO-X6,Former students\Zuriñe\0 IMAGEN CONFOCAL\CDH5 JAGGED2\AT1 488 AT2 647 dapi 250423\EXP BLEO\10x-1 tiles.czi,,,6c9fa62117e5fdfb44854aa1aa4f7aae544fe432bfb51c923d935997f9bff6a7,Y,drive1_FRIO-X6/Drive zuri 170823.zip/Drive zuri 170823/0 IMAGEN CONFOCAL/CDH5 JAGGED2/AT1 488 AT2 647 dapi 250423/EXP BLEO/10x-1 tiles.czi,
ACQ-20230427-LSM9-006,B03,drive1_FRIO-X6,Former students\Zuriñe\0 IMAGEN CONFOCAL\CDH5 JAGGED2\AT1 488 AT2 647 dapi 250423\EXP BLEO\10x-2 tiles.czi,,,f1981023363b36ce5c338d3c24256cff76cfaf6400c157c2e8b256a2b7e8ec1d,Y,drive1_FRIO-X6/Drive zuri 170823.zip/Drive zuri 170823/0 IMAGEN CONFOCAL/CDH5 JAGGED2/AT1 488 AT2 647 dapi 250423/EXP BLEO/10x-2 tiles.czi,
ACQ-20230427-LSM9-007,B03,drive1_FRIO-X6,Former students\Zuriñe\0 IMAGEN CONFOCAL\CDH5 JAGGED2\AT1 488 AT2 647 dapi 250423\EXP BLEO\20x-1 confo.czi,,,51373b045f906a029696f51ce0eca2262b02851c474934e11e9c478bb6a98fce,Y,drive1_FRIO-X6/Drive zuri 170823.zip/Drive zuri 170823/0 IMAGEN CONFOCAL/CDH5 JAGGED2/AT1 488 AT2 647 dapi 250423/EXP BLEO/20x-1 confo.czi,
ACQ-20230427-LSM9-008,B03,drive1_FRIO-X6,Former students\Zuriñe\0 IMAGEN CONFOCAL\CDH5 JAGGED2\AT1 488 AT2 647 dapi 250423\EXP BLEO\20x-1 tiles.czi,,,0ec510b0f00c233c9a644115ab15a42bae90a06938313a85480de8b9e1413fdd,Y,drive1_FRIO-X6/Drive zuri 170823.zip/Drive zuri 170823/0 IMAGEN CONFOCAL/CDH5 JAGGED2/AT1 488 AT2 647 dapi 250423/EXP BLEO/20x-1 tiles.czi,
ACQ-20230427-LSM9-009,B03,drive1_FRIO-X6,Former students\Zuriñe\0 IMAGEN CONFOCAL\CDH5 JAGGED2\AT1 488 AT2 647 dapi 250423\EXP BLEO\40x-1 confo.czi,,,d17d7978d9724dfd7789974518cd3a0d0a8ff64d54858c491e2e1f66918e3b11,Y,drive1_FRIO-X6/Drive zuri 170823.zip/Drive zuri 170823/0 IMAGEN CONFOCAL/CDH5 JAGGED2/AT1 488 AT2 647 dapi 250423/EXP BLEO/40x-1 confo.czi,
ACQ-20230427-LSM9-010,B03,drive1_FRIO-X6,Former students\Zuriñe\0 IMAGEN CONFOCAL\CDH5 JAGGED2\AT1 488 AT2 647 dapi 250423\EXP PBS\10x-1 tiles exp pbs.czi,,,259aa2b504bc7e7516a973bf2d22d6b36cc90ce3832b666a38536ddeb96c5b70,Y,drive1_FRIO-X6/Drive zuri 170823.zip/Drive zuri 170823/0 IMAGEN CONFOCAL/CDH5 JAGGED2/AT1 488 AT2 647 dapi 250423/EXP PBS/10x-1 tiles exp pbs.czi,
ACQ-20230427-LSM9-011,B03,drive1_FRIO-X6,Former students\Zuriñe\0 IMAGEN CONFOCAL\CDH5 JAGGED2\AT1 488 AT2 647 dapi 250423\EXP PBS\20x-1 confo xp pbs de verdad.czi,,,f58c3108a3b15be343242a5124f69ea7b63a05eefc9ab5256b566fc3c4af6f5b,Y,drive1_FRIO-X6/Drive zuri 170823.zip/Drive zuri 170823/0 IMAGEN CONFOCAL/CDH5 JAGGED2/AT1 488 AT2 647 dapi 250423/EXP PBS/20x-1 confo xp pbs de verdad.czi,
ACQ-20230427-LSM9-012,B03,drive1_FRIO-X6,Former students\Zuriñe\0 IMAGEN CONFOCAL\CDH5 JAGGED2\AT1 488 AT2 647 dapi 250423\EXP PBS\20x-1 tiles exp pbs de verdad.czi,,,1e600a32940bd9778609560d77918a697fbd8fea50fa84157cc861407ed70068,Y,drive1_FRIO-X6/Drive zuri 170823.zip/Drive zuri 170823/0 IMAGEN CONFOCAL/CDH5 JAGGED2/AT1 488 AT2 647 dapi 250423/EXP PBS/20x-1 tiles exp pbs de verdad.czi,
ACQ-20230427-LSM9-013,B03,drive1_FRIO-X6,Former students\Zuriñe\0 IMAGEN CONFOCAL\CDH5 JAGGED2\AT1 488 AT2 647 dapi 250423\EXP PBS\40x-1 confo exp pbs de verdad.czi,,,feda593c0fd98ace5d7e94a271094d65f75f95bc478af18147fba3881396d11b,Y,drive1_FRIO-X6/Drive zuri 170823.zip/Drive zuri 170823/0 IMAGEN CONFOCAL/CDH5 JAGGED2/AT1 488 AT2 647 dapi 250423/EXP PBS/40x-1 confo exp pbs de verdad.czi,
ACQ-20230427-LSM9-014,B03,drive1_FRIO-X6,Former students\Zuriñe\0 IMAGEN CONFOCAL\CDH5 JAGGED2\Image--01-T1.czi,,,2863410506ffbd922798e6e061c1b6fcb53dd36c0278fa48db04982a3aba2c7c,Y,drive1_FRIO-X6/Drive zuri 170823.zip/Drive zuri 170823/0 IMAGEN CONFOCAL/CDH5 JAGGED2/Image--01-T1.czi,
ACQ-20230427-LSM9-015,B03,drive1_FRIO-X6,Former students\Zuriñe\0 IMAGEN CONFOCAL\CDH5 JAGGED2\Image--01-T2.czi,,,aacaa15994e78cbe1e694dbdac6083513dd16b3d84040d3ec1e627a1910d9197,Y,drive1_FRIO-X6/Drive zuri 170823.zip/Drive zuri 170823/0 IMAGEN CONFOCAL/CDH5 JAGGED2/Image--01-T2.czi,
ACQ-20230427-LSM9-016,B03,drive1_FRIO-X6,Former students\Zuriñe\0 IMAGEN CONFOCAL\CDH5 JAGGED2\Image--02-T1.czi,,,21a3a3b83986739f8287d22c0f0cdfe501ab7e71abfbbab334bb5938c33f38b6,Y,drive1_FRIO-X6/Drive zuri 170823.zip/Drive zuri 170823/0 IMAGEN CONFOCAL/CDH5 JAGGED2/Image--02-T1.czi,
ACQ-20230427-LSM9-017,B03,drive1_FRIO-X6,Former students\Zuriñe\0 IMAGEN CONFOCAL\CDH5 JAGGED2\Image--02-T2.czi,,,2af8852b9ad5e37273d99f37849b02d5bc3a16cc0a5b77687b256f8ebd0943a5,Y,drive1_FRIO-X6/Drive zuri 170823.zip/Drive zuri 170823/0 IMAGEN CONFOCAL/CDH5 JAGGED2/Image--02-T2.czi,
ACQ-20230427-LSM9-018,B03,drive1_FRIO-X6,Former students\Zuriñe\0 IMAGEN CONFOCAL\CDH5 JAGGED2\Snap-1454.czi,,,112242a48984efd4630edc4f7d5d28c74f736d7c2a23285fbc004d858a4b2ba9,Y,drive1_FRIO-X6/Drive zuri 170823.zip/Drive zuri 170823/0 IMAGEN CONFOCAL/CDH5 JAGGED2/Snap-1454.czi,
ACQ-20230518-CELL-001,B05,drive2_MFB-Disco-2,2025-10-02 - Toshiba EXT (Backup)\Proyectos_Laboratorio_Laura\Lung-surfactant\Experimentos-fibroblastos\Ki67\10ng-2.czi,,,3f8eecb2c9031c975cfb681c1aa464e2f8e88be55427203746d72f657dc588c7,Y,,
ACQ-20230518-CELL-002,B05,drive2_MFB-Disco-2,2025-10-02 - Toshiba EXT (Backup)\Proyectos_Laboratorio_Laura\Lung-surfactant\Experimentos-fibroblastos\Ki67\10ng.czi,,,595b19eb13634d3c84a8241024859c57ddfebf8f179c3bfa16bb6ae7482d76c7,Y,,
ACQ-20230518-CELL-003,B05,drive2_MFB-Disco-2,2025-10-02 - Toshiba EXT (Backup)\Proyectos_Laboratorio_Laura\Lung-surfactant\Experimentos-fibroblastos\Ki67\2ng-all.czi,,,2b453964ec796efffa0fba00b5cc77311ae79c2a5665d6725fdcab1c6db09b1b,Y,,
ACQ-20230518-CELL-004,B05,drive2_MFB-Disco-2,2025-10-02 - Toshiba EXT (Backup)\Proyectos_Laboratorio_Laura\Lung-surfactant\Experimentos-fibroblastos\Ki67\2ng.czi,,,a9c14e65150003926fb10a812a65a627e4be789ce3125d1a9de873b55ee4679c,Y,,
ACQ-20230518-CELL-005,B05,drive2_MFB-Disco-2,2025-10-02 - Toshiba EXT (Backup)\Proyectos_Laboratorio_Laura\Lung-surfactant\Experimentos-fibroblastos\Ki67\5ng-all.czi,,,41a1c74831099110a2102c20d811036f4e7ad90666f91227ba31f0efcfac6d1d,Y,,
ACQ-20230518-CELL-006,B05,drive2_MFB-Disco-2,2025-10-02 - Toshiba EXT (Backup)\Proyectos_Laboratorio_Laura\Lung-surfactant\Experimentos-fibroblastos\Ki67\5ng.czi,,,464c4fe3f773f8d016ff83457075cb43119255e304e9291e2683385a655ed1a1,Y,,
ACQ-20230518-CELL-007,B05,drive2_MFB-Disco-2,2025-10-02 - Toshiba EXT (Backup)\Proyectos_Laboratorio_Laura\Lung-surfactant\Experimentos-fibroblastos\Ki67\MC-Negat.czi,,,0b55923d4e1220758f876995ba71630b7f3845ed854c48a84cbf19a5d0382367,Y,,
ACQ-20230518-CELL-008,B05,drive2_MFB-Disco-2,2025-10-02 - Toshiba EXT (Backup)\Proyectos_Laboratorio_Laura\Lung-surfactant\Experimentos-fibroblastos\Ki67\MC-all.czi,,,9d776f01990227efe13c77ad25986e7eb09e32fb3ff8819e6f0061d682fa6334,Y,,
ACQ-20230518-CELL-009,B05,drive2_MFB-Disco-2,2025-10-02 - Toshiba EXT (Backup)\Proyectos_Laboratorio_Laura\Lung-surfactant\Experimentos-fibroblastos\Ki67\MC.czi,,,6a1331c0ba407c6e5dad0a942c0fd11aef945967e67767dd20dcba3ea6223f2e,Y,,
ACQ-20230519-CELL-001,B05,drive1_FRIO-X6,Cell observer\Maria Jesus\230518-Alphasma-8ohdg-0522\230519-ID137-alphasma8OHdG-lungs-20x-3.czi,,,8278d44226d1bfafa457e705e3c1ea854b0601a8df572dfc612839315341917b,Y,drive1_FRIO-X6/Cell observer/Maria Jesus/MJS_IF/230518-Alphasma-8ohdg/Proyecto 0522 8OHdG/230519-ID137-alphasma8OHdG-lungs-20x-3.czi,
ACQ-20230519-CELL-002,B05,drive1_FRIO-X6,Cell observer\Maria Jesus\230518-Alphasma-8ohdg-0522\230519-ID137-alphasma8OHdG-lungs-20x-4.czi,,,86d05ad4805165895f6ea9333cbf2fa116c6533ddb5477f82d3115de53791442,Y,drive1_FRIO-X6/Cell observer/Maria Jesus/MJS_IF/230518-Alphasma-8ohdg/Proyecto 0522 8OHdG/230519-ID137-alphasma8OHdG-lungs-20x-4.czi,
ACQ-20230519-CELL-003,B05,drive1_FRIO-X6,Cell observer\Maria Jesus\230518-Alphasma-8ohdg-0522\230519-ID137-alphasma8OHdG-lungs-20x-5.czi,,,aa5857267c0911c1ddccc54285a12bf5ce73f557c8fb02b2fbda187aad05b33c,Y,drive1_FRIO-X6/Cell observer/Maria Jesus/MJS_IF/230518-Alphasma-8ohdg/Proyecto 0522 8OHdG/230519-ID137-alphasma8OHdG-lungs-20x-5.czi,
ACQ-20230519-CELL-004,B05,drive1_FRIO-X6,Cell observer\Maria Jesus\230518-Alphasma-8ohdg-0522\230519-ID137-alphasma8OHdG-lungs-20x-6.czi,,,5e1ff2ef16d7675fe00b8f33f773e6fe1c1b964155f7714e512c66a8d6dc9fd7,Y,drive1_FRIO-X6/Cell observer/Maria Jesus/MJS_IF/230518-Alphasma-8ohdg/Proyecto 0522 8OHdG/230519-ID137-alphasma8OHdG-lungs-20x-6.czi,
ACQ-20230519-CELL-005,B05,drive1_FRIO-X6,Cell observer\Maria Jesus\230518-Alphasma-8ohdg-0522\230519-ID137-alphasma8OHdG-lungs-20x-7.czi,,,890a717b884ab23ad409f44a3a0292756994d973351d9fc1c982046c0a6c8e9e,Y,drive1_FRIO-X6/Cell observer/Maria Jesus/MJS_IF/230518-Alphasma-8ohdg/Proyecto 0522 8OHdG/230519-ID137-alphasma8OHdG-lungs-20x-7.czi,
ACQ-20230519-CELL-006,B05,drive1_FRIO-X6,Cell observer\Maria Jesus\230518-Alphasma-8ohdg-0522\230519-ID137-alphasma8OHdG-lungs-20x-8.czi,,,28c145f30e9ab9889358ec9b6dfbe7d0bb254bcff37d795c600095eaa7da67aa,Y,drive1_FRIO-X6/Cell observer/Maria Jesus/MJS_IF/230518-Alphasma-8ohdg/Proyecto 0522 8OHdG/230519-ID137-alphasma8OHdG-lungs-20x-8.czi,
ACQ-20230519-CELL-007,B05,drive1_FRIO-X6,Cell observer\Maria Jesus\230518-Alphasma-8ohdg-0522\230519-ID137-alphasma8OHdG-lungs-20x-9.czi,,,507a7a3db180e03e5dd8193b694042546b19963e7c4c2e3224fbf8ac1969f784,Y,drive1_FRIO-X6/Cell observer/Maria Jesus/MJS_IF/230518-Alphasma-8ohdg/Proyecto 0522 8OHdG/230519-ID137-alphasma8OHdG-lungs-20x-9.czi,
ACQ-20230519-CELL-008,B05,drive1_FRIO-X6,Cell observer\Maria Jesus\230518-Alphasma-8ohdg-0522\230519-ID137-alphasma8OHdG-lungs-20x-Controlnegative.czi,,,a10adfc87be93292ccbb954eda1cf26c6093f5f0c2959bf51882ea68bd245c4e,Y,drive1_FRIO-X6/Cell observer/Maria Jesus/MJS_IF/230518-Alphasma-8ohdg/Proyecto 0522 8OHdG/230519-ID137-alphasma8OHdG-lungs-20x-Controlnegative.czi,
ACQ-20230519-CELL-009,B05,drive1_FRIO-X6,Cell observer\Maria Jesus\230518-Alphasma-8ohdg-0522\230519-ID137-alphasma8OHdG-lungs-20x-Controlnegative_2.czi,,,bcde647bb70869412f59ac78d07aa5e355196ad7dab739ce05b4504b33adec86,Y,drive1_FRIO-X6/Cell observer/Maria Jesus/MJS_IF/230518-Alphasma-8ohdg/Proyecto 0522 8OHdG/230519-ID137-alphasma8OHdG-lungs-20x-Controlnegative_2.czi,
ACQ-20230526-CELL-001,B05,drive2_MFB-Disco-2,2025-10-02 - Toshiba EXT (Backup)\Proyectos_Laboratorio_Laura\Lung-surfactant\Experimentos-fibroblastos\Ki67\freeFBS.czi,,,7b30e56b3b0e5288d519c572ee8e2e4a013edbeace5e3e6058d9de2429ec8e21,Y,,
ACQ-20230526-CELL-002,B05,drive2_MFB-Disco-2,2025-10-02 - Toshiba EXT (Backup)\Proyectos_Laboratorio_Laura\Lung-surfactant\Experimentos-fibroblastos\Ki67\freeFBS_all.czi,,,1227eb294556177c7b524ca7bd7b4c864d760437676d4b7213ca72c330c03e1a,Y,,
ACQ-20230526-CELL-003,B05,drive2_MFB-Disco-2,2025-10-02 - Toshiba EXT (Backup)\Proyectos_Laboratorio_Laura\Lung-surfactant\Experimentos-fibroblastos\Ki67\freeFBS_all2.czi,,,8c8c66d03af2b0a6a91f4435eb3a02d9f78ea015afd9bcabe05eb22e639096a2,Y,,
ACQ-20230602-CELL-001,B05,drive2_MFB-Disco-2,2025-10-02 - Toshiba EXT (Backup)\Proyectos_Laboratorio_Laura\LP+IONP\Histologias\Kidney-PB-scale.czi,,,473bc213ef28e8a0e4d26dd5539a3834952ae16257f2a9294690c509fe1dca20,Y,,
ACQ-20230602-CELL-002,B05,drive2_MFB-Disco-2,2025-10-02 - Toshiba EXT (Backup)\Proyectos_Laboratorio_Laura\LP+IONP\Histologias\Kidney-PB.czi,,,c25d73298cbb5aa402dc915e059039938296593c818108cb8ccc9b6c29165a8a,Y,drive2_MFB-Disco-2/2025-10-02 - Toshiba EXT (Backup)/Proyectos_Laboratorio_Laura/LP+IONP/Histologias/Raw-images/Kidney-PB.czi,
ACQ-20230602-CELL-003,B05,drive2_MFB-Disco-2,2025-10-02 - Toshiba EXT (Backup)\Proyectos_Laboratorio_Laura\LP+IONP\Histologias\prussian-blue-Kidney-scale.czi,,,10998e0441e4a231d5e0ef37537dd4d58f8904efc1f561666132c6fbf4961c96,Y,,
ACQ-20230602-CELL-004,B05,drive2_MFB-Disco-2,2025-10-02 - Toshiba EXT (Backup)\Proyectos_Laboratorio_Laura\LP+IONP\Histologias\prussian-blue-Kidney-scale2.czi,,,a448f4d4544ab18f501cf38b29ee640ae87745ae98c065e31a243318bc2369e4,Y,,
ACQ-20230607-CELL-001,B05,drive2_MFB-Disco-2,2025-10-02 - Toshiba EXT (Backup)\Proyectos_Laboratorio_Laura\LP+IONP\Histologias\Liver-PB-Scale.czi,,,891ae5635dc92cee26d650dc19d949f85b65888dfacd405a96ca0e4e9c1c2918,Y,,
ACQ-20230607-CELL-002,B05,drive2_MFB-Disco-2,2025-10-02 - Toshiba EXT (Backup)\Proyectos_Laboratorio_Laura\LP+IONP\Histologias\Raw-images\Liver-PB.czi,,,4392eedfd9bc2ae40f2e964fcdd5ef4fcef09367e6610827c2c93ceba18993e7,Y,,
ACQ-20230607-CELL-003,B05,drive2_MFB-Disco-2,2025-10-02 - Toshiba EXT (Backup)\Proyectos_Laboratorio_Laura\LP+IONP\Histologias\Raw-images\Liver-scale-PB.czi,,,06f83bbf18911acb19de66a805d0e0e148b31a03f40bd2b1bbd15fe6638420c8,Y,,
ACQ-20230607-CELL-004,B05,drive2_MFB-Disco-2,2025-10-02 - Toshiba EXT (Backup)\Proyectos_Laboratorio_Laura\LP+IONP\Histologias\prussian-blue-liver-scale.czi,,,66587e18be64c8e4af86230fea6ec5ae5176ebbcef649511d9f63d48c9f83ed5,Y,,
ACQ-20230607-CELL-005,B05,drive2_MFB-Disco-2,2025-10-02 - Toshiba EXT (Backup)\Proyectos_Laboratorio_Laura\LP+IONP\Histologias\prussian-blue-liver-scale2.czi,,,8d850dac82c5625c5c2f033e61048fc47846c0039d8b066cce2aee2b7b7a24b5,Y,,
ACQ-20230612-LSM9-001,B03,drive1_FRIO-X6,Former students\Zuriñe\0 IMAGEN CONFOCAL\CDH5 JAGGED1\col 647 SMA 488\C BLEO\10x-1 tiles.czi,,,f8d5f3f69e1d9035eb1faa96248ceeef63ae9e467205474125b44958e0a1a5a6,Y,drive1_FRIO-X6/Drive zuri 170823.zip/Drive zuri 170823/0 IMAGEN CONFOCAL/CDH5 JAGGED1/col 647 SMA 488/C BLEO/10x-1 tiles.czi,
ACQ-20230612-LSM9-002,B03,drive1_FRIO-X6,Former students\Zuriñe\0 IMAGEN CONFOCAL\CDH5 JAGGED1\col 647 SMA 488\C BLEO\20x-1 confo.czi,,,6574aa2bc5746a3a3db9d054523378c9c441db4885861fefbac76aceb0b23bba,Y,drive1_FRIO-X6/Drive zuri 170823.zip/Drive zuri 170823/0 IMAGEN CONFOCAL/CDH5 JAGGED1/col 647 SMA 488/C BLEO/20x-1 confo.czi,
ACQ-20230612-LSM9-003,B03,drive1_FRIO-X6,Former students\Zuriñe\0 IMAGEN CONFOCAL\CDH5 JAGGED1\col 647 SMA 488\C BLEO\20x-1 tiles.czi,,,b237369f2ec3600aeecc9e95c5e47c591d42b56c87ae7802f9f99f1b2b75e3ef,Y,drive1_FRIO-X6/Drive zuri 170823.zip/Drive zuri 170823/0 IMAGEN CONFOCAL/CDH5 JAGGED1/col 647 SMA 488/C BLEO/20x-1 tiles.czi,
ACQ-20230612-LSM9-004,B03,drive1_FRIO-X6,Former students\Zuriñe\0 IMAGEN CONFOCAL\CDH5 JAGGED1\col 647 SMA 488\C BLEO\40x-1 confo.czi,,,d3ec8997a36625e62204408a54807d9cf689e1eaf87c0b93fe3bd1fc804cb2a8,Y,drive1_FRIO-X6/Drive zuri 170823.zip/Drive zuri 170823/0 IMAGEN CONFOCAL/CDH5 JAGGED1/col 647 SMA 488/C BLEO/40x-1 confo.czi,
ACQ-20230612-LSM9-005,B03,drive1_FRIO-X6,Former students\Zuriñe\0 IMAGEN CONFOCAL\CDH5 JAGGED1\col 647 SMA 488\C PBS\10x-1 tiles.czi,,,24941a31c81c02a2640a4f494e7634348256dae912c131bff012eafcf8a9426e,Y,drive1_FRIO-X6/Drive zuri 170823.zip/Drive zuri 170823/0 IMAGEN CONFOCAL/CDH5 JAGGED1/col 647 SMA 488/C PBS/10x-1 tiles.czi,
ACQ-20230612-LSM9-006,B03,drive1_FRIO-X6,Former students\Zuriñe\0 IMAGEN CONFOCAL\CDH5 JAGGED1\col 647 SMA 488\C PBS\20x-1 confo.czi,,,9fab7b4c318e09dc79fa4644188ff955029c8fbe1341dc48eebcb17813fda5bf,Y,drive1_FRIO-X6/Drive zuri 170823.zip/Drive zuri 170823/0 IMAGEN CONFOCAL/CDH5 JAGGED1/col 647 SMA 488/C PBS/20x-1 confo.czi,
ACQ-20230612-LSM9-007,B03,drive1_FRIO-X6,Former students\Zuriñe\0 IMAGEN CONFOCAL\CDH5 JAGGED1\col 647 SMA 488\C PBS\20x-1 tiles.czi,,,5248d79c252c4c6123482295d056457c121139e1272f237a69e51a26d49e4dd7,Y,drive1_FRIO-X6/Drive zuri 170823.zip/Drive zuri 170823/0 IMAGEN CONFOCAL/CDH5 JAGGED1/col 647 SMA 488/C PBS/20x-1 tiles.czi,
ACQ-20230612-LSM9-008,B03,drive1_FRIO-X6,Former students\Zuriñe\0 IMAGEN CONFOCAL\CDH5 JAGGED1\col 647 SMA 488\C PBS\40x-1 confo.czi,,,6a5a8f3f0e5d804de50a35444007cb577c6abf6ab0f03ef864c52316353463fe,Y,drive1_FRIO-X6/Drive zuri 170823.zip/Drive zuri 170823/0 IMAGEN CONFOCAL/CDH5 JAGGED1/col 647 SMA 488/C PBS/40x-1 confo.czi,
ACQ-20230612-LSM9-009,B03,drive1_FRIO-X6,Former students\Zuriñe\0 IMAGEN CONFOCAL\CDH5 JAGGED1\col 647 SMA 488\EXP BLEO\10x-1.czi,,,b95a603052f2d01fd156f6b993c82013e0525c81de853024789a81f12529caa5,Y,drive1_FRIO-X6/Drive zuri 170823.zip/Drive zuri 170823/0 IMAGEN CONFOCAL/CDH5 JAGGED1/col 647 SMA 488/EXP BLEO/10x-1.czi,
ACQ-20230612-LSM9-010,B03,drive1_FRIO-X6,Former students\Zuriñe\0 IMAGEN CONFOCAL\CDH5 JAGGED1\col 647 SMA 488\EXP BLEO\20x-1 confo.czi,,,2e27b4d92fae35c1a1f5862529aaab191b31392974f4b8550f100d56b69831f3,Y,drive1_FRIO-X6/Drive zuri 170823.zip/Drive zuri 170823/0 IMAGEN CONFOCAL/CDH5 JAGGED1/col 647 SMA 488/EXP BLEO/20x-1 confo.czi,
ACQ-20230612-LSM9-011,B03,drive1_FRIO-X6,Former students\Zuriñe\0 IMAGEN CONFOCAL\CDH5 JAGGED1\col 647 SMA 488\EXP BLEO\20x-1 tiles.czi,,,68e2b8e8031faa3291710c4fdd60681ad938b2a4e0206673894ca0d60bd7b59c,Y,drive1_FRIO-X6/Drive zuri 170823.zip/Drive zuri 170823/0 IMAGEN CONFOCAL/CDH5 JAGGED1/col 647 SMA 488/EXP BLEO/20x-1 tiles.czi,
ACQ-20230612-LSM9-012,B03,drive1_FRIO-X6,Former students\Zuriñe\0 IMAGEN CONFOCAL\CDH5 JAGGED1\col 647 SMA 488\EXP BLEO\40x-1 confo.czi,,,3a20f22ee8e1e216045659a52540196e0647420246e1c233a1811d91bf28bfb1,Y,drive1_FRIO-X6/Drive zuri 170823.zip/Drive zuri 170823/0 IMAGEN CONFOCAL/CDH5 JAGGED1/col 647 SMA 488/EXP BLEO/40x-1 confo.czi,
ACQ-20230612-LSM9-013,B03,drive1_FRIO-X6,Former students\Zuriñe\0 IMAGEN CONFOCAL\CDH5 JAGGED1\col 647 SMA 488\EXP BLEO\40x-2 confo.czi,,,a4b0c38e931e7972fa9be3bbf9b75afb0d71ccebd65ce37da6742f779fb09677,Y,drive1_FRIO-X6/Drive zuri 170823.zip/Drive zuri 170823/0 IMAGEN CONFOCAL/CDH5 JAGGED1/col 647 SMA 488/EXP BLEO/40x-2 confo.czi,
ACQ-20230612-LSM9-014,B03,drive1_FRIO-X6,Former students\Zuriñe\0 IMAGEN CONFOCAL\CDH5 JAGGED1\col 647 SMA 488\EXP PBS\10x-1 tiles.czi,,,0b506f7ead9a5e002d55a67c653403a6b1ae28ba8e279a9337e71554a174fb43,Y,drive1_FRIO-X6/Drive zuri 170823.zip/Drive zuri 170823/0 IMAGEN CONFOCAL/CDH5 JAGGED1/col 647 SMA 488/EXP PBS/10x-1 tiles.czi,
ACQ-20230612-LSM9-015,B03,drive1_FRIO-X6,Former students\Zuriñe\0 IMAGEN CONFOCAL\CDH5 JAGGED1\col 647 SMA 488\EXP PBS\20x-1 confo.czi,,,c6718d466e1a80969fee281c432553e0e108d28c1f4362f788e9841037df01c3,Y,drive1_FRIO-X6/Drive zuri 170823.zip/Drive zuri 170823/0 IMAGEN CONFOCAL/CDH5 JAGGED1/col 647 SMA 488/EXP PBS/20x-1 confo.czi,
ACQ-20230612-LSM9-016,B03,drive1_FRIO-X6,Former students\Zuriñe\0 IMAGEN CONFOCAL\CDH5 JAGGED1\col 647 SMA 488\EXP PBS\20x-1.czi,,,22776082f8c0e5e092dfc377f04c9f926c3e1096737febd5cbc0ef56f1dba029,Y,drive1_FRIO-X6/Drive zuri 170823.zip/Drive zuri 170823/0 IMAGEN CONFOCAL/CDH5 JAGGED1/col 647 SMA 488/EXP PBS/20x-1.czi,
ACQ-20230612-LSM9-017,B03,drive1_FRIO-X6,Former students\Zuriñe\0 IMAGEN CONFOCAL\CDH5 JAGGED1\col 647 SMA 488\EXP PBS\40x-1 confo.czi,,,8a57d863b8eb6732c3661e34df1828d66e64680cc9dadfb5911f64501e99d615,Y,drive1_FRIO-X6/Drive zuri 170823.zip/Drive zuri 170823/0 IMAGEN CONFOCAL/CDH5 JAGGED1/col 647 SMA 488/EXP PBS/40x-1 confo.czi,
ACQ-20230612-LSM9-018,B03,drive1_FRIO-X6,Former students\Zuriñe\0 IMAGEN CONFOCAL\CDH5 JAGGED1\ki67 488 SMA 594\C BLEO\10x-1 tiles.czi,,,28f2bcc20aef9a59baa1a8208fe63b42ea4dc187c48e5fbdb395e871a3511f27,Y,drive1_FRIO-X6/Drive zuri 170823.zip/Drive zuri 170823/0 IMAGEN CONFOCAL/CDH5 JAGGED1/ki67 488 SMA 594/C BLEO/10x-1 tiles.czi,
ACQ-20230612-LSM9-019,B03,drive1_FRIO-X6,Former students\Zuriñe\0 IMAGEN CONFOCAL\CDH5 JAGGED1\ki67 488 SMA 594\C BLEO\10x-3 tiles.czi,,,5ace45c65c9c11b16d84b088a0ffcf3b0bdd5ed67c0fa8ac90cea8364ed4156b,Y,drive1_FRIO-X6/Drive zuri 170823.zip/Drive zuri 170823/0 IMAGEN CONFOCAL/CDH5 JAGGED1/ki67 488 SMA 594/C BLEO/10x-3 tiles.czi,
ACQ-20230612-LSM9-020,B03,drive1_FRIO-X6,Former students\Zuriñe\0 IMAGEN CONFOCAL\CDH5 JAGGED1\ki67 488 SMA 594\C BLEO\20x-1 confo.czi,,,8e2f41be112bcb52cf61e0e2855b183e08034a3b07c2131288eff7df7abf4451,Y,drive1_FRIO-X6/Drive zuri 170823.zip/Drive zuri 170823/0 IMAGEN CONFOCAL/CDH5 JAGGED1/ki67 488 SMA 594/C BLEO/20x-1 confo.czi,
ACQ-20230612-LSM9-021,B03,drive1_FRIO-X6,Former students\Zuriñe\0 IMAGEN CONFOCAL\CDH5 JAGGED1\ki67 488 SMA 594\C BLEO\20x-1 tiles.czi,,,6d61d3b498df7789623a79ca7068eb5b87a0c39e33cab467e023628c9863d0b7,Y,drive1_FRIO-X6/Drive zuri 170823.zip/Drive zuri 170823/0 IMAGEN CONFOCAL/CDH5 JAGGED1/ki67 488 SMA 594/C BLEO/20x-1 tiles.czi,
ACQ-20230612-LSM9-022,B03,drive1_FRIO-X6,Former students\Zuriñe\0 IMAGEN CONFOCAL\CDH5 JAGGED1\ki67 488 SMA 594\C BLEO\20x-3 confo.czi,,,8e4c685817953603eab84012c544ea56984db87623f32d5d0f5d7220b2fedd9d,Y,drive1_FRIO-X6/Drive zuri 170823.zip/Drive zuri 170823/0 IMAGEN CONFOCAL/CDH5 JAGGED1/ki67 488 SMA 594/C BLEO/20x-3 confo.czi,
ACQ-20230612-LSM9-023,B03,drive1_FRIO-X6,Former students\Zuriñe\0 IMAGEN CONFOCAL\CDH5 JAGGED1\ki67 488 SMA 594\C BLEO\20x-3 tiles.czi,,,ccff316075fa66f29eb882194ec3c1895538f6757f4b2b05db3b6207c957b5e2,Y,drive1_FRIO-X6/Drive zuri 170823.zip/Drive zuri 170823/0 IMAGEN CONFOCAL/CDH5 JAGGED1/ki67 488 SMA 594/C BLEO/20x-3 tiles.czi,
ACQ-20230612-LSM9-024,B03,drive1_FRIO-X6,Former students\Zuriñe\0 IMAGEN CONFOCAL\CDH5 JAGGED1\ki67 488 SMA 594\C BLEO\40x-2 confo.czi,,,16c94903adf3d226cbaec1c896f1155cf2baeee9d95987d7c0f3633989f7a338,Y,drive1_FRIO-X6/Drive zuri 170823.zip/Drive zuri 170823/0 IMAGEN CONFOCAL/CDH5 JAGGED1/ki67 488 SMA 594/C BLEO/40x-2 confo.czi,
ACQ-20230612-LSM9-025,B03,drive1_FRIO-X6,Former students\Zuriñe\0 IMAGEN CONFOCAL\CDH5 JAGGED1\ki67 488 SMA 594\C BLEO\40x-3 confo.czi,,,70a826242349675a3603c4d87289e3f9157ab036abd3912e32b6539abf206b49,Y,drive1_FRIO-X6/Drive zuri 170823.zip/Drive zuri 170823/0 IMAGEN CONFOCAL/CDH5 JAGGED1/ki67 488 SMA 594/C BLEO/40x-3 confo.czi,
ACQ-20230612-LSM9-026,B03,drive1_FRIO-X6,Former students\Zuriñe\0 IMAGEN CONFOCAL\CDH5 JAGGED1\ki67 488 SMA 594\C PBS\10x-1 tiles.czi,,,24fd62285cc9644ae6540ec59f7eae2ee692e19996840dcdb78aca19c08022d3,Y,drive1_FRIO-X6/Drive zuri 170823.zip/Drive zuri 170823/0 IMAGEN CONFOCAL/CDH5 JAGGED1/ki67 488 SMA 594/C PBS/10x-1 tiles.czi,
ACQ-20230612-LSM9-027,B03,drive1_FRIO-X6,Former students\Zuriñe\0 IMAGEN CONFOCAL\CDH5 JAGGED1\ki67 488 SMA 594\C PBS\20x-1 confo.czi,,,3d83bdec53011ef2ef957267140d0555558bb58af2246ed9cfba89b89bae01ff,Y,drive1_FRIO-X6/Drive zuri 170823.zip/Drive zuri 170823/0 IMAGEN CONFOCAL/CDH5 JAGGED1/ki67 488 SMA 594/C PBS/20x-1 confo.czi,
ACQ-20230612-LSM9-028,B03,drive1_FRIO-X6,Former students\Zuriñe\0 IMAGEN CONFOCAL\CDH5 JAGGED1\ki67 488 SMA 594\C PBS\20x-1 tiles.czi,,,8dd2dac9b43f1416d821cbe56c56127854962a5bee721ff760da41fe59bf9cb1,Y,drive1_FRIO-X6/Drive zuri 170823.zip/Drive zuri 170823/0 IMAGEN CONFOCAL/CDH5 JAGGED1/ki67 488 SMA 594/C PBS/20x-1 tiles.czi,
ACQ-20230612-LSM9-029,B03,drive1_FRIO-X6,Former students\Zuriñe\0 IMAGEN CONFOCAL\CDH5 JAGGED1\ki67 488 SMA 594\C PBS\40x-1 confo.czi,,,ac80aba7b1835d6b0a3c84e2344d9d5b4be18b2fc086f4331ce9bb4d8bbce6bb,Y,drive1_FRIO-X6/Drive zuri 170823.zip/Drive zuri 170823/0 IMAGEN CONFOCAL/CDH5 JAGGED1/ki67 488 SMA 594/C PBS/40x-1 confo.czi,
ACQ-20230612-LSM9-030,B03,drive1_FRIO-X6,Former students\Zuriñe\0 IMAGEN CONFOCAL\CDH5 JAGGED1\ki67 488 SMA 594\C PBS\40x-1 confo].czi,,,90a2a5a4e7a54ac10c00c68d960a7a3601852fd1175f82fefe137e844d616942,Y,drive1_FRIO-X6/Drive zuri 170823.zip/Drive zuri 170823/0 IMAGEN CONFOCAL/CDH5 JAGGED1/ki67 488 SMA 594/C PBS/40x-1 confo].czi,
ACQ-20230612-LSM9-031,B03,drive1_FRIO-X6,Former students\Zuriñe\0 IMAGEN CONFOCAL\CDH5 JAGGED1\ki67 488 SMA 594\EXP BLEO\10x-1 tiles.czi,,,9b73752fe0f5c65a0d3e53d000759592fdccbd84853c89e49e6b29614fc84fab,Y,drive1_FRIO-X6/Drive zuri 170823.zip/Drive zuri 170823/0 IMAGEN CONFOCAL/CDH5 JAGGED1/ki67 488 SMA 594/EXP BLEO/10x-1 tiles.czi,
ACQ-20230612-LSM9-032,B03,drive1_FRIO-X6,Former students\Zuriñe\0 IMAGEN CONFOCAL\CDH5 JAGGED1\ki67 488 SMA 594\EXP BLEO\20x-1 confo.czi,,,b6912b0b0d6dd3bc746087f6eb8a1fa777f2c0add636d9fc525095b9f18df913,Y,drive1_FRIO-X6/Drive zuri 170823.zip/Drive zuri 170823/0 IMAGEN CONFOCAL/CDH5 JAGGED1/ki67 488 SMA 594/EXP BLEO/20x-1 confo.czi,
ACQ-20230612-LSM9-033,B03,drive1_FRIO-X6,Former students\Zuriñe\0 IMAGEN CONFOCAL\CDH5 JAGGED1\ki67 488 SMA 594\EXP BLEO\20x-1 tiles.czi,,,8dc9e671787c6197043b5aab0021995d9fb65511a0d59e9b2ed1ff8943c58dbe,Y,drive1_FRIO-X6/Drive zuri 170823.zip/Drive zuri 170823/0 IMAGEN CONFOCAL/CDH5 JAGGED1/ki67 488 SMA 594/EXP BLEO/20x-1 tiles.czi,
ACQ-20230612-LSM9-034,B03,drive1_FRIO-X6,Former students\Zuriñe\0 IMAGEN CONFOCAL\CDH5 JAGGED1\ki67 488 SMA 594\EXP BLEO\40x-1 confo.czi,,,1ba953a4937da88c6d0107d364d1634bf0e6ca798c970bee9c26ae2d42251988,Y,drive1_FRIO-X6/Drive zuri 170823.zip/Drive zuri 170823/0 IMAGEN CONFOCAL/CDH5 JAGGED1/ki67 488 SMA 594/EXP BLEO/40x-1 confo.czi,
ACQ-20230612-LSM9-035,B03,drive1_FRIO-X6,Former students\Zuriñe\0 IMAGEN CONFOCAL\CDH5 JAGGED1\ki67 488 SMA 594\EXP PBS\10x-1 tiles.czi,,,7746702d77b906da7fa6684ab6588c136202b49f18e1f3c41d89fe31c33651d6,Y,drive1_FRIO-X6/Drive zuri 170823.zip/Drive zuri 170823/0 IMAGEN CONFOCAL/CDH5 JAGGED1/ki67 488 SMA 594/EXP PBS/10x-1 tiles.czi,
ACQ-20230612-LSM9-036,B03,drive1_FRIO-X6,Former students\Zuriñe\0 IMAGEN CONFOCAL\CDH5 JAGGED1\ki67 488 SMA 594\EXP PBS\20x-1 confo.czi,,,16cb7bc996fe12b79ff94dcf3689712da7a994bb49b6e1780f100c99529a00f8,Y,drive1_FRIO-X6/Drive zuri 170823.zip/Drive zuri 170823/0 IMAGEN CONFOCAL/CDH5 JAGGED1/ki67 488 SMA 594/EXP PBS/20x-1 confo.czi,
ACQ-20230612-LSM9-037,B03,drive1_FRIO-X6,Former students\Zuriñe\0 IMAGEN CONFOCAL\CDH5 JAGGED1\ki67 488 SMA 594\EXP PBS\20x-1 tiles.czi,,,d3871ffc47d24d4b0f339698b5ba5a61e9a2fa4a1f4d45787f54dc16dd2e85dd,Y,drive1_FRIO-X6/Drive zuri 170823.zip/Drive zuri 170823/0 IMAGEN CONFOCAL/CDH5 JAGGED1/ki67 488 SMA 594/EXP PBS/20x-1 tiles.czi,
ACQ-20230612-LSM9-038,B03,drive1_FRIO-X6,Former students\Zuriñe\0 IMAGEN CONFOCAL\CDH5 JAGGED1\ki67 488 SMA 594\EXP PBS\40x-1 confo.czi,,,94d2d29778b303351dd03f6268373ed23f6ea069233ea9628705057b9c0ede74,Y,drive1_FRIO-X6/Drive zuri 170823.zip/Drive zuri 170823/0 IMAGEN CONFOCAL/CDH5 JAGGED1/ki67 488 SMA 594/EXP PBS/40x-1 confo.czi,
ACQ-20230613-LSM9-001,B03,drive1_FRIO-X6,Former students\Zuriñe\0 IMAGEN CONFOCAL\CDH5 JAGGED1\SM22alfa 647\C BLEO\10x-1 tiles.czi,,,4531fe1cc9f6b5feb06d0f6b042e0538a06b0fbe6bb84baadb858ab19cb2f91a,Y,drive1_FRIO-X6/Drive zuri 170823.zip/Drive zuri 170823/0 IMAGEN CONFOCAL/CDH5 JAGGED1/SM22alfa 647/C BLEO/10x-1 tiles.czi,
ACQ-20230613-LSM9-002,B03,drive1_FRIO-X6,Former students\Zuriñe\0 IMAGEN CONFOCAL\CDH5 JAGGED1\SM22alfa 647\C BLEO\20x-1 confo.czi,,,e74791832183edc706d917dceb73989730bd703295b1fcde540fdb0f5dd77fc2,Y,drive1_FRIO-X6/Drive zuri 170823.zip/Drive zuri 170823/0 IMAGEN CONFOCAL/CDH5 JAGGED1/SM22alfa 647/C BLEO/20x-1 confo.czi,
ACQ-20230613-LSM9-003,B03,drive1_FRIO-X6,Former students\Zuriñe\0 IMAGEN CONFOCAL\CDH5 JAGGED1\SM22alfa 647\C BLEO\20x-1 tiles.czi,,,f62492be6605ef7c9bfba01cf8ef3c7fd349f1f88dcba6fb332b690644ef17c8,Y,drive1_FRIO-X6/Drive zuri 170823.zip/Drive zuri 170823/0 IMAGEN CONFOCAL/CDH5 JAGGED1/SM22alfa 647/C BLEO/20x-1 tiles.czi,
ACQ-20230613-LSM9-004,B03,drive1_FRIO-X6,Former students\Zuriñe\0 IMAGEN CONFOCAL\CDH5 JAGGED1\SM22alfa 647\C BLEO\40x-1 confo.czi,,,f74313e9fedad279764103f9b4a2263fbbb0fcb2c802b11e9f82a5c21933b2f2,Y,drive1_FRIO-X6/Drive zuri 170823.zip/Drive zuri 170823/0 IMAGEN CONFOCAL/CDH5 JAGGED1/SM22alfa 647/C BLEO/40x-1 confo.czi,
ACQ-20230613-LSM9-005,B03,drive1_FRIO-X6,Former students\Zuriñe\0 IMAGEN CONFOCAL\CDH5 JAGGED1\SM22alfa 647\C PBS\10x-1 tiles.czi,,,60e86a9ae252a89c043360527ca3c59272f830faf9fe9b2f72c3b070a2f3f5fa,Y,drive1_FRIO-X6/Drive zuri 170823.zip/Drive zuri 170823/0 IMAGEN CONFOCAL/CDH5 JAGGED1/SM22alfa 647/C PBS/10x-1 tiles.czi,
ACQ-20230613-LSM9-006,B03,drive1_FRIO-X6,Former students\Zuriñe\0 IMAGEN CONFOCAL\CDH5 JAGGED1\SM22alfa 647\C PBS\20x-1 confo.czi,,,2800bdcb6b0698f23613d711f1f3609bec3c3cdac215c49e8e746ecfadcfe0b0,Y,drive1_FRIO-X6/Drive zuri 170823.zip/Drive zuri 170823/0 IMAGEN CONFOCAL/CDH5 JAGGED1/SM22alfa 647/C PBS/20x-1 confo.czi,
ACQ-20230613-LSM9-007,B03,drive1_FRIO-X6,Former students\Zuriñe\0 IMAGEN CONFOCAL\CDH5 JAGGED1\SM22alfa 647\C PBS\20x-1 tiles.czi,,,d5ad77f7f7fa4f46f41ea47791b626f081a2c72e96180eae759321d1ad03989b,Y,drive1_FRIO-X6/Drive zuri 170823.zip/Drive zuri 170823/0 IMAGEN CONFOCAL/CDH5 JAGGED1/SM22alfa 647/C PBS/20x-1 tiles.czi,
ACQ-20230613-LSM9-008,B03,drive1_FRIO-X6,Former students\Zuriñe\0 IMAGEN CONFOCAL\CDH5 JAGGED1\SM22alfa 647\C PBS\40x-1 confo.czi,,,a17bdf54480e9521daa5255022a552b3188cc284fe12e0366c3aaec45a35c036,Y,drive1_FRIO-X6/Drive zuri 170823.zip/Drive zuri 170823/0 IMAGEN CONFOCAL/CDH5 JAGGED1/SM22alfa 647/C PBS/40x-1 confo.czi,
ACQ-20230613-LSM9-009,B03,drive1_FRIO-X6,Former students\Zuriñe\0 IMAGEN CONFOCAL\CDH5 JAGGED1\SM22alfa 647\EXP BLEO\10x-1 tiles.czi,,,4ee8dfdf2c537b83b4450f92b9656d8366918ec4799155cf0ef10d7b7a5ea59a,Y,drive1_FRIO-X6/Drive zuri 170823.zip/Drive zuri 170823/0 IMAGEN CONFOCAL/CDH5 JAGGED1/SM22alfa 647/EXP BLEO/10x-1 tiles.czi,
ACQ-20230613-LSM9-010,B03,drive1_FRIO-X6,Former students\Zuriñe\0 IMAGEN CONFOCAL\CDH5 JAGGED1\SM22alfa 647\EXP BLEO\20x-1 confo.czi,,,e215d86af16d08b2a1f677a08ed160f66820329c1be99baca364b4fbc3ff934b,Y,drive1_FRIO-X6/Drive zuri 170823.zip/Drive zuri 170823/0 IMAGEN CONFOCAL/CDH5 JAGGED1/SM22alfa 647/EXP BLEO/20x-1 confo.czi,
ACQ-20230613-LSM9-011,B03,drive1_FRIO-X6,Former students\Zuriñe\0 IMAGEN CONFOCAL\CDH5 JAGGED1\SM22alfa 647\EXP BLEO\20x-1 tilesd.czi,,,1f2543c78076fe3a3d419ce5ec097562956080c055c547569d7a9542324bfdb6,Y,drive1_FRIO-X6/Drive zuri 170823.zip/Drive zuri 170823/0 IMAGEN CONFOCAL/CDH5 JAGGED1/SM22alfa 647/EXP BLEO/20x-1 tilesd.czi,
ACQ-20230613-LSM9-012,B03,drive1_FRIO-X6,Former students\Zuriñe\0 IMAGEN CONFOCAL\CDH5 JAGGED1\SM22alfa 647\EXP BLEO\40x-1 confo.czi,,,278bce52b53acae24d4bb4018c1d746d6f3fd218f720634b8f6e06656ce1b96c,Y,drive1_FRIO-X6/Drive zuri 170823.zip/Drive zuri 170823/0 IMAGEN CONFOCAL/CDH5 JAGGED1/SM22alfa 647/EXP BLEO/40x-1 confo.czi,
ACQ-20230613-LSM9-013,B03,drive1_FRIO-X6,Former students\Zuriñe\0 IMAGEN CONFOCAL\CDH5 JAGGED1\SM22alfa 647\EXP PBS\10x-1 tiles.czi,,,d5f553e928f8c9d6055f3654fdf7a944530ff616093d4e662bcb3eec0280c9d8,Y,drive1_FRIO-X6/Drive zuri 170823.zip/Drive zuri 170823/0 IMAGEN CONFOCAL/CDH5 JAGGED1/SM22alfa 647/EXP PBS/10x-1 tiles.czi,
ACQ-20230613-LSM9-014,B03,drive1_FRIO-X6,Former students\Zuriñe\0 IMAGEN CONFOCAL\CDH5 JAGGED1\SM22alfa 647\EXP PBS\20x-1 confo.czi,,,eaad1579acd139b155d442cb8298ad34a3fcdd9ed4262eb88e260067541ac2bc,Y,drive1_FRIO-X6/Drive zuri 170823.zip/Drive zuri 170823/0 IMAGEN CONFOCAL/CDH5 JAGGED1/SM22alfa 647/EXP PBS/20x-1 confo.czi,
ACQ-20230613-LSM9-015,B03,drive1_FRIO-X6,Former students\Zuriñe\0 IMAGEN CONFOCAL\CDH5 JAGGED1\SM22alfa 647\EXP PBS\20x-1 tiles.czi,,,cf8a236436caaf39879dc6f3606c78d49e9fb7acbd4678a9b710f42d84bab25b,Y,drive1_FRIO-X6/Drive zuri 170823.zip/Drive zuri 170823/0 IMAGEN CONFOCAL/CDH5 JAGGED1/SM22alfa 647/EXP PBS/20x-1 tiles.czi,
ACQ-20230613-LSM9-016,B03,drive1_FRIO-X6,Former students\Zuriñe\0 IMAGEN CONFOCAL\CDH5 JAGGED1\SM22alfa 647\EXP PBS\40x-1 confo.czi,,,8bbf016380fa4036a2cdf1ba16666d13bcbf56b369b00b0312825521872c4b49,Y,drive1_FRIO-X6/Drive zuri 170823.zip/Drive zuri 170823/0 IMAGEN CONFOCAL/CDH5 JAGGED1/SM22alfa 647/EXP PBS/40x-1 confo.czi,
ACQ-20230613-LSM9-017,B03,drive1_FRIO-X6,Former students\Zuriñe\0 IMAGEN CONFOCAL\CDH5 JAGGED1\cd45 594 SMA 488\C BLEO\10x-1 tiles.czi,,,78ef92adb9327d922f7e8778517fac39aa1bd14c9f5e2c22789eec3b014333a4,Y,drive1_FRIO-X6/Drive zuri 170823.zip/Drive zuri 170823/0 IMAGEN CONFOCAL/CDH5 JAGGED1/cd45 594 SMA 488/C BLEO/10x-1 tiles.czi,
ACQ-20230613-LSM9-018,B03,drive1_FRIO-X6,Former students\Zuriñe\0 IMAGEN CONFOCAL\CDH5 JAGGED1\cd45 594 SMA 488\C BLEO\20x-1 confo.czi,,,0acea712a7783a41944a4886cd327ad0e8fbe7efc5bfd583a38a9413d4d5e7ca,Y,drive1_FRIO-X6/Drive zuri 170823.zip/Drive zuri 170823/0 IMAGEN CONFOCAL/CDH5 JAGGED1/cd45 594 SMA 488/C BLEO/20x-1 confo.czi,
ACQ-20230613-LSM9-019,B03,drive1_FRIO-X6,Former students\Zuriñe\0 IMAGEN CONFOCAL\CDH5 JAGGED1\cd45 594 SMA 488\C BLEO\20x-1 tiles.czi,,,33d70b1e98865b09df60f4cf09a89bb370b1178a134b9bf6c2fd7ca9386b8f23,Y,drive1_FRIO-X6/Drive zuri 170823.zip/Drive zuri 170823/0 IMAGEN CONFOCAL/CDH5 JAGGED1/cd45 594 SMA 488/C BLEO/20x-1 tiles.czi,
ACQ-20230613-LSM9-020,B03,drive1_FRIO-X6,Former students\Zuriñe\0 IMAGEN CONFOCAL\CDH5 JAGGED1\cd45 594 SMA 488\C BLEO\40x-1 confo.czi,,,64c075611eeddd7a0b81ccba19556c99b7a2c11b3138c0d344208674656af5a9,Y,drive1_FRIO-X6/Drive zuri 170823.zip/Drive zuri 170823/0 IMAGEN CONFOCAL/CDH5 JAGGED1/cd45 594 SMA 488/C BLEO/40x-1 confo.czi,
ACQ-20230613-LSM9-021,B03,drive1_FRIO-X6,Former students\Zuriñe\0 IMAGEN CONFOCAL\CDH5 JAGGED1\cd45 594 SMA 488\C PBS\10x-1 tiles de verdad.czi,,,26cb67efba39af1cb039aaa9be70f6b31ef86d4d02d263c0a1bf99498ce47ce9,Y,drive1_FRIO-X6/Drive zuri 170823.zip/Drive zuri 170823/0 IMAGEN CONFOCAL/CDH5 JAGGED1/cd45 594 SMA 488/C PBS/10x-1 tiles de verdad.czi,
ACQ-20230613-LSM9-022,B03,drive1_FRIO-X6,Former students\Zuriñe\0 IMAGEN CONFOCAL\CDH5 JAGGED1\cd45 594 SMA 488\C PBS\10x-1 tiles.czi,,,ceb6344829d24ef0c12f33c9c2f9348cf7b2a955678c56c22e6b39590369fb2e,Y,drive1_FRIO-X6/Drive zuri 170823.zip/Drive zuri 170823/0 IMAGEN CONFOCAL/CDH5 JAGGED1/cd45 594 SMA 488/C PBS/10x-1 tiles.czi;drive1_FRIO-X6/Former students/Zuriñe/0 IMAGEN CONFOCAL/CDH5 JAGGED1/cd45 594 SMA 488/EXP BLEO DE VERDAD/10x-1 tiles.czi;drive1_FRIO-X6/Drive zuri 170823.zip/Drive zuri 170823/0 IMAGEN CONFOCAL/CDH5 JAGGED1/cd45 594 SMA 488/EXP BLEO DE VERDAD/10x-1 tiles.czi,
ACQ-20230613-LSM9-023,B03,drive1_FRIO-X6,Former students\Zuriñe\0 IMAGEN CONFOCAL\CDH5 JAGGED1\cd45 594 SMA 488\C PBS\20x-1 confo.czi,,,acbadb5edbd59eab344feb3af2481f1dd024fd05a4facb3769d97f4347f456cc,Y,drive1_FRIO-X6/Drive zuri 170823.zip/Drive zuri 170823/0 IMAGEN CONFOCAL/CDH5 JAGGED1/cd45 594 SMA 488/C PBS/20x-1 confo.czi,
ACQ-20230613-LSM9-024,B03,drive1_FRIO-X6,Former students\Zuriñe\0 IMAGEN CONFOCAL\CDH5 JAGGED1\cd45 594 SMA 488\C PBS\20x-1 tiles.czi,,,da343f530b9fd63d20c396f4b8bc95697600fc9607bb587a8665bbb35e1849fa,Y,drive1_FRIO-X6/Drive zuri 170823.zip/Drive zuri 170823/0 IMAGEN CONFOCAL/CDH5 JAGGED1/cd45 594 SMA 488/C PBS/20x-1 tiles.czi,
ACQ-20230613-LSM9-025,B03,drive1_FRIO-X6,Former students\Zuriñe\0 IMAGEN CONFOCAL\CDH5 JAGGED1\cd45 594 SMA 488\C PBS\40x-1 confo dapi.czi,,,f86bb15ed3b22524cded6c384d7a400d520ca49132825b20031d55d36e795620,Y,drive1_FRIO-X6/Drive zuri 170823.zip/Drive zuri 170823/0 IMAGEN CONFOCAL/CDH5 JAGGED1/cd45 594 SMA 488/C PBS/40x-1 confo dapi.czi,
ACQ-20230613-LSM9-026,B03,drive1_FRIO-X6,Former students\Zuriñe\0 IMAGEN CONFOCAL\CDH5 JAGGED1\cd45 594 SMA 488\C PBS\40x-1 confo.czi,,,ff037dc1d3684fe347309dd5c6c3cd54d7065fb9f9f829b4aaf4dcdd97365403,Y,drive1_FRIO-X6/Drive zuri 170823.zip/Drive zuri 170823/0 IMAGEN CONFOCAL/CDH5 JAGGED1/cd45 594 SMA 488/C PBS/40x-1 confo.czi,
ACQ-20230613-LSM9-027,B03,drive1_FRIO-X6,Former students\Zuriñe\0 IMAGEN CONFOCAL\CDH5 JAGGED1\cd45 594 SMA 488\EXP BLEO DE VERDAD\20x-1 confo.czi,,,ef27a74c5408fd204e3caf97418e36d99a739ae486c0290cbd9eac2ed4169907,Y,drive1_FRIO-X6/Drive zuri 170823.zip/Drive zuri 170823/0 IMAGEN CONFOCAL/CDH5 JAGGED1/cd45 594 SMA 488/EXP BLEO DE VERDAD/20x-1 confo.czi,
ACQ-20230613-LSM9-028,B03,drive1_FRIO-X6,Former students\Zuriñe\0 IMAGEN CONFOCAL\CDH5 JAGGED1\cd45 594 SMA 488\EXP BLEO DE VERDAD\20x-1 tiles.czi,,,1313f59ed65ee89f0a12c103487b4d502596a29d54d1e510d7c4e7e31a9799f0,Y,drive1_FRIO-X6/Drive zuri 170823.zip/Drive zuri 170823/0 IMAGEN CONFOCAL/CDH5 JAGGED1/cd45 594 SMA 488/EXP BLEO DE VERDAD/20x-1 tiles.czi,
ACQ-20230613-LSM9-029,B03,drive1_FRIO-X6,Former students\Zuriñe\0 IMAGEN CONFOCAL\CDH5 JAGGED1\cd45 594 SMA 488\EXP BLEO DE VERDAD\40x-1 confo.czi,,,bb1e246b2bc69ea146a9a6508070a81dae6f68ccd3271e8378a7ae8c5ecc2b42,Y,drive1_FRIO-X6/Drive zuri 170823.zip/Drive zuri 170823/0 IMAGEN CONFOCAL/CDH5 JAGGED1/cd45 594 SMA 488/EXP BLEO DE VERDAD/40x-1 confo.czi,
ACQ-20230620-CELL-001,B05,drive1_FRIO-X6,Cell observer\Maria Jesus\230620-TOM20-MTCOI-0522\ID202_10x.czi,,,62cb60ef477a25c3bc6ccf59be06dc0b976e808f37efc08c6eba8e5960659a44,Y,drive1_FRIO-X6/Cell observer/Maria Jesus/MJS_IF/230620-TOM20-MTCOI/ID202_10x.czi,
ACQ-20230620-CELL-002,B05,drive1_FRIO-X6,Cell observer\Maria Jesus\230620-TOM20-MTCOI-0522\ID202_Negative Control.czi,,,be045481186d4377409170817d24998f13c80eb78f4aa34321d7a69b75c644e9,Y,drive1_FRIO-X6/Cell observer/Maria Jesus/MJS_IF/230620-TOM20-MTCOI/ID202_Negative Control.czi,
ACQ-20230620-CELL-003,B05,drive1_FRIO-X6,Cell observer\Maria Jesus\230620-TOM20-MTCOI-0522\ID202_Snap.czi,,,fbf6a3c22aed061cac6501fbbcba486b1464120c9629437b0b855deb01179528,Y,drive1_FRIO-X6/Cell observer/Maria Jesus/MJS_IF/230620-TOM20-MTCOI/ID202_Snap.czi,
ACQ-20230620-CELL-004,B05,drive1_FRIO-X6,Cell observer\Maria Jesus\230620-TOM20-MTCOI-0522\ID203_10x.czi,,,abb6c438a21977399c48c6d46aa2b8f482cbffdb52ab9e8f20d41c19c1187915,Y,drive1_FRIO-X6/Cell observer/Maria Jesus/MJS_IF/230620-TOM20-MTCOI/ID203_10x.czi,
ACQ-20230620-CELL-005,B05,drive1_FRIO-X6,Cell observer\Maria Jesus\230620-TOM20-MTCOI-0522\ID203_Negative Control.czi,,,65282e3461ce12560af30dc359357d2f2cbaaa2fe7440bc2d0753713d933bbf8,Y,drive1_FRIO-X6/Cell observer/Maria Jesus/MJS_IF/230620-TOM20-MTCOI/ID203_Negative Control.czi,
ACQ-20230620-CELL-006,B05,drive1_FRIO-X6,Cell observer\Maria Jesus\230620-TOM20-MTCOI-0522\ID203_Snap.czi,,,f11adda76cc87fe1bae9e78e9e5acc6a0d795a6a3b1ab9388ccc31337cde6f2a,Y,drive1_FRIO-X6/Cell observer/Maria Jesus/MJS_IF/230620-TOM20-MTCOI/ID203_Snap.czi,
ACQ-20230620-CELL-007,B05,drive1_FRIO-X6,Cell observer\Maria Jesus\230620-TOM20-MTCOI-0522\ID204_10x.czi,,,7f2e8ae4f7cc0036cea79d961792d0f9d3bc4f4203421b2c605349cae0571e57,Y,drive1_FRIO-X6/Cell observer/Maria Jesus/MJS_IF/230620-TOM20-MTCOI/ID204_10x.czi,
ACQ-20230620-CELL-008,B05,drive1_FRIO-X6,Cell observer\Maria Jesus\230620-TOM20-MTCOI-0522\ID204_Negative Control.czi,,,935c3c8c5fb0d294f39e87a0e9faba1762c8f08fdc4fd2aad827fa08a4880c41,Y,drive1_FRIO-X6/Cell observer/Maria Jesus/MJS_IF/230620-TOM20-MTCOI/ID204_Negative Control.czi,
ACQ-20230620-CELL-009,B05,drive1_FRIO-X6,Cell observer\Maria Jesus\230620-TOM20-MTCOI-0522\ID204_Snap.czi,,,6900b9bb243384fae69a29187d462d1bad23ce1f9ee0ef0552ff4aec0d0fd9b0,Y,drive1_FRIO-X6/Cell observer/Maria Jesus/MJS_IF/230620-TOM20-MTCOI/ID204_Snap.czi,
ACQ-20230620-CELL-010,B05,drive1_FRIO-X6,Cell observer\Maria Jesus\230620-TOM20-MTCOI-0522\ID207_10x.czi,,,a712670568eee7131a34e52bad9d0ed58e57141b5bea264eb397f7946d7ebcb5,Y,drive1_FRIO-X6/Cell observer/Maria Jesus/MJS_IF/230620-TOM20-MTCOI/ID207_10x.czi,
ACQ-20230620-CELL-011,B05,drive1_FRIO-X6,Cell observer\Maria Jesus\230620-TOM20-MTCOI-0522\ID207_Snap.czi,,,24e55848475c78bc938c3a4ac7f3cb148e6a5bc832ef53dddb690bf7e88dbbcd,Y,drive1_FRIO-X6/Cell observer/Maria Jesus/MJS_IF/230620-TOM20-MTCOI/ID207_Snap.czi,
ACQ-20230620-CELL-012,B05,drive1_FRIO-X6,Cell observer\Maria Jesus\230620-TOM20-MTCOI-0522\ID208_10x.czi,,,8eb847f3fde8a6aef0e8c7955b28fe6d458dd23cdb6f1400a0ad93aa334ffd21,Y,drive1_FRIO-X6/Cell observer/Maria Jesus/MJS_IF/230620-TOM20-MTCOI/ID208_10x.czi,
ACQ-20230620-CELL-013,B05,drive1_FRIO-X6,Cell observer\Maria Jesus\230620-TOM20-MTCOI-0522\ID208_Negative Control.czi,,,608bdaec1b77b7410fc804e2bcdf4dbe11256a9e4f5693ec61d2f28ca8819928,Y,drive1_FRIO-X6/Cell observer/Maria Jesus/MJS_IF/230620-TOM20-MTCOI/ID208_Negative Control.czi,
ACQ-20230620-CELL-014,B05,drive1_FRIO-X6,Cell observer\Maria Jesus\230620-TOM20-MTCOI-0522\ID208_Snap.czi,,,aa5748ae5214571330377798d5a585cd2c5a98640d2d58ebc743071473567d99,Y,drive1_FRIO-X6/Cell observer/Maria Jesus/MJS_IF/230620-TOM20-MTCOI/ID208_Snap.czi,
ACQ-20230620-CELL-015,B05,drive1_FRIO-X6,Cell observer\Maria Jesus\230620-TOM20-MTCOI-0522\ID209_Snap.czi,,,467a00939e2f42a17dda97667c5af135de6d8c39843e3b0d34228926ddc17a14,Y,drive1_FRIO-X6/Cell observer/Maria Jesus/MJS_IF/230620-TOM20-MTCOI/ID209_Snap.czi,
ACQ-20230622-CELL-001,B05,drive1_FRIO-X6,Cell observer\Maria Jesus\230620-TOM20-MTCOI-0522\ID209_10x.czi,,,5e5b8285ba54874a893e525dbc2c990a147586655f2d4d5bb8bd879b55050ea6,Y,drive1_FRIO-X6/Cell observer/Maria Jesus/MJS_IF/230620-TOM20-MTCOI/ID209_10x.czi,
ACQ-20230622-CELL-002,B05,drive1_FRIO-X6,Cell observer\Maria Jesus\230620-TOM20-MTCOI-0522\ID209_10x_2.czi,,,b9c5f65fda16cbfc2980650debb48f84d055cdf7d2e150870ceaafec3e71d78a,Y,drive1_FRIO-X6/Cell observer/Maria Jesus/MJS_IF/230620-TOM20-MTCOI/ID209_10x_2.czi,
ACQ-20230622-CELL-003,B05,drive1_FRIO-X6,Cell observer\Maria Jesus\230620-TOM20-MTCOI-0522\ID209_Negative Control.czi,,,c9a1a79f4adf37e680477bcc302dea83ddb23315763746d2d27e123ba8ad7020,Y,drive1_FRIO-X6/Cell observer/Maria Jesus/MJS_IF/230620-TOM20-MTCOI/ID209_Negative Control.czi,
ACQ-20230623-CELL-001,B05,drive2_MFB-Disco-2,2025-10-02 - Toshiba EXT (Backup)\Proyectos_Laboratorio_Laura\LP+IONP\Histologias\Kidney-HE-scale.czi,,,a71cf78bf21c89f37509bdcf12b083030cb7591a14e8e3fafeb85f01d8331024,Y,,
ACQ-20230623-CELL-002,B05,drive2_MFB-Disco-2,2025-10-02 - Toshiba EXT (Backup)\Proyectos_Laboratorio_Laura\LP+IONP\Histologias\Kidney-HE.czi,,,a183eaa01be2c14ada9a24cb149915825605470544666182d8b6c685fa00bc71,Y,,
ACQ-20230623-CELL-003,B05,drive2_MFB-Disco-2,2025-10-02 - Toshiba EXT (Backup)\Proyectos_Laboratorio_Laura\LP+IONP\Histologias\Liver-HE-scale.czi,,,15cb20a67177edfb882c298092bdc9d10737cd187029d1beb083fa36318106b7,Y,,
ACQ-20230623-CELL-004,B05,drive2_MFB-Disco-2,2025-10-02 - Toshiba EXT (Backup)\Proyectos_Laboratorio_Laura\LP+IONP\Histologias\Raw-images\Liver-scale-HE.czi,,,17057c34f535f9dc9cf4dc94fd3d2d4919e11af6f1eaf0ce2e2efc2513aa491a,Y,,
ACQ-20230623-CELL-005,B05,drive2_MFB-Disco-2,2025-10-02 - Toshiba EXT (Backup)\Proyectos_Laboratorio_Laura\LP+IONP\Histologias\Untitled5.czi,,,1265e4de57242888709e686c6fbc46488bda735c75b2de09a7bcfbeda601787e,Y,,
ACQ-20230623-LSM9-001,B03,drive1_FRIO-X6,Former students\Zuriñe\0 IMAGEN CONFOCAL\CDH5 JAGGED1\DESMIN 488 SMA 647 DAPI\EXP BLEO\10x-1 tiles.czi,,,4ad2e764608353fb294bfbaa88605d3e2f2089101ff98b6b1c0339536865c712,Y,drive1_FRIO-X6/Drive zuri 170823.zip/Drive zuri 170823/0 IMAGEN CONFOCAL/CDH5 JAGGED1/DESMIN 488 SMA 647 DAPI/EXP BLEO/10x-1 tiles.czi,
ACQ-20230623-LSM9-002,B03,drive1_FRIO-X6,Former students\Zuriñe\0 IMAGEN CONFOCAL\CDH5 JAGGED1\DESMIN 488 SMA 647 DAPI\EXP BLEO\10x-2 tiles.czi,,,ccea9b5fd8ca8692702ad16cb0208ed49d4d5915ea9a2c331149e48457ba4733,Y,drive1_FRIO-X6/Drive zuri 170823.zip/Drive zuri 170823/0 IMAGEN CONFOCAL/CDH5 JAGGED1/DESMIN 488 SMA 647 DAPI/EXP BLEO/10x-2 tiles.czi,
ACQ-20230623-LSM9-003,B03,drive1_FRIO-X6,Former students\Zuriñe\0 IMAGEN CONFOCAL\CDH5 JAGGED1\DESMIN 488 SMA 647 DAPI\EXP BLEO\10x-3 tiles.czi,,,6dcc6e7f5e470c16cce713912df9dd0dba3a1204ca0c38309396364773170b55,Y,drive1_FRIO-X6/Drive zuri 170823.zip/Drive zuri 170823/0 IMAGEN CONFOCAL/CDH5 JAGGED1/DESMIN 488 SMA 647 DAPI/EXP BLEO/10x-3 tiles.czi,
ACQ-20230623-LSM9-004,B03,drive1_FRIO-X6,Former students\Zuriñe\0 IMAGEN CONFOCAL\CDH5 JAGGED1\DESMIN 488 SMA 647 DAPI\EXP BLEO\20x-1 confo.czi,,,8eb697d7e563804c086d8f6d37fc3e408328854f21e2340c650116d2f0506efe,Y,drive1_FRIO-X6/Drive zuri 170823.zip/Drive zuri 170823/0 IMAGEN CONFOCAL/CDH5 JAGGED1/DESMIN 488 SMA 647 DAPI/EXP BLEO/20x-1 confo.czi,
ACQ-20230623-LSM9-005,B03,drive1_FRIO-X6,Former students\Zuriñe\0 IMAGEN CONFOCAL\CDH5 JAGGED1\DESMIN 488 SMA 647 DAPI\EXP BLEO\20x-1 tiles.czi,,,1c81e1c6b30d28ed5e97d9b559eece8fb0dec27a1dec1cee1b75c47f33e8fdd2,Y,drive1_FRIO-X6/Drive zuri 170823.zip/Drive zuri 170823/0 IMAGEN CONFOCAL/CDH5 JAGGED1/DESMIN 488 SMA 647 DAPI/EXP BLEO/20x-1 tiles.czi,
ACQ-20230623-LSM9-006,B03,drive1_FRIO-X6,Former students\Zuriñe\0 IMAGEN CONFOCAL\CDH5 JAGGED1\DESMIN 488 SMA 647 DAPI\EXP BLEO\20x-3 confo.czi,,,b6e0e4d4ca06eb812ac1e1e9702c938f2870fe5d9d008bc5b77b1651799d6dc9,Y,drive1_FRIO-X6/Drive zuri 170823.zip/Drive zuri 170823/0 IMAGEN CONFOCAL/CDH5 JAGGED1/DESMIN 488 SMA 647 DAPI/EXP BLEO/20x-3 confo.czi,
ACQ-20230623-LSM9-007,B03,drive1_FRIO-X6,Former students\Zuriñe\0 IMAGEN CONFOCAL\CDH5 JAGGED1\DESMIN 488 SMA 647 DAPI\EXP BLEO\20x-3 tiles.czi,,,0470f6ef1bf9a956f1ac7e7ca769c79996870ff4f7197bdf54554edd079d55cd,Y,drive1_FRIO-X6/Drive zuri 170823.zip/Drive zuri 170823/0 IMAGEN CONFOCAL/CDH5 JAGGED1/DESMIN 488 SMA 647 DAPI/EXP BLEO/20x-3 tiles.czi,
ACQ-20230623-LSM9-008,B03,drive1_FRIO-X6,Former students\Zuriñe\0 IMAGEN CONFOCAL\CDH5 JAGGED1\DESMIN 488 SMA 647 DAPI\EXP BLEO\401x-1 confo.czi,,,16f62f16f43d45086fc25843252e1bf06225addaf818dc1e4ebe65f7035d73c7,Y,drive1_FRIO-X6/Drive zuri 170823.zip/Drive zuri 170823/0 IMAGEN CONFOCAL/CDH5 JAGGED1/DESMIN 488 SMA 647 DAPI/EXP BLEO/401x-1 confo.czi,
ACQ-20230626-LSM9-001,B03,drive1_FRIO-X6,Former students\Zuriñe\0 IMAGEN CONFOCAL\CDH5 JAGGED1\DESMIN 488 SMA 647 DAPI\C BLEO\10x- tiles.czi,,,84fd79682d3d1972658d00be4fe10efcd7c34c49dfa8cac55aeb07725dc0cbff,Y,drive1_FRIO-X6/Drive zuri 170823.zip/Drive zuri 170823/0 IMAGEN CONFOCAL/CDH5 JAGGED1/DESMIN 488 SMA 647 DAPI/C BLEO/10x- tiles.czi,
ACQ-20230626-LSM9-002,B03,drive1_FRIO-X6,Former students\Zuriñe\0 IMAGEN CONFOCAL\CDH5 JAGGED1\DESMIN 488 SMA 647 DAPI\C BLEO\20x-1 confo.czi,,,ff819dd2801554aff69d04b30f7760e8729f09a93d0a228371f1f1bba1517b4f,Y,drive1_FRIO-X6/Drive zuri 170823.zip/Drive zuri 170823/0 IMAGEN CONFOCAL/CDH5 JAGGED1/DESMIN 488 SMA 647 DAPI/C BLEO/20x-1 confo.czi,
ACQ-20230626-LSM9-003,B03,drive1_FRIO-X6,Former students\Zuriñe\0 IMAGEN CONFOCAL\CDH5 JAGGED1\DESMIN 488 SMA 647 DAPI\C BLEO\20x-1 tiles.czi,,,e3d53ad21f472813d70341f79b715d1f8b13b340a86ef51d1ab9984775865bcc,Y,drive1_FRIO-X6/Drive zuri 170823.zip/Drive zuri 170823/0 IMAGEN CONFOCAL/CDH5 JAGGED1/DESMIN 488 SMA 647 DAPI/C BLEO/20x-1 tiles.czi,
ACQ-20230626-LSM9-004,B03,drive1_FRIO-X6,Former students\Zuriñe\0 IMAGEN CONFOCAL\CDH5 JAGGED1\DESMIN 488 SMA 647 DAPI\C BLEO\40x-1 confo.czi,,,20c61d3a67a010aa08635a44bed8e0d223932140de5b9ce1af8f9d7b34bcc429,Y,drive1_FRIO-X6/Drive zuri 170823.zip/Drive zuri 170823/0 IMAGEN CONFOCAL/CDH5 JAGGED1/DESMIN 488 SMA 647 DAPI/C BLEO/40x-1 confo.czi,
ACQ-20230626-LSM9-005,B03,drive1_FRIO-X6,Former students\Zuriñe\0 IMAGEN CONFOCAL\CDH5 JAGGED1\DESMIN 488 SMA 647 DAPI\C PBS\10x-1 tiles.czi,,,9b74d8e592129d59b856e290332c18c60130ffa0066f7b04f3d44a9854233639,Y,drive1_FRIO-X6/Drive zuri 170823.zip/Drive zuri 170823/0 IMAGEN CONFOCAL/CDH5 JAGGED1/DESMIN 488 SMA 647 DAPI/C PBS/10x-1 tiles.czi,
ACQ-20230626-LSM9-006,B03,drive1_FRIO-X6,Former students\Zuriñe\0 IMAGEN CONFOCAL\CDH5 JAGGED1\DESMIN 488 SMA 647 DAPI\C PBS\20x-1 confo.czi,,,17a4851736191fd5ebada42156fe976e1fa5a903e680a4e1fa1a1f32c4be370e,Y,drive1_FRIO-X6/Drive zuri 170823.zip/Drive zuri 170823/0 IMAGEN CONFOCAL/CDH5 JAGGED1/DESMIN 488 SMA 647 DAPI/C PBS/20x-1 confo.czi,
ACQ-20230626-LSM9-007,B03,drive1_FRIO-X6,Former students\Zuriñe\0 IMAGEN CONFOCAL\CDH5 JAGGED1\DESMIN 488 SMA 647 DAPI\C PBS\20x-1 tiles.czi,,,d4c33ab255740f0b22e0aadc91f92b5063415417101227396e0347855ca1d31d,Y,drive1_FRIO-X6/Drive zuri 170823.zip/Drive zuri 170823/0 IMAGEN CONFOCAL/CDH5 JAGGED1/DESMIN 488 SMA 647 DAPI/C PBS/20x-1 tiles.czi,
ACQ-20230626-LSM9-008,B03,drive1_FRIO-X6,Former students\Zuriñe\0 IMAGEN CONFOCAL\CDH5 JAGGED1\DESMIN 488 SMA 647 DAPI\C PBS\40x-1 confo.czi,,,c9656f9155f4df80b647a08969e432d5002d7ce3ea77b43556918b0eb54a895d,Y,drive1_FRIO-X6/Drive zuri 170823.zip/Drive zuri 170823/0 IMAGEN CONFOCAL/CDH5 JAGGED1/DESMIN 488 SMA 647 DAPI/C PBS/40x-1 confo.czi,
ACQ-20230626-LSM9-009,B03,drive1_FRIO-X6,Former students\Zuriñe\0 IMAGEN CONFOCAL\CDH5 JAGGED1\DESMIN 488 SMA 647 DAPI\EXP BLEO 2\10x-1 tiles.czi,,,aa65b554b74fa58c65a1a0074193a1de40e6b5aa4fa3d38c10fdcd933537fec3,Y,drive1_FRIO-X6/Drive zuri 170823.zip/Drive zuri 170823/0 IMAGEN CONFOCAL/CDH5 JAGGED1/DESMIN 488 SMA 647 DAPI/EXP BLEO 2/10x-1 tiles.czi,
ACQ-20230626-LSM9-010,B03,drive1_FRIO-X6,Former students\Zuriñe\0 IMAGEN CONFOCAL\CDH5 JAGGED1\DESMIN 488 SMA 647 DAPI\EXP BLEO 2\20x-1 confo.czi,,,3be9ad62856c2813477995434a22dc273a6f0513a0386a8b1c2cf1e996df89ac,Y,drive1_FRIO-X6/Drive zuri 170823.zip/Drive zuri 170823/0 IMAGEN CONFOCAL/CDH5 JAGGED1/DESMIN 488 SMA 647 DAPI/EXP BLEO 2/20x-1 confo.czi,
ACQ-20230626-LSM9-011,B03,drive1_FRIO-X6,Former students\Zuriñe\0 IMAGEN CONFOCAL\CDH5 JAGGED1\DESMIN 488 SMA 647 DAPI\EXP BLEO 2\20x-1 tiles.czi,,,bb22d158c7711dd3007a2966f1c7cf6278952d334680c8550fe986fca44f2375,Y,drive1_FRIO-X6/Drive zuri 170823.zip/Drive zuri 170823/0 IMAGEN CONFOCAL/CDH5 JAGGED1/DESMIN 488 SMA 647 DAPI/EXP BLEO 2/20x-1 tiles.czi,
ACQ-20230626-LSM9-012,B03,drive1_FRIO-X6,Former students\Zuriñe\0 IMAGEN CONFOCAL\CDH5 JAGGED1\DESMIN 488 SMA 647 DAPI\EXP BLEO 2\20x-2 tiles.czi,,,a8726cee332b525acf382eb9d67e179201b540c2b57af9d2f9f3607a1b01dd7b,Y,drive1_FRIO-X6/Drive zuri 170823.zip/Drive zuri 170823/0 IMAGEN CONFOCAL/CDH5 JAGGED1/DESMIN 488 SMA 647 DAPI/EXP BLEO 2/20x-2 tiles.czi,
ACQ-20230626-LSM9-013,B03,drive1_FRIO-X6,Former students\Zuriñe\0 IMAGEN CONFOCAL\CDH5 JAGGED1\DESMIN 488 SMA 647 DAPI\EXP BLEO 2\40x-1 confo.czi,,,50f225823ee56dba580965bb52f59edea91654551da4d04813ba0246ae654525,Y,drive1_FRIO-X6/Drive zuri 170823.zip/Drive zuri 170823/0 IMAGEN CONFOCAL/CDH5 JAGGED1/DESMIN 488 SMA 647 DAPI/EXP BLEO 2/40x-1 confo.czi,
ACQ-20230626-LSM9-014,B03,drive1_FRIO-X6,Former students\Zuriñe\0 IMAGEN CONFOCAL\CDH5 JAGGED1\DESMIN 488 SMA 647 DAPI\EXP PBS\10x-1 tiles.czi,,,b697adfa45bad916508a6406ce56908e5546be4f08c94b055c1e5df32ffe7d31,Y,drive1_FRIO-X6/Drive zuri 170823.zip/Drive zuri 170823/0 IMAGEN CONFOCAL/CDH5 JAGGED1/DESMIN 488 SMA 647 DAPI/EXP PBS/10x-1 tiles.czi,
ACQ-20230626-LSM9-015,B03,drive1_FRIO-X6,Former students\Zuriñe\0 IMAGEN CONFOCAL\CDH5 JAGGED1\DESMIN 488 SMA 647 DAPI\EXP PBS\10x-2 tiles.czi,,,1b01fa98f30cd7e556ba20341a5fcdfbefdf1012772e142fdc86b83ae994ef62,Y,drive1_FRIO-X6/Drive zuri 170823.zip/Drive zuri 170823/0 IMAGEN CONFOCAL/CDH5 JAGGED1/DESMIN 488 SMA 647 DAPI/EXP PBS/10x-2 tiles.czi;drive1_FRIO-X6/Former students/Zuriñe/0 IMAGEN CONFOCAL/CDH5 JAGGED1/DESMIN 488 SMA 647 DAPI/EXP BLEO 2/10x-2 tiles.czi;drive1_FRIO-X6/Drive zuri 170823.zip/Drive zuri 170823/0 IMAGEN CONFOCAL/CDH5 JAGGED1/DESMIN 488 SMA 647 DAPI/EXP BLEO 2/10x-2 tiles.czi,
ACQ-20230626-LSM9-016,B03,drive1_FRIO-X6,Former students\Zuriñe\0 IMAGEN CONFOCAL\CDH5 JAGGED1\DESMIN 488 SMA 647 DAPI\EXP PBS\20x-1 tiles.czi,,,25f99f045b61992330371da27061f5a910a044b893cefbd2af7680bf64f5a877,Y,drive1_FRIO-X6/Drive zuri 170823.zip/Drive zuri 170823/0 IMAGEN CONFOCAL/CDH5 JAGGED1/DESMIN 488 SMA 647 DAPI/EXP PBS/20x-1 tiles.czi,
ACQ-20230626-LSM9-017,B03,drive1_FRIO-X6,Former students\Zuriñe\0 IMAGEN CONFOCAL\CDH5 JAGGED1\DESMIN 488 SMA 647 DAPI\EXP PBS\20x-2 confo.czi,,,fbf9637f2f27b37c872ea370527ea317d2346c9a40ef28d093b192072d6425f6,Y,drive1_FRIO-X6/Drive zuri 170823.zip/Drive zuri 170823/0 IMAGEN CONFOCAL/CDH5 JAGGED1/DESMIN 488 SMA 647 DAPI/EXP PBS/20x-2 confo.czi;drive1_FRIO-X6/Former students/Zuriñe/0 IMAGEN CONFOCAL/CDH5 JAGGED1/DESMIN 488 SMA 647 DAPI/EXP BLEO 2/20x-2 confo.czi;drive1_FRIO-X6/Drive zuri 170823.zip/Drive zuri 170823/0 IMAGEN CONFOCAL/CDH5 JAGGED1/DESMIN 488 SMA 647 DAPI/EXP BLEO 2/20x-2 confo.czi,
ACQ-20230626-LSM9-018,B03,drive1_FRIO-X6,Former students\Zuriñe\0 IMAGEN CONFOCAL\CDH5 JAGGED1\DESMIN 488 SMA 647 DAPI\EXP PBS\40x-2 confo.czi,,,70a5cec3612038fdd35f3cc2014054dece60cf3641c1f15c89811bd536abea7f,Y,drive1_FRIO-X6/Drive zuri 170823.zip/Drive zuri 170823/0 IMAGEN CONFOCAL/CDH5 JAGGED1/DESMIN 488 SMA 647 DAPI/EXP PBS/40x-2 confo.czi,
ACQ-20230626-LSM9-019,B03,drive1_FRIO-X6,Former students\Zuriñe\0 IMAGEN CONFOCAL\CDH5 JAGGED1\cd45 594 SMA 488\exp pbs\10x-1 tiles.czi,,,4c79320d27a59773f3acfc57f73455affcdda5502b04f2d2da378d7e793d755c,Y,drive1_FRIO-X6/Drive zuri 170823.zip/Drive zuri 170823/0 IMAGEN CONFOCAL/CDH5 JAGGED1/cd45 594 SMA 488/exp pbs/10x-1 tiles.czi,
ACQ-20230626-LSM9-020,B03,drive1_FRIO-X6,Former students\Zuriñe\0 IMAGEN CONFOCAL\CDH5 JAGGED1\cd45 594 SMA 488\exp pbs\20x-1 confo.czi,,,8abff9e8cd87367face1625b399c7abf38e258c1902ce70a7e075381f6cf07bc,Y,drive1_FRIO-X6/Drive zuri 170823.zip/Drive zuri 170823/0 IMAGEN CONFOCAL/CDH5 JAGGED1/cd45 594 SMA 488/exp pbs/20x-1 confo.czi,
ACQ-20230626-LSM9-021,B03,drive1_FRIO-X6,Former students\Zuriñe\0 IMAGEN CONFOCAL\CDH5 JAGGED1\cd45 594 SMA 488\exp pbs\20x-1 tiles.czi,,,f63dc9a5cb56980eb196b2ae62c5dd49ba5dc7efc6e4352193abcac42b0885d1,Y,drive1_FRIO-X6/Drive zuri 170823.zip/Drive zuri 170823/0 IMAGEN CONFOCAL/CDH5 JAGGED1/cd45 594 SMA 488/exp pbs/20x-1 tiles.czi,
ACQ-20230626-LSM9-022,B03,drive1_FRIO-X6,Former students\Zuriñe\0 IMAGEN CONFOCAL\CDH5 JAGGED1\cd45 594 SMA 488\exp pbs\40x-1 confo.czi,,,b428323b444d852452838025006aead3788f62e68d5a8df6e3147160e1e0ca3e,Y,drive1_FRIO-X6/Drive zuri 170823.zip/Drive zuri 170823/0 IMAGEN CONFOCAL/CDH5 JAGGED1/cd45 594 SMA 488/exp pbs/40x-1 confo.czi,
ACQ-20230628-LSM9-001,B03,drive1_FRIO-X6,Former students\Zuriñe\0 IMAGEN CONFOCAL\CDH5 JAGGED1\calponin 488 SMA 594\C BLEO\10x-1 tiles.czi,,,f1ad635b5d15b9878cf5ca16a881a5dc56e10f9cd1ba88cd5de82b1b25e04e03,Y,drive1_FRIO-X6/Drive zuri 170823.zip/Drive zuri 170823/0 IMAGEN CONFOCAL/CDH5 JAGGED1/calponin 488 SMA 594/C BLEO/10x-1 tiles.czi,
ACQ-20230628-LSM9-002,B03,drive1_FRIO-X6,Former students\Zuriñe\0 IMAGEN CONFOCAL\CDH5 JAGGED1\calponin 488 SMA 594\C BLEO\10x-2 tileds.czi,,,935f456d4910f9b455b271c4e0849f14d22c459b5154f03eea78c501d896ced8,Y,drive1_FRIO-X6/Drive zuri 170823.zip/Drive zuri 170823/0 IMAGEN CONFOCAL/CDH5 JAGGED1/calponin 488 SMA 594/C BLEO/10x-2 tileds.czi,
ACQ-20230628-LSM9-003,B03,drive1_FRIO-X6,Former students\Zuriñe\0 IMAGEN CONFOCAL\CDH5 JAGGED1\calponin 488 SMA 594\C BLEO\10x-3 tiles.czi,,,2e79efd8825c44455221548b2deb495b643d4fb2b1e34f50610cd7603cc95c51,Y,drive1_FRIO-X6/Drive zuri 170823.zip/Drive zuri 170823/0 IMAGEN CONFOCAL/CDH5 JAGGED1/calponin 488 SMA 594/C BLEO/10x-3 tiles.czi,
ACQ-20230628-LSM9-004,B03,drive1_FRIO-X6,Former students\Zuriñe\0 IMAGEN CONFOCAL\CDH5 JAGGED1\calponin 488 SMA 594\C BLEO\110-2.czi,,,79429d91e71a25d6edf97eafd497b89a2da785db78fc74c301fe125d7269e37c,Y,drive1_FRIO-X6/Drive zuri 170823.zip/Drive zuri 170823/0 IMAGEN CONFOCAL/CDH5 JAGGED1/calponin 488 SMA 594/C BLEO/110-2.czi,
ACQ-20230628-LSM9-005,B03,drive1_FRIO-X6,Former students\Zuriñe\0 IMAGEN CONFOCAL\CDH5 JAGGED1\calponin 488 SMA 594\C BLEO\20x-1 confo real.czi,,,d9ef3c8b160232f427014d92be4aa98851c93aa787aa7c97052ad686681b840a,Y,drive1_FRIO-X6/Drive zuri 170823.zip/Drive zuri 170823/0 IMAGEN CONFOCAL/CDH5 JAGGED1/calponin 488 SMA 594/C BLEO/20x-1 confo real.czi,
ACQ-20230628-LSM9-006,B03,drive1_FRIO-X6,Former students\Zuriñe\0 IMAGEN CONFOCAL\CDH5 JAGGED1\calponin 488 SMA 594\C BLEO\20x-1 confo.czi,,,edaa8aa43b018a512c4aac7fb81a20cc425c5ecc56324e257920f9b7ccf9c9b4,Y,drive1_FRIO-X6/Drive zuri 170823.zip/Drive zuri 170823/0 IMAGEN CONFOCAL/CDH5 JAGGED1/calponin 488 SMA 594/C BLEO/20x-1 confo.czi,
ACQ-20230628-LSM9-007,B03,drive1_FRIO-X6,Former students\Zuriñe\0 IMAGEN CONFOCAL\CDH5 JAGGED1\calponin 488 SMA 594\C BLEO\20x-1 tiles.czi,,,cf250cd76e10736a88a1fc35045f6487e1dd2f14bdf68937ccd43c7e5b1b0684,Y,drive1_FRIO-X6/Drive zuri 170823.zip/Drive zuri 170823/0 IMAGEN CONFOCAL/CDH5 JAGGED1/calponin 488 SMA 594/C BLEO/20x-1 tiles.czi,
ACQ-20230628-LSM9-008,B03,drive1_FRIO-X6,Former students\Zuriñe\0 IMAGEN CONFOCAL\CDH5 JAGGED1\calponin 488 SMA 594\C BLEO\40x-1 confo.czi,,,4a3c818b4f42421ff3c911dce0d304768b6ec3ee5887c123402e061ea311417d,Y,drive1_FRIO-X6/Drive zuri 170823.zip/Drive zuri 170823/0 IMAGEN CONFOCAL/CDH5 JAGGED1/calponin 488 SMA 594/C BLEO/40x-1 confo.czi,
ACQ-20230628-LSM9-009,B03,drive1_FRIO-X6,Former students\Zuriñe\0 IMAGEN CONFOCAL\CDH5 JAGGED1\calponin 488 SMA 594\C PBS\10x-1 tiles.czi,,,fb223d142333029d7fb173c7bab190a2da1f143f1da35802d9a17a6607c524ab,Y,drive1_FRIO-X6/Drive zuri 170823.zip/Drive zuri 170823/0 IMAGEN CONFOCAL/CDH5 JAGGED1/calponin 488 SMA 594/C PBS/10x-1 tiles.czi,
ACQ-20230628-LSM9-010,B03,drive1_FRIO-X6,Former students\Zuriñe\0 IMAGEN CONFOCAL\CDH5 JAGGED1\calponin 488 SMA 594\C PBS\20x-1 confo.czi,,,161864ec5de808430d26e1bde3ec6490a2323f1b80fec0255e3465472b39df4c,Y,drive1_FRIO-X6/Drive zuri 170823.zip/Drive zuri 170823/0 IMAGEN CONFOCAL/CDH5 JAGGED1/calponin 488 SMA 594/C PBS/20x-1 confo.czi,
ACQ-20230628-LSM9-011,B03,drive1_FRIO-X6,Former students\Zuriñe\0 IMAGEN CONFOCAL\CDH5 JAGGED1\calponin 488 SMA 594\C PBS\20x-1 tiles.czi,,,8a12a40aeb0b561a5f954bd908b6510cc2eb059a723e103e84290a49bf4949a3,Y,drive1_FRIO-X6/Drive zuri 170823.zip/Drive zuri 170823/0 IMAGEN CONFOCAL/CDH5 JAGGED1/calponin 488 SMA 594/C PBS/20x-1 tiles.czi,
ACQ-20230628-LSM9-012,B03,drive1_FRIO-X6,Former students\Zuriñe\0 IMAGEN CONFOCAL\CDH5 JAGGED1\calponin 488 SMA 594\C PBS\40x-1 confo.czi,,,aac76e7e205c05f9567bc14c0f89bfbcd3820e9bc38a2cd2e841d3ae30480d0b,Y,drive1_FRIO-X6/Drive zuri 170823.zip/Drive zuri 170823/0 IMAGEN CONFOCAL/CDH5 JAGGED1/calponin 488 SMA 594/C PBS/40x-1 confo.czi,
ACQ-20230628-LSM9-013,B03,drive1_FRIO-X6,Former students\Zuriñe\0 IMAGEN CONFOCAL\CDH5 JAGGED1\calponin 488 SMA 594\EXP BLEO\10x-1 tiles.czi,,,1b7cdb42a228dfdfc8604f070446266fc7a0afee2163ecbeaa1aaf44bcf06e29,Y,drive1_FRIO-X6/Drive zuri 170823.zip/Drive zuri 170823/0 IMAGEN CONFOCAL/CDH5 JAGGED1/calponin 488 SMA 594/EXP BLEO/10x-1 tiles.czi,
ACQ-20230628-LSM9-014,B03,drive1_FRIO-X6,Former students\Zuriñe\0 IMAGEN CONFOCAL\CDH5 JAGGED1\calponin 488 SMA 594\EXP BLEO\20x-1 confo.czi,,,db146c75debbb1a246d50a4a63c3bc9b62775a0609b8cbedab2049129fed0dd1,Y,drive1_FRIO-X6/Drive zuri 170823.zip/Drive zuri 170823/0 IMAGEN CONFOCAL/CDH5 JAGGED1/calponin 488 SMA 594/EXP BLEO/20x-1 confo.czi,
ACQ-20230628-LSM9-015,B03,drive1_FRIO-X6,Former students\Zuriñe\0 IMAGEN CONFOCAL\CDH5 JAGGED1\calponin 488 SMA 594\EXP BLEO\20x-1 tiles.czi,,,5a9bfd174dce03184f22060ed0b7d334c2243ef6ff944485183bdefd9aad0b91,Y,drive1_FRIO-X6/Drive zuri 170823.zip/Drive zuri 170823/0 IMAGEN CONFOCAL/CDH5 JAGGED1/calponin 488 SMA 594/EXP BLEO/20x-1 tiles.czi,
ACQ-20230628-LSM9-016,B03,drive1_FRIO-X6,Former students\Zuriñe\0 IMAGEN CONFOCAL\CDH5 JAGGED1\calponin 488 SMA 594\EXP BLEO\40x-1 confo.czi,,,e94c08b934c900a6dcf26eb97dc3b313862576765f9d7bc45bf9f6691694035d,Y,drive1_FRIO-X6/Drive zuri 170823.zip/Drive zuri 170823/0 IMAGEN CONFOCAL/CDH5 JAGGED1/calponin 488 SMA 594/EXP BLEO/40x-1 confo.czi,
ACQ-20230628-LSM9-017,B03,drive1_FRIO-X6,Former students\Zuriñe\0 IMAGEN CONFOCAL\CDH5 JAGGED1\calponin 488 SMA 594\EXP PBS\10X-1 TILES.czi,,,7f4ca798fa0fefc36617d777fadc12f795445165ee1fe84e6061b89a260a9d83,Y,drive1_FRIO-X6/Drive zuri 170823.zip/Drive zuri 170823/0 IMAGEN CONFOCAL/CDH5 JAGGED1/calponin 488 SMA 594/EXP PBS/10X-1 TILES.czi,
ACQ-20230628-LSM9-018,B03,drive1_FRIO-X6,Former students\Zuriñe\0 IMAGEN CONFOCAL\CDH5 JAGGED1\calponin 488 SMA 594\EXP PBS\10x-3 tiles solo verde.czi,,,32db3b8af53c941e2e24c46a67b1568b9e75ad36836a6c4270fa24b2c02b6684,Y,drive1_FRIO-X6/Drive zuri 170823.zip/Drive zuri 170823/0 IMAGEN CONFOCAL/CDH5 JAGGED1/calponin 488 SMA 594/EXP PBS/10x-3 tiles solo verde.czi,
ACQ-20230628-LSM9-019,B03,drive1_FRIO-X6,Former students\Zuriñe\0 IMAGEN CONFOCAL\CDH5 JAGGED1\calponin 488 SMA 594\EXP PBS\10x-3 tiles.czi,,,5439d6b639198198bcb88c93c8fbd7516396bc694d3a67a9631508853027ae9d,Y,drive1_FRIO-X6/Drive zuri 170823.zip/Drive zuri 170823/0 IMAGEN CONFOCAL/CDH5 JAGGED1/calponin 488 SMA 594/EXP PBS/10x-3 tiles.czi,
ACQ-20230628-LSM9-020,B03,drive1_FRIO-X6,Former students\Zuriñe\0 IMAGEN CONFOCAL\CDH5 JAGGED1\calponin 488 SMA 594\EXP PBS\10x3 tilkes real.czi,,,8eba7c88d4f6144fb866596ee0d27bdf0a4c2beb1d57ea5b98c495d2304e6643,Y,drive1_FRIO-X6/Drive zuri 170823.zip/Drive zuri 170823/0 IMAGEN CONFOCAL/CDH5 JAGGED1/calponin 488 SMA 594/EXP PBS/10x3 tilkes real.czi,
ACQ-20230628-LSM9-021,B03,drive1_FRIO-X6,Former students\Zuriñe\0 IMAGEN CONFOCAL\CDH5 JAGGED1\calponin 488 SMA 594\EXP PBS\20x-1 tiles.czi,,,c9120fb7aa9ed2f0a8c60cf004cf07c10439dad27e956742a3619c86490d68be,Y,drive1_FRIO-X6/Drive zuri 170823.zip/Drive zuri 170823/0 IMAGEN CONFOCAL/CDH5 JAGGED1/calponin 488 SMA 594/EXP PBS/20x-1 tiles.czi,
ACQ-20230628-LSM9-022,B03,drive1_FRIO-X6,Former students\Zuriñe\0 IMAGEN CONFOCAL\CDH5 JAGGED1\calponin 488 SMA 594\EXP PBS\20x-3 tiles real solo verde.czi,,,5d0611f1a0a2714d9614865c6cd34d840d1b272974f9f35c6e36c22cfb7a025e,Y,drive1_FRIO-X6/Drive zuri 170823.zip/Drive zuri 170823/0 IMAGEN CONFOCAL/CDH5 JAGGED1/calponin 488 SMA 594/EXP PBS/20x-3 tiles real solo verde.czi,
ACQ-20230628-LSM9-023,B03,drive1_FRIO-X6,Former students\Zuriñe\0 IMAGEN CONFOCAL\CDH5 JAGGED1\calponin 488 SMA 594\EXP PBS\20x-3 tiles real.czi,,,2bedd57384b55bdee8c0bf35fadf1a557e3cbf7ab7f609e258be3695be7211c3,Y,drive1_FRIO-X6/Drive zuri 170823.zip/Drive zuri 170823/0 IMAGEN CONFOCAL/CDH5 JAGGED1/calponin 488 SMA 594/EXP PBS/20x-3 tiles real.czi,
ACQ-20230628-LSM9-024,B03,drive1_FRIO-X6,Former students\Zuriñe\0 IMAGEN CONFOCAL\CDH5 JAGGED1\calponin 488 SMA 594\EXP PBS\20x-3 tiles.czi,,,cc6f7a6ee6db035ffb47a7caaba3fe9723d4427e3ba0b3cef1c43238b1e04112,Y,drive1_FRIO-X6/Drive zuri 170823.zip/Drive zuri 170823/0 IMAGEN CONFOCAL/CDH5 JAGGED1/calponin 488 SMA 594/EXP PBS/20x-3 tiles.czi,
ACQ-20230628-LSM9-025,B03,drive1_FRIO-X6,Former students\Zuriñe\0 IMAGEN CONFOCAL\CDH5 JAGGED1\calponin 488 SMA 594\EXP PBS\40x-3 confo solo verde.czi,,,c3f96f0e7f3ee0d9774f4e708724e6da31d5f683ea185e83f2f873e56a63cdce,Y,drive1_FRIO-X6/Drive zuri 170823.zip/Drive zuri 170823/0 IMAGEN CONFOCAL/CDH5 JAGGED1/calponin 488 SMA 594/EXP PBS/40x-3 confo solo verde.czi,
ACQ-20230628-LSM9-026,B03,drive1_FRIO-X6,Former students\Zuriñe\0 IMAGEN CONFOCAL\CDH5 JAGGED1\calponin 488 SMA 594\EXP PBS\40x-3 confo.czi,,,665f94cd4ebc7e2b4af7ea8e9fb32fd9b14d4b23f8e536987c1991f0c8c2af81,Y,drive1_FRIO-X6/Drive zuri 170823.zip/Drive zuri 170823/0 IMAGEN CONFOCAL/CDH5 JAGGED1/calponin 488 SMA 594/EXP PBS/40x-3 confo.czi,
ACQ-20230629-CELL-001,B05,drive2_MFB-Disco-2,2025-10-02 - Toshiba EXT (Backup)\Proyectos_Laboratorio_Laura\Lung-surfactant\Experimentos-fibroblastos\COL-1\IPF_1.czi,,,09770c5e57a46d45bd9561a41469d57b7cd80598f605d3a0c9a70c8987f6a515,Y,,
ACQ-20230629-CELL-002,B05,drive2_MFB-Disco-2,2025-10-02 - Toshiba EXT (Backup)\Proyectos_Laboratorio_Laura\Lung-surfactant\Experimentos-fibroblastos\COL-1\IPF_1_P_S.czi,,,5917e2fb6c24d784a28dfb62660ff2382f9c36a49f7c23db3cf48bbdd2437590,Y,,
ACQ-20230629-CELL-003,B05,drive2_MFB-Disco-2,2025-10-02 - Toshiba EXT (Backup)\Proyectos_Laboratorio_Laura\Lung-surfactant\Experimentos-fibroblastos\COL-1\IPF_2.czi,,,43eeb433e0ea846885647ecb1a4368febdb019c9647b59a23663f190f88d466d,Y,,
ACQ-20230629-CELL-004,B05,drive2_MFB-Disco-2,2025-10-02 - Toshiba EXT (Backup)\Proyectos_Laboratorio_Laura\Lung-surfactant\Experimentos-fibroblastos\COL-1\IPF_2_P_S.czi,,,603b60a664789e77ffed744e02e94cb3f4aa27ca8323a7f268f88702978082f3,Y,,
ACQ-20230629-CELL-005,B05,drive2_MFB-Disco-2,2025-10-02 - Toshiba EXT (Backup)\Proyectos_Laboratorio_Laura\Lung-surfactant\Experimentos-fibroblastos\COL-1\IPF_3.czi,,,7eb4bb4391b5ff84723d1f3c1c22e485a2d60459fff6756fec422bc9431c0a12,Y,,
ACQ-20230629-CELL-006,B05,drive2_MFB-Disco-2,2025-10-02 - Toshiba EXT (Backup)\Proyectos_Laboratorio_Laura\Lung-surfactant\Experimentos-fibroblastos\COL-1\IPF_3_P_S.czi,,,191411ddbd66133ab1b1da5003bbec51458c94bcc1e40516707b6cc179903f5c,Y,,
ACQ-20230629-CELL-007,B05,drive2_MFB-Disco-2,2025-10-02 - Toshiba EXT (Backup)\Proyectos_Laboratorio_Laura\Lung-surfactant\Experimentos-fibroblastos\COL-1\IPF_4.czi,,,18684caba98f15bcd7c561119a3dd4ed394882c16f71a0b004de777cfbfd77a7,Y,,
ACQ-20230629-CELL-008,B05,drive2_MFB-Disco-2,2025-10-02 - Toshiba EXT (Backup)\Proyectos_Laboratorio_Laura\Lung-surfactant\Experimentos-fibroblastos\COL-1\IPF_4_P_S-colores-aini.czi,,,11adbcc2f9caf2ad18a99692b6e65e7f09e5a334013f69e4ad07a30fb19054c4,Y,,
ACQ-20230629-CELL-009,B05,drive2_MFB-Disco-2,2025-10-02 - Toshiba EXT (Backup)\Proyectos_Laboratorio_Laura\Lung-surfactant\Experimentos-fibroblastos\COL-1\IPF_4_P_S.czi,,,68ef1d598b6066a8df5388050bebee2aa18b68fa7909457127e74103fe1ab5f2,Y,,
ACQ-20230629-CELL-010,B05,drive2_MFB-Disco-2,2025-10-02 - Toshiba EXT (Backup)\Proyectos_Laboratorio_Laura\Lung-surfactant\Experimentos-fibroblastos\COL-1\LP1_0.03_1.czi,,,9cf128aef53357ee4e4732a989c19ab04bf7a8e783b0aff3c0f65adffc28801e,Y,,
ACQ-20230629-CELL-011,B05,drive2_MFB-Disco-2,2025-10-02 - Toshiba EXT (Backup)\Proyectos_Laboratorio_Laura\Lung-surfactant\Experimentos-fibroblastos\COL-1\LP1_0.03_2.czi,,,dcb11ad6bf522991821ed94ed760798a1a3f3b26802bb11e5b416c335fe02ac4,Y,,
ACQ-20230629-CELL-012,B05,drive2_MFB-Disco-2,2025-10-02 - Toshiba EXT (Backup)\Proyectos_Laboratorio_Laura\Lung-surfactant\Experimentos-fibroblastos\COL-1\LP1_0.03_3.czi,,,21e58349ece31b987e2821bc008e349cf97a12bae79d2255743ed3b853f5a4aa,Y,,
ACQ-20230629-CELL-013,B05,drive2_MFB-Disco-2,2025-10-02 - Toshiba EXT (Backup)\Proyectos_Laboratorio_Laura\Lung-surfactant\Experimentos-fibroblastos\COL-1\LP1_0.03_4.czi,,,2eff48a8ee0c70a15c659a44e040f833d795f36b69bb1e6ffebe9bfc8bb7bad2,Y,,
ACQ-20230629-CELL-014,B05,drive2_MFB-Disco-2,2025-10-02 - Toshiba EXT (Backup)\Proyectos_Laboratorio_Laura\Lung-surfactant\Experimentos-fibroblastos\COL-1\LS-NP_1.czi,,,1ccaced3090c4c27d18c38757dcd56ab1d803cfbf18bf55198b74807fb044ade,Y,,
ACQ-20230629-CELL-015,B05,drive2_MFB-Disco-2,2025-10-02 - Toshiba EXT (Backup)\Proyectos_Laboratorio_Laura\Lung-surfactant\Experimentos-fibroblastos\COL-1\LS-NP_2.czi,,,7a168bcc2318f60f59b5466f058e1d865321d12ca0aae030420430ecf7e1d232,Y,,
ACQ-20230629-CELL-016,B05,drive2_MFB-Disco-2,2025-10-02 - Toshiba EXT (Backup)\Proyectos_Laboratorio_Laura\Lung-surfactant\Experimentos-fibroblastos\COL-1\LS-NP_3.czi,,,19323364fb80325199653cadec8331bb1cac853f06f5c08c4e972b9051361cf1,Y,,
ACQ-20230629-CELL-017,B05,drive2_MFB-Disco-2,2025-10-02 - Toshiba EXT (Backup)\Proyectos_Laboratorio_Laura\Lung-surfactant\Experimentos-fibroblastos\COL-1\LS-NP_4.czi,,,366727bef0cbb566c56922db13bb202514ea9ff0b165990997b3cb91ca1655ee,Y,,
ACQ-20230629-CELL-018,B05,drive2_MFB-Disco-2,2025-10-02 - Toshiba EXT (Backup)\Proyectos_Laboratorio_Laura\Lung-surfactant\Experimentos-fibroblastos\COL-1\LS-Nint_1.czi,,,1b0d20ffe9f03a42860352a4dbf7bc9a3d46fd66d078c98c1609842435fe588e,Y,,
ACQ-20230629-CELL-019,B05,drive2_MFB-Disco-2,2025-10-02 - Toshiba EXT (Backup)\Proyectos_Laboratorio_Laura\Lung-surfactant\Experimentos-fibroblastos\COL-1\LS-Nint_2.czi,,,bc9a4ba9f533ffea6247ac270b12690c76ab5d2a319ce873dc51f9135924e087,Y,,
ACQ-20230629-CELL-020,B05,drive2_MFB-Disco-2,2025-10-02 - Toshiba EXT (Backup)\Proyectos_Laboratorio_Laura\Lung-surfactant\Experimentos-fibroblastos\COL-1\LS-Nint_3.czi,,,925839cbdc6159329fc13c700ba238fdaa02fd6550b3051ecd05d78d4243f71a,Y,,
ACQ-20230629-CELL-021,B05,drive2_MFB-Disco-2,2025-10-02 - Toshiba EXT (Backup)\Proyectos_Laboratorio_Laura\Lung-surfactant\Experimentos-fibroblastos\COL-1\LS-Nint_4.czi,,,c7bd67bd91e29c01de6fd94350d35f3d9de41ab2851b9b9fe8a11173750a8077,Y,,
ACQ-20230629-CELL-022,B05,drive2_MFB-Disco-2,2025-10-02 - Toshiba EXT (Backup)\Proyectos_Laboratorio_Laura\Lung-surfactant\Experimentos-fibroblastos\COL-1\Nint_1.czi,,,36b5fb9bb8ed85a5185ca8ea2a175d1f4180d2028ebc1aab56b909daa14d4147,Y,,
ACQ-20230629-CELL-023,B05,drive2_MFB-Disco-2,2025-10-02 - Toshiba EXT (Backup)\Proyectos_Laboratorio_Laura\Lung-surfactant\Experimentos-fibroblastos\COL-1\Nint_2.czi,,,42cc14509f0597d535293257b5a8748f841980a31ce38b6f49de0429a1433122,Y,,
ACQ-20230629-CELL-024,B05,drive2_MFB-Disco-2,2025-10-02 - Toshiba EXT (Backup)\Proyectos_Laboratorio_Laura\Lung-surfactant\Experimentos-fibroblastos\COL-1\Nint_3.czi,,,bb7b28e8819f846006308df80f2cc72669804e380ca57982143a102ba4a64111,Y,,
ACQ-20230629-CELL-025,B05,drive2_MFB-Disco-2,2025-10-02 - Toshiba EXT (Backup)\Proyectos_Laboratorio_Laura\Lung-surfactant\Experimentos-fibroblastos\COL-1\Nint_4.czi,,,c8305c2e07e44efc33391fde17ba011ccadc77d5b5b7db9d59fd1a759c4f5d15,Y,,
ACQ-20230629-CELL-026,B05,drive2_MFB-Disco-2,2025-10-02 - Toshiba EXT (Backup)\Proyectos_Laboratorio_Laura\Lung-surfactant\Experimentos-fibroblastos\COL-1\ctr_1.czi,,,ebab15382b413622ef0b886cd15413350bc4a18aa0c79e962bed00040c6db8d3,Y,,
ACQ-20230629-CELL-027,B05,drive2_MFB-Disco-2,2025-10-02 - Toshiba EXT (Backup)\Proyectos_Laboratorio_Laura\Lung-surfactant\Experimentos-fibroblastos\COL-1\ctr_2.czi,,,09bcd8d5eca17014949eff2fe92f8e092605d49a28ecc44fd50d706f8a4d53a2,Y,,
ACQ-20230629-CELL-028,B05,drive2_MFB-Disco-2,2025-10-02 - Toshiba EXT (Backup)\Proyectos_Laboratorio_Laura\Lung-surfactant\Experimentos-fibroblastos\COL-1\ctr_3.czi,,,f6caa7215ca2866b241e8f751f5a4456e1ff9e3a7ac01271c3f47475aac2999b,Y,,
ACQ-20230703-CELL-001,B05,drive2_MFB-Disco-2,2025-10-02 - Toshiba EXT (Backup)\Proyectos_Laboratorio_Laura\Lung-surfactant\Experimentos-fibroblastos\ki67-Laura\Experiment-408-Stitching-01.czi,,,dc0dde6f0eb6ad7dfe02a8c7b350fb54a18d666a72b20b91ce175cc862ee3109,Y,,
ACQ-20230703-LSM9-001,B03,drive1_FRIO-X6,Former students\Zuriñe\0 IMAGEN CONFOCAL\CDH5 JAGGED1\smoothelin 488 SMA 594\C BLEO\101x-1 tiles.czi,,,702f542098cb721d57a3b5811a8207a8e434eb78b6652793cc9d47317f92add1,Y,drive1_FRIO-X6/Drive zuri 170823.zip/Drive zuri 170823/0 IMAGEN CONFOCAL/CDH5 JAGGED1/smoothelin 488 SMA 594/C BLEO/101x-1 tiles.czi,
ACQ-20230703-LSM9-002,B03,drive1_FRIO-X6,Former students\Zuriñe\0 IMAGEN CONFOCAL\CDH5 JAGGED1\smoothelin 488 SMA 594\C BLEO\20x-1 confo.czi,,,f9b4e9b06c8f0dbdfc391194f4adac67afbcb7bf582ae32f22df6bc65d1da33d,Y,drive1_FRIO-X6/Drive zuri 170823.zip/Drive zuri 170823/0 IMAGEN CONFOCAL/CDH5 JAGGED1/smoothelin 488 SMA 594/C BLEO/20x-1 confo.czi,
ACQ-20230703-LSM9-003,B03,drive1_FRIO-X6,Former students\Zuriñe\0 IMAGEN CONFOCAL\CDH5 JAGGED1\smoothelin 488 SMA 594\C BLEO\20x-1 tiles.czi,,,824c571a5cbc77a5ac0805b06fd2a6711199ff28349b7da0a7cb50734637ac0a,Y,drive1_FRIO-X6/Drive zuri 170823.zip/Drive zuri 170823/0 IMAGEN CONFOCAL/CDH5 JAGGED1/smoothelin 488 SMA 594/C BLEO/20x-1 tiles.czi,
ACQ-20230703-LSM9-004,B03,drive1_FRIO-X6,Former students\Zuriñe\0 IMAGEN CONFOCAL\CDH5 JAGGED1\smoothelin 488 SMA 594\C BLEO\40x-1 confo.czi,,,d95ec2565053097e69aee89b31dfd2e0fc881331799e28135a289d30b71707d1,Y,drive1_FRIO-X6/Drive zuri 170823.zip/Drive zuri 170823/0 IMAGEN CONFOCAL/CDH5 JAGGED1/smoothelin 488 SMA 594/C BLEO/40x-1 confo.czi,
ACQ-20230703-LSM9-005,B03,drive1_FRIO-X6,Former students\Zuriñe\0 IMAGEN CONFOCAL\CDH5 JAGGED1\smoothelin 488 SMA 594\C PBS\10x-1 tiles.czi,,,88c9c5c8caff00f02e6ae439abb15edd1804ad07382fe4dae4e9c6242693ab05,Y,drive1_FRIO-X6/Drive zuri 170823.zip/Drive zuri 170823/0 IMAGEN CONFOCAL/CDH5 JAGGED1/smoothelin 488 SMA 594/C PBS/10x-1 tiles.czi,
ACQ-20230703-LSM9-006,B03,drive1_FRIO-X6,Former students\Zuriñe\0 IMAGEN CONFOCAL\CDH5 JAGGED1\smoothelin 488 SMA 594\C PBS\20x-1 confo.czi,,,8376bbbd99ac3448120ef4ef22616b481c65847178f3a45bee41f9b8d04f1b6c,Y,drive1_FRIO-X6/Drive zuri 170823.zip/Drive zuri 170823/0 IMAGEN CONFOCAL/CDH5 JAGGED1/smoothelin 488 SMA 594/C PBS/20x-1 confo.czi,
ACQ-20230703-LSM9-007,B03,drive1_FRIO-X6,Former students\Zuriñe\0 IMAGEN CONFOCAL\CDH5 JAGGED1\smoothelin 488 SMA 594\C PBS\20x-1 tiles.czi,,,ebcbfa04ee06bb88de0ffc7b647acef2e2bc2802dda45d158a530c1a0f87e1c5,Y,drive1_FRIO-X6/Drive zuri 170823.zip/Drive zuri 170823/0 IMAGEN CONFOCAL/CDH5 JAGGED1/smoothelin 488 SMA 594/C PBS/20x-1 tiles.czi,
ACQ-20230703-LSM9-008,B03,drive1_FRIO-X6,Former students\Zuriñe\0 IMAGEN CONFOCAL\CDH5 JAGGED1\smoothelin 488 SMA 594\C PBS\40x-1 confo.czi,,,26dc3a6c96d98272497d683c691b26f853cbc2ff17399c41fee1a6ef5a3477ad,Y,drive1_FRIO-X6/Drive zuri 170823.zip/Drive zuri 170823/0 IMAGEN CONFOCAL/CDH5 JAGGED1/smoothelin 488 SMA 594/C PBS/40x-1 confo.czi,
ACQ-20230703-LSM9-009,B03,drive1_FRIO-X6,Former students\Zuriñe\0 IMAGEN CONFOCAL\CDH5 JAGGED1\smoothelin 488 SMA 594\EXP BLEO\10x-1 tiles.czi,,,6037ca312cffe909e9194d8a769d2966f2fc981eb619f1a7e5c5e7facbe47cc7,Y,drive1_FRIO-X6/Drive zuri 170823.zip/Drive zuri 170823/0 IMAGEN CONFOCAL/CDH5 JAGGED1/smoothelin 488 SMA 594/EXP BLEO/10x-1 tiles.czi,
ACQ-20230703-LSM9-010,B03,drive1_FRIO-X6,Former students\Zuriñe\0 IMAGEN CONFOCAL\CDH5 JAGGED1\smoothelin 488 SMA 594\EXP BLEO\20x-1 confo.czi,,,0dc7d89749a7947e521adb7648c7ea3c5c328ac6012fc029f35a03f54201a1dc,Y,drive1_FRIO-X6/Drive zuri 170823.zip/Drive zuri 170823/0 IMAGEN CONFOCAL/CDH5 JAGGED1/smoothelin 488 SMA 594/EXP BLEO/20x-1 confo.czi,
ACQ-20230703-LSM9-011,B03,drive1_FRIO-X6,Former students\Zuriñe\0 IMAGEN CONFOCAL\CDH5 JAGGED1\smoothelin 488 SMA 594\EXP BLEO\20x-1 tiles.czi,,,f03e0012622d0753aa54fd83b610cd77b1be6dca0c310b0691c4e995049cf3ce,Y,drive1_FRIO-X6/Drive zuri 170823.zip/Drive zuri 170823/0 IMAGEN CONFOCAL/CDH5 JAGGED1/smoothelin 488 SMA 594/EXP BLEO/20x-1 tiles.czi,
ACQ-20230703-LSM9-012,B03,drive1_FRIO-X6,Former students\Zuriñe\0 IMAGEN CONFOCAL\CDH5 JAGGED1\smoothelin 488 SMA 594\EXP BLEO\40x-1.czi,,,16c82d3b6391bf3a9c35907bccd61b23aa8fb87938d5f49afdc1982e44f51177,Y,drive1_FRIO-X6/Drive zuri 170823.zip/Drive zuri 170823/0 IMAGEN CONFOCAL/CDH5 JAGGED1/smoothelin 488 SMA 594/EXP BLEO/40x-1.czi,
ACQ-20230703-LSM9-013,B03,drive1_FRIO-X6,Former students\Zuriñe\0 IMAGEN CONFOCAL\CDH5 JAGGED1\smoothelin 488 SMA 594\EXP PBS\10x-1 tiles.czi,,,71ae7ba2acf295ed4b900108c1400d15b5fcb0dc8e16c67c3fc112f577f35284,Y,drive1_FRIO-X6/Drive zuri 170823.zip/Drive zuri 170823/0 IMAGEN CONFOCAL/CDH5 JAGGED1/smoothelin 488 SMA 594/EXP PBS/10x-1 tiles.czi,
ACQ-20230703-LSM9-014,B03,drive1_FRIO-X6,Former students\Zuriñe\0 IMAGEN CONFOCAL\CDH5 JAGGED1\smoothelin 488 SMA 594\EXP PBS\20x-1 confo.czi,,,e70158f5188992567fda874de35a5135f2b954bf74f24617f4983542e00d85ad,Y,drive1_FRIO-X6/Drive zuri 170823.zip/Drive zuri 170823/0 IMAGEN CONFOCAL/CDH5 JAGGED1/smoothelin 488 SMA 594/EXP PBS/20x-1 confo.czi,
ACQ-20230703-LSM9-015,B03,drive1_FRIO-X6,Former students\Zuriñe\0 IMAGEN CONFOCAL\CDH5 JAGGED1\smoothelin 488 SMA 594\EXP PBS\20x-1 tiles.czi,,,2e7da05c0867c98dc3927f7fe474a3f5baf8aba15eb25bcceb7e91b6b54a9a30,Y,drive1_FRIO-X6/Drive zuri 170823.zip/Drive zuri 170823/0 IMAGEN CONFOCAL/CDH5 JAGGED1/smoothelin 488 SMA 594/EXP PBS/20x-1 tiles.czi,
ACQ-20230703-LSM9-016,B03,drive1_FRIO-X6,Former students\Zuriñe\0 IMAGEN CONFOCAL\CDH5 JAGGED1\smoothelin 488 SMA 594\EXP PBS\40x-1 confo.czi,,,19272ad3f7b153139c5d8707a9228fe8486275d7c3ebb8232208bcbaf010b5ea,Y,drive1_FRIO-X6/Drive zuri 170823.zip/Drive zuri 170823/0 IMAGEN CONFOCAL/CDH5 JAGGED1/smoothelin 488 SMA 594/EXP PBS/40x-1 confo.czi,
ACQ-20230704-CELL-001,B05,drive2_MFB-Disco-2,2025-10-02 - Toshiba EXT (Backup)\Proyectos_Laboratorio_Laura\Lung-surfactant\Experimentos-fibroblastos\ki67-Laura\5ng-TFG-B-Stitching-01.czi,,,776333c50b42c152306951a0542a645fb28e5a7faec8e108a9ea7c2dce2b9671,Y,,
ACQ-20230704-CELL-002,B05,drive2_MFB-Disco-2,2025-10-02 - Toshiba EXT (Backup)\Proyectos_Laboratorio_Laura\Lung-surfactant\Experimentos-fibroblastos\ki67-Laura\5ng-TFG-B.czi,,,73e246c80e480567a0ec6d8db351257d404b85662d777ea7842a618255f2212f,Y,,
ACQ-20230704-CELL-003,B05,drive2_MFB-Disco-2,2025-10-02 - Toshiba EXT (Backup)\Proyectos_Laboratorio_Laura\Lung-surfactant\Experimentos-fibroblastos\ki67-Laura\Free-FBS-Stitching-01.czi,,,f8ffdb5e205a28f0a1ab93a66a92c2cf3015a5a0c02b4a6f71d1462923de220a,Y,,
ACQ-20230704-CELL-004,B05,drive2_MFB-Disco-2,2025-10-02 - Toshiba EXT (Backup)\Proyectos_Laboratorio_Laura\Lung-surfactant\Experimentos-fibroblastos\ki67-Laura\Free-FBS.czi,,,3bf7c4121a1d4e8b12c77475e8fe5677d73f582f22e23041fc46139a0470bb89,Y,,
ACQ-20230704-CELL-005,B05,drive2_MFB-Disco-2,2025-10-02 - Toshiba EXT (Backup)\Proyectos_Laboratorio_Laura\Lung-surfactant\Experimentos-fibroblastos\ki67-Laura\LS-LS-Nint-Stitching-01.czi,,,67bfa44a35cdbb848b0642e8f952d8e2bdf9294cd293f5495cf9dc7cf222f4bb,Y,,
ACQ-20230704-CELL-006,B05,drive2_MFB-Disco-2,2025-10-02 - Toshiba EXT (Backup)\Proyectos_Laboratorio_Laura\Lung-surfactant\Experimentos-fibroblastos\ki67-Laura\LS-LS-Nint.czi,,,eb1a6d1cd6a312af655f21360d943886facd24a2ee7849ca0fedef4cc0c4989c,Y,,
ACQ-20230704-CELL-007,B05,drive2_MFB-Disco-2,2025-10-02 - Toshiba EXT (Backup)\Proyectos_Laboratorio_Laura\Lung-surfactant\Experimentos-fibroblastos\ki67-Laura\LS-Nint.czi,,,9f16fa3338d2034bef960360ef1216b4e885af31da179773e51c886f8f62fba9,Y,,
ACQ-20230704-CELL-008,B05,drive2_MFB-Disco-2,2025-10-02 - Toshiba EXT (Backup)\Proyectos_Laboratorio_Laura\Lung-surfactant\Experimentos-fibroblastos\ki67-Laura\LS-Nint1.czi,,,9de3682a6f07397f83d262c897ed87bb1a42e43b10788d637d658a2f16b5b733,Y,,
ACQ-20230704-CELL-009,B05,drive2_MFB-Disco-2,2025-10-02 - Toshiba EXT (Backup)\Proyectos_Laboratorio_Laura\Lung-surfactant\Experimentos-fibroblastos\ki67-Laura\LS-Nint2.czi,,,016f09fc4263492f4dd16505a7c727af359c34f11a65c807f1b90fda33a60924,Y,,
ACQ-20230704-CELL-010,B05,drive2_MFB-Disco-2,2025-10-02 - Toshiba EXT (Backup)\Proyectos_Laboratorio_Laura\Lung-surfactant\Experimentos-fibroblastos\ki67-Laura\LS.czi,,,32d8c3d61a07ec176b351132af5e0e3d9e21e08aa55153069c52a13a9f1d1c88,Y,,
ACQ-20230704-CELL-011,B05,drive2_MFB-Disco-2,2025-10-02 - Toshiba EXT (Backup)\Proyectos_Laboratorio_Laura\Lung-surfactant\Experimentos-fibroblastos\ki67-Laura\LS1.czi,,,83bb7fd18f18db0db00253ce9d60c5ca220c8bfb9195fce5a4920ce7047e75a5,Y,,
ACQ-20230704-CELL-012,B05,drive2_MFB-Disco-2,2025-10-02 - Toshiba EXT (Backup)\Proyectos_Laboratorio_Laura\Lung-surfactant\Experimentos-fibroblastos\ki67-Laura\LS2.czi,,,4a09f11d5dfe5647a34f1cd21e70efac44fc38f758ff286936acbe0177dde509,Y,,
ACQ-20230704-CELL-013,B05,drive2_MFB-Disco-2,2025-10-02 - Toshiba EXT (Backup)\Proyectos_Laboratorio_Laura\Lung-surfactant\Experimentos-fibroblastos\ki67-Laura\LS3.czi,,,7f64ed01100304032bdbcdfa37362e7905ab2fb728f8d9de4e2969d45d625c2d,Y,,
ACQ-20230707-CELL-001,B05,drive1_FRIO-X6,Cell observer\Maria Jesus\230620-TOM20-MTCOI-0522\ID187_10x.czi,,,b171e90c456d56cb65e162f874a30a9ba77c2ef0c9ff1e1c93fe6c1591cec41f,Y,,
ACQ-20230711-CELL-001,B05,drive2_MFB-Disco-2,2025-10-02 - Toshiba EXT (Backup)\Proyectos_Laboratorio_Laura\Lung-surfactant\Experimentos-fibroblastos\ki67-48h-trata\FreeNint-1.czi,,,8889eec4e2b90e74479de2316f30bbaabf382487c5be726017bb11140c8cdc7c,Y,,
ACQ-20230711-CELL-002,B05,drive2_MFB-Disco-2,2025-10-02 - Toshiba EXT (Backup)\Proyectos_Laboratorio_Laura\Lung-surfactant\Experimentos-fibroblastos\ki67-48h-trata\FreeNint-2.czi,,,625adae7c87083b42b32f0719e727f105d5f55c0e366ad6e49dfa423c777a7f0,Y,,
ACQ-20230711-CELL-003,B05,drive2_MFB-Disco-2,2025-10-02 - Toshiba EXT (Backup)\Proyectos_Laboratorio_Laura\Lung-surfactant\Experimentos-fibroblastos\ki67-48h-trata\FreeNint-3.czi,,,df88ab5a062b9458851b2b77438e2bb34a5ef99af2b91c4ef6cb1e4e1e3be9c3,Y,,
ACQ-20230711-CELL-004,B05,drive2_MFB-Disco-2,2025-10-02 - Toshiba EXT (Backup)\Proyectos_Laboratorio_Laura\Lung-surfactant\Experimentos-fibroblastos\ki67-48h-trata\FreeNint-4.czi,,,48c1d2116147e270ce631b93bdb70a103649cfe2f2149c4e65b3e7d0330837eb,Y,,
ACQ-20230711-CELL-005,B05,drive2_MFB-Disco-2,2025-10-02 - Toshiba EXT (Backup)\Proyectos_Laboratorio_Laura\Lung-surfactant\Experimentos-fibroblastos\ki67-48h-trata\LP-1.czi,,,92df95895ceaf64bcf971a04d84c4878198fd80335b65aba63ed38bee830ca6f,Y,,
ACQ-20230711-CELL-006,B05,drive2_MFB-Disco-2,2025-10-02 - Toshiba EXT (Backup)\Proyectos_Laboratorio_Laura\Lung-surfactant\Experimentos-fibroblastos\ki67-48h-trata\LP-2.czi,,,854c6061fd47a4f38ab16af07415e33a1a1e6cacc730de81e5c3c20ebb142b76,Y,,
ACQ-20230711-CELL-007,B05,drive2_MFB-Disco-2,2025-10-02 - Toshiba EXT (Backup)\Proyectos_Laboratorio_Laura\Lung-surfactant\Experimentos-fibroblastos\ki67-48h-trata\LP-3.czi,,,043d7f1127ec894000ace72661b6e16556653af73ff2d1a548a2827d963faf60,Y,,
ACQ-20230711-CELL-008,B05,drive2_MFB-Disco-2,2025-10-02 - Toshiba EXT (Backup)\Proyectos_Laboratorio_Laura\Lung-surfactant\Experimentos-fibroblastos\ki67-48h-trata\LP-4.czi,,,81eabdca8dfe324c849bb80393a2807b53b9345ac5ecc2868581ba2302a97476,Y,,
ACQ-20230711-CELL-009,B05,drive2_MFB-Disco-2,2025-10-02 - Toshiba EXT (Backup)\Proyectos_Laboratorio_Laura\Lung-surfactant\Experimentos-fibroblastos\ki67-48h-trata\LP-5.czi,,,607cc6d7b1a44677ae983e27efaa39a246eaad9562e252594b65fc8159857ce1,Y,,
ACQ-20230711-CELL-010,B05,drive2_MFB-Disco-2,2025-10-02 - Toshiba EXT (Backup)\Proyectos_Laboratorio_Laura\Lung-surfactant\Experimentos-fibroblastos\ki67-48h-trata\LP-Nint-.czi,,,ca7daf28de6ada64db54f32ccdcdaa8d51306c26f75c057df91e52fb7bb0a7f6,Y,,
ACQ-20230711-CELL-011,B05,drive2_MFB-Disco-2,2025-10-02 - Toshiba EXT (Backup)\Proyectos_Laboratorio_Laura\Lung-surfactant\Experimentos-fibroblastos\ki67-48h-trata\LP-Nint-1-escala-200um.czi,,,7d5da1b06e54f93c1572df090c2c9b99b3660bdde0330f7c97dbe9b69fbb293a,Y,,
ACQ-20230711-CELL-012,B05,drive2_MFB-Disco-2,2025-10-02 - Toshiba EXT (Backup)\Proyectos_Laboratorio_Laura\Lung-surfactant\Experimentos-fibroblastos\ki67-48h-trata\LP-Nint-1.czi,,,4b35a7efba822ab568faa47e6a32a792a798b386666cdc4abef16ea047a9d866,Y,,
ACQ-20230711-CELL-013,B05,drive2_MFB-Disco-2,2025-10-02 - Toshiba EXT (Backup)\Proyectos_Laboratorio_Laura\Lung-surfactant\Experimentos-fibroblastos\ki67-48h-trata\LP-Nint-2.czi,,,a88990073bc14d5e41c74601607f457ac59158219499974029a3a4d904642dc2,Y,,
ACQ-20230711-CELL-014,B05,drive2_MFB-Disco-2,2025-10-02 - Toshiba EXT (Backup)\Proyectos_Laboratorio_Laura\Lung-surfactant\Experimentos-fibroblastos\ki67-48h-trata\LP-Nint-4.czi,,,b03e3e8502a83f03c316bd4e3f3b30560498c346d886c8fc615f5b10a56d5bc9,Y,,
ACQ-20230711-CELL-015,B05,drive2_MFB-Disco-2,2025-10-02 - Toshiba EXT (Backup)\Proyectos_Laboratorio_Laura\Lung-surfactant\Experimentos-fibroblastos\ki67-48h-trata\LP-Nint-5.czi,,,bd0ef922faf34a11b2511586f68c6863a6e69d8a2cf3f31cbfffa20c67b55d60,Y,,
ACQ-20230711-CELL-016,B05,drive2_MFB-Disco-2,2025-10-02 - Toshiba EXT (Backup)\Proyectos_Laboratorio_Laura\Lung-surfactant\Experimentos-fibroblastos\ki67-48h-trata\LS-1.czi,,,6471047799da28d167f516f07d3c9b40fe581380b3795848cd7de63e16ea31e9,Y,,
ACQ-20230711-CELL-017,B05,drive2_MFB-Disco-2,2025-10-02 - Toshiba EXT (Backup)\Proyectos_Laboratorio_Laura\Lung-surfactant\Experimentos-fibroblastos\ki67-48h-trata\LS-2.czi,,,4df6940a7e83c9f8c26dfa2a1db2b00e9da07b3d5564dd378fefc09b895b0a87,Y,,
ACQ-20230711-CELL-018,B05,drive2_MFB-Disco-2,2025-10-02 - Toshiba EXT (Backup)\Proyectos_Laboratorio_Laura\Lung-surfactant\Experimentos-fibroblastos\ki67-48h-trata\LS-3.czi,,,de774acdfb26389bea6439631ee6436f5b8daf94aa4ae00f8211611766f00c88,Y,,
ACQ-20230711-CELL-019,B05,drive2_MFB-Disco-2,2025-10-02 - Toshiba EXT (Backup)\Proyectos_Laboratorio_Laura\Lung-surfactant\Experimentos-fibroblastos\ki67-48h-trata\LS-4.czi,,,88223f00256fe93016e2706d88525e02886a924028337caa48dc601f71a23496,Y,,
ACQ-20230711-CELL-020,B05,drive2_MFB-Disco-2,2025-10-02 - Toshiba EXT (Backup)\Proyectos_Laboratorio_Laura\Lung-surfactant\Experimentos-fibroblastos\ki67-48h-trata\LS-5.czi,,,057f168f8b9a93b65543266b431f5d0028bbafa7845e91c1de2d2104787f9557,Y,,
ACQ-20230711-CELL-021,B05,drive2_MFB-Disco-2,2025-10-02 - Toshiba EXT (Backup)\Proyectos_Laboratorio_Laura\Lung-surfactant\Experimentos-fibroblastos\ki67-48h-trata\LS-Nin-1.czi,,,014eff14d2725b7e65093a81214c8343397c5673c5af02cd218721702d5f4e90,Y,,
ACQ-20230711-CELL-022,B05,drive2_MFB-Disco-2,2025-10-02 - Toshiba EXT (Backup)\Proyectos_Laboratorio_Laura\Lung-surfactant\Experimentos-fibroblastos\ki67-48h-trata\LS-Nin-2.czi,,,96aee8818b3494ceaeb12f0fc12d109a2f73f761d81807dc28352bbafb8cb289,Y,,
ACQ-20230711-CELL-023,B05,drive2_MFB-Disco-2,2025-10-02 - Toshiba EXT (Backup)\Proyectos_Laboratorio_Laura\Lung-surfactant\Experimentos-fibroblastos\ki67-48h-trata\LS-Nin-3.czi,,,c544e5dfbe43d674b36597b86f4e2af5235a61223796220e7a97887e623a1542,Y,,
ACQ-20230711-CELL-024,B05,drive2_MFB-Disco-2,2025-10-02 - Toshiba EXT (Backup)\Proyectos_Laboratorio_Laura\Lung-surfactant\Experimentos-fibroblastos\ki67-48h-trata\LS-Nin-4-200um-scale.czi,,,3c7959bc2ca52ed1063059768b49842dc691bb61c691b1633e0b792e471f7069,Y,,
ACQ-20230711-CELL-025,B05,drive2_MFB-Disco-2,2025-10-02 - Toshiba EXT (Backup)\Proyectos_Laboratorio_Laura\Lung-surfactant\Experimentos-fibroblastos\ki67-48h-trata\LS-Nin-4.czi,,,215ba1353e894082b6f0b4e6b5cdb7730da23a9692b12824606f40c38975c193,Y,,
ACQ-20230711-CELL-026,B05,drive2_MFB-Disco-2,2025-10-02 - Toshiba EXT (Backup)\Proyectos_Laboratorio_Laura\Lung-surfactant\Experimentos-fibroblastos\ki67-48h-trata\LS-Nin-5.czi,,,354333d67cd7d1b3d9c5a8de7ac67050abcfae7f6cbfa07ffca95f87a7ba9bed,Y,,
ACQ-20230711-CELL-027,B05,drive2_MFB-Disco-2,2025-10-02 - Toshiba EXT (Backup)\Proyectos_Laboratorio_Laura\Lung-surfactant\Experimentos-fibroblastos\ki67-48h-trata\Pocillo.completo\LP-LP-Nint-Stitching-01.czi,,,e69f62d55dcb5d6eb47ca964b4d4b4f347a27c32af1d208f7b3925e32ddcb025,Y,,
ACQ-20230711-CELL-028,B05,drive2_MFB-Disco-2,2025-10-02 - Toshiba EXT (Backup)\Proyectos_Laboratorio_Laura\Lung-surfactant\Experimentos-fibroblastos\ki67-48h-trata\Pocillo.completo\LP-LP-Nint-Stitching-02.czi,,,4a04af5d5da681b36897a1d77cc1f9d9f284f4e478358181504987c736211c00,Y,,
ACQ-20230711-CELL-029,B05,drive2_MFB-Disco-2,2025-10-02 - Toshiba EXT (Backup)\Proyectos_Laboratorio_Laura\Lung-surfactant\Experimentos-fibroblastos\ki67-48h-trata\Pocillo.completo\LP-LP-Nint.czi,,,80b26372d2a7ed3edcc7574ac958fd1f1335c866917bfaa173a9d0c571373fa2,Y,,
ACQ-20230711-CELL-030,B05,drive2_MFB-Disco-2,2025-10-02 - Toshiba EXT (Backup)\Proyectos_Laboratorio_Laura\Lung-surfactant\Experimentos-fibroblastos\ki67-48h-trata\Pocillo.completo\LS-LS-Nint-Stitching-01.czi,,,e30531efb33ce3108110909dea16967500c9d2e85110ac0369e5a08c0bba2f10,Y,,
ACQ-20230711-CELL-031,B05,drive2_MFB-Disco-2,2025-10-02 - Toshiba EXT (Backup)\Proyectos_Laboratorio_Laura\Lung-surfactant\Experimentos-fibroblastos\ki67-48h-trata\Pocillo.completo\LS-LS-Nint.czi,,,2349198694a1f42a73332babbfb10bff1c2471ff7ba326e15dab89e2c02c9b63,Y,,
ACQ-20230711-CELL-032,B05,drive2_MFB-Disco-2,2025-10-02 - Toshiba EXT (Backup)\Proyectos_Laboratorio_Laura\Lung-surfactant\Experimentos-fibroblastos\ki67-48h-trata\Pocillo.completo\PBS(-)-PBS(+)-FreeNint-Stitching-01.czi,,,56648a16aaf96fa3d0a2799c6d70be27afcddb26afe94d3a951249acbe6ed4fc,Y,,
ACQ-20230711-CELL-033,B05,drive2_MFB-Disco-2,2025-10-02 - Toshiba EXT (Backup)\Proyectos_Laboratorio_Laura\Lung-surfactant\Experimentos-fibroblastos\ki67-48h-trata\Pocillo.completo\PBS(-)-PBS(+)-FreeNint.czi,,,6b7150d6b40229380f7e85860c86f0db99eec7ce9344a55f2472612ac431af81,Y,,
ACQ-20230711-CELL-034,B05,drive2_MFB-Disco-2,2025-10-02 - Toshiba EXT (Backup)\Proyectos_Laboratorio_Laura\Lung-surfactant\Experimentos-fibroblastos\ki67-48h-trata\pbs(+)-1.czi,,,35d7315f1c24b667b734a68b0456467ecdae473f25a8553fb435218207893cf5,Y,,
ACQ-20230711-CELL-035,B05,drive2_MFB-Disco-2,2025-10-02 - Toshiba EXT (Backup)\Proyectos_Laboratorio_Laura\Lung-surfactant\Experimentos-fibroblastos\ki67-48h-trata\pbs(+)-2.czi,,,0ccf92b73f752e2d69420d8891ed222e5762eb8b578e73c5ac6a90cba939b25b,Y,,
ACQ-20230711-CELL-036,B05,drive2_MFB-Disco-2,2025-10-02 - Toshiba EXT (Backup)\Proyectos_Laboratorio_Laura\Lung-surfactant\Experimentos-fibroblastos\ki67-48h-trata\pbs(+)-3.czi,,,ec8387273437d8e9c317dd19b71f3e5cbfd070d87f16aa79aa4fa79cfbe76875,Y,,
ACQ-20230711-CELL-037,B05,drive2_MFB-Disco-2,2025-10-02 - Toshiba EXT (Backup)\Proyectos_Laboratorio_Laura\Lung-surfactant\Experimentos-fibroblastos\ki67-48h-trata\pbs(+)-4.czi,,,5abc4ad9b0192b5bff709a3898bdbaca1eb2be72d6b1e32e97f17dcf57f04725,Y,,
ACQ-20230711-CELL-038,B05,drive2_MFB-Disco-2,2025-10-02 - Toshiba EXT (Backup)\Proyectos_Laboratorio_Laura\Lung-surfactant\Experimentos-fibroblastos\ki67-48h-trata\pbs(+)-5.czi,,,c9ccf37597487e682c0d2be0bfecd4b0dcf6229b48d71bc8fc3f70a4c0130507,Y,,
ACQ-20230711-CELL-039,B05,drive2_MFB-Disco-2,2025-10-02 - Toshiba EXT (Backup)\Proyectos_Laboratorio_Laura\Lung-surfactant\Experimentos-fibroblastos\ki67-48h-trata\pbs(-)-1.czi,,,f1dd438189372acf947d9a9396e94149c6506fbe912899f6cf9a27bff04b7ebd,Y,,
ACQ-20230711-CELL-040,B05,drive2_MFB-Disco-2,2025-10-02 - Toshiba EXT (Backup)\Proyectos_Laboratorio_Laura\Lung-surfactant\Experimentos-fibroblastos\ki67-48h-trata\pbs(-)-2.czi,,,742dd77bece2df33a0e841f6fa1629aad7d5f5abf65f0fc73930300e65956a6c,Y,,
ACQ-20230711-CELL-041,B05,drive2_MFB-Disco-2,2025-10-02 - Toshiba EXT (Backup)\Proyectos_Laboratorio_Laura\Lung-surfactant\Experimentos-fibroblastos\ki67-48h-trata\pbs(-)-3.czi,,,1178290cccfde35f89121baf9e6518ad74ce64d8c0fb68c96653d7db39569a56,Y,,
ACQ-20230711-CELL-042,B05,drive2_MFB-Disco-2,2025-10-02 - Toshiba EXT (Backup)\Proyectos_Laboratorio_Laura\Lung-surfactant\Experimentos-fibroblastos\ki67-48h-trata\pbs(-)-4.czi,,,dea1669de1db1d2246e4d3ff986144b999494e7b76279e3b337bdedb6aa0810b,Y,,
ACQ-20230914-CELL-001,B05,drive2_MFB-Disco-2,2025-10-02 - Toshiba EXT (Backup)\Proyectos_Laboratorio_Laura\Lung-surfactant\Invivo-Agosto23\HE\Blao+saline\62_1.czi,,,e769e4f660de840690e580a431fef0944126eeb044fc0470046bdb6fc4b466ce,Y,,
ACQ-20230914-CELL-002,B05,drive2_MFB-Disco-2,2025-10-02 - Toshiba EXT (Backup)\Proyectos_Laboratorio_Laura\Lung-surfactant\Invivo-Agosto23\HE\Blao+saline\62_2.czi,,,5ff1c1ba7bccd959269f2c44dd6ba564189be2acf748c0c338784c337eab56d3,Y,,
ACQ-20230914-CELL-003,B05,drive2_MFB-Disco-2,2025-10-02 - Toshiba EXT (Backup)\Proyectos_Laboratorio_Laura\Lung-surfactant\Invivo-Agosto23\HE\Blao+saline\62_3.czi,,,73bc500b2fa5ac6fa8da5e743cc99bbc1867b0e3365ed5045da2dbd61ded49b0,Y,,
ACQ-20230914-CELL-004,B05,drive2_MFB-Disco-2,2025-10-02 - Toshiba EXT (Backup)\Proyectos_Laboratorio_Laura\Lung-surfactant\Invivo-Agosto23\HE\Bleo+free-nint\56.czi,,,b9e73790ea7112ff75203bdd38f31cbe15abaa5b7b76f9fed79a1d26949f736c,Y,,
ACQ-20230914-CELL-005,B05,drive2_MFB-Disco-2,2025-10-02 - Toshiba EXT (Backup)\Proyectos_Laboratorio_Laura\Lung-surfactant\Invivo-Agosto23\HE\Bleo+free-nint\56_1.czi,,,b5d3765c5adadba90b1da99cb1b234d5b5dc766fb07c6b5788375083dcf3cbb0,Y,,
ACQ-20230914-CELL-006,B05,drive2_MFB-Disco-2,2025-10-02 - Toshiba EXT (Backup)\Proyectos_Laboratorio_Laura\Lung-surfactant\Invivo-Agosto23\HE\Bleo+free-nint\56_2.czi,,,779099746536e4f84a20bc5f3b1bd92ea7830db2b1436fc4e351ff93cefe38c7,Y,,
ACQ-20230914-CELL-007,B05,drive2_MFB-Disco-2,2025-10-02 - Toshiba EXT (Backup)\Proyectos_Laboratorio_Laura\Lung-surfactant\Invivo-Agosto23\HE\Controles\63.czi,,,3bdc531a12422bdb2170a9c7aed36c10ad3416b74be1eb516f6f00d9c4499b01,Y,,
ACQ-20230914-CELL-008,B05,drive2_MFB-Disco-2,2025-10-02 - Toshiba EXT (Backup)\Proyectos_Laboratorio_Laura\Lung-surfactant\Invivo-Agosto23\HE\Controles\63_1.czi,,,3ed70f4b5b5da3308c7559d00e70f040c31b459738eb01a7609b971e7dd612b5,Y,,
ACQ-20230914-CELL-009,B05,drive2_MFB-Disco-2,2025-10-02 - Toshiba EXT (Backup)\Proyectos_Laboratorio_Laura\Lung-surfactant\Invivo-Agosto23\HE\Controles\63_2.czi,,,4e7214587cd15eb18100d8024962f7a86a3e3cc15c942796a995786ef88b77d9,Y,,
ACQ-20230914-CELL-010,B05,drive2_MFB-Disco-2,2025-10-02 - Toshiba EXT (Backup)\Proyectos_Laboratorio_Laura\Lung-surfactant\Invivo-Agosto23\HE\Controles\63_3.czi,,,1c23533124ad94cb2e0ef2d1c677492f207938b33adbe1710620c724b4aff388,Y,,
ACQ-20230914-CELL-011,B05,drive2_MFB-Disco-2,2025-10-02 - Toshiba EXT (Backup)\Proyectos_Laboratorio_Laura\Lung-surfactant\Invivo-Agosto23\HE\LS-Nint\59_1.czi,,,e773958589915163ab738bd85bc4a62597ba5437b6a30d95fc213cade39a4eb0,Y,,
ACQ-20230914-CELL-012,B05,drive2_MFB-Disco-2,2025-10-02 - Toshiba EXT (Backup)\Proyectos_Laboratorio_Laura\Lung-surfactant\Invivo-Agosto23\HE\LS-Nint\59_2.czi,,,515168cdd272620235fa32c17105c28ea7b4eab7e036870ae22e0b30a19feeb0,Y,,
ACQ-20230914-CELL-013,B05,drive2_MFB-Disco-2,2025-10-02 - Toshiba EXT (Backup)\Proyectos_Laboratorio_Laura\Lung-surfactant\Invivo-Agosto23\HE\LS-Nint\59_3.czi,,,0bb46446e07e1c4a5799a4a4608f74afe775c4eb5e49c598c1f5cf2aa5862570,Y,,
ACQ-20230914-CELL-014,B05,drive2_MFB-Disco-2,2025-10-02 - Toshiba EXT (Backup)\Proyectos_Laboratorio_Laura\Lung-surfactant\Invivo-Agosto23\HE\LS-Nint\ID60-entero.czi,,,d820ff83f36b77fd9f02295dbf94fc5be2b1da260fc38470930899cc1be5a371,Y,,
ACQ-20230915-CELL-001,B05,drive1_FRIO-X6,Former students\Julen\A549_24h_20x.czi,,,cc1a29dcc8cf5f15a5ca6980ba27ee4d8580533e0b80884c07eec9e95eea86cb,Y,,
ACQ-20230915-CELL-002,B05,drive1_FRIO-X6,Former students\Julen\A549_6h_20x.czi,,,43d03fc25753694fe670c81ece57f851315b9a31d84d3ffb9e831574e7960895,Y,,
ACQ-20230915-CELL-003,B05,drive2_MFB-Disco-2,2025-10-02 - Toshiba EXT (Backup)\Proyectos_Laboratorio_Laura\Lung-surfactant\Invivo-Agosto23\HE\LS\68_1.czi,,,e0609878acf6ef5e118d8977a85b31989bebda301cf920a63e04856a54c2f9a2,Y,,
ACQ-20230915-CELL-004,B05,drive2_MFB-Disco-2,2025-10-02 - Toshiba EXT (Backup)\Proyectos_Laboratorio_Laura\Lung-surfactant\Invivo-Agosto23\HE\LS\68_2.czi,,,24065674d0d5ebf39960464effa8a52b2b191c3db41131133da4bcf7d9944d57,Y,,
ACQ-20230915-CELL-005,B05,drive2_MFB-Disco-2,2025-10-02 - Toshiba EXT (Backup)\Proyectos_Laboratorio_Laura\Lung-surfactant\Invivo-Agosto23\HE\LS\68_3.czi,,,09ca71526e43ce9e0ef24c544aaa02afa5ab5469672922ae0ee84c20bc50a32f,Y,,
ACQ-20230915-CELL-006,B05,drive2_MFB-Disco-2,2025-10-02 - Toshiba EXT (Backup)\Proyectos_Laboratorio_Laura\Lung-surfactant\Invivo-Agosto23\HE\LS\Pulmon-entero-68.czi,,,c5657bb300378d8ac366d842ec65314e90d45a806a936b8f8033c5152fb61bfd,Y,,
ACQ-20230918-CELL-001,B05,drive2_MFB-Disco-2,2025-10-02 - Toshiba EXT (Backup)\Proyectos_Laboratorio_Laura\Lung-surfactant\Invivo-Agosto23\MS\Control\63_1.czi,,,26ac5c2814fd4e6ebd6bf905980104420133c16cde7ccbf925436e6cf6230c0b,Y,,
ACQ-20230918-CELL-002,B05,drive2_MFB-Disco-2,2025-10-02 - Toshiba EXT (Backup)\Proyectos_Laboratorio_Laura\Lung-surfactant\Invivo-Agosto23\MS\Control\63_2.czi,,,ed95e534c09f57636b44cd2407ee3911c1df32650e1e2c26cc926804c11cb256,Y,,
ACQ-20230918-CELL-003,B05,drive2_MFB-Disco-2,2025-10-02 - Toshiba EXT (Backup)\Proyectos_Laboratorio_Laura\Lung-surfactant\Invivo-Agosto23\MS\Control\63_3.czi,,,811ef79ac2e887057573389b0889b86f8319c11e84ce9cf8b4aefa1e1f788017,Y,,
ACQ-20230918-CELL-004,B05,drive2_MFB-Disco-2,2025-10-02 - Toshiba EXT (Backup)\Proyectos_Laboratorio_Laura\Lung-surfactant\Invivo-Agosto23\MS\Free Nint\56.czi,,,ea3f4199ec970263d1108b297118fc15a6d3d0e6f3850b851d8cbead32602ab7,Y,,
ACQ-20230918-CELL-005,B05,drive2_MFB-Disco-2,2025-10-02 - Toshiba EXT (Backup)\Proyectos_Laboratorio_Laura\Lung-surfactant\Invivo-Agosto23\MS\Free Nint\56_2.czi,,,4a55ecad37192623e6fe6681f1238644a254aac8d30f06c58630e671da1debaf,Y,,
ACQ-20230918-CELL-006,B05,drive2_MFB-Disco-2,2025-10-02 - Toshiba EXT (Backup)\Proyectos_Laboratorio_Laura\Lung-surfactant\Invivo-Agosto23\MS\Free Nint\56_3.czi,,,d6ff094b37e601e8a2e76434f98fce29c8ce80daa58781222ccc4421412d7e50,Y,,
ACQ-20230918-CELL-007,B05,drive2_MFB-Disco-2,2025-10-02 - Toshiba EXT (Backup)\Proyectos_Laboratorio_Laura\Lung-surfactant\Invivo-Agosto23\MS\IPF\62_1.czi,,,d9a67d56f273df0e53713b0db39f09671b5a6549bb43b20abde0a524f9bacbac,Y,,
ACQ-20230918-CELL-008,B05,drive2_MFB-Disco-2,2025-10-02 - Toshiba EXT (Backup)\Proyectos_Laboratorio_Laura\Lung-surfactant\Invivo-Agosto23\MS\IPF\62_2.czi,,,bb7239b0c4e2fa13193452120acc68eece0dcf509ff9d0c5c13243d3621b95fc,Y,,
ACQ-20230918-CELL-009,B05,drive2_MFB-Disco-2,2025-10-02 - Toshiba EXT (Backup)\Proyectos_Laboratorio_Laura\Lung-surfactant\Invivo-Agosto23\MS\IPF\62_3.czi,,,d5a521b65505c1d3517f3b5f6c9a9a4be4ccc444c8bb786bd98f12db04cb09d3,Y,,
ACQ-20230918-CELL-010,B05,drive2_MFB-Disco-2,2025-10-02 - Toshiba EXT (Backup)\Proyectos_Laboratorio_Laura\Lung-surfactant\Invivo-Agosto23\MS\Ls-Nint\59_1.czi,,,3621abb07585c33c77324765abae69a4e98a99fff36041597e54a90763c0156e,Y,,
ACQ-20230918-CELL-011,B05,drive2_MFB-Disco-2,2025-10-02 - Toshiba EXT (Backup)\Proyectos_Laboratorio_Laura\Lung-surfactant\Invivo-Agosto23\MS\Ls-Nint\59_2.czi,,,f1777266908c2ea202541b418e6afa65eaa31d9656e4611360e70eb73a144e82,Y,,
ACQ-20230918-CELL-012,B05,drive2_MFB-Disco-2,2025-10-02 - Toshiba EXT (Backup)\Proyectos_Laboratorio_Laura\Lung-surfactant\Invivo-Agosto23\MS\Ls-Nint\59_3.czi,,,c4cdd6c1d500727ef49a2d532977ec7b37cc4ec07e50e4f659c0e616ed704f72,Y,,
ACQ-20230919-CELL-001,B05,drive2_MFB-Disco-2,2025-10-02 - Toshiba EXT (Backup)\Proyectos_Laboratorio_Laura\Lung-surfactant\Invivo-Agosto23\MS\LS\68_1.czi,,,d34efc055cf0109c23916969c4e04dc552f69fbe12a08b5eeaa9e540d908d5bf,Y,,
ACQ-20230919-CELL-002,B05,drive2_MFB-Disco-2,2025-10-02 - Toshiba EXT (Backup)\Proyectos_Laboratorio_Laura\Lung-surfactant\Invivo-Agosto23\MS\LS\68_2.czi,,,4981875ccc51c081aace66fe0db38e3a657037d8b9a8000b325ade613be5b19c,Y,,
ACQ-20230919-CELL-003,B05,drive2_MFB-Disco-2,2025-10-02 - Toshiba EXT (Backup)\Proyectos_Laboratorio_Laura\Lung-surfactant\Invivo-Agosto23\MS\LS\68_3.czi,,,9f71cfad55805fe0c472bdb3c39131ace193bde6d2d7ca7fda2c5c0b22201760,Y,,
ACQ-20230920-CELL-001,B05,drive2_MFB-Disco-2,2025-10-02 - Toshiba EXT (Backup)\Proyectos_Laboratorio_Laura\Lung-surfactant\Invivo-Agosto23\HE\20x\56\56-1.czi,,,598cfdab5fcb96129d12239c544798fe586b05be0f5dc82e1261cabdeedf5c2c,Y,,
ACQ-20230920-CELL-002,B05,drive2_MFB-Disco-2,2025-10-02 - Toshiba EXT (Backup)\Proyectos_Laboratorio_Laura\Lung-surfactant\Invivo-Agosto23\HE\20x\56\56-2.czi,,,127322702f0711c1ed685171499a19cca824a7f3786aa08296b2b67d12499ec7,Y,,
ACQ-20230920-CELL-003,B05,drive2_MFB-Disco-2,2025-10-02 - Toshiba EXT (Backup)\Proyectos_Laboratorio_Laura\Lung-surfactant\Invivo-Agosto23\HE\20x\56\56-3.czi,,,d28d2712ae014221137ba0c8001afc6601f4ff866944de261beaa24f1ac60d43,Y,,
ACQ-20230920-CELL-004,B05,drive2_MFB-Disco-2,2025-10-02 - Toshiba EXT (Backup)\Proyectos_Laboratorio_Laura\Lung-surfactant\Invivo-Agosto23\HE\20x\56\56-4.czi,,,7db92d06c010fec0fb9460f41ec642a9452e7cb7bb06274645aadc7a14b041a6,Y,,
ACQ-20230920-CELL-005,B05,drive2_MFB-Disco-2,2025-10-02 - Toshiba EXT (Backup)\Proyectos_Laboratorio_Laura\Lung-surfactant\Invivo-Agosto23\HE\20x\56\56-5.czi,,,4089dc19da585c65e39c86f94913b3f251cd6414d32c2153be1ae6d1fbde3add,Y,,
ACQ-20230920-CELL-006,B05,drive2_MFB-Disco-2,2025-10-02 - Toshiba EXT (Backup)\Proyectos_Laboratorio_Laura\Lung-surfactant\Invivo-Agosto23\HE\20x\56\56-6.czi,,,ffc50a15670983608d416861d4d2653b63dc5f3831691b2c0d28585961a5bb4d,Y,,
ACQ-20230920-CELL-007,B05,drive2_MFB-Disco-2,2025-10-02 - Toshiba EXT (Backup)\Proyectos_Laboratorio_Laura\Lung-surfactant\Invivo-Agosto23\HE\20x\56\56-7.czi,,,9b9a052fa077986d72aaf920ef6d55f52ae97fa7e3e1e6c4721dc51cb0111d3f,Y,,
ACQ-20230920-CELL-008,B05,drive2_MFB-Disco-2,2025-10-02 - Toshiba EXT (Backup)\Proyectos_Laboratorio_Laura\Lung-surfactant\Invivo-Agosto23\HE\20x\56\56-8.czi,,,8cafd976846268e1ebf3c5dc8e1561256409c90e5f0d9a3779517fd7e73e6506,Y,,
ACQ-20230920-CELL-009,B05,drive2_MFB-Disco-2,2025-10-02 - Toshiba EXT (Backup)\Proyectos_Laboratorio_Laura\Lung-surfactant\Invivo-Agosto23\HE\20x\56\56-9.czi,,,758f8fbb7502b1663606c44ae8370926401b83a675a4bfa6bac000552a844fa6,Y,,
ACQ-20230920-CELL-010,B05,drive2_MFB-Disco-2,2025-10-02 - Toshiba EXT (Backup)\Proyectos_Laboratorio_Laura\Lung-surfactant\Invivo-Agosto23\HE\20x\56\56-scale.czi,,,df305b1050577945320e2e43602b4bef79de51c1303d7dd4052c5975724aeb60,Y,,
ACQ-20230920-CELL-011,B05,drive2_MFB-Disco-2,2025-10-02 - Toshiba EXT (Backup)\Proyectos_Laboratorio_Laura\Lung-surfactant\Invivo-Agosto23\HE\20x\56\56.czi,,,eb97b98266e2607436158fcb982bf291688397ab9dea55bdd3099d267c5b1dc0,Y,,
ACQ-20230920-CELL-012,B05,drive2_MFB-Disco-2,2025-10-02 - Toshiba EXT (Backup)\Proyectos_Laboratorio_Laura\Lung-surfactant\Invivo-Agosto23\HE\20x\59\59-1.czi,,,f7dbb9160b23883e3b961875f314183c994ca1f8a5870726cef6d2000f74c50c,Y,,
ACQ-20230920-CELL-013,B05,drive2_MFB-Disco-2,2025-10-02 - Toshiba EXT (Backup)\Proyectos_Laboratorio_Laura\Lung-surfactant\Invivo-Agosto23\HE\20x\59\59-10.czi,,,76ae0e978239c44549943d91dc8de81a102f0e950be900d6404d085662742b7a,Y,,
ACQ-20230920-CELL-014,B05,drive2_MFB-Disco-2,2025-10-02 - Toshiba EXT (Backup)\Proyectos_Laboratorio_Laura\Lung-surfactant\Invivo-Agosto23\HE\20x\59\59-2.czi,,,e239e99f9a71458e743bf98122127b52d37345e6a162bbe0bfc89e5a262ad555,Y,,
ACQ-20230920-CELL-015,B05,drive2_MFB-Disco-2,2025-10-02 - Toshiba EXT (Backup)\Proyectos_Laboratorio_Laura\Lung-surfactant\Invivo-Agosto23\HE\20x\59\59-3.czi,,,4d98f0517b20789db2bc4c487aed71afd4a85cd8be3ebac774ed984a2d5513f6,Y,,
ACQ-20230920-CELL-016,B05,drive2_MFB-Disco-2,2025-10-02 - Toshiba EXT (Backup)\Proyectos_Laboratorio_Laura\Lung-surfactant\Invivo-Agosto23\HE\20x\59\59-4.czi,,,fb21344f2fcd7128a5979981dc4fbf489be71557c6fceab022a54f11dc3f70c7,Y,,
ACQ-20230920-CELL-017,B05,drive2_MFB-Disco-2,2025-10-02 - Toshiba EXT (Backup)\Proyectos_Laboratorio_Laura\Lung-surfactant\Invivo-Agosto23\HE\20x\59\59-5.czi,,,ec1adc62b0c52d0ccc55f0a10681eb0d702e4090fbc7059a22a4d5cc1deafb2c,Y,,
ACQ-20230920-CELL-018,B05,drive2_MFB-Disco-2,2025-10-02 - Toshiba EXT (Backup)\Proyectos_Laboratorio_Laura\Lung-surfactant\Invivo-Agosto23\HE\20x\59\59-6.czi,,,6774e4b0909cc24f0204a9a80bbe9b94a9351503a21c154addc63610b07b985c,Y,,
ACQ-20230920-CELL-019,B05,drive2_MFB-Disco-2,2025-10-02 - Toshiba EXT (Backup)\Proyectos_Laboratorio_Laura\Lung-surfactant\Invivo-Agosto23\HE\20x\59\59-7.czi,,,b53604ce32e2d21bdb0a9196ef6b065a87d2c42feffddf71907c83cea71a8814,Y,,
ACQ-20230920-CELL-020,B05,drive2_MFB-Disco-2,2025-10-02 - Toshiba EXT (Backup)\Proyectos_Laboratorio_Laura\Lung-surfactant\Invivo-Agosto23\HE\20x\59\59-8.czi,,,af2d51ccec4417c0ba9b3a3ea5035e63639b335966f1a31c65d5e760f60e1f95,Y,,
ACQ-20230920-CELL-021,B05,drive2_MFB-Disco-2,2025-10-02 - Toshiba EXT (Backup)\Proyectos_Laboratorio_Laura\Lung-surfactant\Invivo-Agosto23\HE\20x\59\59-9.czi,,,d514453dbecf59ace3de3e0f2af7bad2374ad22875c614d9c76e7edb15afd541,Y,,
ACQ-20230920-CELL-022,B05,drive2_MFB-Disco-2,2025-10-02 - Toshiba EXT (Backup)\Proyectos_Laboratorio_Laura\Lung-surfactant\Invivo-Agosto23\HE\20x\62\62-1.czi,,,561bd810d5729c94598e0514f5d65f5a67c9131cce5f7a72b756de63ec97d6bf,Y,,
ACQ-20230920-CELL-023,B05,drive2_MFB-Disco-2,2025-10-02 - Toshiba EXT (Backup)\Proyectos_Laboratorio_Laura\Lung-surfactant\Invivo-Agosto23\HE\20x\62\62-10.czi,,,2d781a6e724f63faa9c1546f6d1dae6552e1cf780aa7ceb877b31cc11c626a32,Y,,
ACQ-20230920-CELL-024,B05,drive2_MFB-Disco-2,2025-10-02 - Toshiba EXT (Backup)\Proyectos_Laboratorio_Laura\Lung-surfactant\Invivo-Agosto23\HE\20x\62\62-2.czi,,,3ddc397affd2f07ce2e9dd34c730e74b07b1cbd5db1b961de49b7582ed18189e,Y,,
ACQ-20230920-CELL-025,B05,drive2_MFB-Disco-2,2025-10-02 - Toshiba EXT (Backup)\Proyectos_Laboratorio_Laura\Lung-surfactant\Invivo-Agosto23\HE\20x\62\62-3.czi,,,ebaa50fbe4bbe185637157edc35b820754b51511979c123fd12bb784874139e1,Y,,
ACQ-20230920-CELL-026,B05,drive2_MFB-Disco-2,2025-10-02 - Toshiba EXT (Backup)\Proyectos_Laboratorio_Laura\Lung-surfactant\Invivo-Agosto23\HE\20x\62\62-4.czi,,,3c2599616aff2a2a4f6a31a5e3f2005dfd4461aee70adefbf76fd377d83d4009,Y,,
ACQ-20230920-CELL-027,B05,drive2_MFB-Disco-2,2025-10-02 - Toshiba EXT (Backup)\Proyectos_Laboratorio_Laura\Lung-surfactant\Invivo-Agosto23\HE\20x\62\62-5.czi,,,4cee09404b2fed19490c6ce6e2940dadc0ec03087a7cc679aff5a74b7df5f90d,Y,,
ACQ-20230920-CELL-028,B05,drive2_MFB-Disco-2,2025-10-02 - Toshiba EXT (Backup)\Proyectos_Laboratorio_Laura\Lung-surfactant\Invivo-Agosto23\HE\20x\62\62-6.czi,,,99c10b4d655cb57865e7d93327aedb9dab1245e9a87adea0617fcfee1cea37d0,Y,,
ACQ-20230920-CELL-029,B05,drive2_MFB-Disco-2,2025-10-02 - Toshiba EXT (Backup)\Proyectos_Laboratorio_Laura\Lung-surfactant\Invivo-Agosto23\HE\20x\62\62-7.czi,,,402d1caf23d0787a7d4397bf4838fa6e82ea038b10d5c7aae65e4642aca0e552,Y,,
ACQ-20230920-CELL-030,B05,drive2_MFB-Disco-2,2025-10-02 - Toshiba EXT (Backup)\Proyectos_Laboratorio_Laura\Lung-surfactant\Invivo-Agosto23\HE\20x\62\62-8.czi,,,b95e2be880a7438971ce758a01d74f9373b65d6b4b320711f9c5753700308470,Y,,
ACQ-20230920-CELL-031,B05,drive2_MFB-Disco-2,2025-10-02 - Toshiba EXT (Backup)\Proyectos_Laboratorio_Laura\Lung-surfactant\Invivo-Agosto23\HE\20x\62\62-9.czi,,,435b70f6218b929b6d8abb19baae0d99219d46774ba04ffc36ce410d1a1bb9ae,Y,,
ACQ-20230920-CELL-032,B05,drive2_MFB-Disco-2,2025-10-02 - Toshiba EXT (Backup)\Proyectos_Laboratorio_Laura\Lung-surfactant\Invivo-Agosto23\HE\20x\63\63-1.czi,,,0a96cf1471f97eb498d81518df48223a56b576c5190b5a90189fd2724d262b85,Y,,
ACQ-20230920-CELL-033,B05,drive2_MFB-Disco-2,2025-10-02 - Toshiba EXT (Backup)\Proyectos_Laboratorio_Laura\Lung-surfactant\Invivo-Agosto23\HE\20x\63\63-10.czi,,,81e9ce609b899c0ef0194d761ac3e32da45bee58d41b9412c733184addde16c3,Y,,
ACQ-20230920-CELL-034,B05,drive2_MFB-Disco-2,2025-10-02 - Toshiba EXT (Backup)\Proyectos_Laboratorio_Laura\Lung-surfactant\Invivo-Agosto23\HE\20x\63\63-2.czi,,,769b9ddd668840a505e16ecaa910dcc72a036db9e79061a39a6611dfb010ef33,Y,,
ACQ-20230920-CELL-035,B05,drive2_MFB-Disco-2,2025-10-02 - Toshiba EXT (Backup)\Proyectos_Laboratorio_Laura\Lung-surfactant\Invivo-Agosto23\HE\20x\63\63-3.czi,,,1b3f5aac854d0519c8efe9d017c547d2d3b9692005d93dcd87dbafe13cc48762,Y,,
ACQ-20230920-CELL-036,B05,drive2_MFB-Disco-2,2025-10-02 - Toshiba EXT (Backup)\Proyectos_Laboratorio_Laura\Lung-surfactant\Invivo-Agosto23\HE\20x\63\63-4.czi,,,6ac61d8afeaf8b40b8b6813c1b0a765b357f19702d4dd1fa2ac1eeec25ceccd5,Y,,
ACQ-20230920-CELL-037,B05,drive2_MFB-Disco-2,2025-10-02 - Toshiba EXT (Backup)\Proyectos_Laboratorio_Laura\Lung-surfactant\Invivo-Agosto23\HE\20x\63\63-5.czi,,,f03a44893680a476f88e3c28ec2900c6592af706a87072659d012590b62eaac9,Y,,
ACQ-20230920-CELL-038,B05,drive2_MFB-Disco-2,2025-10-02 - Toshiba EXT (Backup)\Proyectos_Laboratorio_Laura\Lung-surfactant\Invivo-Agosto23\HE\20x\63\63-6.czi,,,b2150521d6f658fa25f49fb433110c7087f5cb2fdaf05eccdd818d62c46c6580,Y,,
ACQ-20230920-CELL-039,B05,drive2_MFB-Disco-2,2025-10-02 - Toshiba EXT (Backup)\Proyectos_Laboratorio_Laura\Lung-surfactant\Invivo-Agosto23\HE\20x\63\63-7.czi,,,94d3077c1fd420a49c7edb5a155c57e552ccb840ee49ea2ff53990d63312b38a,Y,,
ACQ-20230920-CELL-040,B05,drive2_MFB-Disco-2,2025-10-02 - Toshiba EXT (Backup)\Proyectos_Laboratorio_Laura\Lung-surfactant\Invivo-Agosto23\HE\20x\63\63-8.czi,,,e5d009037c1738348147b2e058df99d9267de188c7ca682a58e0e4af9df46756,Y,,
ACQ-20230920-CELL-041,B05,drive2_MFB-Disco-2,2025-10-02 - Toshiba EXT (Backup)\Proyectos_Laboratorio_Laura\Lung-surfactant\Invivo-Agosto23\HE\20x\63\63-9.czi,,,049b301be223cbe62d14b4ea71ebc31acff8650e67f7eb811f802ab0f0969775,Y,,
ACQ-20230920-CELL-042,B05,drive2_MFB-Disco-2,2025-10-02 - Toshiba EXT (Backup)\Proyectos_Laboratorio_Laura\Lung-surfactant\Invivo-Agosto23\HE\20x\68\2.czi,,,992e6701eda61d97186919f28573caecd6374864eaedd56458b37b2da7981c14,Y,,
ACQ-20230920-CELL-043,B05,drive2_MFB-Disco-2,2025-10-02 - Toshiba EXT (Backup)\Proyectos_Laboratorio_Laura\Lung-surfactant\Invivo-Agosto23\HE\20x\68\68-1.czi,,,f54a08c70d2ff241dc07eef4ca80b464608d61c927afaa21882004f50803ba2f,Y,,
ACQ-20230920-CELL-044,B05,drive2_MFB-Disco-2,2025-10-02 - Toshiba EXT (Backup)\Proyectos_Laboratorio_Laura\Lung-surfactant\Invivo-Agosto23\HE\20x\68\68-10.czi,,,a71cfbde9d85bf1f3b9a1a8d8d661287ef589ca6ca7d069bad0cf8a824512398,Y,,
ACQ-20230920-CELL-045,B05,drive2_MFB-Disco-2,2025-10-02 - Toshiba EXT (Backup)\Proyectos_Laboratorio_Laura\Lung-surfactant\Invivo-Agosto23\HE\20x\68\68-3.czi,,,122a5969b926416b6c971e791aeceebb2d6a1e008ac6f628c3698f70a0ea8777,Y,,
ACQ-20230920-CELL-046,B05,drive2_MFB-Disco-2,2025-10-02 - Toshiba EXT (Backup)\Proyectos_Laboratorio_Laura\Lung-surfactant\Invivo-Agosto23\HE\20x\68\68-4.czi,,,b5513f414d4aa7b7113412f20a7076caaff84568c17f44f05c4144418211b221,Y,,
ACQ-20230920-CELL-047,B05,drive2_MFB-Disco-2,2025-10-02 - Toshiba EXT (Backup)\Proyectos_Laboratorio_Laura\Lung-surfactant\Invivo-Agosto23\HE\20x\68\68-5.czi,,,ddfc4478d641d64019d661351351ddae2eea58c1a1cea53e87afb58e48bc11f2,Y,,
ACQ-20230920-CELL-048,B05,drive2_MFB-Disco-2,2025-10-02 - Toshiba EXT (Backup)\Proyectos_Laboratorio_Laura\Lung-surfactant\Invivo-Agosto23\HE\20x\68\68-6.czi,,,c488165e195b3fa83e4c381ae2b2532b38e528b572c69941e2690f337669cf5b,Y,,
ACQ-20230920-CELL-049,B05,drive2_MFB-Disco-2,2025-10-02 - Toshiba EXT (Backup)\Proyectos_Laboratorio_Laura\Lung-surfactant\Invivo-Agosto23\HE\20x\68\68-7.czi,,,88f9112b53532dc514f2a2760297c333945000640230a9486965e6cb83afade5,Y,,
ACQ-20230920-CELL-050,B05,drive2_MFB-Disco-2,2025-10-02 - Toshiba EXT (Backup)\Proyectos_Laboratorio_Laura\Lung-surfactant\Invivo-Agosto23\HE\20x\68\68-8.czi,,,a65c6047486fb9e778a9e7998771c36129bb702da83000ce2056317e0e314d71,Y,,
ACQ-20230920-CELL-051,B05,drive2_MFB-Disco-2,2025-10-02 - Toshiba EXT (Backup)\Proyectos_Laboratorio_Laura\Lung-surfactant\Invivo-Agosto23\HE\20x\68\68-9.czi,,,36c52087f79d8dddcec7ed3fbecb6bd0ac4aded94a6163d3c951eba8eec69383,Y,,
ACQ-20230920-CELL-052,B05,drive2_MFB-Disco-2,2025-10-02 - Toshiba EXT (Backup)\Proyectos_Laboratorio_Laura\Lung-surfactant\Invivo-Agosto23\HE\40x\53-1.czi,,,2eea51b6101480020b2ca1fa6d1220d4496f901585aa27e5939482bef52509ef,Y,,
ACQ-20230920-CELL-053,B05,drive2_MFB-Disco-2,2025-10-02 - Toshiba EXT (Backup)\Proyectos_Laboratorio_Laura\Lung-surfactant\Invivo-Agosto23\HE\40x\53-10.czi,,,5a3321d75e4c01a41531a4e8cbe96066d9fd54bb115b2387551fa53307ec281e,Y,,
ACQ-20230920-CELL-054,B05,drive2_MFB-Disco-2,2025-10-02 - Toshiba EXT (Backup)\Proyectos_Laboratorio_Laura\Lung-surfactant\Invivo-Agosto23\HE\40x\53-2.czi,,,b7d596797eb300375ed8bc92bf2419503e3c6301de5445613fb3aeea2d11ece1,Y,,
ACQ-20230920-CELL-055,B05,drive2_MFB-Disco-2,2025-10-02 - Toshiba EXT (Backup)\Proyectos_Laboratorio_Laura\Lung-surfactant\Invivo-Agosto23\HE\40x\53-3.czi,,,dab701dd2e2b3f776e078d28d9a744be565f17ee107bc0762b3986e36401b65c,Y,,
ACQ-20230920-CELL-056,B05,drive2_MFB-Disco-2,2025-10-02 - Toshiba EXT (Backup)\Proyectos_Laboratorio_Laura\Lung-surfactant\Invivo-Agosto23\HE\40x\53-4.czi,,,7035f49357e356a2fba4589fff729848782e378f1a3b095a646d1ecc0f211345,Y,,
ACQ-20230920-CELL-057,B05,drive2_MFB-Disco-2,2025-10-02 - Toshiba EXT (Backup)\Proyectos_Laboratorio_Laura\Lung-surfactant\Invivo-Agosto23\HE\40x\53-5.czi,,,008acf5c7e0c2e624bf4e406c4de16f058f54564495a0b135a06b2b55e573c2a,Y,,
ACQ-20230920-CELL-058,B05,drive2_MFB-Disco-2,2025-10-02 - Toshiba EXT (Backup)\Proyectos_Laboratorio_Laura\Lung-surfactant\Invivo-Agosto23\HE\40x\53-6.czi,,,51aec812045f863c56d5aa57dd3fbaecf0d9af5b5f02cb7a384503871bc0cb50,Y,,
ACQ-20230920-CELL-059,B05,drive2_MFB-Disco-2,2025-10-02 - Toshiba EXT (Backup)\Proyectos_Laboratorio_Laura\Lung-surfactant\Invivo-Agosto23\HE\40x\53-7.czi,,,d62fd9883ffc346787df7834a1a955009ad5f7a7aa44c52490dcfb7332b2ee4c,Y,,
ACQ-20230920-CELL-060,B05,drive2_MFB-Disco-2,2025-10-02 - Toshiba EXT (Backup)\Proyectos_Laboratorio_Laura\Lung-surfactant\Invivo-Agosto23\HE\40x\53-8.czi,,,405a225f560bafcc27d44323c2809249f70d2ebf8ab92d4632c3ba0cbb74c703,Y,,
ACQ-20230920-CELL-061,B05,drive2_MFB-Disco-2,2025-10-02 - Toshiba EXT (Backup)\Proyectos_Laboratorio_Laura\Lung-surfactant\Invivo-Agosto23\HE\40x\53-9.czi,,,525fa26aa4ed08dc32deb110819c6443c1074b1cf7201a2b3c751a69eccd9dc5,Y,,
ACQ-20230920-CELL-062,B05,drive2_MFB-Disco-2,2025-10-02 - Toshiba EXT (Backup)\Proyectos_Laboratorio_Laura\Lung-surfactant\Invivo-Agosto23\HE\40x\54-1.czi,,,183afe6c39c992e4677a1fc049396fb601898191107b28ddd2bcda4b55fbb256,Y,,
ACQ-20230920-CELL-063,B05,drive2_MFB-Disco-2,2025-10-02 - Toshiba EXT (Backup)\Proyectos_Laboratorio_Laura\Lung-surfactant\Invivo-Agosto23\HE\40x\54-10.czi,,,86e52f82f2ea968059644387ba5bf6436ccf5da7ed481916503003c6d3b026f2,Y,,
ACQ-20230920-CELL-064,B05,drive2_MFB-Disco-2,2025-10-02 - Toshiba EXT (Backup)\Proyectos_Laboratorio_Laura\Lung-surfactant\Invivo-Agosto23\HE\40x\54-2.czi,,,e07f8415ef97ade1e9bffd1cd90efdc4448eda7acdeb73d7e031091196c64e28,Y,,
ACQ-20230920-CELL-065,B05,drive2_MFB-Disco-2,2025-10-02 - Toshiba EXT (Backup)\Proyectos_Laboratorio_Laura\Lung-surfactant\Invivo-Agosto23\HE\40x\54-3.czi,,,4e03ffcf8f42382309c8f212dafaced08d1de02ea6ad50582a923d324141bfdb,Y,,
ACQ-20230920-CELL-066,B05,drive2_MFB-Disco-2,2025-10-02 - Toshiba EXT (Backup)\Proyectos_Laboratorio_Laura\Lung-surfactant\Invivo-Agosto23\HE\40x\54-4.czi,,,e96511a913348cfd3124ccfd1d4b136b6d3538a31312c2bf7b02d4fc049b3236,Y,,
ACQ-20230920-CELL-067,B05,drive2_MFB-Disco-2,2025-10-02 - Toshiba EXT (Backup)\Proyectos_Laboratorio_Laura\Lung-surfactant\Invivo-Agosto23\HE\40x\54-5.czi,,,bbb0e1b0edc587285d5b450ad3e46f30b637964153cfd616ad8dd41682fbcf4f,Y,,
ACQ-20230920-CELL-068,B05,drive2_MFB-Disco-2,2025-10-02 - Toshiba EXT (Backup)\Proyectos_Laboratorio_Laura\Lung-surfactant\Invivo-Agosto23\HE\40x\54-6.czi,,,cb9b221919090ed62e56dcd04c6b578c196ccce3ca36f0133f344a105b5baa62,Y,,
ACQ-20230920-CELL-069,B05,drive2_MFB-Disco-2,2025-10-02 - Toshiba EXT (Backup)\Proyectos_Laboratorio_Laura\Lung-surfactant\Invivo-Agosto23\HE\40x\54-7.czi,,,121edb13303c05c9e033a1f8d62c965240ae9f8cd4506b52dadf551639e5fa39,Y,,
ACQ-20230920-CELL-070,B05,drive2_MFB-Disco-2,2025-10-02 - Toshiba EXT (Backup)\Proyectos_Laboratorio_Laura\Lung-surfactant\Invivo-Agosto23\HE\40x\54-8.czi,,,69bc2e9a380a81eadaab3437824ad3b602dddf0b120f1b7dc6ee5ce5a06e2d12,Y,,
ACQ-20230920-CELL-071,B05,drive2_MFB-Disco-2,2025-10-02 - Toshiba EXT (Backup)\Proyectos_Laboratorio_Laura\Lung-surfactant\Invivo-Agosto23\HE\40x\54-9.czi,,,33199e3c26454a8df4b9149fd62b5d1625326fd4f30ed2f152b6852aceb66b17,Y,,
ACQ-20230920-CELL-072,B05,drive2_MFB-Disco-2,2025-10-02 - Toshiba EXT (Backup)\Proyectos_Laboratorio_Laura\Lung-surfactant\Invivo-Agosto23\HE\40x\55-1.czi,,,13b793cd997a28597b1904a9636fc072c357792cb4f1cdb2169d0b8213f9c088,Y,,
ACQ-20230920-CELL-073,B05,drive2_MFB-Disco-2,2025-10-02 - Toshiba EXT (Backup)\Proyectos_Laboratorio_Laura\Lung-surfactant\Invivo-Agosto23\HE\40x\55-2.czi,,,fe1617b4303673004e9826ef7918fe517ab098fe1863de19bd6a20dab0a0ea47,Y,,
ACQ-20230920-CELL-074,B05,drive2_MFB-Disco-2,2025-10-02 - Toshiba EXT (Backup)\Proyectos_Laboratorio_Laura\Lung-surfactant\Invivo-Agosto23\HE\40x\55-3.czi,,,a6685430374637cb9ea02cc73345aa4e98e42e2e6fade42a6877ae44eddfe2b0,Y,,
ACQ-20230920-CELL-075,B05,drive2_MFB-Disco-2,2025-10-02 - Toshiba EXT (Backup)\Proyectos_Laboratorio_Laura\Lung-surfactant\Invivo-Agosto23\HE\40x\55-4.czi,,,90a51940c1244bf33e5fa59ae01ea823e09da5a4909bb89565de7b14a6474c12,Y,,
ACQ-20230920-CELL-076,B05,drive2_MFB-Disco-2,2025-10-02 - Toshiba EXT (Backup)\Proyectos_Laboratorio_Laura\Lung-surfactant\Invivo-Agosto23\HE\40x\55-5.czi,,,7381ffd29e52e8cc0b949a3fc36b7ba98e796c92d2296cf268e2a69cd9643a88,Y,,
ACQ-20230920-CELL-077,B05,drive2_MFB-Disco-2,2025-10-02 - Toshiba EXT (Backup)\Proyectos_Laboratorio_Laura\Lung-surfactant\Invivo-Agosto23\HE\40x\55-6.czi,,,6682b073c88520232322c9d4befb9fb7e8cf1b0332f0be28bdff06010d87e4ca,Y,,
ACQ-20230920-CELL-078,B05,drive2_MFB-Disco-2,2025-10-02 - Toshiba EXT (Backup)\Proyectos_Laboratorio_Laura\Lung-surfactant\Invivo-Agosto23\TM\20x\55-1.czi,,,915eb137b3b87e980ca3e098d943bb2acf0e5645e8754d7bd2d25ad26d0ddeac,Y,,
ACQ-20230920-CELL-079,B05,drive2_MFB-Disco-2,2025-10-02 - Toshiba EXT (Backup)\Proyectos_Laboratorio_Laura\Lung-surfactant\Invivo-Agosto23\TM\20x\55-2.czi,,,853894580287c79bbe2554be729969a4f0934c05175db664651d7f6e3d48a1a8,Y,,
ACQ-20230920-CELL-080,B05,drive2_MFB-Disco-2,2025-10-02 - Toshiba EXT (Backup)\Proyectos_Laboratorio_Laura\Lung-surfactant\Invivo-Agosto23\TM\20x\55-3.czi,,,cd0af65f07f1402bf04d3833e76b45e9d525112f7cb3d7554eca6c99acdb7d0c,Y,,
ACQ-20230920-CELL-081,B05,drive2_MFB-Disco-2,2025-10-02 - Toshiba EXT (Backup)\Proyectos_Laboratorio_Laura\Lung-surfactant\Invivo-Agosto23\TM\20x\55-4.czi,,,310c48eba0289fb804210dbd30e0f69ab54fee0a2b3578dc9b82080e46c48cbf,Y,,
ACQ-20230920-CELL-082,B05,drive2_MFB-Disco-2,2025-10-02 - Toshiba EXT (Backup)\Proyectos_Laboratorio_Laura\Lung-surfactant\Invivo-Agosto23\TM\20x\55-5.czi,,,26d8b955920ed549f2271092c703294a2e806aa1e29981fd3e537de7b26b86a1,Y,,
ACQ-20230920-CELL-083,B05,drive2_MFB-Disco-2,2025-10-02 - Toshiba EXT (Backup)\Proyectos_Laboratorio_Laura\Lung-surfactant\Invivo-Agosto23\TM\20x\56-1.czi,,,b1022c6b6868a9d3f6cb18ae5cc2580693ed4c57478b3b6bcdc9d13b36c6cf0e,Y,,
ACQ-20230920-CELL-084,B05,drive2_MFB-Disco-2,2025-10-02 - Toshiba EXT (Backup)\Proyectos_Laboratorio_Laura\Lung-surfactant\Invivo-Agosto23\TM\20x\56-2.czi,,,901b195341137da2e6e0ee14d439a46e8479eb94b26a124cef4c606ef95c66be,Y,,
ACQ-20230920-CELL-085,B05,drive2_MFB-Disco-2,2025-10-02 - Toshiba EXT (Backup)\Proyectos_Laboratorio_Laura\Lung-surfactant\Invivo-Agosto23\TM\20x\56-3.czi,,,7e6fcbb3e4d242cac62f4f31f3fb90b8fedbc73620ad31ed34846c5d8e72ef4e,Y,,
ACQ-20230920-CELL-086,B05,drive2_MFB-Disco-2,2025-10-02 - Toshiba EXT (Backup)\Proyectos_Laboratorio_Laura\Lung-surfactant\Invivo-Agosto23\TM\20x\56-4.czi,,,1b49c5204633ccf32608ec960246af5c81f9af8f12a508baf6c60298ca3aa5a0,Y,,
ACQ-20230920-CELL-087,B05,drive2_MFB-Disco-2,2025-10-02 - Toshiba EXT (Backup)\Proyectos_Laboratorio_Laura\Lung-surfactant\Invivo-Agosto23\TM\20x\56-5.czi,,,f3548e3c75d84ce53e9ab79c6b1574b67327cbcf977f47d14685bf5f13665b18,Y,,
ACQ-20230920-CELL-088,B05,drive2_MFB-Disco-2,2025-10-02 - Toshiba EXT (Backup)\Proyectos_Laboratorio_Laura\Lung-surfactant\Invivo-Agosto23\TM\20x\59-1.czi,,,547b837a5da6956646623d1ba83082fa92a7b0bb668e19bf5303ac32d6b55320,Y,,
ACQ-20230920-CELL-089,B05,drive2_MFB-Disco-2,2025-10-02 - Toshiba EXT (Backup)\Proyectos_Laboratorio_Laura\Lung-surfactant\Invivo-Agosto23\TM\20x\59-2.czi,,,72c03ce670ba1db600e81634d471fa763e539eb49995e362916ab1b425c0ac34,Y,,
ACQ-20230920-CELL-090,B05,drive2_MFB-Disco-2,2025-10-02 - Toshiba EXT (Backup)\Proyectos_Laboratorio_Laura\Lung-surfactant\Invivo-Agosto23\TM\20x\59-3.czi,,,fa5fccebf46fd8d5c8e53581423e5e9521a0a13a30f25fe668c77f295facaa92,Y,,
ACQ-20230920-CELL-091,B05,drive2_MFB-Disco-2,2025-10-02 - Toshiba EXT (Backup)\Proyectos_Laboratorio_Laura\Lung-surfactant\Invivo-Agosto23\TM\20x\59-4.czi,,,1f034d94a4588f3a0df961b9819697f77d413288be9ab9fbec38ab63f78b2a4f,Y,,
ACQ-20230920-CELL-092,B05,drive2_MFB-Disco-2,2025-10-02 - Toshiba EXT (Backup)\Proyectos_Laboratorio_Laura\Lung-surfactant\Invivo-Agosto23\TM\20x\59-5.czi,,,bb27909f712eb6aa56668958285e687c0a57af67b72541ed8445fcb298b9f7d3,Y,,
ACQ-20230920-CELL-093,B05,drive2_MFB-Disco-2,2025-10-02 - Toshiba EXT (Backup)\Proyectos_Laboratorio_Laura\Lung-surfactant\Invivo-Agosto23\TM\20x\62-1.czi,,,c3117fcfe8f8d397500f575e045209f901dac0c281120ddb1b5b651ab99ef068,Y,,
ACQ-20230920-CELL-094,B05,drive2_MFB-Disco-2,2025-10-02 - Toshiba EXT (Backup)\Proyectos_Laboratorio_Laura\Lung-surfactant\Invivo-Agosto23\TM\20x\62-2.czi,,,836b234daffd216cbbc9091cc919f309e18ea2cfbcd7ac4babfc7192bb15ef54,Y,,
ACQ-20230920-CELL-095,B05,drive2_MFB-Disco-2,2025-10-02 - Toshiba EXT (Backup)\Proyectos_Laboratorio_Laura\Lung-surfactant\Invivo-Agosto23\TM\20x\62-3.czi,,,f24db791872af028cd42c8f945452eb14ad61edb44ce010b0041fe720ffcc92b,Y,,
ACQ-20230920-CELL-096,B05,drive2_MFB-Disco-2,2025-10-02 - Toshiba EXT (Backup)\Proyectos_Laboratorio_Laura\Lung-surfactant\Invivo-Agosto23\TM\20x\62-4.czi,,,095d6aecd70dd4545742d10a289430eac2a73cea90d2bb96584af46ca41f7862,Y,,
ACQ-20230920-CELL-097,B05,drive2_MFB-Disco-2,2025-10-02 - Toshiba EXT (Backup)\Proyectos_Laboratorio_Laura\Lung-surfactant\Invivo-Agosto23\TM\20x\62-5.czi,,,56b05c732bf431512187ae3e6849df34e3913582a108b5b1adf714887e099a5e,Y,,
ACQ-20230920-CELL-098,B05,drive2_MFB-Disco-2,2025-10-02 - Toshiba EXT (Backup)\Proyectos_Laboratorio_Laura\Lung-surfactant\Invivo-Agosto23\TM\20x\63-1.czi,,,65e2682a1820a37e321a11b3a8dc04a7237adeb20a64e70ed58521e370285804,Y,,
ACQ-20230920-CELL-099,B05,drive2_MFB-Disco-2,2025-10-02 - Toshiba EXT (Backup)\Proyectos_Laboratorio_Laura\Lung-surfactant\Invivo-Agosto23\TM\20x\63-2-SCALE.czi,,,f01ba9bc00ca1c07973fd46b58ac13059124754786164688e4ec32eec438a718,Y,,
ACQ-20230920-CELL-100,B05,drive2_MFB-Disco-2,2025-10-02 - Toshiba EXT (Backup)\Proyectos_Laboratorio_Laura\Lung-surfactant\Invivo-Agosto23\TM\20x\63-2.czi,,,0b6f8b1b9ef52e3730c1904c477c00bea224483477b8fa7048955412f8c18609,Y,,
ACQ-20230920-CELL-101,B05,drive2_MFB-Disco-2,2025-10-02 - Toshiba EXT (Backup)\Proyectos_Laboratorio_Laura\Lung-surfactant\Invivo-Agosto23\TM\20x\63-3.czi,,,26a9263e93d3abe2b38bef71c90065124dce98dbd1bc957a719ecde7e1f5767c,Y,,
ACQ-20230920-CELL-102,B05,drive2_MFB-Disco-2,2025-10-02 - Toshiba EXT (Backup)\Proyectos_Laboratorio_Laura\Lung-surfactant\Invivo-Agosto23\TM\20x\63-4.czi,,,17fd462c01cc61b26a23c6173810c35bb616a20f78153fbc0c53bb53f898e646,Y,,
ACQ-20230920-CELL-103,B05,drive2_MFB-Disco-2,2025-10-02 - Toshiba EXT (Backup)\Proyectos_Laboratorio_Laura\Lung-surfactant\Invivo-Agosto23\TM\20x\63-5.czi,,,912a3cd0f271366765c3ed59cd4310a5033175e6f9586800b440b30f596e7152,Y,,
ACQ-20230920-CELL-104,B05,drive2_MFB-Disco-2,2025-10-02 - Toshiba EXT (Backup)\Proyectos_Laboratorio_Laura\Lung-surfactant\Invivo-Agosto23\TM\20x\68-1.czi,,,a7f96034a08136a8c6bf7c0b12ec297fc6971f1a3151fb686d13c8ab6212e998,Y,,
ACQ-20230920-CELL-105,B05,drive2_MFB-Disco-2,2025-10-02 - Toshiba EXT (Backup)\Proyectos_Laboratorio_Laura\Lung-surfactant\Invivo-Agosto23\TM\20x\68-2.czi,,,90cefd1631e53fdcc18d9406aabb03113d8f3cd64b5c0241981ae0ac2bb1aa8b,Y,,
ACQ-20230920-CELL-106,B05,drive2_MFB-Disco-2,2025-10-02 - Toshiba EXT (Backup)\Proyectos_Laboratorio_Laura\Lung-surfactant\Invivo-Agosto23\TM\20x\68-3.czi,,,1cf85d2e09016cc0978ad97350b7663a74e7f9866626b527c88f3e27180a9d29,Y,,
ACQ-20230920-CELL-107,B05,drive2_MFB-Disco-2,2025-10-02 - Toshiba EXT (Backup)\Proyectos_Laboratorio_Laura\Lung-surfactant\Invivo-Agosto23\TM\20x\68-4.czi,,,0148c3a2712962d039c05551c2cfd640c40695bf814909f479b809de827bf433,Y,,
ACQ-20230920-CELL-108,B05,drive2_MFB-Disco-2,2025-10-02 - Toshiba EXT (Backup)\Proyectos_Laboratorio_Laura\Lung-surfactant\Invivo-Agosto23\TM\20x\68-5.czi,,,3f95c4c0012dcae5186ed3cb8b71db5ac075664ec7d060c6fd1dad00af0fd733,Y,,
ACQ-20230926-CELL-001,B05,drive2_MFB-Disco-2,2025-10-02 - Toshiba EXT (Backup)\Proyectos_Laboratorio_Laura\Lung-surfactant\Invivo-Agosto23\HE\40x\55-10.czi,,,98f4f29119cd35b128744423016b9297d74c46362d9d8be5ac0e28d9c3ccd7d8,Y,,
ACQ-20230926-CELL-002,B05,drive2_MFB-Disco-2,2025-10-02 - Toshiba EXT (Backup)\Proyectos_Laboratorio_Laura\Lung-surfactant\Invivo-Agosto23\HE\40x\55-7.czi,,,b9c8bed0b0b2af676f308cc592663fbf65944f2cefc6b78029959d04e9c4f622,Y,,
ACQ-20230926-CELL-003,B05,drive2_MFB-Disco-2,2025-10-02 - Toshiba EXT (Backup)\Proyectos_Laboratorio_Laura\Lung-surfactant\Invivo-Agosto23\HE\40x\55-8.czi,,,c7d50905963339f4428be607a8ba2463048de8bfa247d5471faafa7b490b5f33,Y,,
ACQ-20230926-CELL-004,B05,drive2_MFB-Disco-2,2025-10-02 - Toshiba EXT (Backup)\Proyectos_Laboratorio_Laura\Lung-surfactant\Invivo-Agosto23\HE\40x\55-9.czi,,,ce3dae23a4721cea03c944f161e2bbb3812813036a8ee845ae39344d5052292f,Y,,
ACQ-20230926-CELL-005,B05,drive2_MFB-Disco-2,2025-10-02 - Toshiba EXT (Backup)\Proyectos_Laboratorio_Laura\Lung-surfactant\Invivo-Agosto23\HE\40x\56-1.czi,,,6a62abb458ab46f6ba3d4871bc2ca0d335649b8357e7a07b328895648e2d936b,Y,,
ACQ-20230926-CELL-006,B05,drive2_MFB-Disco-2,2025-10-02 - Toshiba EXT (Backup)\Proyectos_Laboratorio_Laura\Lung-surfactant\Invivo-Agosto23\HE\40x\56-10.czi,,,9a1fc7b8145f1acc61f46217233bbbee6ddcd90c755668f2fa6ecd3f760a82cf,Y,,
ACQ-20230926-CELL-007,B05,drive2_MFB-Disco-2,2025-10-02 - Toshiba EXT (Backup)\Proyectos_Laboratorio_Laura\Lung-surfactant\Invivo-Agosto23\HE\40x\56-2.czi,,,c39b1cac2ae29dfc3d12458eb55e47da71ece3c0df189dba224b7ce7fc4e3b7a,Y,,
ACQ-20230926-CELL-008,B05,drive2_MFB-Disco-2,2025-10-02 - Toshiba EXT (Backup)\Proyectos_Laboratorio_Laura\Lung-surfactant\Invivo-Agosto23\HE\40x\56-3.czi,,,873ef02bac99383e56d3390f8b2b212454b93a170dce64e343f58d750f43cab6,Y,,
ACQ-20230926-CELL-009,B05,drive2_MFB-Disco-2,2025-10-02 - Toshiba EXT (Backup)\Proyectos_Laboratorio_Laura\Lung-surfactant\Invivo-Agosto23\HE\40x\56-4.czi,,,328875de730da03d08c4deb97ae7cee47ebf1f353eae0cd36b88e5fbad76ca7d,Y,,
ACQ-20230926-CELL-010,B05,drive2_MFB-Disco-2,2025-10-02 - Toshiba EXT (Backup)\Proyectos_Laboratorio_Laura\Lung-surfactant\Invivo-Agosto23\HE\40x\56-5.czi,,,4383e99429fd78807b2e58793835e0854eba119758cdc20b483a580ee5e03735,Y,,
ACQ-20230926-CELL-011,B05,drive2_MFB-Disco-2,2025-10-02 - Toshiba EXT (Backup)\Proyectos_Laboratorio_Laura\Lung-surfactant\Invivo-Agosto23\HE\40x\56-6.czi,,,23f5286601ca6aa527787ef0984bdf2bf0637f84f84e329df675d256f90dc908,Y,,
ACQ-20230926-CELL-012,B05,drive2_MFB-Disco-2,2025-10-02 - Toshiba EXT (Backup)\Proyectos_Laboratorio_Laura\Lung-surfactant\Invivo-Agosto23\HE\40x\56-7.czi,,,9f81557f2720225ff9f71c384d703196c8cdf7370e0e65b155db6c285a3f7c77,Y,,
ACQ-20230926-CELL-013,B05,drive2_MFB-Disco-2,2025-10-02 - Toshiba EXT (Backup)\Proyectos_Laboratorio_Laura\Lung-surfactant\Invivo-Agosto23\HE\40x\56-8.czi,,,f2a9055e7e056e28ca5868e1cc04b2b76957053f96a026f005b3489d1d5b1c3f,Y,,
ACQ-20230926-CELL-014,B05,drive2_MFB-Disco-2,2025-10-02 - Toshiba EXT (Backup)\Proyectos_Laboratorio_Laura\Lung-surfactant\Invivo-Agosto23\HE\40x\56-9.czi,,,c37d52e6c5281bbb692369ddc31155a2f3d56b6428d22bd57a03aca994ecabd7,Y,,
ACQ-20230926-CELL-015,B05,drive2_MFB-Disco-2,2025-10-02 - Toshiba EXT (Backup)\Proyectos_Laboratorio_Laura\Lung-surfactant\Invivo-Agosto23\HE\40x\58-1.czi,,,38f93c09d0f0f383f8d4cb06cc9a8e0d738160cd53d06a00c8ba651b76c799ca,Y,,
ACQ-20230926-CELL-016,B05,drive2_MFB-Disco-2,2025-10-02 - Toshiba EXT (Backup)\Proyectos_Laboratorio_Laura\Lung-surfactant\Invivo-Agosto23\HE\40x\58-10.czi,,,c172716da9b92727b77b2eb30eae869b30b3e950c9c5ec5631ff000eb47c2892,Y,,
ACQ-20230926-CELL-017,B05,drive2_MFB-Disco-2,2025-10-02 - Toshiba EXT (Backup)\Proyectos_Laboratorio_Laura\Lung-surfactant\Invivo-Agosto23\HE\40x\58-2.czi,,,e579fb0d9141d31b52850f1f9a914926648aac246b26549fd2179aec6b736a57,Y,,
ACQ-20230926-CELL-018,B05,drive2_MFB-Disco-2,2025-10-02 - Toshiba EXT (Backup)\Proyectos_Laboratorio_Laura\Lung-surfactant\Invivo-Agosto23\HE\40x\58-3.czi,,,7582845a4226595d7be10e54b8cb9df0740c4de7c60003e818c242960a81a424,Y,,
ACQ-20230926-CELL-019,B05,drive2_MFB-Disco-2,2025-10-02 - Toshiba EXT (Backup)\Proyectos_Laboratorio_Laura\Lung-surfactant\Invivo-Agosto23\HE\40x\58-4.czi,,,7b3b9d675ff3dba70dbffe4d5d5a1ad2da3d06d698f4bf7f36dd30d9e4b2aa19,Y,,
ACQ-20230926-CELL-020,B05,drive2_MFB-Disco-2,2025-10-02 - Toshiba EXT (Backup)\Proyectos_Laboratorio_Laura\Lung-surfactant\Invivo-Agosto23\HE\40x\58-5.czi,,,e8caf037cb0bf4fcddbf7ec3695d92b6fed73a8a8f8cb77c2ffb2e666010e6ec,Y,,
ACQ-20230926-CELL-021,B05,drive2_MFB-Disco-2,2025-10-02 - Toshiba EXT (Backup)\Proyectos_Laboratorio_Laura\Lung-surfactant\Invivo-Agosto23\HE\40x\58-6.czi,,,2f36f10270b3cb6599ed55dbb6825e503cf353e7c59652d77a057e863ea96539,Y,,
ACQ-20230926-CELL-022,B05,drive2_MFB-Disco-2,2025-10-02 - Toshiba EXT (Backup)\Proyectos_Laboratorio_Laura\Lung-surfactant\Invivo-Agosto23\HE\40x\58-7.czi,,,ca21378f818e1d1c431544bb0e4c7d0c445e339b45d6160eff061f5b594838a7,Y,,
ACQ-20230926-CELL-023,B05,drive2_MFB-Disco-2,2025-10-02 - Toshiba EXT (Backup)\Proyectos_Laboratorio_Laura\Lung-surfactant\Invivo-Agosto23\HE\40x\58-8.czi,,,3eaeadbf583dab51476dc3b61209228ec0a71686c15ac8a63b4c49582df077e9,Y,,
ACQ-20230926-CELL-024,B05,drive2_MFB-Disco-2,2025-10-02 - Toshiba EXT (Backup)\Proyectos_Laboratorio_Laura\Lung-surfactant\Invivo-Agosto23\HE\40x\58-9.czi,,,eb8e05575894ec880ef347013eef02eaff0960e15d209ed010b5a3a7be6b5086,Y,,
ACQ-20230926-CELL-025,B05,drive2_MFB-Disco-2,2025-10-02 - Toshiba EXT (Backup)\Proyectos_Laboratorio_Laura\Lung-surfactant\Invivo-Agosto23\HE\40x\59-1.czi,,,7c33ed4e2df561bf2032950c42e9a55df1677f3ed4e49093ee916c9045a29861,Y,,
ACQ-20230926-CELL-026,B05,drive2_MFB-Disco-2,2025-10-02 - Toshiba EXT (Backup)\Proyectos_Laboratorio_Laura\Lung-surfactant\Invivo-Agosto23\HE\40x\59-10.czi,,,63e5de3ccc6948670f0b4de6b7d9cf8355a1f87944bf36c4e8781d7ea4c005b0,Y,,
ACQ-20230926-CELL-027,B05,drive2_MFB-Disco-2,2025-10-02 - Toshiba EXT (Backup)\Proyectos_Laboratorio_Laura\Lung-surfactant\Invivo-Agosto23\HE\40x\59-2.czi,,,e4002c6727cce0c5aa198c412510244a528873b53b362e4dc9bd32a65eb91f17,Y,,
ACQ-20230926-CELL-028,B05,drive2_MFB-Disco-2,2025-10-02 - Toshiba EXT (Backup)\Proyectos_Laboratorio_Laura\Lung-surfactant\Invivo-Agosto23\HE\40x\59-3.czi,,,2c658ea5360d8e7f0c1f75699ac043d48682fb28a4828b0091f32f32c7388d44,Y,,
ACQ-20230926-CELL-029,B05,drive2_MFB-Disco-2,2025-10-02 - Toshiba EXT (Backup)\Proyectos_Laboratorio_Laura\Lung-surfactant\Invivo-Agosto23\HE\40x\59-4.czi,,,849f53fc3c82e0676a6e884427fd550185fdacf42327733f2c7369665848f380,Y,,
ACQ-20230926-CELL-030,B05,drive2_MFB-Disco-2,2025-10-02 - Toshiba EXT (Backup)\Proyectos_Laboratorio_Laura\Lung-surfactant\Invivo-Agosto23\HE\40x\59-5.czi,,,9e4daf9333fc3e0c6cc95f8fb09ddbabc0292f81104d82e33a48d4317027aa5e,Y,,
ACQ-20230926-CELL-031,B05,drive2_MFB-Disco-2,2025-10-02 - Toshiba EXT (Backup)\Proyectos_Laboratorio_Laura\Lung-surfactant\Invivo-Agosto23\HE\40x\59-6.czi,,,cbba9376d270f28aa6e65ecf86dea14a25bc5be85e35d214dbe741cba4be3ed6,Y,,
ACQ-20230926-CELL-032,B05,drive2_MFB-Disco-2,2025-10-02 - Toshiba EXT (Backup)\Proyectos_Laboratorio_Laura\Lung-surfactant\Invivo-Agosto23\HE\40x\59-7.czi,,,64cb2b6745a1eaf41b8ed60430c0a47e36a85fde8eaaa69ef3717a3967bd8f17,Y,,
ACQ-20230926-CELL-033,B05,drive2_MFB-Disco-2,2025-10-02 - Toshiba EXT (Backup)\Proyectos_Laboratorio_Laura\Lung-surfactant\Invivo-Agosto23\HE\40x\59-8.czi,,,aa764d55f4bd42e2fa5f2e39bfe29af17f19afabf8a8820e04b021dcd19751ff,Y,,
ACQ-20230926-CELL-034,B05,drive2_MFB-Disco-2,2025-10-02 - Toshiba EXT (Backup)\Proyectos_Laboratorio_Laura\Lung-surfactant\Invivo-Agosto23\HE\40x\59-9.czi,,,44ed04481371ccc5f05dcef4bc33fcd6a92f1be66f1337a2d762649bc8e3846a,Y,,
ACQ-20230926-CELL-035,B05,drive2_MFB-Disco-2,2025-10-02 - Toshiba EXT (Backup)\Proyectos_Laboratorio_Laura\Lung-surfactant\Invivo-Agosto23\HE\40x\60-1.czi,,,be98fd2121b7e83b2ac695ba0623b707c5c7094ae39d305f8313e620b4b5a24e,Y,,
ACQ-20230926-CELL-036,B05,drive2_MFB-Disco-2,2025-10-02 - Toshiba EXT (Backup)\Proyectos_Laboratorio_Laura\Lung-surfactant\Invivo-Agosto23\HE\40x\60-10.czi,,,2a48c3f6b4fa9f690d1ad4bebb44412b066db17b797fe08bba4b4673edff797b,Y,,
ACQ-20230926-CELL-037,B05,drive2_MFB-Disco-2,2025-10-02 - Toshiba EXT (Backup)\Proyectos_Laboratorio_Laura\Lung-surfactant\Invivo-Agosto23\HE\40x\60-2.czi,,,1b2d3f57741f65d3ba7cfb7282442fa0baadc0199cb2ca2b3997bc2d5fcdd798,Y,,
ACQ-20230926-CELL-038,B05,drive2_MFB-Disco-2,2025-10-02 - Toshiba EXT (Backup)\Proyectos_Laboratorio_Laura\Lung-surfactant\Invivo-Agosto23\HE\40x\60-3.czi,,,67505b58969b4dc08673b1c15a44b00f5c9c2adebab4bd08e3aa6205010e51df,Y,,
ACQ-20230926-CELL-039,B05,drive2_MFB-Disco-2,2025-10-02 - Toshiba EXT (Backup)\Proyectos_Laboratorio_Laura\Lung-surfactant\Invivo-Agosto23\HE\40x\60-4.czi,,,dbc0d1fae6ac68502e2ad23bdde51669847e0e3e1564a51f28921c5daf7ee0b3,Y,,
ACQ-20230926-CELL-040,B05,drive2_MFB-Disco-2,2025-10-02 - Toshiba EXT (Backup)\Proyectos_Laboratorio_Laura\Lung-surfactant\Invivo-Agosto23\HE\40x\60-5.czi,,,6f287814865125308ebdbafb9cb37adfe27e380f4514c133b6bf6d253d8ac942,Y,,
ACQ-20230926-CELL-041,B05,drive2_MFB-Disco-2,2025-10-02 - Toshiba EXT (Backup)\Proyectos_Laboratorio_Laura\Lung-surfactant\Invivo-Agosto23\HE\40x\60-6.czi,,,06a9f83638b52271ab40bde743a2b5fe3fa3a579e8a3d96e61b06390363ad269,Y,,
ACQ-20230926-CELL-042,B05,drive2_MFB-Disco-2,2025-10-02 - Toshiba EXT (Backup)\Proyectos_Laboratorio_Laura\Lung-surfactant\Invivo-Agosto23\HE\40x\60-7.czi,,,531238e5a6fbd5f1ac2bf572bb8f78d36beaedf1cf9ddc61998deb444d2a6451,Y,,
ACQ-20230926-CELL-043,B05,drive2_MFB-Disco-2,2025-10-02 - Toshiba EXT (Backup)\Proyectos_Laboratorio_Laura\Lung-surfactant\Invivo-Agosto23\HE\40x\60-8.czi,,,bb6496874d4ef098653fa3b7737b0e3248cf408c30b5bb1b1fd732c51a35d484,Y,,
ACQ-20230926-CELL-044,B05,drive2_MFB-Disco-2,2025-10-02 - Toshiba EXT (Backup)\Proyectos_Laboratorio_Laura\Lung-surfactant\Invivo-Agosto23\HE\40x\60-9.czi,,,281f20730f218c94186c290b30a15cae34a7e20c9f1604f53b052bbfd717ee60,Y,,
ACQ-20230926-CELL-045,B05,drive2_MFB-Disco-2,2025-10-02 - Toshiba EXT (Backup)\Proyectos_Laboratorio_Laura\Lung-surfactant\Invivo-Agosto23\HE\40x\61-1.czi,,,15b003a8807d8fda13418f5d6e0ce8db470251e0be58a38da4be1f8450adbe54,Y,,
ACQ-20230926-CELL-046,B05,drive2_MFB-Disco-2,2025-10-02 - Toshiba EXT (Backup)\Proyectos_Laboratorio_Laura\Lung-surfactant\Invivo-Agosto23\HE\40x\61-10.czi,,,fb5478c71f6a0813e04ea14f0fd55059c8ecb61269df4ce8c47ae75e8ca97ede,Y,,
ACQ-20230926-CELL-047,B05,drive2_MFB-Disco-2,2025-10-02 - Toshiba EXT (Backup)\Proyectos_Laboratorio_Laura\Lung-surfactant\Invivo-Agosto23\HE\40x\61-2.czi,,,ee28ab21857f7713182836ce9386105e9e904ec298236c154554f42fd468ded7,Y,,
ACQ-20230926-CELL-048,B05,drive2_MFB-Disco-2,2025-10-02 - Toshiba EXT (Backup)\Proyectos_Laboratorio_Laura\Lung-surfactant\Invivo-Agosto23\HE\40x\61-3.czi,,,06af54b020313918175065eeaebc1cf54ceef43db6882b2703c7bd2fb4a9a8f8,Y,,
ACQ-20230926-CELL-049,B05,drive2_MFB-Disco-2,2025-10-02 - Toshiba EXT (Backup)\Proyectos_Laboratorio_Laura\Lung-surfactant\Invivo-Agosto23\HE\40x\61-4.czi,,,dd11a5f41eafa8dd26e09c7676262b6fee939822e586a9ca3041946e40482c6f,Y,,
ACQ-20230926-CELL-050,B05,drive2_MFB-Disco-2,2025-10-02 - Toshiba EXT (Backup)\Proyectos_Laboratorio_Laura\Lung-surfactant\Invivo-Agosto23\HE\40x\61-5.czi,,,dbf0cc0e170b0b111ad30bdda4590708e05c33e06aa4e9c2f0ede64bd8c22aa6,Y,,
ACQ-20230926-CELL-051,B05,drive2_MFB-Disco-2,2025-10-02 - Toshiba EXT (Backup)\Proyectos_Laboratorio_Laura\Lung-surfactant\Invivo-Agosto23\HE\40x\61-6.czi,,,42487ec5e54ae11db14956149e077423f6a516dfd580b1ffc38a9285a18ae7e3,Y,,
ACQ-20230926-CELL-052,B05,drive2_MFB-Disco-2,2025-10-02 - Toshiba EXT (Backup)\Proyectos_Laboratorio_Laura\Lung-surfactant\Invivo-Agosto23\HE\40x\61-7.czi,,,61f8c4b68583fc96bfb4ec0acfbed30b2f25f87b95e300e20153df43eb7f55d9,Y,,
ACQ-20230926-CELL-053,B05,drive2_MFB-Disco-2,2025-10-02 - Toshiba EXT (Backup)\Proyectos_Laboratorio_Laura\Lung-surfactant\Invivo-Agosto23\HE\40x\61-8.czi,,,0829b2076ff4f326df3f2970d82ed2c8f45afa6afb3b19dadae60a0d6d5707bf,Y,,
ACQ-20230926-CELL-054,B05,drive2_MFB-Disco-2,2025-10-02 - Toshiba EXT (Backup)\Proyectos_Laboratorio_Laura\Lung-surfactant\Invivo-Agosto23\HE\40x\61-9.czi,,,48c75c268d9e19be7dee01c1c0c3322c49341157d5c5ac51b0519a9f5f7770cc,Y,,
ACQ-20230926-CELL-055,B05,drive2_MFB-Disco-2,2025-10-02 - Toshiba EXT (Backup)\Proyectos_Laboratorio_Laura\Lung-surfactant\Invivo-Agosto23\HE\40x\62-1.czi,,,c4cb6f0c940fb96e6b8e1c5557547ecdc4b9e980d1ddcf5cf57e66fbbaccf368,Y,,
ACQ-20230926-CELL-056,B05,drive2_MFB-Disco-2,2025-10-02 - Toshiba EXT (Backup)\Proyectos_Laboratorio_Laura\Lung-surfactant\Invivo-Agosto23\HE\40x\62-10.czi,,,386ad8fbfdea02fccf22f1fcbf2ee705ed02486e7084aeb598f34b753ca32957,Y,,
ACQ-20230926-CELL-057,B05,drive2_MFB-Disco-2,2025-10-02 - Toshiba EXT (Backup)\Proyectos_Laboratorio_Laura\Lung-surfactant\Invivo-Agosto23\HE\40x\62-2.czi,,,87556ec93292c71f252b44c808e22a97974523ac25e3804a8d27aa914037cff7,Y,,
ACQ-20230926-CELL-058,B05,drive2_MFB-Disco-2,2025-10-02 - Toshiba EXT (Backup)\Proyectos_Laboratorio_Laura\Lung-surfactant\Invivo-Agosto23\HE\40x\62-3.czi,,,d28e6d6a06e6a10a680232110ca2a965e745dfe3224adabc80d128399f365dc0,Y,,
ACQ-20230926-CELL-059,B05,drive2_MFB-Disco-2,2025-10-02 - Toshiba EXT (Backup)\Proyectos_Laboratorio_Laura\Lung-surfactant\Invivo-Agosto23\HE\40x\62-4.czi,,,99a0bf375956cbf750a172a7e76fd440a8a614523d2e830598763d37aaec9e7b,Y,,
ACQ-20230926-CELL-060,B05,drive2_MFB-Disco-2,2025-10-02 - Toshiba EXT (Backup)\Proyectos_Laboratorio_Laura\Lung-surfactant\Invivo-Agosto23\HE\40x\62-5.czi,,,5e761a5094943644e69d9c9ba17393e97658ce1bb2152966d89415bab7635885,Y,,
ACQ-20230926-CELL-061,B05,drive2_MFB-Disco-2,2025-10-02 - Toshiba EXT (Backup)\Proyectos_Laboratorio_Laura\Lung-surfactant\Invivo-Agosto23\HE\40x\62-6.czi,,,5eb6d38550887d28fe9e3abb07205de2f9a6fdf960b73abcab186a677e4d5665,Y,,
ACQ-20230926-CELL-062,B05,drive2_MFB-Disco-2,2025-10-02 - Toshiba EXT (Backup)\Proyectos_Laboratorio_Laura\Lung-surfactant\Invivo-Agosto23\HE\40x\62-7.czi,,,558d2f6b32726b8cb2d21a0ee23b3a9636b586930759d30dd25509c681ddce96,Y,,
ACQ-20230926-CELL-063,B05,drive2_MFB-Disco-2,2025-10-02 - Toshiba EXT (Backup)\Proyectos_Laboratorio_Laura\Lung-surfactant\Invivo-Agosto23\HE\40x\62-8.czi,,,bdec760458f1859f97c006afbd50da61be154d5a0c9f095ff3f27807df4777bb,Y,,
ACQ-20230926-CELL-064,B05,drive2_MFB-Disco-2,2025-10-02 - Toshiba EXT (Backup)\Proyectos_Laboratorio_Laura\Lung-surfactant\Invivo-Agosto23\HE\40x\62-9.czi,,,ed6bc60abcdca800ecdddc08276498d5a8b3642f74b63138d9897404b63ff001,Y,,
ACQ-20230926-CELL-065,B05,drive2_MFB-Disco-2,2025-10-02 - Toshiba EXT (Backup)\Proyectos_Laboratorio_Laura\Lung-surfactant\Invivo-Agosto23\HE\40x\63-1.czi,,,0e1dc76cfb7f0e8179cdf4e8dd0f8199fc3816c4b0bdf13f01f728ff03fe3026,Y,,
ACQ-20230926-CELL-066,B05,drive2_MFB-Disco-2,2025-10-02 - Toshiba EXT (Backup)\Proyectos_Laboratorio_Laura\Lung-surfactant\Invivo-Agosto23\HE\40x\63-10.czi,,,c370583c53c94f0c31809686e1d26cc1c194cbde9a16974bde3d8984ac13dc00,Y,,
ACQ-20230926-CELL-067,B05,drive2_MFB-Disco-2,2025-10-02 - Toshiba EXT (Backup)\Proyectos_Laboratorio_Laura\Lung-surfactant\Invivo-Agosto23\HE\40x\63-2.czi,,,9adcf4912293180eb15c7adc2fc55da0f89b860090f94ae3263288d915383ddc,Y,,
ACQ-20230926-CELL-068,B05,drive2_MFB-Disco-2,2025-10-02 - Toshiba EXT (Backup)\Proyectos_Laboratorio_Laura\Lung-surfactant\Invivo-Agosto23\HE\40x\63-3.czi,,,21157d8d74de61876613e92547a16556024c0bdcbe3400b3b7bb343c91f742f5,Y,,
ACQ-20230926-CELL-069,B05,drive2_MFB-Disco-2,2025-10-02 - Toshiba EXT (Backup)\Proyectos_Laboratorio_Laura\Lung-surfactant\Invivo-Agosto23\HE\40x\63-4.czi,,,2a1b143523e9b4110c1e70c36d7286fc980515dae7fc3c35446e74d6f960a2aa,Y,,
ACQ-20230926-CELL-070,B05,drive2_MFB-Disco-2,2025-10-02 - Toshiba EXT (Backup)\Proyectos_Laboratorio_Laura\Lung-surfactant\Invivo-Agosto23\HE\40x\63-5.czi,,,969a7e60ba755389b1821a9a267bc315846208df3699614c6267788c2fb152b5,Y,,
ACQ-20230926-CELL-071,B05,drive2_MFB-Disco-2,2025-10-02 - Toshiba EXT (Backup)\Proyectos_Laboratorio_Laura\Lung-surfactant\Invivo-Agosto23\HE\40x\63-6.czi,,,430534c261408dd643f673162b2a82b2bf778e3ceb293ed09981ad099748407d,Y,,
ACQ-20230926-CELL-072,B05,drive2_MFB-Disco-2,2025-10-02 - Toshiba EXT (Backup)\Proyectos_Laboratorio_Laura\Lung-surfactant\Invivo-Agosto23\HE\40x\63-7.czi,,,71d491ce963c3789d1ee8dd79f9d396094d368963a4d4a37673eaf7454ed8a1b,Y,,
ACQ-20230926-CELL-073,B05,drive2_MFB-Disco-2,2025-10-02 - Toshiba EXT (Backup)\Proyectos_Laboratorio_Laura\Lung-surfactant\Invivo-Agosto23\HE\40x\63-8.czi,,,4b773e58681502412abd67fc4e44e0b4021b95f225db2a393d6e4dea2805b995,Y,,
ACQ-20230926-CELL-074,B05,drive2_MFB-Disco-2,2025-10-02 - Toshiba EXT (Backup)\Proyectos_Laboratorio_Laura\Lung-surfactant\Invivo-Agosto23\HE\40x\63-9.czi,,,0bd86ce694f84adf5e857c5a32ed9fdd0a4451c711748498b930fa27b8ca4750,Y,,
ACQ-20230926-CELL-075,B05,drive2_MFB-Disco-2,2025-10-02 - Toshiba EXT (Backup)\Proyectos_Laboratorio_Laura\Lung-surfactant\Invivo-Agosto23\HE\40x\64-1.czi,,,fbabc95e0ef2db640d2c5a76883a9d00bebb1ba5f84a08e3af26b4602856964d,Y,,
ACQ-20230926-CELL-076,B05,drive2_MFB-Disco-2,2025-10-02 - Toshiba EXT (Backup)\Proyectos_Laboratorio_Laura\Lung-surfactant\Invivo-Agosto23\HE\40x\64-10.czi,,,230a6247c90d2f3e684f1f3bb087e6e755f25c88af9f3623acabe7b3af3eed3a,Y,,
ACQ-20230926-CELL-077,B05,drive2_MFB-Disco-2,2025-10-02 - Toshiba EXT (Backup)\Proyectos_Laboratorio_Laura\Lung-surfactant\Invivo-Agosto23\HE\40x\64-2.czi,,,88137e53d57f3ecf69487e79e9d6fcc087b03df827d81ab14cb4b95e6733db95,Y,,
ACQ-20230926-CELL-078,B05,drive2_MFB-Disco-2,2025-10-02 - Toshiba EXT (Backup)\Proyectos_Laboratorio_Laura\Lung-surfactant\Invivo-Agosto23\HE\40x\64-3.czi,,,4d41ff04def3db36b909f25a0071aaf0bdf2e124e0a98984782a620a25f1b5de,Y,,
ACQ-20230926-CELL-079,B05,drive2_MFB-Disco-2,2025-10-02 - Toshiba EXT (Backup)\Proyectos_Laboratorio_Laura\Lung-surfactant\Invivo-Agosto23\HE\40x\64-4.czi,,,d272c62ac4707a44aabd47138e0165cb45e92b6ebeb552d6d887e62b55fad62a,Y,,
ACQ-20230926-CELL-080,B05,drive2_MFB-Disco-2,2025-10-02 - Toshiba EXT (Backup)\Proyectos_Laboratorio_Laura\Lung-surfactant\Invivo-Agosto23\HE\40x\64-5.czi,,,6677446ea7068a54c6e23d2b5b4ece2fcc97e57d7325abbf024d550b976b1818,Y,,
ACQ-20230926-CELL-081,B05,drive2_MFB-Disco-2,2025-10-02 - Toshiba EXT (Backup)\Proyectos_Laboratorio_Laura\Lung-surfactant\Invivo-Agosto23\HE\40x\64-6.czi,,,27e3c1910c4d52be87ea6cf1c9628dc0a449b67766767c17436b5f3804c1b071,Y,,
ACQ-20230926-CELL-082,B05,drive2_MFB-Disco-2,2025-10-02 - Toshiba EXT (Backup)\Proyectos_Laboratorio_Laura\Lung-surfactant\Invivo-Agosto23\HE\40x\64-7.czi,,,3ca3071c1838cb9563925021156f9d3d2e2a6d8199e1d3519ee91c40ae5739fe,Y,,
ACQ-20230926-CELL-083,B05,drive2_MFB-Disco-2,2025-10-02 - Toshiba EXT (Backup)\Proyectos_Laboratorio_Laura\Lung-surfactant\Invivo-Agosto23\HE\40x\64-8.czi,,,86580e9baf728cb9ef4e33c70936fa89d41abfd23e347f0ecc30756a289060a1,Y,,
ACQ-20230926-CELL-084,B05,drive2_MFB-Disco-2,2025-10-02 - Toshiba EXT (Backup)\Proyectos_Laboratorio_Laura\Lung-surfactant\Invivo-Agosto23\HE\40x\64-9.czi,,,95bc2d42e8703dce87b179ffb1cd34fbb520b2400003df92dab8757d5f88217d,Y,,
ACQ-20230926-CELL-085,B05,drive2_MFB-Disco-2,2025-10-02 - Toshiba EXT (Backup)\Proyectos_Laboratorio_Laura\Lung-surfactant\Invivo-Agosto23\HE\40x\65-1.czi,,,6896472974a944e0c14c96cbc1ce0ad42ddb17cd2e38ca19c0f3e071e07ce045,Y,,
ACQ-20230926-CELL-086,B05,drive2_MFB-Disco-2,2025-10-02 - Toshiba EXT (Backup)\Proyectos_Laboratorio_Laura\Lung-surfactant\Invivo-Agosto23\HE\40x\65-10.czi,,,455ca318f5283390cf39b1e1296d04f455b5bca411870c4241796fc500111d2f,Y,,
ACQ-20230926-CELL-087,B05,drive2_MFB-Disco-2,2025-10-02 - Toshiba EXT (Backup)\Proyectos_Laboratorio_Laura\Lung-surfactant\Invivo-Agosto23\HE\40x\65-2.czi,,,1f0c5ad0cbac41a62fb6d3c7492d1bb61b43cb138626a57d7b281f34177c0ea3,Y,,
ACQ-20230926-CELL-088,B05,drive2_MFB-Disco-2,2025-10-02 - Toshiba EXT (Backup)\Proyectos_Laboratorio_Laura\Lung-surfactant\Invivo-Agosto23\HE\40x\65-3.czi,,,ef0046d8cd00db221b6193e188a658dbc62208971851b868975dd5f1b7d2496d,Y,,
ACQ-20230926-CELL-089,B05,drive2_MFB-Disco-2,2025-10-02 - Toshiba EXT (Backup)\Proyectos_Laboratorio_Laura\Lung-surfactant\Invivo-Agosto23\HE\40x\65-4.czi,,,aebfc5730fcbb57d9f12f3258c891cdc3786cafd4675820f2d9495b926ba5ccb,Y,,
ACQ-20230926-CELL-090,B05,drive2_MFB-Disco-2,2025-10-02 - Toshiba EXT (Backup)\Proyectos_Laboratorio_Laura\Lung-surfactant\Invivo-Agosto23\HE\40x\65-5.czi,,,0027f9b4294ca1ab41caf2809449f23e1911a9a92069e5183ae9e329f7a916eb,Y,,
ACQ-20230926-CELL-091,B05,drive2_MFB-Disco-2,2025-10-02 - Toshiba EXT (Backup)\Proyectos_Laboratorio_Laura\Lung-surfactant\Invivo-Agosto23\HE\40x\65-6.czi,,,e4fdc6f86acf3a447976a8e42ee804de4ed98cadfa672a39f776c60d653ffc59,Y,,
ACQ-20230926-CELL-092,B05,drive2_MFB-Disco-2,2025-10-02 - Toshiba EXT (Backup)\Proyectos_Laboratorio_Laura\Lung-surfactant\Invivo-Agosto23\HE\40x\65-7.czi,,,de5312af763bd26f6fdbdb59feee1f649d068720b15583dd61c4dee481ed561c,Y,,
ACQ-20230926-CELL-093,B05,drive2_MFB-Disco-2,2025-10-02 - Toshiba EXT (Backup)\Proyectos_Laboratorio_Laura\Lung-surfactant\Invivo-Agosto23\HE\40x\65-8.czi,,,6f9fc52da5406f4f821629b5faf150095b34130b83584de541d571ca310a299b,Y,,
ACQ-20230926-CELL-094,B05,drive2_MFB-Disco-2,2025-10-02 - Toshiba EXT (Backup)\Proyectos_Laboratorio_Laura\Lung-surfactant\Invivo-Agosto23\HE\40x\65-9.czi,,,aaddc95df8925059827295f5ebcd1615c9a784b37581c731f53182c8a2695ffd,Y,,
ACQ-20230926-CELL-095,B05,drive2_MFB-Disco-2,2025-10-02 - Toshiba EXT (Backup)\Proyectos_Laboratorio_Laura\Lung-surfactant\Invivo-Agosto23\HE\40x\68-1.czi,,,ac90866bd78c7ab5c85f82484d4b37068027e4c78a26d370a1f69004d8163350,Y,,
ACQ-20230926-CELL-096,B05,drive2_MFB-Disco-2,2025-10-02 - Toshiba EXT (Backup)\Proyectos_Laboratorio_Laura\Lung-surfactant\Invivo-Agosto23\HE\40x\68-10.czi,,,37f69f189943d76abc2002d8cd0bd94c1b54a1d86e287cc96b22fcfcd7405454,Y,,
ACQ-20230926-CELL-097,B05,drive2_MFB-Disco-2,2025-10-02 - Toshiba EXT (Backup)\Proyectos_Laboratorio_Laura\Lung-surfactant\Invivo-Agosto23\HE\40x\68-2.czi,,,8a56b6f0c12577dbd578508ecc204bf1a20414667ed527366864f638916930f2,Y,,
ACQ-20230926-CELL-098,B05,drive2_MFB-Disco-2,2025-10-02 - Toshiba EXT (Backup)\Proyectos_Laboratorio_Laura\Lung-surfactant\Invivo-Agosto23\HE\40x\68-3.czi,,,6b12d06ffc8f6080439336064675720485f7c27e9f8b8abda771e86169efbdb2,Y,,
ACQ-20230926-CELL-099,B05,drive2_MFB-Disco-2,2025-10-02 - Toshiba EXT (Backup)\Proyectos_Laboratorio_Laura\Lung-surfactant\Invivo-Agosto23\HE\40x\68-4.czi,,,f8e1cd8f12302e58d1b6e036bd22369c136595399dc0824ab6841d494a4324ca,Y,,
ACQ-20230926-CELL-100,B05,drive2_MFB-Disco-2,2025-10-02 - Toshiba EXT (Backup)\Proyectos_Laboratorio_Laura\Lung-surfactant\Invivo-Agosto23\HE\40x\68-5.czi,,,2e8785d52af7759d7ed99ad31d64097cc7b102549f8421d563fb14fe1c446619,Y,,
ACQ-20230926-CELL-101,B05,drive2_MFB-Disco-2,2025-10-02 - Toshiba EXT (Backup)\Proyectos_Laboratorio_Laura\Lung-surfactant\Invivo-Agosto23\HE\40x\68-6.czi,,,799bf9fc66ff834f71d3367f391be5c91cf512e12eefc6e3a8d795dc68d9fc6d,Y,,
ACQ-20230926-CELL-102,B05,drive2_MFB-Disco-2,2025-10-02 - Toshiba EXT (Backup)\Proyectos_Laboratorio_Laura\Lung-surfactant\Invivo-Agosto23\HE\40x\68-7.czi,,,673c167d3005d873ef530094c930668f9f6b3a27fad708978f6a6a2aadcd53c7,Y,,
ACQ-20230926-CELL-103,B05,drive2_MFB-Disco-2,2025-10-02 - Toshiba EXT (Backup)\Proyectos_Laboratorio_Laura\Lung-surfactant\Invivo-Agosto23\HE\40x\68-8.czi,,,7b0e75baa94ecbe8b9aceb6e0c0bb5e94a70b35513ad18c6fb98b3a2da1d6b90,Y,,
ACQ-20230926-CELL-104,B05,drive2_MFB-Disco-2,2025-10-02 - Toshiba EXT (Backup)\Proyectos_Laboratorio_Laura\Lung-surfactant\Invivo-Agosto23\HE\40x\68-9.czi,,,223241fcedc7bfb9e612ba3e3f93a227c18e2d6170bb4fa155c08837c410d526,Y,,
ACQ-20230926-CELL-105,B05,drive2_MFB-Disco-2,2025-10-02 - Toshiba EXT (Backup)\Proyectos_Laboratorio_Laura\Lung-surfactant\Invivo-Agosto23\HE\40x\69-1.czi,,,6d6e763ea1e9aa330e45d7704907463765acc024a293b1ecfcab9a9f7f57d813,Y,,
ACQ-20230926-CELL-106,B05,drive2_MFB-Disco-2,2025-10-02 - Toshiba EXT (Backup)\Proyectos_Laboratorio_Laura\Lung-surfactant\Invivo-Agosto23\HE\40x\69-10.czi,,,f7fa949573173c758c410583c8cb04afd0bec32c93fd1aed92b1556b921d2c8b,Y,,
ACQ-20230926-CELL-107,B05,drive2_MFB-Disco-2,2025-10-02 - Toshiba EXT (Backup)\Proyectos_Laboratorio_Laura\Lung-surfactant\Invivo-Agosto23\HE\40x\69-2.czi,,,9e967120faf6690b53cb4e215bac7031cbd4d74aed61eddb272b2ff2743d0ce4,Y,,
ACQ-20230926-CELL-108,B05,drive2_MFB-Disco-2,2025-10-02 - Toshiba EXT (Backup)\Proyectos_Laboratorio_Laura\Lung-surfactant\Invivo-Agosto23\HE\40x\69-3.czi,,,56aa55d95dff1297c136084aeaf49fb3fb3feffc151201bc2890a01d4e31d697,Y,,
ACQ-20230926-CELL-109,B05,drive2_MFB-Disco-2,2025-10-02 - Toshiba EXT (Backup)\Proyectos_Laboratorio_Laura\Lung-surfactant\Invivo-Agosto23\HE\40x\69-4.czi,,,0967d878a18cd1b77e1414cdccb0ede4972345253de734e1e811aff0b8d3fa0f,Y,,
ACQ-20230926-CELL-110,B05,drive2_MFB-Disco-2,2025-10-02 - Toshiba EXT (Backup)\Proyectos_Laboratorio_Laura\Lung-surfactant\Invivo-Agosto23\HE\40x\69-5.czi,,,32952976cadb5ec7a1358f556b567cbb629751121f0391f2eb1ecb192752c6c0,Y,,
ACQ-20230926-CELL-111,B05,drive2_MFB-Disco-2,2025-10-02 - Toshiba EXT (Backup)\Proyectos_Laboratorio_Laura\Lung-surfactant\Invivo-Agosto23\HE\40x\69-6.czi,,,074eec0bd440707e914e40fcbad71338e49cffa9aefc94ef67b970a5828a4324,Y,,
ACQ-20230926-CELL-112,B05,drive2_MFB-Disco-2,2025-10-02 - Toshiba EXT (Backup)\Proyectos_Laboratorio_Laura\Lung-surfactant\Invivo-Agosto23\HE\40x\69-7.czi,,,f72e396cd65e2c97cf9500a45066b1cbf151c7183017f79503f61dfc90964266,Y,,
ACQ-20230926-CELL-113,B05,drive2_MFB-Disco-2,2025-10-02 - Toshiba EXT (Backup)\Proyectos_Laboratorio_Laura\Lung-surfactant\Invivo-Agosto23\HE\40x\69-8.czi,,,f69f0974ee88c7293be2c4134a53ab419d0f8e5f858d65e29eb1bd562b7e575e,Y,,
ACQ-20230926-CELL-114,B05,drive2_MFB-Disco-2,2025-10-02 - Toshiba EXT (Backup)\Proyectos_Laboratorio_Laura\Lung-surfactant\Invivo-Agosto23\HE\40x\69-9.czi,,,78285f45941e1e74aa6331e1f05bf2da48994254e10d0df70519619dde72bb8f,Y,,
ACQ-20230926-CELL-115,B05,drive2_MFB-Disco-2,2025-10-02 - Toshiba EXT (Backup)\Proyectos_Laboratorio_Laura\Lung-surfactant\Invivo-Agosto23\HE\40x\70-1.czi,,,ff21521f07097d93b0f80c31dc7ba29f385feb82a8456e2ad3f4930b43964461,Y,,
ACQ-20230926-CELL-116,B05,drive2_MFB-Disco-2,2025-10-02 - Toshiba EXT (Backup)\Proyectos_Laboratorio_Laura\Lung-surfactant\Invivo-Agosto23\HE\40x\70-10.czi,,,14fba0b1e62c8d67482e7134a00b2320a8d75c40fa4c6feb4010b8fa32612ce4,Y,,
ACQ-20230926-CELL-117,B05,drive2_MFB-Disco-2,2025-10-02 - Toshiba EXT (Backup)\Proyectos_Laboratorio_Laura\Lung-surfactant\Invivo-Agosto23\HE\40x\70-2.czi,,,85b195fad894d26bb197c468d52da0772b02c3c74ce159f6da819ae735d07db8,Y,,
ACQ-20230926-CELL-118,B05,drive2_MFB-Disco-2,2025-10-02 - Toshiba EXT (Backup)\Proyectos_Laboratorio_Laura\Lung-surfactant\Invivo-Agosto23\HE\40x\70-3.czi,,,6ea5ce6da4f2a1781a12c29a8d95c41bc2aa32a7f05fbc9b4e85b32711c29259,Y,,
ACQ-20230926-CELL-119,B05,drive2_MFB-Disco-2,2025-10-02 - Toshiba EXT (Backup)\Proyectos_Laboratorio_Laura\Lung-surfactant\Invivo-Agosto23\HE\40x\70-4.czi,,,de9d15d3592f821db17cc98c270ad3c018bbed3ac7b3bd11b9633b8d6afb02a5,Y,,
ACQ-20230926-CELL-120,B05,drive2_MFB-Disco-2,2025-10-02 - Toshiba EXT (Backup)\Proyectos_Laboratorio_Laura\Lung-surfactant\Invivo-Agosto23\HE\40x\70-5.czi,,,3d9bd5d634a35e52a36b8fd750c98c65b1e3e4289860409de34ecb2037e3659c,Y,,
ACQ-20230926-CELL-121,B05,drive2_MFB-Disco-2,2025-10-02 - Toshiba EXT (Backup)\Proyectos_Laboratorio_Laura\Lung-surfactant\Invivo-Agosto23\HE\40x\70-6.czi,,,8350549a2becab92885668bd9880143a5b68de0e5670dbff5dbbca18487ae90e,Y,,
ACQ-20230926-CELL-122,B05,drive2_MFB-Disco-2,2025-10-02 - Toshiba EXT (Backup)\Proyectos_Laboratorio_Laura\Lung-surfactant\Invivo-Agosto23\HE\40x\70-7.czi,,,e3b5a90485f09222f4ac5789b0f82337244c3188c32ef88011ac18dada5224ce,Y,,
ACQ-20230926-CELL-123,B05,drive2_MFB-Disco-2,2025-10-02 - Toshiba EXT (Backup)\Proyectos_Laboratorio_Laura\Lung-surfactant\Invivo-Agosto23\HE\40x\70-8.czi,,,54ae8ce4a370befe336d73920067d4de8d1d6cd8dd0749ccb8392c0710179472,Y,,
ACQ-20230926-CELL-124,B05,drive2_MFB-Disco-2,2025-10-02 - Toshiba EXT (Backup)\Proyectos_Laboratorio_Laura\Lung-surfactant\Invivo-Agosto23\HE\40x\70-9.czi,,,d5f07242d86057243212dc43069ba10a892ea2e93b61fe4c43601438f1775b17,Y,,
ACQ-20230928-CELL-001,B05,drive2_MFB-Disco-2,2025-10-02 - Toshiba EXT (Backup)\Proyectos_Laboratorio_Laura\Lung-surfactant\InVivos-Biodistribuciones_y_TT\Ex vivo\CellObv-TT-Agosto23\PR\20x\56-1-escala-200um.czi,,,dddb1e3e19d895e3e7c8f953a7786b571f76ae80ee32f1d7c427ccc7e8f68547,Y,,
ACQ-20230928-CELL-002,B05,drive2_MFB-Disco-2,2025-10-02 - Toshiba EXT (Backup)\Proyectos_Laboratorio_Laura\Lung-surfactant\InVivos-Biodistribuciones_y_TT\Ex vivo\CellObv-TT-Agosto23\PR\20x\56-1.czi,,,970cf8ec86ea1a6a6df7c99282a52c0af30431b6aca817df026372bc36a76915,Y,,
ACQ-20230928-CELL-003,B05,drive2_MFB-Disco-2,2025-10-02 - Toshiba EXT (Backup)\Proyectos_Laboratorio_Laura\Lung-surfactant\InVivos-Biodistribuciones_y_TT\Ex vivo\CellObv-TT-Agosto23\PR\20x\56-2.czi,,,5c62745b4ad428d1b18f6d0f2d5918a35d298508ed9b953f6a042c3af3ae340b,Y,,
ACQ-20230928-CELL-004,B05,drive2_MFB-Disco-2,2025-10-02 - Toshiba EXT (Backup)\Proyectos_Laboratorio_Laura\Lung-surfactant\InVivos-Biodistribuciones_y_TT\Ex vivo\CellObv-TT-Agosto23\PR\20x\56-3.czi,,,ce7b9bec17143f2447916b85a774fa71a37355dd938c265a1977398362d17d8a,Y,,
ACQ-20230928-CELL-005,B05,drive2_MFB-Disco-2,2025-10-02 - Toshiba EXT (Backup)\Proyectos_Laboratorio_Laura\Lung-surfactant\InVivos-Biodistribuciones_y_TT\Ex vivo\CellObv-TT-Agosto23\PR\20x\56-4.czi,,,d0d37d6845a22289b3d39eebde6b0994621d2a49244afe729a4eba4f0e669a79,Y,,
ACQ-20230928-CELL-006,B05,drive2_MFB-Disco-2,2025-10-02 - Toshiba EXT (Backup)\Proyectos_Laboratorio_Laura\Lung-surfactant\InVivos-Biodistribuciones_y_TT\Ex vivo\CellObv-TT-Agosto23\PR\20x\56-5.czi,,,69b6b55c5682517a7bef593475f3ee71417c4ca71764d2572d667b531626bbc4,Y,,
ACQ-20230928-CELL-007,B05,drive2_MFB-Disco-2,2025-10-02 - Toshiba EXT (Backup)\Proyectos_Laboratorio_Laura\Lung-surfactant\InVivos-Biodistribuciones_y_TT\Ex vivo\CellObv-TT-Agosto23\PR\20x\59-1.czi,,,e3427caef19b98e75973d81fd1d388cee497aadcf634cd6b2375a1641774ad64,Y,,
ACQ-20230928-CELL-008,B05,drive2_MFB-Disco-2,2025-10-02 - Toshiba EXT (Backup)\Proyectos_Laboratorio_Laura\Lung-surfactant\InVivos-Biodistribuciones_y_TT\Ex vivo\CellObv-TT-Agosto23\PR\20x\59-2.czi,,,709c360b1a71e984d497a89bad0eff42b9d9eaa12ac155834f1e81137394d5dd,Y,,
ACQ-20230928-CELL-009,B05,drive2_MFB-Disco-2,2025-10-02 - Toshiba EXT (Backup)\Proyectos_Laboratorio_Laura\Lung-surfactant\InVivos-Biodistribuciones_y_TT\Ex vivo\CellObv-TT-Agosto23\PR\20x\59-3.czi,,,66528f6f2d2a6976c7fdcf4bb2a2a50fa16768258867a6817daa446e05936f2e,Y,,
ACQ-20230928-CELL-010,B05,drive2_MFB-Disco-2,2025-10-02 - Toshiba EXT (Backup)\Proyectos_Laboratorio_Laura\Lung-surfactant\InVivos-Biodistribuciones_y_TT\Ex vivo\CellObv-TT-Agosto23\PR\20x\59-4.czi,,,90da96fda355b2030796ea648581771da636d515b96ba861443bbf53f1c4dc72,Y,,
ACQ-20230928-CELL-011,B05,drive2_MFB-Disco-2,2025-10-02 - Toshiba EXT (Backup)\Proyectos_Laboratorio_Laura\Lung-surfactant\InVivos-Biodistribuciones_y_TT\Ex vivo\CellObv-TT-Agosto23\PR\20x\59-5.czi,,,f4e09d023e51930aaa1d01c38e484b7e195730b5409d91f3abb77c119bf28644,Y,,
ACQ-20230928-CELL-012,B05,drive2_MFB-Disco-2,2025-10-02 - Toshiba EXT (Backup)\Proyectos_Laboratorio_Laura\Lung-surfactant\InVivos-Biodistribuciones_y_TT\Ex vivo\CellObv-TT-Agosto23\PR\20x\62-1.czi,,,3898d5917da2cb4940fa94cea345764786ade346aefe47f921c276cfebe613ed,Y,,
ACQ-20230928-CELL-013,B05,drive2_MFB-Disco-2,2025-10-02 - Toshiba EXT (Backup)\Proyectos_Laboratorio_Laura\Lung-surfactant\InVivos-Biodistribuciones_y_TT\Ex vivo\CellObv-TT-Agosto23\PR\20x\62-2.czi,,,8e8ac45ba5f25755abc866e87d5f8ccd9ff9c4c4fffaf481dde8971d46d90824,Y,,
ACQ-20230928-CELL-014,B05,drive2_MFB-Disco-2,2025-10-02 - Toshiba EXT (Backup)\Proyectos_Laboratorio_Laura\Lung-surfactant\InVivos-Biodistribuciones_y_TT\Ex vivo\CellObv-TT-Agosto23\PR\20x\62-3.czi,,,20e11e4d0175420ede2c132c4e4dfa754397dfbd4689374f58e5d289b1985e95,Y,,
ACQ-20230928-CELL-015,B05,drive2_MFB-Disco-2,2025-10-02 - Toshiba EXT (Backup)\Proyectos_Laboratorio_Laura\Lung-surfactant\InVivos-Biodistribuciones_y_TT\Ex vivo\CellObv-TT-Agosto23\PR\20x\62-4.czi,,,ac6f6ca9677e96816ded7c3a4066c622cd13b32a418380a637ca1c9fbddd39f2,Y,,
ACQ-20230928-CELL-016,B05,drive2_MFB-Disco-2,2025-10-02 - Toshiba EXT (Backup)\Proyectos_Laboratorio_Laura\Lung-surfactant\InVivos-Biodistribuciones_y_TT\Ex vivo\CellObv-TT-Agosto23\PR\20x\62-5.czi,,,342de043f978393abb126ce19672350a34ee4126e253cceeeb4846a379b61915,Y,,
ACQ-20230928-CELL-017,B05,drive2_MFB-Disco-2,2025-10-02 - Toshiba EXT (Backup)\Proyectos_Laboratorio_Laura\Lung-surfactant\InVivos-Biodistribuciones_y_TT\Ex vivo\CellObv-TT-Agosto23\PR\20x\63-1.czi,,,f4b6652b13e4dc2c0bfa4fad3e34945f50103976a4405398a6ebf9a7779a89b5,Y,,
ACQ-20230928-CELL-018,B05,drive2_MFB-Disco-2,2025-10-02 - Toshiba EXT (Backup)\Proyectos_Laboratorio_Laura\Lung-surfactant\InVivos-Biodistribuciones_y_TT\Ex vivo\CellObv-TT-Agosto23\PR\20x\63-2.czi,,,4463aabba43e537a2fadcd3dec5a8e9ce93bc0e39b0aad553b758bbc0e2030bc,Y,,
ACQ-20230928-CELL-019,B05,drive2_MFB-Disco-2,2025-10-02 - Toshiba EXT (Backup)\Proyectos_Laboratorio_Laura\Lung-surfactant\InVivos-Biodistribuciones_y_TT\Ex vivo\CellObv-TT-Agosto23\PR\20x\63-3.czi,,,ac7b381ce864ab0417d0d275d0b10aeb96a7ddff462ddb45da1400868eee8ad4,Y,,
ACQ-20230928-CELL-020,B05,drive2_MFB-Disco-2,2025-10-02 - Toshiba EXT (Backup)\Proyectos_Laboratorio_Laura\Lung-surfactant\InVivos-Biodistribuciones_y_TT\Ex vivo\CellObv-TT-Agosto23\PR\20x\63-4.czi,,,ce5c7732e9503ca18bbcb4e5967ae1e2f349cad9f541973684609c3208ab6e7f,Y,,
ACQ-20230928-CELL-021,B05,drive2_MFB-Disco-2,2025-10-02 - Toshiba EXT (Backup)\Proyectos_Laboratorio_Laura\Lung-surfactant\InVivos-Biodistribuciones_y_TT\Ex vivo\CellObv-TT-Agosto23\PR\20x\63-5.czi,,,f2fffda7b1da66b8856138ae8ffa6b2c7e788ade8383f912188383c31821da8a,Y,,
ACQ-20230928-CELL-022,B05,drive2_MFB-Disco-2,2025-10-02 - Toshiba EXT (Backup)\Proyectos_Laboratorio_Laura\Lung-surfactant\InVivos-Biodistribuciones_y_TT\Ex vivo\CellObv-TT-Agosto23\PR\20x\68-1.czi,,,329238506b014e0c4039c05077b4ff5c7169e7198fa2278aeaf0eb5240826d66,Y,,
ACQ-20230928-CELL-023,B05,drive2_MFB-Disco-2,2025-10-02 - Toshiba EXT (Backup)\Proyectos_Laboratorio_Laura\Lung-surfactant\InVivos-Biodistribuciones_y_TT\Ex vivo\CellObv-TT-Agosto23\PR\20x\68-2.czi,,,cbd632474584c92fddbe3ffd3288183d5681cb095c66bafd5082bffea85bbf97,Y,,
ACQ-20230928-CELL-024,B05,drive2_MFB-Disco-2,2025-10-02 - Toshiba EXT (Backup)\Proyectos_Laboratorio_Laura\Lung-surfactant\InVivos-Biodistribuciones_y_TT\Ex vivo\CellObv-TT-Agosto23\PR\20x\68-3.czi,,,b0a3afd04c4d3dfb46b3eb15e215369ecb6e3c8f6d4998ac03879a3dadc8adb2,Y,,
ACQ-20230928-CELL-025,B05,drive2_MFB-Disco-2,2025-10-02 - Toshiba EXT (Backup)\Proyectos_Laboratorio_Laura\Lung-surfactant\InVivos-Biodistribuciones_y_TT\Ex vivo\CellObv-TT-Agosto23\PR\20x\68-4.czi,,,e8d0cea486a71a2b8f79d686a08d303693ca7f1324e44b9c9fb41fe173c43b27,Y,,
ACQ-20230928-CELL-026,B05,drive2_MFB-Disco-2,2025-10-02 - Toshiba EXT (Backup)\Proyectos_Laboratorio_Laura\Lung-surfactant\InVivos-Biodistribuciones_y_TT\Ex vivo\CellObv-TT-Agosto23\PR\20x\68-5.czi,,,455594f917166eef96f7d1cec7a1024f227f80db425bf61bb2f5d44fa97b5b78,Y,,
ACQ-20231018-CELL-001,B05,drive1_FRIO-X6,,Cell observer\Marta\Infartos Ruben_PR.zip,Infartos Ruben_PR/231018_ID26_PR.czi,cdedb4a828085cfd2e449d3311855a0155b84ffbc6a4a25f513d8ee173bc8126,Y,,
ACQ-20231018-CELL-002,B05,drive1_FRIO-X6,,Cell observer\Marta\Infartos Ruben_PR.zip,Infartos Ruben_PR/231018_ID26_PR_Polarizada_03NA.czi,bb242090052eb6bc49aa7367d46f631acbe82f40fda3ac1ce4f1a9c67d98ee0e,Y,,
ACQ-20231018-CELL-003,B05,drive1_FRIO-X6,,Cell observer\Marta\Infartos Ruben_PR.zip,Infartos Ruben_PR/231018_ID26_PR_Polarizada_055NA.czi,3f8f8e7b13441813d889024087baada486dffa0daa6db3bc705778a02e28f721,Y,,
ACQ-20231018-CELL-004,B05,drive1_FRIO-X6,,Cell observer\Marta\Infartos Ruben_PR.zip,Infartos Ruben_PR/231018_ID29_PR.czi,198f9af44573aaf284d2549d1ebc7be0a1f09a3613d75641b9a65fb5fb80dd3e,Y,,
ACQ-20231018-CELL-005,B05,drive1_FRIO-X6,,Cell observer\Marta\Infartos Ruben_PR.zip,Infartos Ruben_PR/231018_ID29_PR_Polarizada_03NA.czi,8a54e81a62451f1829efd702bc136166308536bc245cc59d890407a2342fef37,Y,,
ACQ-20231018-CELL-006,B05,drive1_FRIO-X6,,Cell observer\Marta\Infartos Ruben_PR.zip,Infartos Ruben_PR/231018_ID29_PR_Polarizada_055NA.czi,347bc21298c98006363cafb7498833fdc04c4b00ea692d3f4e015cbb7e1434d0,Y,,
ACQ-20231025-LSM9-009,B03,drive1_FRIO-X6,Cell observer\AINHIZE\CONFOCAL LSM 900\Setting cuando falla detector.czi,,,1a7b13af33c74ca776a2823216d99ae0be8d4c31e88d0d18679f9cb9b59fc4d9,Y,,
ACQ-20231026-CELL-001,B05,drive2_MFB-Disco-2,2025-10-02 - Toshiba EXT (Backup)\Proyectos_Laboratorio_Laura\Lung-surfactant\InVivos-Biodistribuciones_y_TT\Ex vivo\CellObv-TT-Agosto23\COL1\56-1.czi,,,e50bfb9da15762b0580f9e38316840d44a1bbf4cf4dfb66d7597690a227a03d2,Y,,
ACQ-20231026-CELL-002,B05,drive2_MFB-Disco-2,2025-10-02 - Toshiba EXT (Backup)\Proyectos_Laboratorio_Laura\Lung-surfactant\InVivos-Biodistribuciones_y_TT\Ex vivo\CellObv-TT-Agosto23\COL1\56-2.czi,,,e16461aa4d14ec0d8edf3bcc5d7853b3b89e46af89b2e6e84b8cdf2698fa2523,Y,,
ACQ-20231026-CELL-003,B05,drive2_MFB-Disco-2,2025-10-02 - Toshiba EXT (Backup)\Proyectos_Laboratorio_Laura\Lung-surfactant\InVivos-Biodistribuciones_y_TT\Ex vivo\CellObv-TT-Agosto23\COL1\56-3.czi,,,f8694a09846f008cdf19fd4a6b6e01c7bdff68bddfd93c1663928463fe2d72ea,Y,,
ACQ-20231026-CELL-004,B05,drive2_MFB-Disco-2,2025-10-02 - Toshiba EXT (Backup)\Proyectos_Laboratorio_Laura\Lung-surfactant\InVivos-Biodistribuciones_y_TT\Ex vivo\CellObv-TT-Agosto23\COL1\56-4.czi,,,9f012dc3d1db14d02bb9097e34fbcecfbfa8592e6d250cfe98dc951228669faa,Y,,
ACQ-20231026-CELL-005,B05,drive2_MFB-Disco-2,2025-10-02 - Toshiba EXT (Backup)\Proyectos_Laboratorio_Laura\Lung-surfactant\InVivos-Biodistribuciones_y_TT\Ex vivo\CellObv-TT-Agosto23\COL1\56-5.czi,,,828951f71aba4862aa28b0868a4798fa6faad1e1412921547c0c4ee72ac92916,Y,,
ACQ-20231026-CELL-006,B05,drive2_MFB-Disco-2,2025-10-02 - Toshiba EXT (Backup)\Proyectos_Laboratorio_Laura\Lung-surfactant\InVivos-Biodistribuciones_y_TT\Ex vivo\CellObv-TT-Agosto23\COL1\59-1.czi,,,58ae0dd26099d68f7fe381ed68a5ea804e861752059c67982145121543274d7a,Y,,
ACQ-20231026-CELL-007,B05,drive2_MFB-Disco-2,2025-10-02 - Toshiba EXT (Backup)\Proyectos_Laboratorio_Laura\Lung-surfactant\InVivos-Biodistribuciones_y_TT\Ex vivo\CellObv-TT-Agosto23\COL1\59-2.czi,,,a9a3f6366d94defa7c697d7be49a7cf8f6fc730035020210143adde29ad6c9ef,Y,,
ACQ-20231026-CELL-008,B05,drive2_MFB-Disco-2,2025-10-02 - Toshiba EXT (Backup)\Proyectos_Laboratorio_Laura\Lung-surfactant\InVivos-Biodistribuciones_y_TT\Ex vivo\CellObv-TT-Agosto23\COL1\59-3.czi,,,626d7f40f41c93af8dd957d5fda2f62af0e907f3a3d62c6b4932e14b75f8e18c,Y,,
ACQ-20231026-CELL-009,B05,drive2_MFB-Disco-2,2025-10-02 - Toshiba EXT (Backup)\Proyectos_Laboratorio_Laura\Lung-surfactant\InVivos-Biodistribuciones_y_TT\Ex vivo\CellObv-TT-Agosto23\COL1\59-4.czi,,,f6499b3e8ce28f8da228c5150d53d95e46f5f335c3d11e46fbbb048f99ce2688,Y,,
ACQ-20231026-CELL-010,B05,drive2_MFB-Disco-2,2025-10-02 - Toshiba EXT (Backup)\Proyectos_Laboratorio_Laura\Lung-surfactant\InVivos-Biodistribuciones_y_TT\Ex vivo\CellObv-TT-Agosto23\COL1\59-5.czi,,,eea4bd198ca9019def6def4f382160532ebd2288b571bff9c7e8c6f2f0c55afb,Y,,
ACQ-20231026-CELL-011,B05,drive2_MFB-Disco-2,2025-10-02 - Toshiba EXT (Backup)\Proyectos_Laboratorio_Laura\Lung-surfactant\InVivos-Biodistribuciones_y_TT\Ex vivo\CellObv-TT-Agosto23\COL1\62-1.czi,,,b6beeda568abdb1cf126a5c76f3e5f720e438e9fb7cb85492ef1ce4a5e01c12c,Y,,
ACQ-20231026-CELL-012,B05,drive2_MFB-Disco-2,2025-10-02 - Toshiba EXT (Backup)\Proyectos_Laboratorio_Laura\Lung-surfactant\InVivos-Biodistribuciones_y_TT\Ex vivo\CellObv-TT-Agosto23\COL1\62-2.czi,,,1d0549d7ed99476a8f2f9f37ae1b45bf0bdda96199f5c81aca1156673413963e,Y,,
ACQ-20231026-CELL-013,B05,drive2_MFB-Disco-2,2025-10-02 - Toshiba EXT (Backup)\Proyectos_Laboratorio_Laura\Lung-surfactant\InVivos-Biodistribuciones_y_TT\Ex vivo\CellObv-TT-Agosto23\COL1\62-3.czi,,,96d3756d5be85c121a59576ab3c43e1fe701a8c2cda6d1a0a098bca34c9c4c6d,Y,,
ACQ-20231026-CELL-014,B05,drive2_MFB-Disco-2,2025-10-02 - Toshiba EXT (Backup)\Proyectos_Laboratorio_Laura\Lung-surfactant\InVivos-Biodistribuciones_y_TT\Ex vivo\CellObv-TT-Agosto23\COL1\62-4.czi,,,9d4c544d8770a53540c3265401477fb14357756fead2bb8b14e0554cb4dc13a7,Y,,
ACQ-20231026-CELL-015,B05,drive2_MFB-Disco-2,2025-10-02 - Toshiba EXT (Backup)\Proyectos_Laboratorio_Laura\Lung-surfactant\InVivos-Biodistribuciones_y_TT\Ex vivo\CellObv-TT-Agosto23\COL1\62-5.czi,,,200308cae61199120c7c01f6c81985829c490a33b48522e6f4fc9cff6b4562ad,Y,,
ACQ-20231026-CELL-016,B05,drive2_MFB-Disco-2,2025-10-02 - Toshiba EXT (Backup)\Proyectos_Laboratorio_Laura\Lung-surfactant\InVivos-Biodistribuciones_y_TT\Ex vivo\CellObv-TT-Agosto23\COL1\62-6.czi,,,6e5d6abaf999109cf66256aceea05168b3546e583c508b09c70be63dbf84e9c9,Y,,
ACQ-20231026-CELL-017,B05,drive2_MFB-Disco-2,2025-10-02 - Toshiba EXT (Backup)\Proyectos_Laboratorio_Laura\Lung-surfactant\InVivos-Biodistribuciones_y_TT\Ex vivo\CellObv-TT-Agosto23\COL1\63-1.czi,,,37bba8f722b72b4f584c9f51736fd506fa560b72cd553e3d364de708dbf5ce1d,Y,,
ACQ-20231026-CELL-018,B05,drive2_MFB-Disco-2,2025-10-02 - Toshiba EXT (Backup)\Proyectos_Laboratorio_Laura\Lung-surfactant\InVivos-Biodistribuciones_y_TT\Ex vivo\CellObv-TT-Agosto23\COL1\63-2.czi,,,81e88f09c1ee47ad549cc9f4e750da59d67fbc093a8dcbd61000ed1219fe7888,Y,,
ACQ-20231026-CELL-019,B05,drive2_MFB-Disco-2,2025-10-02 - Toshiba EXT (Backup)\Proyectos_Laboratorio_Laura\Lung-surfactant\InVivos-Biodistribuciones_y_TT\Ex vivo\CellObv-TT-Agosto23\COL1\63-3.czi,,,877e6ba07b7435f860668d61911f8e2f4f1cb08d630a015ce81d0ea3b4aae907,Y,,
ACQ-20231026-CELL-020,B05,drive2_MFB-Disco-2,2025-10-02 - Toshiba EXT (Backup)\Proyectos_Laboratorio_Laura\Lung-surfactant\InVivos-Biodistribuciones_y_TT\Ex vivo\CellObv-TT-Agosto23\COL1\63-4.czi,,,4da190fca41cc11a5fc40b48fd0011760a8f7cf5366d64058a021acb432f11b3,Y,,
ACQ-20231026-CELL-021,B05,drive2_MFB-Disco-2,2025-10-02 - Toshiba EXT (Backup)\Proyectos_Laboratorio_Laura\Lung-surfactant\InVivos-Biodistribuciones_y_TT\Ex vivo\CellObv-TT-Agosto23\COL1\63-5.czi,,,3560918635facd40b89de07e877b8307ce9f7ad4bdc0803547d6340da2b48996,Y,,
ACQ-20231026-CELL-022,B05,drive2_MFB-Disco-2,2025-10-02 - Toshiba EXT (Backup)\Proyectos_Laboratorio_Laura\Lung-surfactant\InVivos-Biodistribuciones_y_TT\Ex vivo\CellObv-TT-Agosto23\COL1\68-1.czi,,,cdb7fc88590ef876148598d594ea890a67fb0d088b9285307c1beb4665581cab,Y,,
ACQ-20231026-CELL-023,B05,drive2_MFB-Disco-2,2025-10-02 - Toshiba EXT (Backup)\Proyectos_Laboratorio_Laura\Lung-surfactant\InVivos-Biodistribuciones_y_TT\Ex vivo\CellObv-TT-Agosto23\COL1\68-2.czi,,,b1272eb887d08ddbae705275d18defd434496dfb56a419ec14b4eac8b9d54908,Y,,
ACQ-20231026-CELL-024,B05,drive2_MFB-Disco-2,2025-10-02 - Toshiba EXT (Backup)\Proyectos_Laboratorio_Laura\Lung-surfactant\InVivos-Biodistribuciones_y_TT\Ex vivo\CellObv-TT-Agosto23\COL1\68-3.czi,,,a8ffbd715d15f2d060df0395b83225923086006511980142eb132a99945b8516,Y,,
ACQ-20231026-CELL-025,B05,drive2_MFB-Disco-2,2025-10-02 - Toshiba EXT (Backup)\Proyectos_Laboratorio_Laura\Lung-surfactant\InVivos-Biodistribuciones_y_TT\Ex vivo\CellObv-TT-Agosto23\COL1\68-4.czi,,,9c68f6ecc1e083ae0ce497db6f82694acda92327f7a118627dfc559de2b1b90b,Y,,
ACQ-20231026-CELL-026,B05,drive2_MFB-Disco-2,2025-10-02 - Toshiba EXT (Backup)\Proyectos_Laboratorio_Laura\Lung-surfactant\InVivos-Biodistribuciones_y_TT\Ex vivo\CellObv-TT-Agosto23\COL1\68-5.czi,,,c62b49513da9ca3f53cc9fec6f526b5996585a4714d3a8262c34b8a1e2dd0521,Y,,
ACQ-20231026-CELL-027,B05,drive2_MFB-Disco-2,2025-10-02 - Toshiba EXT (Backup)\Proyectos_Laboratorio_Laura\Lung-surfactant\InVivos-Biodistribuciones_y_TT\Ex vivo\CellObv-TT-Agosto23\COL1\68-6.czi,,,2c4b134ac48e45ce23e264b9c13a60226f0786431f8d67af3be0ca7ec49e0a18,Y,,
ACQ-20231026-CELL-028,B05,drive2_MFB-Disco-2,2025-10-02 - Toshiba EXT (Backup)\Proyectos_Laboratorio_Laura\Lung-surfactant\InVivos-Biodistribuciones_y_TT\Ex vivo\CellObv-TT-Agosto23\sma\56-1.czi,,,ecbf3d57abf5f3996fb85fd62467b6de876ee122980eb471c0c3e39381f14116,Y,,
ACQ-20231026-CELL-029,B05,drive2_MFB-Disco-2,2025-10-02 - Toshiba EXT (Backup)\Proyectos_Laboratorio_Laura\Lung-surfactant\InVivos-Biodistribuciones_y_TT\Ex vivo\CellObv-TT-Agosto23\sma\56-1.scale.czi,,,376133e8502ce6b7b2d313c91bd864198fc6f7279ab3116733dc94cb86e08366,Y,,
ACQ-20231026-CELL-030,B05,drive2_MFB-Disco-2,2025-10-02 - Toshiba EXT (Backup)\Proyectos_Laboratorio_Laura\Lung-surfactant\InVivos-Biodistribuciones_y_TT\Ex vivo\CellObv-TT-Agosto23\sma\56-2.czi,,,40e8d1034c58c47a066a7f6d2cc273fc1341c3a5da2593c5dfe8ab42112a8dbc,Y,,
ACQ-20231026-CELL-031,B05,drive2_MFB-Disco-2,2025-10-02 - Toshiba EXT (Backup)\Proyectos_Laboratorio_Laura\Lung-surfactant\InVivos-Biodistribuciones_y_TT\Ex vivo\CellObv-TT-Agosto23\sma\56-3.czi,,,a48472d2600a122607b3048125a39a6248b7e2718286c166905a4093b0262103,Y,,
ACQ-20231026-CELL-032,B05,drive2_MFB-Disco-2,2025-10-02 - Toshiba EXT (Backup)\Proyectos_Laboratorio_Laura\Lung-surfactant\InVivos-Biodistribuciones_y_TT\Ex vivo\CellObv-TT-Agosto23\sma\56-4.czi,,,bf1eaf860bee5684250ec5588302fa303eed94b9d72514c9d311aac9f0855fbb,Y,,
ACQ-20231026-CELL-033,B05,drive2_MFB-Disco-2,2025-10-02 - Toshiba EXT (Backup)\Proyectos_Laboratorio_Laura\Lung-surfactant\InVivos-Biodistribuciones_y_TT\Ex vivo\CellObv-TT-Agosto23\sma\56-5.czi,,,53751d144d65893610383aaab1e9122dcf58612230d088c41bece0b531621eaa,Y,,
ACQ-20231026-CELL-034,B05,drive2_MFB-Disco-2,2025-10-02 - Toshiba EXT (Backup)\Proyectos_Laboratorio_Laura\Lung-surfactant\InVivos-Biodistribuciones_y_TT\Ex vivo\CellObv-TT-Agosto23\sma\56-6.czi,,,48c68d3b7d21449b2474d58028bbb18feda9bd5d973a8c6fdadc5a1416178160,Y,,
ACQ-20231026-CELL-035,B05,drive2_MFB-Disco-2,2025-10-02 - Toshiba EXT (Backup)\Proyectos_Laboratorio_Laura\Lung-surfactant\InVivos-Biodistribuciones_y_TT\Ex vivo\CellObv-TT-Agosto23\sma\56-7.czi,,,7411c4c4781c12f91e25e44d11d0c95e04d0577be4d6462130994ca3e6dff868,Y,,
ACQ-20231026-CELL-036,B05,drive2_MFB-Disco-2,2025-10-02 - Toshiba EXT (Backup)\Proyectos_Laboratorio_Laura\Lung-surfactant\InVivos-Biodistribuciones_y_TT\Ex vivo\CellObv-TT-Agosto23\sma\59-1.czi,,,95c9fc0e5f0fbe2c798e4fc7a7d5c9932d255f3070088b62adcbb8c876809daa,Y,,
ACQ-20231026-CELL-037,B05,drive2_MFB-Disco-2,2025-10-02 - Toshiba EXT (Backup)\Proyectos_Laboratorio_Laura\Lung-surfactant\InVivos-Biodistribuciones_y_TT\Ex vivo\CellObv-TT-Agosto23\sma\59-2.czi,,,88b35a9f3a145aa96b58e5189a1ff294260aa08670f4e30cdaeb2bb21cd5ae0a,Y,,
ACQ-20231026-CELL-038,B05,drive2_MFB-Disco-2,2025-10-02 - Toshiba EXT (Backup)\Proyectos_Laboratorio_Laura\Lung-surfactant\InVivos-Biodistribuciones_y_TT\Ex vivo\CellObv-TT-Agosto23\sma\59-3.czi,,,38c978cd3b4ab405b27d41d9e6b85ddb014bcb16a8f5ca6063efb7760f8ad380,Y,,
ACQ-20231026-CELL-039,B05,drive2_MFB-Disco-2,2025-10-02 - Toshiba EXT (Backup)\Proyectos_Laboratorio_Laura\Lung-surfactant\InVivos-Biodistribuciones_y_TT\Ex vivo\CellObv-TT-Agosto23\sma\59-4.czi,,,76ad191b6eaa49b5ea129af6def143c4fa260217580811d82f48f6e47ce7b9b3,Y,,
ACQ-20231026-CELL-040,B05,drive2_MFB-Disco-2,2025-10-02 - Toshiba EXT (Backup)\Proyectos_Laboratorio_Laura\Lung-surfactant\InVivos-Biodistribuciones_y_TT\Ex vivo\CellObv-TT-Agosto23\sma\59-5.czi,,,349e60eb59de15e8fa35fa48d5f5dbdff61837332212fb506c085444d584de7c,Y,,
ACQ-20231026-CELL-041,B05,drive2_MFB-Disco-2,2025-10-02 - Toshiba EXT (Backup)\Proyectos_Laboratorio_Laura\Lung-surfactant\InVivos-Biodistribuciones_y_TT\Ex vivo\CellObv-TT-Agosto23\sma\59-6.czi,,,4f78f6e80aeab0d9142cac1f77781f37fd993ccfed71462150066f611806d5dd,Y,,
ACQ-20231026-CELL-042,B05,drive2_MFB-Disco-2,2025-10-02 - Toshiba EXT (Backup)\Proyectos_Laboratorio_Laura\Lung-surfactant\InVivos-Biodistribuciones_y_TT\Ex vivo\CellObv-TT-Agosto23\sma\62-1.czi,,,d45912ece77ff01fe76d475c2b6bed437ded9642992d942c36a4df7ae05251c6,Y,,
ACQ-20231026-CELL-043,B05,drive2_MFB-Disco-2,2025-10-02 - Toshiba EXT (Backup)\Proyectos_Laboratorio_Laura\Lung-surfactant\InVivos-Biodistribuciones_y_TT\Ex vivo\CellObv-TT-Agosto23\sma\62-2.czi,,,155a2ea30d9e6034ffef3c90f7fbefc6d9db428a3bd927a4c2b4b11344a0f626,Y,,
ACQ-20231026-CELL-044,B05,drive2_MFB-Disco-2,2025-10-02 - Toshiba EXT (Backup)\Proyectos_Laboratorio_Laura\Lung-surfactant\InVivos-Biodistribuciones_y_TT\Ex vivo\CellObv-TT-Agosto23\sma\62-3.czi,,,fcb97c27ad98a8c9ee176f43cccec9e9f6c3da5f41a7972f859e976d400375a9,Y,,
ACQ-20231026-CELL-045,B05,drive2_MFB-Disco-2,2025-10-02 - Toshiba EXT (Backup)\Proyectos_Laboratorio_Laura\Lung-surfactant\InVivos-Biodistribuciones_y_TT\Ex vivo\CellObv-TT-Agosto23\sma\62-4.czi,,,6f9ea47012775c0488b3491c0d90ff989de6d2fe29291b3f100bf95015a156a5,Y,,
ACQ-20231026-CELL-046,B05,drive2_MFB-Disco-2,2025-10-02 - Toshiba EXT (Backup)\Proyectos_Laboratorio_Laura\Lung-surfactant\InVivos-Biodistribuciones_y_TT\Ex vivo\CellObv-TT-Agosto23\sma\62-5.czi,,,6ce121920562b268abafd9915a00d962d5a120a99865daafbd4701dafdb23027,Y,,
ACQ-20231026-CELL-047,B05,drive2_MFB-Disco-2,2025-10-02 - Toshiba EXT (Backup)\Proyectos_Laboratorio_Laura\Lung-surfactant\InVivos-Biodistribuciones_y_TT\Ex vivo\CellObv-TT-Agosto23\sma\63-1.czi,,,23297a03b2815536432f5cf58c02b2f240706e597d0cc12ac28773f39f14c254,Y,,
ACQ-20231026-CELL-048,B05,drive2_MFB-Disco-2,2025-10-02 - Toshiba EXT (Backup)\Proyectos_Laboratorio_Laura\Lung-surfactant\InVivos-Biodistribuciones_y_TT\Ex vivo\CellObv-TT-Agosto23\sma\63-2.czi,,,35a8b3ac540d8c76ad26326687f7ac7a2bfcdc21120c78423defcfddca5c1dc0,Y,,
ACQ-20231026-CELL-049,B05,drive2_MFB-Disco-2,2025-10-02 - Toshiba EXT (Backup)\Proyectos_Laboratorio_Laura\Lung-surfactant\InVivos-Biodistribuciones_y_TT\Ex vivo\CellObv-TT-Agosto23\sma\63-3.czi,,,104be2a7411fd0fafab783d776214c4db63f1bc818a6a5ae202186d5d59db637,Y,,
ACQ-20231026-CELL-050,B05,drive2_MFB-Disco-2,2025-10-02 - Toshiba EXT (Backup)\Proyectos_Laboratorio_Laura\Lung-surfactant\InVivos-Biodistribuciones_y_TT\Ex vivo\CellObv-TT-Agosto23\sma\63-4.czi,,,2afbce103aa6796f8af331c4471826895a73322dd2977e459ab6da8bbc2902a1,Y,,
ACQ-20231026-CELL-051,B05,drive2_MFB-Disco-2,2025-10-02 - Toshiba EXT (Backup)\Proyectos_Laboratorio_Laura\Lung-surfactant\InVivos-Biodistribuciones_y_TT\Ex vivo\CellObv-TT-Agosto23\sma\63-5.czi,,,070fef417a7b539df07c0881a54fe00aad9cfcb45c1416337d3b10492926b306,Y,,
ACQ-20231026-CELL-052,B05,drive2_MFB-Disco-2,2025-10-02 - Toshiba EXT (Backup)\Proyectos_Laboratorio_Laura\Lung-surfactant\InVivos-Biodistribuciones_y_TT\Ex vivo\CellObv-TT-Agosto23\sma\68-1.czi,,,d1901c860a38fb32dba9dcc86ad500426ff153fb0a2ebfae8316c84e74c741b0,Y,,
ACQ-20231026-CELL-053,B05,drive2_MFB-Disco-2,2025-10-02 - Toshiba EXT (Backup)\Proyectos_Laboratorio_Laura\Lung-surfactant\InVivos-Biodistribuciones_y_TT\Ex vivo\CellObv-TT-Agosto23\sma\68-2.czi,,,465d3a9a8d3b0ac68b4b5acfb4b107e454d4ad6c3c2e3623d54b6d950181a19b,Y,,
ACQ-20231026-CELL-054,B05,drive2_MFB-Disco-2,2025-10-02 - Toshiba EXT (Backup)\Proyectos_Laboratorio_Laura\Lung-surfactant\InVivos-Biodistribuciones_y_TT\Ex vivo\CellObv-TT-Agosto23\sma\68-3.czi,,,ef29023c8ecaa8fbdec71b86eafc61a4dd3dcdb8c1e4f276ee34f67540eceee5,Y,,
ACQ-20231026-CELL-055,B05,drive2_MFB-Disco-2,2025-10-02 - Toshiba EXT (Backup)\Proyectos_Laboratorio_Laura\Lung-surfactant\InVivos-Biodistribuciones_y_TT\Ex vivo\CellObv-TT-Agosto23\sma\68-4.czi,,,7b28ee58aa07f7b1ba82c66dbe5f54b4f892e217341d644ba88b3c0b253474d3,Y,,
ACQ-20231026-CELL-056,B05,drive2_MFB-Disco-2,2025-10-02 - Toshiba EXT (Backup)\Proyectos_Laboratorio_Laura\Lung-surfactant\InVivos-Biodistribuciones_y_TT\Ex vivo\CellObv-TT-Agosto23\sma\68-5.czi,,,71c9be1abc9e78cdcce482d90ca6f89c73e2bff3a8bf0512166a89911edd4678,Y,,
ACQ-20231026-CELL-057,B05,drive2_MFB-Disco-2,2025-10-02 - Toshiba EXT (Backup)\Proyectos_Laboratorio_Laura\Lung-surfactant\InVivos-Biodistribuciones_y_TT\Ex vivo\CellObv-TT-Agosto23\sma\68-6.czi,,,4817b117497069f0adfb91c6708aa1b96c9a555ed2239be4e9cf919c4ff30ecc,Y,,
ACQ-20231026-CELL-058,B05,drive2_MFB-Disco-2,2025-10-02 - Toshiba EXT (Backup)\Proyectos_Laboratorio_Laura\Lung-surfactant\InVivos-Biodistribuciones_y_TT\Ex vivo\CellObv-TT-Agosto23\sma\68-7.czi,,,ed9418e76f3138e338bde4f93ab521c8afd3a1f37294a063c9f3cd15c2d5d694,Y,,
ACQ-20231026-CELL-059,B05,drive2_MFB-Disco-2,2025-10-02 - Toshiba EXT (Backup)\Proyectos_Laboratorio_Laura\Lung-surfactant\InVivos-Biodistribuciones_y_TT\Ex vivo\CellObv-TT-Agosto23\sma\68-8.czi,,,acb3c8d88f3c78ffddf7ece6c2c0f3a76689b31186ccc3b6c1410e685295c8ce,Y,,
ACQ-20240117-CELL-001,B05,drive2_MFB-Disco-2,2025-10-02 - Toshiba EXT (Backup)\Proyectos_Laboratorio_Laura\Lung-surfactant\InVivos-Biodistribuciones_y_TT\Histologias-TT-Octubre23\alphaSMA\Lobulo1-ID79_aplhaSMA_10x_tiles.czi,,,088c6c50542d593757c466aff61a9c593be9783ca1cc77a96075e4a299580255,Y,,
ACQ-20240117-CELL-002,B05,drive2_MFB-Disco-2,2025-10-02 - Toshiba EXT (Backup)\Proyectos_Laboratorio_Laura\Lung-surfactant\InVivos-Biodistribuciones_y_TT\Histologias-TT-Octubre23\alphaSMA\Lobulo2-ID79_aplhaSMA_10x_tiles.czi,,,e1e7039e9569f277ad3b852e484b99ed478803b7fca106b4990c18533b837ed1,Y,,
ACQ-20240117-CELL-003,B05,drive2_MFB-Disco-2,2025-10-02 - Toshiba EXT (Backup)\Proyectos_Laboratorio_Laura\Lung-surfactant\InVivos-Biodistribuciones_y_TT\Histologias-TT-Octubre23\alphaSMA\ROI-ID76_aplhaSMA_10x_tiles.czi,,,0b3ed777a18e401a899dee9e72e5dec6638cfa3fe63f6caa2e28b3fd8a387c15,Y,,
ACQ-20240117-CELL-004,B05,drive2_MFB-Disco-2,2025-10-02 - Toshiba EXT (Backup)\Proyectos_Laboratorio_Laura\Lung-surfactant\InVivos-Biodistribuciones_y_TT\Histologias-TT-Octubre23\alphaSMA\ROI1-ID79_aplhaSMA_10x_tiles.czi,,,94138a18ec81e5c44fdd30363eec3f18484124b254502bcd90b524e9eeccfe12,Y,,
ACQ-20240117-CELL-005,B05,drive2_MFB-Disco-2,2025-10-02 - Toshiba EXT (Backup)\Proyectos_Laboratorio_Laura\Lung-surfactant\InVivos-Biodistribuciones_y_TT\Histologias-TT-Octubre23\alphaSMA\ROI2-ID79_aplhaSMA_10x_tiles.czi,,,3ecc1cca6d0a14295ced857d1bce644574a0c484596f9c10c5bf80da2a80d2d6,Y,,
ACQ-20240404-CELL-003,B05,drive2_MFB-Disco-2,2025-10-02 - Toshiba EXT (Backup)\CELL OBSERVER\Calceina-\2024-04-04\100-t0 (1).czi,,,d8a87e7de82b3be6ed0923510b8d09f29bf5be182302e4d7db4cc3d3dbcc2848,Y,,
ACQ-20240404-CELL-004,B05,drive2_MFB-Disco-2,2025-10-02 - Toshiba EXT (Backup)\CELL OBSERVER\Calceina-\2024-04-04\100-t0 (2).czi,,,734c907d0d4e952cb3e412e48a8e5e8337f8dfa05c2f0f0b6417601c8374bc13,Y,,
ACQ-20240404-CELL-005,B05,drive2_MFB-Disco-2,2025-10-02 - Toshiba EXT (Backup)\CELL OBSERVER\Calceina-\2024-04-04\100-t0 (3).czi,,,fef506d030671036164035ea7542211418db36f21c0a385893ae1b2fd6ea2370,Y,,
ACQ-20240404-CELL-006,B05,drive2_MFB-Disco-2,2025-10-02 - Toshiba EXT (Backup)\CELL OBSERVER\Calceina-\2024-04-04\150-t0 (1).czi,,,8ae5f01180f3ff4447e367a066f3f7d3b90349587afc6abeadefac894120abbd,Y,,
ACQ-20240404-CELL-007,B05,drive2_MFB-Disco-2,2025-10-02 - Toshiba EXT (Backup)\CELL OBSERVER\Calceina-\2024-04-04\150-t0 (2).czi,,,0e0b324c95b7272c8612ca7cb5bdccc71b546118a4e6a116f71d51f3980b7c9f,Y,,
ACQ-20240404-CELL-008,B05,drive2_MFB-Disco-2,2025-10-02 - Toshiba EXT (Backup)\CELL OBSERVER\Calceina-\2024-04-04\150-t0 (3).czi,,,e260645536a4c294deadf16f2712510762fb44cd452dab07ff4d4f04021e032b,Y,,
ACQ-20240404-CELL-009,B05,drive2_MFB-Disco-2,2025-10-02 - Toshiba EXT (Backup)\CELL OBSERVER\Calceina-\2024-04-04\20-t0 (1).czi,,,08032b7554458dc72b217e075b1aadc959dea125726c1f9434f3cc7a2a61d9f2,Y,,
ACQ-20240404-CELL-010,B05,drive2_MFB-Disco-2,2025-10-02 - Toshiba EXT (Backup)\CELL OBSERVER\Calceina-\2024-04-04\20-t0 (2).czi,,,2964c6e0b53cda8b1d0d1794604350b38c09ec29cc207cacb55a9590660c29bc,Y,,
ACQ-20240404-CELL-011,B05,drive2_MFB-Disco-2,2025-10-02 - Toshiba EXT (Backup)\CELL OBSERVER\Calceina-\2024-04-04\20-t0 (3).czi,,,b05e946d22b70e19861d5b9387206897fc240719ea863ac617a9066c346cf506,Y,,
ACQ-20240404-CELL-012,B05,drive2_MFB-Disco-2,2025-10-02 - Toshiba EXT (Backup)\CELL OBSERVER\Calceina-\2024-04-04\200-t0-1.czi,,,f8865367fab6c94cddc93761f67671c6a131f6aaf1987b274797ba89cb0fd565,Y,,
ACQ-20240404-CELL-013,B05,drive2_MFB-Disco-2,2025-10-02 - Toshiba EXT (Backup)\CELL OBSERVER\Calceina-\2024-04-04\200-t0-2.czi,,,994474f8672b4ab599e711e6794e3a2ec52cffc46fff4f611632e5e634ce6f17,Y,,
ACQ-20240404-CELL-014,B05,drive2_MFB-Disco-2,2025-10-02 - Toshiba EXT (Backup)\CELL OBSERVER\Calceina-\2024-04-04\200-t0-3.czi,,,e98bdebc5f5dcd16edb5cde2cade5ea80f148f9d50a0da34022c1c0a6939892e,Y,,
ACQ-20240404-CELL-015,B05,drive2_MFB-Disco-2,2025-10-02 - Toshiba EXT (Backup)\CELL OBSERVER\Calceina-\2024-04-04\50-t0 (1).czi,,,d439589d2bab5c718e7e24c591445e2442643364ea3c3dcc3434af8cf43dcadb,Y,,
ACQ-20240404-CELL-016,B05,drive2_MFB-Disco-2,2025-10-02 - Toshiba EXT (Backup)\CELL OBSERVER\Calceina-\2024-04-04\50-t0 (2).czi,,,e558b69ec00f815db64d75de76e8a41835ffd4b990376cf6056cbb192a06c233,Y,,
ACQ-20240404-CELL-017,B05,drive2_MFB-Disco-2,2025-10-02 - Toshiba EXT (Backup)\CELL OBSERVER\Calceina-\2024-04-04\50-t0 (3).czi,,,73d65387ef70c18bd76e2b773f2df2d782f72137f40e3428f176f1cbadab81c1,Y,,
ACQ-20240404-CELL-018,B05,drive2_MFB-Disco-2,2025-10-02 - Toshiba EXT (Backup)\CELL OBSERVER\Calceina-\2024-04-04\Control (1).czi,,,5faeffb0aaa6cc057e2de956e63fce6cdca99849532a688ad13cb9f57f84f4b9,Y,,
ACQ-20240404-CELL-019,B05,drive2_MFB-Disco-2,2025-10-02 - Toshiba EXT (Backup)\CELL OBSERVER\Calceina-\2024-04-04\Control (2).czi,,,85c490c7bd7911d1a124e180bc990c3794b97cfcdf54a349616bc809f9441850,Y,,
ACQ-20240404-CELL-020,B05,drive2_MFB-Disco-2,2025-10-02 - Toshiba EXT (Backup)\CELL OBSERVER\Calceina-\2024-04-04\Doxo-2-t0-2 (2).czi,,,a5c7be6c6fa35eb5f8430e8d8699d588057accd37f3bad136c882dd4c29196e1,Y,,
ACQ-20240404-CELL-021,B05,drive2_MFB-Disco-2,2025-10-02 - Toshiba EXT (Backup)\CELL OBSERVER\Calceina-\2024-04-04\Doxo-2-t0-2 (3).czi,,,c40102dd5aece8077885c1880ca01e258f2966b24f4573cd2b1d3b63125e2178,Y,,
ACQ-20240404-CELL-022,B05,drive2_MFB-Disco-2,2025-10-02 - Toshiba EXT (Backup)\CELL OBSERVER\Calceina-\2024-04-04\Doxo-2-t0-2 (4).czi,,,26b5f913e3abfa2ab83398b15dd64a04e728be501ac96b6a5b7cb6a5f5e5eacc,Y,,
ACQ-20240404-CELL-023,B05,drive2_MFB-Disco-2,2025-10-02 - Toshiba EXT (Backup)\CELL OBSERVER\Calceina-\2024-04-04\Doxo-3-t0 (2).czi,,,f0345ed79614e94d80d3620acc119141550fe0222a81ae8134ecc576d0d9a8c3,Y,,
ACQ-20240404-CELL-024,B05,drive2_MFB-Disco-2,2025-10-02 - Toshiba EXT (Backup)\CELL OBSERVER\Calceina-\2024-04-04\Doxo-3-t0 (3).czi,,,40d641649c3262b6c15c8fba3ba27a0bc17103c7cdee53cf5fb34273123f127e,Y,,
ACQ-20240404-CELL-025,B05,drive2_MFB-Disco-2,2025-10-02 - Toshiba EXT (Backup)\CELL OBSERVER\Calceina-\2024-04-04\Doxo-3-t0 (4).czi,,,6d39dc926d0aa1d309eae7529fa14d87ef42d52faa88e8413faac0c9f02849df,Y,,
ACQ-20240404-CELL-026,B05,drive2_MFB-Disco-2,2025-10-02 - Toshiba EXT (Backup)\CELL OBSERVER\Calceina-\2024-04-04\Doxo-4-t0 (1).czi,,,158eccc1d629218568e785e4a36ab9371b1f04c78bbbdf0c151fc019dae11bf4,Y,,
ACQ-20240404-CELL-027,B05,drive2_MFB-Disco-2,2025-10-02 - Toshiba EXT (Backup)\CELL OBSERVER\Calceina-\2024-04-04\Doxo-4-t0 (2).czi,,,38bdb19f12449737c5b8affb0dfbe66ce2ec7f171c4ebe0395e9c5b74fc50184,Y,,
ACQ-20240404-CELL-028,B05,drive2_MFB-Disco-2,2025-10-02 - Toshiba EXT (Backup)\CELL OBSERVER\Calceina-\2024-04-04\Doxo-4-t0 (3).czi,,,3a64eb8b5ddc4e8fc993fd39644c2d5d15dc00d4a34754cf70bdd32077ba9e41,Y,,
ACQ-20240404-CELL-029,B05,drive2_MFB-Disco-2,2025-10-02 - Toshiba EXT (Backup)\CELL OBSERVER\Calceina-\2024-04-04\Doxo-5-t0 (1).czi,,,a764556a0bec9789159b9dbff66066fc4c19d26922e6ac99cc52f35144fab838,Y,,
ACQ-20240404-CELL-030,B05,drive2_MFB-Disco-2,2025-10-02 - Toshiba EXT (Backup)\CELL OBSERVER\Calceina-\2024-04-04\Doxo-5-t0 (2).czi,,,961f02f538a85fb0015330a3476fcb38ef45ade3513bacf8f0e310cafa9e9572,Y,,
ACQ-20240404-CELL-031,B05,drive2_MFB-Disco-2,2025-10-02 - Toshiba EXT (Backup)\CELL OBSERVER\Calceina-\2024-04-04\Doxo-5-t0 (3).czi,,,614694e2ce03bf8c417ad1c600d332b7d06b2ce20f61501e6d1f2a9ad8030db7,Y,,
ACQ-20240404-CELL-032,B05,drive2_MFB-Disco-2,2025-10-02 - Toshiba EXT (Backup)\CELL OBSERVER\Calceina-\2024-04-04\Doxo-6-t0 (1).czi,,,38ee5bba597e04ab030d3c123e03040bb0b91eca359e9770bf0ea19e734a3c20,Y,,
ACQ-20240404-CELL-033,B05,drive2_MFB-Disco-2,2025-10-02 - Toshiba EXT (Backup)\CELL OBSERVER\Calceina-\2024-04-04\Doxo-6-t0 (2).czi,,,3212e74e59de6848baecf5364591e6d973bfd2bb86f773bbdf64d6387950f964,Y,,
ACQ-20240404-CELL-034,B05,drive2_MFB-Disco-2,2025-10-02 - Toshiba EXT (Backup)\CELL OBSERVER\Calceina-\2024-04-04\Doxo-6-t0 (3).czi,,,d4281882a671e274e7c0249cb88a098231b75c45b157574611644757ea28ef9c,Y,,
ACQ-20240404-CELL-035,B05,drive2_MFB-Disco-2,2025-10-02 - Toshiba EXT (Backup)\CELL OBSERVER\Calceina-\Claudia\claudia-0.5ug-t0 (2).czi,,,060cd29cecd2ca52b22ec6c7c58837d5b6354a531a43e5056c1394937b7ab706,Y,,
ACQ-20240404-CELL-036,B05,drive2_MFB-Disco-2,2025-10-02 - Toshiba EXT (Backup)\CELL OBSERVER\Calceina-\Claudia\claudia-0.5ug-t0.czi,,,9dba54f64f9bbcf7b6a7dd09d3bfe590b83ddfe22db2ad03aa1831f3435b72da,Y,,
ACQ-20240404-CELL-037,B05,drive2_MFB-Disco-2,2025-10-02 - Toshiba EXT (Backup)\CELL OBSERVER\Calceina-\Claudia\claudia-0.5ugNP-t0 (2).czi,,,a414cc90afb94bed25afbc0328b59c0c0ffa46a8ea0efd581a4d6206f9dd7b12,Y,drive2_MFB-Disco-2/2025-10-02 - Toshiba EXT (Backup)/CELL OBSERVER/Calceina-/2024-04-04/claudia-0.5ugNP-t0 (2).czi,
ACQ-20240404-CELL-038,B05,drive2_MFB-Disco-2,2025-10-02 - Toshiba EXT (Backup)\CELL OBSERVER\Calceina-\Claudia\claudia-0.5ugNP-t0.czi,,,2a620408eb0cf75991caf14bb27a00c9be487fe8ca5f9dbbae38c9e0237827aa,Y,,
ACQ-20240404-CELL-039,B05,drive2_MFB-Disco-2,2025-10-02 - Toshiba EXT (Backup)\CELL OBSERVER\Calceina-\Claudia\claudia-1ug-t0 (2).czi,,,77fafcdff8c7a63d1dcd33814071256333facee1a599d8115f3d6e02e1f5b126,Y,,
ACQ-20240404-CELL-040,B05,drive2_MFB-Disco-2,2025-10-02 - Toshiba EXT (Backup)\CELL OBSERVER\Calceina-\Claudia\claudia-1ug-t0.czi,,,aac02720cb9d1b452ef4b193fd8a897228898fccee81e4af36b4d3cd81432786,Y,,
ACQ-20240404-CELL-041,B05,drive2_MFB-Disco-2,2025-10-02 - Toshiba EXT (Backup)\CELL OBSERVER\Calceina-\Claudia\claudia-1ugNP-t0 (2).czi,,,3a7416e0d6e3ccc322b345a628e15fc65ebf3ad17bcdbc48a4ebed2bb2d41a72,Y,,
ACQ-20240404-CELL-042,B05,drive2_MFB-Disco-2,2025-10-02 - Toshiba EXT (Backup)\CELL OBSERVER\Calceina-\Claudia\claudia-1ugNP-t0.czi,,,9889ec54619be779d5cca285a514dd2ae2a4cc5f93aecd70d4e2661fac607c83,Y,,
ACQ-20240404-CELL-043,B05,drive2_MFB-Disco-2,2025-10-02 - Toshiba EXT (Backup)\CELL OBSERVER\Calceina-\New-06.czi,,,bf79365c9ae06c1bd0acc181a3ffc7b5ddfd141d2faaf40cb627d63487470170,Y,,
ACQ-20240404-CELL-044,B05,drive2_MFB-Disco-2,2025-10-02 - Toshiba EXT (Backup)\CELL OBSERVER\Calceina-\New.czi,,,93702a20eef5ded796a617e368d23a359cb22fabc79924e3d3cd8383bd5d9697,Y,,
ACQ-20240405-CELL-001,B05,drive2_MFB-Disco-2,2025-10-02 - Toshiba EXT (Backup)\CELL OBSERVER\Calceina-\18h\100-t18h (1).czi,,,61dde7f8257dfb294eac0e65da8e9d93accb7c104356c05b2c91d6ea3d9c1f9f,Y,,
ACQ-20240405-CELL-002,B05,drive2_MFB-Disco-2,2025-10-02 - Toshiba EXT (Backup)\CELL OBSERVER\Calceina-\18h\100-t18h (2).czi,,,812ef8d46d65cec7bcc19069e7608dc57ccf7bcb94b37ddc199252295d76c528,Y,,
ACQ-20240405-CELL-003,B05,drive2_MFB-Disco-2,2025-10-02 - Toshiba EXT (Backup)\CELL OBSERVER\Calceina-\18h\100-t18h (3).czi,,,da0d8b0750fd10941ce38e7693cf54c672e4441fb2b5d6385f32a8648d898594,Y,,
ACQ-20240405-CELL-004,B05,drive2_MFB-Disco-2,2025-10-02 - Toshiba EXT (Backup)\CELL OBSERVER\Calceina-\18h\150-t18h (1).czi,,,42b1a30303f115778cc0a6647dcb298cb4496348f68af42e983be08f95e7d229,Y,,
ACQ-20240405-CELL-005,B05,drive2_MFB-Disco-2,2025-10-02 - Toshiba EXT (Backup)\CELL OBSERVER\Calceina-\18h\150-t18h (2).czi,,,1d4e8464fcbf6550c8b7744a0b0c52d07918622589c3f4df187ab11c8661acf6,Y,,
ACQ-20240405-CELL-006,B05,drive2_MFB-Disco-2,2025-10-02 - Toshiba EXT (Backup)\CELL OBSERVER\Calceina-\18h\150-t18h (3).czi,,,9691e392017bedf24ee45b0c563c81fe3d0d4bc01eafa4a27372fb1f275e9e3a,Y,,
ACQ-20240405-CELL-007,B05,drive2_MFB-Disco-2,2025-10-02 - Toshiba EXT (Backup)\CELL OBSERVER\Calceina-\18h\20-t18h (1).czi,,,a6b51a89c19690b0946763d9f2ef3eb1170518c209152122aac2c705c67af32c,Y,,
ACQ-20240405-CELL-008,B05,drive2_MFB-Disco-2,2025-10-02 - Toshiba EXT (Backup)\CELL OBSERVER\Calceina-\18h\20-t18h (2).czi,,,d0f662fa0e53ff6a5aef2cafb3e9f0815de407cdc90f96ed766cd67bc0bdf5bd,Y,,
ACQ-20240405-CELL-009,B05,drive2_MFB-Disco-2,2025-10-02 - Toshiba EXT (Backup)\CELL OBSERVER\Calceina-\18h\20-t18h (3).czi,,,b173fa0b896b8c5bb8195d3a018c861d1f448ac386737464bfe51b43da83ad29,Y,,
ACQ-20240405-CELL-010,B05,drive2_MFB-Disco-2,2025-10-02 - Toshiba EXT (Backup)\CELL OBSERVER\Calceina-\18h\200-t18h (1).czi,,,5f09aded709f56955583887617f092590fb686e54698429a42822172b59e7550,Y,,
ACQ-20240405-CELL-011,B05,drive2_MFB-Disco-2,2025-10-02 - Toshiba EXT (Backup)\CELL OBSERVER\Calceina-\18h\200-t18h (2).czi,,,28ebba4a3b6a9a5c30c7e465e889a06dd9efe8d58778a8bd8ddc1de9c8541379,Y,,
ACQ-20240405-CELL-012,B05,drive2_MFB-Disco-2,2025-10-02 - Toshiba EXT (Backup)\CELL OBSERVER\Calceina-\18h\200-t18h (3).czi,,,aa1062b23ff53798878639ad6a2e306feef15cf0e16b6a7a203a9cf9dcfe7bcb,Y,,
ACQ-20240405-CELL-013,B05,drive2_MFB-Disco-2,2025-10-02 - Toshiba EXT (Backup)\CELL OBSERVER\Calceina-\18h\50-t18h (1).czi,,,557f50da51a67ec0c21b210df703535c3c197c7b440977917ee4c5d9a5c2f6d2,Y,,
ACQ-20240405-CELL-014,B05,drive2_MFB-Disco-2,2025-10-02 - Toshiba EXT (Backup)\CELL OBSERVER\Calceina-\18h\50-t18h (2).czi,,,6a037153b7f8cdaaaa85d588cfcda550040e72867a650d25216556682a397f37,Y,,
ACQ-20240405-CELL-015,B05,drive2_MFB-Disco-2,2025-10-02 - Toshiba EXT (Backup)\CELL OBSERVER\Calceina-\18h\50-t18h (3).czi,,,e7b1af74e7167340eabf12c80f8992806b0eca4ef40275324d82f37b9a986003,Y,,
ACQ-20240405-CELL-016,B05,drive2_MFB-Disco-2,2025-10-02 - Toshiba EXT (Backup)\CELL OBSERVER\Calceina-\18h\Caludia-0.5ugNP-t18h (2).czi,,,fa00ca05dccc20e241ae64f19a21717a125384a1581d2cd697d5d12511c49b6c,Y,,
ACQ-20240405-CELL-017,B05,drive2_MFB-Disco-2,2025-10-02 - Toshiba EXT (Backup)\CELL OBSERVER\Calceina-\18h\Caludia-1ug-t18h.czi,,,0de67e844bc578296a8f2204a6cbcf7ab50bf911cd7fbbf69575db3d279b5c98,Y,,
ACQ-20240405-CELL-018,B05,drive2_MFB-Disco-2,2025-10-02 - Toshiba EXT (Backup)\CELL OBSERVER\Calceina-\18h\Control-18h (1).czi,,,85ebb10b2d2b59f6f59fe821fc4857d231051ef66823d37058d5c7160a9cc795,Y,,
ACQ-20240405-CELL-019,B05,drive2_MFB-Disco-2,2025-10-02 - Toshiba EXT (Backup)\CELL OBSERVER\Calceina-\18h\Control-18h (2).czi,,,7885fddb6ff006010b2097645e5646957fffe94d3a810e27d5450795db593e7d,Y,,
ACQ-20240405-CELL-020,B05,drive2_MFB-Disco-2,2025-10-02 - Toshiba EXT (Backup)\CELL OBSERVER\Calceina-\18h\Doxo2-t18h (1).czi,,,cbbbbb7618cea0e24f380180f567bc60b6a7e153646448d5f1988a3162625d79,Y,,
ACQ-20240405-CELL-021,B05,drive2_MFB-Disco-2,2025-10-02 - Toshiba EXT (Backup)\CELL OBSERVER\Calceina-\18h\Doxo2-t18h (2).czi,,,1957f7eb7beac82590d5c00cec38954d61926908899256ba29145dece2322ee7,Y,,
ACQ-20240405-CELL-022,B05,drive2_MFB-Disco-2,2025-10-02 - Toshiba EXT (Backup)\CELL OBSERVER\Calceina-\18h\Doxo2-t18h (3).czi,,,6befaa59276d648bdd53f988007c44161329b460111f5a3c0297369b935bbdf9,Y,,
ACQ-20240405-CELL-023,B05,drive2_MFB-Disco-2,2025-10-02 - Toshiba EXT (Backup)\CELL OBSERVER\Calceina-\18h\Doxo3-t18h (1).czi,,,5e6305b4c0743e67c5adf0a48e5be5e9e2898b666a5bffb2d930bb011e5d5af5,Y,,
ACQ-20240405-CELL-024,B05,drive2_MFB-Disco-2,2025-10-02 - Toshiba EXT (Backup)\CELL OBSERVER\Calceina-\18h\Doxo3-t18h (2).czi,,,7b8b8f16bdc23ceec46c04e6cb9131dd33524ebe8646cd2e4df237e4cb3067ba,Y,,
ACQ-20240405-CELL-025,B05,drive2_MFB-Disco-2,2025-10-02 - Toshiba EXT (Backup)\CELL OBSERVER\Calceina-\18h\Doxo3-t18h (3).czi,,,c060b9dab65f8e5f72c5d68db5e4a2e402d66791339890c23d3f6f355521edda,Y,,
ACQ-20240405-CELL-026,B05,drive2_MFB-Disco-2,2025-10-02 - Toshiba EXT (Backup)\CELL OBSERVER\Calceina-\18h\Doxo4-t18h (1).czi,,,d85aea2d2eeba8b2bcf2c58c93d8431d3b9c1ed919c9a5242d761dcea1fbc425,Y,,
ACQ-20240405-CELL-027,B05,drive2_MFB-Disco-2,2025-10-02 - Toshiba EXT (Backup)\CELL OBSERVER\Calceina-\18h\Doxo4-t18h (2).czi,,,164f60ba91b4ccaf9ee73f281d3f2d3810b891e43de4ac16699a569768fc8f19,Y,,
ACQ-20240405-CELL-028,B05,drive2_MFB-Disco-2,2025-10-02 - Toshiba EXT (Backup)\CELL OBSERVER\Calceina-\18h\Doxo4-t18h (3).czi,,,f2366856d61899537ac612f06470df6fbb319ccf8222ee777ad1a40d205a2d25,Y,,
ACQ-20240405-CELL-029,B05,drive2_MFB-Disco-2,2025-10-02 - Toshiba EXT (Backup)\CELL OBSERVER\Calceina-\18h\Doxo5-t18h (1).czi,,,5f851a58d0a1af6dc88fc710f2a8197db0ae604716506a1b66dd961bb599f5a1,Y,,
ACQ-20240405-CELL-030,B05,drive2_MFB-Disco-2,2025-10-02 - Toshiba EXT (Backup)\CELL OBSERVER\Calceina-\18h\Doxo5-t18h (2).czi,,,32cd6ec81399badc8f1aea98aa4403aa6498762741c88f1018da83fb2e2dbf5f,Y,,
ACQ-20240405-CELL-031,B05,drive2_MFB-Disco-2,2025-10-02 - Toshiba EXT (Backup)\CELL OBSERVER\Calceina-\18h\Doxo5-t18h (3).czi,,,7cf6e0d14b6643aa63dec43fc15834c11b582a9be495e932e1d7b1ade1519ea8,Y,,
ACQ-20240405-CELL-032,B05,drive2_MFB-Disco-2,2025-10-02 - Toshiba EXT (Backup)\CELL OBSERVER\Calceina-\18h\Doxo5-t18h (4).czi,,,9dde709cef714a372ecb89d5ffb34ae64e2e1141b1bb2ea991fe8e4d528f5c8b,Y,,
ACQ-20240405-CELL-033,B05,drive2_MFB-Disco-2,2025-10-02 - Toshiba EXT (Backup)\CELL OBSERVER\Calceina-\18h\Doxo5-t18h (5).czi,,,eb94097caea6c3fee8438db8b8a67bb162d96ca0ae635e62f83f89649b316d88,Y,,
ACQ-20240405-CELL-034,B05,drive2_MFB-Disco-2,2025-10-02 - Toshiba EXT (Backup)\CELL OBSERVER\Calceina-\18h\Doxo5-t18h (6).czi,,,6e5f03c311bc44b3ad391180f1e94951a1cc7d4502f3ebbe4ea1e10447756897,Y,,
ACQ-20240411-CELL-001,B05,drive2_MFB-Disco-2,2025-10-02 - Toshiba EXT (Backup)\CELL OBSERVER\LauraFM.czi,,,85442ac94fb1f77921638a74cb99d14fe12543c10b98ac05a97cd14c77e4ef9e,Y,,
ACQ-20240507-CELL-001,B05,drive2_MFB-Disco-2,2025-10-02 - Toshiba EXT (Backup)\CELL OBSERVER\uptake-HLF\Control\Control-1.czi,,,c52b3b16052b860fc2129436b2a709b6800cdf24dd20eff1f7b8f7f08c62f542,Y,,
ACQ-20240507-CELL-002,B05,drive2_MFB-Disco-2,2025-10-02 - Toshiba EXT (Backup)\CELL OBSERVER\uptake-HLF\Control\Control-2.czi,,,e36f8defd7800b509b66f94f76622bb767feca932dde5b0b0389ccfdc2fc1574,Y,,
ACQ-20240507-CELL-003,B05,drive2_MFB-Disco-2,2025-10-02 - Toshiba EXT (Backup)\CELL OBSERVER\uptake-HLF\Control\Control-3.czi,,,91acd134ab9624db39b523e5feef540da94dfdda23478a8d7d325559363d0f78,Y,,
ACQ-20240507-CELL-004,B05,drive2_MFB-Disco-2,2025-10-02 - Toshiba EXT (Backup)\CELL OBSERVER\uptake-HLF\Control\Control-4.czi,,,6428a0d10daa48d10a6ab842e3eaff33e9b07d1f577c1bc34e1b7032c7ea5601,Y,,
ACQ-20240507-CELL-005,B05,drive2_MFB-Disco-2,2025-10-02 - Toshiba EXT (Backup)\CELL OBSERVER\uptake-HLF\Control\Control-5.czi,,,5323018de31e6081f8cdf8f73336725b4fa480d2863c26f903c2249dbcc3e6ff,Y,,
ACQ-20240507-CELL-006,B05,drive2_MFB-Disco-2,2025-10-02 - Toshiba EXT (Backup)\CELL OBSERVER\uptake-HLF\Control\Control-6.czi,,,d4318963273e997b011c23d5f4286563009e47cf61b6bc68dae68e3885744493,Y,,
ACQ-20240507-CELL-007,B05,drive2_MFB-Disco-2,2025-10-02 - Toshiba EXT (Backup)\CELL OBSERVER\uptake-HLF\Control\Control-7.czi,,,c81d600380daaeedf19afec06594476bea92f16f90b879f98155793ed19f07b4,Y,,
ACQ-20240507-CELL-008,B05,drive2_MFB-Disco-2,2025-10-02 - Toshiba EXT (Backup)\CELL OBSERVER\uptake-HLF\Control\Control-8.czi,,,3173aaa359c3a6b5c1e7e2fc1b75e8cd744a0ce8caeab3116cf70cac492b10fd,Y,,
ACQ-20240507-CELL-009,B05,drive2_MFB-Disco-2,2025-10-02 - Toshiba EXT (Backup)\CELL OBSERVER\uptake-HLF\LP\14h-20x-1.czi,,,3a12f3f23856e3629f3bc5dfc2d2d74c5556295f27ac683a7cbf79289796e164,Y,,
ACQ-20240507-CELL-010,B05,drive2_MFB-Disco-2,2025-10-02 - Toshiba EXT (Backup)\CELL OBSERVER\uptake-HLF\LP\14h-20x-2.czi,,,bc2016c34d67c9fe6fc0090e7431acb41552ec364fea7d4caad69d36e438f6aa,Y,,
ACQ-20240507-CELL-011,B05,drive2_MFB-Disco-2,2025-10-02 - Toshiba EXT (Backup)\CELL OBSERVER\uptake-HLF\LP\14h-20x-3.czi,,,9477eadca67b60e785e957528141c2665d881c6b3c531ee08809804d0b087e07,Y,,
ACQ-20240507-CELL-012,B05,drive2_MFB-Disco-2,2025-10-02 - Toshiba EXT (Backup)\CELL OBSERVER\uptake-HLF\LP\24h-10x-1.czi,,,e8d380b0027e7751652b5bc7de31e7c274ef8fd2785a1ce68a28cb86da132c26,Y,,
ACQ-20240507-CELL-013,B05,drive2_MFB-Disco-2,2025-10-02 - Toshiba EXT (Backup)\CELL OBSERVER\uptake-HLF\LP\24h-10x-10.czi,,,a84b1f9ffbd34c3270a6abb4d27e3139b9f09c2621378672916c7233496911e6,Y,,
ACQ-20240507-CELL-014,B05,drive2_MFB-Disco-2,2025-10-02 - Toshiba EXT (Backup)\CELL OBSERVER\uptake-HLF\LP\24h-10x-2.czi,,,3a4b9575ef213bca39bca90cb77fb9e94642c8de2a86a6b313e0fcb8d393f9d4,Y,,
ACQ-20240507-CELL-015,B05,drive2_MFB-Disco-2,2025-10-02 - Toshiba EXT (Backup)\CELL OBSERVER\uptake-HLF\LP\24h-10x-3.czi,,,946ac313465ca771098799b2b2772246efd84f622251b53469f4956ac49eb62c,Y,,
ACQ-20240507-CELL-016,B05,drive2_MFB-Disco-2,2025-10-02 - Toshiba EXT (Backup)\CELL OBSERVER\uptake-HLF\LP\24h-10x-4.czi,,,b982334ca8516b3628a4a64367360ed9c5a7e852ac7000a025a9c2e13e6af6c4,Y,,
ACQ-20240507-CELL-017,B05,drive2_MFB-Disco-2,2025-10-02 - Toshiba EXT (Backup)\CELL OBSERVER\uptake-HLF\LP\24h-10x-5.czi,,,40d52b807b82ecc34281d295021aa21d4c57d9fe150ac6edb2f3b1ecca6acf38,Y,,
ACQ-20240507-CELL-018,B05,drive2_MFB-Disco-2,2025-10-02 - Toshiba EXT (Backup)\CELL OBSERVER\uptake-HLF\LP\24h-10x-6.czi,,,73e1dd3b1545b280a256be1dc61249127aa32ed97994de189370acd29facfd20,Y,,
ACQ-20240507-CELL-019,B05,drive2_MFB-Disco-2,2025-10-02 - Toshiba EXT (Backup)\CELL OBSERVER\uptake-HLF\LP\24h-10x-7.czi,,,cc6c2609feac6416e2f79f91292372391ef0fae57efdc06602e04c6f4e4118df,Y,,
ACQ-20240507-CELL-020,B05,drive2_MFB-Disco-2,2025-10-02 - Toshiba EXT (Backup)\CELL OBSERVER\uptake-HLF\LP\24h-10x-8.czi,,,347a40170ba062e66f5c14eacbb6c3fb9f8fc05adc3cbc3f60e976493d6b5017,Y,,
ACQ-20240507-CELL-021,B05,drive2_MFB-Disco-2,2025-10-02 - Toshiba EXT (Backup)\CELL OBSERVER\uptake-HLF\LP\24h-10x-9.czi,,,533c316759025e4dd29e91648ae0f42096a018ea542124aeaa5e4690d6aad165,Y,,
ACQ-20240507-CELL-022,B05,drive2_MFB-Disco-2,2025-10-02 - Toshiba EXT (Backup)\CELL OBSERVER\uptake-HLF\LP\48h-10x-1.czi,,,970f1a74d553cea5b09b5660c6af77d18474491d5a783b3be9f829f87cde763a,Y,,
ACQ-20240507-CELL-023,B05,drive2_MFB-Disco-2,2025-10-02 - Toshiba EXT (Backup)\CELL OBSERVER\uptake-HLF\LP\48h-10x-10.czi,,,7f1839597798c16bd5bfc605d7133d044550552359be1866ca51cbc88543bc25,Y,,
ACQ-20240507-CELL-024,B05,drive2_MFB-Disco-2,2025-10-02 - Toshiba EXT (Backup)\CELL OBSERVER\uptake-HLF\LP\48h-10x-11.czi,,,5f30127c2405e3dcd006c3b14648974ac53ca7ba259db206f82e279bf3ee64e1,Y,,
ACQ-20240507-CELL-025,B05,drive2_MFB-Disco-2,2025-10-02 - Toshiba EXT (Backup)\CELL OBSERVER\uptake-HLF\LP\48h-10x-2.czi,,,b376cd0ce0f1508f0556243a0a3015e39f2a10907db0a75c5109b5270f02614c,Y,,
ACQ-20240507-CELL-026,B05,drive2_MFB-Disco-2,2025-10-02 - Toshiba EXT (Backup)\CELL OBSERVER\uptake-HLF\LP\48h-10x-3.czi,,,47f94bf406e49033964d28c58985c08aaac0614446792a32ce06563eab2a7160,Y,,
ACQ-20240507-CELL-027,B05,drive2_MFB-Disco-2,2025-10-02 - Toshiba EXT (Backup)\CELL OBSERVER\uptake-HLF\LP\48h-10x-4.czi,,,c4e761d741fd21625d2b9f1c7c83f3edd25da632d32d9c6ae9ee36ac162b70e1,Y,,
ACQ-20240507-CELL-028,B05,drive2_MFB-Disco-2,2025-10-02 - Toshiba EXT (Backup)\CELL OBSERVER\uptake-HLF\LP\48h-10x-5.czi,,,6b9dc2bf068b4bdffe793c4ed9118503fbfb97979dcfb4c21d4308d175cdbc9c,Y,,
ACQ-20240507-CELL-029,B05,drive2_MFB-Disco-2,2025-10-02 - Toshiba EXT (Backup)\CELL OBSERVER\uptake-HLF\LP\48h-10x-6.czi,,,4306d1294535db69da35497c3e44bbe730b8cdef368b5899c7698f1637633363,Y,,
ACQ-20240507-CELL-030,B05,drive2_MFB-Disco-2,2025-10-02 - Toshiba EXT (Backup)\CELL OBSERVER\uptake-HLF\LP\48h-10x-7.czi,,,34f1b7f0f2f9f81b2149164e30e0ae2bfc5b0e5f0015a6099ec0fe40ce9b5965,Y,,
ACQ-20240507-CELL-031,B05,drive2_MFB-Disco-2,2025-10-02 - Toshiba EXT (Backup)\CELL OBSERVER\uptake-HLF\LP\48h-10x-8.czi,,,204c03ac4eba20e7610f145dd1d2adc2c7c5398e7738f73d2ddc8919653fe0c3,Y,,
ACQ-20240507-CELL-032,B05,drive2_MFB-Disco-2,2025-10-02 - Toshiba EXT (Backup)\CELL OBSERVER\uptake-HLF\LP\48h-10x-9.czi,,,944c8045dfc6289b7cb04d32c139b68f4099e443e0e5d68c257726dd5fe59b0c,Y,,
ACQ-20240507-CELL-033,B05,drive2_MFB-Disco-2,2025-10-02 - Toshiba EXT (Backup)\CELL OBSERVER\uptake-HLF\LP\48h-20x-1.czi,,,b70b7e5a4a8b3c172284b850b845f531f07952d45e160698f583554ee4410342,Y,,
ACQ-20240507-CELL-034,B05,drive2_MFB-Disco-2,2025-10-02 - Toshiba EXT (Backup)\CELL OBSERVER\uptake-HLF\LP\48h-20x-2.czi,,,34e90580c5edede207ec00f92a900a11dff6b878c2f12e324133866e9e0f2943,Y,,
ACQ-20240507-CELL-035,B05,drive2_MFB-Disco-2,2025-10-02 - Toshiba EXT (Backup)\CELL OBSERVER\uptake-HLF\LP\48h-20x-3.czi,,,e31a30853214cae5202eb4f9a0293d555f025f884341f1fb0f3ad6f4e3c9c88c,Y,,
ACQ-20240507-CELL-036,B05,drive2_MFB-Disco-2,2025-10-02 - Toshiba EXT (Backup)\CELL OBSERVER\uptake-HLF\LP\4h-10x-1.czi,,,3b188d7814d2c17434f8b4acbe8c6e2fbd741d54a7bc90acfb43145e5328ad55,Y,,
ACQ-20240507-CELL-037,B05,drive2_MFB-Disco-2,2025-10-02 - Toshiba EXT (Backup)\CELL OBSERVER\uptake-HLF\LP\4h-10x-10.czi,,,907affaa2d8492c85484c775b732eb95bd7bcce030346f0290b8764946bbf84f,Y,,
ACQ-20240507-CELL-038,B05,drive2_MFB-Disco-2,2025-10-02 - Toshiba EXT (Backup)\CELL OBSERVER\uptake-HLF\LP\4h-10x-2.czi,,,aad8d23f527b2883205b99322332e6974d3f4ccebc2a49c130ce68d9c9fee48b,Y,,
ACQ-20240507-CELL-039,B05,drive2_MFB-Disco-2,2025-10-02 - Toshiba EXT (Backup)\CELL OBSERVER\uptake-HLF\LP\4h-10x-3.czi,,,64f7507aa859bbf3b3aefea84db4543491d1af7b8ad01a8b1c72ff9b74d908d2,Y,,
ACQ-20240507-CELL-040,B05,drive2_MFB-Disco-2,2025-10-02 - Toshiba EXT (Backup)\CELL OBSERVER\uptake-HLF\LP\4h-10x-4.czi,,,6f314d0d7f27f76e6e9dcf6266dac7e98866f91a55bbe279019b2af0fabdae96,Y,,
ACQ-20240507-CELL-041,B05,drive2_MFB-Disco-2,2025-10-02 - Toshiba EXT (Backup)\CELL OBSERVER\uptake-HLF\LP\4h-10x-5.czi,,,046ef7928182397da03891d76c07cf74254e98e055f7095e869c5840529302a0,Y,,
ACQ-20240507-CELL-042,B05,drive2_MFB-Disco-2,2025-10-02 - Toshiba EXT (Backup)\CELL OBSERVER\uptake-HLF\LP\4h-10x-6.czi,,,a0dbf370cf52c26a5f2085619de2226aed5b057882f8a6a2595937f24b2c829f,Y,,
ACQ-20240507-CELL-043,B05,drive2_MFB-Disco-2,2025-10-02 - Toshiba EXT (Backup)\CELL OBSERVER\uptake-HLF\LP\4h-10x-7.czi,,,45e2b8a0fae63a473893dca0923df43a660b95151f0c375b27c9c26886938a36,Y,,
ACQ-20240507-CELL-044,B05,drive2_MFB-Disco-2,2025-10-02 - Toshiba EXT (Backup)\CELL OBSERVER\uptake-HLF\LP\4h-10x-8.czi,,,8af82f46be91cb914c308042d2e45e6d64e3565eed38aabf9972c5b0975853e7,Y,,
ACQ-20240507-CELL-045,B05,drive2_MFB-Disco-2,2025-10-02 - Toshiba EXT (Backup)\CELL OBSERVER\uptake-HLF\LP\4h-10x-9.czi,,,ad1f1127f817a257bdf92cb5c7925c1d1bfa8b7e4b924e9ade81f0d8e78e1848,Y,,
ACQ-20240507-CELL-046,B05,drive2_MFB-Disco-2,2025-10-02 - Toshiba EXT (Backup)\CELL OBSERVER\uptake-HLF\LS-NP\20x-imagen.czi,,,0ef89aef66b3f848eb7931295712d4850795e228fbe251cdb4525b488aed337e,Y,,
ACQ-20240507-CELL-047,B05,drive2_MFB-Disco-2,2025-10-02 - Toshiba EXT (Backup)\CELL OBSERVER\uptake-HLF\LS-NP\24h-10x-1.czi,,,107fe4aeb6ec2abc84ba233c1c8721319f8b403564df965603bad974453be04b,Y,,
ACQ-20240507-CELL-048,B05,drive2_MFB-Disco-2,2025-10-02 - Toshiba EXT (Backup)\CELL OBSERVER\uptake-HLF\LS-NP\24h-10x-10.czi,,,32275c2f1ab6c13d40c35455429297e7126230afb567ddce525f082790625675,Y,,
ACQ-20240507-CELL-049,B05,drive2_MFB-Disco-2,2025-10-02 - Toshiba EXT (Backup)\CELL OBSERVER\uptake-HLF\LS-NP\24h-10x-11.czi,,,5b527412ef7c3cc5a29c67e525cf7af725b2bd54d2f1f57c48afcda10af3b520,Y,,
ACQ-20240507-CELL-050,B05,drive2_MFB-Disco-2,2025-10-02 - Toshiba EXT (Backup)\CELL OBSERVER\uptake-HLF\LS-NP\24h-10x-2.czi,,,4492503c6f0e33af8a513f94f9edbed8c44289533f3b33dd2d347f8f46816084,Y,,
ACQ-20240507-CELL-051,B05,drive2_MFB-Disco-2,2025-10-02 - Toshiba EXT (Backup)\CELL OBSERVER\uptake-HLF\LS-NP\24h-10x-3.czi,,,ad169611367c28d7192b4f29f0a6f0f90f642c5c4cf25c50d1bad118975ad63c,Y,,
ACQ-20240507-CELL-052,B05,drive2_MFB-Disco-2,2025-10-02 - Toshiba EXT (Backup)\CELL OBSERVER\uptake-HLF\LS-NP\24h-10x-4.czi,,,c694bccdc5c7764eae37f8f4f9093cdc62778f98317a1d0df6bd331540e63756,Y,,
ACQ-20240507-CELL-053,B05,drive2_MFB-Disco-2,2025-10-02 - Toshiba EXT (Backup)\CELL OBSERVER\uptake-HLF\LS-NP\24h-10x-5.czi,,,a6ca754d96857d17668787e2267c47d26b2f02b66f00bd241fa34fc3a6014fcb,Y,,
ACQ-20240507-CELL-054,B05,drive2_MFB-Disco-2,2025-10-02 - Toshiba EXT (Backup)\CELL OBSERVER\uptake-HLF\LS-NP\24h-10x-6.czi,,,7134d248da7685fe0bf163b14a49b424ef22543b853acd2caaf20b4b09abe4d6,Y,,
ACQ-20240507-CELL-055,B05,drive2_MFB-Disco-2,2025-10-02 - Toshiba EXT (Backup)\CELL OBSERVER\uptake-HLF\LS-NP\24h-10x-7.czi,,,ba22a4935fa977bb5e1a8459d71cc58ca4d86bf0368fdc4ffbdc6fffc79b760d,Y,,
ACQ-20240507-CELL-056,B05,drive2_MFB-Disco-2,2025-10-02 - Toshiba EXT (Backup)\CELL OBSERVER\uptake-HLF\LS-NP\24h-10x-8.czi,,,29abcde14972a7a2c13fd68bd23d6f8681e6cdca3aed80c386d01ea7419787ee,Y,,
ACQ-20240507-CELL-057,B05,drive2_MFB-Disco-2,2025-10-02 - Toshiba EXT (Backup)\CELL OBSERVER\uptake-HLF\LS-NP\24h-10x-9.czi,,,eeeb6f3032080740c6106590966e03c8adc1d3f9bfcc2f90f8893527512317f4,Y,,
ACQ-20240507-CELL-058,B05,drive2_MFB-Disco-2,2025-10-02 - Toshiba EXT (Backup)\CELL OBSERVER\uptake-HLF\LS-NP\24h-20x-1.czi,,,6ec154896af1f403e51c39e65492d80e67574ca6b1b264e9e51aa16e09d3196f,Y,,
ACQ-20240507-CELL-059,B05,drive2_MFB-Disco-2,2025-10-02 - Toshiba EXT (Backup)\CELL OBSERVER\uptake-HLF\LS-NP\24h-20x-2.czi,,,f8f36574637d30057fe41d48a6b4b3e00053d56163f1f1340e9edd0f652c49bf,Y,,
ACQ-20240507-CELL-060,B05,drive2_MFB-Disco-2,2025-10-02 - Toshiba EXT (Backup)\CELL OBSERVER\uptake-HLF\LS-NP\24h-20x-3.czi,,,17a6d707a62a01116b077147d1aec52cdc1dd38f59f86ce6fc29be5e9d452071,Y,,
ACQ-20240507-CELL-061,B05,drive2_MFB-Disco-2,2025-10-02 - Toshiba EXT (Backup)\CELL OBSERVER\uptake-HLF\LS-NP\48h-10x-1.czi,,,bdb060a65dcf9d0a3d090f05a7f25d831b65c717ad0cf9267b8817346a02be5e,Y,,
ACQ-20240507-CELL-062,B05,drive2_MFB-Disco-2,2025-10-02 - Toshiba EXT (Backup)\CELL OBSERVER\uptake-HLF\LS-NP\48h-10x-10.czi,,,29814a075076c55f4cc0b13519b5ae167ccab162cf37bd4390a5a279e10c7f9a,Y,,
ACQ-20240507-CELL-063,B05,drive2_MFB-Disco-2,2025-10-02 - Toshiba EXT (Backup)\CELL OBSERVER\uptake-HLF\LS-NP\48h-10x-11.czi,,,fdefb3135f66ca3c95c8b876657efd44d41ae08e5cb99119a0d52a0295f69910,Y,,
ACQ-20240507-CELL-064,B05,drive2_MFB-Disco-2,2025-10-02 - Toshiba EXT (Backup)\CELL OBSERVER\uptake-HLF\LS-NP\48h-10x-12.czi,,,04e469b733873217b3122340412338cae9f65984f4ab4f562ce804814abd520a,Y,,
ACQ-20240507-CELL-065,B05,drive2_MFB-Disco-2,2025-10-02 - Toshiba EXT (Backup)\CELL OBSERVER\uptake-HLF\LS-NP\48h-10x-2.czi,,,f3fe221f8eb3e4938c71a8b1369feddeea2c61a96b295a88ce071cdf67bbb2ec,Y,,
ACQ-20240507-CELL-066,B05,drive2_MFB-Disco-2,2025-10-02 - Toshiba EXT (Backup)\CELL OBSERVER\uptake-HLF\LS-NP\48h-10x-3.czi,,,7ad15e42deea3501aa856e48babf815c71e9aef752c3d56b1164456bee0c10b6,Y,,
ACQ-20240507-CELL-067,B05,drive2_MFB-Disco-2,2025-10-02 - Toshiba EXT (Backup)\CELL OBSERVER\uptake-HLF\LS-NP\48h-10x-4.czi,,,c68fbf11ed318bffdc4feb53e7feb18d9770433578c2f9290a16c444a2ee5b88,Y,,
ACQ-20240507-CELL-068,B05,drive2_MFB-Disco-2,2025-10-02 - Toshiba EXT (Backup)\CELL OBSERVER\uptake-HLF\LS-NP\48h-10x-5.czi,,,310bd4fbb0ccccf79c89e74729a603c1cb40fa2629dee0fafea9d44d7dfbda68,Y,,
ACQ-20240507-CELL-069,B05,drive2_MFB-Disco-2,2025-10-02 - Toshiba EXT (Backup)\CELL OBSERVER\uptake-HLF\LS-NP\48h-10x-6.czi,,,0d53423053d90998753ac80855ea93117e8dfa8e60e9f42fe4d7ff60e9c4587f,Y,,
ACQ-20240507-CELL-070,B05,drive2_MFB-Disco-2,2025-10-02 - Toshiba EXT (Backup)\CELL OBSERVER\uptake-HLF\LS-NP\48h-10x-7.czi,,,a8a2c0b37a10bf14b793106da775637033fecd30d252de383871f7b3e1ee7366,Y,,
ACQ-20240507-CELL-071,B05,drive2_MFB-Disco-2,2025-10-02 - Toshiba EXT (Backup)\CELL OBSERVER\uptake-HLF\LS-NP\48h-10x-8.czi,,,71fc4d6ff927c1a00193d93bd27dc02778aa425acd1c7c5a42892dbc6af14ee6,Y,,
ACQ-20240507-CELL-072,B05,drive2_MFB-Disco-2,2025-10-02 - Toshiba EXT (Backup)\CELL OBSERVER\uptake-HLF\LS-NP\48h-10x-9.czi,,,1273086c8f3a5030593c9ebc5746b8e61d422353710d6c9dc271274dabc05e6a,Y,,
ACQ-20240507-CELL-073,B05,drive2_MFB-Disco-2,2025-10-02 - Toshiba EXT (Backup)\CELL OBSERVER\uptake-HLF\LS-NP\48h-20x-1.czi,,,671ce7df0d0383a8faa77186a04e98e9135404b2bbcb6ad7af459c7e67d585dd,Y,,
ACQ-20240507-CELL-074,B05,drive2_MFB-Disco-2,2025-10-02 - Toshiba EXT (Backup)\CELL OBSERVER\uptake-HLF\LS-NP\4h-10x-1.czi,,,54aefde56a96516e007e8ce4836db7db90110daadfee1013a6e47761b6d63614,Y,,
ACQ-20240507-CELL-075,B05,drive2_MFB-Disco-2,2025-10-02 - Toshiba EXT (Backup)\CELL OBSERVER\uptake-HLF\LS-NP\4h-10x-10.czi,,,32daa8badebea93688f97c3170fb2e700ce874f3ee77732cabdee6ccd8af09a7,Y,,
ACQ-20240507-CELL-076,B05,drive2_MFB-Disco-2,2025-10-02 - Toshiba EXT (Backup)\CELL OBSERVER\uptake-HLF\LS-NP\4h-10x-11.czi,,,1ce95ef5a5d95c3398881394803e266c310498ac10a7be2de897d08cd0139535,Y,,
ACQ-20240507-CELL-077,B05,drive2_MFB-Disco-2,2025-10-02 - Toshiba EXT (Backup)\CELL OBSERVER\uptake-HLF\LS-NP\4h-10x-2.czi,,,b53b8a405b841b66e11b9f5673e88c1e919ab03963950c1dbf83180419fd0383,Y,,
ACQ-20240507-CELL-078,B05,drive2_MFB-Disco-2,2025-10-02 - Toshiba EXT (Backup)\CELL OBSERVER\uptake-HLF\LS-NP\4h-10x-3.czi,,,f3657d1235943457caec93f17b4b4ce453b6dd4b477891deef81454144f498a0,Y,,
ACQ-20240507-CELL-079,B05,drive2_MFB-Disco-2,2025-10-02 - Toshiba EXT (Backup)\CELL OBSERVER\uptake-HLF\LS-NP\4h-10x-4.czi,,,97d837a92160265f7ee81f0c5c828e2332f58947ba0bd4d2a53155c3daa063ba,Y,,
ACQ-20240507-CELL-080,B05,drive2_MFB-Disco-2,2025-10-02 - Toshiba EXT (Backup)\CELL OBSERVER\uptake-HLF\LS-NP\4h-10x-5.czi,,,d23b50d5640b4403f41c015a189721f4e3f46e5ad87d45e401f5f5cd2f22a274,Y,,
ACQ-20240507-CELL-081,B05,drive2_MFB-Disco-2,2025-10-02 - Toshiba EXT (Backup)\CELL OBSERVER\uptake-HLF\LS-NP\4h-10x-6.czi,,,193eabc6c2e8aafa6ec4e6a9d8128e0bf43c4f618b757c0a5e8172f22c10d875,Y,,
ACQ-20240507-CELL-082,B05,drive2_MFB-Disco-2,2025-10-02 - Toshiba EXT (Backup)\CELL OBSERVER\uptake-HLF\LS-NP\4h-10x-7.czi,,,ac364a98e62400fb5f80d139bd532b6d920ad437a2eb7069dae7ccde34a70f39,Y,,
ACQ-20240507-CELL-083,B05,drive2_MFB-Disco-2,2025-10-02 - Toshiba EXT (Backup)\CELL OBSERVER\uptake-HLF\LS-NP\4h-10x-8.czi,,,c965b45b581d28fecfbc9e045836f459305bda3524196db29864c0ab347dbad0,Y,,
ACQ-20240507-CELL-084,B05,drive2_MFB-Disco-2,2025-10-02 - Toshiba EXT (Backup)\CELL OBSERVER\uptake-HLF\LS-NP\4h-10x-9.czi,,,7cda30e09e8d0e335abb54f6ecce6d0f237a2442a240a1413a7c3ab3557a09f8,Y,,
ACQ-20240507-CELL-085,B05,drive2_MFB-Disco-2,2025-10-02 - Toshiba EXT (Backup)\CELL OBSERVER\uptake-HLF\LS-NP\4h-20x-1.czi,,,9d71815282b29242869b715c97fc4dbf35859670c6392e8d0e9c69123230ebe2,Y,,
ACQ-20240507-CELL-086,B05,drive2_MFB-Disco-2,2025-10-02 - Toshiba EXT (Backup)\CELL OBSERVER\uptake-HLF\LS-NP\4h-20x-2.czi,,,db98b4204d17e89fddebfe1a3d13a478661ff1811b659c4410e4712493a5990f,Y,,
ACQ-20240507-CELL-087,B05,drive2_MFB-Disco-2,2025-10-02 - Toshiba EXT (Backup)\CELL OBSERVER\uptake-HLF\LS-NP\4h-20x-3.czi,,,4d0d4120b2ef5d40aa4fa2fb53671b570bf835fbb3114ccd0a06044f0be964c5,Y,,
ACQ-20240507-CELL-088,B05,drive2_MFB-Disco-2,2025-10-02 - Toshiba EXT (Backup)\CELL OBSERVER\uptake-HLF\LS\20x-Imagen-scale.czi,,,1a6250ff0820cc031acbf592d3df037d8f709fff28bf1b1970c46594262ff728,Y,,
ACQ-20240507-CELL-089,B05,drive2_MFB-Disco-2,2025-10-02 - Toshiba EXT (Backup)\CELL OBSERVER\uptake-HLF\LS\20x-Imagen.czi,,,0759d3065b0c9199de2dcb533533ce95a99d54b3cd5db1529a00b69efa585907,Y,,
ACQ-20240507-CELL-090,B05,drive2_MFB-Disco-2,2025-10-02 - Toshiba EXT (Backup)\CELL OBSERVER\uptake-HLF\LS\24h-10x-1.czi,,,197fbdcae80762bf76fce27154bfe97a8122ef4eb281baf9b8f2e908136cb7ce,Y,,
ACQ-20240507-CELL-091,B05,drive2_MFB-Disco-2,2025-10-02 - Toshiba EXT (Backup)\CELL OBSERVER\uptake-HLF\LS\24h-10x-10.czi,,,7f8f93a77229754141cbbf0aa8e690f1282e96d2753dfc69fee8eb5cb27d36e0,Y,,
ACQ-20240507-CELL-092,B05,drive2_MFB-Disco-2,2025-10-02 - Toshiba EXT (Backup)\CELL OBSERVER\uptake-HLF\LS\24h-10x-2.czi,,,f8d2af28762a106ea94bb406e0682d5dbd6ff73187bcf53ec0efbc63119309fe,Y,,
ACQ-20240507-CELL-093,B05,drive2_MFB-Disco-2,2025-10-02 - Toshiba EXT (Backup)\CELL OBSERVER\uptake-HLF\LS\24h-10x-3.czi,,,bb33d494c3058676bf2d1b83364c69c2c55ebaefc3704c0911e9df9a19b0304c,Y,,
ACQ-20240507-CELL-094,B05,drive2_MFB-Disco-2,2025-10-02 - Toshiba EXT (Backup)\CELL OBSERVER\uptake-HLF\LS\24h-10x-4.czi,,,1f50fa31421dc49e4799db2f7d690e39b33650350ff176d5e0428539afad8cda,Y,,
ACQ-20240507-CELL-095,B05,drive2_MFB-Disco-2,2025-10-02 - Toshiba EXT (Backup)\CELL OBSERVER\uptake-HLF\LS\24h-10x-5.czi,,,6c20ae8bb614f812612dd562601e68e5f10bcdb1f1d3dbf89f54916ffde431b5,Y,,
ACQ-20240507-CELL-096,B05,drive2_MFB-Disco-2,2025-10-02 - Toshiba EXT (Backup)\CELL OBSERVER\uptake-HLF\LS\24h-10x-6.czi,,,62d3eca3132aaf856d439fce17c8602c0b18fefd7fed42cc31e4ca551ab9400c,Y,,
ACQ-20240507-CELL-097,B05,drive2_MFB-Disco-2,2025-10-02 - Toshiba EXT (Backup)\CELL OBSERVER\uptake-HLF\LS\24h-10x-7.czi,,,173733da2b1cafe2ffaf0ec37dd3384bf06efe87d71103ae418051ad470c8f6a,Y,,
ACQ-20240507-CELL-098,B05,drive2_MFB-Disco-2,2025-10-02 - Toshiba EXT (Backup)\CELL OBSERVER\uptake-HLF\LS\24h-10x-8.czi,,,1df5fceb3f7f2ad0cf8c6cf7f9156f90460076782480d6a6827c3b67f5868695,Y,,
ACQ-20240507-CELL-099,B05,drive2_MFB-Disco-2,2025-10-02 - Toshiba EXT (Backup)\CELL OBSERVER\uptake-HLF\LS\24h-10x-9.czi,,,e98f76d0ee33e7700ccd561f66ba28639dd16818b2beb957c4cfebb6f7f5ee51,Y,,
ACQ-20240507-CELL-100,B05,drive2_MFB-Disco-2,2025-10-02 - Toshiba EXT (Backup)\CELL OBSERVER\uptake-HLF\LS\24h-20x-1.czi,,,2cba224a8fd20238247a55b996f019b3ed21fd2cc3839c5465e4bed1c04bded4,Y,,
ACQ-20240507-CELL-101,B05,drive2_MFB-Disco-2,2025-10-02 - Toshiba EXT (Backup)\CELL OBSERVER\uptake-HLF\LS\24h-20x-2.czi,,,b32b49eaead37b00e66c2041e1162eb38f27694d0e72d4eb18bbc5202f440c33,Y,,
ACQ-20240507-CELL-102,B05,drive2_MFB-Disco-2,2025-10-02 - Toshiba EXT (Backup)\CELL OBSERVER\uptake-HLF\LS\24h-20x-3.czi,,,2aaeb9a73230e4d1fe7dfc232b54e23cd0f2c38cb861e6397c6460ad58be5262,Y,,
ACQ-20240507-CELL-103,B05,drive2_MFB-Disco-2,2025-10-02 - Toshiba EXT (Backup)\CELL OBSERVER\uptake-HLF\LS\48h-10x-1.czi,,,29804dd17eab0be4da68324181c871da1d5e25ad7ac881d82602eab69eaf5b1c,Y,,
ACQ-20240507-CELL-104,B05,drive2_MFB-Disco-2,2025-10-02 - Toshiba EXT (Backup)\CELL OBSERVER\uptake-HLF\LS\48h-10x-10.czi,,,5641ed703d18e6b62184374c45be342497dc8efc0d557289eaacb4033409077c,Y,,
ACQ-20240507-CELL-105,B05,drive2_MFB-Disco-2,2025-10-02 - Toshiba EXT (Backup)\CELL OBSERVER\uptake-HLF\LS\48h-10x-2.czi,,,2b6cde4a7769c7ed81cea1a659fe81bd2bcd3a9fdb4e5e71d958a7e684bc7f59,Y,,
ACQ-20240507-CELL-106,B05,drive2_MFB-Disco-2,2025-10-02 - Toshiba EXT (Backup)\CELL OBSERVER\uptake-HLF\LS\48h-10x-3.czi,,,36dc0c537b28cdca550183ba3d628dbc067f3486e9825c768f246289039df41e,Y,,
ACQ-20240507-CELL-107,B05,drive2_MFB-Disco-2,2025-10-02 - Toshiba EXT (Backup)\CELL OBSERVER\uptake-HLF\LS\48h-10x-4.czi,,,64036fd3e0a12e8f4e8b5ed77abe24b9377efc6ed28d098bfaf006f703fcf45a,Y,,
ACQ-20240507-CELL-108,B05,drive2_MFB-Disco-2,2025-10-02 - Toshiba EXT (Backup)\CELL OBSERVER\uptake-HLF\LS\48h-10x-5.czi,,,af0bc0b618f58a33abcce6c35243bfb0f3aad4d734f2c7c1cad9f63852ce0103,Y,,
ACQ-20240507-CELL-109,B05,drive2_MFB-Disco-2,2025-10-02 - Toshiba EXT (Backup)\CELL OBSERVER\uptake-HLF\LS\48h-10x-6.czi,,,dafb3f038b0a192e7222439946127e04c52de556022e96eb6549268a76011d49,Y,,
ACQ-20240507-CELL-110,B05,drive2_MFB-Disco-2,2025-10-02 - Toshiba EXT (Backup)\CELL OBSERVER\uptake-HLF\LS\48h-10x-7.czi,,,ec3cb56981dd019944219db33171549ccb552770decb0ec5d9111a39a895b8cd,Y,,
ACQ-20240507-CELL-111,B05,drive2_MFB-Disco-2,2025-10-02 - Toshiba EXT (Backup)\CELL OBSERVER\uptake-HLF\LS\48h-10x-8.czi,,,0fdc6a4ef6bb1cad61c2a3e33a62aa43b06156ffc8b7a09723071bc712ee9485,Y,,
ACQ-20240507-CELL-112,B05,drive2_MFB-Disco-2,2025-10-02 - Toshiba EXT (Backup)\CELL OBSERVER\uptake-HLF\LS\48h-10x-9.czi,,,c2c4f3db2b27f5de0c9673726033b713d71154babdb8f52a055c76a31abfb715,Y,,
ACQ-20240507-CELL-113,B05,drive2_MFB-Disco-2,2025-10-02 - Toshiba EXT (Backup)\CELL OBSERVER\uptake-HLF\LS\48h-20x-1.czi,,,0676610505146bdecab724c16b4724b844e0695a6f93567c6d685d95adbc0d84,Y,,
ACQ-20240507-CELL-114,B05,drive2_MFB-Disco-2,2025-10-02 - Toshiba EXT (Backup)\CELL OBSERVER\uptake-HLF\LS\48h-20x-2.czi,,,0fcdddcfb83efbed124ad09f0f731a639cd705893ad301d52d28af1ee3fb63c4,Y,,
ACQ-20240507-CELL-115,B05,drive2_MFB-Disco-2,2025-10-02 - Toshiba EXT (Backup)\CELL OBSERVER\uptake-HLF\LS\48h-20x-3.czi,,,368273bc61be6247eb7835e905eab409ed21e6701785f16737d18bb150cdc722,Y,,
ACQ-20240507-CELL-116,B05,drive2_MFB-Disco-2,2025-10-02 - Toshiba EXT (Backup)\CELL OBSERVER\uptake-HLF\LS\4h-10x-1.czi,,,ebc114e3c8e53fe8f14053b05511ffae2bd8bec1036d37bf0e6ab49fd70689a1,Y,,
ACQ-20240507-CELL-117,B05,drive2_MFB-Disco-2,2025-10-02 - Toshiba EXT (Backup)\CELL OBSERVER\uptake-HLF\LS\4h-10x-10.czi,,,ccf1c9dc198adc7690ca17532d0c5a828135a2a95f683ad661bde98cae8a6239,Y,,
ACQ-20240507-CELL-118,B05,drive2_MFB-Disco-2,2025-10-02 - Toshiba EXT (Backup)\CELL OBSERVER\uptake-HLF\LS\4h-10x-11.czi,,,a6e8d918873fb7bbcdded2aeac0aff486c27fed1b74ba2331e782768b7923561,Y,,
ACQ-20240507-CELL-119,B05,drive2_MFB-Disco-2,2025-10-02 - Toshiba EXT (Backup)\CELL OBSERVER\uptake-HLF\LS\4h-10x-2.czi,,,466ebcaec36f00dbc23656425fb1b2ab39b55b7e583058566d4aabb41ba768c8,Y,,
ACQ-20240507-CELL-120,B05,drive2_MFB-Disco-2,2025-10-02 - Toshiba EXT (Backup)\CELL OBSERVER\uptake-HLF\LS\4h-10x-3.czi,,,36b60fb5e1f4ca832a7ed50912d24cf6b5b760d135fed8a0834885cf65f726cf,Y,,
ACQ-20240507-CELL-121,B05,drive2_MFB-Disco-2,2025-10-02 - Toshiba EXT (Backup)\CELL OBSERVER\uptake-HLF\LS\4h-10x-4.czi,,,d04cba7eff64d087cd362a03e98d73dbd71a5bc1d08e8010f4347c98f4d88d0c,Y,,
ACQ-20240507-CELL-122,B05,drive2_MFB-Disco-2,2025-10-02 - Toshiba EXT (Backup)\CELL OBSERVER\uptake-HLF\LS\4h-10x-5.czi,,,ef185e32cbcb53c59b6983bf34eac1cb96198d2aa5f73aa0ae5c6d2c07f7c347,Y,,
ACQ-20240507-CELL-123,B05,drive2_MFB-Disco-2,2025-10-02 - Toshiba EXT (Backup)\CELL OBSERVER\uptake-HLF\LS\4h-10x-6.czi,,,1eaed815f1ab0d0db38a9b120463e09db26f4d1eac8ec6ea9b0d81f7d2fcf3c8,Y,,
ACQ-20240507-CELL-124,B05,drive2_MFB-Disco-2,2025-10-02 - Toshiba EXT (Backup)\CELL OBSERVER\uptake-HLF\LS\4h-10x-7.czi,,,18fa3536f93237237b975e78f59a4ae881618f6153f7b7aabba86a7d880a8f65,Y,,
ACQ-20240507-CELL-125,B05,drive2_MFB-Disco-2,2025-10-02 - Toshiba EXT (Backup)\CELL OBSERVER\uptake-HLF\LS\4h-10x-8.czi,,,fac540eda8fe5981eba1370752d332f27886f8ba4befa2ad534bf796772eabac,Y,,
ACQ-20240507-CELL-126,B05,drive2_MFB-Disco-2,2025-10-02 - Toshiba EXT (Backup)\CELL OBSERVER\uptake-HLF\LS\4h-10x-9.czi,,,7c777f4c02f85f24040b697c139a872c101584a0ab4f04a11ca8cf92c02e8054,Y,,
ACQ-20240507-CELL-127,B05,drive2_MFB-Disco-2,2025-10-02 - Toshiba EXT (Backup)\CELL OBSERVER\uptake-HLF\LS\4h-20x-1.czi,,,6ac315337da7714a30dba5472be5382b8a08836bef283fd18f6a7c8a35553e8f,Y,,
ACQ-20240507-CELL-128,B05,drive2_MFB-Disco-2,2025-10-02 - Toshiba EXT (Backup)\CELL OBSERVER\uptake-HLF\LS\4h-20x-2.czi,,,61d14f4bed311366277f3c0a4e11c81559fc6a3891971e07a0d2818005adfd3f,Y,,
ACQ-20240507-CELL-129,B05,drive2_MFB-Disco-2,2025-10-02 - Toshiba EXT (Backup)\CELL OBSERVER\uptake-HLF\LS\4h-20x-3.czi,,,2ea44e26d6810a2bb9f3fc42967fe7511e2c4fb410f307b1fe2c883d5f966484,Y,,
ACQ-20240603-CELL-001,B05,drive1_FRIO-X6,Cell observer\Marta\aSma-8oHDG_IRATI\ID57-1_aSma_8oHDG_20x-1.czi,,,f8568efefe2a2df5421983e69999c3a27accae84cc1dc95c8fc5ef8c748ff8ee,Y,,
ACQ-20240603-CELL-002,B05,drive1_FRIO-X6,Cell observer\Marta\aSma-8oHDG_IRATI\ID57-1_aSma_8oHDG_20x-10.czi,,,15b7698db500f3280f819674f164188fd57c9618452c8e135aee56781acb58a0,Y,,
ACQ-20240603-CELL-003,B05,drive1_FRIO-X6,Cell observer\Marta\aSma-8oHDG_IRATI\ID57-1_aSma_8oHDG_20x-11.czi,,,2ff4684de7f711b77b8f8228fa3cb5f2ee4dbe65144f3597dfaf2e572b1f2f4c,Y,,
ACQ-20240603-CELL-004,B05,drive1_FRIO-X6,Cell observer\Marta\aSma-8oHDG_IRATI\ID57-1_aSma_8oHDG_20x-2.czi,,,d4f3028a98c4fdaf37c3a5b439d1394731371512adde4e12fbaa6e65039ba9ac,Y,,
ACQ-20240603-CELL-005,B05,drive1_FRIO-X6,Cell observer\Marta\aSma-8oHDG_IRATI\ID57-1_aSma_8oHDG_20x-3.czi,,,58dbd323c940ea504a442013333d0ac164d252db319b55c515d4491419124784,Y,,
ACQ-20240603-CELL-006,B05,drive1_FRIO-X6,Cell observer\Marta\aSma-8oHDG_IRATI\ID57-1_aSma_8oHDG_20x-4.czi,,,e9f8c26dcce29e2c441dd0332eedcde98930bdddc4213cd3e5c6fc0a9dc0abf3,Y,,
ACQ-20240603-CELL-007,B05,drive1_FRIO-X6,Cell observer\Marta\aSma-8oHDG_IRATI\ID57-1_aSma_8oHDG_20x-5.czi,,,ac8b728c9e52f43194f6d7e5c7688ed67abd8e9a597cf9b5166ed65ed1c6a939,Y,,
ACQ-20240603-CELL-008,B05,drive1_FRIO-X6,Cell observer\Marta\aSma-8oHDG_IRATI\ID57-1_aSma_8oHDG_20x-6.czi,,,6fe0b0d0de3c9dce0207187b297f598ea623f222646471c107d2f7d790500902,Y,,
ACQ-20240603-CELL-009,B05,drive1_FRIO-X6,Cell observer\Marta\aSma-8oHDG_IRATI\ID57-1_aSma_8oHDG_20x-7.czi,,,22cc66a986356feec6a91c10265b2ebdc4e93e6a0fdc1b1996b9385bea55022f,Y,,
ACQ-20240603-CELL-010,B05,drive1_FRIO-X6,Cell observer\Marta\aSma-8oHDG_IRATI\ID57-1_aSma_8oHDG_20x-8.czi,,,2389dd1dbab12ebd470eaadfa46f93d6bf59ffe46c1b7f8393661bf9ef4c9218,Y,,
ACQ-20240603-CELL-011,B05,drive1_FRIO-X6,Cell observer\Marta\aSma-8oHDG_IRATI\ID57-1_aSma_8oHDG_20x-9.czi,,,8a710c26de3fcaa957b6656ba5c87ee240d02d82e09aecdfa326146354b15c69,Y,,
ACQ-20240603-CELL-012,B05,drive1_FRIO-X6,Cell observer\Marta\aSma-8oHDG_IRATI\ID57-1_aSma_8oHDG_20x-Control negativo-1.czi,,,ee736216f23a4e77903a7d40cea5702f0313b68d856c14c8895c9a3e77b9f9f1,Y,,
ACQ-20240603-CELL-013,B05,drive1_FRIO-X6,Cell observer\Marta\aSma-8oHDG_IRATI\ID57-1_aSma_8oHDG_20x-Control negativo-2.czi,,,53a7dff9fbc254574eda245bd3cfe2173b5d9a7561978af5d79b4bbbe7a67c5c,Y,,
ACQ-20240603-CELL-014,B05,drive1_FRIO-X6,Cell observer\Marta\aSma-8oHDG_IRATI\ID57-1_aSma_8oHDG_20x-Control negativo-3.czi,,,50d97a2ed1292124e3e7dc2c99815c01f4ceb78fbeb302a663ce9a58776407e3,Y,,
ACQ-20240603-CELL-015,B05,drive1_FRIO-X6,Cell observer\Marta\aSma-8oHDG_IRATI\ID57-1_aSma_8oHDG_20x-Control negativo-4.czi,,,27abaab480509113cc47ab94fa5f5f9d01738de0ae4b8d67eb6bd17b5826e372,Y,,
ACQ-20240603-CELL-016,B05,drive1_FRIO-X6,Cell observer\Marta\aSma-8oHDG_IRATI\ID57-1_aSma_8oHDG_20x-Control negativo-5.czi,,,443f16a6786b8e8fa14556229b5b546a9e3f0e9ec8a4f79fc432aa21df5437c3,Y,,
ACQ-20240603-CELL-017,B05,drive1_FRIO-X6,Cell observer\Marta\aSma-8oHDG_IRATI\ID57-2_aSma_8oHDG_20x-1.czi,,,22e1c65834d7268853e8c25bbbd7fd8f9eea2c5dddc8d671dab6236d1ace020d,Y,,
ACQ-20240603-CELL-018,B05,drive1_FRIO-X6,Cell observer\Marta\aSma-8oHDG_IRATI\ID57-2_aSma_8oHDG_20x-10.czi,,,9db79f5fd34f24331656642abee2b82c7b1407fb4e817138192a9480128b5afb,Y,,
ACQ-20240603-CELL-019,B05,drive1_FRIO-X6,Cell observer\Marta\aSma-8oHDG_IRATI\ID57-2_aSma_8oHDG_20x-11.czi,,,d3f3c3aac4c5591a24b072132c3bb634051bc9ac425e76c29a752817e9fe5b8b,Y,,
ACQ-20240603-CELL-020,B05,drive1_FRIO-X6,Cell observer\Marta\aSma-8oHDG_IRATI\ID57-2_aSma_8oHDG_20x-12.czi,,,fa26ee66b00a2287477adaea285d8ea341e5c3a7ca328056cdfd119cf71b4ac9,Y,,
ACQ-20240603-CELL-021,B05,drive1_FRIO-X6,Cell observer\Marta\aSma-8oHDG_IRATI\ID57-2_aSma_8oHDG_20x-2.czi,,,1cae16b203e5355998b76b893a8d1d2d3cce94c8b6ca12f511f922e6713234c3,Y,,
ACQ-20240603-CELL-022,B05,drive1_FRIO-X6,Cell observer\Marta\aSma-8oHDG_IRATI\ID57-2_aSma_8oHDG_20x-3.czi,,,b8cbe422ad90da55ace35a2191a4330204a93297cf77d266a6c9482bed46d2f1,Y,,
ACQ-20240603-CELL-023,B05,drive1_FRIO-X6,Cell observer\Marta\aSma-8oHDG_IRATI\ID57-2_aSma_8oHDG_20x-4.czi,,,86486e03b70acb2ef7bba8baf983a6c7b348121f6cdbd211944a6a6bd4f9ac48,Y,,
ACQ-20240603-CELL-024,B05,drive1_FRIO-X6,Cell observer\Marta\aSma-8oHDG_IRATI\ID57-2_aSma_8oHDG_20x-5.czi,,,ceb0e9efc5479b80845347aa1fc1b42794d67dd00ec9c7e355d98ef08b67be06,Y,,
ACQ-20240603-CELL-025,B05,drive1_FRIO-X6,Cell observer\Marta\aSma-8oHDG_IRATI\ID57-2_aSma_8oHDG_20x-6.czi,,,507cccfe880313655248247d80fbe5464e5397e12fd46429f0bd60cce0fa798a,Y,,
ACQ-20240603-CELL-026,B05,drive1_FRIO-X6,Cell observer\Marta\aSma-8oHDG_IRATI\ID57-2_aSma_8oHDG_20x-7.czi,,,5745ab02cf28b384e45a17243a78c115cd0887a189a0162d9328d8f431a59dd7,Y,,
ACQ-20240603-CELL-027,B05,drive1_FRIO-X6,Cell observer\Marta\aSma-8oHDG_IRATI\ID57-2_aSma_8oHDG_20x-8.czi,,,9efc7f902eec4dbd646191375c6c39d4b90a1393fbe3c74dcc7f1344a0250d1d,Y,,
ACQ-20240603-CELL-028,B05,drive1_FRIO-X6,Cell observer\Marta\aSma-8oHDG_IRATI\ID57-2_aSma_8oHDG_20x-9.czi,,,efcd3885eb05f555a320d2ff3999982de58a40a21c6e716f9598f20c38c87588,Y,,
ACQ-20240603-CELL-029,B05,drive1_FRIO-X6,Cell observer\Marta\aSma-8oHDG_IRATI\ID57-2_aSma_8oHDG_20x-Control negativo-1.czi,,,9dcd9dec739d885166d6b71cab55e8751ccc0539cd47578b50f1cef19ba26eb1,Y,,
ACQ-20240603-CELL-030,B05,drive1_FRIO-X6,Cell observer\Marta\aSma-8oHDG_IRATI\ID57-2_aSma_8oHDG_20x-Control negativo-2.czi,,,cf822235ecdcbef0c7f2c99ba03c6171cb800bfa312c1c269429dba325bcdce5,Y,,
ACQ-20240603-CELL-031,B05,drive1_FRIO-X6,Cell observer\Marta\aSma-8oHDG_IRATI\ID57-2_aSma_8oHDG_20x-Control negativo-3.czi,,,fb3f5ebbcac9d9da1366846815b64954c46656a99e7e6451ea3cacb46057f1d5,Y,,
ACQ-20240603-CELL-032,B05,drive1_FRIO-X6,Cell observer\Marta\aSma-8oHDG_IRATI\ID57-2_aSma_8oHDG_20x-Control negativo-4.czi,,,74731237facf0a4040e833a578c6f0af4f48fab883b317e2f640473f5b5a0479,Y,,
ACQ-20240603-CELL-033,B05,drive1_FRIO-X6,Cell observer\Marta\aSma-8oHDG_IRATI\ID57-2_aSma_8oHDG_20x-Control negativo-5.czi,,,da8c70c72531d4bfeaae37cf0fbd9d9b122fd3082697e2a362bf56b4773fb771,Y,,
ACQ-20240603-CELL-034,B05,drive1_FRIO-X6,Cell observer\Marta\aSma-8oHDG_IRATI\ID57-2_aSma_8oHDG_20x-Control negativo-6.czi,,,631abf84b688023b45c796211a63354e057d4253a48a402e2986237de80b8462,Y,,
ACQ-20240605-CELL-001,B05,drive1_FRIO-X6,Cell observer\Marta\aSma-8oHDG_IRATI\ID56-1_aSma_8oHDG_20x-1.czi,,,f4d1a8146304165bbce7e9b5db3520ed53b0038c238ce1143f8c5f530e4a20a7,Y,,
ACQ-20240605-CELL-002,B05,drive1_FRIO-X6,Cell observer\Marta\aSma-8oHDG_IRATI\ID56-1_aSma_8oHDG_20x-2.czi,,,51eeae9dc59793463381afc204dd98b7e1bd542c8b4c82092dcebd47560e6fc3,Y,,
ACQ-20240605-CELL-003,B05,drive1_FRIO-X6,Cell observer\Marta\aSma-8oHDG_IRATI\ID56-1_aSma_8oHDG_20x-Cneg1.czi,,,55c9299db13b7c7dbb023dae940a25ddd070f70cd027d862ef293c421c83b205,Y,,
ACQ-20240605-CELL-004,B05,drive1_FRIO-X6,Cell observer\Marta\aSma-8oHDG_IRATI\ID56-1_aSma_8oHDG_20x-Cneg2.czi,,,3ed86982107c1e982704b693b299376dd9f30a74c4f3f592f961906a1b38437e,Y,,
ACQ-20240605-CELL-005,B05,drive1_FRIO-X6,Cell observer\Marta\aSma-8oHDG_IRATI\ID56-2_aSma_8oHDG_20x-1.czi,,,1e370b1615fb471b19e0d0d09f693bf0bfa763aeba73c4547f724ca4cf56703c,Y,,
ACQ-20240605-CELL-006,B05,drive1_FRIO-X6,Cell observer\Marta\aSma-8oHDG_IRATI\ID56-2_aSma_8oHDG_20x-2.czi,,,0f9cca20950369daffc56d0e023a6ee74dd890395eeee48e47950c0be215a2b1,Y,,
ACQ-20240605-CELL-007,B05,drive1_FRIO-X6,Cell observer\Marta\aSma-8oHDG_IRATI\ID56-2_aSma_8oHDG_20x-Cneg1.czi,,,c903b2a0689494445c4ba27f8ca415ef04d696007f74527f1b003e359e1efd71,Y,,
ACQ-20240605-CELL-008,B05,drive1_FRIO-X6,Cell observer\Marta\aSma-8oHDG_IRATI\ID56-2_aSma_8oHDG_20x-Cneg2.czi,,,6a4c5295af6f59f0eaa6962aad4726f0c4f982c3213500a4c048c0825b802f14,Y,,
ACQ-20240605-CELL-009,B05,drive1_FRIO-X6,Cell observer\Marta\aSma-8oHDG_IRATI\ID6-1A_aSma_8oHDG_20x-1.czi,,,fb8bd7805d116a06974d65c46a8f7a613f4bf7a685db344cd70f36afb6124319,Y,,
ACQ-20240605-CELL-010,B05,drive1_FRIO-X6,Cell observer\Marta\aSma-8oHDG_IRATI\ID6-1A_aSma_8oHDG_20x-2.czi,,,18e6826f65c717c0ffa4bb7db74db8f360d1b7b2cc3d13d45dfdb3e3927b8aed,Y,,
ACQ-20240605-CELL-011,B05,drive1_FRIO-X6,Cell observer\Marta\aSma-8oHDG_IRATI\ID6-1A_aSma_8oHDG_20x-3.czi,,,8a8a92cc28efc32805dabae6b185f4e97ce2647836c499fe0c8f10de4ab65a21,Y,,
ACQ-20240605-CELL-012,B05,drive1_FRIO-X6,Cell observer\Marta\aSma-8oHDG_IRATI\ID6-1A_aSma_8oHDG_20x-Cneg1.czi,,,d15054a82ce49bf2d60d9325e50eb5560978758c6410e25ebbf29379031c9b18,Y,,
ACQ-20240605-CELL-013,B05,drive1_FRIO-X6,Cell observer\Marta\aSma-8oHDG_IRATI\ID6-1A_aSma_8oHDG_20x-Cneg2.czi,,,3f6678379d10cdbc34b7d260aae692c04ec81796fd04715438b9c86f3bc2a3fc,Y,,
ACQ-20240605-CELL-014,B05,drive1_FRIO-X6,Cell observer\Marta\aSma-8oHDG_IRATI\ID6-1B_aSma_8oHDG_20x-1.czi,,,c659e70abf96e46d8ab97cc386eca4710d51111a687307f18bc660c3d28ebdd7,Y,,
ACQ-20240605-CELL-015,B05,drive1_FRIO-X6,Cell observer\Marta\aSma-8oHDG_IRATI\ID6-1B_aSma_8oHDG_20x-2.czi,,,13b469015028ee55815b9b841bd43f10dee39ee3c08eb6a55dc591019280a155,Y,,
ACQ-20240605-CELL-016,B05,drive1_FRIO-X6,Cell observer\Marta\aSma-8oHDG_IRATI\ID6-1B_aSma_8oHDG_20x-Cneg1.czi,,,317fdd4cfd49ccd98427e3b5fc7efbd48908510e649e23a59f7fa03aa02f5ec7,Y,,
ACQ-20240605-CELL-017,B05,drive1_FRIO-X6,Cell observer\Marta\aSma-8oHDG_IRATI\ID6-1B_aSma_8oHDG_20x-Cneg2.czi,,,832da06de0266b70fbba8ce8a4490ea02efc9371ffb92def7897838c12121be9,Y,,
ACQ-20240620-CELL-001,B05,drive2_MFB-Disco-2,2025-10-02 - Toshiba EXT (Backup)\CELL OBSERVER\ROS.czi,,,234682daa0ac0c172f880819df964d4d02aca5d7d6f86e225484dc77508678d0,Y,,
ACQ-20240620-CELL-002,B05,drive2_MFB-Disco-2,2025-10-02 - Toshiba EXT (Backup)\CELL OBSERVER\ROS\Control+TGF-B-1.czi,,,87b801c7d984a7a8b775fc10f80d6d054fd3c5ae95e842fa32bc8eb7d09178bb,Y,,
ACQ-20240620-CELL-003,B05,drive2_MFB-Disco-2,2025-10-02 - Toshiba EXT (Backup)\CELL OBSERVER\ROS\Control+TGF-B-2.czi,,,f7d48b7c0755478f9078dde835f09ad68a9d6a68e286f2866b3b70512e207db8,Y,,
ACQ-20240620-CELL-004,B05,drive2_MFB-Disco-2,2025-10-02 - Toshiba EXT (Backup)\CELL OBSERVER\ROS\Control+TGF-B-3.czi,,,a1dc2034c47482e9b900db77a000434b4757baf0c2aa935f06537cb7b93f33b7,Y,,
ACQ-20240620-CELL-005,B05,drive2_MFB-Disco-2,2025-10-02 - Toshiba EXT (Backup)\CELL OBSERVER\ROS\Control+TGF-B-4.czi,,,a5db05a4d90ab0c27005f7d9bf439645fb8b3552457ce9e0426556afcaea98f0,Y,,
ACQ-20240620-CELL-006,B05,drive2_MFB-Disco-2,2025-10-02 - Toshiba EXT (Backup)\CELL OBSERVER\ROS\Medio-completo-1.czi,,,8d2499ff4243bd928f00554ddf80382a80fb83b3dc02670d7ba2b652143dfff6,Y,,
ACQ-20240620-CELL-007,B05,drive2_MFB-Disco-2,2025-10-02 - Toshiba EXT (Backup)\CELL OBSERVER\ROS\Medio-completo-2.czi,,,0491df5217a88f89cb83e91b154678b9c24cda9663f20e3b566b5d91580ff4f4,Y,,
ACQ-20240620-CELL-008,B05,drive2_MFB-Disco-2,2025-10-02 - Toshiba EXT (Backup)\CELL OBSERVER\ROS\Medio-completo-3.czi,,,b7172f4d37e35d6a193cb01a481cfe7c1d20b86e86cc431ffea7822aade121f5,Y,,
ACQ-20240620-CELL-009,B05,drive2_MFB-Disco-2,2025-10-02 - Toshiba EXT (Backup)\CELL OBSERVER\ROS\Medio-completo-4.czi,,,ab91fab23e8359660f92502b081f82f720fffa8f05aab4f76c08042881e73f0e,Y,,
ACQ-20240620-CELL-010,B05,drive2_MFB-Disco-2,2025-10-02 - Toshiba EXT (Backup)\CELL OBSERVER\ROS\Medio-sin-FBS-1.czi,,,eb513da0faf2423ba5c52e04a47cc4dbee3b5859055f0b298368691dd788d55d,Y,,
ACQ-20240620-CELL-011,B05,drive2_MFB-Disco-2,2025-10-02 - Toshiba EXT (Backup)\CELL OBSERVER\ROS\Medio-sin-FBS-2.czi,,,1a38232997474a3c49812d87fba47061db5ab7c5732e49b77f872428aa1f36b9,Y,,
ACQ-20240620-CELL-012,B05,drive2_MFB-Disco-2,2025-10-02 - Toshiba EXT (Backup)\CELL OBSERVER\ROS\Medio-sin-FBS-3.czi,,,eb87f6aafc0d5a66a10ce0991de544cbe98627e81d1eb1a8e52d17719ab38710,Y,,
ACQ-20240620-CELL-013,B05,drive2_MFB-Disco-2,2025-10-02 - Toshiba EXT (Backup)\CELL OBSERVER\ROS\Medio-sin-FBS-4.czi,,,a2e4ad0e9353fbf505ec6bec469f48fd75f7f46741cb1b44ca1a5f4aa46a4acb,Y,,
ACQ-20240620-CELL-014,B05,drive2_MFB-Disco-2,2025-10-02 - Toshiba EXT (Backup)\CELL OBSERVER\ROS\x1.4-0.01-1.czi,,,112965384c9f6b3efb46f9c587bb31de9a07b358facecdf6f848e4f653ffcee6,Y,,
ACQ-20240620-CELL-015,B05,drive2_MFB-Disco-2,2025-10-02 - Toshiba EXT (Backup)\CELL OBSERVER\ROS\x1.4-0.01-2.czi,,,4408dd506c76bed0ab00dca5b3ffb6590066c6c904ef79fe07cb8b775a21449d,Y,,
ACQ-20240620-CELL-016,B05,drive2_MFB-Disco-2,2025-10-02 - Toshiba EXT (Backup)\CELL OBSERVER\ROS\x1.4-0.01-3.czi,,,ef962bc625b1e0281053477fdaaa04581aa6684401597c91f7cb89221135ab1e,Y,,
ACQ-20240620-CELL-017,B05,drive2_MFB-Disco-2,2025-10-02 - Toshiba EXT (Backup)\CELL OBSERVER\ROS\x1.4-0.01-4.czi,,,8b5b26aad857929e41f3c04425e0a8fc3ebc90339980b4d7a178cd68fa7a9397,Y,,
ACQ-20240620-CELL-018,B05,drive2_MFB-Disco-2,2025-10-02 - Toshiba EXT (Backup)\CELL OBSERVER\ROS\x1.4-0.05-1.czi,,,2a74b9658b0e6b0700ae4ad6cf019bd7ff4349058efbb285454725eb53b32027,Y,,
ACQ-20240620-CELL-019,B05,drive2_MFB-Disco-2,2025-10-02 - Toshiba EXT (Backup)\CELL OBSERVER\ROS\x1.4-0.05-2.czi,,,20d5e12cb07000240e06d3dcc8fca2bc125977949f394084c31f0ab524cf5557,Y,,
ACQ-20240620-CELL-020,B05,drive2_MFB-Disco-2,2025-10-02 - Toshiba EXT (Backup)\CELL OBSERVER\ROS\x1.4-0.05-3.czi,,,5f73d880bf48000960292d17945e7b75b9da9cef0dd8c03c89bbb9d97f7047a7,Y,,
ACQ-20240620-CELL-021,B05,drive2_MFB-Disco-2,2025-10-02 - Toshiba EXT (Backup)\CELL OBSERVER\ROS\x1.4-0.05-4.czi,,,2d01ec9249cf66690448cd89b074baf91523007aa0e7b9bda09bca90fd1f02f2,Y,,
ACQ-20240620-CELL-022,B05,drive2_MFB-Disco-2,2025-10-02 - Toshiba EXT (Backup)\CELL OBSERVER\ROS\x1.4-0.1-1.czi,,,0bc8241d8919fc6243d388a7c23296a60e35a7dddf8a44b75e5cbc675e927fa0,Y,,
ACQ-20240620-CELL-023,B05,drive2_MFB-Disco-2,2025-10-02 - Toshiba EXT (Backup)\CELL OBSERVER\ROS\x1.4-0.1-2.czi,,,b9e37740858076e66183522c4f0247c786c56fa9edef6e382249fb43c35a0d62,Y,,
ACQ-20240620-CELL-024,B05,drive2_MFB-Disco-2,2025-10-02 - Toshiba EXT (Backup)\CELL OBSERVER\ROS\x1.4-0.1-3.czi,,,2fcaad872777cbca771d8aaeb42be81977123ebb1c026a50ec0e15842b550a03,Y,,
ACQ-20240620-CELL-025,B05,drive2_MFB-Disco-2,2025-10-02 - Toshiba EXT (Backup)\CELL OBSERVER\ROS\x1.4-0.1-4.czi,,,1952a94c96025c16c096e5c5b26c81a6cb57dea17f12faa0e7d614069485fc54,Y,,
ACQ-20240620-CELL-026,B05,drive2_MFB-Disco-2,2025-10-02 - Toshiba EXT (Backup)\CELL OBSERVER\ROS\x1.4-0.25-1.czi,,,124e29557bee9be3ba59afb9e0c6d89f78e67bcdc3ce05ea2c8d23b7ede6dae5,Y,,
ACQ-20240620-CELL-027,B05,drive2_MFB-Disco-2,2025-10-02 - Toshiba EXT (Backup)\CELL OBSERVER\ROS\x1.4-0.25-2.czi,,,c31b9fa22baf75bc99a4a83a579edd1d0276c4bd39608826eca79907cf719211,Y,,
ACQ-20240620-CELL-028,B05,drive2_MFB-Disco-2,2025-10-02 - Toshiba EXT (Backup)\CELL OBSERVER\ROS\x1.4-0.25-3.czi,,,92ba6f6e05b85769d94952a59c30abd28f619e73333aaf39a6fe4e6713836c7c,Y,,
ACQ-20240620-CELL-029,B05,drive2_MFB-Disco-2,2025-10-02 - Toshiba EXT (Backup)\CELL OBSERVER\ROS\x1.4-0.25-4.czi,,,eb56c7391ecb0aceb1bacc94d6bed9b509ae0821d72e03c041b5c7bf71452f37,Y,,
ACQ-20240620-CELL-030,B05,drive2_MFB-Disco-2,2025-10-02 - Toshiba EXT (Backup)\CELL OBSERVER\ROS\x1.4-0.5-1.czi,,,9672861c9217f2695e9d7a2728f28de54125b9293d1a483cd79c7280ec33084f,Y,,
ACQ-20240620-CELL-031,B05,drive2_MFB-Disco-2,2025-10-02 - Toshiba EXT (Backup)\CELL OBSERVER\ROS\x1.4-0.5-2.czi,,,cd7be9397515460eee4f6a7a79abf1d1397a98919cba029dc7f43380112b7a42,Y,,
ACQ-20240620-CELL-032,B05,drive2_MFB-Disco-2,2025-10-02 - Toshiba EXT (Backup)\CELL OBSERVER\ROS\x1.4-0.5-3.czi,,,f91052d3208319e33febad6ff200616add4c1ff2d8d982e3002ffb3b3961d166,Y,,
ACQ-20240620-CELL-033,B05,drive2_MFB-Disco-2,2025-10-02 - Toshiba EXT (Backup)\CELL OBSERVER\ROS\x1.4-0.5-4.czi,,,b460a08e4537a4c2c1d14c2e12f5c69873e6f33ec75ed1baf6c3251c17928e3b,Y,,
ACQ-20240620-CELL-034,B05,drive2_MFB-Disco-2,2025-10-02 - Toshiba EXT (Backup)\CELL OBSERVER\ROS\x1.8-0.01-1.czi,,,307f8ec97294e35043dfeedf22b1e00048bb626f3e4bbd6e68999e3516cdc8e7,Y,,
ACQ-20240620-CELL-035,B05,drive2_MFB-Disco-2,2025-10-02 - Toshiba EXT (Backup)\CELL OBSERVER\ROS\x1.8-0.01-2.czi,,,a8a82bb33b37f8d8264213d8b3d147ce68835d8691dad35fb62e14a1568fc93d,Y,,
ACQ-20240620-CELL-036,B05,drive2_MFB-Disco-2,2025-10-02 - Toshiba EXT (Backup)\CELL OBSERVER\ROS\x1.8-0.01-3.czi,,,dd88f6cba4b116f8af9c93a022b12bbed12916ebf8c727d9bec401f84a720b8b,Y,,
ACQ-20240620-CELL-037,B05,drive2_MFB-Disco-2,2025-10-02 - Toshiba EXT (Backup)\CELL OBSERVER\ROS\x1.8-0.01-4.czi,,,54092dacf22b0b4235640edbbccf520c2a81b16560f6482ae2d90f21350088dc,Y,,
ACQ-20240620-CELL-038,B05,drive2_MFB-Disco-2,2025-10-02 - Toshiba EXT (Backup)\CELL OBSERVER\ROS\x1.8-0.05-1.czi,,,ff4a054b43f46026363213dbca291a8ba659d856119d1c293bf6c9750aefd8b1,Y,,
ACQ-20240620-CELL-039,B05,drive2_MFB-Disco-2,2025-10-02 - Toshiba EXT (Backup)\CELL OBSERVER\ROS\x1.8-0.05-2.czi,,,e7d98dfa577921464fad3462444a71e91d06c74ff2122ee3acfc98934f9776eb,Y,,
ACQ-20240620-CELL-040,B05,drive2_MFB-Disco-2,2025-10-02 - Toshiba EXT (Backup)\CELL OBSERVER\ROS\x1.8-0.05-3.czi,,,8e150e8fd6e110c4cd3c3ed3618c516be6bb86308f07d71e2bf8e67b068f6fb8,Y,,
ACQ-20240620-CELL-041,B05,drive2_MFB-Disco-2,2025-10-02 - Toshiba EXT (Backup)\CELL OBSERVER\ROS\x1.8-0.05-4.czi,,,935dd4231bfbb710645a24ee025d94d7e05f47028a917c0885145ff4cd35e849,Y,,
ACQ-20240620-CELL-042,B05,drive2_MFB-Disco-2,2025-10-02 - Toshiba EXT (Backup)\CELL OBSERVER\ROS\x1.8-0.1-1.czi,,,5aee381611b154ae5cd0e209c4991be83208d2a58f7bdd29168803ee818a2d34,Y,,
ACQ-20240620-CELL-043,B05,drive2_MFB-Disco-2,2025-10-02 - Toshiba EXT (Backup)\CELL OBSERVER\ROS\x1.8-0.1-2.czi,,,086a5461cc8af3ccdffd110078d8f6f90c31d02126155d5315888e22c1a18e85,Y,,
ACQ-20240620-CELL-044,B05,drive2_MFB-Disco-2,2025-10-02 - Toshiba EXT (Backup)\CELL OBSERVER\ROS\x1.8-0.1-3.czi,,,6497fd455d92b4a29b7051e7ed7358f0ce7945e8f0f3c5aec51278c3ff0d85db,Y,,
ACQ-20240620-CELL-045,B05,drive2_MFB-Disco-2,2025-10-02 - Toshiba EXT (Backup)\CELL OBSERVER\ROS\x1.8-0.1-4.czi,,,83482eb86091fab87d45b084893030526c186b18ccdd117969eda8f50b6fc790,Y,,
ACQ-20240620-CELL-046,B05,drive2_MFB-Disco-2,2025-10-02 - Toshiba EXT (Backup)\CELL OBSERVER\ROS\x1.8-0.25-1.czi,,,c3c71baf76090d4f7f0cbfd048eb75bda04ecb0278edbdf115503962d9710c47,Y,,
ACQ-20240620-CELL-047,B05,drive2_MFB-Disco-2,2025-10-02 - Toshiba EXT (Backup)\CELL OBSERVER\ROS\x1.8-0.25-2.czi,,,52bb6759aa2c1faa8da1fa584275afcbb6072b10856bf10dad51606a490347d4,Y,,
ACQ-20240620-CELL-048,B05,drive2_MFB-Disco-2,2025-10-02 - Toshiba EXT (Backup)\CELL OBSERVER\ROS\x1.8-0.25-3.czi,,,36a5259122efca0a643f66d1d7423fe05abf4a2456b6b902eed8590d7624b81a,Y,,
ACQ-20240620-CELL-049,B05,drive2_MFB-Disco-2,2025-10-02 - Toshiba EXT (Backup)\CELL OBSERVER\ROS\x1.8-0.25-4.czi,,,eb7fd682868f0dd86bbfc86c6e8f1a3b4bca15fbb48ec4707b5e6310c9d74e4a,Y,,
ACQ-20240620-CELL-050,B05,drive2_MFB-Disco-2,2025-10-02 - Toshiba EXT (Backup)\CELL OBSERVER\ROS\x1.8-0.5-1.czi,,,ac0a5744db6888eebfe4cf13bfb2a01d18f8d732320559dd7ce8d0716fc7f8cb,Y,,
ACQ-20240620-CELL-051,B05,drive2_MFB-Disco-2,2025-10-02 - Toshiba EXT (Backup)\CELL OBSERVER\ROS\x1.8-0.5-2.czi,,,e75c8d7c2d72c7cef77719baabaa66b61661cdff53caf74b5b0806740dc89e5d,Y,,
ACQ-20240620-CELL-052,B05,drive2_MFB-Disco-2,2025-10-02 - Toshiba EXT (Backup)\CELL OBSERVER\ROS\x1.8-0.5-3.czi,,,19a60cfb08156c3a45a3f4cc1b787b9b7ecfbb504b7e05c75ac62eb76008072f,Y,,
ACQ-20240620-CELL-053,B05,drive2_MFB-Disco-2,2025-10-02 - Toshiba EXT (Backup)\CELL OBSERVER\ROS\x1.8-0.5-4.czi,,,c7e98ba10b0a8839155db26fe17f83f2c8c6fc48fb0f8abbd4962a9317b6f175,Y,,
ACQ-20240621-CELL-001,B05,drive1_FRIO-X6,Cell observer\Marta\aSma-8oHDG_Irati_2\240621_ID56_aSma_8oHDG_20x-1.czi,,,76e034c4a701ecd38ad2210941c83c20d49a799ee9f2891793f1e37575deb6a4,Y,,
ACQ-20240621-CELL-002,B05,drive1_FRIO-X6,Cell observer\Marta\aSma-8oHDG_Irati_2\240621_ID56_aSma_8oHDG_20x-2.czi,,,b3972761f535fb0784888eeb3a9b40d47b65ac0ea384d9e103cc46f4c4802b6b,Y,,
ACQ-20240621-CELL-003,B05,drive1_FRIO-X6,Cell observer\Marta\aSma-8oHDG_Irati_2\240621_ID56_aSma_8oHDG_20x-3.czi,,,d926190f956b70861537d85648a42981a3a8f4178c065d50fa4fa73de41905c4,Y,,
ACQ-20240621-CELL-004,B05,drive1_FRIO-X6,Cell observer\Marta\aSma-8oHDG_Irati_2\240621_ID56_aSma_8oHDG_20x-4.czi,,,6dda0723c537db94f2484a01bd97500a924c674a4950fc54305dd92822003e15,Y,,
ACQ-20240621-CELL-005,B05,drive1_FRIO-X6,Cell observer\Marta\aSma-8oHDG_Irati_2\240621_ID56_aSma_8oHDG_20x-5.czi,,,947e18069f949ba8118c4d61202d212e97e47eafd24161831dfefd3c33fbc3b6,Y,,
ACQ-20240621-CELL-006,B05,drive1_FRIO-X6,Cell observer\Marta\aSma-8oHDG_Irati_2\240621_ID56_aSma_8oHDG_20x-6.czi,,,02b6629f408e5e1a8c2b3be302db1d8d275178ba4caf9e4548352bafab94220f,Y,,
ACQ-20240621-CELL-007,B05,drive1_FRIO-X6,Cell observer\Marta\aSma-8oHDG_Irati_2\240621_ID56_aSma_8oHDG_20x-7.czi,,,5cf9627bfe43788d71c71f9a0b2a11c88c2d18de1708d2dcce82e7987b9c440c,Y,,
ACQ-20240621-CELL-008,B05,drive1_FRIO-X6,Cell observer\Marta\aSma-8oHDG_Irati_2\240621_ID56_aSma_8oHDG_20x-8.czi,,,a142d1adcf28a5007c63186604ab8921fa24fb013e520b1c59830aa5382366d4,Y,,
ACQ-20240621-CELL-009,B05,drive1_FRIO-X6,Cell observer\Marta\aSma-8oHDG_Irati_2\240621_ID56_aSma_8oHDG_20x-ControlNegativos.czi,,,0aaa5e624ea295f31d489fcf06a4fca407f48f7821cc2a6786085fc0f9130c8c,Y,,
ACQ-20240621-CELL-010,B05,drive1_FRIO-X6,Cell observer\Marta\aSma-8oHDG_Irati_2\240621_ID57-1_aSma_8oHDG_20x-1.czi,,,0dc2a2c76d73793f168ba8653d6e91696e72a9e2f4f926f78db02e04b809b8e6,Y,,
ACQ-20240621-CELL-011,B05,drive1_FRIO-X6,Cell observer\Marta\aSma-8oHDG_Irati_2\240621_ID57-1_aSma_8oHDG_20x-10.czi,,,86bfd0c3b2b812b2ed3da88297c267812d2c1974e191d8ab9a006894edc8373c,Y,,
ACQ-20240621-CELL-012,B05,drive1_FRIO-X6,Cell observer\Marta\aSma-8oHDG_Irati_2\240621_ID57-1_aSma_8oHDG_20x-11.czi,,,e69dd2215eb9a4eacf9fd3f56648628b21a022bf0e54bfb11d1cd7bdb4d74614,Y,,
ACQ-20240621-CELL-013,B05,drive1_FRIO-X6,Cell observer\Marta\aSma-8oHDG_Irati_2\240621_ID57-1_aSma_8oHDG_20x-2.czi,,,d154c08632eabaf3afcae8ba494f2d2beebaaf401cb13a474661576cbc6e38e2,Y,,
ACQ-20240621-CELL-014,B05,drive1_FRIO-X6,Cell observer\Marta\aSma-8oHDG_Irati_2\240621_ID57-1_aSma_8oHDG_20x-3.czi,,,70a91d2fb8ea09f20a991bb2f0a7bde3ca7c8271a6461d90f1d5fa5810ceb12a,Y,,
ACQ-20240621-CELL-015,B05,drive1_FRIO-X6,Cell observer\Marta\aSma-8oHDG_Irati_2\240621_ID57-1_aSma_8oHDG_20x-4.czi,,,6282d592fe75569b9d2a8f2223bf4ff028293e5e69d22c7da9316ab976f029a2,Y,,
ACQ-20240621-CELL-016,B05,drive1_FRIO-X6,Cell observer\Marta\aSma-8oHDG_Irati_2\240621_ID57-1_aSma_8oHDG_20x-5.czi,,,cdc7b0af4967c31a084864e83a41849527e8cb989cc70068633ebf32639e3566,Y,,
ACQ-20240621-CELL-017,B05,drive1_FRIO-X6,Cell observer\Marta\aSma-8oHDG_Irati_2\240621_ID57-1_aSma_8oHDG_20x-6.czi,,,1ea63ffd2fb16e53d22305cb9580f561a8c0718f977f7ef7133315d7bdf2f785,Y,,
ACQ-20240621-CELL-018,B05,drive1_FRIO-X6,Cell observer\Marta\aSma-8oHDG_Irati_2\240621_ID57-1_aSma_8oHDG_20x-7.czi,,,174a1503560ae453700f42474f1a93aef5fa4ddca7c4dd30bc61ed27525339bb,Y,,
ACQ-20240621-CELL-019,B05,drive1_FRIO-X6,Cell observer\Marta\aSma-8oHDG_Irati_2\240621_ID57-1_aSma_8oHDG_20x-8.czi,,,c0d3f5670b24daca33bcae8adea0203678356a30068d7efa6afc62109e33c5e4,Y,,
ACQ-20240621-CELL-020,B05,drive1_FRIO-X6,Cell observer\Marta\aSma-8oHDG_Irati_2\240621_ID57-1_aSma_8oHDG_20x-9.czi,,,04cd576cd08e38f2a7f96e8069789e0529c768fe188ba07f066c65b7bcd976ed,Y,,
ACQ-20240621-CELL-021,B05,drive1_FRIO-X6,Cell observer\Marta\aSma-8oHDG_Irati_2\240621_ID57-1_aSma_8oHDG_20x-ControlNegativo.czi,,,3c1dc616fd240fe701da9398e00994406f3b054c1416b3766ec6c1f606ae7fcd,Y,,
ACQ-20240621-CELL-022,B05,drive1_FRIO-X6,Cell observer\Marta\aSma-8oHDG_Irati_2\240621_ID57-2_aSma_8oHDG_20x-1.czi,,,e1447a054580b914971593d7613f9a88be589c2b944ab1a83679ae16f935fbbe,Y,,
ACQ-20240621-CELL-023,B05,drive1_FRIO-X6,Cell observer\Marta\aSma-8oHDG_Irati_2\240621_ID57-2_aSma_8oHDG_20x-10.czi,,,59d90d0796cd91853b6cc6c9acf16deec5b660ac96f3664a53ed08dc0ee35f12,Y,,
ACQ-20240621-CELL-024,B05,drive1_FRIO-X6,Cell observer\Marta\aSma-8oHDG_Irati_2\240621_ID57-2_aSma_8oHDG_20x-11.czi,,,2f673c27aefc3f7893dcec4e4740210c39390e92f39b9c82a06dc49b6e2d9dde,Y,,
ACQ-20240621-CELL-025,B05,drive1_FRIO-X6,Cell observer\Marta\aSma-8oHDG_Irati_2\240621_ID57-2_aSma_8oHDG_20x-2.czi,,,9a53b160174bdeb158c19ac0a9ecbab26cb6909bed66cbeae1a1f10b8bce288d,Y,,
ACQ-20240621-CELL-026,B05,drive1_FRIO-X6,Cell observer\Marta\aSma-8oHDG_Irati_2\240621_ID57-2_aSma_8oHDG_20x-3.czi,,,768fc6e5bf1c31793c3dbc1bf99fa98b1d1cc59c7c68a6741b032ac1dae289eb,Y,,
ACQ-20240621-CELL-027,B05,drive1_FRIO-X6,Cell observer\Marta\aSma-8oHDG_Irati_2\240621_ID57-2_aSma_8oHDG_20x-4.czi,,,bcba65fd63dbf81c8e69fecd7d81e7653eec91eb12e1579514a8ddddf1d10293,Y,,
ACQ-20240621-CELL-028,B05,drive1_FRIO-X6,Cell observer\Marta\aSma-8oHDG_Irati_2\240621_ID57-2_aSma_8oHDG_20x-5.czi,,,1380cefaf7dbe3212e07cbc4d45f0d5e70a43b65616bcb529ec070a8847971a9,Y,,
ACQ-20240621-CELL-029,B05,drive1_FRIO-X6,Cell observer\Marta\aSma-8oHDG_Irati_2\240621_ID57-2_aSma_8oHDG_20x-6.czi,,,1a03c88dc6a7774e35ad55ae09a7c05098b4ebd9b1a83db2bac503c20debbbe9,Y,,
ACQ-20240621-CELL-030,B05,drive1_FRIO-X6,Cell observer\Marta\aSma-8oHDG_Irati_2\240621_ID57-2_aSma_8oHDG_20x-7.czi,,,f6395febdc36e43f3c3a6a8f6a1dfcf2035d7ec6271c54037e69e2b64d21aa5f,Y,,
ACQ-20240621-CELL-031,B05,drive1_FRIO-X6,Cell observer\Marta\aSma-8oHDG_Irati_2\240621_ID57-2_aSma_8oHDG_20x-8.czi,,,edb2ac9f130324eeb65c81c3fda031fe0e98fe34e73fc94ce4104751890b8cda,Y,,
ACQ-20240621-CELL-032,B05,drive1_FRIO-X6,Cell observer\Marta\aSma-8oHDG_Irati_2\240621_ID57-2_aSma_8oHDG_20x-9.czi,,,a3af2f32a80ab44adc27c84beeaec8b14d6ea6c8a03fdb6605a38f8e02373720,Y,,
ACQ-20240621-CELL-033,B05,drive1_FRIO-X6,Cell observer\Marta\aSma-8oHDG_Irati_2\240621_ID57-2_aSma_8oHDG_20x-ControlNegativo.czi,,,c6930ee88d6f2c5e8f76eed7087c974ac3d2a76f0f4ea30065adce72e88998f4,Y,,
ACQ-20240621-CELL-034,B05,drive1_FRIO-X6,Cell observer\Marta\aSma-8oHDG_Irati_2\240621_ID6-1_aSma_8oHDG_20x-1.czi,,,e7099f24c0a19ec2f853b01ecf79aa2b5042720453ac8c3a3697d52210621034,Y,,
ACQ-20240621-CELL-035,B05,drive1_FRIO-X6,Cell observer\Marta\aSma-8oHDG_Irati_2\240621_ID6-1_aSma_8oHDG_20x-10.czi,,,0b849572662560ad9348391aa4f707d38dd7c61b3d3436badfd320d5904475d8,Y,,
ACQ-20240621-CELL-036,B05,drive1_FRIO-X6,Cell observer\Marta\aSma-8oHDG_Irati_2\240621_ID6-1_aSma_8oHDG_20x-11.czi,,,c768cfea8a449595856ce4f4be5056ca4cf7e733cc3baf0496f873f4037b5008,Y,,
ACQ-20240621-CELL-037,B05,drive1_FRIO-X6,Cell observer\Marta\aSma-8oHDG_Irati_2\240621_ID6-1_aSma_8oHDG_20x-12.czi,,,5db69e8a7bbf731224c47139a72a80fba1b33e5774c31b699cfe07cd019aa89e,Y,,
ACQ-20240621-CELL-038,B05,drive1_FRIO-X6,Cell observer\Marta\aSma-8oHDG_Irati_2\240621_ID6-1_aSma_8oHDG_20x-13.czi,,,9104195995277d949d40744f4d5ff91ae3bb6a96a69a71a76d87d6017e1baca3,Y,,
ACQ-20240621-CELL-039,B05,drive1_FRIO-X6,Cell observer\Marta\aSma-8oHDG_Irati_2\240621_ID6-1_aSma_8oHDG_20x-14.czi,,,352c29d516757418418916cbc789be30edf4178af74430ff1628e6089ccae01d,Y,,
ACQ-20240621-CELL-040,B05,drive1_FRIO-X6,Cell observer\Marta\aSma-8oHDG_Irati_2\240621_ID6-1_aSma_8oHDG_20x-15.czi,,,74259c48ae3425a5ee09d6d25ae10fc7ed92ecaf6cef79c9cabf027e8e9b4ddd,Y,,
ACQ-20240621-CELL-041,B05,drive1_FRIO-X6,Cell observer\Marta\aSma-8oHDG_Irati_2\240621_ID6-1_aSma_8oHDG_20x-16.czi,,,d39960e0df0aec98079c178ab95232a69f52145dbd53b513f3f816e1cde61e88,Y,,
ACQ-20240621-CELL-042,B05,drive1_FRIO-X6,Cell observer\Marta\aSma-8oHDG_Irati_2\240621_ID6-1_aSma_8oHDG_20x-2.czi,,,9c11033f879876cceb18d06f842596eafd18a480658312305d60c69afb9083c2,Y,,
ACQ-20240621-CELL-043,B05,drive1_FRIO-X6,Cell observer\Marta\aSma-8oHDG_Irati_2\240621_ID6-1_aSma_8oHDG_20x-3.czi,,,2e2eef35eec3774d272b40ee0bef2b6b1b571d4f7d3dd452f9077a16b7da03c8,Y,,
ACQ-20240621-CELL-044,B05,drive1_FRIO-X6,Cell observer\Marta\aSma-8oHDG_Irati_2\240621_ID6-1_aSma_8oHDG_20x-4.czi,,,b3afecde28b2166dbe09f0c4468269941dbae130e384e60f39452fe3bd355bee,Y,,
ACQ-20240621-CELL-045,B05,drive1_FRIO-X6,Cell observer\Marta\aSma-8oHDG_Irati_2\240621_ID6-1_aSma_8oHDG_20x-5.czi,,,0faf8752b08f16fe7ec584f52782b19753f392c09f83c15b8ce844f7e6adab8a,Y,,
ACQ-20240621-CELL-046,B05,drive1_FRIO-X6,Cell observer\Marta\aSma-8oHDG_Irati_2\240621_ID6-1_aSma_8oHDG_20x-6.czi,,,00a0f8560739829e91ea592e22b35d6adedbb1723d3a8118dda71e791a9c107f,Y,,
ACQ-20240621-CELL-047,B05,drive1_FRIO-X6,Cell observer\Marta\aSma-8oHDG_Irati_2\240621_ID6-1_aSma_8oHDG_20x-7.czi,,,99af1f4715e258e0eabe5fff9a36a8d9cfe37f0cd4665e0dec48af0229d1525b,Y,,
ACQ-20240621-CELL-048,B05,drive1_FRIO-X6,Cell observer\Marta\aSma-8oHDG_Irati_2\240621_ID6-1_aSma_8oHDG_20x-8.czi,,,96a1ad80b9866789c1c82fa4b4ccf206e4f969b8200597a4405ac160e1a3f197,Y,,
ACQ-20240621-CELL-049,B05,drive1_FRIO-X6,Cell observer\Marta\aSma-8oHDG_Irati_2\240621_ID6-1_aSma_8oHDG_20x-9.czi,,,8e45440d986e07a3e595a7a22e5de6d5e6008a3ed970271027aac1280bf54ab4,Y,,
ACQ-20240621-CELL-050,B05,drive1_FRIO-X6,Cell observer\Marta\aSma-8oHDG_Irati_2\240621_ID6-1_aSma_8oHDG_20x-ControlNegativo.czi,,,6d3be909d51a15c563a5e6b235358b85ad8b019cac79c87ba152075a0f48f02e,Y,,
ACQ-20240624-CELL-001,B05,drive2_MFB-Disco-2,2025-10-02 - Toshiba EXT (Backup)\CELL OBSERVER\HLF-5ngTGF-B-uptake\Control-10x-1.czi,,,32aba918fca0d8bfc0b95fdefcde7d909154b37f9a4e889d615bb9e5f0c31b70,Y,,
ACQ-20240624-CELL-002,B05,drive2_MFB-Disco-2,2025-10-02 - Toshiba EXT (Backup)\CELL OBSERVER\HLF-5ngTGF-B-uptake\Control-10x-2.czi,,,1e5b69e36bfb8319516fcf2d7a1893bf6a6f4e5b18ba31df8296c1782d2c4390,Y,,
ACQ-20240624-CELL-003,B05,drive2_MFB-Disco-2,2025-10-02 - Toshiba EXT (Backup)\CELL OBSERVER\HLF-5ngTGF-B-uptake\Control-10x-3.czi,,,1a46a3b1478a7b41bd35ae13ce58250171ad0d988a9267f7aaa6eaf6728d50c3,Y,,
ACQ-20240624-CELL-004,B05,drive2_MFB-Disco-2,2025-10-02 - Toshiba EXT (Backup)\CELL OBSERVER\HLF-5ngTGF-B-uptake\Control-10x-4.czi,,,804ccaefed0339f2d38154dd9c67c9a228b90d0cea200188548575fcbba7f022,Y,,
ACQ-20240624-CELL-005,B05,drive2_MFB-Disco-2,2025-10-02 - Toshiba EXT (Backup)\CELL OBSERVER\HLF-5ngTGF-B-uptake\Control-10x.czi,,,9ace62d51b5a26e55c9688f2f85bd5dc9c8da7ab01188cbd1140f2a94f755679,Y,,
ACQ-20240624-CELL-006,B05,drive2_MFB-Disco-2,2025-10-02 - Toshiba EXT (Backup)\CELL OBSERVER\HLF-5ngTGF-B-uptake\M-HLF-LP-24h-10x-1.czi,,,caa986a8a572a7a21a92f8caf7672bb41bda2f0eb21ba3f43e6e55bb99640d89,Y,,
ACQ-20240624-CELL-007,B05,drive2_MFB-Disco-2,2025-10-02 - Toshiba EXT (Backup)\CELL OBSERVER\HLF-5ngTGF-B-uptake\M-HLF-LP-24h-10x-10.czi,,,6959f8a780dd244ca5a8b50fe0b0f5bfd7c37f5ed57f36064b937c9787a8dd20,Y,,
ACQ-20240624-CELL-008,B05,drive2_MFB-Disco-2,2025-10-02 - Toshiba EXT (Backup)\CELL OBSERVER\HLF-5ngTGF-B-uptake\M-HLF-LP-24h-10x-2.czi,,,12faa08347b2dbab822cbd70ef50897a657e0ad0462345b4fe516fa55346c224,Y,,
ACQ-20240624-CELL-009,B05,drive2_MFB-Disco-2,2025-10-02 - Toshiba EXT (Backup)\CELL OBSERVER\HLF-5ngTGF-B-uptake\M-HLF-LP-24h-10x-3.czi,,,44d823ef73cef1efe1ef27e4b43dc2f90ebb0e83936edaf1dd7fb0e82bdaa129,Y,,
ACQ-20240624-CELL-010,B05,drive2_MFB-Disco-2,2025-10-02 - Toshiba EXT (Backup)\CELL OBSERVER\HLF-5ngTGF-B-uptake\M-HLF-LP-24h-10x-4.czi,,,ba9ba8480a1223f3569d178893f4858fb1fd10742d87f726584c239052504aed,Y,,
ACQ-20240624-CELL-011,B05,drive2_MFB-Disco-2,2025-10-02 - Toshiba EXT (Backup)\CELL OBSERVER\HLF-5ngTGF-B-uptake\M-HLF-LP-24h-10x-5.czi,,,eda9dc69f8460296b558296401db110f1a1fee202b7403ee75fff7e349c50c8c,Y,,
ACQ-20240624-CELL-012,B05,drive2_MFB-Disco-2,2025-10-02 - Toshiba EXT (Backup)\CELL OBSERVER\HLF-5ngTGF-B-uptake\M-HLF-LP-24h-10x-6.czi,,,6b1d48ebfdeffca30d64d7f9e61c8206263d94b3215f680f5ec662be828f5cdd,Y,,
ACQ-20240624-CELL-013,B05,drive2_MFB-Disco-2,2025-10-02 - Toshiba EXT (Backup)\CELL OBSERVER\HLF-5ngTGF-B-uptake\M-HLF-LP-24h-10x-7.czi,,,c801737a84dddb521858818809b9643851097320297533a40c727d9502d8643c,Y,,
ACQ-20240624-CELL-014,B05,drive2_MFB-Disco-2,2025-10-02 - Toshiba EXT (Backup)\CELL OBSERVER\HLF-5ngTGF-B-uptake\M-HLF-LP-24h-10x-8.czi,,,8032599dcb5eac4f54818e57a840fb44f6c677e7a97adb3385fe94bf18b6b69d,Y,,
ACQ-20240624-CELL-015,B05,drive2_MFB-Disco-2,2025-10-02 - Toshiba EXT (Backup)\CELL OBSERVER\HLF-5ngTGF-B-uptake\M-HLF-LP-24h-10x-9.czi,,,224b25e2ad654b5c4b2374408bd03c8e5d67ec2feaffffa3f9ce1289d6cf956c,Y,,
ACQ-20240624-CELL-016,B05,drive2_MFB-Disco-2,2025-10-02 - Toshiba EXT (Backup)\CELL OBSERVER\HLF-5ngTGF-B-uptake\M-HLF-LP-48h-10x-1.czi,,,1d1543c6fa8765567c3a84ed847fa05ac7eb0b2f39a3d53d2cba21c4eef1c65b,Y,,
ACQ-20240624-CELL-017,B05,drive2_MFB-Disco-2,2025-10-02 - Toshiba EXT (Backup)\CELL OBSERVER\HLF-5ngTGF-B-uptake\M-HLF-LP-48h-10x-10.czi,,,e22895227de1f7e7ed7adc2d9801a92c7761408c793c51e2e9ff3415b2ccba74,Y,,
ACQ-20240624-CELL-018,B05,drive2_MFB-Disco-2,2025-10-02 - Toshiba EXT (Backup)\CELL OBSERVER\HLF-5ngTGF-B-uptake\M-HLF-LP-48h-10x-11.czi,,,07d0fad312be4aaf197449394de84864723128a7f00e4e505e9503613111def1,Y,,
ACQ-20240624-CELL-019,B05,drive2_MFB-Disco-2,2025-10-02 - Toshiba EXT (Backup)\CELL OBSERVER\HLF-5ngTGF-B-uptake\M-HLF-LP-48h-10x-2.czi,,,931aca35906d23805dd7cd416df5874d4fd8ea640144c53317fb1b60e6d5f2cf,Y,,
ACQ-20240624-CELL-020,B05,drive2_MFB-Disco-2,2025-10-02 - Toshiba EXT (Backup)\CELL OBSERVER\HLF-5ngTGF-B-uptake\M-HLF-LP-48h-10x-3.czi,,,bee96edd564c07a5ed2720fd4245d6601b37666f6064206774451e1f23105109,Y,,
ACQ-20240624-CELL-021,B05,drive2_MFB-Disco-2,2025-10-02 - Toshiba EXT (Backup)\CELL OBSERVER\HLF-5ngTGF-B-uptake\M-HLF-LP-48h-10x-4.czi,,,68f112295442b19b9a5454305ba25f317825773fb67dca6d9f31149f773578dd,Y,,
ACQ-20240624-CELL-022,B05,drive2_MFB-Disco-2,2025-10-02 - Toshiba EXT (Backup)\CELL OBSERVER\HLF-5ngTGF-B-uptake\M-HLF-LP-48h-10x-5.czi,,,29e591080f0e0d7933de79a336b6e1da53fbbe0fddbdecc3f4e97bd3e66823be,Y,,
ACQ-20240624-CELL-023,B05,drive2_MFB-Disco-2,2025-10-02 - Toshiba EXT (Backup)\CELL OBSERVER\HLF-5ngTGF-B-uptake\M-HLF-LP-48h-10x-6.czi,,,fb9f3b02ee378d30de09e05ea52eda4a1c1c951ecf4850e227e8e5666b4384c9,Y,,
ACQ-20240624-CELL-024,B05,drive2_MFB-Disco-2,2025-10-02 - Toshiba EXT (Backup)\CELL OBSERVER\HLF-5ngTGF-B-uptake\M-HLF-LP-48h-10x-7.czi,,,244bc733c2ff6b9c90517e2eee647c72fb05aa674495f9e3bc68aba5fbfaa5a7,Y,,
ACQ-20240624-CELL-025,B05,drive2_MFB-Disco-2,2025-10-02 - Toshiba EXT (Backup)\CELL OBSERVER\HLF-5ngTGF-B-uptake\M-HLF-LP-48h-10x-8.czi,,,3e38716e939456da1d1709c8149b3030b88a1ac498edb7155ae5de14533c62fa,Y,,
ACQ-20240624-CELL-026,B05,drive2_MFB-Disco-2,2025-10-02 - Toshiba EXT (Backup)\CELL OBSERVER\HLF-5ngTGF-B-uptake\M-HLF-LP-48h-10x-9.czi,,,47c32f0be83ca089a524c805852943a01405b0248e715b4fd5a028cfea7fd0f6,Y,,
ACQ-20240624-CELL-027,B05,drive2_MFB-Disco-2,2025-10-02 - Toshiba EXT (Backup)\CELL OBSERVER\HLF-5ngTGF-B-uptake\M-HLF-LP-4h-10x-1.czi,,,ae24aad93fd16450908f4848e244a56f48feb8059f4b5c712afb49955d2a9bef,Y,,
ACQ-20240624-CELL-028,B05,drive2_MFB-Disco-2,2025-10-02 - Toshiba EXT (Backup)\CELL OBSERVER\HLF-5ngTGF-B-uptake\M-HLF-LP-4h-10x-10.czi,,,27a6f29ef5a423e4cb2be0a3ac9c05d96889c4cf04c3b8871eef3261156ccc6c,Y,,
ACQ-20240624-CELL-029,B05,drive2_MFB-Disco-2,2025-10-02 - Toshiba EXT (Backup)\CELL OBSERVER\HLF-5ngTGF-B-uptake\M-HLF-LP-4h-10x-2.czi,,,ddba64dbeb456810a0fe1626868560427f385ec1e0006bfccefd29e5a8701204,Y,,
ACQ-20240624-CELL-030,B05,drive2_MFB-Disco-2,2025-10-02 - Toshiba EXT (Backup)\CELL OBSERVER\HLF-5ngTGF-B-uptake\M-HLF-LP-4h-10x-3.czi,,,e0378621d28f86fd8f08ec6b5e2e141e4324f571079cebe9d3799b477e09c89d,Y,,
ACQ-20240624-CELL-031,B05,drive2_MFB-Disco-2,2025-10-02 - Toshiba EXT (Backup)\CELL OBSERVER\HLF-5ngTGF-B-uptake\M-HLF-LP-4h-10x-4.czi,,,f4bc10cd6299776547b188e3ba2412dd8b324fb5d82fc593d5444c27875c50c9,Y,,
ACQ-20240624-CELL-032,B05,drive2_MFB-Disco-2,2025-10-02 - Toshiba EXT (Backup)\CELL OBSERVER\HLF-5ngTGF-B-uptake\M-HLF-LP-4h-10x-5.czi,,,94a419f8c8c0e410685a2fe46058db4122ea20b38cb841ca0be93c2e3cc18e6a,Y,,
ACQ-20240624-CELL-033,B05,drive2_MFB-Disco-2,2025-10-02 - Toshiba EXT (Backup)\CELL OBSERVER\HLF-5ngTGF-B-uptake\M-HLF-LP-4h-10x-6.czi,,,8dbc92b66e064a02a27b9817302c88c904991ad0546c655c4d6b6067823d92fd,Y,,
ACQ-20240624-CELL-034,B05,drive2_MFB-Disco-2,2025-10-02 - Toshiba EXT (Backup)\CELL OBSERVER\HLF-5ngTGF-B-uptake\M-HLF-LP-4h-10x-7.czi,,,385ec63cbb0bd184b93e343f27fe9f99260a46541512416b77bb697d4746f355,Y,,
ACQ-20240624-CELL-035,B05,drive2_MFB-Disco-2,2025-10-02 - Toshiba EXT (Backup)\CELL OBSERVER\HLF-5ngTGF-B-uptake\M-HLF-LP-4h-10x-8.czi,,,4263f714122075cb5020e67465cf97959b6fd6f153819cdc3997dc55ebf6da3b,Y,,
ACQ-20240624-CELL-036,B05,drive2_MFB-Disco-2,2025-10-02 - Toshiba EXT (Backup)\CELL OBSERVER\HLF-5ngTGF-B-uptake\M-HLF-LP-4h-10x-9.czi,,,5ffdc472f3407df117e1d40f20e94e95093e84d2cb35fcaf4564dbbe5f0d60e3,Y,,
ACQ-20240624-CELL-037,B05,drive2_MFB-Disco-2,2025-10-02 - Toshiba EXT (Backup)\CELL OBSERVER\HLF-5ngTGF-B-uptake\M-HLF-LPNP-24h-10x-1.czi,,,3731ff77b5ddfbfc62f7e3525ef270561c1170aacf4fb8b33a769bc78f6108fa,Y,,
ACQ-20240624-CELL-038,B05,drive2_MFB-Disco-2,2025-10-02 - Toshiba EXT (Backup)\CELL OBSERVER\HLF-5ngTGF-B-uptake\M-HLF-LPNP-24h-10x-10.czi,,,baf5cb3f776b484170e8039e1fb5659409da63189dd991db75d76e48d5012355,Y,,
ACQ-20240624-CELL-039,B05,drive2_MFB-Disco-2,2025-10-02 - Toshiba EXT (Backup)\CELL OBSERVER\HLF-5ngTGF-B-uptake\M-HLF-LPNP-24h-10x-2.czi,,,663e1ade6a82b47fa7632d96a022cf9028e3a70b9d499d1076f828b38e328fc6,Y,,
ACQ-20240624-CELL-040,B05,drive2_MFB-Disco-2,2025-10-02 - Toshiba EXT (Backup)\CELL OBSERVER\HLF-5ngTGF-B-uptake\M-HLF-LPNP-24h-10x-3.czi,,,5defcb69b9264b62ad99868d99df0e0827b875f6db2a83c53c3d5aa43d2bef36,Y,,
ACQ-20240624-CELL-041,B05,drive2_MFB-Disco-2,2025-10-02 - Toshiba EXT (Backup)\CELL OBSERVER\HLF-5ngTGF-B-uptake\M-HLF-LPNP-24h-10x-4.czi,,,ff9a4b3fab62365c43bd1ec09223b4269472e2040c55bff4fba39adf5ff0c279,Y,,
ACQ-20240624-CELL-042,B05,drive2_MFB-Disco-2,2025-10-02 - Toshiba EXT (Backup)\CELL OBSERVER\HLF-5ngTGF-B-uptake\M-HLF-LPNP-24h-10x-5.czi,,,b6c705c3ae63fccb9b938330f3566dc00ee3e8ed40b493d85cd69dbc686e95ce,Y,,
ACQ-20240624-CELL-043,B05,drive2_MFB-Disco-2,2025-10-02 - Toshiba EXT (Backup)\CELL OBSERVER\HLF-5ngTGF-B-uptake\M-HLF-LPNP-24h-10x-6.czi,,,806dc450b2b090c4199c0be0f29c24aafe84999cbf430763b7391cbb675a9dd4,Y,,
ACQ-20240624-CELL-044,B05,drive2_MFB-Disco-2,2025-10-02 - Toshiba EXT (Backup)\CELL OBSERVER\HLF-5ngTGF-B-uptake\M-HLF-LPNP-24h-10x-7.czi,,,d62b56ad5dd4c4835eff4b2e3cdf33efdaeb8d656e6f488774e3bdbd9edec960,Y,,
ACQ-20240624-CELL-045,B05,drive2_MFB-Disco-2,2025-10-02 - Toshiba EXT (Backup)\CELL OBSERVER\HLF-5ngTGF-B-uptake\M-HLF-LPNP-24h-10x-8.czi,,,2ddf59806e515934b43cfab4f3c86d8963a7589c443838f304d515f52eb43d10,Y,,
ACQ-20240624-CELL-046,B05,drive2_MFB-Disco-2,2025-10-02 - Toshiba EXT (Backup)\CELL OBSERVER\HLF-5ngTGF-B-uptake\M-HLF-LPNP-24h-10x-9.czi,,,ed6d44afd2a6c2d086e4758f29674c3dca37990126ade016042a92510f94ba95,Y,,
ACQ-20240624-CELL-047,B05,drive2_MFB-Disco-2,2025-10-02 - Toshiba EXT (Backup)\CELL OBSERVER\HLF-5ngTGF-B-uptake\M-HLF-LPNP-48h-10x-1.czi,,,aba01bf9269fa3e4a7f616d2a76990a971d9c4fca278ab593806240bd75a92ad,Y,,
ACQ-20240624-CELL-048,B05,drive2_MFB-Disco-2,2025-10-02 - Toshiba EXT (Backup)\CELL OBSERVER\HLF-5ngTGF-B-uptake\M-HLF-LPNP-48h-10x-10.czi,,,fede47b3cf4d03c08c7035c5157ba45b2c906755db82019caa5718b57b4b7038,Y,,
ACQ-20240624-CELL-049,B05,drive2_MFB-Disco-2,2025-10-02 - Toshiba EXT (Backup)\CELL OBSERVER\HLF-5ngTGF-B-uptake\M-HLF-LPNP-48h-10x-11.czi,,,c70fa463e55cc5301f5fd5022d0b82abc5340e35decb2d7c64f67597c800fd2a,Y,,
ACQ-20240624-CELL-050,B05,drive2_MFB-Disco-2,2025-10-02 - Toshiba EXT (Backup)\CELL OBSERVER\HLF-5ngTGF-B-uptake\M-HLF-LPNP-48h-10x-2.czi,,,a9d4bdbcb22923ca4383201b635003922fd4a5a4acaef8ccfa89dfb28911a77b,Y,,
ACQ-20240624-CELL-051,B05,drive2_MFB-Disco-2,2025-10-02 - Toshiba EXT (Backup)\CELL OBSERVER\HLF-5ngTGF-B-uptake\M-HLF-LPNP-48h-10x-3.czi,,,d309b5680d84d01b7f6f804fae729df9d393831f8c5aa0453b1e5c72f8b00539,Y,,
ACQ-20240624-CELL-052,B05,drive2_MFB-Disco-2,2025-10-02 - Toshiba EXT (Backup)\CELL OBSERVER\HLF-5ngTGF-B-uptake\M-HLF-LPNP-48h-10x-4.czi,,,a5cfa72220c94e27982233d5acdb8a2ca322641c4ee447adf356c6be337efa8d,Y,,
ACQ-20240624-CELL-053,B05,drive2_MFB-Disco-2,2025-10-02 - Toshiba EXT (Backup)\CELL OBSERVER\HLF-5ngTGF-B-uptake\M-HLF-LPNP-48h-10x-5.czi,,,b2960c0cf12ff5236c969719fe438c19803bf08ae5d97da7714316cd0eb62f11,Y,,
ACQ-20240624-CELL-054,B05,drive2_MFB-Disco-2,2025-10-02 - Toshiba EXT (Backup)\CELL OBSERVER\HLF-5ngTGF-B-uptake\M-HLF-LPNP-48h-10x-6.czi,,,ec317fe2f9ab7aa30005042af16c9aeebe0ca0a49d05d4155c67eb31d97d7d19,Y,,
ACQ-20240624-CELL-055,B05,drive2_MFB-Disco-2,2025-10-02 - Toshiba EXT (Backup)\CELL OBSERVER\HLF-5ngTGF-B-uptake\M-HLF-LPNP-48h-10x-7.czi,,,a3699c1a583500ceb0605402ce935b57d046d62d1fd501e65a6a07818bfb0bfa,Y,,
ACQ-20240624-CELL-056,B05,drive2_MFB-Disco-2,2025-10-02 - Toshiba EXT (Backup)\CELL OBSERVER\HLF-5ngTGF-B-uptake\M-HLF-LPNP-48h-10x-8.czi,,,960b440d16ac23ac1c331688ad13d9f4d1adc2c73f0af45c3d6167d3ff243632,Y,,
ACQ-20240624-CELL-057,B05,drive2_MFB-Disco-2,2025-10-02 - Toshiba EXT (Backup)\CELL OBSERVER\HLF-5ngTGF-B-uptake\M-HLF-LPNP-48h-10x-9.czi,,,f2cb048239f2daa23ed03781a50552e58d503d1bbda91657b438d553a7c9ffe0,Y,,
ACQ-20240624-CELL-058,B05,drive2_MFB-Disco-2,2025-10-02 - Toshiba EXT (Backup)\CELL OBSERVER\HLF-5ngTGF-B-uptake\M-HLF-LPNP-4h-10x-1.czi,,,9d5b2ad3303a9e047d19f7befb5dc0ec0eafab907be889e7db80c5e87ef44b0a,Y,,
ACQ-20240624-CELL-059,B05,drive2_MFB-Disco-2,2025-10-02 - Toshiba EXT (Backup)\CELL OBSERVER\HLF-5ngTGF-B-uptake\M-HLF-LPNP-4h-10x-10.czi,,,b42d1e97137776d0fb1bdad2972d09872ad5c597a5e9d92f545bb23f129ec475,Y,,
ACQ-20240624-CELL-060,B05,drive2_MFB-Disco-2,2025-10-02 - Toshiba EXT (Backup)\CELL OBSERVER\HLF-5ngTGF-B-uptake\M-HLF-LPNP-4h-10x-11.czi,,,c5144233d833e67b41bd0fb7718058abef91c35072f5a08119772b6ef0dc8178,Y,,
ACQ-20240624-CELL-061,B05,drive2_MFB-Disco-2,2025-10-02 - Toshiba EXT (Backup)\CELL OBSERVER\HLF-5ngTGF-B-uptake\M-HLF-LPNP-4h-10x-2.czi,,,9b5cbdf7bc26c228d3d73611ba4a954143b04724bdd185dcf1b9cdccf62201d0,Y,,
ACQ-20240624-CELL-062,B05,drive2_MFB-Disco-2,2025-10-02 - Toshiba EXT (Backup)\CELL OBSERVER\HLF-5ngTGF-B-uptake\M-HLF-LPNP-4h-10x-3.czi,,,e24e09dd9b8e684b5c47e74d0d119d483bbdd4923804a6dd27a734c94bc5db2a,Y,,
ACQ-20240624-CELL-063,B05,drive2_MFB-Disco-2,2025-10-02 - Toshiba EXT (Backup)\CELL OBSERVER\HLF-5ngTGF-B-uptake\M-HLF-LPNP-4h-10x-4.czi,,,5f376aa27e6eade0e0f51b14d1f25bc10072366730be2c7f6f87bee9ce149313,Y,,
ACQ-20240624-CELL-064,B05,drive2_MFB-Disco-2,2025-10-02 - Toshiba EXT (Backup)\CELL OBSERVER\HLF-5ngTGF-B-uptake\M-HLF-LPNP-4h-10x-5.czi,,,d75b23e8e29eed6183b2832c551fa957ce8f0e46a82c63207656738ada3cc37f,Y,,
ACQ-20240624-CELL-065,B05,drive2_MFB-Disco-2,2025-10-02 - Toshiba EXT (Backup)\CELL OBSERVER\HLF-5ngTGF-B-uptake\M-HLF-LPNP-4h-10x-6.czi,,,a4788ba445dd9438f7b667b0c69687482f9ecd3ba21f788322e0054e5013aa79,Y,,
ACQ-20240624-CELL-066,B05,drive2_MFB-Disco-2,2025-10-02 - Toshiba EXT (Backup)\CELL OBSERVER\HLF-5ngTGF-B-uptake\M-HLF-LPNP-4h-10x-7.czi,,,a82d1282ef5cd3adcdaec71ab25afca4296d8982861627ac563c21c12f49d6cc,Y,,
ACQ-20240624-CELL-067,B05,drive2_MFB-Disco-2,2025-10-02 - Toshiba EXT (Backup)\CELL OBSERVER\HLF-5ngTGF-B-uptake\M-HLF-LPNP-4h-10x-8.czi,,,19c1dc9e568bd3a97a16c120c84305e4c6d33801f76b3bc03f8ee51191f52481,Y,,
ACQ-20240624-CELL-068,B05,drive2_MFB-Disco-2,2025-10-02 - Toshiba EXT (Backup)\CELL OBSERVER\HLF-5ngTGF-B-uptake\M-HLF-LPNP-4h-10x-9.czi,,,d6fa8506a15dd9c6fccbc76ad1a471fa2c26be5f4a33aa8f8d668ed51b610273,Y,,
ACQ-20240624-CELL-069,B05,drive2_MFB-Disco-2,2025-10-02 - Toshiba EXT (Backup)\CELL OBSERVER\HLF-5ngTGF-B-uptake\M-HLF-LS-24h-10x-1.czi,,,c95cc23edfbf9fc490f60f7ad8f709135fb750d8390cd4005f5bcf9f24565145,Y,,
ACQ-20240624-CELL-070,B05,drive2_MFB-Disco-2,2025-10-02 - Toshiba EXT (Backup)\CELL OBSERVER\HLF-5ngTGF-B-uptake\M-HLF-LS-24h-10x-10.czi,,,6939159e3e73a4b5d57087cc67d87202f7ef61b044276fdb83f8206898dd903c,Y,,
ACQ-20240624-CELL-071,B05,drive2_MFB-Disco-2,2025-10-02 - Toshiba EXT (Backup)\CELL OBSERVER\HLF-5ngTGF-B-uptake\M-HLF-LS-24h-10x-2.czi,,,f6a92aaefd5281f78c087d1e34b8d2153791b2aa420da30e1bffcaa71546c78b,Y,,
ACQ-20240624-CELL-072,B05,drive2_MFB-Disco-2,2025-10-02 - Toshiba EXT (Backup)\CELL OBSERVER\HLF-5ngTGF-B-uptake\M-HLF-LS-24h-10x-3.czi,,,a6475e7f109df1abef7a4dbea1759a053af2cc79bb3027ca91cf4eb29959b0e5,Y,,
ACQ-20240624-CELL-073,B05,drive2_MFB-Disco-2,2025-10-02 - Toshiba EXT (Backup)\CELL OBSERVER\HLF-5ngTGF-B-uptake\M-HLF-LS-24h-10x-4.czi,,,717ae7aa7952d447b30ac00cf7f297966d6b9f089fe27641b77c1ad874ca77dc,Y,,
ACQ-20240624-CELL-074,B05,drive2_MFB-Disco-2,2025-10-02 - Toshiba EXT (Backup)\CELL OBSERVER\HLF-5ngTGF-B-uptake\M-HLF-LS-24h-10x-5.czi,,,cc351814d87f7aee4f1c3c40a211afc70517aba7da73c2f9ee1ac1d0b5e00716,Y,,
ACQ-20240624-CELL-075,B05,drive2_MFB-Disco-2,2025-10-02 - Toshiba EXT (Backup)\CELL OBSERVER\HLF-5ngTGF-B-uptake\M-HLF-LS-24h-10x-6.czi,,,eec8c9000780444d01b1ea9fe018d47e1fa9195f5ec135b99d86d00a3c5ba99e,Y,,
ACQ-20240624-CELL-076,B05,drive2_MFB-Disco-2,2025-10-02 - Toshiba EXT (Backup)\CELL OBSERVER\HLF-5ngTGF-B-uptake\M-HLF-LS-24h-10x-7.czi,,,e5adf7c703fb28e0ca3aa40efa8c0de1b8ba15caa02b6c72d59b36397c9719a1,Y,,
ACQ-20240624-CELL-077,B05,drive2_MFB-Disco-2,2025-10-02 - Toshiba EXT (Backup)\CELL OBSERVER\HLF-5ngTGF-B-uptake\M-HLF-LS-24h-10x-8.czi,,,e0b4305c2f1a3bf4ec8c593aa28f785083939bf80c3c2b61b2822fa7fa7b8b32,Y,,
ACQ-20240624-CELL-078,B05,drive2_MFB-Disco-2,2025-10-02 - Toshiba EXT (Backup)\CELL OBSERVER\HLF-5ngTGF-B-uptake\M-HLF-LS-24h-10x-9.czi,,,62824050ac8bf4dc287fc7f7450e522c53a6b18eb76645fcec2d933c0a291cd8,Y,,
ACQ-20240624-CELL-079,B05,drive2_MFB-Disco-2,2025-10-02 - Toshiba EXT (Backup)\CELL OBSERVER\HLF-5ngTGF-B-uptake\M-HLF-LS-48h-10x-1.czi,,,38a6f8b59363fc046b97061d816ac12d48789633502cf3a2fc8e747c0cb8b511,Y,,
ACQ-20240624-CELL-080,B05,drive2_MFB-Disco-2,2025-10-02 - Toshiba EXT (Backup)\CELL OBSERVER\HLF-5ngTGF-B-uptake\M-HLF-LS-48h-10x-10.czi,,,e255945bbe858cccec8e818c4428c7dd455cc54cda06335d966df87ce886e114,Y,,
ACQ-20240624-CELL-081,B05,drive2_MFB-Disco-2,2025-10-02 - Toshiba EXT (Backup)\CELL OBSERVER\HLF-5ngTGF-B-uptake\M-HLF-LS-48h-10x-2.czi,,,f11780e3e46a51643ac8aa392a34dc83d5980882f38ee13697bbb324a95c6be4,Y,,
ACQ-20240624-CELL-082,B05,drive2_MFB-Disco-2,2025-10-02 - Toshiba EXT (Backup)\CELL OBSERVER\HLF-5ngTGF-B-uptake\M-HLF-LS-48h-10x-3.czi,,,a3c0882d7d160a576c593daa912741fe407f27aac4c7795a632e223ff4be887d,Y,,
ACQ-20240624-CELL-083,B05,drive2_MFB-Disco-2,2025-10-02 - Toshiba EXT (Backup)\CELL OBSERVER\HLF-5ngTGF-B-uptake\M-HLF-LS-48h-10x-4.czi,,,54f02b7423b091109e00dfc65c87b7d39870e32c6d23fb08c04d63facc073953,Y,,
ACQ-20240624-CELL-084,B05,drive2_MFB-Disco-2,2025-10-02 - Toshiba EXT (Backup)\CELL OBSERVER\HLF-5ngTGF-B-uptake\M-HLF-LS-48h-10x-5.czi,,,0a85086ad87238dd23fd796bfaadf341b38a7dee2990b4255f61f31087ca159b,Y,,
ACQ-20240624-CELL-085,B05,drive2_MFB-Disco-2,2025-10-02 - Toshiba EXT (Backup)\CELL OBSERVER\HLF-5ngTGF-B-uptake\M-HLF-LS-48h-10x-6.czi,,,a5d0d3e28da1829920c6ccd8af4f2e795c73de2d27eea525ae9e09f965bc6a2f,Y,,
ACQ-20240624-CELL-086,B05,drive2_MFB-Disco-2,2025-10-02 - Toshiba EXT (Backup)\CELL OBSERVER\HLF-5ngTGF-B-uptake\M-HLF-LS-48h-10x-7.czi,,,61847538f8011cc9b0d9d00302429948a061c140dacf0c1f1ac47159d2dbf7f2,Y,,
ACQ-20240624-CELL-087,B05,drive2_MFB-Disco-2,2025-10-02 - Toshiba EXT (Backup)\CELL OBSERVER\HLF-5ngTGF-B-uptake\M-HLF-LS-48h-10x-8.czi,,,1686441c853890596664f69ab10cf632451cdfabf6cbd5d036e3bf93a08e660d,Y,,
ACQ-20240624-CELL-088,B05,drive2_MFB-Disco-2,2025-10-02 - Toshiba EXT (Backup)\CELL OBSERVER\HLF-5ngTGF-B-uptake\M-HLF-LS-48h-10x-9.czi,,,a3bd0ebe2a4e6aa2f882c7ee515f92ba4eb00d47c2ab5f22e7f82ea8154d112a,Y,,
ACQ-20240624-CELL-089,B05,drive2_MFB-Disco-2,2025-10-02 - Toshiba EXT (Backup)\CELL OBSERVER\HLF-5ngTGF-B-uptake\M-HLF-LS-4h-10x-1.czi,,,4277bb91e48ea2997f4673b62b19547b1f7574e65b35711e851ea7942d6f9c5d,Y,,
ACQ-20240624-CELL-090,B05,drive2_MFB-Disco-2,2025-10-02 - Toshiba EXT (Backup)\CELL OBSERVER\HLF-5ngTGF-B-uptake\M-HLF-LS-4h-10x-10.czi,,,29d53530d94dff7b23c5e9782b7b7db5ebfb5541c1678f65fb8642acca3a71b3,Y,,
ACQ-20240624-CELL-091,B05,drive2_MFB-Disco-2,2025-10-02 - Toshiba EXT (Backup)\CELL OBSERVER\HLF-5ngTGF-B-uptake\M-HLF-LS-4h-10x-2.czi,,,963b66989521e64910c8bcb547be054f01f8fc9a53910baeae6f42e0b5c9f499,Y,,
ACQ-20240624-CELL-092,B05,drive2_MFB-Disco-2,2025-10-02 - Toshiba EXT (Backup)\CELL OBSERVER\HLF-5ngTGF-B-uptake\M-HLF-LS-4h-10x-3.czi,,,f30ae00ce71287251653538dcd2fbb50b6880fa3de65cd7e3d5c0d59764b36d0,Y,,
ACQ-20240624-CELL-093,B05,drive2_MFB-Disco-2,2025-10-02 - Toshiba EXT (Backup)\CELL OBSERVER\HLF-5ngTGF-B-uptake\M-HLF-LS-4h-10x-4.czi,,,5b62c15c8d9972a9419994fee20d086a00b1542e251bf0674f969286cb19843b,Y,,
ACQ-20240624-CELL-094,B05,drive2_MFB-Disco-2,2025-10-02 - Toshiba EXT (Backup)\CELL OBSERVER\HLF-5ngTGF-B-uptake\M-HLF-LS-4h-10x-5.czi,,,3d60e80e622dd95ee2f811f21f25846021dec0724166a8f493d0e78e3ff39be2,Y,,
ACQ-20240624-CELL-095,B05,drive2_MFB-Disco-2,2025-10-02 - Toshiba EXT (Backup)\CELL OBSERVER\HLF-5ngTGF-B-uptake\M-HLF-LS-4h-10x-6.czi,,,4e0df574744fbe2edf79036c1b4f3d08239ceb040996a6bac1922c3ba4eed04d,Y,,
ACQ-20240624-CELL-096,B05,drive2_MFB-Disco-2,2025-10-02 - Toshiba EXT (Backup)\CELL OBSERVER\HLF-5ngTGF-B-uptake\M-HLF-LS-4h-10x-7.czi,,,81c3984f1eed9e5693ac84bac347868d7e9ea79ef429a13b986a21b77c693ab0,Y,,
ACQ-20240624-CELL-097,B05,drive2_MFB-Disco-2,2025-10-02 - Toshiba EXT (Backup)\CELL OBSERVER\HLF-5ngTGF-B-uptake\M-HLF-LS-4h-10x-8.czi,,,deba3a6f1b8a4232e672943d50f690ee7de4eeaec9a84d68d6325cf8651452ac,Y,,
ACQ-20240624-CELL-098,B05,drive2_MFB-Disco-2,2025-10-02 - Toshiba EXT (Backup)\CELL OBSERVER\HLF-5ngTGF-B-uptake\M-HLF-LS-4h-10x-9.czi,,,b9b060928a9d6301bd054c3ec9e097d76b4db83332755de99c595c1cf03c12d6,Y,,
ACQ-20240624-CELL-099,B05,drive2_MFB-Disco-2,2025-10-02 - Toshiba EXT (Backup)\CELL OBSERVER\HLF-uptake\Control-10x-1.czi,,,114a5555456681bbcc1e49ada36f39d18d39fa6dcc4c8c0b4eedf9009995cbed,Y,,
ACQ-20240624-CELL-100,B05,drive2_MFB-Disco-2,2025-10-02 - Toshiba EXT (Backup)\CELL OBSERVER\HLF-uptake\Control-10x-2.czi,,,5e1bccfe517f7f5f62a7f510e1febd22f18a7e3e98fa6a737a03410d129688a4,Y,,
ACQ-20240624-CELL-101,B05,drive2_MFB-Disco-2,2025-10-02 - Toshiba EXT (Backup)\CELL OBSERVER\HLF-uptake\Control-10x-3.czi,,,9e167ed23a1015106867b2c15090e443c268ac5d86b056705556d7a58d3cf3fd,Y,,
ACQ-20240624-CELL-102,B05,drive2_MFB-Disco-2,2025-10-02 - Toshiba EXT (Backup)\CELL OBSERVER\HLF-uptake\Control-10x-4.czi,,,e42e24bbb658fa586b35f3c48949f2dc65fa3017cb7fad7cca4f0bebbeca1dff,Y,,
ACQ-20240624-CELL-103,B05,drive2_MFB-Disco-2,2025-10-02 - Toshiba EXT (Backup)\CELL OBSERVER\HLF-uptake\Control-10x-5.czi,,,6775665f5552d913ee2785a884cda2003225441d90b918aef797a89bfc46bf79,Y,,
ACQ-20240624-CELL-104,B05,drive2_MFB-Disco-2,2025-10-02 - Toshiba EXT (Backup)\CELL OBSERVER\HLF-uptake\HLF-LP-24h-10x-1.czi,,,1a568bf5853e626713a92d6661ad7f23c1e5e9a3c34546a04d3e44994bbd1cdb,Y,,
ACQ-20240624-CELL-105,B05,drive2_MFB-Disco-2,2025-10-02 - Toshiba EXT (Backup)\CELL OBSERVER\HLF-uptake\HLF-LP-24h-10x-10.czi,,,291ecb8dbb8588af4a5dc0d62c30e1f3fe5b4e5b29a055e40b8a845e6522eb84,Y,,
ACQ-20240624-CELL-106,B05,drive2_MFB-Disco-2,2025-10-02 - Toshiba EXT (Backup)\CELL OBSERVER\HLF-uptake\HLF-LP-24h-10x-2.czi,,,4f50530f916f309129ccdacf94051e17458a64db85a7610c42a2caba5de69730,Y,,
ACQ-20240624-CELL-107,B05,drive2_MFB-Disco-2,2025-10-02 - Toshiba EXT (Backup)\CELL OBSERVER\HLF-uptake\HLF-LP-24h-10x-3.czi,,,a112cf0aab33ed3302ec49963580ee7f54c726f2dc6722bb119b50f2d2a797d1,Y,,
ACQ-20240624-CELL-108,B05,drive2_MFB-Disco-2,2025-10-02 - Toshiba EXT (Backup)\CELL OBSERVER\HLF-uptake\HLF-LP-24h-10x-4.czi,,,ea8be6a887c94cad335a2ef37b72f4b23d6aae5692e46c5d21421b43eb27cba4,Y,,
ACQ-20240624-CELL-109,B05,drive2_MFB-Disco-2,2025-10-02 - Toshiba EXT (Backup)\CELL OBSERVER\HLF-uptake\HLF-LP-24h-10x-5.czi,,,08ddd8e4abd4b2a72b22756378eb3990744e5c33db1571dc61fec98600ffa733,Y,,
ACQ-20240624-CELL-110,B05,drive2_MFB-Disco-2,2025-10-02 - Toshiba EXT (Backup)\CELL OBSERVER\HLF-uptake\HLF-LP-24h-10x-6.czi,,,ba9c31046840c0e45f61062f00b2f504505879be51d64f91cd1628ed75759380,Y,,
ACQ-20240624-CELL-111,B05,drive2_MFB-Disco-2,2025-10-02 - Toshiba EXT (Backup)\CELL OBSERVER\HLF-uptake\HLF-LP-24h-10x-7.czi,,,41059f34e1fed4791fc7ab2449ac349f42b3a3984bdab1c3a53cbac27d4f9819,Y,,
ACQ-20240624-CELL-112,B05,drive2_MFB-Disco-2,2025-10-02 - Toshiba EXT (Backup)\CELL OBSERVER\HLF-uptake\HLF-LP-24h-10x-8.czi,,,f9efc493e6773e72aa4d2693d75286b7aac314f64f0684643a9c27725870c175,Y,,
ACQ-20240624-CELL-113,B05,drive2_MFB-Disco-2,2025-10-02 - Toshiba EXT (Backup)\CELL OBSERVER\HLF-uptake\HLF-LP-24h-10x-9.czi,,,43836d6e3beda12a869864be632672b81ff7933d073fc0c3ba2a53396969b6fc,Y,,
ACQ-20240624-CELL-114,B05,drive2_MFB-Disco-2,2025-10-02 - Toshiba EXT (Backup)\CELL OBSERVER\HLF-uptake\HLF-LP-48h-10x-1.czi,,,8970ec507ef3252b1a45901c90b79710ab6d2fcb280a077415c0e19f6a0f128a,Y,,
ACQ-20240624-CELL-115,B05,drive2_MFB-Disco-2,2025-10-02 - Toshiba EXT (Backup)\CELL OBSERVER\HLF-uptake\HLF-LP-48h-10x-10.czi,,,af6494f509e3d36be099da31fd1fe52c24e2d0d279a8886555eae42cc2b2501b,Y,,
ACQ-20240624-CELL-116,B05,drive2_MFB-Disco-2,2025-10-02 - Toshiba EXT (Backup)\CELL OBSERVER\HLF-uptake\HLF-LP-48h-10x-2.czi,,,9511466a8939f6d69a9c64d5203a49c44017a5fe9dfdaef0cdbc3dd419690596,Y,,
ACQ-20240624-CELL-117,B05,drive2_MFB-Disco-2,2025-10-02 - Toshiba EXT (Backup)\CELL OBSERVER\HLF-uptake\HLF-LP-48h-10x-3.czi,,,038918f5f7f73bd4e84022f64a0828a70af36c18014db9915d86d5cb80f4971d,Y,,
ACQ-20240624-CELL-118,B05,drive2_MFB-Disco-2,2025-10-02 - Toshiba EXT (Backup)\CELL OBSERVER\HLF-uptake\HLF-LP-48h-10x-4.czi,,,32ae69d70328f0ce1acee6fdc09312cda5dfc21b3162a2efb0e766034f35d6b7,Y,,
ACQ-20240624-CELL-119,B05,drive2_MFB-Disco-2,2025-10-02 - Toshiba EXT (Backup)\CELL OBSERVER\HLF-uptake\HLF-LP-48h-10x-5.czi,,,0f6715d4c4ef6f9bdbff6d2fa4ee7810cdc808ee59a21ffd78a57e1c19a02780,Y,,
ACQ-20240624-CELL-120,B05,drive2_MFB-Disco-2,2025-10-02 - Toshiba EXT (Backup)\CELL OBSERVER\HLF-uptake\HLF-LP-48h-10x-6.czi,,,deb2ca28ca5c76e4f22cba017330b04ba0bbdbeff849c326cfd9cd2db012685a,Y,,
ACQ-20240624-CELL-121,B05,drive2_MFB-Disco-2,2025-10-02 - Toshiba EXT (Backup)\CELL OBSERVER\HLF-uptake\HLF-LP-48h-10x-7.czi,,,218cc855bebd374482717dd34202df6f03058f8833bf7df08958d6bd5bceda75,Y,,
ACQ-20240624-CELL-122,B05,drive2_MFB-Disco-2,2025-10-02 - Toshiba EXT (Backup)\CELL OBSERVER\HLF-uptake\HLF-LP-48h-10x-8.czi,,,4f2503ffde63b4a1cf8175e2d059ad8b14a652b3d7af3f5dbf8e3ce2982073f7,Y,,
ACQ-20240624-CELL-123,B05,drive2_MFB-Disco-2,2025-10-02 - Toshiba EXT (Backup)\CELL OBSERVER\HLF-uptake\HLF-LP-48h-10x-9.czi,,,fb29a7fbe5bf092aaa813308b8a9870677a89dd9e8bee0bc52a2d874e6ec087a,Y,,
ACQ-20240624-CELL-124,B05,drive2_MFB-Disco-2,2025-10-02 - Toshiba EXT (Backup)\CELL OBSERVER\HLF-uptake\HLF-LP-4h-10x-1.czi,,,3c560f902472d1ff0ff9838eb5ae8499338ab1d03c54ba82f366e33f3eebe084,Y,,
ACQ-20240624-CELL-125,B05,drive2_MFB-Disco-2,2025-10-02 - Toshiba EXT (Backup)\CELL OBSERVER\HLF-uptake\HLF-LP-4h-10x-10.czi,,,779188802730f0f766a2784d312699c346cacf5e2af41f2ab91047f93604ddbd,Y,,
ACQ-20240624-CELL-126,B05,drive2_MFB-Disco-2,2025-10-02 - Toshiba EXT (Backup)\CELL OBSERVER\HLF-uptake\HLF-LP-4h-10x-2.czi,,,929ac761728e67d7448a10ebfefa9c135d20bc27073b4984960fe52fdadea65a,Y,,
ACQ-20240624-CELL-127,B05,drive2_MFB-Disco-2,2025-10-02 - Toshiba EXT (Backup)\CELL OBSERVER\HLF-uptake\HLF-LP-4h-10x-3.czi,,,91f2de44d11795526a318de24eb612bf568aae1b003efcee61740c736354e254,Y,,
ACQ-20240624-CELL-128,B05,drive2_MFB-Disco-2,2025-10-02 - Toshiba EXT (Backup)\CELL OBSERVER\HLF-uptake\HLF-LP-4h-10x-4.czi,,,2ebc1e13cf611151164f892e3b54a6e90c5dca3005a79a86dd9f37e74dcb11f9,Y,,
ACQ-20240624-CELL-129,B05,drive2_MFB-Disco-2,2025-10-02 - Toshiba EXT (Backup)\CELL OBSERVER\HLF-uptake\HLF-LP-4h-10x-5.czi,,,b8c1c0ba6c986843cdc38316b235ab92a0c5f6fc91f47e102de02a3c9f7e60aa,Y,,
ACQ-20240624-CELL-130,B05,drive2_MFB-Disco-2,2025-10-02 - Toshiba EXT (Backup)\CELL OBSERVER\HLF-uptake\HLF-LP-4h-10x-6.czi,,,1c442e1660990ba863539cc4fe145076e49bae72d883c23219d4a155fe55498a,Y,,
ACQ-20240624-CELL-131,B05,drive2_MFB-Disco-2,2025-10-02 - Toshiba EXT (Backup)\CELL OBSERVER\HLF-uptake\HLF-LP-4h-10x-7.czi,,,b16c99cdd8a253ce5f1e1f7fb3cadb493602cef020c88a86813b4fe32b6138aa,Y,,
ACQ-20240624-CELL-132,B05,drive2_MFB-Disco-2,2025-10-02 - Toshiba EXT (Backup)\CELL OBSERVER\HLF-uptake\HLF-LP-4h-10x-8.czi,,,eb5a8d1edd1f175273416c40370ea21bca103591da255283095a712427589e4a,Y,,
ACQ-20240624-CELL-133,B05,drive2_MFB-Disco-2,2025-10-02 - Toshiba EXT (Backup)\CELL OBSERVER\HLF-uptake\HLF-LP-4h-10x-9.czi,,,e7d863cace3d0170085f3aae81a9ad656af6e5239fcf793d429494498f9b6666,Y,,
ACQ-20240624-CELL-134,B05,drive2_MFB-Disco-2,2025-10-02 - Toshiba EXT (Backup)\CELL OBSERVER\HLF-uptake\HLF-LS-24h-10x-1.czi,,,c841eb24c659fa7c091b92e501adf65e1936b99698f3f9412e151fcada4012d3,Y,,
ACQ-20240624-CELL-135,B05,drive2_MFB-Disco-2,2025-10-02 - Toshiba EXT (Backup)\CELL OBSERVER\HLF-uptake\HLF-LS-24h-10x-10.czi,,,2af055259c6015a1d4860597b7aa938b50a8e95794528589c2445484de1b05b4,Y,,
ACQ-20240624-CELL-136,B05,drive2_MFB-Disco-2,2025-10-02 - Toshiba EXT (Backup)\CELL OBSERVER\HLF-uptake\HLF-LS-24h-10x-2.czi,,,92c1fb4dd908f8046f39d138aa020c2dad89ec6de80dcadad679e415fb0162aa,Y,,
ACQ-20240624-CELL-137,B05,drive2_MFB-Disco-2,2025-10-02 - Toshiba EXT (Backup)\CELL OBSERVER\HLF-uptake\HLF-LS-24h-10x-3.czi,,,bde8ba7db45e99ee200bb41c15e5f0a3a825435841a28e15d2b07355422a3d80,Y,,
ACQ-20240624-CELL-138,B05,drive2_MFB-Disco-2,2025-10-02 - Toshiba EXT (Backup)\CELL OBSERVER\HLF-uptake\HLF-LS-24h-10x-4.czi,,,2233da8fe3fd05c2b314d1e719c7e0105cf3e7f131cf6aa995bc58d620481861,Y,,
ACQ-20240624-CELL-139,B05,drive2_MFB-Disco-2,2025-10-02 - Toshiba EXT (Backup)\CELL OBSERVER\HLF-uptake\HLF-LS-24h-10x-5.czi,,,32eb96faade1100c9e0758139c11021bc787929177d09ca63c43025e47f21b48,Y,,
ACQ-20240624-CELL-140,B05,drive2_MFB-Disco-2,2025-10-02 - Toshiba EXT (Backup)\CELL OBSERVER\HLF-uptake\HLF-LS-24h-10x-6.czi,,,433161e27db5a23069abf239a3dfc1cfc915a55aceabe5a85633b9f29d8be382,Y,,
ACQ-20240624-CELL-141,B05,drive2_MFB-Disco-2,2025-10-02 - Toshiba EXT (Backup)\CELL OBSERVER\HLF-uptake\HLF-LS-24h-10x-7.czi,,,fec6d6110f58e5c39e94428287c619e7d4570eb04c9b5ec147c4dba20ad4a560,Y,,
ACQ-20240624-CELL-142,B05,drive2_MFB-Disco-2,2025-10-02 - Toshiba EXT (Backup)\CELL OBSERVER\HLF-uptake\HLF-LS-24h-10x-8.czi,,,2fb6f5e52e8f4e0377b3e8a2c17f1b063b1b6694eb45c5817d5ef719643125b5,Y,,
ACQ-20240624-CELL-143,B05,drive2_MFB-Disco-2,2025-10-02 - Toshiba EXT (Backup)\CELL OBSERVER\HLF-uptake\HLF-LS-24h-10x-9.czi,,,dcbb2ed0d0092fcee250258139b05377e37952695b87d6273f1a2f98261a527d,Y,,
ACQ-20240624-CELL-144,B05,drive2_MFB-Disco-2,2025-10-02 - Toshiba EXT (Backup)\CELL OBSERVER\HLF-uptake\HLF-LS-48h-10x-1.czi,,,ab9e22558c311cac48de8b0cf1c7a953c398646d6f6b80db4aa37e48d5027190,Y,,
ACQ-20240624-CELL-145,B05,drive2_MFB-Disco-2,2025-10-02 - Toshiba EXT (Backup)\CELL OBSERVER\HLF-uptake\HLF-LS-48h-10x-10.czi,,,c262806af241fdc0f37cf65dd35d61f46e0ccb9e13a6bd7c50e73fd8502e8a04,Y,,
ACQ-20240624-CELL-146,B05,drive2_MFB-Disco-2,2025-10-02 - Toshiba EXT (Backup)\CELL OBSERVER\HLF-uptake\HLF-LS-48h-10x-2.czi,,,86a12eb009e43e09a76297a167d72aced10353cfd39ca30e76eea32aa679fd48,Y,,
ACQ-20240624-CELL-147,B05,drive2_MFB-Disco-2,2025-10-02 - Toshiba EXT (Backup)\CELL OBSERVER\HLF-uptake\HLF-LS-48h-10x-3.czi,,,6078a994b017f2f84bc88983f2cf9110501a854c5ef0651e9a83397b4d99add9,Y,,
ACQ-20240624-CELL-148,B05,drive2_MFB-Disco-2,2025-10-02 - Toshiba EXT (Backup)\CELL OBSERVER\HLF-uptake\HLF-LS-48h-10x-4.czi,,,6ec00d25e8e4181e52c98c4c50e24573cf0df1d1d2b6d6de5bbea2fe8b6820c6,Y,,
ACQ-20240624-CELL-149,B05,drive2_MFB-Disco-2,2025-10-02 - Toshiba EXT (Backup)\CELL OBSERVER\HLF-uptake\HLF-LS-48h-10x-5.czi,,,737487b9a848d7576fd68720e3f1538527f1b4b79daa0360079da6de923ad276,Y,,
ACQ-20240624-CELL-150,B05,drive2_MFB-Disco-2,2025-10-02 - Toshiba EXT (Backup)\CELL OBSERVER\HLF-uptake\HLF-LS-48h-10x-6.czi,,,9c272b38dc826597d5de8d21f7ee53e2e5735ea13b5f2256fbba9c4b9e418eee,Y,,
ACQ-20240624-CELL-151,B05,drive2_MFB-Disco-2,2025-10-02 - Toshiba EXT (Backup)\CELL OBSERVER\HLF-uptake\HLF-LS-48h-10x-7.czi,,,e2d7fc6275100267d5ef7dd8ff7f8ac83b4a5965c76dc637ad42f7b4d76ba2b1,Y,,
ACQ-20240624-CELL-152,B05,drive2_MFB-Disco-2,2025-10-02 - Toshiba EXT (Backup)\CELL OBSERVER\HLF-uptake\HLF-LS-48h-10x-8.czi,,,df518aa36febfa71ff5664549151e237e285d6ea225b234fffddc3924d85a8d4,Y,,
ACQ-20240624-CELL-153,B05,drive2_MFB-Disco-2,2025-10-02 - Toshiba EXT (Backup)\CELL OBSERVER\HLF-uptake\HLF-LS-48h-10x-9.czi,,,9c5f6d1e58dd523f2fdd31edda0aad4f44e0d005d7058c09cdefd607a2940b36,Y,,
ACQ-20240624-CELL-154,B05,drive2_MFB-Disco-2,2025-10-02 - Toshiba EXT (Backup)\CELL OBSERVER\HLF-uptake\HLF-LS-4h-10x-.czi,,,605c865eca5ce8ec39ade267cbd55816e2a305cba5c617e16acbb4e2cf2cf523,Y,,
ACQ-20240624-CELL-155,B05,drive2_MFB-Disco-2,2025-10-02 - Toshiba EXT (Backup)\CELL OBSERVER\HLF-uptake\HLF-LS-4h-10x-1.czi,,,098d33240cf8e702e812ade9d8c3616b2110f21e8b6ecbbc7e886a9e6265703b,Y,,
ACQ-20240624-CELL-156,B05,drive2_MFB-Disco-2,2025-10-02 - Toshiba EXT (Backup)\CELL OBSERVER\HLF-uptake\HLF-LS-4h-10x-10.czi,,,eeefb83388e2f74cc35dfa3592a7376ca89788351335e0bd2430da508e6e8501,Y,,
ACQ-20240624-CELL-157,B05,drive2_MFB-Disco-2,2025-10-02 - Toshiba EXT (Backup)\CELL OBSERVER\HLF-uptake\HLF-LS-4h-10x-2.czi,,,9d1ec0e558affecd1368dec21c58c0032d7287380bcf6b948fe35806e08d590a,Y,,
ACQ-20240624-CELL-158,B05,drive2_MFB-Disco-2,2025-10-02 - Toshiba EXT (Backup)\CELL OBSERVER\HLF-uptake\HLF-LS-4h-10x-3.czi,,,c8fde7d1c674d62e21ba338505f4067b62c39273a9af540867e22519c061f6ba,Y,,
ACQ-20240624-CELL-159,B05,drive2_MFB-Disco-2,2025-10-02 - Toshiba EXT (Backup)\CELL OBSERVER\HLF-uptake\HLF-LS-4h-10x-5.czi,,,4c0f3bb3989264a7ff16ec18be0fb03f644497d24c0419200ccb7e7add9b587b,Y,,
ACQ-20240624-CELL-160,B05,drive2_MFB-Disco-2,2025-10-02 - Toshiba EXT (Backup)\CELL OBSERVER\HLF-uptake\HLF-LS-4h-10x-6.czi,,,fa06cbe648406c0518f9aaf142f07a4fa9e6fcdf787cbcc80524fd2ef67791f1,Y,,
ACQ-20240624-CELL-161,B05,drive2_MFB-Disco-2,2025-10-02 - Toshiba EXT (Backup)\CELL OBSERVER\HLF-uptake\HLF-LS-4h-10x-7.czi,,,edd267bba625ea63b74c4581b735f1605131184aa26507c16335336f0d600a04,Y,,
ACQ-20240624-CELL-162,B05,drive2_MFB-Disco-2,2025-10-02 - Toshiba EXT (Backup)\CELL OBSERVER\HLF-uptake\HLF-LS-4h-10x-8.czi,,,f67708c9beda2fbb5f5bfe3ebd1e3c0fcdffee0b3782c8706874e8483d1e0760,Y,,
ACQ-20240624-CELL-163,B05,drive2_MFB-Disco-2,2025-10-02 - Toshiba EXT (Backup)\CELL OBSERVER\HLF-uptake\HLF-LS-4h-10x-9.czi,,,390157d4007c1f320c1bebb0b5d4afa45c312a0a89bfd0659171e0ca1d62fdca,Y,,
ACQ-20240624-CELL-164,B05,drive2_MFB-Disco-2,2025-10-02 - Toshiba EXT (Backup)\CELL OBSERVER\HLF-uptake\HLF-LSNP-24h-10x-1.czi,,,d452cd8fbe01fa8c9f8e34f6b1d421e5008e800792bfd7225b669cb15bbcd177,Y,,
ACQ-20240624-CELL-165,B05,drive2_MFB-Disco-2,2025-10-02 - Toshiba EXT (Backup)\CELL OBSERVER\HLF-uptake\HLF-LSNP-24h-10x-10.czi,,,20a085b17ce49cd786a2de38154eecc6cc0de95e9859810d6a1d3f53b2503d18,Y,,
ACQ-20240624-CELL-166,B05,drive2_MFB-Disco-2,2025-10-02 - Toshiba EXT (Backup)\CELL OBSERVER\HLF-uptake\HLF-LSNP-24h-10x-2.czi,,,e5c8712d62a3761d91190873998c1f40838f50d53563491a433a87c074cf3944,Y,,
ACQ-20240624-CELL-167,B05,drive2_MFB-Disco-2,2025-10-02 - Toshiba EXT (Backup)\CELL OBSERVER\HLF-uptake\HLF-LSNP-24h-10x-3.czi,,,2ff76f385c78af373fd1050fd8a7b9109effaebe4b2c6d61978338c9488b0d37,Y,,
ACQ-20240624-CELL-168,B05,drive2_MFB-Disco-2,2025-10-02 - Toshiba EXT (Backup)\CELL OBSERVER\HLF-uptake\HLF-LSNP-24h-10x-4.czi,,,a154e0e79641fefd590b1065874ad8a09f34c25602494fa47bbda644ef958ed6,Y,,
ACQ-20240624-CELL-169,B05,drive2_MFB-Disco-2,2025-10-02 - Toshiba EXT (Backup)\CELL OBSERVER\HLF-uptake\HLF-LSNP-24h-10x-5.czi,,,c26886c5b9cc12b0e7beff42b894057566a7555295418c7640b3c2401e260399,Y,,
ACQ-20240624-CELL-170,B05,drive2_MFB-Disco-2,2025-10-02 - Toshiba EXT (Backup)\CELL OBSERVER\HLF-uptake\HLF-LSNP-24h-10x-6.czi,,,00486e659c76802379842322658fdc49281a09a94cbe3b1f1665d3f1225da874,Y,,
ACQ-20240624-CELL-171,B05,drive2_MFB-Disco-2,2025-10-02 - Toshiba EXT (Backup)\CELL OBSERVER\HLF-uptake\HLF-LSNP-24h-10x-7.czi,,,3d83a9e3107dd61d27ac201cd659b6d82f7487e074326d1f295223131a0dd08e,Y,,
ACQ-20240624-CELL-172,B05,drive2_MFB-Disco-2,2025-10-02 - Toshiba EXT (Backup)\CELL OBSERVER\HLF-uptake\HLF-LSNP-24h-10x-8.czi,,,92c708f7fb0acf60f39bc2c7ea2b06dcf105ba0a25037513de9fafb5cd357ac5,Y,,
ACQ-20240624-CELL-173,B05,drive2_MFB-Disco-2,2025-10-02 - Toshiba EXT (Backup)\CELL OBSERVER\HLF-uptake\HLF-LSNP-24h-10x-9.czi,,,01f22a698fed5d559e2b4ad8b5bccab850c9adb9eda64c692bc784358c7c4855,Y,,
ACQ-20240624-CELL-174,B05,drive2_MFB-Disco-2,2025-10-02 - Toshiba EXT (Backup)\CELL OBSERVER\HLF-uptake\HLF-LSNP-48h-10x-1.czi,,,e364cc751a275d425a38e3ed4461865ede8af586ebb67fdb080440041426036b,Y,,
ACQ-20240624-CELL-175,B05,drive2_MFB-Disco-2,2025-10-02 - Toshiba EXT (Backup)\CELL OBSERVER\HLF-uptake\HLF-LSNP-48h-10x-10.czi,,,2791b0237d7d5fbb2f66ab9395e1c8e57a1679df6d547f78856ef09f7753416f,Y,,
ACQ-20240624-CELL-176,B05,drive2_MFB-Disco-2,2025-10-02 - Toshiba EXT (Backup)\CELL OBSERVER\HLF-uptake\HLF-LSNP-48h-10x-2.czi,,,1709f7098594f3c6aad8e8c009b018a6602e61b3b6893a08b173b6a5cd782c03,Y,,
ACQ-20240624-CELL-177,B05,drive2_MFB-Disco-2,2025-10-02 - Toshiba EXT (Backup)\CELL OBSERVER\HLF-uptake\HLF-LSNP-48h-10x-3.czi,,,5a1deb1c0f42cebfc718ef08d74d86f89f96afaa32575fbe0c3ad1a993219ef9,Y,,
ACQ-20240624-CELL-178,B05,drive2_MFB-Disco-2,2025-10-02 - Toshiba EXT (Backup)\CELL OBSERVER\HLF-uptake\HLF-LSNP-48h-10x-4.czi,,,a740ab9b20593dfddba711d29395ef7d64df3871d2345fb457fd50f17ff17710,Y,,
ACQ-20240624-CELL-179,B05,drive2_MFB-Disco-2,2025-10-02 - Toshiba EXT (Backup)\CELL OBSERVER\HLF-uptake\HLF-LSNP-48h-10x-5.czi,,,1af861c6f18658df5dbc49136c4369d8940ae4a3db23bd27d988166d899c7b1c,Y,,
ACQ-20240624-CELL-180,B05,drive2_MFB-Disco-2,2025-10-02 - Toshiba EXT (Backup)\CELL OBSERVER\HLF-uptake\HLF-LSNP-48h-10x-6.czi,,,b9131521701864c662a7525d2fcfc0382deccd195f785d70bbbe7500cedfeb5e,Y,,
ACQ-20240624-CELL-181,B05,drive2_MFB-Disco-2,2025-10-02 - Toshiba EXT (Backup)\CELL OBSERVER\HLF-uptake\HLF-LSNP-48h-10x-7.czi,,,d941f8b877f93b1d028343bb6ccde4dfd43fd0a7a69c241d0e93145246248477,Y,,
ACQ-20240624-CELL-182,B05,drive2_MFB-Disco-2,2025-10-02 - Toshiba EXT (Backup)\CELL OBSERVER\HLF-uptake\HLF-LSNP-48h-10x-8.czi,,,384640bcb99abc66b614f32222db0f9a4f7f6561944048f6477223789c41ad19,Y,,
ACQ-20240624-CELL-183,B05,drive2_MFB-Disco-2,2025-10-02 - Toshiba EXT (Backup)\CELL OBSERVER\HLF-uptake\HLF-LSNP-48h-10x-9.czi,,,3a88317e229ccb77fd1768a81be6d83480e9027c799e99af92416ef23333b0a1,Y,,
ACQ-20240624-CELL-184,B05,drive2_MFB-Disco-2,2025-10-02 - Toshiba EXT (Backup)\CELL OBSERVER\HLF-uptake\HLF-LSNP-4h-10x-1.czi,,,8a66a943d369f812644111fbdbe4b7bc1ec8d4f22d47151bc417d8bd20d9083e,Y,,
ACQ-20240624-CELL-185,B05,drive2_MFB-Disco-2,2025-10-02 - Toshiba EXT (Backup)\CELL OBSERVER\HLF-uptake\HLF-LSNP-4h-10x-10.czi,,,5db49c4b2094e22440afce53d2a1853bb469053295d66ffd1fe13c7d45bec6c7,Y,,
ACQ-20240624-CELL-186,B05,drive2_MFB-Disco-2,2025-10-02 - Toshiba EXT (Backup)\CELL OBSERVER\HLF-uptake\HLF-LSNP-4h-10x-2.czi,,,90eb5aa7b3eac7c0c6341c3ac15ef53100b27b4589ada70e7207a54416806c83,Y,,
ACQ-20240624-CELL-187,B05,drive2_MFB-Disco-2,2025-10-02 - Toshiba EXT (Backup)\CELL OBSERVER\HLF-uptake\HLF-LSNP-4h-10x-3.czi,,,471d58793beed7851ffcec10ac7ec82844bcf41615cb29321280557add272815,Y,,
ACQ-20240624-CELL-188,B05,drive2_MFB-Disco-2,2025-10-02 - Toshiba EXT (Backup)\CELL OBSERVER\HLF-uptake\HLF-LSNP-4h-10x-4.czi,,,dfefd34341d3cfba13224956428ceda2e369a78e418e97ab8ed261dd638f78a3,Y,,
ACQ-20240624-CELL-189,B05,drive2_MFB-Disco-2,2025-10-02 - Toshiba EXT (Backup)\CELL OBSERVER\HLF-uptake\HLF-LSNP-4h-10x-5.czi,,,516d3df979881da51b68b03bae00f5ecd2fb7ae67a966218a99ccc5d513401c7,Y,,
ACQ-20240624-CELL-190,B05,drive2_MFB-Disco-2,2025-10-02 - Toshiba EXT (Backup)\CELL OBSERVER\HLF-uptake\HLF-LSNP-4h-10x-6.czi,,,fbe9ead355681b57cad80298578bbba8e39f268dc1557b502aa071d991f85bbc,Y,,
ACQ-20240624-CELL-191,B05,drive2_MFB-Disco-2,2025-10-02 - Toshiba EXT (Backup)\CELL OBSERVER\HLF-uptake\HLF-LSNP-4h-10x-7.czi,,,1613407cc450ae5952abd9aa3358988c601b931f43358cc3121ead833acd8e5f,Y,,
ACQ-20240624-CELL-192,B05,drive2_MFB-Disco-2,2025-10-02 - Toshiba EXT (Backup)\CELL OBSERVER\HLF-uptake\HLF-LSNP-4h-10x-8.czi,,,a1685d45485697880165eb7cbd5dbd6783fa4013b73a69861a0d12520d20c58a,Y,,
ACQ-20240624-CELL-193,B05,drive2_MFB-Disco-2,2025-10-02 - Toshiba EXT (Backup)\CELL OBSERVER\HLF-uptake\HLF-LSNP-4h-10x-9.czi,,,3c3c20fa4313368df990a039c2cbf7c730e92a54965dabf4a3b37179e93e6bf2,Y,,
ACQ-20240626-CELL-001,B05,drive2_MFB-Disco-2,2025-10-02 - Toshiba EXT (Backup)\CELL OBSERVER\Herida\LauraFM.czi,,,f49cfdcc478635553c318d4dd42959cc916a225cfeb4b0a8107834bda3d1c28c,Y,,
ACQ-20240626-CELL-002,B05,drive2_MFB-Disco-2,2025-10-02 - Toshiba EXT (Backup)\CELL OBSERVER\Herida\Medio-sin-FBS-1-Stitching-03.czi,,,ec823e9d63029b4e9c2da83a220eb3cd9b2645f6a8119b2bfdc748a4e98c8f5e,Y,,
ACQ-20240626-CELL-003,B05,drive2_MFB-Disco-2,2025-10-02 - Toshiba EXT (Backup)\CELL OBSERVER\Herida\Medio-sin-FBS-1.czi,,,cb6c3dc91cc2963c3b3ffef529d0edfd0013f3add04ed1bda19ae184d8c31321,Y,,
ACQ-20240626-CELL-004,B05,drive2_MFB-Disco-2,2025-10-02 - Toshiba EXT (Backup)\CELL OBSERVER\Herida\Medio-sin-FBS-2-Stitching-04.czi,,,5854801177b0f7b63ca1feeeb7e0128e801e0311d8d639f84706b7d98136834e,Y,,
ACQ-20240626-CELL-005,B05,drive2_MFB-Disco-2,2025-10-02 - Toshiba EXT (Backup)\CELL OBSERVER\Herida\Medio-sin-FBS-2.czi,,,0917882df5aef623975c5f706201df92dc2bda32d9bc1aa05e2d04ce8d8a7de4,Y,,
ACQ-20240626-CELL-006,B05,drive2_MFB-Disco-2,2025-10-02 - Toshiba EXT (Backup)\CELL OBSERVER\Herida\Medio-tgfB-1-Stitching-05.czi,,,4ee80d98f1ef5098a267bf1819b5b24f6747c15ef846ae16e838e8c867aa7864,Y,,
ACQ-20240626-CELL-007,B05,drive2_MFB-Disco-2,2025-10-02 - Toshiba EXT (Backup)\CELL OBSERVER\Herida\Medio-tgfB-1.czi,,,328e2c65babd03f42033e004e9697667cb7d42a716490eaadb3d068c55d2a543,Y,,
ACQ-20240626-CELL-008,B05,drive2_MFB-Disco-2,2025-10-02 - Toshiba EXT (Backup)\CELL OBSERVER\Herida\Medio-tgfB-2-Stitching-06.czi,,,769501aa39dccb58e2d8fb14510023dc895b42065ed9fe08e04dcc737f4a98a7,Y,,
ACQ-20240626-CELL-009,B05,drive2_MFB-Disco-2,2025-10-02 - Toshiba EXT (Backup)\CELL OBSERVER\Herida\Medio-tgfB-2.czi,,,a7d5401033ceac949aca62d2aaaf98fd4e6d12acc0b0bb5f902faceb254f052b,Y,,
ACQ-20240626-CELL-010,B05,drive2_MFB-Disco-2,2025-10-02 - Toshiba EXT (Backup)\CELL OBSERVER\Herida\MedioCompleto-Stitching-01.czi,,,096250a806490004fc45e49483b454fa9ba95a1bbf8cf20138d8f65577811483,Y,,
ACQ-20240626-CELL-011,B05,drive2_MFB-Disco-2,2025-10-02 - Toshiba EXT (Backup)\CELL OBSERVER\Herida\MedioCompleto-Stitching-02.czi,,,6c8aef5414758097a92c7773a6d9bfe1c17072b56492d39205b1f61e0c74670e,Y,,
ACQ-20240626-CELL-012,B05,drive2_MFB-Disco-2,2025-10-02 - Toshiba EXT (Backup)\CELL OBSERVER\Herida\MedioCompleto.czi,,,394475257b86ac0b878d637f33cd378e1037846402a89f024fc3451d335095c0,Y,,
ACQ-20240626-CELL-013,B05,drive2_MFB-Disco-2,2025-10-02 - Toshiba EXT (Backup)\CELL OBSERVER\Herida\MedioCompleto2-t1-Stitching-02.czi,,,a3624fdf1d83e3c844d57e9fded0a16a90f2ffab4694cf3b61adf655a2427fda,Y,,
ACQ-20240626-CELL-014,B05,drive2_MFB-Disco-2,2025-10-02 - Toshiba EXT (Backup)\CELL OBSERVER\Herida\MedioCompleto2-t1.czi,,,31873f7b41fb1ba21714b83f993f3691e12a66a9c7fb6039cf5f8d59c4e6a493,Y,,
ACQ-20240626-CELL-015,B05,drive2_MFB-Disco-2,2025-10-02 - Toshiba EXT (Backup)\CELL OBSERVER\Herida\x1.4-0.01ug-.czi,,,9de2c723e31bb55982c6e8ded33bf27a98c4487ae52dcf42a44c3fa37e96ae1d,Y,,
ACQ-20240626-CELL-016,B05,drive2_MFB-Disco-2,2025-10-02 - Toshiba EXT (Backup)\CELL OBSERVER\Herida\x1.4-0.01ug-2.czi,,,ff5c87e81809dbb33bf04a03ab40a73bfb9d41827fba33594f1223fd9c9e3ec3,Y,,
ACQ-20240626-CELL-017,B05,drive2_MFB-Disco-2,2025-10-02 - Toshiba EXT (Backup)\CELL OBSERVER\Herida\x1.4-0.05ug-1.czi,,,a6815663b07f4f99b3d8863795c3c9b7c79284c1cad8b1cd0f6c1b27650fbb21,Y,,
ACQ-20240626-CELL-018,B05,drive2_MFB-Disco-2,2025-10-02 - Toshiba EXT (Backup)\CELL OBSERVER\Herida\x1.4-0.05ug-2.czi,,,12a873e4130fb6dfdcc227e212fc033c2a9e5b680aeda69cd0f5efc0b36a382a,Y,,
ACQ-20240626-CELL-019,B05,drive2_MFB-Disco-2,2025-10-02 - Toshiba EXT (Backup)\CELL OBSERVER\Herida\x1.8-0.01ug-1.czi,,,d33864a2c59748774aaae2bd9081aac34ae0f8784d35ab4cf4fd1f67a3eb9643,Y,,
ACQ-20240626-CELL-020,B05,drive2_MFB-Disco-2,2025-10-02 - Toshiba EXT (Backup)\CELL OBSERVER\Herida\x1.8-0.01ug-2.czi,,,6a42d8c5b371ec9e9ac61b1c0c17a0451ef174af3f0fad5daab74ca55ce763c5,Y,,
ACQ-20240626-CELL-021,B05,drive2_MFB-Disco-2,2025-10-02 - Toshiba EXT (Backup)\CELL OBSERVER\Herida\x1.8-0.05ug-1.czi,,,cd842ad77b05ed782e8756d7b19318b1a064ad0b36b38d76eccc9e822d69fbd0,Y,,
ACQ-20240626-CELL-022,B05,drive2_MFB-Disco-2,2025-10-02 - Toshiba EXT (Backup)\CELL OBSERVER\Herida\x1.8-0.05ug-2.czi,,,5d99f7b24884e974ddbf99b31a13de8f93c78639eaf597fdfbaf5087c15708ef,Y,,
ACQ-20240626-CELL-023,B05,drive2_MFB-Disco-2,2025-10-02 - Toshiba EXT (Backup)\CELL OBSERVER\Herida\x1_4-0_01ug--Stitching-07.czi,,,573a260a1e147318cc3fea88d5a62d98ad7e6ee2ff57503cab457ffaf6a80bfa,Y,,
ACQ-20240626-CELL-024,B05,drive2_MFB-Disco-2,2025-10-02 - Toshiba EXT (Backup)\CELL OBSERVER\Herida\x1_4-0_01ug-2-Stitching-08.czi,,,061787bcf86934dd5cf16dfb4faf46036c1bdb3de7a19244da4b6e9ff4fb37f3,Y,,
ACQ-20240626-CELL-025,B05,drive2_MFB-Disco-2,2025-10-02 - Toshiba EXT (Backup)\CELL OBSERVER\Herida\x1_4-0_05ug-1-Stitching-09.czi,,,0a3f71b99561aad59435da2381e04aa361a056ee3cf1ac5e66fc939da6263a95,Y,,
ACQ-20240626-CELL-026,B05,drive2_MFB-Disco-2,2025-10-02 - Toshiba EXT (Backup)\CELL OBSERVER\Herida\x1_4-0_05ug-2-Stitching-10.czi,,,20f17e04c68ea9bb278355fc8a200bf433647f814cf7987c167cd7ebb959ddea,Y,,
ACQ-20240626-CELL-027,B05,drive2_MFB-Disco-2,2025-10-02 - Toshiba EXT (Backup)\CELL OBSERVER\Herida\x1_8-0_01ug-1-Stitching-11.czi,,,b673e2a2b4cc09217de2b377c063399ea2576e013ec731c54442875d546275de,Y,,
ACQ-20240626-CELL-028,B05,drive2_MFB-Disco-2,2025-10-02 - Toshiba EXT (Backup)\CELL OBSERVER\Herida\x1_8-0_01ug-2-Stitching-12.czi,,,490295c6df53a448f38b79ccc4991381aef1802ef80b68756ccd98685b3e1e8b,Y,,
ACQ-20240626-CELL-029,B05,drive2_MFB-Disco-2,2025-10-02 - Toshiba EXT (Backup)\CELL OBSERVER\Herida\x1_8-0_05ug-1-Stitching-13.czi,,,8fc077419fd98a345bd7c7fb2e91477b0c4725ad27d051d7f53c9d674b9d0837,Y,,
ACQ-20240626-CELL-030,B05,drive2_MFB-Disco-2,2025-10-02 - Toshiba EXT (Backup)\CELL OBSERVER\Herida\x1_8-0_05ug-2-Stitching-14.czi,,,91b36d99d73b730b2ea9b0686bd016bb360990d05af3363bdd5aea1ea1029327,Y,,
ACQ-20240627-CELL-001,B05,drive2_MFB-Disco-2,2025-10-02 - Toshiba EXT (Backup)\CELL OBSERVER\Herida\Herida-27.06.24\2024-06-27\Imagenes\Medio-completo-2-Stitching-02.czi,,,c338e60260c0475b6ec63b9ab5df09569394193bf2aac7d4e813e0aba57b04c0,Y,,
ACQ-20240627-CELL-002,B05,drive2_MFB-Disco-2,2025-10-02 - Toshiba EXT (Backup)\CELL OBSERVER\Herida\Herida-27.06.24\2024-06-27\Imagenes\Medio-completo-2.czi,,,cd5f37cb7f420551d3c7249e00269e60b51251137b5c3490e5742937ba001b82,Y,,
ACQ-20240627-CELL-003,B05,drive2_MFB-Disco-2,2025-10-02 - Toshiba EXT (Backup)\CELL OBSERVER\Herida\Herida-27.06.24\2024-06-27\Imagenes\Medio-completo-Stitching-01.czi,,,367299f3b2b8e12dd93c7ee52f943ca7e0d5fbfc062f70e65d38a96b50cee657,Y,,
ACQ-20240627-CELL-004,B05,drive2_MFB-Disco-2,2025-10-02 - Toshiba EXT (Backup)\CELL OBSERVER\Herida\Herida-27.06.24\2024-06-27\Imagenes\Medio-completo.czi,,,566bab9258817bca6be842352ff78f89ac911e86f7f10fa5dbab916b71b91ae9,Y,,
ACQ-20240627-CELL-005,B05,drive2_MFB-Disco-2,2025-10-02 - Toshiba EXT (Backup)\CELL OBSERVER\Herida\Herida-27.06.24\2024-06-27\Imagenes\Medio-sin-FBS-1-Stitching-03.czi,,,38f56d394ac906b6267c2c86183ce19a3ce28b6295d62f59a9bdbf78d27f2340,Y,,
ACQ-20240627-CELL-006,B05,drive2_MFB-Disco-2,2025-10-02 - Toshiba EXT (Backup)\CELL OBSERVER\Herida\Herida-27.06.24\2024-06-27\Imagenes\Medio-sin-FBS-1.czi,,,6435122649402c2d724b3a96d5a4060ff51e90a5a55350b3912c44ba857ab129,Y,,
ACQ-20240627-CELL-007,B05,drive2_MFB-Disco-2,2025-10-02 - Toshiba EXT (Backup)\CELL OBSERVER\Herida\Herida-27.06.24\2024-06-27\Imagenes\Medio-sin-FBS-2-Stitching-04.czi,,,407be822afd78fa7f31a525a4edc1a9168dac117be605564e23c7b990828f353,Y,,
ACQ-20240627-CELL-008,B05,drive2_MFB-Disco-2,2025-10-02 - Toshiba EXT (Backup)\CELL OBSERVER\Herida\Herida-27.06.24\2024-06-27\Imagenes\Medio-sin-FBS-2.czi,,,fb5e9b40d286cb8401350d89a190e58f1b4574c3bd8322014534b032d79f1eb6,Y,,
ACQ-20240627-CELL-009,B05,drive2_MFB-Disco-2,2025-10-02 - Toshiba EXT (Backup)\CELL OBSERVER\Herida\Herida-27.06.24\2024-06-27\Imagenes\Medio-tgfB-1-Stitching-05.czi,,,141582edbcc218a314db0c2ddc2745aff0dca9b7021031dec6ee5557baba2eb0,Y,,
ACQ-20240627-CELL-010,B05,drive2_MFB-Disco-2,2025-10-02 - Toshiba EXT (Backup)\CELL OBSERVER\Herida\Herida-27.06.24\2024-06-27\Imagenes\Medio-tgfB-1.czi,,,4143bf7aa4218699b0e6667a59c382fa4ecf25f8a40866eec12744ca8b22cdf6,Y,,
ACQ-20240627-CELL-011,B05,drive2_MFB-Disco-2,2025-10-02 - Toshiba EXT (Backup)\CELL OBSERVER\Herida\Herida-27.06.24\2024-06-27\Imagenes\Medio-tgfB-2-Stitching-06.czi,,,d36cc47a04d69d210f167b65d07cee44f2fec661ddc4b434ccca67a586b891ac,Y,,
ACQ-20240627-CELL-012,B05,drive2_MFB-Disco-2,2025-10-02 - Toshiba EXT (Backup)\CELL OBSERVER\Herida\Herida-27.06.24\2024-06-27\Imagenes\Medio-tgfB-2.czi,,,fe0b8bd62039b395ac66d70e13d6c6d405ed141d48e893ea08a0d03ed4607ef6,Y,,
ACQ-20240627-CELL-013,B05,drive2_MFB-Disco-2,2025-10-02 - Toshiba EXT (Backup)\CELL OBSERVER\Herida\Herida-27.06.24\2024-06-27\Imagenes\x1.4-0.01-1.czi,,,b9d06c7f21e8b538f261891b7f4a567e529c356efb15a93dbe369cb6dfb68957,Y,,
ACQ-20240627-CELL-014,B05,drive2_MFB-Disco-2,2025-10-02 - Toshiba EXT (Backup)\CELL OBSERVER\Herida\Herida-27.06.24\2024-06-27\Imagenes\x1.4-0.01-2.czi,,,d4da651de70b9b34caf790eed0ec6123ce0ddf887386db9057688a9352fb84ac,Y,,
ACQ-20240627-CELL-015,B05,drive2_MFB-Disco-2,2025-10-02 - Toshiba EXT (Backup)\CELL OBSERVER\Herida\Herida-27.06.24\2024-06-27\Imagenes\x1.4-0.05-1.czi,,,87e8078f83f82e622408088a6606333b4019a716a4771fb2d3b17d5258e47fb6,Y,,
ACQ-20240627-CELL-016,B05,drive2_MFB-Disco-2,2025-10-02 - Toshiba EXT (Backup)\CELL OBSERVER\Herida\Herida-27.06.24\2024-06-27\Imagenes\x1.4-0.05-2.czi,,,8862e3b835a42815335aaa8131dad23757e9aba85e1e3fe824f89a72d38dfe76,Y,,
ACQ-20240627-CELL-017,B05,drive2_MFB-Disco-2,2025-10-02 - Toshiba EXT (Backup)\CELL OBSERVER\Herida\Herida-27.06.24\2024-06-27\Imagenes\x1.8-0.01-1.czi,,,c260c73b35560946152d4401863c1f0640334f59adbe6529629dd607a5351a78,Y,,
ACQ-20240627-CELL-018,B05,drive2_MFB-Disco-2,2025-10-02 - Toshiba EXT (Backup)\CELL OBSERVER\Herida\Herida-27.06.24\2024-06-27\Imagenes\x1.8-0.01-2.czi,,,d908a858d5c2bdd69033777eab5ff799efd399934d0b1ec2790e786f5ca56a35,Y,,
ACQ-20240627-CELL-019,B05,drive2_MFB-Disco-2,2025-10-02 - Toshiba EXT (Backup)\CELL OBSERVER\Herida\Herida-27.06.24\2024-06-27\Imagenes\x1.8-0.05-1.czi,,,c7f82c64aa572087236416bf851bcbf38516196214aa687f4976a75d31498d5f,Y,,
ACQ-20240627-CELL-020,B05,drive2_MFB-Disco-2,2025-10-02 - Toshiba EXT (Backup)\CELL OBSERVER\Herida\Herida-27.06.24\2024-06-27\Imagenes\x1.8-0.05-2.czi,,,b0842d118fad2db102ca05b281436f027f84dcd0f00b9865a382f7f2dfc87711,Y,,
ACQ-20240627-CELL-021,B05,drive2_MFB-Disco-2,2025-10-02 - Toshiba EXT (Backup)\CELL OBSERVER\Herida\Herida-27.06.24\2024-06-27\Imagenes\x1_4-0_01-1-Stitching-07.czi,,,6785fef41356447b8ccca4269586abfa53b4a8f60d9b9dce970c9cd2f503ba7a,Y,,
ACQ-20240627-CELL-022,B05,drive2_MFB-Disco-2,2025-10-02 - Toshiba EXT (Backup)\CELL OBSERVER\Herida\Herida-27.06.24\2024-06-27\Imagenes\x1_4-0_01-2-Stitching-08.czi,,,cc45faecbd46b3ab585216d180257d13f67954157edddb831b09755c962c6b6e,Y,,
ACQ-20240627-CELL-023,B05,drive2_MFB-Disco-2,2025-10-02 - Toshiba EXT (Backup)\CELL OBSERVER\Herida\Herida-27.06.24\2024-06-27\Imagenes\x1_4-0_05-1-Stitching-09.czi,,,52ef20b09e9eb087fdf0a5de38068b25db54f83b2a4179b809d8f0af61d391d8,Y,,
ACQ-20240627-CELL-024,B05,drive2_MFB-Disco-2,2025-10-02 - Toshiba EXT (Backup)\CELL OBSERVER\Herida\Herida-27.06.24\2024-06-27\Imagenes\x1_4-0_05-2-Stitching-10.czi,,,df1390418e73e51aace75225121cf828eb9adcbc50b3cc8a2315f280884179b8,Y,,
ACQ-20240627-CELL-025,B05,drive2_MFB-Disco-2,2025-10-02 - Toshiba EXT (Backup)\CELL OBSERVER\Herida\Herida-27.06.24\2024-06-27\Imagenes\x1_8-0_01-1-Stitching-11.czi,,,3a7b7c25b04a2f4a51b423050a549adfb1b10fcd0d14fd781ad7d53597d5ad15,Y,,
ACQ-20240627-CELL-026,B05,drive2_MFB-Disco-2,2025-10-02 - Toshiba EXT (Backup)\CELL OBSERVER\Herida\Herida-27.06.24\2024-06-27\Imagenes\x1_8-0_01-2-Stitching-12.czi,,,e0a8c537704ecb3152a3fb14960230d410010dd35fbe0cad5048f874b9884d49,Y,,
ACQ-20240627-CELL-027,B05,drive2_MFB-Disco-2,2025-10-02 - Toshiba EXT (Backup)\CELL OBSERVER\Herida\Herida-27.06.24\2024-06-27\Imagenes\x1_8-0_05-1-Stitching-13.czi,,,722eb033e2380230c1db08bf7f9e4bfa3ef28b87b1d5675f60a1cee80a3d81e1,Y,,
ACQ-20240627-CELL-028,B05,drive2_MFB-Disco-2,2025-10-02 - Toshiba EXT (Backup)\CELL OBSERVER\Herida\Herida-27.06.24\2024-06-27\Imagenes\x1_8-0_05-2-Stitching-14.czi,,,2db3925599b763bb2d3d67f54eb70ca127c6ba0ade71cd40b21a542c320d3d22,Y,,
ACQ-20240627-CELL-029,B05,drive2_MFB-Disco-2,2025-10-02 - Toshiba EXT (Backup)\CELL OBSERVER\Herida\Herida-27.06.24\2024-06-27\LauraFM-02.czi,,,6d1e016c7186fa7432f9bb701fc8e52c0a5b12f00b24e531ab8ffa9d606a7dcb,Y,,
ACQ-20240627-CELL-030,B05,drive2_MFB-Disco-2,2025-10-02 - Toshiba EXT (Backup)\CELL OBSERVER\Herida\Herida-27.06.24\2024-06-27\LauraFM-03.czi,,,0c11823bb7f2807cba7e6489a0d2c91826bb32fa728cb3897add28fdec09848d,Y,,
ACQ-20240627-CELL-031,B05,drive2_MFB-Disco-2,2025-10-02 - Toshiba EXT (Backup)\CELL OBSERVER\Herida\Herida-27.06.24\2024-06-27\LauraFM-04.czi,,,342b1cfbec2d569d234b18075b96e5af233782f843e8de9a6f7eb587c1d1a37b,Y,,
ACQ-20240627-CELL-032,B05,drive2_MFB-Disco-2,2025-10-02 - Toshiba EXT (Backup)\CELL OBSERVER\Herida\Herida-27.06.24\2024-06-27\LauraFM-05.czi,,,b33cf078acd26aab299c4da07d3e2d32c72eb4ee8e147457d6f14a20cebb38e5,Y,,
ACQ-20240627-CELL-033,B05,drive2_MFB-Disco-2,2025-10-02 - Toshiba EXT (Backup)\CELL OBSERVER\Herida\Herida-27.06.24\2024-06-27\LauraFM-06.czi,,,d189955ef392688a6de9c041ff4f5c0697493d2090fee75d5132cba487cc48c3,Y,,
ACQ-20240627-CELL-034,B05,drive2_MFB-Disco-2,2025-10-02 - Toshiba EXT (Backup)\CELL OBSERVER\Herida\Herida-27.06.24\2024-06-27\LauraFM-07.czi,,,b332f858df4525e0eff4cf86b28e1635ded9f3c7684761fa60b5f1f7efcbc42e,Y,,
ACQ-20240627-CELL-035,B05,drive2_MFB-Disco-2,2025-10-02 - Toshiba EXT (Backup)\CELL OBSERVER\Herida\Herida-27.06.24\2024-06-27\LauraFM-08.czi,,,0d8fd39a425f414503d19332feeb01219c0fc35846d013dd2fd26a8b43782d02,Y,,
ACQ-20240627-CELL-036,B05,drive2_MFB-Disco-2,2025-10-02 - Toshiba EXT (Backup)\CELL OBSERVER\Herida\Herida-27.06.24\2024-06-27\LauraFM-09.czi,,,20d0d600bc2f3c98db649fdf1ab09cc586a9b5b8ac83041773db7cfdb6921a77,Y,,
ACQ-20240627-CELL-037,B05,drive2_MFB-Disco-2,2025-10-02 - Toshiba EXT (Backup)\CELL OBSERVER\Herida\Herida-27.06.24\2024-06-27\LauraFM-10.czi,,,c89b3facca4322ed097f59a0d0693db3f98bd1be225f81590aac0382aa499648,Y,,
ACQ-20240627-CELL-038,B05,drive2_MFB-Disco-2,2025-10-02 - Toshiba EXT (Backup)\CELL OBSERVER\Herida\Herida-27.06.24\2024-06-27\LauraFM-11.czi,,,408a05074f2e72f394b2b44e677984af7eb2778c631b7b67faeee766e38ae083,Y,,
ACQ-20240627-CELL-039,B05,drive2_MFB-Disco-2,2025-10-02 - Toshiba EXT (Backup)\CELL OBSERVER\Herida\Herida-27.06.24\2024-06-27\LauraFM-12.czi,,,f01c4218403c03e85885dc3e443b0404c87302b3b8a1a51d1163c0a50bf77e9d,Y,,
ACQ-20240627-CELL-040,B05,drive2_MFB-Disco-2,2025-10-02 - Toshiba EXT (Backup)\CELL OBSERVER\Herida\Herida-27.06.24\2024-06-27\LauraFM-13.czi,,,fd483a68bba43301b6229f91e8e85336645cd0246a4e02b9005d86bfbc0765b9,Y,,
ACQ-20240627-CELL-041,B05,drive2_MFB-Disco-2,2025-10-02 - Toshiba EXT (Backup)\CELL OBSERVER\Herida\Herida-27.06.24\2024-06-27\LauraFM-14.czi,,,d6856359bbc4170ca866f6ff356cc2dde0fb9c288092109d6f61b92ee25ebe94,Y,,
ACQ-20240627-CELL-042,B05,drive2_MFB-Disco-2,2025-10-02 - Toshiba EXT (Backup)\CELL OBSERVER\Herida\Herida-27.06.24\2024-06-27\LauraFM.czi,,,af0f4aecf72b23d78642a04823c583c6652f0be65b17dae82f40dc814e93b8e8,Y,,
ACQ-20240627-CELL-043,B05,drive2_MFB-Disco-2,2025-10-02 - Toshiba EXT (Backup)\CELL OBSERVER\ROS-27.06.24\LauraFM-02-Scene-01-P1-A1.czi,,,44d4616548cd98a88b27904de394a1c05890f0a045098343f20b069219ef85ff,Y,,
ACQ-20240627-CELL-044,B05,drive2_MFB-Disco-2,2025-10-02 - Toshiba EXT (Backup)\CELL OBSERVER\ROS-27.06.24\LauraFM-02-Scene-02-P1-A2.czi,,,1dd030a4de17599292495484721abeb3bbe49e2bb7b301770f2d54bf22b1ae62,Y,,
ACQ-20240627-CELL-045,B05,drive2_MFB-Disco-2,2025-10-02 - Toshiba EXT (Backup)\CELL OBSERVER\ROS-27.06.24\LauraFM-02-Scene-03-P1-A3.czi,,,e08e728ed99362daf7f0ab2901d44739bdb86641e9f9c4db938baeae40aeff4e,Y,,
ACQ-20240627-CELL-046,B05,drive2_MFB-Disco-2,2025-10-02 - Toshiba EXT (Backup)\CELL OBSERVER\ROS-27.06.24\LauraFM-02-Scene-04-P1-A4-SCALE.czi,,,44580c2ab05ad289c799b3a21c5bc2ad4a17db385081d5f0ed3af5a725e92855,Y,,
ACQ-20240627-CELL-047,B05,drive2_MFB-Disco-2,2025-10-02 - Toshiba EXT (Backup)\CELL OBSERVER\ROS-27.06.24\LauraFM-02-Scene-04-P1-A4.czi,,,54be9d188e45c1c31219ecd0fe446baa34cff2980a3a9e93e31aeb0a669b662e,Y,,
ACQ-20240627-CELL-048,B05,drive2_MFB-Disco-2,2025-10-02 - Toshiba EXT (Backup)\CELL OBSERVER\ROS-27.06.24\LauraFM-02-Scene-05-P1-A5.czi,,,79c7fde9a6da3914cf13337f2f9d662f5ef8165ac0f36b079abb9e666107f482,Y,,
ACQ-20240627-CELL-049,B05,drive2_MFB-Disco-2,2025-10-02 - Toshiba EXT (Backup)\CELL OBSERVER\ROS-27.06.24\LauraFM-02-Scene-06-P1-A6.czi,,,f6d7f78ee9ba2d69ce221078b301f050af10b9c663692053e558d02328a7a872,Y,,
ACQ-20240627-CELL-050,B05,drive2_MFB-Disco-2,2025-10-02 - Toshiba EXT (Backup)\CELL OBSERVER\ROS-27.06.24\LauraFM-02-Scene-07-P1-A7.czi,,,ca52bc61d225171b883bbe5f0ae7efdb24087cccbaa7002e8dd64a79a7fb7321,Y,,
ACQ-20240627-CELL-051,B05,drive2_MFB-Disco-2,2025-10-02 - Toshiba EXT (Backup)\CELL OBSERVER\ROS-27.06.24\LauraFM-02-Scene-08-P1-A8.czi,,,a281ced5561a93a3eadd014b394cf1797ef61c616f89c7c74390c00fd26f754d,Y,,
ACQ-20240627-CELL-052,B05,drive2_MFB-Disco-2,2025-10-02 - Toshiba EXT (Backup)\CELL OBSERVER\ROS-27.06.24\LauraFM-02-Scene-09-P1-B8.czi,,,2077bf2114f616dcc4a9a3bc8c21b83a95f7561cfdc78a52c6fe91e93cfdd9ab,Y,,
ACQ-20240627-CELL-053,B05,drive2_MFB-Disco-2,2025-10-02 - Toshiba EXT (Backup)\CELL OBSERVER\ROS-27.06.24\LauraFM-02-Scene-10-P1-B7.czi,,,a5ca93d21b716e2bce8535d649c79ca2b3bbbc4d2fde4c76c877a210d1a503ba,Y,,
ACQ-20240627-CELL-054,B05,drive2_MFB-Disco-2,2025-10-02 - Toshiba EXT (Backup)\CELL OBSERVER\ROS-27.06.24\LauraFM-02-Scene-11-P1-B6.czi,,,2d9dfd3c3ecbe2bf7e4fabb4ad650a2ef35e3a1d0c50e4bbb7f4c8e7970356d3,Y,,
ACQ-20240627-CELL-055,B05,drive2_MFB-Disco-2,2025-10-02 - Toshiba EXT (Backup)\CELL OBSERVER\ROS-27.06.24\LauraFM-02-Scene-12-P1-B5.czi,,,a2f04b5b40de90fd0020dffe1fd1c9edf045c4c288cdadfe1b8fc056ff26c488,Y,,
ACQ-20240627-CELL-056,B05,drive2_MFB-Disco-2,2025-10-02 - Toshiba EXT (Backup)\CELL OBSERVER\ROS-27.06.24\LauraFM-02-Scene-13-P1-B4.czi,,,580e9ee1a0e3e72225fcefd818848398323c0ab14c698825aaf20d312e7d38df,Y,,
ACQ-20240627-CELL-057,B05,drive2_MFB-Disco-2,2025-10-02 - Toshiba EXT (Backup)\CELL OBSERVER\ROS-27.06.24\LauraFM-02-Scene-14-P1-B3.czi,,,df28948b4b5af1f976d375819e864a1e02f3ee1ca042b43e15db27416e93c121,Y,,
ACQ-20240627-CELL-058,B05,drive2_MFB-Disco-2,2025-10-02 - Toshiba EXT (Backup)\CELL OBSERVER\ROS-27.06.24\LauraFM-02-Scene-15-P1-B2.czi,,,90966702ab5b010c38961237470a64bbda1a19bc088ebc0975f870bae82a6b12,Y,,
ACQ-20240627-CELL-059,B05,drive2_MFB-Disco-2,2025-10-02 - Toshiba EXT (Backup)\CELL OBSERVER\ROS-27.06.24\LauraFM-02-Scene-16-P1-B1.czi,,,15099999040b027a21c809da8b33ee39367125c9f6239559373f11c06a58f460,Y,,
ACQ-20240627-CELL-060,B05,drive2_MFB-Disco-2,2025-10-02 - Toshiba EXT (Backup)\CELL OBSERVER\ROS-27.06.24\LauraFM-02-Scene-17-P1-C1.czi,,,104a20d57f43998b8fe4964b97dffb529372b37b2705b9dad6d7f22429390626,Y,,
ACQ-20240627-CELL-061,B05,drive2_MFB-Disco-2,2025-10-02 - Toshiba EXT (Backup)\CELL OBSERVER\ROS-27.06.24\LauraFM-02-Scene-18-P1-C2.czi,,,3dfcb6731e235f6a7779c6b61268d962b7c766332f656a963dce2753f66ad67c,Y,,
ACQ-20240627-CELL-062,B05,drive2_MFB-Disco-2,2025-10-02 - Toshiba EXT (Backup)\CELL OBSERVER\ROS-27.06.24\LauraFM-02-Scene-19-P1-C3.czi,,,8442640e651fe962198c2409c562a52cad8238b3e2b62e57351253ce40a696d3,Y,,
ACQ-20240627-CELL-063,B05,drive2_MFB-Disco-2,2025-10-02 - Toshiba EXT (Backup)\CELL OBSERVER\ROS-27.06.24\LauraFM-02-Scene-20-P1-C4.czi,,,9e46382b0e891911f3da4dc51312a3e3107857b517daf48d6abf86fdf68a9d25,Y,,
ACQ-20240627-CELL-064,B05,drive2_MFB-Disco-2,2025-10-02 - Toshiba EXT (Backup)\CELL OBSERVER\ROS-27.06.24\LauraFM-02-Scene-21-P1-C5.czi,,,2b497a6d6ca3a225614a03e85ba8e9e20ed2e3c21bb9ff152d338431a3dc59dc,Y,,
ACQ-20240627-CELL-065,B05,drive2_MFB-Disco-2,2025-10-02 - Toshiba EXT (Backup)\CELL OBSERVER\ROS-27.06.24\LauraFM-02-Scene-22-P1-C6.czi,,,ba88238c1a621e1348a89288a7cca29c840515f4a6fe8fe5ead9100b13b6b403,Y,,
ACQ-20240627-CELL-066,B05,drive2_MFB-Disco-2,2025-10-02 - Toshiba EXT (Backup)\CELL OBSERVER\ROS-27.06.24\LauraFM-02-Scene-23-P1-C7.czi,,,949d645fbd9ec0669061dc364002fe3ec91cf301838329719defa68018f358e0,Y,,
ACQ-20240627-CELL-067,B05,drive2_MFB-Disco-2,2025-10-02 - Toshiba EXT (Backup)\CELL OBSERVER\ROS-27.06.24\LauraFM-02-Scene-24-P1-C8.czi,,,244bbdb406873ab073aa5c2b57301646fd844b684d89073c0d97129a57a3b9f2,Y,,
ACQ-20240627-CELL-068,B05,drive2_MFB-Disco-2,2025-10-02 - Toshiba EXT (Backup)\CELL OBSERVER\ROS-27.06.24\LauraFM-02-Scene-25-P1-D8.czi,,,7a3505b1dd05b46e8c6cb7fd532fae40a767419087fd57271cefa2b263d81fff,Y,,
ACQ-20240627-CELL-069,B05,drive2_MFB-Disco-2,2025-10-02 - Toshiba EXT (Backup)\CELL OBSERVER\ROS-27.06.24\LauraFM-02-Scene-26-P1-D7.czi,,,8b99bdf2d03199e4f44fdbdd20b7a76fe8986e537e8efc1d8d18ddf67ccca162,Y,,
ACQ-20240627-CELL-070,B05,drive2_MFB-Disco-2,2025-10-02 - Toshiba EXT (Backup)\CELL OBSERVER\ROS-27.06.24\LauraFM-02-Scene-27-P1-D6.czi,,,89b9dfc997240969a9513152d6de648557e3be10ef13f7cc140b742e004182fd,Y,,
ACQ-20240627-CELL-071,B05,drive2_MFB-Disco-2,2025-10-02 - Toshiba EXT (Backup)\CELL OBSERVER\ROS-27.06.24\LauraFM-02-Scene-28-P1-D5.czi,,,6a25b09864cf1e527c4b6c546c003aba2617ae660b80b0b5f7fe8fb14f7a333a,Y,,
ACQ-20240627-CELL-072,B05,drive2_MFB-Disco-2,2025-10-02 - Toshiba EXT (Backup)\CELL OBSERVER\ROS-27.06.24\LauraFM-02-Scene-29-P1-D4.czi,,,214b3b447f2cd14eb64d9b6566080c03addd3cc55ee80a367c745154b66f68ee,Y,,
ACQ-20240627-CELL-073,B05,drive2_MFB-Disco-2,2025-10-02 - Toshiba EXT (Backup)\CELL OBSERVER\ROS-27.06.24\LauraFM-02-Scene-30-P1-D3.czi,,,11a1ecb42e23ea32081edbcc98703592191cda3c826eca6367bf8e1d4836c120,Y,,
ACQ-20240627-CELL-074,B05,drive2_MFB-Disco-2,2025-10-02 - Toshiba EXT (Backup)\CELL OBSERVER\ROS-27.06.24\LauraFM-02-Scene-31-P1-D2.czi,,,f31a52c9656310b5403a9e0d51653b4ca56b0e07c6b43792a88f5c90ec788c75,Y,,
ACQ-20240627-CELL-075,B05,drive2_MFB-Disco-2,2025-10-02 - Toshiba EXT (Backup)\CELL OBSERVER\ROS-27.06.24\LauraFM-02-Scene-32-P1-D1.czi,,,4aa0d650b2081c0f43349c6834d53461bd38cb5807f20f2cce73d991bc3345bb,Y,,
ACQ-20240627-CELL-076,B05,drive2_MFB-Disco-2,2025-10-02 - Toshiba EXT (Backup)\CELL OBSERVER\ROS-27.06.24\LauraFM-02-Scene-33-P1-E4.czi,,,56002f917ba8b3bb0117ddec2db82fa5775df64970b1b1ae782b29d7c4ce6e6e,Y,,
ACQ-20240627-CELL-077,B05,drive2_MFB-Disco-2,2025-10-02 - Toshiba EXT (Backup)\CELL OBSERVER\ROS-27.06.24\LauraFM-02-Scene-34-P1-E5.czi,,,6d18e33b4af32ac43eec67c507b58df050a4f199b2c2d93da1f40b8605baffef,Y,,
ACQ-20240627-CELL-078,B05,drive2_MFB-Disco-2,2025-10-02 - Toshiba EXT (Backup)\CELL OBSERVER\ROS-27.06.24\LauraFM-02-Scene-35-P1-E6.czi,,,f9f7b8a769221c9bc9f3c0b966001889103a8070a0593d342dd606c030805bcd,Y,,
ACQ-20240627-CELL-079,B05,drive2_MFB-Disco-2,2025-10-02 - Toshiba EXT (Backup)\CELL OBSERVER\ROS-27.06.24\LauraFM-02-Scene-36-P1-E7.czi,,,bfb8190cf3cae2daa76babade9da4a0b86a8463b71d368368cce992d24a6464b,Y,,
ACQ-20240627-CELL-080,B05,drive2_MFB-Disco-2,2025-10-02 - Toshiba EXT (Backup)\CELL OBSERVER\ROS-27.06.24\LauraFM-02-Scene-37-P1-E8.czi,,,25209c33ccca459e92019b03f9e2ed71fb330fd619c36df9d5b833c8ba107bb0,Y,,
ACQ-20240627-CELL-081,B05,drive2_MFB-Disco-2,2025-10-02 - Toshiba EXT (Backup)\CELL OBSERVER\ROS-27.06.24\LauraFM-02-Scene-38-P1-F8.czi,,,5cd2060a8ead5b0df9e7816d70b0d695b1e9cd5020565397635549c13d843998,Y,,
ACQ-20240627-CELL-082,B05,drive2_MFB-Disco-2,2025-10-02 - Toshiba EXT (Backup)\CELL OBSERVER\ROS-27.06.24\LauraFM-02-Scene-39-P1-F7.czi,,,f3246630db433b4a1c639d34854a6a95da0822682719586777d6a78fed629cfe,Y,,
ACQ-20240627-CELL-083,B05,drive2_MFB-Disco-2,2025-10-02 - Toshiba EXT (Backup)\CELL OBSERVER\ROS-27.06.24\LauraFM-02-Scene-40-P1-F6.czi,,,21c1a344bbdfefdf2656c8a85ad977d9b3235e0cd4b3323f5cdc0a03baf3f266,Y,,
ACQ-20240627-CELL-084,B05,drive2_MFB-Disco-2,2025-10-02 - Toshiba EXT (Backup)\CELL OBSERVER\ROS-27.06.24\LauraFM-02-Scene-41-P1-F5.czi,,,0e404124d7c20401afe4bacb41f2e5023f74194709a0b0f946320dad36fd6118,Y,,
ACQ-20240627-CELL-085,B05,drive2_MFB-Disco-2,2025-10-02 - Toshiba EXT (Backup)\CELL OBSERVER\ROS-27.06.24\LauraFM-02-Scene-42-P1-F4.czi,,,bf9937e82dc0e304fbac9b9e53773d2518e08d1d1e12f55c0e67ff12d645601d,Y,,
ACQ-20240627-CELL-086,B05,drive2_MFB-Disco-2,2025-10-02 - Toshiba EXT (Backup)\CELL OBSERVER\ROS-27.06.24\LauraFM-02-Scene-43-P1-G4.czi,,,0e8bbbe208bbe7e621f0f857acbb7fbe625a7be1a89329649aa8a33cf9085bc1,Y,,
ACQ-20240627-CELL-087,B05,drive2_MFB-Disco-2,2025-10-02 - Toshiba EXT (Backup)\CELL OBSERVER\ROS-27.06.24\LauraFM-02-Scene-44-P1-G5.czi,,,64b7729009a249e2fab6504ac78b7e16e251e0343ee8be7aeb848c3ebfeba23b,Y,,
ACQ-20240627-CELL-088,B05,drive2_MFB-Disco-2,2025-10-02 - Toshiba EXT (Backup)\CELL OBSERVER\ROS-27.06.24\LauraFM-02-Scene-45-P1-G6.czi,,,76d00d35e51d629e28e4cf7d3b33ee8e3f73cc8bcac04f4154cf7947b40f2a6f,Y,,
ACQ-20240627-CELL-089,B05,drive2_MFB-Disco-2,2025-10-02 - Toshiba EXT (Backup)\CELL OBSERVER\ROS-27.06.24\LauraFM-02-Scene-46-P1-G7.czi,,,859657781d19b5ae845fea35240a66dc56a2c02779f09f01d46fa93bae0186f9,Y,,
ACQ-20240627-CELL-090,B05,drive2_MFB-Disco-2,2025-10-02 - Toshiba EXT (Backup)\CELL OBSERVER\ROS-27.06.24\LauraFM-02-Scene-47-P1-G8.czi,,,c4fdc3b7b7e54444324ffdcf7038a76a6ceee56ae844d4bcd7ca95811787458d,Y,,
ACQ-20240627-CELL-091,B05,drive2_MFB-Disco-2,2025-10-02 - Toshiba EXT (Backup)\CELL OBSERVER\ROS-27.06.24\LauraFM-02-Scene-48-P1-H8.czi,,,850108ac694c2f8380a3e4d148ad368505f90e516b7dffc19b28a13e72ac05d8,Y,,
ACQ-20240627-CELL-092,B05,drive2_MFB-Disco-2,2025-10-02 - Toshiba EXT (Backup)\CELL OBSERVER\ROS-27.06.24\LauraFM-02-Scene-49-P1-H7.czi,,,f68672d94205ea669ca6ceba610e626958ac2aad563fd6efcafb15529a05d547,Y,,
ACQ-20240627-CELL-093,B05,drive2_MFB-Disco-2,2025-10-02 - Toshiba EXT (Backup)\CELL OBSERVER\ROS-27.06.24\LauraFM-02-Scene-50-P1-H6.czi,,,a9bd79232c5fdfaefdc27bdde5283b8d9b849290122655847b82ecc6a8b358a0,Y,,
ACQ-20240627-CELL-094,B05,drive2_MFB-Disco-2,2025-10-02 - Toshiba EXT (Backup)\CELL OBSERVER\ROS-27.06.24\LauraFM-02-Scene-51-P1-H5.czi,,,db0afab0b3e0c937918b82fb8aa4ce3f403e366ef87b995e1f26e0504f7bfcb7,Y,,
ACQ-20240627-CELL-095,B05,drive2_MFB-Disco-2,2025-10-02 - Toshiba EXT (Backup)\CELL OBSERVER\ROS-27.06.24\LauraFM-02-Scene-52-P1-H4.czi,,,0eb42315453aaa53670fa6ff3ee42cd75d156d1c86f75fbb27afece121203739,Y,,
ACQ-20240627-CELL-096,B05,drive2_MFB-Disco-2,2025-10-02 - Toshiba EXT (Backup)\CELL OBSERVER\ROS-27.06.24\LauraFM-02.czi,,,f8fc47107a445ac3e78c964cafda8006a9d228e87138f28e586dfcb29de33509,Y,,
ACQ-20240628-CELL-001,B05,drive2_MFB-Disco-2,2025-10-02 - Toshiba EXT (Backup)\CELL OBSERVER\Ki67-Herida\Medio completo-2-Stitching-02.czi,,,f106512fc4404af39a61a14934c6723897e205ca0e939c231281e15248d17460,Y,,
ACQ-20240628-CELL-002,B05,drive2_MFB-Disco-2,2025-10-02 - Toshiba EXT (Backup)\CELL OBSERVER\Ki67-Herida\Medio completo-2.czi,,,8f3c7a4ae7a244043c10adce54d48416a41fb7d3b36ba2bbf41ed51ac800c075,Y,,
ACQ-20240628-CELL-003,B05,drive2_MFB-Disco-2,2025-10-02 - Toshiba EXT (Backup)\CELL OBSERVER\Ki67-Herida\Medio completo-Stitching-01.czi,,,1c3026ccf8136900bcb511959c5be7f31127bf00f666e5f632586700be300dfa,Y,,
ACQ-20240628-CELL-004,B05,drive2_MFB-Disco-2,2025-10-02 - Toshiba EXT (Backup)\CELL OBSERVER\Ki67-Herida\Medio completo.czi,,,8f32e279b8c8be91c07475c9219030e49887eece36fcb9074afd2cb2128903c8,Y,,
ACQ-20240628-CELL-005,B05,drive2_MFB-Disco-2,2025-10-02 - Toshiba EXT (Backup)\CELL OBSERVER\Ki67-Herida\Medio-5nTGFB-1-Stitching-03.czi,,,14c7b86682367cd7402b2f33716f83c9133d6e06220c38a552b4a0d643bdcc09,Y,,
ACQ-20240628-CELL-006,B05,drive2_MFB-Disco-2,2025-10-02 - Toshiba EXT (Backup)\CELL OBSERVER\Ki67-Herida\Medio-5nTGFB-1.czi,,,49c8857283b7d6f74aa5d878133873d12b9a3a3695f33370f8d2a76ef7a5b8dc,Y,,
ACQ-20240628-CELL-007,B05,drive2_MFB-Disco-2,2025-10-02 - Toshiba EXT (Backup)\CELL OBSERVER\Ki67-Herida\Medio-5nTGFB-2-Stitching-04.czi,,,1fb80b811629f40bcbdb39dd78b504ce90ef0f2926fa3c7c6ebb07f87378c4a5,Y,,
ACQ-20240628-CELL-008,B05,drive2_MFB-Disco-2,2025-10-02 - Toshiba EXT (Backup)\CELL OBSERVER\Ki67-Herida\Medio-5nTGFB-2.czi,,,a1e0f1b81228a8576b5bf31a672eb7c8dfb3d4debf6c515f3fca8922956db137,Y,,
ACQ-20240628-CELL-009,B05,drive2_MFB-Disco-2,2025-10-02 - Toshiba EXT (Backup)\CELL OBSERVER\Ki67-Herida\Medsio-sin-FBS-2-Stitching-06.czi,,,b3f1e668b88f15db10072933856f98f52ddc5f6164f5c8f3cd069dea02c6a587,Y,,
ACQ-20240628-CELL-010,B05,drive2_MFB-Disco-2,2025-10-02 - Toshiba EXT (Backup)\CELL OBSERVER\Ki67-Herida\Medsio-sin-FBS-2.czi,,,a58ffbd182f166999825a54bcdb324a2e4c81e4c530a1dcf8468da67f09cbc18,Y,,
ACQ-20240628-CELL-011,B05,drive2_MFB-Disco-2,2025-10-02 - Toshiba EXT (Backup)\CELL OBSERVER\Ki67-Herida\Medsio-sin-FBS-Stitching-05.czi,,,f01bb619082ac363185d26d98ac3aad6b6347792ff80f97c36378235cc443970,Y,,
ACQ-20240628-CELL-012,B05,drive2_MFB-Disco-2,2025-10-02 - Toshiba EXT (Backup)\CELL OBSERVER\Ki67-Herida\Medsio-sin-FBS.czi,,,f77c9e52b8de49a7ff46ea1e47914c9229f41775a406e8b65371cc42ee93a203,Y,,
ACQ-20240628-CELL-013,B05,drive2_MFB-Disco-2,2025-10-02 - Toshiba EXT (Backup)\CELL OBSERVER\Ki67-Herida\x1.4-0.01-1.czi,,,9201d6456f2ea52c3e0784836c2e0b2660aa0069aa875d94a180377df88c791b,Y,,
ACQ-20240628-CELL-014,B05,drive2_MFB-Disco-2,2025-10-02 - Toshiba EXT (Backup)\CELL OBSERVER\Ki67-Herida\x1.4-0.01-2.czi,,,aa6061124e106e4ba3d09c5d54467b793fae921218478f4a083e0e2b9a4c886b,Y,,
ACQ-20240628-CELL-015,B05,drive2_MFB-Disco-2,2025-10-02 - Toshiba EXT (Backup)\CELL OBSERVER\Ki67-Herida\x1.4-0.05-1.czi,,,f18dc299de790ab1e3a735336675c142eb5dfd8bd9d8efbdce8acf3b2a1f51b4,Y,,
ACQ-20240628-CELL-016,B05,drive2_MFB-Disco-2,2025-10-02 - Toshiba EXT (Backup)\CELL OBSERVER\Ki67-Herida\x1.4-0.05-2.czi,,,e4eaf7caea0b300e3a34e24ae38836ede871d34b98d6be24dce2101562d98d1f,Y,,
ACQ-20240628-CELL-017,B05,drive2_MFB-Disco-2,2025-10-02 - Toshiba EXT (Backup)\CELL OBSERVER\Ki67-Herida\x1.8-0.01-1.czi,,,6ec34845dd688a0a619397535b165a87b70b840b939f840ec9c4bf22052e285e,Y,,
ACQ-20240628-CELL-018,B05,drive2_MFB-Disco-2,2025-10-02 - Toshiba EXT (Backup)\CELL OBSERVER\Ki67-Herida\x1.8-0.01-2.czi,,,01da6d6ed316c4ed53263331e2b57129fdaf5eed0628391dc1c307d151af0a52,Y,,
ACQ-20240628-CELL-019,B05,drive2_MFB-Disco-2,2025-10-02 - Toshiba EXT (Backup)\CELL OBSERVER\Ki67-Herida\x1.8-0.05-1.czi,,,e0eb3f66b161c4f7999864cea49695921a69a16d08325f88a621a24daa678dab,Y,,
ACQ-20240628-CELL-020,B05,drive2_MFB-Disco-2,2025-10-02 - Toshiba EXT (Backup)\CELL OBSERVER\Ki67-Herida\x1.8-0.05-2.czi,,,8a9265e7b39616ecfdcb10ae59559bdd4cf2887aa0a03e8b135639f1036c48e7,Y,,
ACQ-20240628-CELL-021,B05,drive2_MFB-Disco-2,2025-10-02 - Toshiba EXT (Backup)\CELL OBSERVER\Ki67-Herida\x1_4-0_01-1-Stitching-07.czi,,,143d92e724b4b332b8c4d870b76b6998ad2fd90ef06210ff8b7805ed2a815f93,Y,,
ACQ-20240628-CELL-022,B05,drive2_MFB-Disco-2,2025-10-02 - Toshiba EXT (Backup)\CELL OBSERVER\Ki67-Herida\x1_4-0_01-2-Stitching-08.czi,,,42dda0bcf16a0fd2bc5dae5c1ac10db141b41a6eaf8eb3b912062ff4068d9d33,Y,,
ACQ-20240628-CELL-023,B05,drive2_MFB-Disco-2,2025-10-02 - Toshiba EXT (Backup)\CELL OBSERVER\Ki67-Herida\x1_4-0_05-1-Stitching-09.czi,,,fca9619842fb98d7db99d8043635acfcc676b85243417b44e1d4c011a5833f56,Y,,
ACQ-20240628-CELL-024,B05,drive2_MFB-Disco-2,2025-10-02 - Toshiba EXT (Backup)\CELL OBSERVER\Ki67-Herida\x1_4-0_05-2-Stitching-10.czi,,,eeb22e542649cc26b0b687dc645cceb65f401be00097f6443da09e561f9ab70e,Y,,
ACQ-20240628-CELL-025,B05,drive2_MFB-Disco-2,2025-10-02 - Toshiba EXT (Backup)\CELL OBSERVER\Ki67-Herida\x1_8-0_01-1-Stitching-11.czi,,,4eb01f1e07f1f87e1b9c8b2232e3c26d0c4d334c1a1504b4683f39a0928fd862,Y,,
ACQ-20240628-CELL-026,B05,drive2_MFB-Disco-2,2025-10-02 - Toshiba EXT (Backup)\CELL OBSERVER\Ki67-Herida\x1_8-0_01-2-Stitching-12.czi,,,03ff478c645b777448c09e4aac44dbfea14c0d8e0731dd89f93f1cdb67383ca1,Y,,
ACQ-20240628-CELL-027,B05,drive2_MFB-Disco-2,2025-10-02 - Toshiba EXT (Backup)\CELL OBSERVER\Ki67-Herida\x1_8-0_05-1-Stitching-13.czi,,,0081fb89e02c79aadc6e38d1ce5822461a33a003795e26747db36239f6ea8f63,Y,,
ACQ-20240628-CELL-028,B05,drive2_MFB-Disco-2,2025-10-02 - Toshiba EXT (Backup)\CELL OBSERVER\Ki67-Herida\x1_8-0_05-2-Stitching-14.czi,,,629631525bde3f60a184cd513647ab14baabba07a890cd02f2d9e9f2cae4318e,Y,,
ACQ-20240703-CELL-001,B05,drive2_MFB-Disco-2,2025-10-02 - Toshiba EXT (Backup)\CELL OBSERVER\FeMn\COL\030724\5ng-TGFB-1.czi,,,22a6d8dae5a34ad85788356a538d97a06423f37cc15800c979f0c1ffb166cfc4,Y,,
ACQ-20240703-CELL-002,B05,drive2_MFB-Disco-2,2025-10-02 - Toshiba EXT (Backup)\CELL OBSERVER\FeMn\COL\030724\5ng-TGFB-2.czi,,,97e6f64dde66ea2c1875bc1137ec8229c79af0f838028e6b709b28820e4ad6c2,Y,,
ACQ-20240703-CELL-003,B05,drive2_MFB-Disco-2,2025-10-02 - Toshiba EXT (Backup)\CELL OBSERVER\FeMn\COL\030724\5ng-TGFB-3.czi,,,56297f062019357bfb8e1a0eaf8f4605b424731f59eb93bce7d4d008ef783faf,Y,,
ACQ-20240703-CELL-004,B05,drive2_MFB-Disco-2,2025-10-02 - Toshiba EXT (Backup)\CELL OBSERVER\FeMn\COL\030724\5ngTGFB-1.czi,,,4c101c053775f159e96bb5b9db54d1269bb5e4ee6baefc6a2a01a7288a129ef3,Y,,
ACQ-20240703-CELL-005,B05,drive2_MFB-Disco-2,2025-10-02 - Toshiba EXT (Backup)\CELL OBSERVER\FeMn\COL\030724\5ngTGFB-2.czi,,,cc024345d0687f67b1c5709d1c3affddc5521b063753b896f8e3ee9c3f4f65a6,Y,,
ACQ-20240703-CELL-006,B05,drive2_MFB-Disco-2,2025-10-02 - Toshiba EXT (Backup)\CELL OBSERVER\FeMn\COL\030724\5ngTGFB-3.czi,,,b8f45d2b4514e0643885e6c8529f1653e21672becac4b66b549af06ea025ac03,Y,,
ACQ-20240703-CELL-007,B05,drive2_MFB-Disco-2,2025-10-02 - Toshiba EXT (Backup)\CELL OBSERVER\FeMn\COL\030724\5ngTGFB-4.czi,,,869b29d55ca66d6a5cf95e777482c40b0811a1ccaa07292b097cba7e993ac495,Y,,
ACQ-20240703-CELL-008,B05,drive2_MFB-Disco-2,2025-10-02 - Toshiba EXT (Backup)\CELL OBSERVER\FeMn\COL\030724\5ngTGFB-5.czi,,,4f45bfb2ef1dd60f6571650108f69b6e986cef4449922e8cb7fc400046357b1d,Y,,
ACQ-20240703-CELL-009,B05,drive2_MFB-Disco-2,2025-10-02 - Toshiba EXT (Backup)\CELL OBSERVER\FeMn\COL\030724\5ngTGFB-6.czi,,,33d95b401ef89702c77e0096e2ee5fe2b17332a89c37b1290749bef320e15a32,Y,,
ACQ-20240703-CELL-010,B05,drive2_MFB-Disco-2,2025-10-02 - Toshiba EXT (Backup)\CELL OBSERVER\FeMn\COL\030724\5ngTGFB-7.czi,,,bf08581d11559ea791c88f2bbd4b8a61c138b008879ec2c58cf12d44579e89e3,Y,,
ACQ-20240703-CELL-011,B05,drive2_MFB-Disco-2,2025-10-02 - Toshiba EXT (Backup)\CELL OBSERVER\FeMn\COL\030724\FeMn-x1.4-0.01ug-1.czi,,,844b324830c292b234afd8c8510ec753b7f647a760a0deb0ab2076081d9ca22f,Y,,
ACQ-20240703-CELL-012,B05,drive2_MFB-Disco-2,2025-10-02 - Toshiba EXT (Backup)\CELL OBSERVER\FeMn\COL\030724\FeMn-x1.4-0.01ug-10.czi,,,72cca0a6e3f73e61df680adcc52eef754126c5a6227a200b98adf70a09b664ad,Y,,
ACQ-20240703-CELL-013,B05,drive2_MFB-Disco-2,2025-10-02 - Toshiba EXT (Backup)\CELL OBSERVER\FeMn\COL\030724\FeMn-x1.4-0.01ug-11.czi,,,1a2d7fbb7575a998e8e3b8ebe2bd532d027c9abe02eb73b3afb8318fe8c73dab,Y,,
ACQ-20240703-CELL-014,B05,drive2_MFB-Disco-2,2025-10-02 - Toshiba EXT (Backup)\CELL OBSERVER\FeMn\COL\030724\FeMn-x1.4-0.01ug-2.czi,,,54653f98f7b46d0ea18b509ed55279766939722b3f552af41824276ef42958e2,Y,,
ACQ-20240703-CELL-015,B05,drive2_MFB-Disco-2,2025-10-02 - Toshiba EXT (Backup)\CELL OBSERVER\FeMn\COL\030724\FeMn-x1.4-0.01ug-3.czi,,,5e456aef4cafa908413adb4e12cd4d75416c82a621a495a74e0422f30b998e9b,Y,,
ACQ-20240703-CELL-016,B05,drive2_MFB-Disco-2,2025-10-02 - Toshiba EXT (Backup)\CELL OBSERVER\FeMn\COL\030724\FeMn-x1.4-0.01ug-4.czi,,,3f569a994ef0946b7caa18f555958be4d690299cd33a98c3cde5c4b54e8ae722,Y,,
ACQ-20240703-CELL-017,B05,drive2_MFB-Disco-2,2025-10-02 - Toshiba EXT (Backup)\CELL OBSERVER\FeMn\COL\030724\FeMn-x1.4-0.01ug-5.czi,,,46b7d732a91bc27af47701653eb0aa3cc223842c9097277dad48244d3dc475cc,Y,,
ACQ-20240703-CELL-018,B05,drive2_MFB-Disco-2,2025-10-02 - Toshiba EXT (Backup)\CELL OBSERVER\FeMn\COL\030724\FeMn-x1.4-0.01ug-6.czi,,,7a833edda693ff1318cd39571606724e363d2c3fb1e5dd93aca6a957debc92b8,Y,,
ACQ-20240703-CELL-019,B05,drive2_MFB-Disco-2,2025-10-02 - Toshiba EXT (Backup)\CELL OBSERVER\FeMn\COL\030724\FeMn-x1.4-0.01ug-7.czi,,,38d075954406202aa685d895317be2c77ebbe8b6651d6aceb06f77750714bbc1,Y,,
ACQ-20240703-CELL-020,B05,drive2_MFB-Disco-2,2025-10-02 - Toshiba EXT (Backup)\CELL OBSERVER\FeMn\COL\030724\FeMn-x1.4-0.01ug-8.czi,,,47779e7a4bdc43dd78904ae405a3812caf0489516ceb050d5a56068dffbc6b4b,Y,,
ACQ-20240703-CELL-021,B05,drive2_MFB-Disco-2,2025-10-02 - Toshiba EXT (Backup)\CELL OBSERVER\FeMn\COL\030724\FeMn-x1.4-0.01ug-9.czi,,,11c1228bedc8b0a60459486703dffec0a7fa5dc49bcaff5c049cbb565f99c0ab,Y,,
ACQ-20240703-CELL-022,B05,drive2_MFB-Disco-2,2025-10-02 - Toshiba EXT (Backup)\CELL OBSERVER\FeMn\COL\030724\FeMn-x1.4-0.05ug-1.czi,,,a5fca0a801cc69b9b42b08c146ce7985c9fcbd3d4112ccbd56a30692190279d2,Y,,
ACQ-20240703-CELL-023,B05,drive2_MFB-Disco-2,2025-10-02 - Toshiba EXT (Backup)\CELL OBSERVER\FeMn\COL\030724\FeMn-x1.4-0.05ug-10.czi,,,1744a630d8984f5efc554bd0f0c868f69cddf2f3f28e31f884aa1656734b5fe8,Y,,
ACQ-20240703-CELL-024,B05,drive2_MFB-Disco-2,2025-10-02 - Toshiba EXT (Backup)\CELL OBSERVER\FeMn\COL\030724\FeMn-x1.4-0.05ug-2.czi,,,a5470ac5f4239629f300ab3ebaba7a017de9fca15634473b3d7836d3cb994796,Y,,
ACQ-20240703-CELL-025,B05,drive2_MFB-Disco-2,2025-10-02 - Toshiba EXT (Backup)\CELL OBSERVER\FeMn\COL\030724\FeMn-x1.4-0.05ug-3.czi,,,9adaeb2efd0d941a1fa6f2f8a633e349c4674d53d1ecf9688ea165a2db009041,Y,,
ACQ-20240703-CELL-026,B05,drive2_MFB-Disco-2,2025-10-02 - Toshiba EXT (Backup)\CELL OBSERVER\FeMn\COL\030724\FeMn-x1.4-0.05ug-4.czi,,,6d816c6df0b963d1e2334c4d3546d6339c19349bb048c333ed4abf22463df64b,Y,,
ACQ-20240703-CELL-027,B05,drive2_MFB-Disco-2,2025-10-02 - Toshiba EXT (Backup)\CELL OBSERVER\FeMn\COL\030724\FeMn-x1.4-0.05ug-5.czi,,,e11bb7aed49843b3fdf01d579e680a6086d0fffc10475dfc4ad368a8877a39cd,Y,,
ACQ-20240703-CELL-028,B05,drive2_MFB-Disco-2,2025-10-02 - Toshiba EXT (Backup)\CELL OBSERVER\FeMn\COL\030724\FeMn-x1.4-0.05ug-6.czi,,,03d8b49c62b81cd357a4078da198a38c4b0d908a6eeb34fd855080cc416275a1,Y,,
ACQ-20240703-CELL-029,B05,drive2_MFB-Disco-2,2025-10-02 - Toshiba EXT (Backup)\CELL OBSERVER\FeMn\COL\030724\FeMn-x1.4-0.05ug-7.czi,,,902955a8d08899978a303748a6c61700057541001849b5ebd74a653e00cb5296,Y,,
ACQ-20240703-CELL-030,B05,drive2_MFB-Disco-2,2025-10-02 - Toshiba EXT (Backup)\CELL OBSERVER\FeMn\COL\030724\FeMn-x1.4-0.05ug-8.czi,,,e9eee04c34d075db1bbb1d28194a903424602037b60b16fbc2a08bb05695712e,Y,,
ACQ-20240703-CELL-031,B05,drive2_MFB-Disco-2,2025-10-02 - Toshiba EXT (Backup)\CELL OBSERVER\FeMn\COL\030724\FeMn-x1.4-0.05ug-9.czi,,,993f7b32288ec72792b8c69e58abad6bb9173adfc15700066628312482c91e55,Y,,
ACQ-20240703-CELL-032,B05,drive2_MFB-Disco-2,2025-10-02 - Toshiba EXT (Backup)\CELL OBSERVER\FeMn\COL\030724\FeMn-x1.8-0.01ug-1.czi,,,1564da9024feda8ccff130a6f7b090f105c1a4bed9743d3a694cfccc5f9b5f78,Y,,
ACQ-20240703-CELL-033,B05,drive2_MFB-Disco-2,2025-10-02 - Toshiba EXT (Backup)\CELL OBSERVER\FeMn\COL\030724\FeMn-x1.8-0.01ug-2.czi,,,6678df7f0fc3918732b90bbb9571144326be9809ccf10d2fa2a9366d5de60852,Y,,
ACQ-20240703-CELL-034,B05,drive2_MFB-Disco-2,2025-10-02 - Toshiba EXT (Backup)\CELL OBSERVER\FeMn\COL\030724\FeMn-x1.8-0.05ug-1.czi,,,57a081c22b6804a5ad3aa11a00dbba596723f2e43fc3b46cddccd9653260a9d7,Y,,
ACQ-20240703-CELL-035,B05,drive2_MFB-Disco-2,2025-10-02 - Toshiba EXT (Backup)\CELL OBSERVER\FeMn\COL\030724\FeMn-x1.8-0.05ug-2.czi,,,77e31b841c82eed5bf2e5e71755716f2eb4f8a26421ccfe06f765507b3305826,Y,,
ACQ-20240703-CELL-036,B05,drive2_MFB-Disco-2,2025-10-02 - Toshiba EXT (Backup)\CELL OBSERVER\FeMn\COL\030724\FeMn-x1.8-0.05ug-3.czi,,,52a937bf039c31403d458e041833db302c07131e1ba01f2e83f05150f732055c,Y,,
ACQ-20240703-CELL-037,B05,drive2_MFB-Disco-2,2025-10-02 - Toshiba EXT (Backup)\CELL OBSERVER\FeMn\COL\030724\FeMn-x1.8-0.05ug-4.czi,,,888f7cb06801fd3e48f7d2cf62ddd8e9d0420056eb955b3776fd664831ec6f07,Y,,
ACQ-20240703-CELL-038,B05,drive2_MFB-Disco-2,2025-10-02 - Toshiba EXT (Backup)\CELL OBSERVER\FeMn\COL\030724\FeMn-x1.8-0.05ug-5.czi,,,93cde37f5278867485ebf01d37eef095c3059b463feb5689aed2b926ccbe38b0,Y,,
ACQ-20240703-CELL-039,B05,drive2_MFB-Disco-2,2025-10-02 - Toshiba EXT (Backup)\CELL OBSERVER\FeMn\COL\030724\Medio-completo-2.czi,,,8dc0d589c7bef44f0d8909b447a0edcefd38dc1d83637d19dba2743b630be135,Y,,
ACQ-20240703-CELL-040,B05,drive2_MFB-Disco-2,2025-10-02 - Toshiba EXT (Backup)\CELL OBSERVER\FeMn\COL\030724\Medio-completo.czi,,,71e5839e763dcb9dfb63b8016ba6fdbf8fa33efe1675168d7515b5283caeaf0d,Y,,
ACQ-20240703-CELL-041,B05,drive2_MFB-Disco-2,2025-10-02 - Toshiba EXT (Backup)\CELL OBSERVER\FeMn\COL\030724\Medio-sin-FBS-1.czi,,,20337e5e38a8b98e28e9830a18ace83f4bb7cc829f456c6ef75ad93d4c981740,Y,,
ACQ-20240703-CELL-042,B05,drive2_MFB-Disco-2,2025-10-02 - Toshiba EXT (Backup)\CELL OBSERVER\FeMn\COL\030724\Medio-sin-FBS-2.czi,,,af42ddda67c5efff1dc71f346f7d5bbddc86bb5f3c5f87ffa856645dac042e2a,Y,,
ACQ-20240703-CELL-043,B05,drive2_MFB-Disco-2,2025-10-02 - Toshiba EXT (Backup)\CELL OBSERVER\FeMn\COL\030724\MedioCompleto-1.czi,,,cd61228e41feb554560353944174b0a3f714fa999d7a8761cdde9bcfbbfeb6b8,Y,,
ACQ-20240703-CELL-044,B05,drive2_MFB-Disco-2,2025-10-02 - Toshiba EXT (Backup)\CELL OBSERVER\FeMn\COL\030724\MedioCompleto-10.czi,,,32b472d06fb86e86fd73b1bc87b077c40ab5d5d32716282d6e007e09579543e7,Y,,
ACQ-20240703-CELL-045,B05,drive2_MFB-Disco-2,2025-10-02 - Toshiba EXT (Backup)\CELL OBSERVER\FeMn\COL\030724\MedioCompleto-2.czi,,,0dc9d5483e85e7b9f0d466efe3619994347d13e733d5f363f30d0118aa39aeda,Y,,
ACQ-20240703-CELL-046,B05,drive2_MFB-Disco-2,2025-10-02 - Toshiba EXT (Backup)\CELL OBSERVER\FeMn\COL\030724\MedioCompleto-3.czi,,,a95a3ddf7abc5c1dac0057bb4fab585d8a4b4b50619332ccf5c2dcb90a9631c6,Y,,
ACQ-20240703-CELL-047,B05,drive2_MFB-Disco-2,2025-10-02 - Toshiba EXT (Backup)\CELL OBSERVER\FeMn\COL\030724\MedioCompleto-4.czi,,,3ecfde1832aa828d06e24e2be0f84c6b4511ff31cf003bc959954f0f0fa9b96b,Y,,
ACQ-20240703-CELL-048,B05,drive2_MFB-Disco-2,2025-10-02 - Toshiba EXT (Backup)\CELL OBSERVER\FeMn\COL\030724\MedioCompleto-5.czi,,,6b45fd632b07681297f3d146da92f27ac9d676740a1382d6d968b312e51a4c54,Y,,
ACQ-20240703-CELL-049,B05,drive2_MFB-Disco-2,2025-10-02 - Toshiba EXT (Backup)\CELL OBSERVER\FeMn\COL\030724\MedioCompleto-6.czi,,,f2fa6b2017d52eeb200e2727099419d9808c611031433dc6e5865890988b40d2,Y,,
ACQ-20240703-CELL-050,B05,drive2_MFB-Disco-2,2025-10-02 - Toshiba EXT (Backup)\CELL OBSERVER\FeMn\COL\030724\MedioCompleto-7.czi,,,9b9db252865f30e0c6a00ce0432e3a224eb1a395b99c86dab59801f9173a7339,Y,,
ACQ-20240703-CELL-051,B05,drive2_MFB-Disco-2,2025-10-02 - Toshiba EXT (Backup)\CELL OBSERVER\FeMn\COL\030724\MedioCompleto-8.czi,,,595bb05f17a6a0c79d8167b57f0e9b55ce68493baa2dd573bb01d74996f4ea45,Y,,
ACQ-20240703-CELL-052,B05,drive2_MFB-Disco-2,2025-10-02 - Toshiba EXT (Backup)\CELL OBSERVER\FeMn\COL\030724\MedioCompleto-9.czi,,,8a01e866c39b15622c3c42554af1d233fcb5abb76fbd49d143b9ba0f51b437c8,Y,,
ACQ-20240703-CELL-053,B05,drive2_MFB-Disco-2,2025-10-02 - Toshiba EXT (Backup)\CELL OBSERVER\FeMn\COL\030724\MedioSinFBS-1.czi,,,486aac265faf5826c3d2a3cd1bcbfc99fef14c15db6ad79e77950f8f49b4a8b2,Y,,
ACQ-20240703-CELL-054,B05,drive2_MFB-Disco-2,2025-10-02 - Toshiba EXT (Backup)\CELL OBSERVER\FeMn\COL\030724\MedioSinFBS-10.czi,,,839c08428d21236df123457654e0f38d0aab5e73c9f2bba66947d6623cc38029,Y,,
ACQ-20240703-CELL-055,B05,drive2_MFB-Disco-2,2025-10-02 - Toshiba EXT (Backup)\CELL OBSERVER\FeMn\COL\030724\MedioSinFBS-2.czi,,,46d48036d74b95d27df632c5f4cecc8efbe8ba3e4fbc96d3d41cea7b68c96e26,Y,,
ACQ-20240703-CELL-056,B05,drive2_MFB-Disco-2,2025-10-02 - Toshiba EXT (Backup)\CELL OBSERVER\FeMn\COL\030724\MedioSinFBS-3.czi,,,ab742bc6286b71d1e93c3f64c1db268b9bff49206901ac727440af4057ae5d96,Y,,
ACQ-20240703-CELL-057,B05,drive2_MFB-Disco-2,2025-10-02 - Toshiba EXT (Backup)\CELL OBSERVER\FeMn\COL\030724\MedioSinFBS-4.czi,,,34770d674c584772406d35649bc7d0679b8e52d7fa5d2e9f70141904436e3b89,Y,,
ACQ-20240703-CELL-058,B05,drive2_MFB-Disco-2,2025-10-02 - Toshiba EXT (Backup)\CELL OBSERVER\FeMn\COL\030724\MedioSinFBS-5.czi,,,75a5e67365b7e3a16f1df87415a5d0dd1b8500b9e7b5c0bf5d43165f9f5ee2f0,Y,,
ACQ-20240703-CELL-059,B05,drive2_MFB-Disco-2,2025-10-02 - Toshiba EXT (Backup)\CELL OBSERVER\FeMn\COL\030724\MedioSinFBS-6.czi,,,5895b7c3bbc9f6d2643848099d571754b226fa9a4b6d1b2ed800103edb26f083,Y,,
ACQ-20240703-CELL-060,B05,drive2_MFB-Disco-2,2025-10-02 - Toshiba EXT (Backup)\CELL OBSERVER\FeMn\COL\030724\MedioSinFBS-7.czi,,,7e760eeef55c0d98d073184f49e438ff08d88069b04b0b161cc19b89e9dfbdd1,Y,,
ACQ-20240703-CELL-061,B05,drive2_MFB-Disco-2,2025-10-02 - Toshiba EXT (Backup)\CELL OBSERVER\FeMn\COL\030724\MedioSinFBS-8.czi,,,551d2442553601052ec7be19dde6bd9eb7397e0a879ade734480a221c62c3849,Y,,
ACQ-20240703-CELL-062,B05,drive2_MFB-Disco-2,2025-10-02 - Toshiba EXT (Backup)\CELL OBSERVER\FeMn\COL\030724\MedioSinFBS-9.czi,,,21e2c11493e2a7fb500dedebd1fd9dad06aa22b967648d6578a376d9fcee05e8,Y,,
ACQ-20240703-CELL-063,B05,drive2_MFB-Disco-2,2025-10-02 - Toshiba EXT (Backup)\CELL OBSERVER\FeMn\COL\030724\x1.4-0.01ug-1.czi,,,6a68cf67585420c503f8edc824169e4278267b22383da79f4eb030c51f7dd32c,Y,,
ACQ-20240703-CELL-064,B05,drive2_MFB-Disco-2,2025-10-02 - Toshiba EXT (Backup)\CELL OBSERVER\FeMn\COL\030724\x1.4-0.01ug-2.czi,,,0aaee65f3573de0bee59dc711b2978fa3639cf3b037b1f3b0f9d33d1c99f85b6,Y,,
ACQ-20240703-CELL-065,B05,drive2_MFB-Disco-2,2025-10-02 - Toshiba EXT (Backup)\CELL OBSERVER\FeMn\COL\030724\x1.4-0.05ug-1.czi,,,207a914c0dfeb9937d41e2e989d2aa3016d2b1565b535ac59d12ec18292eb105,Y,,
ACQ-20240703-CELL-066,B05,drive2_MFB-Disco-2,2025-10-02 - Toshiba EXT (Backup)\CELL OBSERVER\FeMn\COL\030724\x1.4-0.05ug-2.czi,,,ef987937fb6491c5e86b58267e9b3bb17647ae6ece61a7334cb94aff0911bb54,Y,,
ACQ-20240703-CELL-067,B05,drive2_MFB-Disco-2,2025-10-02 - Toshiba EXT (Backup)\CELL OBSERVER\FeMn\COL\030724\x1.8-0.01ug-1.czi,,,45fa7d6e93ffae1f9bb9c68af3a057f0be79826aa83b4f2a7fdde54bd1943e66,Y,,
ACQ-20240703-CELL-068,B05,drive2_MFB-Disco-2,2025-10-02 - Toshiba EXT (Backup)\CELL OBSERVER\FeMn\COL\030724\x1.8-0.01ug-2.czi,,,99799d10bb419b63df5100d3d4e7c6a9fa026a89eefe405469dc10c3a2d30c35,Y,,
ACQ-20240703-CELL-069,B05,drive2_MFB-Disco-2,2025-10-02 - Toshiba EXT (Backup)\CELL OBSERVER\FeMn\COL\030724\x1.8-0.05ug-1.czi,,,55820e073853e96012ed52ec56db6c7f7912d8aa14c87d2aec278437399615a7,Y,,
ACQ-20240703-CELL-070,B05,drive2_MFB-Disco-2,2025-10-02 - Toshiba EXT (Backup)\CELL OBSERVER\FeMn\COL\030724\x1.8-0.05ug-2.czi,,,d1bd9307a8761bacd2da439610b83cb3cc9e194fc065d28dac8c6767450a9cee,Y,,
ACQ-20240703-CELL-071,B05,drive2_MFB-Disco-2,2025-10-02 - Toshiba EXT (Backup)\CELL OBSERVER\FeMn\Ki67\5ngTGFB-1.czi,,,38cfb9635953200810e2c4f4966e8b3d14688259bbfdc0f846035939eb6ba7df,Y,,
ACQ-20240703-CELL-072,B05,drive2_MFB-Disco-2,2025-10-02 - Toshiba EXT (Backup)\CELL OBSERVER\FeMn\Ki67\5ngTGFB-2.czi,,,24b7d54c1ded3ffd72ffdf83dc9a227151e99bb82c94df7d57d572014c454b27,Y,,
ACQ-20240703-CELL-073,B05,drive2_MFB-Disco-2,2025-10-02 - Toshiba EXT (Backup)\CELL OBSERVER\FeMn\Ki67\5ngTGFB-3.czi,,,ffd1879809d4848fc90fdac90be11053c36df149cdc0dd56a3074f21b6f2fd47,Y,drive2_MFB-Disco-2/2025-10-02 - Toshiba EXT (Backup)/CELL OBSERVER/FeMn/Ki67/Nucleos-rosa/5ngTGFB-3.czi,
ACQ-20240703-CELL-074,B05,drive2_MFB-Disco-2,2025-10-02 - Toshiba EXT (Backup)\CELL OBSERVER\FeMn\Ki67\5ngTGFB-4.czi,,,2bff9d6a2f598a0350a169afd3d0dce97772e5b1008e277f14227971bfe4b37b,Y,,
ACQ-20240703-CELL-075,B05,drive2_MFB-Disco-2,2025-10-02 - Toshiba EXT (Backup)\CELL OBSERVER\FeMn\Ki67\5ngTGFB-5.czi,,,6a908ec006957228a601f020fe6f5be887a951bc7e67f0d416bf2a0dde0e8e44,Y,,
ACQ-20240703-CELL-076,B05,drive2_MFB-Disco-2,2025-10-02 - Toshiba EXT (Backup)\CELL OBSERVER\FeMn\Ki67\MedioCompleto-1.czi,,,99d1528f0fc735e6af1a9b425458c6c4c990acd49524e322af24790017f84372,Y,,
ACQ-20240703-CELL-077,B05,drive2_MFB-Disco-2,2025-10-02 - Toshiba EXT (Backup)\CELL OBSERVER\FeMn\Ki67\MedioCompleto-2.czi,,,7171086995f80f33d391d09f34a1f9de14703709c85574b87d6a0cad6db3a2d8,Y,,
ACQ-20240703-CELL-078,B05,drive2_MFB-Disco-2,2025-10-02 - Toshiba EXT (Backup)\CELL OBSERVER\FeMn\Ki67\MedioCompleto-3.czi,,,79807917ca7ffdc316a513712985dc0622559782e85f110fd99fd126244da8df,Y,,
ACQ-20240703-CELL-079,B05,drive2_MFB-Disco-2,2025-10-02 - Toshiba EXT (Backup)\CELL OBSERVER\FeMn\Ki67\MedioCompleto-4.czi,,,16d9c60ddfe32e7424deff5bd1f10ff1caefec7ae4c6ad7a1a31e16c1f375c50,Y,,
ACQ-20240703-CELL-080,B05,drive2_MFB-Disco-2,2025-10-02 - Toshiba EXT (Backup)\CELL OBSERVER\FeMn\Ki67\MedioCompleto-5.czi,,,cab1230bf71a5fae77ad1ac291e84aca216237f163d85ecbcf957e5195f281d4,Y,,
ACQ-20240703-CELL-081,B05,drive2_MFB-Disco-2,2025-10-02 - Toshiba EXT (Backup)\CELL OBSERVER\FeMn\Ki67\MedioSinFBS-1.czi,,,c63ea27f421f87b3c959d191d3b7281c235f261c5af7b51e906129895bd8c332,Y,,
ACQ-20240703-CELL-082,B05,drive2_MFB-Disco-2,2025-10-02 - Toshiba EXT (Backup)\CELL OBSERVER\FeMn\Ki67\MedioSinFBS-2.czi,,,1e80541ea606ad25ca5a2b08c73d8088f061423f57fed85136e9726234080536,Y,drive2_MFB-Disco-2/2025-10-02 - Toshiba EXT (Backup)/CELL OBSERVER/FeMn/Ki67/Nucleos-rosa/MedioSinFBS-2.czi,
ACQ-20240703-CELL-083,B05,drive2_MFB-Disco-2,2025-10-02 - Toshiba EXT (Backup)\CELL OBSERVER\FeMn\Ki67\MedioSinFBS-3.czi,,,69f909849d5b32ac4402a70cc4c528bc8df78d78215d1cc8d35c5804babaf282,Y,,
ACQ-20240703-CELL-084,B05,drive2_MFB-Disco-2,2025-10-02 - Toshiba EXT (Backup)\CELL OBSERVER\FeMn\Ki67\MedioSinFBS-4.czi,,,a87615332ae6b9aa2d1f52485012cf0d80e71b400980e2298e48c62cd38c21b5,Y,,
ACQ-20240703-CELL-085,B05,drive2_MFB-Disco-2,2025-10-02 - Toshiba EXT (Backup)\CELL OBSERVER\FeMn\Ki67\MedioSinFBS-5.czi,,,01d464423fec052ffd13168666a81911baf3a842bbb9fe1fa00d0e03560a468d,Y,,
ACQ-20240703-CELL-086,B05,drive2_MFB-Disco-2,2025-10-02 - Toshiba EXT (Backup)\CELL OBSERVER\FeMn\Ki67\Nucleos-rosa\x1.8-0.05-3-scale.czi,,,3f007d0f39b7011bef49d7bbecf89b6225f5be10711d348301a8918e9024cccb,Y,,
ACQ-20240703-CELL-087,B05,drive2_MFB-Disco-2,2025-10-02 - Toshiba EXT (Backup)\CELL OBSERVER\FeMn\Ki67\x1.4-0.01ug-1.czi,,,be19f01523d988e38270853904d16098e324c8622e6b67c1e23553b91a50bd02,Y,,
ACQ-20240703-CELL-088,B05,drive2_MFB-Disco-2,2025-10-02 - Toshiba EXT (Backup)\CELL OBSERVER\FeMn\Ki67\x1.4-0.01ug-2.czi,,,963a7a72b53e7c11187d16da536d50889519f64a0f9a8271ec2eedc296ebab9b,Y,,
ACQ-20240703-CELL-089,B05,drive2_MFB-Disco-2,2025-10-02 - Toshiba EXT (Backup)\CELL OBSERVER\FeMn\Ki67\x1.4-0.01ug-3.czi,,,f5e23bd1366abf620f0b8b6e4437b63cd65a0dd36506e748f74e9f097b8da443,Y,,
ACQ-20240703-CELL-090,B05,drive2_MFB-Disco-2,2025-10-02 - Toshiba EXT (Backup)\CELL OBSERVER\FeMn\Ki67\x1.4-0.01ug-4.czi,,,8b1d4458a031f9c5d04da15727f5172c798b31eb2fe88e7df34ab314b6cf3059,Y,,
ACQ-20240703-CELL-091,B05,drive2_MFB-Disco-2,2025-10-02 - Toshiba EXT (Backup)\CELL OBSERVER\FeMn\Ki67\x1.4-0.01ug-5.czi,,,8a807e12e586859d3a1e6dde1084226bf6aec5d55051f0b83eebd95a3cb832bc,Y,,
ACQ-20240703-CELL-092,B05,drive2_MFB-Disco-2,2025-10-02 - Toshiba EXT (Backup)\CELL OBSERVER\FeMn\Ki67\x1.4-0.05-1.czi,,,9de271c19a9aa7c6352566f170565d5a75fd70204cb325e45b96fc6afb309c19,Y,,
ACQ-20240703-CELL-093,B05,drive2_MFB-Disco-2,2025-10-02 - Toshiba EXT (Backup)\CELL OBSERVER\FeMn\Ki67\x1.4-0.05-2.czi,,,05c54fccd84209b5c2e7c7736304de6aea278836d6b3d1a5f9ab79bfc36c710f,Y,,
ACQ-20240703-CELL-094,B05,drive2_MFB-Disco-2,2025-10-02 - Toshiba EXT (Backup)\CELL OBSERVER\FeMn\Ki67\x1.4-0.05-3.czi,,,d6994fc97e540802988c08c5d52b74a72d5ca91b36575d909d9a289a6d92dbc9,Y,,
ACQ-20240703-CELL-095,B05,drive2_MFB-Disco-2,2025-10-02 - Toshiba EXT (Backup)\CELL OBSERVER\FeMn\Ki67\x1.4-0.05-4.czi,,,f271adbe96c4817fcfef816206efea82892aa77377afb4f26c56ab0fc7ce0c77,Y,,
ACQ-20240703-CELL-096,B05,drive2_MFB-Disco-2,2025-10-02 - Toshiba EXT (Backup)\CELL OBSERVER\FeMn\Ki67\x1.4-0.05-5.czi,,,16d11d6afaab2e538eec4f277277122cb6484cce01fe6011650a8421d70840ee,Y,,
ACQ-20240703-CELL-097,B05,drive2_MFB-Disco-2,2025-10-02 - Toshiba EXT (Backup)\CELL OBSERVER\FeMn\Ki67\x1.8-0.01-.czi,,,9e90e7276c6393f9904ca41810c4c4df2eec751b17633b9488ee5cb408435029,Y,,
ACQ-20240703-CELL-098,B05,drive2_MFB-Disco-2,2025-10-02 - Toshiba EXT (Backup)\CELL OBSERVER\FeMn\Ki67\x1.8-0.01-1.czi,,,519d134b8abf48df388006287088f9b65d4165cafecb3fe72686084e37b27cb3,Y,,
ACQ-20240703-CELL-099,B05,drive2_MFB-Disco-2,2025-10-02 - Toshiba EXT (Backup)\CELL OBSERVER\FeMn\Ki67\x1.8-0.01-2.czi,,,9dbe9ec63f5fe0214cafcd3a6bfefaa2fb0f9cca29eb17e63b902c156ac3f9d4,Y,drive2_MFB-Disco-2/2025-10-02 - Toshiba EXT (Backup)/CELL OBSERVER/FeMn/Ki67/Nucleos-rosa/x1.8-0.01-2.czi,
ACQ-20240703-CELL-100,B05,drive2_MFB-Disco-2,2025-10-02 - Toshiba EXT (Backup)\CELL OBSERVER\FeMn\Ki67\x1.8-0.01-3.czi,,,422dabcdd6114a3403710348d7da738d39003fa7f68bf021dac9631543579bfe,Y,,
ACQ-20240703-CELL-101,B05,drive2_MFB-Disco-2,2025-10-02 - Toshiba EXT (Backup)\CELL OBSERVER\FeMn\Ki67\x1.8-0.01-5.czi,,,4de41aaeafaebd0958a407310ef7a625a9e0549abc4794a7b509b33fc007d1e7,Y,,
ACQ-20240703-CELL-102,B05,drive2_MFB-Disco-2,2025-10-02 - Toshiba EXT (Backup)\CELL OBSERVER\FeMn\Ki67\x1.8-0.05-1.czi,,,93a6a8591ee0019979c17617ece65102441bf59af84b935ca8c284b375aff447,Y,,
ACQ-20240703-CELL-103,B05,drive2_MFB-Disco-2,2025-10-02 - Toshiba EXT (Backup)\CELL OBSERVER\FeMn\Ki67\x1.8-0.05-2.czi,,,140ee68fba4bf8256d3299b6d8132ecdca32b9c6eecf9d0c4a2fd471c5bb35cd,Y,,
ACQ-20240703-CELL-104,B05,drive2_MFB-Disco-2,2025-10-02 - Toshiba EXT (Backup)\CELL OBSERVER\FeMn\Ki67\x1.8-0.05-3.czi,,,1c0438868a88944e4c2317454047ef5dc93d19df262ebbe30e6dbc01c1bec8a4,Y,drive2_MFB-Disco-2/2025-10-02 - Toshiba EXT (Backup)/CELL OBSERVER/FeMn/Ki67/Nucleos-rosa/x1.8-0.05-3.czi,
ACQ-20240703-CELL-105,B05,drive2_MFB-Disco-2,2025-10-02 - Toshiba EXT (Backup)\CELL OBSERVER\FeMn\Ki67\x1.8-0.05-4.czi,,,87f59bc42dab09306910fb996d4008c525d58b9221bb89583a2e9253186f3b5d,Y,,
ACQ-20240703-CELL-106,B05,drive2_MFB-Disco-2,2025-10-02 - Toshiba EXT (Backup)\CELL OBSERVER\FeMn\Ki67\x1.8-0.05-5.czi,,,fd6942bfb884a0e85aced2333681fbacb5d5a816c3392c096527f96233f1fc31,Y,,
ACQ-20240703-CELL-107,B05,drive2_MFB-Disco-2,2025-10-02 - Toshiba EXT (Backup)\CELL OBSERVER\FeMn\alfa-sma\030724\Medio completo-1.czi,,,838941ca5d1a11b0ff1bb18840ce391fc77f47b8e3b4afe471ad58dfdf31c129,Y,,
ACQ-20240703-CELL-108,B05,drive2_MFB-Disco-2,2025-10-02 - Toshiba EXT (Backup)\CELL OBSERVER\FeMn\alfa-sma\030724\Medio completo-2.czi,,,2bd43f8a5c8daa2a7ae439a57827280b5b4ceddfd79a8b5916778d6886f7d5e7,Y,,
ACQ-20240703-CELL-109,B05,drive2_MFB-Disco-2,2025-10-02 - Toshiba EXT (Backup)\CELL OBSERVER\FeMn\alfa-sma\030724\Medio-5ngTGFB.czi,,,8ebaccf3d144c38275de3fdc23f367e828ecf58329f43ae5beeadb0e9109de33,Y,,
ACQ-20240703-CELL-110,B05,drive2_MFB-Disco-2,2025-10-02 - Toshiba EXT (Backup)\CELL OBSERVER\FeMn\alfa-sma\030724\Medio-sinFBS.czi,,,24a074b7386924e7cdfca73924f5488c8898c9435a87d7330606a71475562e81,Y,,
ACQ-20240703-CELL-111,B05,drive2_MFB-Disco-2,2025-10-02 - Toshiba EXT (Backup)\CELL OBSERVER\FeMn\alfa-sma\030724\x1.4-0.01ug.czi,,,cac68117b78cb34bff064a037bde2707b8b731b8fcb33803a78159be2c9a4500,Y,,
ACQ-20240703-CELL-112,B05,drive2_MFB-Disco-2,2025-10-02 - Toshiba EXT (Backup)\CELL OBSERVER\FeMn\alfa-sma\030724\x1.4-0.05ug.czi,,,1f4122d82cfc0948a7f831bf280b6cba8d4dd308a94c1082f913335f2cca2e0f,Y,,
ACQ-20240703-CELL-113,B05,drive2_MFB-Disco-2,2025-10-02 - Toshiba EXT (Backup)\CELL OBSERVER\FeMn\alfa-sma\030724\x1.8-0.01ug.czi,,,29873bd6bda063beea25a30a6c2181300bd28b7e77d66fe91b1c1d194e2228e5,Y,,
ACQ-20240703-CELL-114,B05,drive2_MFB-Disco-2,2025-10-02 - Toshiba EXT (Backup)\CELL OBSERVER\FeMn\alfa-sma\030724\x1.8-0.05ug.czi,,,3bba3390839899f1a744c980237ad56c5ce49f409190808db9924152c6ad8be8,Y,,
ACQ-20240705-CELL-001,B05,drive2_MFB-Disco-2,2025-10-02 - Toshiba EXT (Backup)\CELL OBSERVER\Herida-05.07.24\2024-07-05\10ng-0.01-x1.4-1.czi,,,77e4ef3d1322543d0ebac3eda0c2a22815bf097e718bed2172aed3a06324cde5,Y,,
ACQ-20240705-CELL-002,B05,drive2_MFB-Disco-2,2025-10-02 - Toshiba EXT (Backup)\CELL OBSERVER\Herida-05.07.24\2024-07-05\10ng-0.01-x1.4-2-SCALE.czi,,,959256f68a0af1f9a38176adf480e37470545ce0ec6dba46f3ffe61870d8199f,Y,,
ACQ-20240705-CELL-003,B05,drive2_MFB-Disco-2,2025-10-02 - Toshiba EXT (Backup)\CELL OBSERVER\Herida-05.07.24\2024-07-05\10ng-0.01-x1.4-2.czi,,,f18bbe00c21b9388068d39422458ada14c3661146ebebe9886d1ead4ba679949,Y,,
ACQ-20240705-CELL-004,B05,drive2_MFB-Disco-2,2025-10-02 - Toshiba EXT (Backup)\CELL OBSERVER\Herida-05.07.24\2024-07-05\10ng-0.01-x1.4-3.czi,,,811f4693674b1be3b36b1d140b7662b20908275e0a1dca56c0a3132a3a9a04b5,Y,,
ACQ-20240705-CELL-005,B05,drive2_MFB-Disco-2,2025-10-02 - Toshiba EXT (Backup)\CELL OBSERVER\Herida-05.07.24\2024-07-05\10ng-0.01-x1.4-4.czi,,,a2d2a68b45c51dc011fa482453a411a28a735af3c6df5320c0f7ba32d0c908cc,Y,,
ACQ-20240705-CELL-006,B05,drive2_MFB-Disco-2,2025-10-02 - Toshiba EXT (Backup)\CELL OBSERVER\Herida-05.07.24\2024-07-05\10ng-0.05-x1.4-1.czi,,,ecb2de692080b7c03345280b9d63e27ef4828fe8bba525869a694e757e936d2d,Y,,
ACQ-20240705-CELL-007,B05,drive2_MFB-Disco-2,2025-10-02 - Toshiba EXT (Backup)\CELL OBSERVER\Herida-05.07.24\2024-07-05\10ng-0.05-x1.4-2.czi,,,eaa5276e74f641ba5789aa00abe8dfe594fefba77027551900053e415905cf45,Y,,
ACQ-20240705-CELL-008,B05,drive2_MFB-Disco-2,2025-10-02 - Toshiba EXT (Backup)\CELL OBSERVER\Herida-05.07.24\2024-07-05\10ng-0.05-x1.4-3.czi,,,d375962c6a75ce944004992c105c15a58b248a4056bc26c64010fc5133baa8eb,Y,,
ACQ-20240705-CELL-009,B05,drive2_MFB-Disco-2,2025-10-02 - Toshiba EXT (Backup)\CELL OBSERVER\Herida-05.07.24\2024-07-05\10ng-0.05-x1.4-4.czi,,,87dcc3439e33185285d3ca1eb682c212e9fddba918f4d43f55773ba7b0e24b6b,Y,,
ACQ-20240705-CELL-010,B05,drive2_MFB-Disco-2,2025-10-02 - Toshiba EXT (Backup)\CELL OBSERVER\Herida-05.07.24\2024-07-05\10ng-2.czi,,,d78908b92bc264dcf2dc7b62be9ad7f2a3d74580d18131298599a7059f519d39,Y,,
ACQ-20240705-CELL-011,B05,drive2_MFB-Disco-2,2025-10-02 - Toshiba EXT (Backup)\CELL OBSERVER\Herida-05.07.24\2024-07-05\10ng.czi,,,1a46ac220d067b6312aa05f5e353451cfe07a708007dea4bd80c49acb3f1ae4b,Y,,
ACQ-20240705-CELL-012,B05,drive2_MFB-Disco-2,2025-10-02 - Toshiba EXT (Backup)\CELL OBSERVER\Herida-05.07.24\2024-07-05\5ng-0.01-1.8-3.czi,,,c2635c512aba9fe86c96b522270d5d90052e186f41ede59f24aea14d78609d91,Y,,
ACQ-20240705-CELL-013,B05,drive2_MFB-Disco-2,2025-10-02 - Toshiba EXT (Backup)\CELL OBSERVER\Herida-05.07.24\2024-07-05\5ng-0.01-1.8-4.czi,,,55b5e2f775cd67c100aa098c15f2ab735aefeec57b544d606f1461aa28dd5bb9,Y,,
ACQ-20240705-CELL-014,B05,drive2_MFB-Disco-2,2025-10-02 - Toshiba EXT (Backup)\CELL OBSERVER\Herida-05.07.24\2024-07-05\5ng-0.01-x1.8-1.czi,,,ebb949b1110c43a2540d9492fe6ce3e3e8a4059e12545c10baa6e0ac989fe1b7,Y,,
ACQ-20240705-CELL-015,B05,drive2_MFB-Disco-2,2025-10-02 - Toshiba EXT (Backup)\CELL OBSERVER\Herida-05.07.24\2024-07-05\5ng-0.01-x1.8-2.czi,,,0265c1d9fd46e580ef6df1e0abb306bb14687fdf4c3de48435f9620a24a1ea88,Y,,
ACQ-20240705-CELL-016,B05,drive2_MFB-Disco-2,2025-10-02 - Toshiba EXT (Backup)\CELL OBSERVER\Herida-05.07.24\2024-07-05\5ng-0.05-x1.8-1.czi,,,522e4d7b9d9fd44acd4084d69e132a4148b83690d5bf56d56b5e59cfd271dc4a,Y,,
ACQ-20240705-CELL-017,B05,drive2_MFB-Disco-2,2025-10-02 - Toshiba EXT (Backup)\CELL OBSERVER\Herida-05.07.24\2024-07-05\5ng-0.05-x1.8-2.czi,,,714b0ac5474a4aa2149cd5e9c7488e29ef9cda7c41245bc1da514f92e66efeb3,Y,,
ACQ-20240705-CELL-018,B05,drive2_MFB-Disco-2,2025-10-02 - Toshiba EXT (Backup)\CELL OBSERVER\Herida-05.07.24\2024-07-05\5ng-0.05-x1.8-3.czi,,,e73f61557e7c8bd653dd4eb33282d891e7efde34fbb35b5ce695f1a83cb7ffcd,Y,,
ACQ-20240705-CELL-019,B05,drive2_MFB-Disco-2,2025-10-02 - Toshiba EXT (Backup)\CELL OBSERVER\Herida-05.07.24\2024-07-05\5ng-0.05-x1.8-4.czi,,,ceada00ea21033b0613b9d76f00c842ffcd3b67f4b8a0a63c55865b3b04b3741,Y,,
ACQ-20240705-CELL-020,B05,drive2_MFB-Disco-2,2025-10-02 - Toshiba EXT (Backup)\CELL OBSERVER\Herida-05.07.24\2024-07-05\5ng-2.czi,,,c53427b6453864a78e6a01ef3a8482737d024ca80a986c4d62e1fe4390f5b811,Y,,
ACQ-20240705-CELL-021,B05,drive2_MFB-Disco-2,2025-10-02 - Toshiba EXT (Backup)\CELL OBSERVER\Herida-05.07.24\2024-07-05\5ng.czi,,,008ad16bdc58d976fb3aa1e274165b1f029137a4fbfbe20770e969733a4ea94c,Y,,
ACQ-20240705-CELL-022,B05,drive2_MFB-Disco-2,2025-10-02 - Toshiba EXT (Backup)\CELL OBSERVER\Herida-05.07.24\2024-07-05\Herida-05-07-2024.czi,,,309eb2b1e33862b3f6f1ff8e3023cb1810b93a4224e07e3261b5056434473b3a,Y,,
ACQ-20240705-CELL-023,B05,drive2_MFB-Disco-2,2025-10-02 - Toshiba EXT (Backup)\CELL OBSERVER\Herida-05.07.24\2024-07-05\LauraFM-02.czi,,,3809bd278d5daaa27da284625cb22eef52ea038ba81963a8df6e0dddcf717573,Y,,
ACQ-20240705-CELL-024,B05,drive2_MFB-Disco-2,2025-10-02 - Toshiba EXT (Backup)\CELL OBSERVER\Herida-05.07.24\2024-07-05\LauraFM-03.czi,,,d7dff22842cb22b3f2f04f6c49bd1a66b3cb92391072ecb048014bd155728ac4,Y,,
ACQ-20240705-CELL-025,B05,drive2_MFB-Disco-2,2025-10-02 - Toshiba EXT (Backup)\CELL OBSERVER\Herida-05.07.24\2024-07-05\LauraFM.czi,,,88db4ca26642d261665052d5689e4e1ab4145c3766501c763aae14d082e28aed,Y,,
ACQ-20240705-CELL-026,B05,drive2_MFB-Disco-2,2025-10-02 - Toshiba EXT (Backup)\CELL OBSERVER\Herida-05.07.24\2024-07-05\Medio-completo-1.czi,,,2b6f6425779ea182d793626c0bceacb629963050a54bb32e2324d2b4337a764d,Y,,
ACQ-20240705-CELL-027,B05,drive2_MFB-Disco-2,2025-10-02 - Toshiba EXT (Backup)\CELL OBSERVER\Herida-05.07.24\2024-07-05\Medio-completo-2.czi,,,cb36e8b6cd2f563caa00bc41e752a1e097264a142d5ec6c5357ab5f0bb6f0f3e,Y,,
ACQ-20240705-CELL-028,B05,drive2_MFB-Disco-2,2025-10-02 - Toshiba EXT (Backup)\CELL OBSERVER\Herida-05.07.24\2024-07-05\MediosinFBS-1.czi,,,1923c9126bab61b3f3293a51c1fce179df6f63b7867ef7df122e37d5fd2ebbe3,Y,,
ACQ-20240705-CELL-029,B05,drive2_MFB-Disco-2,2025-10-02 - Toshiba EXT (Backup)\CELL OBSERVER\Herida-05.07.24\2024-07-05\MediosinFBS-2.czi,,,6d0bd1a5fcc8f2015b1dc470ae7f8409e2cb812e2cb674f0c48edd874ae63eac,Y,,
ACQ-20240709-CELL-001,B05,drive2_MFB-Disco-2,2025-10-02 - Toshiba EXT (Backup)\CELL OBSERVER\Herida-Elena-09.07.24\2024-07-09\LauraFM-02.czi,,,a5c0add4ddfa62456f4404dda6ba83e941a84fa6b7c5e7b44d23867c4a6bb81c,Y,,
ACQ-20240709-CELL-002,B05,drive2_MFB-Disco-2,2025-10-02 - Toshiba EXT (Backup)\CELL OBSERVER\Herida-Elena-09.07.24\2024-07-09\LauraFM-03.czi,,,e1d87ed06f869be92caf748c03281783136b8257169532ce196ed80909a92c49,Y,,
ACQ-20240709-CELL-003,B05,drive2_MFB-Disco-2,2025-10-02 - Toshiba EXT (Backup)\CELL OBSERVER\Herida-Elena-09.07.24\2024-07-09\LauraFM-04-Create Image Subset-01.czi,,,5a13f2bf26e2aaea4f7e2ca419aff46699e2d1f20a04a8d01b0c0a8fceb497b8,Y,,
ACQ-20240709-CELL-004,B05,drive2_MFB-Disco-2,2025-10-02 - Toshiba EXT (Backup)\CELL OBSERVER\Herida-Elena-09.07.24\2024-07-09\LauraFM-04.czi,,,b52955d746a3d1b5a034f37df43f833429ed2642ce15c727f2785ad474c43b5e,Y,,
ACQ-20240709-CELL-005,B05,drive2_MFB-Disco-2,2025-10-02 - Toshiba EXT (Backup)\CELL OBSERVER\Herida-Elena-09.07.24\2024-07-09\LauraFM.czi,,,4a6db4f5086f0a4fd5cd7a653e3c3a6ad0c4803734c813dcc391944d14bb7ee6,Y,,
ACQ-20240709-CELL-006,B05,drive2_MFB-Disco-2,2025-10-02 - Toshiba EXT (Backup)\CELL OBSERVER\Herida-Elena-09.07.24\2024-07-09\Tiempo0.czi,,,771210ace444ff9edfe0411a8c6695281e9978271bb4964ed63d761b353e341f,Y,,
ACQ-20240712-CELL-001,B05,drive2_MFB-Disco-2,2025-10-02 - Toshiba EXT (Backup)\CELL OBSERVER\FeMn-COL-10ngTGFB\10ngTGFB-10x-1.czi,,,694e08e820bd7c1bf9390331a3e57d1e5ea562752c13a25276ca3d68d17a077d,Y,,
ACQ-20240712-CELL-002,B05,drive2_MFB-Disco-2,2025-10-02 - Toshiba EXT (Backup)\CELL OBSERVER\FeMn-COL-10ngTGFB\10ngTGFB-10x-2.czi,,,3adc471e4181e65724a2ba3fbf6091c8886a58fb6791fda64a7ee8cfaab0ccbf,Y,,
ACQ-20240712-CELL-003,B05,drive2_MFB-Disco-2,2025-10-02 - Toshiba EXT (Backup)\CELL OBSERVER\FeMn-COL-10ngTGFB\10ngTGFB-10x-3.czi,,,b61394992fa4b66b657fe5b48eef06c73d1fc2f7346292f1c7b155306e803c67,Y,,
ACQ-20240712-CELL-004,B05,drive2_MFB-Disco-2,2025-10-02 - Toshiba EXT (Backup)\CELL OBSERVER\FeMn-COL-10ngTGFB\10ngTGFB-10x-4.czi,,,8094c21a908e731707d37c199204b03eeb42cfee950b1538871554804e29e09f,Y,,
ACQ-20240712-CELL-005,B05,drive2_MFB-Disco-2,2025-10-02 - Toshiba EXT (Backup)\CELL OBSERVER\FeMn-COL-10ngTGFB\10ngTGFB-10x-5.czi,,,27a915d61467699459af8f66450902564a527dc61eeef4fa993d7feb3e8c39a2,Y,,
ACQ-20240712-CELL-006,B05,drive2_MFB-Disco-2,2025-10-02 - Toshiba EXT (Backup)\CELL OBSERVER\FeMn-COL-10ngTGFB\10ngTGFB-20x-1.czi,,,8630169c75229f38b29e01df4befd7ea7166eb1bf3397b06285de027d1ebec06,Y,,
ACQ-20240712-CELL-007,B05,drive2_MFB-Disco-2,2025-10-02 - Toshiba EXT (Backup)\CELL OBSERVER\FeMn-COL-10ngTGFB\10ngTGFB-20x-2.czi,,,f1a06a7cc9ac8794f020dce0a41e88c40325c539b1d1fca6f7e0b2302b322ee9,Y,,
ACQ-20240712-CELL-008,B05,drive2_MFB-Disco-2,2025-10-02 - Toshiba EXT (Backup)\CELL OBSERVER\FeMn-COL-10ngTGFB\10ngTGFB-20x-3.czi,,,9afe17815ba2f0d2a408613950ae7c73019243f0c577be0d40217def8a2d4350,Y,,
ACQ-20240712-CELL-009,B05,drive2_MFB-Disco-2,2025-10-02 - Toshiba EXT (Backup)\CELL OBSERVER\FeMn-COL-10ngTGFB\MedioCompleto-10x-1.czi,,,9c67b5c912f12999225d7afc62365b29206724c3b6fe22150f1d6fe3feadc439,Y,,
ACQ-20240712-CELL-010,B05,drive2_MFB-Disco-2,2025-10-02 - Toshiba EXT (Backup)\CELL OBSERVER\FeMn-COL-10ngTGFB\MedioCompleto-10x-2.czi,,,f29685bc60a0512ac7f2c5757abbea6a444d366b4e4a76faaa18502ab0bcfc48,Y,,
ACQ-20240712-CELL-011,B05,drive2_MFB-Disco-2,2025-10-02 - Toshiba EXT (Backup)\CELL OBSERVER\FeMn-COL-10ngTGFB\MedioCompleto-10x-3.czi,,,4d2bd99560b70c2dc4e5c87d81f576fe675e31eba9389ef721dcd5b44167670d,Y,,
ACQ-20240712-CELL-012,B05,drive2_MFB-Disco-2,2025-10-02 - Toshiba EXT (Backup)\CELL OBSERVER\FeMn-COL-10ngTGFB\MedioCompleto-10x-4.czi,,,fb8ee13598e0c57f8949d6fb174b13822fd35ceb622da6a31f78b498b40165ee,Y,,
ACQ-20240712-CELL-013,B05,drive2_MFB-Disco-2,2025-10-02 - Toshiba EXT (Backup)\CELL OBSERVER\FeMn-COL-10ngTGFB\MedioCompleto-10x-5.czi,,,a357637d303186315c88452c36bd4d5596d5861fe29cad144993221a0fd1e59c,Y,,
ACQ-20240712-CELL-014,B05,drive2_MFB-Disco-2,2025-10-02 - Toshiba EXT (Backup)\CELL OBSERVER\FeMn-COL-10ngTGFB\MedioCompleto-20x-1.czi,,,767438a116d225352f2e8a4482b56ba10eddb9ec808fcb6223d4c13edb7c5856,Y,,
ACQ-20240712-CELL-015,B05,drive2_MFB-Disco-2,2025-10-02 - Toshiba EXT (Backup)\CELL OBSERVER\FeMn-COL-10ngTGFB\MedioCompleto-20x-2.czi,,,2111d2d9dc2cb699ecb27bde4bd90ca1d6059fb6223833e205b1870edb525200,Y,,
ACQ-20240712-CELL-016,B05,drive2_MFB-Disco-2,2025-10-02 - Toshiba EXT (Backup)\CELL OBSERVER\FeMn-COL-10ngTGFB\MedioSinFBS-10x-1.czi,,,160eac986e08d1d05bd1491975d0e623ca1315e1af11cd70e0e3316685413d40,Y,,
ACQ-20240712-CELL-017,B05,drive2_MFB-Disco-2,2025-10-02 - Toshiba EXT (Backup)\CELL OBSERVER\FeMn-COL-10ngTGFB\MedioSinFBS-10x-2.czi,,,b70f39860fd1f855513db410e4169355ff7f9d59b846896a679d6d703301acdd,Y,,
ACQ-20240712-CELL-018,B05,drive2_MFB-Disco-2,2025-10-02 - Toshiba EXT (Backup)\CELL OBSERVER\FeMn-COL-10ngTGFB\MedioSinFBS-10x-3.czi,,,f752b43087fad6a703c73c8c84ab8b3e42bd5b0d2d3808fb7f5d4f31a7a44d10,Y,,
ACQ-20240712-CELL-019,B05,drive2_MFB-Disco-2,2025-10-02 - Toshiba EXT (Backup)\CELL OBSERVER\FeMn-COL-10ngTGFB\MedioSinFBS-10x-4.czi,,,b23422043ae5c3cccb67c478e35370f7550d8aea44435229f3194fc31e52975f,Y,,
ACQ-20240712-CELL-020,B05,drive2_MFB-Disco-2,2025-10-02 - Toshiba EXT (Backup)\CELL OBSERVER\FeMn-COL-10ngTGFB\MedioSinFBS-10x-5.czi,,,bbb3d73b281e142ee43949a763f2642aa651f2c68539051ed6d58e1b64690973,Y,,
ACQ-20240712-CELL-021,B05,drive2_MFB-Disco-2,2025-10-02 - Toshiba EXT (Backup)\CELL OBSERVER\FeMn-COL-10ngTGFB\MedioSinFBS-20x-1.czi,,,b02a596b7996e4374f8327ba924e5cefb946188a65b611254ffaf2d6914f33f2,Y,,
ACQ-20240712-CELL-022,B05,drive2_MFB-Disco-2,2025-10-02 - Toshiba EXT (Backup)\CELL OBSERVER\FeMn-COL-10ngTGFB\MedioSinFBS-20x-2.czi,,,c827b0e2fc7d6a1b1bedfc07c1c36f484dd7aa6441fb7d2e62b5d2378776d73a,Y,,
ACQ-20240712-CELL-023,B05,drive2_MFB-Disco-2,2025-10-02 - Toshiba EXT (Backup)\CELL OBSERVER\FeMn-COL-10ngTGFB\x1.4-10x-0.01-1.czi,,,6a4afccc905517903840fce7aac3b2eda699cf771849da851594e65bc81bdf58,Y,,
ACQ-20240712-CELL-024,B05,drive2_MFB-Disco-2,2025-10-02 - Toshiba EXT (Backup)\CELL OBSERVER\FeMn-COL-10ngTGFB\x1.4-10x-0.01-2.czi,,,71bcd7493aae2deb51ef4981dd492cb7696cc828b1b04a21d6694faf47f4fbb7,Y,,
ACQ-20240712-CELL-025,B05,drive2_MFB-Disco-2,2025-10-02 - Toshiba EXT (Backup)\CELL OBSERVER\FeMn-COL-10ngTGFB\x1.4-10x-0.01-3.czi,,,745bf9be0101b6d0e153326a93a3a682847b8204fb95a6417c18f6a5301b4e23,Y,,
ACQ-20240712-CELL-026,B05,drive2_MFB-Disco-2,2025-10-02 - Toshiba EXT (Backup)\CELL OBSERVER\FeMn-COL-10ngTGFB\x1.4-10x-0.01-4.czi,,,d8c22120064483d88853f1c34ce8942c9ea2b8a69740f166383b6e5d01bfbe82,Y,,
ACQ-20240712-CELL-027,B05,drive2_MFB-Disco-2,2025-10-02 - Toshiba EXT (Backup)\CELL OBSERVER\FeMn-COL-10ngTGFB\x1.4-10x-0.01-5.czi,,,bb7f1eb1e86c9e2de5de7882dbd5789316e8415a2402e346c8971515b2e49228,Y,,
ACQ-20240712-CELL-028,B05,drive2_MFB-Disco-2,2025-10-02 - Toshiba EXT (Backup)\CELL OBSERVER\FeMn-COL-10ngTGFB\x1.4-10x-0.01-6.czi,,,aef9caea33f78e3fc3c58d7a2ced59bf761173b2515b362061ebfbd74ce51722,Y,,
ACQ-20240712-CELL-029,B05,drive2_MFB-Disco-2,2025-10-02 - Toshiba EXT (Backup)\CELL OBSERVER\FeMn-COL-10ngTGFB\x1.4-10x-0.05-.czi,,,387905c21b79e706f54de36d4922f2e7600275d6df99c84e92681725983a9477,Y,,
ACQ-20240712-CELL-030,B05,drive2_MFB-Disco-2,2025-10-02 - Toshiba EXT (Backup)\CELL OBSERVER\FeMn-COL-10ngTGFB\x1.4-10x-0.05-1.czi,,,bed445e739875a7c5dc519d686bfcc82cfebec3be0db60ee02c3014cff254a43,Y,,
ACQ-20240712-CELL-031,B05,drive2_MFB-Disco-2,2025-10-02 - Toshiba EXT (Backup)\CELL OBSERVER\FeMn-COL-10ngTGFB\x1.4-10x-0.05-2.czi,,,95e6ef054b9ea482775098d0546b17194083f86f44a69065cedff8b01ef74a74,Y,,
ACQ-20240712-CELL-032,B05,drive2_MFB-Disco-2,2025-10-02 - Toshiba EXT (Backup)\CELL OBSERVER\FeMn-COL-10ngTGFB\x1.4-10x-0.05-3.czi,,,cf35202e2310ad92751a8ab863daaacba80f22eafa193c228e0a67299ed83842,Y,,
ACQ-20240712-CELL-033,B05,drive2_MFB-Disco-2,2025-10-02 - Toshiba EXT (Backup)\CELL OBSERVER\FeMn-COL-10ngTGFB\x1.4-10x-0.05-5.czi,,,fd08f846d978380a62842ffff5b77c305dffadc03a63b34cb389995d83e0f565,Y,,
ACQ-20240712-CELL-034,B05,drive2_MFB-Disco-2,2025-10-02 - Toshiba EXT (Backup)\CELL OBSERVER\FeMn-COL-10ngTGFB\x1.4-10x-0.1-.czi,,,dbf9ffc2a80ca355d3e60e3dc98a3b551f1f510ea1d29c42df34af92448f266a,Y,,
ACQ-20240712-CELL-035,B05,drive2_MFB-Disco-2,2025-10-02 - Toshiba EXT (Backup)\CELL OBSERVER\FeMn-COL-10ngTGFB\x1.4-10x-0.1-1.czi,,,b42c1195b61fcec8004202dd08a87de172c4c1298596ba20213a798cb1ff8e2a,Y,,
ACQ-20240712-CELL-036,B05,drive2_MFB-Disco-2,2025-10-02 - Toshiba EXT (Backup)\CELL OBSERVER\FeMn-COL-10ngTGFB\x1.4-10x-0.1-2.czi,,,2585049f68233259403ea18cf4dd086c82bb70e3fbd28db35e8ebac41f546b2d,Y,,
ACQ-20240712-CELL-037,B05,drive2_MFB-Disco-2,2025-10-02 - Toshiba EXT (Backup)\CELL OBSERVER\FeMn-COL-10ngTGFB\x1.4-10x-0.1-4.czi,,,a59ad640969d8ec83a3a958d4b4bb07ef498e741123ece4fab6d70efff4c5654,Y,,
ACQ-20240712-CELL-038,B05,drive2_MFB-Disco-2,2025-10-02 - Toshiba EXT (Backup)\CELL OBSERVER\FeMn-COL-10ngTGFB\x1.4-10x-0.1-5.czi,,,a9a540e7a51f0c0b841bd712577f536f93f4af64e2989bc490ca83384561d0f0,Y,,
ACQ-20240712-CELL-039,B05,drive2_MFB-Disco-2,2025-10-02 - Toshiba EXT (Backup)\CELL OBSERVER\FeMn-COL-10ngTGFB\x1.4-20x-0.01-1.czi,,,ab72cdbfaee4f2a7670ca606a5f805e9e6319699e16c484fac9e760752804327,Y,,
ACQ-20240712-CELL-040,B05,drive2_MFB-Disco-2,2025-10-02 - Toshiba EXT (Backup)\CELL OBSERVER\FeMn-COL-10ngTGFB\x1.4-20x-0.01-2.czi,,,b0e42efa28fb3ebe549adca87d4c1f719ac642ed67491c64605e373c819008aa,Y,,
ACQ-20240712-CELL-041,B05,drive2_MFB-Disco-2,2025-10-02 - Toshiba EXT (Backup)\CELL OBSERVER\FeMn-COL-10ngTGFB\x1.4-20x-0.05-1.czi,,,a65cb3491f18f3b8ea87f05014ae606d42ff61a2a0d413e4a2546d01d498cd55,Y,,
ACQ-20240712-CELL-042,B05,drive2_MFB-Disco-2,2025-10-02 - Toshiba EXT (Backup)\CELL OBSERVER\FeMn-COL-10ngTGFB\x1.4-20x-0.05-2.czi,,,1823de87f98933e1f39d6749046ad0b37b99be9b9c513896a2254f653cf47380,Y,,
ACQ-20240712-CELL-043,B05,drive2_MFB-Disco-2,2025-10-02 - Toshiba EXT (Backup)\CELL OBSERVER\FeMn-COL-10ngTGFB\x1.4-20x-0.1-1.czi,,,051815f211bb8650b5e6ad872b77097a170d66f2439aa5ea41b11baf19a567e4,Y,,
ACQ-20240712-CELL-044,B05,drive2_MFB-Disco-2,2025-10-02 - Toshiba EXT (Backup)\CELL OBSERVER\FeMn-COL-10ngTGFB\x1.4-20x-0.1-2.czi,,,bf64c1ffaf4340aabe3a5bc6f714d042e57541c2e638f17a5f770a2fd76ccaeb,Y,,
ACQ-20240712-CELL-045,B05,drive2_MFB-Disco-2,2025-10-02 - Toshiba EXT (Backup)\CELL OBSERVER\FeMn-COL-10ngTGFB\x1.4-20x-0.1-3.czi,,,a234442344c9a7533cd37b04285bcd6b39e8deb619e2a4c192d1d2dad5b7cbc2,Y,,
ACQ-20240712-CELL-046,B05,drive2_MFB-Disco-2,2025-10-02 - Toshiba EXT (Backup)\CELL OBSERVER\FeMn-COL-10ngTGFB\x1.8-10x-0.01-1.czi,,,52a179efd0323a2b1aef9b8d59c5c1a1603bdfac7e44e379d19af13f91a3e71e,Y,,
ACQ-20240712-CELL-047,B05,drive2_MFB-Disco-2,2025-10-02 - Toshiba EXT (Backup)\CELL OBSERVER\FeMn-COL-10ngTGFB\x1.8-10x-0.01-2.czi,,,ecd368c5d22e6b6b2656e3353928119505f3e8768018fb7ebcaa762667da644b,Y,,
ACQ-20240712-CELL-048,B05,drive2_MFB-Disco-2,2025-10-02 - Toshiba EXT (Backup)\CELL OBSERVER\FeMn-COL-10ngTGFB\x1.8-10x-0.01-3.czi,,,0eeca99f1078ffef34d57f5f047dd68fecc5a84d01da66cad7fc63fd14a44d39,Y,,
ACQ-20240712-CELL-049,B05,drive2_MFB-Disco-2,2025-10-02 - Toshiba EXT (Backup)\CELL OBSERVER\FeMn-COL-10ngTGFB\x1.8-10x-0.01-4.czi,,,548d5b67b3ce5beafe8615f83b7a2e083fc044a93418286c1c4e6863004b0bbc,Y,,
ACQ-20240712-CELL-050,B05,drive2_MFB-Disco-2,2025-10-02 - Toshiba EXT (Backup)\CELL OBSERVER\FeMn-COL-10ngTGFB\x1.8-10x-0.01-5.czi,,,10fe06f95341c633b26355279b9ec42f24c944a6d2e2a47e3af84a26f4d0af6a,Y,,
ACQ-20240712-CELL-051,B05,drive2_MFB-Disco-2,2025-10-02 - Toshiba EXT (Backup)\CELL OBSERVER\FeMn-COL-10ngTGFB\x1.8-10x-0.05-1.czi,,,c6d33f0d3d126901ea0f596b5179b3dac848e6ad6554910f2144764abe176e13,Y,,
ACQ-20240712-CELL-052,B05,drive2_MFB-Disco-2,2025-10-02 - Toshiba EXT (Backup)\CELL OBSERVER\FeMn-COL-10ngTGFB\x1.8-10x-0.05-2.czi,,,2ca2482c72c3b34f4ae503da58a1aaf90cfb5a35a6faa74d4c41c8a9e4abf9b2,Y,,
ACQ-20240712-CELL-053,B05,drive2_MFB-Disco-2,2025-10-02 - Toshiba EXT (Backup)\CELL OBSERVER\FeMn-COL-10ngTGFB\x1.8-10x-0.05-3.czi,,,e80caafc55f436fbc850fa5f7e81289df5a1a3c253bcf2ca226e71a3d8563c53,Y,,
ACQ-20240712-CELL-054,B05,drive2_MFB-Disco-2,2025-10-02 - Toshiba EXT (Backup)\CELL OBSERVER\FeMn-COL-10ngTGFB\x1.8-10x-0.05-4.czi,,,f6c914cf8795f10a6ea06778bea47494a82ab4ecf0eb92df6ed87b4078933e38,Y,,
ACQ-20240712-CELL-055,B05,drive2_MFB-Disco-2,2025-10-02 - Toshiba EXT (Backup)\CELL OBSERVER\FeMn-COL-10ngTGFB\x1.8-10x-0.05-5.czi,,,e1250e5fa43e994210bf45d65953f0054c6a378ac8ec75f508b26c50bf1195b5,Y,,
ACQ-20240712-CELL-056,B05,drive2_MFB-Disco-2,2025-10-02 - Toshiba EXT (Backup)\CELL OBSERVER\FeMn-COL-10ngTGFB\x1.8-10x-0.1-1.czi,,,051e1350cf9a3725c1235e93f4c9a055ce7396b0000060dd89c9823d6e8a6e86,Y,,
ACQ-20240712-CELL-057,B05,drive2_MFB-Disco-2,2025-10-02 - Toshiba EXT (Backup)\CELL OBSERVER\FeMn-COL-10ngTGFB\x1.8-10x-0.1-2.czi,,,17492fc1a964710c39420c36a5004b8cc00363b92985c41736633c9870b85f05,Y,,
ACQ-20240712-CELL-058,B05,drive2_MFB-Disco-2,2025-10-02 - Toshiba EXT (Backup)\CELL OBSERVER\FeMn-COL-10ngTGFB\x1.8-10x-0.1-3.czi,,,762317e941df122b04738bfe0f7fed760264e838d85a8fc67eb5439fbd5ea6c5,Y,,
ACQ-20240712-CELL-059,B05,drive2_MFB-Disco-2,2025-10-02 - Toshiba EXT (Backup)\CELL OBSERVER\FeMn-COL-10ngTGFB\x1.8-10x-0.1-4.czi,,,e3f7ba5550bcf8d94c573cbb71812ad2af853ed49314b74f82c00311e90451b7,Y,,
ACQ-20240712-CELL-060,B05,drive2_MFB-Disco-2,2025-10-02 - Toshiba EXT (Backup)\CELL OBSERVER\FeMn-COL-10ngTGFB\x1.8-10x-0.1-5.czi,,,22880b0b0a1d9511d4ce70a5b036a99fb1ca34c7ff21a4061f505fed54bcc639,Y,,
ACQ-20240712-CELL-061,B05,drive2_MFB-Disco-2,2025-10-02 - Toshiba EXT (Backup)\CELL OBSERVER\FeMn-COL-10ngTGFB\x1.8-10x-0.1-6.czi,,,f783ac039dcd597537565579906e78b43c262da00227b603a9ca92d889380ba8,Y,,
ACQ-20240712-CELL-062,B05,drive2_MFB-Disco-2,2025-10-02 - Toshiba EXT (Backup)\CELL OBSERVER\FeMn-COL-10ngTGFB\x1.8-20x-0.01-1.czi,,,3df789c5e6ff8c5dd92baa0af0e556292e3d0c36ff61cdad72c61f31aa06e116,Y,,
ACQ-20240712-CELL-063,B05,drive2_MFB-Disco-2,2025-10-02 - Toshiba EXT (Backup)\CELL OBSERVER\FeMn-COL-10ngTGFB\x1.8-20x-0.01-2.czi,,,7d358ebd1f5292db10a287463c62131508d7be53e02d31f1b570a53da5e9e9e0,Y,,
ACQ-20240712-CELL-064,B05,drive2_MFB-Disco-2,2025-10-02 - Toshiba EXT (Backup)\CELL OBSERVER\FeMn-COL-10ngTGFB\x1.8-20x-0.05-1.czi,,,09d0115dcc507d0edf5821b10baa96c16edc041cc2a6d6bb2429630b41789a24,Y,,
ACQ-20240712-CELL-065,B05,drive2_MFB-Disco-2,2025-10-02 - Toshiba EXT (Backup)\CELL OBSERVER\FeMn-COL-10ngTGFB\x1.8-20x-0.05-2.czi,,,592de4b637cb17b3f015d81e6c9991d3c585f96ff19356c9e601f04ab3df1c32,Y,,
ACQ-20240712-CELL-066,B05,drive2_MFB-Disco-2,2025-10-02 - Toshiba EXT (Backup)\CELL OBSERVER\FeMn-COL-10ngTGFB\x1.8-20x-0.1-1.czi,,,2eed926b03b7561383aeea250aa7cd0430dbf9e34ca882822b97daa01766771a,Y,,
ACQ-20240712-CELL-067,B05,drive2_MFB-Disco-2,2025-10-02 - Toshiba EXT (Backup)\CELL OBSERVER\FeMn-COL-10ngTGFB\x1.8-20x-0.1-2.czi,,,3e50ec207f48e314e0723e47cf7e4deee14856a0567c2b8a45f81c388e5aeeb4,Y,,
ACQ-20240712-CELL-068,B05,drive2_MFB-Disco-2,2025-10-02 - Toshiba EXT (Backup)\CELL OBSERVER\FeMn-COL-10ngTGFB\x1.8-20x-0.1-3.czi,,,334e59d64bcd9e303b6b09efadce91c1d3292929a9f3d3403a1bc9cafc72d38c,Y,,
ACQ-20240712-CELL-069,B05,drive2_MFB-Disco-2,2025-10-02 - Toshiba EXT (Backup)\CELL OBSERVER\FeMn-COL-5ngTGFB\5ngTGFB-10x-1.czi,,,750f6a47db2b48a69ecb46e43b8b464d4da3b209779a3aba44b9c47b6617f300,Y,,
ACQ-20240712-CELL-070,B05,drive2_MFB-Disco-2,2025-10-02 - Toshiba EXT (Backup)\CELL OBSERVER\FeMn-COL-5ngTGFB\5ngTGFB-10x-2.czi,,,cc6bb9ac069a504f30dbe69cf397f986d76901d5d03422ebb7ff2e892df1e772,Y,,
ACQ-20240712-CELL-071,B05,drive2_MFB-Disco-2,2025-10-02 - Toshiba EXT (Backup)\CELL OBSERVER\FeMn-COL-5ngTGFB\5ngTGFB-10x-3.czi,,,585d1fc646f0dca98f8fbd8542e8a728d1063d5fe3201785a0b42d27974abeb1,Y,,
ACQ-20240712-CELL-072,B05,drive2_MFB-Disco-2,2025-10-02 - Toshiba EXT (Backup)\CELL OBSERVER\FeMn-COL-5ngTGFB\5ngTGFB-10x-4.czi,,,c61ac1a7fcabcc5de43329c92845358c34c078a6ceedd9da95876a357a963ccd,Y,,
ACQ-20240712-CELL-073,B05,drive2_MFB-Disco-2,2025-10-02 - Toshiba EXT (Backup)\CELL OBSERVER\FeMn-COL-5ngTGFB\5ngTGFB-10x-5.czi,,,b09e6d9d475a01be4042a6d422c3160c333a28aad882416afaa5b9203f0c0c50,Y,,
ACQ-20240712-CELL-074,B05,drive2_MFB-Disco-2,2025-10-02 - Toshiba EXT (Backup)\CELL OBSERVER\FeMn-COL-5ngTGFB\5ngTGFB-20x-1.czi,,,782067df4174c32722a8ecf8386537ad66a0aa16e83e33dacd49902ca1d754d0,Y,,
ACQ-20240712-CELL-075,B05,drive2_MFB-Disco-2,2025-10-02 - Toshiba EXT (Backup)\CELL OBSERVER\FeMn-COL-5ngTGFB\5ngTGFB-20x-2.czi,,,5587a1037a7d663d1054767cd2d9d9b4ca609f8060c84c1223d1b8df398014cd,Y,,
ACQ-20240712-CELL-076,B05,drive2_MFB-Disco-2,2025-10-02 - Toshiba EXT (Backup)\CELL OBSERVER\FeMn-COL-5ngTGFB\MedioCompleto-1.czi,,,12c70590a5f72b9f341f556e91abc40653af690c2d63ba9d5aa4c7ea00ed7e78,Y,,
ACQ-20240712-CELL-077,B05,drive2_MFB-Disco-2,2025-10-02 - Toshiba EXT (Backup)\CELL OBSERVER\FeMn-COL-5ngTGFB\MedioCompleto-2.czi,,,fdb9bace282658b845c08db99b5935dae581f0f9644289cb26b8696bfa26a0cf,Y,,
ACQ-20240712-CELL-078,B05,drive2_MFB-Disco-2,2025-10-02 - Toshiba EXT (Backup)\CELL OBSERVER\FeMn-COL-5ngTGFB\MedioCompleto-3.czi,,,b076668cb854af72b41e4ec58d0ae9e04b72325b7e7ee090e843d92e74c1de73,Y,,
ACQ-20240712-CELL-079,B05,drive2_MFB-Disco-2,2025-10-02 - Toshiba EXT (Backup)\CELL OBSERVER\FeMn-COL-5ngTGFB\MedioCompleto-4.czi,,,4c3f7096bf7b46c5b968d9069dfe13919bf75a7f692fae7241ad32830543ad1d,Y,,
ACQ-20240712-CELL-080,B05,drive2_MFB-Disco-2,2025-10-02 - Toshiba EXT (Backup)\CELL OBSERVER\FeMn-COL-5ngTGFB\MedioCompleto-5.czi,,,43d95ee0959327ebdcf5130940c12869fc9639374017504b6ecde53b0fb85f02,Y,,
ACQ-20240712-CELL-081,B05,drive2_MFB-Disco-2,2025-10-02 - Toshiba EXT (Backup)\CELL OBSERVER\FeMn-COL-5ngTGFB\MedioCompleto-6.czi,,,948b53788cae7c5dba7c15c17de11cbaac9a4892f57c02eaa8018e34f0f2d48f,Y,,
ACQ-20240712-CELL-082,B05,drive2_MFB-Disco-2,2025-10-02 - Toshiba EXT (Backup)\CELL OBSERVER\FeMn-COL-5ngTGFB\MedioCompleto-7.czi,,,bb699c96657a2b6f805961bcb5a6f607282a68e06df2c25334fc74c4d837f261,Y,,
ACQ-20240712-CELL-083,B05,drive2_MFB-Disco-2,2025-10-02 - Toshiba EXT (Backup)\CELL OBSERVER\FeMn-COL-5ngTGFB\MedioSinFBS-10x-1.czi,,,8d0b43c30f0c323ab24b9c0ae4c5bdb29c2b4f90440d41c71b39717a2f38d3f9,Y,,
ACQ-20240712-CELL-084,B05,drive2_MFB-Disco-2,2025-10-02 - Toshiba EXT (Backup)\CELL OBSERVER\FeMn-COL-5ngTGFB\MedioSinFBS-10x-2.czi,,,33ece7a12254c4d3c14c2661c54b24fb6fec544d02d39eebb121f7043dffff60,Y,,
ACQ-20240712-CELL-085,B05,drive2_MFB-Disco-2,2025-10-02 - Toshiba EXT (Backup)\CELL OBSERVER\FeMn-COL-5ngTGFB\MedioSinFBS-10x-3.czi,,,d2605de5cc597a5f449ef7b0f6e8ecb463010755854398d813aae65448537351,Y,,
ACQ-20240712-CELL-086,B05,drive2_MFB-Disco-2,2025-10-02 - Toshiba EXT (Backup)\CELL OBSERVER\FeMn-COL-5ngTGFB\MedioSinFBS-10x-4.czi,,,ac179033d6565c7532503000e32f891c950d1973acf7d4b6674c0be0b05dbe04,Y,,
ACQ-20240712-CELL-087,B05,drive2_MFB-Disco-2,2025-10-02 - Toshiba EXT (Backup)\CELL OBSERVER\FeMn-COL-5ngTGFB\MedioSinFBS-10x-5.czi,,,a2f8bc1ee4ec892814ef3c5f0a76bc12dd4c1b76e4d79e9d96e98d74b788de3d,Y,,
ACQ-20240712-CELL-088,B05,drive2_MFB-Disco-2,2025-10-02 - Toshiba EXT (Backup)\CELL OBSERVER\FeMn-COL-5ngTGFB\MedioSinFBS-10x-6.czi,,,474f011b7bb816112a0bac7212b61d432ebd9eae24583e73af329e5dfbd0ca05,Y,,
ACQ-20240712-CELL-089,B05,drive2_MFB-Disco-2,2025-10-02 - Toshiba EXT (Backup)\CELL OBSERVER\FeMn-COL-5ngTGFB\MedioSinFBS-10x-7.czi,,,ad5387a7a5ffef0bcb558c191502c6aa342316e198b501dc3d75f05d039487d5,Y,,
ACQ-20240712-CELL-090,B05,drive2_MFB-Disco-2,2025-10-02 - Toshiba EXT (Backup)\CELL OBSERVER\FeMn-COL-5ngTGFB\MedioSinFBS-20x-1.czi,,,d6b3b7e867c020e5185e96f1590276c065a1f3e08ae8871ff8d54df5ad9e803e,Y,,
ACQ-20240712-CELL-091,B05,drive2_MFB-Disco-2,2025-10-02 - Toshiba EXT (Backup)\CELL OBSERVER\FeMn-COL-5ngTGFB\MedioSinFBS-20x-2.czi,,,5a7e87d97fcf9332e2287249d2e21b0731bc0f11efc4838dd2e4def8f81af1f1,Y,,
ACQ-20240712-CELL-092,B05,drive2_MFB-Disco-2,2025-10-02 - Toshiba EXT (Backup)\CELL OBSERVER\FeMn-COL-5ngTGFB\x1.4-0.01-10x-1.czi,,,6408024b9a7e48507887a6cd063bbf6c9c7951020a1628c89d7239a95427d71d,Y,,
ACQ-20240712-CELL-093,B05,drive2_MFB-Disco-2,2025-10-02 - Toshiba EXT (Backup)\CELL OBSERVER\FeMn-COL-5ngTGFB\x1.4-0.01-10x-2.czi,,,68c15101f4637f29a9ef0c762cbc4a6a97cd572047d32932db187e03aca9ac33,Y,,
ACQ-20240712-CELL-094,B05,drive2_MFB-Disco-2,2025-10-02 - Toshiba EXT (Backup)\CELL OBSERVER\FeMn-COL-5ngTGFB\x1.4-0.01-10x-3.czi,,,fc6a74b8fbbe6b4358aaeb081edd23e6a9d81d5b7ac55f758fc0ab9da2efae3b,Y,,
ACQ-20240712-CELL-095,B05,drive2_MFB-Disco-2,2025-10-02 - Toshiba EXT (Backup)\CELL OBSERVER\FeMn-COL-5ngTGFB\x1.4-0.01-10x-4.czi,,,f02005af7ad9a8e9c9d0d3c96d1c3f0420046fbb44efb32305ae3cbd7635585a,Y,,
ACQ-20240712-CELL-096,B05,drive2_MFB-Disco-2,2025-10-02 - Toshiba EXT (Backup)\CELL OBSERVER\FeMn-COL-5ngTGFB\x1.4-0.01-10x-5.czi,,,de189166862bd46c04886e167a7cbcd64934fe58c3ac4137fdbdc6b9f0e96cef,Y,,
ACQ-20240712-CELL-097,B05,drive2_MFB-Disco-2,2025-10-02 - Toshiba EXT (Backup)\CELL OBSERVER\FeMn-COL-5ngTGFB\x1.4-0.01-20x-1.czi,,,baac1f1992cab12d509ffb8b595b741f2a0c01f4d2932a5b0a0b782db5c0b3e5,Y,,
ACQ-20240712-CELL-098,B05,drive2_MFB-Disco-2,2025-10-02 - Toshiba EXT (Backup)\CELL OBSERVER\FeMn-COL-5ngTGFB\x1.4-0.01-20x-2.czi,,,9f96d55a116d0b1917bd85f8707bbfcbc897c43067a57f41bf4e538ff427969f,Y,,
ACQ-20240712-CELL-099,B05,drive2_MFB-Disco-2,2025-10-02 - Toshiba EXT (Backup)\CELL OBSERVER\FeMn-COL-5ngTGFB\x1.4-0.01-20x-3.czi,,,5dd5c77b9cbbd165c24a34481a1e6edc7af1edf452955acb517b6610e8688ce1,Y,,
ACQ-20240712-CELL-100,B05,drive2_MFB-Disco-2,2025-10-02 - Toshiba EXT (Backup)\CELL OBSERVER\FeMn-COL-5ngTGFB\x1.4-0.05-10x-1.czi,,,e2c2db6c25c6314d434c0f81f6fcd67a43ceda10caf6a9b2cdafe9509d31940a,Y,,
ACQ-20240712-CELL-101,B05,drive2_MFB-Disco-2,2025-10-02 - Toshiba EXT (Backup)\CELL OBSERVER\FeMn-COL-5ngTGFB\x1.4-0.05-10x-2.czi,,,c35bf9f33e72a6c67f84c37998bec9a49d84f8acc505b027f13f9cbe8dd7ea76,Y,,
ACQ-20240712-CELL-102,B05,drive2_MFB-Disco-2,2025-10-02 - Toshiba EXT (Backup)\CELL OBSERVER\FeMn-COL-5ngTGFB\x1.4-0.05-10x-3.czi,,,24224e163a5c34e618456acdfbb236cb966c72937a5ac3228fc3bd4a1785b4dc,Y,,
ACQ-20240712-CELL-103,B05,drive2_MFB-Disco-2,2025-10-02 - Toshiba EXT (Backup)\CELL OBSERVER\FeMn-COL-5ngTGFB\x1.4-0.05-10x-4.czi,,,e8fc5f772bfeeb082139e2fad2403d124f6bf9194146d52db98624011586fcd5,Y,,
ACQ-20240712-CELL-104,B05,drive2_MFB-Disco-2,2025-10-02 - Toshiba EXT (Backup)\CELL OBSERVER\FeMn-COL-5ngTGFB\x1.4-0.05-10x-5.czi,,,d809c317386494356be815f8f7c5be355ccccf2092f1244a41fea69e68832a7f,Y,,
ACQ-20240712-CELL-105,B05,drive2_MFB-Disco-2,2025-10-02 - Toshiba EXT (Backup)\CELL OBSERVER\FeMn-COL-5ngTGFB\x1.4-0.05-20x-1.czi,,,1c9896007480d153e5b5503a821b6c18d986cc639001a290e448dfdc9da8dd34,Y,,
ACQ-20240712-CELL-106,B05,drive2_MFB-Disco-2,2025-10-02 - Toshiba EXT (Backup)\CELL OBSERVER\FeMn-COL-5ngTGFB\x1.4-0.05-20x-2.czi,,,514c390153d78e3aa6c6529a8149093f851b81209f6601e7407e4ba9bed8d7bc,Y,,
ACQ-20240712-CELL-107,B05,drive2_MFB-Disco-2,2025-10-02 - Toshiba EXT (Backup)\CELL OBSERVER\FeMn-COL-5ngTGFB\x1.4-0.1-10x-1.czi,,,1ff5e9cdee61a70741934bad80d0ee650432d85fc687fbe5bcf3740e88bb9deb,Y,,
ACQ-20240712-CELL-108,B05,drive2_MFB-Disco-2,2025-10-02 - Toshiba EXT (Backup)\CELL OBSERVER\FeMn-COL-5ngTGFB\x1.4-0.1-10x-2.czi,,,96405700b36a4968c73e4528b1bb5adcaa86249bd9870ae4a4ec199d12c038fd,Y,,
ACQ-20240712-CELL-109,B05,drive2_MFB-Disco-2,2025-10-02 - Toshiba EXT (Backup)\CELL OBSERVER\FeMn-COL-5ngTGFB\x1.4-0.1-10x-3.czi,,,6760bd5ad09a29e6e4ce143ea72d2d401944ef20820066e42c79b17d45b39cd8,Y,,
ACQ-20240712-CELL-110,B05,drive2_MFB-Disco-2,2025-10-02 - Toshiba EXT (Backup)\CELL OBSERVER\FeMn-COL-5ngTGFB\x1.4-0.1-10x-4.czi,,,740680b3275d08f27c9b11ce52899a20b252c8f86dc1f4f0d2de5da084b18202,Y,,
ACQ-20240712-CELL-111,B05,drive2_MFB-Disco-2,2025-10-02 - Toshiba EXT (Backup)\CELL OBSERVER\FeMn-COL-5ngTGFB\x1.4-0.1-10x-5.czi,,,3ad091406a8eae416984b310ba6fb73162cfc4e90ef4e74c519a000cc94312f0,Y,,
ACQ-20240712-CELL-112,B05,drive2_MFB-Disco-2,2025-10-02 - Toshiba EXT (Backup)\CELL OBSERVER\FeMn-COL-5ngTGFB\x1.4-0.1-10x-6.czi,,,027e30de4de0575b5699e64eaebcb9a9ea9a4a5f52dd3309e3552360f4973f63,Y,,
ACQ-20240712-CELL-113,B05,drive2_MFB-Disco-2,2025-10-02 - Toshiba EXT (Backup)\CELL OBSERVER\FeMn-COL-5ngTGFB\x1.4-0.1-20x-1.czi,,,c279c09dd22a9455efe56be29bfa74eced6190f9c71c1b8370a49ed765f26b39,Y,,
ACQ-20240712-CELL-114,B05,drive2_MFB-Disco-2,2025-10-02 - Toshiba EXT (Backup)\CELL OBSERVER\FeMn-COL-5ngTGFB\x1.4-0.1-20x-2.czi,,,13aa905b03632c724ed3bbb32e4b2e5dd948736c18ad924e0136412c8b389f80,Y,,
ACQ-20240712-CELL-115,B05,drive2_MFB-Disco-2,2025-10-02 - Toshiba EXT (Backup)\CELL OBSERVER\FeMn-COL-5ngTGFB\x1.8-0.01-10x-1.czi,,,84176cc110e3e40c2772fbf5302688d871cec2f4853a320fa8b575d53e4d3ac2,Y,,
ACQ-20240712-CELL-116,B05,drive2_MFB-Disco-2,2025-10-02 - Toshiba EXT (Backup)\CELL OBSERVER\FeMn-COL-5ngTGFB\x1.8-0.01-10x-2.czi,,,c7cf513983cb4f92c629640c4ef936459dade2ecc2adc9d5fdf76a83f4935565,Y,,
ACQ-20240712-CELL-117,B05,drive2_MFB-Disco-2,2025-10-02 - Toshiba EXT (Backup)\CELL OBSERVER\FeMn-COL-5ngTGFB\x1.8-0.01-10x-3.czi,,,755091fabc12b9078317acac5bac32c5b0bcf80f3b1ac0da62fa6017bc5aa326,Y,,
ACQ-20240712-CELL-118,B05,drive2_MFB-Disco-2,2025-10-02 - Toshiba EXT (Backup)\CELL OBSERVER\FeMn-COL-5ngTGFB\x1.8-0.01-10x-4.czi,,,b67926a4ca1aac796ec4b0c273b0c5db32181f227d5498af369ac825d31231be,Y,,
ACQ-20240712-CELL-119,B05,drive2_MFB-Disco-2,2025-10-02 - Toshiba EXT (Backup)\CELL OBSERVER\FeMn-COL-5ngTGFB\x1.8-0.01-10x-5.czi,,,809a3a488bdc1895f4dec3c03a330503c6592fa0628f9eadac5b004154027b3a,Y,,
ACQ-20240712-CELL-120,B05,drive2_MFB-Disco-2,2025-10-02 - Toshiba EXT (Backup)\CELL OBSERVER\FeMn-COL-5ngTGFB\x1.8-0.01-20x-1.czi,,,fe77a91cac2efa5fdb0ffb3946da38ffa90e2d66dc0afcd5054a721d6b6f7120,Y,,
ACQ-20240712-CELL-121,B05,drive2_MFB-Disco-2,2025-10-02 - Toshiba EXT (Backup)\CELL OBSERVER\FeMn-COL-5ngTGFB\x1.8-0.01-20x-2.czi,,,8c2d71b276fb5fc75d79c857d0263c491b17250476a6c49cc2a5eb791e52e997,Y,,
ACQ-20240712-CELL-122,B05,drive2_MFB-Disco-2,2025-10-02 - Toshiba EXT (Backup)\CELL OBSERVER\FeMn-COL-5ngTGFB\x1.8-0.05-10x-1.czi,,,364300daeca7dabfb3abd88df71adacd6acfdd5fac525bb854206520be71ddaf,Y,,
ACQ-20240712-CELL-123,B05,drive2_MFB-Disco-2,2025-10-02 - Toshiba EXT (Backup)\CELL OBSERVER\FeMn-COL-5ngTGFB\x1.8-0.05-10x-2.czi,,,07046a2a234925e9ea3ba22aac13b8cefb97eecff963096ae13602ae5def53b8,Y,,
ACQ-20240712-CELL-124,B05,drive2_MFB-Disco-2,2025-10-02 - Toshiba EXT (Backup)\CELL OBSERVER\FeMn-COL-5ngTGFB\x1.8-0.05-10x-3.czi,,,5f001084d3851762fccd3851977aae9c986a0e1559f949df94705c1f47e3c8cf,Y,,
ACQ-20240712-CELL-125,B05,drive2_MFB-Disco-2,2025-10-02 - Toshiba EXT (Backup)\CELL OBSERVER\FeMn-COL-5ngTGFB\x1.8-0.05-10x-4.czi,,,cbd8c69e621309480a5880f71990bab3a28399824078bf8c5e06819468a24af9,Y,,
ACQ-20240712-CELL-126,B05,drive2_MFB-Disco-2,2025-10-02 - Toshiba EXT (Backup)\CELL OBSERVER\FeMn-COL-5ngTGFB\x1.8-0.05-10x-5.czi,,,30a37076698bbaab827724a3e37abd45ab4cc5e72de8c4d21c5d3246cc762f2d,Y,,
ACQ-20240712-CELL-127,B05,drive2_MFB-Disco-2,2025-10-02 - Toshiba EXT (Backup)\CELL OBSERVER\FeMn-COL-5ngTGFB\x1.8-0.05-20x-1.czi,,,17013b1f045338167f1b24e62ad2a3f4488c094fd967ca3c460dddda77d1de04,Y,,
ACQ-20240712-CELL-128,B05,drive2_MFB-Disco-2,2025-10-02 - Toshiba EXT (Backup)\CELL OBSERVER\FeMn-COL-5ngTGFB\x1.8-0.05-20x-2.czi,,,c39c413760c3628e70b68b1b8ca9b34aedcc700af588f3223a1a13f0a6f78adb,Y,,
ACQ-20240712-CELL-129,B05,drive2_MFB-Disco-2,2025-10-02 - Toshiba EXT (Backup)\CELL OBSERVER\FeMn-COL-5ngTGFB\x1.8-0.1-10x-1.czi,,,4dd761db026c4b97f42df48ba93b7604d55ab02f474eb036b1c300b998e8bd60,Y,,
ACQ-20240712-CELL-130,B05,drive2_MFB-Disco-2,2025-10-02 - Toshiba EXT (Backup)\CELL OBSERVER\FeMn-COL-5ngTGFB\x1.8-0.1-10x-2.czi,,,e1ee405f9f5b813eee027708429aacfc196b8f5ef49e99dc882b49a21d5be5cd,Y,,
ACQ-20240712-CELL-131,B05,drive2_MFB-Disco-2,2025-10-02 - Toshiba EXT (Backup)\CELL OBSERVER\FeMn-COL-5ngTGFB\x1.8-0.1-10x-3.czi,,,fd363be3d4058d3fc55df743d410ed847126d58dc124c0469560ee5ce378bed1,Y,,
ACQ-20240712-CELL-132,B05,drive2_MFB-Disco-2,2025-10-02 - Toshiba EXT (Backup)\CELL OBSERVER\FeMn-COL-5ngTGFB\x1.8-0.1-10x-4.czi,,,f95d68b3e6183abbf601a25c7b36de6a89bfc725bac2abe50047f6ea2dcae852,Y,,
ACQ-20240712-CELL-133,B05,drive2_MFB-Disco-2,2025-10-02 - Toshiba EXT (Backup)\CELL OBSERVER\FeMn-COL-5ngTGFB\x1.8-0.1-10x-5.czi,,,a1c23b9e8c50d89dad3a1cdf7f89d8316cc3293cb03af82fb397e4ebf4cd7904,Y,,
ACQ-20240712-CELL-134,B05,drive2_MFB-Disco-2,2025-10-02 - Toshiba EXT (Backup)\CELL OBSERVER\FeMn-COL-5ngTGFB\x1.8-0.1-20x-1.czi,,,11bf7d82329835982c860c8ef02cd43a3ad86ba93166c405f9606585b6c7b814,Y,,
ACQ-20240712-CELL-135,B05,drive2_MFB-Disco-2,2025-10-02 - Toshiba EXT (Backup)\CELL OBSERVER\FeMn-COL-5ngTGFB\x1.8-0.1-20x-2.czi,,,653452c7e3e3eda0c7253c8ff989c4a1ed534f843bfa3a22d5d712e7b40be5a8,Y,,
ACQ-20240712-CELL-136,B05,drive2_MFB-Disco-2,2025-10-02 - Toshiba EXT (Backup)\CELL OBSERVER\FeMn-alfaSMA-10ngTGFB\2024-07-12\TElastica72-02.czi,,,3bbb5fea50279665315e35d7cb1ccd55fb9f7c1de258e69273334135f77e3df3,Y,,
ACQ-20240712-CELL-137,B05,drive2_MFB-Disco-2,2025-10-02 - Toshiba EXT (Backup)\CELL OBSERVER\FeMn-alfaSMA-10ngTGFB\2024-07-12\TElastica72.czi,,,3390cc008de3c2d63ca2863eaaebaafb7fe0ccb9c04afd5bfa408bf81e38464e,Y,,
ACQ-20240712-CELL-138,B05,drive2_MFB-Disco-2,2025-10-02 - Toshiba EXT (Backup)\CELL OBSERVER\FeMn-alfaSMA-10ngTGFB\2024-07-12\alfaSMA.czi,,,4563a5818b28676bba3e387b086ff45f7b5b1dfcdba7d801c28e40b31d55b4e1,Y,,
ACQ-20240712-CELL-139,B05,drive2_MFB-Disco-2,2025-10-02 - Toshiba EXT (Backup)\CELL OBSERVER\FeMn-alfaSMA-10ngTGFB\Snap-11401.czi,,,3b6601b5e7ff949c03a4d3a3c09250db94b8fabdeed0e37f9f3bfdb9dbcf7822,Y,,
ACQ-20240712-CELL-140,B05,drive2_MFB-Disco-2,2025-10-02 - Toshiba EXT (Backup)\CELL OBSERVER\FeMn-alfaSMA-5ngTGFB\5ng-10x-1.czi,,,36e51971fb8d8566f3905143fcac012771cf47deea7d8ab5ad123121b7bcd81d,Y,,
ACQ-20240712-CELL-141,B05,drive2_MFB-Disco-2,2025-10-02 - Toshiba EXT (Backup)\CELL OBSERVER\FeMn-alfaSMA-5ngTGFB\5ng.czi,,,58d1e98f79051ae0b080b2d83f6e7fceb583faa94e37d061855485c865b9c735,Y,,
ACQ-20240712-CELL-142,B05,drive2_MFB-Disco-2,2025-10-02 - Toshiba EXT (Backup)\CELL OBSERVER\FeMn-alfaSMA-5ngTGFB\Medio completo10x.czi,,,e214044587edd6de921ca2a2ed47645de557784d873ab12c4636cbd5581d9359,Y,,
ACQ-20240712-CELL-143,B05,drive2_MFB-Disco-2,2025-10-02 - Toshiba EXT (Backup)\CELL OBSERVER\FeMn-alfaSMA-5ngTGFB\SinFBS-10x-1.czi,,,ffb772b87c628f5b30dec98a84d307232a14143625ef0d366313b5c0112148ec,Y,,
ACQ-20240712-CELL-144,B05,drive2_MFB-Disco-2,2025-10-02 - Toshiba EXT (Backup)\CELL OBSERVER\FeMn-alfaSMA-5ngTGFB\alfaSMA-Create Image Subset-02.czi,,,35e3d02b22b0badd5d9996427350cdd8fd1268ea784e285f67175fe2b1234ea4,Y,,
ACQ-20240712-CELL-145,B05,drive2_MFB-Disco-2,2025-10-02 - Toshiba EXT (Backup)\CELL OBSERVER\FeMn-alfaSMA-5ngTGFB\x1.4-0.01-10x-1.czi,,,4a85c9d87657c451a64ec4696afbd6742be13d85adc339518769d2bf3e5c334e,Y,,
ACQ-20240712-CELL-146,B05,drive2_MFB-Disco-2,2025-10-02 - Toshiba EXT (Backup)\CELL OBSERVER\FeMn-alfaSMA-5ngTGFB\x1.4-0.05-10x-1.czi,,,e5f2c657dd14a5d9d7ad94f6e86bba1c0ba9950d832e53b3ea853cba23361aaf,Y,,
ACQ-20240712-CELL-147,B05,drive2_MFB-Disco-2,2025-10-02 - Toshiba EXT (Backup)\CELL OBSERVER\FeMn-alfaSMA-5ngTGFB\x1.4-0.1-10x-1.czi,,,21727cb8e50c6754231336d08c3966023abbf424ed18820794187ec38cb32296,Y,,
ACQ-20240712-CELL-148,B05,drive2_MFB-Disco-2,2025-10-02 - Toshiba EXT (Backup)\CELL OBSERVER\FeMn-alfaSMA-5ngTGFB\x1.8-0.01-10x-1.czi,,,700c8326302fc881eb55e90c821834856bccc023a3fd7aa29a406bc105748ada,Y,,
ACQ-20240712-CELL-149,B05,drive2_MFB-Disco-2,2025-10-02 - Toshiba EXT (Backup)\CELL OBSERVER\FeMn-alfaSMA-5ngTGFB\x1.8-0.05-10x-1.czi,,,1a9183793cbae2138f1c297e36f46c0b04a33e71e2097068e4f5d8ca946964d4,Y,,
ACQ-20240712-CELL-150,B05,drive2_MFB-Disco-2,2025-10-02 - Toshiba EXT (Backup)\CELL OBSERVER\FeMn-alfaSMA-5ngTGFB\x1.8-0.1-10x-1.czi,,,5a5bfd525d2d908344d2dc805cd66d9c4a559348efbce3cbdb34271ace195a39,Y,,
ACQ-20240718-CELL-001,B05,drive2_MFB-Disco-2,2025-10-02 - Toshiba EXT (Backup)\CELL OBSERVER\Herida-18.07.24\LauraFM.czi,,,61d542470f8054712fbdec9764123bef6e4982d6965fc3239cc839df075241a1,Y,,
ACQ-20240718-CELL-002,B05,drive2_MFB-Disco-2,2025-10-02 - Toshiba EXT (Backup)\CELL OBSERVER\Herida-18.07.24\Pocillo-1.czi,,,7e56717a76d67f10735b6a4bd3baa4fa5c19b168f9f50acf31ef7306b4316e16,Y,,
ACQ-20240718-CELL-003,B05,drive2_MFB-Disco-2,2025-10-02 - Toshiba EXT (Backup)\CELL OBSERVER\Herida-18.07.24\Pocillo-10.czi,,,2412bfa9fae3d8bb2db3b12149573cc01f692eb0eb8d7ff3726dacf9e6eed8e1,Y,,
ACQ-20240718-CELL-004,B05,drive2_MFB-Disco-2,2025-10-02 - Toshiba EXT (Backup)\CELL OBSERVER\Herida-18.07.24\Pocillo-11.czi,,,7eaed262f1d407bfe39b9a095c30ddd5e611c0001799037f11ceb1acab348e26,Y,,
ACQ-20240718-CELL-005,B05,drive2_MFB-Disco-2,2025-10-02 - Toshiba EXT (Backup)\CELL OBSERVER\Herida-18.07.24\Pocillo-12.czi,,,5ec434d6c555968f1b9673fd60ce968f82c173c781726c6c2d9749b1358f24b4,Y,,
ACQ-20240718-CELL-006,B05,drive2_MFB-Disco-2,2025-10-02 - Toshiba EXT (Backup)\CELL OBSERVER\Herida-18.07.24\Pocillo-13.czi,,,bfe2eafeadb9d4887906b86de970aec123852d1833da048dffd898bfdf2efec5,Y,,
ACQ-20240718-CELL-007,B05,drive2_MFB-Disco-2,2025-10-02 - Toshiba EXT (Backup)\CELL OBSERVER\Herida-18.07.24\Pocillo-14.czi,,,703d44e09350ea71187853e6c7da7b392112b67b36e158706ea97d06e4025f6b,Y,,
ACQ-20240718-CELL-008,B05,drive2_MFB-Disco-2,2025-10-02 - Toshiba EXT (Backup)\CELL OBSERVER\Herida-18.07.24\Pocillo-15.czi,,,b56b6012190e7b1d08a1d42009fff1b398da011573c6f529221e5e96e557d42e,Y,,
ACQ-20240718-CELL-009,B05,drive2_MFB-Disco-2,2025-10-02 - Toshiba EXT (Backup)\CELL OBSERVER\Herida-18.07.24\Pocillo-16.czi,,,c65a6bef96a73f3b6e8ae78a61fd4ce9eb8577858ef27676f898a9a8684f87b0,Y,,
ACQ-20240718-CELL-010,B05,drive2_MFB-Disco-2,2025-10-02 - Toshiba EXT (Backup)\CELL OBSERVER\Herida-18.07.24\Pocillo-17.czi,,,258ea4ef9b98594a276aa38cd649758dc883c325bd5c1b17e1fe0f9a0f3f58e3,Y,,
ACQ-20240718-CELL-011,B05,drive2_MFB-Disco-2,2025-10-02 - Toshiba EXT (Backup)\CELL OBSERVER\Herida-18.07.24\Pocillo-18.czi,,,9a6cbd3a16542a30bddf4d688c0ed45c2772deb241836f735c226fdcfd126fcb,Y,,
ACQ-20240718-CELL-012,B05,drive2_MFB-Disco-2,2025-10-02 - Toshiba EXT (Backup)\CELL OBSERVER\Herida-18.07.24\Pocillo-19.czi,,,8f57a527541ba170dc5324d258ecdfd9d613c652da7ad1c58abf4ed8257152d9,Y,,
ACQ-20240718-CELL-013,B05,drive2_MFB-Disco-2,2025-10-02 - Toshiba EXT (Backup)\CELL OBSERVER\Herida-18.07.24\Pocillo-2.czi,,,8a0af7030ee3ff6eb7792afb5063c9b6958c31a6abac1eda4230a4e45644739d,Y,,
ACQ-20240718-CELL-014,B05,drive2_MFB-Disco-2,2025-10-02 - Toshiba EXT (Backup)\CELL OBSERVER\Herida-18.07.24\Pocillo-20.czi,,,907bbcd131b6f27f369e02e6f63175315e803b21ff8536884f6b9fecd88becc7,Y,,
ACQ-20240718-CELL-015,B05,drive2_MFB-Disco-2,2025-10-02 - Toshiba EXT (Backup)\CELL OBSERVER\Herida-18.07.24\Pocillo-21.czi,,,c1318c8b23f673c161e4d6bca40ded7900b894a4da4427835b0570f1aaabf574,Y,,
ACQ-20240718-CELL-016,B05,drive2_MFB-Disco-2,2025-10-02 - Toshiba EXT (Backup)\CELL OBSERVER\Herida-18.07.24\Pocillo-22.czi,,,5691425bcb922c187e838eedd1b1a354803d894215b3a5676316a88e217bfe2c,Y,,
ACQ-20240718-CELL-017,B05,drive2_MFB-Disco-2,2025-10-02 - Toshiba EXT (Backup)\CELL OBSERVER\Herida-18.07.24\Pocillo-23.czi,,,b757b7f7d30c820e58e4c0b00a50c742f365d6484adb74b517847e3c21d46be7,Y,,
ACQ-20240718-CELL-018,B05,drive2_MFB-Disco-2,2025-10-02 - Toshiba EXT (Backup)\CELL OBSERVER\Herida-18.07.24\Pocillo-24.czi,,,e827bbabf6555d43b162e4e23cf8c47ebd8d7457940efe4b722c3445c46addde,Y,,
ACQ-20240718-CELL-019,B05,drive2_MFB-Disco-2,2025-10-02 - Toshiba EXT (Backup)\CELL OBSERVER\Herida-18.07.24\Pocillo-3.czi,,,9d9be24c23707ea729c956152caba1727851fc5504f44a09e0fa97678ca3a9f4,Y,,
ACQ-20240718-CELL-020,B05,drive2_MFB-Disco-2,2025-10-02 - Toshiba EXT (Backup)\CELL OBSERVER\Herida-18.07.24\Pocillo-4.czi,,,d0867a7b18192f55edce9aee9e38e8e885456cce45bd2c78a60c2c1bd06f981c,Y,,
ACQ-20240718-CELL-021,B05,drive2_MFB-Disco-2,2025-10-02 - Toshiba EXT (Backup)\CELL OBSERVER\Herida-18.07.24\Pocillo-5.czi,,,5164983a1ac1766f8d237fa9bf86e86324fc18d3014630cf875fdbb1f2d34c02,Y,,
ACQ-20240718-CELL-022,B05,drive2_MFB-Disco-2,2025-10-02 - Toshiba EXT (Backup)\CELL OBSERVER\Herida-18.07.24\Pocillo-6.czi,,,ae9da30f850fb339867c70d459a3b30cf521c7f9b1e17229e9852f36cf7efd04,Y,,
ACQ-20240718-CELL-023,B05,drive2_MFB-Disco-2,2025-10-02 - Toshiba EXT (Backup)\CELL OBSERVER\Herida-18.07.24\Pocillo-7.czi,,,4efd9528c46e3c7f04953432bfac8c283549d5e5c938349f34832a334b152d9b,Y,,
ACQ-20240718-CELL-024,B05,drive2_MFB-Disco-2,2025-10-02 - Toshiba EXT (Backup)\CELL OBSERVER\Herida-18.07.24\Pocillo-8.czi,,,afe85296283cd79e11dc493297e2cddd75f07ebf10332aadf66c7c3645774d5e,Y,,
ACQ-20240718-CELL-025,B05,drive2_MFB-Disco-2,2025-10-02 - Toshiba EXT (Backup)\CELL OBSERVER\Herida-18.07.24\Pocillo-9.czi,,,2e2947b62438e365677b9ac20687db8ea6f5b5e228a74c226b1216771440fc8c,Y,,
ACQ-20240828-CELL-001,B05,drive1_FRIO-X6,Cell observer\Marta\PR_MJS\R1057_20-1019-1_PR.czi,,,394b5c8d9b76840fc48eb70fbe496991f1efa4d162f0f9f2b96d7877d97383a1,Y,,
ACQ-20240828-CELL-002,B05,drive1_FRIO-X6,Cell observer\Marta\PR_MJS\R1057_20-1019-1_PR_Pol.czi,,,5c806c245b7c74a2e1f6afb3d2299e10b0c7e3ca24d85cb2507c2c02194109f7,Y,,
ACQ-20240828-CELL-003,B05,drive1_FRIO-X6,Cell observer\Marta\PR_MJS\R1058_20-1019-1_PR.czi,,,c5414085fb2a155fa0cf9fa4dad95575e36743a1231094d9b8452a80a30c5187,Y,,
ACQ-20240828-CELL-004,B05,drive1_FRIO-X6,Cell observer\Marta\PR_MJS\R1058_20-1019-1_PR_Pol.czi,,,7dd08beef11faa6804e96ec853f160031b3a2ca0bae9298be940ed04bd6e54c9,Y,,
ACQ-20240829-LSM9-001,B03,drive1_FRIO-X6,Cell observer\AINHIZE\CONFOCAL LSM 900\UPTAKE_THP1\LP1 proba z stack.czi,,,71066a8775943886b38d312ce18d52a0313709be615f5416abc583239732bdc3,Y,,
ACQ-20240829-LSM9-002,B03,drive1_FRIO-X6,Cell observer\AINHIZE\CONFOCAL LSM 900\UPTAKE_THP1\LP1.czi,,,06c2613be12b5a4bc97e1e8d32faaad30f96c26cf11b617a63d13c6a487bf7e1,Y,,
ACQ-20240829-LSM9-003,B03,drive1_FRIO-X6,Cell observer\AINHIZE\CONFOCAL LSM 900\UPTAKE_THP1\LP1_1.1.czi,,,3b12531aa349d32cb170f791b84e95a46419a699def240994b2a0383b3487893,Y,,
ACQ-20240829-LSM9-004,B03,drive1_FRIO-X6,Cell observer\AINHIZE\CONFOCAL LSM 900\UPTAKE_THP1\LP1_1.czi,,,872465ac111862901aec01e5eb69ae41c2f4c90863b4daeb50f0ca4a6794bd94,Y,,
ACQ-20240829-LSM9-005,B03,drive1_FRIO-X6,Cell observer\AINHIZE\CONFOCAL LSM 900\UPTAKE_THP1\LP2_1.czi,,,3dfd8b9ecd871d11d85191b7b672d13137d8e09c2722df024275c1a3f410db28,Y,,
ACQ-20240829-LSM9-006,B03,drive1_FRIO-X6,Cell observer\AINHIZE\CONFOCAL LSM 900\UPTAKE_THP1\ctrl_1.czi,,,394ecbbae09cc8740dd3b1bb315153ba5273c1babe64900544600feb2a1c4188,Y,,
ACQ-20240829-LSM9-007,B03,drive1_FRIO-X6,Cell observer\AINHIZE\CONFOCAL LSM 900\UPTAKE_THP1\ctrl_2.czi,,,dd45f6ac729863905e85b2f2b8597a55e152f3afacff96554cec74b38a70c2e0,Y,,
ACQ-20240927-XMIC-001,B01,drive2_MFB-Disco-2,2025-10-02 - Toshiba EXT (Backup)\Proyectos_Laboratorio_Laura\Ferritas\Charité\Fluorescence\Test-1\THP-1\Ctrl neg (2).czi,,,ad3bba83bfa7bc571ae0176d4cb254f8d48b221769290b4fad521a182526251c,Y,,
ACQ-20240927-XMIC-002,B01,drive2_MFB-Disco-2,2025-10-02 - Toshiba EXT (Backup)\Proyectos_Laboratorio_Laura\Ferritas\Charité\Fluorescence\Test-1\THP-1\Ctrl neg (3).czi,,,b51b98c3a9bdb337c6ceb0ceabde3e7436205f9b0c677b48163c5709f35b1841,Y,,
ACQ-20240927-XMIC-003,B01,drive2_MFB-Disco-2,2025-10-02 - Toshiba EXT (Backup)\Proyectos_Laboratorio_Laura\Ferritas\Charité\Fluorescence\Test-1\THP-1\Ctrl neg (4).czi,,,a98a91e4bfb0e29382f5bf419925d55cac0a9c98e02257ce65ecb1d24e47af8a,Y,,
ACQ-20240927-XMIC-004,B01,drive2_MFB-Disco-2,2025-10-02 - Toshiba EXT (Backup)\Proyectos_Laboratorio_Laura\Ferritas\Charité\Fluorescence\Test-1\THP-1\Ctrl neg (5).czi,,,e54fb591f21f79ed5b944a92ecebe7f1f8053bc54cb0f8344921e1ed1a652f93,Y,,
ACQ-20240927-XMIC-005,B01,drive2_MFB-Disco-2,2025-10-02 - Toshiba EXT (Backup)\Proyectos_Laboratorio_Laura\Ferritas\Charité\Fluorescence\Test-1\THP-1\Ctrl neg (6).czi,,,d65a8a56adbb61b6c9270935f7bbe8308b9dde83e7bded098dc3bd6905cd828e,Y,,
ACQ-20240927-XMIC-006,B01,drive2_MFB-Disco-2,2025-10-02 - Toshiba EXT (Backup)\Proyectos_Laboratorio_Laura\Ferritas\Charité\Fluorescence\Test-1\THP-1\Ctrl neg (7).czi,,,22a9181b25d5aca6765fe39414cd594aabd31b6a42c4aaeec128adadc4bff15e,Y,,
ACQ-20240927-XMIC-007,B01,drive2_MFB-Disco-2,2025-10-02 - Toshiba EXT (Backup)\Proyectos_Laboratorio_Laura\Ferritas\Charité\Fluorescence\Test-1\THP-1\Ctrl neg (8).czi,,,17ffd5d12b13b5b338dd2e8e4622e05948497baa372d2fa16b1e8eac9d82d714,Y,,
ACQ-20240927-XMIC-008,B01,drive2_MFB-Disco-2,2025-10-02 - Toshiba EXT (Backup)\Proyectos_Laboratorio_Laura\Ferritas\Charité\Fluorescence\Test-1\THP-1\Ctrl neg (9).czi,,,7c90ea5681040f028d663306a337253f3df83ef974aa6fc9724582dcf72e35af,Y,,
ACQ-20240927-XMIC-009,B01,drive2_MFB-Disco-2,2025-10-02 - Toshiba EXT (Backup)\Proyectos_Laboratorio_Laura\Ferritas\Charité\Fluorescence\Test-1\THP-1\Ctrl neg.czi,,,972124085173459b0f7a5015bc4c54b955da77ef43e15a0fa5e5683e72996886,Y,,
ACQ-20240927-XMIC-010,B01,drive2_MFB-Disco-2,2025-10-02 - Toshiba EXT (Backup)\Proyectos_Laboratorio_Laura\Ferritas\Charité\Fluorescence\Test-1\THP-1\Ctrl pos (2).czi,,,4159ec8fc7f794d2270ab55b0e8c8cb07cd78e10c24313506128fee2476752a2,Y,,
ACQ-20240927-XMIC-011,B01,drive2_MFB-Disco-2,2025-10-02 - Toshiba EXT (Backup)\Proyectos_Laboratorio_Laura\Ferritas\Charité\Fluorescence\Test-1\THP-1\Ctrl pos (3).czi,,,56d2d810cc1331722d9f08471e54ac9409b2ee9767cdf9bb2ebd460cc8b5449e,Y,,
ACQ-20240927-XMIC-012,B01,drive2_MFB-Disco-2,2025-10-02 - Toshiba EXT (Backup)\Proyectos_Laboratorio_Laura\Ferritas\Charité\Fluorescence\Test-1\THP-1\Ctrl pos (4).czi,,,83189cbc5fb34e56f2e1a45a1f4956ae866b11dc058aa99fc74c0899b3f636df,Y,,
ACQ-20240927-XMIC-013,B01,drive2_MFB-Disco-2,2025-10-02 - Toshiba EXT (Backup)\Proyectos_Laboratorio_Laura\Ferritas\Charité\Fluorescence\Test-1\THP-1\Ctrl pos (5).czi,,,81d22c1ef281e47fb471362ccd549801daadf6615fc8e30258362eefa4e47118,Y,,
ACQ-20240927-XMIC-014,B01,drive2_MFB-Disco-2,2025-10-02 - Toshiba EXT (Backup)\Proyectos_Laboratorio_Laura\Ferritas\Charité\Fluorescence\Test-1\THP-1\Ctrl pos (6).czi,,,3ef083b9ea2ae9f504ada16736d7c1781915cf34774154bf8419f229cf629d32,Y,,
ACQ-20240927-XMIC-015,B01,drive2_MFB-Disco-2,2025-10-02 - Toshiba EXT (Backup)\Proyectos_Laboratorio_Laura\Ferritas\Charité\Fluorescence\Test-1\THP-1\Ctrl pos (7).czi,,,5fc23ebc08f3a2bc6f430a5b9e0f48fce764e0a71d64d8513cbf968279f2dc8e,Y,,
ACQ-20240927-XMIC-016,B01,drive2_MFB-Disco-2,2025-10-02 - Toshiba EXT (Backup)\Proyectos_Laboratorio_Laura\Ferritas\Charité\Fluorescence\Test-1\THP-1\Ctrl pos (8).czi,,,612f6217411ed435394b3af7effd29b92389876f20ad90938107441f45479eab,Y,,
ACQ-20240927-XMIC-017,B01,drive2_MFB-Disco-2,2025-10-02 - Toshiba EXT (Backup)\Proyectos_Laboratorio_Laura\Ferritas\Charité\Fluorescence\Test-1\THP-1\Ctrl pos.czi,,,64bddf1af7e86b201b42fadef269a972a9363d58159cd01cef127853b54131a9,Y,,
ACQ-20240927-XMIC-018,B01,drive2_MFB-Disco-2,2025-10-02 - Toshiba EXT (Backup)\Proyectos_Laboratorio_Laura\Ferritas\Charité\Fluorescence\Test-1\THP-1\TGFb 24h (2).czi,,,5fcb06e17e3c3b79f30c761503f84dcfb3d9fb5cf309a4a58cdc98e40a1efde6,Y,,
ACQ-20240927-XMIC-019,B01,drive2_MFB-Disco-2,2025-10-02 - Toshiba EXT (Backup)\Proyectos_Laboratorio_Laura\Ferritas\Charité\Fluorescence\Test-1\THP-1\TGFb 24h (3).czi,,,382e5b8ceca360bb5ce6c543cdc994514dbae1f15b1e36f0e4aa1940d6aae3be,Y,,
ACQ-20240927-XMIC-020,B01,drive2_MFB-Disco-2,2025-10-02 - Toshiba EXT (Backup)\Proyectos_Laboratorio_Laura\Ferritas\Charité\Fluorescence\Test-1\THP-1\TGFb 24h (4).czi,,,36337ce5b7842ded2303e4ebcf51386125429941d6c11a1a63948070f4a7d33f,Y,,
ACQ-20240927-XMIC-021,B01,drive2_MFB-Disco-2,2025-10-02 - Toshiba EXT (Backup)\Proyectos_Laboratorio_Laura\Ferritas\Charité\Fluorescence\Test-1\THP-1\TGFb 24h (5).czi,,,babbfdd37f6cec8affbb93db4223309fbf767bb0838e42d41785e22f9189caf0,Y,,
ACQ-20240927-XMIC-022,B01,drive2_MFB-Disco-2,2025-10-02 - Toshiba EXT (Backup)\Proyectos_Laboratorio_Laura\Ferritas\Charité\Fluorescence\Test-1\THP-1\TGFb 24h.czi,,,60243f8158070d9ea6accb36f795f0a8c76aeb06592b0eb517471bb0f50f5545,Y,,
ACQ-20240927-XMIC-023,B01,drive2_MFB-Disco-2,2025-10-02 - Toshiba EXT (Backup)\Proyectos_Laboratorio_Laura\Ferritas\Charité\Fluorescence\Test-1\THP-1\TGFb 48h (2).czi,,,65c8842dfc651176c87b16a59d92d50fbd703974d3d8b715ab25bff140854cf6,Y,,
ACQ-20240927-XMIC-024,B01,drive2_MFB-Disco-2,2025-10-02 - Toshiba EXT (Backup)\Proyectos_Laboratorio_Laura\Ferritas\Charité\Fluorescence\Test-1\THP-1\TGFb 48h (3).czi,,,6f90b957cba19d3b57c461db1de1ec0698580b81997a3d3cc0a11772e96bb805,Y,,
ACQ-20240927-XMIC-025,B01,drive2_MFB-Disco-2,2025-10-02 - Toshiba EXT (Backup)\Proyectos_Laboratorio_Laura\Ferritas\Charité\Fluorescence\Test-1\THP-1\TGFb 48h (4).czi,,,30019d7256d180a28fb70a1a889f073bb8250917cbdb7dc4b329266a85a8fd24,Y,,
ACQ-20240927-XMIC-026,B01,drive2_MFB-Disco-2,2025-10-02 - Toshiba EXT (Backup)\Proyectos_Laboratorio_Laura\Ferritas\Charité\Fluorescence\Test-1\THP-1\TGFb 48h (5).czi,,,11809da02acc05fd6b79d0904cfb94ac31b0decf380012624d38d2a0aa5e89a4,Y,,
ACQ-20240927-XMIC-027,B01,drive2_MFB-Disco-2,2025-10-02 - Toshiba EXT (Backup)\Proyectos_Laboratorio_Laura\Ferritas\Charité\Fluorescence\Test-1\THP-1\TGFb 48h (6).czi,,,a63681a9ee6f7f87a838b0a1b7479265e8b3c4ee34267a630cb4515ffe0ababe,Y,,
ACQ-20240927-XMIC-028,B01,drive2_MFB-Disco-2,2025-10-02 - Toshiba EXT (Backup)\Proyectos_Laboratorio_Laura\Ferritas\Charité\Fluorescence\Test-1\THP-1\TGFb 48h (7).czi,,,f1229a96aa10eedbb1085f40f4e90940b3eb7bf9916144a7b64be90632a61a81,Y,,
ACQ-20240927-XMIC-029,B01,drive2_MFB-Disco-2,2025-10-02 - Toshiba EXT (Backup)\Proyectos_Laboratorio_Laura\Ferritas\Charité\Fluorescence\Test-1\THP-1\TGFb 48h (8).czi,,,c44f41103b21c496e521b6e5255fed24ca571e2f57c2d1596427b90e1f449878,Y,,
ACQ-20240927-XMIC-030,B01,drive2_MFB-Disco-2,2025-10-02 - Toshiba EXT (Backup)\Proyectos_Laboratorio_Laura\Ferritas\Charité\Fluorescence\Test-1\THP-1\TGFb 48h.czi,,,39c0d99634543ff09b7bb5d6956e0b2c04b09e9c4da2ab8666553942beed98e2,Y,,
ACQ-20240927-XMIC-031,B01,drive2_MFB-Disco-2,2025-10-02 - Toshiba EXT (Backup)\Proyectos_Laboratorio_Laura\Ferritas\Charité\Fluorescence\Test-1\hPAEpC\Ctrl neg (4).czi,,,51e042b018af903b84b9eadcb39184fcf48c184991da4f9717d85a0c4adc89d6,Y,,
ACQ-20240927-XMIC-032,B01,drive2_MFB-Disco-2,2025-10-02 - Toshiba EXT (Backup)\Proyectos_Laboratorio_Laura\Ferritas\Charité\Fluorescence\Test-1\hPAEpC\Ctrl neg (5).czi,,,ca610c09648d320e0dcdc09baebfe783d6619e5ba0ba434fdf3a8a4062d4bd42,Y,,
ACQ-20240927-XMIC-033,B01,drive2_MFB-Disco-2,2025-10-02 - Toshiba EXT (Backup)\Proyectos_Laboratorio_Laura\Ferritas\Charité\Fluorescence\Test-1\hPAEpC\Ctrl neg (6).czi,,,a199e914ce5cb5056d4f7b1ef7f1310e6c37f5c11890ed94aae2a473e28bf08f,Y,,
ACQ-20240927-XMIC-034,B01,drive2_MFB-Disco-2,2025-10-02 - Toshiba EXT (Backup)\Proyectos_Laboratorio_Laura\Ferritas\Charité\Fluorescence\Test-1\hPAEpC\Ctrl pos (2).czi,,,9465edb22e6686164788de21abb33681276aa010474a8ed6600983b936dba20e,Y,,
ACQ-20240927-XMIC-035,B01,drive2_MFB-Disco-2,2025-10-02 - Toshiba EXT (Backup)\Proyectos_Laboratorio_Laura\Ferritas\Charité\Fluorescence\Test-1\hPAEpC\Ctrl pos (3).czi,,,7dd745ff064f8688acb2b95b4be9384c24bbe20aab4a8057ec3fb08a3ce1d04a,Y,,
ACQ-20240927-XMIC-036,B01,drive2_MFB-Disco-2,2025-10-02 - Toshiba EXT (Backup)\Proyectos_Laboratorio_Laura\Ferritas\Charité\Fluorescence\Test-1\hPAEpC\Ctrl pos (4).czi,,,e79a87086774112ff6da50ccaa58b10e7127d82bb60be713fe45f85e91adf120,Y,,
ACQ-20240927-XMIC-037,B01,drive2_MFB-Disco-2,2025-10-02 - Toshiba EXT (Backup)\Proyectos_Laboratorio_Laura\Ferritas\Charité\Fluorescence\Test-1\hPAEpC\Ctrl pos (5).czi,,,8dba62fdafbe6a89404029f3d6b68b4618f5d44ae8c3bfeb0a3cadec424609c5,Y,,
ACQ-20240927-XMIC-038,B01,drive2_MFB-Disco-2,2025-10-02 - Toshiba EXT (Backup)\Proyectos_Laboratorio_Laura\Ferritas\Charité\Fluorescence\Test-1\hPAEpC\Ctrl pos (6).czi,,,873b11f32f19fddd2f122941512c5dfdaa71f588787de1dfd71d3ea8bd8af71d,Y,,
ACQ-20240927-XMIC-039,B01,drive2_MFB-Disco-2,2025-10-02 - Toshiba EXT (Backup)\Proyectos_Laboratorio_Laura\Ferritas\Charité\Fluorescence\Test-1\hPAEpC\Ctrl pos (7).czi,,,ecf163299f3b66d439d364c2f206af2bfa60d2c9c88b6a3caeb2821429561fc1,Y,,
ACQ-20240927-XMIC-040,B01,drive2_MFB-Disco-2,2025-10-02 - Toshiba EXT (Backup)\Proyectos_Laboratorio_Laura\Ferritas\Charité\Fluorescence\Test-1\hPAEpC\Ctrl pos.czi,,,01530dc815221819d962d4bb7fed8e9994b81d68eed00a17afd74386093079d3,Y,,
ACQ-20240927-XMIC-041,B01,drive2_MFB-Disco-2,2025-10-02 - Toshiba EXT (Backup)\Proyectos_Laboratorio_Laura\Ferritas\Charité\Fluorescence\Test-1\hPAEpC\TGFb 24h (10).czi,,,c815537a78d5d4febae675375dd7e7ac88d082a32026402a5f2c2ec0c080b2e2,Y,,
ACQ-20240927-XMIC-042,B01,drive2_MFB-Disco-2,2025-10-02 - Toshiba EXT (Backup)\Proyectos_Laboratorio_Laura\Ferritas\Charité\Fluorescence\Test-1\hPAEpC\TGFb 24h (11).czi,,,84189f7fe58698a7815828925a7a1c88c429d709d43d819cee5ae1ec280d342e,Y,,
ACQ-20240927-XMIC-043,B01,drive2_MFB-Disco-2,2025-10-02 - Toshiba EXT (Backup)\Proyectos_Laboratorio_Laura\Ferritas\Charité\Fluorescence\Test-1\hPAEpC\TGFb 24h (12).czi,,,6f074226956174661d8c7220d394fa778554447e55159cd2f324c79aa48beecb,Y,,
ACQ-20240927-XMIC-044,B01,drive2_MFB-Disco-2,2025-10-02 - Toshiba EXT (Backup)\Proyectos_Laboratorio_Laura\Ferritas\Charité\Fluorescence\Test-1\hPAEpC\TGFb 24h (13).czi,,,e9aac2646bafdce1a6e25f4c245ef76fe43258a9c58c90fee38def7a8495bfce,Y,,
ACQ-20240927-XMIC-045,B01,drive2_MFB-Disco-2,2025-10-02 - Toshiba EXT (Backup)\Proyectos_Laboratorio_Laura\Ferritas\Charité\Fluorescence\Test-1\hPAEpC\TGFb 24h (14).czi,,,39779fc1ea7ad05e2fe9479aecfe2169a52d659dc701bcfd28ec880f73d0478c,Y,,
ACQ-20240927-XMIC-046,B01,drive2_MFB-Disco-2,2025-10-02 - Toshiba EXT (Backup)\Proyectos_Laboratorio_Laura\Ferritas\Charité\Fluorescence\Test-1\hPAEpC\TGFb 24h (15).czi,,,1632441e329131e7dcc8b31a6cfb9d57d1c89d173fabc7f27f85cfda482f588e,Y,,
ACQ-20240927-XMIC-047,B01,drive2_MFB-Disco-2,2025-10-02 - Toshiba EXT (Backup)\Proyectos_Laboratorio_Laura\Ferritas\Charité\Fluorescence\Test-1\hPAEpC\TGFb 24h (16).czi,,,b5035fdfc19513462075431a9dc1597bb71f0771e01d86a9eafd23d6671f47a0,Y,,
ACQ-20240927-XMIC-048,B01,drive2_MFB-Disco-2,2025-10-02 - Toshiba EXT (Backup)\Proyectos_Laboratorio_Laura\Ferritas\Charité\Fluorescence\Test-1\hPAEpC\TGFb 24h (2).czi,,,59221c8508ea2a44748d0f4c40625278bdc7c9e524e6386f1832089f8366c6c4,Y,,
ACQ-20240927-XMIC-049,B01,drive2_MFB-Disco-2,2025-10-02 - Toshiba EXT (Backup)\Proyectos_Laboratorio_Laura\Ferritas\Charité\Fluorescence\Test-1\hPAEpC\TGFb 24h (3).czi,,,769ef02608caf22606d2a46e7de688cfd1d08f888b29a5fd9fec0eacda33539f,Y,,
ACQ-20240927-XMIC-050,B01,drive2_MFB-Disco-2,2025-10-02 - Toshiba EXT (Backup)\Proyectos_Laboratorio_Laura\Ferritas\Charité\Fluorescence\Test-1\hPAEpC\TGFb 24h (4).czi,,,9d5ee47565e32aa5336229aa39d25163c2b8a05fe8158da789878c3db7e5399e,Y,,
ACQ-20240927-XMIC-051,B01,drive2_MFB-Disco-2,2025-10-02 - Toshiba EXT (Backup)\Proyectos_Laboratorio_Laura\Ferritas\Charité\Fluorescence\Test-1\hPAEpC\TGFb 24h (5).czi,,,d23c2b23fa28b4ff407a3c73a7e68c8b4fc71dc3b44097bbd0c31101fa7a3fec,Y,,
ACQ-20240927-XMIC-052,B01,drive2_MFB-Disco-2,2025-10-02 - Toshiba EXT (Backup)\Proyectos_Laboratorio_Laura\Ferritas\Charité\Fluorescence\Test-1\hPAEpC\TGFb 24h (6).czi,,,cea3cb3070746b1fb26a04c6a5d08bb2ae038b54b4cbdb21ffae82794ccd8fa7,Y,,
ACQ-20240927-XMIC-053,B01,drive2_MFB-Disco-2,2025-10-02 - Toshiba EXT (Backup)\Proyectos_Laboratorio_Laura\Ferritas\Charité\Fluorescence\Test-1\hPAEpC\TGFb 24h (7).czi,,,da09948c33bd8617478f57f8cc32f553d7012a5c5ced9aab4bc294e42a69bfdd,Y,,
ACQ-20240927-XMIC-054,B01,drive2_MFB-Disco-2,2025-10-02 - Toshiba EXT (Backup)\Proyectos_Laboratorio_Laura\Ferritas\Charité\Fluorescence\Test-1\hPAEpC\TGFb 24h (8).czi,,,c81bbf6075f5c6bfa24ebb58b315feb0ebf824478afa3f915e21ea08e8446220,Y,,
ACQ-20240927-XMIC-055,B01,drive2_MFB-Disco-2,2025-10-02 - Toshiba EXT (Backup)\Proyectos_Laboratorio_Laura\Ferritas\Charité\Fluorescence\Test-1\hPAEpC\TGFb 24h (9).czi,,,262e7e54e1ecdff9cece77fbec9f5836382a0cb055000cfeed4691d16ea949b8,Y,,
ACQ-20240927-XMIC-056,B01,drive2_MFB-Disco-2,2025-10-02 - Toshiba EXT (Backup)\Proyectos_Laboratorio_Laura\Ferritas\Charité\Fluorescence\Test-1\hPAEpC\TGFb 24h.czi,,,aa5bfcdc3897d030774d0133970f041ba07ea058986993fb6f78e3bdc2539aaf,Y,,
ACQ-20240927-XMIC-057,B01,drive2_MFB-Disco-2,2025-10-02 - Toshiba EXT (Backup)\Proyectos_Laboratorio_Laura\Ferritas\Charité\Fluorescence\Test-1\hPAEpC\TGFb 48h (10).czi,,,7ec0a18bd0fef9c1331769a519a3c1c1571b0cacb557f7dea1366fa94fc68e79,Y,,
ACQ-20240927-XMIC-058,B01,drive2_MFB-Disco-2,2025-10-02 - Toshiba EXT (Backup)\Proyectos_Laboratorio_Laura\Ferritas\Charité\Fluorescence\Test-1\hPAEpC\TGFb 48h (11).czi,,,0a5220509b3a92828d5678c7a13c6bdd71a6892ee2368a84dca30adab76a2ea1,Y,,
ACQ-20240927-XMIC-059,B01,drive2_MFB-Disco-2,2025-10-02 - Toshiba EXT (Backup)\Proyectos_Laboratorio_Laura\Ferritas\Charité\Fluorescence\Test-1\hPAEpC\TGFb 48h (2).czi,,,1e2677764cde5cf72f87c7bf850700085500115475063e65512dbf69d8d6563f,Y,,
ACQ-20240927-XMIC-060,B01,drive2_MFB-Disco-2,2025-10-02 - Toshiba EXT (Backup)\Proyectos_Laboratorio_Laura\Ferritas\Charité\Fluorescence\Test-1\hPAEpC\TGFb 48h (3).czi,,,2ff1f1c1377b68585340fc1be299f9e9db51187683c4ca9d179a100890622d03,Y,,
ACQ-20240927-XMIC-061,B01,drive2_MFB-Disco-2,2025-10-02 - Toshiba EXT (Backup)\Proyectos_Laboratorio_Laura\Ferritas\Charité\Fluorescence\Test-1\hPAEpC\TGFb 48h (4).czi,,,ea6167966d879ab2d27b1044939684fdadc3d6d9a4349e65f76a285425810e96,Y,,
ACQ-20240927-XMIC-062,B01,drive2_MFB-Disco-2,2025-10-02 - Toshiba EXT (Backup)\Proyectos_Laboratorio_Laura\Ferritas\Charité\Fluorescence\Test-1\hPAEpC\TGFb 48h (5).czi,,,655cd8c5fb55d54928f84adbf24e60e8fe5b20cef574bfd750c9dfcf974ba97b,Y,,
ACQ-20240927-XMIC-063,B01,drive2_MFB-Disco-2,2025-10-02 - Toshiba EXT (Backup)\Proyectos_Laboratorio_Laura\Ferritas\Charité\Fluorescence\Test-1\hPAEpC\TGFb 48h (6).czi,,,7a57e1e63f5a3727fee9b4b7a0321bd75b58ff89ec7e290c0802e25c7fd939a1,Y,,
ACQ-20240927-XMIC-064,B01,drive2_MFB-Disco-2,2025-10-02 - Toshiba EXT (Backup)\Proyectos_Laboratorio_Laura\Ferritas\Charité\Fluorescence\Test-1\hPAEpC\TGFb 48h (7).czi,,,931c8c07abe79d58b7716f450d81d30a6c17228057339cded056194592e73eaa,Y,,
ACQ-20240927-XMIC-065,B01,drive2_MFB-Disco-2,2025-10-02 - Toshiba EXT (Backup)\Proyectos_Laboratorio_Laura\Ferritas\Charité\Fluorescence\Test-1\hPAEpC\TGFb 48h (8).czi,,,41547a17f03d2e43cc76c41c51c3ac163ec3aaecc7be2889b64de0f3d99df369,Y,,
ACQ-20240927-XMIC-066,B01,drive2_MFB-Disco-2,2025-10-02 - Toshiba EXT (Backup)\Proyectos_Laboratorio_Laura\Ferritas\Charité\Fluorescence\Test-1\hPAEpC\TGFb 48h (9).czi,,,45448efc965536c9cd1655f99e728c58a106195624aebe6622cdb0e369fc28d9,Y,,
ACQ-20240927-XMIC-067,B01,drive2_MFB-Disco-2,2025-10-02 - Toshiba EXT (Backup)\Proyectos_Laboratorio_Laura\Ferritas\Charité\Fluorescence\Test-1\hPAEpC\TGFb 48h.czi,,,e3aa07a582f668d551ac93c74da7f6adf1f8dbdb70e12e08f0e411b60bfde639,Y,,
ACQ-20240927-XMIC-068,B01,drive2_MFB-Disco-2,2025-10-02 - Toshiba EXT (Backup)\Proyectos_Laboratorio_Laura\Ferritas\Charité\Fluorescence\Test-1\hPAEpC\ctrl neg (2).czi,,,ecd44ed45e58bfd07904c70389e806745f21dad7567051512d5f16dac77324b5,Y,,
ACQ-20240927-XMIC-069,B01,drive2_MFB-Disco-2,2025-10-02 - Toshiba EXT (Backup)\Proyectos_Laboratorio_Laura\Ferritas\Charité\Fluorescence\Test-1\hPAEpC\ctrl neg (3).czi,,,974d135efa53ba2296f2a8c504bcb98b76ba31f31fa8ede7729926c6b0a32aae,Y,,
ACQ-20240927-XMIC-070,B01,drive2_MFB-Disco-2,2025-10-02 - Toshiba EXT (Backup)\Proyectos_Laboratorio_Laura\Ferritas\Charité\Fluorescence\Test-1\hPAEpC\ctrl neg.czi,,,ad8b953b883c5cc1be7e53d3f0f08c338488c8949fc32a9003de1ca60f45c5fe,Y,,
ACQ-20240930-XMIC-001,B01,drive2_MFB-Disco-2,2025-10-02 - Toshiba EXT (Backup)\Proyectos_Laboratorio_Laura\Ferritas\Charité\Fluorescence\Test-1\hPAEpC\Laura2\Control-negativo (2).czi,,,cf70896f75e19af431939ed750cf000c9f1924faa80df4675705fa173537d470,Y,,
ACQ-20240930-XMIC-002,B01,drive2_MFB-Disco-2,2025-10-02 - Toshiba EXT (Backup)\Proyectos_Laboratorio_Laura\Ferritas\Charité\Fluorescence\Test-1\hPAEpC\Laura2\Control-negativo (3).czi,,,6d33991007851ed0a49298393c7b8aa7ca68aace1d4375c6df7e89588a151517,Y,,
ACQ-20240930-XMIC-003,B01,drive2_MFB-Disco-2,2025-10-02 - Toshiba EXT (Backup)\Proyectos_Laboratorio_Laura\Ferritas\Charité\Fluorescence\Test-1\hPAEpC\Laura2\Control-negativo.czi,,,65793d8fae438d2be6779715ca60ac30ec0d421f3c2a70bcac37fbe66a3c0de3,Y,,
ACQ-20240930-XMIC-004,B01,drive2_MFB-Disco-2,2025-10-02 - Toshiba EXT (Backup)\Proyectos_Laboratorio_Laura\Ferritas\Charité\Fluorescence\Test-1\hPAEpC\Laura2\HPEEpiC-Control-positivo.czi,,,5406c3e59628debdfe0b40718d2e16f0cb4ed99632ad540d604496083e9f344f,Y,,
ACQ-20240930-XMIC-005,B01,drive2_MFB-Disco-2,2025-10-02 - Toshiba EXT (Backup)\Proyectos_Laboratorio_Laura\Ferritas\Charité\Fluorescence\Test-1\hPAEpC\Laura2\HPEEpiC-Control-positivo1.czi,,,e9dc74ce010e38a1f5a7a585ba55f48fa758b4a25328a86dc6e1d603fd0b0c03,Y,,
ACQ-20240930-XMIC-006,B01,drive2_MFB-Disco-2,2025-10-02 - Toshiba EXT (Backup)\Proyectos_Laboratorio_Laura\Ferritas\Charité\Fluorescence\Test-1\hPAEpC\Laura2\HPEEpiC-Control-positivo2.czi,,,b70ddda81fba1a0a871713c5c61f6ec65f1803948a197d96170090a895d8ab70,Y,,
ACQ-20240930-XMIC-007,B01,drive2_MFB-Disco-2,2025-10-02 - Toshiba EXT (Backup)\Proyectos_Laboratorio_Laura\Ferritas\Charité\Fluorescence\Test-1\hPAEpC\Laura2\HPEEpiC-Control-positivo3.czi,,,f03d30124582f885617233108ce6e9f4cc885349c1d0a217f5928f77cd239546,Y,,
ACQ-20240930-XMIC-008,B01,drive2_MFB-Disco-2,2025-10-02 - Toshiba EXT (Backup)\Proyectos_Laboratorio_Laura\Ferritas\Charité\Fluorescence\Test-1\hPAEpC\Laura2\HPEEpiC-Control-positivo4.czi,,,4a7cf214ce92895cc63a5aabfed11f38b88acedad236b8893bd7bb3db03283ed,Y,,
ACQ-20240930-XMIC-009,B01,drive2_MFB-Disco-2,2025-10-02 - Toshiba EXT (Backup)\Proyectos_Laboratorio_Laura\Ferritas\Charité\Fluorescence\Test-1\hPAEpC\Laura2\HPEEpiC-Control-positivo5.czi,,,79c16b6a5d5a2829cf67ba40a453c4f280080dfcdd85f72a4fb1e732f69181b6,Y,,
ACQ-20240930-XMIC-010,B01,drive2_MFB-Disco-2,2025-10-02 - Toshiba EXT (Backup)\Proyectos_Laboratorio_Laura\Ferritas\Charité\Fluorescence\Test-1\hPAEpC\Laura2\HPEEpiC-Control-positivo6.czi,,,ffc03ad0a6c60543d06cdd871b77cc1cef92bfa28eddb9ede9b8761f34bec85e,Y,,
ACQ-20240930-XMIC-011,B01,drive2_MFB-Disco-2,2025-10-02 - Toshiba EXT (Backup)\Proyectos_Laboratorio_Laura\Ferritas\Charité\Fluorescence\Test-1\hPAEpC\Laura2\HpaEPIcS-24h-tgfb (2).czi,,,db7fed91f12c82c06e488d80cbd0dae2a2ae162c583f0c851d26bc6162b2cfc4,Y,,
ACQ-20240930-XMIC-012,B01,drive2_MFB-Disco-2,2025-10-02 - Toshiba EXT (Backup)\Proyectos_Laboratorio_Laura\Ferritas\Charité\Fluorescence\Test-1\hPAEpC\Laura2\HpaEPIcS-24h-tgfb (2)1.czi,,,73d3c688b75526a1afff47a76dd2085dd4c0b0a33e2778be3d6558d749fa28ce,Y,,
ACQ-20240930-XMIC-013,B01,drive2_MFB-Disco-2,2025-10-02 - Toshiba EXT (Backup)\Proyectos_Laboratorio_Laura\Ferritas\Charité\Fluorescence\Test-1\hPAEpC\Laura2\HpaEPIcS-24h-tgfb (3).czi,,,22459bdf806dff4680ef3671db0f0477e4c24244f502a498cc8c20d06bda5d3e,Y,,
ACQ-20240930-XMIC-014,B01,drive2_MFB-Disco-2,2025-10-02 - Toshiba EXT (Backup)\Proyectos_Laboratorio_Laura\Ferritas\Charité\Fluorescence\Test-1\hPAEpC\Laura2\HpaEPIcS-24h-tgfb (3)2.czi,,,9f1dc5706dc613f4238fc7094b55a7dd6cce5674fae7df678200b91abcd3a214,Y,,
ACQ-20240930-XMIC-015,B01,drive2_MFB-Disco-2,2025-10-02 - Toshiba EXT (Backup)\Proyectos_Laboratorio_Laura\Ferritas\Charité\Fluorescence\Test-1\hPAEpC\Laura2\HpaEPIcS-24h-tgfb (4).czi,,,2163deb5899e2e1ab97dd5e2231b44125e2e03b1f5f39c73855bb8753bd72be7,Y,,
ACQ-20240930-XMIC-016,B01,drive2_MFB-Disco-2,2025-10-02 - Toshiba EXT (Backup)\Proyectos_Laboratorio_Laura\Ferritas\Charité\Fluorescence\Test-1\hPAEpC\Laura2\HpaEPIcS-24h-tgfb (4)3.czi,,,261c6343d0c17334c28877777a508878e9d247963e4b2010b6cc9f809ca95e90,Y,,
ACQ-20240930-XMIC-017,B01,drive2_MFB-Disco-2,2025-10-02 - Toshiba EXT (Backup)\Proyectos_Laboratorio_Laura\Ferritas\Charité\Fluorescence\Test-1\hPAEpC\Laura2\HpaEPIcS-24h-tgfb.czi,,,bac4af58bc1dffb112f5d1f3c5721f85904cadea304c466b4dd12e34a136efbb,Y,,
ACQ-20240930-XMIC-018,B01,drive2_MFB-Disco-2,2025-10-02 - Toshiba EXT (Backup)\Proyectos_Laboratorio_Laura\Ferritas\Charité\Fluorescence\Test-1\hPAEpC\Laura2\Live.czi,,,ea390728ae506d54e6e8619034d2d9945bd961e2f768211f07dc56e3a8155c7e,Y,,
ACQ-20240930-XMIC-019,B01,drive2_MFB-Disco-2,2025-10-02 - Toshiba EXT (Backup)\Proyectos_Laboratorio_Laura\Ferritas\Charité\Fluorescence\Test-1\hPAEpC\Laura2\THP1-24h-TGFB1.czi,,,6d5e2e2fd5041354d990625ee59204b6b47eb3252af97a216ce2d980d75dc146,Y,,
ACQ-20240930-XMIC-020,B01,drive2_MFB-Disco-2,2025-10-02 - Toshiba EXT (Backup)\Proyectos_Laboratorio_Laura\Ferritas\Charité\Fluorescence\Test-1\hPAEpC\Laura2\THP1-24h-TGFB2.czi,,,f7e012aad401ec75e50451219e0b2d5b41f6e70e835b9780d00680bf937573ea,Y,,
ACQ-20240930-XMIC-021,B01,drive2_MFB-Disco-2,2025-10-02 - Toshiba EXT (Backup)\Proyectos_Laboratorio_Laura\Ferritas\Charité\Fluorescence\Test-1\hPAEpC\Laura2\THP1-24h-TGFB3.czi,,,f31938a4b2aecf8d5ab1218c366d6cc8917b797befcc3cbae9da567ba43690f9,Y,,
ACQ-20240930-XMIC-022,B01,drive2_MFB-Disco-2,2025-10-02 - Toshiba EXT (Backup)\Proyectos_Laboratorio_Laura\Ferritas\Charité\Fluorescence\Test-1\hPAEpC\Laura2\THP1-24h-TGFB4.czi,,,a2b462166e53c6db1853c8fd99a7a44ed6e35c240a97207751909f9f58b0e032,Y,,
ACQ-20240930-XMIC-023,B01,drive2_MFB-Disco-2,2025-10-02 - Toshiba EXT (Backup)\Proyectos_Laboratorio_Laura\Ferritas\Charité\Fluorescence\Test-1\hPAEpC\Laura2\THP1-24h-TGFB5.czi,,,6b6953b951b146d66e44479ab78ad11ab2e657ebd841199def7de6807aa0372f,Y,,
ACQ-20240930-XMIC-024,B01,drive2_MFB-Disco-2,2025-10-02 - Toshiba EXT (Backup)\Proyectos_Laboratorio_Laura\Ferritas\Charité\Fluorescence\Test-1\hPAEpC\Laura2\THP1-24h-TGFB6.czi,,,db98bea3231193b2555e5f70ecda3a2dc4c198b37948be9c2e16d6b341c53d22,Y,,
ACQ-20240930-XMIC-025,B01,drive2_MFB-Disco-2,2025-10-02 - Toshiba EXT (Backup)\Proyectos_Laboratorio_Laura\Ferritas\Charité\Fluorescence\Test-1\hPAEpC\Laura2\THP1-24h-TGFB8.czi,,,652fa527fc3853a50115af12dbbebd971a4490e89e4cdb36de87fa12c34f4d08,Y,,
ACQ-20240930-XMIC-026,B01,drive2_MFB-Disco-2,2025-10-02 - Toshiba EXT (Backup)\Proyectos_Laboratorio_Laura\Ferritas\Charité\Fluorescence\Test-1\hPAEpC\Laura2\THP1-48h-TGFB.czi,,,54e04ed76ea6051b532a71ea16cff8e7220b70fddaab3a5a5ad972ac2f1f3bdd,Y,,
ACQ-20240930-XMIC-027,B01,drive2_MFB-Disco-2,2025-10-02 - Toshiba EXT (Backup)\Proyectos_Laboratorio_Laura\Ferritas\Charité\Fluorescence\Test-1\hPAEpC\Laura2\THP1-48h-TGFB2.czi,,,fcff9b37a15aa5656b793fa4a7ca0aa03ab465c44aaa9f4820aa4c4e5b3c7944,Y,,
ACQ-20240930-XMIC-028,B01,drive2_MFB-Disco-2,2025-10-02 - Toshiba EXT (Backup)\Proyectos_Laboratorio_Laura\Ferritas\Charité\Fluorescence\Test-1\hPAEpC\Laura2\THP1-48h-TGFB3.czi,,,7231bbc7fef528b6ab76bec1865c2e4aee4764496f0e31c053639cc4cceea2fb,Y,,
ACQ-20240930-XMIC-029,B01,drive2_MFB-Disco-2,2025-10-02 - Toshiba EXT (Backup)\Proyectos_Laboratorio_Laura\Ferritas\Charité\Fluorescence\Test-1\hPAEpC\Laura2\THP1-Cont-negati1.czi,,,67d3b802aa3b2176cfe005207bf3bfbfa17bdfb8548c3cebd343bb7029cfa787,Y,,
ACQ-20240930-XMIC-030,B01,drive2_MFB-Disco-2,2025-10-02 - Toshiba EXT (Backup)\Proyectos_Laboratorio_Laura\Ferritas\Charité\Fluorescence\Test-1\hPAEpC\Laura2\THP1-Cont-negati2.czi,,,822ee6b78310ed084cfaec992b0cd9acb4e079251e1d393f851a716b23fe3773,Y,,
ACQ-20240930-XMIC-031,B01,drive2_MFB-Disco-2,2025-10-02 - Toshiba EXT (Backup)\Proyectos_Laboratorio_Laura\Ferritas\Charité\Fluorescence\Test-1\hPAEpC\Laura2\THP1-Cont-negati3.czi,,,7f573564fac23513bcfbeab01358ea8229b7116437828321d5e93610dc40e518,Y,,
ACQ-20240930-XMIC-032,B01,drive2_MFB-Disco-2,2025-10-02 - Toshiba EXT (Backup)\Proyectos_Laboratorio_Laura\Ferritas\Charité\Fluorescence\Test-1\hPAEpC\Laura2\THP1-Cont-negati4.czi,,,4dc9b6478fece5e7ceb8b704b14ff70541402dd616d83164b6fcd34b97cda85d,Y,,
ACQ-20240930-XMIC-033,B01,drive2_MFB-Disco-2,2025-10-02 - Toshiba EXT (Backup)\Proyectos_Laboratorio_Laura\Ferritas\Charité\Fluorescence\Test-1\hPAEpC\Laura2\THP1-Contl-Positivo.czi,,,9bd81cf8d6c8ac320a794ea88e3018429dc0f27543cf72ff24945fd8d2603b66,Y,,
ACQ-20240930-XMIC-034,B01,drive2_MFB-Disco-2,2025-10-02 - Toshiba EXT (Backup)\Proyectos_Laboratorio_Laura\Ferritas\Charité\Fluorescence\Test-1\hPAEpC\Laura2\THP1-Contl-Positivo2.czi,,,fc9855cc914891a783553b3626d342dc1d1a1fa726b8e677cee29bc60794fb83,Y,,
ACQ-20240930-XMIC-035,B01,drive2_MFB-Disco-2,2025-10-02 - Toshiba EXT (Backup)\Proyectos_Laboratorio_Laura\Ferritas\Charité\Fluorescence\Test-1\hPAEpC\Laura2\THP1-Contl-Positivo3.czi,,,41986db8d93ec3bdec1456281f3a618b03ac81bbe4cede20d810b584217e4b20,Y,,
ACQ-20240930-XMIC-036,B01,drive2_MFB-Disco-2,2025-10-02 - Toshiba EXT (Backup)\Proyectos_Laboratorio_Laura\Ferritas\Charité\Fluorescence\Test-1\hPAEpC\Laura2\THP1-Contl-Positivo4.czi,,,8493888774f8cc8be99a9dde761d3dc4fc4679c459d6050d700097f9c9924a20,Y,,
ACQ-20240930-XMIC-037,B01,drive2_MFB-Disco-2,2025-10-02 - Toshiba EXT (Backup)\Proyectos_Laboratorio_Laura\Ferritas\Charité\Fluorescence\Test-1\hPAEpC\Laura2\THP1-Contl-Positivo5.czi,,,76cddd4e41e4907d34d92f16f333bd5b88e8f481c9bbe5770096d239b94b114f,Y,,
ACQ-20240930-XMIC-038,B01,drive2_MFB-Disco-2,2025-10-02 - Toshiba EXT (Backup)\Proyectos_Laboratorio_Laura\Ferritas\Charité\Fluorescence\Test-1\hPAEpC\Laura2\hPAEpiCs-control-positivo (2).czi,,,7e4538d717ddca7854f070c3f038b3b55843fb39e15220ef0b4b57cee6e6c0c5,Y,,
ACQ-20240930-XMIC-039,B01,drive2_MFB-Disco-2,2025-10-02 - Toshiba EXT (Backup)\Proyectos_Laboratorio_Laura\Ferritas\Charité\Fluorescence\Test-1\hPAEpC\Laura2\hPAEpiCs-control-positivo (3).czi,,,23c12b6099d842979c723b553db90d63a8002c5da78db5440c277eb71bd848da,Y,,
ACQ-20240930-XMIC-040,B01,drive2_MFB-Disco-2,2025-10-02 - Toshiba EXT (Backup)\Proyectos_Laboratorio_Laura\Ferritas\Charité\Fluorescence\Test-1\hPAEpC\Laura2\hPAEpiCs-control-positivo (4).czi,,,db50a61536c9f5aeed76921dec0ff069c041c812ddc19d54a10fa2397a57bab7,Y,,
ACQ-20240930-XMIC-041,B01,drive2_MFB-Disco-2,2025-10-02 - Toshiba EXT (Backup)\Proyectos_Laboratorio_Laura\Ferritas\Charité\Fluorescence\Test-1\hPAEpC\Laura2\hPAEpiCs-control-positivo (5).czi,,,2273affcd2ce62d1b3cb6895b7b8000c49fd1fc59ac107cff32c8f100d7a7473,Y,,
ACQ-20240930-XMIC-042,B01,drive2_MFB-Disco-2,2025-10-02 - Toshiba EXT (Backup)\Proyectos_Laboratorio_Laura\Ferritas\Charité\Fluorescence\Test-1\hPAEpC\Laura2\hPAEpiCs-control-positivo.czi,,,d4f97d9974337b5137138e55516fa85c32183d8a0e5a91b46d3479f31d1285fa,Y,,
ACQ-20240930-XMIC-043,B01,drive2_MFB-Disco-2,2025-10-02 - Toshiba EXT (Backup)\Proyectos_Laboratorio_Laura\Ferritas\Charité\Fluorescence\Test-1\hPAEpC\Laura2\hPAepiCs-48h-TGFB (2).czi,,,9d2784111e94cbe1ff3e2de351cd42e8d860e3666e62a42272c350b25188ab7e,Y,,
ACQ-20240930-XMIC-044,B01,drive2_MFB-Disco-2,2025-10-02 - Toshiba EXT (Backup)\Proyectos_Laboratorio_Laura\Ferritas\Charité\Fluorescence\Test-1\hPAEpC\Laura2\hPAepiCs-48h-TGFB (2)5.czi,,,d0853fb0fa5b14d2d082e3b1f735a9817272b7555ff36276bb8044a09ea86337,Y,,
ACQ-20240930-XMIC-045,B01,drive2_MFB-Disco-2,2025-10-02 - Toshiba EXT (Backup)\Proyectos_Laboratorio_Laura\Ferritas\Charité\Fluorescence\Test-1\hPAEpC\Laura2\hPAepiCs-48h-TGFB (3).czi,,,d3a4b4513a47343fbc2acbd8020433630ef141be8f218571a3d4c9787629f2e7,Y,,
ACQ-20240930-XMIC-046,B01,drive2_MFB-Disco-2,2025-10-02 - Toshiba EXT (Backup)\Proyectos_Laboratorio_Laura\Ferritas\Charité\Fluorescence\Test-1\hPAEpC\Laura2\hPAepiCs-48h-TGFB (3)6.czi,,,be0f19c8b8ac4ee32c75e5326e614b2bb74f2e0cd16935ed01f27048fb1f466a,Y,,
ACQ-20240930-XMIC-047,B01,drive2_MFB-Disco-2,2025-10-02 - Toshiba EXT (Backup)\Proyectos_Laboratorio_Laura\Ferritas\Charité\Fluorescence\Test-1\hPAEpC\Laura2\hPAepiCs-48h-TGFB (4).czi,,,03cfb922ca2457f53a4e917a920279092987293461216b2bcd2959d02aaf4eaf,Y,,
ACQ-20240930-XMIC-048,B01,drive2_MFB-Disco-2,2025-10-02 - Toshiba EXT (Backup)\Proyectos_Laboratorio_Laura\Ferritas\Charité\Fluorescence\Test-1\hPAEpC\Laura2\hPAepiCs-48h-TGFB (5).czi,,,cb052a5d2f7d32f1e4a7bcb5fa601f4892d113bf2e2d7461985a17b29a1275de,Y,,
ACQ-20240930-XMIC-049,B01,drive2_MFB-Disco-2,2025-10-02 - Toshiba EXT (Backup)\Proyectos_Laboratorio_Laura\Ferritas\Charité\Fluorescence\Test-1\hPAEpC\Laura2\hPAepiCs-48h-TGFB.czi,,,1d6ff2c65774feae499bfd28387845f8bac6c8df8937ed335f39ee482cb9ac40,Y,,
ACQ-20240930-XMIC-050,B01,drive2_MFB-Disco-2,2025-10-02 - Toshiba EXT (Backup)\Proyectos_Laboratorio_Laura\Ferritas\Charité\Fluorescence\Test-1\hPAEpC\Laura2\hPAepiCs-48h-TGFB4.czi,,,bbf5120a9cac07f78f867eeb6b9f2131be37a4745297c1f3bd0177e8d6f1c843,Y,,
ACQ-20241004-XMIC-001,B01,drive2_MFB-Disco-2,2025-10-02 - Toshiba EXT (Backup)\Proyectos_Laboratorio_Laura\Ferritas\Charité\Fluorescence\4.10.24-test-1-FeMn\hPAEpiCs\24-TGF-B+4h-FeMn (2).czi,,,b1c2196ec8bec5f86860d7464c949534f6e746bbbabb1b97cbd4e33cd14e0490,Y,,
ACQ-20241004-XMIC-002,B01,drive2_MFB-Disco-2,2025-10-02 - Toshiba EXT (Backup)\Proyectos_Laboratorio_Laura\Ferritas\Charité\Fluorescence\4.10.24-test-1-FeMn\hPAEpiCs\24-TGF-B+4h-FeMn (3).czi,,,c5b816177a7872a550bbe6b885ec925a5431b53481b7096c55c58cbe599ac920,Y,,
ACQ-20241004-XMIC-003,B01,drive2_MFB-Disco-2,2025-10-02 - Toshiba EXT (Backup)\Proyectos_Laboratorio_Laura\Ferritas\Charité\Fluorescence\4.10.24-test-1-FeMn\hPAEpiCs\24-TGF-B+4h-FeMn (4).czi,,,dc8bc9ef8df61fc3154713557be8f525761b8dda334672debec0f3c618b57f4a,Y,,
ACQ-20241004-XMIC-004,B01,drive2_MFB-Disco-2,2025-10-02 - Toshiba EXT (Backup)\Proyectos_Laboratorio_Laura\Ferritas\Charité\Fluorescence\4.10.24-test-1-FeMn\hPAEpiCs\24-TGF-B+4h-FeMn (5).czi,,,e83c3cac628e99497d2c3c15fb15a58c51dde98922a77964236ff2505c8ba620,Y,,
ACQ-20241004-XMIC-005,B01,drive2_MFB-Disco-2,2025-10-02 - Toshiba EXT (Backup)\Proyectos_Laboratorio_Laura\Ferritas\Charité\Fluorescence\4.10.24-test-1-FeMn\hPAEpiCs\24-TGF-B+4h-FeMn.czi,,,bddc84d13cc5463fcce15241e0f4486468bfb808a50b05ae066f85dcb1e891d8,Y,,
ACQ-20241004-XMIC-006,B01,drive2_MFB-Disco-2,2025-10-02 - Toshiba EXT (Backup)\Proyectos_Laboratorio_Laura\Ferritas\Charité\Fluorescence\4.10.24-test-1-FeMn\hPAEpiCs\24h-TGF-B+4h-FeMn (10).czi,,,9e1b5e2835ed4c732203054166f48d487b1b7b5d4f45e9ced3364efd7201c448,Y,,
ACQ-20241004-XMIC-007,B01,drive2_MFB-Disco-2,2025-10-02 - Toshiba EXT (Backup)\Proyectos_Laboratorio_Laura\Ferritas\Charité\Fluorescence\4.10.24-test-1-FeMn\hPAEpiCs\24h-TGF-B+4h-FeMn (11).czi,,,18ff328565896cbcd7bb542da21427936b7bda2dfe5b7708dace776af0ace44a,Y,,
ACQ-20241004-XMIC-008,B01,drive2_MFB-Disco-2,2025-10-02 - Toshiba EXT (Backup)\Proyectos_Laboratorio_Laura\Ferritas\Charité\Fluorescence\4.10.24-test-1-FeMn\hPAEpiCs\24h-TGF-B+4h-FeMn (12).czi,,,5d7363b0dbb0d41c7d507be8bac2329955419038ba7aa4433b88aac46939ca3b,Y,,
ACQ-20241004-XMIC-009,B01,drive2_MFB-Disco-2,2025-10-02 - Toshiba EXT (Backup)\Proyectos_Laboratorio_Laura\Ferritas\Charité\Fluorescence\4.10.24-test-1-FeMn\hPAEpiCs\24h-TGF-B+4h-FeMn (13).czi,,,42a783484648278206fa194998f96d9eba3338c335d5b9a1891e2f4c3320eb4e,Y,,
ACQ-20241004-XMIC-010,B01,drive2_MFB-Disco-2,2025-10-02 - Toshiba EXT (Backup)\Proyectos_Laboratorio_Laura\Ferritas\Charité\Fluorescence\4.10.24-test-1-FeMn\hPAEpiCs\24h-TGF-B+4h-FeMn (14).czi,,,be37bd23a0741f06111415f2b0afa409391d9b44d8130cdbd9a377466f23d87d,Y,,
ACQ-20241004-XMIC-011,B01,drive2_MFB-Disco-2,2025-10-02 - Toshiba EXT (Backup)\Proyectos_Laboratorio_Laura\Ferritas\Charité\Fluorescence\4.10.24-test-1-FeMn\hPAEpiCs\24h-TGF-B+4h-FeMn (2).czi,,,5e83d768e89c8743782079ecf0faab896a3ed269d32082de79e94c272a31e1c5,Y,,
ACQ-20241004-XMIC-012,B01,drive2_MFB-Disco-2,2025-10-02 - Toshiba EXT (Backup)\Proyectos_Laboratorio_Laura\Ferritas\Charité\Fluorescence\4.10.24-test-1-FeMn\hPAEpiCs\24h-TGF-B+4h-FeMn (3).czi,,,d77aad51a5230248219a9f8ba2140d786c921bb6009f4ed55dcb7b434e2fe0c8,Y,,
ACQ-20241004-XMIC-013,B01,drive2_MFB-Disco-2,2025-10-02 - Toshiba EXT (Backup)\Proyectos_Laboratorio_Laura\Ferritas\Charité\Fluorescence\4.10.24-test-1-FeMn\hPAEpiCs\24h-TGF-B+4h-FeMn (4).czi,,,67aa280253c36786c8c059720e71bb1be5cd6a9089b92c91eab41b8089430d69,Y,,
ACQ-20241004-XMIC-014,B01,drive2_MFB-Disco-2,2025-10-02 - Toshiba EXT (Backup)\Proyectos_Laboratorio_Laura\Ferritas\Charité\Fluorescence\4.10.24-test-1-FeMn\hPAEpiCs\24h-TGF-B+4h-FeMn (5).czi,,,fe00383beb5b2804b42abb30a3b997c751739686501f3d4dabe78375f5440230,Y,,
ACQ-20241004-XMIC-015,B01,drive2_MFB-Disco-2,2025-10-02 - Toshiba EXT (Backup)\Proyectos_Laboratorio_Laura\Ferritas\Charité\Fluorescence\4.10.24-test-1-FeMn\hPAEpiCs\24h-TGF-B+4h-FeMn (6).czi,,,3fbf8b5b9ca61e0cb56cedb29ccdd5201309b02c4d3d3d0da78f162039c08df6,Y,,
ACQ-20241004-XMIC-016,B01,drive2_MFB-Disco-2,2025-10-02 - Toshiba EXT (Backup)\Proyectos_Laboratorio_Laura\Ferritas\Charité\Fluorescence\4.10.24-test-1-FeMn\hPAEpiCs\24h-TGF-B+4h-FeMn (7).czi,,,1505b2955994be47ebae02338f2a2ca4259c14ab9ba36938b53dc8e932a3a89d,Y,,
ACQ-20241004-XMIC-017,B01,drive2_MFB-Disco-2,2025-10-02 - Toshiba EXT (Backup)\Proyectos_Laboratorio_Laura\Ferritas\Charité\Fluorescence\4.10.24-test-1-FeMn\hPAEpiCs\24h-TGF-B+4h-FeMn (8).czi,,,3611b59bab5a8bef1cdf98cee472749e05ff83051fcf23b99fd1e06dde277b7e,Y,,
ACQ-20241004-XMIC-018,B01,drive2_MFB-Disco-2,2025-10-02 - Toshiba EXT (Backup)\Proyectos_Laboratorio_Laura\Ferritas\Charité\Fluorescence\4.10.24-test-1-FeMn\hPAEpiCs\24h-TGF-B+4h-FeMn (9).czi,,,3772e5fd371c0bd8fc40d075f0d8ac109d3ef3853185433c5895b2acde4d5f56,Y,,
ACQ-20241004-XMIC-019,B01,drive2_MFB-Disco-2,2025-10-02 - Toshiba EXT (Backup)\Proyectos_Laboratorio_Laura\Ferritas\Charité\Fluorescence\4.10.24-test-1-FeMn\hPAEpiCs\24h-TGF-B+4h-FeMn.czi,,,2310108e4870155c22332869bb7549bcd13f3ac1f30a99fcba87b5dffb131922,Y,,
ACQ-20241004-XMIC-020,B01,drive2_MFB-Disco-2,2025-10-02 - Toshiba EXT (Backup)\Proyectos_Laboratorio_Laura\Ferritas\Charité\Fluorescence\4.10.24-test-1-FeMn\hPAEpiCs\24h-TGF-B-1 (10).czi,,,fb7d74111706528b390e78b8a1b31596d7a2b054dd9a649f6e24def5184f7527,Y,,
ACQ-20241004-XMIC-021,B01,drive2_MFB-Disco-2,2025-10-02 - Toshiba EXT (Backup)\Proyectos_Laboratorio_Laura\Ferritas\Charité\Fluorescence\4.10.24-test-1-FeMn\hPAEpiCs\24h-TGF-B-1 (11).czi,,,6ba80f2153a1c65dd93522f851c91382716d6de58368b3d2030cda95624cf945,Y,,
ACQ-20241004-XMIC-022,B01,drive2_MFB-Disco-2,2025-10-02 - Toshiba EXT (Backup)\Proyectos_Laboratorio_Laura\Ferritas\Charité\Fluorescence\4.10.24-test-1-FeMn\hPAEpiCs\24h-TGF-B-1 (12).czi,,,1a5fef57117fb53fb9f76282e401c20fb7caa3f2fbf994d09749c64fd0f40ac6,Y,,
ACQ-20241004-XMIC-023,B01,drive2_MFB-Disco-2,2025-10-02 - Toshiba EXT (Backup)\Proyectos_Laboratorio_Laura\Ferritas\Charité\Fluorescence\4.10.24-test-1-FeMn\hPAEpiCs\24h-TGF-B-1 (13).czi,,,c1c640d31aec580f566f6574750698ba4ec3bc5c53ae028d0e99fd01d4d1c391,Y,,
ACQ-20241004-XMIC-024,B01,drive2_MFB-Disco-2,2025-10-02 - Toshiba EXT (Backup)\Proyectos_Laboratorio_Laura\Ferritas\Charité\Fluorescence\4.10.24-test-1-FeMn\hPAEpiCs\24h-TGF-B-1 (14).czi,,,c8c7cd93bf54bd9d14d215f203682fb1a6934ce4fbd9eef8cab18dd97d516d65,Y,,
ACQ-20241004-XMIC-025,B01,drive2_MFB-Disco-2,2025-10-02 - Toshiba EXT (Backup)\Proyectos_Laboratorio_Laura\Ferritas\Charité\Fluorescence\4.10.24-test-1-FeMn\hPAEpiCs\24h-TGF-B-1 (2).czi,,,39881a6de95ddffc563dbfe63a2fabee72903f361172d8ef7bd2d06cdaa034fc,Y,,
ACQ-20241004-XMIC-026,B01,drive2_MFB-Disco-2,2025-10-02 - Toshiba EXT (Backup)\Proyectos_Laboratorio_Laura\Ferritas\Charité\Fluorescence\4.10.24-test-1-FeMn\hPAEpiCs\24h-TGF-B-1 (3).czi,,,c4138861bf6e1abb5f7db106b05e54115502983705d1304791c932b7470abf75,Y,,
ACQ-20241004-XMIC-027,B01,drive2_MFB-Disco-2,2025-10-02 - Toshiba EXT (Backup)\Proyectos_Laboratorio_Laura\Ferritas\Charité\Fluorescence\4.10.24-test-1-FeMn\hPAEpiCs\24h-TGF-B-1 (4).czi,,,cd093ef626e30551e0c2349e9aad36f57839b46ad32b5c5c9362ddf79f4c73a3,Y,,
ACQ-20241004-XMIC-028,B01,drive2_MFB-Disco-2,2025-10-02 - Toshiba EXT (Backup)\Proyectos_Laboratorio_Laura\Ferritas\Charité\Fluorescence\4.10.24-test-1-FeMn\hPAEpiCs\24h-TGF-B-1 (5).czi,,,5d8a3e81b064d864b4802ba77879e91614ee414a1ca06fb3c9b176e42981cfd9,Y,,
ACQ-20241004-XMIC-029,B01,drive2_MFB-Disco-2,2025-10-02 - Toshiba EXT (Backup)\Proyectos_Laboratorio_Laura\Ferritas\Charité\Fluorescence\4.10.24-test-1-FeMn\hPAEpiCs\24h-TGF-B-1 (6).czi,,,50bd824e70091c54aa5275d0bc1f66ddb417c12118c6e46f104a59a20d4b8a01,Y,,
ACQ-20241004-XMIC-030,B01,drive2_MFB-Disco-2,2025-10-02 - Toshiba EXT (Backup)\Proyectos_Laboratorio_Laura\Ferritas\Charité\Fluorescence\4.10.24-test-1-FeMn\hPAEpiCs\24h-TGF-B-1 (7).czi,,,f05bdbcab1d2aaf70615f07bf8fe051a70b3628947e28450fbc0aec257cfdec2,Y,,
ACQ-20241004-XMIC-031,B01,drive2_MFB-Disco-2,2025-10-02 - Toshiba EXT (Backup)\Proyectos_Laboratorio_Laura\Ferritas\Charité\Fluorescence\4.10.24-test-1-FeMn\hPAEpiCs\24h-TGF-B-1 (8).czi,,,cf404f0b22908a1aff9b80fdaffdf33484eeea9db9a707e94f2a55f6ff2dceec,Y,,
ACQ-20241004-XMIC-032,B01,drive2_MFB-Disco-2,2025-10-02 - Toshiba EXT (Backup)\Proyectos_Laboratorio_Laura\Ferritas\Charité\Fluorescence\4.10.24-test-1-FeMn\hPAEpiCs\24h-TGF-B-1 (9).czi,,,8cb66c991070fb3b06f5f7ddc4caa91cabe17f336efdf10c65ae97f49e44beee,Y,,
ACQ-20241004-XMIC-033,B01,drive2_MFB-Disco-2,2025-10-02 - Toshiba EXT (Backup)\Proyectos_Laboratorio_Laura\Ferritas\Charité\Fluorescence\4.10.24-test-1-FeMn\hPAEpiCs\24h-TGF-B-1.czi,,,43f42b8287003fcc8a97174ee226efbcd598c772b5de2131fe584c5dc6640404,Y,,
ACQ-20241004-XMIC-034,B01,drive2_MFB-Disco-2,2025-10-02 - Toshiba EXT (Backup)\Proyectos_Laboratorio_Laura\Ferritas\Charité\Fluorescence\4.10.24-test-1-FeMn\hPAEpiCs\24h-TGF-B-2 (2).czi,,,60d266aec3742eb053204ad48128b9841802f4c13dba1fa41de1cdce4f5e04cf,Y,,
ACQ-20241004-XMIC-035,B01,drive2_MFB-Disco-2,2025-10-02 - Toshiba EXT (Backup)\Proyectos_Laboratorio_Laura\Ferritas\Charité\Fluorescence\4.10.24-test-1-FeMn\hPAEpiCs\24h-TGF-B-2 (3).czi,,,29727b39289d477fe68b1f13bc1e21182eead29b205c3ff2b745b4be9fe95e0b,Y,,
ACQ-20241004-XMIC-036,B01,drive2_MFB-Disco-2,2025-10-02 - Toshiba EXT (Backup)\Proyectos_Laboratorio_Laura\Ferritas\Charité\Fluorescence\4.10.24-test-1-FeMn\hPAEpiCs\24h-TGF-B-2 (4).czi,,,7b128d08541f3c012127d4f31d24528a0f907bcdd20257daade8431ef081f047,Y,,
ACQ-20241004-XMIC-037,B01,drive2_MFB-Disco-2,2025-10-02 - Toshiba EXT (Backup)\Proyectos_Laboratorio_Laura\Ferritas\Charité\Fluorescence\4.10.24-test-1-FeMn\hPAEpiCs\24h-TGF-B-2 (5).czi,,,24c2070aadea87618ec7c9fc6a20b9262858bed74b9ab157677c28e2b8f976e8,Y,,
ACQ-20241004-XMIC-038,B01,drive2_MFB-Disco-2,2025-10-02 - Toshiba EXT (Backup)\Proyectos_Laboratorio_Laura\Ferritas\Charité\Fluorescence\4.10.24-test-1-FeMn\hPAEpiCs\24h-TGF-B-2 (6).czi,,,14ee809cb03ee310eaa739bd88c20568f1faba8d5ea12429d58019607ddf49f2,Y,,
ACQ-20241004-XMIC-039,B01,drive2_MFB-Disco-2,2025-10-02 - Toshiba EXT (Backup)\Proyectos_Laboratorio_Laura\Ferritas\Charité\Fluorescence\4.10.24-test-1-FeMn\hPAEpiCs\24h-TGF-B-2.czi,,,b528b63e35baae9567abff2dbed26e447093f38371bad391ad606b2e82cdc782,Y,,
ACQ-20241004-XMIC-040,B01,drive2_MFB-Disco-2,2025-10-02 - Toshiba EXT (Backup)\Proyectos_Laboratorio_Laura\Ferritas\Charité\Fluorescence\4.10.24-test-1-FeMn\hPAEpiCs\24h-TGF-B-3 (2).czi,,,bb1396896029d9a86fb2b3c4e4caf6a707f1c0bb2055101be10f30a666c28e36,Y,,
ACQ-20241004-XMIC-041,B01,drive2_MFB-Disco-2,2025-10-02 - Toshiba EXT (Backup)\Proyectos_Laboratorio_Laura\Ferritas\Charité\Fluorescence\4.10.24-test-1-FeMn\hPAEpiCs\24h-TGF-B-3 (3).czi,,,be850036866919ee29fa84f9f460d926668f9421bfbd2a5f0753e9c70dca573b,Y,,
ACQ-20241004-XMIC-042,B01,drive2_MFB-Disco-2,2025-10-02 - Toshiba EXT (Backup)\Proyectos_Laboratorio_Laura\Ferritas\Charité\Fluorescence\4.10.24-test-1-FeMn\hPAEpiCs\24h-TGF-B-3 (4).czi,,,e489414d891387094a267ca80776ed2e3f9c808b7f020178919fb01576aabb24,Y,,
ACQ-20241004-XMIC-043,B01,drive2_MFB-Disco-2,2025-10-02 - Toshiba EXT (Backup)\Proyectos_Laboratorio_Laura\Ferritas\Charité\Fluorescence\4.10.24-test-1-FeMn\hPAEpiCs\24h-TGF-B-3 (5).czi,,,b79485b16c34cc545c3cadc730f9b76537f888a0afb1bcd29cc39ff8733299bc,Y,,
ACQ-20241004-XMIC-044,B01,drive2_MFB-Disco-2,2025-10-02 - Toshiba EXT (Backup)\Proyectos_Laboratorio_Laura\Ferritas\Charité\Fluorescence\4.10.24-test-1-FeMn\hPAEpiCs\24h-TGF-B-3 (6).czi,,,0b634fba38bef2ae2f0fd6098c13c088c7c8abc51dd3ff74fa2e772246dc3fa3,Y,,
ACQ-20241004-XMIC-045,B01,drive2_MFB-Disco-2,2025-10-02 - Toshiba EXT (Backup)\Proyectos_Laboratorio_Laura\Ferritas\Charité\Fluorescence\4.10.24-test-1-FeMn\hPAEpiCs\24h-TGF-B-3.czi,,,0c1d2918a781ebf5e7f48fcca12a1f350229bc2556cdade5396cf7bebaa4687c,Y,,
ACQ-20241004-XMIC-046,B01,drive2_MFB-Disco-2,2025-10-02 - Toshiba EXT (Backup)\Proyectos_Laboratorio_Laura\Ferritas\Charité\Fluorescence\4.10.24-test-1-FeMn\hPAEpiCs\4h-FeMn (10).czi,,,125e8c5399794bcaf98506a73506c4c1fe2e12e090196a936bc04ae0e0c836c7,Y,,
ACQ-20241004-XMIC-047,B01,drive2_MFB-Disco-2,2025-10-02 - Toshiba EXT (Backup)\Proyectos_Laboratorio_Laura\Ferritas\Charité\Fluorescence\4.10.24-test-1-FeMn\hPAEpiCs\4h-FeMn (11).czi,,,a6e5059e4bf429ce3965d2ba5ba1901a5d798b336d7b7ff3bc35e1a0fc13cfc0,Y,,
ACQ-20241004-XMIC-048,B01,drive2_MFB-Disco-2,2025-10-02 - Toshiba EXT (Backup)\Proyectos_Laboratorio_Laura\Ferritas\Charité\Fluorescence\4.10.24-test-1-FeMn\hPAEpiCs\4h-FeMn (12).czi,,,edc1565372579f59ba682ca8d0dcfb5a4b46b24d15c7e87e0bd910a6998fd1a5,Y,,
ACQ-20241004-XMIC-049,B01,drive2_MFB-Disco-2,2025-10-02 - Toshiba EXT (Backup)\Proyectos_Laboratorio_Laura\Ferritas\Charité\Fluorescence\4.10.24-test-1-FeMn\hPAEpiCs\4h-FeMn (13).czi,,,6402cf8a110590e397ea4c7a574933a759ad877dd3a7b6b27b92db3fe3fc05a3,Y,,
ACQ-20241004-XMIC-050,B01,drive2_MFB-Disco-2,2025-10-02 - Toshiba EXT (Backup)\Proyectos_Laboratorio_Laura\Ferritas\Charité\Fluorescence\4.10.24-test-1-FeMn\hPAEpiCs\4h-FeMn (2).czi,,,22e43581240cf31326efbc96d1c7bd9ecee8373722c9326565de5260097d8c76,Y,,
ACQ-20241004-XMIC-051,B01,drive2_MFB-Disco-2,2025-10-02 - Toshiba EXT (Backup)\Proyectos_Laboratorio_Laura\Ferritas\Charité\Fluorescence\4.10.24-test-1-FeMn\hPAEpiCs\4h-FeMn (3).czi,,,ae68e7952f2d02206499af78f5ad46be4318b8ca0f09d698df25c0cf06df9d91,Y,,
ACQ-20241004-XMIC-052,B01,drive2_MFB-Disco-2,2025-10-02 - Toshiba EXT (Backup)\Proyectos_Laboratorio_Laura\Ferritas\Charité\Fluorescence\4.10.24-test-1-FeMn\hPAEpiCs\4h-FeMn (4).czi,,,77567cb70d64f2c7fc8c7eefbd3e9f7194c78edc8fc4dfb336fd06ca0436b100,Y,,
ACQ-20241004-XMIC-053,B01,drive2_MFB-Disco-2,2025-10-02 - Toshiba EXT (Backup)\Proyectos_Laboratorio_Laura\Ferritas\Charité\Fluorescence\4.10.24-test-1-FeMn\hPAEpiCs\4h-FeMn (5).czi,,,c3c5b2e3d319781fb5a8153a49b00b4360d5c470ae2a2946c953bdae9061aaa4,Y,,
ACQ-20241004-XMIC-054,B01,drive2_MFB-Disco-2,2025-10-02 - Toshiba EXT (Backup)\Proyectos_Laboratorio_Laura\Ferritas\Charité\Fluorescence\4.10.24-test-1-FeMn\hPAEpiCs\4h-FeMn (6).czi,,,49214af42bb60c9afe9979e4fccb6f39626b22e4bb9724f618d96506b88f1ba2,Y,,
ACQ-20241004-XMIC-055,B01,drive2_MFB-Disco-2,2025-10-02 - Toshiba EXT (Backup)\Proyectos_Laboratorio_Laura\Ferritas\Charité\Fluorescence\4.10.24-test-1-FeMn\hPAEpiCs\4h-FeMn (7).czi,,,3b1711817a3f2903a1774027357d89bb144d4644ab9b15e0df1c3195b8387b8a,Y,,
ACQ-20241004-XMIC-056,B01,drive2_MFB-Disco-2,2025-10-02 - Toshiba EXT (Backup)\Proyectos_Laboratorio_Laura\Ferritas\Charité\Fluorescence\4.10.24-test-1-FeMn\hPAEpiCs\4h-FeMn (8).czi,,,f5b658df744dca8cc90fe4157632af1775b54c46f947725e5e7affeacc76b576,Y,,
ACQ-20241004-XMIC-057,B01,drive2_MFB-Disco-2,2025-10-02 - Toshiba EXT (Backup)\Proyectos_Laboratorio_Laura\Ferritas\Charité\Fluorescence\4.10.24-test-1-FeMn\hPAEpiCs\4h-FeMn (9).czi,,,2c166491f8611ca7f40054fa4b9eb9854476909ec3830d16831e80edab4cb46b,Y,,
ACQ-20241004-XMIC-058,B01,drive2_MFB-Disco-2,2025-10-02 - Toshiba EXT (Backup)\Proyectos_Laboratorio_Laura\Ferritas\Charité\Fluorescence\4.10.24-test-1-FeMn\hPAEpiCs\4h-FeMn-2 (2).czi,,,350141d5d0c26ef077a46a87d5266687c7100f4fce856bde0559dc925acf73ef,Y,,
ACQ-20241004-XMIC-059,B01,drive2_MFB-Disco-2,2025-10-02 - Toshiba EXT (Backup)\Proyectos_Laboratorio_Laura\Ferritas\Charité\Fluorescence\4.10.24-test-1-FeMn\hPAEpiCs\4h-FeMn-2 (3).czi,,,0c5c7c39e1dcf64182af3d30b0096d689d78699a28c15d732eaf3b20f7f3a50b,Y,,
ACQ-20241004-XMIC-060,B01,drive2_MFB-Disco-2,2025-10-02 - Toshiba EXT (Backup)\Proyectos_Laboratorio_Laura\Ferritas\Charité\Fluorescence\4.10.24-test-1-FeMn\hPAEpiCs\4h-FeMn-2 (4).czi,,,5a75c90926586587fefdc9e180163b4f8f0edfdfb79c3d188e5d61de25addbe7,Y,,
ACQ-20241004-XMIC-061,B01,drive2_MFB-Disco-2,2025-10-02 - Toshiba EXT (Backup)\Proyectos_Laboratorio_Laura\Ferritas\Charité\Fluorescence\4.10.24-test-1-FeMn\hPAEpiCs\4h-FeMn-2 (5).czi,,,d2c8b105c06d8e1f5dc557ab82b3279c50167fe96bbdac734ccb617a09147008,Y,,
ACQ-20241004-XMIC-062,B01,drive2_MFB-Disco-2,2025-10-02 - Toshiba EXT (Backup)\Proyectos_Laboratorio_Laura\Ferritas\Charité\Fluorescence\4.10.24-test-1-FeMn\hPAEpiCs\4h-FeMn-2.czi,,,7fc5173c4ab85905f8fc0f38417f93d98b32fafbd1de52995ba80ef572df8044,Y,,
ACQ-20241004-XMIC-063,B01,drive2_MFB-Disco-2,2025-10-02 - Toshiba EXT (Backup)\Proyectos_Laboratorio_Laura\Ferritas\Charité\Fluorescence\4.10.24-test-1-FeMn\hPAEpiCs\4h-FeMn.czi,,,8621b2c444e75c01ec8c9d4f908ad0bea48502283caa579b54216816ec0b129b,Y,,
ACQ-20241004-XMIC-064,B01,drive2_MFB-Disco-2,2025-10-02 - Toshiba EXT (Backup)\Proyectos_Laboratorio_Laura\Ferritas\Charité\Fluorescence\4.10.24-test-1-FeMn\hPAEpiCs\Control-Positivo-1 (10).czi,,,9951b4243f65751a11f8fc1a08b192e8d027bf2f96f4f53e68cf7c3550f7dd77,Y,,
ACQ-20241004-XMIC-065,B01,drive2_MFB-Disco-2,2025-10-02 - Toshiba EXT (Backup)\Proyectos_Laboratorio_Laura\Ferritas\Charité\Fluorescence\4.10.24-test-1-FeMn\hPAEpiCs\Control-Positivo-1 (11).czi,,,557de90887b90fff2a953939368eb4476555cb1403e9e575b6561b7dccd0d5f3,Y,,
ACQ-20241004-XMIC-066,B01,drive2_MFB-Disco-2,2025-10-02 - Toshiba EXT (Backup)\Proyectos_Laboratorio_Laura\Ferritas\Charité\Fluorescence\4.10.24-test-1-FeMn\hPAEpiCs\Control-Positivo-1 (12).czi,,,1ddb9f2d9681ee0b2e0da3068a6e2be3f98828b9b9b05e0f7f9983975fb3ad39,Y,,
ACQ-20241004-XMIC-067,B01,drive2_MFB-Disco-2,2025-10-02 - Toshiba EXT (Backup)\Proyectos_Laboratorio_Laura\Ferritas\Charité\Fluorescence\4.10.24-test-1-FeMn\hPAEpiCs\Control-Positivo-1 (13).czi,,,f9ebf49a6e74db9fcdbd421db30437bcc91b5303fdadb5c334b956797ee6dc4e,Y,,
ACQ-20241004-XMIC-068,B01,drive2_MFB-Disco-2,2025-10-02 - Toshiba EXT (Backup)\Proyectos_Laboratorio_Laura\Ferritas\Charité\Fluorescence\4.10.24-test-1-FeMn\hPAEpiCs\Control-Positivo-1 (14).czi,,,d32222bf475df1cb21aa9911ce5df85c0c479db24a065a41536e454cf6a20c50,Y,,
ACQ-20241004-XMIC-069,B01,drive2_MFB-Disco-2,2025-10-02 - Toshiba EXT (Backup)\Proyectos_Laboratorio_Laura\Ferritas\Charité\Fluorescence\4.10.24-test-1-FeMn\hPAEpiCs\Control-Positivo-1 (2).czi,,,30ba5e0fd53f202d7767818a71c01ea904377c8239ba73ddc0e2671a97d0684e,Y,,
ACQ-20241004-XMIC-070,B01,drive2_MFB-Disco-2,2025-10-02 - Toshiba EXT (Backup)\Proyectos_Laboratorio_Laura\Ferritas\Charité\Fluorescence\4.10.24-test-1-FeMn\hPAEpiCs\Control-Positivo-1 (3).czi,,,f3067bcb07f7474016cf743bd7e2fdf5dc204746e07e0d8633cd3850ad20bc53,Y,,
ACQ-20241004-XMIC-071,B01,drive2_MFB-Disco-2,2025-10-02 - Toshiba EXT (Backup)\Proyectos_Laboratorio_Laura\Ferritas\Charité\Fluorescence\4.10.24-test-1-FeMn\hPAEpiCs\Control-Positivo-1 (4).czi,,,0a8ca031eb7c514f1c7b02114ba95b880a40bae4ed3ccd8a190297742a44efe4,Y,,
ACQ-20241004-XMIC-072,B01,drive2_MFB-Disco-2,2025-10-02 - Toshiba EXT (Backup)\Proyectos_Laboratorio_Laura\Ferritas\Charité\Fluorescence\4.10.24-test-1-FeMn\hPAEpiCs\Control-Positivo-1 (5).czi,,,0cb51049241966f7a93687151998e380f5fde656d02ab5e6d3bac958a5e33c91,Y,,
ACQ-20241004-XMIC-073,B01,drive2_MFB-Disco-2,2025-10-02 - Toshiba EXT (Backup)\Proyectos_Laboratorio_Laura\Ferritas\Charité\Fluorescence\4.10.24-test-1-FeMn\hPAEpiCs\Control-Positivo-1 (6).czi,,,31777b5e829f8c62050e49ebb1f03d734753382e06b40f9f299f55dea1a0f204,Y,,
ACQ-20241004-XMIC-074,B01,drive2_MFB-Disco-2,2025-10-02 - Toshiba EXT (Backup)\Proyectos_Laboratorio_Laura\Ferritas\Charité\Fluorescence\4.10.24-test-1-FeMn\hPAEpiCs\Control-Positivo-1 (7).czi,,,2dfdc2b302878ffb8b441e93cad6c09942efb64dcf147f32fc0508a8499246f8,Y,,
ACQ-20241004-XMIC-075,B01,drive2_MFB-Disco-2,2025-10-02 - Toshiba EXT (Backup)\Proyectos_Laboratorio_Laura\Ferritas\Charité\Fluorescence\4.10.24-test-1-FeMn\hPAEpiCs\Control-Positivo-1 (8).czi,,,687d1049f2ceb016373c120eab01cc8e3433d0947403ae480932de1bfab6fedc,Y,,
ACQ-20241004-XMIC-076,B01,drive2_MFB-Disco-2,2025-10-02 - Toshiba EXT (Backup)\Proyectos_Laboratorio_Laura\Ferritas\Charité\Fluorescence\4.10.24-test-1-FeMn\hPAEpiCs\Control-Positivo-1 (9).czi,,,95f25b18b3de2a1572a8e16ba1fe3a8cb302a2ff08818d7cc524695c82b6501e,Y,,
ACQ-20241004-XMIC-077,B01,drive2_MFB-Disco-2,2025-10-02 - Toshiba EXT (Backup)\Proyectos_Laboratorio_Laura\Ferritas\Charité\Fluorescence\4.10.24-test-1-FeMn\hPAEpiCs\Control-Positivo-1.czi,,,1ce50498ffabf9237c74429f9812d8b62d44b9739f0f9cae3a083678bd018466,Y,,
ACQ-20241004-XMIC-078,B01,drive2_MFB-Disco-2,2025-10-02 - Toshiba EXT (Backup)\Proyectos_Laboratorio_Laura\Ferritas\Charité\Fluorescence\4.10.24-test-1-FeMn\hPAEpiCs\Control-negativo-1 (10).czi,,,3f63036f37ce89c9ea52cd540044541e4d5f196304dbc0478ff7cd3572ffef78,Y,,
ACQ-20241004-XMIC-079,B01,drive2_MFB-Disco-2,2025-10-02 - Toshiba EXT (Backup)\Proyectos_Laboratorio_Laura\Ferritas\Charité\Fluorescence\4.10.24-test-1-FeMn\hPAEpiCs\Control-negativo-1 (11).czi,,,3c42e3e66ec588facddde31d881088a4b3adfad670b620d10be0b0fa013c4ed8,Y,,
ACQ-20241004-XMIC-080,B01,drive2_MFB-Disco-2,2025-10-02 - Toshiba EXT (Backup)\Proyectos_Laboratorio_Laura\Ferritas\Charité\Fluorescence\4.10.24-test-1-FeMn\hPAEpiCs\Control-negativo-1 (12).czi,,,6c7c930e78d45b7bdadf63f1f40867d37bf2f2b93b17ce5ed09238717c8cc8ea,Y,,
ACQ-20241004-XMIC-081,B01,drive2_MFB-Disco-2,2025-10-02 - Toshiba EXT (Backup)\Proyectos_Laboratorio_Laura\Ferritas\Charité\Fluorescence\4.10.24-test-1-FeMn\hPAEpiCs\Control-negativo-1 (13).czi,,,b684228f892aa3aed60a7d009e2e31bfdc6180869fd6f7e46643326fa6ef579a,Y,,
ACQ-20241004-XMIC-082,B01,drive2_MFB-Disco-2,2025-10-02 - Toshiba EXT (Backup)\Proyectos_Laboratorio_Laura\Ferritas\Charité\Fluorescence\4.10.24-test-1-FeMn\hPAEpiCs\Control-negativo-1 (2).czi,,,1c6482eb95eda35f75d6975b10ba4fcdbd80f145616e8d1b9061e190e31d8680,Y,,
ACQ-20241004-XMIC-083,B01,drive2_MFB-Disco-2,2025-10-02 - Toshiba EXT (Backup)\Proyectos_Laboratorio_Laura\Ferritas\Charité\Fluorescence\4.10.24-test-1-FeMn\hPAEpiCs\Control-negativo-1 (3).czi,,,6f43a620c0d834338505265f95946bdb336127cc1cd16a787124c611da8ed152,Y,,
ACQ-20241004-XMIC-084,B01,drive2_MFB-Disco-2,2025-10-02 - Toshiba EXT (Backup)\Proyectos_Laboratorio_Laura\Ferritas\Charité\Fluorescence\4.10.24-test-1-FeMn\hPAEpiCs\Control-negativo-1 (4).czi,,,9af7a38f5d74b85253aa0496a775e239410506f5617f8b29eaacba840fdea092,Y,,
ACQ-20241004-XMIC-085,B01,drive2_MFB-Disco-2,2025-10-02 - Toshiba EXT (Backup)\Proyectos_Laboratorio_Laura\Ferritas\Charité\Fluorescence\4.10.24-test-1-FeMn\hPAEpiCs\Control-negativo-1 (5).czi,,,59d307bdc27d75562849708566801408189be28e73a6220f9d221e7e78b2a73a,Y,,
ACQ-20241004-XMIC-086,B01,drive2_MFB-Disco-2,2025-10-02 - Toshiba EXT (Backup)\Proyectos_Laboratorio_Laura\Ferritas\Charité\Fluorescence\4.10.24-test-1-FeMn\hPAEpiCs\Control-negativo-1 (6).czi,,,0b9c80784e5cd27bd264899da7ee44911b70605dd64afb75b3d6d57930455e98,Y,,
ACQ-20241004-XMIC-087,B01,drive2_MFB-Disco-2,2025-10-02 - Toshiba EXT (Backup)\Proyectos_Laboratorio_Laura\Ferritas\Charité\Fluorescence\4.10.24-test-1-FeMn\hPAEpiCs\Control-negativo-1 (7).czi,,,b96eacdd90078f1e5ee927ed2572d9fb7d86fcbe9ff84d9e137880bce2ec1e92,Y,,
ACQ-20241004-XMIC-088,B01,drive2_MFB-Disco-2,2025-10-02 - Toshiba EXT (Backup)\Proyectos_Laboratorio_Laura\Ferritas\Charité\Fluorescence\4.10.24-test-1-FeMn\hPAEpiCs\Control-negativo-1 (8).czi,,,6229dc306c20c606ddf51eea71fccb4d5f82d7d4fd2a5e60f9fc3775baf1b3be,Y,,
ACQ-20241004-XMIC-089,B01,drive2_MFB-Disco-2,2025-10-02 - Toshiba EXT (Backup)\Proyectos_Laboratorio_Laura\Ferritas\Charité\Fluorescence\4.10.24-test-1-FeMn\hPAEpiCs\Control-negativo-1 (9).czi,,,494e69a517c312876523bf7164e67a657e85cb3b0e1d7090c074cd6ce8576f60,Y,,
ACQ-20241004-XMIC-090,B01,drive2_MFB-Disco-2,2025-10-02 - Toshiba EXT (Backup)\Proyectos_Laboratorio_Laura\Ferritas\Charité\Fluorescence\4.10.24-test-1-FeMn\hPAEpiCs\Control-negativo-1.czi,,,20badd31da7cc8f0454b9257950d7915e9d48d735cd028e53acc75299a7b24b3,Y,,
ACQ-20241004-XMIC-091,B01,drive2_MFB-Disco-2,2025-10-02 - Toshiba EXT (Backup)\Proyectos_Laboratorio_Laura\Ferritas\Charité\Fluorescence\4.10.24-test-1-FeMn\hPAEpiCs\Control-negativo-2 (2).czi,,,ec1d09d2a246f745202b916480881a7b89b0070e781f472cc54f6defb7dfe15e,Y,,
ACQ-20241004-XMIC-092,B01,drive2_MFB-Disco-2,2025-10-02 - Toshiba EXT (Backup)\Proyectos_Laboratorio_Laura\Ferritas\Charité\Fluorescence\4.10.24-test-1-FeMn\hPAEpiCs\Control-negativo-2 (3).czi,,,8433baf89023dead98e25f17c8dc45a796a50fbe6103e1f88b8b5ee14b331f95,Y,,
ACQ-20241004-XMIC-093,B01,drive2_MFB-Disco-2,2025-10-02 - Toshiba EXT (Backup)\Proyectos_Laboratorio_Laura\Ferritas\Charité\Fluorescence\4.10.24-test-1-FeMn\hPAEpiCs\Control-negativo-2 (4).czi,,,826d0fd56963f200371544be4af783462709bae36411f55dc4180a775b7fdf61,Y,,
ACQ-20241004-XMIC-094,B01,drive2_MFB-Disco-2,2025-10-02 - Toshiba EXT (Backup)\Proyectos_Laboratorio_Laura\Ferritas\Charité\Fluorescence\4.10.24-test-1-FeMn\hPAEpiCs\Control-negativo-2 (5).czi,,,aa40c2b18d190d02c7e49d0b6a58069f9a4577116e10a69b483d4203659a887e,Y,,
ACQ-20241004-XMIC-095,B01,drive2_MFB-Disco-2,2025-10-02 - Toshiba EXT (Backup)\Proyectos_Laboratorio_Laura\Ferritas\Charité\Fluorescence\4.10.24-test-1-FeMn\hPAEpiCs\Control-negativo-2.czi,,,19d04b33681d46ffe9d1b0e1be9d8313a9c5870084fbf2a4839156199056a80f,Y,,
ACQ-20241004-XMIC-096,B01,drive2_MFB-Disco-2,2025-10-02 - Toshiba EXT (Backup)\Proyectos_Laboratorio_Laura\Ferritas\Charité\Fluorescence\4.10.24-test-1-FeMn\hPAEpiCs\Control-positivo-2 (2).czi,,,4165e0694083a04ea7b549cb4010ae2af326d06a321cd0f263e56c7e680f06e9,Y,,
ACQ-20241004-XMIC-097,B01,drive2_MFB-Disco-2,2025-10-02 - Toshiba EXT (Backup)\Proyectos_Laboratorio_Laura\Ferritas\Charité\Fluorescence\4.10.24-test-1-FeMn\hPAEpiCs\Control-positivo-2 (3).czi,,,2354b7209de47d7dccf95da269c761f02b5eb043ed25da7dd313d4aacd53828f,Y,,
ACQ-20241004-XMIC-098,B01,drive2_MFB-Disco-2,2025-10-02 - Toshiba EXT (Backup)\Proyectos_Laboratorio_Laura\Ferritas\Charité\Fluorescence\4.10.24-test-1-FeMn\hPAEpiCs\Control-positivo-2 (4).czi,,,687adc869a5e5932df89efd43f7f8d70b6428ed977eeb891a3659383a406050d,Y,,
ACQ-20241004-XMIC-099,B01,drive2_MFB-Disco-2,2025-10-02 - Toshiba EXT (Backup)\Proyectos_Laboratorio_Laura\Ferritas\Charité\Fluorescence\4.10.24-test-1-FeMn\hPAEpiCs\Control-positivo-2 (5).czi,,,181012221e1c5a1fb803fe80bf9f17925e396cd98de32a12903a81d457b8cf87,Y,,
ACQ-20241004-XMIC-100,B01,drive2_MFB-Disco-2,2025-10-02 - Toshiba EXT (Backup)\Proyectos_Laboratorio_Laura\Ferritas\Charité\Fluorescence\4.10.24-test-1-FeMn\hPAEpiCs\Control-positivo-2.czi,,,afcf8b534a26471f5443436aff62c5d2a837f0ce09979f5d7fe88197ef8d42a1,Y,,
ACQ-20241004-XMIC-101,B01,drive2_MFB-Disco-2,2025-10-02 - Toshiba EXT (Backup)\Proyectos_Laboratorio_Laura\Ferritas\Charité\Fluorescence\4.10.24-test-1-FeMn\hPAEpiCs\FeMn-3 (2).czi,,,aeee8a9bf007a1c8e41fa2c88713f0a5abd022bb666a3e0b8a052d15936976b9,Y,,
ACQ-20241004-XMIC-102,B01,drive2_MFB-Disco-2,2025-10-02 - Toshiba EXT (Backup)\Proyectos_Laboratorio_Laura\Ferritas\Charité\Fluorescence\4.10.24-test-1-FeMn\hPAEpiCs\FeMn-3 (3).czi,,,c9e3ff9a1eebad6e77db3ae3e83bfcb665664147c139c6d5e8c199452e9c9912,Y,,
ACQ-20241004-XMIC-103,B01,drive2_MFB-Disco-2,2025-10-02 - Toshiba EXT (Backup)\Proyectos_Laboratorio_Laura\Ferritas\Charité\Fluorescence\4.10.24-test-1-FeMn\hPAEpiCs\FeMn-3 (4).czi,,,c56eae317d4733f65d7b08d3194d226db475b482cf4da0307c4606fc10ba4613,Y,,
ACQ-20241004-XMIC-104,B01,drive2_MFB-Disco-2,2025-10-02 - Toshiba EXT (Backup)\Proyectos_Laboratorio_Laura\Ferritas\Charité\Fluorescence\4.10.24-test-1-FeMn\hPAEpiCs\FeMn-3 (5).czi,,,d343a7bd2ec678003e0301553c5f641930ade159646a6300d1083c5eddf29c34,Y,,
ACQ-20241004-XMIC-105,B01,drive2_MFB-Disco-2,2025-10-02 - Toshiba EXT (Backup)\Proyectos_Laboratorio_Laura\Ferritas\Charité\Fluorescence\4.10.24-test-1-FeMn\hPAEpiCs\FeMn-3.czi,,,c3c35fdce6cb542280626298da242c40faa0edc206f181f1ba73424570c890a0,Y,,
ACQ-20241011-XMIC-001,B01,drive2_MFB-Disco-2,2025-10-02 - Toshiba EXT (Backup)\Proyectos_Laboratorio_Laura\Ferritas\Charité\Fluorescence\4.10.24-test-1-FeMn\THP-1\THP-1-24h-FeMn (10).czi,,,6e4e8acd730ba24034798ce6dce5b31b6a378f76b9ea3b58855e0233f8e9a425,Y,,
ACQ-20241011-XMIC-002,B01,drive2_MFB-Disco-2,2025-10-02 - Toshiba EXT (Backup)\Proyectos_Laboratorio_Laura\Ferritas\Charité\Fluorescence\4.10.24-test-1-FeMn\THP-1\THP-1-24h-FeMn (11).czi,,,40859efb7c1c41f8c900efde03d15e4006964752718589801ace69ce02f9d834,Y,,
ACQ-20241011-XMIC-003,B01,drive2_MFB-Disco-2,2025-10-02 - Toshiba EXT (Backup)\Proyectos_Laboratorio_Laura\Ferritas\Charité\Fluorescence\4.10.24-test-1-FeMn\THP-1\THP-1-24h-FeMn (12).czi,,,5eb5396c73603da43a496ee84fff1f359e4d65b48d773cd52c7739d9a8f76384,Y,,
ACQ-20241011-XMIC-004,B01,drive2_MFB-Disco-2,2025-10-02 - Toshiba EXT (Backup)\Proyectos_Laboratorio_Laura\Ferritas\Charité\Fluorescence\4.10.24-test-1-FeMn\THP-1\THP-1-24h-FeMn (13).czi,,,785449e8f0efa1b159bf4a0e45776941cf8e6472a02aea096662345f3f23bfde,Y,,
ACQ-20241011-XMIC-005,B01,drive2_MFB-Disco-2,2025-10-02 - Toshiba EXT (Backup)\Proyectos_Laboratorio_Laura\Ferritas\Charité\Fluorescence\4.10.24-test-1-FeMn\THP-1\THP-1-24h-FeMn (14).czi,,,39a2bf4e1078872507213e7e6ca9717723945f5d69091ecbd416a1e9b140cf6c,Y,,
ACQ-20241011-XMIC-006,B01,drive2_MFB-Disco-2,2025-10-02 - Toshiba EXT (Backup)\Proyectos_Laboratorio_Laura\Ferritas\Charité\Fluorescence\4.10.24-test-1-FeMn\THP-1\THP-1-24h-FeMn (15).czi,,,2e42ca1c83a8bab26e192572485af5d1aaf2bdd1bee483a70399c1c605493150,Y,,
ACQ-20241011-XMIC-007,B01,drive2_MFB-Disco-2,2025-10-02 - Toshiba EXT (Backup)\Proyectos_Laboratorio_Laura\Ferritas\Charité\Fluorescence\4.10.24-test-1-FeMn\THP-1\THP-1-24h-FeMn (2).czi,,,cb3dc899ddbc62047c66ad01c329c418c8c7086027e4f0a7503b014177fa013e,Y,,
ACQ-20241011-XMIC-008,B01,drive2_MFB-Disco-2,2025-10-02 - Toshiba EXT (Backup)\Proyectos_Laboratorio_Laura\Ferritas\Charité\Fluorescence\4.10.24-test-1-FeMn\THP-1\THP-1-24h-FeMn (3).czi,,,b3410dda3a05f2f93e0d39a3ebe3613da1aef06c08fe845c3891aad2c17a5ca6,Y,,
ACQ-20241011-XMIC-009,B01,drive2_MFB-Disco-2,2025-10-02 - Toshiba EXT (Backup)\Proyectos_Laboratorio_Laura\Ferritas\Charité\Fluorescence\4.10.24-test-1-FeMn\THP-1\THP-1-24h-FeMn (4).czi,,,4a8138c2ea2394bd4cd46af07dd0fe5258a72d91ed797cef855afb68dc585e17,Y,,
ACQ-20241011-XMIC-010,B01,drive2_MFB-Disco-2,2025-10-02 - Toshiba EXT (Backup)\Proyectos_Laboratorio_Laura\Ferritas\Charité\Fluorescence\4.10.24-test-1-FeMn\THP-1\THP-1-24h-FeMn (5).czi,,,d6f2da1cc2401056c70d5f72099cb6645e0be004128c4f325c36715076abff16,Y,,
ACQ-20241011-XMIC-011,B01,drive2_MFB-Disco-2,2025-10-02 - Toshiba EXT (Backup)\Proyectos_Laboratorio_Laura\Ferritas\Charité\Fluorescence\4.10.24-test-1-FeMn\THP-1\THP-1-24h-FeMn (6).czi,,,f3bd8eab230107f369668269a89205d9e885f4134c44d79c45fbaa95472a3563,Y,,
ACQ-20241011-XMIC-012,B01,drive2_MFB-Disco-2,2025-10-02 - Toshiba EXT (Backup)\Proyectos_Laboratorio_Laura\Ferritas\Charité\Fluorescence\4.10.24-test-1-FeMn\THP-1\THP-1-24h-FeMn (7).czi,,,b19944f862fc1f32f107fb297c014497d9ba24f0118e95801be42a6ae56f1a52,Y,,
ACQ-20241011-XMIC-013,B01,drive2_MFB-Disco-2,2025-10-02 - Toshiba EXT (Backup)\Proyectos_Laboratorio_Laura\Ferritas\Charité\Fluorescence\4.10.24-test-1-FeMn\THP-1\THP-1-24h-FeMn (8).czi,,,16fa3540db2835d1ecec49bef86c9e961a737fa5026bd4632fca47aaaac8c4da,Y,,
ACQ-20241011-XMIC-014,B01,drive2_MFB-Disco-2,2025-10-02 - Toshiba EXT (Backup)\Proyectos_Laboratorio_Laura\Ferritas\Charité\Fluorescence\4.10.24-test-1-FeMn\THP-1\THP-1-24h-FeMn (9).czi,,,83f7ba06b61f0372685be0390250085ca8a4aa623cf425139c4049a3eb580dbb,Y,,
ACQ-20241011-XMIC-015,B01,drive2_MFB-Disco-2,2025-10-02 - Toshiba EXT (Backup)\Proyectos_Laboratorio_Laura\Ferritas\Charité\Fluorescence\4.10.24-test-1-FeMn\THP-1\THP-1-24h-FeMn.czi,,,69d1e16521d738e19bee708e1186da4d29c42cec1fa9a6aa60b4c757e2f61a31,Y,,
ACQ-20241011-XMIC-016,B01,drive2_MFB-Disco-2,2025-10-02 - Toshiba EXT (Backup)\Proyectos_Laboratorio_Laura\Ferritas\Charité\Fluorescence\4.10.24-test-1-FeMn\THP-1\THP-1-24h-TGF-B (10).czi,,,b060269f614fa2d1b265e08f8fd214db18613d3948d91efd1b16391a9d6969c9,Y,,
ACQ-20241011-XMIC-017,B01,drive2_MFB-Disco-2,2025-10-02 - Toshiba EXT (Backup)\Proyectos_Laboratorio_Laura\Ferritas\Charité\Fluorescence\4.10.24-test-1-FeMn\THP-1\THP-1-24h-TGF-B (11).czi,,,5189c5864d35d9ad2d27936227aff3dff0087fbedc71fa75b129f43902ec3e23,Y,,
ACQ-20241011-XMIC-018,B01,drive2_MFB-Disco-2,2025-10-02 - Toshiba EXT (Backup)\Proyectos_Laboratorio_Laura\Ferritas\Charité\Fluorescence\4.10.24-test-1-FeMn\THP-1\THP-1-24h-TGF-B (12).czi,,,6fe8560b3174ab98c30ddc0f53e6a06263b00d2f59b98ceb9cbe606ed88d4238,Y,,
ACQ-20241011-XMIC-019,B01,drive2_MFB-Disco-2,2025-10-02 - Toshiba EXT (Backup)\Proyectos_Laboratorio_Laura\Ferritas\Charité\Fluorescence\4.10.24-test-1-FeMn\THP-1\THP-1-24h-TGF-B (13).czi,,,4da6f8caa1a77e92ade8029276a3b9cbedc441d0f2327c59fe2b091d3a31f74f,Y,,
ACQ-20241011-XMIC-020,B01,drive2_MFB-Disco-2,2025-10-02 - Toshiba EXT (Backup)\Proyectos_Laboratorio_Laura\Ferritas\Charité\Fluorescence\4.10.24-test-1-FeMn\THP-1\THP-1-24h-TGF-B (14).czi,,,615b9119db8af8f1f8b96a799b7fcce0a3a83777287798f629c07a459bdbf9f0,Y,,
ACQ-20241011-XMIC-021,B01,drive2_MFB-Disco-2,2025-10-02 - Toshiba EXT (Backup)\Proyectos_Laboratorio_Laura\Ferritas\Charité\Fluorescence\4.10.24-test-1-FeMn\THP-1\THP-1-24h-TGF-B (15).czi,,,aa5cb22e8fe6c7ec64961c2ed762e471bfc06c6d9892e363fa4ca56c0ca2f5ce,Y,,
ACQ-20241011-XMIC-022,B01,drive2_MFB-Disco-2,2025-10-02 - Toshiba EXT (Backup)\Proyectos_Laboratorio_Laura\Ferritas\Charité\Fluorescence\4.10.24-test-1-FeMn\THP-1\THP-1-24h-TGF-B (2).czi,,,2e92eb36af7aa14900c8ddf642144cdfd37bab76eb10119ba172fdcd65697e6d,Y,,
ACQ-20241011-XMIC-023,B01,drive2_MFB-Disco-2,2025-10-02 - Toshiba EXT (Backup)\Proyectos_Laboratorio_Laura\Ferritas\Charité\Fluorescence\4.10.24-test-1-FeMn\THP-1\THP-1-24h-TGF-B (3).czi,,,a3ae13c6d538df16cecd7c138d802c8da8944c9a24ef28188d193fb69cc13b7f,Y,,
ACQ-20241011-XMIC-024,B01,drive2_MFB-Disco-2,2025-10-02 - Toshiba EXT (Backup)\Proyectos_Laboratorio_Laura\Ferritas\Charité\Fluorescence\4.10.24-test-1-FeMn\THP-1\THP-1-24h-TGF-B (4).czi,,,2059a1917769f6c28ee23b209899ec4c3b990d8be10ac4222a5438eb5846fec8,Y,,
ACQ-20241011-XMIC-025,B01,drive2_MFB-Disco-2,2025-10-02 - Toshiba EXT (Backup)\Proyectos_Laboratorio_Laura\Ferritas\Charité\Fluorescence\4.10.24-test-1-FeMn\THP-1\THP-1-24h-TGF-B (5).czi,,,ada8cea0277939bf323ef76840d6481c2b2fe4768533e825ec28787f6a8094aa,Y,,
ACQ-20241011-XMIC-026,B01,drive2_MFB-Disco-2,2025-10-02 - Toshiba EXT (Backup)\Proyectos_Laboratorio_Laura\Ferritas\Charité\Fluorescence\4.10.24-test-1-FeMn\THP-1\THP-1-24h-TGF-B (6).czi,,,801ce59bfef3b1d1b29be91dc70361336b4b840f9dac3483a58299349846d8f4,Y,,
ACQ-20241011-XMIC-027,B01,drive2_MFB-Disco-2,2025-10-02 - Toshiba EXT (Backup)\Proyectos_Laboratorio_Laura\Ferritas\Charité\Fluorescence\4.10.24-test-1-FeMn\THP-1\THP-1-24h-TGF-B (7).czi,,,c1e1fe234237ae027d65562e08ed589b4433f9cdf0da98f917de4a51247c49e6,Y,,
ACQ-20241011-XMIC-028,B01,drive2_MFB-Disco-2,2025-10-02 - Toshiba EXT (Backup)\Proyectos_Laboratorio_Laura\Ferritas\Charité\Fluorescence\4.10.24-test-1-FeMn\THP-1\THP-1-24h-TGF-B (8).czi,,,94dd73e5c3fb026be34c41269e94675702c8c70b875bbdb2286f2416cfe414e3,Y,,
ACQ-20241011-XMIC-029,B01,drive2_MFB-Disco-2,2025-10-02 - Toshiba EXT (Backup)\Proyectos_Laboratorio_Laura\Ferritas\Charité\Fluorescence\4.10.24-test-1-FeMn\THP-1\THP-1-24h-TGF-B (9).czi,,,762b5abb4ce9d10e1f4f7f18a3cee9fa521171db42fe0d4585a64fcdd4e8c365,Y,,
ACQ-20241011-XMIC-030,B01,drive2_MFB-Disco-2,2025-10-02 - Toshiba EXT (Backup)\Proyectos_Laboratorio_Laura\Ferritas\Charité\Fluorescence\4.10.24-test-1-FeMn\THP-1\THP-1-24h-TGF-B+4h-FeMn (10).czi,,,0f18cb50d6c35a0b53be86a945582dd31704ab5b6a0e372517ab70d423873f90,Y,,
ACQ-20241011-XMIC-031,B01,drive2_MFB-Disco-2,2025-10-02 - Toshiba EXT (Backup)\Proyectos_Laboratorio_Laura\Ferritas\Charité\Fluorescence\4.10.24-test-1-FeMn\THP-1\THP-1-24h-TGF-B+4h-FeMn (11).czi,,,38115fe36bf19c517b2e3cc9e23996a542f7e1aed5a1a35ef25e976b234afc4e,Y,,
ACQ-20241011-XMIC-032,B01,drive2_MFB-Disco-2,2025-10-02 - Toshiba EXT (Backup)\Proyectos_Laboratorio_Laura\Ferritas\Charité\Fluorescence\4.10.24-test-1-FeMn\THP-1\THP-1-24h-TGF-B+4h-FeMn (12).czi,,,46af93ad3dbc592bb95accaabb4ccb54591c198ee08f447d616aa214b84013b0,Y,,
ACQ-20241011-XMIC-033,B01,drive2_MFB-Disco-2,2025-10-02 - Toshiba EXT (Backup)\Proyectos_Laboratorio_Laura\Ferritas\Charité\Fluorescence\4.10.24-test-1-FeMn\THP-1\THP-1-24h-TGF-B+4h-FeMn (13).czi,,,f5950c7097e48790b516cffeb590edbfdfa49fbf70e69041d5d2174704bb3256,Y,,
ACQ-20241011-XMIC-034,B01,drive2_MFB-Disco-2,2025-10-02 - Toshiba EXT (Backup)\Proyectos_Laboratorio_Laura\Ferritas\Charité\Fluorescence\4.10.24-test-1-FeMn\THP-1\THP-1-24h-TGF-B+4h-FeMn (14).czi,,,23fb0bbaad212fe8bf34baac064cbd47935d8438c12750bccca36b2ff3553963,Y,,
ACQ-20241011-XMIC-035,B01,drive2_MFB-Disco-2,2025-10-02 - Toshiba EXT (Backup)\Proyectos_Laboratorio_Laura\Ferritas\Charité\Fluorescence\4.10.24-test-1-FeMn\THP-1\THP-1-24h-TGF-B+4h-FeMn (15).czi,,,004f716b4cb11266eedf4a8cedb90811a026823f31591acd6fe4c8ce48407976,Y,,
ACQ-20241011-XMIC-036,B01,drive2_MFB-Disco-2,2025-10-02 - Toshiba EXT (Backup)\Proyectos_Laboratorio_Laura\Ferritas\Charité\Fluorescence\4.10.24-test-1-FeMn\THP-1\THP-1-24h-TGF-B+4h-FeMn (2).czi,,,49e441e0de325122c46a31981b536409dcf3a2f254324d10d53e07ecc7153ba2,Y,,
ACQ-20241011-XMIC-037,B01,drive2_MFB-Disco-2,2025-10-02 - Toshiba EXT (Backup)\Proyectos_Laboratorio_Laura\Ferritas\Charité\Fluorescence\4.10.24-test-1-FeMn\THP-1\THP-1-24h-TGF-B+4h-FeMn (3).czi,,,5072d6ed4b2782a76424a5a843c483b093c7f1ad10bda83d8829c36febcff727,Y,,
ACQ-20241011-XMIC-038,B01,drive2_MFB-Disco-2,2025-10-02 - Toshiba EXT (Backup)\Proyectos_Laboratorio_Laura\Ferritas\Charité\Fluorescence\4.10.24-test-1-FeMn\THP-1\THP-1-24h-TGF-B+4h-FeMn (4).czi,,,86d7e70a7dd8c74efd85abf6be0f9ed8956c83c97f1ce9efcd6fec406003eb61,Y,,
ACQ-20241011-XMIC-039,B01,drive2_MFB-Disco-2,2025-10-02 - Toshiba EXT (Backup)\Proyectos_Laboratorio_Laura\Ferritas\Charité\Fluorescence\4.10.24-test-1-FeMn\THP-1\THP-1-24h-TGF-B+4h-FeMn (5).czi,,,d7f9d936a109ee09e32fcf4b14d268b70eb752f49ee45644fcf6f055beb616da,Y,,
ACQ-20241011-XMIC-040,B01,drive2_MFB-Disco-2,2025-10-02 - Toshiba EXT (Backup)\Proyectos_Laboratorio_Laura\Ferritas\Charité\Fluorescence\4.10.24-test-1-FeMn\THP-1\THP-1-24h-TGF-B+4h-FeMn (6).czi,,,aa8f4a6292518503af1529e073c64d3dd86c4fa8d0f344c9e0d98e4a7cab4c10,Y,,
ACQ-20241011-XMIC-041,B01,drive2_MFB-Disco-2,2025-10-02 - Toshiba EXT (Backup)\Proyectos_Laboratorio_Laura\Ferritas\Charité\Fluorescence\4.10.24-test-1-FeMn\THP-1\THP-1-24h-TGF-B+4h-FeMn (7).czi,,,713ef87fa3c40a1bd1327cbecc0ab3ecf0e83d64b64d1673b4abb029ac7be5c2,Y,,
ACQ-20241011-XMIC-042,B01,drive2_MFB-Disco-2,2025-10-02 - Toshiba EXT (Backup)\Proyectos_Laboratorio_Laura\Ferritas\Charité\Fluorescence\4.10.24-test-1-FeMn\THP-1\THP-1-24h-TGF-B+4h-FeMn (8).czi,,,73906792e881976c6ce699f2801a2c9f7607ebca2c129045afa9d9749be4c7bc,Y,,
ACQ-20241011-XMIC-043,B01,drive2_MFB-Disco-2,2025-10-02 - Toshiba EXT (Backup)\Proyectos_Laboratorio_Laura\Ferritas\Charité\Fluorescence\4.10.24-test-1-FeMn\THP-1\THP-1-24h-TGF-B+4h-FeMn (9).czi,,,0144eb7e0eeece49c500f074b3e10bb183bbe21cb48d29cbdfb8a0295cbd195e,Y,,
ACQ-20241011-XMIC-044,B01,drive2_MFB-Disco-2,2025-10-02 - Toshiba EXT (Backup)\Proyectos_Laboratorio_Laura\Ferritas\Charité\Fluorescence\4.10.24-test-1-FeMn\THP-1\THP-1-24h-TGF-B+4h-FeMn.czi,,,233510c3c067acc68f970be680f6dce54087b7e2fc7dc833d7082c28497592ea,Y,,
ACQ-20241011-XMIC-045,B01,drive2_MFB-Disco-2,2025-10-02 - Toshiba EXT (Backup)\Proyectos_Laboratorio_Laura\Ferritas\Charité\Fluorescence\4.10.24-test-1-FeMn\THP-1\THP-1-24h-TGF-B.czi,,,f2993048da8b4d7f99161acb9b41be96d719e0fd1888c106407a99c7d626c6f6,Y,,
ACQ-20241011-XMIC-046,B01,drive2_MFB-Disco-2,2025-10-02 - Toshiba EXT (Backup)\Proyectos_Laboratorio_Laura\Ferritas\Charité\Fluorescence\4.10.24-test-1-FeMn\THP-1\THP-1-Contrl-positivo (10).czi,,,e3f76ef5526fc8a6279dd18758d340f93204b74b49033cea379de9d45cb85865,Y,,
ACQ-20241011-XMIC-047,B01,drive2_MFB-Disco-2,2025-10-02 - Toshiba EXT (Backup)\Proyectos_Laboratorio_Laura\Ferritas\Charité\Fluorescence\4.10.24-test-1-FeMn\THP-1\THP-1-Contrl-positivo (2).czi,,,7841daa699c6a971f0303c6df839840363d8b36d82ce8e5bbcabd069543bde2a,Y,,
ACQ-20241011-XMIC-048,B01,drive2_MFB-Disco-2,2025-10-02 - Toshiba EXT (Backup)\Proyectos_Laboratorio_Laura\Ferritas\Charité\Fluorescence\4.10.24-test-1-FeMn\THP-1\THP-1-Contrl-positivo (3).czi,,,c15c2b11416f9fe2e245a91d5d794c6213eabeaaf09790c002a0db7ad85f36e1,Y,,
ACQ-20241011-XMIC-049,B01,drive2_MFB-Disco-2,2025-10-02 - Toshiba EXT (Backup)\Proyectos_Laboratorio_Laura\Ferritas\Charité\Fluorescence\4.10.24-test-1-FeMn\THP-1\THP-1-Contrl-positivo (4).czi,,,20f5700f8ca416b54d2494a48346794b3a421c076414bafdf614bc3654547d3b,Y,,
ACQ-20241011-XMIC-050,B01,drive2_MFB-Disco-2,2025-10-02 - Toshiba EXT (Backup)\Proyectos_Laboratorio_Laura\Ferritas\Charité\Fluorescence\4.10.24-test-1-FeMn\THP-1\THP-1-Contrl-positivo (5).czi,,,47a05cc5dcd0359273eb6d172b6924ac75f1f35d0cdda34cdf2e7d2d119743d3,Y,,
ACQ-20241011-XMIC-051,B01,drive2_MFB-Disco-2,2025-10-02 - Toshiba EXT (Backup)\Proyectos_Laboratorio_Laura\Ferritas\Charité\Fluorescence\4.10.24-test-1-FeMn\THP-1\THP-1-Contrl-positivo (6).czi,,,644c50d0b0151f9e64800772b03f2aad82484ab1a19c19b3fedd31effcc8b711,Y,,
ACQ-20241011-XMIC-052,B01,drive2_MFB-Disco-2,2025-10-02 - Toshiba EXT (Backup)\Proyectos_Laboratorio_Laura\Ferritas\Charité\Fluorescence\4.10.24-test-1-FeMn\THP-1\THP-1-Contrl-positivo (7).czi,,,b2ed993eeaf7b3ad820ec8266f4ac72740f2c6bc603231d881624ffc663c8e3f,Y,,
ACQ-20241011-XMIC-053,B01,drive2_MFB-Disco-2,2025-10-02 - Toshiba EXT (Backup)\Proyectos_Laboratorio_Laura\Ferritas\Charité\Fluorescence\4.10.24-test-1-FeMn\THP-1\THP-1-Contrl-positivo (8).czi,,,fae5cadd4c993d24f195e704374db64e1cc687bb3fc6380f6d317828c6d8e26d,Y,,
ACQ-20241011-XMIC-054,B01,drive2_MFB-Disco-2,2025-10-02 - Toshiba EXT (Backup)\Proyectos_Laboratorio_Laura\Ferritas\Charité\Fluorescence\4.10.24-test-1-FeMn\THP-1\THP-1-Contrl-positivo (9).czi,,,04e0ab0f36771ddda0945b41d492e199c48e261ed8193a76695a9144dbce923b,Y,,
ACQ-20241011-XMIC-055,B01,drive2_MFB-Disco-2,2025-10-02 - Toshiba EXT (Backup)\Proyectos_Laboratorio_Laura\Ferritas\Charité\Fluorescence\4.10.24-test-1-FeMn\THP-1\THP-1-Contrl-positivo.czi,,,1632ba8e5febb0edca3cf1f22712bfd65548eef4e04d8e7aef4310ca2a73dcbe,Y,,
ACQ-20241011-XMIC-056,B01,drive2_MFB-Disco-2,2025-10-02 - Toshiba EXT (Backup)\Proyectos_Laboratorio_Laura\Ferritas\Charité\Fluorescence\4.10.24-test-1-FeMn\THP-1\THP-1-Control-negativo (10).czi,,,fad871bb3ae8a089aa7f7ab0fe40d834ec5571a3bd393ef63740266fb9cdeee0,Y,,
ACQ-20241011-XMIC-057,B01,drive2_MFB-Disco-2,2025-10-02 - Toshiba EXT (Backup)\Proyectos_Laboratorio_Laura\Ferritas\Charité\Fluorescence\4.10.24-test-1-FeMn\THP-1\THP-1-Control-negativo (2).czi,,,fde9e08dcb5a885dbe3559f58c8e6436d8f46ed09831a18fefe01a4a10125cd2,Y,,
ACQ-20241011-XMIC-058,B01,drive2_MFB-Disco-2,2025-10-02 - Toshiba EXT (Backup)\Proyectos_Laboratorio_Laura\Ferritas\Charité\Fluorescence\4.10.24-test-1-FeMn\THP-1\THP-1-Control-negativo (3).czi,,,34ffb1ae55056aafa8dce2723028c88b34b82dce2ababa55e7447f0123bfcb88,Y,,
ACQ-20241011-XMIC-059,B01,drive2_MFB-Disco-2,2025-10-02 - Toshiba EXT (Backup)\Proyectos_Laboratorio_Laura\Ferritas\Charité\Fluorescence\4.10.24-test-1-FeMn\THP-1\THP-1-Control-negativo (4).czi,,,e65f59d72aab5d7ed9b0a55c3d59090468d70655abed98c5e7f930f39f3587c2,Y,,
ACQ-20241011-XMIC-060,B01,drive2_MFB-Disco-2,2025-10-02 - Toshiba EXT (Backup)\Proyectos_Laboratorio_Laura\Ferritas\Charité\Fluorescence\4.10.24-test-1-FeMn\THP-1\THP-1-Control-negativo (5).czi,,,65a25be4e39c27078661f37529e2a37a3e9936addf7da995628691d93e8c6ac4,Y,,
ACQ-20241011-XMIC-061,B01,drive2_MFB-Disco-2,2025-10-02 - Toshiba EXT (Backup)\Proyectos_Laboratorio_Laura\Ferritas\Charité\Fluorescence\4.10.24-test-1-FeMn\THP-1\THP-1-Control-negativo (6).czi,,,8602ccb10302b654ac2919f588042fca1d568dca852dcbcf680f1675c00fa099,Y,,
ACQ-20241011-XMIC-062,B01,drive2_MFB-Disco-2,2025-10-02 - Toshiba EXT (Backup)\Proyectos_Laboratorio_Laura\Ferritas\Charité\Fluorescence\4.10.24-test-1-FeMn\THP-1\THP-1-Control-negativo (7).czi,,,8cfc4fe435ca5dcb9875bdb891a594880fd50d064c2220c07a8f5088b37130ae,Y,,
ACQ-20241011-XMIC-063,B01,drive2_MFB-Disco-2,2025-10-02 - Toshiba EXT (Backup)\Proyectos_Laboratorio_Laura\Ferritas\Charité\Fluorescence\4.10.24-test-1-FeMn\THP-1\THP-1-Control-negativo (8).czi,,,a02533c4434cb524a2d08d3b7e3634c412813df58df430dfb956930323701c3e,Y,,
ACQ-20241011-XMIC-064,B01,drive2_MFB-Disco-2,2025-10-02 - Toshiba EXT (Backup)\Proyectos_Laboratorio_Laura\Ferritas\Charité\Fluorescence\4.10.24-test-1-FeMn\THP-1\THP-1-Control-negativo (9).czi,,,d240d0e7be5d7ecbbee52004d8c556ef2b547c7155f901434026f966b1dc5f98,Y,,
ACQ-20241011-XMIC-065,B01,drive2_MFB-Disco-2,2025-10-02 - Toshiba EXT (Backup)\Proyectos_Laboratorio_Laura\Ferritas\Charité\Fluorescence\4.10.24-test-1-FeMn\THP-1\THP-1-Control-negativo.czi,,,a1e073e5774fab0a6b3f51c2ffcc20a9755e6a95e6110eadce46272f58f268ba,Y,,
ACQ-20241107-XMIC-001,B01,drive2_MFB-Disco-2,2025-10-02 - Toshiba EXT (Backup)\Proyectos_Laboratorio_Laura\Ferritas\Charité\Fibronectin\48h-10ug-FeMn (10).czi,,,459deeee0da33c27ca1940c9829cc18b630bd9db5d79ba9f6b85e8bfa81c42ca,Y,,
ACQ-20241107-XMIC-002,B01,drive2_MFB-Disco-2,2025-10-02 - Toshiba EXT (Backup)\Proyectos_Laboratorio_Laura\Ferritas\Charité\Fibronectin\48h-10ug-FeMn (2).czi,,,ba6991314969ffeb0d9f159f9ed90c2b1c1f0ddacb6fa42353a8b28990a7267b,Y,,
ACQ-20241107-XMIC-003,B01,drive2_MFB-Disco-2,2025-10-02 - Toshiba EXT (Backup)\Proyectos_Laboratorio_Laura\Ferritas\Charité\Fibronectin\48h-10ug-FeMn (3).czi,,,c4f1d0f56c8dd056cc181530551f93945ce28bc74f2dfc62f2d0e59b88cdf0f0,Y,,
ACQ-20241107-XMIC-004,B01,drive2_MFB-Disco-2,2025-10-02 - Toshiba EXT (Backup)\Proyectos_Laboratorio_Laura\Ferritas\Charité\Fibronectin\48h-10ug-FeMn (4).czi,,,ecf96c87eed23272c07ce9704c83aba126cd65080a70596a95b0dcf351f39dd0,Y,,
ACQ-20241107-XMIC-005,B01,drive2_MFB-Disco-2,2025-10-02 - Toshiba EXT (Backup)\Proyectos_Laboratorio_Laura\Ferritas\Charité\Fibronectin\48h-10ug-FeMn (5).czi,,,a69f9c4026ebdda81c22da3da7e9ef1cc58d80fae4780acc9f32933954e7302a,Y,,
ACQ-20241107-XMIC-006,B01,drive2_MFB-Disco-2,2025-10-02 - Toshiba EXT (Backup)\Proyectos_Laboratorio_Laura\Ferritas\Charité\Fibronectin\48h-10ug-FeMn (6).czi,,,79cfbd4fe1ab068c2e170ead908f798db5ed10cbae7c251b9e4c30b0e0038936,Y,,
ACQ-20241107-XMIC-007,B01,drive2_MFB-Disco-2,2025-10-02 - Toshiba EXT (Backup)\Proyectos_Laboratorio_Laura\Ferritas\Charité\Fibronectin\48h-10ug-FeMn (7).czi,,,a16883fe3de5226192148e11266350b0a4973e5ea0bb2cf081b4ae717d52dcdc,Y,,
ACQ-20241107-XMIC-008,B01,drive2_MFB-Disco-2,2025-10-02 - Toshiba EXT (Backup)\Proyectos_Laboratorio_Laura\Ferritas\Charité\Fibronectin\48h-10ug-FeMn (8).czi,,,e01dc391e1c2a8c10e52bdf20c1c8c0a45c3fce96ea7d4e5187a06cac308710b,Y,,
ACQ-20241107-XMIC-009,B01,drive2_MFB-Disco-2,2025-10-02 - Toshiba EXT (Backup)\Proyectos_Laboratorio_Laura\Ferritas\Charité\Fibronectin\48h-10ug-FeMn (9).czi,,,91d1a9f6fb12f9abfe368f1e5da0ba0caa83b5e16a9434fb56db6d65d2f47358,Y,,
ACQ-20241107-XMIC-010,B01,drive2_MFB-Disco-2,2025-10-02 - Toshiba EXT (Backup)\Proyectos_Laboratorio_Laura\Ferritas\Charité\Fibronectin\48h-10ug-FeMn.czi,,,c25c00621c59411a51efb701a3191749e7d5b4877552132459acc9f5abbc3297,Y,,
ACQ-20241107-XMIC-011,B01,drive2_MFB-Disco-2,2025-10-02 - Toshiba EXT (Backup)\Proyectos_Laboratorio_Laura\Ferritas\Charité\Fibronectin\48h-TGF-B (10).czi,,,ac654bb036a0711215555b5965984cab1463fa11387dc14e5fdfb3809a576b46,Y,,
ACQ-20241107-XMIC-012,B01,drive2_MFB-Disco-2,2025-10-02 - Toshiba EXT (Backup)\Proyectos_Laboratorio_Laura\Ferritas\Charité\Fibronectin\48h-TGF-B (11).czi,,,b77071549df1bed40475b346868e8cb37e9b03b60fd3632bcf0cc1ff5fbfda22,Y,,
ACQ-20241107-XMIC-013,B01,drive2_MFB-Disco-2,2025-10-02 - Toshiba EXT (Backup)\Proyectos_Laboratorio_Laura\Ferritas\Charité\Fibronectin\48h-TGF-B (12).czi,,,ac79cf3d49c21b02104effcf07669d6a7623024b82dfeae83bbd8d071d4884b3,Y,,
ACQ-20241107-XMIC-014,B01,drive2_MFB-Disco-2,2025-10-02 - Toshiba EXT (Backup)\Proyectos_Laboratorio_Laura\Ferritas\Charité\Fibronectin\48h-TGF-B (2).czi,,,9c51140e474eca422f3c8f42daeaa5001b7a9e3f3f2731e7dfae8d77c759e0ef,Y,,
ACQ-20241107-XMIC-015,B01,drive2_MFB-Disco-2,2025-10-02 - Toshiba EXT (Backup)\Proyectos_Laboratorio_Laura\Ferritas\Charité\Fibronectin\48h-TGF-B (3).czi,,,d4b7e65ca8e5414a7eafe194f747cc02888e868a10b0be9bea624397b78b7bd0,Y,,
ACQ-20241107-XMIC-016,B01,drive2_MFB-Disco-2,2025-10-02 - Toshiba EXT (Backup)\Proyectos_Laboratorio_Laura\Ferritas\Charité\Fibronectin\48h-TGF-B (4).czi,,,b387602720d8a053fa1686fa07c7d3ba3b56b922474c91272e6082944ef3153a,Y,,
ACQ-20241107-XMIC-017,B01,drive2_MFB-Disco-2,2025-10-02 - Toshiba EXT (Backup)\Proyectos_Laboratorio_Laura\Ferritas\Charité\Fibronectin\48h-TGF-B (5).czi,,,d3fd56de1c7a1a77160fbddad9e40b3efbe9e48bf13531dcbbac65f7f8c2926c,Y,,
ACQ-20241107-XMIC-018,B01,drive2_MFB-Disco-2,2025-10-02 - Toshiba EXT (Backup)\Proyectos_Laboratorio_Laura\Ferritas\Charité\Fibronectin\48h-TGF-B (6).czi,,,189900fcc2b00fbdbd5c4c975fb9d33959a7b7d4b4f5c310ee5ca81f97474ec8,Y,,
ACQ-20241107-XMIC-019,B01,drive2_MFB-Disco-2,2025-10-02 - Toshiba EXT (Backup)\Proyectos_Laboratorio_Laura\Ferritas\Charité\Fibronectin\48h-TGF-B (7).czi,,,3807203e9d6839185779f41d04b10426b51cc5a565cb93dbcebd09ab43c67b37,Y,,
ACQ-20241107-XMIC-020,B01,drive2_MFB-Disco-2,2025-10-02 - Toshiba EXT (Backup)\Proyectos_Laboratorio_Laura\Ferritas\Charité\Fibronectin\48h-TGF-B (8).czi,,,0f1bc09fe63938c194e4a54f959a8e8041b378d26327ba18308952e3412fa279,Y,,
ACQ-20241107-XMIC-021,B01,drive2_MFB-Disco-2,2025-10-02 - Toshiba EXT (Backup)\Proyectos_Laboratorio_Laura\Ferritas\Charité\Fibronectin\48h-TGF-B (9).czi,,,6f272838133c330f5b3e3f02fd4016b6bb43a950fc08bec113f67474bd89a945,Y,,
ACQ-20241107-XMIC-022,B01,drive2_MFB-Disco-2,2025-10-02 - Toshiba EXT (Backup)\Proyectos_Laboratorio_Laura\Ferritas\Charité\Fibronectin\48h-TGF-B.czi,,,a2a32d25138c4c977681ad4d7d07ba3d1549433da1224bebbb997608ac462407,Y,,
ACQ-20241107-XMIC-023,B01,drive2_MFB-Disco-2,2025-10-02 - Toshiba EXT (Backup)\Proyectos_Laboratorio_Laura\Ferritas\Charité\Fibronectin\Control (10).czi,,,cc3f38ae4776d4d40fe76401773970f9ed309f2c5d8b7d355155def5c7f91bb0,Y,,
ACQ-20241107-XMIC-024,B01,drive2_MFB-Disco-2,2025-10-02 - Toshiba EXT (Backup)\Proyectos_Laboratorio_Laura\Ferritas\Charité\Fibronectin\Control (2).czi,,,9211ed4d32cf8195ba6e098586303c044b203328bb9376babef88f41a19c0987,Y,,
ACQ-20241107-XMIC-025,B01,drive2_MFB-Disco-2,2025-10-02 - Toshiba EXT (Backup)\Proyectos_Laboratorio_Laura\Ferritas\Charité\Fibronectin\Control (3).czi,,,30ad23edd99e43489c9dc314ddbb854992f84d6d091e763d889d505b390334c0,Y,,
ACQ-20241107-XMIC-026,B01,drive2_MFB-Disco-2,2025-10-02 - Toshiba EXT (Backup)\Proyectos_Laboratorio_Laura\Ferritas\Charité\Fibronectin\Control (4).czi,,,d841d416b66b8b90ca47a743157192adc9fae83279d519f568d8859daf21ed3d,Y,,
ACQ-20241107-XMIC-027,B01,drive2_MFB-Disco-2,2025-10-02 - Toshiba EXT (Backup)\Proyectos_Laboratorio_Laura\Ferritas\Charité\Fibronectin\Control (5).czi,,,608d9c776f149f67aafe24d1abf12de0e6ec69bd244ce2e21fee4f0d3741d507,Y,,
ACQ-20241107-XMIC-028,B01,drive2_MFB-Disco-2,2025-10-02 - Toshiba EXT (Backup)\Proyectos_Laboratorio_Laura\Ferritas\Charité\Fibronectin\Control (6).czi,,,6eb51ea0013452b084a01d2320387de57e610bcb2a51de7c1b0bf4446d90a830,Y,,
ACQ-20241107-XMIC-029,B01,drive2_MFB-Disco-2,2025-10-02 - Toshiba EXT (Backup)\Proyectos_Laboratorio_Laura\Ferritas\Charité\Fibronectin\Control (7).czi,,,5b6c454ca7514dac6e3cb733bedb4d4a9ae0286745d4e72ede0cd3e66fe0ce7d,Y,,
ACQ-20241107-XMIC-030,B01,drive2_MFB-Disco-2,2025-10-02 - Toshiba EXT (Backup)\Proyectos_Laboratorio_Laura\Ferritas\Charité\Fibronectin\Control (8).czi,,,6fae4f84c679a4e762095a45957e9f3231f8ea73c3eefa1c84bea562c822b79b,Y,,
ACQ-20241107-XMIC-031,B01,drive2_MFB-Disco-2,2025-10-02 - Toshiba EXT (Backup)\Proyectos_Laboratorio_Laura\Ferritas\Charité\Fibronectin\Control (9).czi,,,a01f5b40ab69f1276787fb4bf02f2609645cb10be4d167a1cbd0758a32749a1e,Y,,
ACQ-20241107-XMIC-032,B01,drive2_MFB-Disco-2,2025-10-02 - Toshiba EXT (Backup)\Proyectos_Laboratorio_Laura\Ferritas\Charité\Fibronectin\Control-Negativo (2).czi,,,a23aaf2861c085f0ecf45c828c5f278b9df3df36d48f013718385057779023b9,Y,,
ACQ-20241107-XMIC-033,B01,drive2_MFB-Disco-2,2025-10-02 - Toshiba EXT (Backup)\Proyectos_Laboratorio_Laura\Ferritas\Charité\Fibronectin\Control-Negativo (3).czi,,,6288ea77bd75c73715e822c1b8d5f4a5b9c4a120487a97c5e73db34ceeef8868,Y,,
ACQ-20241107-XMIC-034,B01,drive2_MFB-Disco-2,2025-10-02 - Toshiba EXT (Backup)\Proyectos_Laboratorio_Laura\Ferritas\Charité\Fibronectin\Control-Negativo (4).czi,,,c0229d2e38a01a4d4e08f13a431d61e39e76267f3b66399e85cdb3ff3c472151,Y,,
ACQ-20241107-XMIC-035,B01,drive2_MFB-Disco-2,2025-10-02 - Toshiba EXT (Backup)\Proyectos_Laboratorio_Laura\Ferritas\Charité\Fibronectin\Control-Negativo (5).czi,,,ad5ecc1f88329ff286a687087222d7e5bacff37d2c5eeb1d93200e54fbd05c7d,Y,,
ACQ-20241107-XMIC-036,B01,drive2_MFB-Disco-2,2025-10-02 - Toshiba EXT (Backup)\Proyectos_Laboratorio_Laura\Ferritas\Charité\Fibronectin\Control-Negativo.czi,,,2ed506f9c4d02fbd1ca9e7276e84ae79d2dfd18a37bb4ac98ac656fc542ee3b7,Y,,
ACQ-20241107-XMIC-037,B01,drive2_MFB-Disco-2,2025-10-02 - Toshiba EXT (Backup)\Proyectos_Laboratorio_Laura\Ferritas\Charité\Fibronectin\Control.czi,,,1d9100482f049582b2477455710d6211f914258a4d076a8740756d91c8ad75ef,Y,,
ACQ-20241107-XMIC-038,B01,drive2_MFB-Disco-2,2025-10-02 - Toshiba EXT (Backup)\Proyectos_Laboratorio_Laura\Ferritas\Charité\Fibronectin\FeMn-TGF-B-SameTime (10).czi,,,8d89650706443a3464e5d8b4a28b79b282974eed6f351db58b751c018750ed25,Y,,
ACQ-20241107-XMIC-039,B01,drive2_MFB-Disco-2,2025-10-02 - Toshiba EXT (Backup)\Proyectos_Laboratorio_Laura\Ferritas\Charité\Fibronectin\FeMn-TGF-B-SameTime (2).czi,,,bab2ac21a51bd70eb3de8b51cb8e4fc8c4fbb50ef66a89153c5fe22355297610,Y,,
ACQ-20241107-XMIC-040,B01,drive2_MFB-Disco-2,2025-10-02 - Toshiba EXT (Backup)\Proyectos_Laboratorio_Laura\Ferritas\Charité\Fibronectin\FeMn-TGF-B-SameTime (3).czi,,,aff77c02b2252c9c38140d08d563e0ecefc72e0c585637ed4080cbc4696b5f2f,Y,,
ACQ-20241107-XMIC-041,B01,drive2_MFB-Disco-2,2025-10-02 - Toshiba EXT (Backup)\Proyectos_Laboratorio_Laura\Ferritas\Charité\Fibronectin\FeMn-TGF-B-SameTime (4).czi,,,c22b4c8ea7c5c774e70b79a55daa7adfb9856c9addcf2c28e9ab8b3f8d2ed5b4,Y,,
ACQ-20241107-XMIC-042,B01,drive2_MFB-Disco-2,2025-10-02 - Toshiba EXT (Backup)\Proyectos_Laboratorio_Laura\Ferritas\Charité\Fibronectin\FeMn-TGF-B-SameTime (5).czi,,,e2ba947c44d1853576b8f42191f720c3859e81ae36c55b619d5d5450d909114d,Y,,
ACQ-20241107-XMIC-043,B01,drive2_MFB-Disco-2,2025-10-02 - Toshiba EXT (Backup)\Proyectos_Laboratorio_Laura\Ferritas\Charité\Fibronectin\FeMn-TGF-B-SameTime (6).czi,,,91990f4b34505d4902cec1a23476793fae6129ea21128ecbf1459362ed5c3353,Y,,
ACQ-20241107-XMIC-044,B01,drive2_MFB-Disco-2,2025-10-02 - Toshiba EXT (Backup)\Proyectos_Laboratorio_Laura\Ferritas\Charité\Fibronectin\FeMn-TGF-B-SameTime (7).czi,,,8ec39bc26fde1b607e5b63446fdff110bc9a8577e4a9724009deaaa494742725,Y,,
ACQ-20241107-XMIC-045,B01,drive2_MFB-Disco-2,2025-10-02 - Toshiba EXT (Backup)\Proyectos_Laboratorio_Laura\Ferritas\Charité\Fibronectin\FeMn-TGF-B-SameTime (8).czi,,,4eb781455813aaeea96546ea82e30fd362eff4e5186de5b34b4a500c76e75b68,Y,,
ACQ-20241107-XMIC-046,B01,drive2_MFB-Disco-2,2025-10-02 - Toshiba EXT (Backup)\Proyectos_Laboratorio_Laura\Ferritas\Charité\Fibronectin\FeMn-TGF-B-SameTime (9).czi,,,d1d002e4beff49576eaa264cead111addfc1928d3e058cb228725ccd9347ef83,Y,,
ACQ-20241107-XMIC-047,B01,drive2_MFB-Disco-2,2025-10-02 - Toshiba EXT (Backup)\Proyectos_Laboratorio_Laura\Ferritas\Charité\Fibronectin\FeMn-TGF-B-SameTime.czi,,,b3c5ddaf032091162d00ab9ac42e594ce86d1f02b16d7c30155a2e66cb684229,Y,,
ACQ-20241107-XMIC-048,B01,drive2_MFB-Disco-2,2025-10-02 - Toshiba EXT (Backup)\Proyectos_Laboratorio_Laura\Ferritas\Charité\Fibronectin\Snap-10973.czi,,,00fd907be1ac2c2968303d95cdfcd67c341c2c27d3040b86e28763c4b5e1d13d,Y,,
ACQ-20250522-LSM9-001,B03,drive1_FRIO-X6,Cell observer\AINHIZE\1123\ID 117-120_GALICIA\DAPI (imagenes confocal BF)\ID117_liver_DAPI_10x_1.czi,,,12b34a7c2c16149c0d83ce3c59e7eb21108865f64f907fb1e2a9372cbd6c6d86,Y,,
ACQ-20250522-LSM9-002,B03,drive1_FRIO-X6,Cell observer\AINHIZE\1123\ID 117-120_GALICIA\DAPI (imagenes confocal BF)\ID117_liver_DAPI_10x_2.czi,,,8cf8d5653c466d6646a80c4ac2a32efe3ba0f8717643ac25d372820c06e06082,Y,,
ACQ-20250522-LSM9-003,B03,drive1_FRIO-X6,Cell observer\AINHIZE\1123\ID 117-120_GALICIA\DAPI (imagenes confocal BF)\ID117_liver_DAPI_10x_3.czi,,,7a03aff7d78fab1e15fba73a0faf02f316ebc269fe1a16caa4e8c05ded4249e4,Y,,
ACQ-20250522-LSM9-004,B03,drive1_FRIO-X6,Cell observer\AINHIZE\1123\ID 117-120_GALICIA\DAPI (imagenes confocal BF)\ID117_lung_DAPI_10x_1.czi,,,ed96d96395828cee0283b618b1d3faeefcf8940a272f4fc92753a4f0202c6ff1,Y,,
ACQ-20250522-LSM9-005,B03,drive1_FRIO-X6,Cell observer\AINHIZE\1123\ID 117-120_GALICIA\DAPI (imagenes confocal BF)\ID117_lung_DAPI_10x_2.czi,,,f4b2f1b36a0bd144ff7064615254b748d49732a8c2d6192df70a39225fe82e45,Y,,
ACQ-20250522-LSM9-006,B03,drive1_FRIO-X6,Cell observer\AINHIZE\1123\ID 117-120_GALICIA\DAPI (imagenes confocal BF)\ID119_lung_DAPI_10x_1.czi,,,754cc9ec620ed3b68d6f9fb0840b5b2ab4015513ee556c92a135df05060636dc,Y,,
ACQ-20250522-LSM9-007,B03,drive1_FRIO-X6,Cell observer\AINHIZE\1123\ID 117-120_GALICIA\DAPI (imagenes confocal BF)\ID119_lung_DAPI_10x_2.czi,,,1edaf13fc19eab0d5c3db6acb206e526d748a44a2c431ff7f10bb462d307ae20,Y,,
ACQ-20250522-LSM9-008,B03,drive1_FRIO-X6,Cell observer\AINHIZE\1123\ID 117-120_GALICIA\DAPI (imagenes confocal BF)\ID119_lung_DAPI_10x_3.czi,,,49ed64fc0e77edc43d69a201d9760c7ab9a9ad3acef183d94a3cf592a3522e1c,Y,,
ACQ-20250522-LSM9-009,B03,drive1_FRIO-X6,Cell observer\AINHIZE\1123\ID 117-120_GALICIA\DAPI (imagenes confocal BF)\ID120_liver_DAPI_10x_1.czi,,,20f5c86c3b5ed29f11075fc235b62aeec38cd302a02b76b52e51d0ec152f1a7f,Y,,
ACQ-20250522-LSM9-010,B03,drive1_FRIO-X6,Cell observer\AINHIZE\1123\ID 117-120_GALICIA\DAPI (imagenes confocal BF)\ID120_liver_DAPI_10x_2.czi,,,8f655919d8932513a74095741309626a7a8748a316c188f0fd8f6862d03f0a2e,Y,,
ACQ-20250522-LSM9-011,B03,drive1_FRIO-X6,Cell observer\AINHIZE\1123\ID 117-120_GALICIA\DAPI (imagenes confocal BF)\ID120_lung_DAPI_10x_1.czi,,,d14cd77b92915cb9ccebe98c85a1ddf89827edbd6c191282332227509d4b55a2,Y,,
ACQ-20250522-LSM9-012,B03,drive1_FRIO-X6,Cell observer\AINHIZE\1123\ID 117-120_GALICIA\DAPI (imagenes confocal BF)\ID120_lung_DAPI_10x_2.czi,,,e52223086669b71dbca08ef36c2afce82957cdd500b0ddb7b15cf20afa912079,Y,,
ACQ-20250522-LSM9-013,B03,drive1_FRIO-X6,Cell observer\AINHIZE\1123\ID 117-120_GALICIA\DAPI (imagenes confocal BF)\ID120_lung_DAPI_10x_3.czi,,,03dd6b07b01087dddc87cf1a5f01bfac327ea9f5d1babd694ba569c79dd37bdf,Y,,
ACQ-20250808-CELL-001,B05,drive1_FRIO-X6,Cell observer\Marta\Irati_WGA\ID128-1_WGA20x_VD-1.czi,,,e05482d2d6f84621a733d7125975b3b8940828bb921003ef386c159cdd06c04a,Y,,
ACQ-20250808-CELL-002,B05,drive1_FRIO-X6,Cell observer\Marta\Irati_WGA\ID128-1_WGA20x_VD-2.czi,,,782fd4b8d28766228285979c3920ca2978a7dbd0722190c3e0a6e66201b22d76,Y,,
ACQ-20250808-CELL-003,B05,drive1_FRIO-X6,Cell observer\Marta\Irati_WGA\ID128-1_WGA20x_VD-3.czi,,,9fefad45991e1bde86527c37396e3174b3110b956b50e4308c24810e1baa2618,Y,,
ACQ-20250808-CELL-004,B05,drive1_FRIO-X6,Cell observer\Marta\Irati_WGA\ID128-1_WGA20x_VI-1.czi,,,cb0019e5ca32e05ad3e517da7354424d1bf1d5ba03ef08acecfbf19fce350488,Y,,
ACQ-20250808-CELL-005,B05,drive1_FRIO-X6,Cell observer\Marta\Irati_WGA\ID128-1_WGA20x_VI-2.czi,,,dd37a27c4f32c6008d9a9514b7529f845d8fc38d7a35fdc575b2940167596d1c,Y,,
ACQ-20250808-CELL-006,B05,drive1_FRIO-X6,Cell observer\Marta\Irati_WGA\ID128-1_WGA20x_VI-3.czi,,,588e3146ac16c24547905614d58e7e689049c32c0375ed598ad8ad1f9a1d5ae5,Y,,
ACQ-20250808-CELL-007,B05,drive1_FRIO-X6,Cell observer\Marta\Irati_WGA\ID129-1_WGA20x_VD-1.czi,,,909394f4b64793779127c410f915f22add3a2974a0b700a2781bf734f2480e51,Y,,
ACQ-20250808-CELL-008,B05,drive1_FRIO-X6,Cell observer\Marta\Irati_WGA\ID129-1_WGA20x_VD-2.czi,,,58b2b1d91eb0a842c30f0f605e4d1eaffedb613d3df12579e49aaff550269907,Y,,
ACQ-20250808-CELL-009,B05,drive1_FRIO-X6,Cell observer\Marta\Irati_WGA\ID129-1_WGA20x_VD-3.czi,,,1c6ad923733c7d88a58113cf8c35fa54904b47080be6e7c860c272602071e638,Y,,
ACQ-20250808-CELL-010,B05,drive1_FRIO-X6,Cell observer\Marta\Irati_WGA\ID129-1_WGA20x_VD-4.czi,,,d3696a67bcff96570c343e640f29f850cce6ee2c75336e5d3129d8bda4ce3654,Y,,
ACQ-20250808-CELL-011,B05,drive1_FRIO-X6,Cell observer\Marta\Irati_WGA\ID129-1_WGA20x_VI-1.czi,,,b800d02fb3d2721fc012fb4c67ab049c7510bf0242080c3559cb4e809a513ebf,Y,,
ACQ-20250808-CELL-012,B05,drive1_FRIO-X6,Cell observer\Marta\Irati_WGA\ID129-1_WGA20x_VI-2.czi,,,503b636d3980c81bc06373dc5cfd8e91b586055a847cf0950044e26aed84d9e6,Y,,
ACQ-20250808-CELL-013,B05,drive1_FRIO-X6,Cell observer\Marta\Irati_WGA\ID129-1_WGA20x_VI-3.czi,,,997fc56e2b1501840baf86d90f148709885bf8b4f6cf060583fb8194d10f483f,Y,,
ACQ-20250808-CELL-014,B05,drive1_FRIO-X6,Cell observer\Marta\Irati_WGA\ID129-1_WGA20x_VI-4.czi,,,ea046114aacec549b100a6576bed47863f01977248fd51d0b440dcc4a629013d,Y,,
ACQ-20250808-CELL-015,B05,drive1_FRIO-X6,Cell observer\Marta\Irati_WGA\ID130-1_WGA20x_VD-1.czi,,,850eecb92e6ab97ab948122f812361997f4fc885f9886005505a4cd1c45e6964,Y,,
ACQ-20250808-CELL-016,B05,drive1_FRIO-X6,Cell observer\Marta\Irati_WGA\ID130-1_WGA20x_VD-2.czi,,,ca70af17954bbee56ea031fb82c5817570f2de27e7c9350b1beca5b8e30d0135,Y,,
ACQ-20250808-CELL-017,B05,drive1_FRIO-X6,Cell observer\Marta\Irati_WGA\ID130-1_WGA20x_VD-3.czi,,,8f21e2ae9bedcf6f99d0434a3fcb549d7eb60becf787d37f27e032f6a613629d,Y,,
ACQ-20250808-CELL-018,B05,drive1_FRIO-X6,Cell observer\Marta\Irati_WGA\ID130-1_WGA20x_VD-4.czi,,,a27606a372b87fef1fad2ca06afbbb7dc5b01112312c9abedc6d94c175052636,Y,,
ACQ-20250808-CELL-019,B05,drive1_FRIO-X6,Cell observer\Marta\Irati_WGA\ID130-1_WGA20x_VI-1.czi,,,91a1bdd9f440efa98461ff15009f5848ec5ac19814597d79014be652f0954fce,Y,,
ACQ-20250808-CELL-020,B05,drive1_FRIO-X6,Cell observer\Marta\Irati_WGA\ID130-1_WGA20x_VI-2.czi,,,1f92b6ffda2efe05e798312350320d4e57f4ec732551799034c33fbbca2e61d4,Y,,
ACQ-20250808-CELL-021,B05,drive1_FRIO-X6,Cell observer\Marta\Irati_WGA\ID130-1_WGA20x_VI-3.czi,,,8f3eb43d1f39331db7160515fb886a7e4cfcba89ed7c55a138f35c2e141bdce7,Y,,
ACQ-20250808-CELL-022,B05,drive1_FRIO-X6,Cell observer\Marta\Irati_WGA\ID130-1_WGA20x_VI-4.czi,,,fd0143056f7bb291075098c20bde48c10cf7f959d1d64692c312d6643879068d,Y,,
ACQ-20250808-CELL-023,B05,drive1_FRIO-X6,Cell observer\Marta\Irati_WGA\ID131-1_WGA20x_VD-1.czi,,,b85883c8c21962c93a250df113ecbab97ed35083f4593d2068d70dc08165c4d7,Y,,
ACQ-20250808-CELL-024,B05,drive1_FRIO-X6,Cell observer\Marta\Irati_WGA\ID131-1_WGA20x_VD-2.czi,,,5ae358252b14bfa3612fb27cae3195281974ad09364060d5a3f3871036389727,Y,,
ACQ-20250808-CELL-025,B05,drive1_FRIO-X6,Cell observer\Marta\Irati_WGA\ID131-1_WGA20x_VD-3.czi,,,d6537e3431b6c3a07b70c60a187c45f6de37e6c1a49caa6a082b634a5a659c3c,Y,,
ACQ-20250808-CELL-026,B05,drive1_FRIO-X6,Cell observer\Marta\Irati_WGA\ID131-1_WGA20x_VD-4.czi,,,8e12412ef6fe51e236bb890a753e39d712bdf022c725e624a2a2134a7998c2ec,Y,,
ACQ-20250808-CELL-027,B05,drive1_FRIO-X6,Cell observer\Marta\Irati_WGA\ID131-1_WGA20x_VD-5.czi,,,681b84ec9eeeaa621746a3c09f142f1222b21a39b968e4b1e9d78baa07b26590,Y,,
ACQ-20250808-CELL-028,B05,drive1_FRIO-X6,Cell observer\Marta\Irati_WGA\ID131-1_WGA20x_VI-1.czi,,,107762df2cd5c82d0b86b347a0c4ff9ee1ecc95fdc2519d2798de3d3d7d13e2c,Y,,
ACQ-20250808-CELL-029,B05,drive1_FRIO-X6,Cell observer\Marta\Irati_WGA\ID131-1_WGA20x_VI-2.czi,,,b060516874675e42ad81f000fcd8085ff2ce3a9a3b730ff186a64d199f25a59c,Y,,
ACQ-20250808-CELL-030,B05,drive1_FRIO-X6,Cell observer\Marta\Irati_WGA\ID131-1_WGA20x_VI-3.czi,,,b979999b2d3bb94cd0c472c03368bc4adee2a2527bfdcd5699feea05ac62f0d5,Y,,
ACQ-20250808-CELL-031,B05,drive1_FRIO-X6,Cell observer\Marta\Irati_WGA\ID131-1_WGA20x_VI-4.czi,,,007879261a77d8711c7f9a886cd6059e1a056db35349fb776eff82a453c4d413,Y,,
ACQ-20250808-CELL-032,B05,drive1_FRIO-X6,Cell observer\Marta\Irati_WGA\ID131-1_WGA20x_VI-5.czi,,,6ae46cf81f7b3171c37506a0905ad667dcf4301d42ffc08dab28a6055aa88c51,Y,,
ACQ-20250808-CELL-033,B05,drive1_FRIO-X6,Cell observer\Marta\Irati_WGA\ID132-1_WGA20x_VD-1.czi,,,26d12b3450328f0f87d6ec7e43a4de8932510abae431a0febe8248a21d1d3f78,Y,,
ACQ-20250808-CELL-034,B05,drive1_FRIO-X6,Cell observer\Marta\Irati_WGA\ID132-1_WGA20x_VD-2.czi,,,7a847f90542e369bcb58022f25a0a2676aa10afde859ba99f3147d15f6f2cde6,Y,,
ACQ-20250808-CELL-035,B05,drive1_FRIO-X6,Cell observer\Marta\Irati_WGA\ID132-1_WGA20x_VD-3.czi,,,5e1e5246d948470cb53c8115abaa19f445d740228ac8a96f2faddd8c8786b320,Y,,
ACQ-20250808-CELL-036,B05,drive1_FRIO-X6,Cell observer\Marta\Irati_WGA\ID132-1_WGA20x_VD-4.czi,,,0f951f5039016aabe419504be51d99edd5c102b02a5110bede69f702b9769fb1,Y,,
ACQ-20250808-CELL-037,B05,drive1_FRIO-X6,Cell observer\Marta\Irati_WGA\ID132-1_WGA20x_VD-5.czi,,,d7836cca65f6eef2f334908761915ac168e7ae1f2ba960a8ed008e755926c5d5,Y,,
ACQ-20250808-CELL-038,B05,drive1_FRIO-X6,Cell observer\Marta\Irati_WGA\ID132-1_WGA20x_VI-1.czi,,,df3e4df2301491c5084a3f1d12225f7699906abf92b8a8bb122babd19aad032d,Y,,
ACQ-20250808-CELL-039,B05,drive1_FRIO-X6,Cell observer\Marta\Irati_WGA\ID132-1_WGA20x_VI-2.czi,,,33e649f9d3d56596f361d3409a6cbe68c72851b31cedf08c55b07f0d8fe74149,Y,,
ACQ-20250808-CELL-040,B05,drive1_FRIO-X6,Cell observer\Marta\Irati_WGA\ID132-1_WGA20x_VI-3.czi,,,0ec91466759951ac1ca9537ed6b23459a0b982d6ce31368f3f433bead3b1a775,Y,,
ACQ-20250808-CELL-041,B05,drive1_FRIO-X6,Cell observer\Marta\Irati_WGA\ID132-1_WGA20x_VI-4.czi,,,f7cd97f4a65a48d5938795ed6b0410c7d44dd9bb7f7a9f4d88715329ede341d7,Y,,
ACQ-20250808-CELL-042,B05,drive1_FRIO-X6,Cell observer\Marta\Irati_WGA\ID134-1_WGA20x_VD-1.czi,,,8adfc20136d5b67e0f90c0ba38c4aedd7f02dad093faa7e6fb8e2835045f2da2,Y,,
ACQ-20250808-CELL-043,B05,drive1_FRIO-X6,Cell observer\Marta\Irati_WGA\ID134-1_WGA20x_VD-2.czi,,,0f8827b940ff13adaa8832294541e267e0f633b9b96e5022b4a9a6f2739ddd59,Y,,
ACQ-20250808-CELL-044,B05,drive1_FRIO-X6,Cell observer\Marta\Irati_WGA\ID134-1_WGA20x_VD-3.czi,,,ec9e0c1da03624d36fe16399b40470bc4e2220244753b59f4923877242c690ce,Y,,
ACQ-20250808-CELL-045,B05,drive1_FRIO-X6,Cell observer\Marta\Irati_WGA\ID134-1_WGA20x_VD-4.czi,,,106e76062d46771236f281e6d0676c4809dc3928c06549805083d2be42112b9f,Y,,
ACQ-20250808-CELL-046,B05,drive1_FRIO-X6,Cell observer\Marta\Irati_WGA\ID134-1_WGA20x_VD-5.czi,,,b3b789e4b119bb8d504fc1b9213b4006c9ba94dfd8249078668fff04d51d78e3,Y,,
ACQ-20250808-CELL-047,B05,drive1_FRIO-X6,Cell observer\Marta\Irati_WGA\ID134-1_WGA20x_VI-1.czi,,,b6169b15e25afe3d182d126f00835a30695763988d0132aa0903091bb842805f,Y,,
ACQ-20250808-CELL-048,B05,drive1_FRIO-X6,Cell observer\Marta\Irati_WGA\ID134-1_WGA20x_VI-2.czi,,,622a0cdc51667bd2f12b8a50d8fc0c131437728ea84e634103de523de00ce249,Y,,
ACQ-20250808-CELL-049,B05,drive1_FRIO-X6,Cell observer\Marta\Irati_WGA\ID134-1_WGA20x_VI-3.czi,,,ab85dbaa90dd576ac1c8c363b41fb7d891724bbfe22ab74ff1a09b2cb1cd9743,Y,,
ACQ-20250808-CELL-050,B05,drive1_FRIO-X6,Cell observer\Marta\Irati_WGA\ID134-1_WGA20x_VI-4.czi,,,694073063712853c7be05d5fc175448684ad8e2061cdd7e3b19a0bf9fe5b67a2,Y,,
ACQ-20250808-CELL-051,B05,drive1_FRIO-X6,Cell observer\Marta\Irati_WGA\ID134-1_WGA20x_VI-5.czi,,,c892aff8acf0a691444f5ece62f2eeb933fbb8f94be34209b09177389bc78c34,Y,,
ACQ-20250808-CELL-052,B05,drive1_FRIO-X6,Cell observer\Marta\Irati_WGA\ID80-2_WGA20x_VD-1.czi,,,0a74221a8d151fae49122cde5135af47ee34766559145cefeaee247794a3de31,Y,,
ACQ-20250808-CELL-053,B05,drive1_FRIO-X6,Cell observer\Marta\Irati_WGA\ID80-2_WGA20x_VD-2.czi,,,79e360cab03733637a6ae2addb29d59088357e97835d6f10482599d8bf196cbe,Y,,
ACQ-20250808-CELL-054,B05,drive1_FRIO-X6,Cell observer\Marta\Irati_WGA\ID80-2_WGA20x_VD-3.czi,,,7dc85cd2bff996f3fe65e895d8d4e08f67f790730a2d5093c28dfde3204633c8,Y,,
ACQ-20250808-CELL-055,B05,drive1_FRIO-X6,Cell observer\Marta\Irati_WGA\ID80-2_WGA20x_VD-4.czi,,,99d33cb0c02c828e65c5690ec59f445b15bb3d9fa5d35adc0d4c8d685036a92d,Y,,
ACQ-20250808-CELL-056,B05,drive1_FRIO-X6,Cell observer\Marta\Irati_WGA\ID80-2_WGA20x_VI-1.czi,,,d011d2ab46354600fad22981642a8826d78905eed5ffce2865409b43abb12419,Y,,
ACQ-20250808-CELL-057,B05,drive1_FRIO-X6,Cell observer\Marta\Irati_WGA\ID80-2_WGA20x_VI-2.czi,,,6a583834f679394028d4bb592f9a6c5fe9797aa59666253e019698b971d60457,Y,,
ACQ-20250808-CELL-058,B05,drive1_FRIO-X6,Cell observer\Marta\Irati_WGA\ID80-2_WGA20x_VI-3.czi,,,311c38922321a5de25920eb3b919f8b90950bcd5ef34b1ea48113ea961d61d8e,Y,,
ACQ-20250808-CELL-059,B05,drive1_FRIO-X6,Cell observer\Marta\Irati_WGA\ID94-1_WGA20x_VD-1.czi,,,80962a0804b970bd970b9d36c54f8cee7c86b876bd0c3465dc9ec2bc79894d10,Y,,
ACQ-20250808-CELL-060,B05,drive1_FRIO-X6,Cell observer\Marta\Irati_WGA\ID94-1_WGA20x_VD-2.czi,,,5bf28da470016c633de8f09ae1d7d9a858cae68bc2633388cde4632fdd8f4a0d,Y,,
ACQ-20250808-CELL-061,B05,drive1_FRIO-X6,Cell observer\Marta\Irati_WGA\ID94-1_WGA20x_VD-3.czi,,,aa25cceba961e7da1d7752bda099c1201c0bfe187e2d8e656c11493c23dcaf7c,Y,,
ACQ-20250808-CELL-062,B05,drive1_FRIO-X6,Cell observer\Marta\Irati_WGA\ID94-1_WGA20x_VI-1.czi,,,cdca09565a72917c722a450cf9aed004a98f8d609b6ef298752d8c9b15ae92aa,Y,,
ACQ-20250808-CELL-063,B05,drive1_FRIO-X6,Cell observer\Marta\Irati_WGA\ID94-1_WGA20x_VI-2.czi,,,9f1021673ef688c7acf1b893f5f8638451b846302c9c5996c04b193e5797e7eb,Y,,
ACQ-20250808-CELL-064,B05,drive1_FRIO-X6,Cell observer\Marta\Irati_WGA\ID94-1_WGA20x_VI-3.czi,,,6f163ad7f803a2fbc5b0b5b1cd65d693153fcbc270dc6a0d8677c5464ba90af2,Y,,
ACQ-20250903-CELL-001,B05,drive2_MFB-Disco-2,CELL OBSERVER 2\AINHIZE\1123\ID 135-153\alphaSMA\ID63_1321_lung_alphasma.czi,,,780a20dc153d734f877a11024048facf0358a8042a548a3caffe064039ae2bfb,Y,,
ACQ-20250903-CELL-002,B05,drive2_MFB-Disco-2,CELL OBSERVER 2\AINHIZE\1123\ID 135-153\alphaSMA\ID64_1321_lung_alphasma.czi,,,0a9afb0a60dac26762075eea03dc92fb44d11d0937b9d3e32a93b2f10bbb90ea,Y,,
ACQ-20250903-CELL-003,B05,drive2_MFB-Disco-2,CELL OBSERVER 2\AINHIZE\1123\ID 135-153\alphaSMA\ID65_1321_lung_alphasma.czi,,,96067f7f480458024fd9c7fa763c177d7b8786346ee592cd6792bfb520dd78a3,Y,,
ACQ-20250908-CELL-001,B05,drive2_MFB-Disco-2,CELL OBSERVER 2\AINHIZE\1123\ID 135-153\PR errepikapena\ID63_1321_lung_PR.czi,,,f1fe8a3f0e2cc885db6fecacfe827e47a805dd1bca0c936a8d0ab2c4e03878af,Y,,
ACQ-20250908-CELL-002,B05,drive2_MFB-Disco-2,CELL OBSERVER 2\AINHIZE\1123\ID 135-153\PR errepikapena\ID63_1321_lung_PR_pol.czi,,,f1e37eff22ebcaec0ec6dff3ab7f57d502432462fead5b9e34be8be555b84047,Y,,
ACQ-20250908-CELL-003,B05,drive2_MFB-Disco-2,CELL OBSERVER 2\AINHIZE\1123\ID 135-153\PR errepikapena\ID64_1321_lung_PR.czi,,,3afe7ed87e3f12ac8f2aa0743a2f8e80701af1d1e14f5e19d7c6a7d9a47ce612,Y,,
ACQ-20250908-CELL-004,B05,drive2_MFB-Disco-2,CELL OBSERVER 2\AINHIZE\1123\ID 135-153\PR errepikapena\ID64_1321_lung_PR_pol.czi,,,c45e8d9ae052706700c936bc9af206f9e19a98fe87892ccc8a1b3544cf1ff017,Y,,
ACQ-20250908-CELL-005,B05,drive2_MFB-Disco-2,CELL OBSERVER 2\AINHIZE\1123\ID 135-153\PR errepikapena\ID65_1321_lung_PR.czi,,,84ea10e8ceadd6c2fb34ab9a3156476851e6986160cc7c2a45c4aead04cc4ab0,Y,,
ACQ-20250908-CELL-006,B05,drive2_MFB-Disco-2,CELL OBSERVER 2\AINHIZE\1123\ID 135-153\PR errepikapena\ID65_1321_lung_PR_pol.czi,,,8fe5eb97e3b95cac246c6cadd33fb859aaeef23b23390535bb64210a8c963459,Y,,
ACQ-20251031-CELL-003,repair,drive2_MFB-Disco-2,CELL OBSERVER 2\AINHIZE\1022\CD206\def\ID59_1022_tumor_CD206.czi,,,dc8e8fe75a7356ee8ad229d3b329ed5ebff72dfcaca6bf7555f1bea0dd2bc497,Y,,"repair, not a new acquisition: the production primary (truncated) was overwritten in place from this copy, 2026-10-01"
ACQ-20260112-ZWSI-001,B04,drive2_MFB-Disco-2,CELL OBSERVER 2\Marta\Irene\Irene_0424_Viejos machos\Axioscan_0424\Axioscan_0424_HE\2026_01_12__10_33__0024_30H.czi,,,61beffbaeb4976f1bee710574ba4aae74e725cc04111a0fcf44b6567140e85a5,Y,,
ACQ-20260112-ZWSI-002,B04,drive2_MFB-Disco-2,CELL OBSERVER 2\Marta\Irene\Irene_0424_Viejos machos\Axioscan_0424\Axioscan_0424_HE\2026_01_12__10_34__0025_33L.czi,,,bfa7ac22c91d4d4debbffd93994f35ca2ee54b618810bd041c9046f47d3b5432,Y,,
ACQ-20260112-ZWSI-003,B04,drive2_MFB-Disco-2,CELL OBSERVER 2\Marta\Irene\Irene_0424_Viejos machos\Axioscan_0424\Axioscan_0424_HE\2026_01_12__12_38__0029_29H_TM.czi,,,83c625a40b304bbbcac1753bd55c2a5d48645a07cf4e128b0d70e4116a2a62b8,Y,,
ACQ-20260112-ZWSI-004,B04,drive2_MFB-Disco-2,CELL OBSERVER 2\Marta\Irene\Irene_0424_Viejos machos\Axioscan_0424\Axioscan_0424_HE\2026_01_12__12_38__0030_36L_TM.czi,,,d35f9f60ef5af063fe88d287f0ecad5b48035a8cc61a8688c886382922168d46,Y,,
