relpath,kind,project,reason,parent_acq_ids,sha256
Microscopio\Microscopio- MJesus Sanchez 2023\Male Diets\230512-MTCOI and TOM20 Male Diets 0522\230707-TOM20-MTCOI-10x\ID196_10x_2.czi,derivative,,"export: crop of ID196_10x.czi: 60/60 tiles are byte-exact sub-rectangles of tiles of ID196_10x.czi, one offset (148, 831) (stream C gate §5)",ACQ-20230710-CELL-014,ff369906ce634fc5dbd84336d015c838ae0ce65a42290998044bab894a18b43d
Microscopio\Microscopio- MJesus Sanchez 2023\Machos vs Hembras\heart- Masson and HE\ID 113 10X ROI Masson.czi,derivative,,"export: crop of ID 113 10X Masson.czi: 16/16 tiles are byte-exact sub-rectangles of tiles of ID 113 10X Masson.czi, one offset (1317, 1364) (stream C gate §5)",ACQ-20230214-CELL-009,8b94c377d0727acc2659366628a9f733426494dfe822b240a822c40cf6e7eb05
Microscopio\Microscopio- MJesus Sanchez 2023\Machos vs Hembras\heart- Masson and HE\ID 203 10X Masson ROI.czi,derivative,,"export: crop of ID 203 10X Masson.czi: 16/16 tiles are byte-exact sub-rectangles of tiles of ID 203 10X Masson.czi, one offset (1668, 750) (stream C gate §5)",ACQ-20230214-CELL-012,f5a014de36de5deaa4a818f7510c088919051d7edb312412413db1c62e872630
Microscopio\Microscopio- MJesus Sanchez 2023\Machos vs Hembras\heart- Masson and HE\ID 207 10X ROI Masson.czi,derivative,,"export: crop of ID 207 10X Masson.czi: 16/16 tiles are byte-exact sub-rectangles of tiles of ID 207 10X Masson.czi, one offset (1742, 676) (stream C gate §5)",ACQ-20230214-CELL-015,6eb38a3d22179d697d9ede6a06f3555cf01f74566d6152bf9cc1a758b2d0fd0f
Microscopio\Microscopio- MJesus Sanchez 2023\Machos vs Hembras\heart- Masson and HE\ID 75 10X ROI Masson.czi,derivative,,"export: crop of ID 75 10X Masson.czi: 20/20 tiles are byte-exact sub-rectangles of tiles of ID 75 10X Masson.czi, one offset (1119, 1364) (stream C gate §5)",ACQ-20230214-CELL-018,b60f5ba59afc22f6665c9eb3f659cea02d21f8601121073a6600640d004e137a
Microscopio\Microscopio- MJesus Sanchez 2023\Machos vs Hembras\heart- Masson and HE\Masson\ID 75 LV 20X masson.czi,derivative,,"a scale-bar copy of ID 75 LV 20X masson.czi under the same name (pixel-identical, an annotation layer added): the project folder: 1/1 tiles byte-identical to tiles of ID 75 LV 20X masson.czi (stream C gate §5)",ACQ-20230214-CELL-019,746ecb5bd322eaa9d595f3833437baeb50bda47ffc7a07ae3e5a64011ec2be90
Microscopio\Microscopio- MJesus Sanchez 2023\Female Diets\230718_Masson_20x_0619_Female diets\230718_ID190_20x-10.czi,derivative,AE-biomaGUNE-0619,"identical re-save of 230718_ID190_20x-1.czi (pixel-identical, another name): 1/1 tiles byte-identical to tiles of 230718_ID190_20x-1.czi (stream C gate §5)",ACQ-20230718-CELL-003,b8a1f6013f18cb6a78c0e8174b137efcf8cde40f2e6cc1964359166053f22160
Microscopio\CELL OBS MARTA\Elastic_0522_MJ\ID97L_0522_Elastic-1.czi,derivative,AE-biomaGUNE-0522,"identical re-save of ID96L_0522_Elastic-12.czi (pixel-identical, another name): 1/1 tiles byte-identical to tiles of ID96L_0522_Elastic-12.czi (stream C gate §5)",ACQ-20241024-CELL-046,3e85ad65791cc4c70beadb86e05fbf96d9f2420f2f5f7bdccee7b6d612f519e8
MRI\Proyecto 0320\Usp11 KO Lucia\20220309_111235_jrc220309_m53_0320_1_1\14\pdata\3\procs,other,AE-biomaGUNE-0320,reconstruction without DICOM (2dseq only) of registered exam 20220309_111235_jrc220309_m53_0320_1_1/14 (ACQ-20220309-MRI-070 holds its other reconstruction as DICOM),,a303d586b093b444f4e36df4bd408ae6c32b4d8cf9624c13d3d79be59819bee9
MRI\Proyecto 0320\Usp11 KO Lucia\20220309_111235_jrc220309_m53_0320_1_1\14\pdata\3\id,other,AE-biomaGUNE-0320,reconstruction without DICOM (2dseq only) of registered exam 20220309_111235_jrc220309_m53_0320_1_1/14 (ACQ-20220309-MRI-070 holds its other reconstruction as DICOM),,47b48c29334fb66eea0ceb8f8f2858cbcdaecba08a1524cdaef2bb4de98582d4
MRI\Proyecto 0320\Usp11 KO Lucia\20220309_111235_jrc220309_m53_0320_1_1\14\pdata\3\reco,other,AE-biomaGUNE-0320,reconstruction without DICOM (2dseq only) of registered exam 20220309_111235_jrc220309_m53_0320_1_1/14 (ACQ-20220309-MRI-070 holds its other reconstruction as DICOM),,6aba3de056bb9a177a3b78f455d156b6bdb556dd29466a7ab62362231c069025
MRI\Proyecto 0320\Usp11 KO Lucia\20220309_111235_jrc220309_m53_0320_1_1\14\pdata\3\visu_pars,other,AE-biomaGUNE-0320,reconstruction without DICOM (2dseq only) of registered exam 20220309_111235_jrc220309_m53_0320_1_1/14 (ACQ-20220309-MRI-070 holds its other reconstruction as DICOM),,d3023095b54416f3f4f8e4c009e246bd227af0f10e71c61147cf411554847dad
MRI\Proyecto 0320\Usp11 KO Lucia\20220309_111235_jrc220309_m53_0320_1_1\14\pdata\3\methreco,other,AE-biomaGUNE-0320,reconstruction without DICOM (2dseq only) of registered exam 20220309_111235_jrc220309_m53_0320_1_1/14 (ACQ-20220309-MRI-070 holds its other reconstruction as DICOM),,7308eb7eb430a8d0b02ff19e17f8dd375db485fbfa9b810c0187cac0d7d4e847
MRI\Proyecto 0320\Usp11 KO Lucia\20220309_111235_jrc220309_m53_0320_1_1\14\pdata\3\2dseq,other,AE-biomaGUNE-0320,reconstruction without DICOM (2dseq only) of registered exam 20220309_111235_jrc220309_m53_0320_1_1/14 (ACQ-20220309-MRI-070 holds its other reconstruction as DICOM),,aeeee428437bb1c7e47e79026168cdd87dfbe226ed3c336e7d1492875402889f
MRI\Proyecto 0118 (Ratas hipoxia)\20200612_135158_jrc200612_m152_2DG_1_1\subject,other,AE-biomaGUNE-0118,study-level file of 20200612_135158_jrc200612_m152_2DG_1_1: its exams were never acquired (e-neveracquired) and P2 placed their folders in AE-biomaGUNE-0118,,6ddb44452b8cf0b3a3a80ffd2e9b66d58f498af1ae61ee8ff504d4d60a633b73
MRI\Proyecto 0118 (Ratas hipoxia)\20200612_135158_jrc200612_m152_2DG_1_1\AdjStatePerStudy,other,AE-biomaGUNE-0118,study-level file of 20200612_135158_jrc200612_m152_2DG_1_1: its exams were never acquired (e-neveracquired) and P2 placed their folders in AE-biomaGUNE-0118,,a65757687a95c64c978144faded392608f51c3efab36292876b3fb344d6aa659
MRI\Proyecto 0118 (Ratas hipoxia)\20200612_135158_jrc200612_m152_2DG_1_1\ScanProgram.scanProgram,other,AE-biomaGUNE-0118,study-level file of 20200612_135158_jrc200612_m152_2DG_1_1: its exams were never acquired (e-neveracquired) and P2 placed their folders in AE-biomaGUNE-0118,,657f1f820b3a10d26f9f5e13ac946e4d54267be03962298a388aad5ab4971d8e
Microscopio\Microscopio- MJesus Sanchez 2023\Machos vs Hembras\Masson\ID75-Masson-RV-ROI-20x.czi,derivative,,"export: crop of ID 75 LV 20X masson.czi: 1/1 tiles are byte-exact sub-rectangles of tiles of ID 75 LV 20X masson.czi, one offset (1160, 783) (stream C gate §5)",ACQ-20230214-CELL-019,416d403eaec65043a0f2d3380727048f83f4b269a2131c0a8025896751f1c45c
Microscopio\Microscopio- MJesus Sanchez 2023\Machos vs Hembras\Masson\ID75-Masson-LV-ROI-20x.czi,derivative,,"export: crop of ID 75 RV 20X masson.czi: 1/1 tiles are byte-exact sub-rectangles of tiles of ID 75 RV 20X masson.czi, one offset (90, 955) (stream C gate §5)",ACQ-20230214-CELL-020,71dddcb9aa3da8babae293c3bdf100ec8fc1a7908b982061ec64a21402d7ac9e
Microscopio\Microscopio- MJesus Sanchez 2023\Machos vs Hembras\heart- Masson and HE\ID 207 10X ROI LV Masson.czi,derivative,,"export: crop of ID 207 LV 20X Masson.czi: 1/1 tiles are byte-exact sub-rectangles of tiles of ID 207 LV 20X Masson.czi, one offset (202, 262) (stream C gate §5)",ACQ-20230214-CELL-016,4339ae9713890fa71c5d55239cd5a28903f5d606ce087d024e2a40ca6da7e28e
Microscopio\Microscopio- MJesus Sanchez 2023\Machos vs Hembras\heart- Masson and HE\ID 203 ROI masson LV.czi,derivative,,"export: crop of ID 203 LV 20X Masson.czi: 1/1 tiles are byte-exact sub-rectangles of tiles of ID 203 LV 20X Masson.czi, one offset (679, 409) (stream C gate §5)",ACQ-20230214-CELL-013,00591555e406227c18bfbc9237e79bb01cc1651fee1206b13b012c0fd7c596f2
Microscopio\Microscopio- MJesus Sanchez 2023\Machos vs Hembras\heart- Masson and HE\ID 203 ROI masson RV.czi,derivative,,"export: crop of ID 203 RV 20X Masson.czi: 1/1 tiles are byte-exact sub-rectangles of tiles of ID 203 RV 20X Masson.czi, one offset (791, 258) (stream C gate §5)",ACQ-20230214-CELL-014,0a03a58ea542b22439a947df930c7031edf302d292d5dcd3cce75cf77f9333b0
Microscopio\Microscopio- MJesus Sanchez 2023\Machos vs Hembras\heart- Masson and HE\ID 207 10X ROI RV Masson.czi,derivative,,"export: crop of ID 207 RV 20X Masson.czi: 1/1 tiles are byte-exact sub-rectangles of tiles of ID 207 RV 20X Masson.czi, one offset (676, 779) (stream C gate §5)",ACQ-20230214-CELL-017,9d268b78da745283cda605155d53dd54db57212e75a1f74095a431c4f72f0576
Microscopio\Microscopio- MJesus Sanchez 2023\Machos vs Hembras\8oHDG Female and Male\ID 137-8OHDG-20X-1.czi,derivative,,"a scale-bar copy of ID 137-8OHDG-20X-1.czi under the same name (pixel-identical, an annotation layer added): the project folder: 3/3 tiles byte-identical to tiles of ID 137-8OHDG-20X-1.czi (stream C gate §5)",ACQ-20230426-CELL-020,5d8593238e8e69f8492ab5d54c68af308c7c3ad464db9cfbb3bdf924674c86db
Microscopio\Microscopio- MJesus Sanchez 2023\Machos vs Hembras\8oHDG Female and Male\ID 137-8OHDG-20X-2.czi,derivative,,"a scale-bar copy of ID 137-8OHDG-20X-2.czi under the same name (pixel-identical, an annotation layer added): the project folder: 3/3 tiles byte-identical to tiles of ID 137-8OHDG-20X-2.czi (stream C gate §5)",ACQ-20230426-CELL-021,2096538de13721e5754766e27de6ef59a38504bbdffe22335cc3e0cab2667121
Microscopio\Microscopio- MJesus Sanchez 2023\Machos vs Hembras\8oHDG Female and Male\ID 137-8OHDG-20X-3.czi,derivative,,"a scale-bar copy of ID 137-8OHDG-20X-3.czi under the same name (pixel-identical, an annotation layer added): the project folder: 3/3 tiles byte-identical to tiles of ID 137-8OHDG-20X-3.czi (stream C gate §5)",ACQ-20230426-CELL-022,86b497ebe394d7604ed2b7b4daa88a2f42c566da5b27108af7d4168c50122169
Microscopio\Microscopio- MJesus Sanchez 2023\Machos vs Hembras\8oHDG Female and Male\ID 18-8OHDG-20X-1.czi,derivative,,"a scale-bar copy of ID 18-8OHDG-20X-1.czi under the same name (pixel-identical, an annotation layer added): the project folder: 3/3 tiles byte-identical to tiles of ID 18-8OHDG-20X-1.czi (stream C gate §5)",ACQ-20230426-CELL-033,54988de6e01d2b19514ffd886d21974740189cbfd9fe802aaf761d7b7a2b4a29
Microscopio\Microscopio- MJesus Sanchez 2023\Machos vs Hembras\8oHDG Female and Male\ID 17-8OHDG-20X-8.czi,derivative,,"a scale-bar copy of ID 17-8OHDG-20X-8.czi under the same name (pixel-identical, an annotation layer added): the project folder: 3/3 tiles byte-identical to tiles of ID 17-8OHDG-20X-8.czi (stream C gate §5)",ACQ-20230426-CELL-031,9ea1f9521a0d3f29da7ae7b2df1bfd9639090391a945016134a4b8ddd5bd15be
Microscopio\Microscopio- MJesus Sanchez 2023\Machos vs Hembras\8oHDG Female and Male\ID 17-8OHDG-20X-9.czi,derivative,,"a scale-bar copy of ID 17-8OHDG-20X-9.czi under the same name (pixel-identical, an annotation layer added): the project folder: 3/3 tiles byte-identical to tiles of ID 17-8OHDG-20X-9.czi (stream C gate §5)",ACQ-20230426-CELL-032,1150faaf2652f2498bed7b673044fd44ef4d124bf1f8a598164368c8d66914ce
Microscopio\Microscopio- MJesus Sanchez 2023\Machos vs Hembras\8oHDG Female and Male\ID 17-8OHDG-20X-4.czi,derivative,,"a scale-bar copy of ID 17-8OHDG-20X-4.czi under the same name (pixel-identical, an annotation layer added): the project folder: 3/3 tiles byte-identical to tiles of ID 17-8OHDG-20X-4.czi (stream C gate §5)",ACQ-20230426-CELL-029,a520fd5cde69537e929db5328f55c38d7d3a88918910cb753b938c85e94ce75b
Microscopio\Microscopio- MJesus Sanchez 2023\Machos vs Hembras\8oHDG Female and Male\ID 17-8OHDG-20X-7.czi,derivative,,"a scale-bar copy of ID 17-8OHDG-20X-7.czi under the same name (pixel-identical, an annotation layer added): the project folder: 3/3 tiles byte-identical to tiles of ID 17-8OHDG-20X-7.czi (stream C gate §5)",ACQ-20230426-CELL-030,c10686e8e012246c13dc6d81354306c8d1ccae684cceb1da7b44117ea2301a0a
Microscopio\Microscopio- MJesus Sanchez 2023\Machos vs Hembras\8oHDG Female and Male\ID 17-8OHDG-20X-3.czi,derivative,,"a scale-bar copy of ID 17-8OHDG-20X-3.czi under the same name (pixel-identical, an annotation layer added): the project folder: 3/3 tiles byte-identical to tiles of ID 17-8OHDG-20X-3.czi (stream C gate §5)",ACQ-20230426-CELL-028,8000713735d377da5f36f57f3eaa7ffb0cb839cfc9dd12a27bebcab49f510dd7
Microscopio\Microscopio- MJesus Sanchez 2023\Machos vs Hembras\8oHDG Female and Male\ID 137-8OHDG-20X-controlnegative.czi,derivative,,"a scale-bar copy of ID 137-8OHDG-20X-controlnegative.czi under the same name (pixel-identical, an annotation layer added): the project folder: 3/3 tiles byte-identical to tiles of ID 137-8OHDG-20X-controlnegative.czi (stream C gate §5)",ACQ-20230426-CELL-025,2f8f093812009cba397e907e5baca6b3087be40fe8dc76995ee2dcac37ad9dcf
Microscopio\Microscopio- MJesus Sanchez 2023\Machos vs Hembras\8oHDG Female and Male\ID 137-8OHDG-20X-5.czi,derivative,,"a scale-bar copy of ID 137-8OHDG-20X-5.czi under the same name (pixel-identical, an annotation layer added): the project folder: 3/3 tiles byte-identical to tiles of ID 137-8OHDG-20X-5.czi (stream C gate §5)",ACQ-20230426-CELL-024,274c9740a2de70717732e15dcb7f07c1dbe058f6b2344089e314de902982c4e7
Microscopio\Microscopio- MJesus Sanchez 2023\Machos vs Hembras\8oHDG Female and Male\ID 137-8OHDG-20X-4.czi,derivative,,"a scale-bar copy of ID 137-8OHDG-20X-4.czi under the same name (pixel-identical, an annotation layer added): the project folder: 3/3 tiles byte-identical to tiles of ID 137-8OHDG-20X-4.czi (stream C gate §5)",ACQ-20230426-CELL-023,c7c804cde371a6bff2726c45e3f42e80053ec8de997463e14fb49a8329bc6169
Microscopio\Microscopio- MJesus Sanchez 2023\Machos vs Hembras\8oHDG Female and Male\ID 17-8OHDG-20X-1.czi,derivative,,"a scale-bar copy of ID 17-8OHDG-20X-1.czi under the same name (pixel-identical, an annotation layer added): the project folder: 3/3 tiles byte-identical to tiles of ID 17-8OHDG-20X-1.czi (stream C gate §5)",ACQ-20230426-CELL-026,8017eee6036a8bdde24e29c35c9c687b618ea04ccabfe70ce45515574d4d1c68
Microscopio\Microscopio- MJesus Sanchez 2023\Machos vs Hembras\8oHDG Female and Male\ID 17-8OHDG-20X-2.czi,derivative,,"a scale-bar copy of ID 17-8OHDG-20X-2.czi under the same name (pixel-identical, an annotation layer added): the project folder: 3/3 tiles byte-identical to tiles of ID 17-8OHDG-20X-2.czi (stream C gate §5)",ACQ-20230426-CELL-027,1bc947c9ff945ca8c096a58f2d17c002f1f96eab2b36083ad63e79e39c238e7a
Microscopio\Microscopio- MJesus Sanchez 2023\Machos vs Hembras\8oHDG Female and Male\ID 18-8OHDG-20X-2.czi,derivative,,"a scale-bar copy of ID 18-8OHDG-20X-2.czi under the same name (pixel-identical, an annotation layer added): the project folder: 3/3 tiles byte-identical to tiles of ID 18-8OHDG-20X-2.czi (stream C gate §5)",ACQ-20230426-CELL-034,684122b1f3b4d32c587f4f0a59971ae42e79b2fbe3d9ad8c7a7be4a6e12138ec
Microscopio\Microscopio- MJesus Sanchez 2023\Machos vs Hembras\8oHDG Female and Male\ID 18-8OHDG-20X-3.czi,derivative,,"a scale-bar copy of ID 18-8OHDG-20X-3.czi under the same name (pixel-identical, an annotation layer added): the project folder: 3/3 tiles byte-identical to tiles of ID 18-8OHDG-20X-3.czi (stream C gate §5)",ACQ-20230426-CELL-035,d42bd53cd0db2b1af2895e257a7b9b3d1874403d8eca434405506f7f2b97b18c
Microscopio\Microscopio- MJesus Sanchez 2023\Machos vs Hembras\8oHDG Female and Male\ID 18-8OHDG-20X-controlnegative.czi,derivative,,"a scale-bar copy of ID 18-8OHDG-20X-controlnegative.czi under the same name (pixel-identical, an annotation layer added): the project folder: 3/3 tiles byte-identical to tiles of ID 18-8OHDG-20X-controlnegative.czi (stream C gate §5)",ACQ-20230426-CELL-036,19d9a6176ac066dce26f373a952a4adc248db1c7528aa5e5076eaf8e4b34098d
Microscopio\Microscopio- MJesus Sanchez 2023\Machos vs Hembras\8oHDG Female and Male\ID 201-8OHDG-20X-2.czi,derivative,,"a scale-bar copy of ID 201-8OHDG-20X-2.czi under the same name (pixel-identical, an annotation layer added): the project folder: 3/3 tiles byte-identical to tiles of ID 201-8OHDG-20X-2.czi (stream C gate §5)",ACQ-20230426-CELL-038,af33a0d75d6274ad1499c6de57004a76210816b531b225707ae0c9d1b123de3d
Microscopio\Microscopio- MJesus Sanchez 2023\Machos vs Hembras\8oHDG Female and Male\ID 201-8OHDG-20X-1.czi,derivative,,"a scale-bar copy of ID 201-8OHDG-20X-1.czi under the same name (pixel-identical, an annotation layer added): the project folder: 3/3 tiles byte-identical to tiles of ID 201-8OHDG-20X-1.czi (stream C gate §5)",ACQ-20230426-CELL-037,bd645b411ffbfe5ffc0e6585a5006c06afc6856db981d53a1b9e5e62e41dbfbd
Microscopio\Microscopio- MJesus Sanchez 2023\Machos vs Hembras\8oHDG Female and Male\ID 202-8OHDG-20X-3.czi,derivative,,"a scale-bar copy of ID 202-8OHDG-20X-3.czi under the same name (pixel-identical, an annotation layer added): the project folder: 3/3 tiles byte-identical to tiles of ID 202-8OHDG-20X-3.czi (stream C gate §5)",ACQ-20230426-CELL-044,eeac83c6df8836621cad20f68818e15bf6080b7e3ed13cf34f5ae1397c6e36b9
Microscopio\Microscopio- MJesus Sanchez 2023\Machos vs Hembras\8oHDG Female and Male\ID 201-8OHDG-20X-controlnegative.czi,derivative,,"a scale-bar copy of ID 201-8OHDG-20X-controlnegative.czi under the same name (pixel-identical, an annotation layer added): the project folder: 3/3 tiles byte-identical to tiles of ID 201-8OHDG-20X-controlnegative.czi (stream C gate §5)",ACQ-20230426-CELL-041,8fc78a2cf63440e2c8c36711b49243c48afc8e2983e743fe5221bceffaba246b
Microscopio\Microscopio- MJesus Sanchez 2023\Machos vs Hembras\8oHDG Female and Male\ID 202-8OHDG-20X-1.czi,derivative,,"a scale-bar copy of ID 202-8OHDG-20X-1.czi under the same name (pixel-identical, an annotation layer added): the project folder: 3/3 tiles byte-identical to tiles of ID 202-8OHDG-20X-1.czi (stream C gate §5)",ACQ-20230426-CELL-042,a93e652ed0c1253199178fee80974347e318ec2d4c387a9835f45c03f129851b
Microscopio\Microscopio- MJesus Sanchez 2023\Machos vs Hembras\8oHDG Female and Male\ID 202-8OHDG-20X-2.czi,derivative,,"a scale-bar copy of ID 202-8OHDG-20X-2.czi under the same name (pixel-identical, an annotation layer added): the project folder: 3/3 tiles byte-identical to tiles of ID 202-8OHDG-20X-2.czi (stream C gate §5)",ACQ-20230426-CELL-043,dabc1d4eec672d4f62e765a97fdad1a7734c4076dec6cee0e517f1a7c7fd9a1b
Microscopio\Microscopio- MJesus Sanchez 2023\Machos vs Hembras\8oHDG Female and Male\ID 201-8OHDG-20X-3.czi,derivative,,"a scale-bar copy of ID 201-8OHDG-20X-3.czi under the same name (pixel-identical, an annotation layer added): the project folder: 3/3 tiles byte-identical to tiles of ID 201-8OHDG-20X-3.czi (stream C gate §5)",ACQ-20230426-CELL-039,aa4ba5d0640563ea6253213924f4fb9b22e1941a498ecfa3cd5fd6aab914d2ba
Microscopio\Microscopio- MJesus Sanchez 2023\Machos vs Hembras\8oHDG Female and Male\ID 202-8OHDG-20X-5.czi,derivative,,"a scale-bar copy of ID 202-8OHDG-20X-5.czi under the same name (pixel-identical, an annotation layer added): the project folder: 3/3 tiles byte-identical to tiles of ID 202-8OHDG-20X-5.czi (stream C gate §5)",ACQ-20230426-CELL-046,657950d1f514fa19952c577c1aaf578562a582136dbd53b452dcdf89f44ebcd6
Microscopio\Microscopio- MJesus Sanchez 2023\Machos vs Hembras\8oHDG Female and Male\ID 201-8OHDG-20X-4.czi,derivative,,"a scale-bar copy of ID 201-8OHDG-20X-4.czi under the same name (pixel-identical, an annotation layer added): the project folder: 3/3 tiles byte-identical to tiles of ID 201-8OHDG-20X-4.czi (stream C gate §5)",ACQ-20230426-CELL-040,f9571e3702e40ea1229999cb1cdcd851a869e541613bbeb59263104108343d77
Microscopio\Microscopio- MJesus Sanchez 2023\Machos vs Hembras\8oHDG Female and Male\ID 202-8OHDG-20X-4.czi,derivative,,"a scale-bar copy of ID 202-8OHDG-20X-4.czi under the same name (pixel-identical, an annotation layer added): the project folder: 3/3 tiles byte-identical to tiles of ID 202-8OHDG-20X-4.czi (stream C gate §5)",ACQ-20230426-CELL-045,1a674fe96cd59ea3f8ee889d90ac945a927e9c988a0206e100b5492136d752e5
Microscopio\Microscopio- MJesus Sanchez 2023\Machos vs Hembras\8oHDG Female and Male\ID 202-8OHDG-20X-6.czi,derivative,,"a scale-bar copy of ID 202-8OHDG-20X-6.czi under the same name (pixel-identical, an annotation layer added): the project folder: 3/3 tiles byte-identical to tiles of ID 202-8OHDG-20X-6.czi (stream C gate §5)",ACQ-20230426-CELL-047,90825edb8b7f1027a98cd30e405d179087a5e681e7160e7be284958bf7bfa506
Microscopio\Microscopio- MJesus Sanchez 2023\Machos vs Hembras\8oHDG Female and Male\ID 202-8OHDG-20X-controlnegative.czi,derivative,,"a scale-bar copy of ID 202-8OHDG-20X-controlnegative.czi under the same name (pixel-identical, an annotation layer added): the project folder: 3/3 tiles byte-identical to tiles of ID 202-8OHDG-20X-controlnegative.czi (stream C gate §5)",ACQ-20230426-CELL-048,cc5919d17ad08e8f5462a95ad291d6f52d7cd3c3f0be18f34c2fa2f03dcf70cb
Microscopio\Microscopio- MJesus Sanchez 2023\Machos vs Hembras\8oHDG Female and Male\ID 204-8OHDG-20X-2.czi,derivative,,"a scale-bar copy of ID 204-8OHDG-20X-2.czi under the same name (pixel-identical, an annotation layer added): the project folder: 3/3 tiles byte-identical to tiles of ID 204-8OHDG-20X-2.czi (stream C gate §5)",ACQ-20230426-CELL-049,cbc3a7737eb838a30b9350c0e6a0e37745ae8d363c730058387558bcd86c281e
Microscopio\Microscopio- MJesus Sanchez 2023\Machos vs Hembras\8oHDG Female and Male\ID 204-8OHDG-20X-controlnegative.czi,derivative,,"a scale-bar copy of ID 204-8OHDG-20X-controlnegative.czi under the same name (pixel-identical, an annotation layer added): the project folder: 3/3 tiles byte-identical to tiles of ID 204-8OHDG-20X-controlnegative.czi (stream C gate §5)",ACQ-20230426-CELL-051,7a97a6696d64aefc79f89ca252a0bf89fc1538b4a2dd994928ec374150865cd8
Microscopio\Microscopio- MJesus Sanchez 2023\Machos vs Hembras\8oHDG Female and Male\ID 204-8OHDG-20X-3.czi,derivative,,"a scale-bar copy of ID 204-8OHDG-20X-3.czi under the same name (pixel-identical, an annotation layer added): the project folder: 3/3 tiles byte-identical to tiles of ID 204-8OHDG-20X-3.czi (stream C gate §5)",ACQ-20230426-CELL-050,d9e7d8f9e37008f644f12ded0d0e2a86ad317cc2d204aabb2351ba3eaa8f20c6
Microscopio\Microscopio- MJesus Sanchez 2023\Machos vs Hembras\8oHDG Female and Male\ID 208-8OHDG-20X-2.czi,derivative,,"a scale-bar copy of ID 208-8OHDG-20X-2.czi under the same name (pixel-identical, an annotation layer added): the project folder: 3/3 tiles byte-identical to tiles of ID 208-8OHDG-20X-2.czi (stream C gate §5)",ACQ-20230426-CELL-053,84e65f9425f940c2317cf8cb342b3ca3e24abad164d9965f5c218aecee36f7d4
Microscopio\Microscopio- MJesus Sanchez 2023\Machos vs Hembras\8oHDG Female and Male\ID 208-8OHDG-20X-3.czi,derivative,,"a scale-bar copy of ID 208-8OHDG-20X-3.czi under the same name (pixel-identical, an annotation layer added): the project folder: 3/3 tiles byte-identical to tiles of ID 208-8OHDG-20X-3.czi (stream C gate §5)",ACQ-20230426-CELL-054,4471fef0023d8376b2f86e9cd03cbcee4168b6873e505a3f56b5b9dae4213913
Microscopio\Microscopio- MJesus Sanchez 2023\Machos vs Hembras\8oHDG Female and Male\ID 208-8OHDG-20X-1.czi,derivative,,"a scale-bar copy of ID 208-8OHDG-20X-1.czi under the same name (pixel-identical, an annotation layer added): the project folder: 3/3 tiles byte-identical to tiles of ID 208-8OHDG-20X-1.czi (stream C gate §5)",ACQ-20230426-CELL-052,15fb1ecb38614c799571a1e6195cab60935bd2a982188e73628688cb226b04bf
Microscopio\Microscopio- MJesus Sanchez 2023\Machos vs Hembras\8oHDG Female and Male\ID 208-8OHDG-20X-5.czi,derivative,,"a scale-bar copy of ID 208-8OHDG-20X-5.czi under the same name (pixel-identical, an annotation layer added): the project folder: 3/3 tiles byte-identical to tiles of ID 208-8OHDG-20X-5.czi (stream C gate §5)",ACQ-20230426-CELL-056,78dd5943eed984a65a16320e7ae4138d43f39a59d8d6ef055d910166a653cd83
Microscopio\Microscopio- MJesus Sanchez 2023\Machos vs Hembras\8oHDG Female and Male\ID 208-8OHDG-20X-4.czi,derivative,,"a scale-bar copy of ID 208-8OHDG-20X-4.czi under the same name (pixel-identical, an annotation layer added): the project folder: 3/3 tiles byte-identical to tiles of ID 208-8OHDG-20X-4.czi (stream C gate §5)",ACQ-20230426-CELL-055,56155926c6a1cd5bcd088d29d10173585bb9e96cf51489f21f194da746652005
Microscopio\Microscopio- MJesus Sanchez 2023\Machos vs Hembras\8oHDG Female and Male\ID 208-8OHDG-20X-7.czi,derivative,,"a scale-bar copy of ID 208-8OHDG-20X-7.czi under the same name (pixel-identical, an annotation layer added): the project folder: 3/3 tiles byte-identical to tiles of ID 208-8OHDG-20X-7.czi (stream C gate §5)",ACQ-20230426-CELL-058,1cf78a6f1091d7bd98759e97a5377d74a763ac0d804a7ff3b0d4e7ecd6508e37
Microscopio\Microscopio- MJesus Sanchez 2023\Machos vs Hembras\8oHDG Female and Male\ID 208-8OHDG-20X-6.czi,derivative,,"a scale-bar copy of ID 208-8OHDG-20X-6.czi under the same name (pixel-identical, an annotation layer added): the project folder: 3/3 tiles byte-identical to tiles of ID 208-8OHDG-20X-6.czi (stream C gate §5)",ACQ-20230426-CELL-057,57d98a37bd5ff984d9a5a114e41522ba12570b63f90e02a5ab98445463e30c2b
Microscopio\Microscopio- MJesus Sanchez 2023\Machos vs Hembras\8oHDG Female and Male\ID 209-8OHDG-20X-1.czi,derivative,,"a scale-bar copy of ID 209-8OHDG-20X-1.czi under the same name (pixel-identical, an annotation layer added): the project folder: 3/3 tiles byte-identical to tiles of ID 209-8OHDG-20X-1.czi (stream C gate §5)",ACQ-20230426-CELL-060,525a529b3fa00765849df70fb46cc923e0c008cce97b548764d661da3e86235b
Microscopio\Microscopio- MJesus Sanchez 2023\Machos vs Hembras\8oHDG Female and Male\ID 208-8OHDG-20X-8.czi,derivative,,"a scale-bar copy of ID 208-8OHDG-20X-8.czi under the same name (pixel-identical, an annotation layer added): the project folder: 3/3 tiles byte-identical to tiles of ID 208-8OHDG-20X-8.czi (stream C gate §5)",ACQ-20230426-CELL-059,21987aab25698878d99dd049733cd51b6499f9435391f622b63e98790fdedadd
Microscopio\Microscopio- MJesus Sanchez 2023\Machos vs Hembras\8oHDG Female and Male\ID 209-8OHDG-20X-3.czi,derivative,,"a scale-bar copy of ID 209-8OHDG-20X-3.czi under the same name (pixel-identical, an annotation layer added): the project folder: 3/3 tiles byte-identical to tiles of ID 209-8OHDG-20X-3.czi (stream C gate §5)",ACQ-20230426-CELL-062,f3d6374fa99f4dbf498793a1558ef14b0d5bc5670d5a199f53f99c97f62fc823
Microscopio\Microscopio- MJesus Sanchez 2023\Machos vs Hembras\8oHDG Female and Male\ID 212-8OHDG-20X-1.czi,derivative,,"a scale-bar copy of ID 212-8OHDG-20X-1.czi under the same name (pixel-identical, an annotation layer added): the project folder: 3/3 tiles byte-identical to tiles of ID 212-8OHDG-20X-1.czi (stream C gate §5)",ACQ-20230426-CELL-064,4dcf907b7cedc04ec70a230f3167651529d21e6765bd3486fd46f4e4857868c7
Microscopio\Microscopio- MJesus Sanchez 2023\Machos vs Hembras\8oHDG Female and Male\ID 209-8OHDG-20X-2.czi,derivative,,"a scale-bar copy of ID 209-8OHDG-20X-2.czi under the same name (pixel-identical, an annotation layer added): the project folder: 3/3 tiles byte-identical to tiles of ID 209-8OHDG-20X-2.czi (stream C gate §5)",ACQ-20230426-CELL-061,7202fb2b0a2811f4095a73fe0d905124690b7ef0b1109452278769a45ce60581
Microscopio\Microscopio- MJesus Sanchez 2023\Machos vs Hembras\8oHDG Female and Male\ID 209-8OHDG-20X-controlnegative.czi,derivative,,"a scale-bar copy of ID 209-8OHDG-20X-controlnegative.czi under the same name (pixel-identical, an annotation layer added): the project folder: 3/3 tiles byte-identical to tiles of ID 209-8OHDG-20X-controlnegative.czi (stream C gate §5)",ACQ-20230426-CELL-063,5658991a9145eb2e25fd1086c05df331440ae51920b0a94562efb795619c5604
Microscopio\Microscopio- MJesus Sanchez 2023\Machos vs Hembras\8oHDG Female and Male\ID 22-8OHDG-20X-4.czi,derivative,,"a scale-bar copy of ID 22-8OHDG-20X-4.czi under the same name (pixel-identical, an annotation layer added): the project folder: 3/3 tiles byte-identical to tiles of ID 22-8OHDG-20X-4.czi (stream C gate §5)",ACQ-20230426-CELL-071,fefd63316a7f1488eed88908ec3c2b5f7174ba58ab319ebfd28c9b4c0dfa53fb
Microscopio\Microscopio- MJesus Sanchez 2023\Machos vs Hembras\8oHDG Female and Male\ID 212-8OHDG-20X-Negative.czi,derivative,,"a scale-bar copy of ID 212-8OHDG-20X-Negative.czi under the same name (pixel-identical, an annotation layer added): the project folder: 3/3 tiles byte-identical to tiles of ID 212-8OHDG-20X-Negative.czi (stream C gate §5)",ACQ-20230426-CELL-067,c2739537bd0a9069f13fcef015e8fa5d8c5a923176c24d61d5525c022fcfb6e1
Microscopio\Microscopio- MJesus Sanchez 2023\Machos vs Hembras\8oHDG Female and Male\ID 22-8OHDG-20X-controlnegative.czi,derivative,,"a scale-bar copy of ID 22-8OHDG-20X-controlnegative.czi under the same name (pixel-identical, an annotation layer added): the project folder: 3/3 tiles byte-identical to tiles of ID 22-8OHDG-20X-controlnegative.czi (stream C gate §5)",ACQ-20230426-CELL-073,c62c0af398a797ae6e314b3b36ab67e625a1d09c3a862d068483e248255642f5
Microscopio\Microscopio- MJesus Sanchez 2023\Machos vs Hembras\8oHDG Female and Male\ID 22-8OHDG-20X-5.czi,derivative,,"a scale-bar copy of ID 22-8OHDG-20X-5.czi under the same name (pixel-identical, an annotation layer added): the project folder: 3/3 tiles byte-identical to tiles of ID 22-8OHDG-20X-5.czi (stream C gate §5)",ACQ-20230426-CELL-072,4e25f83fcacdb311775425b7717a97360c3914a4cea158e5ebbcb0dd1e78519a
Microscopio\Microscopio- MJesus Sanchez 2023\Machos vs Hembras\8oHDG Female and Male\ID 23-8OHDG-20X-1.czi,derivative,,"a scale-bar copy of ID 23-8OHDG-20X-1.czi under the same name (pixel-identical, an annotation layer added): the project folder: 3/3 tiles byte-identical to tiles of ID 23-8OHDG-20X-1.czi (stream C gate §5)",ACQ-20230426-CELL-074,337640bf78a93850b9607c28c04f8870d71b2066e9409e66ca72d08cc160ece6
Microscopio\Microscopio- MJesus Sanchez 2023\Machos vs Hembras\8oHDG Female and Male\ID 212-8OHDG-20X-2.czi,derivative,,"a scale-bar copy of ID 212-8OHDG-20X-2.czi under the same name (pixel-identical, an annotation layer added): the project folder: 3/3 tiles byte-identical to tiles of ID 212-8OHDG-20X-2.czi (stream C gate §5)",ACQ-20230426-CELL-065,4ef1bfdb18a88e12b669158ca6fccb2e71679b71388596c3f6f99dfac853ca2a
Microscopio\Microscopio- MJesus Sanchez 2023\Machos vs Hembras\8oHDG Female and Male\ID 22-8OHDG-20X-2.czi,derivative,,"a scale-bar copy of ID 22-8OHDG-20X-2.czi under the same name (pixel-identical, an annotation layer added): the project folder: 3/3 tiles byte-identical to tiles of ID 22-8OHDG-20X-2.czi (stream C gate §5)",ACQ-20230426-CELL-069,f223d8b7f9876654057f0c155e3edb36d9f5b202d7e05a066d71afd5150b9a8e
Microscopio\Microscopio- MJesus Sanchez 2023\Machos vs Hembras\8oHDG Female and Male\ID 212-8OHDG-20X-3.czi,derivative,,"a scale-bar copy of ID 212-8OHDG-20X-3.czi under the same name (pixel-identical, an annotation layer added): the project folder: 3/3 tiles byte-identical to tiles of ID 212-8OHDG-20X-3.czi (stream C gate §5)",ACQ-20230426-CELL-066,7445f961a7666598297d8d67200c48b2e3c591058cd2d9434f99cd7200820b83
Microscopio\Microscopio- MJesus Sanchez 2023\Machos vs Hembras\8oHDG Female and Male\ID 22-8OHDG-20X-1.czi,derivative,,"a scale-bar copy of ID 22-8OHDG-20X-1.czi under the same name (pixel-identical, an annotation layer added): the project folder: 3/3 tiles byte-identical to tiles of ID 22-8OHDG-20X-1.czi (stream C gate §5)",ACQ-20230426-CELL-068,4d79ae2b8216a095d0f97c3e5837128adcde7c8da1d1d57111f75d9c50dffd70
Microscopio\Microscopio- MJesus Sanchez 2023\Machos vs Hembras\8oHDG Female and Male\ID 22-8OHDG-20X-3.czi,derivative,,"a scale-bar copy of ID 22-8OHDG-20X-3.czi under the same name (pixel-identical, an annotation layer added): the project folder: 3/3 tiles byte-identical to tiles of ID 22-8OHDG-20X-3.czi (stream C gate §5)",ACQ-20230426-CELL-070,9ee858f3fc9d0178fe53e72ed9b6fe7cd2a741e469eb552bfb5aa31aae6ea0fd
Microscopio\Microscopio- MJesus Sanchez 2023\Machos vs Hembras\8oHDG Female and Male\ID 23-8OHDG-20X-2.czi,derivative,,"a scale-bar copy of ID 23-8OHDG-20X-2.czi under the same name (pixel-identical, an annotation layer added): the project folder: 3/3 tiles byte-identical to tiles of ID 23-8OHDG-20X-2.czi (stream C gate §5)",ACQ-20230426-CELL-075,dce587a9104aee9274c7f632cb70ea428368ac0f28248d1bf99cb674debb469c
Microscopio\Microscopio- MJesus Sanchez 2023\Machos vs Hembras\8oHDG Female and Male\ID 23-8OHDG-20X-3.czi,derivative,,"a scale-bar copy of ID 23-8OHDG-20X-3.czi under the same name (pixel-identical, an annotation layer added): the project folder: 3/3 tiles byte-identical to tiles of ID 23-8OHDG-20X-3.czi (stream C gate §5)",ACQ-20230426-CELL-076,32a19175d19c16499b71c05aa6e7bb6cb05b0daf1d337c0553fecee6da6abb83
Microscopio\Microscopio- MJesus Sanchez 2023\Machos vs Hembras\8oHDG Female and Male\ID 23-8OHDG-20X-controlnegative.czi,derivative,,"a scale-bar copy of ID 23-8OHDG-20X-controlnegative.czi under the same name (pixel-identical, an annotation layer added): the project folder: 3/3 tiles byte-identical to tiles of ID 23-8OHDG-20X-controlnegative.czi (stream C gate §5)",ACQ-20230426-CELL-078,3d6c37c4e82fa58e8d38fd00efaf67370ca3bf233eefe45c78040b66d1c97c2a
Microscopio\Microscopio- MJesus Sanchez 2023\Machos vs Hembras\8oHDG Female and Male\ID 23-8OHDG-20X-4.czi,derivative,,"a scale-bar copy of ID 23-8OHDG-20X-4.czi under the same name (pixel-identical, an annotation layer added): the project folder: 3/3 tiles byte-identical to tiles of ID 23-8OHDG-20X-4.czi (stream C gate §5)",ACQ-20230426-CELL-077,8441211cec6d7ba9b749d035e2015b908db5d6e0dc41dcb1fdf8d3ae800c2801
Microscopio\Microscopio- MJesus Sanchez 2023\Female Diets\231004_TOM20andMTCO1_20x\231004_ID209_20x_VD-1.czi,derivative,,"identical re-save of 231004_ID209_20x_V-1.czi (pixel-identical, another name): 3/3 tiles byte-identical to tiles of 231004_ID209_20x_V-1.czi (stream C gate §5)",ACQ-20231004-CELL-102,0a9adab3c7f14298b18492b0dac75cc956aa092823e6dba081f8d5686c62218c
Microscopio\Microscopio- MJesus Sanchez 2023\Female Diets\2-2DG female 0619\4- 2DG female 0619- Ki67 and SMA\161\ID161ki67sma20x-220929-2.czi,derivative,AE-biomaGUNE-0619,"identical re-save of ID161ki67sma20x-220929-2 - Copy.czi (pixel-identical, another name): 3/3 tiles byte-identical to tiles of ID161ki67sma20x-220929-2 - Copy.czi (stream C gate §5)",ACQ-20220929-CELL-110,0ee4700bddc9bb89162681b645e4deaab3e4bacc04b7bdc593f2e79fb9545c88
Microscopio\Microscopio- MJesus Sanchez 2023\Female Diets\2-2DG female 0619\4- 2DG female 0619- Ki67 and SMA\160\ID160ki67sma20x-220929-6.czi,derivative,AE-biomaGUNE-0619,"identical re-save of ID160ki67sma20x-220929-5.czi (pixel-identical, another name): 3/3 tiles byte-identical to tiles of ID160ki67sma20x-220929-5.czi (stream C gate §5)",ACQ-20220929-CELL-061,6d96d464474f59d455e9d63770d69f4c431002df5c503a5662d6880243b35a6e
Microscopio\CELL OBS MARTA\WGA_0522_MJS\ID101HL_0522_WGA_VI-3.czi,derivative,AE-biomaGUNE-0522,"identical re-save of ID101HL_0522_WGA_VI-1.czi (pixel-identical, another name): 2/2 tiles byte-identical to tiles of ID101HL_0522_WGA_VI-1.czi (stream C gate §5)",ACQ-20241025-CELL-018,a1e53050b591fc89c1f089d669f87f501e63a0882cc1d1b062c7507f21f3a63e
MRI\Proyecto 0320\CAV1 Female 2022\20220214_092942_jrc220214_m44_0320_1_1\33\acqp,notregistered:no-recon,AE-biomaGUNE-0320,"placeholder ACQ-20260613-MRI-007 of exam 20220214_092942_jrc220214_m44_0320_1_1/33: production holds no DICOM (pending_dicom_regen no-source) and retires it (Ryan 2026-10-08); the drive holds k-space and parameters, no reconstruction, kept here",,83d479c16aaccfbf311b5526638006dabc796f5c86be211c48d3c3556c095f3b
MRI\Proyecto 0320\CAV1 Female 2022\20220214_092942_jrc220214_m44_0320_1_1\33\configscan,notregistered:no-recon,AE-biomaGUNE-0320,"placeholder ACQ-20260613-MRI-007 of exam 20220214_092942_jrc220214_m44_0320_1_1/33: production holds no DICOM (pending_dicom_regen no-source) and retires it (Ryan 2026-10-08); the drive holds k-space and parameters, no reconstruction, kept here",,80119cc97715b756eb135b38429971e16953e899bc73342854e679322075535f
MRI\Proyecto 0320\CAV1 Female 2022\20220214_092942_jrc220214_m44_0320_1_1\33\method,notregistered:no-recon,AE-biomaGUNE-0320,"placeholder ACQ-20260613-MRI-007 of exam 20220214_092942_jrc220214_m44_0320_1_1/33: production holds no DICOM (pending_dicom_regen no-source) and retires it (Ryan 2026-10-08); the drive holds k-space and parameters, no reconstruction, kept here",,cdd9305601b55242a1075efa86d13464aa4ff05fd18c6eb7e36f7304c1ef7a41
MRI\Proyecto 0320\CAV1 Female 2022\20220214_092942_jrc220214_m44_0320_1_1\33\pdata\1\id,notregistered:no-recon,AE-biomaGUNE-0320,"placeholder ACQ-20260613-MRI-007 of exam 20220214_092942_jrc220214_m44_0320_1_1/33: production holds no DICOM (pending_dicom_regen no-source) and retires it (Ryan 2026-10-08); the drive holds k-space and parameters, no reconstruction, kept here",,9858678bb2a9b2b481a12a9df148b9b4f56fff13423d72334311726ae955747d
MRI\Proyecto 0320\CAV1 Female 2022\20220214_092942_jrc220214_m44_0320_1_1\33\pdata\1\methreco,notregistered:no-recon,AE-biomaGUNE-0320,"placeholder ACQ-20260613-MRI-007 of exam 20220214_092942_jrc220214_m44_0320_1_1/33: production holds no DICOM (pending_dicom_regen no-source) and retires it (Ryan 2026-10-08); the drive holds k-space and parameters, no reconstruction, kept here",,0620a49bb58f6411c7d9e2d0f6a5764f285026faf6af6a64fac14f6205e1dae7
MRI\Proyecto 0320\CAV1 Female 2022\20220214_092942_jrc220214_m44_0320_1_1\33\pdata\1\reco,notregistered:no-recon,AE-biomaGUNE-0320,"placeholder ACQ-20260613-MRI-007 of exam 20220214_092942_jrc220214_m44_0320_1_1/33: production holds no DICOM (pending_dicom_regen no-source) and retires it (Ryan 2026-10-08); the drive holds k-space and parameters, no reconstruction, kept here",,16da217c2411de5d1049e838c16741639648b51441828a95a4bbf1006c1193e4
MRI\Proyecto 0522\Male HCH\20221128_115338_jrc221128_m10_0522_1_1\1\AdjStatePerScan,notregistered:no-recon,AE-biomaGUNE-0522,"placeholder ACQ-20260613-MRI-028 of exam 20221128_115338_jrc221128_m10_0522_1_1/1: production holds no DICOM (pending_dicom_regen no-source) and retires it (Ryan 2026-10-08); the drive holds k-space and parameters, no reconstruction, kept here",,a715060b4ec47f5f4aa24878a7b0c5f78caaa1bb32e6d639e1c86ab80e8069a1
MRI\Proyecto 0522\Male HCH\20221128_115338_jrc221128_m10_0522_1_1\1\acqp,notregistered:no-recon,AE-biomaGUNE-0522,"placeholder ACQ-20260613-MRI-028 of exam 20221128_115338_jrc221128_m10_0522_1_1/1: production holds no DICOM (pending_dicom_regen no-source) and retires it (Ryan 2026-10-08); the drive holds k-space and parameters, no reconstruction, kept here",,a21cdf77bd47fa2a7df36425ece8322341967628c47b733f2b8df7e3bad9c8cf
MRI\Proyecto 0522\Male HCH\20221128_115338_jrc221128_m10_0522_1_1\1\configscan,notregistered:no-recon,AE-biomaGUNE-0522,"placeholder ACQ-20260613-MRI-028 of exam 20221128_115338_jrc221128_m10_0522_1_1/1: production holds no DICOM (pending_dicom_regen no-source) and retires it (Ryan 2026-10-08); the drive holds k-space and parameters, no reconstruction, kept here",,0249bdc475f1715b5dbcd984c7dc6388219b8068365c00c39603981162e88290
MRI\Proyecto 0522\Male HCH\20221128_115338_jrc221128_m10_0522_1_1\1\method,notregistered:no-recon,AE-biomaGUNE-0522,"placeholder ACQ-20260613-MRI-028 of exam 20221128_115338_jrc221128_m10_0522_1_1/1: production holds no DICOM (pending_dicom_regen no-source) and retires it (Ryan 2026-10-08); the drive holds k-space and parameters, no reconstruction, kept here",,59b6272c70f0784bd4c41d1a864d8aec06df95cb31ae8034bbb8cb79199786b5
MRI\Proyecto 0522\Male HCH\20221128_115338_jrc221128_m10_0522_1_1\1\pdata\1\id,notregistered:no-recon,AE-biomaGUNE-0522,"placeholder ACQ-20260613-MRI-028 of exam 20221128_115338_jrc221128_m10_0522_1_1/1: production holds no DICOM (pending_dicom_regen no-source) and retires it (Ryan 2026-10-08); the drive holds k-space and parameters, no reconstruction, kept here",,4ab9c855b2c4f17942d23dea5535963c944c674b3030363d0e2c636833261c79
MRI\Proyecto 0522\Male HCH\20221128_115338_jrc221128_m10_0522_1_1\1\pdata\1\methreco,notregistered:no-recon,AE-biomaGUNE-0522,"placeholder ACQ-20260613-MRI-028 of exam 20221128_115338_jrc221128_m10_0522_1_1/1: production holds no DICOM (pending_dicom_regen no-source) and retires it (Ryan 2026-10-08); the drive holds k-space and parameters, no reconstruction, kept here",,5288c71775ed8bdf80815ef3a698e5f3f774bb9ed99991c7ad597bcebedd6955
MRI\Proyecto 0522\Male HCH\20221128_115338_jrc221128_m10_0522_1_1\1\pdata\1\reco,notregistered:no-recon,AE-biomaGUNE-0522,"placeholder ACQ-20260613-MRI-028 of exam 20221128_115338_jrc221128_m10_0522_1_1/1: production holds no DICOM (pending_dicom_regen no-source) and retires it (Ryan 2026-10-08); the drive holds k-space and parameters, no reconstruction, kept here",,9e79bebd1f806f870382df368c0c32d4193a1d35c31e986028bbb485375a68b1
MRI\Proyecto 0522\Male HCH\20221128_115338_jrc221128_m10_0522_1_1\1\pulseprogram,notregistered:no-recon,AE-biomaGUNE-0522,"placeholder ACQ-20260613-MRI-028 of exam 20221128_115338_jrc221128_m10_0522_1_1/1: production holds no DICOM (pending_dicom_regen no-source) and retires it (Ryan 2026-10-08); the drive holds k-space and parameters, no reconstruction, kept here",,ef7e44144c1b0109081b2ea05616322fcec92770a29a38b3b9131095d33c1eb5
MRI\Proyecto 0522\Male HCH\20221128_115338_jrc221128_m10_0522_1_1\1\specpar,notregistered:no-recon,AE-biomaGUNE-0522,"placeholder ACQ-20260613-MRI-028 of exam 20221128_115338_jrc221128_m10_0522_1_1/1: production holds no DICOM (pending_dicom_regen no-source) and retires it (Ryan 2026-10-08); the drive holds k-space and parameters, no reconstruction, kept here",,ea6d165aec030f8562577ba8878e42323ba3eaf0d0cedc427e459d21578a10c4
MRI\Proyecto 0522\Male HCH\20221128_115338_jrc221128_m10_0522_1_1\1\spnam0,notregistered:no-recon,AE-biomaGUNE-0522,"placeholder ACQ-20260613-MRI-028 of exam 20221128_115338_jrc221128_m10_0522_1_1/1: production holds no DICOM (pending_dicom_regen no-source) and retires it (Ryan 2026-10-08); the drive holds k-space and parameters, no reconstruction, kept here",,409233300d20fed54e6ee43c98dc0f5ac7d4e5d67dd8e072b37fe05e5b7fe2b0
MRI\Proyecto 0522\Male HCH\20221128_115338_jrc221128_m10_0522_1_1\1\uxnmr.info,notregistered:no-recon,AE-biomaGUNE-0522,"placeholder ACQ-20260613-MRI-028 of exam 20221128_115338_jrc221128_m10_0522_1_1/1: production holds no DICOM (pending_dicom_regen no-source) and retires it (Ryan 2026-10-08); the drive holds k-space and parameters, no reconstruction, kept here",,619ebfdc4c82568a37ad51499cc1ade4d83f545ed948284eca87cd27427114e2
MRI\Proyecto 0522\Male HCH\20221128_115338_jrc221128_m10_0522_1_1\1\uxnmr.par,notregistered:no-recon,AE-biomaGUNE-0522,"placeholder ACQ-20260613-MRI-028 of exam 20221128_115338_jrc221128_m10_0522_1_1/1: production holds no DICOM (pending_dicom_regen no-source) and retires it (Ryan 2026-10-08); the drive holds k-space and parameters, no reconstruction, kept here",,892b49d659d98913a0681946240a541be3befe8515c29379163eaa2dde02fb47
biomaGUNE MJ\PAH diets_Proyecto 0619 & 0522 (female and male)\RAW DATA\MRI\Male HCH\20221128_115338_jrc221128_m10_0522_1_1\1\AdjStatePerScan,notregistered:no-recon,AE-biomaGUNE-0522,"placeholder ACQ-20260613-MRI-028 of exam 20221128_115338_jrc221128_m10_0522_1_1/1: production holds no DICOM (pending_dicom_regen no-source) and retires it (Ryan 2026-10-08); the drive holds k-space and parameters, no reconstruction, kept here",,a715060b4ec47f5f4aa24878a7b0c5f78caaa1bb32e6d639e1c86ab80e8069a1
biomaGUNE MJ\PAH diets_Proyecto 0619 & 0522 (female and male)\RAW DATA\MRI\Male HCH\20221128_115338_jrc221128_m10_0522_1_1\1\acqp,notregistered:no-recon,AE-biomaGUNE-0522,"placeholder ACQ-20260613-MRI-028 of exam 20221128_115338_jrc221128_m10_0522_1_1/1: production holds no DICOM (pending_dicom_regen no-source) and retires it (Ryan 2026-10-08); the drive holds k-space and parameters, no reconstruction, kept here",,a21cdf77bd47fa2a7df36425ece8322341967628c47b733f2b8df7e3bad9c8cf
biomaGUNE MJ\PAH diets_Proyecto 0619 & 0522 (female and male)\RAW DATA\MRI\Male HCH\20221128_115338_jrc221128_m10_0522_1_1\1\configscan,notregistered:no-recon,AE-biomaGUNE-0522,"placeholder ACQ-20260613-MRI-028 of exam 20221128_115338_jrc221128_m10_0522_1_1/1: production holds no DICOM (pending_dicom_regen no-source) and retires it (Ryan 2026-10-08); the drive holds k-space and parameters, no reconstruction, kept here",,0249bdc475f1715b5dbcd984c7dc6388219b8068365c00c39603981162e88290
biomaGUNE MJ\PAH diets_Proyecto 0619 & 0522 (female and male)\RAW DATA\MRI\Male HCH\20221128_115338_jrc221128_m10_0522_1_1\1\method,notregistered:no-recon,AE-biomaGUNE-0522,"placeholder ACQ-20260613-MRI-028 of exam 20221128_115338_jrc221128_m10_0522_1_1/1: production holds no DICOM (pending_dicom_regen no-source) and retires it (Ryan 2026-10-08); the drive holds k-space and parameters, no reconstruction, kept here",,59b6272c70f0784bd4c41d1a864d8aec06df95cb31ae8034bbb8cb79199786b5
biomaGUNE MJ\PAH diets_Proyecto 0619 & 0522 (female and male)\RAW DATA\MRI\Male HCH\20221128_115338_jrc221128_m10_0522_1_1\1\pdata\1\id,notregistered:no-recon,AE-biomaGUNE-0522,"placeholder ACQ-20260613-MRI-028 of exam 20221128_115338_jrc221128_m10_0522_1_1/1: production holds no DICOM (pending_dicom_regen no-source) and retires it (Ryan 2026-10-08); the drive holds k-space and parameters, no reconstruction, kept here",,4ab9c855b2c4f17942d23dea5535963c944c674b3030363d0e2c636833261c79
biomaGUNE MJ\PAH diets_Proyecto 0619 & 0522 (female and male)\RAW DATA\MRI\Male HCH\20221128_115338_jrc221128_m10_0522_1_1\1\pdata\1\methreco,notregistered:no-recon,AE-biomaGUNE-0522,"placeholder ACQ-20260613-MRI-028 of exam 20221128_115338_jrc221128_m10_0522_1_1/1: production holds no DICOM (pending_dicom_regen no-source) and retires it (Ryan 2026-10-08); the drive holds k-space and parameters, no reconstruction, kept here",,5288c71775ed8bdf80815ef3a698e5f3f774bb9ed99991c7ad597bcebedd6955
biomaGUNE MJ\PAH diets_Proyecto 0619 & 0522 (female and male)\RAW DATA\MRI\Male HCH\20221128_115338_jrc221128_m10_0522_1_1\1\pdata\1\reco,notregistered:no-recon,AE-biomaGUNE-0522,"placeholder ACQ-20260613-MRI-028 of exam 20221128_115338_jrc221128_m10_0522_1_1/1: production holds no DICOM (pending_dicom_regen no-source) and retires it (Ryan 2026-10-08); the drive holds k-space and parameters, no reconstruction, kept here",,9e79bebd1f806f870382df368c0c32d4193a1d35c31e986028bbb485375a68b1
biomaGUNE MJ\PAH diets_Proyecto 0619 & 0522 (female and male)\RAW DATA\MRI\Male HCH\20221128_115338_jrc221128_m10_0522_1_1\1\pulseprogram,notregistered:no-recon,AE-biomaGUNE-0522,"placeholder ACQ-20260613-MRI-028 of exam 20221128_115338_jrc221128_m10_0522_1_1/1: production holds no DICOM (pending_dicom_regen no-source) and retires it (Ryan 2026-10-08); the drive holds k-space and parameters, no reconstruction, kept here",,ef7e44144c1b0109081b2ea05616322fcec92770a29a38b3b9131095d33c1eb5
biomaGUNE MJ\PAH diets_Proyecto 0619 & 0522 (female and male)\RAW DATA\MRI\Male HCH\20221128_115338_jrc221128_m10_0522_1_1\1\specpar,notregistered:no-recon,AE-biomaGUNE-0522,"placeholder ACQ-20260613-MRI-028 of exam 20221128_115338_jrc221128_m10_0522_1_1/1: production holds no DICOM (pending_dicom_regen no-source) and retires it (Ryan 2026-10-08); the drive holds k-space and parameters, no reconstruction, kept here",,ea6d165aec030f8562577ba8878e42323ba3eaf0d0cedc427e459d21578a10c4
biomaGUNE MJ\PAH diets_Proyecto 0619 & 0522 (female and male)\RAW DATA\MRI\Male HCH\20221128_115338_jrc221128_m10_0522_1_1\1\spnam0,notregistered:no-recon,AE-biomaGUNE-0522,"placeholder ACQ-20260613-MRI-028 of exam 20221128_115338_jrc221128_m10_0522_1_1/1: production holds no DICOM (pending_dicom_regen no-source) and retires it (Ryan 2026-10-08); the drive holds k-space and parameters, no reconstruction, kept here",,409233300d20fed54e6ee43c98dc0f5ac7d4e5d67dd8e072b37fe05e5b7fe2b0
biomaGUNE MJ\PAH diets_Proyecto 0619 & 0522 (female and male)\RAW DATA\MRI\Male HCH\20221128_115338_jrc221128_m10_0522_1_1\1\uxnmr.info,notregistered:no-recon,AE-biomaGUNE-0522,"placeholder ACQ-20260613-MRI-028 of exam 20221128_115338_jrc221128_m10_0522_1_1/1: production holds no DICOM (pending_dicom_regen no-source) and retires it (Ryan 2026-10-08); the drive holds k-space and parameters, no reconstruction, kept here",,619ebfdc4c82568a37ad51499cc1ade4d83f545ed948284eca87cd27427114e2
biomaGUNE MJ\PAH diets_Proyecto 0619 & 0522 (female and male)\RAW DATA\MRI\Male HCH\20221128_115338_jrc221128_m10_0522_1_1\1\uxnmr.par,notregistered:no-recon,AE-biomaGUNE-0522,"placeholder ACQ-20260613-MRI-028 of exam 20221128_115338_jrc221128_m10_0522_1_1/1: production holds no DICOM (pending_dicom_regen no-source) and retires it (Ryan 2026-10-08); the drive holds k-space and parameters, no reconstruction, kept here",,892b49d659d98913a0681946240a541be3befe8515c29379163eaa2dde02fb47
MRI\Proyecto 0522\Male HCH\20221128_115338_jrc221128_m10_0522_1_1\2\AdjStatePerScan,notregistered:no-recon,AE-biomaGUNE-0522,"placeholder ACQ-20260613-MRI-029 of exam 20221128_115338_jrc221128_m10_0522_1_1/2: production holds no DICOM (pending_dicom_regen no-source) and retires it (Ryan 2026-10-08); the drive holds k-space and parameters, no reconstruction, kept here",,a6cf255f101b64fa1639cb737ef4213d9a710e591d5f3e8ce28b5a2a1e71bd4e
MRI\Proyecto 0522\Male HCH\20221128_115338_jrc221128_m10_0522_1_1\2\acqp,notregistered:no-recon,AE-biomaGUNE-0522,"placeholder ACQ-20260613-MRI-029 of exam 20221128_115338_jrc221128_m10_0522_1_1/2: production holds no DICOM (pending_dicom_regen no-source) and retires it (Ryan 2026-10-08); the drive holds k-space and parameters, no reconstruction, kept here",,a7e0fc98d911f7e03f15017755433c704004e3529b3ca8d3d1501506d24b741d
MRI\Proyecto 0522\Male HCH\20221128_115338_jrc221128_m10_0522_1_1\2\configscan,notregistered:no-recon,AE-biomaGUNE-0522,"placeholder ACQ-20260613-MRI-029 of exam 20221128_115338_jrc221128_m10_0522_1_1/2: production holds no DICOM (pending_dicom_regen no-source) and retires it (Ryan 2026-10-08); the drive holds k-space and parameters, no reconstruction, kept here",,65d86cc7d5e3fc0da37da54db911013d7fd00a4aa1b6ca8f6ec1bf0011c6e737
MRI\Proyecto 0522\Male HCH\20221128_115338_jrc221128_m10_0522_1_1\2\method,notregistered:no-recon,AE-biomaGUNE-0522,"placeholder ACQ-20260613-MRI-029 of exam 20221128_115338_jrc221128_m10_0522_1_1/2: production holds no DICOM (pending_dicom_regen no-source) and retires it (Ryan 2026-10-08); the drive holds k-space and parameters, no reconstruction, kept here",,5debab05f029398c96b25af739fc3634c8cb6880c9ed7a50b3f1e2cc024b9c28
MRI\Proyecto 0522\Male HCH\20221128_115338_jrc221128_m10_0522_1_1\2\pdata\1\id,notregistered:no-recon,AE-biomaGUNE-0522,"placeholder ACQ-20260613-MRI-029 of exam 20221128_115338_jrc221128_m10_0522_1_1/2: production holds no DICOM (pending_dicom_regen no-source) and retires it (Ryan 2026-10-08); the drive holds k-space and parameters, no reconstruction, kept here",,e1bc7b220c579a472815e257548c3a6dd6b9c5bda9931174497d55bb72ea3300
MRI\Proyecto 0522\Male HCH\20221128_115338_jrc221128_m10_0522_1_1\2\pdata\1\methreco,notregistered:no-recon,AE-biomaGUNE-0522,"placeholder ACQ-20260613-MRI-029 of exam 20221128_115338_jrc221128_m10_0522_1_1/2: production holds no DICOM (pending_dicom_regen no-source) and retires it (Ryan 2026-10-08); the drive holds k-space and parameters, no reconstruction, kept here",,10d85024fdec976ba1302479210c1a5a8f6524448633cfed58e28f6bcc769399
MRI\Proyecto 0522\Male HCH\20221128_115338_jrc221128_m10_0522_1_1\2\pdata\1\reco,notregistered:no-recon,AE-biomaGUNE-0522,"placeholder ACQ-20260613-MRI-029 of exam 20221128_115338_jrc221128_m10_0522_1_1/2: production holds no DICOM (pending_dicom_regen no-source) and retires it (Ryan 2026-10-08); the drive holds k-space and parameters, no reconstruction, kept here",,eb09c5fb1c0c68ce8f971b845475aec29972f0985206763d5db7ae6c3accb419
MRI\Proyecto 0522\Male HCH\20221128_115338_jrc221128_m10_0522_1_1\2\pulseprogram,notregistered:no-recon,AE-biomaGUNE-0522,"placeholder ACQ-20260613-MRI-029 of exam 20221128_115338_jrc221128_m10_0522_1_1/2: production holds no DICOM (pending_dicom_regen no-source) and retires it (Ryan 2026-10-08); the drive holds k-space and parameters, no reconstruction, kept here",,ef7e44144c1b0109081b2ea05616322fcec92770a29a38b3b9131095d33c1eb5
MRI\Proyecto 0522\Male HCH\20221128_115338_jrc221128_m10_0522_1_1\2\specpar,notregistered:no-recon,AE-biomaGUNE-0522,"placeholder ACQ-20260613-MRI-029 of exam 20221128_115338_jrc221128_m10_0522_1_1/2: production holds no DICOM (pending_dicom_regen no-source) and retires it (Ryan 2026-10-08); the drive holds k-space and parameters, no reconstruction, kept here",,ea6d165aec030f8562577ba8878e42323ba3eaf0d0cedc427e459d21578a10c4
MRI\Proyecto 0522\Male HCH\20221128_115338_jrc221128_m10_0522_1_1\2\spnam0,notregistered:no-recon,AE-biomaGUNE-0522,"placeholder ACQ-20260613-MRI-029 of exam 20221128_115338_jrc221128_m10_0522_1_1/2: production holds no DICOM (pending_dicom_regen no-source) and retires it (Ryan 2026-10-08); the drive holds k-space and parameters, no reconstruction, kept here",,409233300d20fed54e6ee43c98dc0f5ac7d4e5d67dd8e072b37fe05e5b7fe2b0
MRI\Proyecto 0522\Male HCH\20221128_115338_jrc221128_m10_0522_1_1\2\uxnmr.info,notregistered:no-recon,AE-biomaGUNE-0522,"placeholder ACQ-20260613-MRI-029 of exam 20221128_115338_jrc221128_m10_0522_1_1/2: production holds no DICOM (pending_dicom_regen no-source) and retires it (Ryan 2026-10-08); the drive holds k-space and parameters, no reconstruction, kept here",,619ebfdc4c82568a37ad51499cc1ade4d83f545ed948284eca87cd27427114e2
MRI\Proyecto 0522\Male HCH\20221128_115338_jrc221128_m10_0522_1_1\2\uxnmr.par,notregistered:no-recon,AE-biomaGUNE-0522,"placeholder ACQ-20260613-MRI-029 of exam 20221128_115338_jrc221128_m10_0522_1_1/2: production holds no DICOM (pending_dicom_regen no-source) and retires it (Ryan 2026-10-08); the drive holds k-space and parameters, no reconstruction, kept here",,892b49d659d98913a0681946240a541be3befe8515c29379163eaa2dde02fb47
biomaGUNE MJ\PAH diets_Proyecto 0619 & 0522 (female and male)\RAW DATA\MRI\Male HCH\20221128_115338_jrc221128_m10_0522_1_1\2\AdjStatePerScan,notregistered:no-recon,AE-biomaGUNE-0522,"placeholder ACQ-20260613-MRI-029 of exam 20221128_115338_jrc221128_m10_0522_1_1/2: production holds no DICOM (pending_dicom_regen no-source) and retires it (Ryan 2026-10-08); the drive holds k-space and parameters, no reconstruction, kept here",,a6cf255f101b64fa1639cb737ef4213d9a710e591d5f3e8ce28b5a2a1e71bd4e
biomaGUNE MJ\PAH diets_Proyecto 0619 & 0522 (female and male)\RAW DATA\MRI\Male HCH\20221128_115338_jrc221128_m10_0522_1_1\2\acqp,notregistered:no-recon,AE-biomaGUNE-0522,"placeholder ACQ-20260613-MRI-029 of exam 20221128_115338_jrc221128_m10_0522_1_1/2: production holds no DICOM (pending_dicom_regen no-source) and retires it (Ryan 2026-10-08); the drive holds k-space and parameters, no reconstruction, kept here",,a7e0fc98d911f7e03f15017755433c704004e3529b3ca8d3d1501506d24b741d
biomaGUNE MJ\PAH diets_Proyecto 0619 & 0522 (female and male)\RAW DATA\MRI\Male HCH\20221128_115338_jrc221128_m10_0522_1_1\2\configscan,notregistered:no-recon,AE-biomaGUNE-0522,"placeholder ACQ-20260613-MRI-029 of exam 20221128_115338_jrc221128_m10_0522_1_1/2: production holds no DICOM (pending_dicom_regen no-source) and retires it (Ryan 2026-10-08); the drive holds k-space and parameters, no reconstruction, kept here",,65d86cc7d5e3fc0da37da54db911013d7fd00a4aa1b6ca8f6ec1bf0011c6e737
biomaGUNE MJ\PAH diets_Proyecto 0619 & 0522 (female and male)\RAW DATA\MRI\Male HCH\20221128_115338_jrc221128_m10_0522_1_1\2\method,notregistered:no-recon,AE-biomaGUNE-0522,"placeholder ACQ-20260613-MRI-029 of exam 20221128_115338_jrc221128_m10_0522_1_1/2: production holds no DICOM (pending_dicom_regen no-source) and retires it (Ryan 2026-10-08); the drive holds k-space and parameters, no reconstruction, kept here",,5debab05f029398c96b25af739fc3634c8cb6880c9ed7a50b3f1e2cc024b9c28
biomaGUNE MJ\PAH diets_Proyecto 0619 & 0522 (female and male)\RAW DATA\MRI\Male HCH\20221128_115338_jrc221128_m10_0522_1_1\2\pdata\1\id,notregistered:no-recon,AE-biomaGUNE-0522,"placeholder ACQ-20260613-MRI-029 of exam 20221128_115338_jrc221128_m10_0522_1_1/2: production holds no DICOM (pending_dicom_regen no-source) and retires it (Ryan 2026-10-08); the drive holds k-space and parameters, no reconstruction, kept here",,e1bc7b220c579a472815e257548c3a6dd6b9c5bda9931174497d55bb72ea3300
biomaGUNE MJ\PAH diets_Proyecto 0619 & 0522 (female and male)\RAW DATA\MRI\Male HCH\20221128_115338_jrc221128_m10_0522_1_1\2\pdata\1\methreco,notregistered:no-recon,AE-biomaGUNE-0522,"placeholder ACQ-20260613-MRI-029 of exam 20221128_115338_jrc221128_m10_0522_1_1/2: production holds no DICOM (pending_dicom_regen no-source) and retires it (Ryan 2026-10-08); the drive holds k-space and parameters, no reconstruction, kept here",,10d85024fdec976ba1302479210c1a5a8f6524448633cfed58e28f6bcc769399
biomaGUNE MJ\PAH diets_Proyecto 0619 & 0522 (female and male)\RAW DATA\MRI\Male HCH\20221128_115338_jrc221128_m10_0522_1_1\2\pdata\1\reco,notregistered:no-recon,AE-biomaGUNE-0522,"placeholder ACQ-20260613-MRI-029 of exam 20221128_115338_jrc221128_m10_0522_1_1/2: production holds no DICOM (pending_dicom_regen no-source) and retires it (Ryan 2026-10-08); the drive holds k-space and parameters, no reconstruction, kept here",,eb09c5fb1c0c68ce8f971b845475aec29972f0985206763d5db7ae6c3accb419
biomaGUNE MJ\PAH diets_Proyecto 0619 & 0522 (female and male)\RAW DATA\MRI\Male HCH\20221128_115338_jrc221128_m10_0522_1_1\2\pulseprogram,notregistered:no-recon,AE-biomaGUNE-0522,"placeholder ACQ-20260613-MRI-029 of exam 20221128_115338_jrc221128_m10_0522_1_1/2: production holds no DICOM (pending_dicom_regen no-source) and retires it (Ryan 2026-10-08); the drive holds k-space and parameters, no reconstruction, kept here",,ef7e44144c1b0109081b2ea05616322fcec92770a29a38b3b9131095d33c1eb5
biomaGUNE MJ\PAH diets_Proyecto 0619 & 0522 (female and male)\RAW DATA\MRI\Male HCH\20221128_115338_jrc221128_m10_0522_1_1\2\specpar,notregistered:no-recon,AE-biomaGUNE-0522,"placeholder ACQ-20260613-MRI-029 of exam 20221128_115338_jrc221128_m10_0522_1_1/2: production holds no DICOM (pending_dicom_regen no-source) and retires it (Ryan 2026-10-08); the drive holds k-space and parameters, no reconstruction, kept here",,ea6d165aec030f8562577ba8878e42323ba3eaf0d0cedc427e459d21578a10c4
biomaGUNE MJ\PAH diets_Proyecto 0619 & 0522 (female and male)\RAW DATA\MRI\Male HCH\20221128_115338_jrc221128_m10_0522_1_1\2\spnam0,notregistered:no-recon,AE-biomaGUNE-0522,"placeholder ACQ-20260613-MRI-029 of exam 20221128_115338_jrc221128_m10_0522_1_1/2: production holds no DICOM (pending_dicom_regen no-source) and retires it (Ryan 2026-10-08); the drive holds k-space and parameters, no reconstruction, kept here",,409233300d20fed54e6ee43c98dc0f5ac7d4e5d67dd8e072b37fe05e5b7fe2b0
biomaGUNE MJ\PAH diets_Proyecto 0619 & 0522 (female and male)\RAW DATA\MRI\Male HCH\20221128_115338_jrc221128_m10_0522_1_1\2\uxnmr.info,notregistered:no-recon,AE-biomaGUNE-0522,"placeholder ACQ-20260613-MRI-029 of exam 20221128_115338_jrc221128_m10_0522_1_1/2: production holds no DICOM (pending_dicom_regen no-source) and retires it (Ryan 2026-10-08); the drive holds k-space and parameters, no reconstruction, kept here",,619ebfdc4c82568a37ad51499cc1ade4d83f545ed948284eca87cd27427114e2
biomaGUNE MJ\PAH diets_Proyecto 0619 & 0522 (female and male)\RAW DATA\MRI\Male HCH\20221128_115338_jrc221128_m10_0522_1_1\2\uxnmr.par,notregistered:no-recon,AE-biomaGUNE-0522,"placeholder ACQ-20260613-MRI-029 of exam 20221128_115338_jrc221128_m10_0522_1_1/2: production holds no DICOM (pending_dicom_regen no-source) and retires it (Ryan 2026-10-08); the drive holds k-space and parameters, no reconstruction, kept here",,892b49d659d98913a0681946240a541be3befe8515c29379163eaa2dde02fb47
MRI\Proyecto 0522\Female PAH\20230614_123505_jrc230614_0522_m47_1_1\900000\acqp,notregistered:non-image,AE-biomaGUNE-0522,"placeholder ACQ-20260614-MRI-048 of exam 20230614_123505_jrc230614_0522_m47_1_1/900000: production holds no DICOM (pending_dicom_regen not-applicable) and retires it (Ryan 2026-10-08); the drive holds an adjustment scan (WOBBLE), not an image, kept here",,bf385d9ea5a128082ec0b191cfd51bd27c74a3d1f0f5dfef90b9a4b3b244b295
MRI\Proyecto 0522\Female PAH\20230614_123505_jrc230614_0522_m47_1_1\900000\configscan,notregistered:non-image,AE-biomaGUNE-0522,"placeholder ACQ-20260614-MRI-048 of exam 20230614_123505_jrc230614_0522_m47_1_1/900000: production holds no DICOM (pending_dicom_regen not-applicable) and retires it (Ryan 2026-10-08); the drive holds an adjustment scan (WOBBLE), not an image, kept here",,aec98df8343662abd959473ff457acad20a917e0e33040edf815e9799fe64ee8
MRI\Proyecto 0522\Female PAH\20230614_123505_jrc230614_0522_m47_1_1\900000\method,notregistered:non-image,AE-biomaGUNE-0522,"placeholder ACQ-20260614-MRI-048 of exam 20230614_123505_jrc230614_0522_m47_1_1/900000: production holds no DICOM (pending_dicom_regen not-applicable) and retires it (Ryan 2026-10-08); the drive holds an adjustment scan (WOBBLE), not an image, kept here",,62e0b86a344f07b233f9f63543df182afab447dab4b6e671dee11d73b3db5ef2
MRI\Proyecto 0522\Female PAH\20230614_123505_jrc230614_0522_m47_1_1\900000\pdata\1\id,notregistered:non-image,AE-biomaGUNE-0522,"placeholder ACQ-20260614-MRI-048 of exam 20230614_123505_jrc230614_0522_m47_1_1/900000: production holds no DICOM (pending_dicom_regen not-applicable) and retires it (Ryan 2026-10-08); the drive holds an adjustment scan (WOBBLE), not an image, kept here",,86fc6b729b44bf5ed9560011accd71e58b623b39d002eeb74b6cd62ddbb597c5
MRI\Proyecto 0522\Female PAH\20230614_123505_jrc230614_0522_m47_1_1\900000\pdata\1\reco,notregistered:non-image,AE-biomaGUNE-0522,"placeholder ACQ-20260614-MRI-048 of exam 20230614_123505_jrc230614_0522_m47_1_1/900000: production holds no DICOM (pending_dicom_regen not-applicable) and retires it (Ryan 2026-10-08); the drive holds an adjustment scan (WOBBLE), not an image, kept here",,33280870833c1cb3741c859dae619f1be5ecfaff88ca82179211435ede07a6ff
biomaGUNE MJ\PAH diets_Proyecto 0619 & 0522 (female and male)\RAW DATA\MRI\Female PAH\20230614_123505_jrc230614_0522_m47_1_1\900000\acqp,notregistered:non-image,AE-biomaGUNE-0522,"placeholder ACQ-20260614-MRI-048 of exam 20230614_123505_jrc230614_0522_m47_1_1/900000: production holds no DICOM (pending_dicom_regen not-applicable) and retires it (Ryan 2026-10-08); the drive holds an adjustment scan (WOBBLE), not an image, kept here",,bf385d9ea5a128082ec0b191cfd51bd27c74a3d1f0f5dfef90b9a4b3b244b295
biomaGUNE MJ\PAH diets_Proyecto 0619 & 0522 (female and male)\RAW DATA\MRI\Female PAH\20230614_123505_jrc230614_0522_m47_1_1\900000\configscan,notregistered:non-image,AE-biomaGUNE-0522,"placeholder ACQ-20260614-MRI-048 of exam 20230614_123505_jrc230614_0522_m47_1_1/900000: production holds no DICOM (pending_dicom_regen not-applicable) and retires it (Ryan 2026-10-08); the drive holds an adjustment scan (WOBBLE), not an image, kept here",,aec98df8343662abd959473ff457acad20a917e0e33040edf815e9799fe64ee8
biomaGUNE MJ\PAH diets_Proyecto 0619 & 0522 (female and male)\RAW DATA\MRI\Female PAH\20230614_123505_jrc230614_0522_m47_1_1\900000\method,notregistered:non-image,AE-biomaGUNE-0522,"placeholder ACQ-20260614-MRI-048 of exam 20230614_123505_jrc230614_0522_m47_1_1/900000: production holds no DICOM (pending_dicom_regen not-applicable) and retires it (Ryan 2026-10-08); the drive holds an adjustment scan (WOBBLE), not an image, kept here",,62e0b86a344f07b233f9f63543df182afab447dab4b6e671dee11d73b3db5ef2
biomaGUNE MJ\PAH diets_Proyecto 0619 & 0522 (female and male)\RAW DATA\MRI\Female PAH\20230614_123505_jrc230614_0522_m47_1_1\900000\pdata\1\id,notregistered:non-image,AE-biomaGUNE-0522,"placeholder ACQ-20260614-MRI-048 of exam 20230614_123505_jrc230614_0522_m47_1_1/900000: production holds no DICOM (pending_dicom_regen not-applicable) and retires it (Ryan 2026-10-08); the drive holds an adjustment scan (WOBBLE), not an image, kept here",,86fc6b729b44bf5ed9560011accd71e58b623b39d002eeb74b6cd62ddbb597c5
biomaGUNE MJ\PAH diets_Proyecto 0619 & 0522 (female and male)\RAW DATA\MRI\Female PAH\20230614_123505_jrc230614_0522_m47_1_1\900000\pdata\1\reco,notregistered:non-image,AE-biomaGUNE-0522,"placeholder ACQ-20260614-MRI-048 of exam 20230614_123505_jrc230614_0522_m47_1_1/900000: production holds no DICOM (pending_dicom_regen not-applicable) and retires it (Ryan 2026-10-08); the drive holds an adjustment scan (WOBBLE), not an image, kept here",,33280870833c1cb3741c859dae619f1be5ecfaff88ca82179211435ede07a6ff
biomaGUNE MJ\Manosa and 2DG Male_Proyecto 1422\Raw data\MRI\MJ 2024\20240530_082205_jrc240530_m43_1422_1_1\2\AdjStatePerScan,notregistered:no-recon,AE-biomaGUNE-1422,"placeholder ACQ-20260613-MRI-039 of exam 20240530_082205_jrc240530_m43_1422_1_1/2: production holds no DICOM (pending_dicom_regen no-source) and retires it (Ryan 2026-10-08); the drive holds k-space and parameters, no reconstruction, kept here",,981571cd17b5a708a5e4728a487b685204d4388ff61191970cc351dc6edc42f2
biomaGUNE MJ\Manosa and 2DG Male_Proyecto 1422\Raw data\MRI\MJ 2024\20240530_082205_jrc240530_m43_1422_1_1\2\acqp,notregistered:no-recon,AE-biomaGUNE-1422,"placeholder ACQ-20260613-MRI-039 of exam 20240530_082205_jrc240530_m43_1422_1_1/2: production holds no DICOM (pending_dicom_regen no-source) and retires it (Ryan 2026-10-08); the drive holds k-space and parameters, no reconstruction, kept here",,841460a28540bf2274a72a82a49104b6188ad5a1fbcdd3ed15f27b16c0883318
biomaGUNE MJ\Manosa and 2DG Male_Proyecto 1422\Raw data\MRI\MJ 2024\20240530_082205_jrc240530_m43_1422_1_1\2\configscan,notregistered:no-recon,AE-biomaGUNE-1422,"placeholder ACQ-20260613-MRI-039 of exam 20240530_082205_jrc240530_m43_1422_1_1/2: production holds no DICOM (pending_dicom_regen no-source) and retires it (Ryan 2026-10-08); the drive holds k-space and parameters, no reconstruction, kept here",,481db417a39f9c64f01fa36015ff4a026719d50addcbb63bd72e57517a31f6e7
biomaGUNE MJ\Manosa and 2DG Male_Proyecto 1422\Raw data\MRI\MJ 2024\20240530_082205_jrc240530_m43_1422_1_1\2\method,notregistered:no-recon,AE-biomaGUNE-1422,"placeholder ACQ-20260613-MRI-039 of exam 20240530_082205_jrc240530_m43_1422_1_1/2: production holds no DICOM (pending_dicom_regen no-source) and retires it (Ryan 2026-10-08); the drive holds k-space and parameters, no reconstruction, kept here",,6d44c208be57857936c69acf96b10eece82ced43935dc7c8cda5722d9f6f68c4
biomaGUNE MJ\Manosa and 2DG Male_Proyecto 1422\Raw data\MRI\MJ 2024\20240530_082205_jrc240530_m43_1422_1_1\2\pdata\1\id,notregistered:no-recon,AE-biomaGUNE-1422,"placeholder ACQ-20260613-MRI-039 of exam 20240530_082205_jrc240530_m43_1422_1_1/2: production holds no DICOM (pending_dicom_regen no-source) and retires it (Ryan 2026-10-08); the drive holds k-space and parameters, no reconstruction, kept here",,e9219b542fd9416e5a725d129ce72255c260a0e071f925c71c1b2562666c2a49
biomaGUNE MJ\Manosa and 2DG Male_Proyecto 1422\Raw data\MRI\MJ 2024\20240530_082205_jrc240530_m43_1422_1_1\2\pdata\1\methreco,notregistered:no-recon,AE-biomaGUNE-1422,"placeholder ACQ-20260613-MRI-039 of exam 20240530_082205_jrc240530_m43_1422_1_1/2: production holds no DICOM (pending_dicom_regen no-source) and retires it (Ryan 2026-10-08); the drive holds k-space and parameters, no reconstruction, kept here",,05147cc18ea96efc79a68295984a7714ff79903c9727e103e68f81d885338234
biomaGUNE MJ\Manosa and 2DG Male_Proyecto 1422\Raw data\MRI\MJ 2024\20240530_082205_jrc240530_m43_1422_1_1\2\pdata\1\reco,notregistered:no-recon,AE-biomaGUNE-1422,"placeholder ACQ-20260613-MRI-039 of exam 20240530_082205_jrc240530_m43_1422_1_1/2: production holds no DICOM (pending_dicom_regen no-source) and retires it (Ryan 2026-10-08); the drive holds k-space and parameters, no reconstruction, kept here",,d875e4449a1224f15561c578efaff276901696878140d379286079bc40c69bdf
biomaGUNE MJ\Manosa and 2DG Male_Proyecto 1422\Raw data\MRI\MJ 2024\20240530_082205_jrc240530_m43_1422_1_1\2\pulseprogram,notregistered:no-recon,AE-biomaGUNE-1422,"placeholder ACQ-20260613-MRI-039 of exam 20240530_082205_jrc240530_m43_1422_1_1/2: production holds no DICOM (pending_dicom_regen no-source) and retires it (Ryan 2026-10-08); the drive holds k-space and parameters, no reconstruction, kept here",,ef7e44144c1b0109081b2ea05616322fcec92770a29a38b3b9131095d33c1eb5
biomaGUNE MJ\Manosa and 2DG Male_Proyecto 1422\Raw data\MRI\MJ 2024\20240530_082205_jrc240530_m43_1422_1_1\2\specpar,notregistered:no-recon,AE-biomaGUNE-1422,"placeholder ACQ-20260613-MRI-039 of exam 20240530_082205_jrc240530_m43_1422_1_1/2: production holds no DICOM (pending_dicom_regen no-source) and retires it (Ryan 2026-10-08); the drive holds k-space and parameters, no reconstruction, kept here",,ea6d165aec030f8562577ba8878e42323ba3eaf0d0cedc427e459d21578a10c4
biomaGUNE MJ\Manosa and 2DG Male_Proyecto 1422\Raw data\MRI\MJ 2024\20240530_082205_jrc240530_m43_1422_1_1\2\spnam0,notregistered:no-recon,AE-biomaGUNE-1422,"placeholder ACQ-20260613-MRI-039 of exam 20240530_082205_jrc240530_m43_1422_1_1/2: production holds no DICOM (pending_dicom_regen no-source) and retires it (Ryan 2026-10-08); the drive holds k-space and parameters, no reconstruction, kept here",,409233300d20fed54e6ee43c98dc0f5ac7d4e5d67dd8e072b37fe05e5b7fe2b0
biomaGUNE MJ\Manosa and 2DG Male_Proyecto 1422\Raw data\MRI\MJ 2024\20240530_082205_jrc240530_m43_1422_1_1\2\uxnmr.info,notregistered:no-recon,AE-biomaGUNE-1422,"placeholder ACQ-20260613-MRI-039 of exam 20240530_082205_jrc240530_m43_1422_1_1/2: production holds no DICOM (pending_dicom_regen no-source) and retires it (Ryan 2026-10-08); the drive holds k-space and parameters, no reconstruction, kept here",,619ebfdc4c82568a37ad51499cc1ade4d83f545ed948284eca87cd27427114e2
biomaGUNE MJ\Manosa and 2DG Male_Proyecto 1422\Raw data\MRI\MJ 2024\20240530_082205_jrc240530_m43_1422_1_1\2\uxnmr.par,notregistered:no-recon,AE-biomaGUNE-1422,"placeholder ACQ-20260613-MRI-039 of exam 20240530_082205_jrc240530_m43_1422_1_1/2: production holds no DICOM (pending_dicom_regen no-source) and retires it (Ryan 2026-10-08); the drive holds k-space and parameters, no reconstruction, kept here",,618515ebcd5e33da8ff4556163ca8f3bab40ba6c4f054a5b902e9d2b0a86f620
MRI\Proyecto 0522\MRI dietas females\20241001_100924_jrc241001_m104_0522_1_1\17\AdjStatePerScan,notregistered:no-recon,AE-biomaGUNE-0522,"placeholder ACQ-20241001-MRI-099 of exam 20241001_100924_jrc241001_m104_0522_1_1/17: production holds no DICOM (pending_dicom_regen no-source) and retires it (Ryan 2026-10-08); the drive holds k-space and parameters, no reconstruction, kept here",,c7279b8726d4df3e5a2b779ce1b8ab84e7e428c3bc767c28242f95625123ec37
MRI\Proyecto 0522\MRI dietas females\20241001_100924_jrc241001_m104_0522_1_1\17\acqp,notregistered:no-recon,AE-biomaGUNE-0522,"placeholder ACQ-20241001-MRI-099 of exam 20241001_100924_jrc241001_m104_0522_1_1/17: production holds no DICOM (pending_dicom_regen no-source) and retires it (Ryan 2026-10-08); the drive holds k-space and parameters, no reconstruction, kept here",,8e1794fb82d0b8e636388233278fd8033bda0a914e2288e093a3f7f94aa342a8
MRI\Proyecto 0522\MRI dietas females\20241001_100924_jrc241001_m104_0522_1_1\17\configscan,notregistered:no-recon,AE-biomaGUNE-0522,"placeholder ACQ-20241001-MRI-099 of exam 20241001_100924_jrc241001_m104_0522_1_1/17: production holds no DICOM (pending_dicom_regen no-source) and retires it (Ryan 2026-10-08); the drive holds k-space and parameters, no reconstruction, kept here",,71ed2495dc284222b150b30de4581cae1132cca182fed772983181147855a731
MRI\Proyecto 0522\MRI dietas females\20241001_100924_jrc241001_m104_0522_1_1\17\method,notregistered:no-recon,AE-biomaGUNE-0522,"placeholder ACQ-20241001-MRI-099 of exam 20241001_100924_jrc241001_m104_0522_1_1/17: production holds no DICOM (pending_dicom_regen no-source) and retires it (Ryan 2026-10-08); the drive holds k-space and parameters, no reconstruction, kept here",,2613cb19d13564862dc86b2a950249c656e3239c31f9d604ad5a4866875bc39a
MRI\Proyecto 0522\MRI dietas females\20241001_100924_jrc241001_m104_0522_1_1\17\pdata\1\id,notregistered:no-recon,AE-biomaGUNE-0522,"placeholder ACQ-20241001-MRI-099 of exam 20241001_100924_jrc241001_m104_0522_1_1/17: production holds no DICOM (pending_dicom_regen no-source) and retires it (Ryan 2026-10-08); the drive holds k-space and parameters, no reconstruction, kept here",,460d6096daf07113ca933e5c192fbe22be02ad3b3b48018e9fa11639f9c7ca27
MRI\Proyecto 0522\MRI dietas females\20241001_100924_jrc241001_m104_0522_1_1\17\pdata\1\methreco,notregistered:no-recon,AE-biomaGUNE-0522,"placeholder ACQ-20241001-MRI-099 of exam 20241001_100924_jrc241001_m104_0522_1_1/17: production holds no DICOM (pending_dicom_regen no-source) and retires it (Ryan 2026-10-08); the drive holds k-space and parameters, no reconstruction, kept here",,8b547473e978c1c5b66f4d5869f2125b0fb86990b9a3e71ef746f64e303175ae
MRI\Proyecto 0522\MRI dietas females\20241001_100924_jrc241001_m104_0522_1_1\17\pdata\1\reco,notregistered:no-recon,AE-biomaGUNE-0522,"placeholder ACQ-20241001-MRI-099 of exam 20241001_100924_jrc241001_m104_0522_1_1/17: production holds no DICOM (pending_dicom_regen no-source) and retires it (Ryan 2026-10-08); the drive holds k-space and parameters, no reconstruction, kept here",,8e03f1c5f92b8e4c6adb40b15f6940e79cc6d6549fcc61cc64849184e7e3b4b7
MRI\Proyecto 0522\MRI dietas females\20241001_100924_jrc241001_m104_0522_1_1\17\pulseprogram,notregistered:no-recon,AE-biomaGUNE-0522,"placeholder ACQ-20241001-MRI-099 of exam 20241001_100924_jrc241001_m104_0522_1_1/17: production holds no DICOM (pending_dicom_regen no-source) and retires it (Ryan 2026-10-08); the drive holds k-space and parameters, no reconstruction, kept here",,004f889e5771b9bb801522ae2af2e0db21f5849004f66bda4c1be438f50483e4
MRI\Proyecto 0522\MRI dietas females\20241001_100924_jrc241001_m104_0522_1_1\17\specpar,notregistered:no-recon,AE-biomaGUNE-0522,"placeholder ACQ-20241001-MRI-099 of exam 20241001_100924_jrc241001_m104_0522_1_1/17: production holds no DICOM (pending_dicom_regen no-source) and retires it (Ryan 2026-10-08); the drive holds k-space and parameters, no reconstruction, kept here",,ea6d165aec030f8562577ba8878e42323ba3eaf0d0cedc427e459d21578a10c4
MRI\Proyecto 0522\MRI dietas females\20241001_100924_jrc241001_m104_0522_1_1\17\uxnmr.info,notregistered:no-recon,AE-biomaGUNE-0522,"placeholder ACQ-20241001-MRI-099 of exam 20241001_100924_jrc241001_m104_0522_1_1/17: production holds no DICOM (pending_dicom_regen no-source) and retires it (Ryan 2026-10-08); the drive holds k-space and parameters, no reconstruction, kept here",,619ebfdc4c82568a37ad51499cc1ade4d83f545ed948284eca87cd27427114e2
MRI\Proyecto 0522\MRI dietas females\20241001_100924_jrc241001_m104_0522_1_1\17\uxnmr.par,notregistered:no-recon,AE-biomaGUNE-0522,"placeholder ACQ-20241001-MRI-099 of exam 20241001_100924_jrc241001_m104_0522_1_1/17: production holds no DICOM (pending_dicom_regen no-source) and retires it (Ryan 2026-10-08); the drive holds k-space and parameters, no reconstruction, kept here",,618515ebcd5e33da8ff4556163ca8f3bab40ba6c4f054a5b902e9d2b0a86f620
MRI\Proyecto 0522\MRI dietas females\20241001_100924_jrc241001_m104_0522_1_1\17\visu_pars,notregistered:no-recon,AE-biomaGUNE-0522,"placeholder ACQ-20241001-MRI-099 of exam 20241001_100924_jrc241001_m104_0522_1_1/17: production holds no DICOM (pending_dicom_regen no-source) and retires it (Ryan 2026-10-08); the drive holds k-space and parameters, no reconstruction, kept here",,e287b1e3bb67b359fcc1866c3586e04bddf54b1cb2575c9b1ca589ee4a6bb119
biomaGUNE MJ\PAH diets_Proyecto 0619 & 0522 (female and male)\RAW DATA\MRI\MRI dietas females\20241001_100924_jrc241001_m104_0522_1_1\17\AdjStatePerScan,notregistered:no-recon,AE-biomaGUNE-0522,"placeholder ACQ-20241001-MRI-099 of exam 20241001_100924_jrc241001_m104_0522_1_1/17: production holds no DICOM (pending_dicom_regen no-source) and retires it (Ryan 2026-10-08); the drive holds k-space and parameters, no reconstruction, kept here",,c7279b8726d4df3e5a2b779ce1b8ab84e7e428c3bc767c28242f95625123ec37
biomaGUNE MJ\PAH diets_Proyecto 0619 & 0522 (female and male)\RAW DATA\MRI\MRI dietas females\20241001_100924_jrc241001_m104_0522_1_1\17\acqp,notregistered:no-recon,AE-biomaGUNE-0522,"placeholder ACQ-20241001-MRI-099 of exam 20241001_100924_jrc241001_m104_0522_1_1/17: production holds no DICOM (pending_dicom_regen no-source) and retires it (Ryan 2026-10-08); the drive holds k-space and parameters, no reconstruction, kept here",,8e1794fb82d0b8e636388233278fd8033bda0a914e2288e093a3f7f94aa342a8
biomaGUNE MJ\PAH diets_Proyecto 0619 & 0522 (female and male)\RAW DATA\MRI\MRI dietas females\20241001_100924_jrc241001_m104_0522_1_1\17\configscan,notregistered:no-recon,AE-biomaGUNE-0522,"placeholder ACQ-20241001-MRI-099 of exam 20241001_100924_jrc241001_m104_0522_1_1/17: production holds no DICOM (pending_dicom_regen no-source) and retires it (Ryan 2026-10-08); the drive holds k-space and parameters, no reconstruction, kept here",,71ed2495dc284222b150b30de4581cae1132cca182fed772983181147855a731
biomaGUNE MJ\PAH diets_Proyecto 0619 & 0522 (female and male)\RAW DATA\MRI\MRI dietas females\20241001_100924_jrc241001_m104_0522_1_1\17\method,notregistered:no-recon,AE-biomaGUNE-0522,"placeholder ACQ-20241001-MRI-099 of exam 20241001_100924_jrc241001_m104_0522_1_1/17: production holds no DICOM (pending_dicom_regen no-source) and retires it (Ryan 2026-10-08); the drive holds k-space and parameters, no reconstruction, kept here",,2613cb19d13564862dc86b2a950249c656e3239c31f9d604ad5a4866875bc39a
biomaGUNE MJ\PAH diets_Proyecto 0619 & 0522 (female and male)\RAW DATA\MRI\MRI dietas females\20241001_100924_jrc241001_m104_0522_1_1\17\pdata\1\id,notregistered:no-recon,AE-biomaGUNE-0522,"placeholder ACQ-20241001-MRI-099 of exam 20241001_100924_jrc241001_m104_0522_1_1/17: production holds no DICOM (pending_dicom_regen no-source) and retires it (Ryan 2026-10-08); the drive holds k-space and parameters, no reconstruction, kept here",,460d6096daf07113ca933e5c192fbe22be02ad3b3b48018e9fa11639f9c7ca27
biomaGUNE MJ\PAH diets_Proyecto 0619 & 0522 (female and male)\RAW DATA\MRI\MRI dietas females\20241001_100924_jrc241001_m104_0522_1_1\17\pdata\1\methreco,notregistered:no-recon,AE-biomaGUNE-0522,"placeholder ACQ-20241001-MRI-099 of exam 20241001_100924_jrc241001_m104_0522_1_1/17: production holds no DICOM (pending_dicom_regen no-source) and retires it (Ryan 2026-10-08); the drive holds k-space and parameters, no reconstruction, kept here",,8b547473e978c1c5b66f4d5869f2125b0fb86990b9a3e71ef746f64e303175ae
biomaGUNE MJ\PAH diets_Proyecto 0619 & 0522 (female and male)\RAW DATA\MRI\MRI dietas females\20241001_100924_jrc241001_m104_0522_1_1\17\pdata\1\reco,notregistered:no-recon,AE-biomaGUNE-0522,"placeholder ACQ-20241001-MRI-099 of exam 20241001_100924_jrc241001_m104_0522_1_1/17: production holds no DICOM (pending_dicom_regen no-source) and retires it (Ryan 2026-10-08); the drive holds k-space and parameters, no reconstruction, kept here",,8e03f1c5f92b8e4c6adb40b15f6940e79cc6d6549fcc61cc64849184e7e3b4b7
biomaGUNE MJ\PAH diets_Proyecto 0619 & 0522 (female and male)\RAW DATA\MRI\MRI dietas females\20241001_100924_jrc241001_m104_0522_1_1\17\pulseprogram,notregistered:no-recon,AE-biomaGUNE-0522,"placeholder ACQ-20241001-MRI-099 of exam 20241001_100924_jrc241001_m104_0522_1_1/17: production holds no DICOM (pending_dicom_regen no-source) and retires it (Ryan 2026-10-08); the drive holds k-space and parameters, no reconstruction, kept here",,004f889e5771b9bb801522ae2af2e0db21f5849004f66bda4c1be438f50483e4
biomaGUNE MJ\PAH diets_Proyecto 0619 & 0522 (female and male)\RAW DATA\MRI\MRI dietas females\20241001_100924_jrc241001_m104_0522_1_1\17\specpar,notregistered:no-recon,AE-biomaGUNE-0522,"placeholder ACQ-20241001-MRI-099 of exam 20241001_100924_jrc241001_m104_0522_1_1/17: production holds no DICOM (pending_dicom_regen no-source) and retires it (Ryan 2026-10-08); the drive holds k-space and parameters, no reconstruction, kept here",,ea6d165aec030f8562577ba8878e42323ba3eaf0d0cedc427e459d21578a10c4
biomaGUNE MJ\PAH diets_Proyecto 0619 & 0522 (female and male)\RAW DATA\MRI\MRI dietas females\20241001_100924_jrc241001_m104_0522_1_1\17\uxnmr.info,notregistered:no-recon,AE-biomaGUNE-0522,"placeholder ACQ-20241001-MRI-099 of exam 20241001_100924_jrc241001_m104_0522_1_1/17: production holds no DICOM (pending_dicom_regen no-source) and retires it (Ryan 2026-10-08); the drive holds k-space and parameters, no reconstruction, kept here",,619ebfdc4c82568a37ad51499cc1ade4d83f545ed948284eca87cd27427114e2
biomaGUNE MJ\PAH diets_Proyecto 0619 & 0522 (female and male)\RAW DATA\MRI\MRI dietas females\20241001_100924_jrc241001_m104_0522_1_1\17\uxnmr.par,notregistered:no-recon,AE-biomaGUNE-0522,"placeholder ACQ-20241001-MRI-099 of exam 20241001_100924_jrc241001_m104_0522_1_1/17: production holds no DICOM (pending_dicom_regen no-source) and retires it (Ryan 2026-10-08); the drive holds k-space and parameters, no reconstruction, kept here",,618515ebcd5e33da8ff4556163ca8f3bab40ba6c4f054a5b902e9d2b0a86f620
biomaGUNE MJ\PAH diets_Proyecto 0619 & 0522 (female and male)\RAW DATA\MRI\MRI dietas females\20241001_100924_jrc241001_m104_0522_1_1\17\visu_pars,notregistered:no-recon,AE-biomaGUNE-0522,"placeholder ACQ-20241001-MRI-099 of exam 20241001_100924_jrc241001_m104_0522_1_1/17: production holds no DICOM (pending_dicom_regen no-source) and retires it (Ryan 2026-10-08); the drive holds k-space and parameters, no reconstruction, kept here",,e287b1e3bb67b359fcc1866c3586e04bddf54b1cb2575c9b1ca589ee4a6bb119
MRI\Proyecto 0522\MRI dietas females\20241001_141059_jrc241001_m106_0522_1_1\5\AdjStatePerScan,notregistered:no-recon,AE-biomaGUNE-0522,"placeholder ACQ-20260614-MRI-002 of exam 20241001_141059_jrc241001_m106_0522_1_1/5: production holds no DICOM (pending_dicom_regen no-source) and retires it (Ryan 2026-10-08); the drive holds k-space and parameters, no reconstruction, kept here",,f9d16f7e6d0793436c5d531e5620bcd593d12ea49967ad6daadcd239435f3670
MRI\Proyecto 0522\MRI dietas females\20241001_141059_jrc241001_m106_0522_1_1\5\acqp,notregistered:no-recon,AE-biomaGUNE-0522,"placeholder ACQ-20260614-MRI-002 of exam 20241001_141059_jrc241001_m106_0522_1_1/5: production holds no DICOM (pending_dicom_regen no-source) and retires it (Ryan 2026-10-08); the drive holds k-space and parameters, no reconstruction, kept here",,30d8a9d07ba3eff12bcba3577056a808caa702a2189ae4de3d43c8954f983e34
MRI\Proyecto 0522\MRI dietas females\20241001_141059_jrc241001_m106_0522_1_1\5\configscan,notregistered:no-recon,AE-biomaGUNE-0522,"placeholder ACQ-20260614-MRI-002 of exam 20241001_141059_jrc241001_m106_0522_1_1/5: production holds no DICOM (pending_dicom_regen no-source) and retires it (Ryan 2026-10-08); the drive holds k-space and parameters, no reconstruction, kept here",,9a3dd373c1db14008150775191922bfff6675965a53c88d6d5357e75c21d6ff3
MRI\Proyecto 0522\MRI dietas females\20241001_141059_jrc241001_m106_0522_1_1\5\method,notregistered:no-recon,AE-biomaGUNE-0522,"placeholder ACQ-20260614-MRI-002 of exam 20241001_141059_jrc241001_m106_0522_1_1/5: production holds no DICOM (pending_dicom_regen no-source) and retires it (Ryan 2026-10-08); the drive holds k-space and parameters, no reconstruction, kept here",,0a83eb1e1600b3721c03ff4794a85ab9b8c2880bf44cdd31cd4b490f4dd20c89
MRI\Proyecto 0522\MRI dietas females\20241001_141059_jrc241001_m106_0522_1_1\5\pdata\1\id,notregistered:no-recon,AE-biomaGUNE-0522,"placeholder ACQ-20260614-MRI-002 of exam 20241001_141059_jrc241001_m106_0522_1_1/5: production holds no DICOM (pending_dicom_regen no-source) and retires it (Ryan 2026-10-08); the drive holds k-space and parameters, no reconstruction, kept here",,7407a52a0eb2739e48bcd6371fd8ef3e3fb634a0fd7b8f08b18f61484687610d
MRI\Proyecto 0522\MRI dietas females\20241001_141059_jrc241001_m106_0522_1_1\5\pdata\1\methreco,notregistered:no-recon,AE-biomaGUNE-0522,"placeholder ACQ-20260614-MRI-002 of exam 20241001_141059_jrc241001_m106_0522_1_1/5: production holds no DICOM (pending_dicom_regen no-source) and retires it (Ryan 2026-10-08); the drive holds k-space and parameters, no reconstruction, kept here",,d90329e460d2d866e42c97b73912efa3d753b1c3d4b54f6ca5ee356946578158
MRI\Proyecto 0522\MRI dietas females\20241001_141059_jrc241001_m106_0522_1_1\5\pdata\1\reco,notregistered:no-recon,AE-biomaGUNE-0522,"placeholder ACQ-20260614-MRI-002 of exam 20241001_141059_jrc241001_m106_0522_1_1/5: production holds no DICOM (pending_dicom_regen no-source) and retires it (Ryan 2026-10-08); the drive holds k-space and parameters, no reconstruction, kept here",,ae53e305acd2ddb424180c923d67e5166d1af25b61eeeccb375532b0ed203719
MRI\Proyecto 0522\MRI dietas females\20241001_141059_jrc241001_m106_0522_1_1\5\pulseprogram,notregistered:no-recon,AE-biomaGUNE-0522,"placeholder ACQ-20260614-MRI-002 of exam 20241001_141059_jrc241001_m106_0522_1_1/5: production holds no DICOM (pending_dicom_regen no-source) and retires it (Ryan 2026-10-08); the drive holds k-space and parameters, no reconstruction, kept here",,74c4f80124fdd496f4caa568f92de2e7382538c9b02b07096716c89bde7651d7
MRI\Proyecto 0522\MRI dietas females\20241001_141059_jrc241001_m106_0522_1_1\5\specpar,notregistered:no-recon,AE-biomaGUNE-0522,"placeholder ACQ-20260614-MRI-002 of exam 20241001_141059_jrc241001_m106_0522_1_1/5: production holds no DICOM (pending_dicom_regen no-source) and retires it (Ryan 2026-10-08); the drive holds k-space and parameters, no reconstruction, kept here",,ea6d165aec030f8562577ba8878e42323ba3eaf0d0cedc427e459d21578a10c4
MRI\Proyecto 0522\MRI dietas females\20241001_141059_jrc241001_m106_0522_1_1\5\uxnmr.info,notregistered:no-recon,AE-biomaGUNE-0522,"placeholder ACQ-20260614-MRI-002 of exam 20241001_141059_jrc241001_m106_0522_1_1/5: production holds no DICOM (pending_dicom_regen no-source) and retires it (Ryan 2026-10-08); the drive holds k-space and parameters, no reconstruction, kept here",,619ebfdc4c82568a37ad51499cc1ade4d83f545ed948284eca87cd27427114e2
MRI\Proyecto 0522\MRI dietas females\20241001_141059_jrc241001_m106_0522_1_1\5\uxnmr.par,notregistered:no-recon,AE-biomaGUNE-0522,"placeholder ACQ-20260614-MRI-002 of exam 20241001_141059_jrc241001_m106_0522_1_1/5: production holds no DICOM (pending_dicom_regen no-source) and retires it (Ryan 2026-10-08); the drive holds k-space and parameters, no reconstruction, kept here",,618515ebcd5e33da8ff4556163ca8f3bab40ba6c4f054a5b902e9d2b0a86f620
biomaGUNE MJ\PAH diets_Proyecto 0619 & 0522 (female and male)\RAW DATA\MRI\MRI dietas females\20241001_141059_jrc241001_m106_0522_1_1\5\AdjStatePerScan,notregistered:no-recon,AE-biomaGUNE-0522,"placeholder ACQ-20260614-MRI-002 of exam 20241001_141059_jrc241001_m106_0522_1_1/5: production holds no DICOM (pending_dicom_regen no-source) and retires it (Ryan 2026-10-08); the drive holds k-space and parameters, no reconstruction, kept here",,f9d16f7e6d0793436c5d531e5620bcd593d12ea49967ad6daadcd239435f3670
biomaGUNE MJ\PAH diets_Proyecto 0619 & 0522 (female and male)\RAW DATA\MRI\MRI dietas females\20241001_141059_jrc241001_m106_0522_1_1\5\acqp,notregistered:no-recon,AE-biomaGUNE-0522,"placeholder ACQ-20260614-MRI-002 of exam 20241001_141059_jrc241001_m106_0522_1_1/5: production holds no DICOM (pending_dicom_regen no-source) and retires it (Ryan 2026-10-08); the drive holds k-space and parameters, no reconstruction, kept here",,30d8a9d07ba3eff12bcba3577056a808caa702a2189ae4de3d43c8954f983e34
biomaGUNE MJ\PAH diets_Proyecto 0619 & 0522 (female and male)\RAW DATA\MRI\MRI dietas females\20241001_141059_jrc241001_m106_0522_1_1\5\configscan,notregistered:no-recon,AE-biomaGUNE-0522,"placeholder ACQ-20260614-MRI-002 of exam 20241001_141059_jrc241001_m106_0522_1_1/5: production holds no DICOM (pending_dicom_regen no-source) and retires it (Ryan 2026-10-08); the drive holds k-space and parameters, no reconstruction, kept here",,9a3dd373c1db14008150775191922bfff6675965a53c88d6d5357e75c21d6ff3
biomaGUNE MJ\PAH diets_Proyecto 0619 & 0522 (female and male)\RAW DATA\MRI\MRI dietas females\20241001_141059_jrc241001_m106_0522_1_1\5\method,notregistered:no-recon,AE-biomaGUNE-0522,"placeholder ACQ-20260614-MRI-002 of exam 20241001_141059_jrc241001_m106_0522_1_1/5: production holds no DICOM (pending_dicom_regen no-source) and retires it (Ryan 2026-10-08); the drive holds k-space and parameters, no reconstruction, kept here",,0a83eb1e1600b3721c03ff4794a85ab9b8c2880bf44cdd31cd4b490f4dd20c89
biomaGUNE MJ\PAH diets_Proyecto 0619 & 0522 (female and male)\RAW DATA\MRI\MRI dietas females\20241001_141059_jrc241001_m106_0522_1_1\5\pdata\1\id,notregistered:no-recon,AE-biomaGUNE-0522,"placeholder ACQ-20260614-MRI-002 of exam 20241001_141059_jrc241001_m106_0522_1_1/5: production holds no DICOM (pending_dicom_regen no-source) and retires it (Ryan 2026-10-08); the drive holds k-space and parameters, no reconstruction, kept here",,7407a52a0eb2739e48bcd6371fd8ef3e3fb634a0fd7b8f08b18f61484687610d
biomaGUNE MJ\PAH diets_Proyecto 0619 & 0522 (female and male)\RAW DATA\MRI\MRI dietas females\20241001_141059_jrc241001_m106_0522_1_1\5\pdata\1\methreco,notregistered:no-recon,AE-biomaGUNE-0522,"placeholder ACQ-20260614-MRI-002 of exam 20241001_141059_jrc241001_m106_0522_1_1/5: production holds no DICOM (pending_dicom_regen no-source) and retires it (Ryan 2026-10-08); the drive holds k-space and parameters, no reconstruction, kept here",,d90329e460d2d866e42c97b73912efa3d753b1c3d4b54f6ca5ee356946578158
biomaGUNE MJ\PAH diets_Proyecto 0619 & 0522 (female and male)\RAW DATA\MRI\MRI dietas females\20241001_141059_jrc241001_m106_0522_1_1\5\pdata\1\reco,notregistered:no-recon,AE-biomaGUNE-0522,"placeholder ACQ-20260614-MRI-002 of exam 20241001_141059_jrc241001_m106_0522_1_1/5: production holds no DICOM (pending_dicom_regen no-source) and retires it (Ryan 2026-10-08); the drive holds k-space and parameters, no reconstruction, kept here",,ae53e305acd2ddb424180c923d67e5166d1af25b61eeeccb375532b0ed203719
biomaGUNE MJ\PAH diets_Proyecto 0619 & 0522 (female and male)\RAW DATA\MRI\MRI dietas females\20241001_141059_jrc241001_m106_0522_1_1\5\pulseprogram,notregistered:no-recon,AE-biomaGUNE-0522,"placeholder ACQ-20260614-MRI-002 of exam 20241001_141059_jrc241001_m106_0522_1_1/5: production holds no DICOM (pending_dicom_regen no-source) and retires it (Ryan 2026-10-08); the drive holds k-space and parameters, no reconstruction, kept here",,74c4f80124fdd496f4caa568f92de2e7382538c9b02b07096716c89bde7651d7
biomaGUNE MJ\PAH diets_Proyecto 0619 & 0522 (female and male)\RAW DATA\MRI\MRI dietas females\20241001_141059_jrc241001_m106_0522_1_1\5\specpar,notregistered:no-recon,AE-biomaGUNE-0522,"placeholder ACQ-20260614-MRI-002 of exam 20241001_141059_jrc241001_m106_0522_1_1/5: production holds no DICOM (pending_dicom_regen no-source) and retires it (Ryan 2026-10-08); the drive holds k-space and parameters, no reconstruction, kept here",,ea6d165aec030f8562577ba8878e42323ba3eaf0d0cedc427e459d21578a10c4
biomaGUNE MJ\PAH diets_Proyecto 0619 & 0522 (female and male)\RAW DATA\MRI\MRI dietas females\20241001_141059_jrc241001_m106_0522_1_1\5\uxnmr.info,notregistered:no-recon,AE-biomaGUNE-0522,"placeholder ACQ-20260614-MRI-002 of exam 20241001_141059_jrc241001_m106_0522_1_1/5: production holds no DICOM (pending_dicom_regen no-source) and retires it (Ryan 2026-10-08); the drive holds k-space and parameters, no reconstruction, kept here",,619ebfdc4c82568a37ad51499cc1ade4d83f545ed948284eca87cd27427114e2
biomaGUNE MJ\PAH diets_Proyecto 0619 & 0522 (female and male)\RAW DATA\MRI\MRI dietas females\20241001_141059_jrc241001_m106_0522_1_1\5\uxnmr.par,notregistered:no-recon,AE-biomaGUNE-0522,"placeholder ACQ-20260614-MRI-002 of exam 20241001_141059_jrc241001_m106_0522_1_1/5: production holds no DICOM (pending_dicom_regen no-source) and retires it (Ryan 2026-10-08); the drive holds k-space and parameters, no reconstruction, kept here",,618515ebcd5e33da8ff4556163ca8f3bab40ba6c4f054a5b902e9d2b0a86f620
MRI\Proyecto 0522\MRI dietas females\20241001_141059_jrc241001_m106_0522_1_1\8\AdjStatePerScan,notregistered:no-recon,AE-biomaGUNE-0522,"placeholder ACQ-20241001-MRI-100 of exam 20241001_141059_jrc241001_m106_0522_1_1/8: production holds no DICOM (pending_dicom_regen no-source) and retires it (Ryan 2026-10-08); the drive holds k-space and parameters, no reconstruction, kept here",,901ea6b98c36f4a2c008a57a3525f016a66df999ebc3a01bd69d1f4c3abb4eeb
MRI\Proyecto 0522\MRI dietas females\20241001_141059_jrc241001_m106_0522_1_1\8\acqp,notregistered:no-recon,AE-biomaGUNE-0522,"placeholder ACQ-20241001-MRI-100 of exam 20241001_141059_jrc241001_m106_0522_1_1/8: production holds no DICOM (pending_dicom_regen no-source) and retires it (Ryan 2026-10-08); the drive holds k-space and parameters, no reconstruction, kept here",,05912331c0d76d30fe799e7a0b30e08e088651ce6d8f95c5721e1a1a8d7c40e8
MRI\Proyecto 0522\MRI dietas females\20241001_141059_jrc241001_m106_0522_1_1\8\configscan,notregistered:no-recon,AE-biomaGUNE-0522,"placeholder ACQ-20241001-MRI-100 of exam 20241001_141059_jrc241001_m106_0522_1_1/8: production holds no DICOM (pending_dicom_regen no-source) and retires it (Ryan 2026-10-08); the drive holds k-space and parameters, no reconstruction, kept here",,1939cf6c64fdcbb5832b7a00e84a0888baf7497f1c41d9d2abb220f0e5406e5b
MRI\Proyecto 0522\MRI dietas females\20241001_141059_jrc241001_m106_0522_1_1\8\method,notregistered:no-recon,AE-biomaGUNE-0522,"placeholder ACQ-20241001-MRI-100 of exam 20241001_141059_jrc241001_m106_0522_1_1/8: production holds no DICOM (pending_dicom_regen no-source) and retires it (Ryan 2026-10-08); the drive holds k-space and parameters, no reconstruction, kept here",,d987725cac16e6252380c634386b281a9db4fdee6c52d68b2fd1c68d25d4cdea
MRI\Proyecto 0522\MRI dietas females\20241001_141059_jrc241001_m106_0522_1_1\8\pdata\1\id,notregistered:no-recon,AE-biomaGUNE-0522,"placeholder ACQ-20241001-MRI-100 of exam 20241001_141059_jrc241001_m106_0522_1_1/8: production holds no DICOM (pending_dicom_regen no-source) and retires it (Ryan 2026-10-08); the drive holds k-space and parameters, no reconstruction, kept here",,238963dc4c60d657c5c35806e513e39b13d952969d00fd41ceb1eb124aa32c57
MRI\Proyecto 0522\MRI dietas females\20241001_141059_jrc241001_m106_0522_1_1\8\pdata\1\methreco,notregistered:no-recon,AE-biomaGUNE-0522,"placeholder ACQ-20241001-MRI-100 of exam 20241001_141059_jrc241001_m106_0522_1_1/8: production holds no DICOM (pending_dicom_regen no-source) and retires it (Ryan 2026-10-08); the drive holds k-space and parameters, no reconstruction, kept here",,60cbcd69aede569fb9be195caea0c3398680521e5debcca33ffcc0032d796167
MRI\Proyecto 0522\MRI dietas females\20241001_141059_jrc241001_m106_0522_1_1\8\pdata\1\reco,notregistered:no-recon,AE-biomaGUNE-0522,"placeholder ACQ-20241001-MRI-100 of exam 20241001_141059_jrc241001_m106_0522_1_1/8: production holds no DICOM (pending_dicom_regen no-source) and retires it (Ryan 2026-10-08); the drive holds k-space and parameters, no reconstruction, kept here",,bf4ba1dedf64230f80fc7aed951eeb59a7e8d2641fd91f77ed317f6dc45fdf9c
MRI\Proyecto 0522\MRI dietas females\20241001_141059_jrc241001_m106_0522_1_1\8\pulseprogram,notregistered:no-recon,AE-biomaGUNE-0522,"placeholder ACQ-20241001-MRI-100 of exam 20241001_141059_jrc241001_m106_0522_1_1/8: production holds no DICOM (pending_dicom_regen no-source) and retires it (Ryan 2026-10-08); the drive holds k-space and parameters, no reconstruction, kept here",,004f889e5771b9bb801522ae2af2e0db21f5849004f66bda4c1be438f50483e4
MRI\Proyecto 0522\MRI dietas females\20241001_141059_jrc241001_m106_0522_1_1\8\rawdata.job0,notregistered:no-recon,AE-biomaGUNE-0522,"placeholder ACQ-20241001-MRI-100 of exam 20241001_141059_jrc241001_m106_0522_1_1/8: production holds no DICOM (pending_dicom_regen no-source) and retires it (Ryan 2026-10-08); the drive holds k-space and parameters, no reconstruction, kept here",,a1404dff05b2dafc204c9c6c9a5450de5cfee32d21b925815a2cf5f2c47d271e
MRI\Proyecto 0522\MRI dietas females\20241001_141059_jrc241001_m106_0522_1_1\8\rawdata.job1,notregistered:no-recon,AE-biomaGUNE-0522,"placeholder ACQ-20241001-MRI-100 of exam 20241001_141059_jrc241001_m106_0522_1_1/8: production holds no DICOM (pending_dicom_regen no-source) and retires it (Ryan 2026-10-08); the drive holds k-space and parameters, no reconstruction, kept here",,5270944beb0a895b785bcc4e95938191eca67a04f8b18be1f188bdc2bda2a37e
MRI\Proyecto 0522\MRI dietas females\20241001_141059_jrc241001_m106_0522_1_1\8\specpar,notregistered:no-recon,AE-biomaGUNE-0522,"placeholder ACQ-20241001-MRI-100 of exam 20241001_141059_jrc241001_m106_0522_1_1/8: production holds no DICOM (pending_dicom_regen no-source) and retires it (Ryan 2026-10-08); the drive holds k-space and parameters, no reconstruction, kept here",,ea6d165aec030f8562577ba8878e42323ba3eaf0d0cedc427e459d21578a10c4
MRI\Proyecto 0522\MRI dietas females\20241001_141059_jrc241001_m106_0522_1_1\8\uxnmr.info,notregistered:no-recon,AE-biomaGUNE-0522,"placeholder ACQ-20241001-MRI-100 of exam 20241001_141059_jrc241001_m106_0522_1_1/8: production holds no DICOM (pending_dicom_regen no-source) and retires it (Ryan 2026-10-08); the drive holds k-space and parameters, no reconstruction, kept here",,619ebfdc4c82568a37ad51499cc1ade4d83f545ed948284eca87cd27427114e2
MRI\Proyecto 0522\MRI dietas females\20241001_141059_jrc241001_m106_0522_1_1\8\uxnmr.par,notregistered:no-recon,AE-biomaGUNE-0522,"placeholder ACQ-20241001-MRI-100 of exam 20241001_141059_jrc241001_m106_0522_1_1/8: production holds no DICOM (pending_dicom_regen no-source) and retires it (Ryan 2026-10-08); the drive holds k-space and parameters, no reconstruction, kept here",,618515ebcd5e33da8ff4556163ca8f3bab40ba6c4f054a5b902e9d2b0a86f620
MRI\Proyecto 0522\MRI dietas females\20241001_141059_jrc241001_m106_0522_1_1\8\visu_pars,notregistered:no-recon,AE-biomaGUNE-0522,"placeholder ACQ-20241001-MRI-100 of exam 20241001_141059_jrc241001_m106_0522_1_1/8: production holds no DICOM (pending_dicom_regen no-source) and retires it (Ryan 2026-10-08); the drive holds k-space and parameters, no reconstruction, kept here",,37e203005880e51b3addeaa99f202abc5d70e4556933dd15f8465576329fc240
biomaGUNE MJ\PAH diets_Proyecto 0619 & 0522 (female and male)\RAW DATA\MRI\MRI dietas females\20241001_141059_jrc241001_m106_0522_1_1\8\AdjStatePerScan,notregistered:no-recon,AE-biomaGUNE-0522,"placeholder ACQ-20241001-MRI-100 of exam 20241001_141059_jrc241001_m106_0522_1_1/8: production holds no DICOM (pending_dicom_regen no-source) and retires it (Ryan 2026-10-08); the drive holds k-space and parameters, no reconstruction, kept here",,901ea6b98c36f4a2c008a57a3525f016a66df999ebc3a01bd69d1f4c3abb4eeb
biomaGUNE MJ\PAH diets_Proyecto 0619 & 0522 (female and male)\RAW DATA\MRI\MRI dietas females\20241001_141059_jrc241001_m106_0522_1_1\8\acqp,notregistered:no-recon,AE-biomaGUNE-0522,"placeholder ACQ-20241001-MRI-100 of exam 20241001_141059_jrc241001_m106_0522_1_1/8: production holds no DICOM (pending_dicom_regen no-source) and retires it (Ryan 2026-10-08); the drive holds k-space and parameters, no reconstruction, kept here",,05912331c0d76d30fe799e7a0b30e08e088651ce6d8f95c5721e1a1a8d7c40e8
biomaGUNE MJ\PAH diets_Proyecto 0619 & 0522 (female and male)\RAW DATA\MRI\MRI dietas females\20241001_141059_jrc241001_m106_0522_1_1\8\configscan,notregistered:no-recon,AE-biomaGUNE-0522,"placeholder ACQ-20241001-MRI-100 of exam 20241001_141059_jrc241001_m106_0522_1_1/8: production holds no DICOM (pending_dicom_regen no-source) and retires it (Ryan 2026-10-08); the drive holds k-space and parameters, no reconstruction, kept here",,1939cf6c64fdcbb5832b7a00e84a0888baf7497f1c41d9d2abb220f0e5406e5b
biomaGUNE MJ\PAH diets_Proyecto 0619 & 0522 (female and male)\RAW DATA\MRI\MRI dietas females\20241001_141059_jrc241001_m106_0522_1_1\8\method,notregistered:no-recon,AE-biomaGUNE-0522,"placeholder ACQ-20241001-MRI-100 of exam 20241001_141059_jrc241001_m106_0522_1_1/8: production holds no DICOM (pending_dicom_regen no-source) and retires it (Ryan 2026-10-08); the drive holds k-space and parameters, no reconstruction, kept here",,d987725cac16e6252380c634386b281a9db4fdee6c52d68b2fd1c68d25d4cdea
biomaGUNE MJ\PAH diets_Proyecto 0619 & 0522 (female and male)\RAW DATA\MRI\MRI dietas females\20241001_141059_jrc241001_m106_0522_1_1\8\pdata\1\id,notregistered:no-recon,AE-biomaGUNE-0522,"placeholder ACQ-20241001-MRI-100 of exam 20241001_141059_jrc241001_m106_0522_1_1/8: production holds no DICOM (pending_dicom_regen no-source) and retires it (Ryan 2026-10-08); the drive holds k-space and parameters, no reconstruction, kept here",,238963dc4c60d657c5c35806e513e39b13d952969d00fd41ceb1eb124aa32c57
biomaGUNE MJ\PAH diets_Proyecto 0619 & 0522 (female and male)\RAW DATA\MRI\MRI dietas females\20241001_141059_jrc241001_m106_0522_1_1\8\pdata\1\methreco,notregistered:no-recon,AE-biomaGUNE-0522,"placeholder ACQ-20241001-MRI-100 of exam 20241001_141059_jrc241001_m106_0522_1_1/8: production holds no DICOM (pending_dicom_regen no-source) and retires it (Ryan 2026-10-08); the drive holds k-space and parameters, no reconstruction, kept here",,60cbcd69aede569fb9be195caea0c3398680521e5debcca33ffcc0032d796167
biomaGUNE MJ\PAH diets_Proyecto 0619 & 0522 (female and male)\RAW DATA\MRI\MRI dietas females\20241001_141059_jrc241001_m106_0522_1_1\8\pdata\1\reco,notregistered:no-recon,AE-biomaGUNE-0522,"placeholder ACQ-20241001-MRI-100 of exam 20241001_141059_jrc241001_m106_0522_1_1/8: production holds no DICOM (pending_dicom_regen no-source) and retires it (Ryan 2026-10-08); the drive holds k-space and parameters, no reconstruction, kept here",,bf4ba1dedf64230f80fc7aed951eeb59a7e8d2641fd91f77ed317f6dc45fdf9c
biomaGUNE MJ\PAH diets_Proyecto 0619 & 0522 (female and male)\RAW DATA\MRI\MRI dietas females\20241001_141059_jrc241001_m106_0522_1_1\8\pulseprogram,notregistered:no-recon,AE-biomaGUNE-0522,"placeholder ACQ-20241001-MRI-100 of exam 20241001_141059_jrc241001_m106_0522_1_1/8: production holds no DICOM (pending_dicom_regen no-source) and retires it (Ryan 2026-10-08); the drive holds k-space and parameters, no reconstruction, kept here",,004f889e5771b9bb801522ae2af2e0db21f5849004f66bda4c1be438f50483e4
biomaGUNE MJ\PAH diets_Proyecto 0619 & 0522 (female and male)\RAW DATA\MRI\MRI dietas females\20241001_141059_jrc241001_m106_0522_1_1\8\rawdata.job0,notregistered:no-recon,AE-biomaGUNE-0522,"placeholder ACQ-20241001-MRI-100 of exam 20241001_141059_jrc241001_m106_0522_1_1/8: production holds no DICOM (pending_dicom_regen no-source) and retires it (Ryan 2026-10-08); the drive holds k-space and parameters, no reconstruction, kept here",,a1404dff05b2dafc204c9c6c9a5450de5cfee32d21b925815a2cf5f2c47d271e
biomaGUNE MJ\PAH diets_Proyecto 0619 & 0522 (female and male)\RAW DATA\MRI\MRI dietas females\20241001_141059_jrc241001_m106_0522_1_1\8\rawdata.job1,notregistered:no-recon,AE-biomaGUNE-0522,"placeholder ACQ-20241001-MRI-100 of exam 20241001_141059_jrc241001_m106_0522_1_1/8: production holds no DICOM (pending_dicom_regen no-source) and retires it (Ryan 2026-10-08); the drive holds k-space and parameters, no reconstruction, kept here",,5270944beb0a895b785bcc4e95938191eca67a04f8b18be1f188bdc2bda2a37e
biomaGUNE MJ\PAH diets_Proyecto 0619 & 0522 (female and male)\RAW DATA\MRI\MRI dietas females\20241001_141059_jrc241001_m106_0522_1_1\8\specpar,notregistered:no-recon,AE-biomaGUNE-0522,"placeholder ACQ-20241001-MRI-100 of exam 20241001_141059_jrc241001_m106_0522_1_1/8: production holds no DICOM (pending_dicom_regen no-source) and retires it (Ryan 2026-10-08); the drive holds k-space and parameters, no reconstruction, kept here",,ea6d165aec030f8562577ba8878e42323ba3eaf0d0cedc427e459d21578a10c4
biomaGUNE MJ\PAH diets_Proyecto 0619 & 0522 (female and male)\RAW DATA\MRI\MRI dietas females\20241001_141059_jrc241001_m106_0522_1_1\8\uxnmr.info,notregistered:no-recon,AE-biomaGUNE-0522,"placeholder ACQ-20241001-MRI-100 of exam 20241001_141059_jrc241001_m106_0522_1_1/8: production holds no DICOM (pending_dicom_regen no-source) and retires it (Ryan 2026-10-08); the drive holds k-space and parameters, no reconstruction, kept here",,619ebfdc4c82568a37ad51499cc1ade4d83f545ed948284eca87cd27427114e2
biomaGUNE MJ\PAH diets_Proyecto 0619 & 0522 (female and male)\RAW DATA\MRI\MRI dietas females\20241001_141059_jrc241001_m106_0522_1_1\8\uxnmr.par,notregistered:no-recon,AE-biomaGUNE-0522,"placeholder ACQ-20241001-MRI-100 of exam 20241001_141059_jrc241001_m106_0522_1_1/8: production holds no DICOM (pending_dicom_regen no-source) and retires it (Ryan 2026-10-08); the drive holds k-space and parameters, no reconstruction, kept here",,618515ebcd5e33da8ff4556163ca8f3bab40ba6c4f054a5b902e9d2b0a86f620
biomaGUNE MJ\PAH diets_Proyecto 0619 & 0522 (female and male)\RAW DATA\MRI\MRI dietas females\20241001_141059_jrc241001_m106_0522_1_1\8\visu_pars,notregistered:no-recon,AE-biomaGUNE-0522,"placeholder ACQ-20241001-MRI-100 of exam 20241001_141059_jrc241001_m106_0522_1_1/8: production holds no DICOM (pending_dicom_regen no-source) and retires it (Ryan 2026-10-08); the drive holds k-space and parameters, no reconstruction, kept here",,37e203005880e51b3addeaa99f202abc5d70e4556933dd15f8465576329fc240
biomaGUNE MJ\Bleomicina Mice_Proyecto 1123\Raw data\MRI\20241010_092822_jrc241010_m29_1123_1_1\8\AdjStatePerScan,notregistered:no-recon,AE-biomaGUNE-1123,"placeholder ACQ-20241010-MRI-104 of exam 20241010_092822_jrc241010_m29_1123_1_1/8: production holds no DICOM (pending_dicom_regen no-source) and retires it (Ryan 2026-10-08); the drive holds k-space and parameters, no reconstruction, kept here",,127e4ff5229b6bc5f3acc359f851a866509c3eb033f5ed34df212fe16b16241c
biomaGUNE MJ\Bleomicina Mice_Proyecto 1123\Raw data\MRI\20241010_092822_jrc241010_m29_1123_1_1\8\acqp,notregistered:no-recon,AE-biomaGUNE-1123,"placeholder ACQ-20241010-MRI-104 of exam 20241010_092822_jrc241010_m29_1123_1_1/8: production holds no DICOM (pending_dicom_regen no-source) and retires it (Ryan 2026-10-08); the drive holds k-space and parameters, no reconstruction, kept here",,a9975ea62babcf0453ca14ec3eca4d9fbcfa8b7c853028dfc3dde632442fe864
biomaGUNE MJ\Bleomicina Mice_Proyecto 1123\Raw data\MRI\20241010_092822_jrc241010_m29_1123_1_1\8\configscan,notregistered:no-recon,AE-biomaGUNE-1123,"placeholder ACQ-20241010-MRI-104 of exam 20241010_092822_jrc241010_m29_1123_1_1/8: production holds no DICOM (pending_dicom_regen no-source) and retires it (Ryan 2026-10-08); the drive holds k-space and parameters, no reconstruction, kept here",,b208218f9a6e60582fed3bdbc5bb574f3d960572cc3ab8d67a0dd1b45ed71f56
biomaGUNE MJ\Bleomicina Mice_Proyecto 1123\Raw data\MRI\20241010_092822_jrc241010_m29_1123_1_1\8\method,notregistered:no-recon,AE-biomaGUNE-1123,"placeholder ACQ-20241010-MRI-104 of exam 20241010_092822_jrc241010_m29_1123_1_1/8: production holds no DICOM (pending_dicom_regen no-source) and retires it (Ryan 2026-10-08); the drive holds k-space and parameters, no reconstruction, kept here",,c297b221cb6e5ee98792f8bc489791874b2b286175cc1213a45e43f0dfdadaec
biomaGUNE MJ\Bleomicina Mice_Proyecto 1123\Raw data\MRI\20241010_092822_jrc241010_m29_1123_1_1\8\pdata\1\id,notregistered:no-recon,AE-biomaGUNE-1123,"placeholder ACQ-20241010-MRI-104 of exam 20241010_092822_jrc241010_m29_1123_1_1/8: production holds no DICOM (pending_dicom_regen no-source) and retires it (Ryan 2026-10-08); the drive holds k-space and parameters, no reconstruction, kept here",,11f856307be911655a049fcd9198777f01e6b077be783199b39da94c7c40784d
biomaGUNE MJ\Bleomicina Mice_Proyecto 1123\Raw data\MRI\20241010_092822_jrc241010_m29_1123_1_1\8\pdata\1\methreco,notregistered:no-recon,AE-biomaGUNE-1123,"placeholder ACQ-20241010-MRI-104 of exam 20241010_092822_jrc241010_m29_1123_1_1/8: production holds no DICOM (pending_dicom_regen no-source) and retires it (Ryan 2026-10-08); the drive holds k-space and parameters, no reconstruction, kept here",,0444a27ad39ce61665a37bd7447f2689625016d287fac1ee93b8dd996e57618a
biomaGUNE MJ\Bleomicina Mice_Proyecto 1123\Raw data\MRI\20241010_092822_jrc241010_m29_1123_1_1\8\pdata\1\reco,notregistered:no-recon,AE-biomaGUNE-1123,"placeholder ACQ-20241010-MRI-104 of exam 20241010_092822_jrc241010_m29_1123_1_1/8: production holds no DICOM (pending_dicom_regen no-source) and retires it (Ryan 2026-10-08); the drive holds k-space and parameters, no reconstruction, kept here",,5d7418c3c58caf157f2d1bb130cafa1f8c7418f1f030d8e2e0a51d1a202fbac8
biomaGUNE MJ\Bleomicina Mice_Proyecto 1123\Raw data\MRI\20241010_092822_jrc241010_m29_1123_1_1\8\pulseprogram,notregistered:no-recon,AE-biomaGUNE-1123,"placeholder ACQ-20241010-MRI-104 of exam 20241010_092822_jrc241010_m29_1123_1_1/8: production holds no DICOM (pending_dicom_regen no-source) and retires it (Ryan 2026-10-08); the drive holds k-space and parameters, no reconstruction, kept here",,004f889e5771b9bb801522ae2af2e0db21f5849004f66bda4c1be438f50483e4
biomaGUNE MJ\Bleomicina Mice_Proyecto 1123\Raw data\MRI\20241010_092822_jrc241010_m29_1123_1_1\8\rawdata.job0,notregistered:no-recon,AE-biomaGUNE-1123,"placeholder ACQ-20241010-MRI-104 of exam 20241010_092822_jrc241010_m29_1123_1_1/8: production holds no DICOM (pending_dicom_regen no-source) and retires it (Ryan 2026-10-08); the drive holds k-space and parameters, no reconstruction, kept here",,01494a94f901d6ad16e74529591cdd1b048593f6ba615963a8f03065e1af9b53
biomaGUNE MJ\Bleomicina Mice_Proyecto 1123\Raw data\MRI\20241010_092822_jrc241010_m29_1123_1_1\8\rawdata.job1,notregistered:no-recon,AE-biomaGUNE-1123,"placeholder ACQ-20241010-MRI-104 of exam 20241010_092822_jrc241010_m29_1123_1_1/8: production holds no DICOM (pending_dicom_regen no-source) and retires it (Ryan 2026-10-08); the drive holds k-space and parameters, no reconstruction, kept here",,57f4be48613b909c2e848ca79c129c2e539922a6e21dbcb4a5c5a0ee50459080
biomaGUNE MJ\Bleomicina Mice_Proyecto 1123\Raw data\MRI\20241010_092822_jrc241010_m29_1123_1_1\8\specpar,notregistered:no-recon,AE-biomaGUNE-1123,"placeholder ACQ-20241010-MRI-104 of exam 20241010_092822_jrc241010_m29_1123_1_1/8: production holds no DICOM (pending_dicom_regen no-source) and retires it (Ryan 2026-10-08); the drive holds k-space and parameters, no reconstruction, kept here",,ea6d165aec030f8562577ba8878e42323ba3eaf0d0cedc427e459d21578a10c4
biomaGUNE MJ\Bleomicina Mice_Proyecto 1123\Raw data\MRI\20241010_092822_jrc241010_m29_1123_1_1\8\uxnmr.info,notregistered:no-recon,AE-biomaGUNE-1123,"placeholder ACQ-20241010-MRI-104 of exam 20241010_092822_jrc241010_m29_1123_1_1/8: production holds no DICOM (pending_dicom_regen no-source) and retires it (Ryan 2026-10-08); the drive holds k-space and parameters, no reconstruction, kept here",,619ebfdc4c82568a37ad51499cc1ade4d83f545ed948284eca87cd27427114e2
biomaGUNE MJ\Bleomicina Mice_Proyecto 1123\Raw data\MRI\20241010_092822_jrc241010_m29_1123_1_1\8\uxnmr.par,notregistered:no-recon,AE-biomaGUNE-1123,"placeholder ACQ-20241010-MRI-104 of exam 20241010_092822_jrc241010_m29_1123_1_1/8: production holds no DICOM (pending_dicom_regen no-source) and retires it (Ryan 2026-10-08); the drive holds k-space and parameters, no reconstruction, kept here",,618515ebcd5e33da8ff4556163ca8f3bab40ba6c4f054a5b902e9d2b0a86f620
biomaGUNE MJ\Bleomicina Mice_Proyecto 1123\Raw data\MRI\20241010_092822_jrc241010_m29_1123_1_1\8\visu_pars,notregistered:no-recon,AE-biomaGUNE-1123,"placeholder ACQ-20241010-MRI-104 of exam 20241010_092822_jrc241010_m29_1123_1_1/8: production holds no DICOM (pending_dicom_regen no-source) and retires it (Ryan 2026-10-08); the drive holds k-space and parameters, no reconstruction, kept here",,a4d327da4b3bbd07ea5797162a9018eef67476d466609ff628c73d34066c385c
biomaGUNE MJ\Bleomicina Mice_Proyecto 1123\Raw data\MRI\20241011_093242_jrc241011_m24_1123_1_1\900000\acqp,notregistered:non-image,AE-biomaGUNE-1123,"placeholder ACQ-20260614-MRI-007 of exam 20241011_093242_jrc241011_m24_1123_1_1/900000: production holds no DICOM (pending_dicom_regen not-applicable) and retires it (Ryan 2026-10-08); the drive holds an adjustment scan (WOBBLE), not an image, kept here",,9ca6419d4211acc87d4dc1f4f89ec639d1466cf948c7db4e86e642507130f0a2
biomaGUNE MJ\Bleomicina Mice_Proyecto 1123\Raw data\MRI\20241011_093242_jrc241011_m24_1123_1_1\900000\configscan,notregistered:non-image,AE-biomaGUNE-1123,"placeholder ACQ-20260614-MRI-007 of exam 20241011_093242_jrc241011_m24_1123_1_1/900000: production holds no DICOM (pending_dicom_regen not-applicable) and retires it (Ryan 2026-10-08); the drive holds an adjustment scan (WOBBLE), not an image, kept here",,993b36dcc9e43d0136d4ece7b15780e518f088f8ed34f398d57d5d11cc639c78
biomaGUNE MJ\Bleomicina Mice_Proyecto 1123\Raw data\MRI\20241011_093242_jrc241011_m24_1123_1_1\900000\fq1list,notregistered:non-image,AE-biomaGUNE-1123,"placeholder ACQ-20260614-MRI-007 of exam 20241011_093242_jrc241011_m24_1123_1_1/900000: production holds no DICOM (pending_dicom_regen not-applicable) and retires it (Ryan 2026-10-08); the drive holds an adjustment scan (WOBBLE), not an image, kept here",,ec0e9ab44d3099550fa0c5f4827e5ae5a42e09fc87d9562c3ae3417372a852cf
biomaGUNE MJ\Bleomicina Mice_Proyecto 1123\Raw data\MRI\20241011_093242_jrc241011_m24_1123_1_1\900000\method,notregistered:non-image,AE-biomaGUNE-1123,"placeholder ACQ-20260614-MRI-007 of exam 20241011_093242_jrc241011_m24_1123_1_1/900000: production holds no DICOM (pending_dicom_regen not-applicable) and retires it (Ryan 2026-10-08); the drive holds an adjustment scan (WOBBLE), not an image, kept here",,4be611dae9e5c8068cf02a68e0ba5c37de06f7c739ee1d11dfe8fb024e1f6aaf
biomaGUNE MJ\Bleomicina Mice_Proyecto 1123\Raw data\MRI\20241011_093242_jrc241011_m24_1123_1_1\900000\pdata\1\id,notregistered:non-image,AE-biomaGUNE-1123,"placeholder ACQ-20260614-MRI-007 of exam 20241011_093242_jrc241011_m24_1123_1_1/900000: production holds no DICOM (pending_dicom_regen not-applicable) and retires it (Ryan 2026-10-08); the drive holds an adjustment scan (WOBBLE), not an image, kept here",,45516f9248c0c2fbecc3baa94ede97f8a29ca9e8f4116a3d6a0985e8515940c0
biomaGUNE MJ\Bleomicina Mice_Proyecto 1123\Raw data\MRI\20241011_093242_jrc241011_m24_1123_1_1\900000\pdata\1\reco,notregistered:non-image,AE-biomaGUNE-1123,"placeholder ACQ-20260614-MRI-007 of exam 20241011_093242_jrc241011_m24_1123_1_1/900000: production holds no DICOM (pending_dicom_regen not-applicable) and retires it (Ryan 2026-10-08); the drive holds an adjustment scan (WOBBLE), not an image, kept here",,1ed3abb53cd15f535693cd83991d8271697d4dc675bba9b8572556b4320bf4fc
biomaGUNE MJ\Bleomicina Mice_Proyecto 1123\Raw data\MRI\20241011_093242_jrc241011_m24_1123_1_1\900000\specpar,notregistered:non-image,AE-biomaGUNE-1123,"placeholder ACQ-20260614-MRI-007 of exam 20241011_093242_jrc241011_m24_1123_1_1/900000: production holds no DICOM (pending_dicom_regen not-applicable) and retires it (Ryan 2026-10-08); the drive holds an adjustment scan (WOBBLE), not an image, kept here",,ea6d165aec030f8562577ba8878e42323ba3eaf0d0cedc427e459d21578a10c4
biomaGUNE MJ\Bleomicina Mice_Proyecto 1123\Raw data\MRI\20241011_093242_jrc241011_m24_1123_1_1\900000\uxnmr.info,notregistered:non-image,AE-biomaGUNE-1123,"placeholder ACQ-20260614-MRI-007 of exam 20241011_093242_jrc241011_m24_1123_1_1/900000: production holds no DICOM (pending_dicom_regen not-applicable) and retires it (Ryan 2026-10-08); the drive holds an adjustment scan (WOBBLE), not an image, kept here",,619ebfdc4c82568a37ad51499cc1ade4d83f545ed948284eca87cd27427114e2
biomaGUNE MJ\Bleomicina Mice_Proyecto 1123\Raw data\MRI\20241011_093242_jrc241011_m24_1123_1_1\900000\uxnmr.par,notregistered:non-image,AE-biomaGUNE-1123,"placeholder ACQ-20260614-MRI-007 of exam 20241011_093242_jrc241011_m24_1123_1_1/900000: production holds no DICOM (pending_dicom_regen not-applicable) and retires it (Ryan 2026-10-08); the drive holds an adjustment scan (WOBBLE), not an image, kept here",,618515ebcd5e33da8ff4556163ca8f3bab40ba6c4f054a5b902e9d2b0a86f620
