group,member,role,name,relpath_or_acq_id,size,class,parent,parent_name,via,evidence,complete,complete_note,has_scalebar,plan_action,plan_note
CELL|2021-06-17T12:57:53,7a37882107c093043d6aef94392bae2640502ce505ab69023ca92a5b47136824,plan,R286_PR_heart.czi,Microscopio/Microscopio- MJesus Sanchez 2023/Male Diets/2DG Male 0619/5- 2DG Male 0619- PR/Heart/R286_PR_heart.czi,655996960,distinct,,,,a different stage position from every other member (XML scene centre); no tile payload is shared with any other member,Y,,False,keep,distinct
CELL|2021-06-17T12:57:53,dfebba49de1e4d7872306decc56052d09940a681be45b8628b7c5719da590c4d,plan,R286_PR_lung.czi,Microscopio/Microscopio- MJesus Sanchez 2023/Male Diets/2DG Male 0619/5- 2DG Male 0619- PR/Lung/R286_PR_lung.czi,862102080,distinct,,,,a different stage position from every other member (XML scene centre); no tile payload is shared with any other member,Y,,False,keep,distinct
CELL|2021-06-17T13:07:43,f0052a3835cc785b92c33340bc02a0cfdbf566b8cf8c77bdfefa2e1bf64af235,plan,R286_PR_heartPOL.czi,Microscopio/Microscopio- MJesus Sanchez 2023/Male Diets/2DG Male 0619/5- 2DG Male 0619- PR/Heart/R286_PR_heartPOL.czi,655706688,distinct,,,,a different stage position from every other member (XML scene centre); no tile payload is shared with any other member,Y,,False,keep,distinct
CELL|2021-06-17T13:07:43,d73f1d7c82b0092fe1d9e68ad36979e4a0ae69efec5c66ed1dbcc358e43dbf9f,plan,R286_PR_lungPOL.czi,Microscopio/Microscopio- MJesus Sanchez 2023/Male Diets/2DG Male 0619/5- 2DG Male 0619- PR/Lung/R286_PR_lungPOL.czi,862099232,distinct,,,,a different stage position from every other member (XML scene centre); no tile payload is shared with any other member,Y,,False,keep,distinct
CELL|2021-06-17T13:33:22,32a9856ffd2dde20cc5cdce2521e7f18c82e1c5dce9e977b8f4fe5b35294e4ac,plan,R287_PR_heart.czi,Microscopio/Microscopio- MJesus Sanchez 2023/Male Diets/2DG Male 0619/5- 2DG Male 0619- PR/Heart/R287_PR_heart.czi,844951104,distinct,,,,a different stage position from every other member (XML scene centre); no tile payload is shared with any other member,Y,,False,keep,distinct
CELL|2021-06-17T13:33:22,e71bfe52d92b807d14a3315ee7f56721bbc1264ba32f7f0e36131bf170c5fedb,plan,R287_PR_lung.czi,Microscopio/Microscopio- MJesus Sanchez 2023/Male Diets/2DG Male 0619/5- 2DG Male 0619- PR/Lung/R287_PR_lung.czi,844949312,distinct,,,,a different stage position from every other member (XML scene centre); no tile payload is shared with any other member,Y,,False,keep,distinct
CELL|2021-06-17T14:05:12,d138defdf1ca3a0bb3bc84eb33f29cbc5a0545c269ac2e618326a7adf90e19d7,plan,R288_PR_heart.czi,Microscopio/Microscopio- MJesus Sanchez 2023/Male Diets/2DG Male 0619/5- 2DG Male 0619- PR/Heart/R288_PR_heart.czi,1125699264,distinct,,,,a different stage position from every other member (XML scene centre); no tile payload is shared with any other member,Y,,False,keep,distinct
CELL|2021-06-17T14:05:12,d6eb5f64fcadf701fa677f8f63436c3eb704dc0173c036999f69c18f562440e7,plan,R288_PR_lung.czi,Microscopio/Microscopio- MJesus Sanchez 2023/Male Diets/2DG Male 0619/5- 2DG Male 0619- PR/Lung/R288_PR_lung.czi,865275168,distinct,,,,a different stage position from every other member (XML scene centre); no tile payload is shared with any other member,Y,,False,keep,distinct
CELL|2021-06-17T14:11:51,9e9555d45eb12c12db4758557e8390a87fcae5f4aa0260008ecdec5889ea27fc,plan,R288_PR_heartPOL.czi,Microscopio/Microscopio- MJesus Sanchez 2023/Male Diets/2DG Male 0619/5- 2DG Male 0619- PR/Heart/R288_PR_heartPOL.czi,1125695872,distinct,,,,a different stage position from every other member (XML scene centre); no tile payload is shared with any other member,Y,,False,keep,distinct
CELL|2021-06-17T14:11:51,582984cc36f2881835213ea0fb9f1fbebd2670e80462328fbe452b73c2bed280,plan,R288_PR_lungPOL.czi,Microscopio/Microscopio- MJesus Sanchez 2023/Male Diets/2DG Male 0619/5- 2DG Male 0619- PR/Lung/R288_PR_lungPOL.czi,865270688,distinct,,,,a different stage position from every other member (XML scene centre); no tile payload is shared with any other member,Y,,False,keep,distinct
CELL|2021-06-17T14:26:00,eee778c6ac50d4daae6cc84f5b76e3481a3b6968e1453e244cf09007456021a8,plan,R289_PR_heart.czi,Microscopio/Microscopio- MJesus Sanchez 2023/Male Diets/2DG Male 0619/5- 2DG Male 0619- PR/Heart/R289_PR_heart.czi,892638368,distinct,,,,a different stage position from every other member (XML scene centre); no tile payload is shared with any other member,Y,,False,keep,distinct
CELL|2021-06-17T14:26:00,e78a0e3dcaadd682c37518cd771c8eea806c96b5bab7e89e95fa7bcb6c41e9d8,plan,R289_PR_lung.czi,Microscopio/Microscopio- MJesus Sanchez 2023/Male Diets/2DG Male 0619/5- 2DG Male 0619- PR/Lung/R289_PR_lung.czi,761665632,distinct,,,,a different stage position from every other member (XML scene centre); no tile payload is shared with any other member,Y,,False,keep,distinct
CELL|2021-06-17T14:37:08,9fa562e039fc1c52a4c7170533d1e353837cb7c307255e7cd5dedddf9860c606,plan,R289_PR_heartPOL.czi,Microscopio/Microscopio- MJesus Sanchez 2023/Male Diets/2DG Male 0619/5- 2DG Male 0619- PR/Heart/R289_PR_heartPOL.czi,892631552,distinct,,,,a different stage position from every other member (XML scene centre); no tile payload is shared with any other member,Y,,False,keep,distinct
CELL|2021-06-17T14:37:08,ff933c5c539fe3e02e4683c2e24e6edf8df11d80a5ff9268071f291551264b00,plan,R289_PR_lungPOL.czi,Microscopio/Microscopio- MJesus Sanchez 2023/Male Diets/2DG Male 0619/5- 2DG Male 0619- PR/Lung/R289_PR_lungPOL.czi,761662624,distinct,,,,a different stage position from every other member (XML scene centre); no tile payload is shared with any other member,Y,,False,keep,distinct
CELL|2021-06-17T15:00:37,b3d482c512f39e2db62d498a281de577a4456a60cb1369a0e4547e685a929184,plan,R290_PR_heart.czi,Microscopio/Microscopio- MJesus Sanchez 2023/Male Diets/2DG Male 0619/5- 2DG Male 0619- PR/Heart/R290_PR_heart.czi,654188992,distinct,,,,a different stage position from every other member (XML scene centre); no tile payload is shared with any other member,Y,,False,keep,distinct
CELL|2021-06-17T15:00:37,fb9336252534f5c6a071e6725d4f53810dcded529ecbce1125315a8ee1d63cf9,plan,R290_PR_lung.czi,Microscopio/Microscopio- MJesus Sanchez 2023/Male Diets/2DG Male 0619/5- 2DG Male 0619- PR/Lung/R290_PR_lung.czi,766300064,distinct,,,,a different stage position from every other member (XML scene centre); no tile payload is shared with any other member,Y,,False,keep,distinct
CELL|2021-06-17T15:07:13,d04048ed82111f4307423af1236cfe6975da3c87fe6c2727a78173709fff6304,plan,R290_PR_heartPOL.czi,Microscopio/Microscopio- MJesus Sanchez 2023/Male Diets/2DG Male 0619/5- 2DG Male 0619- PR/Heart/R290_PR_heartPOL.czi,654185920,distinct,,,,a different stage position from every other member (XML scene centre); no tile payload is shared with any other member,Y,,False,keep,distinct
CELL|2021-06-17T15:07:13,3f121889bfcd6ce3ae1c90639327b7a9f8f05b083818fe10673a94ffb39bc730,plan,R290_PR_lungPOL.czi,Microscopio/Microscopio- MJesus Sanchez 2023/Male Diets/2DG Male 0619/5- 2DG Male 0619- PR/Lung/R290_PR_lungPOL.czi,766299168,distinct,,,,a different stage position from every other member (XML scene centre); no tile payload is shared with any other member,Y,,False,keep,distinct
CELL|2021-06-17T15:24:57,cc63fad08b3a83861dfff7b10bdeb6291a253fe38ce3a94e6d14040d2ba39e60,plan,R291_PR_heart.czi,Microscopio/Microscopio- MJesus Sanchez 2023/Male Diets/2DG Male 0619/5- 2DG Male 0619- PR/Heart/R291_PR_heart.czi,737192544,distinct,,,,no tile of it is in another member and no tile of another member is in it,Y,,False,keep,distinct
CELL|2021-06-17T15:24:57,ddd6ed4843dc1b72e8779959a96d2a5841fee0d93d83c7bd90da80155a9773ed,plan,R291_PR_lung.czi,Microscopio/Microscopio- MJesus Sanchez 2023/Male Diets/2DG Male 0619/5- 2DG Male 0619- PR/Lung/R291_PR_lung.czi,887213120,distinct,,,,no tile of it is in another member and no tile of another member is in it,Y,,False,keep,distinct
CELL|2021-06-17T15:35:27,a6676c9df5cc382cf4b15c46911558f3edc14cd5bba4f8d18b8fb30feb03cf8c,plan,R291_PR_heartPOL.czi,Microscopio/Microscopio- MJesus Sanchez 2023/Male Diets/2DG Male 0619/5- 2DG Male 0619- PR/Heart/R291_PR_heartPOL.czi,736060736,distinct,,,,no tile of it is in another member and no tile of another member is in it,Y,,False,keep,distinct
CELL|2021-06-17T15:35:27,2f14997dd552b6129e7559eea03bcac43e54bb7c51f2c4581e987f394fe1ee5a,plan,R291_PR_lungPOL.czi,Microscopio/Microscopio- MJesus Sanchez 2023/Male Diets/2DG Male 0619/5- 2DG Male 0619- PR/Lung/R291_PR_lungPOL.czi,841613024,distinct,,,,no tile of it is in another member and no tile of another member is in it,Y,,False,keep,distinct
CELL|2021-06-21T07:41:10,d937c3ba6d481197bba14ad6d27ed5ed4e0402af239b43194555fb539cdbf0e3,plan,R294_PR_heart.czi,Microscopio/Microscopio- MJesus Sanchez 2023/Male Diets/2DG Male 0619/5- 2DG Male 0619- PR/Heart/R294_PR_heart.czi,735558144,distinct,,,,a different stage position from every other member (XML scene centre); no tile payload is shared with any other member,Y,,False,keep,distinct
CELL|2021-06-21T07:41:10,7d7fd7effb3a223a44ab05288e4f7efe9155ada14a93dcb17563c7a4d712fd2b,plan,R294_PR_lung.czi,Microscopio/Microscopio- MJesus Sanchez 2023/Male Diets/2DG Male 0619/5- 2DG Male 0619- PR/Lung/R294_PR_lung.czi,732204032,distinct,,,,a different stage position from every other member (XML scene centre); no tile payload is shared with any other member,Y,,False,keep,distinct
CELL|2021-06-21T07:49:18,2b0030f6dfa8b7e3cb3d40007dfc4fe816064a28002974bf9c92ea9a88bcc086,plan,R294_PR_heartPOL.czi,Microscopio/Microscopio- MJesus Sanchez 2023/Male Diets/2DG Male 0619/5- 2DG Male 0619- PR/Heart/R294_PR_heartPOL.czi,735554816,distinct,,,,a different stage position from every other member (XML scene centre); no tile payload is shared with any other member,Y,,False,keep,distinct
CELL|2021-06-21T07:49:18,b846406003e4f28acfa75edf9b75a8d33505f9899664e1ac477c5f395e033864,plan,R294_PR_lungPOL.czi,Microscopio/Microscopio- MJesus Sanchez 2023/Male Diets/2DG Male 0619/5- 2DG Male 0619- PR/Lung/R294_PR_lungPOL.czi,732198080,distinct,,,,a different stage position from every other member (XML scene centre); no tile payload is shared with any other member,Y,,False,keep,distinct
CELL|2021-06-21T08:09:40,13817b8ecb3c5e462eaa880bd9752cf820f08d7403989f54765eae54492e406c,plan,R295_PR_heart.czi,Microscopio/Microscopio- MJesus Sanchez 2023/Male Diets/2DG Male 0619/5- 2DG Male 0619- PR/Heart/R295_PR_heart.czi,865515520,distinct,,,,no tile of it is in another member and no tile of another member is in it,Y,,False,keep,distinct
CELL|2021-06-21T08:09:40,fb7a55aec261d97e996c9abca1f1aae0277710e640c4ddc4845319ea1dff61cb,plan,R295_PR_lung.czi,Microscopio/Microscopio- MJesus Sanchez 2023/Male Diets/2DG Male 0619/5- 2DG Male 0619- PR/Lung/R295_PR_lung.czi,771304640,distinct,,,,no tile of it is in another member and no tile of another member is in it,Y,,False,keep,distinct
CELL|2021-06-21T08:31:48,c702f182f25bd6106c88436a347c19280e3db8ca021d9f439e0c2fbd7e7430f6,plan,R295_PR_heartPOL.czi,Microscopio/Microscopio- MJesus Sanchez 2023/Male Diets/2DG Male 0619/5- 2DG Male 0619- PR/Heart/R295_PR_heartPOL.czi,865511520,distinct,,,,no tile of it is in another member and no tile of another member is in it,Y,,False,keep,distinct
CELL|2021-06-21T08:31:48,dedf70c7862ab8ae3b15f83a996b856d038a828a60b8c16782612c0f2c731c8f,plan,R295_PR_lungPOL.czi,Microscopio/Microscopio- MJesus Sanchez 2023/Male Diets/2DG Male 0619/5- 2DG Male 0619- PR/Lung/R295_PR_lungPOL.czi,771282336,distinct,,,,no tile of it is in another member and no tile of another member is in it,Y,,False,keep,distinct
CELL|2021-06-21T08:48:56,9a0bf363ee94886c7c5b3200de766e7f6a9cfe3ff5dd6a8e70bd857012550366,plan,R296_PR_heart.czi,Microscopio/Microscopio- MJesus Sanchez 2023/Male Diets/2DG Male 0619/5- 2DG Male 0619- PR/Heart/R296_PR_heart.czi,746214624,distinct,,,,a different stage position from every other member (XML scene centre); no tile payload is shared with any other member,Y,,False,keep,distinct
CELL|2021-06-21T08:48:56,9090332b767406f9e966d98d23119d7d0014f5aae260106fcbf2ecd8bd876503,plan,R296_PR_lung.czi,Microscopio/Microscopio- MJesus Sanchez 2023/Male Diets/2DG Male 0619/5- 2DG Male 0619- PR/Lung/R296_PR_lung.czi,823469728,distinct,,,,a different stage position from every other member (XML scene centre); no tile payload is shared with any other member,Y,,False,keep,distinct
CELL|2021-06-21T08:55:38,2b937bff335023a3d72111cc3285656cd8487c86c18b27f7001f9fe8f996c0e3,plan,R296_PR_heartPOL.czi,Microscopio/Microscopio- MJesus Sanchez 2023/Male Diets/2DG Male 0619/5- 2DG Male 0619- PR/Heart/R296_PR_heartPOL.czi,746214016,distinct,,,,a different stage position from every other member (XML scene centre); no tile payload is shared with any other member,Y,,False,keep,distinct
CELL|2021-06-21T08:55:38,7241e5129273a811850e25e7122f7c2cbcd4c69834a61d35eb29db01a990069a,plan,R296_PR_lungPOL.czi,Microscopio/Microscopio- MJesus Sanchez 2023/Male Diets/2DG Male 0619/5- 2DG Male 0619- PR/Lung/R296_PR_lungPOL.czi,823462624,distinct,,,,a different stage position from every other member (XML scene centre); no tile payload is shared with any other member,Y,,False,keep,distinct
CELL|2021-06-21T09:21:35,beb9e638fe4f88619032b49012ba56c2f6dab987f89b30d197fb6a26a5ae3358,plan,R297_PR_heart.czi,Microscopio/Microscopio- MJesus Sanchez 2023/Male Diets/2DG Male 0619/5- 2DG Male 0619- PR/Heart/R297_PR_heart.czi,699839584,distinct,,,,no tile of it is in another member and no tile of another member is in it,Y,,False,keep,distinct
CELL|2021-06-21T09:21:35,c3598323dce2bbf825574b8d6b05e6194aa5080861d67a81e71453a94ec67364,plan,R297_PR_lung.czi,Microscopio/Microscopio- MJesus Sanchez 2023/Male Diets/2DG Male 0619/5- 2DG Male 0619- PR/Lung/R297_PR_lung.czi,805422336,distinct,,,,no tile of it is in another member and no tile of another member is in it,Y,,False,keep,distinct
CELL|2021-06-21T09:27:54,e80dece7ba35486baddda00666e5c68ec7096e0177f9a796071e45724cdb43b5,plan,R297_PR_heartPOL.czi,Microscopio/Microscopio- MJesus Sanchez 2023/Male Diets/2DG Male 0619/5- 2DG Male 0619- PR/Heart/R297_PR_heartPOL.czi,699815296,distinct,,,,no tile of it is in another member and no tile of another member is in it,Y,,False,keep,distinct
CELL|2021-06-21T09:27:54,435ffb960903c33eb7c30b28788f3e02774a0f11d6ab61093371ac005795f2a3,plan,R297_PR_lungPOL.czi,Microscopio/Microscopio- MJesus Sanchez 2023/Male Diets/2DG Male 0619/5- 2DG Male 0619- PR/Lung/R297_PR_lungPOL.czi,805403200,distinct,,,,no tile of it is in another member and no tile of another member is in it,Y,,False,keep,distinct
CELL|2021-06-23T10:36:39,8ca2016722c1faac54f53180cbf0ea0fae1a443b49bcd2b3e8b717337cce0ef0,plan,R292_PR_heart.czi,Microscopio/Microscopio- MJesus Sanchez 2023/Male Diets/2DG Male 0619/5- 2DG Male 0619- PR/Heart/R292_PR_heart.czi,956642240,distinct,,,,a different stage position from every other member (XML scene centre); no tile payload is shared with any other member,Y,,False,keep,distinct
CELL|2021-06-23T10:36:39,01f6f1139de595bb630659d94271066c491960368e863c757752be4bcec4e557,plan,R292_PR_lung.czi,Microscopio/Microscopio- MJesus Sanchez 2023/Male Diets/2DG Male 0619/5- 2DG Male 0619- PR/Lung/R292_PR_lung.czi,806988448,distinct,,,,a different stage position from every other member (XML scene centre); no tile payload is shared with any other member,Y,,False,keep,distinct
CELL|2021-06-23T10:43:46,1c9c6a56e025a3629c2bd02c1bafc331ebe470330859c6e439e15c30125a0648,plan,R292_PR_heart_POL.czi,Microscopio/Microscopio- MJesus Sanchez 2023/Male Diets/2DG Male 0619/5- 2DG Male 0619- PR/Heart/R292_PR_heart_POL.czi,956638816,distinct,,,,a different stage position from every other member (XML scene centre); no tile payload is shared with any other member,Y,,False,keep,distinct
CELL|2021-06-23T10:43:46,7f0be1f89b5c9beaa81d7bc93179e102e57a13628079eb9001b52677f9fb975c,plan,R292_PR_lung_POL.czi,Microscopio/Microscopio- MJesus Sanchez 2023/Male Diets/2DG Male 0619/5- 2DG Male 0619- PR/Lung/R292_PR_lung_POL.czi,806985536,distinct,,,,a different stage position from every other member (XML scene centre); no tile payload is shared with any other member,Y,,False,keep,distinct
CELL|2021-06-23T11:02:41,271604fb88b446d99ee6fe2b2bb7366f26f9de7c359236e6eabfe59b69e25dc6,plan,R293_PR_heart.czi,Microscopio/Microscopio- MJesus Sanchez 2023/Male Diets/2DG Male 0619/5- 2DG Male 0619- PR/Heart/R293_PR_heart.czi,1048008032,distinct,,,,a different stage position from every other member (XML scene centre); no tile payload is shared with any other member,Y,,False,keep,distinct
CELL|2021-06-23T11:02:41,6e11f54e5b724626034f60226327a40f34ed5914433bd035609cb8cccdcb0c2d,plan,R293_PR_lung.czi,Microscopio/Microscopio- MJesus Sanchez 2023/Male Diets/2DG Male 0619/5- 2DG Male 0619- PR/Lung/R293_PR_lung.czi,914844384,distinct,,,,a different stage position from every other member (XML scene centre); no tile payload is shared with any other member,Y,,False,keep,distinct
CELL|2021-06-23T11:10:15,8490aa15de07352e12e2220775ff8fc3be7379f99256820a26b175f492ee8d06,plan,R293_PR_heart_POL.czi,Microscopio/Microscopio- MJesus Sanchez 2023/Male Diets/2DG Male 0619/5- 2DG Male 0619- PR/Heart/R293_PR_heart_POL.czi,1048003904,distinct,,,,a different stage position from every other member (XML scene centre); no tile payload is shared with any other member,Y,,False,keep,distinct
CELL|2021-06-23T11:10:15,3210abc894fbfc656e5128a181c1b9664cf4481061695c5bcf6c3f70ed300d2e,plan,R293_PR_lung_POL.czi,Microscopio/Microscopio- MJesus Sanchez 2023/Male Diets/2DG Male 0619/5- 2DG Male 0619- PR/Lung/R293_PR_lung_POL.czi,914840896,distinct,,,,a different stage position from every other member (XML scene centre); no tile payload is shared with any other member,Y,,False,keep,distinct
CELL|2022-04-26T08:03:50,b3af8875f820b62a3e4054626cd5da2a6ce442ded33851c2d04b5f33b749d5ef,plan,ID17310XPRheart.czi,Microscopio/Microscopio- MJesus Sanchez 2023/Female Diets/3-KD female 0619/5- KD female 0619- PR/Heart/ID17310XPRheart.czi,413082688,distinct,,,,a different stage position from every other member (XML scene centre); no tile payload is shared with any other member,Y,,False,keep,distinct
CELL|2022-04-26T08:03:50,a6fed2afa2e92957be6504474beb32e393ef0851bcf4c518f3460ab8b3736292,plan,ID17310XPRlung.czi,Microscopio/Microscopio- MJesus Sanchez 2023/Female Diets/3-KD female 0619/5- KD female 0619- PR/Lung/ID17310XPRlung.czi,760709280,distinct,,,,a different stage position from every other member (XML scene centre); no tile payload is shared with any other member,Y,,False,keep,distinct
CELL|2022-04-26T08:26:50,ca959b9e7aae3cea0fa20e9656bb874f31ec520920f479e8c5632aa09df8cd4c,plan,ID17310XPRheartPOL.czi,Microscopio/Microscopio- MJesus Sanchez 2023/Female Diets/3-KD female 0619/5- KD female 0619- PR/Heart/ID17310XPRheartPOL.czi,413081760,distinct,,,,a different stage position from every other member (XML scene centre); no tile payload is shared with any other member,Y,,False,keep,distinct
CELL|2022-04-26T08:26:50,34ddc24f978613766d227c4c9de54682a6958a1e4be9ba3534a094316698ec76,plan,ID17310XPRLungPOL.czi,Microscopio/Microscopio- MJesus Sanchez 2023/Female Diets/3-KD female 0619/5- KD female 0619- PR/Lung/ID17310XPRLungPOL.czi,760703776,distinct,,,,a different stage position from every other member (XML scene centre); no tile payload is shared with any other member,Y,,False,keep,distinct
CELL|2022-04-26T09:51:08,5442cfbee2d1ce2622afe6376e731baea105b5f566f0b55975408ac4e4f89ca2,plan,ID17510XPRheart.czi,Microscopio/Microscopio- MJesus Sanchez 2023/Female Diets/3-KD female 0619/5- KD female 0619- PR/Heart/ID17510XPRheart.czi,418791232,distinct,,,,a different stage position from every other member (XML scene centre); no tile payload is shared with any other member,Y,,False,keep,distinct
CELL|2022-04-26T09:51:08,8ea5c5cf6ef5d18ffa1426693d5937c9876c3bc64f79e629c28e92a94bff2873,plan,ID17510XPRlung.czi,Microscopio/Microscopio- MJesus Sanchez 2023/Female Diets/3-KD female 0619/5- KD female 0619- PR/Lung/ID17510XPRlung.czi,203133440,distinct,,,,a different stage position from every other member (XML scene centre); no tile payload is shared with any other member,Y,,False,keep,distinct
CELL|2022-04-26T09:58:10,db0a95c1af75aa6957f386c1124670288ec03eaf175dc011771f0a1acc911657,plan,ID17510XPRlungPOL.czi,Microscopio/Microscopio- MJesus Sanchez 2023/Female Diets/3-KD female 0619/5- KD female 0619- PR/Heart/ID17510XPRlungPOL.czi,228195456,distinct,,,,a different stage position from every other member (XML scene centre); no tile payload is shared with any other member,Y,,False,keep,distinct
CELL|2022-04-26T09:58:10,5c49c208d24f34364ef6b4fc3611fe4a84b1909698b4f59bbcd1408b328f7817,plan,ID17510XPRheartPOL.czi,Microscopio/Microscopio- MJesus Sanchez 2023/Female Diets/3-KD female 0619/5- KD female 0619- PR/Lung/ID17510XPRheartPOL.czi,418789600,distinct,,,,a different stage position from every other member (XML scene centre); no tile payload is shared with any other member,Y,,False,keep,distinct
CELL|2022-04-26T10:32:38,743fc32921442690a4b82c1e050087317fcc2778df679827520d10ddd87b5a94,plan,ID18510XPRheart.czi,Microscopio/Microscopio- MJesus Sanchez 2023/Female Diets/3-KD female 0619/5- KD female 0619- PR/Heart/ID18510XPRheart.czi,528421504,distinct,,,,no tile of it is in another member and no tile of another member is in it,Y,,False,keep,distinct
CELL|2022-04-26T10:32:38,90fe8f2b1a66cd5f512c8d2ff5c6f3de127c89d4b5071e9bb1305a0edc41c9b1,plan,ID18510XPRlung.czi,Microscopio/Microscopio- MJesus Sanchez 2023/Female Diets/3-KD female 0619/5- KD female 0619- PR/Lung/ID18510XPRlung.czi,652165984,distinct,,,,no tile of it is in another member and no tile of another member is in it,Y,,False,keep,distinct
CELL|2022-04-26T10:38:50,db4ab2f2c621ec45f3ea89b6f6c8d073747c410163078d7ae35a7b1cd40dd56f,plan,ID18510XPRheartPOL.czi,Microscopio/Microscopio- MJesus Sanchez 2023/Female Diets/3-KD female 0619/5- KD female 0619- PR/Heart/ID18510XPRheartPOL.czi,528429664,distinct,,,,no tile of it is in another member and no tile of another member is in it,Y,,False,keep,distinct
CELL|2022-04-26T10:38:50,e7d6674a7bb70453cd2d86a0e6c257a512a7b4a2593a96e1c3b7b0662d691e64,plan,ID18510XPRlungPOL.czi,Microscopio/Microscopio- MJesus Sanchez 2023/Female Diets/3-KD female 0619/5- KD female 0619- PR/Lung/ID18510XPRlungPOL.czi,630368704,distinct,,,,no tile of it is in another member and no tile of another member is in it,Y,,False,keep,distinct
CELL|2022-04-26T11:25:05,428f08e65037bfe02547395c07c87e9f5f2d3a13c75fbb882830d1bcf85e8d11,plan,ID18810XPRheartbis.czi,Microscopio/Microscopio- MJesus Sanchez 2023/Female Diets/3-KD female 0619/5- KD female 0619- PR/Heart/ID18810XPRheartbis.czi,662779328,distinct,,,,a different stage position from every other member (XML scene centre); no tile payload is shared with any other member,Y,,False,keep,distinct
CELL|2022-04-26T11:25:05,a6a74641bc96f51aa4f11c5c176fda7a380b86c37186c47cd18716ab5b2c6975,plan,ID18810XPRlungbis.czi,Microscopio/Microscopio- MJesus Sanchez 2023/Female Diets/3-KD female 0619/5- KD female 0619- PR/Lung/ID18810XPRlungbis.czi,658678432,distinct,,,,a different stage position from every other member (XML scene centre); no tile payload is shared with any other member,Y,,False,keep,distinct
CELL|2022-04-26T11:29:56,58ab16a6be60f9080d321d3e00fc5d22f58ee2a4f2dc294cb73d8c892972aeb6,plan,ID18810XPRheartbisPOL.czi,Microscopio/Microscopio- MJesus Sanchez 2023/Female Diets/3-KD female 0619/5- KD female 0619- PR/Heart/ID18810XPRheartbisPOL.czi,669076224,distinct,,,,a different stage position from every other member (XML scene centre); no tile payload is shared with any other member,Y,,False,keep,distinct
CELL|2022-04-26T11:29:56,6e0e5b6f8ee54151e5e36b7c83c71c2484f71755a0b1a9f8f5e81a95ace5d90e,plan,ID18810XPRlungbisPOL.czi,Microscopio/Microscopio- MJesus Sanchez 2023/Female Diets/3-KD female 0619/5- KD female 0619- PR/Lung/ID18810XPRlungbisPOL.czi,658706720,distinct,,,,a different stage position from every other member (XML scene centre); no tile payload is shared with any other member,Y,,False,keep,distinct
CELL|2022-04-26T11:47:29,06669cd322c9da0b0b85e88f1a3df6283101927137605653ffaf85b00d5e72db,plan,ID18910XPRheart.czi,Microscopio/Microscopio- MJesus Sanchez 2023/Female Diets/3-KD female 0619/5- KD female 0619- PR/Heart/ID18910XPRheart.czi,428928224,distinct,,,,a different stage position from every other member (XML scene centre); no tile payload is shared with any other member,Y,,False,keep,distinct
CELL|2022-04-26T11:47:29,9334111b8d92cfb302ad50701c52279833e61d29dc7d7d856a46b618efb59f99,plan,ID18910XPRlung.czi,Microscopio/Microscopio- MJesus Sanchez 2023/Female Diets/3-KD female 0619/5- KD female 0619- PR/Lung/ID18910XPRlung.czi,809026656,distinct,,,,a different stage position from every other member (XML scene centre); no tile payload is shared with any other member,Y,,False,keep,distinct
CELL|2022-04-26T11:53:04,683af0b0d6e77588a7d5defbbf3175c99cc518f71653bc5543b8284b8216b6f0,plan,ID18910XPRheartPOL.czi,Microscopio/Microscopio- MJesus Sanchez 2023/Female Diets/3-KD female 0619/5- KD female 0619- PR/Heart/ID18910XPRheartPOL.czi,428925056,distinct,,,,a different stage position from every other member (XML scene centre); no tile payload is shared with any other member,Y,,False,keep,distinct
CELL|2022-04-26T11:53:04,bdce8e9dc921f81e26d35d8b457799311900b00c1832fec6848186053ec48a6c,plan,ID18910XPRlungPOL.czi,Microscopio/Microscopio- MJesus Sanchez 2023/Female Diets/3-KD female 0619/5- KD female 0619- PR/Lung/ID18910XPRlungPOL.czi,809023776,distinct,,,,a different stage position from every other member (XML scene centre); no tile payload is shared with any other member,Y,,False,keep,distinct
CELL|2022-04-27T09:30:46,81929cdc821c82fa4100d192ae464681a1243f1464c398aa6d00ec8b73518b6e,plan,ID18010XPRheart.czi,Microscopio/Microscopio- MJesus Sanchez 2023/Female Diets/4-HCH female 0619/5- HCH female 061- PR/Heart/ID18010XPRheart.czi,372503904,distinct,,,,a different stage position from every other member (XML scene centre); no tile payload is shared with any other member,Y,,False,keep,distinct
CELL|2022-04-27T09:30:46,aa5c8cb6ea658586523b9e426cec6572da7704a8c2fa4c2c4ed413693dfd97ab,plan,ID18010XPRlung.czi,Microscopio/Microscopio- MJesus Sanchez 2023/Female Diets/4-HCH female 0619/5- HCH female 061- PR/Lung/ID18010XPRlung.czi,580652096,distinct,,,,a different stage position from every other member (XML scene centre); no tile payload is shared with any other member,Y,,False,keep,distinct
CELL|2022-04-27T09:37:03,41e00ddb5dde7b10c528c2d005e02a0f2ae9d6bfffb7d46db77cd876c1268860,plan,ID18010XPRheartPOL.czi,Microscopio/Microscopio- MJesus Sanchez 2023/Female Diets/4-HCH female 0619/5- HCH female 061- PR/Heart/ID18010XPRheartPOL.czi,331177760,distinct,,,,a different stage position from every other member (XML scene centre); no tile payload is shared with any other member,Y,,False,keep,distinct
CELL|2022-04-27T09:37:03,6d1e0d8264d2b9795a7b6da1f2ce08f7b2538a5da877db3b842cf11f80bbaa31,plan,ID18010XPRlungPOL.czi,Microscopio/Microscopio- MJesus Sanchez 2023/Female Diets/4-HCH female 0619/5- HCH female 061- PR/Lung/ID18010XPRlungPOL.czi,580636448,distinct,,,,a different stage position from every other member (XML scene centre); no tile payload is shared with any other member,Y,,False,keep,distinct
CELL|2022-04-27T09:59:24,ef50fb1cf11e8279fd15d6c24377cb8868e086d175b639103c523ad10db8c416,plan,ID18110XPRheart.czi,Microscopio/Microscopio- MJesus Sanchez 2023/Female Diets/4-HCH female 0619/5- HCH female 061- PR/Heart/ID18110XPRheart.czi,410496000,distinct,,,,no tile of it is in another member and no tile of another member is in it,Y,,False,keep,distinct
CELL|2022-04-27T09:59:24,f175c27497d0a0efcebf2c40f6a0560b484b1d0840c0d146856f4820c5bf2105,plan,ID18110XPRlung.czi,Microscopio/Microscopio- MJesus Sanchez 2023/Female Diets/4-HCH female 0619/5- HCH female 061- PR/Lung/ID18110XPRlung.czi,672454336,distinct,,,,no tile of it is in another member and no tile of another member is in it,Y,,False,keep,distinct
CELL|2022-04-27T10:06:59,5ef0f209a1e9e509c335dd805407a4c3814bc5c3fe0bf7553be2d67e55e6f9a5,plan,ID18110XPRheartPOL.czi,Microscopio/Microscopio- MJesus Sanchez 2023/Female Diets/4-HCH female 0619/5- HCH female 061- PR/Heart/ID18110XPRheartPOL.czi,410473664,distinct,,,,no tile of it is in another member and no tile of another member is in it,Y,,False,keep,distinct
CELL|2022-04-27T10:06:59,70420dcffc50df34d895012aa5a4eb3c9750eb0be2a8247d337d65e20cac0166,plan,ID18110XPRlungPOL.czi,Microscopio/Microscopio- MJesus Sanchez 2023/Female Diets/4-HCH female 0619/5- HCH female 061- PR/Lung/ID18110XPRlungPOL.czi,619038176,distinct,,,,no tile of it is in another member and no tile of another member is in it,Y,,False,keep,distinct
CELL|2022-04-27T10:37:49,bab2591d1c744c854d6bd3b11ec4b277147f74b42213bce19c615acbddff925e,plan,ID18210XPRheart.czi,Microscopio/Microscopio- MJesus Sanchez 2023/Female Diets/4-HCH female 0619/5- HCH female 061- PR/Heart/ID18210XPRheart.czi,432900096,distinct,,,,a different stage position from every other member (XML scene centre); no tile payload is shared with any other member,Y,,False,keep,distinct
CELL|2022-04-27T10:37:49,b73c3f36b3e4022f4edd2838894a0695c36361fb18824fc4406210b38ca49df3,plan,ID18210XPRlung.czi,Microscopio/Microscopio- MJesus Sanchez 2023/Female Diets/4-HCH female 0619/5- HCH female 061- PR/Lung/ID18210XPRlung.czi,390115264,distinct,,,,a different stage position from every other member (XML scene centre); no tile payload is shared with any other member,Y,,False,keep,distinct
CELL|2022-04-27T10:45:01,faba98299a1d5a4b6846921fa0f62262e290eb92e16e7782a6c9720f312e11c1,plan,ID18210XPRheartPOL.czi,Microscopio/Microscopio- MJesus Sanchez 2023/Female Diets/4-HCH female 0619/5- HCH female 061- PR/Heart/ID18210XPRheartPOL.czi,432898464,distinct,,,,a different stage position from every other member (XML scene centre); no tile payload is shared with any other member,Y,,False,keep,distinct
CELL|2022-04-27T10:45:01,d0340d33fd597af16f4f7be413eb4bc33e642670247b105203cf9ae7a260e806,plan,ID18210XPRlungPOL.czi,Microscopio/Microscopio- MJesus Sanchez 2023/Female Diets/4-HCH female 0619/5- HCH female 061- PR/Lung/ID18210XPRlungPOL.czi,390111168,distinct,,,,a different stage position from every other member (XML scene centre); no tile payload is shared with any other member,Y,,False,keep,distinct
CELL|2022-04-27T11:05:17,0d1b8b5aa801fa682331f1f553fc8ce8391d1e6ed69de7baf790ba88dd1628eb,plan,ID19410XPRheart.czi,Microscopio/Microscopio- MJesus Sanchez 2023/Female Diets/4-HCH female 0619/5- HCH female 061- PR/Heart/ID19410XPRheart.czi,448452000,distinct,,,,a different stage position from every other member (XML scene centre); no tile payload is shared with any other member,Y,,False,keep,distinct
CELL|2022-04-27T11:05:17,bc18eeb91d1bcbb47ee3f1290d2ada6761cca3ac8f6aeeb4482d4a223fb3c2d5,plan,ID19410XPRlung.czi,Microscopio/Microscopio- MJesus Sanchez 2023/Female Diets/4-HCH female 0619/5- HCH female 061- PR/Lung/ID19410XPRlung.czi,712631328,distinct,,,,a different stage position from every other member (XML scene centre); no tile payload is shared with any other member,Y,,False,keep,distinct
CELL|2022-04-27T11:09:37,f81c0c7e46b50dfa0330605c39cb8366aac2477d08856923e635223199f51d3c,plan,ID19410XPRheartPOL.czi,Microscopio/Microscopio- MJesus Sanchez 2023/Female Diets/4-HCH female 0619/5- HCH female 061- PR/Heart/ID19410XPRheartPOL.czi,448453568,distinct,,,,a different stage position from every other member (XML scene centre); no tile payload is shared with any other member,Y,,False,keep,distinct
CELL|2022-04-27T11:09:37,6a0149f37875c8c66097263b427c86660a6197bd2a717c5e60e77b28c1369b39,plan,ID19410XPRlungPOL.czi,Microscopio/Microscopio- MJesus Sanchez 2023/Female Diets/4-HCH female 0619/5- HCH female 061- PR/Lung/ID19410XPRlungPOL.czi,712633088,distinct,,,,a different stage position from every other member (XML scene centre); no tile payload is shared with any other member,Y,,False,keep,distinct
CELL|2022-04-27T11:31:04,c7a68080478edbd14c83ec1c14414e875d5fe3a86b546169f96e109624f53b4f,plan,ID19510XPRheart.czi,Microscopio/Microscopio- MJesus Sanchez 2023/Female Diets/4-HCH female 0619/5- HCH female 061- PR/Heart/ID19510XPRheart.czi,455893920,distinct,,,,a different stage position from every other member (XML scene centre); no tile payload is shared with any other member,Y,,False,keep,distinct
CELL|2022-04-27T11:31:04,0a557e9b2caa3d734318f10188736ad9f8e6f1cf859f2b9cdc675d92c2786102,plan,ID19510XPRlung.czi,Microscopio/Microscopio- MJesus Sanchez 2023/Female Diets/4-HCH female 0619/5- HCH female 061- PR/Lung/ID19510XPRlung.czi,584232928,distinct,,,,a different stage position from every other member (XML scene centre); no tile payload is shared with any other member,Y,,False,keep,distinct
CELL|2022-04-27T11:44:09,8fb61ec7e22047c84d20f1179933c280783a9ed835d9c3b4c75448d08aa4ae05,plan,ID19510XPRheartPOL.czi,Microscopio/Microscopio- MJesus Sanchez 2023/Female Diets/4-HCH female 0619/5- HCH female 061- PR/Heart/ID19510XPRheartPOL.czi,455887424,distinct,,,,a different stage position from every other member (XML scene centre); no tile payload is shared with any other member,Y,,False,keep,distinct
CELL|2022-04-27T11:44:09,1ec5fd6fd9d45275d5c8e39a05feee326ea75018b907ffc0fb2f2b32093eba20,plan,ID19510XPRlungPOL.czi,Microscopio/Microscopio- MJesus Sanchez 2023/Female Diets/4-HCH female 0619/5- HCH female 061- PR/Lung/ID19510XPRlungPOL.czi,584232256,distinct,,,,a different stage position from every other member (XML scene centre); no tile payload is shared with any other member,Y,,False,keep,distinct
CELL|2022-04-27T12:06:17,c0a628348dccdac28392bd68a082149344cf990f66a42451d8bf1209bbd68f41,plan,ID19610XPRheart.czi,Microscopio/Microscopio- MJesus Sanchez 2023/Female Diets/4-HCH female 0619/5- HCH female 061- PR/Heart/ID19610XPRheart.czi,453625760,distinct,,,,a different stage position from every other member (XML scene centre); no tile payload is shared with any other member,Y,,False,keep,distinct
CELL|2022-04-27T12:06:17,5c92c487a30c4f2705b1731970f17e727fd11e518dff76eab643eac580d68d5b,plan,ID19610XPRlung.czi,Microscopio/Microscopio- MJesus Sanchez 2023/Female Diets/4-HCH female 0619/5- HCH female 061- PR/Lung/ID19610XPRlung.czi,975504320,distinct,,,,a different stage position from every other member (XML scene centre); no tile payload is shared with any other member,Y,,False,keep,distinct
CELL|2022-04-27T12:11:58,7199da69d35580c5cec51bf718051cd9d8a4b71df63f59a6b4661765e4cded81,plan,ID19610XPRheartPOL.czi,Microscopio/Microscopio- MJesus Sanchez 2023/Female Diets/4-HCH female 0619/5- HCH female 061- PR/Heart/ID19610XPRheartPOL.czi,453619584,distinct,,,,a different stage position from every other member (XML scene centre); no tile payload is shared with any other member,Y,,False,keep,distinct
CELL|2022-04-27T12:11:58,dbc215f0306ac744c0b4dc048833b4d3009cce10ab530b5ac70990db28761a47,plan,ID19610XPRlungPOL.czi,Microscopio/Microscopio- MJesus Sanchez 2023/Female Diets/4-HCH female 0619/5- HCH female 061- PR/Lung/ID19610XPRlungPOL.czi,975500960,distinct,,,,a different stage position from every other member (XML scene centre); no tile payload is shared with any other member,Y,,False,keep,distinct
CELL|2022-04-29T08:31:47,84a79dd467697af2b16968c16111f8269d3053d93b85ebbe8d1d0ff667ea7208,plan,R779heart.czi,Microscopio/Microscopio- MJesus Sanchez 2023/Female Diets/2-2DG female 0619/5- 2DG female 0619 - PR/Heart/R779heart.czi,548516768,distinct,,,,a different stage position from every other member (XML scene centre); no tile payload is shared with any other member,Y,,False,keep,distinct
CELL|2022-04-29T08:31:47,841d6b11171834edec727b224671a4129eb3e446c131a2ff4d95d0f509e8bfbb,plan,R779lung.czi,Microscopio/Microscopio- MJesus Sanchez 2023/Female Diets/2-2DG female 0619/5- 2DG female 0619 - PR/Lung/R779lung.czi,538979616,distinct,,,,a different stage position from every other member (XML scene centre); no tile payload is shared with any other member,Y,,False,keep,distinct
CELL|2022-04-29T08:38:58,73bbb7893f3f676caa0bcdaca484b5aaed1c095b18fdf07610acf04c23645765,plan,R779heartPOL.czi,Microscopio/Microscopio- MJesus Sanchez 2023/Female Diets/2-2DG female 0619/5- 2DG female 0619 - PR/Heart/R779heartPOL.czi,548506624,distinct,,,,a different stage position from every other member (XML scene centre); no tile payload is shared with any other member,Y,,False,keep,distinct
CELL|2022-04-29T08:38:58,193441ba25b706ba63ea190173cb8d6f373082e4c48aa88bede500bc816d44c5,plan,R779lungPOL.czi,Microscopio/Microscopio- MJesus Sanchez 2023/Female Diets/2-2DG female 0619/5- 2DG female 0619 - PR/Lung/R779lungPOL.czi,538980000,distinct,,,,a different stage position from every other member (XML scene centre); no tile payload is shared with any other member,Y,,False,keep,distinct
CELL|2022-04-29T08:52:00,40fff99e5b71778fa0a777f23e680fa9b51e1cef9e58035cc343231bf0379bd7,plan,R780heart.czi,Microscopio/Microscopio- MJesus Sanchez 2023/Female Diets/2-2DG female 0619/5- 2DG female 0619 - PR/Heart/R780heart.czi,607250688,distinct,,,,a different stage position from every other member (XML scene centre); no tile payload is shared with any other member,Y,,False,keep,distinct
CELL|2022-04-29T08:52:00,57fdba7bb3d77c6812fb4f650517adf700409465ce7f62a97c7de2da0b8e43aa,plan,R780lung.czi,Microscopio/Microscopio- MJesus Sanchez 2023/Female Diets/2-2DG female 0619/5- 2DG female 0619 - PR/Lung/R780lung.czi,708139072,distinct,,,,a different stage position from every other member (XML scene centre); no tile payload is shared with any other member,Y,,False,keep,distinct
CELL|2022-04-29T09:09:33,24d5ad6222813ea0ad5da16adac7b7c30db7fbb054f000c9bcf8133a30c3a8a7,plan,R780heartPOL.czi,Microscopio/Microscopio- MJesus Sanchez 2023/Female Diets/2-2DG female 0619/5- 2DG female 0619 - PR/Heart/R780heartPOL.czi,607249248,distinct,,,,a different stage position from every other member (XML scene centre); no tile payload is shared with any other member,Y,,False,keep,distinct
CELL|2022-04-29T09:09:33,c8036812b6fd716fd5c78fa88ed10afe5346303719ed37d41b8b09eb728f436c,plan,R780lungPOL.czi,Microscopio/Microscopio- MJesus Sanchez 2023/Female Diets/2-2DG female 0619/5- 2DG female 0619 - PR/Lung/R780lungPOL.czi,708119968,distinct,,,,a different stage position from every other member (XML scene centre); no tile payload is shared with any other member,Y,,False,keep,distinct
CELL|2022-04-29T09:26:32,e2a23a4d97493704520f132cadd9559b15138fce394aee6c52332642aceecaa4,plan,R781heart.czi,Microscopio/Microscopio- MJesus Sanchez 2023/Female Diets/2-2DG female 0619/5- 2DG female 0619 - PR/Heart/R781heart.czi,620708704,distinct,,,,a different stage position from every other member (XML scene centre); no tile payload is shared with any other member,Y,,False,keep,distinct
CELL|2022-04-29T09:26:32,c1be6ddbdff586c4ac644876391f2f79f10117e6091260d73ad1c73f2b7e2916,plan,R781lung.czi,Microscopio/Microscopio- MJesus Sanchez 2023/Female Diets/2-2DG female 0619/5- 2DG female 0619 - PR/Lung/R781lung.czi,543883136,distinct,,,,a different stage position from every other member (XML scene centre); no tile payload is shared with any other member,Y,,False,keep,distinct
CELL|2022-04-29T09:29:28,756c29df35946a554870eb72247e3e8db46a0904cb532caebf1f95c592e7de18,plan,R781heartPOL.czi,Microscopio/Microscopio- MJesus Sanchez 2023/Female Diets/2-2DG female 0619/5- 2DG female 0619 - PR/Heart/R781heartPOL.czi,620705088,distinct,,,,a different stage position from every other member (XML scene centre); no tile payload is shared with any other member,Y,,False,keep,distinct
CELL|2022-04-29T09:29:28,66132e2e5bccd5de3ef9e579634498faaf6650f18268dfa3211051afb8c88ae5,plan,R781lungPOL.czi,Microscopio/Microscopio- MJesus Sanchez 2023/Female Diets/2-2DG female 0619/5- 2DG female 0619 - PR/Lung/R781lungPOL.czi,543872064,distinct,,,,a different stage position from every other member (XML scene centre); no tile payload is shared with any other member,Y,,False,keep,distinct
CELL|2022-04-29T09:47:22,fb04b363652cf5b9a10c08878a6d9adf5e107833a4cb9e4ab83760c5dd6bc44f,plan,R782heart.czi,Microscopio/Microscopio- MJesus Sanchez 2023/Female Diets/2-2DG female 0619/5- 2DG female 0619 - PR/Heart/R782heart.czi,501227456,distinct,,,,no tile of it is in another member and no tile of another member is in it,Y,,False,keep,distinct
CELL|2022-04-29T09:47:22,308e89bcc4287e8e294f724976380135a6be463318ed5d961c8c55080881bf2f,plan,R782lung.czi,Microscopio/Microscopio- MJesus Sanchez 2023/Female Diets/2-2DG female 0619/5- 2DG female 0619 - PR/Lung/R782lung.czi,668457184,distinct,,,,no tile of it is in another member and no tile of another member is in it,Y,,False,keep,distinct
CELL|2022-04-29T09:50:37,8c387f05291e20db37fb581b2e1cf56de54e3f2c91f4ec6f9f15ab5fed8cf842,plan,R782heartPOL.czi,Microscopio/Microscopio- MJesus Sanchez 2023/Female Diets/2-2DG female 0619/5- 2DG female 0619 - PR/Heart/R782heartPOL.czi,501272768,distinct,,,,no tile of it is in another member and no tile of another member is in it,Y,,False,keep,distinct
CELL|2022-04-29T09:50:37,7d04a4e031c2a52e958b5b289bc79a663b2bb785a4e2cb72210c8187d74324ad,plan,R782lungPOL.czi,Microscopio/Microscopio- MJesus Sanchez 2023/Female Diets/2-2DG female 0619/5- 2DG female 0619 - PR/Lung/R782lungPOL.czi,668351328,distinct,,,,no tile of it is in another member and no tile of another member is in it,Y,,False,keep,distinct
CELL|2022-04-29T10:09:31,35b09c577bfc43c89ea5f32742600cb026095458fbba37a5cceb17f7bdaf23cc,plan,R783heart.czi,Microscopio/Microscopio- MJesus Sanchez 2023/Female Diets/2-2DG female 0619/5- 2DG female 0619 - PR/Heart/R783heart.czi,441484896,distinct,,,,a different stage position from every other member (XML scene centre); no tile payload is shared with any other member,Y,,False,keep,distinct
CELL|2022-04-29T10:09:31,08e25b93f999a60b10f1428a8cebed7cc8f00c4e4fd80c19bc6d2ad5c8711976,plan,R783lung.czi,Microscopio/Microscopio- MJesus Sanchez 2023/Female Diets/2-2DG female 0619/5- 2DG female 0619 - PR/Lung/R783lung.czi,416902528,distinct,,,,a different stage position from every other member (XML scene centre); no tile payload is shared with any other member,Y,,False,keep,distinct
CELL|2022-04-29T10:13:45,4041c32c3e3c1f01299163fde6e19fe1d55b61ad0768509b19c8a69fb9d91316,plan,R783heartPOL.czi,Microscopio/Microscopio- MJesus Sanchez 2023/Female Diets/2-2DG female 0619/5- 2DG female 0619 - PR/Heart/R783heartPOL.czi,441481216,distinct,,,,a different stage position from every other member (XML scene centre); no tile payload is shared with any other member,Y,,False,keep,distinct
CELL|2022-04-29T10:13:45,1a9c36e694d427c1798b6ed096a45b9620f736b7e858e57c4da469388694507f,plan,R783lungPOL.czi,Microscopio/Microscopio- MJesus Sanchez 2023/Female Diets/2-2DG female 0619/5- 2DG female 0619 - PR/Lung/R783lungPOL.czi,416898976,distinct,,,,a different stage position from every other member (XML scene centre); no tile payload is shared with any other member,Y,,False,keep,distinct
CELL|2022-04-29T10:28:22,f228a45ffbf058dafdde5eca61eb3aaec09634461c524595e47833c86c2e2678,plan,R784heart.czi,Microscopio/Microscopio- MJesus Sanchez 2023/Female Diets/2-2DG female 0619/5- 2DG female 0619 - PR/Heart/R784heart.czi,600679328,distinct,,,,a different stage position from every other member (XML scene centre); no tile payload is shared with any other member,Y,,False,keep,distinct
CELL|2022-04-29T10:28:22,77e23c71ad8aba80cff47c52c38de1be64588f7eacbc574eac6942f6e484b95a,plan,R784lung.czi,Microscopio/Microscopio- MJesus Sanchez 2023/Female Diets/2-2DG female 0619/5- 2DG female 0619 - PR/Lung/R784lung.czi,621033248,distinct,,,,a different stage position from every other member (XML scene centre); no tile payload is shared with any other member,Y,,False,keep,distinct
CELL|2022-04-29T10:33:34,f06cc08b6b9c72911308c7f4b6b8e42f3638ada34aac31fac77ae9219fef4fe3,plan,R784heartPOL.czi,Microscopio/Microscopio- MJesus Sanchez 2023/Female Diets/2-2DG female 0619/5- 2DG female 0619 - PR/Heart/R784heartPOL.czi,551361120,distinct,,,,a different stage position from every other member (XML scene centre); no tile payload is shared with any other member,Y,,False,keep,distinct
CELL|2022-04-29T10:33:34,6bf8de2fddc9daef444437e0111c168a8cc9d87df6ae3d1c6fd63b752930046e,plan,R784lungPOL.czi,Microscopio/Microscopio- MJesus Sanchez 2023/Female Diets/2-2DG female 0619/5- 2DG female 0619 - PR/Lung/R784lungPOL.czi,613194304,distinct,,,,a different stage position from every other member (XML scene centre); no tile payload is shared with any other member,Y,,False,keep,distinct
CELL|2022-04-29T11:06:42,8351817304fe0e65105637d2298e0dadf5e0df6755fa8b05194f0f01224edb7d,plan,R785heart.czi,Microscopio/Microscopio- MJesus Sanchez 2023/Female Diets/2-2DG female 0619/5- 2DG female 0619 - PR/Heart/R785heart.czi,468400896,distinct,,,,a different stage position from every other member (XML scene centre); no tile payload is shared with any other member,Y,,False,keep,distinct
CELL|2022-04-29T11:06:42,d05ec7160b71aaba5785814b570242e65222ec3ed323ff97a893c750dd915270,plan,R785lung.czi,Microscopio/Microscopio- MJesus Sanchez 2023/Female Diets/2-2DG female 0619/5- 2DG female 0619 - PR/Lung/R785lung.czi,544185216,distinct,,,,a different stage position from every other member (XML scene centre); no tile payload is shared with any other member,Y,,False,keep,distinct
CELL|2022-04-29T11:10:52,8aeafb8574bc077b7f0daa60802657172fd3d85451822146392079ece99a8ad8,plan,R785heartPOL.czi,Microscopio/Microscopio- MJesus Sanchez 2023/Female Diets/2-2DG female 0619/5- 2DG female 0619 - PR/Heart/R785heartPOL.czi,468394656,distinct,,,,a different stage position from every other member (XML scene centre); no tile payload is shared with any other member,Y,,False,keep,distinct
CELL|2022-04-29T11:10:52,3ba767e9727207a0d218dcb7333bf7a67f38665f1d5680675405376353169b90,plan,R785lungPOL.czi,Microscopio/Microscopio- MJesus Sanchez 2023/Female Diets/2-2DG female 0619/5- 2DG female 0619 - PR/Lung/R785lungPOL.czi,544167040,distinct,,,,a different stage position from every other member (XML scene centre); no tile payload is shared with any other member,Y,,False,keep,distinct
CELL|2022-04-29T11:32:42,5fc584d94ded15ba563fdf01a86c6c9e7ec2eebd265694e6501fdd58786b0805,plan,R786heart.czi,Microscopio/Microscopio- MJesus Sanchez 2023/Female Diets/2-2DG female 0619/5- 2DG female 0619 - PR/Heart/R786heart.czi,453142496,distinct,,,,a different stage position from every other member (XML scene centre); no tile payload is shared with any other member,Y,,False,keep,distinct
CELL|2022-04-29T11:32:42,91b7d51c3dc970f35208cf4ce4e5b7d0f03194ea973218230f25238ecd922ad6,plan,R786lung.czi,Microscopio/Microscopio- MJesus Sanchez 2023/Female Diets/2-2DG female 0619/5- 2DG female 0619 - PR/Lung/R786lung.czi,666204960,distinct,,,,a different stage position from every other member (XML scene centre); no tile payload is shared with any other member,Y,,False,keep,distinct
CELL|2022-04-29T11:35:20,fe9d8b5c2fc579512f5746163b2c2eee5cfe8b8ea7c66aeac8bab13b91c2c0f3,plan,R786heartPOL.czi,Microscopio/Microscopio- MJesus Sanchez 2023/Female Diets/2-2DG female 0619/5- 2DG female 0619 - PR/Heart/R786heartPOL.czi,453141760,distinct,,,,a different stage position from every other member (XML scene centre); no tile payload is shared with any other member,Y,,False,keep,distinct
CELL|2022-04-29T11:35:20,6a756663925128f4157bcd9d625a5140ba367cee1fe890c9be365d55d8231834,plan,R786lungPOL.czi,Microscopio/Microscopio- MJesus Sanchez 2023/Female Diets/2-2DG female 0619/5- 2DG female 0619 - PR/Lung/R786lungPOL.czi,666191904,distinct,,,,a different stage position from every other member (XML scene centre); no tile payload is shared with any other member,Y,,False,keep,distinct
CELL|2022-05-03T08:14:59,7ebc51b2d58c1a1ed10a8c9e784cac057c0c2de0b0ee3afd2e485bb4e8da045f,plan,R787heart.czi,Microscopio/Microscopio- MJesus Sanchez 2023/Female Diets/2-2DG female 0619/5- 2DG female 0619 - PR/Heart/R787heart.czi,968935456,distinct,,,,no tile of it is in another member and no tile of another member is in it,Y,,False,keep,distinct
CELL|2022-05-03T08:14:59,a0af173354c14c24e5839549f8a1ae0fc9b14054c4acb718e6e72f349ff1c79e,plan,R787lung.czi,Microscopio/Microscopio- MJesus Sanchez 2023/Female Diets/2-2DG female 0619/5- 2DG female 0619 - PR/Lung/R787lung.czi,575884192,distinct,,,,no tile of it is in another member and no tile of another member is in it,Y,,False,keep,distinct
CELL|2022-05-03T08:18:45,c6ee160ffeaff2c84cef4e5521de049f6cfc0c5f2709e42d4cdb8edcf3576f31,plan,R787heartPOL.czi,Microscopio/Microscopio- MJesus Sanchez 2023/Female Diets/2-2DG female 0619/5- 2DG female 0619 - PR/Heart/R787heartPOL.czi,968953152,distinct,,,,no tile of it is in another member and no tile of another member is in it,Y,,False,keep,distinct
CELL|2022-05-03T08:18:45,4e4725d8b0b310adb7ce2098dc4271c15034cb558607669dd84759bd057ae459,plan,R787lungPOL.czi,Microscopio/Microscopio- MJesus Sanchez 2023/Female Diets/2-2DG female 0619/5- 2DG female 0619 - PR/Lung/R787lungPOL.czi,575877792,distinct,,,,no tile of it is in another member and no tile of another member is in it,Y,,False,keep,distinct
CELL|2022-05-03T08:37:49,04b4a7757dff69c7d90fbd9e1770b2138f8e24a4faa5fd40c78e929359812c67,plan,R788heart.czi,Microscopio/Microscopio- MJesus Sanchez 2023/Female Diets/2-2DG female 0619/5- 2DG female 0619 - PR/Heart/R788heart.czi,553879008,distinct,,,,no tile of it is in another member and no tile of another member is in it,Y,,False,keep,distinct
CELL|2022-05-03T08:37:49,56afd8e7483cb58b3a92ccdc58129327a23511cdbbc43ba50c2bd28f448206f8,plan,R788lung.czi,Microscopio/Microscopio- MJesus Sanchez 2023/Female Diets/2-2DG female 0619/5- 2DG female 0619 - PR/Lung/R788lung.czi,639760608,distinct,,,,no tile of it is in another member and no tile of another member is in it,Y,,False,keep,distinct
CELL|2022-05-03T08:41:12,ea156991ce863ceef01de4392ae550c164624dd568776cf9945c0cf8f1ab53d1,plan,R788heartPOL.czi,Microscopio/Microscopio- MJesus Sanchez 2023/Female Diets/2-2DG female 0619/5- 2DG female 0619 - PR/Heart/R788heartPOL.czi,553879392,distinct,,,,no tile of it is in another member and no tile of another member is in it,Y,,False,keep,distinct
CELL|2022-05-03T08:41:12,4c0f08b3bca121401500d81b357948031fb25149dc9196b029e782bcacc77b2c,plan,R788lungPOL.czi,Microscopio/Microscopio- MJesus Sanchez 2023/Female Diets/2-2DG female 0619/5- 2DG female 0619 - PR/Lung/R788lungPOL.czi,639695872,distinct,,,,no tile of it is in another member and no tile of another member is in it,Y,,False,keep,distinct
CELL|2022-05-03T09:10:19,4a7390712382aeb63e9ce5f636b6a56eca8ce34a37cb9359c101639ddf493af5,plan,R789heart.czi,Microscopio/Microscopio- MJesus Sanchez 2023/Female Diets/2-2DG female 0619/5- 2DG female 0619 - PR/Heart/R789heart.czi,385547456,distinct,,,,no tile of it is in another member and no tile of another member is in it,Y,,False,keep,distinct
CELL|2022-05-03T09:10:19,85504f87e172f1beb5edf834122a495dfca96997045f7ca1b73c9a729852881e,plan,R789lung.czi,Microscopio/Microscopio- MJesus Sanchez 2023/Female Diets/2-2DG female 0619/5- 2DG female 0619 - PR/Lung/R789lung.czi,582665888,distinct,,,,no tile of it is in another member and no tile of another member is in it,Y,,False,keep,distinct
CELL|2022-05-03T09:17:44,94666ec03562240d90555117295fbceea307030fc86c4a06c1b223a6e1ecb805,plan,R789heartPOL.czi,Microscopio/Microscopio- MJesus Sanchez 2023/Female Diets/2-2DG female 0619/5- 2DG female 0619 - PR/Heart/R789heartPOL.czi,385499104,distinct,,,,no tile of it is in another member and no tile of another member is in it,Y,,False,keep,distinct
CELL|2022-05-03T09:17:44,528dca5a6c88ee3482a77ac52aca6e84962033aa01fd4780ed574e8c0487caf7,plan,R789lungPOL.czi,Microscopio/Microscopio- MJesus Sanchez 2023/Female Diets/2-2DG female 0619/5- 2DG female 0619 - PR/Lung/R789lungPOL.czi,582661824,distinct,,,,no tile of it is in another member and no tile of another member is in it,Y,,False,keep,distinct
CELL|2022-05-03T09:38:48,b962fb0b7626d37029ef70b92504a8077b1a8e6f6928717fa522bc188300181d,plan,R790heart.czi,Microscopio/Microscopio- MJesus Sanchez 2023/Female Diets/2-2DG female 0619/5- 2DG female 0619 - PR/Heart/R790heart.czi,698188512,distinct,,,,a different stage position from every other member (XML scene centre); no tile payload is shared with any other member,Y,,False,keep,distinct
CELL|2022-05-03T09:38:48,ca92c88a95d807acddae89f3a930629e15881d29ed1c0d144b14d7e33b43e24b,plan,R790lung.czi,Microscopio/Microscopio- MJesus Sanchez 2023/Female Diets/2-2DG female 0619/5- 2DG female 0619 - PR/Lung/R790lung.czi,666328768,distinct,,,,a different stage position from every other member (XML scene centre); no tile payload is shared with any other member,Y,,False,keep,distinct
CELL|2022-05-03T09:43:38,e5ac65e21aacf1612b5f054d5b54915ed5b6c1a97106bda309fbc1f98b567e96,plan,R790heartPOL.czi,Microscopio/Microscopio- MJesus Sanchez 2023/Female Diets/2-2DG female 0619/5- 2DG female 0619 - PR/Heart/R790heartPOL.czi,698186368,distinct,,,,a different stage position from every other member (XML scene centre); no tile payload is shared with any other member,Y,,False,keep,distinct
CELL|2022-05-03T09:43:38,722ffcc58aca0dfa8af929e51c58e397ee998e42b6936cdca87bbcc9cb8ec6fb,plan,R790lungPOL.czi,Microscopio/Microscopio- MJesus Sanchez 2023/Female Diets/2-2DG female 0619/5- 2DG female 0619 - PR/Lung/R790lungPOL.czi,666325152,distinct,,,,a different stage position from every other member (XML scene centre); no tile payload is shared with any other member,Y,,False,keep,distinct
CELL|2022-07-08T09:46:53,abbffb95f6a32958f98fe604af51f7eeacb5b11b7ef04eef9dca4b24f4d5c824,plan,m209heart10x.czi,Microscopio/Microscopio- MJesus Sanchez 2023/Machos vs Hembras/1-Controles female (nmx and SuHx)/Controles (nmx and SuHx) H&E/10x/m209heart10x.czi,780860544,original,,,,pixel-identical twins: m209heart10x.czi,Y,,False,resave-within-plan,"same name and second, pixel-identical: a re-save of m209heart10x.czi; kept cafe3c985484baf363559b3ecb19c3e7c0c9c4b9af18680ab0ab8ac80e3e7dee"
CELL|2022-07-08T09:46:53,cafe3c985484baf363559b3ecb19c3e7c0c9c4b9af18680ab0ab8ac80e3e7dee,plan,m209heart10x.czi,Microscopio/Microscopio- MJesus Sanchez 2023/Machos vs Hembras/Female H&E Heart 40x and 10x/10x/m209heart10x.czi,780876384,identical re-save,abbffb95f6a32958f98fe604af51f7eeacb5b11b7ef04eef9dca4b24f4d5c824,m209heart10x.czi,identical,20/20 tiles byte-identical to tiles of m209heart10x.czi,Y,,False,keep,original
CELL|2022-07-08T11:20:11,ac909c10e1eeaa81fc7a78f3fa71d810b4275e55be392956fafe50d11aed6a4d,plan,m203heart10x.czi,Microscopio/Microscopio- MJesus Sanchez 2023/Machos vs Hembras/1-Controles female (nmx and SuHx)/Controles (nmx and SuHx) H&E/10x/m203heart10x.czi,396649408,original,,,,pixel-identical twins: m203heart10x.czi,Y,,True,resave-within-plan,"same name and second, pixel-identical: a re-save of m203heart10x.czi; kept ebb0a26841bb5d670e8b1b523eb632f91eb9271fb9455589d861a8f7ed84ff1e"
CELL|2022-07-08T11:20:11,ebb0a26841bb5d670e8b1b523eb632f91eb9271fb9455589d861a8f7ed84ff1e,plan,m203heart10x.czi,Microscopio/Microscopio- MJesus Sanchez 2023/Machos vs Hembras/Female H&E Heart 40x and 10x/10x/m203heart10x.czi,396649408,scale-bar copy,ac909c10e1eeaa81fc7a78f3fa71d810b4275e55be392956fafe50d11aed6a4d,m203heart10x.czi,identical,16/16 tiles byte-identical to tiles of m203heart10x.czi,Y,,True,keep,original
CELL|2022-07-08T12:21:39,c874d463ddcc85e81d0699444b54b8e5594006215fdf414160a7b4207f2bb5e9,plan,m208heart10x.czi,Microscopio/Microscopio- MJesus Sanchez 2023/Machos vs Hembras/1-Controles female (nmx and SuHx)/Controles (nmx and SuHx) H&E/10x/m208heart10x.czi,305292032,original,,,,pixel-identical twins: m208heart10x.czi,Y,,True,resave-within-plan,"same name and second, pixel-identical: a re-save of m208heart10x.czi; kept 8dd958ed5902ce71215af729a6b145d0cec7a5be51e09734d3d54ea0cdb2e371"
CELL|2022-07-08T12:21:39,8dd958ed5902ce71215af729a6b145d0cec7a5be51e09734d3d54ea0cdb2e371,plan,m208heart10x.czi,Microscopio/Microscopio- MJesus Sanchez 2023/Machos vs Hembras/Female H&E Heart 40x and 10x/10x/m208heart10x.czi,343395680,scale-bar copy,c874d463ddcc85e81d0699444b54b8e5594006215fdf414160a7b4207f2bb5e9,m208heart10x.czi,identical,16/16 tiles byte-identical to tiles of m208heart10x.czi,Y,,True,keep,original
CELL|2022-07-11T10:20:29,2ae7c0963aa4be21067971b5e4a1390b1e5d3a3dd31e201303195821bc3e78b9,plan,m209heartPOL.czi,Microscopio/Microscopio- MJesus Sanchez 2023/Machos vs Hembras/1-Controles female (nmx and SuHx)/Controles (nmx adn SuHx)- PR/m209heartPOL.czi,401201248,original,,,,pixel-identical twins: m209heartPOL.czi,Y,,False,resave-within-plan,"same name and second, pixel-identical: a re-save of m209heartPOL.czi; kept 168ae39768ef4f1961a70f4d5e77cd9ff92d6ee415de26025e19a5ae61291594"
CELL|2022-07-11T10:20:29,168ae39768ef4f1961a70f4d5e77cd9ff92d6ee415de26025e19a5ae61291594,plan,m209heartPOL.czi,Microscopio/Microscopio- MJesus Sanchez 2023/Machos vs Hembras/PR Female Controles (nmx adn SuHx)/m209heartPOL.czi,401212672,identical re-save,2ae7c0963aa4be21067971b5e4a1390b1e5d3a3dd31e201303195821bc3e78b9,m209heartPOL.czi,identical,20/20 tiles byte-identical to tiles of m209heartPOL.czi,Y,,False,keep,original
CELL|2022-08-11T09:04:30,356ae7b2b361d8bbeaaf59e5dc0416d04194e420c95fc33c0e62ee5d19ef2190,plan,91-2_HE10x_1.czi,Pili y Mili/Proyecto 1019 Envejecimiento y dieta/Procedimiento 2/Histologia/Irati_HE40xCorazon/91-2_HE10x_1.czi,407696480,distinct,,,,no tile of it is in another member and no tile of another member is in it,Y,,True,keep,distinct
CELL|2022-08-11T09:04:30,bcaf7a6ccf6f1b81e7fed3ea340f59a064ab85948ccd4b9b7b4510ae7c3e9953,plan,91-2_HE10x_2.czi,Pili y Mili/Proyecto 1019 Envejecimiento y dieta/Procedimiento 2/Histologia/Irati_HE40xCorazon/91-2_HE10x_2.czi,405143360,distinct,,,,no tile of it is in another member and no tile of another member is in it,Y,,True,keep,distinct
CELL|2022-08-11T09:04:30,658989ac41f66d8cfb29b2e1da8bcdabab44c41652941bf06382d9527884def3,plan,91-2_HE10x_3.czi,Pili y Mili/Proyecto 1019 Envejecimiento y dieta/Procedimiento 2/Histologia/Irati_HE40xCorazon/91-2_HE10x_3.czi,271851488,distinct,,,,no tile of it is in another member and no tile of another member is in it,Y,,True,keep,distinct
CELL|2022-08-11T09:04:30,ce7fd824f9b861668c9d8ae31bfeac83fd298aa031f3a1c725480007423c1b22,plan,91-2_HE10x_4.czi,Pili y Mili/Proyecto 1019 Envejecimiento y dieta/Procedimiento 2/Histologia/Irati_HE40xCorazon/91-2_HE10x_4.czi,220251392,distinct,,,,no tile of it is in another member and no tile of another member is in it,Y,,True,keep,distinct
CELL|2022-08-11T09:44:55,df39492ec4b3080df35887e9081d9eb36af2db5ac022178c92b0d7c5a1d5b8ac,plan,94-1_HE10x_.czi,Pili y Mili/Proyecto 1019 Envejecimiento y dieta/Procedimiento 2/Histologia/Irati_HE40xCorazon/94-1_HE10x_.czi,223909536,distinct,,,,a different stage position from every other member (XML scene centre); no tile payload is shared with any other member,Y,,True,keep,distinct
CELL|2022-08-11T09:44:55,262357814ecd45d0034ec6b327bbf47aa80856602cfac384f3c29e877fec58ab,plan,94-1_HE10x_1.czi,Pili y Mili/Proyecto 1019 Envejecimiento y dieta/Procedimiento 2/Histologia/Irati_HE40xCorazon/94-1_HE10x_1.czi,227391488,distinct,,,,a different stage position from every other member (XML scene centre); no tile payload is shared with any other member,Y,,True,keep,distinct
CELL|2022-08-18T10:59:22,7e95a0e9c24cd0df01665dfb3f9871cfe768b74244766522aa65b309bb4b145b,plan,202II_HEx10.czi,Microscopio/Microscopio- MJesus Sanchez 2023/Machos vs Hembras/1-Controles female (nmx and SuHx)/Controles (nmx and SuHx) H&E/H&E Heart 40x/202II_HEx10.czi,222571264,scale-bar copy,ACQ-20220818-CELL-031,202II_HEx10.czi,identical,12/12 tiles byte-identical to tiles of 202II_HEx10.czi,Y,,True,resave-of-production,"same name and second, pixel-identical: a re-save of production ACQ-20220818-CELL-031; kept ACQ-20220818-CELL-031"
CELL|2022-08-18T10:59:22,ACQ-20220818-CELL-031,production,202II_HEx10.czi,ACQ-20220818-CELL-031,202154464,original,,,,pixel-identical twins: 202II_HEx10.czi,Y,,True,production (read only),
CELL|2022-08-22T08:33:25,c1fa0956a6fabc29c016351a43eb83ac295ee9bc752440e4208c944ecbf345cc,plan,208II_HEx10.czi,Microscopio/Microscopio- MJesus Sanchez 2023/Machos vs Hembras/1-Controles female (nmx and SuHx)/Controles (nmx and SuHx) H&E/H&E Heart 40x/208II_HEx10.czi,328545024,scale-bar copy,ACQ-20220822-CELL-010,208II_HEx10.czi,identical,16/16 tiles byte-identical to tiles of 208II_HEx10.czi,Y,,True,resave-of-production,"same name and second, pixel-identical: a re-save of production ACQ-20220822-CELL-010; kept ACQ-20220822-CELL-010"
CELL|2022-08-22T08:33:25,ACQ-20220822-CELL-010,production,208II_HEx10.czi,ACQ-20220822-CELL-010,292604704,original,,,,pixel-identical twins: 208II_HEx10.czi,Y,,True,production (read only),
CELL|2022-08-22T09:04:10,38340ce6a760b9d66f1d792cfdb2f87599ad095bf802c94366e0f40e41309b0c,plan,209II_HEx10.czi,Microscopio/Microscopio- MJesus Sanchez 2023/Machos vs Hembras/1-Controles female (nmx and SuHx)/Controles (nmx and SuHx) H&E/H&E Heart 40x/209II_HEx10.czi,334043008,scale-bar copy,ACQ-20220822-CELL-015,209II_HEx10.czi,identical,20/20 tiles byte-identical to tiles of 209II_HEx10.czi,Y,,True,resave-of-production,"same name and second, pixel-identical: a re-save of production ACQ-20220822-CELL-015; kept ACQ-20220822-CELL-015"
CELL|2022-08-22T09:04:10,ACQ-20220822-CELL-015,production,209II_HEx10.czi,ACQ-20220822-CELL-015,297495776,original,,,,pixel-identical twins: 209II_HEx10.czi,Y,,True,production (read only),
CELL|2022-09-29T08:23:28,0aa4b19de5bf43cc6f12c76088b311dbfc1f35b4813a062da8bb62cf278e1422,plan,ID160ki67sma20x-220929-5.czi,Microscopio/Microscopio- MJesus Sanchez 2023/Female Diets/2-2DG female 0619/4- 2DG female 0619- Ki67 and SMA/160/ID160ki67sma20x-220929-5.czi,8970752,original,,,,pixel-identical twins: ID160ki67sma20x-220929-6.czi,Y,,False,keep,original
CELL|2022-09-29T08:23:28,6d96d464474f59d455e9d63770d69f4c431002df5c503a5662d6880243b35a6e,plan,ID160ki67sma20x-220929-6.czi,Microscopio/Microscopio- MJesus Sanchez 2023/Female Diets/2-2DG female 0619/4- 2DG female 0619- Ki67 and SMA/160/ID160ki67sma20x-220929-6.czi,8972256,identical re-save,0aa4b19de5bf43cc6f12c76088b311dbfc1f35b4813a062da8bb62cf278e1422,ID160ki67sma20x-220929-5.czi,identical,3/3 tiles byte-identical to tiles of ID160ki67sma20x-220929-5.czi,Y,,False,derivative-nonraw,"identical re-save of ID160ki67sma20x-220929-5.czi (pixel-identical, another name); -> nonraw_derived.csv"
CELL|2022-09-29T08:36:03,0ee4700bddc9bb89162681b645e4deaab3e4bacc04b7bdc593f2e79fb9545c88,plan,ID161ki67sma20x-220929-2.czi,Microscopio/Microscopio- MJesus Sanchez 2023/Female Diets/2-2DG female 0619/4- 2DG female 0619- Ki67 and SMA/161/ID161ki67sma20x-220929-2.czi,8951488,identical re-save,a925a2c301b8cbd335e36e3062c0fa71c0665cfd4eba7b3500f7b7c6b05f7557,ID161ki67sma20x-220929-2 - Copy.czi,identical,3/3 tiles byte-identical to tiles of ID161ki67sma20x-220929-2 - Copy.czi,Y,,False,derivative-nonraw,"identical re-save of ID161ki67sma20x-220929-2 - Copy.czi (pixel-identical, another name); -> nonraw_derived.csv"
CELL|2022-09-29T08:36:03,a925a2c301b8cbd335e36e3062c0fa71c0665cfd4eba7b3500f7b7c6b05f7557,plan,ID161ki67sma20x-220929-2 - Copy.czi,Microscopio/Microscopio- MJesus Sanchez 2023/Female Diets/2-2DG female 0619/4- 2DG female 0619- Ki67 and SMA/ID161ki67sma20x-220929-2 - Copy.czi,8951488,original,,,,pixel-identical twins: ID161ki67sma20x-220929-2.czi,Y,,False,keep,original
CELL|2022-10-19T13:11:41,806944ee6d2c6ccde55f487c7d8b1e2e296bc9b3f1fcc4b0e92608219b066fbd,plan,ID202-WGA20XLV-1.czi,Microscopio/Microscopio- MJesus Sanchez 2023/Machos vs Hembras/1-Controles female (nmx and SuHx)/Controles (nmx and SuHx)-WGA/WGA Nmx Female/ID202-WGA20XLV-1.czi,6059200,identical re-save,ae26b0de987c2278358ea5d3a70f5c803577beb550a3af511322145eb01ce43d,ID202-WGA20XLV-1.czi,identical,2/2 tiles byte-identical to tiles of ID202-WGA20XLV-1.czi,Y,,False,resave-within-plan,"same name and second, pixel-identical: a re-save of ID202-WGA20XLV-1.czi; kept ae26b0de987c2278358ea5d3a70f5c803577beb550a3af511322145eb01ce43d"
CELL|2022-10-19T13:11:41,ae26b0de987c2278358ea5d3a70f5c803577beb550a3af511322145eb01ce43d,plan,ID202-WGA20XLV-1.czi,Microscopio/Microscopio- MJesus Sanchez 2023/Machos vs Hembras/WGA/WGA Female Normoxia and SuHx Tanda 2/ID202-WGA20XLV-1.czi,6059200,original,,,,pixel-identical twins: ID202-WGA20XLV-1.czi,Y,,False,keep,original
CELL|2022-10-19T13:12:29,f431efaef042ab536afc0202c9e0cab317ffbd4cf034a7d279bc5a5d72e443c0,plan,ID202-WGA20XRV-1.czi,Microscopio/Microscopio- MJesus Sanchez 2023/Machos vs Hembras/1-Controles female (nmx and SuHx)/Controles (nmx and SuHx)-WGA/WGA Nmx Female/ID202-WGA20XRV-1.czi,6056000,identical re-save,9cf3daa4bbb07225848f8ac14dcd267e4aadb460dbaa4fa81259249568fa805b,ID202-WGA20XRV-1.czi,identical,2/2 tiles byte-identical to tiles of ID202-WGA20XRV-1.czi,Y,,False,resave-within-plan,"same name and second, pixel-identical: a re-save of ID202-WGA20XRV-1.czi; kept 9cf3daa4bbb07225848f8ac14dcd267e4aadb460dbaa4fa81259249568fa805b"
CELL|2022-10-19T13:12:29,9cf3daa4bbb07225848f8ac14dcd267e4aadb460dbaa4fa81259249568fa805b,plan,ID202-WGA20XRV-1.czi,Microscopio/Microscopio- MJesus Sanchez 2023/Machos vs Hembras/WGA/WGA Female Normoxia and SuHx Tanda 2/ID202-WGA20XRV-1.czi,6056000,original,,,,pixel-identical twins: ID202-WGA20XRV-1.czi,Y,,False,keep,original
CELL|2022-10-19T13:13:10,daa25c67e17a64501d8d73bc5d5bfc4dd5c97bf5d4fed7e13e00601d466126d5,plan,ID202-WGA20XLV-2.czi,Microscopio/Microscopio- MJesus Sanchez 2023/Machos vs Hembras/1-Controles female (nmx and SuHx)/Controles (nmx and SuHx)-WGA/WGA Nmx Female/ID202-WGA20XLV-2.czi,6059296,identical re-save,622dc89235248a1f9eccd4a56337a626365ee88e028bd7db4d9f20cef899e1da,ID202-WGA20XLV-2.czi,identical,2/2 tiles byte-identical to tiles of ID202-WGA20XLV-2.czi,Y,,False,resave-within-plan,"same name and second, pixel-identical: a re-save of ID202-WGA20XLV-2.czi; kept 622dc89235248a1f9eccd4a56337a626365ee88e028bd7db4d9f20cef899e1da"
CELL|2022-10-19T13:13:10,622dc89235248a1f9eccd4a56337a626365ee88e028bd7db4d9f20cef899e1da,plan,ID202-WGA20XLV-2.czi,Microscopio/Microscopio- MJesus Sanchez 2023/Machos vs Hembras/WGA/WGA Female Normoxia and SuHx Tanda 2/ID202-WGA20XLV-2.czi,6059296,original,,,,pixel-identical twins: ID202-WGA20XLV-2.czi,Y,,False,keep,original
CELL|2022-10-19T13:14:11,23e08725c4b2b5848941a5d0ba08932d4cbdbc448dbfb51201c2d1e9c1c1e5cb,plan,ID202-WGA20XLV-3.czi,Microscopio/Microscopio- MJesus Sanchez 2023/Machos vs Hembras/1-Controles female (nmx and SuHx)/Controles (nmx and SuHx)-WGA/WGA Nmx Female/ID202-WGA20XLV-3.czi,6059264,identical re-save,78265df69b6d2b002baa94e29e42ca39c9f1a123be41dfc9e56e58f2319ef62a,ID202-WGA20XLV-3.czi,identical,2/2 tiles byte-identical to tiles of ID202-WGA20XLV-3.czi,Y,,False,resave-within-plan,"same name and second, pixel-identical: a re-save of ID202-WGA20XLV-3.czi; kept 78265df69b6d2b002baa94e29e42ca39c9f1a123be41dfc9e56e58f2319ef62a"
CELL|2022-10-19T13:14:11,78265df69b6d2b002baa94e29e42ca39c9f1a123be41dfc9e56e58f2319ef62a,plan,ID202-WGA20XLV-3.czi,Microscopio/Microscopio- MJesus Sanchez 2023/Machos vs Hembras/WGA/WGA Female Normoxia and SuHx Tanda 2/ID202-WGA20XLV-3.czi,6059264,original,,,,pixel-identical twins: ID202-WGA20XLV-3.czi,Y,,False,keep,original
CELL|2022-10-19T13:16:34,9a780b597d0efd09d2e49a80a98a0ac4e536d11a7277d956258bde7973d776ea,plan,ID202-WGA20XRV-2.czi,Microscopio/Microscopio- MJesus Sanchez 2023/Machos vs Hembras/1-Controles female (nmx and SuHx)/Controles (nmx and SuHx)-WGA/WGA Nmx Female/ID202-WGA20XRV-2.czi,6053792,identical re-save,31fbd7d5b8bac4bb70f102ad963ac1403481d55762fa4f5345bf5ee9a18f1e01,ID202-WGA20XRV-2.czi,identical,2/2 tiles byte-identical to tiles of ID202-WGA20XRV-2.czi,Y,,False,resave-within-plan,"same name and second, pixel-identical: a re-save of ID202-WGA20XRV-2.czi; kept 31fbd7d5b8bac4bb70f102ad963ac1403481d55762fa4f5345bf5ee9a18f1e01"
CELL|2022-10-19T13:16:34,31fbd7d5b8bac4bb70f102ad963ac1403481d55762fa4f5345bf5ee9a18f1e01,plan,ID202-WGA20XRV-2.czi,Microscopio/Microscopio- MJesus Sanchez 2023/Machos vs Hembras/WGA/WGA Female Normoxia and SuHx Tanda 2/ID202-WGA20XRV-2.czi,6053792,original,,,,pixel-identical twins: ID202-WGA20XRV-2.czi,Y,,False,keep,original
CELL|2022-10-19T13:23:44,c69c682431062fc60871b6814a9a4f40e836308139469a8aa64fea5f5350753c,plan,ID203-WGA20XRV-1.czi,Microscopio/Microscopio- MJesus Sanchez 2023/Machos vs Hembras/1-Controles female (nmx and SuHx)/Controles (nmx and SuHx)-WGA/WGA Nmx Female/ID203-WGA20XRV-1.czi,6057888,identical re-save,33b831603e17a6812dabcd2eaace01e331ee25479b024bcb453356bef8f1c38a,ID203-WGA20XRV-1.czi,identical,2/2 tiles byte-identical to tiles of ID203-WGA20XRV-1.czi,Y,,False,resave-within-plan,"same name and second, pixel-identical: a re-save of ID203-WGA20XRV-1.czi; kept 33b831603e17a6812dabcd2eaace01e331ee25479b024bcb453356bef8f1c38a"
CELL|2022-10-19T13:23:44,33b831603e17a6812dabcd2eaace01e331ee25479b024bcb453356bef8f1c38a,plan,ID203-WGA20XRV-1.czi,Microscopio/Microscopio- MJesus Sanchez 2023/Machos vs Hembras/WGA/WGA Female Normoxia and SuHx Tanda 2/ID203-WGA20XRV-1.czi,6057888,original,,,,pixel-identical twins: ID203-WGA20XRV-1.czi,Y,,False,keep,original
CELL|2022-10-19T13:24:26,8b728b928fb6a3d2ef77dc158b0dff12ae98045de40cbfc9ad1cbfe302d4b385,plan,ID203-WGA20XRV-2.czi,Microscopio/Microscopio- MJesus Sanchez 2023/Machos vs Hembras/1-Controles female (nmx and SuHx)/Controles (nmx and SuHx)-WGA/WGA Nmx Female/ID203-WGA20XRV-2.czi,6051424,identical re-save,49a6bbe30f438aa1a720adeded7914b696bb559ff5f4ddba287c84f395411996,ID203-WGA20XRV-2.czi,identical,2/2 tiles byte-identical to tiles of ID203-WGA20XRV-2.czi,Y,,False,resave-within-plan,"same name and second, pixel-identical: a re-save of ID203-WGA20XRV-2.czi; kept 49a6bbe30f438aa1a720adeded7914b696bb559ff5f4ddba287c84f395411996"
CELL|2022-10-19T13:24:26,49a6bbe30f438aa1a720adeded7914b696bb559ff5f4ddba287c84f395411996,plan,ID203-WGA20XRV-2.czi,Microscopio/Microscopio- MJesus Sanchez 2023/Machos vs Hembras/WGA/WGA Female Normoxia and SuHx Tanda 2/ID203-WGA20XRV-2.czi,6051424,original,,,,pixel-identical twins: ID203-WGA20XRV-2.czi,Y,,False,keep,original
CELL|2022-10-19T13:25:13,604f26e2fd729c04127b3065ace659d441409097bc2396f35948dfcd6e3a509a,plan,ID203-WGA20XRV-3.czi,Microscopio/Microscopio- MJesus Sanchez 2023/Machos vs Hembras/1-Controles female (nmx and SuHx)/Controles (nmx and SuHx)-WGA/WGA Nmx Female/ID203-WGA20XRV-3.czi,6055520,identical re-save,485fa053e1ad7e5beb4a9aadec59159d71d96164ea6302c389fc57380fa02925,ID203-WGA20XRV-3.czi,identical,2/2 tiles byte-identical to tiles of ID203-WGA20XRV-3.czi,Y,,False,resave-within-plan,"same name and second, pixel-identical: a re-save of ID203-WGA20XRV-3.czi; kept 485fa053e1ad7e5beb4a9aadec59159d71d96164ea6302c389fc57380fa02925"
CELL|2022-10-19T13:25:13,485fa053e1ad7e5beb4a9aadec59159d71d96164ea6302c389fc57380fa02925,plan,ID203-WGA20XRV-3.czi,Microscopio/Microscopio- MJesus Sanchez 2023/Machos vs Hembras/WGA/WGA Female Normoxia and SuHx Tanda 2/ID203-WGA20XRV-3.czi,6055520,original,,,,pixel-identical twins: ID203-WGA20XRV-3.czi,Y,,False,keep,original
CELL|2022-10-19T13:26:07,af66e5d6c7adb813b4808f26bc5a681d72c5230916edd8cb0707b2ceff199bde,plan,ID203-WGA20XLV-1.czi,Microscopio/Microscopio- MJesus Sanchez 2023/Machos vs Hembras/1-Controles female (nmx and SuHx)/Controles (nmx and SuHx)-WGA/WGA Nmx Female/ID203-WGA20XLV-1.czi,6059232,identical re-save,20a28dc04875218dba2132f8854941bc1628b4004149d839c14ab2970fdbcdf2,ID203-WGA20XLV-1.czi,identical,2/2 tiles byte-identical to tiles of ID203-WGA20XLV-1.czi,Y,,False,resave-within-plan,"same name and second, pixel-identical: a re-save of ID203-WGA20XLV-1.czi; kept 20a28dc04875218dba2132f8854941bc1628b4004149d839c14ab2970fdbcdf2"
CELL|2022-10-19T13:26:07,20a28dc04875218dba2132f8854941bc1628b4004149d839c14ab2970fdbcdf2,plan,ID203-WGA20XLV-1.czi,Microscopio/Microscopio- MJesus Sanchez 2023/Machos vs Hembras/WGA/WGA Female Normoxia and SuHx Tanda 2/ID203-WGA20XLV-1.czi,6059232,original,,,,pixel-identical twins: ID203-WGA20XLV-1.czi,Y,,False,keep,original
CELL|2022-10-19T13:28:58,66db623bd9d08fa35e33e590e53e32ed75d2f4728f82c7f58af699afae3e16b0,plan,ID203-WGA20XLV-2.czi,Microscopio/Microscopio- MJesus Sanchez 2023/Machos vs Hembras/1-Controles female (nmx and SuHx)/Controles (nmx and SuHx)-WGA/WGA Nmx Female/ID203-WGA20XLV-2.czi,6060224,identical re-save,0ce82fbe4f8f28164068b255615b48c2fd9d2a3861016daee298ea0a753db437,ID203-WGA20XLV-2.czi,identical,2/2 tiles byte-identical to tiles of ID203-WGA20XLV-2.czi,Y,,False,resave-within-plan,"same name and second, pixel-identical: a re-save of ID203-WGA20XLV-2.czi; kept 0ce82fbe4f8f28164068b255615b48c2fd9d2a3861016daee298ea0a753db437"
CELL|2022-10-19T13:28:58,0ce82fbe4f8f28164068b255615b48c2fd9d2a3861016daee298ea0a753db437,plan,ID203-WGA20XLV-2.czi,Microscopio/Microscopio- MJesus Sanchez 2023/Machos vs Hembras/WGA/WGA Female Normoxia and SuHx Tanda 2/ID203-WGA20XLV-2.czi,6060224,original,,,,pixel-identical twins: ID203-WGA20XLV-2.czi,Y,,False,keep,original
CELL|2022-10-19T13:32:04,536e2afc780533dd76b5bf95a228873fd0fdd2edc407d1a173d4ebd61f755009,plan,ID203-WGA20XLV-3.czi,Microscopio/Microscopio- MJesus Sanchez 2023/Machos vs Hembras/1-Controles female (nmx and SuHx)/Controles (nmx and SuHx)-WGA/WGA Nmx Female/ID203-WGA20XLV-3.czi,6062144,original,,,,pixel-identical twins: ID203-WGA20XLV-3.czi,Y,,False,resave-within-plan,"same name and second, pixel-identical: a re-save of ID203-WGA20XLV-3.czi; kept 821a360295cc75cb9871ca32982121435ce55ba558e4745bc030b1028862ffe7"
CELL|2022-10-19T13:32:04,821a360295cc75cb9871ca32982121435ce55ba558e4745bc030b1028862ffe7,plan,ID203-WGA20XLV-3.czi,Microscopio/Microscopio- MJesus Sanchez 2023/Machos vs Hembras/WGA/WGA Female Normoxia and SuHx Tanda 2/ID203-WGA20XLV-3.czi,6062144,identical re-save,536e2afc780533dd76b5bf95a228873fd0fdd2edc407d1a173d4ebd61f755009,ID203-WGA20XLV-3.czi,identical,2/2 tiles byte-identical to tiles of ID203-WGA20XLV-3.czi,Y,,False,keep,original
CELL|2022-10-19T13:40:21,bc724a5ef3323c81bc968e7abb7c75e385c413d6c59cc6c051bdf1e6aa2c1bcf,plan,ID209-WGA20XRV-1.czi,Microscopio/Microscopio- MJesus Sanchez 2023/Machos vs Hembras/1-Controles female (nmx and SuHx)/Controles (nmx and SuHx)-WGA/WGA SuHx Female/ID209-WGA20XRV-1.czi,6059072,identical re-save,014fd898c4f62f78a5eaea8452278059f667ad70a10fca08019095341bc3cb38,ID209-WGA20XRV-1.czi,identical,2/2 tiles byte-identical to tiles of ID209-WGA20XRV-1.czi,Y,,False,resave-within-plan,"same name and second, pixel-identical: a re-save of ID209-WGA20XRV-1.czi; kept 014fd898c4f62f78a5eaea8452278059f667ad70a10fca08019095341bc3cb38"
CELL|2022-10-19T13:40:21,014fd898c4f62f78a5eaea8452278059f667ad70a10fca08019095341bc3cb38,plan,ID209-WGA20XRV-1.czi,Microscopio/Microscopio- MJesus Sanchez 2023/Machos vs Hembras/WGA/WGA SuHx Female Tanda 2/ID209-WGA20XRV-1.czi,6059072,original,,,,pixel-identical twins: ID209-WGA20XRV-1.czi,Y,,False,keep,original
CELL|2022-10-19T13:41:42,d4fd84690c8c1aaaa78bf8095cb2fca58f800002eafa6b32f1892193508167b2,plan,ID209-WGA20XRV-2.czi,Microscopio/Microscopio- MJesus Sanchez 2023/Machos vs Hembras/1-Controles female (nmx and SuHx)/Controles (nmx and SuHx)-WGA/WGA SuHx Female/ID209-WGA20XRV-2.czi,6055264,identical re-save,e1f9edb65c63ce0b7af41f7f55b2824dced764277d89e4761b8c2d6881992d01,ID209-WGA20XRV-2.czi,identical,2/2 tiles byte-identical to tiles of ID209-WGA20XRV-2.czi,Y,,False,resave-within-plan,"same name and second, pixel-identical: a re-save of ID209-WGA20XRV-2.czi; kept e1f9edb65c63ce0b7af41f7f55b2824dced764277d89e4761b8c2d6881992d01"
CELL|2022-10-19T13:41:42,e1f9edb65c63ce0b7af41f7f55b2824dced764277d89e4761b8c2d6881992d01,plan,ID209-WGA20XRV-2.czi,Microscopio/Microscopio- MJesus Sanchez 2023/Machos vs Hembras/WGA/WGA SuHx Female Tanda 2/ID209-WGA20XRV-2.czi,6055264,original,,,,pixel-identical twins: ID209-WGA20XRV-2.czi,Y,,False,keep,original
CELL|2022-10-19T13:46:40,f5a19bf6181b2421e5c4f7b1a58fa0c37b97705c7b7b4a85ce28ec8838123432,plan,ID209-WGA20XLV-1.czi,Microscopio/Microscopio- MJesus Sanchez 2023/Machos vs Hembras/1-Controles female (nmx and SuHx)/Controles (nmx and SuHx)-WGA/WGA SuHx Female/ID209-WGA20XLV-1.czi,6060992,identical re-save,18cbd18f0e0cab8c28bc8404f7a4efb5f0e4c4be6f26f6de70e68cc6cf985e0c,ID209-WGA20XLV-1.czi,identical,2/2 tiles byte-identical to tiles of ID209-WGA20XLV-1.czi,Y,,False,resave-within-plan,"same name and second, pixel-identical: a re-save of ID209-WGA20XLV-1.czi; kept 18cbd18f0e0cab8c28bc8404f7a4efb5f0e4c4be6f26f6de70e68cc6cf985e0c"
CELL|2022-10-19T13:46:40,18cbd18f0e0cab8c28bc8404f7a4efb5f0e4c4be6f26f6de70e68cc6cf985e0c,plan,ID209-WGA20XLV-1.czi,Microscopio/Microscopio- MJesus Sanchez 2023/Machos vs Hembras/WGA/WGA SuHx Female Tanda 2/ID209-WGA20XLV-1.czi,6060992,original,,,,pixel-identical twins: ID209-WGA20XLV-1.czi,Y,,False,keep,original
CELL|2022-10-19T13:50:57,dc68406cafb85a11e3ffce04cd62472630a6cbd687a1c27a09cac3baa80798a8,plan,ID209-WGA20XLV-2.czi,Microscopio/Microscopio- MJesus Sanchez 2023/Machos vs Hembras/1-Controles female (nmx and SuHx)/Controles (nmx and SuHx)-WGA/WGA SuHx Female/ID209-WGA20XLV-2.czi,6060192,identical re-save,f4e31a60be5ad00c66a03d8f5f02551df2ba1c8106fe7e6ea7809bf1240c2ba2,ID209-WGA20XLV-2.czi,identical,2/2 tiles byte-identical to tiles of ID209-WGA20XLV-2.czi,Y,,False,resave-within-plan,"same name and second, pixel-identical: a re-save of ID209-WGA20XLV-2.czi; kept f4e31a60be5ad00c66a03d8f5f02551df2ba1c8106fe7e6ea7809bf1240c2ba2"
CELL|2022-10-19T13:50:57,f4e31a60be5ad00c66a03d8f5f02551df2ba1c8106fe7e6ea7809bf1240c2ba2,plan,ID209-WGA20XLV-2.czi,Microscopio/Microscopio- MJesus Sanchez 2023/Machos vs Hembras/WGA/WGA SuHx Female Tanda 2/ID209-WGA20XLV-2.czi,6060192,original,,,,pixel-identical twins: ID209-WGA20XLV-2.czi,Y,,False,keep,original
CELL|2022-10-19T13:57:18,48344edf76b9f804fe1bb6a8e63acd3e58ac94ba3f76823283c433295976e970,plan,ID208-WGA20XRV-1.czi,Microscopio/Microscopio- MJesus Sanchez 2023/Machos vs Hembras/1-Controles female (nmx and SuHx)/Controles (nmx and SuHx)-WGA/WGA SuHx Female/ID208-WGA20XRV-1.czi,6052032,identical re-save,60b8172e9421285dad577ce5a27624fcee88f0e8a0cacd1439f201245b7fc532,ID208-WGA20XRV-1.czi,identical,2/2 tiles byte-identical to tiles of ID208-WGA20XRV-1.czi,Y,,False,resave-within-plan,"same name and second, pixel-identical: a re-save of ID208-WGA20XRV-1.czi; kept 60b8172e9421285dad577ce5a27624fcee88f0e8a0cacd1439f201245b7fc532"
CELL|2022-10-19T13:57:18,60b8172e9421285dad577ce5a27624fcee88f0e8a0cacd1439f201245b7fc532,plan,ID208-WGA20XRV-1.czi,Microscopio/Microscopio- MJesus Sanchez 2023/Machos vs Hembras/WGA/WGA SuHx Female Tanda 2/ID208-WGA20XRV-1.czi,6052032,original,,,,pixel-identical twins: ID208-WGA20XRV-1.czi,Y,,False,keep,original
CELL|2022-10-19T13:58:38,bd23bbe412dfedb314826353f4cf6db31000bb6fe974717d4103d990bc404afd,plan,ID208-WGA20XRV-2.czi,Microscopio/Microscopio- MJesus Sanchez 2023/Machos vs Hembras/1-Controles female (nmx and SuHx)/Controles (nmx and SuHx)-WGA/WGA SuHx Female/ID208-WGA20XRV-2.czi,6058816,identical re-save,6ea158d861861df7413de087f42cd759d09788dc9788d94f221b7c86fdf9d535,ID208-WGA20XRV-2.czi,identical,2/2 tiles byte-identical to tiles of ID208-WGA20XRV-2.czi,Y,,False,resave-within-plan,"same name and second, pixel-identical: a re-save of ID208-WGA20XRV-2.czi; kept 6ea158d861861df7413de087f42cd759d09788dc9788d94f221b7c86fdf9d535"
CELL|2022-10-19T13:58:38,6ea158d861861df7413de087f42cd759d09788dc9788d94f221b7c86fdf9d535,plan,ID208-WGA20XRV-2.czi,Microscopio/Microscopio- MJesus Sanchez 2023/Machos vs Hembras/WGA/WGA SuHx Female Tanda 2/ID208-WGA20XRV-2.czi,6058816,original,,,,pixel-identical twins: ID208-WGA20XRV-2.czi,Y,,False,keep,original
CELL|2022-10-19T13:59:05,7614a0fc17176e48e0746be0d10cd0e34e9f4adc6cb24cb44d32cbb3a9d05d5b,plan,ID208-WGA20XlLV-1.czi,Microscopio/Microscopio- MJesus Sanchez 2023/Machos vs Hembras/1-Controles female (nmx and SuHx)/Controles (nmx and SuHx)-WGA/WGA SuHx Female/ID208-WGA20XlLV-1.czi,6061248,identical re-save,d2668be51a17f3fd07f75889c5b8311fb5e6fd9d48acc60d2c7e5acf81179f43,ID208-WGA20XlLV-1.czi,identical,2/2 tiles byte-identical to tiles of ID208-WGA20XlLV-1.czi,Y,,False,resave-within-plan,"same name and second, pixel-identical: a re-save of ID208-WGA20XlLV-1.czi; kept d2668be51a17f3fd07f75889c5b8311fb5e6fd9d48acc60d2c7e5acf81179f43"
CELL|2022-10-19T13:59:05,d2668be51a17f3fd07f75889c5b8311fb5e6fd9d48acc60d2c7e5acf81179f43,plan,ID208-WGA20XlLV-1.czi,Microscopio/Microscopio- MJesus Sanchez 2023/Machos vs Hembras/WGA/WGA SuHx Female Tanda 2/ID208-WGA20XlLV-1.czi,6061248,original,,,,pixel-identical twins: ID208-WGA20XlLV-1.czi,Y,,False,keep,original
CELL|2022-10-19T13:59:59,a42c053a2c1da4c853c421a2fb1660a5de6115719dd8eb5b7916b11f7e6edb16,plan,ID208-WGA20XLV-2.czi,Microscopio/Microscopio- MJesus Sanchez 2023/Machos vs Hembras/1-Controles female (nmx and SuHx)/Controles (nmx and SuHx)-WGA/WGA SuHx Female/ID208-WGA20XLV-2.czi,6059168,identical re-save,7a49cede62727f5e4058d4cc5d03572a5fbc9156c0587fe58d4e0633a856ae95,ID208-WGA20XLV-2.czi,identical,2/2 tiles byte-identical to tiles of ID208-WGA20XLV-2.czi,Y,,False,resave-within-plan,"same name and second, pixel-identical: a re-save of ID208-WGA20XLV-2.czi; kept 7a49cede62727f5e4058d4cc5d03572a5fbc9156c0587fe58d4e0633a856ae95"
CELL|2022-10-19T13:59:59,7a49cede62727f5e4058d4cc5d03572a5fbc9156c0587fe58d4e0633a856ae95,plan,ID208-WGA20XLV-2.czi,Microscopio/Microscopio- MJesus Sanchez 2023/Machos vs Hembras/WGA/WGA SuHx Female Tanda 2/ID208-WGA20XLV-2.czi,6059168,original,,,,pixel-identical twins: ID208-WGA20XLV-2.czi,Y,,False,keep,original
CELL|2022-10-19T14:01:01,b6a573f93c956f4e85ede647d346b3f7f56af80de296c6814a708e133323db1b,plan,ID208-WGA20XLV-3.czi,Microscopio/Microscopio- MJesus Sanchez 2023/Machos vs Hembras/1-Controles female (nmx and SuHx)/Controles (nmx and SuHx)-WGA/WGA SuHx Female/ID208-WGA20XLV-3.czi,6061536,identical re-save,891e37cfd66bb1a4299138dc6aa2b65eb9866d2be2d31c81e9bb7262965dde86,ID208-WGA20XLV-3.czi,identical,2/2 tiles byte-identical to tiles of ID208-WGA20XLV-3.czi,Y,,False,resave-within-plan,"same name and second, pixel-identical: a re-save of ID208-WGA20XLV-3.czi; kept 891e37cfd66bb1a4299138dc6aa2b65eb9866d2be2d31c81e9bb7262965dde86"
CELL|2022-10-19T14:01:01,891e37cfd66bb1a4299138dc6aa2b65eb9866d2be2d31c81e9bb7262965dde86,plan,ID208-WGA20XLV-3.czi,Microscopio/Microscopio- MJesus Sanchez 2023/Machos vs Hembras/WGA/WGA SuHx Female Tanda 2/ID208-WGA20XLV-3.czi,6061536,original,,,,pixel-identical twins: ID208-WGA20XLV-3.czi,Y,,False,keep,original
CELL|2023-01-12T10:46:51,e75d1a6d03c3cea75ae1b6e6b771950abbf3f76fcb037d3f54b44c006da513e5,plan,ID 121-K67SMA-20X-02.czi,Microscopio/Microscopio- MJesus Sanchez 2023/Machos vs Hembras/Controles Male (Nmx and SuHx)/4- Controles Male (Nmx and SuHx)- ki67 and SMA/ID 121-K67SMA-20X-02.czi,9467104,original,,,,pixel-identical twins: ID 121-K67SMA-20X-02.czi,Y,,False,resave-within-plan,"same name and second, pixel-identical: a re-save of ID 121-K67SMA-20X-02.czi; kept 9204540ded13283fc772ba47a95ff88f3c5b02a52e35509d104d36a9e3831437"
CELL|2023-01-12T10:46:51,9204540ded13283fc772ba47a95ff88f3c5b02a52e35509d104d36a9e3831437,plan,ID 121-K67SMA-20X-02.czi,Microscopio/Microscopio- MJesus Sanchez 2023/Machos vs Hembras/ki67 and SMA/4- Controles Male (Nmx and SuHx)- ki67 and SMA/ID 121-K67SMA-20X-02.czi,9467104,identical re-save,e75d1a6d03c3cea75ae1b6e6b771950abbf3f76fcb037d3f54b44c006da513e5,ID 121-K67SMA-20X-02.czi,identical,3/3 tiles byte-identical to tiles of ID 121-K67SMA-20X-02.czi,Y,,False,keep,original
CELL|2023-01-12T11:24:56,5e42434874e381a93436e2946c3696eadcb8c2e0fb9c02ba836f50195ddaef2f,plan,ID 135-K67SMA-20X-08.czi,Microscopio/Microscopio- MJesus Sanchez 2023/Machos vs Hembras/Controles Male (Nmx and SuHx)/4- Controles Male (Nmx and SuHx)- ki67 and SMA/ID 135-K67SMA-20X-08.czi,8951456,identical re-save,0fbd01018f6e80d596b0661ffc0aade5714ae02dac040ff051c1dc7cbb8637dd,ID 135-K67SMA-20X-08.czi,identical,3/3 tiles byte-identical to tiles of ID 135-K67SMA-20X-08.czi,Y,,False,resave-within-plan,"same name and second, pixel-identical: a re-save of ID 135-K67SMA-20X-08.czi; kept 0fbd01018f6e80d596b0661ffc0aade5714ae02dac040ff051c1dc7cbb8637dd"
CELL|2023-01-12T11:24:56,0fbd01018f6e80d596b0661ffc0aade5714ae02dac040ff051c1dc7cbb8637dd,plan,ID 135-K67SMA-20X-08.czi,Microscopio/Microscopio- MJesus Sanchez 2023/Machos vs Hembras/ki67 and SMA/4- Controles Male (Nmx and SuHx)- ki67 and SMA/ID 135-K67SMA-20X-08.czi,8951456,original,,,,pixel-identical twins: ID 135-K67SMA-20X-08.czi,Y,,False,keep,original
CELL|2023-01-12T11:25:39,815b368be98c934b30cd024829325115b27fb2fbaa6d95b191bb4be2eb9cb259,plan,ID 135-K67SMA-20X-09.czi,Microscopio/Microscopio- MJesus Sanchez 2023/Machos vs Hembras/Controles Male (Nmx and SuHx)/4- Controles Male (Nmx and SuHx)- ki67 and SMA/ID 135-K67SMA-20X-09.czi,8949664,original,,,,pixel-identical twins: ID 135-K67SMA-20X-09.czi,Y,,False,resave-within-plan,"same name and second, pixel-identical: a re-save of ID 135-K67SMA-20X-09.czi; kept 00a454090b6da895c335abaa2de5c3a8bac83823de0f0822dd9aa65a2978e6eb"
CELL|2023-01-12T11:25:39,00a454090b6da895c335abaa2de5c3a8bac83823de0f0822dd9aa65a2978e6eb,plan,ID 135-K67SMA-20X-09.czi,Microscopio/Microscopio- MJesus Sanchez 2023/Machos vs Hembras/ki67 and SMA/4- Controles Male (Nmx and SuHx)- ki67 and SMA/ID 135-K67SMA-20X-09.czi,8949664,identical re-save,815b368be98c934b30cd024829325115b27fb2fbaa6d95b191bb4be2eb9cb259,ID 135-K67SMA-20X-09.czi,identical,3/3 tiles byte-identical to tiles of ID 135-K67SMA-20X-09.czi,Y,,False,keep,original
CELL|2023-01-12T11:46:59,2489826ab6db5b18238c8165fae04b2c54ff1946cd713435126c142110aa42cd,plan,ID 145-K67SMA-20X-02.czi,Microscopio/Microscopio- MJesus Sanchez 2023/Machos vs Hembras/1-Controles female (nmx and SuHx)/Controles (nmx and SuHx)-kI67 and SMA/ID 145-K67SMA-20X-02.czi,8954208,original,,,,pixel-identical twins: ID 145-K67SMA-20X-02.czi,Y,,True,resave-within-plan,"same name and second, pixel-identical: a re-save of ID 145-K67SMA-20X-02.czi; kept 168263f464f7f280d51d35d9fff8ffeeb4f84c67c269b95a227a257459202803"
CELL|2023-01-12T11:46:59,168263f464f7f280d51d35d9fff8ffeeb4f84c67c269b95a227a257459202803,plan,ID 145-K67SMA-20X-02.czi,Microscopio/Microscopio- MJesus Sanchez 2023/Machos vs Hembras/ki67 and SMA/Controles (nmx and SuHx)-kI67 and SMA/ID 145-K67SMA-20X-02.czi,8954208,scale-bar copy,2489826ab6db5b18238c8165fae04b2c54ff1946cd713435126c142110aa42cd,ID 145-K67SMA-20X-02.czi,identical,3/3 tiles byte-identical to tiles of ID 145-K67SMA-20X-02.czi,Y,,True,keep,original
CELL|2023-01-12T12:11:39,12b548372339fca4c857fb7d64b8003c26b5ccfa859641251eac5bde4afd05a5,plan,ID 160-K67SMA-20X-06.czi,Microscopio/Microscopio- MJesus Sanchez 2023/Machos vs Hembras/1-Controles female (nmx and SuHx)/Controles (nmx and SuHx)-kI67 and SMA/ID 160-K67SMA-20X-06.czi,8952256,original,,,,pixel-identical twins: ID 160-K67SMA-20X-06.czi,Y,,False,resave-within-plan,"same name and second, pixel-identical: a re-save of ID 160-K67SMA-20X-06.czi; kept 64bcad8aaec00e398afe736b501a706267e445ba997a76a8648d9e08b1a4548f"
CELL|2023-01-12T12:11:39,64bcad8aaec00e398afe736b501a706267e445ba997a76a8648d9e08b1a4548f,plan,ID 160-K67SMA-20X-06.czi,Microscopio/Microscopio- MJesus Sanchez 2023/Machos vs Hembras/ki67 and SMA/Controles (nmx and SuHx)-kI67 and SMA/ID 160-K67SMA-20X-06.czi,8952256,identical re-save,12b548372339fca4c857fb7d64b8003c26b5ccfa859641251eac5bde4afd05a5,ID 160-K67SMA-20X-06.czi,identical,3/3 tiles byte-identical to tiles of ID 160-K67SMA-20X-06.czi,Y,,False,keep,original
CELL|2023-01-12T12:12:48,29b60bf58a515b02517038b5754f808e715c9ee6cb3f597ec69cbd69303b2584,plan,ID 160-K67SMA-20X-08.czi,Microscopio/Microscopio- MJesus Sanchez 2023/Machos vs Hembras/1-Controles female (nmx and SuHx)/Controles (nmx and SuHx)-kI67 and SMA/ID 160-K67SMA-20X-08.czi,8952448,original,,,,pixel-identical twins: ID 160-K67SMA-20X-08.czi,Y,,False,resave-within-plan,"same name and second, pixel-identical: a re-save of ID 160-K67SMA-20X-08.czi; kept 38ad2afea9fe07c50f1e58b43eb2441cbd2f0b5f74e1427e8bc2ce60b879f08e"
CELL|2023-01-12T12:12:48,38ad2afea9fe07c50f1e58b43eb2441cbd2f0b5f74e1427e8bc2ce60b879f08e,plan,ID 160-K67SMA-20X-08.czi,Microscopio/Microscopio- MJesus Sanchez 2023/Machos vs Hembras/ki67 and SMA/Controles (nmx and SuHx)-kI67 and SMA/ID 160-K67SMA-20X-08.czi,8952448,identical re-save,29b60bf58a515b02517038b5754f808e715c9ee6cb3f597ec69cbd69303b2584,ID 160-K67SMA-20X-08.czi,identical,3/3 tiles byte-identical to tiles of ID 160-K67SMA-20X-08.czi,Y,,False,keep,original
CELL|2023-01-12T12:25:11,deb0b658fdf9fa02c4cfbef85fa247c002a05a30df6da601862fdb91710faa39,plan,ID 161-K67SMA-20X-07.czi,Microscopio/Microscopio- MJesus Sanchez 2023/Machos vs Hembras/1-Controles female (nmx and SuHx)/Controles (nmx and SuHx)-kI67 and SMA/ID 161-K67SMA-20X-07.czi,8956896,original,,,,pixel-identical twins: ID 161-K67SMA-20X-07.czi,Y,,False,resave-within-plan,"same name and second, pixel-identical: a re-save of ID 161-K67SMA-20X-07.czi; kept 4364f18e271281a307db8bb37e4179db65e6356f88b94ec837d234ba0478d713"
CELL|2023-01-12T12:25:11,4364f18e271281a307db8bb37e4179db65e6356f88b94ec837d234ba0478d713,plan,ID 161-K67SMA-20X-07.czi,Microscopio/Microscopio- MJesus Sanchez 2023/Machos vs Hembras/ki67 and SMA/Controles (nmx and SuHx)-kI67 and SMA/ID 161-K67SMA-20X-07.czi,8956896,identical re-save,deb0b658fdf9fa02c4cfbef85fa247c002a05a30df6da601862fdb91710faa39,ID 161-K67SMA-20X-07.czi,identical,3/3 tiles byte-identical to tiles of ID 161-K67SMA-20X-07.czi,Y,,False,keep,original
CELL|2023-01-24T15:43:59,4188511b034952d1995bbcac3d6eb6c19d20aef9575fec45f7776dc09c5a088f,plan,ID199-Lung20X-1.czi,Microscopio/Microscopio- MJesus Sanchez 2023/Female Diets/3-KD female 0619/2- KD female 0619 - Masson/ID199-Lung20X-1.czi,30654144,original,,,,pixel-identical twins: ID199-Lung20X-1.czi,Y,,False,keep,original
CELL|2023-01-24T15:43:59,eed16ab7c203e39e342afe3a2f9f8fc908465bf4a1cc4df89040c2809a838de1,plan,ID199-Lung20X-1.czi,Microscopio/Microscopio- MJesus Sanchez 2023/Female Diets/4-HCH female 0619/2- HCH female 0619 - Masson/ID199-Lung20X-1.czi,30686624,identical re-save,4188511b034952d1995bbcac3d6eb6c19d20aef9575fec45f7776dc09c5a088f,ID199-Lung20X-1.czi,identical,1/1 tiles byte-identical to tiles of ID199-Lung20X-1.czi,Y,,False,resave-within-plan,"same name and second, pixel-identical: a re-save of ID199-Lung20X-1.czi; kept 4188511b034952d1995bbcac3d6eb6c19d20aef9575fec45f7776dc09c5a088f"
CELL|2023-01-24T15:51:58,5e89c964416222e00650069dadd882d524e6ffce4141fb8ba62bd46f080bab6f,plan,ID197-Lung20X-2.czi,Microscopio/Microscopio- MJesus Sanchez 2023/Female Diets/3-KD female 0619/2- KD female 0619 - Masson/ID197-Lung20X-2.czi,30658304,original,,,,pixel-identical twins: ID197-Lung20X-2.czi,Y,,False,keep,original
CELL|2023-01-24T15:51:58,f588367143b85fef5c484adf530db7640b90c01d22cae9722dc2d19ed812d8ac,plan,ID197-Lung20X-2.czi,Microscopio/Microscopio- MJesus Sanchez 2023/Female Diets/4-HCH female 0619/2- HCH female 0619 - Masson/ID197-Lung20X-2.czi,30696832,identical re-save,5e89c964416222e00650069dadd882d524e6ffce4141fb8ba62bd46f080bab6f,ID197-Lung20X-2.czi,identical,1/1 tiles byte-identical to tiles of ID197-Lung20X-2.czi,Y,,False,resave-within-plan,"same name and second, pixel-identical: a re-save of ID197-Lung20X-2.czi; kept 5e89c964416222e00650069dadd882d524e6ffce4141fb8ba62bd46f080bab6f"
CELL|2023-01-24T16:10:50,bb82c8698450dbe2f6147b8bcc5969daa109bba52fd30a4baaa98913e277e915,plan,WGA-ID207-RV1.czi,Microscopio/Microscopio- MJesus Sanchez 2023/Machos vs Hembras/1-Controles female (nmx and SuHx)/Controles (nmx and SuHx)-WGA/WGA SuHx Female/WGA-ID207-RV1.czi,6047616,identical re-save,aedb021d8d972f2f12d383377644b58388f4d8c759b9283bc7d601d1b16908b2,WGA-ID207-RV1.czi,identical,2/2 tiles byte-identical to tiles of WGA-ID207-RV1.czi,Y,,False,resave-within-plan,"same name and second, pixel-identical: a re-save of WGA-ID207-RV1.czi; kept aedb021d8d972f2f12d383377644b58388f4d8c759b9283bc7d601d1b16908b2"
CELL|2023-01-24T16:10:50,aedb021d8d972f2f12d383377644b58388f4d8c759b9283bc7d601d1b16908b2,plan,WGA-ID207-RV1.czi,Microscopio/Microscopio- MJesus Sanchez 2023/Machos vs Hembras/WGA/WGA SuHx Female Tanda 2/WGA-ID207-RV1.czi,6047616,original,,,,pixel-identical twins: WGA-ID207-RV1.czi,Y,,False,keep,original
CELL|2023-01-24T16:11:34,0b7493222f74f56d9de5e62a5a03cafea7e8288721b4f9fb9c46daadd6af8c73,plan,WGA-ID207-RV2.czi,Microscopio/Microscopio- MJesus Sanchez 2023/Machos vs Hembras/1-Controles female (nmx and SuHx)/Controles (nmx and SuHx)-WGA/WGA SuHx Female/WGA-ID207-RV2.czi,6046112,identical re-save,8b717105a97213cf20894703d2e2fb82d87629d8f4274d5ad29b8dc2bdfea35e,WGA-ID207-RV2.czi,identical,2/2 tiles byte-identical to tiles of WGA-ID207-RV2.czi,Y,,False,resave-within-plan,"same name and second, pixel-identical: a re-save of WGA-ID207-RV2.czi; kept 8b717105a97213cf20894703d2e2fb82d87629d8f4274d5ad29b8dc2bdfea35e"
CELL|2023-01-24T16:11:34,8b717105a97213cf20894703d2e2fb82d87629d8f4274d5ad29b8dc2bdfea35e,plan,WGA-ID207-RV2.czi,Microscopio/Microscopio- MJesus Sanchez 2023/Machos vs Hembras/WGA/WGA SuHx Female Tanda 2/WGA-ID207-RV2.czi,6046112,original,,,,pixel-identical twins: WGA-ID207-RV2.czi,Y,,False,keep,original
CELL|2023-01-24T16:11:50,439812fe9ea6a3c6452d648725f4251f294e33451c25a14f30a27817846ddf70,plan,WGA-ID207-LV2.czi,Microscopio/Microscopio- MJesus Sanchez 2023/Machos vs Hembras/1-Controles female (nmx and SuHx)/Controles (nmx and SuHx)-WGA/WGA SuHx Female/WGA-ID207-LV2.czi,6048064,identical re-save,531a7328299b86b3a5d423216d4d3b0a3dad3e5e0d9ab3366bec046036c6bcb4,WGA-ID207-LV2.czi,identical,2/2 tiles byte-identical to tiles of WGA-ID207-LV2.czi,Y,,False,resave-within-plan,"same name and second, pixel-identical: a re-save of WGA-ID207-LV2.czi; kept 531a7328299b86b3a5d423216d4d3b0a3dad3e5e0d9ab3366bec046036c6bcb4"
CELL|2023-01-24T16:11:50,531a7328299b86b3a5d423216d4d3b0a3dad3e5e0d9ab3366bec046036c6bcb4,plan,WGA-ID207-LV2.czi,Microscopio/Microscopio- MJesus Sanchez 2023/Machos vs Hembras/WGA/WGA SuHx Female Tanda 2/WGA-ID207-LV2.czi,6048064,original,,,,pixel-identical twins: WGA-ID207-LV2.czi,Y,,False,keep,original
CELL|2023-01-24T16:12:04,05cf240676ea6a223c8f7e71e3fdae42322ce036c3999c39fdcacd7e246a40da,plan,WGA-ID207-LV3.czi,Microscopio/Microscopio- MJesus Sanchez 2023/Machos vs Hembras/1-Controles female (nmx and SuHx)/Controles (nmx and SuHx)-WGA/WGA SuHx Female/WGA-ID207-LV3.czi,6048576,identical re-save,5701bf0b241fd4e42d6145eb46d916f5714ed524cf6b38a74dd19f17f5a2fe8e,WGA-ID207-LV3.czi,identical,2/2 tiles byte-identical to tiles of WGA-ID207-LV3.czi,Y,,False,resave-within-plan,"same name and second, pixel-identical: a re-save of WGA-ID207-LV3.czi; kept 5701bf0b241fd4e42d6145eb46d916f5714ed524cf6b38a74dd19f17f5a2fe8e"
CELL|2023-01-24T16:12:04,5701bf0b241fd4e42d6145eb46d916f5714ed524cf6b38a74dd19f17f5a2fe8e,plan,WGA-ID207-LV3.czi,Microscopio/Microscopio- MJesus Sanchez 2023/Machos vs Hembras/WGA/WGA SuHx Female Tanda 2/WGA-ID207-LV3.czi,6048576,original,,,,pixel-identical twins: WGA-ID207-LV3.czi,Y,,False,keep,original
CELL|2023-01-24T16:12:28,9f083f0e2fa2bdf944be16620bb62136f7d10e800feb124f38e300be3e8a8d32,plan,WGA-ID207-LV1.czi,Microscopio/Microscopio- MJesus Sanchez 2023/Machos vs Hembras/1-Controles female (nmx and SuHx)/Controles (nmx and SuHx)-WGA/WGA SuHx Female/WGA-ID207-LV1.czi,6048672,identical re-save,9146b7397869998383a764c64ef4a2b78e69161766fba406229e8256ff17ec74,WGA-ID207-LV1.czi,identical,2/2 tiles byte-identical to tiles of WGA-ID207-LV1.czi,Y,,False,resave-within-plan,"same name and second, pixel-identical: a re-save of WGA-ID207-LV1.czi; kept 9146b7397869998383a764c64ef4a2b78e69161766fba406229e8256ff17ec74"
CELL|2023-01-24T16:12:28,9146b7397869998383a764c64ef4a2b78e69161766fba406229e8256ff17ec74,plan,WGA-ID207-LV1.czi,Microscopio/Microscopio- MJesus Sanchez 2023/Machos vs Hembras/WGA/WGA SuHx Female Tanda 2/WGA-ID207-LV1.czi,6048672,original,,,,pixel-identical twins: WGA-ID207-LV1.czi,Y,,False,keep,original
CELL|2023-01-25T10:51:24,62178e1feadcd5aaa8b749b6251085c9cabefe2d1a69cd2f80a721b2b1359f10,plan,ID138-ki67SMA-230125-20x-5.czi,Microscopio/Microscopio- MJesus Sanchez 2023/Machos vs Hembras/Controles Male (Nmx and SuHx)/4- Controles Male (Nmx and SuHx)- ki67 and SMA/230125 Más muestras/ID138-ki67SMA-230125-20x-5.czi,8948544,identical re-save,56c68ac5cb48aa7fa0520ab0bcbeb058b3106f4b0e5fb3296e6a84377f3f834b,ID138-ki67SMA-230125-20x-5.czi,identical,3/3 tiles byte-identical to tiles of ID138-ki67SMA-230125-20x-5.czi,Y,,False,resave-within-plan,"same name and second, pixel-identical: a re-save of ID138-ki67SMA-230125-20x-5.czi; kept 56c68ac5cb48aa7fa0520ab0bcbeb058b3106f4b0e5fb3296e6a84377f3f834b"
CELL|2023-01-25T10:51:24,56c68ac5cb48aa7fa0520ab0bcbeb058b3106f4b0e5fb3296e6a84377f3f834b,plan,ID138-ki67SMA-230125-20x-5.czi,Microscopio/Microscopio- MJesus Sanchez 2023/Machos vs Hembras/ki67 and SMA/4- Controles Male (Nmx and SuHx)- ki67 and SMA/230125 Más muestras/ID138-ki67SMA-230125-20x-5.czi,8933856,original,,,,pixel-identical twins: ID138-ki67SMA-230125-20x-5.czi,Y,,False,keep,original
CELL|2023-01-25T10:57:05,2a1e45095793a02f449eeff5fff98b69befd793e6d17e74ec565012fa245d1b8,plan,ID136-ki67SMA-230125-20x-1.czi,Microscopio/Microscopio- MJesus Sanchez 2023/Machos vs Hembras/Controles Male (Nmx and SuHx)/4- Controles Male (Nmx and SuHx)- ki67 and SMA/230125 Más muestras/ID136-ki67SMA-230125-20x-1.czi,8961600,identical re-save,d147d1632a9e11454066d93ffd9651cce564368fc7e0ca88a9b267c8f485f84f,ID136-ki67SMA-230125-20x-1.czi,identical,3/3 tiles byte-identical to tiles of ID136-ki67SMA-230125-20x-1.czi,Y,,False,resave-within-plan,"same name and second, pixel-identical: a re-save of ID136-ki67SMA-230125-20x-1.czi; kept d147d1632a9e11454066d93ffd9651cce564368fc7e0ca88a9b267c8f485f84f"
CELL|2023-01-25T10:57:05,d147d1632a9e11454066d93ffd9651cce564368fc7e0ca88a9b267c8f485f84f,plan,ID136-ki67SMA-230125-20x-1.czi,Microscopio/Microscopio- MJesus Sanchez 2023/Machos vs Hembras/ki67 and SMA/4- Controles Male (Nmx and SuHx)- ki67 and SMA/230125 Más muestras/ID136-ki67SMA-230125-20x-1.czi,8935552,original,,,,pixel-identical twins: ID136-ki67SMA-230125-20x-1.czi,Y,,False,keep,original
CELL|2023-01-25T11:19:22,22367ab2b329e284887dcc03a9e35731239347509f3b43d9fad8a3fdd7b89f4d,plan,ID137-ki67SMA-230125-20x-6.czi,Microscopio/Microscopio- MJesus Sanchez 2023/Machos vs Hembras/Controles Male (Nmx and SuHx)/4- Controles Male (Nmx and SuHx)- ki67 and SMA/230125 Más muestras/ID137-ki67SMA-230125-20x-6.czi,8936384,identical re-save,f9c7237d21cb8f6f19b74ba0e391af58f4b3ccfa2e94c5cfa548bdd267853ba0,ID137-ki67SMA-230125-20x-6.czi,identical,3/3 tiles byte-identical to tiles of ID137-ki67SMA-230125-20x-6.czi,Y,,False,resave-within-plan,"same name and second, pixel-identical: a re-save of ID137-ki67SMA-230125-20x-6.czi; kept f9c7237d21cb8f6f19b74ba0e391af58f4b3ccfa2e94c5cfa548bdd267853ba0"
CELL|2023-01-25T11:19:22,f9c7237d21cb8f6f19b74ba0e391af58f4b3ccfa2e94c5cfa548bdd267853ba0,plan,ID137-ki67SMA-230125-20x-6.czi,Microscopio/Microscopio- MJesus Sanchez 2023/Machos vs Hembras/ki67 and SMA/4- Controles Male (Nmx and SuHx)- ki67 and SMA/230125 Más muestras/ID137-ki67SMA-230125-20x-6.czi,8936384,original,,,,pixel-identical twins: ID137-ki67SMA-230125-20x-6.czi,Y,,False,keep,original
CELL|2023-01-25T11:25:46,41fae46b8129a37f9bf751a8c74d3cc2941562f67799a6e224cf86b75f38d28d,plan,ID124-ki67SMA-230125-20x-3.czi,Microscopio/Microscopio- MJesus Sanchez 2023/Machos vs Hembras/Controles Male (Nmx and SuHx)/4- Controles Male (Nmx and SuHx)- ki67 and SMA/230125 Más muestras/ID124-ki67SMA-230125-20x-3.czi,8955424,identical re-save,d0c9c4970e151159d8250c474d2fb492be4ba0bff60c153bd8ee0bd06ad05118,ID124-ki67SMA-230125-20x-3.czi,identical,3/3 tiles byte-identical to tiles of ID124-ki67SMA-230125-20x-3.czi,Y,,False,resave-within-plan,"same name and second, pixel-identical: a re-save of ID124-ki67SMA-230125-20x-3.czi; kept d0c9c4970e151159d8250c474d2fb492be4ba0bff60c153bd8ee0bd06ad05118"
CELL|2023-01-25T11:25:46,d0c9c4970e151159d8250c474d2fb492be4ba0bff60c153bd8ee0bd06ad05118,plan,ID124-ki67SMA-230125-20x-3.czi,Microscopio/Microscopio- MJesus Sanchez 2023/Machos vs Hembras/ki67 and SMA/4- Controles Male (Nmx and SuHx)- ki67 and SMA/230125 Más muestras/ID124-ki67SMA-230125-20x-3.czi,8934944,original,,,,pixel-identical twins: ID124-ki67SMA-230125-20x-3.czi,Y,,False,keep,original
CELL|2023-01-25T11:32:53,19a9ce8d9bd2d964b455b255ea567279b1bec2457f8dbbecb5f426a38e27588e,plan,ID125-ki67SMA-230125-20x-3.czi,Microscopio/Microscopio- MJesus Sanchez 2023/Machos vs Hembras/Controles Male (Nmx and SuHx)/4- Controles Male (Nmx and SuHx)- ki67 and SMA/230125 Más muestras/ID125-ki67SMA-230125-20x-3.czi,8933568,identical re-save,87a0d633bc446b366934e801ecc19cf04b4d821c621348a741b8217715e4a59c,ID125-ki67SMA-230125-20x-3.czi,identical,3/3 tiles byte-identical to tiles of ID125-ki67SMA-230125-20x-3.czi,Y,,False,resave-within-plan,"same name and second, pixel-identical: a re-save of ID125-ki67SMA-230125-20x-3.czi; kept 87a0d633bc446b366934e801ecc19cf04b4d821c621348a741b8217715e4a59c"
CELL|2023-01-25T11:32:53,87a0d633bc446b366934e801ecc19cf04b4d821c621348a741b8217715e4a59c,plan,ID125-ki67SMA-230125-20x-3.czi,Microscopio/Microscopio- MJesus Sanchez 2023/Machos vs Hembras/ki67 and SMA/4- Controles Male (Nmx and SuHx)- ki67 and SMA/230125 Más muestras/ID125-ki67SMA-230125-20x-3.czi,8933568,original,,,,pixel-identical twins: ID125-ki67SMA-230125-20x-3.czi,Y,,False,keep,original
CELL|2023-01-25T15:10:15,ed13bba01e6c9441ba331b19c3449d52d985e67257d8b4fd6bdfa7c15cb5eda8,plan,ID201-Lung20X-6.czi,Microscopio/Microscopio- MJesus Sanchez 2023/Machos vs Hembras/1-Controles female (nmx and SuHx)/Controles (nmx and SuHx)-Masson/ID201-Lung20X-6.czi,31183904,original,,,,pixel-identical twins: ID201-Lung20X-6.czi,Y,,False,resave-within-plan,"same name and second, pixel-identical: a re-save of ID201-Lung20X-6.czi; kept 3cbf0cac89b2f9ece002df58308a3fe39bc6a0310e39001163cfab3d5d8e1a2b"
CELL|2023-01-25T15:10:15,3cbf0cac89b2f9ece002df58308a3fe39bc6a0310e39001163cfab3d5d8e1a2b,plan,ID201-Lung20X-6.czi,Microscopio/Microscopio- MJesus Sanchez 2023/Machos vs Hembras/Mason lungs/Female-Masson-Controles (nmx and SuHx)/ID201-Lung20X-6.czi,31183904,identical re-save,ed13bba01e6c9441ba331b19c3449d52d985e67257d8b4fd6bdfa7c15cb5eda8,ID201-Lung20X-6.czi,identical,1/1 tiles byte-identical to tiles of ID201-Lung20X-6.czi,Y,,False,keep,original
CELL|2023-02-14T15:32:50,71dddcb9aa3da8babae293c3bdf100ec8fc1a7908b982061ec64a21402d7ac9e,plan,ID75-Masson-LV-ROI-20x.czi,Microscopio/Microscopio- MJesus Sanchez 2023/Machos vs Hembras/Masson/ID75-Masson-LV-ROI-20x.czi,4227008,export: crop,13e114e56133d4dd3bb10ceceebe3fd2f5c11484676d01c492bf2f4edae2bc8e,ID 75 RV 20X masson.czi,crop,"1/1 tiles are byte-exact sub-rectangles of tiles of ID 75 RV 20X masson.czi, one offset (90, 955)",Y,,False,derivative-nonraw,export: crop of ID 75 RV 20X masson.czi; -> nonraw_derived.csv
CELL|2023-02-14T15:32:50,13e114e56133d4dd3bb10ceceebe3fd2f5c11484676d01c492bf2f4edae2bc8e,plan,ID 75 RV 20X masson.czi,Microscopio/Microscopio- MJesus Sanchez 2023/Machos vs Hembras/heart- Masson and HE/ID 75 RV 20X masson.czi,30649888,original,,,,,Y,,False,keep,original
CELL|2023-02-14T15:33:38,416d403eaec65043a0f2d3380727048f83f4b269a2131c0a8025896751f1c45c,plan,ID75-Masson-RV-ROI-20x.czi,Microscopio/Microscopio- MJesus Sanchez 2023/Machos vs Hembras/Masson/ID75-Masson-RV-ROI-20x.czi,4229600,export: crop,5410dd27c392c65e8192db180cbd9d8c1b08ee5387534fb96dceb5089459cfa5,ID 75 LV 20X masson.czi,crop,"1/1 tiles are byte-exact sub-rectangles of tiles of ID 75 LV 20X masson.czi, one offset (1160, 783)",Y,,False,derivative-nonraw,export: crop of ID 75 LV 20X masson.czi; -> nonraw_derived.csv
CELL|2023-02-14T15:33:38,5410dd27c392c65e8192db180cbd9d8c1b08ee5387534fb96dceb5089459cfa5,plan,ID 75 LV 20X masson.czi,Microscopio/Microscopio- MJesus Sanchez 2023/Machos vs Hembras/heart- Masson and HE/ID 75 LV 20X masson.czi,30653184,original,,,,pixel-identical twins: ID 75 LV 20X masson.czi,Y,,False,keep,original
CELL|2023-02-14T15:33:38,746ecb5bd322eaa9d595f3833437baeb50bda47ffc7a07ae3e5a64011ec2be90,plan,ID 75 LV 20X masson.czi,Microscopio/Microscopio- MJesus Sanchez 2023/Machos vs Hembras/heart- Masson and HE/Masson/ID 75 LV 20X masson.czi,30935136,scale-bar copy,5410dd27c392c65e8192db180cbd9d8c1b08ee5387534fb96dceb5089459cfa5,ID 75 LV 20X masson.czi,identical,1/1 tiles byte-identical to tiles of ID 75 LV 20X masson.czi,Y,,True,derivative-nonraw,"a scale-bar copy of ID 75 LV 20X masson.czi under the same name (pixel-identical, an annotation layer added): the project folder; -> nonraw_derived.csv"
CELL|2023-02-14T15:36:08,e1a50bdfed6da1b1734ac251046509d5c58a4a2c1c996679186c6aaeed995f56,plan,ID 75 10X Masson.czi,Microscopio/Microscopio- MJesus Sanchez 2023/Machos vs Hembras/heart- Masson and HE/ID 75 10X Masson.czi,693304512,original,,,,,Y,,False,keep,original
CELL|2023-02-14T15:36:08,b60f5ba59afc22f6665c9eb3f659cea02d21f8601121073a6600640d004e137a,plan,ID 75 10X ROI Masson.czi,Microscopio/Microscopio- MJesus Sanchez 2023/Machos vs Hembras/heart- Masson and HE/ID 75 10X ROI Masson.czi,347261280,export: crop,e1a50bdfed6da1b1734ac251046509d5c58a4a2c1c996679186c6aaeed995f56,ID 75 10X Masson.czi,crop,"20/20 tiles are byte-exact sub-rectangles of tiles of ID 75 10X Masson.czi, one offset (1119, 1364)",Y,,False,derivative-nonraw,export: crop of ID 75 10X Masson.czi; -> nonraw_derived.csv
CELL|2023-02-14T15:49:24,61d9308b6e4dbbb928d46f175e94d6a2298ce3eafb521644beda6bcb4392f4d1,plan,ID 113 10X Masson.czi,Microscopio/Microscopio- MJesus Sanchez 2023/Machos vs Hembras/heart- Masson and HE/ID 113 10X Masson.czi,693004608,original,,,,,Y,,False,keep,original
CELL|2023-02-14T15:49:24,8b94c377d0727acc2659366628a9f733426494dfe822b240a822c40cf6e7eb05,plan,ID 113 10X ROI Masson.czi,Microscopio/Microscopio- MJesus Sanchez 2023/Machos vs Hembras/heart- Masson and HE/ID 113 10X ROI Masson.czi,301754144,export: crop,61d9308b6e4dbbb928d46f175e94d6a2298ce3eafb521644beda6bcb4392f4d1,ID 113 10X Masson.czi,crop,"16/16 tiles are byte-exact sub-rectangles of tiles of ID 113 10X Masson.czi, one offset (1317, 1364)",Y,,False,derivative-nonraw,export: crop of ID 113 10X Masson.czi; -> nonraw_derived.csv
CELL|2023-02-14T15:57:00,cefeb1541ef4d303fec548e8e9dacf585e497dd480451487246281f5e609e6af,plan,ID 207 10X Masson.czi,Microscopio/Microscopio- MJesus Sanchez 2023/Machos vs Hembras/heart- Masson and HE/ID 207 10X Masson.czi,555220352,original,,,,,Y,,False,keep,original
CELL|2023-02-14T15:57:00,6eb38a3d22179d697d9ede6a06f3555cf01f74566d6152bf9cc1a758b2d0fd0f,plan,ID 207 10X ROI Masson.czi,Microscopio/Microscopio- MJesus Sanchez 2023/Machos vs Hembras/heart- Masson and HE/ID 207 10X ROI Masson.czi,261269856,export: crop,cefeb1541ef4d303fec548e8e9dacf585e497dd480451487246281f5e609e6af,ID 207 10X Masson.czi,crop,"16/16 tiles are byte-exact sub-rectangles of tiles of ID 207 10X Masson.czi, one offset (1742, 676)",Y,,False,derivative-nonraw,export: crop of ID 207 10X Masson.czi; -> nonraw_derived.csv
CELL|2023-02-14T15:59:22,4339ae9713890fa71c5d55239cd5a28903f5d606ce087d024e2a40ca6da7e28e,plan,ID 207 10X ROI LV Masson.czi,Microscopio/Microscopio- MJesus Sanchez 2023/Machos vs Hembras/heart- Masson and HE/ID 207 10X ROI LV Masson.czi,4232288,export: crop,a159089553b065ba0758dc8c2873a27125349433af1b554e1b25a85e13b9ad81,ID 207 LV 20X Masson.czi,crop,"1/1 tiles are byte-exact sub-rectangles of tiles of ID 207 LV 20X Masson.czi, one offset (202, 262)",Y,,False,derivative-nonraw,export: crop of ID 207 LV 20X Masson.czi; -> nonraw_derived.csv
CELL|2023-02-14T15:59:22,a159089553b065ba0758dc8c2873a27125349433af1b554e1b25a85e13b9ad81,plan,ID 207 LV 20X Masson.czi,Microscopio/Microscopio- MJesus Sanchez 2023/Machos vs Hembras/heart- Masson and HE/ID 207 LV 20X Masson.czi,30655040,original,,,,,Y,,False,keep,original
CELL|2023-02-14T15:59:51,9d268b78da745283cda605155d53dd54db57212e75a1f74095a431c4f72f0576,plan,ID 207 10X ROI RV Masson.czi,Microscopio/Microscopio- MJesus Sanchez 2023/Machos vs Hembras/heart- Masson and HE/ID 207 10X ROI RV Masson.czi,4229760,export: crop,7f39ff32684fb37a4ad3e0520a05ae45b7fe520e421cc93098d2d578c6cb9871,ID 207 RV 20X Masson.czi,crop,"1/1 tiles are byte-exact sub-rectangles of tiles of ID 207 RV 20X Masson.czi, one offset (676, 779)",Y,,False,derivative-nonraw,export: crop of ID 207 RV 20X Masson.czi; -> nonraw_derived.csv
CELL|2023-02-14T15:59:51,7f39ff32684fb37a4ad3e0520a05ae45b7fe520e421cc93098d2d578c6cb9871,plan,ID 207 RV 20X Masson.czi,Microscopio/Microscopio- MJesus Sanchez 2023/Machos vs Hembras/heart- Masson and HE/ID 207 RV 20X Masson.czi,30645216,original,,,,,Y,,False,keep,original
CELL|2023-02-14T16:13:32,f5a014de36de5deaa4a818f7510c088919051d7edb312412413db1c62e872630,plan,ID 203 10X Masson ROI.czi,Microscopio/Microscopio- MJesus Sanchez 2023/Machos vs Hembras/heart- Masson and HE/ID 203 10X Masson ROI.czi,386167904,export: crop,2d9a421fe01a0e6d5df1a301b3a5ce18c84edf0f98a7639537b22c7ed84febf4,ID 203 10X Masson.czi,crop,"16/16 tiles are byte-exact sub-rectangles of tiles of ID 203 10X Masson.czi, one offset (1668, 750)",Y,,False,derivative-nonraw,export: crop of ID 203 10X Masson.czi; -> nonraw_derived.csv
CELL|2023-02-14T16:13:32,2d9a421fe01a0e6d5df1a301b3a5ce18c84edf0f98a7639537b22c7ed84febf4,plan,ID 203 10X Masson.czi,Microscopio/Microscopio- MJesus Sanchez 2023/Machos vs Hembras/heart- Masson and HE/ID 203 10X Masson.czi,693426432,original,,,,,Y,,False,keep,original
CELL|2023-02-14T16:16:18,0a03a58ea542b22439a947df930c7031edf302d292d5dcd3cce75cf77f9333b0,plan,ID 203 ROI masson RV.czi,Microscopio/Microscopio- MJesus Sanchez 2023/Machos vs Hembras/heart- Masson and HE/ID 203 ROI masson RV.czi,4225856,export: crop,6bafcefe2e6f6c8dcc683e1e2375b76a679fed47d7798a0cac02950e6a9a82ce,ID 203 RV 20X Masson.czi,crop,"1/1 tiles are byte-exact sub-rectangles of tiles of ID 203 RV 20X Masson.czi, one offset (791, 258)",Y,,False,derivative-nonraw,export: crop of ID 203 RV 20X Masson.czi; -> nonraw_derived.csv
CELL|2023-02-14T16:16:18,6bafcefe2e6f6c8dcc683e1e2375b76a679fed47d7798a0cac02950e6a9a82ce,plan,ID 203 RV 20X Masson.czi,Microscopio/Microscopio- MJesus Sanchez 2023/Machos vs Hembras/heart- Masson and HE/ID 203 RV 20X Masson.czi,30644640,original,,,,,Y,,False,keep,original
CELL|2023-02-14T16:17:12,38465269e2442abd4d12f6f0f994be6d6e9b2b1c0ca581b959153ce1c8a828a4,plan,ID 203 LV 20X Masson.czi,Microscopio/Microscopio- MJesus Sanchez 2023/Machos vs Hembras/heart- Masson and HE/ID 203 LV 20X Masson.czi,30653152,original,,,,,Y,,False,keep,original
CELL|2023-02-14T16:17:12,00591555e406227c18bfbc9237e79bb01cc1651fee1206b13b012c0fd7c596f2,plan,ID 203 ROI masson LV.czi,Microscopio/Microscopio- MJesus Sanchez 2023/Machos vs Hembras/heart- Masson and HE/ID 203 ROI masson LV.czi,4229120,export: crop,38465269e2442abd4d12f6f0f994be6d6e9b2b1c0ca581b959153ce1c8a828a4,ID 203 LV 20X Masson.czi,crop,"1/1 tiles are byte-exact sub-rectangles of tiles of ID 203 LV 20X Masson.czi, one offset (679, 409)",Y,,False,derivative-nonraw,export: crop of ID 203 LV 20X Masson.czi; -> nonraw_derived.csv
CELL|2023-04-20T12:02:02,4fc9d0012498e3721c8796d867008895d54c4e22cba97f74d44493de757db425,plan,TM_ID5H_10x.czi,Microscopio/Microscopio- MJesus Sanchez 2023/Male Diets/MJS_TM_0522/TM_ID5H_10x.czi,327775328,scale-bar copy,ACQ-20230420-CELL-021,TM_ID5H_10x.czi,identical,16/16 tiles byte-identical to tiles of TM_ID5H_10x.czi,Y,,True,resave-of-production,"same name and second, pixel-identical: a re-save of production ACQ-20230420-CELL-021; kept ACQ-20230420-CELL-021"
CELL|2023-04-20T12:02:02,ACQ-20230420-CELL-021,production,TM_ID5H_10x.czi,ACQ-20230420-CELL-021,291884032,original,,,,pixel-identical twins: TM_ID5H_10x.czi,Y,,True,production (read only),
CELL|2023-04-24T09:37:40,dc09837ce2dd2a2a0cb7a7ed36b9dc48fe9d9c8df4445e86836767d9256efa1e,plan,TM_ID209H_10x.czi,Microscopio/Microscopio- MJesus Sanchez 2023/Female Diets/MJS_TM_0619 Dietas/TM_ID209H_10x.czi,265060384,original,,,,pixel-identical twins: TM_ID209H_10x.czi,Y,,True,resave-of-production,"same name and second, pixel-identical: a re-save of production ACQ-20230424-CELL-021; kept ACQ-20230424-CELL-021"
CELL|2023-04-24T09:37:40,ACQ-20230424-CELL-021,production,TM_ID209H_10x.czi,ACQ-20230424-CELL-021,298134752,scale-bar copy,dc09837ce2dd2a2a0cb7a7ed36b9dc48fe9d9c8df4445e86836767d9256efa1e,TM_ID209H_10x.czi,identical,16/16 tiles byte-identical to tiles of TM_ID209H_10x.czi,Y,,True,production (read only),
CELL|2023-04-24T14:29:50,3e3a5f5713ed6bb548b4039ab9f2f4ac788345f1279c0bd70c56624a448e6ce9,plan,230424-ID204-LV1-WGA.czi,Microscopio/Microscopio- MJesus Sanchez 2023/Machos vs Hembras/1-Controles female (nmx and SuHx)/Controles (nmx and SuHx)-WGA/WGA Nmx Female/230424-ID204-LV1-WGA.czi,6049088,identical re-save,117c052e67099b6d402edb9170677178da7ece785975a6454b01cecd438d45f1,230424-ID204-LV1-WGA.czi,identical,2/2 tiles byte-identical to tiles of 230424-ID204-LV1-WGA.czi,Y,,False,resave-within-plan,"same name and second, pixel-identical: a re-save of 230424-ID204-LV1-WGA.czi; kept 117c052e67099b6d402edb9170677178da7ece785975a6454b01cecd438d45f1"
CELL|2023-04-24T14:29:50,117c052e67099b6d402edb9170677178da7ece785975a6454b01cecd438d45f1,plan,230424-ID204-LV1-WGA.czi,Microscopio/Microscopio- MJesus Sanchez 2023/Machos vs Hembras/WGA/WGA Female Normoxia and SuHx Tanda 2/230424-ID204-LV1-WGA.czi,6049088,original,,,,pixel-identical twins: 230424-ID204-LV1-WGA.czi,Y,,False,keep,original
CELL|2023-04-24T14:30:44,2807a3a64d9114302d32b4afaaaf409bf26123e62890fa5d6ce7a59cec6f9e97,plan,230424-ID204-LV2-WGA.czi,Microscopio/Microscopio- MJesus Sanchez 2023/Machos vs Hembras/1-Controles female (nmx and SuHx)/Controles (nmx and SuHx)-WGA/WGA Nmx Female/230424-ID204-LV2-WGA.czi,6047008,identical re-save,d2f5baffa6fdf3374062b086d9e2f13b533cb44fedbe133b697e7189e5ff4d4e,230424-ID204-LV2-WGA.czi,identical,2/2 tiles byte-identical to tiles of 230424-ID204-LV2-WGA.czi,Y,,False,resave-within-plan,"same name and second, pixel-identical: a re-save of 230424-ID204-LV2-WGA.czi; kept d2f5baffa6fdf3374062b086d9e2f13b533cb44fedbe133b697e7189e5ff4d4e"
CELL|2023-04-24T14:30:44,d2f5baffa6fdf3374062b086d9e2f13b533cb44fedbe133b697e7189e5ff4d4e,plan,230424-ID204-LV2-WGA.czi,Microscopio/Microscopio- MJesus Sanchez 2023/Machos vs Hembras/WGA/WGA Female Normoxia and SuHx Tanda 2/230424-ID204-LV2-WGA.czi,6047008,original,,,,pixel-identical twins: 230424-ID204-LV2-WGA.czi,Y,,False,keep,original
CELL|2023-04-24T14:31:07,21156f7517c6cd7262baa4b63e696f87a05a9b17ae9711a4509055898da2c44f,plan,230424-ID204-RV1-WGA.czi,Microscopio/Microscopio- MJesus Sanchez 2023/Machos vs Hembras/1-Controles female (nmx and SuHx)/Controles (nmx and SuHx)-WGA/WGA Nmx Female/230424-ID204-RV1-WGA.czi,6044736,identical re-save,ac3604ae43d2974d324ec3b39832cf00ac2b9359c6a6b88f503a9914b7d8eee6,230424-ID204-RV1-WGA.czi,identical,2/2 tiles byte-identical to tiles of 230424-ID204-RV1-WGA.czi,Y,,False,resave-within-plan,"same name and second, pixel-identical: a re-save of 230424-ID204-RV1-WGA.czi; kept ac3604ae43d2974d324ec3b39832cf00ac2b9359c6a6b88f503a9914b7d8eee6"
CELL|2023-04-24T14:31:07,ac3604ae43d2974d324ec3b39832cf00ac2b9359c6a6b88f503a9914b7d8eee6,plan,230424-ID204-RV1-WGA.czi,Microscopio/Microscopio- MJesus Sanchez 2023/Machos vs Hembras/WGA/WGA Female Normoxia and SuHx Tanda 2/230424-ID204-RV1-WGA.czi,6044736,original,,,,pixel-identical twins: 230424-ID204-RV1-WGA.czi,Y,,False,keep,original
CELL|2023-04-24T14:31:51,7be2358ea5c93a7ca5349c67402dfd0d300d6f75bfb38b2553f6482c608391de,plan,230424-ID204-RV2-WGA.czi,Microscopio/Microscopio- MJesus Sanchez 2023/Machos vs Hembras/1-Controles female (nmx and SuHx)/Controles (nmx and SuHx)-WGA/WGA Nmx Female/230424-ID204-RV2-WGA.czi,6047296,identical re-save,20439acbe42ca3a5be86c02d9e04c47402342fb8824641eb84f8e41759e6d51e,230424-ID204-RV2-WGA.czi,identical,2/2 tiles byte-identical to tiles of 230424-ID204-RV2-WGA.czi,Y,,False,resave-within-plan,"same name and second, pixel-identical: a re-save of 230424-ID204-RV2-WGA.czi; kept 20439acbe42ca3a5be86c02d9e04c47402342fb8824641eb84f8e41759e6d51e"
CELL|2023-04-24T14:31:51,20439acbe42ca3a5be86c02d9e04c47402342fb8824641eb84f8e41759e6d51e,plan,230424-ID204-RV2-WGA.czi,Microscopio/Microscopio- MJesus Sanchez 2023/Machos vs Hembras/WGA/WGA Female Normoxia and SuHx Tanda 2/230424-ID204-RV2-WGA.czi,6047296,original,,,,pixel-identical twins: 230424-ID204-RV2-WGA.czi,Y,,False,keep,original
CELL|2023-04-26T13:19:19,b4b477d5eabcabf1e4fc23f36f746c5f1061e83b4f52d8d973da3078296a4fd9,plan,ID 212-8OHDG-20X-1.czi,Microscopio/Microscopio- MJesus Sanchez 2023/Machos vs Hembras/230426-8oHDG Females vs Male/ID 212-8OHDG-20X-1.czi,9464192,original,,,,pixel-identical twins: ID 212-8OHDG-20X-1.czi,Y,,False,keep,original
CELL|2023-04-26T13:19:19,4dcf907b7cedc04ec70a230f3167651529d21e6765bd3486fd46f4e4857868c7,plan,ID 212-8OHDG-20X-1.czi,Microscopio/Microscopio- MJesus Sanchez 2023/Machos vs Hembras/8oHDG Female and Male/ID 212-8OHDG-20X-1.czi,9464192,scale-bar copy,b4b477d5eabcabf1e4fc23f36f746c5f1061e83b4f52d8d973da3078296a4fd9,ID 212-8OHDG-20X-1.czi,identical,3/3 tiles byte-identical to tiles of ID 212-8OHDG-20X-1.czi,Y,,True,derivative-nonraw,"a scale-bar copy of ID 212-8OHDG-20X-1.czi under the same name (pixel-identical, an annotation layer added): the project folder; -> nonraw_derived.csv"
CELL|2023-04-26T13:20:56,651aa84a0ce10e815b5c8a19fbc1c5e65cc0c391dd547b4c573cb8f1b12d6a5a,plan,ID 212-8OHDG-20X-2.czi,Microscopio/Microscopio- MJesus Sanchez 2023/Machos vs Hembras/230426-8oHDG Females vs Male/ID 212-8OHDG-20X-2.czi,9464640,original,,,,pixel-identical twins: ID 212-8OHDG-20X-2.czi,Y,,False,keep,original
CELL|2023-04-26T13:20:56,4ef1bfdb18a88e12b669158ca6fccb2e71679b71388596c3f6f99dfac853ca2a,plan,ID 212-8OHDG-20X-2.czi,Microscopio/Microscopio- MJesus Sanchez 2023/Machos vs Hembras/8oHDG Female and Male/ID 212-8OHDG-20X-2.czi,9464640,scale-bar copy,651aa84a0ce10e815b5c8a19fbc1c5e65cc0c391dd547b4c573cb8f1b12d6a5a,ID 212-8OHDG-20X-2.czi,identical,3/3 tiles byte-identical to tiles of ID 212-8OHDG-20X-2.czi,Y,,True,derivative-nonraw,"a scale-bar copy of ID 212-8OHDG-20X-2.czi under the same name (pixel-identical, an annotation layer added): the project folder; -> nonraw_derived.csv"
CELL|2023-04-26T13:22:17,aeb467d7b174e2ff107839bbd3e2461f07f8c681205d2b57a54f6a26285367a3,plan,ID 212-8OHDG-20X-3.czi,Microscopio/Microscopio- MJesus Sanchez 2023/Machos vs Hembras/230426-8oHDG Females vs Male/ID 212-8OHDG-20X-3.czi,9466848,original,,,,pixel-identical twins: ID 212-8OHDG-20X-3.czi,Y,,False,keep,original
CELL|2023-04-26T13:22:17,7445f961a7666598297d8d67200c48b2e3c591058cd2d9434f99cd7200820b83,plan,ID 212-8OHDG-20X-3.czi,Microscopio/Microscopio- MJesus Sanchez 2023/Machos vs Hembras/8oHDG Female and Male/ID 212-8OHDG-20X-3.czi,9466848,scale-bar copy,aeb467d7b174e2ff107839bbd3e2461f07f8c681205d2b57a54f6a26285367a3,ID 212-8OHDG-20X-3.czi,identical,3/3 tiles byte-identical to tiles of ID 212-8OHDG-20X-3.czi,Y,,True,derivative-nonraw,"a scale-bar copy of ID 212-8OHDG-20X-3.czi under the same name (pixel-identical, an annotation layer added): the project folder; -> nonraw_derived.csv"
CELL|2023-04-26T13:27:24,76afad78cf8840366acd9656f5413a16301b5ab45e7d1148e4e46b105cf88c10,plan,ID 212-8OHDG-20X-Negative.czi,Microscopio/Microscopio- MJesus Sanchez 2023/Machos vs Hembras/230426-8oHDG Females vs Male/ID 212-8OHDG-20X-Negative.czi,9464864,original,,,,pixel-identical twins: ID 212-8OHDG-20X-Negative.czi,Y,,False,keep,original
CELL|2023-04-26T13:27:24,c2739537bd0a9069f13fcef015e8fa5d8c5a923176c24d61d5525c022fcfb6e1,plan,ID 212-8OHDG-20X-Negative.czi,Microscopio/Microscopio- MJesus Sanchez 2023/Machos vs Hembras/8oHDG Female and Male/ID 212-8OHDG-20X-Negative.czi,9464864,scale-bar copy,76afad78cf8840366acd9656f5413a16301b5ab45e7d1148e4e46b105cf88c10,ID 212-8OHDG-20X-Negative.czi,identical,3/3 tiles byte-identical to tiles of ID 212-8OHDG-20X-Negative.czi,Y,,True,derivative-nonraw,"a scale-bar copy of ID 212-8OHDG-20X-Negative.czi under the same name (pixel-identical, an annotation layer added): the project folder; -> nonraw_derived.csv"
CELL|2023-04-26T13:32:54,f48c1276c41b1fcdf051800f365a53599fb576e4efc7a5ecf4b5fdc22a3955b7,plan,ID 204-8OHDG-20X-1.czi,Microscopio/Microscopio- MJesus Sanchez 2023/Machos vs Hembras/230426-8oHDG Females vs Male/ID 204-8OHDG-20X-1.czi,8941376,identical re-save,6182b36f9f58868e2c320133eada61cb1d1cb09c3ee988612ba11535bd6f18f8,ID 204-8OHDG-20X-1.czi,identical,3/3 tiles byte-identical to tiles of ID 204-8OHDG-20X-1.czi,Y,,False,resave-within-plan,"same name and second, pixel-identical: a re-save of ID 204-8OHDG-20X-1.czi; kept 6182b36f9f58868e2c320133eada61cb1d1cb09c3ee988612ba11535bd6f18f8"
CELL|2023-04-26T13:32:54,6182b36f9f58868e2c320133eada61cb1d1cb09c3ee988612ba11535bd6f18f8,plan,ID 204-8OHDG-20X-1.czi,Microscopio/Microscopio- MJesus Sanchez 2023/Machos vs Hembras/8oHDG Female and Male/ID 204-8OHDG-20X-1.czi,8941376,original,,,,pixel-identical twins: ID 204-8OHDG-20X-1.czi,Y,,False,keep,original
CELL|2023-04-26T13:34:53,0501110a1960fd78b8807570461dfeba029030dda24c8364add3d57d601c1032,plan,ID 204-8OHDG-20X-2.czi,Microscopio/Microscopio- MJesus Sanchez 2023/Machos vs Hembras/230426-8oHDG Females vs Male/ID 204-8OHDG-20X-2.czi,9465120,original,,,,pixel-identical twins: ID 204-8OHDG-20X-2.czi,Y,,False,keep,original
CELL|2023-04-26T13:34:53,cbc3a7737eb838a30b9350c0e6a0e37745ae8d363c730058387558bcd86c281e,plan,ID 204-8OHDG-20X-2.czi,Microscopio/Microscopio- MJesus Sanchez 2023/Machos vs Hembras/8oHDG Female and Male/ID 204-8OHDG-20X-2.czi,9465120,scale-bar copy,0501110a1960fd78b8807570461dfeba029030dda24c8364add3d57d601c1032,ID 204-8OHDG-20X-2.czi,identical,3/3 tiles byte-identical to tiles of ID 204-8OHDG-20X-2.czi,Y,,True,derivative-nonraw,"a scale-bar copy of ID 204-8OHDG-20X-2.czi under the same name (pixel-identical, an annotation layer added): the project folder; -> nonraw_derived.csv"
CELL|2023-04-26T13:38:53,556d41037f59fec14a428834bbd60ad4ec3320ae134b3b7b5caa423ae037fc36,plan,ID 204-8OHDG-20X-3.czi,Microscopio/Microscopio- MJesus Sanchez 2023/Machos vs Hembras/230426-8oHDG Females vs Male/ID 204-8OHDG-20X-3.czi,9464160,original,,,,pixel-identical twins: ID 204-8OHDG-20X-3.czi,Y,,False,keep,original
CELL|2023-04-26T13:38:53,d9e7d8f9e37008f644f12ded0d0e2a86ad317cc2d204aabb2351ba3eaa8f20c6,plan,ID 204-8OHDG-20X-3.czi,Microscopio/Microscopio- MJesus Sanchez 2023/Machos vs Hembras/8oHDG Female and Male/ID 204-8OHDG-20X-3.czi,9464160,scale-bar copy,556d41037f59fec14a428834bbd60ad4ec3320ae134b3b7b5caa423ae037fc36,ID 204-8OHDG-20X-3.czi,identical,3/3 tiles byte-identical to tiles of ID 204-8OHDG-20X-3.czi,Y,,True,derivative-nonraw,"a scale-bar copy of ID 204-8OHDG-20X-3.czi under the same name (pixel-identical, an annotation layer added): the project folder; -> nonraw_derived.csv"
CELL|2023-04-26T13:41:02,5cc39f0a2f6aa6562e9839617be85abda8815944bd866328b0a03f68a6e7e648,plan,ID 204-8OHDG-20X-4.czi,Microscopio/Microscopio- MJesus Sanchez 2023/Machos vs Hembras/230426-8oHDG Females vs Male/ID 204-8OHDG-20X-4.czi,9464960,original,,,,pixel-identical twins: ID 204-8OHDG-20X-4.czi,Y,,True,resave-within-plan,"same name and second, pixel-identical: a re-save of ID 204-8OHDG-20X-4.czi; kept 6324e737541834e571b4d1e9e9eb44297c246b58bfb4d834c63717b65d5f5db2"
CELL|2023-04-26T13:41:02,6324e737541834e571b4d1e9e9eb44297c246b58bfb4d834c63717b65d5f5db2,plan,ID 204-8OHDG-20X-4.czi,Microscopio/Microscopio- MJesus Sanchez 2023/Machos vs Hembras/8oHDG Female and Male/ID 204-8OHDG-20X-4.czi,9464960,scale-bar copy,5cc39f0a2f6aa6562e9839617be85abda8815944bd866328b0a03f68a6e7e648,ID 204-8OHDG-20X-4.czi,identical,3/3 tiles byte-identical to tiles of ID 204-8OHDG-20X-4.czi,Y,,True,keep,original
CELL|2023-04-26T13:43:33,f84442b437925fc3a3f391a0f6f476eab0487d921f65f2bfd0fa9d32a64919d0,plan,ID 204-8OHDG-20X-controlnegative.czi,Microscopio/Microscopio- MJesus Sanchez 2023/Machos vs Hembras/230426-8oHDG Females vs Male/ID 204-8OHDG-20X-controlnegative.czi,9465248,original,,,,pixel-identical twins: ID 204-8OHDG-20X-controlnegative.czi,Y,,False,keep,original
CELL|2023-04-26T13:43:33,7a97a6696d64aefc79f89ca252a0bf89fc1538b4a2dd994928ec374150865cd8,plan,ID 204-8OHDG-20X-controlnegative.czi,Microscopio/Microscopio- MJesus Sanchez 2023/Machos vs Hembras/8oHDG Female and Male/ID 204-8OHDG-20X-controlnegative.czi,9450912,scale-bar copy,f84442b437925fc3a3f391a0f6f476eab0487d921f65f2bfd0fa9d32a64919d0,ID 204-8OHDG-20X-controlnegative.czi,identical,3/3 tiles byte-identical to tiles of ID 204-8OHDG-20X-controlnegative.czi,Y,,True,derivative-nonraw,"a scale-bar copy of ID 204-8OHDG-20X-controlnegative.czi under the same name (pixel-identical, an annotation layer added): the project folder; -> nonraw_derived.csv"
CELL|2023-04-26T13:52:46,531488402dbe23a2bdec95b91a6187b9f336ab9ecea498f7e8f861d51255f399,plan,ID 209-8OHDG-20X-1.czi,Microscopio/Microscopio- MJesus Sanchez 2023/Machos vs Hembras/230426-8oHDG Females vs Male/ID 209-8OHDG-20X-1.czi,8964288,original,,,,pixel-identical twins: ID 209-8OHDG-20X-1.czi,Y,,False,keep,original
CELL|2023-04-26T13:52:46,525a529b3fa00765849df70fb46cc923e0c008cce97b548764d661da3e86235b,plan,ID 209-8OHDG-20X-1.czi,Microscopio/Microscopio- MJesus Sanchez 2023/Machos vs Hembras/8oHDG Female and Male/ID 209-8OHDG-20X-1.czi,8942176,scale-bar copy,531488402dbe23a2bdec95b91a6187b9f336ab9ecea498f7e8f861d51255f399,ID 209-8OHDG-20X-1.czi,identical,3/3 tiles byte-identical to tiles of ID 209-8OHDG-20X-1.czi,Y,,True,derivative-nonraw,"a scale-bar copy of ID 209-8OHDG-20X-1.czi under the same name (pixel-identical, an annotation layer added): the project folder; -> nonraw_derived.csv"
CELL|2023-04-26T13:54:33,f5a5df9c6772dd8cc14dd7a26fe23700e76d1dad889865ba1a63593366e75699,plan,ID 209-8OHDG-20X-2.czi,Microscopio/Microscopio- MJesus Sanchez 2023/Machos vs Hembras/230426-8oHDG Females vs Male/ID 209-8OHDG-20X-2.czi,8941088,original,,,,pixel-identical twins: ID 209-8OHDG-20X-2.czi,Y,,False,keep,original
CELL|2023-04-26T13:54:33,7202fb2b0a2811f4095a73fe0d905124690b7ef0b1109452278769a45ce60581,plan,ID 209-8OHDG-20X-2.czi,Microscopio/Microscopio- MJesus Sanchez 2023/Machos vs Hembras/8oHDG Female and Male/ID 209-8OHDG-20X-2.czi,8941088,scale-bar copy,f5a5df9c6772dd8cc14dd7a26fe23700e76d1dad889865ba1a63593366e75699,ID 209-8OHDG-20X-2.czi,identical,3/3 tiles byte-identical to tiles of ID 209-8OHDG-20X-2.czi,Y,,True,derivative-nonraw,"a scale-bar copy of ID 209-8OHDG-20X-2.czi under the same name (pixel-identical, an annotation layer added): the project folder; -> nonraw_derived.csv"
CELL|2023-04-26T13:55:34,03592a18c1f07d630cfb56b0a6f0532ba5fafe6983154000b093fb6b65304e1c,plan,ID 209-8OHDG-20X-3.czi,Microscopio/Microscopio- MJesus Sanchez 2023/Machos vs Hembras/230426-8oHDG Females vs Male/ID 209-8OHDG-20X-3.czi,8946336,original,,,,pixel-identical twins: ID 209-8OHDG-20X-3.czi,Y,,False,keep,original
CELL|2023-04-26T13:55:34,f3d6374fa99f4dbf498793a1558ef14b0d5bc5670d5a199f53f99c97f62fc823,plan,ID 209-8OHDG-20X-3.czi,Microscopio/Microscopio- MJesus Sanchez 2023/Machos vs Hembras/8oHDG Female and Male/ID 209-8OHDG-20X-3.czi,8946336,scale-bar copy,03592a18c1f07d630cfb56b0a6f0532ba5fafe6983154000b093fb6b65304e1c,ID 209-8OHDG-20X-3.czi,identical,3/3 tiles byte-identical to tiles of ID 209-8OHDG-20X-3.czi,Y,,True,derivative-nonraw,"a scale-bar copy of ID 209-8OHDG-20X-3.czi under the same name (pixel-identical, an annotation layer added): the project folder; -> nonraw_derived.csv"
CELL|2023-04-26T13:58:13,ccd808299575e878dc159f487f7e61dc111f1f64c939bc85ecd6f11a4dc769e3,plan,ID 209-8OHDG-20X-controlnegative.czi,Microscopio/Microscopio- MJesus Sanchez 2023/Machos vs Hembras/230426-8oHDG Females vs Male/ID 209-8OHDG-20X-controlnegative.czi,9478112,original,,,,pixel-identical twins: ID 209-8OHDG-20X-controlnegative.czi,Y,,False,keep,original
CELL|2023-04-26T13:58:13,5658991a9145eb2e25fd1086c05df331440ae51920b0a94562efb795619c5604,plan,ID 209-8OHDG-20X-controlnegative.czi,Microscopio/Microscopio- MJesus Sanchez 2023/Machos vs Hembras/8oHDG Female and Male/ID 209-8OHDG-20X-controlnegative.czi,9460448,scale-bar copy,ccd808299575e878dc159f487f7e61dc111f1f64c939bc85ecd6f11a4dc769e3,ID 209-8OHDG-20X-controlnegative.czi,identical,3/3 tiles byte-identical to tiles of ID 209-8OHDG-20X-controlnegative.czi,Y,,True,derivative-nonraw,"a scale-bar copy of ID 209-8OHDG-20X-controlnegative.czi under the same name (pixel-identical, an annotation layer added): the project folder; -> nonraw_derived.csv"
CELL|2023-04-26T14:02:27,c4aeabd0457606d381e8554f80f0c672dc12e3ae8f158f5b59a6b621fcdcdf20,plan,ID 202-8OHDG-20X-1.czi,Microscopio/Microscopio- MJesus Sanchez 2023/Machos vs Hembras/230426-8oHDG Females vs Male/ID 202-8OHDG-20X-1.czi,8939456,original,,,,pixel-identical twins: ID 202-8OHDG-20X-1.czi,Y,,False,keep,original
CELL|2023-04-26T14:02:27,a93e652ed0c1253199178fee80974347e318ec2d4c387a9835f45c03f129851b,plan,ID 202-8OHDG-20X-1.czi,Microscopio/Microscopio- MJesus Sanchez 2023/Machos vs Hembras/8oHDG Female and Male/ID 202-8OHDG-20X-1.czi,8939456,scale-bar copy,c4aeabd0457606d381e8554f80f0c672dc12e3ae8f158f5b59a6b621fcdcdf20,ID 202-8OHDG-20X-1.czi,identical,3/3 tiles byte-identical to tiles of ID 202-8OHDG-20X-1.czi,Y,,True,derivative-nonraw,"a scale-bar copy of ID 202-8OHDG-20X-1.czi under the same name (pixel-identical, an annotation layer added): the project folder; -> nonraw_derived.csv"
CELL|2023-04-26T14:03:04,94f6ab456657b4621c5c65da13ecdd21f8a83ab2ec8e0d73116c33b10d280b0c,plan,ID 202-8OHDG-20X-2.czi,Microscopio/Microscopio- MJesus Sanchez 2023/Machos vs Hembras/230426-8oHDG Females vs Male/ID 202-8OHDG-20X-2.czi,8942592,original,,,,pixel-identical twins: ID 202-8OHDG-20X-2.czi,Y,,False,keep,original
CELL|2023-04-26T14:03:04,dabc1d4eec672d4f62e765a97fdad1a7734c4076dec6cee0e517f1a7c7fd9a1b,plan,ID 202-8OHDG-20X-2.czi,Microscopio/Microscopio- MJesus Sanchez 2023/Machos vs Hembras/8oHDG Female and Male/ID 202-8OHDG-20X-2.czi,8942592,scale-bar copy,94f6ab456657b4621c5c65da13ecdd21f8a83ab2ec8e0d73116c33b10d280b0c,ID 202-8OHDG-20X-2.czi,identical,3/3 tiles byte-identical to tiles of ID 202-8OHDG-20X-2.czi,Y,,True,derivative-nonraw,"a scale-bar copy of ID 202-8OHDG-20X-2.czi under the same name (pixel-identical, an annotation layer added): the project folder; -> nonraw_derived.csv"
CELL|2023-04-26T14:03:46,dde7d9410c4bd924abae2e709501ab3cbf1fbc166a909676c5beb01dd4a98283,plan,ID 202-8OHDG-20X-3.czi,Microscopio/Microscopio- MJesus Sanchez 2023/Machos vs Hembras/230426-8oHDG Females vs Male/ID 202-8OHDG-20X-3.czi,8943104,original,,,,pixel-identical twins: ID 202-8OHDG-20X-3.czi,Y,,False,keep,original
CELL|2023-04-26T14:03:46,eeac83c6df8836621cad20f68818e15bf6080b7e3ed13cf34f5ae1397c6e36b9,plan,ID 202-8OHDG-20X-3.czi,Microscopio/Microscopio- MJesus Sanchez 2023/Machos vs Hembras/8oHDG Female and Male/ID 202-8OHDG-20X-3.czi,8943104,scale-bar copy,dde7d9410c4bd924abae2e709501ab3cbf1fbc166a909676c5beb01dd4a98283,ID 202-8OHDG-20X-3.czi,identical,3/3 tiles byte-identical to tiles of ID 202-8OHDG-20X-3.czi,Y,,True,derivative-nonraw,"a scale-bar copy of ID 202-8OHDG-20X-3.czi under the same name (pixel-identical, an annotation layer added): the project folder; -> nonraw_derived.csv"
CELL|2023-04-26T14:04:11,d6bc78cf3db4229618c28ccd70be783b91e85f08364656003327c8865b606745,plan,ID 202-8OHDG-20X-4.czi,Microscopio/Microscopio- MJesus Sanchez 2023/Machos vs Hembras/230426-8oHDG Females vs Male/ID 202-8OHDG-20X-4.czi,8944832,original,,,,pixel-identical twins: ID 202-8OHDG-20X-4.czi,Y,,False,keep,original
CELL|2023-04-26T14:04:11,1a674fe96cd59ea3f8ee889d90ac945a927e9c988a0206e100b5492136d752e5,plan,ID 202-8OHDG-20X-4.czi,Microscopio/Microscopio- MJesus Sanchez 2023/Machos vs Hembras/8oHDG Female and Male/ID 202-8OHDG-20X-4.czi,8944832,scale-bar copy,d6bc78cf3db4229618c28ccd70be783b91e85f08364656003327c8865b606745,ID 202-8OHDG-20X-4.czi,identical,3/3 tiles byte-identical to tiles of ID 202-8OHDG-20X-4.czi,Y,,True,derivative-nonraw,"a scale-bar copy of ID 202-8OHDG-20X-4.czi under the same name (pixel-identical, an annotation layer added): the project folder; -> nonraw_derived.csv"
CELL|2023-04-26T14:24:28,39515f650419f64a99fa9033875b30c92e56a5a6c81b750b1b34cf2d85e17550,plan,ID 202-8OHDG-20X-controlnegative.czi,Microscopio/Microscopio- MJesus Sanchez 2023/Machos vs Hembras/230426-8oHDG Females vs Male/ID 202-8OHDG-20X-controlnegative.czi,8941632,original,,,,pixel-identical twins: ID 202-8OHDG-20X-controlnegative.czi,Y,,False,keep,original
CELL|2023-04-26T14:24:28,cc5919d17ad08e8f5462a95ad291d6f52d7cd3c3f0be18f34c2fa2f03dcf70cb,plan,ID 202-8OHDG-20X-controlnegative.czi,Microscopio/Microscopio- MJesus Sanchez 2023/Machos vs Hembras/8oHDG Female and Male/ID 202-8OHDG-20X-controlnegative.czi,8941632,scale-bar copy,39515f650419f64a99fa9033875b30c92e56a5a6c81b750b1b34cf2d85e17550,ID 202-8OHDG-20X-controlnegative.czi,identical,3/3 tiles byte-identical to tiles of ID 202-8OHDG-20X-controlnegative.czi,Y,,True,derivative-nonraw,"a scale-bar copy of ID 202-8OHDG-20X-controlnegative.czi under the same name (pixel-identical, an annotation layer added): the project folder; -> nonraw_derived.csv"
CELL|2023-04-26T14:25:29,e33c2a85722dba06d7510dcc9097b4a678ec7fc8383aca45e556d2939fd003a4,plan,ID 202-8OHDG-20X-5.czi,Microscopio/Microscopio- MJesus Sanchez 2023/Machos vs Hembras/230426-8oHDG Females vs Male/ID 202-8OHDG-20X-5.czi,8945760,original,,,,pixel-identical twins: ID 202-8OHDG-20X-5.czi,Y,,False,keep,original
CELL|2023-04-26T14:25:29,657950d1f514fa19952c577c1aaf578562a582136dbd53b452dcdf89f44ebcd6,plan,ID 202-8OHDG-20X-5.czi,Microscopio/Microscopio- MJesus Sanchez 2023/Machos vs Hembras/8oHDG Female and Male/ID 202-8OHDG-20X-5.czi,8945760,scale-bar copy,e33c2a85722dba06d7510dcc9097b4a678ec7fc8383aca45e556d2939fd003a4,ID 202-8OHDG-20X-5.czi,identical,3/3 tiles byte-identical to tiles of ID 202-8OHDG-20X-5.czi,Y,,True,derivative-nonraw,"a scale-bar copy of ID 202-8OHDG-20X-5.czi under the same name (pixel-identical, an annotation layer added): the project folder; -> nonraw_derived.csv"
CELL|2023-04-26T14:26:56,bce67851a99416e4d91389ab43b17b8882f3ac86b38bd910ebc7a6a7639578ff,plan,ID 202-8OHDG-20X-6.czi,Microscopio/Microscopio- MJesus Sanchez 2023/Machos vs Hembras/230426-8oHDG Females vs Male/ID 202-8OHDG-20X-6.czi,8946880,original,,,,pixel-identical twins: ID 202-8OHDG-20X-6.czi,Y,,False,keep,original
CELL|2023-04-26T14:26:56,90825edb8b7f1027a98cd30e405d179087a5e681e7160e7be284958bf7bfa506,plan,ID 202-8OHDG-20X-6.czi,Microscopio/Microscopio- MJesus Sanchez 2023/Machos vs Hembras/8oHDG Female and Male/ID 202-8OHDG-20X-6.czi,8946880,scale-bar copy,bce67851a99416e4d91389ab43b17b8882f3ac86b38bd910ebc7a6a7639578ff,ID 202-8OHDG-20X-6.czi,identical,3/3 tiles byte-identical to tiles of ID 202-8OHDG-20X-6.czi,Y,,True,derivative-nonraw,"a scale-bar copy of ID 202-8OHDG-20X-6.czi under the same name (pixel-identical, an annotation layer added): the project folder; -> nonraw_derived.csv"
CELL|2023-04-26T14:32:47,efd6268544e7225c5192ce10c4a065a286dd05946504fc7bbcfa071e277ea6d2,plan,ID 208-8OHDG-20X-1.czi,Microscopio/Microscopio- MJesus Sanchez 2023/Machos vs Hembras/230426-8oHDG Females vs Male/ID 208-8OHDG-20X-1.czi,9484000,original,,,,pixel-identical twins: ID 208-8OHDG-20X-1.czi,Y,,False,keep,original
CELL|2023-04-26T14:32:47,15fb1ecb38614c799571a1e6195cab60935bd2a982188e73628688cb226b04bf,plan,ID 208-8OHDG-20X-1.czi,Microscopio/Microscopio- MJesus Sanchez 2023/Machos vs Hembras/8oHDG Female and Male/ID 208-8OHDG-20X-1.czi,9461120,scale-bar copy,efd6268544e7225c5192ce10c4a065a286dd05946504fc7bbcfa071e277ea6d2,ID 208-8OHDG-20X-1.czi,identical,3/3 tiles byte-identical to tiles of ID 208-8OHDG-20X-1.czi,Y,,True,derivative-nonraw,"a scale-bar copy of ID 208-8OHDG-20X-1.czi under the same name (pixel-identical, an annotation layer added): the project folder; -> nonraw_derived.csv"
CELL|2023-04-26T14:33:34,0651b53f82bc31ea270f029b5c4fb648326de39c99fdc3367082ee641c374841,plan,ID 208-8OHDG-20X-2.czi,Microscopio/Microscopio- MJesus Sanchez 2023/Machos vs Hembras/230426-8oHDG Females vs Male/ID 208-8OHDG-20X-2.czi,9461568,original,,,,pixel-identical twins: ID 208-8OHDG-20X-2.czi,Y,,False,keep,original
CELL|2023-04-26T14:33:34,84e65f9425f940c2317cf8cb342b3ca3e24abad164d9965f5c218aecee36f7d4,plan,ID 208-8OHDG-20X-2.czi,Microscopio/Microscopio- MJesus Sanchez 2023/Machos vs Hembras/8oHDG Female and Male/ID 208-8OHDG-20X-2.czi,9461568,scale-bar copy,0651b53f82bc31ea270f029b5c4fb648326de39c99fdc3367082ee641c374841,ID 208-8OHDG-20X-2.czi,identical,3/3 tiles byte-identical to tiles of ID 208-8OHDG-20X-2.czi,Y,,True,derivative-nonraw,"a scale-bar copy of ID 208-8OHDG-20X-2.czi under the same name (pixel-identical, an annotation layer added): the project folder; -> nonraw_derived.csv"
CELL|2023-04-26T14:37:37,9e84d4c9ac8d029743e8191b4425be64c24c28e26a704d66fa31b0fcb2d872cb,plan,ID 208-8OHDG-20X-3.czi,Microscopio/Microscopio- MJesus Sanchez 2023/Machos vs Hembras/230426-8oHDG Females vs Male/ID 208-8OHDG-20X-3.czi,9466976,original,,,,pixel-identical twins: ID 208-8OHDG-20X-3.czi,Y,,False,keep,original
CELL|2023-04-26T14:37:37,4471fef0023d8376b2f86e9cd03cbcee4168b6873e505a3f56b5b9dae4213913,plan,ID 208-8OHDG-20X-3.czi,Microscopio/Microscopio- MJesus Sanchez 2023/Machos vs Hembras/8oHDG Female and Male/ID 208-8OHDG-20X-3.czi,9466976,scale-bar copy,9e84d4c9ac8d029743e8191b4425be64c24c28e26a704d66fa31b0fcb2d872cb,ID 208-8OHDG-20X-3.czi,identical,3/3 tiles byte-identical to tiles of ID 208-8OHDG-20X-3.czi,Y,,True,derivative-nonraw,"a scale-bar copy of ID 208-8OHDG-20X-3.czi under the same name (pixel-identical, an annotation layer added): the project folder; -> nonraw_derived.csv"
CELL|2023-04-26T14:38:53,03efa8513049140f0eb339a8c8e0920fce88c65c4822b92b248637e019e4e7b2,plan,ID 208-8OHDG-20X-4.czi,Microscopio/Microscopio- MJesus Sanchez 2023/Machos vs Hembras/230426-8oHDG Females vs Male/ID 208-8OHDG-20X-4.czi,9468128,original,,,,pixel-identical twins: ID 208-8OHDG-20X-4.czi,Y,,False,keep,original
CELL|2023-04-26T14:38:53,56155926c6a1cd5bcd088d29d10173585bb9e96cf51489f21f194da746652005,plan,ID 208-8OHDG-20X-4.czi,Microscopio/Microscopio- MJesus Sanchez 2023/Machos vs Hembras/8oHDG Female and Male/ID 208-8OHDG-20X-4.czi,9468128,scale-bar copy,03efa8513049140f0eb339a8c8e0920fce88c65c4822b92b248637e019e4e7b2,ID 208-8OHDG-20X-4.czi,identical,3/3 tiles byte-identical to tiles of ID 208-8OHDG-20X-4.czi,Y,,True,derivative-nonraw,"a scale-bar copy of ID 208-8OHDG-20X-4.czi under the same name (pixel-identical, an annotation layer added): the project folder; -> nonraw_derived.csv"
CELL|2023-04-26T14:39:29,f8116742766c0aa1bf55dc3c0ac891ade4c00d4fe26be4dcccc56722e85267ab,plan,ID 208-8OHDG-20X-5.czi,Microscopio/Microscopio- MJesus Sanchez 2023/Machos vs Hembras/230426-8oHDG Females vs Male/ID 208-8OHDG-20X-5.czi,9466496,original,,,,pixel-identical twins: ID 208-8OHDG-20X-5.czi,Y,,False,keep,original
CELL|2023-04-26T14:39:29,78dd5943eed984a65a16320e7ae4138d43f39a59d8d6ef055d910166a653cd83,plan,ID 208-8OHDG-20X-5.czi,Microscopio/Microscopio- MJesus Sanchez 2023/Machos vs Hembras/8oHDG Female and Male/ID 208-8OHDG-20X-5.czi,9466496,scale-bar copy,f8116742766c0aa1bf55dc3c0ac891ade4c00d4fe26be4dcccc56722e85267ab,ID 208-8OHDG-20X-5.czi,identical,3/3 tiles byte-identical to tiles of ID 208-8OHDG-20X-5.czi,Y,,True,derivative-nonraw,"a scale-bar copy of ID 208-8OHDG-20X-5.czi under the same name (pixel-identical, an annotation layer added): the project folder; -> nonraw_derived.csv"
CELL|2023-04-26T14:39:59,254265d4d8d2e2f86174873f6299afaa20808ce645867949be09cce25dec2c7d,plan,ID 208-8OHDG-20X-6.czi,Microscopio/Microscopio- MJesus Sanchez 2023/Machos vs Hembras/230426-8oHDG Females vs Male/ID 208-8OHDG-20X-6.czi,9467776,original,,,,pixel-identical twins: ID 208-8OHDG-20X-6.czi,Y,,False,keep,original
CELL|2023-04-26T14:39:59,57d98a37bd5ff984d9a5a114e41522ba12570b63f90e02a5ab98445463e30c2b,plan,ID 208-8OHDG-20X-6.czi,Microscopio/Microscopio- MJesus Sanchez 2023/Machos vs Hembras/8oHDG Female and Male/ID 208-8OHDG-20X-6.czi,9467776,scale-bar copy,254265d4d8d2e2f86174873f6299afaa20808ce645867949be09cce25dec2c7d,ID 208-8OHDG-20X-6.czi,identical,3/3 tiles byte-identical to tiles of ID 208-8OHDG-20X-6.czi,Y,,True,derivative-nonraw,"a scale-bar copy of ID 208-8OHDG-20X-6.czi under the same name (pixel-identical, an annotation layer added): the project folder; -> nonraw_derived.csv"
CELL|2023-04-26T14:41:03,e08b99798fe487e4f270f820ad0c779dcd73da54ffdb0dba80887fa8e559bac7,plan,ID 208-8OHDG-20X-7.czi,Microscopio/Microscopio- MJesus Sanchez 2023/Machos vs Hembras/230426-8oHDG Females vs Male/ID 208-8OHDG-20X-7.czi,9466848,original,,,,pixel-identical twins: ID 208-8OHDG-20X-7.czi,Y,,False,keep,original
CELL|2023-04-26T14:41:03,1cf78a6f1091d7bd98759e97a5377d74a763ac0d804a7ff3b0d4e7ecd6508e37,plan,ID 208-8OHDG-20X-7.czi,Microscopio/Microscopio- MJesus Sanchez 2023/Machos vs Hembras/8oHDG Female and Male/ID 208-8OHDG-20X-7.czi,9466848,scale-bar copy,e08b99798fe487e4f270f820ad0c779dcd73da54ffdb0dba80887fa8e559bac7,ID 208-8OHDG-20X-7.czi,identical,3/3 tiles byte-identical to tiles of ID 208-8OHDG-20X-7.czi,Y,,True,derivative-nonraw,"a scale-bar copy of ID 208-8OHDG-20X-7.czi under the same name (pixel-identical, an annotation layer added): the project folder; -> nonraw_derived.csv"
CELL|2023-04-26T14:44:27,fa95319e1d124b25cfc8f43cc2d6b875666ee32c95b70167722c6962d60b172a,plan,ID 208-8OHDG-20X-8.czi,Microscopio/Microscopio- MJesus Sanchez 2023/Machos vs Hembras/230426-8oHDG Females vs Male/ID 208-8OHDG-20X-8.czi,9467936,original,,,,pixel-identical twins: ID 208-8OHDG-20X-8.czi,Y,,False,keep,original
CELL|2023-04-26T14:44:27,21987aab25698878d99dd049733cd51b6499f9435391f622b63e98790fdedadd,plan,ID 208-8OHDG-20X-8.czi,Microscopio/Microscopio- MJesus Sanchez 2023/Machos vs Hembras/8oHDG Female and Male/ID 208-8OHDG-20X-8.czi,9467936,scale-bar copy,fa95319e1d124b25cfc8f43cc2d6b875666ee32c95b70167722c6962d60b172a,ID 208-8OHDG-20X-8.czi,identical,3/3 tiles byte-identical to tiles of ID 208-8OHDG-20X-8.czi,Y,,True,derivative-nonraw,"a scale-bar copy of ID 208-8OHDG-20X-8.czi under the same name (pixel-identical, an annotation layer added): the project folder; -> nonraw_derived.csv"
CELL|2023-04-26T14:47:46,71aa1d60d8d72525c4ac56cb3417b6d7f6b750b42cac8edb2ad76663c15c3527,plan,ID 201-8OHDG-20X-controlnegative.czi,Microscopio/Microscopio- MJesus Sanchez 2023/Machos vs Hembras/230426-8oHDG Females vs Male/ID 201-8OHDG-20X-controlnegative.czi,9482336,original,,,,pixel-identical twins: ID 201-8OHDG-20X-controlnegative.czi,Y,,False,keep,original
CELL|2023-04-26T14:47:46,8fc78a2cf63440e2c8c36711b49243c48afc8e2983e743fe5221bceffaba246b,plan,ID 201-8OHDG-20X-controlnegative.czi,Microscopio/Microscopio- MJesus Sanchez 2023/Machos vs Hembras/8oHDG Female and Male/ID 201-8OHDG-20X-controlnegative.czi,9463392,scale-bar copy,71aa1d60d8d72525c4ac56cb3417b6d7f6b750b42cac8edb2ad76663c15c3527,ID 201-8OHDG-20X-controlnegative.czi,identical,3/3 tiles byte-identical to tiles of ID 201-8OHDG-20X-controlnegative.czi,Y,,True,derivative-nonraw,"a scale-bar copy of ID 201-8OHDG-20X-controlnegative.czi under the same name (pixel-identical, an annotation layer added): the project folder; -> nonraw_derived.csv"
CELL|2023-04-26T14:51:28,ed804a7eed816e357316b0919636e243debd718bd4df4957255be93595a6ccc7,plan,ID 201-8OHDG-20X-1.czi,Microscopio/Microscopio- MJesus Sanchez 2023/Machos vs Hembras/230426-8oHDG Females vs Male/ID 201-8OHDG-20X-1.czi,9468800,original,,,,pixel-identical twins: ID 201-8OHDG-20X-1.czi,Y,,False,keep,original
CELL|2023-04-26T14:51:28,bd645b411ffbfe5ffc0e6585a5006c06afc6856db981d53a1b9e5e62e41dbfbd,plan,ID 201-8OHDG-20X-1.czi,Microscopio/Microscopio- MJesus Sanchez 2023/Machos vs Hembras/8oHDG Female and Male/ID 201-8OHDG-20X-1.czi,9468800,scale-bar copy,ed804a7eed816e357316b0919636e243debd718bd4df4957255be93595a6ccc7,ID 201-8OHDG-20X-1.czi,identical,3/3 tiles byte-identical to tiles of ID 201-8OHDG-20X-1.czi,Y,,True,derivative-nonraw,"a scale-bar copy of ID 201-8OHDG-20X-1.czi under the same name (pixel-identical, an annotation layer added): the project folder; -> nonraw_derived.csv"
CELL|2023-04-26T14:52:13,a21718b9d8b02288d34c6a17cd11e6413516cf2c9c6edb46ddf2b64daaad0cc1,plan,ID 201-8OHDG-20X-2.czi,Microscopio/Microscopio- MJesus Sanchez 2023/Machos vs Hembras/230426-8oHDG Females vs Male/ID 201-8OHDG-20X-2.czi,9470304,original,,,,pixel-identical twins: ID 201-8OHDG-20X-2.czi,Y,,False,keep,original
CELL|2023-04-26T14:52:13,af33a0d75d6274ad1499c6de57004a76210816b531b225707ae0c9d1b123de3d,plan,ID 201-8OHDG-20X-2.czi,Microscopio/Microscopio- MJesus Sanchez 2023/Machos vs Hembras/8oHDG Female and Male/ID 201-8OHDG-20X-2.czi,9470304,scale-bar copy,a21718b9d8b02288d34c6a17cd11e6413516cf2c9c6edb46ddf2b64daaad0cc1,ID 201-8OHDG-20X-2.czi,identical,3/3 tiles byte-identical to tiles of ID 201-8OHDG-20X-2.czi,Y,,True,derivative-nonraw,"a scale-bar copy of ID 201-8OHDG-20X-2.czi under the same name (pixel-identical, an annotation layer added): the project folder; -> nonraw_derived.csv"
CELL|2023-04-26T14:53:48,9dca3e78a80ce348bbfde8880b8a6dbe654874c4c362f7623167bc935ebafbb8,plan,ID 201-8OHDG-20X-3.czi,Microscopio/Microscopio- MJesus Sanchez 2023/Machos vs Hembras/230426-8oHDG Females vs Male/ID 201-8OHDG-20X-3.czi,9491872,original,,,,pixel-identical twins: ID 201-8OHDG-20X-3.czi,Y,,False,keep,original
CELL|2023-04-26T14:53:48,aa4ba5d0640563ea6253213924f4fb9b22e1941a498ecfa3cd5fd6aab914d2ba,plan,ID 201-8OHDG-20X-3.czi,Microscopio/Microscopio- MJesus Sanchez 2023/Machos vs Hembras/8oHDG Female and Male/ID 201-8OHDG-20X-3.czi,9468736,scale-bar copy,9dca3e78a80ce348bbfde8880b8a6dbe654874c4c362f7623167bc935ebafbb8,ID 201-8OHDG-20X-3.czi,identical,3/3 tiles byte-identical to tiles of ID 201-8OHDG-20X-3.czi,Y,,True,derivative-nonraw,"a scale-bar copy of ID 201-8OHDG-20X-3.czi under the same name (pixel-identical, an annotation layer added): the project folder; -> nonraw_derived.csv"
CELL|2023-04-26T14:55:22,555c14a6b3a777e9e95bac25f66c035f7d7106d74506a9a9ed475f91562cfef2,plan,ID 201-8OHDG-20X-4.czi,Microscopio/Microscopio- MJesus Sanchez 2023/Machos vs Hembras/230426-8oHDG Females vs Male/ID 201-8OHDG-20X-4.czi,9492352,original,,,,pixel-identical twins: ID 201-8OHDG-20X-4.czi,Y,,False,keep,original
CELL|2023-04-26T14:55:22,f9571e3702e40ea1229999cb1cdcd851a869e541613bbeb59263104108343d77,plan,ID 201-8OHDG-20X-4.czi,Microscopio/Microscopio- MJesus Sanchez 2023/Machos vs Hembras/8oHDG Female and Male/ID 201-8OHDG-20X-4.czi,9468896,scale-bar copy,555c14a6b3a777e9e95bac25f66c035f7d7106d74506a9a9ed475f91562cfef2,ID 201-8OHDG-20X-4.czi,identical,3/3 tiles byte-identical to tiles of ID 201-8OHDG-20X-4.czi,Y,,True,derivative-nonraw,"a scale-bar copy of ID 201-8OHDG-20X-4.czi under the same name (pixel-identical, an annotation layer added): the project folder; -> nonraw_derived.csv"
CELL|2023-04-26T14:59:33,35be5dde5d25cc66f8e3db25397f5e9f6d3f747682ec5ad1fc93ad1670ba0e51,plan,ID 17-8OHDG-20X-2.czi,Microscopio/Microscopio- MJesus Sanchez 2023/Machos vs Hembras/230426-8oHDG Females vs Male/ID 17-8OHDG-20X-2.czi,9466816,original,,,,pixel-identical twins: ID 17-8OHDG-20X-2.czi,Y,,False,keep,original
CELL|2023-04-26T14:59:33,1bc947c9ff945ca8c096a58f2d17c002f1f96eab2b36083ad63e79e39c238e7a,plan,ID 17-8OHDG-20X-2.czi,Microscopio/Microscopio- MJesus Sanchez 2023/Machos vs Hembras/8oHDG Female and Male/ID 17-8OHDG-20X-2.czi,9466816,scale-bar copy,35be5dde5d25cc66f8e3db25397f5e9f6d3f747682ec5ad1fc93ad1670ba0e51,ID 17-8OHDG-20X-2.czi,identical,3/3 tiles byte-identical to tiles of ID 17-8OHDG-20X-2.czi,Y,,True,derivative-nonraw,"a scale-bar copy of ID 17-8OHDG-20X-2.czi under the same name (pixel-identical, an annotation layer added): the project folder; -> nonraw_derived.csv"
CELL|2023-04-26T15:01:03,dec82f1accdd482411398d646361ef7dcd8782938bf46821776de47b5bb17bc4,plan,ID 17-8OHDG-20X-3.czi,Microscopio/Microscopio- MJesus Sanchez 2023/Machos vs Hembras/230426-8oHDG Females vs Male/ID 17-8OHDG-20X-3.czi,9486400,original,,,,pixel-identical twins: ID 17-8OHDG-20X-3.czi,Y,,False,keep,original
CELL|2023-04-26T15:01:03,8000713735d377da5f36f57f3eaa7ffb0cb839cfc9dd12a27bebcab49f510dd7,plan,ID 17-8OHDG-20X-3.czi,Microscopio/Microscopio- MJesus Sanchez 2023/Machos vs Hembras/8oHDG Female and Male/ID 17-8OHDG-20X-3.czi,9486400,scale-bar copy,dec82f1accdd482411398d646361ef7dcd8782938bf46821776de47b5bb17bc4,ID 17-8OHDG-20X-3.czi,identical,3/3 tiles byte-identical to tiles of ID 17-8OHDG-20X-3.czi,Y,,True,derivative-nonraw,"a scale-bar copy of ID 17-8OHDG-20X-3.czi under the same name (pixel-identical, an annotation layer added): the project folder; -> nonraw_derived.csv"
CELL|2023-04-26T15:03:29,f03b1a5097c0d4db49d2aa5cc4bc216188f97d3cf82a97172f84d893c9d973d5,plan,ID 17-8OHDG-20X-4.czi,Microscopio/Microscopio- MJesus Sanchez 2023/Machos vs Hembras/230426-8oHDG Females vs Male/ID 17-8OHDG-20X-4.czi,9476064,original,,,,pixel-identical twins: ID 17-8OHDG-20X-4.czi,Y,,False,keep,original
CELL|2023-04-26T15:03:29,a520fd5cde69537e929db5328f55c38d7d3a88918910cb753b938c85e94ce75b,plan,ID 17-8OHDG-20X-4.czi,Microscopio/Microscopio- MJesus Sanchez 2023/Machos vs Hembras/8oHDG Female and Male/ID 17-8OHDG-20X-4.czi,9460288,scale-bar copy,f03b1a5097c0d4db49d2aa5cc4bc216188f97d3cf82a97172f84d893c9d973d5,ID 17-8OHDG-20X-4.czi,identical,3/3 tiles byte-identical to tiles of ID 17-8OHDG-20X-4.czi,Y,,True,derivative-nonraw,"a scale-bar copy of ID 17-8OHDG-20X-4.czi under the same name (pixel-identical, an annotation layer added): the project folder; -> nonraw_derived.csv"
CELL|2023-04-26T15:05:11,f49602330b871f45e25736e9917c3619c5e9a86dfef6ff59cebd5c62009353a1,plan,ID 17-8OHDG-20X-5.czi,Microscopio/Microscopio- MJesus Sanchez 2023/Machos vs Hembras/230426-8oHDG Females vs Male/ID 17-8OHDG-20X-5.czi,8961888,identical re-save,f141abe5a29a0908787677fe5368c1683957581001445ad6eab686e650407e70,ID 17-8OHDG-20X-5.czi,identical,3/3 tiles byte-identical to tiles of ID 17-8OHDG-20X-5.czi,Y,,False,resave-within-plan,"same name and second, pixel-identical: a re-save of ID 17-8OHDG-20X-5.czi; kept f141abe5a29a0908787677fe5368c1683957581001445ad6eab686e650407e70"
CELL|2023-04-26T15:05:11,f141abe5a29a0908787677fe5368c1683957581001445ad6eab686e650407e70,plan,ID 17-8OHDG-20X-5.czi,Microscopio/Microscopio- MJesus Sanchez 2023/Machos vs Hembras/8oHDG Female and Male/ID 17-8OHDG-20X-5.czi,8939008,original,,,,pixel-identical twins: ID 17-8OHDG-20X-5.czi,Y,,False,keep,original
CELL|2023-04-26T15:11:18,265aad6042d21f37fd7fac41c248b32eae673533d463a8c08e201fd32b54f3ec,plan,ID 17-8OHDG-20X-6.czi,Microscopio/Microscopio- MJesus Sanchez 2023/Machos vs Hembras/230426-8oHDG Females vs Male/ID 17-8OHDG-20X-6.czi,8956480,identical re-save,d99c510cf489186f311f3a19b5705d0dd302eb75f7f70269cb20ddf4febad8ac,ID 17-8OHDG-20X-6.czi,identical,3/3 tiles byte-identical to tiles of ID 17-8OHDG-20X-6.czi,Y,,False,resave-within-plan,"same name and second, pixel-identical: a re-save of ID 17-8OHDG-20X-6.czi; kept d99c510cf489186f311f3a19b5705d0dd302eb75f7f70269cb20ddf4febad8ac"
CELL|2023-04-26T15:11:18,d99c510cf489186f311f3a19b5705d0dd302eb75f7f70269cb20ddf4febad8ac,plan,ID 17-8OHDG-20X-6.czi,Microscopio/Microscopio- MJesus Sanchez 2023/Machos vs Hembras/8oHDG Female and Male/ID 17-8OHDG-20X-6.czi,8938784,original,,,,pixel-identical twins: ID 17-8OHDG-20X-6.czi,Y,,False,keep,original
CELL|2023-04-26T15:11:37,e362cb7e67cf4ef84e6e675270cc57f276baa16cc58b104fb44d2f45a61a7ea0,plan,ID 17-8OHDG-20X-7.czi,Microscopio/Microscopio- MJesus Sanchez 2023/Machos vs Hembras/230426-8oHDG Females vs Male/ID 17-8OHDG-20X-7.czi,9466688,original,,,,pixel-identical twins: ID 17-8OHDG-20X-7.czi,Y,,False,keep,original
CELL|2023-04-26T15:11:37,c10686e8e012246c13dc6d81354306c8d1ccae684cceb1da7b44117ea2301a0a,plan,ID 17-8OHDG-20X-7.czi,Microscopio/Microscopio- MJesus Sanchez 2023/Machos vs Hembras/8oHDG Female and Male/ID 17-8OHDG-20X-7.czi,9466688,scale-bar copy,e362cb7e67cf4ef84e6e675270cc57f276baa16cc58b104fb44d2f45a61a7ea0,ID 17-8OHDG-20X-7.czi,identical,3/3 tiles byte-identical to tiles of ID 17-8OHDG-20X-7.czi,Y,,True,derivative-nonraw,"a scale-bar copy of ID 17-8OHDG-20X-7.czi under the same name (pixel-identical, an annotation layer added): the project folder; -> nonraw_derived.csv"
CELL|2023-04-26T15:12:10,0bacdf8c400822075f02413b608b447e1ae852ead65e6c54c2e28727599c6391,plan,ID 17-8OHDG-20X-8.czi,Microscopio/Microscopio- MJesus Sanchez 2023/Machos vs Hembras/230426-8oHDG Females vs Male/ID 17-8OHDG-20X-8.czi,9465824,original,,,,pixel-identical twins: ID 17-8OHDG-20X-8.czi,Y,,False,keep,original
CELL|2023-04-26T15:12:10,9ea1f9521a0d3f29da7ae7b2df1bfd9639090391a945016134a4b8ddd5bd15be,plan,ID 17-8OHDG-20X-8.czi,Microscopio/Microscopio- MJesus Sanchez 2023/Machos vs Hembras/8oHDG Female and Male/ID 17-8OHDG-20X-8.czi,9465824,scale-bar copy,0bacdf8c400822075f02413b608b447e1ae852ead65e6c54c2e28727599c6391,ID 17-8OHDG-20X-8.czi,identical,3/3 tiles byte-identical to tiles of ID 17-8OHDG-20X-8.czi,Y,,True,derivative-nonraw,"a scale-bar copy of ID 17-8OHDG-20X-8.czi under the same name (pixel-identical, an annotation layer added): the project folder; -> nonraw_derived.csv"
CELL|2023-04-26T15:12:42,31bdb7b751fde74425bbdb2311b7ff98346a2eea82a524ea5b6b6f752e15131f,plan,ID 17-8OHDG-20X-9.czi,Microscopio/Microscopio- MJesus Sanchez 2023/Machos vs Hembras/230426-8oHDG Females vs Male/ID 17-8OHDG-20X-9.czi,9466048,original,,,,pixel-identical twins: ID 17-8OHDG-20X-9.czi,Y,,False,keep,original
CELL|2023-04-26T15:12:42,1150faaf2652f2498bed7b673044fd44ef4d124bf1f8a598164368c8d66914ce,plan,ID 17-8OHDG-20X-9.czi,Microscopio/Microscopio- MJesus Sanchez 2023/Machos vs Hembras/8oHDG Female and Male/ID 17-8OHDG-20X-9.czi,9466048,scale-bar copy,31bdb7b751fde74425bbdb2311b7ff98346a2eea82a524ea5b6b6f752e15131f,ID 17-8OHDG-20X-9.czi,identical,3/3 tiles byte-identical to tiles of ID 17-8OHDG-20X-9.czi,Y,,True,derivative-nonraw,"a scale-bar copy of ID 17-8OHDG-20X-9.czi under the same name (pixel-identical, an annotation layer added): the project folder; -> nonraw_derived.csv"
CELL|2023-04-26T15:13:33,72e26029df58f5ea4e55cd7fb71e675d56d39b5ffaebb3a06ed9034f56668ab1,plan,ID 17-8OHDG-20X-1.czi,Microscopio/Microscopio- MJesus Sanchez 2023/Machos vs Hembras/230426-8oHDG Females vs Male/ID 17-8OHDG-20X-1.czi,9464320,original,,,,pixel-identical twins: ID 17-8OHDG-20X-1.czi,Y,,False,keep,original
CELL|2023-04-26T15:13:33,8017eee6036a8bdde24e29c35c9c687b618ea04ccabfe70ce45515574d4d1c68,plan,ID 17-8OHDG-20X-1.czi,Microscopio/Microscopio- MJesus Sanchez 2023/Machos vs Hembras/8oHDG Female and Male/ID 17-8OHDG-20X-1.czi,9464320,scale-bar copy,72e26029df58f5ea4e55cd7fb71e675d56d39b5ffaebb3a06ed9034f56668ab1,ID 17-8OHDG-20X-1.czi,identical,3/3 tiles byte-identical to tiles of ID 17-8OHDG-20X-1.czi,Y,,True,derivative-nonraw,"a scale-bar copy of ID 17-8OHDG-20X-1.czi under the same name (pixel-identical, an annotation layer added): the project folder; -> nonraw_derived.csv"
CELL|2023-04-26T15:21:39,53ad65934de54216731a95581c2b80818ab82633f98bb756e8572a708038165c,plan,ID 23-8OHDG-20X-1.czi,Microscopio/Microscopio- MJesus Sanchez 2023/Machos vs Hembras/230426-8oHDG Females vs Male/ID 23-8OHDG-20X-1.czi,9470688,original,,,,pixel-identical twins: ID 23-8OHDG-20X-1.czi,Y,,False,keep,original
CELL|2023-04-26T15:21:39,337640bf78a93850b9607c28c04f8870d71b2066e9409e66ca72d08cc160ece6,plan,ID 23-8OHDG-20X-1.czi,Microscopio/Microscopio- MJesus Sanchez 2023/Machos vs Hembras/8oHDG Female and Male/ID 23-8OHDG-20X-1.czi,9470688,scale-bar copy,53ad65934de54216731a95581c2b80818ab82633f98bb756e8572a708038165c,ID 23-8OHDG-20X-1.czi,identical,3/3 tiles byte-identical to tiles of ID 23-8OHDG-20X-1.czi,Y,,True,derivative-nonraw,"a scale-bar copy of ID 23-8OHDG-20X-1.czi under the same name (pixel-identical, an annotation layer added): the project folder; -> nonraw_derived.csv"
CELL|2023-04-26T15:23:28,953f20e74ca7060c75f362c03ee67ff7f09686f3906df6c77cab8b0deb1fdac7,plan,ID 23-8OHDG-20X-2.czi,Microscopio/Microscopio- MJesus Sanchez 2023/Machos vs Hembras/230426-8oHDG Females vs Male/ID 23-8OHDG-20X-2.czi,9499200,original,,,,pixel-identical twins: ID 23-8OHDG-20X-2.czi,Y,,False,keep,original
CELL|2023-04-26T15:23:28,dce587a9104aee9274c7f632cb70ea428368ac0f28248d1bf99cb674debb469c,plan,ID 23-8OHDG-20X-2.czi,Microscopio/Microscopio- MJesus Sanchez 2023/Machos vs Hembras/8oHDG Female and Male/ID 23-8OHDG-20X-2.czi,9470080,scale-bar copy,953f20e74ca7060c75f362c03ee67ff7f09686f3906df6c77cab8b0deb1fdac7,ID 23-8OHDG-20X-2.czi,identical,3/3 tiles byte-identical to tiles of ID 23-8OHDG-20X-2.czi,Y,,True,derivative-nonraw,"a scale-bar copy of ID 23-8OHDG-20X-2.czi under the same name (pixel-identical, an annotation layer added): the project folder; -> nonraw_derived.csv"
CELL|2023-04-26T15:25:55,9d70d949306da3cb3d696e2d548c4f0550a4e17470cff81b71fdcf897fbb4857,plan,ID 23-8OHDG-20X-3.czi,Microscopio/Microscopio- MJesus Sanchez 2023/Machos vs Hembras/230426-8oHDG Females vs Male/ID 23-8OHDG-20X-3.czi,9496544,original,,,,pixel-identical twins: ID 23-8OHDG-20X-3.czi,Y,,False,keep,original
CELL|2023-04-26T15:25:55,32a19175d19c16499b71c05aa6e7bb6cb05b0daf1d337c0553fecee6da6abb83,plan,ID 23-8OHDG-20X-3.czi,Microscopio/Microscopio- MJesus Sanchez 2023/Machos vs Hembras/8oHDG Female and Male/ID 23-8OHDG-20X-3.czi,9469664,scale-bar copy,9d70d949306da3cb3d696e2d548c4f0550a4e17470cff81b71fdcf897fbb4857,ID 23-8OHDG-20X-3.czi,identical,3/3 tiles byte-identical to tiles of ID 23-8OHDG-20X-3.czi,Y,,True,derivative-nonraw,"a scale-bar copy of ID 23-8OHDG-20X-3.czi under the same name (pixel-identical, an annotation layer added): the project folder; -> nonraw_derived.csv"
CELL|2023-04-26T15:26:59,7734864723e4b8583f9c2590dcbf6b45858fd666cda2d8af1c4dd42586691b47,plan,ID 23-8OHDG-20X-4.czi,Microscopio/Microscopio- MJesus Sanchez 2023/Machos vs Hembras/230426-8oHDG Females vs Male/ID 23-8OHDG-20X-4.czi,9502176,original,,,,pixel-identical twins: ID 23-8OHDG-20X-4.czi,Y,,False,keep,original
CELL|2023-04-26T15:26:59,8441211cec6d7ba9b749d035e2015b908db5d6e0dc41dcb1fdf8d3ae800c2801,plan,ID 23-8OHDG-20X-4.czi,Microscopio/Microscopio- MJesus Sanchez 2023/Machos vs Hembras/8oHDG Female and Male/ID 23-8OHDG-20X-4.czi,9471424,scale-bar copy,7734864723e4b8583f9c2590dcbf6b45858fd666cda2d8af1c4dd42586691b47,ID 23-8OHDG-20X-4.czi,identical,3/3 tiles byte-identical to tiles of ID 23-8OHDG-20X-4.czi,Y,,True,derivative-nonraw,"a scale-bar copy of ID 23-8OHDG-20X-4.czi under the same name (pixel-identical, an annotation layer added): the project folder; -> nonraw_derived.csv"
CELL|2023-04-26T15:29:11,007fa08240cb3be175932960c45f8fde013694bdac7b8504b0d44024fd911545,plan,ID 23-8OHDG-20X-controlnegative.czi,Microscopio/Microscopio- MJesus Sanchez 2023/Machos vs Hembras/230426-8oHDG Females vs Male/ID 23-8OHDG-20X-controlnegative.czi,9484224,original,,,,pixel-identical twins: ID 23-8OHDG-20X-controlnegative.czi,Y,,False,keep,original
CELL|2023-04-26T15:29:11,3d6c37c4e82fa58e8d38fd00efaf67370ca3bf233eefe45c78040b66d1c97c2a,plan,ID 23-8OHDG-20X-controlnegative.czi,Microscopio/Microscopio- MJesus Sanchez 2023/Machos vs Hembras/8oHDG Female and Male/ID 23-8OHDG-20X-controlnegative.czi,9462304,scale-bar copy,007fa08240cb3be175932960c45f8fde013694bdac7b8504b0d44024fd911545,ID 23-8OHDG-20X-controlnegative.czi,identical,3/3 tiles byte-identical to tiles of ID 23-8OHDG-20X-controlnegative.czi,Y,,True,derivative-nonraw,"a scale-bar copy of ID 23-8OHDG-20X-controlnegative.czi under the same name (pixel-identical, an annotation layer added): the project folder; -> nonraw_derived.csv"
CELL|2023-04-26T15:35:18,06da20684cac7a8693d3669f0856e33c495175387618dcd5fa19c57958f40c4b,plan,ID 22-8OHDG-20X-1.czi,Microscopio/Microscopio- MJesus Sanchez 2023/Machos vs Hembras/230426-8oHDG Females vs Male/ID 22-8OHDG-20X-1.czi,8947008,original,,,,pixel-identical twins: ID 22-8OHDG-20X-1.czi,Y,,False,keep,original
CELL|2023-04-26T15:35:18,4d79ae2b8216a095d0f97c3e5837128adcde7c8da1d1d57111f75d9c50dffd70,plan,ID 22-8OHDG-20X-1.czi,Microscopio/Microscopio- MJesus Sanchez 2023/Machos vs Hembras/8oHDG Female and Male/ID 22-8OHDG-20X-1.czi,8947008,scale-bar copy,06da20684cac7a8693d3669f0856e33c495175387618dcd5fa19c57958f40c4b,ID 22-8OHDG-20X-1.czi,identical,3/3 tiles byte-identical to tiles of ID 22-8OHDG-20X-1.czi,Y,,True,derivative-nonraw,"a scale-bar copy of ID 22-8OHDG-20X-1.czi under the same name (pixel-identical, an annotation layer added): the project folder; -> nonraw_derived.csv"
CELL|2023-04-26T15:39:21,c6f26877ab9c7021e48cd2be439bce3198049d64333d41213298ab336f42fe14,plan,ID 22-8OHDG-20X-2.czi,Microscopio/Microscopio- MJesus Sanchez 2023/Machos vs Hembras/230426-8oHDG Females vs Male/ID 22-8OHDG-20X-2.czi,8944000,original,,,,pixel-identical twins: ID 22-8OHDG-20X-2.czi,Y,,False,keep,original
CELL|2023-04-26T15:39:21,f223d8b7f9876654057f0c155e3edb36d9f5b202d7e05a066d71afd5150b9a8e,plan,ID 22-8OHDG-20X-2.czi,Microscopio/Microscopio- MJesus Sanchez 2023/Machos vs Hembras/8oHDG Female and Male/ID 22-8OHDG-20X-2.czi,8944000,scale-bar copy,c6f26877ab9c7021e48cd2be439bce3198049d64333d41213298ab336f42fe14,ID 22-8OHDG-20X-2.czi,identical,3/3 tiles byte-identical to tiles of ID 22-8OHDG-20X-2.czi,Y,,True,derivative-nonraw,"a scale-bar copy of ID 22-8OHDG-20X-2.czi under the same name (pixel-identical, an annotation layer added): the project folder; -> nonraw_derived.csv"
CELL|2023-04-26T15:40:32,b95b22586d36ee488e2e015e81a217b2d5ac5250a8bbb3419b8d392741c23e51,plan,ID 22-8OHDG-20X-3.czi,Microscopio/Microscopio- MJesus Sanchez 2023/Machos vs Hembras/230426-8oHDG Females vs Male/ID 22-8OHDG-20X-3.czi,8944544,original,,,,pixel-identical twins: ID 22-8OHDG-20X-3.czi,Y,,False,keep,original
CELL|2023-04-26T15:40:32,9ee858f3fc9d0178fe53e72ed9b6fe7cd2a741e469eb552bfb5aa31aae6ea0fd,plan,ID 22-8OHDG-20X-3.czi,Microscopio/Microscopio- MJesus Sanchez 2023/Machos vs Hembras/8oHDG Female and Male/ID 22-8OHDG-20X-3.czi,8944544,scale-bar copy,b95b22586d36ee488e2e015e81a217b2d5ac5250a8bbb3419b8d392741c23e51,ID 22-8OHDG-20X-3.czi,identical,3/3 tiles byte-identical to tiles of ID 22-8OHDG-20X-3.czi,Y,,True,derivative-nonraw,"a scale-bar copy of ID 22-8OHDG-20X-3.czi under the same name (pixel-identical, an annotation layer added): the project folder; -> nonraw_derived.csv"
CELL|2023-04-26T15:43:11,cc9d9f8594850a8e04c256d5be1eae23c2c85f6d6cb61d23ffa8569161896994,plan,ID 22-8OHDG-20X-5.czi,Microscopio/Microscopio- MJesus Sanchez 2023/Machos vs Hembras/230426-8oHDG Females vs Male/ID 22-8OHDG-20X-5.czi,9462592,original,,,,pixel-identical twins: ID 22-8OHDG-20X-5.czi,Y,,False,keep,original
CELL|2023-04-26T15:43:11,4e25f83fcacdb311775425b7717a97360c3914a4cea158e5ebbcb0dd1e78519a,plan,ID 22-8OHDG-20X-5.czi,Microscopio/Microscopio- MJesus Sanchez 2023/Machos vs Hembras/8oHDG Female and Male/ID 22-8OHDG-20X-5.czi,9462592,scale-bar copy,cc9d9f8594850a8e04c256d5be1eae23c2c85f6d6cb61d23ffa8569161896994,ID 22-8OHDG-20X-5.czi,identical,3/3 tiles byte-identical to tiles of ID 22-8OHDG-20X-5.czi,Y,,True,derivative-nonraw,"a scale-bar copy of ID 22-8OHDG-20X-5.czi under the same name (pixel-identical, an annotation layer added): the project folder; -> nonraw_derived.csv"
CELL|2023-04-26T15:43:38,91ba308468ba983d921907e09f7bd1addae1467dcda05b21ea857bfe06b8f38b,plan,ID 22-8OHDG-20X-4.czi,Microscopio/Microscopio- MJesus Sanchez 2023/Machos vs Hembras/230426-8oHDG Females vs Male/ID 22-8OHDG-20X-4.czi,9463776,original,,,,pixel-identical twins: ID 22-8OHDG-20X-4.czi,Y,,False,keep,original
CELL|2023-04-26T15:43:38,fefd63316a7f1488eed88908ec3c2b5f7174ba58ab319ebfd28c9b4c0dfa53fb,plan,ID 22-8OHDG-20X-4.czi,Microscopio/Microscopio- MJesus Sanchez 2023/Machos vs Hembras/8oHDG Female and Male/ID 22-8OHDG-20X-4.czi,9463776,scale-bar copy,91ba308468ba983d921907e09f7bd1addae1467dcda05b21ea857bfe06b8f38b,ID 22-8OHDG-20X-4.czi,identical,3/3 tiles byte-identical to tiles of ID 22-8OHDG-20X-4.czi,Y,,True,derivative-nonraw,"a scale-bar copy of ID 22-8OHDG-20X-4.czi under the same name (pixel-identical, an annotation layer added): the project folder; -> nonraw_derived.csv"
CELL|2023-04-26T15:44:59,706744359c552e9779338ecf3c359964397cf050cdc1ef2988da2c1e7d00ae72,plan,ID 22-8OHDG-20X-controlnegative.czi,Microscopio/Microscopio- MJesus Sanchez 2023/Machos vs Hembras/230426-8oHDG Females vs Male/ID 22-8OHDG-20X-controlnegative.czi,9459840,original,,,,pixel-identical twins: ID 22-8OHDG-20X-controlnegative.czi,Y,,False,keep,original
CELL|2023-04-26T15:44:59,c62c0af398a797ae6e314b3b36ab67e625a1d09c3a862d068483e248255642f5,plan,ID 22-8OHDG-20X-controlnegative.czi,Microscopio/Microscopio- MJesus Sanchez 2023/Machos vs Hembras/8oHDG Female and Male/ID 22-8OHDG-20X-controlnegative.czi,9459840,scale-bar copy,706744359c552e9779338ecf3c359964397cf050cdc1ef2988da2c1e7d00ae72,ID 22-8OHDG-20X-controlnegative.czi,identical,3/3 tiles byte-identical to tiles of ID 22-8OHDG-20X-controlnegative.czi,Y,,True,derivative-nonraw,"a scale-bar copy of ID 22-8OHDG-20X-controlnegative.czi under the same name (pixel-identical, an annotation layer added): the project folder; -> nonraw_derived.csv"
CELL|2023-04-26T15:59:00,ecb3e3a564558fa5260fa47ad6d9d2c25d824e5388854865ab0fe4ee146ee9aa,plan,ID 137-8OHDG-20X-1.czi,Microscopio/Microscopio- MJesus Sanchez 2023/Machos vs Hembras/230426-8oHDG Females vs Male/ID 137-8OHDG-20X-1.czi,9458368,original,,,,pixel-identical twins: ID 137-8OHDG-20X-1.czi,Y,,False,keep,original
CELL|2023-04-26T15:59:00,5d8593238e8e69f8492ab5d54c68af308c7c3ad464db9cfbb3bdf924674c86db,plan,ID 137-8OHDG-20X-1.czi,Microscopio/Microscopio- MJesus Sanchez 2023/Machos vs Hembras/8oHDG Female and Male/ID 137-8OHDG-20X-1.czi,9458368,scale-bar copy,ecb3e3a564558fa5260fa47ad6d9d2c25d824e5388854865ab0fe4ee146ee9aa,ID 137-8OHDG-20X-1.czi,identical,3/3 tiles byte-identical to tiles of ID 137-8OHDG-20X-1.czi,Y,,True,derivative-nonraw,"a scale-bar copy of ID 137-8OHDG-20X-1.czi under the same name (pixel-identical, an annotation layer added): the project folder; -> nonraw_derived.csv"
CELL|2023-04-26T15:59:55,25a18fcd7080d9936a79a5c35ecc30a7ebd6af02f2d4343a2a2b2c747bf7c3cf,plan,ID 137-8OHDG-20X-2.czi,Microscopio/Microscopio- MJesus Sanchez 2023/Machos vs Hembras/230426-8oHDG Females vs Male/ID 137-8OHDG-20X-2.czi,9476320,original,,,,pixel-identical twins: ID 137-8OHDG-20X-2.czi,Y,,False,keep,original
CELL|2023-04-26T15:59:55,2096538de13721e5754766e27de6ef59a38504bbdffe22335cc3e0cab2667121,plan,ID 137-8OHDG-20X-2.czi,Microscopio/Microscopio- MJesus Sanchez 2023/Machos vs Hembras/8oHDG Female and Male/ID 137-8OHDG-20X-2.czi,9456032,scale-bar copy,25a18fcd7080d9936a79a5c35ecc30a7ebd6af02f2d4343a2a2b2c747bf7c3cf,ID 137-8OHDG-20X-2.czi,identical,3/3 tiles byte-identical to tiles of ID 137-8OHDG-20X-2.czi,Y,,True,derivative-nonraw,"a scale-bar copy of ID 137-8OHDG-20X-2.czi under the same name (pixel-identical, an annotation layer added): the project folder; -> nonraw_derived.csv"
CELL|2023-04-26T16:03:16,0ca06db84fc4a8edbe187048c91f44b965a568347aab3504922d60a64ea59115,plan,ID 137-8OHDG-20X-3.czi,Microscopio/Microscopio- MJesus Sanchez 2023/Machos vs Hembras/230426-8oHDG Females vs Male/ID 137-8OHDG-20X-3.czi,9477984,original,,,,pixel-identical twins: ID 137-8OHDG-20X-3.czi,Y,,False,keep,original
CELL|2023-04-26T16:03:16,86b497ebe394d7604ed2b7b4daa88a2f42c566da5b27108af7d4168c50122169,plan,ID 137-8OHDG-20X-3.czi,Microscopio/Microscopio- MJesus Sanchez 2023/Machos vs Hembras/8oHDG Female and Male/ID 137-8OHDG-20X-3.czi,9477984,scale-bar copy,0ca06db84fc4a8edbe187048c91f44b965a568347aab3504922d60a64ea59115,ID 137-8OHDG-20X-3.czi,identical,3/3 tiles byte-identical to tiles of ID 137-8OHDG-20X-3.czi,Y,,True,derivative-nonraw,"a scale-bar copy of ID 137-8OHDG-20X-3.czi under the same name (pixel-identical, an annotation layer added): the project folder; -> nonraw_derived.csv"
CELL|2023-04-26T16:04:59,5998283bfa4683b910b8b43951c644b96eb6283614009a98c7d14883c1660a51,plan,ID 137-8OHDG-20X-4.czi,Microscopio/Microscopio- MJesus Sanchez 2023/Machos vs Hembras/230426-8oHDG Females vs Male/ID 137-8OHDG-20X-4.czi,9481568,original,,,,pixel-identical twins: ID 137-8OHDG-20X-4.czi,Y,,False,keep,original
CELL|2023-04-26T16:04:59,c7c804cde371a6bff2726c45e3f42e80053ec8de997463e14fb49a8329bc6169,plan,ID 137-8OHDG-20X-4.czi,Microscopio/Microscopio- MJesus Sanchez 2023/Machos vs Hembras/8oHDG Female and Male/ID 137-8OHDG-20X-4.czi,9461568,scale-bar copy,5998283bfa4683b910b8b43951c644b96eb6283614009a98c7d14883c1660a51,ID 137-8OHDG-20X-4.czi,identical,3/3 tiles byte-identical to tiles of ID 137-8OHDG-20X-4.czi,Y,,True,derivative-nonraw,"a scale-bar copy of ID 137-8OHDG-20X-4.czi under the same name (pixel-identical, an annotation layer added): the project folder; -> nonraw_derived.csv"
CELL|2023-04-26T16:05:38,6fcfde75398ce7b77f634c6b28305f1855e453b626f47b8d935bc1e87abcd9ee,plan,ID 137-8OHDG-20X-controlnegative.czi,Microscopio/Microscopio- MJesus Sanchez 2023/Machos vs Hembras/230426-8oHDG Females vs Male/ID 137-8OHDG-20X-controlnegative.czi,9475520,original,,,,pixel-identical twins: ID 137-8OHDG-20X-controlnegative.czi,Y,,False,keep,original
CELL|2023-04-26T16:05:38,2f8f093812009cba397e907e5baca6b3087be40fe8dc76995ee2dcac37ad9dcf,plan,ID 137-8OHDG-20X-controlnegative.czi,Microscopio/Microscopio- MJesus Sanchez 2023/Machos vs Hembras/8oHDG Female and Male/ID 137-8OHDG-20X-controlnegative.czi,9456864,scale-bar copy,6fcfde75398ce7b77f634c6b28305f1855e453b626f47b8d935bc1e87abcd9ee,ID 137-8OHDG-20X-controlnegative.czi,identical,3/3 tiles byte-identical to tiles of ID 137-8OHDG-20X-controlnegative.czi,Y,,True,derivative-nonraw,"a scale-bar copy of ID 137-8OHDG-20X-controlnegative.czi under the same name (pixel-identical, an annotation layer added): the project folder; -> nonraw_derived.csv"
CELL|2023-04-26T16:07:48,0c85e765565b3f1d3ad4086c7422bb568bd15f57264198ed22f3c15e258cf178,plan,ID 137-8OHDG-20X-5.czi,Microscopio/Microscopio- MJesus Sanchez 2023/Machos vs Hembras/230426-8oHDG Females vs Male/ID 137-8OHDG-20X-5.czi,9462240,original,,,,pixel-identical twins: ID 137-8OHDG-20X-5.czi,Y,,False,keep,original
CELL|2023-04-26T16:07:48,274c9740a2de70717732e15dcb7f07c1dbe058f6b2344089e314de902982c4e7,plan,ID 137-8OHDG-20X-5.czi,Microscopio/Microscopio- MJesus Sanchez 2023/Machos vs Hembras/8oHDG Female and Male/ID 137-8OHDG-20X-5.czi,9462240,scale-bar copy,0c85e765565b3f1d3ad4086c7422bb568bd15f57264198ed22f3c15e258cf178,ID 137-8OHDG-20X-5.czi,identical,3/3 tiles byte-identical to tiles of ID 137-8OHDG-20X-5.czi,Y,,True,derivative-nonraw,"a scale-bar copy of ID 137-8OHDG-20X-5.czi under the same name (pixel-identical, an annotation layer added): the project folder; -> nonraw_derived.csv"
CELL|2023-04-26T16:12:31,277f91d0a9ac760e6586bab07b0af36cd8cd7e344ebfcf2f518b4e8b67ab84b1,plan,ID 18-8OHDG-20X-1.czi,Microscopio/Microscopio- MJesus Sanchez 2023/Machos vs Hembras/230426-8oHDG Females vs Male/ID 18-8OHDG-20X-1.czi,9462336,original,,,,pixel-identical twins: ID 18-8OHDG-20X-1.czi,Y,,False,keep,original
CELL|2023-04-26T16:12:31,54988de6e01d2b19514ffd886d21974740189cbfd9fe802aaf761d7b7a2b4a29,plan,ID 18-8OHDG-20X-1.czi,Microscopio/Microscopio- MJesus Sanchez 2023/Machos vs Hembras/8oHDG Female and Male/ID 18-8OHDG-20X-1.czi,9462336,scale-bar copy,277f91d0a9ac760e6586bab07b0af36cd8cd7e344ebfcf2f518b4e8b67ab84b1,ID 18-8OHDG-20X-1.czi,identical,3/3 tiles byte-identical to tiles of ID 18-8OHDG-20X-1.czi,Y,,True,derivative-nonraw,"a scale-bar copy of ID 18-8OHDG-20X-1.czi under the same name (pixel-identical, an annotation layer added): the project folder; -> nonraw_derived.csv"
CELL|2023-04-26T16:13:59,c9b36d440b2fcfbb36ee8452cd413aaf86f5463eddd4eaf90cc0825b68a981ec,plan,ID 18-8OHDG-20X-2.czi,Microscopio/Microscopio- MJesus Sanchez 2023/Machos vs Hembras/230426-8oHDG Females vs Male/ID 18-8OHDG-20X-2.czi,9461152,original,,,,pixel-identical twins: ID 18-8OHDG-20X-2.czi,Y,,False,keep,original
CELL|2023-04-26T16:13:59,684122b1f3b4d32c587f4f0a59971ae42e79b2fbe3d9ad8c7a7be4a6e12138ec,plan,ID 18-8OHDG-20X-2.czi,Microscopio/Microscopio- MJesus Sanchez 2023/Machos vs Hembras/8oHDG Female and Male/ID 18-8OHDG-20X-2.czi,9461152,scale-bar copy,c9b36d440b2fcfbb36ee8452cd413aaf86f5463eddd4eaf90cc0825b68a981ec,ID 18-8OHDG-20X-2.czi,identical,3/3 tiles byte-identical to tiles of ID 18-8OHDG-20X-2.czi,Y,,True,derivative-nonraw,"a scale-bar copy of ID 18-8OHDG-20X-2.czi under the same name (pixel-identical, an annotation layer added): the project folder; -> nonraw_derived.csv"
CELL|2023-04-26T16:15:33,23d72b3799769a79007181d498c62800a91f1d35b5a60ac2908284cb4c704078,plan,ID 18-8OHDG-20X-controlnegative.czi,Microscopio/Microscopio- MJesus Sanchez 2023/Machos vs Hembras/230426-8oHDG Females vs Male/ID 18-8OHDG-20X-controlnegative.czi,9452864,original,,,,pixel-identical twins: ID 18-8OHDG-20X-controlnegative.czi,Y,,False,keep,original
CELL|2023-04-26T16:15:33,19d9a6176ac066dce26f373a952a4adc248db1c7528aa5e5076eaf8e4b34098d,plan,ID 18-8OHDG-20X-controlnegative.czi,Microscopio/Microscopio- MJesus Sanchez 2023/Machos vs Hembras/8oHDG Female and Male/ID 18-8OHDG-20X-controlnegative.czi,9452864,scale-bar copy,23d72b3799769a79007181d498c62800a91f1d35b5a60ac2908284cb4c704078,ID 18-8OHDG-20X-controlnegative.czi,identical,3/3 tiles byte-identical to tiles of ID 18-8OHDG-20X-controlnegative.czi,Y,,True,derivative-nonraw,"a scale-bar copy of ID 18-8OHDG-20X-controlnegative.czi under the same name (pixel-identical, an annotation layer added): the project folder; -> nonraw_derived.csv"
CELL|2023-04-26T16:17:18,31dc91dba707f6cdf2cf6b417dc5392dd2e22879777d10cdacab7b8d1a2f46b6,plan,ID 18-8OHDG-20X-3.czi,Microscopio/Microscopio- MJesus Sanchez 2023/Machos vs Hembras/230426-8oHDG Females vs Male/ID 18-8OHDG-20X-3.czi,9456192,original,,,,pixel-identical twins: ID 18-8OHDG-20X-3.czi,Y,,False,keep,original
CELL|2023-04-26T16:17:18,d42bd53cd0db2b1af2895e257a7b9b3d1874403d8eca434405506f7f2b97b18c,plan,ID 18-8OHDG-20X-3.czi,Microscopio/Microscopio- MJesus Sanchez 2023/Machos vs Hembras/8oHDG Female and Male/ID 18-8OHDG-20X-3.czi,9456192,scale-bar copy,31dc91dba707f6cdf2cf6b417dc5392dd2e22879777d10cdacab7b8d1a2f46b6,ID 18-8OHDG-20X-3.czi,identical,3/3 tiles byte-identical to tiles of ID 18-8OHDG-20X-3.czi,Y,,True,derivative-nonraw,"a scale-bar copy of ID 18-8OHDG-20X-3.czi under the same name (pixel-identical, an annotation layer added): the project folder; -> nonraw_derived.csv"
CELL|2023-04-26T16:41:01,3f7de6c860b3518590c8bbbc682c27e040893d02226f69b965bcd73cea2ea18b,plan,ID 19-8OHDG-20X-1.czi,Microscopio/Microscopio- MJesus Sanchez 2023/Machos vs Hembras/230426-8oHDG Females vs Male/ID 19-8OHDG-20X-1.czi,8961472,identical re-save,2217644e574ff6b6f1224229f5dd79e53baf90c58b5364a180742075d5110c44,ID 19-8OHDG-20X-1.czi,identical,3/3 tiles byte-identical to tiles of ID 19-8OHDG-20X-1.czi,Y,,False,resave-within-plan,"same name and second, pixel-identical: a re-save of ID 19-8OHDG-20X-1.czi; kept 2217644e574ff6b6f1224229f5dd79e53baf90c58b5364a180742075d5110c44"
CELL|2023-04-26T16:41:01,2217644e574ff6b6f1224229f5dd79e53baf90c58b5364a180742075d5110c44,plan,ID 19-8OHDG-20X-1.czi,Microscopio/Microscopio- MJesus Sanchez 2023/Machos vs Hembras/8oHDG Female and Male/ID 19-8OHDG-20X-1.czi,8938976,original,,,,pixel-identical twins: ID 19-8OHDG-20X-1.czi,Y,,False,keep,original
CELL|2023-04-26T16:42:48,e5b4a62372264cd1cf561fe4c71ceabb7cc24bbf174371827a6852a74bbec390,plan,ID 19-8OHDG-20X-2.czi,Microscopio/Microscopio- MJesus Sanchez 2023/Machos vs Hembras/230426-8oHDG Females vs Male/ID 19-8OHDG-20X-2.czi,8938112,identical re-save,512fa213872e42e5086bbc47fb6a94dca2ec3c58a80dda83bacd4a2d318c4baf,ID 19-8OHDG-20X-2.czi,identical,3/3 tiles byte-identical to tiles of ID 19-8OHDG-20X-2.czi,Y,,False,resave-within-plan,"same name and second, pixel-identical: a re-save of ID 19-8OHDG-20X-2.czi; kept 512fa213872e42e5086bbc47fb6a94dca2ec3c58a80dda83bacd4a2d318c4baf"
CELL|2023-04-26T16:42:48,512fa213872e42e5086bbc47fb6a94dca2ec3c58a80dda83bacd4a2d318c4baf,plan,ID 19-8OHDG-20X-2.czi,Microscopio/Microscopio- MJesus Sanchez 2023/Machos vs Hembras/8oHDG Female and Male/ID 19-8OHDG-20X-2.czi,8938112,original,,,,pixel-identical twins: ID 19-8OHDG-20X-2.czi,Y,,False,keep,original
CELL|2023-04-26T16:43:11,3fffdb13233652d9b64848f85100640be1b34ec0729d6b209481141481b270d3,plan,ID 19-8OHDG-20X-3.czi,Microscopio/Microscopio- MJesus Sanchez 2023/Machos vs Hembras/230426-8oHDG Females vs Male/ID 19-8OHDG-20X-3.czi,8951648,identical re-save,74080e0f67bd1ba4e4e7deaa08048341c26669dfff340c794469d0d5f0dd208e,ID 19-8OHDG-20X-3.czi,identical,3/3 tiles byte-identical to tiles of ID 19-8OHDG-20X-3.czi,Y,,False,resave-within-plan,"same name and second, pixel-identical: a re-save of ID 19-8OHDG-20X-3.czi; kept 74080e0f67bd1ba4e4e7deaa08048341c26669dfff340c794469d0d5f0dd208e"
CELL|2023-04-26T16:43:11,74080e0f67bd1ba4e4e7deaa08048341c26669dfff340c794469d0d5f0dd208e,plan,ID 19-8OHDG-20X-3.czi,Microscopio/Microscopio- MJesus Sanchez 2023/Machos vs Hembras/8oHDG Female and Male/ID 19-8OHDG-20X-3.czi,8931776,original,,,,pixel-identical twins: ID 19-8OHDG-20X-3.czi,Y,,False,keep,original
CELL|2023-04-26T16:43:51,c4efb7e598be11895055e92016a1c0eea7320096f21a051ca8879f94ec84c182,plan,ID 19-8OHDG-20X-4.czi,Microscopio/Microscopio- MJesus Sanchez 2023/Machos vs Hembras/230426-8oHDG Females vs Male/ID 19-8OHDG-20X-4.czi,8957984,identical re-save,d573a89dc5b3cc9f67f64186e0e4197aa6f1ef234d9ff542d52bdf9589c0bfb7,ID 19-8OHDG-20X-4.czi,identical,3/3 tiles byte-identical to tiles of ID 19-8OHDG-20X-4.czi,Y,,False,resave-within-plan,"same name and second, pixel-identical: a re-save of ID 19-8OHDG-20X-4.czi; kept d573a89dc5b3cc9f67f64186e0e4197aa6f1ef234d9ff542d52bdf9589c0bfb7"
CELL|2023-04-26T16:43:51,d573a89dc5b3cc9f67f64186e0e4197aa6f1ef234d9ff542d52bdf9589c0bfb7,plan,ID 19-8OHDG-20X-4.czi,Microscopio/Microscopio- MJesus Sanchez 2023/Machos vs Hembras/8oHDG Female and Male/ID 19-8OHDG-20X-4.czi,8936448,original,,,,pixel-identical twins: ID 19-8OHDG-20X-4.czi,Y,,False,keep,original
CELL|2023-04-26T16:44:30,e591808c90b498b8a5c1b96415fc91ef74cf505f7d72d21fd3e6c82c45de56d0,plan,ID 19-8OHDG-20X-5.czi,Microscopio/Microscopio- MJesus Sanchez 2023/Machos vs Hembras/230426-8oHDG Females vs Male/ID 19-8OHDG-20X-5.czi,8936960,identical re-save,5ec4e160f3dc9c7ac09786d71658a66098ab23a310a8587a861af17d2b996d87,ID 19-8OHDG-20X-5.czi,identical,3/3 tiles byte-identical to tiles of ID 19-8OHDG-20X-5.czi,Y,,False,resave-within-plan,"same name and second, pixel-identical: a re-save of ID 19-8OHDG-20X-5.czi; kept 5ec4e160f3dc9c7ac09786d71658a66098ab23a310a8587a861af17d2b996d87"
CELL|2023-04-26T16:44:30,5ec4e160f3dc9c7ac09786d71658a66098ab23a310a8587a861af17d2b996d87,plan,ID 19-8OHDG-20X-5.czi,Microscopio/Microscopio- MJesus Sanchez 2023/Machos vs Hembras/8oHDG Female and Male/ID 19-8OHDG-20X-5.czi,8936960,original,,,,pixel-identical twins: ID 19-8OHDG-20X-5.czi,Y,,False,keep,original
CELL|2023-05-16T14:07:36,9adebea81246b633c62d73cfeadbfd768b0f3b9a56cf0f155c5db553a1240745,plan,230516-8OHdGSMA-ID 202-Lung-20x-2.czi,Microscopio/Microscopio- MJesus Sanchez 2023/Female Diets/230516-8OHdGSMA-Female 0619 Diets/230516-8OHdGSMA-ID 202-Lung-20x-2.czi,8949504,original,,,,pixel-identical twins: 230516-8OHdGSMA-ID 202-Lung-20x-2.czi,Y,,False,keep,original
CELL|2023-05-16T14:07:36,490fd76921fa58f7f9818227324f69ab59452eb6e53a916cbfcf6219d9d9e459,plan,230516-8OHdGSMA-ID 202-Lung-20x-2.czi,Microscopio/Microscopio- MJesus Sanchez 2023/Machos vs Hembras/8oHDG Female and Male/More images/230516-8OHdGSMA-ID 202-Lung-20x-2.czi,8949504,identical re-save,9adebea81246b633c62d73cfeadbfd768b0f3b9a56cf0f155c5db553a1240745,230516-8OHdGSMA-ID 202-Lung-20x-2.czi,identical,3/3 tiles byte-identical to tiles of 230516-8OHdGSMA-ID 202-Lung-20x-2.czi,Y,,False,resave-within-plan,"same name and second, pixel-identical: a re-save of 230516-8OHdGSMA-ID 202-Lung-20x-2.czi; kept 9adebea81246b633c62d73cfeadbfd768b0f3b9a56cf0f155c5db553a1240745"
CELL|2023-05-16T14:08:51,a19fe454ccc272b7f661c49277677c98a19a7898e495b80b3dcfdc81fa75e786,plan,230516-8OHdGSMA-ID 202-Lung-20x-3.czi,Microscopio/Microscopio- MJesus Sanchez 2023/Female Diets/230516-8OHdGSMA-Female 0619 Diets/230516-8OHdGSMA-ID 202-Lung-20x-3.czi,8945312,original,,,,pixel-identical twins: 230516-8OHdGSMA-ID 202-Lung-20x-3.czi,Y,,False,keep,original
CELL|2023-05-16T14:08:51,c0199bf93597a69efe3f45ebe6c6037bb0f09bdf4b2d3f0b783bb56176ede401,plan,230516-8OHdGSMA-ID 202-Lung-20x-3.czi,Microscopio/Microscopio- MJesus Sanchez 2023/Machos vs Hembras/8oHDG Female and Male/More images/230516-8OHdGSMA-ID 202-Lung-20x-3.czi,8945312,identical re-save,a19fe454ccc272b7f661c49277677c98a19a7898e495b80b3dcfdc81fa75e786,230516-8OHdGSMA-ID 202-Lung-20x-3.czi,identical,3/3 tiles byte-identical to tiles of 230516-8OHdGSMA-ID 202-Lung-20x-3.czi,Y,,False,resave-within-plan,"same name and second, pixel-identical: a re-save of 230516-8OHdGSMA-ID 202-Lung-20x-3.czi; kept a19fe454ccc272b7f661c49277677c98a19a7898e495b80b3dcfdc81fa75e786"
CELL|2023-05-16T14:09:11,26fb9f4269b7b8fd806d2bc8a1f9dd70f8e1d8710da6f302af6fce148ebc9c50,plan,230516-8OHdGSMA-ID 202-Lung-20x-4.czi,Microscopio/Microscopio- MJesus Sanchez 2023/Female Diets/230516-8OHdGSMA-Female 0619 Diets/230516-8OHdGSMA-ID 202-Lung-20x-4.czi,8947456,original,,,,pixel-identical twins: 230516-8OHdGSMA-ID 202-Lung-20x-4.czi,Y,,False,keep,original
CELL|2023-05-16T14:09:11,0b8fca5b983e4afa21ed0bae41e916ee4755fc481c0ea2b5bc3844e8aec6f29f,plan,230516-8OHdGSMA-ID 202-Lung-20x-4.czi,Microscopio/Microscopio- MJesus Sanchez 2023/Machos vs Hembras/8oHDG Female and Male/More images/230516-8OHdGSMA-ID 202-Lung-20x-4.czi,8947456,identical re-save,26fb9f4269b7b8fd806d2bc8a1f9dd70f8e1d8710da6f302af6fce148ebc9c50,230516-8OHdGSMA-ID 202-Lung-20x-4.czi,identical,3/3 tiles byte-identical to tiles of 230516-8OHdGSMA-ID 202-Lung-20x-4.czi,Y,,False,resave-within-plan,"same name and second, pixel-identical: a re-save of 230516-8OHdGSMA-ID 202-Lung-20x-4.czi; kept 26fb9f4269b7b8fd806d2bc8a1f9dd70f8e1d8710da6f302af6fce148ebc9c50"
CELL|2023-05-16T14:10:05,506ff6e0a442196bef88539f8320decca288bcf6b729f82a58bb2dcdc863699a,plan,230516-8OHdGSMA-ID 202-Lung-20x-5.czi,Microscopio/Microscopio- MJesus Sanchez 2023/Female Diets/230516-8OHdGSMA-Female 0619 Diets/230516-8OHdGSMA-ID 202-Lung-20x-5.czi,8948000,original,,,,pixel-identical twins: 230516-8OHdGSMA-ID 202-Lung-20x-5.czi,Y,,False,keep,original
CELL|2023-05-16T14:10:05,6e5610a929b28b3bb48011a55347de751c86cebfb5501752f960c3644dff2513,plan,230516-8OHdGSMA-ID 202-Lung-20x-5.czi,Microscopio/Microscopio- MJesus Sanchez 2023/Machos vs Hembras/8oHDG Female and Male/More images/230516-8OHdGSMA-ID 202-Lung-20x-5.czi,8948000,identical re-save,506ff6e0a442196bef88539f8320decca288bcf6b729f82a58bb2dcdc863699a,230516-8OHdGSMA-ID 202-Lung-20x-5.czi,identical,3/3 tiles byte-identical to tiles of 230516-8OHdGSMA-ID 202-Lung-20x-5.czi,Y,,False,resave-within-plan,"same name and second, pixel-identical: a re-save of 230516-8OHdGSMA-ID 202-Lung-20x-5.czi; kept 506ff6e0a442196bef88539f8320decca288bcf6b729f82a58bb2dcdc863699a"
CELL|2023-05-16T14:10:16,6fdaf32eb0f87cb2d5f9e3129210aa5b6f605839135967676ad3962838a08a97,plan,230516-8OHdGSMA-ID 202-Lung-20x-6.czi,Microscopio/Microscopio- MJesus Sanchez 2023/Female Diets/230516-8OHdGSMA-Female 0619 Diets/230516-8OHdGSMA-ID 202-Lung-20x-6.czi,8947968,original,,,,pixel-identical twins: 230516-8OHdGSMA-ID 202-Lung-20x-6.czi,Y,,False,keep,original
CELL|2023-05-16T14:10:16,1cd6da19e2bdbf23026d21dae5db88a941ad6fcbacdc3106dc78c75cd60ebbfb,plan,230516-8OHdGSMA-ID 202-Lung-20x-6.czi,Microscopio/Microscopio- MJesus Sanchez 2023/Machos vs Hembras/8oHDG Female and Male/More images/230516-8OHdGSMA-ID 202-Lung-20x-6.czi,8947968,identical re-save,6fdaf32eb0f87cb2d5f9e3129210aa5b6f605839135967676ad3962838a08a97,230516-8OHdGSMA-ID 202-Lung-20x-6.czi,identical,3/3 tiles byte-identical to tiles of 230516-8OHdGSMA-ID 202-Lung-20x-6.czi,Y,,False,resave-within-plan,"same name and second, pixel-identical: a re-save of 230516-8OHdGSMA-ID 202-Lung-20x-6.czi; kept 6fdaf32eb0f87cb2d5f9e3129210aa5b6f605839135967676ad3962838a08a97"
CELL|2023-05-16T14:19:56,245533e6bd2b1f872253725b00057648a4f7deda4756bb4a05d042e68dd23b94,plan,230516-8OHdGSMA-ID 212-Lung-20x-5.czi,Microscopio/Microscopio- MJesus Sanchez 2023/Female Diets/230516-8OHdGSMA-Female 0619 Diets/230516-8OHdGSMA-ID 212-Lung-20x-5.czi,9462048,original,,,,pixel-identical twins: 230516-8OHdGSMA-ID 212-Lung-20x-5.czi,Y,,False,keep,original
CELL|2023-05-16T14:19:56,ec0809c7b4d15fa1ef710eb959e7d9b3a1f0cbff8226caa43742789346747419,plan,230516-8OHdGSMA-ID 212-Lung-20x-5.czi,Microscopio/Microscopio- MJesus Sanchez 2023/Machos vs Hembras/8oHDG Female and Male/More images/230516-8OHdGSMA-ID 212-Lung-20x-5.czi,9462048,identical re-save,245533e6bd2b1f872253725b00057648a4f7deda4756bb4a05d042e68dd23b94,230516-8OHdGSMA-ID 212-Lung-20x-5.czi,identical,3/3 tiles byte-identical to tiles of 230516-8OHdGSMA-ID 212-Lung-20x-5.czi,Y,,False,resave-within-plan,"same name and second, pixel-identical: a re-save of 230516-8OHdGSMA-ID 212-Lung-20x-5.czi; kept 245533e6bd2b1f872253725b00057648a4f7deda4756bb4a05d042e68dd23b94"
CELL|2023-05-16T14:21:22,e9edbfe2c41b2ef04b315f92f0a65d73371946b9bdddbe199ddd9a10a67fcf68,plan,230516-8OHdGSMA-ID 212-Lung-20x-9.czi,Microscopio/Microscopio- MJesus Sanchez 2023/Female Diets/230516-8OHdGSMA-Female 0619 Diets/230516-8OHdGSMA-ID 212-Lung-20x-9.czi,8948640,original,,,,pixel-identical twins: 230516-8OHdGSMA-ID 212-Lung-20x-9.czi,Y,,False,keep,original
CELL|2023-05-16T14:21:22,63f38f865c53805745d1b469992bb2e61c66eaeaaae0bfddf01fff707e16439a,plan,230516-8OHdGSMA-ID 212-Lung-20x-9.czi,Microscopio/Microscopio- MJesus Sanchez 2023/Machos vs Hembras/8oHDG Female and Male/More images/230516-8OHdGSMA-ID 212-Lung-20x-9.czi,8948640,identical re-save,e9edbfe2c41b2ef04b315f92f0a65d73371946b9bdddbe199ddd9a10a67fcf68,230516-8OHdGSMA-ID 212-Lung-20x-9.czi,identical,3/3 tiles byte-identical to tiles of 230516-8OHdGSMA-ID 212-Lung-20x-9.czi,Y,,False,resave-within-plan,"same name and second, pixel-identical: a re-save of 230516-8OHdGSMA-ID 212-Lung-20x-9.czi; kept e9edbfe2c41b2ef04b315f92f0a65d73371946b9bdddbe199ddd9a10a67fcf68"
CELL|2023-05-16T15:18:34,1429ce2614566b4965e08521edefde252d589a7c3ca776081433533428df5898,plan,230516-8OHdGSMA-ID 201-Lung-20x-5.czi,Microscopio/Microscopio- MJesus Sanchez 2023/Female Diets/230516-8OHdGSMA-Female 0619 Diets/230516-8OHdGSMA-ID 201-Lung-20x-5.czi,8945536,original,,,,pixel-identical twins: 230516-8OHdGSMA-ID 201-Lung-20x-5.czi,Y,,False,keep,original
CELL|2023-05-16T15:18:34,c88b0c255475b0ec5618ff2b0179a02219e8ce73257aa29ff7bd51e4591db33c,plan,230516-8OHdGSMA-ID 201-Lung-20x-5.czi,Microscopio/Microscopio- MJesus Sanchez 2023/Machos vs Hembras/8oHDG Female and Male/More images/230516-8OHdGSMA-ID 201-Lung-20x-5.czi,8945536,identical re-save,1429ce2614566b4965e08521edefde252d589a7c3ca776081433533428df5898,230516-8OHdGSMA-ID 201-Lung-20x-5.czi,identical,3/3 tiles byte-identical to tiles of 230516-8OHdGSMA-ID 201-Lung-20x-5.czi,Y,,False,resave-within-plan,"same name and second, pixel-identical: a re-save of 230516-8OHdGSMA-ID 201-Lung-20x-5.czi; kept 1429ce2614566b4965e08521edefde252d589a7c3ca776081433533428df5898"
CELL|2023-05-16T15:18:43,9b3adfaf9d2c6c2255c898b858936f2fd5d45d024c5b4e582717b23e0f5e1806,plan,230516-8OHdGSMA-ID 201-Lung-20x-6.czi,Microscopio/Microscopio- MJesus Sanchez 2023/Female Diets/230516-8OHdGSMA-Female 0619 Diets/230516-8OHdGSMA-ID 201-Lung-20x-6.czi,8948384,original,,,,pixel-identical twins: 230516-8OHdGSMA-ID 201-Lung-20x-6.czi,Y,,False,keep,original
CELL|2023-05-16T15:18:43,f9db7e35bbad5a4af4a6b3e61f1d20b9a6d0dd6ed27fe5d3f8fa4982e3d95baf,plan,230516-8OHdGSMA-ID 201-Lung-20x-6.czi,Microscopio/Microscopio- MJesus Sanchez 2023/Machos vs Hembras/8oHDG Female and Male/More images/230516-8OHdGSMA-ID 201-Lung-20x-6.czi,8948384,identical re-save,9b3adfaf9d2c6c2255c898b858936f2fd5d45d024c5b4e582717b23e0f5e1806,230516-8OHdGSMA-ID 201-Lung-20x-6.czi,identical,3/3 tiles byte-identical to tiles of 230516-8OHdGSMA-ID 201-Lung-20x-6.czi,Y,,False,resave-within-plan,"same name and second, pixel-identical: a re-save of 230516-8OHdGSMA-ID 201-Lung-20x-6.czi; kept 9b3adfaf9d2c6c2255c898b858936f2fd5d45d024c5b4e582717b23e0f5e1806"
CELL|2023-05-16T15:20:25,d8ef11c100178522c815b1b40465cf5aaad4573a9fa81ad3233cbb3fffd94962,plan,230516-8OHdGSMA-ID 201-Lung-20x-8.czi,Microscopio/Microscopio- MJesus Sanchez 2023/Female Diets/230516-8OHdGSMA-Female 0619 Diets/230516-8OHdGSMA-ID 201-Lung-20x-8.czi,8948576,original,,,,pixel-identical twins: 230516-8OHdGSMA-ID 201-Lung-20x-8.czi,Y,,False,keep,original
CELL|2023-05-16T15:20:25,e39e5e825e31db7c79b7ddfa1bbff018709f45e93a6b9599b0fa7aac54cdbf55,plan,230516-8OHdGSMA-ID 201-Lung-20x-8.czi,Microscopio/Microscopio- MJesus Sanchez 2023/Machos vs Hembras/8oHDG Female and Male/More images/230516-8OHdGSMA-ID 201-Lung-20x-8.czi,8948576,identical re-save,d8ef11c100178522c815b1b40465cf5aaad4573a9fa81ad3233cbb3fffd94962,230516-8OHdGSMA-ID 201-Lung-20x-8.czi,identical,3/3 tiles byte-identical to tiles of 230516-8OHdGSMA-ID 201-Lung-20x-8.czi,Y,,False,resave-within-plan,"same name and second, pixel-identical: a re-save of 230516-8OHdGSMA-ID 201-Lung-20x-8.czi; kept d8ef11c100178522c815b1b40465cf5aaad4573a9fa81ad3233cbb3fffd94962"
CELL|2023-05-30T09:24:00,84f227a23d659141299247659ff6f6db4aa81f8758363c44a832937267ef488c,plan,230530-ID161-alphasma8OHdG-lungs-20x-2.czi,Microscopio/Microscopio- MJesus Sanchez 2023/Machos viejos-1019-3/1019-3 8OHdG/230530-ID161-alphasma8OHdG-lungs-20x-2.czi,8943136,identical re-save,ACQ-20230530-CELL-011,230530-ID161-alphasma8OHdG-lungs-20x-1.czi,identical,3/3 tiles byte-identical to tiles of 230530-ID161-alphasma8OHdG-lungs-20x-1.czi,Y,,False,derivative-nonraw,"identical re-save of production ACQ-20230530-CELL-011 (pixel-identical, another name); -> nonraw_derived.csv"
CELL|2023-05-30T09:24:00,ACQ-20230530-CELL-011,production,230530-ID161-alphasma8OHdG-lungs-20x-1.czi,ACQ-20230530-CELL-011,8942880,original,,,,pixel-identical twins: 230530-ID161-alphasma8OHdG-lungs-20x-2.czi,Y,,False,production (read only),
CELL|2023-06-15T14:19:00,ce8990a4e3d510e2b2128438443cf353252aaa49cc42cde46fa7c1f3900a7de6,plan,230615-ID 209-20X-3.czi,Microscopio/Microscopio- MJesus Sanchez 2023/Machos vs Hembras/ki67 and SMA/ki67 and SMA Female Control and PAH 0619/230615-ID 209-20X-3.czi,8945376,original,,,,pixel-identical twins: 230615-ID 209-20X-3.czi,Y,,False,keep,original
CELL|2023-06-15T14:19:00,279157af0b4e63fb95d9ad19805c1dc0821e9b2421d650166f81a547ea5521a7,plan,230615-ID 209-20X-3.czi,Microscopio/Microscopio- MJesus Sanchez 2023/Machos vs Hembras/ki67 and SMA/ki67 and SMA female control and PAH/230615-ID 209-20X-3.czi,8945376,identical re-save,ce8990a4e3d510e2b2128438443cf353252aaa49cc42cde46fa7c1f3900a7de6,230615-ID 209-20X-3.czi,identical,3/3 tiles byte-identical to tiles of 230615-ID 209-20X-3.czi,Y,,False,resave-within-plan,"same name and second, pixel-identical: a re-save of 230615-ID 209-20X-3.czi; kept ce8990a4e3d510e2b2128438443cf353252aaa49cc42cde46fa7c1f3900a7de6"
CELL|2023-06-15T14:24:24,4a9271cbbc95f890b9f270522419b04ed7cd52eaadb86db8a599b04f34af9fbc,plan,230615-ID 209-20X-7.czi,Microscopio/Microscopio- MJesus Sanchez 2023/Machos vs Hembras/ki67 and SMA/ki67 and SMA Female Control and PAH 0619/230615-ID 209-20X-7.czi,9461120,original,,,,pixel-identical twins: 230615-ID 209-20X-7.czi,Y,,False,keep,original
CELL|2023-06-15T14:24:24,ed5d3b05f192bcaeb9297cc9c91a4b292f35c657ff8566105e3413c123bbb6bf,plan,230615-ID 209-20X-7.czi,Microscopio/Microscopio- MJesus Sanchez 2023/Machos vs Hembras/ki67 and SMA/ki67 and SMA female control and PAH/230615-ID 209-20X-7.czi,9461120,identical re-save,4a9271cbbc95f890b9f270522419b04ed7cd52eaadb86db8a599b04f34af9fbc,230615-ID 209-20X-7.czi,identical,3/3 tiles byte-identical to tiles of 230615-ID 209-20X-7.czi,Y,,False,resave-within-plan,"same name and second, pixel-identical: a re-save of 230615-ID 209-20X-7.czi; kept 4a9271cbbc95f890b9f270522419b04ed7cd52eaadb86db8a599b04f34af9fbc"
CELL|2023-06-15T14:25:50,a4e19516a348feb22fbb694641779881c8406c5a894edb94b661c6768a2599a9,plan,230615-ID 209-20X-9.czi,Microscopio/Microscopio- MJesus Sanchez 2023/Machos vs Hembras/ki67 and SMA/ki67 and SMA Female Control and PAH 0619/230615-ID 209-20X-9.czi,9461984,original,,,,pixel-identical twins: 230615-ID 209-20X-9.czi,Y,,False,keep,original
CELL|2023-06-15T14:25:50,a05cff4b89e83d09857528c1490ac59e1d206f963315926ee24bc6e4fd880ec4,plan,230615-ID 209-20X-9.czi,Microscopio/Microscopio- MJesus Sanchez 2023/Machos vs Hembras/ki67 and SMA/ki67 and SMA female control and PAH/230615-ID 209-20X-9.czi,9461984,identical re-save,a4e19516a348feb22fbb694641779881c8406c5a894edb94b661c6768a2599a9,230615-ID 209-20X-9.czi,identical,3/3 tiles byte-identical to tiles of 230615-ID 209-20X-9.czi,Y,,False,resave-within-plan,"same name and second, pixel-identical: a re-save of 230615-ID 209-20X-9.czi; kept a4e19516a348feb22fbb694641779881c8406c5a894edb94b661c6768a2599a9"
CELL|2023-06-15T14:36:59,1393542e60ac8300939ff1bbd1fe43a925b53cd31405914f179ac6f4be0997dd,plan,230615-ID 212-20X-3.czi,Microscopio/Microscopio- MJesus Sanchez 2023/Machos vs Hembras/ki67 and SMA/ki67 and SMA Female Control and PAH 0619/230615-ID 212-20X-3.czi,8947968,original,,,,pixel-identical twins: 230615-ID 212-20X-3.czi,Y,,False,keep,original
CELL|2023-06-15T14:36:59,3b6546c254e051977b327b1ee9d43ced190efe04ab57de4800498ae5fabcad31,plan,230615-ID 212-20X-3.czi,Microscopio/Microscopio- MJesus Sanchez 2023/Machos vs Hembras/ki67 and SMA/ki67 and SMA female control and PAH/230615-ID 212-20X-3.czi,8947968,identical re-save,1393542e60ac8300939ff1bbd1fe43a925b53cd31405914f179ac6f4be0997dd,230615-ID 212-20X-3.czi,identical,3/3 tiles byte-identical to tiles of 230615-ID 212-20X-3.czi,Y,,False,resave-within-plan,"same name and second, pixel-identical: a re-save of 230615-ID 212-20X-3.czi; kept 1393542e60ac8300939ff1bbd1fe43a925b53cd31405914f179ac6f4be0997dd"
CELL|2023-06-15T14:38:24,86f5e008d3ff96b9f8d938c2be253e65c686e672fe4a863094d7440a75fb1eef,plan,230615-ID 212-20X-6.czi,Microscopio/Microscopio- MJesus Sanchez 2023/Machos vs Hembras/ki67 and SMA/ki67 and SMA Female Control and PAH 0619/230615-ID 212-20X-6.czi,8948064,original,,,,pixel-identical twins: 230615-ID 212-20X-6.czi,Y,,False,keep,original
CELL|2023-06-15T14:38:24,83ec480ce7609380705bda6b78d95d21ffef9f6333282be160a6ed54bb94d0a9,plan,230615-ID 212-20X-6.czi,Microscopio/Microscopio- MJesus Sanchez 2023/Machos vs Hembras/ki67 and SMA/ki67 and SMA female control and PAH/230615-ID 212-20X-6.czi,8948064,identical re-save,86f5e008d3ff96b9f8d938c2be253e65c686e672fe4a863094d7440a75fb1eef,230615-ID 212-20X-6.czi,identical,3/3 tiles byte-identical to tiles of 230615-ID 212-20X-6.czi,Y,,False,resave-within-plan,"same name and second, pixel-identical: a re-save of 230615-ID 212-20X-6.czi; kept 86f5e008d3ff96b9f8d938c2be253e65c686e672fe4a863094d7440a75fb1eef"
CELL|2023-06-15T14:38:42,06587ac44648bee83ef682d20d48814751820616119b0079a8049250c6914bd9,plan,230615-ID 212-20X-7.czi,Microscopio/Microscopio- MJesus Sanchez 2023/Machos vs Hembras/ki67 and SMA/ki67 and SMA Female Control and PAH 0619/230615-ID 212-20X-7.czi,8947840,original,,,,pixel-identical twins: 230615-ID 212-20X-7.czi,Y,,False,keep,original
CELL|2023-06-15T14:38:42,d7fe1391293991f6b9827a8076ff2b52e77b7c4bf2b118357598eacd9fd8c3eb,plan,230615-ID 212-20X-7.czi,Microscopio/Microscopio- MJesus Sanchez 2023/Machos vs Hembras/ki67 and SMA/ki67 and SMA female control and PAH/230615-ID 212-20X-7.czi,8947840,identical re-save,06587ac44648bee83ef682d20d48814751820616119b0079a8049250c6914bd9,230615-ID 212-20X-7.czi,identical,3/3 tiles byte-identical to tiles of 230615-ID 212-20X-7.czi,Y,,False,resave-within-plan,"same name and second, pixel-identical: a re-save of 230615-ID 212-20X-7.czi; kept 06587ac44648bee83ef682d20d48814751820616119b0079a8049250c6914bd9"
CELL|2023-06-15T14:39:09,ade0c414c88296dd24545dc1e215bb6a9582606c18e477dae263cacd47124760,plan,230615-ID 212-20X-8.czi,Microscopio/Microscopio- MJesus Sanchez 2023/Machos vs Hembras/ki67 and SMA/ki67 and SMA Female Control and PAH 0619/230615-ID 212-20X-8.czi,8942336,original,,,,pixel-identical twins: 230615-ID 212-20X-8.czi,Y,,False,keep,original
CELL|2023-06-15T14:39:09,6d4bd9e983ff6154c7c8daf765a0e2bb736dbe986ca958277e31fe493da89290,plan,230615-ID 212-20X-8.czi,Microscopio/Microscopio- MJesus Sanchez 2023/Machos vs Hembras/ki67 and SMA/ki67 and SMA female control and PAH/230615-ID 212-20X-8.czi,8942336,identical re-save,ade0c414c88296dd24545dc1e215bb6a9582606c18e477dae263cacd47124760,230615-ID 212-20X-8.czi,identical,3/3 tiles byte-identical to tiles of 230615-ID 212-20X-8.czi,Y,,False,resave-within-plan,"same name and second, pixel-identical: a re-save of 230615-ID 212-20X-8.czi; kept ade0c414c88296dd24545dc1e215bb6a9582606c18e477dae263cacd47124760"
CELL|2023-06-15T14:57:33,ebf973005bd07fb31d5f00b7af49b8ffa2f1d66e3b8ecf343c30d4cd91043b1f,plan,230615-ID 207-20X-6.czi,Microscopio/Microscopio- MJesus Sanchez 2023/Machos vs Hembras/ki67 and SMA/ki67 and SMA Female Control and PAH 0619/230615-ID 207-20X-6.czi,8952768,original,,,,pixel-identical twins: 230615-ID 207-20X-6.czi,Y,,False,keep,original
CELL|2023-06-15T14:57:33,595104c6b62f61fed08ec92a760c4c7cd52a8f118ba208d6bf119b9e0863cb8b,plan,230615-ID 207-20X-6.czi,Microscopio/Microscopio- MJesus Sanchez 2023/Machos vs Hembras/ki67 and SMA/ki67 and SMA female control and PAH/230615-ID 207-20X-6.czi,8952768,identical re-save,ebf973005bd07fb31d5f00b7af49b8ffa2f1d66e3b8ecf343c30d4cd91043b1f,230615-ID 207-20X-6.czi,identical,3/3 tiles byte-identical to tiles of 230615-ID 207-20X-6.czi,Y,,False,resave-within-plan,"same name and second, pixel-identical: a re-save of 230615-ID 207-20X-6.czi; kept ebf973005bd07fb31d5f00b7af49b8ffa2f1d66e3b8ecf343c30d4cd91043b1f"
CELL|2023-06-15T15:06:31,2660a2f58a52aa8cb2faa16fad0fed9f4fec068566dfbce5d6b58b7c7bc86885,plan,230615-ID 202-20X-2.czi,Microscopio/Microscopio- MJesus Sanchez 2023/Machos vs Hembras/ki67 and SMA/ki67 and SMA Female Control and PAH 0619/230615-ID 202-20X-2.czi,8946272,original,,,,pixel-identical twins: 230615-ID 202-20X-2.czi,Y,,False,keep,original
CELL|2023-06-15T15:06:31,89e0e73b343a73abe80078e6bb6eb20f5ab1117a62ad9739e1b6d5596145eb00,plan,230615-ID 202-20X-2.czi,Microscopio/Microscopio- MJesus Sanchez 2023/Machos vs Hembras/ki67 and SMA/ki67 and SMA female control and PAH/230615-ID 202-20X-2.czi,8946272,identical re-save,2660a2f58a52aa8cb2faa16fad0fed9f4fec068566dfbce5d6b58b7c7bc86885,230615-ID 202-20X-2.czi,identical,3/3 tiles byte-identical to tiles of 230615-ID 202-20X-2.czi,Y,,False,resave-within-plan,"same name and second, pixel-identical: a re-save of 230615-ID 202-20X-2.czi; kept 2660a2f58a52aa8cb2faa16fad0fed9f4fec068566dfbce5d6b58b7c7bc86885"
CELL|2023-06-15T15:06:53,e7e8e6ac22f12ac8555b17772bada7c67cc6b0c70b4edfba70f6f4b50adb1584,plan,230615-ID 202-20X-3.czi,Microscopio/Microscopio- MJesus Sanchez 2023/Machos vs Hembras/ki67 and SMA/ki67 and SMA Female Control and PAH 0619/230615-ID 202-20X-3.czi,8948384,original,,,,pixel-identical twins: 230615-ID 202-20X-3.czi,Y,,False,keep,original
CELL|2023-06-15T15:06:53,82c6db42c256be87a3cbe2897bb5046739ad4792642d3969602b844c3ea3faab,plan,230615-ID 202-20X-3.czi,Microscopio/Microscopio- MJesus Sanchez 2023/Machos vs Hembras/ki67 and SMA/ki67 and SMA female control and PAH/230615-ID 202-20X-3.czi,8948384,identical re-save,e7e8e6ac22f12ac8555b17772bada7c67cc6b0c70b4edfba70f6f4b50adb1584,230615-ID 202-20X-3.czi,identical,3/3 tiles byte-identical to tiles of 230615-ID 202-20X-3.czi,Y,,False,resave-within-plan,"same name and second, pixel-identical: a re-save of 230615-ID 202-20X-3.czi; kept e7e8e6ac22f12ac8555b17772bada7c67cc6b0c70b4edfba70f6f4b50adb1584"
CELL|2023-06-15T15:07:47,635ca0e527994bfba713d6dd74feda30553256c92c0394dc4bbff68249d2d67f,plan,230615-ID 202-20X-5.czi,Microscopio/Microscopio- MJesus Sanchez 2023/Machos vs Hembras/ki67 and SMA/ki67 and SMA Female Control and PAH 0619/230615-ID 202-20X-5.czi,8948960,original,,,,pixel-identical twins: 230615-ID 202-20X-5.czi,Y,,False,keep,original
CELL|2023-06-15T15:07:47,a59946ca500181406abf58d84e2e5569ab760e25b0e07064425b4d18674bc867,plan,230615-ID 202-20X-5.czi,Microscopio/Microscopio- MJesus Sanchez 2023/Machos vs Hembras/ki67 and SMA/ki67 and SMA female control and PAH/230615-ID 202-20X-5.czi,8948960,identical re-save,635ca0e527994bfba713d6dd74feda30553256c92c0394dc4bbff68249d2d67f,230615-ID 202-20X-5.czi,identical,3/3 tiles byte-identical to tiles of 230615-ID 202-20X-5.czi,Y,,False,resave-within-plan,"same name and second, pixel-identical: a re-save of 230615-ID 202-20X-5.czi; kept 635ca0e527994bfba713d6dd74feda30553256c92c0394dc4bbff68249d2d67f"
CELL|2023-06-15T15:12:55,22529d9b999bfd2f80181fd3d7409d0d7b8375582e1b703ec7d24575ab77548b,plan,230615-ID 202-20X-8.czi,Microscopio/Microscopio- MJesus Sanchez 2023/Machos vs Hembras/ki67 and SMA/ki67 and SMA Female Control and PAH 0619/230615-ID 202-20X-8.czi,9268512,original,,,,pixel-identical twins: 230615-ID 202-20X-8.czi,Y,,False,keep,original
CELL|2023-06-15T15:12:55,3616c8f3ea62bf32ae1262701f1884684b36ef1771852a4716db5b326421257a,plan,230615-ID 202-20X-8.czi,Microscopio/Microscopio- MJesus Sanchez 2023/Machos vs Hembras/ki67 and SMA/ki67 and SMA female control and PAH/230615-ID 202-20X-8.czi,8939680,identical re-save,22529d9b999bfd2f80181fd3d7409d0d7b8375582e1b703ec7d24575ab77548b,230615-ID 202-20X-8.czi,identical,3/3 tiles byte-identical to tiles of 230615-ID 202-20X-8.czi,Y,,False,resave-within-plan,"same name and second, pixel-identical: a re-save of 230615-ID 202-20X-8.czi; kept 22529d9b999bfd2f80181fd3d7409d0d7b8375582e1b703ec7d24575ab77548b"
CELL|2023-06-15T15:16:25,78ab0cdc6939e86c9b0d86ee57b9cc9806aeb861bbf616fd6119a484814a0da0,plan,230615-ID 204-20X-1.czi,Microscopio/Microscopio- MJesus Sanchez 2023/Machos vs Hembras/ki67 and SMA/ki67 and SMA Female Control and PAH 0619/230615-ID 204-20X-1.czi,8944896,original,,,,pixel-identical twins: 230615-ID 204-20X-1.czi,Y,,False,keep,original
CELL|2023-06-15T15:16:25,041069aa75ba98c3ff3ca705bb6c5a904f940f8a289d2de23e262e0bf16537a9,plan,230615-ID 204-20X-1.czi,Microscopio/Microscopio- MJesus Sanchez 2023/Machos vs Hembras/ki67 and SMA/ki67 and SMA female control and PAH/230615-ID 204-20X-1.czi,8944896,identical re-save,78ab0cdc6939e86c9b0d86ee57b9cc9806aeb861bbf616fd6119a484814a0da0,230615-ID 204-20X-1.czi,identical,3/3 tiles byte-identical to tiles of 230615-ID 204-20X-1.czi,Y,,False,resave-within-plan,"same name and second, pixel-identical: a re-save of 230615-ID 204-20X-1.czi; kept 78ab0cdc6939e86c9b0d86ee57b9cc9806aeb861bbf616fd6119a484814a0da0"
CELL|2023-06-15T15:45:08,09689c8ab41d6fb3732e9991cda817c51c8210be5b0d7b533f2d169f4bd889da,plan,230615-ID 201-20X-5.czi,Microscopio/Microscopio- MJesus Sanchez 2023/Machos vs Hembras/ki67 and SMA/ki67 and SMA Female Control and PAH 0619/230615-ID 201-20X-5.czi,8938880,original,,,,pixel-identical twins: 230615-ID 201-20X-5.czi,Y,,False,keep,original
CELL|2023-06-15T15:45:08,ff9017e37e4694add86c2fd67b5550d3ff278fed923a2aca06343227845dae02,plan,230615-ID 201-20X-5.czi,Microscopio/Microscopio- MJesus Sanchez 2023/Machos vs Hembras/ki67 and SMA/ki67 and SMA female control and PAH/230615-ID 201-20X-5.czi,8938880,identical re-save,09689c8ab41d6fb3732e9991cda817c51c8210be5b0d7b533f2d169f4bd889da,230615-ID 201-20X-5.czi,identical,3/3 tiles byte-identical to tiles of 230615-ID 201-20X-5.czi,Y,,False,resave-within-plan,"same name and second, pixel-identical: a re-save of 230615-ID 201-20X-5.czi; kept 09689c8ab41d6fb3732e9991cda817c51c8210be5b0d7b533f2d169f4bd889da"
CELL|2023-06-15T15:46:22,d9a93fcb166c1ad2f73dd72c14887b47bf0c0883d9117a89c6ab3ad7983e0af1,plan,230615-ID 201-20X-7.czi,Microscopio/Microscopio- MJesus Sanchez 2023/Machos vs Hembras/ki67 and SMA/ki67 and SMA Female Control and PAH 0619/230615-ID 201-20X-7.czi,8938592,original,,,,pixel-identical twins: 230615-ID 201-20X-7.czi,Y,,False,keep,original
CELL|2023-06-15T15:46:22,427e2111da78d69e7ee1892ad75b765951aaaf4c410b4284b1c94cfc3c95048f,plan,230615-ID 201-20X-7.czi,Microscopio/Microscopio- MJesus Sanchez 2023/Machos vs Hembras/ki67 and SMA/ki67 and SMA female control and PAH/230615-ID 201-20X-7.czi,8938592,identical re-save,d9a93fcb166c1ad2f73dd72c14887b47bf0c0883d9117a89c6ab3ad7983e0af1,230615-ID 201-20X-7.czi,identical,3/3 tiles byte-identical to tiles of 230615-ID 201-20X-7.czi,Y,,False,resave-within-plan,"same name and second, pixel-identical: a re-save of 230615-ID 201-20X-7.czi; kept d9a93fcb166c1ad2f73dd72c14887b47bf0c0883d9117a89c6ab3ad7983e0af1"
CELL|2023-07-07T09:58:16,7197393462578bc3dfcf3ea06244a63cd36634501321db78ad30caf87498ab03,plan,ID187_10x.czi,Microscopio/Microscopio- MJesus Sanchez 2023/Male Diets/230512-MTCOI and TOM20 Male Diets 0522/230707-TOM20-MTCOI-10x/ID187_10x.czi,360451488,distinct,,,,no tile of it is in another member and no tile of another member is in it,Y,,False,held-production-repair,production ACQ-20230707-CELL-001 has this file's name and second but holds an INCOMPLETE copy (1 of 1 level-0 tiles unreadable: downsampled: stored 310 x 235 px for a 8370 x 6345 px extent (C=0); no full-resolution data): repair its primary from this file (on approval); no second ACQ-ID; group CELL|2023-07-07T09:58:16
CELL|2023-07-07T09:58:16,ACQ-20230707-CELL-001,production,ID187_10x.czi,ACQ-20230707-CELL-001,536737,distinct,,,,not comparable by pixels: no full-resolution tile (downsampled: stored 310 x 235 px for a 8370 x 6345 px extent (C=0); no full-resolution data); no tile of it is in another member and no tile of another member is in it,N,1 of 1 level-0 tiles unreadable: downsampled: stored 310 x 235 px for a 8370 x 6345 px extent (C=0); no full-resolution data,False,production (read only),
CELL|2023-07-10T09:31:50,68960f5a5dd1a99dbe41d28f17c9e2b333c5fa2fb4fae02fd347245f31dcce7b,plan,ID196_10x.czi,Microscopio/Microscopio- MJesus Sanchez 2023/Male Diets/230512-MTCOI and TOM20 Male Diets 0522/230707-TOM20-MTCOI-10x/ID196_10x.czi,590193984,original,,,,,Y,,False,keep,original
CELL|2023-07-10T09:31:50,ff369906ce634fc5dbd84336d015c838ae0ce65a42290998044bab894a18b43d,plan,ID196_10x_2.czi,Microscopio/Microscopio- MJesus Sanchez 2023/Male Diets/230512-MTCOI and TOM20 Male Diets 0522/230707-TOM20-MTCOI-10x/ID196_10x_2.czi,460325600,export: crop,68960f5a5dd1a99dbe41d28f17c9e2b333c5fa2fb4fae02fd347245f31dcce7b,ID196_10x.czi,crop,"60/60 tiles are byte-exact sub-rectangles of tiles of ID196_10x.czi, one offset (148, 831)",Y,,False,derivative-nonraw,export: crop of ID196_10x.czi; -> nonraw_derived.csv
CELL|2023-07-18T08:12:51,e43b71adda3e02daeef3d5bb82ffb7d40976df6249b859a4efca2c8f5d1f0b49,plan,230718_ID190_20x-1.czi,Microscopio/Microscopio- MJesus Sanchez 2023/Female Diets/230718_Masson_20x_0619_Female diets/230718_ID190_20x-1.czi,30657312,original,,,,pixel-identical twins: 230718_ID190_20x-10.czi,Y,,False,keep,original
CELL|2023-07-18T08:12:51,b8a1f6013f18cb6a78c0e8174b137efcf8cde40f2e6cc1964359166053f22160,plan,230718_ID190_20x-10.czi,Microscopio/Microscopio- MJesus Sanchez 2023/Female Diets/230718_Masson_20x_0619_Female diets/230718_ID190_20x-10.czi,30657248,identical re-save,e43b71adda3e02daeef3d5bb82ffb7d40976df6249b859a4efca2c8f5d1f0b49,230718_ID190_20x-1.czi,identical,1/1 tiles byte-identical to tiles of 230718_ID190_20x-1.czi,Y,,False,derivative-nonraw,"identical re-save of 230718_ID190_20x-1.czi (pixel-identical, another name); -> nonraw_derived.csv"
CELL|2023-10-04T09:18:14,d799f8fd19beae756f01dc5513668d70f23c64764cab462fae3d86cb78cc1063,plan,231004_ID209_20x_V-1.czi,Microscopio/Microscopio- MJesus Sanchez 2023/Female Diets/231004_TOM20andMTCO1_20x/231004_ID209_20x_V-1.czi,8942144,original,,,,pixel-identical twins: 231004_ID209_20x_VD-1.czi,Y,,False,keep,original
CELL|2023-10-04T09:18:14,0a9adab3c7f14298b18492b0dac75cc956aa092823e6dba081f8d5686c62218c,plan,231004_ID209_20x_VD-1.czi,Microscopio/Microscopio- MJesus Sanchez 2023/Female Diets/231004_TOM20andMTCO1_20x/231004_ID209_20x_VD-1.czi,8984288,identical re-save,d799f8fd19beae756f01dc5513668d70f23c64764cab462fae3d86cb78cc1063,231004_ID209_20x_V-1.czi,identical,3/3 tiles byte-identical to tiles of 231004_ID209_20x_V-1.czi,Y,,False,derivative-nonraw,"identical re-save of 231004_ID209_20x_V-1.czi (pixel-identical, another name); -> nonraw_derived.csv"
CELL|2024-10-21T10:27:12,2062e4caaa857d8c30dc55814d93ea3bbf942ad32e0cb42fdebee731536a2ce9,plan,ID128-1_1019-2_PR.czi,Microscopio/CELL OBS MARTA/PR_1019-2_MJS-IAZ/ID128-1_1019-2_PR.czi,354769952,original,,,,pixel-identical twins: ID128-1_1019-2_PR.czi,Y,,False,resave-of-production,"same name and second, pixel-identical: a re-save of production ACQ-20241021-CELL-003; kept ACQ-20241021-CELL-003"
CELL|2024-10-21T10:27:12,ACQ-20241021-CELL-003,production,ID128-1_1019-2_PR.czi,ACQ-20241021-CELL-003,315888672,scale-bar copy,2062e4caaa857d8c30dc55814d93ea3bbf942ad32e0cb42fdebee731536a2ce9,ID128-1_1019-2_PR.czi,identical,16/16 tiles byte-identical to tiles of ID128-1_1019-2_PR.czi,Y,,True,production (read only),
CELL|2024-10-21T10:29:46,ba25b62a6764e1cea5c9947be0089bc0f8aa699a5f3d2d9b499a2ef089e87f8b,plan,ID128-1_1019-2_PR_POL.czi,Microscopio/CELL OBS MARTA/PR_1019-2_MJS-IAZ/ID128-1_1019-2_PR_POL.czi,354766048,identical re-save,ACQ-20241021-CELL-004,ID128-1_1019-2_PR_POL.czi,identical,16/16 tiles byte-identical to tiles of ID128-1_1019-2_PR_POL.czi,Y,,False,resave-of-production,"same name and second, pixel-identical: a re-save of production ACQ-20241021-CELL-004; kept ACQ-20241021-CELL-004"
CELL|2024-10-21T10:29:46,ACQ-20241021-CELL-004,production,ID128-1_1019-2_PR_POL.czi,ACQ-20241021-CELL-004,315398496,original,,,,pixel-identical twins: ID128-1_1019-2_PR_POL.czi,Y,,False,production (read only),
CELL|2024-10-24T08:21:46,a57e8ac54b2a03703450ea088e482fce3af3ed23ba7b1f316ccbff64907903e4,plan,ID96L_0522_Elastic-12.czi,Microscopio/CELL OBS MARTA/Elastic_0522_MJ/ID96L_0522_Elastic-12.czi,30653696,original,,,,pixel-identical twins: ID97L_0522_Elastic-1.czi,Y,,False,keep,original
CELL|2024-10-24T08:21:46,3e85ad65791cc4c70beadb86e05fbf96d9f2420f2f5f7bdccee7b6d612f519e8,plan,ID97L_0522_Elastic-1.czi,Microscopio/CELL OBS MARTA/Elastic_0522_MJ/ID97L_0522_Elastic-1.czi,30689696,identical re-save,a57e8ac54b2a03703450ea088e482fce3af3ed23ba7b1f316ccbff64907903e4,ID96L_0522_Elastic-12.czi,identical,1/1 tiles byte-identical to tiles of ID96L_0522_Elastic-12.czi,Y,,False,derivative-nonraw,"identical re-save of ID96L_0522_Elastic-12.czi (pixel-identical, another name); -> nonraw_derived.csv"
CELL|2024-10-25T08:59:18,e57693e8eece49929ac88fdd236d7c9315bc33ea308b7d481def32a45fb63c97,plan,ID101HL_0522_WGA_VI-1.czi,Microscopio/CELL OBS MARTA/WGA_0522_MJS/ID101HL_0522_WGA_VI-1.czi,6044736,original,,,,pixel-identical twins: ID101HL_0522_WGA_VI-3.czi,Y,,False,keep,original
CELL|2024-10-25T08:59:18,a1e53050b591fc89c1f089d669f87f501e63a0882cc1d1b062c7507f21f3a63e,plan,ID101HL_0522_WGA_VI-3.czi,Microscopio/CELL OBS MARTA/WGA_0522_MJS/ID101HL_0522_WGA_VI-3.czi,6044992,identical re-save,e57693e8eece49929ac88fdd236d7c9315bc33ea308b7d481def32a45fb63c97,ID101HL_0522_WGA_VI-1.czi,identical,2/2 tiles byte-identical to tiles of ID101HL_0522_WGA_VI-1.czi,Y,,False,derivative-nonraw,"identical re-save of ID101HL_0522_WGA_VI-1.czi (pixel-identical, another name); -> nonraw_derived.csv"
