original_name,drv_acq_datetime,drv_acq_time_source
20210128_090809_jrc210128_m50MBmrs_1_1/10,"2021-01-28T10:04:33,675+0100",visu_pars.VisuCreationDate
20210128_090809_jrc210128_m50MBmrs_1_1/3,"2021-01-28T09:39:41,503+0100",visu_pars.VisuCreationDate
20210128_090809_jrc210128_m50MBmrs_1_1/4,"2021-01-28T09:43:27,692+0100",visu_pars.VisuCreationDate
20210128_090809_jrc210128_m50MBmrs_1_1/5,"2021-01-28T09:46:27,374+0100",visu_pars.VisuCreationDate
20210128_090809_jrc210128_m50MBmrs_1_1/6,"2021-01-28T09:49:04,328+0100",visu_pars.VisuCreationDate
20210128_090809_jrc210128_m50MBmrs_1_1/7,"2021-01-28T09:51:41,187+0100",visu_pars.VisuCreationDate
20210128_102542_jrc210128_m53MBmrs_1_1/10,"2021-01-28T11:30:59,169+0100",visu_pars.VisuCreationDate
20210128_102542_jrc210128_m53MBmrs_1_1/4,"2021-01-28T11:07:06,512+0100",visu_pars.VisuCreationDate
20210128_102542_jrc210128_m53MBmrs_1_1/5,"2021-01-28T11:10:10,254+0100",visu_pars.VisuCreationDate
20210128_102542_jrc210128_m53MBmrs_1_1/6,"2021-01-28T11:12:47,140+0100",visu_pars.VisuCreationDate
20210128_102542_jrc210128_m53MBmrs_1_1/7,"2021-01-28T11:15:24,261+0100",visu_pars.VisuCreationDate
20210129_113034_jrc210129_m57MBmrs_1_1/4,"2021-01-29T12:22:36,444+0100",visu_pars.VisuCreationDate
20210129_113034_jrc210129_m57MBmrs_1_1/5,"2021-01-29T12:25:30,867+0100",visu_pars.VisuCreationDate
20210129_113034_jrc210129_m57MBmrs_1_1/6,"2021-01-29T12:28:08,005+0100",visu_pars.VisuCreationDate
20210129_113034_jrc210129_m57MBmrs_1_1/9,"2021-01-29T12:36:13,206+0100",visu_pars.VisuCreationDate
20210129_125823_jrc210129_m56MBmrs_1_1/1,"2021-01-29T13:16:06,410+0100",visu_pars.VisuCreationDate
20210129_125823_jrc210129_m56MBmrs_1_1/2,"2021-01-29T13:20:00,311+0100",visu_pars.VisuCreationDate
20210129_125823_jrc210129_m56MBmrs_1_1/3,"2021-01-29T13:22:37,245+0100",visu_pars.VisuCreationDate
20210129_125823_jrc210129_m56MBmrs_1_1/6,"2021-01-29T13:30:05,891+0100",visu_pars.VisuCreationDate
20210222_085824_jrc210222_m55MBmrs_1_1/12,"2021-02-22T10:19:05,167+0100",visu_pars.VisuCreationDate
20210222_085824_jrc210222_m55MBmrs_1_1/5,"2021-02-22T09:57:45,072+0100",visu_pars.VisuCreationDate
20210222_085824_jrc210222_m55MBmrs_1_1/6,"2021-02-22T10:00:40,666+0100",visu_pars.VisuCreationDate
20210222_085824_jrc210222_m55MBmrs_1_1/7,"2021-02-22T10:03:17,978+0100",visu_pars.VisuCreationDate
20210222_085824_jrc210222_m55MBmrs_1_1/8,"2021-02-22T10:05:54,981+0100",visu_pars.VisuCreationDate
20210222_104227_jrc210222_m58MBmrs_1_1/2,"2021-02-22T11:13:21,219+0100",visu_pars.VisuCreationDate
20210222_104227_jrc210222_m58MBmrs_1_1/3,"2021-02-22T11:17:18,124+0100",visu_pars.VisuCreationDate
20210222_104227_jrc210222_m58MBmrs_1_1/4,"2021-02-22T11:19:55,037+0100",visu_pars.VisuCreationDate
20210222_104227_jrc210222_m58MBmrs_1_1/5,"2021-02-22T11:22:32,138+0100",visu_pars.VisuCreationDate
20210222_104227_jrc210222_m58MBmrs_1_1/8,"2021-02-22T11:29:54,805+0100",visu_pars.VisuCreationDate
20210301_125535_jrc210301_m57LVmrs_1_1/11,"2021-03-01T14:36:08,285+0100",visu_pars.VisuCreationDate
20210301_125535_jrc210301_m57LVmrs_1_1/7,"2021-03-01T14:05:25,699+0100",visu_pars.VisuCreationDate
20210301_125535_jrc210301_m57LVmrs_1_1/8,"2021-03-01T14:17:15,403+0100",visu_pars.VisuCreationDate
20210301_125535_jrc210301_m57LVmrs_1_1/9,"2021-03-01T14:27:36,959+0100",visu_pars.VisuCreationDate
20210302_093848_jrc210302_m56LVmrs_1_1/3,"2021-03-02T10:21:36,762+0100",visu_pars.VisuCreationDate
20210302_093848_jrc210302_m56LVmrs_1_1/4,"2021-03-02T10:32:15,828+0100",visu_pars.VisuCreationDate
20210302_093848_jrc210302_m56LVmrs_1_1/5,"2021-03-02T10:45:19,662+0100",visu_pars.VisuCreationDate
20210302_093848_jrc210302_m56LVmrs_1_1/7,"2021-03-02T10:54:47,681+0100",visu_pars.VisuCreationDate
20211207_143146_jrc211207_m82_1019_1_1/10,"2021-12-07T15:04:59,754+0100",visu_pars.VisuCreationDate
20211207_143146_jrc211207_m82_1019_1_1/11,"2021-12-07T15:08:40,394+0100",visu_pars.VisuCreationDate
20211207_143146_jrc211207_m82_1019_1_1/12,"2021-12-07T15:12:21,080+0100",visu_pars.VisuCreationDate
20211207_143146_jrc211207_m82_1019_1_1/13,"2021-12-07T15:16:01,568+0100",visu_pars.VisuCreationDate
20211207_143146_jrc211207_m82_1019_1_1/14,"2021-12-07T15:19:41,975+0100",visu_pars.VisuCreationDate
20211207_143146_jrc211207_m82_1019_1_1/15,"2021-12-07T15:23:22,536+0100",visu_pars.VisuCreationDate
20211207_143146_jrc211207_m82_1019_1_1/16,"2021-12-07T15:27:03,061+0100",visu_pars.VisuCreationDate
20211207_143146_jrc211207_m82_1019_1_1/17,"2021-12-07T15:30:43,708+0100",visu_pars.VisuCreationDate
20211207_143146_jrc211207_m82_1019_1_1/18,"2021-12-07T15:36:01,650+0100",visu_pars.VisuCreationDate
20211207_143146_jrc211207_m82_1019_1_1/4,"2021-12-07T14:45:48,486+0100",visu_pars.VisuCreationDate
20211207_143146_jrc211207_m82_1019_1_1/5,"2021-12-07T14:47:09,754+0100",visu_pars.VisuCreationDate
20211207_143146_jrc211207_m82_1019_1_1/6,"2021-12-07T14:48:58,364+0100",visu_pars.VisuCreationDate
20211207_143146_jrc211207_m82_1019_1_1/7,"2021-12-07T14:53:28,094+0100",visu_pars.VisuCreationDate
20211207_143146_jrc211207_m82_1019_1_1/8,"2021-12-07T14:57:38,511+0100",visu_pars.VisuCreationDate
20211207_143146_jrc211207_m82_1019_1_1/9,"2021-12-07T15:01:19,118+0100",visu_pars.VisuCreationDate
20211207_160809_jrc211207_m83_1019_1_1/10,"2021-12-07T16:40:11,479+0100",visu_pars.VisuCreationDate
20211207_160809_jrc211207_m83_1019_1_1/11,"2021-12-07T16:43:52,485+0100",visu_pars.VisuCreationDate
20211207_160809_jrc211207_m83_1019_1_1/12,"2021-12-07T16:47:33,166+0100",visu_pars.VisuCreationDate
20211207_160809_jrc211207_m83_1019_1_1/13,"2021-12-07T16:51:13,935+0100",visu_pars.VisuCreationDate
20211207_160809_jrc211207_m83_1019_1_1/14,"2021-12-07T16:54:54,576+0100",visu_pars.VisuCreationDate
20211207_160809_jrc211207_m83_1019_1_1/15,"2021-12-07T16:58:35,070+0100",visu_pars.VisuCreationDate
20211207_160809_jrc211207_m83_1019_1_1/16,"2021-12-07T17:02:15,695+0100",visu_pars.VisuCreationDate
20211207_160809_jrc211207_m83_1019_1_1/17,"2021-12-07T17:06:00,073+0100",visu_pars.VisuCreationDate
20211207_160809_jrc211207_m83_1019_1_1/2,"2021-12-07T16:14:11,477+0100",visu_pars.VisuCreationDate
20211207_160809_jrc211207_m83_1019_1_1/3,"2021-12-07T16:16:02,911+0100",visu_pars.VisuCreationDate
20211207_160809_jrc211207_m83_1019_1_1/4,"2021-12-07T16:17:19,717+0100",visu_pars.VisuCreationDate
20211207_160809_jrc211207_m83_1019_1_1/5,"2021-12-07T16:21:25,321+0100",visu_pars.VisuCreationDate
20211207_160809_jrc211207_m83_1019_1_1/6,"2021-12-07T16:25:29,607+0100",visu_pars.VisuCreationDate
20211207_160809_jrc211207_m83_1019_1_1/7,"2021-12-07T16:29:10,191+0100",visu_pars.VisuCreationDate
20211207_160809_jrc211207_m83_1019_1_1/8,"2021-12-07T16:32:50,577+0100",visu_pars.VisuCreationDate
20211207_160809_jrc211207_m83_1019_1_1/9,"2021-12-07T16:36:31,030+0100",visu_pars.VisuCreationDate
20211209_085612_jrc211209_m84_1019_1_1/10,"2021-12-09T09:38:15,322+0100",visu_pars.VisuCreationDate
20211209_085612_jrc211209_m84_1019_1_1/11,"2021-12-09T09:41:55,980+0100",visu_pars.VisuCreationDate
20211209_085612_jrc211209_m84_1019_1_1/12,"2021-12-09T09:45:36,512+0100",visu_pars.VisuCreationDate
20211209_085612_jrc211209_m84_1019_1_1/13,"2021-12-09T09:49:17,477+0100",visu_pars.VisuCreationDate
20211209_085612_jrc211209_m84_1019_1_1/14,"2021-12-09T09:52:58,262+0100",visu_pars.VisuCreationDate
20211209_085612_jrc211209_m84_1019_1_1/15,"2021-12-09T09:56:38,884+0100",visu_pars.VisuCreationDate
20211209_085612_jrc211209_m84_1019_1_1/16,"2021-12-09T10:00:19,331+0100",visu_pars.VisuCreationDate
20211209_085612_jrc211209_m84_1019_1_1/3,"2021-12-09T09:16:30,797+0100",visu_pars.VisuCreationDate
20211209_085612_jrc211209_m84_1019_1_1/4,"2021-12-09T09:17:55,661+0100",visu_pars.VisuCreationDate
20211209_085612_jrc211209_m84_1019_1_1/5,"2021-12-09T09:19:14,576+0100",visu_pars.VisuCreationDate
20211209_085612_jrc211209_m84_1019_1_1/6,"2021-12-09T09:23:14,716+0100",visu_pars.VisuCreationDate
20211209_085612_jrc211209_m84_1019_1_1/7,"2021-12-09T09:27:13,235+0100",visu_pars.VisuCreationDate
20211209_085612_jrc211209_m84_1019_1_1/8,"2021-12-09T09:30:53,903+0100",visu_pars.VisuCreationDate
20211209_085612_jrc211209_m84_1019_1_1/9,"2021-12-09T09:34:34,700+0100",visu_pars.VisuCreationDate
20211209_100250_jrc211209_m85_1019_1_1/1,"2021-12-09T10:11:27,285+0100",visu_pars.VisuCreationDate
20211209_100250_jrc211209_m85_1019_1_1/10,"2021-12-09T10:44:45,334+0100",visu_pars.VisuCreationDate
20211209_100250_jrc211209_m85_1019_1_1/11,"2021-12-09T10:48:25,789+0100",visu_pars.VisuCreationDate
20211209_100250_jrc211209_m85_1019_1_1/12,"2021-12-09T10:52:06,483+0100",visu_pars.VisuCreationDate
20211209_100250_jrc211209_m85_1019_1_1/13,"2021-12-09T10:55:47,279+0100",visu_pars.VisuCreationDate
20211209_100250_jrc211209_m85_1019_1_1/14,"2021-12-09T10:59:28,138+0100",visu_pars.VisuCreationDate
20211209_100250_jrc211209_m85_1019_1_1/15,"2021-12-09T11:03:18,281+0100",visu_pars.VisuCreationDate
20211209_100250_jrc211209_m85_1019_1_1/16,"2021-12-09T10:37:24,328+0100",visu_pars.VisuCreationDate
20211209_100250_jrc211209_m85_1019_1_1/2,"2021-12-09T10:12:50,277+0100",visu_pars.VisuCreationDate
20211209_100250_jrc211209_m85_1019_1_1/3,"2021-12-09T10:14:33,123+0100",visu_pars.VisuCreationDate
20211209_100250_jrc211209_m85_1019_1_1/4,"2021-12-09T10:18:26,120+0100",visu_pars.VisuCreationDate
20211209_100250_jrc211209_m85_1019_1_1/5,"2021-12-09T10:22:41,688+0100",visu_pars.VisuCreationDate
20211209_100250_jrc211209_m85_1019_1_1/6,"2021-12-09T10:26:22,367+0100",visu_pars.VisuCreationDate
20211209_100250_jrc211209_m85_1019_1_1/8,"2021-12-09T10:33:43,775+0100",visu_pars.VisuCreationDate
20211209_100250_jrc211209_m85_1019_1_1/9,"2021-12-09T10:41:04,924+0100",visu_pars.VisuCreationDate
20211209_110633_jrc211209_m87_1019_1_1/10,"2021-12-09T12:20:35,390+0100",visu_pars.VisuCreationDate
20211209_110633_jrc211209_m87_1019_1_1/11,"2021-12-09T12:24:35,547+0100",visu_pars.VisuCreationDate
20211209_110633_jrc211209_m87_1019_1_1/12,"2021-12-09T12:28:15,958+0100",visu_pars.VisuCreationDate
20211209_110633_jrc211209_m87_1019_1_1/13,"2021-12-09T12:31:56,656+0100",visu_pars.VisuCreationDate
20211209_110633_jrc211209_m87_1019_1_1/14,"2021-12-09T12:35:37,496+0100",visu_pars.VisuCreationDate
20211209_110633_jrc211209_m87_1019_1_1/15,"2021-12-09T12:39:18,232+0100",visu_pars.VisuCreationDate
20211209_110633_jrc211209_m87_1019_1_1/16,"2021-12-09T12:42:58,893+0100",visu_pars.VisuCreationDate
20211209_110633_jrc211209_m87_1019_1_1/17,"2021-12-09T12:46:39,700+0100",visu_pars.VisuCreationDate
20211209_110633_jrc211209_m87_1019_1_1/18,"2021-12-09T12:50:20,635+0100",visu_pars.VisuCreationDate
20211209_110633_jrc211209_m87_1019_1_1/19,"2021-12-09T12:54:01,101+0100",visu_pars.VisuCreationDate
20211209_110633_jrc211209_m87_1019_1_1/7,"2021-12-09T12:13:15,199+0100",visu_pars.VisuCreationDate
20211209_110633_jrc211209_m87_1019_1_1/8,"2021-12-09T12:15:01,921+0100",visu_pars.VisuCreationDate
20211209_110633_jrc211209_m87_1019_1_1/9,"2021-12-09T12:16:34,280+0100",visu_pars.VisuCreationDate
20220126_082214_jrc220126_m187_0619_1_1/1,"2022-01-26T08:45:00,838+0100",visu_pars.VisuCreationDate
20220126_082214_jrc220126_m187_0619_1_1/10,"2022-01-26T09:13:19,696+0100",visu_pars.VisuCreationDate
20220126_082214_jrc220126_m187_0619_1_1/11,"2022-01-26T09:16:59,807+0100",visu_pars.VisuCreationDate
20220126_082214_jrc220126_m187_0619_1_1/12,"2022-01-26T09:20:39,641+0100",visu_pars.VisuCreationDate
20220126_082214_jrc220126_m187_0619_1_1/13,"2022-01-26T09:24:19,795+0100",visu_pars.VisuCreationDate
20220126_082214_jrc220126_m187_0619_1_1/14,"2022-01-26T09:28:00,023+0100",visu_pars.VisuCreationDate
20220126_082214_jrc220126_m187_0619_1_1/15,"2022-01-26T09:31:40,110+0100",visu_pars.VisuCreationDate
20220126_082214_jrc220126_m187_0619_1_1/16,"2022-01-26T09:35:20,943+0100",visu_pars.VisuCreationDate
20220126_082214_jrc220126_m187_0619_1_1/2,"2022-01-26T08:47:12,673+0100",visu_pars.VisuCreationDate
20220126_082214_jrc220126_m187_0619_1_1/3,"2022-01-26T08:48:53,204+0100",visu_pars.VisuCreationDate
20220126_082214_jrc220126_m187_0619_1_1/4,"2022-01-26T08:50:27,342+0100",visu_pars.VisuCreationDate
20220126_082214_jrc220126_m187_0619_1_1/5,"2022-01-26T08:54:09,121+0100",visu_pars.VisuCreationDate
20220126_082214_jrc220126_m187_0619_1_1/6,"2022-01-26T08:58:34,705+0100",visu_pars.VisuCreationDate
20220126_082214_jrc220126_m187_0619_1_1/7,"2022-01-26T09:02:14,781+0100",visu_pars.VisuCreationDate
20220126_082214_jrc220126_m187_0619_1_1/8,"2022-01-26T09:05:54,820+0100",visu_pars.VisuCreationDate
20220126_082214_jrc220126_m187_0619_1_1/9,"2022-01-26T09:09:35,008+0100",visu_pars.VisuCreationDate
20220126_093243_jrc220126_m188_0619_1_1/1,"2022-01-26T09:47:25,216+0100",visu_pars.VisuCreationDate
20220126_093243_jrc220126_m188_0619_1_1/10,"2022-01-26T10:14:58,329+0100",visu_pars.VisuCreationDate
20220126_093243_jrc220126_m188_0619_1_1/11,"2022-01-26T10:18:38,383+0100",visu_pars.VisuCreationDate
20220126_093243_jrc220126_m188_0619_1_1/12,"2022-01-26T10:22:18,720+0100",visu_pars.VisuCreationDate
20220126_093243_jrc220126_m188_0619_1_1/13,"2022-01-26T10:25:58,715+0100",visu_pars.VisuCreationDate
20220126_093243_jrc220126_m188_0619_1_1/14,"2022-01-26T10:29:39,001+0100",visu_pars.VisuCreationDate
20220126_093243_jrc220126_m188_0619_1_1/15,"2022-01-26T10:33:19,127+0100",visu_pars.VisuCreationDate
20220126_093243_jrc220126_m188_0619_1_1/16,"2022-01-26T10:36:59,487+0100",visu_pars.VisuCreationDate
20220126_093243_jrc220126_m188_0619_1_1/2,"2022-01-26T09:48:50,329+0100",visu_pars.VisuCreationDate
20220126_093243_jrc220126_m188_0619_1_1/3,"2022-01-26T09:50:10,881+0100",visu_pars.VisuCreationDate
20220126_093243_jrc220126_m188_0619_1_1/4,"2022-01-26T09:51:29,057+0100",visu_pars.VisuCreationDate
20220126_093243_jrc220126_m188_0619_1_1/5,"2022-01-26T09:55:10,662+0100",visu_pars.VisuCreationDate
20220126_093243_jrc220126_m188_0619_1_1/6,"2022-01-26T10:00:17,957+0100",visu_pars.VisuCreationDate
20220126_093243_jrc220126_m188_0619_1_1/7,"2022-01-26T10:03:57,950+0100",visu_pars.VisuCreationDate
20220126_093243_jrc220126_m188_0619_1_1/8,"2022-01-26T10:07:38,167+0100",visu_pars.VisuCreationDate
20220126_093243_jrc220126_m188_0619_1_1/9,"2022-01-26T10:11:18,325+0100",visu_pars.VisuCreationDate
20220126_103633_jrc220126_m194_0619_1_1/1,"2022-01-26T10:47:52,824+0100",visu_pars.VisuCreationDate
20220126_103633_jrc220126_m194_0619_1_1/10,"2022-01-26T11:14:28,188+0100",visu_pars.VisuCreationDate
20220126_103633_jrc220126_m194_0619_1_1/11,"2022-01-26T11:18:08,515+0100",visu_pars.VisuCreationDate
20220126_103633_jrc220126_m194_0619_1_1/12,"2022-01-26T11:21:48,684+0100",visu_pars.VisuCreationDate
20220126_103633_jrc220126_m194_0619_1_1/13,"2022-01-26T11:25:28,894+0100",visu_pars.VisuCreationDate
20220126_103633_jrc220126_m194_0619_1_1/14,"2022-01-26T11:29:08,914+0100",visu_pars.VisuCreationDate
20220126_103633_jrc220126_m194_0619_1_1/15,"2022-01-26T11:32:49,033+0100",visu_pars.VisuCreationDate
20220126_103633_jrc220126_m194_0619_1_1/16,"2022-01-26T11:36:29,300+0100",visu_pars.VisuCreationDate
20220126_103633_jrc220126_m194_0619_1_1/2,"2022-01-26T10:49:13,141+0100",visu_pars.VisuCreationDate
20220126_103633_jrc220126_m194_0619_1_1/3,"2022-01-26T10:50:50,769+0100",visu_pars.VisuCreationDate
20220126_103633_jrc220126_m194_0619_1_1/4,"2022-01-26T10:52:18,734+0100",visu_pars.VisuCreationDate
20220126_103633_jrc220126_m194_0619_1_1/5,"2022-01-26T10:56:00,509+0100",visu_pars.VisuCreationDate
20220126_103633_jrc220126_m194_0619_1_1/6,"2022-01-26T10:59:47,437+0100",visu_pars.VisuCreationDate
20220126_103633_jrc220126_m194_0619_1_1/7,"2022-01-26T11:03:27,693+0100",visu_pars.VisuCreationDate
20220126_103633_jrc220126_m194_0619_1_1/8,"2022-01-26T11:07:07,940+0100",visu_pars.VisuCreationDate
20220126_103633_jrc220126_m194_0619_1_1/9,"2022-01-26T11:10:48,149+0100",visu_pars.VisuCreationDate
20220126_113809_jrc220126_m195_0619_1_1/1,"2022-01-26T11:57:48,645+0100",visu_pars.VisuCreationDate
20220126_113809_jrc220126_m195_0619_1_1/10,"2022-01-26T12:15:28,372+0100",visu_pars.VisuCreationDate
20220126_113809_jrc220126_m195_0619_1_1/11,"2022-01-26T12:19:08,365+0100",visu_pars.VisuCreationDate
20220126_113809_jrc220126_m195_0619_1_1/12,"2022-01-26T12:22:48,695+0100",visu_pars.VisuCreationDate
20220126_113809_jrc220126_m195_0619_1_1/13,"2022-01-26T12:26:28,763+0100",visu_pars.VisuCreationDate
20220126_113809_jrc220126_m195_0619_1_1/14,"2022-01-26T12:30:08,759+0100",visu_pars.VisuCreationDate
20220126_113809_jrc220126_m195_0619_1_1/15,"2022-01-26T12:33:48,826+0100",visu_pars.VisuCreationDate
20220126_113809_jrc220126_m195_0619_1_1/16,"2022-01-26T12:37:29,051+0100",visu_pars.VisuCreationDate
20220126_113809_jrc220126_m195_0619_1_1/17,"2022-01-26T12:41:09,148+0100",visu_pars.VisuCreationDate
20220126_113809_jrc220126_m195_0619_1_1/18,"2022-01-26T12:44:49,145+0100",visu_pars.VisuCreationDate
20220126_113809_jrc220126_m195_0619_1_1/2,"2022-01-26T11:59:13,213+0100",visu_pars.VisuCreationDate
20220126_113809_jrc220126_m195_0619_1_1/5,"2022-01-26T12:01:16,966+0100",visu_pars.VisuCreationDate
20220126_113809_jrc220126_m195_0619_1_1/6,"2022-01-26T12:03:07,850+0100",visu_pars.VisuCreationDate
20220126_113809_jrc220126_m195_0619_1_1/7,"2022-01-26T12:07:20,738+0100",visu_pars.VisuCreationDate
20220126_113809_jrc220126_m195_0619_1_1/9,"2022-01-26T12:11:48,240+0100",visu_pars.VisuCreationDate
20220207_112858_jrc220207_m62_1019_1_1/1,"2022-02-07T11:41:00,657+0100",visu_pars.VisuCreationDate
20220207_112858_jrc220207_m62_1019_1_1/10,"2022-02-07T12:08:48,582+0100",visu_pars.VisuCreationDate
20220207_112858_jrc220207_m62_1019_1_1/11,"2022-02-07T12:12:29,337+0100",visu_pars.VisuCreationDate
20220207_112858_jrc220207_m62_1019_1_1/12,"2022-02-07T12:16:10,324+0100",visu_pars.VisuCreationDate
20220207_112858_jrc220207_m62_1019_1_1/13,"2022-02-07T12:19:51,063+0100",visu_pars.VisuCreationDate
20220207_112858_jrc220207_m62_1019_1_1/14,"2022-02-07T12:23:31,769+0100",visu_pars.VisuCreationDate
20220207_112858_jrc220207_m62_1019_1_1/15,"2022-02-07T12:27:12,573+0100",visu_pars.VisuCreationDate
20220207_112858_jrc220207_m62_1019_1_1/16,"2022-02-07T12:30:53,275+0100",visu_pars.VisuCreationDate
20220207_112858_jrc220207_m62_1019_1_1/17,"2022-02-07T12:34:33,828+0100",visu_pars.VisuCreationDate
20220207_112858_jrc220207_m62_1019_1_1/2,"2022-02-07T11:42:40,042+0100",visu_pars.VisuCreationDate
20220207_112858_jrc220207_m62_1019_1_1/3,"2022-02-07T11:44:05,108+0100",visu_pars.VisuCreationDate
20220207_112858_jrc220207_m62_1019_1_1/4,"2022-02-07T11:45:59,967+0100",visu_pars.VisuCreationDate
20220207_112858_jrc220207_m62_1019_1_1/5,"2022-02-07T11:49:42,222+0100",visu_pars.VisuCreationDate
20220207_112858_jrc220207_m62_1019_1_1/6,"2022-02-07T11:54:05,585+0100",visu_pars.VisuCreationDate
20220207_112858_jrc220207_m62_1019_1_1/7,"2022-02-07T11:57:46,184+0100",visu_pars.VisuCreationDate
20220207_112858_jrc220207_m62_1019_1_1/8,"2022-02-07T12:01:26,791+0100",visu_pars.VisuCreationDate
20220207_112858_jrc220207_m62_1019_1_1/9,"2022-02-07T12:05:07,760+0100",visu_pars.VisuCreationDate
20220207_124911_jrc220207_m65_1019_1_1/1,"2022-02-07T12:52:46,521+0100",visu_pars.VisuCreationDate
20220207_124911_jrc220207_m65_1019_1_1/10,"2022-02-07T13:19:43,939+0100",visu_pars.VisuCreationDate
20220207_124911_jrc220207_m65_1019_1_1/11,"2022-02-07T13:23:24,604+0100",visu_pars.VisuCreationDate
20220207_124911_jrc220207_m65_1019_1_1/12,"2022-02-07T13:27:05,381+0100",visu_pars.VisuCreationDate
20220207_124911_jrc220207_m65_1019_1_1/13,"2022-02-07T13:30:46,073+0100",visu_pars.VisuCreationDate
20220207_124911_jrc220207_m65_1019_1_1/14,"2022-02-07T13:34:26,576+0100",visu_pars.VisuCreationDate
20220207_124911_jrc220207_m65_1019_1_1/15,"2022-02-07T13:38:07,226+0100",visu_pars.VisuCreationDate
20220207_124911_jrc220207_m65_1019_1_1/16,"2022-02-07T13:41:48,489+0100",visu_pars.VisuCreationDate
20220207_124911_jrc220207_m65_1019_1_1/2,"2022-02-07T12:54:03,549+0100",visu_pars.VisuCreationDate
20220207_124911_jrc220207_m65_1019_1_1/3,"2022-02-07T12:55:38,013+0100",visu_pars.VisuCreationDate
20220207_124911_jrc220207_m65_1019_1_1/4,"2022-02-07T12:57:01,245+0100",visu_pars.VisuCreationDate
20220207_124911_jrc220207_m65_1019_1_1/5,"2022-02-07T13:00:43,505+0100",visu_pars.VisuCreationDate
20220207_124911_jrc220207_m65_1019_1_1/6,"2022-02-07T13:05:01,403+0100",visu_pars.VisuCreationDate
20220207_124911_jrc220207_m65_1019_1_1/7,"2022-02-07T13:08:42,097+0100",visu_pars.VisuCreationDate
20220207_124911_jrc220207_m65_1019_1_1/8,"2022-02-07T13:12:22,557+0100",visu_pars.VisuCreationDate
20220207_124911_jrc220207_m65_1019_1_1/9,"2022-02-07T13:16:03,196+0100",visu_pars.VisuCreationDate
20220207_145515_jrc220207_m68_1019_1_1/10,"2022-02-07T15:25:21,596+0100",visu_pars.VisuCreationDate
20220207_145515_jrc220207_m68_1019_1_1/11,"2022-02-07T15:29:02,223+0100",visu_pars.VisuCreationDate
20220207_145515_jrc220207_m68_1019_1_1/12,"2022-02-07T15:32:42,922+0100",visu_pars.VisuCreationDate
20220207_145515_jrc220207_m68_1019_1_1/13,"2022-02-07T15:36:23,558+0100",visu_pars.VisuCreationDate
20220207_145515_jrc220207_m68_1019_1_1/14,"2022-02-07T15:40:04,304+0100",visu_pars.VisuCreationDate
20220207_145515_jrc220207_m68_1019_1_1/15,"2022-02-07T15:43:44,933+0100",visu_pars.VisuCreationDate
20220207_145515_jrc220207_m68_1019_1_1/16,"2022-02-07T15:47:25,765+0100",visu_pars.VisuCreationDate
20220207_145515_jrc220207_m68_1019_1_1/17,"2022-02-07T15:51:06,477+0100",visu_pars.VisuCreationDate
20220207_145515_jrc220207_m68_1019_1_1/18,"2022-02-07T15:55:34,748+0100",visu_pars.VisuCreationDate
20220207_145515_jrc220207_m68_1019_1_1/2,"2022-02-07T15:01:43,836+0100",visu_pars.VisuCreationDate
20220207_145515_jrc220207_m68_1019_1_1/3,"2022-02-07T15:03:40,006+0100",visu_pars.VisuCreationDate
20220207_145515_jrc220207_m68_1019_1_1/4,"2022-02-07T15:04:57,840+0100",visu_pars.VisuCreationDate
20220207_145515_jrc220207_m68_1019_1_1/5,"2022-02-07T15:06:23,041+0100",visu_pars.VisuCreationDate
20220207_145515_jrc220207_m68_1019_1_1/6,"2022-02-07T15:10:05,623+0100",visu_pars.VisuCreationDate
20220207_145515_jrc220207_m68_1019_1_1/7,"2022-02-07T15:14:19,619+0100",visu_pars.VisuCreationDate
20220207_145515_jrc220207_m68_1019_1_1/8,"2022-02-07T15:18:00,168+0100",visu_pars.VisuCreationDate
20220207_145515_jrc220207_m68_1019_1_1/9,"2022-02-07T15:21:40,925+0100",visu_pars.VisuCreationDate
20220207_154624_jrc220207_m71_1019_1_1/10,"2022-02-07T16:31:15,489+0100",visu_pars.VisuCreationDate
20220207_154624_jrc220207_m71_1019_1_1/11,"2022-02-07T16:34:56,007+0100",visu_pars.VisuCreationDate
20220207_154624_jrc220207_m71_1019_1_1/12,"2022-02-07T16:38:36,811+0100",visu_pars.VisuCreationDate
20220207_154624_jrc220207_m71_1019_1_1/13,"2022-02-07T16:42:17,630+0100",visu_pars.VisuCreationDate
20220207_154624_jrc220207_m71_1019_1_1/14,"2022-02-07T16:45:58,350+0100",visu_pars.VisuCreationDate
20220207_154624_jrc220207_m71_1019_1_1/15,"2022-02-07T16:49:39,131+0100",visu_pars.VisuCreationDate
20220207_154624_jrc220207_m71_1019_1_1/16,"2022-02-07T16:53:19,721+0100",visu_pars.VisuCreationDate
20220207_154624_jrc220207_m71_1019_1_1/17,"2022-02-07T16:57:00,124+0100",visu_pars.VisuCreationDate
20220207_154624_jrc220207_m71_1019_1_1/18,"2022-02-07T17:00:40,717+0100",visu_pars.VisuCreationDate
20220207_154624_jrc220207_m71_1019_1_1/4,"2022-02-07T16:12:01,519+0100",visu_pars.VisuCreationDate
20220207_154624_jrc220207_m71_1019_1_1/5,"2022-02-07T16:13:27,056+0100",visu_pars.VisuCreationDate
20220207_154624_jrc220207_m71_1019_1_1/6,"2022-02-07T16:14:57,293+0100",visu_pars.VisuCreationDate
20220207_154624_jrc220207_m71_1019_1_1/7,"2022-02-07T16:19:16,161+0100",visu_pars.VisuCreationDate
20220207_154624_jrc220207_m71_1019_1_1/8,"2022-02-07T16:23:53,802+0100",visu_pars.VisuCreationDate
20220207_154624_jrc220207_m71_1019_1_1/9,"2022-02-07T16:27:34,533+0100",visu_pars.VisuCreationDate
20220207_164327_jrc220207_m134_1019_1_1/1,"2022-02-07T17:11:24,829+0100",visu_pars.VisuCreationDate
20220207_164327_jrc220207_m134_1019_1_1/10,"2022-02-07T17:39:26,263+0100",visu_pars.VisuCreationDate
20220207_164327_jrc220207_m134_1019_1_1/11,"2022-02-07T17:43:07,284+0100",visu_pars.VisuCreationDate
20220207_164327_jrc220207_m134_1019_1_1/12,"2022-02-07T17:46:47,788+0100",visu_pars.VisuCreationDate
20220207_164327_jrc220207_m134_1019_1_1/13,"2022-02-07T17:50:28,306+0100",visu_pars.VisuCreationDate
20220207_164327_jrc220207_m134_1019_1_1/14,"2022-02-07T17:54:08,534+0100",visu_pars.VisuCreationDate
20220207_164327_jrc220207_m134_1019_1_1/15,"2022-02-07T17:57:49,212+0100",visu_pars.VisuCreationDate
20220207_164327_jrc220207_m134_1019_1_1/16,"2022-02-07T18:01:30,062+0100",visu_pars.VisuCreationDate
20220207_164327_jrc220207_m134_1019_1_1/17,"2022-02-07T18:05:11,057+0100",visu_pars.VisuCreationDate
20220207_164327_jrc220207_m134_1019_1_1/2,"2022-02-07T17:13:01,562+0100",visu_pars.VisuCreationDate
20220207_164327_jrc220207_m134_1019_1_1/3,"2022-02-07T17:14:29,503+0100",visu_pars.VisuCreationDate
20220207_164327_jrc220207_m134_1019_1_1/4,"2022-02-07T17:16:46,797+0100",visu_pars.VisuCreationDate
20220207_164327_jrc220207_m134_1019_1_1/5,"2022-02-07T17:20:29,211+0100",visu_pars.VisuCreationDate
20220207_164327_jrc220207_m134_1019_1_1/6,"2022-02-07T17:24:43,514+0100",visu_pars.VisuCreationDate
20220207_164327_jrc220207_m134_1019_1_1/7,"2022-02-07T17:28:24,373+0100",visu_pars.VisuCreationDate
20220207_164327_jrc220207_m134_1019_1_1/8,"2022-02-07T17:32:05,159+0100",visu_pars.VisuCreationDate
20220207_164327_jrc220207_m134_1019_1_1/9,"2022-02-07T17:35:45,751+0100",visu_pars.VisuCreationDate
20220207_175727_jrc220207_m135_1019_1_1/10,"2022-02-07T18:45:56,499+0100",visu_pars.VisuCreationDate
20220207_175727_jrc220207_m135_1019_1_1/11,"2022-02-07T18:49:37,362+0100",visu_pars.VisuCreationDate
20220207_175727_jrc220207_m135_1019_1_1/12,"2022-02-07T18:53:17,976+0100",visu_pars.VisuCreationDate
20220207_175727_jrc220207_m135_1019_1_1/13,"2022-02-07T18:56:58,510+0100",visu_pars.VisuCreationDate
20220207_175727_jrc220207_m135_1019_1_1/14,"2022-02-07T19:00:39,205+0100",visu_pars.VisuCreationDate
20220207_175727_jrc220207_m135_1019_1_1/15,"2022-02-07T19:04:19,736+0100",visu_pars.VisuCreationDate
20220207_175727_jrc220207_m135_1019_1_1/16,"2022-02-07T19:08:00,279+0100",visu_pars.VisuCreationDate
20220207_175727_jrc220207_m135_1019_1_1/17,"2022-02-07T19:11:41,054+0100",visu_pars.VisuCreationDate
20220207_175727_jrc220207_m135_1019_1_1/18,"2022-02-07T19:15:21,547+0100",visu_pars.VisuCreationDate
20220207_175727_jrc220207_m135_1019_1_1/3,"2022-02-07T18:26:37,311+0100",visu_pars.VisuCreationDate
20220207_175727_jrc220207_m135_1019_1_1/4,"2022-02-07T18:27:54,660+0100",visu_pars.VisuCreationDate
20220207_175727_jrc220207_m135_1019_1_1/5,"2022-02-07T18:29:11,201+0100",visu_pars.VisuCreationDate
20220207_175727_jrc220207_m135_1019_1_1/6,"2022-02-07T18:30:47,383+0100",visu_pars.VisuCreationDate
20220207_175727_jrc220207_m135_1019_1_1/7,"2022-02-07T18:34:29,481+0100",visu_pars.VisuCreationDate
20220207_175727_jrc220207_m135_1019_1_1/8,"2022-02-07T18:38:35,053+0100",visu_pars.VisuCreationDate
20220207_175727_jrc220207_m135_1019_1_1/9,"2022-02-07T18:42:15,767+0100",visu_pars.VisuCreationDate
20220209_084924_jrc220209_m138_1019_1_1/1,"2022-02-09T08:52:56,736+0100",visu_pars.VisuCreationDate
20220209_084924_jrc220209_m138_1019_1_1/10,"2022-02-09T09:22:12,599+0100",visu_pars.VisuCreationDate
20220209_084924_jrc220209_m138_1019_1_1/11,"2022-02-09T09:25:53,345+0100",visu_pars.VisuCreationDate
20220209_084924_jrc220209_m138_1019_1_1/12,"2022-02-09T09:29:34,290+0100",visu_pars.VisuCreationDate
20220209_084924_jrc220209_m138_1019_1_1/13,"2022-02-09T09:33:14,979+0100",visu_pars.VisuCreationDate
20220209_084924_jrc220209_m138_1019_1_1/14,"2022-02-09T09:36:55,693+0100",visu_pars.VisuCreationDate
20220209_084924_jrc220209_m138_1019_1_1/15,"2022-02-09T09:40:36,387+0100",visu_pars.VisuCreationDate
20220209_084924_jrc220209_m138_1019_1_1/16,"2022-02-09T09:44:17,025+0100",visu_pars.VisuCreationDate
20220209_084924_jrc220209_m138_1019_1_1/17,"2022-02-09T09:47:57,698+0100",visu_pars.VisuCreationDate
20220209_084924_jrc220209_m138_1019_1_1/2,"2022-02-09T08:54:31,805+0100",visu_pars.VisuCreationDate
20220209_084924_jrc220209_m138_1019_1_1/3,"2022-02-09T08:56:21,862+0100",visu_pars.VisuCreationDate
20220209_084924_jrc220209_m138_1019_1_1/4,"2022-02-09T08:58:16,704+0100",visu_pars.VisuCreationDate
20220209_084924_jrc220209_m138_1019_1_1/5,"2022-02-09T09:01:58,922+0100",visu_pars.VisuCreationDate
20220209_084924_jrc220209_m138_1019_1_1/6,"2022-02-09T09:07:04,364+0100",visu_pars.VisuCreationDate
20220209_084924_jrc220209_m138_1019_1_1/7,"2022-02-09T09:11:10,846+0100",visu_pars.VisuCreationDate
20220209_084924_jrc220209_m138_1019_1_1/8,"2022-02-09T09:14:51,393+0100",visu_pars.VisuCreationDate
20220209_084924_jrc220209_m138_1019_1_1/9,"2022-02-09T09:18:31,909+0100",visu_pars.VisuCreationDate
20220209_095005_jrc220209_m139_1019_1_1/1,"2022-02-09T09:56:59,103+0100",visu_pars.VisuCreationDate
20220209_095005_jrc220209_m139_1019_1_1/10,"2022-02-09T10:24:32,141+0100",visu_pars.VisuCreationDate
20220209_095005_jrc220209_m139_1019_1_1/11,"2022-02-09T10:28:12,818+0100",visu_pars.VisuCreationDate
20220209_095005_jrc220209_m139_1019_1_1/12,"2022-02-09T10:31:53,735+0100",visu_pars.VisuCreationDate
20220209_095005_jrc220209_m139_1019_1_1/13,"2022-02-09T10:35:34,330+0100",visu_pars.VisuCreationDate
20220209_095005_jrc220209_m139_1019_1_1/14,"2022-02-09T10:39:15,250+0100",visu_pars.VisuCreationDate
20220209_095005_jrc220209_m139_1019_1_1/15,"2022-02-09T10:42:55,968+0100",visu_pars.VisuCreationDate
20220209_095005_jrc220209_m139_1019_1_1/16,"2022-02-09T10:46:36,585+0100",visu_pars.VisuCreationDate
20220209_095005_jrc220209_m139_1019_1_1/2,"2022-02-09T09:58:22,977+0100",visu_pars.VisuCreationDate
20220209_095005_jrc220209_m139_1019_1_1/3,"2022-02-09T10:00:16,624+0100",visu_pars.VisuCreationDate
20220209_095005_jrc220209_m139_1019_1_1/4,"2022-02-09T10:01:42,626+0100",visu_pars.VisuCreationDate
20220209_095005_jrc220209_m139_1019_1_1/5,"2022-02-09T10:05:24,751+0100",visu_pars.VisuCreationDate
20220209_095005_jrc220209_m139_1019_1_1/6,"2022-02-09T10:09:49,058+0100",visu_pars.VisuCreationDate
20220209_095005_jrc220209_m139_1019_1_1/7,"2022-02-09T10:13:29,917+0100",visu_pars.VisuCreationDate
20220209_095005_jrc220209_m139_1019_1_1/8,"2022-02-09T10:17:10,563+0100",visu_pars.VisuCreationDate
20220209_095005_jrc220209_m139_1019_1_1/9,"2022-02-09T10:20:51,341+0100",visu_pars.VisuCreationDate
20220209_104857_jrc220209_m122_1019_1_1/10,"2022-02-09T11:10:09,205+0100",visu_pars.VisuCreationDate
20220209_104857_jrc220209_m122_1019_1_1/11,"2022-02-09T11:14:16,494+0100",visu_pars.VisuCreationDate
20220209_104857_jrc220209_m122_1019_1_1/12,"2022-02-09T11:17:57,076+0100",visu_pars.VisuCreationDate
20220209_104857_jrc220209_m122_1019_1_1/13,"2022-02-09T11:21:37,536+0100",visu_pars.VisuCreationDate
20220209_104857_jrc220209_m122_1019_1_1/14,"2022-02-09T11:25:18,492+0100",visu_pars.VisuCreationDate
20220209_104857_jrc220209_m122_1019_1_1/15,"2022-02-09T11:28:59,240+0100",visu_pars.VisuCreationDate
20220209_104857_jrc220209_m122_1019_1_1/16,"2022-02-09T11:32:40,163+0100",visu_pars.VisuCreationDate
20220209_104857_jrc220209_m122_1019_1_1/17,"2022-02-09T11:36:20,735+0100",visu_pars.VisuCreationDate
20220209_104857_jrc220209_m122_1019_1_1/18,"2022-02-09T11:40:01,618+0100",visu_pars.VisuCreationDate
20220209_104857_jrc220209_m122_1019_1_1/19,"2022-02-09T11:43:42,377+0100",visu_pars.VisuCreationDate
20220209_104857_jrc220209_m122_1019_1_1/20,"2022-02-09T11:47:23,327+0100",visu_pars.VisuCreationDate
20220209_104857_jrc220209_m122_1019_1_1/21,"2022-02-09T11:51:03,934+0100",visu_pars.VisuCreationDate
20220209_104857_jrc220209_m122_1019_1_1/22,"2022-02-09T11:54:44,428+0100",visu_pars.VisuCreationDate
20220209_104857_jrc220209_m122_1019_1_1/4,"2022-02-09T10:59:22,903+0100",visu_pars.VisuCreationDate
20220209_104857_jrc220209_m122_1019_1_1/6,"2022-02-09T11:01:34,376+0100",visu_pars.VisuCreationDate
20220209_104857_jrc220209_m122_1019_1_1/7,"2022-02-09T11:03:20,521+0100",visu_pars.VisuCreationDate
20220209_104857_jrc220209_m122_1019_1_1/8,"2022-02-09T11:04:54,716+0100",visu_pars.VisuCreationDate
20220209_104857_jrc220209_m122_1019_1_1/9,"2022-02-09T11:06:26,401+0100",visu_pars.VisuCreationDate
20220214_092942_jrc220214_m44_0320_1_1/1,"2022-02-14T09:45:56,352+0100",visu_pars.VisuCreationDate
20220214_092942_jrc220214_m44_0320_1_1/14,"2022-02-14T10:17:37,681+0100",visu_pars.VisuCreationDate
20220214_092942_jrc220214_m44_0320_1_1/16,"2022-02-14T10:20:25,858+0100",visu_pars.VisuCreationDate
20220214_092942_jrc220214_m44_0320_1_1/17,"2022-02-14T10:22:29,385+0100",visu_pars.VisuCreationDate
20220214_092942_jrc220214_m44_0320_1_1/18,"2022-02-14T10:27:24,707+0100",visu_pars.VisuCreationDate
20220214_092942_jrc220214_m44_0320_1_1/19,"2022-02-14T10:30:45,222+0100",visu_pars.VisuCreationDate
20220214_092942_jrc220214_m44_0320_1_1/20,"2022-02-14T10:41:27,185+0100",visu_pars.VisuCreationDate
20220214_092942_jrc220214_m44_0320_1_1/21,"2022-02-14T10:36:10,671+0100",visu_pars.VisuCreationDate
20220214_092942_jrc220214_m44_0320_1_1/22,"2022-02-14T10:45:07,738+0100",visu_pars.VisuCreationDate
20220214_092942_jrc220214_m44_0320_1_1/23,"2022-02-14T10:48:48,224+0100",visu_pars.VisuCreationDate
20220214_092942_jrc220214_m44_0320_1_1/24,"2022-02-14T10:52:28,820+0100",visu_pars.VisuCreationDate
20220214_092942_jrc220214_m44_0320_1_1/25,"2022-02-14T10:56:09,641+0100",visu_pars.VisuCreationDate
20220214_092942_jrc220214_m44_0320_1_1/26,"2022-02-14T10:59:50,296+0100",visu_pars.VisuCreationDate
20220214_092942_jrc220214_m44_0320_1_1/27,"2022-02-14T11:03:30,935+0100",visu_pars.VisuCreationDate
20220214_092942_jrc220214_m44_0320_1_1/28,"2022-02-14T11:07:11,817+0100",visu_pars.VisuCreationDate
20220214_092942_jrc220214_m44_0320_1_1/29,"2022-02-14T11:10:53,442+0100",visu_pars.VisuCreationDate
20220214_092942_jrc220214_m44_0320_1_1/30,"2022-02-14T11:12:14,595+0100",visu_pars.VisuCreationDate
20220214_092942_jrc220214_m44_0320_1_1/31,"2022-02-14T11:19:22,346+0100",visu_pars.VisuCreationDate
20220214_092942_jrc220214_m44_0320_1_1/32,"2022-02-14T11:15:08,593+0100",visu_pars.VisuCreationDate
20220214_092942_jrc220214_m44_0320_1_1/7,"2022-02-14T10:03:52,800+0100",visu_pars.VisuCreationDate
20220214_112257_jrc220214_m45_0320_1_1/11,"2022-02-14T11:54:53,728+0100",visu_pars.VisuCreationDate
20220214_112257_jrc220214_m45_0320_1_1/12,"2022-02-14T11:59:03,016+0100",visu_pars.VisuCreationDate
20220214_112257_jrc220214_m45_0320_1_1/13,"2022-02-14T12:02:03,207+0100",visu_pars.VisuCreationDate
20220214_112257_jrc220214_m45_0320_1_1/14,"2022-02-14T12:04:00,954+0100",visu_pars.VisuCreationDate
20220214_112257_jrc220214_m45_0320_1_1/15,"2022-02-14T12:08:35,116+0100",visu_pars.VisuCreationDate
20220214_112257_jrc220214_m45_0320_1_1/16,"2022-02-14T12:12:16,024+0100",visu_pars.VisuCreationDate
20220214_112257_jrc220214_m45_0320_1_1/17,"2022-02-14T12:15:56,747+0100",visu_pars.VisuCreationDate
20220214_112257_jrc220214_m45_0320_1_1/18,"2022-02-14T12:19:37,376+0100",visu_pars.VisuCreationDate
20220214_112257_jrc220214_m45_0320_1_1/19,"2022-02-14T12:23:18,002+0100",visu_pars.VisuCreationDate
20220214_112257_jrc220214_m45_0320_1_1/20,"2022-02-14T12:26:58,463+0100",visu_pars.VisuCreationDate
20220214_112257_jrc220214_m45_0320_1_1/21,"2022-02-14T12:30:38,946+0100",visu_pars.VisuCreationDate
20220214_112257_jrc220214_m45_0320_1_1/22,"2022-02-14T12:34:19,761+0100",visu_pars.VisuCreationDate
20220214_112257_jrc220214_m45_0320_1_1/23,"2022-02-14T12:38:00,537+0100",visu_pars.VisuCreationDate
20220214_112257_jrc220214_m45_0320_1_1/24,"2022-02-14T12:41:41,120+0100",visu_pars.VisuCreationDate
20220214_112257_jrc220214_m45_0320_1_1/25,"2022-02-14T12:48:25,762+0100",visu_pars.VisuCreationDate
20220214_112257_jrc220214_m45_0320_1_1/26,"2022-02-14T13:04:39,292+0100",visu_pars.VisuCreationDate
20220214_112257_jrc220214_m45_0320_1_1/27,"2022-02-14T13:08:21,135+0100",visu_pars.VisuCreationDate
20220214_112257_jrc220214_m45_0320_1_1/28,"2022-02-14T13:23:04,185+0100",visu_pars.VisuCreationDate
20220214_112257_jrc220214_m45_0320_1_1/3,"2022-02-14T11:36:08,359+0100",visu_pars.VisuCreationDate
20220214_112257_jrc220214_m45_0320_1_1/4,"2022-02-14T11:37:47,718+0100",visu_pars.VisuCreationDate
20220214_112257_jrc220214_m45_0320_1_1/5,"2022-02-14T11:39:35,782+0100",visu_pars.VisuCreationDate
20220214_112257_jrc220214_m45_0320_1_1/6,"2022-02-14T11:41:19,405+0100",visu_pars.VisuCreationDate
20220214_112257_jrc220214_m45_0320_1_1/7,"2022-02-14T11:42:30,817+0100",visu_pars.VisuCreationDate
20220214_112257_jrc220214_m45_0320_1_1/9,"2022-02-14T11:48:59,955+0100",visu_pars.VisuCreationDate
20220214_132605_jrc220214_m46_0320_1_1/11,"2022-02-14T14:03:03,571+0100",visu_pars.VisuCreationDate
20220214_132605_jrc220214_m46_0320_1_1/12,"2022-02-14T14:06:44,007+0100",visu_pars.VisuCreationDate
20220214_132605_jrc220214_m46_0320_1_1/13,"2022-02-14T14:10:24,691+0100",visu_pars.VisuCreationDate
20220214_132605_jrc220214_m46_0320_1_1/14,"2022-02-14T14:14:05,274+0100",visu_pars.VisuCreationDate
20220214_132605_jrc220214_m46_0320_1_1/15,"2022-02-14T14:17:46,018+0100",visu_pars.VisuCreationDate
20220214_132605_jrc220214_m46_0320_1_1/16,"2022-02-14T14:21:26,598+0100",visu_pars.VisuCreationDate
20220214_132605_jrc220214_m46_0320_1_1/17,"2022-02-14T14:25:07,261+0100",visu_pars.VisuCreationDate
20220214_132605_jrc220214_m46_0320_1_1/18,"2022-02-14T14:28:47,853+0100",visu_pars.VisuCreationDate
20220214_132605_jrc220214_m46_0320_1_1/19,"2022-02-14T14:32:28,460+0100",visu_pars.VisuCreationDate
20220214_132605_jrc220214_m46_0320_1_1/20,"2022-02-14T14:36:09,168+0100",visu_pars.VisuCreationDate
20220214_132605_jrc220214_m46_0320_1_1/21,"2022-02-14T14:40:44,000+0100",visu_pars.VisuCreationDate
20220214_132605_jrc220214_m46_0320_1_1/22,"2022-02-14T14:58:56,188+0100",visu_pars.VisuCreationDate
20220214_132605_jrc220214_m46_0320_1_1/23,"2022-02-14T15:15:25,166+0100",visu_pars.VisuCreationDate
20220214_132605_jrc220214_m46_0320_1_1/4,"2022-02-14T13:45:34,539+0100",visu_pars.VisuCreationDate
20220214_132605_jrc220214_m46_0320_1_1/5,"2022-02-14T13:47:22,520+0100",visu_pars.VisuCreationDate
20220214_132605_jrc220214_m46_0320_1_1/6,"2022-02-14T13:49:47,326+0100",visu_pars.VisuCreationDate
20220214_132605_jrc220214_m46_0320_1_1/7,"2022-02-14T13:51:50,902+0100",visu_pars.VisuCreationDate
20220214_132605_jrc220214_m46_0320_1_1/8,"2022-02-14T13:53:22,137+0100",visu_pars.VisuCreationDate
20220214_132605_jrc220214_m46_0320_1_1/9,"2022-02-14T13:57:33,369+0100",visu_pars.VisuCreationDate
20220214_151141_jrc220214_m47_0320_1_1/1,"2022-02-14T15:30:25,461+0100",visu_pars.VisuCreationDate
20220214_151141_jrc220214_m47_0320_1_1/10,"2022-02-14T15:56:19,658+0100",visu_pars.VisuCreationDate
20220214_151141_jrc220214_m47_0320_1_1/11,"2022-02-14T16:00:00,425+0100",visu_pars.VisuCreationDate
20220214_151141_jrc220214_m47_0320_1_1/12,"2022-02-14T16:03:41,057+0100",visu_pars.VisuCreationDate
20220214_151141_jrc220214_m47_0320_1_1/13,"2022-02-14T16:07:21,934+0100",visu_pars.VisuCreationDate
20220214_151141_jrc220214_m47_0320_1_1/14,"2022-02-14T16:11:02,837+0100",visu_pars.VisuCreationDate
20220214_151141_jrc220214_m47_0320_1_1/15,"2022-02-14T16:14:43,607+0100",visu_pars.VisuCreationDate
20220214_151141_jrc220214_m47_0320_1_1/16,"2022-02-14T16:18:33,797+0100",visu_pars.VisuCreationDate
20220214_151141_jrc220214_m47_0320_1_1/17,"2022-02-14T16:22:53,306+0100",visu_pars.VisuCreationDate
20220214_151141_jrc220214_m47_0320_1_1/18,"2022-02-14T16:43:46,739+0100",visu_pars.VisuCreationDate
20220214_151141_jrc220214_m47_0320_1_1/2,"2022-02-14T15:31:52,496+0100",visu_pars.VisuCreationDate
20220214_151141_jrc220214_m47_0320_1_1/20,"2022-02-14T17:01:26,337+0100",visu_pars.VisuCreationDate
20220214_151141_jrc220214_m47_0320_1_1/3,"2022-02-14T15:33:38,007+0100",visu_pars.VisuCreationDate
20220214_151141_jrc220214_m47_0320_1_1/4,"2022-02-14T15:35:17,348+0100",visu_pars.VisuCreationDate
20220214_151141_jrc220214_m47_0320_1_1/5,"2022-02-14T15:37:02,894+0100",visu_pars.VisuCreationDate
20220214_151141_jrc220214_m47_0320_1_1/6,"2022-02-14T15:41:27,973+0100",visu_pars.VisuCreationDate
20220214_151141_jrc220214_m47_0320_1_1/7,"2022-02-14T15:45:17,268+0100",visu_pars.VisuCreationDate
20220214_151141_jrc220214_m47_0320_1_1/8,"2022-02-14T15:48:57,946+0100",visu_pars.VisuCreationDate
20220214_151141_jrc220214_m47_0320_1_1/9,"2022-02-14T15:52:39,014+0100",visu_pars.VisuCreationDate
20220214_171708_jrc220215_m29_0320_1_1/1,"2022-02-15T08:34:11,014+0100",visu_pars.VisuCreationDate
20220214_171708_jrc220215_m29_0320_1_1/10,"2022-02-15T08:57:31,490+0100",visu_pars.VisuCreationDate
20220214_171708_jrc220215_m29_0320_1_1/11,"2022-02-15T09:01:11,957+0100",visu_pars.VisuCreationDate
20220214_171708_jrc220215_m29_0320_1_1/12,"2022-02-15T09:04:52,566+0100",visu_pars.VisuCreationDate
20220214_171708_jrc220215_m29_0320_1_1/13,"2022-02-15T09:08:33,113+0100",visu_pars.VisuCreationDate
20220214_171708_jrc220215_m29_0320_1_1/14,"2022-02-15T09:12:13,890+0100",visu_pars.VisuCreationDate
20220214_171708_jrc220215_m29_0320_1_1/15,"2022-02-15T09:15:54,609+0100",visu_pars.VisuCreationDate
20220214_171708_jrc220215_m29_0320_1_1/16,"2022-02-15T09:19:35,399+0100",visu_pars.VisuCreationDate
20220214_171708_jrc220215_m29_0320_1_1/17,"2022-02-15T09:23:15,984+0100",visu_pars.VisuCreationDate
20220214_171708_jrc220215_m29_0320_1_1/18,"2022-02-15T09:29:21,637+0100",visu_pars.VisuCreationDate
20220214_171708_jrc220215_m29_0320_1_1/19,"2022-02-15T09:47:26,776+0100",visu_pars.VisuCreationDate
20220214_171708_jrc220215_m29_0320_1_1/2,"2022-02-15T08:36:20,462+0100",visu_pars.VisuCreationDate
20220214_171708_jrc220215_m29_0320_1_1/20,"2022-02-15T10:02:35,899+0100",visu_pars.VisuCreationDate
20220214_171708_jrc220215_m29_0320_1_1/3,"2022-02-15T08:37:42,658+0100",visu_pars.VisuCreationDate
20220214_171708_jrc220215_m29_0320_1_1/4,"2022-02-15T08:39:05,691+0100",visu_pars.VisuCreationDate
20220214_171708_jrc220215_m29_0320_1_1/5,"2022-02-15T08:43:15,862+0100",visu_pars.VisuCreationDate
20220214_171708_jrc220215_m29_0320_1_1/7,"2022-02-15T08:45:03,140+0100",visu_pars.VisuCreationDate
20220214_171708_jrc220215_m29_0320_1_1/8,"2022-02-15T08:50:10,242+0100",visu_pars.VisuCreationDate
20220214_171708_jrc220215_m29_0320_1_1/9,"2022-02-15T08:53:50,865+0100",visu_pars.VisuCreationDate
20220215_100101_jrc220215_m30_0320_1_1/1,"2022-02-15T10:16:50,110+0100",visu_pars.VisuCreationDate
20220215_100101_jrc220215_m30_0320_1_1/10,"2022-02-15T10:44:12,453+0100",visu_pars.VisuCreationDate
20220215_100101_jrc220215_m30_0320_1_1/11,"2022-02-15T10:47:53,252+0100",visu_pars.VisuCreationDate
20220215_100101_jrc220215_m30_0320_1_1/12,"2022-02-15T10:51:34,148+0100",visu_pars.VisuCreationDate
20220215_100101_jrc220215_m30_0320_1_1/13,"2022-02-15T10:55:14,627+0100",visu_pars.VisuCreationDate
20220215_100101_jrc220215_m30_0320_1_1/14,"2022-02-15T10:58:55,546+0100",visu_pars.VisuCreationDate
20220215_100101_jrc220215_m30_0320_1_1/15,"2022-02-15T11:02:36,201+0100",visu_pars.VisuCreationDate
20220215_100101_jrc220215_m30_0320_1_1/16,"2022-02-15T11:06:16,877+0100",visu_pars.VisuCreationDate
20220215_100101_jrc220215_m30_0320_1_1/17,"2022-02-15T11:11:00,111+0100",visu_pars.VisuCreationDate
20220215_100101_jrc220215_m30_0320_1_1/18,"2022-02-15T11:23:47,370+0100",visu_pars.VisuCreationDate
20220215_100101_jrc220215_m30_0320_1_1/19,"2022-02-15T11:37:45,972+0100",visu_pars.VisuCreationDate
20220215_100101_jrc220215_m30_0320_1_1/2,"2022-02-15T10:18:14,742+0100",visu_pars.VisuCreationDate
20220215_100101_jrc220215_m30_0320_1_1/3,"2022-02-15T10:19:48,875+0100",visu_pars.VisuCreationDate
20220215_100101_jrc220215_m30_0320_1_1/4,"2022-02-15T10:21:14,223+0100",visu_pars.VisuCreationDate
20220215_100101_jrc220215_m30_0320_1_1/5,"2022-02-15T10:25:12,575+0100",visu_pars.VisuCreationDate
20220215_100101_jrc220215_m30_0320_1_1/6,"2022-02-15T10:29:29,396+0100",visu_pars.VisuCreationDate
20220215_100101_jrc220215_m30_0320_1_1/7,"2022-02-15T10:33:10,219+0100",visu_pars.VisuCreationDate
20220215_100101_jrc220215_m30_0320_1_1/8,"2022-02-15T10:36:51,007+0100",visu_pars.VisuCreationDate
20220215_100101_jrc220215_m30_0320_1_1/9,"2022-02-15T10:40:31,769+0100",visu_pars.VisuCreationDate
20220215_121435_jrc220215_m31_0320_1_1/1,"2022-02-15T12:29:11,903+0100",visu_pars.VisuCreationDate
20220215_121435_jrc220215_m31_0320_1_1/10,"2022-02-15T12:51:24,467+0100",visu_pars.VisuCreationDate
20220215_121435_jrc220215_m31_0320_1_1/11,"2022-02-15T12:55:05,102+0100",visu_pars.VisuCreationDate
20220215_121435_jrc220215_m31_0320_1_1/12,"2022-02-15T12:58:45,825+0100",visu_pars.VisuCreationDate
20220215_121435_jrc220215_m31_0320_1_1/13,"2022-02-15T13:02:26,392+0100",visu_pars.VisuCreationDate
20220215_121435_jrc220215_m31_0320_1_1/14,"2022-02-15T13:06:07,147+0100",visu_pars.VisuCreationDate
20220215_121435_jrc220215_m31_0320_1_1/15,"2022-02-15T13:09:47,848+0100",visu_pars.VisuCreationDate
20220215_121435_jrc220215_m31_0320_1_1/16,"2022-02-15T13:13:28,551+0100",visu_pars.VisuCreationDate
20220215_121435_jrc220215_m31_0320_1_1/17,"2022-02-15T13:17:09,340+0100",visu_pars.VisuCreationDate
20220215_121435_jrc220215_m31_0320_1_1/18,"2022-02-15T13:20:50,006+0100",visu_pars.VisuCreationDate
20220215_121435_jrc220215_m31_0320_1_1/19,"2022-02-15T13:25:29,165+0100",visu_pars.VisuCreationDate
20220215_121435_jrc220215_m31_0320_1_1/20,"2022-02-15T13:43:06,157+0100",visu_pars.VisuCreationDate
20220215_121435_jrc220215_m31_0320_1_1/21,"2022-02-15T13:58:48,991+0100",visu_pars.VisuCreationDate
20220215_121435_jrc220215_m31_0320_1_1/3,"2022-02-15T12:31:25,626+0100",visu_pars.VisuCreationDate
20220215_121435_jrc220215_m31_0320_1_1/4,"2022-02-15T12:33:08,324+0100",visu_pars.VisuCreationDate
20220215_121435_jrc220215_m31_0320_1_1/5,"2022-02-15T12:34:39,466+0100",visu_pars.VisuCreationDate
20220215_121435_jrc220215_m31_0320_1_1/6,"2022-02-15T12:36:14,989+0100",visu_pars.VisuCreationDate
20220215_121435_jrc220215_m31_0320_1_1/7,"2022-02-15T12:40:16,476+0100",visu_pars.VisuCreationDate
20220215_121435_jrc220215_m31_0320_1_1/8,"2022-02-15T12:44:03,226+0100",visu_pars.VisuCreationDate
20220215_121435_jrc220215_m31_0320_1_1/9,"2022-02-15T12:47:43,966+0100",visu_pars.VisuCreationDate
20220215_140653_jrc220215_m32_0320_1_1/1,"2022-02-15T15:33:42,951+0100",visu_pars.VisuCreationDate
20220215_140653_jrc220215_m32_0320_1_1/10,"2022-02-15T15:53:30,506+0100",visu_pars.VisuCreationDate
20220215_140653_jrc220215_m32_0320_1_1/11,"2022-02-15T16:00:51,711+0100",visu_pars.VisuCreationDate
20220215_140653_jrc220215_m32_0320_1_1/12,"2022-02-15T16:04:32,167+0100",visu_pars.VisuCreationDate
20220215_140653_jrc220215_m32_0320_1_1/14,"2022-02-15T15:57:10,978+0100",visu_pars.VisuCreationDate
20220215_140653_jrc220215_m32_0320_1_1/15,"2022-02-15T16:08:12,728+0100",visu_pars.VisuCreationDate
20220215_140653_jrc220215_m32_0320_1_1/16,"2022-02-15T16:11:53,238+0100",visu_pars.VisuCreationDate
20220215_140653_jrc220215_m32_0320_1_1/17,"2022-02-15T16:15:33,750+0100",visu_pars.VisuCreationDate
20220215_140653_jrc220215_m32_0320_1_1/18,"2022-02-15T16:19:14,357+0100",visu_pars.VisuCreationDate
20220215_140653_jrc220215_m32_0320_1_1/19,"2022-02-15T16:22:54,820+0100",visu_pars.VisuCreationDate
20220215_140653_jrc220215_m32_0320_1_1/20,"2022-02-15T16:26:35,355+0100",visu_pars.VisuCreationDate
20220215_140653_jrc220215_m32_0320_1_1/21,"2022-02-15T16:47:48,444+0100",visu_pars.VisuCreationDate
20220215_140653_jrc220215_m32_0320_1_1/22,"2022-02-15T16:44:06,719+0100",visu_pars.VisuCreationDate
20220215_140653_jrc220215_m32_0320_1_1/23,"2022-02-15T17:03:14,922+0100",visu_pars.VisuCreationDate
20220215_140653_jrc220215_m32_0320_1_1/5,"2022-02-15T15:39:52,104+0100",visu_pars.VisuCreationDate
20220215_140653_jrc220215_m32_0320_1_1/6,"2022-02-15T15:41:36,118+0100",visu_pars.VisuCreationDate
20220215_140653_jrc220215_m32_0320_1_1/7,"2022-02-15T15:43:06,063+0100",visu_pars.VisuCreationDate
20220215_140653_jrc220215_m32_0320_1_1/8,"2022-02-15T15:46:47,976+0100",visu_pars.VisuCreationDate
20220216_081900_jrc220216_m33_0320_1_1/1,"2022-02-16T08:32:45,570+0100",visu_pars.VisuCreationDate
20220216_081900_jrc220216_m33_0320_1_1/10,"2022-02-16T08:59:22,298+0100",visu_pars.VisuCreationDate
20220216_081900_jrc220216_m33_0320_1_1/11,"2022-02-16T09:03:02,987+0100",visu_pars.VisuCreationDate
20220216_081900_jrc220216_m33_0320_1_1/12,"2022-02-16T09:06:43,695+0100",visu_pars.VisuCreationDate
20220216_081900_jrc220216_m33_0320_1_1/13,"2022-02-16T09:14:05,410+0100",visu_pars.VisuCreationDate
20220216_081900_jrc220216_m33_0320_1_1/14,"2022-02-16T09:10:24,576+0100",visu_pars.VisuCreationDate
20220216_081900_jrc220216_m33_0320_1_1/15,"2022-02-16T09:17:46,164+0100",visu_pars.VisuCreationDate
20220216_081900_jrc220216_m33_0320_1_1/16,"2022-02-16T09:21:26,940+0100",visu_pars.VisuCreationDate
20220216_081900_jrc220216_m33_0320_1_1/17,"2022-02-16T09:27:45,516+0100",visu_pars.VisuCreationDate
20220216_081900_jrc220216_m33_0320_1_1/18,"2022-02-16T09:43:05,155+0100",visu_pars.VisuCreationDate
20220216_081900_jrc220216_m33_0320_1_1/19,"2022-02-16T09:55:49,820+0100",visu_pars.VisuCreationDate
20220216_081900_jrc220216_m33_0320_1_1/2,"2022-02-16T08:34:13,274+0100",visu_pars.VisuCreationDate
20220216_081900_jrc220216_m33_0320_1_1/3,"2022-02-16T08:35:49,241+0100",visu_pars.VisuCreationDate
20220216_081900_jrc220216_m33_0320_1_1/4,"2022-02-16T08:37:02,939+0100",visu_pars.VisuCreationDate
20220216_081900_jrc220216_m33_0320_1_1/5,"2022-02-16T08:40:45,082+0100",visu_pars.VisuCreationDate
20220216_081900_jrc220216_m33_0320_1_1/6,"2022-02-16T08:44:39,778+0100",visu_pars.VisuCreationDate
20220216_081900_jrc220216_m33_0320_1_1/7,"2022-02-16T08:48:20,554+0100",visu_pars.VisuCreationDate
20220216_081900_jrc220216_m33_0320_1_1/8,"2022-02-16T08:52:01,046+0100",visu_pars.VisuCreationDate
20220216_081900_jrc220216_m33_0320_1_1/9,"2022-02-16T08:55:41,764+0100",visu_pars.VisuCreationDate
20220216_094826_jrc220216_m34_0320_1_1/1,"2022-02-16T10:06:36,581+0100",visu_pars.VisuCreationDate
20220216_094826_jrc220216_m34_0320_1_1/10,"2022-02-16T10:33:10,834+0100",visu_pars.VisuCreationDate
20220216_094826_jrc220216_m34_0320_1_1/11,"2022-02-16T10:36:51,493+0100",visu_pars.VisuCreationDate
20220216_094826_jrc220216_m34_0320_1_1/12,"2022-02-16T10:40:32,147+0100",visu_pars.VisuCreationDate
20220216_094826_jrc220216_m34_0320_1_1/13,"2022-02-16T10:44:12,877+0100",visu_pars.VisuCreationDate
20220216_094826_jrc220216_m34_0320_1_1/14,"2022-02-16T10:47:53,746+0100",visu_pars.VisuCreationDate
20220216_094826_jrc220216_m34_0320_1_1/15,"2022-02-16T10:51:34,505+0100",visu_pars.VisuCreationDate
20220216_094826_jrc220216_m34_0320_1_1/16,"2022-02-16T10:55:15,056+0100",visu_pars.VisuCreationDate
20220216_094826_jrc220216_m34_0320_1_1/17,"2022-02-16T10:58:55,518+0100",visu_pars.VisuCreationDate
20220216_094826_jrc220216_m34_0320_1_1/18,"2022-02-16T11:02:36,360+0100",visu_pars.VisuCreationDate
20220216_094826_jrc220216_m34_0320_1_1/19,"2022-02-16T11:09:20,906+0100",visu_pars.VisuCreationDate
20220216_094826_jrc220216_m34_0320_1_1/2,"2022-02-16T10:08:12,115+0100",visu_pars.VisuCreationDate
20220216_094826_jrc220216_m34_0320_1_1/22,"2022-02-16T11:25:01,682+0100",visu_pars.VisuCreationDate
20220216_094826_jrc220216_m34_0320_1_1/23,"2022-02-16T11:43:11,218+0100",visu_pars.VisuCreationDate
20220216_094826_jrc220216_m34_0320_1_1/3,"2022-02-16T10:09:48,209+0100",visu_pars.VisuCreationDate
20220216_094826_jrc220216_m34_0320_1_1/4,"2022-02-16T10:11:24,504+0100",visu_pars.VisuCreationDate
20220216_094826_jrc220216_m34_0320_1_1/5,"2022-02-16T10:17:46,031+0100",visu_pars.VisuCreationDate
20220216_094826_jrc220216_m34_0320_1_1/6,"2022-02-16T10:13:13,934+0100",visu_pars.VisuCreationDate
20220216_094826_jrc220216_m34_0320_1_1/7,"2022-02-16T10:22:08,357+0100",visu_pars.VisuCreationDate
20220216_094826_jrc220216_m34_0320_1_1/8,"2022-02-16T10:25:49,301+0100",visu_pars.VisuCreationDate
20220216_094826_jrc220216_m34_0320_1_1/9,"2022-02-16T10:29:30,037+0100",visu_pars.VisuCreationDate
20220216_120808_jrc220216_m41_0320_1_1/1,"2022-02-16T12:25:10,683+0100",visu_pars.VisuCreationDate
20220216_120808_jrc220216_m41_0320_1_1/10,"2022-02-16T12:51:41,731+0100",visu_pars.VisuCreationDate
20220216_120808_jrc220216_m41_0320_1_1/11,"2022-02-16T12:55:22,390+0100",visu_pars.VisuCreationDate
20220216_120808_jrc220216_m41_0320_1_1/12,"2022-02-16T12:59:02,961+0100",visu_pars.VisuCreationDate
20220216_120808_jrc220216_m41_0320_1_1/13,"2022-02-16T13:02:43,715+0100",visu_pars.VisuCreationDate
20220216_120808_jrc220216_m41_0320_1_1/14,"2022-02-16T13:06:24,388+0100",visu_pars.VisuCreationDate
20220216_120808_jrc220216_m41_0320_1_1/15,"2022-02-16T13:10:05,161+0100",visu_pars.VisuCreationDate
20220216_120808_jrc220216_m41_0320_1_1/16,"2022-02-16T13:13:45,903+0100",visu_pars.VisuCreationDate
20220216_120808_jrc220216_m41_0320_1_1/17,"2022-02-16T13:17:26,780+0100",visu_pars.VisuCreationDate
20220216_120808_jrc220216_m41_0320_1_1/18,"2022-02-16T13:21:07,647+0100",visu_pars.VisuCreationDate
20220216_120808_jrc220216_m41_0320_1_1/19,"2022-02-16T12:48:01,219+0100",visu_pars.VisuCreationDate
20220216_120808_jrc220216_m41_0320_1_1/20,"2022-02-16T13:24:48,459+0100",visu_pars.VisuCreationDate
20220216_120808_jrc220216_m41_0320_1_1/21,"2022-02-16T13:43:24,293+0100",visu_pars.VisuCreationDate
20220216_120808_jrc220216_m41_0320_1_1/22,"2022-02-16T13:59:41,828+0100",visu_pars.VisuCreationDate
20220216_120808_jrc220216_m41_0320_1_1/3,"2022-02-16T12:27:04,947+0100",visu_pars.VisuCreationDate
20220216_120808_jrc220216_m41_0320_1_1/4,"2022-02-16T12:28:47,356+0100",visu_pars.VisuCreationDate
20220216_120808_jrc220216_m41_0320_1_1/5,"2022-02-16T12:30:37,803+0100",visu_pars.VisuCreationDate
20220216_120808_jrc220216_m41_0320_1_1/6,"2022-02-16T12:36:38,155+0100",visu_pars.VisuCreationDate
20220216_120808_jrc220216_m41_0320_1_1/7,"2022-02-16T12:32:20,081+0100",visu_pars.VisuCreationDate
20220216_120808_jrc220216_m41_0320_1_1/8,"2022-02-16T12:40:39,783+0100",visu_pars.VisuCreationDate
20220216_120808_jrc220216_m41_0320_1_1/9,"2022-02-16T12:44:20,561+0100",visu_pars.VisuCreationDate
20220216_140522_jrc220216_m42_0320_1_1/10,"2022-02-16T14:37:18,864+0100",visu_pars.VisuCreationDate
20220216_140522_jrc220216_m42_0320_1_1/11,"2022-02-16T14:40:59,677+0100",visu_pars.VisuCreationDate
20220216_140522_jrc220216_m42_0320_1_1/12,"2022-02-16T14:44:40,331+0100",visu_pars.VisuCreationDate
20220216_140522_jrc220216_m42_0320_1_1/13,"2022-02-16T14:48:20,951+0100",visu_pars.VisuCreationDate
20220216_140522_jrc220216_m42_0320_1_1/14,"2022-02-16T14:52:01,649+0100",visu_pars.VisuCreationDate
20220216_140522_jrc220216_m42_0320_1_1/15,"2022-02-16T14:55:42,132+0100",visu_pars.VisuCreationDate
20220216_140522_jrc220216_m42_0320_1_1/16,"2022-02-16T15:12:44,165+0100",visu_pars.VisuCreationDate
20220216_140522_jrc220216_m42_0320_1_1/17,"2022-02-16T15:21:45,692+0100",visu_pars.VisuCreationDate
20220216_140522_jrc220216_m42_0320_1_1/18,"2022-02-16T15:25:26,324+0100",visu_pars.VisuCreationDate
20220216_140522_jrc220216_m42_0320_1_1/2,"2022-02-16T14:18:32,074+0100",visu_pars.VisuCreationDate
20220216_140522_jrc220216_m42_0320_1_1/3,"2022-02-16T14:20:06,640+0100",visu_pars.VisuCreationDate
20220216_140522_jrc220216_m42_0320_1_1/4,"2022-02-16T14:21:44,115+0100",visu_pars.VisuCreationDate
20220216_140522_jrc220216_m42_0320_1_1/5,"2022-02-16T14:23:28,772+0100",visu_pars.VisuCreationDate
20220216_140522_jrc220216_m42_0320_1_1/6,"2022-02-16T14:24:53,067+0100",visu_pars.VisuCreationDate
20220216_140522_jrc220216_m42_0320_1_1/8,"2022-02-16T14:29:04,102+0100",visu_pars.VisuCreationDate
20220216_140522_jrc220216_m42_0320_1_1/9,"2022-02-16T14:33:38,438+0100",visu_pars.VisuCreationDate
20220217_115311_jrc220217_m43_0320_1_1/1,"2022-02-17T12:05:43,361+0100",visu_pars.VisuCreationDate
20220217_115311_jrc220217_m43_0320_1_1/2,"2022-02-17T12:07:06,866+0100",visu_pars.VisuCreationDate
20220217_115311_jrc220217_m43_0320_1_1/3,"2022-02-17T12:09:02,256+0100",visu_pars.VisuCreationDate
20220217_115311_jrc220217_m43_0320_1_1/4,"2022-02-17T12:13:10,104+0100",visu_pars.VisuCreationDate
20220217_115311_jrc220217_m43_0320_1_1/5,"2022-02-17T12:17:23,733+0100",visu_pars.VisuCreationDate
20220217_115311_jrc220217_m43_0320_1_1/6,"2022-02-17T12:22:16,339+0100",visu_pars.VisuCreationDate
20220217_115311_jrc220217_m43_0320_1_1/7,"2022-02-17T12:34:49,054+0100",visu_pars.VisuCreationDate
20220217_115311_jrc220217_m43_0320_1_1/8,"2022-02-17T12:44:15,273+0100",visu_pars.VisuCreationDate
20220217_124042_jrc220217_m48_0320_1_1/10,"2022-02-17T13:35:55,655+0100",visu_pars.VisuCreationDate
20220217_124042_jrc220217_m48_0320_1_1/11,"2022-02-17T13:39:37,473+0100",visu_pars.VisuCreationDate
20220217_124042_jrc220217_m48_0320_1_1/12,"2022-02-17T13:53:06,798+0100",visu_pars.VisuCreationDate
20220217_124042_jrc220217_m48_0320_1_1/2,"2022-02-17T13:03:06,827+0100",visu_pars.VisuCreationDate
20220217_124042_jrc220217_m48_0320_1_1/3,"2022-02-17T13:01:56,727+0100",visu_pars.VisuCreationDate
20220217_124042_jrc220217_m48_0320_1_1/5,"2022-02-17T13:04:51,323+0100",visu_pars.VisuCreationDate
20220217_124042_jrc220217_m48_0320_1_1/6,"2022-02-17T13:06:19,696+0100",visu_pars.VisuCreationDate
20220217_124042_jrc220217_m48_0320_1_1/7,"2022-02-17T13:07:49,537+0100",visu_pars.VisuCreationDate
20220217_124042_jrc220217_m48_0320_1_1/8,"2022-02-17T13:12:43,315+0100",visu_pars.VisuCreationDate
20220217_124042_jrc220217_m48_0320_1_1/9,"2022-02-17T13:17:29,986+0100",visu_pars.VisuCreationDate
20220303_095311_jrc220303_m66_0320_1_1/1,"2022-03-03T10:04:02,021+0100",visu_pars.VisuCreationDate
20220303_095311_jrc220303_m66_0320_1_1/10,"2022-03-03T10:30:57,913+0100",visu_pars.VisuCreationDate
20220303_095311_jrc220303_m66_0320_1_1/11,"2022-03-03T10:34:38,336+0100",visu_pars.VisuCreationDate
20220303_095311_jrc220303_m66_0320_1_1/12,"2022-03-03T10:38:18,764+0100",visu_pars.VisuCreationDate
20220303_095311_jrc220303_m66_0320_1_1/13,"2022-03-03T10:41:58,889+0100",visu_pars.VisuCreationDate
20220303_095311_jrc220303_m66_0320_1_1/14,"2022-03-03T10:45:39,239+0100",visu_pars.VisuCreationDate
20220303_095311_jrc220303_m66_0320_1_1/15,"2022-03-03T10:49:19,444+0100",visu_pars.VisuCreationDate
20220303_095311_jrc220303_m66_0320_1_1/16,"2022-03-03T10:52:59,916+0100",visu_pars.VisuCreationDate
20220303_095311_jrc220303_m66_0320_1_1/2,"2022-03-03T10:05:27,983+0100",visu_pars.VisuCreationDate
20220303_095311_jrc220303_m66_0320_1_1/3,"2022-03-03T10:07:00,215+0100",visu_pars.VisuCreationDate
20220303_095311_jrc220303_m66_0320_1_1/4,"2022-03-03T10:08:14,840+0100",visu_pars.VisuCreationDate
20220303_095311_jrc220303_m66_0320_1_1/5,"2022-03-03T10:11:56,960+0100",visu_pars.VisuCreationDate
20220303_095311_jrc220303_m66_0320_1_1/6,"2022-03-03T10:16:17,043+0100",visu_pars.VisuCreationDate
20220303_095311_jrc220303_m66_0320_1_1/7,"2022-03-03T10:19:57,201+0100",visu_pars.VisuCreationDate
20220303_095311_jrc220303_m66_0320_1_1/8,"2022-03-03T10:23:37,453+0100",visu_pars.VisuCreationDate
20220303_095311_jrc220303_m66_0320_1_1/9,"2022-03-03T10:27:17,619+0100",visu_pars.VisuCreationDate
20220303_104847_jrc220303_m67_0320_1_1/1,"2022-03-03T11:03:17,720+0100",visu_pars.VisuCreationDate
20220303_104847_jrc220303_m67_0320_1_1/10,"2022-03-03T11:23:10,266+0100",visu_pars.VisuCreationDate
20220303_104847_jrc220303_m67_0320_1_1/11,"2022-03-03T11:26:50,520+0100",visu_pars.VisuCreationDate
20220303_104847_jrc220303_m67_0320_1_1/12,"2022-03-03T11:30:30,706+0100",visu_pars.VisuCreationDate
20220303_104847_jrc220303_m67_0320_1_1/13,"2022-03-03T11:34:10,841+0100",visu_pars.VisuCreationDate
20220303_104847_jrc220303_m67_0320_1_1/14,"2022-03-03T11:37:51,137+0100",visu_pars.VisuCreationDate
20220303_104847_jrc220303_m67_0320_1_1/15,"2022-03-03T11:41:31,277+0100",visu_pars.VisuCreationDate
20220303_115059_jrc220303_m78_0320_1_1/1,"2022-03-03T12:02:53,586+0100",visu_pars.VisuCreationDate
20220303_115059_jrc220303_m78_0320_1_1/10,"2022-03-03T12:29:47,523+0100",visu_pars.VisuCreationDate
20220303_115059_jrc220303_m78_0320_1_1/11,"2022-03-03T12:33:27,752+0100",visu_pars.VisuCreationDate
20220303_115059_jrc220303_m78_0320_1_1/12,"2022-03-03T12:37:07,877+0100",visu_pars.VisuCreationDate
20220303_115059_jrc220303_m78_0320_1_1/13,"2022-03-03T12:40:48,300+0100",visu_pars.VisuCreationDate
20220303_115059_jrc220303_m78_0320_1_1/14,"2022-03-03T12:44:28,363+0100",visu_pars.VisuCreationDate
20220303_115059_jrc220303_m78_0320_1_1/15,"2022-03-03T12:48:08,629+0100",visu_pars.VisuCreationDate
20220303_115059_jrc220303_m78_0320_1_1/2,"2022-03-03T12:04:18,506+0100",visu_pars.VisuCreationDate
20220303_115059_jrc220303_m78_0320_1_1/3,"2022-03-03T12:06:11,040+0100",visu_pars.VisuCreationDate
20220303_115059_jrc220303_m78_0320_1_1/4,"2022-03-03T12:07:22,365+0100",visu_pars.VisuCreationDate
20220303_115059_jrc220303_m78_0320_1_1/5,"2022-03-03T12:11:04,598+0100",visu_pars.VisuCreationDate
20220303_115059_jrc220303_m78_0320_1_1/6,"2022-03-03T12:15:06,792+0100",visu_pars.VisuCreationDate
20220303_115059_jrc220303_m78_0320_1_1/7,"2022-03-03T12:18:47,082+0100",visu_pars.VisuCreationDate
20220303_115059_jrc220303_m78_0320_1_1/8,"2022-03-03T12:22:27,360+0100",visu_pars.VisuCreationDate
20220303_115059_jrc220303_m78_0320_1_1/9,"2022-03-03T12:26:07,400+0100",visu_pars.VisuCreationDate
20220303_124626_jrc220303_m79_0320_1_1/10,"2022-03-03T13:18:24,451+0100",visu_pars.VisuCreationDate
20220303_124626_jrc220303_m79_0320_1_1/11,"2022-03-03T13:22:04,744+0100",visu_pars.VisuCreationDate
20220303_124626_jrc220303_m79_0320_1_1/12,"2022-03-03T13:25:45,023+0100",visu_pars.VisuCreationDate
20220303_124626_jrc220303_m79_0320_1_1/13,"2022-03-03T13:29:25,035+0100",visu_pars.VisuCreationDate
20220303_124626_jrc220303_m79_0320_1_1/14,"2022-03-03T13:33:05,592+0100",visu_pars.VisuCreationDate
20220303_124626_jrc220303_m79_0320_1_1/15,"2022-03-03T13:36:45,741+0100",visu_pars.VisuCreationDate
20220303_124626_jrc220303_m79_0320_1_1/16,"2022-03-03T13:40:25,988+0100",visu_pars.VisuCreationDate
20220303_124626_jrc220303_m79_0320_1_1/17,"2022-03-03T13:44:06,252+0100",visu_pars.VisuCreationDate
20220303_124626_jrc220303_m79_0320_1_1/18,"2022-03-03T13:47:46,501+0100",visu_pars.VisuCreationDate
20220303_124626_jrc220303_m79_0320_1_1/3,"2022-03-03T12:59:23,415+0100",visu_pars.VisuCreationDate
20220303_124626_jrc220303_m79_0320_1_1/4,"2022-03-03T13:00:50,120+0100",visu_pars.VisuCreationDate
20220303_124626_jrc220303_m79_0320_1_1/5,"2022-03-03T13:02:14,398+0100",visu_pars.VisuCreationDate
20220303_124626_jrc220303_m79_0320_1_1/6,"2022-03-03T13:03:28,038+0100",visu_pars.VisuCreationDate
20220303_124626_jrc220303_m79_0320_1_1/7,"2022-03-03T13:07:10,013+0100",visu_pars.VisuCreationDate
20220303_124626_jrc220303_m79_0320_1_1/8,"2022-03-03T13:11:03,939+0100",visu_pars.VisuCreationDate
20220303_124626_jrc220303_m79_0320_1_1/9,"2022-03-03T13:14:44,128+0100",visu_pars.VisuCreationDate
20220303_134935_jrc220303_m80_0320_1_1/10,"2022-03-03T14:20:23,302+0100",visu_pars.VisuCreationDate
20220303_134935_jrc220303_m80_0320_1_1/11,"2022-03-03T14:24:03,825+0100",visu_pars.VisuCreationDate
20220303_134935_jrc220303_m80_0320_1_1/12,"2022-03-03T14:27:44,026+0100",visu_pars.VisuCreationDate
20220303_134935_jrc220303_m80_0320_1_1/13,"2022-03-03T14:31:24,185+0100",visu_pars.VisuCreationDate
20220303_134935_jrc220303_m80_0320_1_1/14,"2022-03-03T14:35:04,682+0100",visu_pars.VisuCreationDate
20220303_134935_jrc220303_m80_0320_1_1/15,"2022-03-03T14:38:44,745+0100",visu_pars.VisuCreationDate
20220303_134935_jrc220303_m80_0320_1_1/16,"2022-03-03T14:42:25,070+0100",visu_pars.VisuCreationDate
20220303_134935_jrc220303_m80_0320_1_1/17,"2022-03-03T14:46:05,384+0100",visu_pars.VisuCreationDate
20220303_134935_jrc220303_m80_0320_1_1/18,"2022-03-03T14:49:45,400+0100",visu_pars.VisuCreationDate
20220303_134935_jrc220303_m80_0320_1_1/3,"2022-03-03T14:00:05,784+0100",visu_pars.VisuCreationDate
20220309_073056_jrc220309_m49_0320_1_1/1,"2022-03-09T07:37:38,283+0100",visu_pars.VisuCreationDate
20220309_073056_jrc220309_m49_0320_1_1/10,"2022-03-09T08:05:16,859+0100",visu_pars.VisuCreationDate
20220309_073056_jrc220309_m49_0320_1_1/11,"2022-03-09T08:08:57,002+0100",visu_pars.VisuCreationDate
20220309_073056_jrc220309_m49_0320_1_1/12,"2022-03-09T08:12:37,446+0100",visu_pars.VisuCreationDate
20220309_073056_jrc220309_m49_0320_1_1/13,"2022-03-09T08:16:17,603+0100",visu_pars.VisuCreationDate
20220309_073056_jrc220309_m49_0320_1_1/14,"2022-03-09T08:19:57,689+0100",visu_pars.VisuCreationDate
20220309_073056_jrc220309_m49_0320_1_1/15,"2022-03-09T08:23:37,874+0100",visu_pars.VisuCreationDate
20220309_073056_jrc220309_m49_0320_1_1/16,"2022-03-09T08:27:18,067+0100",visu_pars.VisuCreationDate
20220309_073056_jrc220309_m49_0320_1_1/2,"2022-03-09T07:39:22,639+0100",visu_pars.VisuCreationDate
20220309_073056_jrc220309_m49_0320_1_1/3,"2022-03-09T07:40:55,090+0100",visu_pars.VisuCreationDate
20220309_073056_jrc220309_m49_0320_1_1/4,"2022-03-09T07:42:06,694+0100",visu_pars.VisuCreationDate
20220309_073056_jrc220309_m49_0320_1_1/5,"2022-03-09T07:45:48,564+0100",visu_pars.VisuCreationDate
20220309_073056_jrc220309_m49_0320_1_1/6,"2022-03-09T07:50:35,279+0100",visu_pars.VisuCreationDate
20220309_073056_jrc220309_m49_0320_1_1/7,"2022-03-09T07:54:15,685+0100",visu_pars.VisuCreationDate
20220309_073056_jrc220309_m49_0320_1_1/8,"2022-03-09T07:57:55,949+0100",visu_pars.VisuCreationDate
20220309_073056_jrc220309_m49_0320_1_1/9,"2022-03-09T08:01:36,234+0100",visu_pars.VisuCreationDate
20220309_082425_jrc220309_m50_0320_1_1/10,"2022-03-09T09:04:19,482+0100",visu_pars.VisuCreationDate
20220309_082425_jrc220309_m50_0320_1_1/11,"2022-03-09T09:07:59,749+0100",visu_pars.VisuCreationDate
20220309_082425_jrc220309_m50_0320_1_1/12,"2022-03-09T09:11:40,066+0100",visu_pars.VisuCreationDate
20220309_082425_jrc220309_m50_0320_1_1/13,"2022-03-09T09:15:20,553+0100",visu_pars.VisuCreationDate
20220309_082425_jrc220309_m50_0320_1_1/14,"2022-03-09T09:19:00,845+0100",visu_pars.VisuCreationDate
20220309_082425_jrc220309_m50_0320_1_1/15,"2022-03-09T09:22:41,460+0100",visu_pars.VisuCreationDate
20220309_082425_jrc220309_m50_0320_1_1/16,"2022-03-09T09:26:21,816+0100",visu_pars.VisuCreationDate
20220309_082425_jrc220309_m50_0320_1_1/17,"2022-03-09T09:30:02,054+0100",visu_pars.VisuCreationDate
20220309_082425_jrc220309_m50_0320_1_1/2,"2022-03-09T08:42:08,694+0100",visu_pars.VisuCreationDate
20220309_082425_jrc220309_m50_0320_1_1/3,"2022-03-09T08:40:30,630+0100",visu_pars.VisuCreationDate
20220309_082425_jrc220309_m50_0320_1_1/4,"2022-03-09T08:43:48,542+0100",visu_pars.VisuCreationDate
20220309_082425_jrc220309_m50_0320_1_1/5,"2022-03-09T08:45:07,061+0100",visu_pars.VisuCreationDate
20220309_082425_jrc220309_m50_0320_1_1/6,"2022-03-09T08:48:48,655+0100",visu_pars.VisuCreationDate
20220309_082425_jrc220309_m50_0320_1_1/7,"2022-03-09T08:53:18,625+0100",visu_pars.VisuCreationDate
20220309_082425_jrc220309_m50_0320_1_1/8,"2022-03-09T08:56:58,867+0100",visu_pars.VisuCreationDate
20220309_082425_jrc220309_m50_0320_1_1/9,"2022-03-09T09:00:39,265+0100",visu_pars.VisuCreationDate
20220309_090559_jrc220309_m51_0320_1_1/1,"2022-03-09T09:39:23,445+0100",visu_pars.VisuCreationDate
20220309_090559_jrc220309_m51_0320_1_1/10,"2022-03-09T10:06:50,683+0100",visu_pars.VisuCreationDate
20220309_090559_jrc220309_m51_0320_1_1/11,"2022-03-09T10:10:30,941+0100",visu_pars.VisuCreationDate
20220309_090559_jrc220309_m51_0320_1_1/12,"2022-03-09T10:14:11,027+0100",visu_pars.VisuCreationDate
20220309_090559_jrc220309_m51_0320_1_1/13,"2022-03-09T10:17:50,763+0100",visu_pars.VisuCreationDate
20220309_090559_jrc220309_m51_0320_1_1/14,"2022-03-09T10:21:30,686+0100",visu_pars.VisuCreationDate
20220309_090559_jrc220309_m51_0320_1_1/15,"2022-03-09T10:25:11,011+0100",visu_pars.VisuCreationDate
20220309_090559_jrc220309_m51_0320_1_1/16,"2022-03-09T10:28:51,295+0100",visu_pars.VisuCreationDate
20220309_090559_jrc220309_m51_0320_1_1/2,"2022-03-09T09:40:51,492+0100",visu_pars.VisuCreationDate
20220309_090559_jrc220309_m51_0320_1_1/3,"2022-03-09T09:42:56,430+0100",visu_pars.VisuCreationDate
20220309_090559_jrc220309_m51_0320_1_1/4,"2022-03-09T09:44:13,228+0100",visu_pars.VisuCreationDate
20220309_090559_jrc220309_m51_0320_1_1/5,"2022-03-09T09:47:55,632+0100",visu_pars.VisuCreationDate
20220309_090559_jrc220309_m51_0320_1_1/6,"2022-03-09T09:52:10,063+0100",visu_pars.VisuCreationDate
20220309_090559_jrc220309_m51_0320_1_1/7,"2022-03-09T09:55:50,380+0100",visu_pars.VisuCreationDate
20220309_090559_jrc220309_m51_0320_1_1/8,"2022-03-09T09:59:30,532+0100",visu_pars.VisuCreationDate
20220309_090559_jrc220309_m51_0320_1_1/9,"2022-03-09T10:03:10,638+0100",visu_pars.VisuCreationDate
20220309_102219_jrc220309_m52_0320_1_1/1,"2022-03-09T10:38:14,702+0100",visu_pars.VisuCreationDate
20220309_102219_jrc220309_m52_0320_1_1/10,"2022-03-09T11:05:04,801+0100",visu_pars.VisuCreationDate
20220309_102219_jrc220309_m52_0320_1_1/11,"2022-03-09T11:08:45,051+0100",visu_pars.VisuCreationDate
20220309_102219_jrc220309_m52_0320_1_1/12,"2022-03-09T11:12:25,193+0100",visu_pars.VisuCreationDate
20220309_102219_jrc220309_m52_0320_1_1/13,"2022-03-09T11:16:05,431+0100",visu_pars.VisuCreationDate
20220309_102219_jrc220309_m52_0320_1_1/14,"2022-03-09T11:19:45,682+0100",visu_pars.VisuCreationDate
20220309_102219_jrc220309_m52_0320_1_1/15,"2022-03-09T11:23:25,878+0100",visu_pars.VisuCreationDate
20220309_102219_jrc220309_m52_0320_1_1/16,"2022-03-09T11:27:21,668+0100",visu_pars.VisuCreationDate
20220309_102219_jrc220309_m52_0320_1_1/2,"2022-03-09T10:39:58,103+0100",visu_pars.VisuCreationDate
20220309_102219_jrc220309_m52_0320_1_1/3,"2022-03-09T10:41:19,389+0100",visu_pars.VisuCreationDate
20220309_102219_jrc220309_m52_0320_1_1/4,"2022-03-09T10:42:38,730+0100",visu_pars.VisuCreationDate
20220309_102219_jrc220309_m52_0320_1_1/5,"2022-03-09T10:46:20,425+0100",visu_pars.VisuCreationDate
20220309_102219_jrc220309_m52_0320_1_1/6,"2022-03-09T10:50:23,032+0100",visu_pars.VisuCreationDate
20220309_102219_jrc220309_m52_0320_1_1/7,"2022-03-09T10:54:03,744+0100",visu_pars.VisuCreationDate
20220309_102219_jrc220309_m52_0320_1_1/8,"2022-03-09T10:57:44,164+0100",visu_pars.VisuCreationDate
20220309_102219_jrc220309_m52_0320_1_1/9,"2022-03-09T11:01:24,379+0100",visu_pars.VisuCreationDate
20220309_111235_jrc220309_m53_0320_1_1/1,"2022-03-09T11:34:46,056+0100",visu_pars.VisuCreationDate
20220309_111235_jrc220309_m53_0320_1_1/10,"2022-03-09T11:58:32,855+0100",visu_pars.VisuCreationDate
20220309_111235_jrc220309_m53_0320_1_1/11,"2022-03-09T12:02:13,061+0100",visu_pars.VisuCreationDate
20220309_111235_jrc220309_m53_0320_1_1/12,"2022-03-09T12:05:53,518+0100",visu_pars.VisuCreationDate
20220309_111235_jrc220309_m53_0320_1_1/13,"2022-03-09T12:09:34,438+0100",visu_pars.VisuCreationDate
20220309_111235_jrc220309_m53_0320_1_1/14,"2022-03-09T12:13:14,711+0100",visu_pars.VisuCreationDate
20220309_111235_jrc220309_m53_0320_1_1/15,"2022-03-09T12:16:54,684+0100",visu_pars.VisuCreationDate
20220309_111235_jrc220309_m53_0320_1_1/16,"2022-03-09T12:20:34,777+0100",visu_pars.VisuCreationDate
20220309_111235_jrc220309_m53_0320_1_1/17,"2022-03-09T12:24:43,217+0100",visu_pars.VisuCreationDate
20220309_111235_jrc220309_m53_0320_1_1/2,"2022-03-09T11:36:07,277+0100",visu_pars.VisuCreationDate
20220309_111235_jrc220309_m53_0320_1_1/3,"2022-03-09T11:37:37,645+0100",visu_pars.VisuCreationDate
20220309_111235_jrc220309_m53_0320_1_1/4,"2022-03-09T11:38:49,502+0100",visu_pars.VisuCreationDate
20220309_111235_jrc220309_m53_0320_1_1/5,"2022-03-09T11:43:08,147+0100",visu_pars.VisuCreationDate
20220309_111235_jrc220309_m53_0320_1_1/7,"2022-03-09T11:47:32,155+0100",visu_pars.VisuCreationDate
20220309_111235_jrc220309_m53_0320_1_1/8,"2022-03-09T11:51:12,411+0100",visu_pars.VisuCreationDate
20220309_111235_jrc220309_m53_0320_1_1/9,"2022-03-09T11:54:52,562+0100",visu_pars.VisuCreationDate
20220309_121713_jrc220309_m57_0320_1_1/10,"2022-03-09T12:55:25,687+0100",visu_pars.VisuCreationDate
20220309_121713_jrc220309_m57_0320_1_1/11,"2022-03-09T12:59:05,948+0100",visu_pars.VisuCreationDate
20220309_121713_jrc220309_m57_0320_1_1/12,"2022-03-09T13:02:46,211+0100",visu_pars.VisuCreationDate
20220309_121713_jrc220309_m57_0320_1_1/13,"2022-03-09T13:06:26,580+0100",visu_pars.VisuCreationDate
20220309_121713_jrc220309_m57_0320_1_1/14,"2022-03-09T13:10:06,550+0100",visu_pars.VisuCreationDate
20220309_121713_jrc220309_m57_0320_1_1/15,"2022-03-09T13:13:46,937+0100",visu_pars.VisuCreationDate
20220309_121713_jrc220309_m57_0320_1_1/16,"2022-03-09T13:17:27,316+0100",visu_pars.VisuCreationDate
20220309_121713_jrc220309_m57_0320_1_1/17,"2022-03-09T13:21:07,602+0100",visu_pars.VisuCreationDate
20220309_121713_jrc220309_m57_0320_1_1/2,"2022-03-09T12:35:19,489+0100",visu_pars.VisuCreationDate
20220309_121713_jrc220309_m57_0320_1_1/3,"2022-03-09T12:36:54,034+0100",visu_pars.VisuCreationDate
20220309_121713_jrc220309_m57_0320_1_1/5,"2022-03-09T12:38:28,646+0100",visu_pars.VisuCreationDate
20220309_121713_jrc220309_m57_0320_1_1/6,"2022-03-09T12:39:53,368+0100",visu_pars.VisuCreationDate
20220309_121713_jrc220309_m57_0320_1_1/7,"2022-03-09T12:43:34,887+0100",visu_pars.VisuCreationDate
20220309_121713_jrc220309_m57_0320_1_1/8,"2022-03-09T12:48:05,192+0100",visu_pars.VisuCreationDate
20220309_121713_jrc220309_m57_0320_1_1/9,"2022-03-09T12:51:45,170+0100",visu_pars.VisuCreationDate
20220309_130619_jrc220309_m58_0320_1_1/1,"2022-03-09T13:29:02,890+0100",visu_pars.VisuCreationDate
20220309_130619_jrc220309_m58_0320_1_1/10,"2022-03-09T13:56:20,030+0100",visu_pars.VisuCreationDate
20220309_130619_jrc220309_m58_0320_1_1/11,"2022-03-09T14:00:00,169+0100",visu_pars.VisuCreationDate
20220309_130619_jrc220309_m58_0320_1_1/12,"2022-03-09T14:03:40,759+0100",visu_pars.VisuCreationDate
20220309_130619_jrc220309_m58_0320_1_1/13,"2022-03-09T14:07:21,195+0100",visu_pars.VisuCreationDate
20220309_130619_jrc220309_m58_0320_1_1/14,"2022-03-09T14:11:01,858+0100",visu_pars.VisuCreationDate
20220309_130619_jrc220309_m58_0320_1_1/15,"2022-03-09T14:14:42,009+0100",visu_pars.VisuCreationDate
20220309_130619_jrc220309_m58_0320_1_1/16,"2022-03-09T14:18:22,148+0100",visu_pars.VisuCreationDate
20220309_130619_jrc220309_m58_0320_1_1/2,"2022-03-09T13:30:35,981+0100",visu_pars.VisuCreationDate
20220309_130619_jrc220309_m58_0320_1_1/3,"2022-03-09T13:31:56,237+0100",visu_pars.VisuCreationDate
20220309_130619_jrc220309_m58_0320_1_1/4,"2022-03-09T13:33:20,039+0100",visu_pars.VisuCreationDate
20220309_130619_jrc220309_m58_0320_1_1/5,"2022-03-09T13:37:01,754+0100",visu_pars.VisuCreationDate
20220309_130619_jrc220309_m58_0320_1_1/6,"2022-03-09T13:41:38,868+0100",visu_pars.VisuCreationDate
20220309_130619_jrc220309_m58_0320_1_1/7,"2022-03-09T13:45:19,088+0100",visu_pars.VisuCreationDate
20220309_130619_jrc220309_m58_0320_1_1/8,"2022-03-09T13:48:59,396+0100",visu_pars.VisuCreationDate
20220309_130619_jrc220309_m58_0320_1_1/9,"2022-03-09T13:52:39,672+0100",visu_pars.VisuCreationDate
20220309_145420_jrc220309_m59_0320_1_1/1,"2022-03-09T15:06:12,947+0100",visu_pars.VisuCreationDate
20220309_145420_jrc220309_m59_0320_1_1/10,"2022-03-09T15:26:59,413+0100",visu_pars.VisuCreationDate
20220309_145420_jrc220309_m59_0320_1_1/11,"2022-03-09T15:30:39,789+0100",visu_pars.VisuCreationDate
20220309_145420_jrc220309_m59_0320_1_1/12,"2022-03-09T15:34:19,854+0100",visu_pars.VisuCreationDate
20220309_145420_jrc220309_m59_0320_1_1/13,"2022-03-09T15:37:59,659+0100",visu_pars.VisuCreationDate
20220309_145420_jrc220309_m59_0320_1_1/14,"2022-03-09T15:41:40,125+0100",visu_pars.VisuCreationDate
20220309_145420_jrc220309_m59_0320_1_1/15,"2022-03-09T15:45:20,127+0100",visu_pars.VisuCreationDate
20220309_145420_jrc220309_m59_0320_1_1/16,"2022-03-09T15:49:00,086+0100",visu_pars.VisuCreationDate
20220309_145420_jrc220309_m59_0320_1_1/17,"2022-03-09T15:52:40,370+0100",visu_pars.VisuCreationDate
20220309_145420_jrc220309_m59_0320_1_1/18,"2022-03-09T15:56:20,311+0100",visu_pars.VisuCreationDate
20220309_145420_jrc220309_m59_0320_1_1/2,"2022-03-09T15:07:38,895+0100",visu_pars.VisuCreationDate
20220309_145420_jrc220309_m59_0320_1_1/6,"2022-03-09T15:13:37,316+0100",visu_pars.VisuCreationDate
20220309_145420_jrc220309_m59_0320_1_1/7,"2022-03-09T15:15:38,862+0100",visu_pars.VisuCreationDate
20220309_145420_jrc220309_m59_0320_1_1/8,"2022-03-09T15:19:20,463+0100",visu_pars.VisuCreationDate
20220309_145420_jrc220309_m59_0320_1_1/9,"2022-03-09T15:23:19,403+0100",visu_pars.VisuCreationDate
20220309_155325_jrc220309_m60_0320_1_1/1,"2022-03-09T16:04:57,226+0100",visu_pars.VisuCreationDate
20220309_155325_jrc220309_m60_0320_1_1/10,"2022-03-09T16:32:43,143+0100",visu_pars.VisuCreationDate
20220309_155325_jrc220309_m60_0320_1_1/11,"2022-03-09T16:36:23,549+0100",visu_pars.VisuCreationDate
20220309_155325_jrc220309_m60_0320_1_1/13,"2022-03-09T16:43:43,910+0100",visu_pars.VisuCreationDate
20220309_155325_jrc220309_m60_0320_1_1/14,"2022-03-09T16:47:24,191+0100",visu_pars.VisuCreationDate
20220309_155325_jrc220309_m60_0320_1_1/15,"2022-03-09T16:51:04,437+0100",visu_pars.VisuCreationDate
20220309_155325_jrc220309_m60_0320_1_1/16,"2022-03-09T16:54:44,865+0100",visu_pars.VisuCreationDate
20220309_155325_jrc220309_m60_0320_1_1/17,"2022-03-09T16:58:25,227+0100",visu_pars.VisuCreationDate
20220309_155325_jrc220309_m60_0320_1_1/2,"2022-03-09T16:06:24,847+0100",visu_pars.VisuCreationDate
20220309_155325_jrc220309_m60_0320_1_1/3,"2022-03-09T16:08:01,668+0100",visu_pars.VisuCreationDate
20220309_155325_jrc220309_m60_0320_1_1/4,"2022-03-09T16:09:37,642+0100",visu_pars.VisuCreationDate
20220309_155325_jrc220309_m60_0320_1_1/5,"2022-03-09T16:13:19,115+0100",visu_pars.VisuCreationDate
20220309_155325_jrc220309_m60_0320_1_1/6,"2022-03-09T16:18:02,733+0100",visu_pars.VisuCreationDate
20220309_155325_jrc220309_m60_0320_1_1/7,"2022-03-09T16:21:42,857+0100",visu_pars.VisuCreationDate
20220309_155325_jrc220309_m60_0320_1_1/8,"2022-03-09T16:25:22,936+0100",visu_pars.VisuCreationDate
20220309_155325_jrc220309_m60_0320_1_1/9,"2022-03-09T16:29:02,929+0100",visu_pars.VisuCreationDate
20220309_163927_jrc220309_m61_0320_1_1/1,"2022-03-09T17:06:58,049+0100",visu_pars.VisuCreationDate
20220309_163927_jrc220309_m61_0320_1_1/10,"2022-03-09T17:33:43,543+0100",visu_pars.VisuCreationDate
20220309_163927_jrc220309_m61_0320_1_1/11,"2022-03-09T17:37:23,741+0100",visu_pars.VisuCreationDate
20220309_163927_jrc220309_m61_0320_1_1/12,"2022-03-09T17:41:04,192+0100",visu_pars.VisuCreationDate
20220309_163927_jrc220309_m61_0320_1_1/13,"2022-03-09T17:44:44,206+0100",visu_pars.VisuCreationDate
20220309_163927_jrc220309_m61_0320_1_1/14,"2022-03-09T17:48:24,448+0100",visu_pars.VisuCreationDate
20220309_163927_jrc220309_m61_0320_1_1/15,"2022-03-09T17:52:04,869+0100",visu_pars.VisuCreationDate
20220309_163927_jrc220309_m61_0320_1_1/16,"2022-03-09T17:55:44,846+0100",visu_pars.VisuCreationDate
20220309_163927_jrc220309_m61_0320_1_1/2,"2022-03-09T17:08:17,898+0100",visu_pars.VisuCreationDate
20220309_163927_jrc220309_m61_0320_1_1/3,"2022-03-09T17:09:49,996+0100",visu_pars.VisuCreationDate
20220309_163927_jrc220309_m61_0320_1_1/4,"2022-03-09T17:11:12,316+0100",visu_pars.VisuCreationDate
20220309_163927_jrc220309_m61_0320_1_1/5,"2022-03-09T17:14:54,122+0100",visu_pars.VisuCreationDate
20220309_163927_jrc220309_m61_0320_1_1/6,"2022-03-09T17:19:02,237+0100",visu_pars.VisuCreationDate
20220309_163927_jrc220309_m61_0320_1_1/7,"2022-03-09T17:22:42,609+0100",visu_pars.VisuCreationDate
20220309_163927_jrc220309_m61_0320_1_1/8,"2022-03-09T17:26:22,963+0100",visu_pars.VisuCreationDate
20220309_163927_jrc220309_m61_0320_1_1/9,"2022-03-09T17:30:03,361+0100",visu_pars.VisuCreationDate
20220309_175155_jrc220309_m68_0320_1_1/1,"2022-03-09T18:05:29,576+0100",visu_pars.VisuCreationDate
20220309_175155_jrc220309_m68_0320_1_1/10,"2022-03-09T18:32:07,822+0100",visu_pars.VisuCreationDate
20220309_175155_jrc220309_m68_0320_1_1/11,"2022-03-09T18:35:47,988+0100",visu_pars.VisuCreationDate
20220309_175155_jrc220309_m68_0320_1_1/12,"2022-03-09T18:39:27,908+0100",visu_pars.VisuCreationDate
20220309_175155_jrc220309_m68_0320_1_1/13,"2022-03-09T18:43:08,092+0100",visu_pars.VisuCreationDate
20220309_175155_jrc220309_m68_0320_1_1/14,"2022-03-09T18:46:48,091+0100",visu_pars.VisuCreationDate
20220309_175155_jrc220309_m68_0320_1_1/15,"2022-03-09T18:50:28,151+0100",visu_pars.VisuCreationDate
20220309_175155_jrc220309_m68_0320_1_1/16,"2022-03-09T18:54:08,186+0100",visu_pars.VisuCreationDate
20220309_175155_jrc220309_m68_0320_1_1/2,"2022-03-09T18:06:49,739+0100",visu_pars.VisuCreationDate
20220309_175155_jrc220309_m68_0320_1_1/3,"2022-03-09T18:08:24,468+0100",visu_pars.VisuCreationDate
20220309_175155_jrc220309_m68_0320_1_1/4,"2022-03-09T18:09:54,849+0100",visu_pars.VisuCreationDate
20220309_175155_jrc220309_m68_0320_1_1/5,"2022-03-09T18:13:36,591+0100",visu_pars.VisuCreationDate
20220309_175155_jrc220309_m68_0320_1_1/6,"2022-03-09T18:17:27,605+0100",visu_pars.VisuCreationDate
20220309_175155_jrc220309_m68_0320_1_1/7,"2022-03-09T18:21:07,458+0100",visu_pars.VisuCreationDate
20220309_175155_jrc220309_m68_0320_1_1/8,"2022-03-09T18:24:47,559+0100",visu_pars.VisuCreationDate
20220309_175155_jrc220309_m68_0320_1_1/9,"2022-03-09T18:28:27,696+0100",visu_pars.VisuCreationDate
20220309_185224_jrc220309_m69_0320_1_1/1,"2022-03-09T19:03:01,980+0100",visu_pars.VisuCreationDate
20220309_185224_jrc220309_m69_0320_1_1/10,"2022-03-09T19:30:46,879+0100",visu_pars.VisuCreationDate
20220309_185224_jrc220309_m69_0320_1_1/11,"2022-03-09T19:34:26,863+0100",visu_pars.VisuCreationDate
20220309_185224_jrc220309_m69_0320_1_1/12,"2022-03-09T19:38:07,154+0100",visu_pars.VisuCreationDate
20220309_185224_jrc220309_m69_0320_1_1/13,"2022-03-09T19:41:47,118+0100",visu_pars.VisuCreationDate
20220309_185224_jrc220309_m69_0320_1_1/14,"2022-03-09T19:45:27,381+0100",visu_pars.VisuCreationDate
20220309_185224_jrc220309_m69_0320_1_1/15,"2022-03-09T19:49:08,066+0100",visu_pars.VisuCreationDate
20220309_185224_jrc220309_m69_0320_1_1/16,"2022-03-09T19:52:48,539+0100",visu_pars.VisuCreationDate
20220309_185224_jrc220309_m69_0320_1_1/2,"2022-03-09T19:04:31,535+0100",visu_pars.VisuCreationDate
20220309_185224_jrc220309_m69_0320_1_1/3,"2022-03-09T19:06:09,211+0100",visu_pars.VisuCreationDate
20220309_185224_jrc220309_m69_0320_1_1/4,"2022-03-09T19:07:48,286+0100",visu_pars.VisuCreationDate
20220309_185224_jrc220309_m69_0320_1_1/5,"2022-03-09T19:11:45,577+0100",visu_pars.VisuCreationDate
20220309_185224_jrc220309_m69_0320_1_1/6,"2022-03-09T19:16:05,849+0100",visu_pars.VisuCreationDate
20220309_185224_jrc220309_m69_0320_1_1/7,"2022-03-09T19:19:46,362+0100",visu_pars.VisuCreationDate
20220309_185224_jrc220309_m69_0320_1_1/8,"2022-03-09T19:23:26,590+0100",visu_pars.VisuCreationDate
20220309_185224_jrc220309_m69_0320_1_1/9,"2022-03-09T19:27:06,794+0100",visu_pars.VisuCreationDate
20220309_193057_jrc220310_m70_0320_1_1/1,"2022-03-10T07:18:21,109+0100",visu_pars.VisuCreationDate
20220309_193057_jrc220310_m70_0320_1_1/10,"2022-03-10T07:44:59,598+0100",visu_pars.VisuCreationDate
20220309_193057_jrc220310_m70_0320_1_1/11,"2022-03-10T07:48:39,643+0100",visu_pars.VisuCreationDate
20220309_193057_jrc220310_m70_0320_1_1/12,"2022-03-10T07:52:19,910+0100",visu_pars.VisuCreationDate
20220309_193057_jrc220310_m70_0320_1_1/13,"2022-03-10T07:55:59,986+0100",visu_pars.VisuCreationDate
20220309_193057_jrc220310_m70_0320_1_1/14,"2022-03-10T07:59:40,224+0100",visu_pars.VisuCreationDate
20220309_193057_jrc220310_m70_0320_1_1/15,"2022-03-10T08:03:20,570+0100",visu_pars.VisuCreationDate
20220309_193057_jrc220310_m70_0320_1_1/16,"2022-03-10T08:07:00,937+0100",visu_pars.VisuCreationDate
20220309_193057_jrc220310_m70_0320_1_1/2,"2022-03-10T07:19:39,759+0100",visu_pars.VisuCreationDate
20220309_193057_jrc220310_m70_0320_1_1/3,"2022-03-10T07:21:09,462+0100",visu_pars.VisuCreationDate
20220309_193057_jrc220310_m70_0320_1_1/4,"2022-03-10T07:22:26,307+0100",visu_pars.VisuCreationDate
20220309_193057_jrc220310_m70_0320_1_1/5,"2022-03-10T07:26:08,242+0100",visu_pars.VisuCreationDate
20220309_193057_jrc220310_m70_0320_1_1/6,"2022-03-10T07:30:18,203+0100",visu_pars.VisuCreationDate
20220309_193057_jrc220310_m70_0320_1_1/7,"2022-03-10T07:33:58,502+0100",visu_pars.VisuCreationDate
20220309_193057_jrc220310_m70_0320_1_1/8,"2022-03-10T07:37:39,543+0100",visu_pars.VisuCreationDate
20220309_193057_jrc220310_m70_0320_1_1/9,"2022-03-10T07:41:19,562+0100",visu_pars.VisuCreationDate
20220310_080408_jrc220310_m71_0320_1_1/1,"2022-03-10T08:18:25,220+0100",visu_pars.VisuCreationDate
20220310_080408_jrc220310_m71_0320_1_1/10,"2022-03-10T08:45:34,630+0100",visu_pars.VisuCreationDate
20220310_080408_jrc220310_m71_0320_1_1/11,"2022-03-10T08:49:15,066+0100",visu_pars.VisuCreationDate
20220310_080408_jrc220310_m71_0320_1_1/12,"2022-03-10T08:52:55,129+0100",visu_pars.VisuCreationDate
20220310_080408_jrc220310_m71_0320_1_1/13,"2022-03-10T08:56:35,524+0100",visu_pars.VisuCreationDate
20220310_080408_jrc220310_m71_0320_1_1/14,"2022-03-10T09:00:15,762+0100",visu_pars.VisuCreationDate
20220310_080408_jrc220310_m71_0320_1_1/15,"2022-03-10T09:03:56,393+0100",visu_pars.VisuCreationDate
20220310_080408_jrc220310_m71_0320_1_1/16,"2022-03-10T09:07:36,888+0100",visu_pars.VisuCreationDate
20220310_080408_jrc220310_m71_0320_1_1/17,"2022-03-10T09:11:17,260+0100",visu_pars.VisuCreationDate
20220310_080408_jrc220310_m71_0320_1_1/2,"2022-03-10T08:19:44,465+0100",visu_pars.VisuCreationDate
20220310_080408_jrc220310_m71_0320_1_1/3,"2022-03-10T08:21:12,513+0100",visu_pars.VisuCreationDate
20220310_080408_jrc220310_m71_0320_1_1/4,"2022-03-10T08:22:42,798+0100",visu_pars.VisuCreationDate
20220310_080408_jrc220310_m71_0320_1_1/5,"2022-03-10T08:26:25,008+0100",visu_pars.VisuCreationDate
20220310_080408_jrc220310_m71_0320_1_1/6,"2022-03-10T08:30:53,629+0100",visu_pars.VisuCreationDate
20220310_080408_jrc220310_m71_0320_1_1/7,"2022-03-10T08:34:33,815+0100",visu_pars.VisuCreationDate
20220310_080408_jrc220310_m71_0320_1_1/8,"2022-03-10T08:38:13,886+0100",visu_pars.VisuCreationDate
20220310_080408_jrc220310_m71_0320_1_1/9,"2022-03-10T08:41:54,281+0100",visu_pars.VisuCreationDate
20220310_090339_jrc220310_m72_0320_1_1/1,"2022-03-10T09:21:53,817+0100",visu_pars.VisuCreationDate
20220310_090339_jrc220310_m72_0320_1_1/10,"2022-03-10T09:46:17,890+0100",visu_pars.VisuCreationDate
20220310_090339_jrc220310_m72_0320_1_1/11,"2022-03-10T09:49:58,090+0100",visu_pars.VisuCreationDate
20220310_090339_jrc220310_m72_0320_1_1/12,"2022-03-10T09:53:38,223+0100",visu_pars.VisuCreationDate
20220310_090339_jrc220310_m72_0320_1_1/13,"2022-03-10T09:57:18,318+0100",visu_pars.VisuCreationDate
20220310_090339_jrc220310_m72_0320_1_1/14,"2022-03-10T10:00:58,477+0100",visu_pars.VisuCreationDate
20220310_090339_jrc220310_m72_0320_1_1/15,"2022-03-10T10:04:38,908+0100",visu_pars.VisuCreationDate
20220310_090339_jrc220310_m72_0320_1_1/16,"2022-03-10T10:08:19,263+0100",visu_pars.VisuCreationDate
20220310_090339_jrc220310_m72_0320_1_1/17,"2022-03-10T10:11:59,748+0100",visu_pars.VisuCreationDate
20220310_090339_jrc220310_m72_0320_1_1/2,"2022-03-10T09:23:37,005+0100",visu_pars.VisuCreationDate
20220310_090339_jrc220310_m72_0320_1_1/3,"2022-03-10T09:25:24,933+0100",visu_pars.VisuCreationDate
20220310_090339_jrc220310_m72_0320_1_1/5,"2022-03-10T09:30:56,167+0100",visu_pars.VisuCreationDate
20220310_090339_jrc220310_m72_0320_1_1/6,"2022-03-10T09:27:14,483+0100",visu_pars.VisuCreationDate
20220310_090339_jrc220310_m72_0320_1_1/7,"2022-03-10T09:35:17,428+0100",visu_pars.VisuCreationDate
20220310_090339_jrc220310_m72_0320_1_1/8,"2022-03-10T09:38:57,541+0100",visu_pars.VisuCreationDate
20220310_090339_jrc220310_m72_0320_1_1/9,"2022-03-10T09:42:37,690+0100",visu_pars.VisuCreationDate
20220310_194125_jrc220311_m73_0320_1_1/1,"2022-03-11T08:21:09,983+0100",visu_pars.VisuCreationDate
20220310_194125_jrc220311_m73_0320_1_1/10,"2022-03-11T08:49:45,555+0100",visu_pars.VisuCreationDate
20220310_194125_jrc220311_m73_0320_1_1/11,"2022-03-11T08:53:25,861+0100",visu_pars.VisuCreationDate
20220310_194125_jrc220311_m73_0320_1_1/12,"2022-03-11T08:57:05,744+0100",visu_pars.VisuCreationDate
20220310_194125_jrc220311_m73_0320_1_1/13,"2022-03-11T09:00:46,111+0100",visu_pars.VisuCreationDate
20220310_194125_jrc220311_m73_0320_1_1/14,"2022-03-11T09:04:26,500+0100",visu_pars.VisuCreationDate
20220310_194125_jrc220311_m73_0320_1_1/15,"2022-03-11T09:08:06,882+0100",visu_pars.VisuCreationDate
20220310_194125_jrc220311_m73_0320_1_1/16,"2022-03-11T09:11:47,271+0100",visu_pars.VisuCreationDate
20220310_194125_jrc220311_m73_0320_1_1/2,"2022-03-11T08:22:32,335+0100",visu_pars.VisuCreationDate
20220310_194125_jrc220311_m73_0320_1_1/3,"2022-03-11T08:23:56,223+0100",visu_pars.VisuCreationDate
20220310_194125_jrc220311_m73_0320_1_1/4,"2022-03-11T08:25:18,521+0100",visu_pars.VisuCreationDate
20220310_194125_jrc220311_m73_0320_1_1/5,"2022-03-11T08:29:22,288+0100",visu_pars.VisuCreationDate
20220310_194125_jrc220311_m73_0320_1_1/6,"2022-03-11T08:34:23,342+0100",visu_pars.VisuCreationDate
20220310_194125_jrc220311_m73_0320_1_1/7,"2022-03-11T08:38:03,231+0100",visu_pars.VisuCreationDate
20220310_194125_jrc220311_m73_0320_1_1/8,"2022-03-11T08:41:43,285+0100",visu_pars.VisuCreationDate
20220310_194125_jrc220311_m73_0320_1_1/9,"2022-03-11T08:46:05,506+0100",visu_pars.VisuCreationDate
20220311_090007_jrc220311_m74_0320_1_1/1,"2022-03-11T09:21:12,020+0100",visu_pars.VisuCreationDate
20220311_090007_jrc220311_m74_0320_1_1/10,"2022-03-11T09:48:31,773+0100",visu_pars.VisuCreationDate
20220311_090007_jrc220311_m74_0320_1_1/11,"2022-03-11T09:52:11,954+0100",visu_pars.VisuCreationDate
20220311_090007_jrc220311_m74_0320_1_1/12,"2022-03-11T09:55:52,286+0100",visu_pars.VisuCreationDate
20220311_090007_jrc220311_m74_0320_1_1/13,"2022-03-11T09:59:32,655+0100",visu_pars.VisuCreationDate
20220311_090007_jrc220311_m74_0320_1_1/14,"2022-03-11T10:03:12,761+0100",visu_pars.VisuCreationDate
20220311_090007_jrc220311_m74_0320_1_1/15,"2022-03-11T10:06:53,103+0100",visu_pars.VisuCreationDate
20220311_090007_jrc220311_m74_0320_1_1/16,"2022-03-11T10:10:33,434+0100",visu_pars.VisuCreationDate
20220311_090007_jrc220311_m74_0320_1_1/2,"2022-03-11T09:23:00,171+0100",visu_pars.VisuCreationDate
20220311_090007_jrc220311_m74_0320_1_1/3,"2022-03-11T09:24:21,075+0100",visu_pars.VisuCreationDate
20220311_090007_jrc220311_m74_0320_1_1/4,"2022-03-11T09:26:02,692+0100",visu_pars.VisuCreationDate
20220311_090007_jrc220311_m74_0320_1_1/5,"2022-03-11T09:29:44,163+0100",visu_pars.VisuCreationDate
20220311_090007_jrc220311_m74_0320_1_1/6,"2022-03-11T09:33:50,457+0100",visu_pars.VisuCreationDate
20220311_090007_jrc220311_m74_0320_1_1/7,"2022-03-11T09:37:30,564+0100",visu_pars.VisuCreationDate
20220311_090007_jrc220311_m74_0320_1_1/8,"2022-03-11T09:41:10,871+0100",visu_pars.VisuCreationDate
20220311_090007_jrc220311_m74_0320_1_1/9,"2022-03-11T09:44:51,377+0100",visu_pars.VisuCreationDate
20220311_101027_jrc220311_m75_0320_1_1/10,"2022-03-11T10:38:28,692+0100",visu_pars.VisuCreationDate
20220311_101027_jrc220311_m75_0320_1_1/11,"2022-03-11T10:42:08,810+0100",visu_pars.VisuCreationDate
20220311_101027_jrc220311_m75_0320_1_1/12,"2022-03-11T10:45:48,952+0100",visu_pars.VisuCreationDate
20220311_101027_jrc220311_m75_0320_1_1/13,"2022-03-11T10:49:29,020+0100",visu_pars.VisuCreationDate
20220311_101027_jrc220311_m75_0320_1_1/14,"2022-03-11T10:53:09,386+0100",visu_pars.VisuCreationDate
20220311_101027_jrc220311_m75_0320_1_1/15,"2022-03-11T10:56:49,721+0100",visu_pars.VisuCreationDate
20220311_101027_jrc220311_m75_0320_1_1/16,"2022-03-11T11:00:30,472+0100",visu_pars.VisuCreationDate
20220311_101027_jrc220311_m75_0320_1_1/17,"2022-03-11T11:04:10,898+0100",visu_pars.VisuCreationDate
20220311_101027_jrc220311_m75_0320_1_1/18,"2022-03-11T11:07:51,019+0100",visu_pars.VisuCreationDate
20220311_101027_jrc220311_m75_0320_1_1/19,"2022-03-11T11:11:31,093+0100",visu_pars.VisuCreationDate
20220311_101027_jrc220311_m75_0320_1_1/20,"2022-03-11T11:15:11,356+0100",visu_pars.VisuCreationDate
20220311_101027_jrc220311_m75_0320_1_1/5,"2022-03-11T10:25:26,188+0100",visu_pars.VisuCreationDate
20220311_101027_jrc220311_m75_0320_1_1/6,"2022-03-11T10:26:53,284+0100",visu_pars.VisuCreationDate
20220311_101027_jrc220311_m75_0320_1_1/7,"2022-03-11T10:29:10,487+0100",visu_pars.VisuCreationDate
20220311_101027_jrc220311_m75_0320_1_1/8,"2022-03-11T10:30:41,624+0100",visu_pars.VisuCreationDate
20220311_101027_jrc220311_m75_0320_1_1/9,"2022-03-11T10:34:23,865+0100",visu_pars.VisuCreationDate
20220311_115734_jrc220311_m76_0320_1_1/1,"2022-03-11T12:04:03,541+0100",visu_pars.VisuCreationDate
20220311_115734_jrc220311_m76_0320_1_1/10,"2022-03-11T12:30:12,301+0100",visu_pars.VisuCreationDate
20220311_115734_jrc220311_m76_0320_1_1/12,"2022-03-11T12:33:52,417+0100",visu_pars.VisuCreationDate
20220311_115734_jrc220311_m76_0320_1_1/13,"2022-03-11T12:37:32,730+0100",visu_pars.VisuCreationDate
20220311_115734_jrc220311_m76_0320_1_1/14,"2022-03-11T12:41:12,790+0100",visu_pars.VisuCreationDate
20220311_115734_jrc220311_m76_0320_1_1/15,"2022-03-11T12:44:52,993+0100",visu_pars.VisuCreationDate
20220311_115734_jrc220311_m76_0320_1_1/16,"2022-03-11T12:48:33,301+0100",visu_pars.VisuCreationDate
20220311_115734_jrc220311_m76_0320_1_1/17,"2022-03-11T12:52:13,489+0100",visu_pars.VisuCreationDate
20220311_115734_jrc220311_m76_0320_1_1/18,"2022-03-11T12:55:53,822+0100",visu_pars.VisuCreationDate
20220311_115734_jrc220311_m76_0320_1_1/2,"2022-03-11T12:06:07,156+0100",visu_pars.VisuCreationDate
20220311_115734_jrc220311_m76_0320_1_1/3,"2022-03-11T12:07:39,643+0100",visu_pars.VisuCreationDate
20220311_115734_jrc220311_m76_0320_1_1/4,"2022-03-11T12:09:10,584+0100",visu_pars.VisuCreationDate
20220311_115734_jrc220311_m76_0320_1_1/5,"2022-03-11T12:10:49,909+0100",visu_pars.VisuCreationDate
20220311_115734_jrc220311_m76_0320_1_1/6,"2022-03-11T12:15:04,572+0100",visu_pars.VisuCreationDate
20220311_115734_jrc220311_m76_0320_1_1/7,"2022-03-11T12:19:11,736+0100",visu_pars.VisuCreationDate
20220311_115734_jrc220311_m76_0320_1_1/8,"2022-03-11T12:22:51,909+0100",visu_pars.VisuCreationDate
20220311_115734_jrc220311_m76_0320_1_1/9,"2022-03-11T12:26:32,060+0100",visu_pars.VisuCreationDate
20220311_125252_jrc220311_m77_0320_1_1/1,"2022-03-11T13:03:59,037+0100",visu_pars.VisuCreationDate
20220311_125252_jrc220311_m77_0320_1_1/10,"2022-03-11T13:31:05,627+0100",visu_pars.VisuCreationDate
20220311_125252_jrc220311_m77_0320_1_1/11,"2022-03-11T13:34:45,962+0100",visu_pars.VisuCreationDate
20220311_125252_jrc220311_m77_0320_1_1/12,"2022-03-11T13:38:26,037+0100",visu_pars.VisuCreationDate
20220311_125252_jrc220311_m77_0320_1_1/13,"2022-03-11T13:42:06,308+0100",visu_pars.VisuCreationDate
20220311_125252_jrc220311_m77_0320_1_1/14,"2022-03-11T13:45:46,647+0100",visu_pars.VisuCreationDate
20220311_125252_jrc220311_m77_0320_1_1/15,"2022-03-11T13:49:26,760+0100",visu_pars.VisuCreationDate
20220311_125252_jrc220311_m77_0320_1_1/16,"2022-03-11T13:53:07,081+0100",visu_pars.VisuCreationDate
20220311_125252_jrc220311_m77_0320_1_1/2,"2022-03-11T13:05:24,612+0100",visu_pars.VisuCreationDate
20220311_125252_jrc220311_m77_0320_1_1/3,"2022-03-11T13:07:05,912+0100",visu_pars.VisuCreationDate
20220311_125252_jrc220311_m77_0320_1_1/4,"2022-03-11T13:08:44,263+0100",visu_pars.VisuCreationDate
20220311_125252_jrc220311_m77_0320_1_1/5,"2022-03-11T13:12:25,916+0100",visu_pars.VisuCreationDate
20220311_125252_jrc220311_m77_0320_1_1/6,"2022-03-11T13:16:25,050+0100",visu_pars.VisuCreationDate
20220311_125252_jrc220311_m77_0320_1_1/7,"2022-03-11T13:20:05,160+0100",visu_pars.VisuCreationDate
20220311_125252_jrc220311_m77_0320_1_1/8,"2022-03-11T13:23:45,366+0100",visu_pars.VisuCreationDate
20220311_125252_jrc220311_m77_0320_1_1/9,"2022-03-11T13:27:25,455+0100",visu_pars.VisuCreationDate
20220425_114116_jrc220425_m8_0721_1_2/1,"2022-04-25T11:56:26,938+0200",visu_pars.VisuCreationDate
20220425_114116_jrc220425_m8_0721_1_2/10,"2022-04-25T12:18:08,816+0200",visu_pars.VisuCreationDate
20220425_114116_jrc220425_m8_0721_1_2/11,"2022-04-25T12:34:35,359+0200",visu_pars.VisuCreationDate
20220425_114116_jrc220425_m8_0721_1_2/12,"2022-04-25T12:30:18,889+0200",visu_pars.VisuCreationDate
20220425_114116_jrc220425_m8_0721_1_2/13,"2022-04-25T12:48:26,820+0200",visu_pars.VisuCreationDate
20220425_114116_jrc220425_m8_0721_1_2/14,"2022-04-25T12:52:18,435+0200",visu_pars.VisuCreationDate
20220425_114116_jrc220425_m8_0721_1_2/16,"2022-04-25T13:08:30,879+0200",visu_pars.VisuCreationDate
20220425_114116_jrc220425_m8_0721_1_2/17,"2022-04-25T13:04:25,779+0200",visu_pars.VisuCreationDate
20220425_114116_jrc220425_m8_0721_1_2/18,"2022-04-25T13:21:28,314+0200",visu_pars.VisuCreationDate
20220425_114116_jrc220425_m8_0721_1_2/2,"2022-04-25T11:59:47,872+0200",visu_pars.VisuCreationDate
20220425_114116_jrc220425_m8_0721_1_2/21,"2022-04-25T13:37:24,487+0200",visu_pars.VisuCreationDate
20220425_114116_jrc220425_m8_0721_1_2/3,"2022-04-25T11:58:37,782+0200",visu_pars.VisuCreationDate
20220425_114116_jrc220425_m8_0721_1_2/5,"2022-04-25T12:02:14,496+0200",visu_pars.VisuCreationDate
20220425_114116_jrc220425_m8_0721_1_2/7,"2022-04-25T12:04:26,721+0200",visu_pars.VisuCreationDate
20220425_114116_jrc220425_m8_0721_1_2/8,"2022-04-25T12:08:44,477+0200",visu_pars.VisuCreationDate
20220425_114116_jrc220425_m8_0721_1_2/9,"2022-04-25T12:13:22,424+0200",visu_pars.VisuCreationDate
20220509_114346_jrc220509_m8_0721_flow_1_1/1,"2022-05-09T11:58:31,213+0200",visu_pars.VisuCreationDate
20220509_114346_jrc220509_m8_0721_flow_1_1/10,"2022-05-09T12:38:58,545+0200",visu_pars.VisuCreationDate
20220509_114346_jrc220509_m8_0721_flow_1_1/12,"2022-05-09T12:52:19,886+0200",visu_pars.VisuCreationDate
20220509_114346_jrc220509_m8_0721_flow_1_1/13,"2022-05-09T12:48:38,113+0200",visu_pars.VisuCreationDate
20220509_114346_jrc220509_m8_0721_flow_1_1/14,"2022-05-09T13:03:16,235+0200",visu_pars.VisuCreationDate
20220509_114346_jrc220509_m8_0721_flow_1_1/16,"2022-05-09T13:12:27,268+0200",visu_pars.VisuCreationDate
20220509_114346_jrc220509_m8_0721_flow_1_1/17,"2022-05-09T13:16:09,208+0200",visu_pars.VisuCreationDate
20220509_114346_jrc220509_m8_0721_flow_1_1/18,"2022-05-09T13:24:46,239+0200",visu_pars.VisuCreationDate
20220509_114346_jrc220509_m8_0721_flow_1_1/3,"2022-05-09T12:01:56,586+0200",visu_pars.VisuCreationDate
20220509_114346_jrc220509_m8_0721_flow_1_1/4,"2022-05-09T12:04:00,493+0200",visu_pars.VisuCreationDate
20220509_114346_jrc220509_m8_0721_flow_1_1/5,"2022-05-09T12:06:31,610+0200",visu_pars.VisuCreationDate
20220509_114346_jrc220509_m8_0721_flow_1_1/6,"2022-05-09T12:10:51,431+0200",visu_pars.VisuCreationDate
20220509_114346_jrc220509_m8_0721_flow_1_1/7,"2022-05-09T12:15:36,999+0200",visu_pars.VisuCreationDate
20220509_114346_jrc220509_m8_0721_flow_1_1/8,"2022-05-09T12:20:37,622+0200",visu_pars.VisuCreationDate
20220509_114346_jrc220509_m8_0721_flow_1_1/9,"2022-05-09T12:30:19,497+0200",visu_pars.VisuCreationDate
20220516_084800_jrc220516_m201_0619_1_1/10,"2022-05-16T09:21:48,465+0200",visu_pars.VisuCreationDate
20220516_084800_jrc220516_m201_0619_1_1/11,"2022-05-16T09:23:50,405+0200",visu_pars.VisuCreationDate
20220516_084800_jrc220516_m201_0619_1_1/12,"2022-05-16T09:27:32,563+0200",visu_pars.VisuCreationDate
20220516_084800_jrc220516_m201_0619_1_1/13,"2022-05-16T09:32:45,188+0200",visu_pars.VisuCreationDate
20220516_084800_jrc220516_m201_0619_1_1/14,"2022-05-16T09:36:26,149+0200",visu_pars.VisuCreationDate
20220516_084800_jrc220516_m201_0619_1_1/15,"2022-05-16T09:40:06,736+0200",visu_pars.VisuCreationDate
20220516_084800_jrc220516_m201_0619_1_1/16,"2022-05-16T09:43:47,321+0200",visu_pars.VisuCreationDate
20220516_084800_jrc220516_m201_0619_1_1/17,"2022-05-16T09:47:28,096+0200",visu_pars.VisuCreationDate
20220516_084800_jrc220516_m201_0619_1_1/18,"2022-05-16T09:51:08,696+0200",visu_pars.VisuCreationDate
20220516_084800_jrc220516_m201_0619_1_1/19,"2022-05-16T09:54:49,190+0200",visu_pars.VisuCreationDate
20220516_084800_jrc220516_m201_0619_1_1/20,"2022-05-16T09:58:29,645+0200",visu_pars.VisuCreationDate
20220516_084800_jrc220516_m201_0619_1_1/21,"2022-05-16T10:02:10,314+0200",visu_pars.VisuCreationDate
20220516_084800_jrc220516_m201_0619_1_1/22,"2022-05-16T10:05:51,072+0200",visu_pars.VisuCreationDate
20220516_084800_jrc220516_m201_0619_1_1/23,"2022-05-16T10:09:31,723+0200",visu_pars.VisuCreationDate
20220516_084800_jrc220516_m201_0619_1_1/26,"2022-05-16T10:14:37,857+0200",visu_pars.VisuCreationDate
20220516_084800_jrc220516_m201_0619_1_1/27,"2022-05-16T10:26:28,074+0200",visu_pars.VisuCreationDate
20220516_084800_jrc220516_m201_0619_1_1/8,"2022-05-16T09:18:30,134+0200",visu_pars.VisuCreationDate
20220516_084800_jrc220516_m201_0619_1_1/9,"2022-05-16T09:20:20,443+0200",visu_pars.VisuCreationDate
20220516_102205_jrc220516_m202_0619_1_1/10,"2022-05-16T11:07:59,001+0200",visu_pars.VisuCreationDate
20220516_102205_jrc220516_m202_0619_1_1/11,"2022-05-16T11:11:39,606+0200",visu_pars.VisuCreationDate
20220516_102205_jrc220516_m202_0619_1_1/12,"2022-05-16T11:15:20,241+0200",visu_pars.VisuCreationDate
20220516_102205_jrc220516_m202_0619_1_1/13,"2022-05-16T11:19:00,817+0200",visu_pars.VisuCreationDate
20220516_102205_jrc220516_m202_0619_1_1/14,"2022-05-16T11:22:41,318+0200",visu_pars.VisuCreationDate
20220516_102205_jrc220516_m202_0619_1_1/15,"2022-05-16T11:26:21,799+0200",visu_pars.VisuCreationDate
20220516_102205_jrc220516_m202_0619_1_1/16,"2022-05-16T11:30:02,201+0200",visu_pars.VisuCreationDate
20220516_102205_jrc220516_m202_0619_1_1/17,"2022-05-16T11:33:42,682+0200",visu_pars.VisuCreationDate
20220516_102205_jrc220516_m202_0619_1_1/2,"2022-05-16T10:45:41,041+0200",visu_pars.VisuCreationDate
20220516_102205_jrc220516_m202_0619_1_1/24,"2022-05-16T11:50:00,570+0200",visu_pars.VisuCreationDate
20220516_102205_jrc220516_m202_0619_1_1/25,"2022-05-16T11:55:20,960+0200",visu_pars.VisuCreationDate
20220516_102205_jrc220516_m202_0619_1_1/26,"2022-05-16T12:07:35,274+0200",visu_pars.VisuCreationDate
20220516_102205_jrc220516_m202_0619_1_1/27,"2022-05-16T12:21:50,274+0200",visu_pars.VisuCreationDate
20220516_102205_jrc220516_m202_0619_1_1/3,"2022-05-16T10:47:13,774+0200",visu_pars.VisuCreationDate
20220516_102205_jrc220516_m202_0619_1_1/4,"2022-05-16T10:48:48,454+0200",visu_pars.VisuCreationDate
20220516_102205_jrc220516_m202_0619_1_1/5,"2022-05-16T10:50:19,660+0200",visu_pars.VisuCreationDate
20220516_102205_jrc220516_m202_0619_1_1/6,"2022-05-16T10:51:38,085+0200",visu_pars.VisuCreationDate
20220516_102205_jrc220516_m202_0619_1_1/7,"2022-05-16T10:55:33,870+0200",visu_pars.VisuCreationDate
20220516_102205_jrc220516_m202_0619_1_1/8,"2022-05-16T11:00:37,758+0200",visu_pars.VisuCreationDate
20220516_102205_jrc220516_m202_0619_1_1/9,"2022-05-16T11:04:18,280+0200",visu_pars.VisuCreationDate
20220516_120530_jrc220516_m203_0619_1_1/13,"2022-05-16T12:53:14,633+0200",visu_pars.VisuCreationDate
20220516_120530_jrc220516_m203_0619_1_1/14,"2022-05-16T12:58:27,448+0200",visu_pars.VisuCreationDate
20220516_120530_jrc220516_m203_0619_1_1/15,"2022-05-16T13:13:20,442+0200",visu_pars.VisuCreationDate
20220516_120530_jrc220516_m203_0619_1_1/16,"2022-05-16T13:17:02,372+0200",visu_pars.VisuCreationDate
20220516_120530_jrc220516_m203_0619_1_1/17,"2022-05-16T13:20:43,067+0200",visu_pars.VisuCreationDate
20220516_120530_jrc220516_m203_0619_1_1/18,"2022-05-16T13:24:23,903+0200",visu_pars.VisuCreationDate
20220516_120530_jrc220516_m203_0619_1_1/19,"2022-05-16T13:28:04,937+0200",visu_pars.VisuCreationDate
20220516_120530_jrc220516_m203_0619_1_1/20,"2022-05-16T13:31:45,629+0200",visu_pars.VisuCreationDate
20220516_120530_jrc220516_m203_0619_1_1/21,"2022-05-16T13:35:26,706+0200",visu_pars.VisuCreationDate
20220516_120530_jrc220516_m203_0619_1_1/22,"2022-05-16T13:39:07,766+0200",visu_pars.VisuCreationDate
20220516_120530_jrc220516_m203_0619_1_1/23,"2022-05-16T13:42:48,632+0200",visu_pars.VisuCreationDate
20220516_120530_jrc220516_m203_0619_1_1/24,"2022-05-16T13:46:29,438+0200",visu_pars.VisuCreationDate
20220516_120530_jrc220516_m203_0619_1_1/25,"2022-05-16T13:50:10,185+0200",visu_pars.VisuCreationDate
20220516_120530_jrc220516_m203_0619_1_1/4,"2022-05-16T12:42:02,158+0200",visu_pars.VisuCreationDate
20220516_120530_jrc220516_m203_0619_1_1/5,"2022-05-16T12:43:23,201+0200",visu_pars.VisuCreationDate
20220516_120530_jrc220516_m203_0619_1_1/6,"2022-05-16T12:45:14,371+0200",visu_pars.VisuCreationDate
20220516_120530_jrc220516_m203_0619_1_1/7,"2022-05-16T12:46:27,416+0200",visu_pars.VisuCreationDate
20220516_120530_jrc220516_m203_0619_1_1/8,"2022-05-16T12:50:30,572+0200",visu_pars.VisuCreationDate
20220516_132910_jrc220516_m204_0619_1_1/10,"2022-05-16T15:24:33,858+0200",visu_pars.VisuCreationDate
20220516_132910_jrc220516_m204_0619_1_1/11,"2022-05-16T15:30:31,853+0200",visu_pars.VisuCreationDate
20220516_132910_jrc220516_m204_0619_1_1/12,"2022-05-16T15:34:37,731+0200",visu_pars.VisuCreationDate
20220516_132910_jrc220516_m204_0619_1_1/13,"2022-05-16T15:38:18,369+0200",visu_pars.VisuCreationDate
20220516_132910_jrc220516_m204_0619_1_1/14,"2022-05-16T15:41:58,976+0200",visu_pars.VisuCreationDate
20220516_132910_jrc220516_m204_0619_1_1/15,"2022-05-16T15:45:39,667+0200",visu_pars.VisuCreationDate
20220516_132910_jrc220516_m204_0619_1_1/16,"2022-05-16T15:49:20,262+0200",visu_pars.VisuCreationDate
20220516_132910_jrc220516_m204_0619_1_1/17,"2022-05-16T15:53:00,780+0200",visu_pars.VisuCreationDate
20220516_132910_jrc220516_m204_0619_1_1/18,"2022-05-16T15:56:41,287+0200",visu_pars.VisuCreationDate
20220516_132910_jrc220516_m204_0619_1_1/19,"2022-05-16T16:00:21,912+0200",visu_pars.VisuCreationDate
20220516_132910_jrc220516_m204_0619_1_1/20,"2022-05-16T16:04:02,524+0200",visu_pars.VisuCreationDate
20220516_132910_jrc220516_m204_0619_1_1/21,"2022-05-16T16:07:43,486+0200",visu_pars.VisuCreationDate
20220516_132910_jrc220516_m204_0619_1_1/22,"2022-05-16T16:11:24,231+0200",visu_pars.VisuCreationDate
20220516_132910_jrc220516_m204_0619_1_1/23,"2022-05-16T16:15:04,998+0200",visu_pars.VisuCreationDate
20220516_132910_jrc220516_m204_0619_1_1/24,"2022-05-16T16:18:45,671+0200",visu_pars.VisuCreationDate
20220516_132910_jrc220516_m204_0619_1_1/27,"2022-05-16T16:31:33,408+0200",visu_pars.VisuCreationDate
20220516_132910_jrc220516_m204_0619_1_1/28,"2022-05-16T16:35:53,211+0200",visu_pars.VisuCreationDate
20220516_132910_jrc220516_m204_0619_1_1/29,"2022-05-16T16:46:46,463+0200",visu_pars.VisuCreationDate
20220516_132910_jrc220516_m204_0619_1_1/4,"2022-05-16T15:16:58,276+0200",visu_pars.VisuCreationDate
20220516_132910_jrc220516_m204_0619_1_1/5,"2022-05-16T15:18:27,351+0200",visu_pars.VisuCreationDate
20220516_132910_jrc220516_m204_0619_1_1/6,"2022-05-16T15:19:53,166+0200",visu_pars.VisuCreationDate
20220516_132910_jrc220516_m204_0619_1_1/7,"2022-05-16T15:21:27,927+0200",visu_pars.VisuCreationDate
20220516_132910_jrc220516_m204_0619_1_1/8,"2022-05-16T15:22:46,835+0200",visu_pars.VisuCreationDate
20220516_132910_jrc220516_m204_0619_1_1/9,"2022-05-16T15:28:59,204+0200",visu_pars.VisuCreationDate
20220517_150408_jrc220517_m205_0619_1_1/1,"2022-05-17T15:18:21,668+0200",visu_pars.VisuCreationDate
20220517_150408_jrc220517_m205_0619_1_1/10,"2022-05-17T15:42:59,239+0200",visu_pars.VisuCreationDate
20220517_150408_jrc220517_m205_0619_1_1/11,"2022-05-17T15:46:40,097+0200",visu_pars.VisuCreationDate
20220517_150408_jrc220517_m205_0619_1_1/12,"2022-05-17T15:50:20,785+0200",visu_pars.VisuCreationDate
20220517_150408_jrc220517_m205_0619_1_1/13,"2022-05-17T15:54:01,467+0200",visu_pars.VisuCreationDate
20220517_150408_jrc220517_m205_0619_1_1/14,"2022-05-17T15:57:42,178+0200",visu_pars.VisuCreationDate
20220517_150408_jrc220517_m205_0619_1_1/15,"2022-05-17T16:01:22,468+0200",visu_pars.VisuCreationDate
20220517_150408_jrc220517_m205_0619_1_1/16,"2022-05-17T16:05:03,052+0200",visu_pars.VisuCreationDate
20220517_150408_jrc220517_m205_0619_1_1/17,"2022-05-17T16:08:43,511+0200",visu_pars.VisuCreationDate
20220517_150408_jrc220517_m205_0619_1_1/18,"2022-05-17T16:12:24,332+0200",visu_pars.VisuCreationDate
20220517_150408_jrc220517_m205_0619_1_1/19,"2022-05-17T16:17:54,288+0200",visu_pars.VisuCreationDate
20220517_150408_jrc220517_m205_0619_1_1/2,"2022-05-17T15:21:08,661+0200",visu_pars.VisuCreationDate
20220517_150408_jrc220517_m205_0619_1_1/20,"2022-05-17T16:28:14,899+0200",visu_pars.VisuCreationDate
20220517_150408_jrc220517_m205_0619_1_1/22,"2022-05-17T16:30:27,089+0200",visu_pars.VisuCreationDate
20220517_150408_jrc220517_m205_0619_1_1/23,"2022-05-17T16:34:52,865+0200",visu_pars.VisuCreationDate
20220517_150408_jrc220517_m205_0619_1_1/3,"2022-05-17T15:22:46,895+0200",visu_pars.VisuCreationDate
20220517_150408_jrc220517_m205_0619_1_1/4,"2022-05-17T15:24:38,813+0200",visu_pars.VisuCreationDate
20220517_150408_jrc220517_m205_0619_1_1/5,"2022-05-17T15:25:51,147+0200",visu_pars.VisuCreationDate
20220517_150408_jrc220517_m205_0619_1_1/6,"2022-05-17T15:27:21,472+0200",visu_pars.VisuCreationDate
20220517_150408_jrc220517_m205_0619_1_1/7,"2022-05-17T15:31:38,264+0200",visu_pars.VisuCreationDate
20220517_150408_jrc220517_m205_0619_1_1/8,"2022-05-17T15:35:38,161+0200",visu_pars.VisuCreationDate
20220517_150408_jrc220517_m205_0619_1_1/9,"2022-05-17T15:39:18,923+0200",visu_pars.VisuCreationDate
20220517_164102_jrc220517_m206_0619_1_1/1,"2022-05-17T16:55:14,512+0200",visu_pars.VisuCreationDate
20220517_164102_jrc220517_m206_0619_1_1/10,"2022-05-17T17:19:50,572+0200",visu_pars.VisuCreationDate
20220517_164102_jrc220517_m206_0619_1_1/11,"2022-05-17T17:23:31,214+0200",visu_pars.VisuCreationDate
20220517_164102_jrc220517_m206_0619_1_1/12,"2022-05-17T17:27:11,804+0200",visu_pars.VisuCreationDate
20220517_164102_jrc220517_m206_0619_1_1/13,"2022-05-17T17:30:52,099+0200",visu_pars.VisuCreationDate
20220517_164102_jrc220517_m206_0619_1_1/14,"2022-05-17T17:34:32,678+0200",visu_pars.VisuCreationDate
20220517_164102_jrc220517_m206_0619_1_1/15,"2022-05-17T17:38:13,294+0200",visu_pars.VisuCreationDate
20220517_164102_jrc220517_m206_0619_1_1/16,"2022-05-17T17:41:54,138+0200",visu_pars.VisuCreationDate
20220517_164102_jrc220517_m206_0619_1_1/17,"2022-05-17T17:45:34,822+0200",visu_pars.VisuCreationDate
20220517_164102_jrc220517_m206_0619_1_1/18,"2022-05-17T17:50:38,599+0200",visu_pars.VisuCreationDate
20220517_164102_jrc220517_m206_0619_1_1/19,"2022-05-17T18:01:21,025+0200",visu_pars.VisuCreationDate
20220517_164102_jrc220517_m206_0619_1_1/20,"2022-05-17T18:13:49,720+0200",visu_pars.VisuCreationDate
20220517_164102_jrc220517_m206_0619_1_1/3,"2022-05-17T16:57:50,944+0200",visu_pars.VisuCreationDate
20220517_164102_jrc220517_m206_0619_1_1/4,"2022-05-17T16:59:22,334+0200",visu_pars.VisuCreationDate
20220517_164102_jrc220517_m206_0619_1_1/5,"2022-05-17T17:00:36,412+0200",visu_pars.VisuCreationDate
20220517_164102_jrc220517_m206_0619_1_1/6,"2022-05-17T17:04:52,312+0200",visu_pars.VisuCreationDate
20220517_164102_jrc220517_m206_0619_1_1/7,"2022-05-17T17:08:48,573+0200",visu_pars.VisuCreationDate
20220517_164102_jrc220517_m206_0619_1_1/8,"2022-05-17T17:12:29,483+0200",visu_pars.VisuCreationDate
20220517_164102_jrc220517_m206_0619_1_1/9,"2022-05-17T17:16:09,939+0200",visu_pars.VisuCreationDate
20220520_111303_jrc220520_m205_0619_1_1/1,"2022-05-20T11:32:43,780+0200",visu_pars.VisuCreationDate
20220520_111303_jrc220520_m205_0619_1_1/10,"2022-05-20T11:50:12,363+0200",visu_pars.VisuCreationDate
20220520_111303_jrc220520_m205_0619_1_1/11,"2022-05-20T11:52:23,909+0200",visu_pars.VisuCreationDate
20220520_111303_jrc220520_m205_0619_1_1/12,"2022-05-20T11:56:05,583+0200",visu_pars.VisuCreationDate
20220520_111303_jrc220520_m205_0619_1_1/13,"2022-05-20T12:00:41,439+0200",visu_pars.VisuCreationDate
20220520_111303_jrc220520_m205_0619_1_1/14,"2022-05-20T12:15:37,437+0200",visu_pars.VisuCreationDate
20220520_111303_jrc220520_m205_0619_1_1/15,"2022-05-20T12:28:54,047+0200",visu_pars.VisuCreationDate
20220520_111303_jrc220520_m205_0619_1_1/2,"2022-05-20T11:37:06,990+0200",visu_pars.VisuCreationDate
20220520_111303_jrc220520_m205_0619_1_1/3,"2022-05-20T11:35:56,393+0200",visu_pars.VisuCreationDate
20220520_111303_jrc220520_m205_0619_1_1/4,"2022-05-20T11:38:17,019+0200",visu_pars.VisuCreationDate
20220520_111303_jrc220520_m205_0619_1_1/5,"2022-05-20T11:40:11,169+0200",visu_pars.VisuCreationDate
20220520_111303_jrc220520_m205_0619_1_1/6,"2022-05-20T11:41:58,051+0200",visu_pars.VisuCreationDate
20220520_111303_jrc220520_m205_0619_1_1/8,"2022-05-20T11:44:04,625+0200",visu_pars.VisuCreationDate
20220520_111303_jrc220520_m205_0619_1_1/9,"2022-05-20T11:48:28,262+0200",visu_pars.VisuCreationDate
20220523_083514_jrc220523_m207_0619_1_1/1,"2022-05-23T08:49:08,268+0200",visu_pars.VisuCreationDate
20220523_083514_jrc220523_m207_0619_1_1/10,"2022-05-23T09:12:18,375+0200",visu_pars.VisuCreationDate
20220523_083514_jrc220523_m207_0619_1_1/11,"2022-05-23T09:15:59,002+0200",visu_pars.VisuCreationDate
20220523_083514_jrc220523_m207_0619_1_1/12,"2022-05-23T09:19:39,868+0200",visu_pars.VisuCreationDate
20220523_083514_jrc220523_m207_0619_1_1/13,"2022-05-23T09:23:20,299+0200",visu_pars.VisuCreationDate
20220523_083514_jrc220523_m207_0619_1_1/14,"2022-05-23T09:27:00,974+0200",visu_pars.VisuCreationDate
20220523_083514_jrc220523_m207_0619_1_1/15,"2022-05-23T09:30:41,623+0200",visu_pars.VisuCreationDate
20220523_083514_jrc220523_m207_0619_1_1/16,"2022-05-23T09:34:22,407+0200",visu_pars.VisuCreationDate
20220523_083514_jrc220523_m207_0619_1_1/17,"2022-05-23T09:38:03,056+0200",visu_pars.VisuCreationDate
20220523_083514_jrc220523_m207_0619_1_1/18,"2022-05-23T09:41:43,560+0200",visu_pars.VisuCreationDate
20220523_083514_jrc220523_m207_0619_1_1/19,"2022-05-23T09:45:24,224+0200",visu_pars.VisuCreationDate
20220523_083514_jrc220523_m207_0619_1_1/2,"2022-05-23T08:51:21,262+0200",visu_pars.VisuCreationDate
20220523_083514_jrc220523_m207_0619_1_1/20,"2022-05-23T09:49:04,866+0200",visu_pars.VisuCreationDate
20220523_083514_jrc220523_m207_0619_1_1/21,"2022-05-23T09:53:35,612+0200",visu_pars.VisuCreationDate
20220523_083514_jrc220523_m207_0619_1_1/22,"2022-05-23T10:04:46,308+0200",visu_pars.VisuCreationDate
20220523_083514_jrc220523_m207_0619_1_1/3,"2022-05-23T08:52:43,104+0200",visu_pars.VisuCreationDate
20220523_083514_jrc220523_m207_0619_1_1/6,"2022-05-23T08:54:44,792+0200",visu_pars.VisuCreationDate
20220523_083514_jrc220523_m207_0619_1_1/7,"2022-05-23T09:04:32,037+0200",visu_pars.VisuCreationDate
20220523_083514_jrc220523_m207_0619_1_1/8,"2022-05-23T09:00:33,779+0200",visu_pars.VisuCreationDate
20220523_083514_jrc220523_m207_0619_1_1/9,"2022-05-23T09:08:37,945+0200",visu_pars.VisuCreationDate
20220523_095757_jrc220523_m208_0619_1_1/10,"2022-05-23T10:42:43,640+0200",visu_pars.VisuCreationDate
20220523_095757_jrc220523_m208_0619_1_1/11,"2022-05-23T10:50:04,912+0200",visu_pars.VisuCreationDate
20220523_095757_jrc220523_m208_0619_1_1/12,"2022-05-23T10:53:45,679+0200",visu_pars.VisuCreationDate
20220523_095757_jrc220523_m208_0619_1_1/13,"2022-05-23T10:57:26,432+0200",visu_pars.VisuCreationDate
20220523_095757_jrc220523_m208_0619_1_1/14,"2022-05-23T11:01:06,862+0200",visu_pars.VisuCreationDate
20220523_095757_jrc220523_m208_0619_1_1/15,"2022-05-23T11:04:47,219+0200",visu_pars.VisuCreationDate
20220523_095757_jrc220523_m208_0619_1_1/16,"2022-05-23T11:08:27,680+0200",visu_pars.VisuCreationDate
20220523_095757_jrc220523_m208_0619_1_1/17,"2022-05-23T11:12:08,231+0200",visu_pars.VisuCreationDate
20220523_095757_jrc220523_m208_0619_1_1/18,"2022-05-23T11:15:48,705+0200",visu_pars.VisuCreationDate
20220523_095757_jrc220523_m208_0619_1_1/19,"2022-05-23T11:19:29,269+0200",visu_pars.VisuCreationDate
20220523_095757_jrc220523_m208_0619_1_1/2,"2022-05-23T10:21:14,083+0200",visu_pars.VisuCreationDate
20220523_095757_jrc220523_m208_0619_1_1/20,"2022-05-23T11:23:09,959+0200",visu_pars.VisuCreationDate
20220523_095757_jrc220523_m208_0619_1_1/21,"2022-05-23T11:26:50,322+0200",visu_pars.VisuCreationDate
20220523_095757_jrc220523_m208_0619_1_1/22,"2022-05-23T11:31:51,831+0200",visu_pars.VisuCreationDate
20220523_095757_jrc220523_m208_0619_1_1/23,"2022-05-23T11:47:00,000+0200",visu_pars.VisuCreationDate
20220523_095757_jrc220523_m208_0619_1_1/3,"2022-05-23T10:22:45,180+0200",visu_pars.VisuCreationDate
20220523_095757_jrc220523_m208_0619_1_1/4,"2022-05-23T10:24:44,105+0200",visu_pars.VisuCreationDate
20220523_095757_jrc220523_m208_0619_1_1/5,"2022-05-23T10:27:35,583+0200",visu_pars.VisuCreationDate
20220523_095757_jrc220523_m208_0619_1_1/7,"2022-05-23T10:46:24,235+0200",visu_pars.VisuCreationDate
20220523_095757_jrc220523_m208_0619_1_1/9,"2022-05-23T10:38:23,842+0200",visu_pars.VisuCreationDate
20220523_113652_jrc220523_m209_0619_1_1/10,"2022-05-23T12:35:51,804+0200",visu_pars.VisuCreationDate
20220523_113652_jrc220523_m209_0619_1_1/11,"2022-05-23T12:39:32,148+0200",visu_pars.VisuCreationDate
20220523_113652_jrc220523_m209_0619_1_1/12,"2022-05-23T12:43:12,684+0200",visu_pars.VisuCreationDate
20220523_113652_jrc220523_m209_0619_1_1/13,"2022-05-23T12:46:53,538+0200",visu_pars.VisuCreationDate
20220523_113652_jrc220523_m209_0619_1_1/14,"2022-05-23T12:50:33,979+0200",visu_pars.VisuCreationDate
20220523_113652_jrc220523_m209_0619_1_1/15,"2022-05-23T12:54:14,453+0200",visu_pars.VisuCreationDate
20220523_113652_jrc220523_m209_0619_1_1/16,"2022-05-23T12:57:55,162+0200",visu_pars.VisuCreationDate
20220523_113652_jrc220523_m209_0619_1_1/17,"2022-05-23T13:01:35,543+0200",visu_pars.VisuCreationDate
20220523_113652_jrc220523_m209_0619_1_1/18,"2022-05-23T13:05:15,964+0200",visu_pars.VisuCreationDate
20220523_113652_jrc220523_m209_0619_1_1/20,"2022-05-23T13:10:11,543+0200",visu_pars.VisuCreationDate
20220523_113652_jrc220523_m209_0619_1_1/21,"2022-05-23T13:24:53,391+0200",visu_pars.VisuCreationDate
20220523_113652_jrc220523_m209_0619_1_1/22,"2022-05-23T13:29:36,642+0200",visu_pars.VisuCreationDate
20220523_113652_jrc220523_m209_0619_1_1/23,"2022-05-23T13:32:02,945+0200",visu_pars.VisuCreationDate
20220523_113652_jrc220523_m209_0619_1_1/24,"2022-05-23T13:36:19,203+0200",visu_pars.VisuCreationDate
20220523_113652_jrc220523_m209_0619_1_1/25,"2022-05-23T13:48:56,400+0200",visu_pars.VisuCreationDate
20220523_113652_jrc220523_m209_0619_1_1/3,"2022-05-23T12:16:01,584+0200",visu_pars.VisuCreationDate
20220523_113652_jrc220523_m209_0619_1_1/4,"2022-05-23T12:17:41,744+0200",visu_pars.VisuCreationDate
20220523_113652_jrc220523_m209_0619_1_1/5,"2022-05-23T12:19:26,920+0200",visu_pars.VisuCreationDate
20220523_113652_jrc220523_m209_0619_1_1/6,"2022-05-23T12:20:47,234+0200",visu_pars.VisuCreationDate
20220523_113652_jrc220523_m209_0619_1_1/7,"2022-05-23T12:24:29,398+0200",visu_pars.VisuCreationDate
20220523_113652_jrc220523_m209_0619_1_1/8,"2022-05-23T12:28:30,455+0200",visu_pars.VisuCreationDate
20220523_113652_jrc220523_m209_0619_1_1/9,"2022-05-23T12:32:11,273+0200",visu_pars.VisuCreationDate
20220523_135354_jrc220523_m210_0619_1_1/1,"2022-05-23T14:59:34,688+0200",visu_pars.VisuCreationDate
20220523_135354_jrc220523_m210_0619_1_1/10,"2022-05-23T15:27:04,142+0200",visu_pars.VisuCreationDate
20220523_135354_jrc220523_m210_0619_1_1/11,"2022-05-23T15:30:44,964+0200",visu_pars.VisuCreationDate
20220523_135354_jrc220523_m210_0619_1_1/12,"2022-05-23T15:34:25,597+0200",visu_pars.VisuCreationDate
20220523_135354_jrc220523_m210_0619_1_1/13,"2022-05-23T15:38:06,116+0200",visu_pars.VisuCreationDate
20220523_135354_jrc220523_m210_0619_1_1/14,"2022-05-23T15:41:46,628+0200",visu_pars.VisuCreationDate
20220523_135354_jrc220523_m210_0619_1_1/15,"2022-05-23T15:45:27,253+0200",visu_pars.VisuCreationDate
20220523_135354_jrc220523_m210_0619_1_1/16,"2022-05-23T15:49:07,738+0200",visu_pars.VisuCreationDate
20220523_135354_jrc220523_m210_0619_1_1/17,"2022-05-23T15:52:54,774+0200",visu_pars.VisuCreationDate
20220523_135354_jrc220523_m210_0619_1_1/18,"2022-05-23T15:57:21,731+0200",visu_pars.VisuCreationDate
20220523_135354_jrc220523_m210_0619_1_1/19,"2022-05-23T16:12:12,191+0200",visu_pars.VisuCreationDate
20220523_135354_jrc220523_m210_0619_1_1/2,"2022-05-23T15:01:01,097+0200",visu_pars.VisuCreationDate
20220523_135354_jrc220523_m210_0619_1_1/3,"2022-05-23T15:02:50,524+0200",visu_pars.VisuCreationDate
20220523_135354_jrc220523_m210_0619_1_1/4,"2022-05-23T15:04:32,454+0200",visu_pars.VisuCreationDate
20220523_135354_jrc220523_m210_0619_1_1/5,"2022-05-23T15:08:14,432+0200",visu_pars.VisuCreationDate
20220523_135354_jrc220523_m210_0619_1_1/6,"2022-05-23T15:12:22,115+0200",visu_pars.VisuCreationDate
20220523_135354_jrc220523_m210_0619_1_1/7,"2022-05-23T15:16:02,906+0200",visu_pars.VisuCreationDate
20220523_135354_jrc220523_m210_0619_1_1/8,"2022-05-23T15:19:43,147+0200",visu_pars.VisuCreationDate
20220523_135354_jrc220523_m210_0619_1_1/9,"2022-05-23T15:23:23,671+0200",visu_pars.VisuCreationDate
20220523_161029_jrc220523_m211_0619_1_1/1,"2022-05-23T16:26:55,868+0200",visu_pars.VisuCreationDate
20220523_161029_jrc220523_m211_0619_1_1/10,"2022-05-23T16:47:44,361+0200",visu_pars.VisuCreationDate
20220523_161029_jrc220523_m211_0619_1_1/11,"2022-05-23T16:51:24,910+0200",visu_pars.VisuCreationDate
20220523_161029_jrc220523_m211_0619_1_1/12,"2022-05-23T16:55:05,309+0200",visu_pars.VisuCreationDate
20220523_161029_jrc220523_m211_0619_1_1/13,"2022-05-23T16:58:45,762+0200",visu_pars.VisuCreationDate
20220523_161029_jrc220523_m211_0619_1_1/14,"2022-05-23T17:02:26,419+0200",visu_pars.VisuCreationDate
20220523_161029_jrc220523_m211_0619_1_1/15,"2022-05-23T17:06:07,174+0200",visu_pars.VisuCreationDate
20220523_161029_jrc220523_m211_0619_1_1/16,"2022-05-23T17:09:47,632+0200",visu_pars.VisuCreationDate
20220523_161029_jrc220523_m211_0619_1_1/17,"2022-05-23T17:13:31,239+0200",visu_pars.VisuCreationDate
20220523_161029_jrc220523_m211_0619_1_1/18,"2022-05-23T17:17:11,762+0200",visu_pars.VisuCreationDate
20220523_161029_jrc220523_m211_0619_1_1/19,"2022-05-23T17:20:52,411+0200",visu_pars.VisuCreationDate
20220523_161029_jrc220523_m211_0619_1_1/2,"2022-05-23T16:28:24,157+0200",visu_pars.VisuCreationDate
20220523_161029_jrc220523_m211_0619_1_1/20,"2022-05-23T17:25:33,967+0200",visu_pars.VisuCreationDate
20220523_161029_jrc220523_m211_0619_1_1/21,"2022-05-23T17:38:34,551+0200",visu_pars.VisuCreationDate
20220523_161029_jrc220523_m211_0619_1_1/3,"2022-05-23T16:29:45,103+0200",visu_pars.VisuCreationDate
20220523_161029_jrc220523_m211_0619_1_1/5,"2022-05-23T16:35:43,323+0200",visu_pars.VisuCreationDate
20220523_161029_jrc220523_m211_0619_1_1/7,"2022-05-23T16:31:54,525+0200",visu_pars.VisuCreationDate
20220523_161029_jrc220523_m211_0619_1_1/8,"2022-05-23T16:40:22,961+0200",visu_pars.VisuCreationDate
20220523_161029_jrc220523_m211_0619_1_1/9,"2022-05-23T16:44:03,610+0200",visu_pars.VisuCreationDate
20220525_095808_jrc220525_m212_0619_1_1/14,"2022-05-25T10:29:51,991+0200",visu_pars.VisuCreationDate
20220525_095808_jrc220525_m212_0619_1_1/17,"2022-05-25T10:38:55,051+0200",visu_pars.VisuCreationDate
20220525_095808_jrc220525_m212_0619_1_1/18,"2022-05-25T10:44:07,457+0200",visu_pars.VisuCreationDate
20220525_095808_jrc220525_m212_0619_1_1/20,"2022-05-25T10:50:27,330+0200",visu_pars.VisuCreationDate
20220525_095808_jrc220525_m212_0619_1_1/21,"2022-05-25T10:54:07,946+0200",visu_pars.VisuCreationDate
20220525_095808_jrc220525_m212_0619_1_1/22,"2022-05-25T10:57:48,960+0200",visu_pars.VisuCreationDate
20220525_095808_jrc220525_m212_0619_1_1/23,"2022-05-25T11:01:29,767+0200",visu_pars.VisuCreationDate
20220525_095808_jrc220525_m212_0619_1_1/24,"2022-05-25T11:05:10,357+0200",visu_pars.VisuCreationDate
20220525_095808_jrc220525_m212_0619_1_1/25,"2022-05-25T11:08:50,714+0200",visu_pars.VisuCreationDate
20220525_095808_jrc220525_m212_0619_1_1/26,"2022-05-25T11:12:31,276+0200",visu_pars.VisuCreationDate
20220525_095808_jrc220525_m212_0619_1_1/27,"2022-05-25T11:16:11,744+0200",visu_pars.VisuCreationDate
20220525_095808_jrc220525_m212_0619_1_1/28,"2022-05-25T11:19:52,392+0200",visu_pars.VisuCreationDate
20220525_095808_jrc220525_m212_0619_1_1/29,"2022-05-25T11:23:33,215+0200",visu_pars.VisuCreationDate
20220525_095808_jrc220525_m212_0619_1_1/30,"2022-05-25T11:27:13,835+0200",visu_pars.VisuCreationDate
20220525_095808_jrc220525_m212_0619_1_1/31,"2022-05-25T11:32:32,328+0200",visu_pars.VisuCreationDate
20220525_095808_jrc220525_m212_0619_1_1/32,"2022-05-25T11:42:00,356+0200",visu_pars.VisuCreationDate
20220525_095808_jrc220525_m212_0619_1_1/34,"2022-05-25T11:55:24,727+0200",visu_pars.VisuCreationDate
20220525_095808_jrc220525_m212_0619_1_1/35,"2022-05-25T12:05:25,297+0200",visu_pars.VisuCreationDate
20220525_095808_jrc220525_m212_0619_1_1/7,"2022-05-25T10:22:46,060+0200",visu_pars.VisuCreationDate
20220525_095808_jrc220525_m212_0619_1_1/8,"2022-05-25T10:24:39,790+0200",visu_pars.VisuCreationDate
20220525_121249_jrc220525_m209_0619_1_1/1,"2022-05-25T12:24:35,096+0200",visu_pars.VisuCreationDate
20220525_121249_jrc220525_m209_0619_1_1/10,"2022-05-25T12:40:31,679+0200",visu_pars.VisuCreationDate
20220525_121249_jrc220525_m209_0619_1_1/11,"2022-05-25T12:42:46,155+0200",visu_pars.VisuCreationDate
20220525_121249_jrc220525_m209_0619_1_1/14,"2022-05-25T12:46:56,445+0200",visu_pars.VisuCreationDate
20220525_121249_jrc220525_m209_0619_1_1/15,"2022-05-25T12:52:04,330+0200",visu_pars.VisuCreationDate
20220525_121249_jrc220525_m209_0619_1_1/17,"2022-05-25T12:57:05,713+0200",visu_pars.VisuCreationDate
20220525_121249_jrc220525_m209_0619_1_1/19,"2022-05-25T13:08:32,953+0200",visu_pars.VisuCreationDate
20220525_121249_jrc220525_m209_0619_1_1/2,"2022-05-25T12:26:00,260+0200",visu_pars.VisuCreationDate
20220525_131029_jrc220525_m210_0619_1_1/1,"2022-05-25T13:22:58,630+0200",visu_pars.VisuCreationDate
20220525_131029_jrc220525_m210_0619_1_1/10,"2022-05-25T13:40:20,813+0200",visu_pars.VisuCreationDate
20220525_131029_jrc220525_m210_0619_1_1/11,"2022-05-25T14:09:39,262+0200",visu_pars.VisuCreationDate
20220525_131029_jrc220525_m210_0619_1_1/2,"2022-05-25T13:24:42,039+0200",visu_pars.VisuCreationDate
20220525_131029_jrc220525_m210_0619_1_1/4,"2022-05-25T13:28:25,183+0200",visu_pars.VisuCreationDate
20220525_131029_jrc220525_m210_0619_1_1/5,"2022-05-25T13:29:44,325+0200",visu_pars.VisuCreationDate
20220525_131029_jrc220525_m210_0619_1_1/6,"2022-05-25T13:33:46,108+0200",visu_pars.VisuCreationDate
20220525_131029_jrc220525_m210_0619_1_1/7,"2022-05-25T13:39:08,958+0200",visu_pars.VisuCreationDate
20220525_131029_jrc220525_m210_0619_1_1/8,"2022-05-25T13:45:08,044+0200",visu_pars.VisuCreationDate
20220525_131029_jrc220525_m210_0619_1_1/9,"2022-05-25T13:57:01,452+0200",visu_pars.VisuCreationDate
20220923_084958_jrc220923_m167_1019_1_1/1,"2022-09-23T09:15:53,199+0200",visu_pars.VisuCreationDate
20220923_084958_jrc220923_m167_1019_1_1/10,"2022-09-23T09:39:49,005+0200",visu_pars.VisuCreationDate
20220923_084958_jrc220923_m167_1019_1_1/11,"2022-09-23T09:43:29,464+0200",visu_pars.VisuCreationDate
20220923_084958_jrc220923_m167_1019_1_1/12,"2022-09-23T09:47:10,247+0200",visu_pars.VisuCreationDate
20220923_084958_jrc220923_m167_1019_1_1/13,"2022-09-23T09:50:50,769+0200",visu_pars.VisuCreationDate
20220923_084958_jrc220923_m167_1019_1_1/14,"2022-09-23T09:54:31,387+0200",visu_pars.VisuCreationDate
20220923_084958_jrc220923_m167_1019_1_1/15,"2022-09-23T09:58:11,873+0200",visu_pars.VisuCreationDate
20220923_084958_jrc220923_m167_1019_1_1/16,"2022-09-23T10:01:52,333+0200",visu_pars.VisuCreationDate
20220923_084958_jrc220923_m167_1019_1_1/17,"2022-09-23T10:05:32,936+0200",visu_pars.VisuCreationDate
20220923_084958_jrc220923_m167_1019_1_1/18,"2022-09-23T10:09:13,638+0200",visu_pars.VisuCreationDate
20220923_084958_jrc220923_m167_1019_1_1/19,"2022-09-23T10:12:54,316+0200",visu_pars.VisuCreationDate
20220923_084958_jrc220923_m167_1019_1_1/2,"2022-09-23T09:17:30,739+0200",visu_pars.VisuCreationDate
20220923_084958_jrc220923_m167_1019_1_1/20,"2022-09-23T10:22:41,380+0200",visu_pars.VisuCreationDate
20220923_084958_jrc220923_m167_1019_1_1/21,"2022-09-23T10:17:24,034+0200",visu_pars.VisuCreationDate
20220923_084958_jrc220923_m167_1019_1_1/22,"2022-09-23T10:33:55,896+0200",visu_pars.VisuCreationDate
20220923_084958_jrc220923_m167_1019_1_1/23,"2022-09-23T10:44:06,948+0200",visu_pars.VisuCreationDate
20220923_084958_jrc220923_m167_1019_1_1/5,"2022-09-23T09:21:55,040+0200",visu_pars.VisuCreationDate
20220923_084958_jrc220923_m167_1019_1_1/6,"2022-09-23T09:23:28,406+0200",visu_pars.VisuCreationDate
20220923_084958_jrc220923_m167_1019_1_1/7,"2022-09-23T09:27:27,788+0200",visu_pars.VisuCreationDate
20220923_084958_jrc220923_m167_1019_1_1/8,"2022-09-23T09:32:17,927+0200",visu_pars.VisuCreationDate
20220923_084958_jrc220923_m167_1019_1_1/9,"2022-09-23T09:36:08,280+0200",visu_pars.VisuCreationDate
20220923_103822_jrc220923_m168_1019_1_1/1,"2022-09-23T10:55:59,705+0200",visu_pars.VisuCreationDate
20220923_103822_jrc220923_m168_1019_1_1/10,"2022-09-23T11:19:46,475+0200",visu_pars.VisuCreationDate
20220923_103822_jrc220923_m168_1019_1_1/11,"2022-09-23T11:23:27,275+0200",visu_pars.VisuCreationDate
20220923_103822_jrc220923_m168_1019_1_1/12,"2022-09-23T11:27:08,005+0200",visu_pars.VisuCreationDate
20220923_103822_jrc220923_m168_1019_1_1/13,"2022-09-23T11:30:49,157+0200",visu_pars.VisuCreationDate
20220923_103822_jrc220923_m168_1019_1_1/14,"2022-09-23T11:34:29,900+0200",visu_pars.VisuCreationDate
20220923_103822_jrc220923_m168_1019_1_1/15,"2022-09-23T11:38:10,695+0200",visu_pars.VisuCreationDate
20220923_103822_jrc220923_m168_1019_1_1/16,"2022-09-23T11:41:51,208+0200",visu_pars.VisuCreationDate
20220923_103822_jrc220923_m168_1019_1_1/17,"2022-09-23T11:45:31,809+0200",visu_pars.VisuCreationDate
20220923_103822_jrc220923_m168_1019_1_1/18,"2022-09-23T11:49:12,335+0200",visu_pars.VisuCreationDate
20220923_103822_jrc220923_m168_1019_1_1/19,"2022-09-23T11:52:52,813+0200",visu_pars.VisuCreationDate
20220923_103822_jrc220923_m168_1019_1_1/2,"2022-09-23T10:57:27,295+0200",visu_pars.VisuCreationDate
20220923_103822_jrc220923_m168_1019_1_1/20,"2022-09-23T11:57:01,218+0200",visu_pars.VisuCreationDate
20220923_103822_jrc220923_m168_1019_1_1/21,"2022-09-23T12:14:28,482+0200",visu_pars.VisuCreationDate
20220923_103822_jrc220923_m168_1019_1_1/22,"2022-09-23T12:31:17,798+0200",visu_pars.VisuCreationDate
20220923_103822_jrc220923_m168_1019_1_1/3,"2022-09-23T10:58:53,814+0200",visu_pars.VisuCreationDate
20220923_103822_jrc220923_m168_1019_1_1/4,"2022-09-23T11:00:14,645+0200",visu_pars.VisuCreationDate
20220923_103822_jrc220923_m168_1019_1_1/5,"2022-09-23T11:03:56,700+0200",visu_pars.VisuCreationDate
20220923_103822_jrc220923_m168_1019_1_1/7,"2022-09-23T11:08:44,513+0200",visu_pars.VisuCreationDate
20220923_103822_jrc220923_m168_1019_1_1/8,"2022-09-23T11:12:25,456+0200",visu_pars.VisuCreationDate
20220923_103822_jrc220923_m168_1019_1_1/9,"2022-09-23T11:16:05,876+0200",visu_pars.VisuCreationDate
20220926_082246_jrc220926_m169_1019_1_1/10,"2022-09-26T09:04:52,210+0200",visu_pars.VisuCreationDate
20220926_082246_jrc220926_m169_1019_1_1/11,"2022-09-26T09:08:33,085+0200",visu_pars.VisuCreationDate
20220926_082246_jrc220926_m169_1019_1_1/12,"2022-09-26T09:12:14,177+0200",visu_pars.VisuCreationDate
20220926_082246_jrc220926_m169_1019_1_1/13,"2022-09-26T09:15:54,847+0200",visu_pars.VisuCreationDate
20220926_082246_jrc220926_m169_1019_1_1/14,"2022-09-26T09:19:35,055+0200",visu_pars.VisuCreationDate
20220926_082246_jrc220926_m169_1019_1_1/15,"2022-09-26T09:23:15,787+0200",visu_pars.VisuCreationDate
20220926_082246_jrc220926_m169_1019_1_1/16,"2022-09-26T09:26:56,412+0200",visu_pars.VisuCreationDate
20220926_082246_jrc220926_m169_1019_1_1/17,"2022-09-26T09:30:36,801+0200",visu_pars.VisuCreationDate
20220926_082246_jrc220926_m169_1019_1_1/18,"2022-09-26T09:34:17,290+0200",visu_pars.VisuCreationDate
20220926_082246_jrc220926_m169_1019_1_1/2,"2022-09-26T08:45:07,404+0200",visu_pars.VisuCreationDate
20220926_082246_jrc220926_m169_1019_1_1/20,"2022-09-26T09:38:35,521+0200",visu_pars.VisuCreationDate
20220926_082246_jrc220926_m169_1019_1_1/22,"2022-09-26T09:43:40,521+0200",visu_pars.VisuCreationDate
20220926_082246_jrc220926_m169_1019_1_1/23,"2022-09-26T09:58:12,456+0200",visu_pars.VisuCreationDate
20220926_082246_jrc220926_m169_1019_1_1/3,"2022-09-26T08:46:33,460+0200",visu_pars.VisuCreationDate
20220926_082246_jrc220926_m169_1019_1_1/4,"2022-09-26T08:49:34,634+0200",visu_pars.VisuCreationDate
20220926_082246_jrc220926_m169_1019_1_1/6,"2022-09-26T08:48:17,359+0200",visu_pars.VisuCreationDate
20220926_082246_jrc220926_m169_1019_1_1/7,"2022-09-26T08:53:16,730+0200",visu_pars.VisuCreationDate
20220926_082246_jrc220926_m169_1019_1_1/8,"2022-09-26T08:57:30,876+0200",visu_pars.VisuCreationDate
20220926_082246_jrc220926_m169_1019_1_1/9,"2022-09-26T09:01:11,525+0200",visu_pars.VisuCreationDate
20220926_095450_jrc220926_m170_1019_1_1/10,"2022-09-26T10:28:45,092+0200",visu_pars.VisuCreationDate
20220926_095450_jrc220926_m170_1019_1_1/11,"2022-09-26T10:32:25,542+0200",visu_pars.VisuCreationDate
20220926_095450_jrc220926_m170_1019_1_1/12,"2022-09-26T10:36:06,272+0200",visu_pars.VisuCreationDate
20220926_095450_jrc220926_m170_1019_1_1/13,"2022-09-26T10:39:46,985+0200",visu_pars.VisuCreationDate
20220926_095450_jrc220926_m170_1019_1_1/14,"2022-09-26T10:43:27,757+0200",visu_pars.VisuCreationDate
20220926_095450_jrc220926_m170_1019_1_1/15,"2022-09-26T10:47:08,410+0200",visu_pars.VisuCreationDate
20220926_095450_jrc220926_m170_1019_1_1/16,"2022-09-26T10:50:49,087+0200",visu_pars.VisuCreationDate
20220926_095450_jrc220926_m170_1019_1_1/17,"2022-09-26T10:54:29,786+0200",visu_pars.VisuCreationDate
20220926_095450_jrc220926_m170_1019_1_1/18,"2022-09-26T10:58:10,468+0200",visu_pars.VisuCreationDate
20220926_095450_jrc220926_m170_1019_1_1/19,"2022-09-26T11:01:51,223+0200",visu_pars.VisuCreationDate
20220926_095450_jrc220926_m170_1019_1_1/20,"2022-09-26T11:05:32,035+0200",visu_pars.VisuCreationDate
20220926_095450_jrc220926_m170_1019_1_1/21,"2022-09-26T11:09:12,762+0200",visu_pars.VisuCreationDate
20220926_095450_jrc220926_m170_1019_1_1/22,"2022-09-26T11:12:53,253+0200",visu_pars.VisuCreationDate
20220926_095450_jrc220926_m170_1019_1_1/23,"2022-09-26T11:16:34,063+0200",visu_pars.VisuCreationDate
20220926_095450_jrc220926_m170_1019_1_1/24,"2022-09-26T11:20:59,524+0200",visu_pars.VisuCreationDate
20220926_095450_jrc220926_m170_1019_1_1/25,"2022-09-26T11:41:46,864+0200",visu_pars.VisuCreationDate
20220926_095450_jrc220926_m170_1019_1_1/4,"2022-09-26T10:14:29,239+0200",visu_pars.VisuCreationDate
20220926_095450_jrc220926_m170_1019_1_1/5,"2022-09-26T10:17:02,553+0200",visu_pars.VisuCreationDate
20220926_095450_jrc220926_m170_1019_1_1/6,"2022-09-26T10:18:26,918+0200",visu_pars.VisuCreationDate
20220926_095450_jrc220926_m170_1019_1_1/7,"2022-09-26T10:21:12,673+0200",visu_pars.VisuCreationDate
20220926_095450_jrc220926_m170_1019_1_1/8,"2022-09-26T10:19:57,967+0200",visu_pars.VisuCreationDate
20220926_095450_jrc220926_m170_1019_1_1/9,"2022-09-26T10:24:54,576+0200",visu_pars.VisuCreationDate
20220926_115432_jrc220926_m160_1019_1_1/1,"2022-09-26T12:00:24,560+0200",visu_pars.VisuCreationDate
20220926_115432_jrc220926_m160_1019_1_1/10,"2022-09-26T12:27:23,218+0200",visu_pars.VisuCreationDate
20220926_115432_jrc220926_m160_1019_1_1/11,"2022-09-26T12:31:03,705+0200",visu_pars.VisuCreationDate
20220926_115432_jrc220926_m160_1019_1_1/12,"2022-09-26T12:34:44,310+0200",visu_pars.VisuCreationDate
20220926_115432_jrc220926_m160_1019_1_1/13,"2022-09-26T12:38:25,054+0200",visu_pars.VisuCreationDate
20220926_115432_jrc220926_m160_1019_1_1/14,"2022-09-26T12:42:05,687+0200",visu_pars.VisuCreationDate
20220926_115432_jrc220926_m160_1019_1_1/15,"2022-09-26T12:45:46,393+0200",visu_pars.VisuCreationDate
20220926_115432_jrc220926_m160_1019_1_1/16,"2022-09-26T12:49:26,993+0200",visu_pars.VisuCreationDate
20220926_115432_jrc220926_m160_1019_1_1/17,"2022-09-26T12:53:07,965+0200",visu_pars.VisuCreationDate
20220926_115432_jrc220926_m160_1019_1_1/18,"2022-09-26T12:56:48,713+0200",visu_pars.VisuCreationDate
20220926_115432_jrc220926_m160_1019_1_1/19,"2022-09-26T13:00:29,298+0200",visu_pars.VisuCreationDate
20220926_115432_jrc220926_m160_1019_1_1/2,"2022-09-26T12:01:48,401+0200",visu_pars.VisuCreationDate
20220926_115432_jrc220926_m160_1019_1_1/20,"2022-09-26T13:04:20,025+0200",visu_pars.VisuCreationDate
20220926_115432_jrc220926_m160_1019_1_1/21,"2022-09-26T13:21:14,606+0200",visu_pars.VisuCreationDate
20220926_115432_jrc220926_m160_1019_1_1/3,"2022-09-26T12:03:20,586+0200",visu_pars.VisuCreationDate
20220926_115432_jrc220926_m160_1019_1_1/4,"2022-09-26T12:04:43,743+0200",visu_pars.VisuCreationDate
20220926_115432_jrc220926_m160_1019_1_1/5,"2022-09-26T12:08:48,219+0200",visu_pars.VisuCreationDate
20220926_115432_jrc220926_m160_1019_1_1/6,"2022-09-26T12:12:40,448+0200",visu_pars.VisuCreationDate
20220926_115432_jrc220926_m160_1019_1_1/7,"2022-09-26T12:16:20,975+0200",visu_pars.VisuCreationDate
20220926_115432_jrc220926_m160_1019_1_1/8,"2022-09-26T12:20:01,719+0200",visu_pars.VisuCreationDate
20220926_115432_jrc220926_m160_1019_1_1/9,"2022-09-26T12:23:42,551+0200",visu_pars.VisuCreationDate
20220926_131129_jrc220926_m161_1019_1_1/1,"2022-09-26T13:34:20,947+0200",visu_pars.VisuCreationDate
20220926_131129_jrc220926_m161_1019_1_1/10,"2022-09-26T14:03:59,084+0200",visu_pars.VisuCreationDate
20220926_131129_jrc220926_m161_1019_1_1/11,"2022-09-26T14:07:39,635+0200",visu_pars.VisuCreationDate
20220926_131129_jrc220926_m161_1019_1_1/12,"2022-09-26T14:11:20,406+0200",visu_pars.VisuCreationDate
20220926_131129_jrc220926_m161_1019_1_1/13,"2022-09-26T14:15:01,071+0200",visu_pars.VisuCreationDate
20220926_131129_jrc220926_m161_1019_1_1/14,"2022-09-26T14:18:42,002+0200",visu_pars.VisuCreationDate
20220926_131129_jrc220926_m161_1019_1_1/15,"2022-09-26T14:22:22,856+0200",visu_pars.VisuCreationDate
20220926_131129_jrc220926_m161_1019_1_1/16,"2022-09-26T14:26:03,443+0200",visu_pars.VisuCreationDate
20220926_131129_jrc220926_m161_1019_1_1/17,"2022-09-26T14:29:44,238+0200",visu_pars.VisuCreationDate
20220926_131129_jrc220926_m161_1019_1_1/18,"2022-09-26T14:33:24,807+0200",visu_pars.VisuCreationDate
20220926_131129_jrc220926_m161_1019_1_1/19,"2022-09-26T14:37:05,379+0200",visu_pars.VisuCreationDate
20220926_131129_jrc220926_m161_1019_1_1/2,"2022-09-26T13:35:48,475+0200",visu_pars.VisuCreationDate
20220926_131129_jrc220926_m161_1019_1_1/20,"2022-09-26T14:41:13,597+0200",visu_pars.VisuCreationDate
20220926_131129_jrc220926_m161_1019_1_1/21,"2022-09-26T15:00:05,735+0200",visu_pars.VisuCreationDate
20220926_131129_jrc220926_m161_1019_1_1/3,"2022-09-26T13:38:24,797+0200",visu_pars.VisuCreationDate
20220926_131129_jrc220926_m161_1019_1_1/4,"2022-09-26T13:40:15,459+0200",visu_pars.VisuCreationDate
20220926_131129_jrc220926_m161_1019_1_1/5,"2022-09-26T13:44:31,287+0200",visu_pars.VisuCreationDate
20220926_131129_jrc220926_m161_1019_1_1/6,"2022-09-26T13:49:16,331+0200",visu_pars.VisuCreationDate
20220926_131129_jrc220926_m161_1019_1_1/7,"2022-09-26T13:52:56,924+0200",visu_pars.VisuCreationDate
20220926_131129_jrc220926_m161_1019_1_1/8,"2022-09-26T13:56:37,518+0200",visu_pars.VisuCreationDate
20220926_131129_jrc220926_m161_1019_1_1/9,"2022-09-26T14:00:18,228+0200",visu_pars.VisuCreationDate
20220926_144958_jrc220926_m162_1019_1_1/1,"2022-09-26T15:13:25,804+0200",visu_pars.VisuCreationDate
20220926_144958_jrc220926_m162_1019_1_1/10,"2022-09-26T15:36:49,252+0200",visu_pars.VisuCreationDate
20220926_144958_jrc220926_m162_1019_1_1/11,"2022-09-26T15:40:29,899+0200",visu_pars.VisuCreationDate
20220926_144958_jrc220926_m162_1019_1_1/12,"2022-09-26T15:44:10,604+0200",visu_pars.VisuCreationDate
20220926_144958_jrc220926_m162_1019_1_1/13,"2022-09-26T15:47:51,397+0200",visu_pars.VisuCreationDate
20220926_144958_jrc220926_m162_1019_1_1/14,"2022-09-26T15:51:32,117+0200",visu_pars.VisuCreationDate
20220926_144958_jrc220926_m162_1019_1_1/15,"2022-09-26T15:55:12,934+0200",visu_pars.VisuCreationDate
20220926_144958_jrc220926_m162_1019_1_1/16,"2022-09-26T15:58:53,398+0200",visu_pars.VisuCreationDate
20220926_144958_jrc220926_m162_1019_1_1/17,"2022-09-26T16:02:34,441+0200",visu_pars.VisuCreationDate
20220926_144958_jrc220926_m162_1019_1_1/18,"2022-09-26T16:06:19,285+0200",visu_pars.VisuCreationDate
20220926_144958_jrc220926_m162_1019_1_1/19,"2022-09-26T16:10:00,043+0200",visu_pars.VisuCreationDate
20220926_144958_jrc220926_m162_1019_1_1/2,"2022-09-26T15:14:48,774+0200",visu_pars.VisuCreationDate
20220926_144958_jrc220926_m162_1019_1_1/20,"2022-09-26T16:14:17,841+0200",visu_pars.VisuCreationDate
20220926_144958_jrc220926_m162_1019_1_1/21,"2022-09-26T16:35:45,653+0200",visu_pars.VisuCreationDate
20220926_144958_jrc220926_m162_1019_1_1/4,"2022-09-26T15:17:58,913+0200",visu_pars.VisuCreationDate
20220926_144958_jrc220926_m162_1019_1_1/5,"2022-09-26T15:16:40,026+0200",visu_pars.VisuCreationDate
20220926_144958_jrc220926_m162_1019_1_1/6,"2022-09-26T15:21:40,962+0200",visu_pars.VisuCreationDate
20220926_144958_jrc220926_m162_1019_1_1/7,"2022-09-26T15:25:46,898+0200",visu_pars.VisuCreationDate
20220926_144958_jrc220926_m162_1019_1_1/8,"2022-09-26T15:29:27,725+0200",visu_pars.VisuCreationDate
20220926_144958_jrc220926_m162_1019_1_1/9,"2022-09-26T15:33:08,450+0200",visu_pars.VisuCreationDate
20220926_163621_jrc220926_m163_1019_1_1/1,"2022-09-26T16:51:07,519+0200",visu_pars.VisuCreationDate
20220926_163621_jrc220926_m163_1019_1_1/10,"2022-09-26T17:18:28,126+0200",visu_pars.VisuCreationDate
20220926_163621_jrc220926_m163_1019_1_1/11,"2022-09-26T17:22:09,012+0200",visu_pars.VisuCreationDate
20220926_163621_jrc220926_m163_1019_1_1/12,"2022-09-26T17:25:49,632+0200",visu_pars.VisuCreationDate
20220926_163621_jrc220926_m163_1019_1_1/13,"2022-09-26T17:29:29,872+0200",visu_pars.VisuCreationDate
20220926_163621_jrc220926_m163_1019_1_1/14,"2022-09-26T17:33:10,663+0200",visu_pars.VisuCreationDate
20220926_163621_jrc220926_m163_1019_1_1/15,"2022-09-26T17:36:51,289+0200",visu_pars.VisuCreationDate
20220926_163621_jrc220926_m163_1019_1_1/16,"2022-09-26T17:40:32,022+0200",visu_pars.VisuCreationDate
20220926_163621_jrc220926_m163_1019_1_1/17,"2022-09-26T17:44:12,654+0200",visu_pars.VisuCreationDate
20220926_163621_jrc220926_m163_1019_1_1/18,"2022-09-26T17:47:53,333+0200",visu_pars.VisuCreationDate
20220926_163621_jrc220926_m163_1019_1_1/19,"2022-09-26T17:52:52,012+0200",visu_pars.VisuCreationDate
20220926_163621_jrc220926_m163_1019_1_1/2,"2022-09-26T16:52:32,877+0200",visu_pars.VisuCreationDate
20220926_163621_jrc220926_m163_1019_1_1/20,"2022-09-26T18:09:18,077+0200",visu_pars.VisuCreationDate
20220926_163621_jrc220926_m163_1019_1_1/3,"2022-09-26T16:53:56,762+0200",visu_pars.VisuCreationDate
20220926_163621_jrc220926_m163_1019_1_1/4,"2022-09-26T16:55:10,902+0200",visu_pars.VisuCreationDate
20220926_163621_jrc220926_m163_1019_1_1/5,"2022-09-26T16:58:52,823+0200",visu_pars.VisuCreationDate
20220926_163621_jrc220926_m163_1019_1_1/6,"2022-09-26T17:03:42,816+0200",visu_pars.VisuCreationDate
20220926_163621_jrc220926_m163_1019_1_1/7,"2022-09-26T17:07:23,425+0200",visu_pars.VisuCreationDate
20220926_163621_jrc220926_m163_1019_1_1/8,"2022-09-26T17:11:06,829+0200",visu_pars.VisuCreationDate
20220926_163621_jrc220926_m163_1019_1_1/9,"2022-09-26T17:14:47,688+0200",visu_pars.VisuCreationDate
20220927_125057_jrc220927_m164_1019_1_1/10,"2022-09-27T13:25:31,147+0200",visu_pars.VisuCreationDate
20220927_125057_jrc220927_m164_1019_1_1/11,"2022-09-27T13:29:11,969+0200",visu_pars.VisuCreationDate
20220927_125057_jrc220927_m164_1019_1_1/12,"2022-09-27T13:32:52,644+0200",visu_pars.VisuCreationDate
20220927_125057_jrc220927_m164_1019_1_1/13,"2022-09-27T13:36:33,242+0200",visu_pars.VisuCreationDate
20220927_125057_jrc220927_m164_1019_1_1/14,"2022-09-27T13:40:13,878+0200",visu_pars.VisuCreationDate
20220927_125057_jrc220927_m164_1019_1_1/15,"2022-09-27T13:43:54,525+0200",visu_pars.VisuCreationDate
20220927_125057_jrc220927_m164_1019_1_1/16,"2022-09-27T13:47:34,943+0200",visu_pars.VisuCreationDate
20220927_125057_jrc220927_m164_1019_1_1/17,"2022-09-27T13:51:15,615+0200",visu_pars.VisuCreationDate
20220927_125057_jrc220927_m164_1019_1_1/18,"2022-09-27T13:54:56,086+0200",visu_pars.VisuCreationDate
20220927_125057_jrc220927_m164_1019_1_1/20,"2022-09-27T14:07:50,538+0200",visu_pars.VisuCreationDate
20220927_125057_jrc220927_m164_1019_1_1/21,"2022-09-27T14:03:20,594+0200",visu_pars.VisuCreationDate
20220927_125057_jrc220927_m164_1019_1_1/22,"2022-09-27T14:20:23,540+0200",visu_pars.VisuCreationDate
20220927_125057_jrc220927_m164_1019_1_1/3,"2022-09-27T13:06:12,702+0200",visu_pars.VisuCreationDate
20220927_125057_jrc220927_m164_1019_1_1/4,"2022-09-27T13:07:30,369+0200",visu_pars.VisuCreationDate
20220927_125057_jrc220927_m164_1019_1_1/5,"2022-09-27T13:09:03,214+0200",visu_pars.VisuCreationDate
20220927_125057_jrc220927_m164_1019_1_1/6,"2022-09-27T13:10:26,722+0200",visu_pars.VisuCreationDate
20220927_125057_jrc220927_m164_1019_1_1/7,"2022-09-27T13:14:08,891+0200",visu_pars.VisuCreationDate
20220927_125057_jrc220927_m164_1019_1_1/8,"2022-09-27T13:18:09,784+0200",visu_pars.VisuCreationDate
20220927_125057_jrc220927_m164_1019_1_1/9,"2022-09-27T13:21:50,438+0200",visu_pars.VisuCreationDate
20220927_141843_jrc220927_m165_1019_1_1/1,"2022-09-27T14:31:52,271+0200",visu_pars.VisuCreationDate
20220927_141843_jrc220927_m165_1019_1_1/10,"2022-09-27T14:55:28,534+0200",visu_pars.VisuCreationDate
20220927_141843_jrc220927_m165_1019_1_1/11,"2022-09-27T15:02:49,655+0200",visu_pars.VisuCreationDate
20220927_141843_jrc220927_m165_1019_1_1/12,"2022-09-27T15:07:43,476+0200",visu_pars.VisuCreationDate
20220927_141843_jrc220927_m165_1019_1_1/13,"2022-09-27T15:11:24,409+0200",visu_pars.VisuCreationDate
20220927_141843_jrc220927_m165_1019_1_1/14,"2022-09-27T15:15:04,989+0200",visu_pars.VisuCreationDate
20220927_141843_jrc220927_m165_1019_1_1/15,"2022-09-27T15:18:45,714+0200",visu_pars.VisuCreationDate
20220927_141843_jrc220927_m165_1019_1_1/16,"2022-09-27T15:22:26,459+0200",visu_pars.VisuCreationDate
20220927_141843_jrc220927_m165_1019_1_1/17,"2022-09-27T15:26:07,242+0200",visu_pars.VisuCreationDate
20220927_141843_jrc220927_m165_1019_1_1/18,"2022-09-27T15:29:47,875+0200",visu_pars.VisuCreationDate
20220927_141843_jrc220927_m165_1019_1_1/19,"2022-09-27T14:59:09,184+0200",visu_pars.VisuCreationDate
20220927_141843_jrc220927_m165_1019_1_1/2,"2022-09-27T14:33:19,734+0200",visu_pars.VisuCreationDate
20220927_141843_jrc220927_m165_1019_1_1/20,"2022-09-27T15:33:28,319+0200",visu_pars.VisuCreationDate
20220927_141843_jrc220927_m165_1019_1_1/22,"2022-09-27T15:04:01,597+0200",visu_pars.VisuCreationDate
20220927_141843_jrc220927_m165_1019_1_1/23,"2022-09-27T15:54:32,036+0200",visu_pars.VisuCreationDate
20220927_141843_jrc220927_m165_1019_1_1/3,"2022-09-27T14:34:43,001+0200",visu_pars.VisuCreationDate
20220927_141843_jrc220927_m165_1019_1_1/4,"2022-09-27T14:35:58,461+0200",visu_pars.VisuCreationDate
20220927_141843_jrc220927_m165_1019_1_1/5,"2022-09-27T14:39:53,629+0200",visu_pars.VisuCreationDate
20220927_141843_jrc220927_m165_1019_1_1/7,"2022-09-27T14:44:26,635+0200",visu_pars.VisuCreationDate
20220927_141843_jrc220927_m165_1019_1_1/8,"2022-09-27T14:48:07,395+0200",visu_pars.VisuCreationDate
20220927_141843_jrc220927_m165_1019_1_1/9,"2022-09-27T14:51:47,941+0200",visu_pars.VisuCreationDate
20220927_155705_jrc220927_m171_1019_1_1/1,"2022-09-27T16:06:33,455+0200",visu_pars.VisuCreationDate
20220927_155705_jrc220927_m171_1019_1_1/10,"2022-09-27T16:49:43,462+0200",visu_pars.VisuCreationDate
20220927_155705_jrc220927_m171_1019_1_1/11,"2022-09-27T16:53:24,098+0200",visu_pars.VisuCreationDate
20220927_155705_jrc220927_m171_1019_1_1/12,"2022-09-27T16:57:04,981+0200",visu_pars.VisuCreationDate
20220927_155705_jrc220927_m171_1019_1_1/13,"2022-09-27T17:00:45,575+0200",visu_pars.VisuCreationDate
20220927_155705_jrc220927_m171_1019_1_1/14,"2022-09-27T17:04:26,444+0200",visu_pars.VisuCreationDate
20220927_155705_jrc220927_m171_1019_1_1/15,"2022-09-27T17:08:07,291+0200",visu_pars.VisuCreationDate
20220927_155705_jrc220927_m171_1019_1_1/16,"2022-09-27T17:11:48,124+0200",visu_pars.VisuCreationDate
20220927_155705_jrc220927_m171_1019_1_1/17,"2022-09-27T17:15:28,778+0200",visu_pars.VisuCreationDate
20220927_155705_jrc220927_m171_1019_1_1/18,"2022-09-27T17:19:09,420+0200",visu_pars.VisuCreationDate
20220927_155705_jrc220927_m171_1019_1_1/19,"2022-09-27T17:22:50,504+0200",visu_pars.VisuCreationDate
20220927_155705_jrc220927_m171_1019_1_1/2,"2022-09-27T16:10:00,585+0200",visu_pars.VisuCreationDate
20220927_155705_jrc220927_m171_1019_1_1/20,"2022-09-27T17:24:02,415+0200",visu_pars.VisuCreationDate
20220927_155705_jrc220927_m171_1019_1_1/21,"2022-09-27T16:42:22,208+0200",visu_pars.VisuCreationDate
20220927_155705_jrc220927_m171_1019_1_1/22,"2022-09-27T17:28:15,003+0200",visu_pars.VisuCreationDate
20220927_155705_jrc220927_m171_1019_1_1/23,"2022-09-27T17:45:01,764+0200",visu_pars.VisuCreationDate
20220927_155705_jrc220927_m171_1019_1_1/3,"2022-09-27T16:08:51,013+0200",visu_pars.VisuCreationDate
20220927_155705_jrc220927_m171_1019_1_1/4,"2022-09-27T16:11:40,743+0200",visu_pars.VisuCreationDate
20220927_155705_jrc220927_m171_1019_1_1/5,"2022-09-27T16:16:38,463+0200",visu_pars.VisuCreationDate
20220927_155705_jrc220927_m171_1019_1_1/6,"2022-09-27T16:12:56,455+0200",visu_pars.VisuCreationDate
20220927_155705_jrc220927_m171_1019_1_1/7,"2022-09-27T16:21:20,413+0200",visu_pars.VisuCreationDate
20220927_155705_jrc220927_m171_1019_1_1/9,"2022-09-27T16:46:02,744+0200",visu_pars.VisuCreationDate
20220928_153120_jrc220928_m172_1019_1_1/1,"2022-09-28T15:44:57,639+0200",visu_pars.VisuCreationDate
20220928_153120_jrc220928_m172_1019_1_1/10,"2022-09-28T16:13:07,118+0200",visu_pars.VisuCreationDate
20220928_153120_jrc220928_m172_1019_1_1/11,"2022-09-28T16:16:48,125+0200",visu_pars.VisuCreationDate
20220928_153120_jrc220928_m172_1019_1_1/12,"2022-09-28T16:20:28,711+0200",visu_pars.VisuCreationDate
20220928_153120_jrc220928_m172_1019_1_1/13,"2022-09-28T16:24:09,569+0200",visu_pars.VisuCreationDate
20220928_153120_jrc220928_m172_1019_1_1/14,"2022-09-28T16:27:50,446+0200",visu_pars.VisuCreationDate
20220928_153120_jrc220928_m172_1019_1_1/15,"2022-09-28T16:31:31,316+0200",visu_pars.VisuCreationDate
20220928_153120_jrc220928_m172_1019_1_1/16,"2022-09-28T16:35:12,238+0200",visu_pars.VisuCreationDate
20220928_153120_jrc220928_m172_1019_1_1/17,"2022-09-28T16:38:53,046+0200",visu_pars.VisuCreationDate
20220928_153120_jrc220928_m172_1019_1_1/18,"2022-09-28T16:40:04,799+0200",visu_pars.VisuCreationDate
20220928_153120_jrc220928_m172_1019_1_1/19,"2022-09-28T16:44:21,082+0200",visu_pars.VisuCreationDate
20220928_153120_jrc220928_m172_1019_1_1/2,"2022-09-28T15:46:31,729+0200",visu_pars.VisuCreationDate
20220928_153120_jrc220928_m172_1019_1_1/20,"2022-09-28T16:58:19,754+0200",visu_pars.VisuCreationDate
20220928_153120_jrc220928_m172_1019_1_1/3,"2022-09-28T15:47:50,619+0200",visu_pars.VisuCreationDate
20220928_153120_jrc220928_m172_1019_1_1/4,"2022-09-28T15:49:02,459+0200",visu_pars.VisuCreationDate
20220928_153120_jrc220928_m172_1019_1_1/5,"2022-09-28T15:52:44,839+0200",visu_pars.VisuCreationDate
20220928_153120_jrc220928_m172_1019_1_1/6,"2022-09-28T15:58:23,756+0200",visu_pars.VisuCreationDate
20220928_153120_jrc220928_m172_1019_1_1/7,"2022-09-28T16:02:04,312+0200",visu_pars.VisuCreationDate
20220928_153120_jrc220928_m172_1019_1_1/8,"2022-09-28T16:05:45,231+0200",visu_pars.VisuCreationDate
20220928_153120_jrc220928_m172_1019_1_1/9,"2022-09-28T16:09:25,951+0200",visu_pars.VisuCreationDate
20220928_165601_jrc220928_m166_1019_onlyflow_1_1/1,"2022-09-28T17:11:20,459+0200",visu_pars.VisuCreationDate
20220928_165601_jrc220928_m166_1019_onlyflow_1_1/2,"2022-09-28T17:13:29,407+0200",visu_pars.VisuCreationDate
20220928_165601_jrc220928_m166_1019_onlyflow_1_1/3,"2022-09-28T17:15:13,280+0200",visu_pars.VisuCreationDate
20220928_165601_jrc220928_m166_1019_onlyflow_1_1/4,"2022-09-28T17:16:52,652+0200",visu_pars.VisuCreationDate
20220928_165601_jrc220928_m166_1019_onlyflow_1_1/5,"2022-09-28T17:21:06,415+0200",visu_pars.VisuCreationDate
20220928_165601_jrc220928_m166_1019_onlyflow_1_1/6,"2022-09-28T17:35:15,915+0200",visu_pars.VisuCreationDate
20220928_165601_jrc220928_m166_1019_onlyflow_1_1/8,"2022-09-28T17:46:26,673+0200",visu_pars.VisuCreationDate
20221114_092726_jrc221114_m1_0522_1_1/10,"2022-11-14T10:11:29,188+0100",visu_pars.VisuCreationDate
20221114_092726_jrc221114_m1_0522_1_1/11,"2022-11-14T10:15:09,520+0100",visu_pars.VisuCreationDate
20221114_092726_jrc221114_m1_0522_1_1/12,"2022-11-14T10:18:49,883+0100",visu_pars.VisuCreationDate
20221114_092726_jrc221114_m1_0522_1_1/13,"2022-11-14T10:22:30,089+0100",visu_pars.VisuCreationDate
20221114_092726_jrc221114_m1_0522_1_1/14,"2022-11-14T10:26:10,600+0100",visu_pars.VisuCreationDate
20221114_092726_jrc221114_m1_0522_1_1/15,"2022-11-14T10:29:51,185+0100",visu_pars.VisuCreationDate
20221114_092726_jrc221114_m1_0522_1_1/16,"2022-11-14T10:33:31,545+0100",visu_pars.VisuCreationDate
20221114_092726_jrc221114_m1_0522_1_1/17,"2022-11-14T10:37:11,797+0100",visu_pars.VisuCreationDate
20221114_092726_jrc221114_m1_0522_1_1/18,"2022-11-14T10:40:52,495+0100",visu_pars.VisuCreationDate
20221114_092726_jrc221114_m1_0522_1_1/19,"2022-11-14T10:42:03,959+0100",visu_pars.VisuCreationDate
20221114_092726_jrc221114_m1_0522_1_1/2,"2022-11-14T09:46:30,910+0100",visu_pars.VisuCreationDate
20221114_092726_jrc221114_m1_0522_1_1/20,"2022-11-14T10:46:04,461+0100",visu_pars.VisuCreationDate
20221114_092726_jrc221114_m1_0522_1_1/21,"2022-11-14T10:54:57,612+0100",visu_pars.VisuCreationDate
20221114_092726_jrc221114_m1_0522_1_1/3,"2022-11-14T09:48:25,777+0100",visu_pars.VisuCreationDate
20221114_092726_jrc221114_m1_0522_1_1/4,"2022-11-14T09:49:51,395+0100",visu_pars.VisuCreationDate
20221114_092726_jrc221114_m1_0522_1_1/5,"2022-11-14T09:51:07,228+0100",visu_pars.VisuCreationDate
20221114_092726_jrc221114_m1_0522_1_1/6,"2022-11-14T09:55:33,366+0100",visu_pars.VisuCreationDate
20221114_092726_jrc221114_m1_0522_1_1/7,"2022-11-14T10:00:28,056+0100",visu_pars.VisuCreationDate
20221114_092726_jrc221114_m1_0522_1_1/8,"2022-11-14T10:04:08,308+0100",visu_pars.VisuCreationDate
20221114_092726_jrc221114_m1_0522_1_1/9,"2022-11-14T10:07:48,746+0100",visu_pars.VisuCreationDate
20221114_105547_jrc221114_m2_0522_1_1/1,"2022-11-14T11:10:12,503+0100",visu_pars.VisuCreationDate
20221114_105547_jrc221114_m2_0522_1_1/10,"2022-11-14T11:38:33,639+0100",visu_pars.VisuCreationDate
20221114_105547_jrc221114_m2_0522_1_1/11,"2022-11-14T11:42:13,998+0100",visu_pars.VisuCreationDate
20221114_105547_jrc221114_m2_0522_1_1/12,"2022-11-14T11:45:54,699+0100",visu_pars.VisuCreationDate
20221114_105547_jrc221114_m2_0522_1_1/13,"2022-11-14T11:49:35,049+0100",visu_pars.VisuCreationDate
20221114_105547_jrc221114_m2_0522_1_1/14,"2022-11-14T11:53:15,343+0100",visu_pars.VisuCreationDate
20221114_105547_jrc221114_m2_0522_1_1/15,"2022-11-14T11:56:55,644+0100",visu_pars.VisuCreationDate
20221114_105547_jrc221114_m2_0522_1_1/16,"2022-11-14T12:00:36,071+0100",visu_pars.VisuCreationDate
20221114_105547_jrc221114_m2_0522_1_1/17,"2022-11-14T12:02:16,440+0100",visu_pars.VisuCreationDate
20221114_105547_jrc221114_m2_0522_1_1/18,"2022-11-14T12:06:20,971+0100",visu_pars.VisuCreationDate
20221114_105547_jrc221114_m2_0522_1_1/19,"2022-11-14T12:15:46,235+0100",visu_pars.VisuCreationDate
20221114_105547_jrc221114_m2_0522_1_1/2,"2022-11-14T11:11:42,615+0100",visu_pars.VisuCreationDate
20221114_105547_jrc221114_m2_0522_1_1/3,"2022-11-14T11:13:56,010+0100",visu_pars.VisuCreationDate
20221114_105547_jrc221114_m2_0522_1_1/4,"2022-11-14T11:15:52,949+0100",visu_pars.VisuCreationDate
20221114_105547_jrc221114_m2_0522_1_1/5,"2022-11-14T11:19:34,670+0100",visu_pars.VisuCreationDate
20221114_105547_jrc221114_m2_0522_1_1/6,"2022-11-14T11:23:39,023+0100",visu_pars.VisuCreationDate
20221114_105547_jrc221114_m2_0522_1_1/7,"2022-11-14T11:27:19,343+0100",visu_pars.VisuCreationDate
20221114_105547_jrc221114_m2_0522_1_1/8,"2022-11-14T11:31:12,783+0100",visu_pars.VisuCreationDate
20221114_105547_jrc221114_m2_0522_1_1/9,"2022-11-14T11:34:53,056+0100",visu_pars.VisuCreationDate
20221114_122006_jrc221114_m3_0522_1_1/10,"2022-11-14T12:58:10,355+0100",visu_pars.VisuCreationDate
20221114_122006_jrc221114_m3_0522_1_1/11,"2022-11-14T13:05:31,099+0100",visu_pars.VisuCreationDate
20221114_122006_jrc221114_m3_0522_1_1/12,"2022-11-14T13:09:11,617+0100",visu_pars.VisuCreationDate
20221114_122006_jrc221114_m3_0522_1_1/13,"2022-11-14T13:12:51,802+0100",visu_pars.VisuCreationDate
20221114_122006_jrc221114_m3_0522_1_1/14,"2022-11-14T13:16:32,036+0100",visu_pars.VisuCreationDate
20221114_122006_jrc221114_m3_0522_1_1/15,"2022-11-14T13:20:12,285+0100",visu_pars.VisuCreationDate
20221114_122006_jrc221114_m3_0522_1_1/16,"2022-11-14T13:23:52,417+0100",visu_pars.VisuCreationDate
20221114_122006_jrc221114_m3_0522_1_1/17,"2022-11-14T13:27:32,690+0100",visu_pars.VisuCreationDate
20221114_122006_jrc221114_m3_0522_1_1/18,"2022-11-14T13:31:13,007+0100",visu_pars.VisuCreationDate
20221114_122006_jrc221114_m3_0522_1_1/19,"2022-11-14T12:54:28,894+0100",visu_pars.VisuCreationDate
20221114_122006_jrc221114_m3_0522_1_1/20,"2022-11-14T13:01:50,516+0100",visu_pars.VisuCreationDate
20221114_122006_jrc221114_m3_0522_1_1/21,"2022-11-14T13:44:01,309+0100",visu_pars.VisuCreationDate
20221114_122006_jrc221114_m3_0522_1_1/3,"2022-11-14T12:36:50,513+0100",visu_pars.VisuCreationDate
20221114_122006_jrc221114_m3_0522_1_1/4,"2022-11-14T12:38:22,400+0100",visu_pars.VisuCreationDate
20221114_122006_jrc221114_m3_0522_1_1/5,"2022-11-14T12:39:52,611+0100",visu_pars.VisuCreationDate
20221114_122006_jrc221114_m3_0522_1_1/6,"2022-11-14T12:41:18,155+0100",visu_pars.VisuCreationDate
20221114_122006_jrc221114_m3_0522_1_1/7,"2022-11-14T12:45:00,092+0100",visu_pars.VisuCreationDate
20221114_122006_jrc221114_m3_0522_1_1/8,"2022-11-14T12:49:17,284+0100",visu_pars.VisuCreationDate
20221114_122006_jrc221114_m3_0522_1_1/9,"2022-11-14T12:53:17,597+0100",visu_pars.VisuCreationDate
20221114_140204_jrc221114_m4_0522_1_1/1,"2022-11-14T14:12:58,422+0100",visu_pars.VisuCreationDate
20221114_140204_jrc221114_m4_0522_1_1/10,"2022-11-14T14:33:43,229+0100",visu_pars.VisuCreationDate
20221114_140204_jrc221114_m4_0522_1_1/11,"2022-11-14T14:37:49,089+0100",visu_pars.VisuCreationDate
20221114_140204_jrc221114_m4_0522_1_1/12,"2022-11-14T14:41:29,397+0100",visu_pars.VisuCreationDate
20221114_140204_jrc221114_m4_0522_1_1/13,"2022-11-14T14:45:09,798+0100",visu_pars.VisuCreationDate
20221114_140204_jrc221114_m4_0522_1_1/14,"2022-11-14T14:48:50,088+0100",visu_pars.VisuCreationDate
20221114_140204_jrc221114_m4_0522_1_1/15,"2022-11-14T14:52:30,422+0100",visu_pars.VisuCreationDate
20221114_140204_jrc221114_m4_0522_1_1/16,"2022-11-14T14:56:10,705+0100",visu_pars.VisuCreationDate
20221114_140204_jrc221114_m4_0522_1_1/17,"2022-11-14T14:59:51,321+0100",visu_pars.VisuCreationDate
20221114_140204_jrc221114_m4_0522_1_1/18,"2022-11-14T15:03:31,692+0100",visu_pars.VisuCreationDate
20221114_140204_jrc221114_m4_0522_1_1/19,"2022-11-14T15:07:11,877+0100",visu_pars.VisuCreationDate
20221114_140204_jrc221114_m4_0522_1_1/2,"2022-11-14T14:14:25,358+0100",visu_pars.VisuCreationDate
20221114_140204_jrc221114_m4_0522_1_1/20,"2022-11-14T15:10:52,076+0100",visu_pars.VisuCreationDate
20221114_140204_jrc221114_m4_0522_1_1/21,"2022-11-14T15:12:03,531+0100",visu_pars.VisuCreationDate
20221114_140204_jrc221114_m4_0522_1_1/22,"2022-11-14T15:16:24,562+0100",visu_pars.VisuCreationDate
20221114_140204_jrc221114_m4_0522_1_1/23,"2022-11-14T15:26:37,493+0100",visu_pars.VisuCreationDate
20221114_140204_jrc221114_m4_0522_1_1/3,"2022-11-14T14:15:59,720+0100",visu_pars.VisuCreationDate
20221114_140204_jrc221114_m4_0522_1_1/4,"2022-11-14T14:17:39,680+0100",visu_pars.VisuCreationDate
20221114_140204_jrc221114_m4_0522_1_1/5,"2022-11-14T14:19:38,995+0100",visu_pars.VisuCreationDate
20221114_140204_jrc221114_m4_0522_1_1/6,"2022-11-14T14:21:18,447+0100",visu_pars.VisuCreationDate
20221114_140204_jrc221114_m4_0522_1_1/7,"2022-11-14T14:22:44,882+0100",visu_pars.VisuCreationDate
20221114_140204_jrc221114_m4_0522_1_1/8,"2022-11-14T14:24:51,902+0100",visu_pars.VisuCreationDate
20221114_140204_jrc221114_m4_0522_1_1/9,"2022-11-14T14:28:45,295+0100",visu_pars.VisuCreationDate
20221115_114548_jrc221115_m6_0522_1_1/1,"2022-11-15T11:57:52,833+0100",visu_pars.VisuCreationDate
20221115_114548_jrc221115_m6_0522_1_1/10,"2022-11-15T12:23:19,469+0100",visu_pars.VisuCreationDate
20221115_114548_jrc221115_m6_0522_1_1/11,"2022-11-15T12:26:59,638+0100",visu_pars.VisuCreationDate
20221115_114548_jrc221115_m6_0522_1_1/12,"2022-11-15T12:30:39,890+0100",visu_pars.VisuCreationDate
20221115_114548_jrc221115_m6_0522_1_1/13,"2022-11-15T12:34:20,139+0100",visu_pars.VisuCreationDate
20221115_114548_jrc221115_m6_0522_1_1/14,"2022-11-15T12:38:00,437+0100",visu_pars.VisuCreationDate
20221115_114548_jrc221115_m6_0522_1_1/15,"2022-11-15T12:41:41,183+0100",visu_pars.VisuCreationDate
20221115_114548_jrc221115_m6_0522_1_1/16,"2022-11-15T12:45:21,520+0100",visu_pars.VisuCreationDate
20221115_114548_jrc221115_m6_0522_1_1/17,"2022-11-15T12:49:01,950+0100",visu_pars.VisuCreationDate
20221115_114548_jrc221115_m6_0522_1_1/18,"2022-11-15T12:52:42,245+0100",visu_pars.VisuCreationDate
20221115_114548_jrc221115_m6_0522_1_1/19,"2022-11-15T12:53:53,675+0100",visu_pars.VisuCreationDate
20221115_114548_jrc221115_m6_0522_1_1/2,"2022-11-15T11:59:54,906+0100",visu_pars.VisuCreationDate
20221115_114548_jrc221115_m6_0522_1_1/20,"2022-11-15T12:58:06,878+0100",visu_pars.VisuCreationDate
20221115_114548_jrc221115_m6_0522_1_1/21,"2022-11-15T13:07:39,090+0100",visu_pars.VisuCreationDate
20221115_114548_jrc221115_m6_0522_1_1/3,"2022-11-15T12:01:40,474+0100",visu_pars.VisuCreationDate
20221115_114548_jrc221115_m6_0522_1_1/4,"2022-11-15T12:03:11,950+0100",visu_pars.VisuCreationDate
20221115_114548_jrc221115_m6_0522_1_1/5,"2022-11-15T12:07:23,961+0100",visu_pars.VisuCreationDate
20221115_114548_jrc221115_m6_0522_1_1/7,"2022-11-15T12:12:02,557+0100",visu_pars.VisuCreationDate
20221115_114548_jrc221115_m6_0522_1_1/8,"2022-11-15T12:15:58,609+0100",visu_pars.VisuCreationDate
20221115_114548_jrc221115_m6_0522_1_1/9,"2022-11-15T12:19:38,905+0100",visu_pars.VisuCreationDate
20221115_133327_jrc221115_m7_0522_1_1/1,"2022-11-15T13:48:57,544+0100",visu_pars.VisuCreationDate
20221115_133327_jrc221115_m7_0522_1_1/10,"2022-11-15T14:12:21,951+0100",visu_pars.VisuCreationDate
20221115_133327_jrc221115_m7_0522_1_1/11,"2022-11-15T14:16:02,251+0100",visu_pars.VisuCreationDate
20221115_133327_jrc221115_m7_0522_1_1/12,"2022-11-15T14:19:42,873+0100",visu_pars.VisuCreationDate
20221115_133327_jrc221115_m7_0522_1_1/13,"2022-11-15T14:23:23,244+0100",visu_pars.VisuCreationDate
20221115_133327_jrc221115_m7_0522_1_1/14,"2022-11-15T14:27:03,533+0100",visu_pars.VisuCreationDate
20221115_133327_jrc221115_m7_0522_1_1/15,"2022-11-15T14:30:43,900+0100",visu_pars.VisuCreationDate
20221115_133327_jrc221115_m7_0522_1_1/16,"2022-11-15T14:34:24,259+0100",visu_pars.VisuCreationDate
20221115_133327_jrc221115_m7_0522_1_1/17,"2022-11-15T14:38:04,735+0100",visu_pars.VisuCreationDate
20221115_133327_jrc221115_m7_0522_1_1/18,"2022-11-15T14:41:45,005+0100",visu_pars.VisuCreationDate
20221115_133327_jrc221115_m7_0522_1_1/19,"2022-11-15T14:42:56,531+0100",visu_pars.VisuCreationDate
20221115_133327_jrc221115_m7_0522_1_1/2,"2022-11-15T13:50:18,102+0100",visu_pars.VisuCreationDate
20221115_133327_jrc221115_m7_0522_1_1/20,"2022-11-15T14:47:30,505+0100",visu_pars.VisuCreationDate
20221115_133327_jrc221115_m7_0522_1_1/21,"2022-11-15T14:59:59,282+0100",visu_pars.VisuCreationDate
20221115_133327_jrc221115_m7_0522_1_1/3,"2022-11-15T13:51:38,919+0100",visu_pars.VisuCreationDate
20221115_133327_jrc221115_m7_0522_1_1/4,"2022-11-15T13:53:20,469+0100",visu_pars.VisuCreationDate
20221115_133327_jrc221115_m7_0522_1_1/5,"2022-11-15T13:54:48,356+0100",visu_pars.VisuCreationDate
20221115_133327_jrc221115_m7_0522_1_1/7,"2022-11-15T13:58:50,620+0100",visu_pars.VisuCreationDate
20221115_133327_jrc221115_m7_0522_1_1/8,"2022-11-15T14:04:36,233+0100",visu_pars.VisuCreationDate
20221115_133327_jrc221115_m7_0522_1_1/9,"2022-11-15T14:08:41,580+0100",visu_pars.VisuCreationDate
20221128_090600_jrc221128_m8_0522_1_1/1,"2022-11-28T09:18:10,834+0100",visu_pars.VisuCreationDate
20221128_090600_jrc221128_m8_0522_1_1/10,"2022-11-28T09:46:31,904+0100",visu_pars.VisuCreationDate
20221128_090600_jrc221128_m8_0522_1_1/11,"2022-11-28T09:50:15,004+0100",visu_pars.VisuCreationDate
20221128_090600_jrc221128_m8_0522_1_1/12,"2022-11-28T09:53:56,509+0100",visu_pars.VisuCreationDate
20221128_090600_jrc221128_m8_0522_1_1/13,"2022-11-28T09:57:36,914+0100",visu_pars.VisuCreationDate
20221128_090600_jrc221128_m8_0522_1_1/14,"2022-11-28T10:01:17,147+0100",visu_pars.VisuCreationDate
20221128_090600_jrc221128_m8_0522_1_1/15,"2022-11-28T10:04:57,429+0100",visu_pars.VisuCreationDate
20221128_090600_jrc221128_m8_0522_1_1/16,"2022-11-28T10:08:37,774+0100",visu_pars.VisuCreationDate
20221128_090600_jrc221128_m8_0522_1_1/17,"2022-11-28T10:09:49,211+0100",visu_pars.VisuCreationDate
20221128_090600_jrc221128_m8_0522_1_1/18,"2022-11-28T10:14:06,920+0100",visu_pars.VisuCreationDate
20221128_090600_jrc221128_m8_0522_1_1/19,"2022-11-28T10:23:45,127+0100",visu_pars.VisuCreationDate
20221128_090600_jrc221128_m8_0522_1_1/2,"2022-11-28T09:19:43,039+0100",visu_pars.VisuCreationDate
20221128_090600_jrc221128_m8_0522_1_1/20,"2022-11-28T10:34:16,193+0100",visu_pars.VisuCreationDate
20221128_090600_jrc221128_m8_0522_1_1/3,"2022-11-28T09:21:29,996+0100",visu_pars.VisuCreationDate
20221128_090600_jrc221128_m8_0522_1_1/4,"2022-11-28T09:23:07,074+0100",visu_pars.VisuCreationDate
20221128_090600_jrc221128_m8_0522_1_1/5,"2022-11-28T09:27:16,351+0100",visu_pars.VisuCreationDate
20221128_090600_jrc221128_m8_0522_1_1/6,"2022-11-28T09:31:50,510+0100",visu_pars.VisuCreationDate
20221128_090600_jrc221128_m8_0522_1_1/7,"2022-11-28T09:35:31,017+0100",visu_pars.VisuCreationDate
20221128_090600_jrc221128_m8_0522_1_1/8,"2022-11-28T09:39:11,453+0100",visu_pars.VisuCreationDate
20221128_090600_jrc221128_m8_0522_1_1/9,"2022-11-28T09:42:51,666+0100",visu_pars.VisuCreationDate
20221128_103229_jrc221128_m9_0522_1_1/1,"2022-11-28T10:46:06,651+0100",visu_pars.VisuCreationDate
20221128_103229_jrc221128_m9_0522_1_1/10,"2022-11-28T11:14:04,897+0100",visu_pars.VisuCreationDate
20221128_103229_jrc221128_m9_0522_1_1/11,"2022-11-28T11:17:45,046+0100",visu_pars.VisuCreationDate
20221128_103229_jrc221128_m9_0522_1_1/12,"2022-11-28T11:21:25,435+0100",visu_pars.VisuCreationDate
20221128_103229_jrc221128_m9_0522_1_1/13,"2022-11-28T11:25:05,719+0100",visu_pars.VisuCreationDate
20221128_103229_jrc221128_m9_0522_1_1/14,"2022-11-28T11:28:45,954+0100",visu_pars.VisuCreationDate
20221128_103229_jrc221128_m9_0522_1_1/15,"2022-11-28T11:32:26,274+0100",visu_pars.VisuCreationDate
20221128_103229_jrc221128_m9_0522_1_1/16,"2022-11-28T11:36:06,420+0100",visu_pars.VisuCreationDate
20221128_103229_jrc221128_m9_0522_1_1/17,"2022-11-28T11:37:17,952+0100",visu_pars.VisuCreationDate
20221128_103229_jrc221128_m9_0522_1_1/18,"2022-11-28T11:41:54,778+0100",visu_pars.VisuCreationDate
20221128_103229_jrc221128_m9_0522_1_1/19,"2022-11-28T11:52:25,253+0100",visu_pars.VisuCreationDate
20221128_103229_jrc221128_m9_0522_1_1/2,"2022-11-28T10:47:47,963+0100",visu_pars.VisuCreationDate
20221128_103229_jrc221128_m9_0522_1_1/3,"2022-11-28T10:49:32,227+0100",visu_pars.VisuCreationDate
20221128_103229_jrc221128_m9_0522_1_1/4,"2022-11-28T10:51:02,042+0100",visu_pars.VisuCreationDate
20221128_103229_jrc221128_m9_0522_1_1/5,"2022-11-28T10:55:23,480+0100",visu_pars.VisuCreationDate
20221128_103229_jrc221128_m9_0522_1_1/6,"2022-11-28T10:59:23,665+0100",visu_pars.VisuCreationDate
20221128_103229_jrc221128_m9_0522_1_1/7,"2022-11-28T11:03:03,919+0100",visu_pars.VisuCreationDate
20221128_103229_jrc221128_m9_0522_1_1/8,"2022-11-28T11:06:44,309+0100",visu_pars.VisuCreationDate
20221128_103229_jrc221128_m9_0522_1_1/9,"2022-11-28T11:10:24,553+0100",visu_pars.VisuCreationDate
20221128_115338_jrc221128_m10_0522_1_1/10,"2022-11-28T12:30:32,595+0100",visu_pars.VisuCreationDate
20221128_115338_jrc221128_m10_0522_1_1/11,"2022-11-28T12:34:12,966+0100",visu_pars.VisuCreationDate
20221128_115338_jrc221128_m10_0522_1_1/12,"2022-11-28T12:38:22,961+0100",visu_pars.VisuCreationDate
20221128_115338_jrc221128_m10_0522_1_1/13,"2022-11-28T12:42:25,726+0100",visu_pars.VisuCreationDate
20221128_115338_jrc221128_m10_0522_1_1/14,"2022-11-28T12:46:06,074+0100",visu_pars.VisuCreationDate
20221128_115338_jrc221128_m10_0522_1_1/15,"2022-11-28T12:49:46,331+0100",visu_pars.VisuCreationDate
20221128_115338_jrc221128_m10_0522_1_1/16,"2022-11-28T12:53:26,526+0100",visu_pars.VisuCreationDate
20221128_115338_jrc221128_m10_0522_1_1/17,"2022-11-28T12:57:06,743+0100",visu_pars.VisuCreationDate
20221128_115338_jrc221128_m10_0522_1_1/18,"2022-11-28T13:00:46,842+0100",visu_pars.VisuCreationDate
20221128_115338_jrc221128_m10_0522_1_1/19,"2022-11-28T13:02:17,671+0100",visu_pars.VisuCreationDate
20221128_115338_jrc221128_m10_0522_1_1/20,"2022-11-28T13:06:04,769+0100",visu_pars.VisuCreationDate
20221128_115338_jrc221128_m10_0522_1_1/21,"2022-11-28T13:19:04,332+0100",visu_pars.VisuCreationDate
20221128_115338_jrc221128_m10_0522_1_1/22,"2022-11-28T13:31:49,571+0100",visu_pars.VisuCreationDate
20221128_115338_jrc221128_m10_0522_1_1/3,"2022-11-28T12:09:19,461+0100",visu_pars.VisuCreationDate
20221128_115338_jrc221128_m10_0522_1_1/4,"2022-11-28T12:10:42,958+0100",visu_pars.VisuCreationDate
20221128_115338_jrc221128_m10_0522_1_1/5,"2022-11-28T12:12:19,057+0100",visu_pars.VisuCreationDate
20221128_115338_jrc221128_m10_0522_1_1/6,"2022-11-28T12:14:04,069+0100",visu_pars.VisuCreationDate
20221128_115338_jrc221128_m10_0522_1_1/7,"2022-11-28T12:18:07,588+0100",visu_pars.VisuCreationDate
20221128_115338_jrc221128_m10_0522_1_1/8,"2022-11-28T12:22:48,212+0100",visu_pars.VisuCreationDate
20221128_115338_jrc221128_m10_0522_1_1/9,"2022-11-28T12:26:52,427+0100",visu_pars.VisuCreationDate
20221128_133259_jrc221128_m11_0522_1_1/1,"2022-11-28T13:45:40,869+0100",visu_pars.VisuCreationDate
20221128_133259_jrc221128_m11_0522_1_1/10,"2022-11-28T14:09:19,154+0100",visu_pars.VisuCreationDate
20221128_133259_jrc221128_m11_0522_1_1/11,"2022-11-28T14:12:59,321+0100",visu_pars.VisuCreationDate
20221128_133259_jrc221128_m11_0522_1_1/12,"2022-11-28T14:16:39,735+0100",visu_pars.VisuCreationDate
20221128_133259_jrc221128_m11_0522_1_1/13,"2022-11-28T14:20:19,919+0100",visu_pars.VisuCreationDate
20221128_133259_jrc221128_m11_0522_1_1/14,"2022-11-28T14:24:00,211+0100",visu_pars.VisuCreationDate
20221128_133259_jrc221128_m11_0522_1_1/15,"2022-11-28T14:27:40,649+0100",visu_pars.VisuCreationDate
20221128_133259_jrc221128_m11_0522_1_1/16,"2022-11-28T14:31:20,906+0100",visu_pars.VisuCreationDate
20221128_133259_jrc221128_m11_0522_1_1/17,"2022-11-28T14:35:01,319+0100",visu_pars.VisuCreationDate
20221128_133259_jrc221128_m11_0522_1_1/18,"2022-11-28T14:36:12,737+0100",visu_pars.VisuCreationDate
20221128_133259_jrc221128_m11_0522_1_1/19,"2022-11-28T14:40:42,067+0100",visu_pars.VisuCreationDate
20221128_133259_jrc221128_m11_0522_1_1/20,"2022-11-28T14:53:39,445+0100",visu_pars.VisuCreationDate
20221128_133259_jrc221128_m11_0522_1_1/3,"2022-11-28T13:49:14,587+0100",visu_pars.VisuCreationDate
20221128_133259_jrc221128_m11_0522_1_1/4,"2022-11-28T13:47:52,555+0100",visu_pars.VisuCreationDate
20221128_133259_jrc221128_m11_0522_1_1/5,"2022-11-28T13:50:29,959+0100",visu_pars.VisuCreationDate
20221128_133259_jrc221128_m11_0522_1_1/6,"2022-11-28T13:54:20,684+0100",visu_pars.VisuCreationDate
20221128_133259_jrc221128_m11_0522_1_1/7,"2022-11-28T13:58:18,302+0100",visu_pars.VisuCreationDate
20221128_133259_jrc221128_m11_0522_1_1/8,"2022-11-28T14:01:58,601+0100",visu_pars.VisuCreationDate
20221128_133259_jrc221128_m11_0522_1_1/9,"2022-11-28T14:05:38,855+0100",visu_pars.VisuCreationDate
20221128_145827_jrc221128_m12_0522_1_1/1,"2022-11-28T15:14:12,716+0100",visu_pars.VisuCreationDate
20221128_145827_jrc221128_m12_0522_1_1/10,"2022-11-28T15:39:39,676+0100",visu_pars.VisuCreationDate
20221128_145827_jrc221128_m12_0522_1_1/11,"2022-11-28T15:43:19,950+0100",visu_pars.VisuCreationDate
20221128_145827_jrc221128_m12_0522_1_1/12,"2022-11-28T15:47:00,569+0100",visu_pars.VisuCreationDate
20221128_145827_jrc221128_m12_0522_1_1/13,"2022-11-28T15:50:40,808+0100",visu_pars.VisuCreationDate
20221128_145827_jrc221128_m12_0522_1_1/14,"2022-11-28T15:54:21,046+0100",visu_pars.VisuCreationDate
20221128_145827_jrc221128_m12_0522_1_1/15,"2022-11-28T15:58:01,309+0100",visu_pars.VisuCreationDate
20221128_145827_jrc221128_m12_0522_1_1/16,"2022-11-28T16:05:22,310+0100",visu_pars.VisuCreationDate
20221128_145827_jrc221128_m12_0522_1_1/17,"2022-11-28T16:09:02,495+0100",visu_pars.VisuCreationDate
20221128_145827_jrc221128_m12_0522_1_1/18,"2022-11-28T16:10:13,973+0100",visu_pars.VisuCreationDate
20221128_145827_jrc221128_m12_0522_1_1/19,"2022-11-28T16:01:41,575+0100",visu_pars.VisuCreationDate
20221128_145827_jrc221128_m12_0522_1_1/2,"2022-11-28T15:15:42,842+0100",visu_pars.VisuCreationDate
20221128_145827_jrc221128_m12_0522_1_1/20,"2022-11-28T16:14:25,492+0100",visu_pars.VisuCreationDate
20221128_145827_jrc221128_m12_0522_1_1/21,"2022-11-28T16:25:07,911+0100",visu_pars.VisuCreationDate
20221128_145827_jrc221128_m12_0522_1_1/22,"2022-11-28T16:38:29,196+0100",visu_pars.VisuCreationDate
20221128_145827_jrc221128_m12_0522_1_1/3,"2022-11-28T15:17:20,796+0100",visu_pars.VisuCreationDate
20221128_145827_jrc221128_m12_0522_1_1/4,"2022-11-28T15:18:39,080+0100",visu_pars.VisuCreationDate
20221128_145827_jrc221128_m12_0522_1_1/5,"2022-11-28T15:20:16,616+0100",visu_pars.VisuCreationDate
20221128_145827_jrc221128_m12_0522_1_1/6,"2022-11-28T15:24:13,370+0100",visu_pars.VisuCreationDate
20221128_145827_jrc221128_m12_0522_1_1/7,"2022-11-28T15:28:38,533+0100",visu_pars.VisuCreationDate
20221128_145827_jrc221128_m12_0522_1_1/8,"2022-11-28T15:32:18,905+0100",visu_pars.VisuCreationDate
20221128_145827_jrc221128_m12_0522_1_1/9,"2022-11-28T15:35:59,384+0100",visu_pars.VisuCreationDate
20221129_120324_jrc221128_m13_0522_1_1/1,"2022-11-29T12:16:15,519+0100",visu_pars.VisuCreationDate
20221129_120324_jrc221128_m13_0522_1_1/10,"2022-11-29T12:35:59,083+0100",visu_pars.VisuCreationDate
20221129_120324_jrc221128_m13_0522_1_1/11,"2022-11-29T12:39:39,255+0100",visu_pars.VisuCreationDate
20221129_120324_jrc221128_m13_0522_1_1/12,"2022-11-29T12:43:19,563+0100",visu_pars.VisuCreationDate
20221129_120324_jrc221128_m13_0522_1_1/13,"2022-11-29T12:46:59,892+0100",visu_pars.VisuCreationDate
20221129_120324_jrc221128_m13_0522_1_1/14,"2022-11-29T12:50:40,112+0100",visu_pars.VisuCreationDate
20221129_120324_jrc221128_m13_0522_1_1/15,"2022-11-29T12:54:20,500+0100",visu_pars.VisuCreationDate
20221129_120324_jrc221128_m13_0522_1_1/16,"2022-11-29T12:58:00,749+0100",visu_pars.VisuCreationDate
20221129_120324_jrc221128_m13_0522_1_1/17,"2022-11-29T13:01:41,032+0100",visu_pars.VisuCreationDate
20221129_120324_jrc221128_m13_0522_1_1/18,"2022-11-29T13:05:21,160+0100",visu_pars.VisuCreationDate
20221129_120324_jrc221128_m13_0522_1_1/19,"2022-11-29T13:09:01,512+0100",visu_pars.VisuCreationDate
20221129_120324_jrc221128_m13_0522_1_1/20,"2022-11-29T13:10:55,645+0100",visu_pars.VisuCreationDate
20221129_120324_jrc221128_m13_0522_1_1/21,"2022-11-29T13:14:58,414+0100",visu_pars.VisuCreationDate
20221129_120324_jrc221128_m13_0522_1_1/22,"2022-11-29T13:25:09,260+0100",visu_pars.VisuCreationDate
20221129_120324_jrc221128_m13_0522_1_1/23,"2022-11-29T13:35:37,172+0100",visu_pars.VisuCreationDate
20221129_120324_jrc221128_m13_0522_1_1/3,"2022-11-29T12:18:13,600+0100",visu_pars.VisuCreationDate
20221129_120324_jrc221128_m13_0522_1_1/5,"2022-11-29T12:20:40,671+0100",visu_pars.VisuCreationDate
20221129_120324_jrc221128_m13_0522_1_1/6,"2022-11-29T12:22:11,950+0100",visu_pars.VisuCreationDate
20221129_120324_jrc221128_m13_0522_1_1/8,"2022-11-29T12:26:23,483+0100",visu_pars.VisuCreationDate
20221129_120324_jrc221128_m13_0522_1_1/9,"2022-11-29T12:32:18,827+0100",visu_pars.VisuCreationDate
20221129_141951_jrc221128_m14_0522_1_1/1,"2022-11-29T14:34:06,182+0100",visu_pars.VisuCreationDate
20221129_141951_jrc221128_m14_0522_1_1/10,"2022-11-29T15:05:38,605+0100",visu_pars.VisuCreationDate
20221129_141951_jrc221128_m14_0522_1_1/11,"2022-11-29T15:09:18,961+0100",visu_pars.VisuCreationDate
20221129_141951_jrc221128_m14_0522_1_1/12,"2022-11-29T15:12:59,312+0100",visu_pars.VisuCreationDate
20221129_141951_jrc221128_m14_0522_1_1/13,"2022-11-29T15:16:39,831+0100",visu_pars.VisuCreationDate
20221129_141951_jrc221128_m14_0522_1_1/14,"2022-11-29T15:20:20,031+0100",visu_pars.VisuCreationDate
20221129_141951_jrc221128_m14_0522_1_1/15,"2022-11-29T15:24:00,676+0100",visu_pars.VisuCreationDate
20221129_141951_jrc221128_m14_0522_1_1/16,"2022-11-29T15:27:40,992+0100",visu_pars.VisuCreationDate
20221129_141951_jrc221128_m14_0522_1_1/17,"2022-11-29T15:31:21,423+0100",visu_pars.VisuCreationDate
20221129_141951_jrc221128_m14_0522_1_1/18,"2022-11-29T15:35:01,745+0100",visu_pars.VisuCreationDate
20221129_141951_jrc221128_m14_0522_1_1/19,"2022-11-29T15:38:42,049+0100",visu_pars.VisuCreationDate
20221129_141951_jrc221128_m14_0522_1_1/2,"2022-11-29T14:35:29,015+0100",visu_pars.VisuCreationDate
20221129_141951_jrc221128_m14_0522_1_1/20,"2022-11-29T15:42:22,381+0100",visu_pars.VisuCreationDate
20221129_141951_jrc221128_m14_0522_1_1/3,"2022-11-29T14:36:55,750+0100",visu_pars.VisuCreationDate
20221129_141951_jrc221128_m14_0522_1_1/4,"2022-11-29T14:38:21,473+0100",visu_pars.VisuCreationDate
20221129_141951_jrc221128_m14_0522_1_1/5,"2022-11-29T14:42:21,250+0100",visu_pars.VisuCreationDate
20221129_141951_jrc221128_m14_0522_1_1/6,"2022-11-29T14:43:55,691+0100",visu_pars.VisuCreationDate
20221129_141951_jrc221128_m14_0522_1_1/7,"2022-11-29T14:48:05,673+0100",visu_pars.VisuCreationDate
20221129_141951_jrc221128_m14_0522_1_1/8,"2022-11-29T14:58:16,866+0100",visu_pars.VisuCreationDate
20221129_141951_jrc221128_m14_0522_1_1/9,"2022-11-29T15:01:58,161+0100",visu_pars.VisuCreationDate
20230216_085403_jrc230215_m15_0522_1_1/1,"2023-02-16T09:12:30,659+0100",visu_pars.VisuCreationDate
20230216_085403_jrc230215_m15_0522_1_1/10,"2023-02-16T09:42:05,378+0100",visu_pars.VisuCreationDate
20230216_085403_jrc230215_m15_0522_1_1/11,"2023-02-16T09:45:45,973+0100",visu_pars.VisuCreationDate
20230216_085403_jrc230215_m15_0522_1_1/12,"2023-02-16T09:49:26,700+0100",visu_pars.VisuCreationDate
20230216_085403_jrc230215_m15_0522_1_1/13,"2023-02-16T09:53:07,568+0100",visu_pars.VisuCreationDate
20230216_085403_jrc230215_m15_0522_1_1/14,"2023-02-16T09:56:48,233+0100",visu_pars.VisuCreationDate
20230216_085403_jrc230215_m15_0522_1_1/15,"2023-02-16T10:00:29,020+0100",visu_pars.VisuCreationDate
20230216_085403_jrc230215_m15_0522_1_1/16,"2023-02-16T10:04:09,898+0100",visu_pars.VisuCreationDate
20230216_085403_jrc230215_m15_0522_1_1/17,"2023-02-16T10:07:50,655+0100",visu_pars.VisuCreationDate
20230216_085403_jrc230215_m15_0522_1_1/2,"2023-02-16T09:15:38,934+0100",visu_pars.VisuCreationDate
20230216_085403_jrc230215_m15_0522_1_1/20,"2023-02-16T10:12:21,053+0100",visu_pars.VisuCreationDate
20230216_085403_jrc230215_m15_0522_1_1/21,"2023-02-16T10:28:48,975+0100",visu_pars.VisuCreationDate
20230216_085403_jrc230215_m15_0522_1_1/22,"2023-02-16T10:44:24,046+0100",visu_pars.VisuCreationDate
20230216_085403_jrc230215_m15_0522_1_1/3,"2023-02-16T09:17:53,863+0100",visu_pars.VisuCreationDate
20230216_085403_jrc230215_m15_0522_1_1/4,"2023-02-16T09:19:35,245+0100",visu_pars.VisuCreationDate
20230216_085403_jrc230215_m15_0522_1_1/5,"2023-02-16T09:21:26,910+0100",visu_pars.VisuCreationDate
20230216_085403_jrc230215_m15_0522_1_1/6,"2023-02-16T09:25:54,419+0100",visu_pars.VisuCreationDate
20230216_085403_jrc230215_m15_0522_1_1/7,"2023-02-16T09:30:43,171+0100",visu_pars.VisuCreationDate
20230216_085403_jrc230215_m15_0522_1_1/8,"2023-02-16T09:34:44,148+0100",visu_pars.VisuCreationDate
20230216_085403_jrc230215_m15_0522_1_1/9,"2023-02-16T09:38:24,814+0100",visu_pars.VisuCreationDate
20230216_102713_jrc230215_m16_0522_1_1/1,"2023-02-16T10:57:44,774+0100",visu_pars.VisuCreationDate
20230216_102713_jrc230215_m16_0522_1_1/10,"2023-02-16T11:21:57,291+0100",visu_pars.VisuCreationDate
20230216_102713_jrc230215_m16_0522_1_1/11,"2023-02-16T11:25:38,042+0100",visu_pars.VisuCreationDate
20230216_102713_jrc230215_m16_0522_1_1/12,"2023-02-16T11:29:18,897+0100",visu_pars.VisuCreationDate
20230216_102713_jrc230215_m16_0522_1_1/13,"2023-02-16T11:32:59,635+0100",visu_pars.VisuCreationDate
20230216_102713_jrc230215_m16_0522_1_1/14,"2023-02-16T11:36:40,266+0100",visu_pars.VisuCreationDate
20230216_102713_jrc230215_m16_0522_1_1/15,"2023-02-16T11:40:21,091+0100",visu_pars.VisuCreationDate
20230216_102713_jrc230215_m16_0522_1_1/16,"2023-02-16T11:44:01,700+0100",visu_pars.VisuCreationDate
20230216_102713_jrc230215_m16_0522_1_1/17,"2023-02-16T11:47:42,373+0100",visu_pars.VisuCreationDate
20230216_102713_jrc230215_m16_0522_1_1/18,"2023-02-16T11:51:23,037+0100",visu_pars.VisuCreationDate
20230216_102713_jrc230215_m16_0522_1_1/19,"2023-02-16T11:55:03,651+0100",visu_pars.VisuCreationDate
20230216_102713_jrc230215_m16_0522_1_1/22,"2023-02-16T12:19:06,897+0100",visu_pars.VisuCreationDate
20230216_102713_jrc230215_m16_0522_1_1/23,"2023-02-16T12:04:18,131+0100",visu_pars.VisuCreationDate
20230216_102713_jrc230215_m16_0522_1_1/24,"2023-02-16T12:31:13,462+0100",visu_pars.VisuCreationDate
20230216_102713_jrc230215_m16_0522_1_1/3,"2023-02-16T10:59:51,918+0100",visu_pars.VisuCreationDate
20230216_102713_jrc230215_m16_0522_1_1/4,"2023-02-16T11:02:28,100+0100",visu_pars.VisuCreationDate
20230216_102713_jrc230215_m16_0522_1_1/5,"2023-02-16T11:05:38,271+0100",visu_pars.VisuCreationDate
20230216_102713_jrc230215_m16_0522_1_1/6,"2023-02-16T11:03:47,091+0100",visu_pars.VisuCreationDate
20230216_102713_jrc230215_m16_0522_1_1/7,"2023-02-16T11:10:02,427+0100",visu_pars.VisuCreationDate
20230216_102713_jrc230215_m16_0522_1_1/8,"2023-02-16T11:14:35,610+0100",visu_pars.VisuCreationDate
20230216_102713_jrc230215_m16_0522_1_1/9,"2023-02-16T11:18:16,221+0100",visu_pars.VisuCreationDate
20230216_123437_jrc230215_m17_0522_1_1/1,"2023-02-16T12:45:30,413+0100",visu_pars.VisuCreationDate
20230216_123437_jrc230215_m17_0522_1_1/10,"2023-02-16T13:05:36,999+0100",visu_pars.VisuCreationDate
20230216_123437_jrc230215_m17_0522_1_1/11,"2023-02-16T13:09:17,718+0100",visu_pars.VisuCreationDate
20230216_123437_jrc230215_m17_0522_1_1/12,"2023-02-16T13:12:58,506+0100",visu_pars.VisuCreationDate
20230216_123437_jrc230215_m17_0522_1_1/13,"2023-02-16T13:16:39,153+0100",visu_pars.VisuCreationDate
20230216_123437_jrc230215_m17_0522_1_1/14,"2023-02-16T13:20:19,851+0100",visu_pars.VisuCreationDate
20230216_123437_jrc230215_m17_0522_1_1/15,"2023-02-16T13:24:00,637+0100",visu_pars.VisuCreationDate
20230216_123437_jrc230215_m17_0522_1_1/16,"2023-02-16T13:27:41,475+0100",visu_pars.VisuCreationDate
20230216_123437_jrc230215_m17_0522_1_1/17,"2023-02-16T13:31:22,018+0100",visu_pars.VisuCreationDate
20230216_123437_jrc230215_m17_0522_1_1/18,"2023-02-16T13:35:02,735+0100",visu_pars.VisuCreationDate
20230216_123437_jrc230215_m17_0522_1_1/19,"2023-02-16T13:38:43,640+0100",visu_pars.VisuCreationDate
20230216_123437_jrc230215_m17_0522_1_1/2,"2023-02-16T12:46:51,269+0100",visu_pars.VisuCreationDate
20230216_123437_jrc230215_m17_0522_1_1/20,"2023-02-16T13:43:53,112+0100",visu_pars.VisuCreationDate
20230216_123437_jrc230215_m17_0522_1_1/22,"2023-02-16T13:59:08,896+0100",visu_pars.VisuCreationDate
20230216_123437_jrc230215_m17_0522_1_1/3,"2023-02-16T12:48:08,847+0100",visu_pars.VisuCreationDate
20230216_123437_jrc230215_m17_0522_1_1/5,"2023-02-16T12:53:58,725+0100",visu_pars.VisuCreationDate
20230216_123437_jrc230215_m17_0522_1_1/7,"2023-02-16T12:50:16,516+0100",visu_pars.VisuCreationDate
20230216_123437_jrc230215_m17_0522_1_1/8,"2023-02-16T12:58:15,409+0100",visu_pars.VisuCreationDate
20230216_123437_jrc230215_m17_0522_1_1/9,"2023-02-16T13:01:56,091+0100",visu_pars.VisuCreationDate
20230216_143307_jrc230215_m18_0522_1_1/10,"2023-02-16T15:14:38,178+0100",visu_pars.VisuCreationDate
20230216_143307_jrc230215_m18_0522_1_1/11,"2023-02-16T15:10:56,238+0100",visu_pars.VisuCreationDate
20230216_143307_jrc230215_m18_0522_1_1/12,"2023-02-16T15:18:18,956+0100",visu_pars.VisuCreationDate
20230216_143307_jrc230215_m18_0522_1_1/13,"2023-02-16T15:21:59,691+0100",visu_pars.VisuCreationDate
20230216_143307_jrc230215_m18_0522_1_1/14,"2023-02-16T15:25:40,584+0100",visu_pars.VisuCreationDate
20230216_143307_jrc230215_m18_0522_1_1/15,"2023-02-16T15:29:21,624+0100",visu_pars.VisuCreationDate
20230216_143307_jrc230215_m18_0522_1_1/16,"2023-02-16T15:33:02,445+0100",visu_pars.VisuCreationDate
20230216_143307_jrc230215_m18_0522_1_1/17,"2023-02-16T15:36:43,229+0100",visu_pars.VisuCreationDate
20230216_143307_jrc230215_m18_0522_1_1/18,"2023-02-16T15:40:23,912+0100",visu_pars.VisuCreationDate
20230216_143307_jrc230215_m18_0522_1_1/19,"2023-02-16T15:44:04,709+0100",visu_pars.VisuCreationDate
20230216_143307_jrc230215_m18_0522_1_1/2,"2023-02-16T14:53:41,195+0100",visu_pars.VisuCreationDate
20230216_143307_jrc230215_m18_0522_1_1/22,"2023-02-16T15:48:38,006+0100",visu_pars.VisuCreationDate
20230216_143307_jrc230215_m18_0522_1_1/23,"2023-02-16T15:54:53,591+0100",visu_pars.VisuCreationDate
20230216_143307_jrc230215_m18_0522_1_1/24,"2023-02-16T15:49:49,779+0100",visu_pars.VisuCreationDate
20230216_143307_jrc230215_m18_0522_1_1/25,"2023-02-16T15:50:59,390+0100",visu_pars.VisuCreationDate
20230216_143307_jrc230215_m18_0522_1_1/26,"2023-02-16T16:02:56,335+0100",visu_pars.VisuCreationDate
20230216_143307_jrc230215_m18_0522_1_1/3,"2023-02-16T14:55:54,020+0100",visu_pars.VisuCreationDate
20230216_143307_jrc230215_m18_0522_1_1/5,"2023-02-16T14:57:49,757+0100",visu_pars.VisuCreationDate
20230216_143307_jrc230215_m18_0522_1_1/6,"2023-02-16T14:59:29,347+0100",visu_pars.VisuCreationDate
20230216_143307_jrc230215_m18_0522_1_1/7,"2023-02-16T15:01:04,171+0100",visu_pars.VisuCreationDate
20230216_143307_jrc230215_m18_0522_1_1/8,"2023-02-16T15:05:09,056+0100",visu_pars.VisuCreationDate
20230216_143307_jrc230215_m18_0522_1_1/9,"2023-02-16T15:09:41,296+0100",visu_pars.VisuCreationDate
20230216_160711_jrc230216_m19_0522_1_1/1,"2023-02-16T16:17:35,881+0100",visu_pars.VisuCreationDate
20230216_160711_jrc230216_m19_0522_1_1/10,"2023-02-16T16:41:22,609+0100",visu_pars.VisuCreationDate
20230216_160711_jrc230216_m19_0522_1_1/11,"2023-02-16T16:45:03,408+0100",visu_pars.VisuCreationDate
20230216_160711_jrc230216_m19_0522_1_1/12,"2023-02-16T16:48:44,198+0100",visu_pars.VisuCreationDate
20230216_160711_jrc230216_m19_0522_1_1/13,"2023-02-16T16:52:25,157+0100",visu_pars.VisuCreationDate
20230216_160711_jrc230216_m19_0522_1_1/14,"2023-02-16T16:56:06,173+0100",visu_pars.VisuCreationDate
20230216_160711_jrc230216_m19_0522_1_1/15,"2023-02-16T16:59:46,978+0100",visu_pars.VisuCreationDate
20230216_160711_jrc230216_m19_0522_1_1/16,"2023-02-16T17:03:27,586+0100",visu_pars.VisuCreationDate
20230216_160711_jrc230216_m19_0522_1_1/17,"2023-02-16T17:07:08,352+0100",visu_pars.VisuCreationDate
20230216_160711_jrc230216_m19_0522_1_1/18,"2023-02-16T17:10:49,234+0100",visu_pars.VisuCreationDate
20230216_160711_jrc230216_m19_0522_1_1/19,"2023-02-16T17:14:29,976+0100",visu_pars.VisuCreationDate
20230216_160711_jrc230216_m19_0522_1_1/2,"2023-02-16T16:21:08,274+0100",visu_pars.VisuCreationDate
20230216_160711_jrc230216_m19_0522_1_1/23,"2023-02-16T17:16:10,484+0100",visu_pars.VisuCreationDate
20230216_160711_jrc230216_m19_0522_1_1/24,"2023-02-16T17:20:19,409+0100",visu_pars.VisuCreationDate
20230216_160711_jrc230216_m19_0522_1_1/26,"2023-02-16T17:35:39,441+0100",visu_pars.VisuCreationDate
20230216_160711_jrc230216_m19_0522_1_1/3,"2023-02-16T16:19:43,602+0100",visu_pars.VisuCreationDate
20230216_160711_jrc230216_m19_0522_1_1/4,"2023-02-16T16:22:42,340+0100",visu_pars.VisuCreationDate
20230216_160711_jrc230216_m19_0522_1_1/5,"2023-02-16T16:24:13,982+0100",visu_pars.VisuCreationDate
20230216_160711_jrc230216_m19_0522_1_1/6,"2023-02-16T16:25:37,616+0100",visu_pars.VisuCreationDate
20230216_160711_jrc230216_m19_0522_1_1/7,"2023-02-16T16:29:35,615+0100",visu_pars.VisuCreationDate
20230216_160711_jrc230216_m19_0522_1_1/8,"2023-02-16T16:34:01,150+0100",visu_pars.VisuCreationDate
20230216_160711_jrc230216_m19_0522_1_1/9,"2023-02-16T16:37:41,764+0100",visu_pars.VisuCreationDate
20230220_113442_jrc230220_m20_0522_1_1/1,"2023-02-20T11:51:32,324+0100",visu_pars.VisuCreationDate
20230220_113442_jrc230220_m20_0522_1_1/10,"2023-02-20T12:09:20,875+0100",visu_pars.VisuCreationDate
20230220_113442_jrc230220_m20_0522_1_1/11,"2023-02-20T12:14:20,549+0100",visu_pars.VisuCreationDate
20230220_113442_jrc230220_m20_0522_1_1/12,"2023-02-20T12:31:26,621+0100",visu_pars.VisuCreationDate
20230220_113442_jrc230220_m20_0522_1_1/2,"2023-02-20T11:54:06,882+0100",visu_pars.VisuCreationDate
20230220_113442_jrc230220_m20_0522_1_1/3,"2023-02-20T11:55:35,442+0100",visu_pars.VisuCreationDate
20230220_113442_jrc230220_m20_0522_1_1/4,"2023-02-20T11:57:26,825+0100",visu_pars.VisuCreationDate
20230220_113442_jrc230220_m20_0522_1_1/5,"2023-02-20T11:58:48,587+0100",visu_pars.VisuCreationDate
20230220_113442_jrc230220_m20_0522_1_1/6,"2023-02-20T12:00:10,682+0100",visu_pars.VisuCreationDate
20230220_113442_jrc230220_m20_0522_1_1/7,"2023-02-20T12:04:31,675+0100",visu_pars.VisuCreationDate
20230220_113442_jrc230220_m20_0522_1_1/9,"2023-02-20T12:07:21,799+0100",visu_pars.VisuCreationDate
20230220_123304_jrc230220_m25_0522_1_1/1,"2023-02-20T12:48:32,975+0100",visu_pars.VisuCreationDate
20230220_123304_jrc230220_m25_0522_1_1/10,"2023-02-20T13:15:11,132+0100",visu_pars.VisuCreationDate
20230220_123304_jrc230220_m25_0522_1_1/11,"2023-02-20T13:19:02,612+0100",visu_pars.VisuCreationDate
20230220_123304_jrc230220_m25_0522_1_1/12,"2023-02-20T13:22:43,432+0100",visu_pars.VisuCreationDate
20230220_123304_jrc230220_m25_0522_1_1/13,"2023-02-20T13:26:23,946+0100",visu_pars.VisuCreationDate
20230220_123304_jrc230220_m25_0522_1_1/14,"2023-02-20T13:30:04,759+0100",visu_pars.VisuCreationDate
20230220_123304_jrc230220_m25_0522_1_1/15,"2023-02-20T13:33:45,463+0100",visu_pars.VisuCreationDate
20230220_123304_jrc230220_m25_0522_1_1/16,"2023-02-20T13:37:26,258+0100",visu_pars.VisuCreationDate
20230220_123304_jrc230220_m25_0522_1_1/17,"2023-02-20T13:41:07,420+0100",visu_pars.VisuCreationDate
20230220_123304_jrc230220_m25_0522_1_1/18,"2023-02-20T13:44:48,759+0100",visu_pars.VisuCreationDate
20230220_123304_jrc230220_m25_0522_1_1/2,"2023-02-20T12:50:03,271+0100",visu_pars.VisuCreationDate
20230220_123304_jrc230220_m25_0522_1_1/20,"2023-02-20T14:10:57,370+0100",visu_pars.VisuCreationDate
20230220_123304_jrc230220_m25_0522_1_1/21,"2023-02-20T13:54:21,198+0100",visu_pars.VisuCreationDate
20230220_123304_jrc230220_m25_0522_1_1/3,"2023-02-20T12:51:55,369+0100",visu_pars.VisuCreationDate
20230220_123304_jrc230220_m25_0522_1_1/4,"2023-02-20T12:53:31,871+0100",visu_pars.VisuCreationDate
20230220_123304_jrc230220_m25_0522_1_1/5,"2023-02-20T12:55:13,819+0100",visu_pars.VisuCreationDate
20230220_123304_jrc230220_m25_0522_1_1/6,"2023-02-20T12:59:44,390+0100",visu_pars.VisuCreationDate
20230220_123304_jrc230220_m25_0522_1_1/7,"2023-02-20T13:04:09,398+0100",visu_pars.VisuCreationDate
20230220_123304_jrc230220_m25_0522_1_1/8,"2023-02-20T13:07:50,083+0100",visu_pars.VisuCreationDate
20230220_123304_jrc230220_m25_0522_1_1/9,"2023-02-20T13:11:30,658+0100",visu_pars.VisuCreationDate
20230220_135637_jrc230220_m26_0522_1_1/11,"2023-02-20T15:57:23,021+0100",visu_pars.VisuCreationDate
20230220_135637_jrc230220_m26_0522_1_1/12,"2023-02-20T16:09:35,153+0100",visu_pars.VisuCreationDate
20230220_135637_jrc230220_m26_0522_1_1/2,"2023-02-20T15:31:20,753+0100",visu_pars.VisuCreationDate
20230220_135637_jrc230220_m26_0522_1_1/3,"2023-02-20T15:34:43,258+0100",visu_pars.VisuCreationDate
20230220_135637_jrc230220_m26_0522_1_1/4,"2023-02-20T15:33:32,838+0100",visu_pars.VisuCreationDate
20230220_135637_jrc230220_m26_0522_1_1/5,"2023-02-20T15:35:53,989+0100",visu_pars.VisuCreationDate
20230220_135637_jrc230220_m26_0522_1_1/6,"2023-02-20T15:37:23,564+0100",visu_pars.VisuCreationDate
20230220_135637_jrc230220_m26_0522_1_1/7,"2023-02-20T15:38:45,414+0100",visu_pars.VisuCreationDate
20230220_135637_jrc230220_m26_0522_1_1/8,"2023-02-20T15:39:55,256+0100",visu_pars.VisuCreationDate
20230220_135637_jrc230220_m26_0522_1_1/9,"2023-02-20T15:44:15,180+0100",visu_pars.VisuCreationDate
20230221_090101_jrc230221_m21_0522_1_1/1,"2023-02-21T09:21:08,713+0100",visu_pars.VisuCreationDate
20230221_090101_jrc230221_m21_0522_1_1/10,"2023-02-21T09:50:04,750+0100",visu_pars.VisuCreationDate
20230221_090101_jrc230221_m21_0522_1_1/11,"2023-02-21T09:53:45,373+0100",visu_pars.VisuCreationDate
20230221_090101_jrc230221_m21_0522_1_1/12,"2023-02-21T09:57:26,042+0100",visu_pars.VisuCreationDate
20230221_090101_jrc230221_m21_0522_1_1/13,"2023-02-21T10:01:06,665+0100",visu_pars.VisuCreationDate
20230221_090101_jrc230221_m21_0522_1_1/14,"2023-02-21T10:04:47,307+0100",visu_pars.VisuCreationDate
20230221_090101_jrc230221_m21_0522_1_1/15,"2023-02-21T10:08:28,176+0100",visu_pars.VisuCreationDate
20230221_090101_jrc230221_m21_0522_1_1/16,"2023-02-21T10:12:08,769+0100",visu_pars.VisuCreationDate
20230221_090101_jrc230221_m21_0522_1_1/17,"2023-02-21T10:15:49,443+0100",visu_pars.VisuCreationDate
20230221_090101_jrc230221_m21_0522_1_1/18,"2023-02-21T10:20:38,277+0100",visu_pars.VisuCreationDate
20230221_090101_jrc230221_m21_0522_1_1/19,"2023-02-21T10:36:28,163+0100",visu_pars.VisuCreationDate
20230221_090101_jrc230221_m21_0522_1_1/2,"2023-02-21T09:22:35,380+0100",visu_pars.VisuCreationDate
20230221_090101_jrc230221_m21_0522_1_1/20,"2023-02-21T10:49:42,159+0100",visu_pars.VisuCreationDate
20230221_090101_jrc230221_m21_0522_1_1/3,"2023-02-21T09:24:15,838+0100",visu_pars.VisuCreationDate
20230221_090101_jrc230221_m21_0522_1_1/4,"2023-02-21T09:26:05,633+0100",visu_pars.VisuCreationDate
20230221_090101_jrc230221_m21_0522_1_1/5,"2023-02-21T09:29:47,971+0100",visu_pars.VisuCreationDate
20230221_090101_jrc230221_m21_0522_1_1/6,"2023-02-21T09:35:06,876+0100",visu_pars.VisuCreationDate
20230221_090101_jrc230221_m21_0522_1_1/7,"2023-02-21T09:39:02,921+0100",visu_pars.VisuCreationDate
20230221_090101_jrc230221_m21_0522_1_1/8,"2023-02-21T09:42:43,480+0100",visu_pars.VisuCreationDate
20230221_090101_jrc230221_m21_0522_1_1/9,"2023-02-21T09:46:24,116+0100",visu_pars.VisuCreationDate
20230221_105103_jrc230221_m22_0522_1_1/10,"2023-02-21T11:28:42,758+0100",visu_pars.VisuCreationDate
20230221_105103_jrc230221_m22_0522_1_1/11,"2023-02-21T11:32:23,663+0100",visu_pars.VisuCreationDate
20230221_105103_jrc230221_m22_0522_1_1/12,"2023-02-21T11:36:04,236+0100",visu_pars.VisuCreationDate
20230221_105103_jrc230221_m22_0522_1_1/13,"2023-02-21T11:39:45,424+0100",visu_pars.VisuCreationDate
20230221_105103_jrc230221_m22_0522_1_1/14,"2023-02-21T11:43:25,955+0100",visu_pars.VisuCreationDate
20230221_105103_jrc230221_m22_0522_1_1/15,"2023-02-21T11:47:06,911+0100",visu_pars.VisuCreationDate
20230221_105103_jrc230221_m22_0522_1_1/16,"2023-02-21T11:50:47,484+0100",visu_pars.VisuCreationDate
20230221_105103_jrc230221_m22_0522_1_1/17,"2023-02-21T11:54:28,390+0100",visu_pars.VisuCreationDate
20230221_105103_jrc230221_m22_0522_1_1/18,"2023-02-21T11:58:09,166+0100",visu_pars.VisuCreationDate
20230221_105103_jrc230221_m22_0522_1_1/19,"2023-02-21T12:04:37,126+0100",visu_pars.VisuCreationDate
20230221_105103_jrc230221_m22_0522_1_1/2,"2023-02-21T11:08:07,710+0100",visu_pars.VisuCreationDate
20230221_105103_jrc230221_m22_0522_1_1/20,"2023-02-21T12:00:14,255+0100",visu_pars.VisuCreationDate
20230221_105103_jrc230221_m22_0522_1_1/22,"2023-02-21T12:21:02,458+0100",visu_pars.VisuCreationDate
20230221_105103_jrc230221_m22_0522_1_1/23,"2023-02-21T12:24:44,509+0100",visu_pars.VisuCreationDate
20230221_105103_jrc230221_m22_0522_1_1/24,"2023-02-21T12:40:23,610+0100",visu_pars.VisuCreationDate
20230221_105103_jrc230221_m22_0522_1_1/3,"2023-02-21T11:06:57,073+0100",visu_pars.VisuCreationDate
20230221_105103_jrc230221_m22_0522_1_1/5,"2023-02-21T11:11:39,235+0100",visu_pars.VisuCreationDate
20230221_105103_jrc230221_m22_0522_1_1/6,"2023-02-21T11:13:16,489+0100",visu_pars.VisuCreationDate
20230221_105103_jrc230221_m22_0522_1_1/7,"2023-02-21T11:16:59,249+0100",visu_pars.VisuCreationDate
20230221_105103_jrc230221_m22_0522_1_1/8,"2023-02-21T11:21:20,970+0100",visu_pars.VisuCreationDate
20230221_105103_jrc230221_m22_0522_1_1/9,"2023-02-21T11:25:01,892+0100",visu_pars.VisuCreationDate
20230221_122808_jrc230221_m23_0522_1_1/1,"2023-02-21T12:54:54,001+0100",visu_pars.VisuCreationDate
20230221_122808_jrc230221_m23_0522_1_1/11,"2023-02-21T13:05:22,187+0100",visu_pars.VisuCreationDate
20230221_122808_jrc230221_m23_0522_1_1/14,"2023-02-21T13:15:38,514+0100",visu_pars.VisuCreationDate
20230221_122808_jrc230221_m23_0522_1_1/15,"2023-02-21T13:19:37,064+0100",visu_pars.VisuCreationDate
20230221_122808_jrc230221_m23_0522_1_1/16,"2023-02-21T13:23:17,740+0100",visu_pars.VisuCreationDate
20230221_122808_jrc230221_m23_0522_1_1/17,"2023-02-21T13:26:58,322+0100",visu_pars.VisuCreationDate
20230221_122808_jrc230221_m23_0522_1_1/18,"2023-02-21T13:30:39,104+0100",visu_pars.VisuCreationDate
20230221_122808_jrc230221_m23_0522_1_1/19,"2023-02-21T13:34:19,761+0100",visu_pars.VisuCreationDate
20230221_122808_jrc230221_m23_0522_1_1/2,"2023-02-21T12:56:21,308+0100",visu_pars.VisuCreationDate
20230221_122808_jrc230221_m23_0522_1_1/20,"2023-02-21T13:38:00,566+0100",visu_pars.VisuCreationDate
20230221_122808_jrc230221_m23_0522_1_1/21,"2023-02-21T13:41:41,204+0100",visu_pars.VisuCreationDate
20230221_122808_jrc230221_m23_0522_1_1/22,"2023-02-21T13:45:21,799+0100",visu_pars.VisuCreationDate
20230221_122808_jrc230221_m23_0522_1_1/23,"2023-02-21T13:49:02,482+0100",visu_pars.VisuCreationDate
20230221_122808_jrc230221_m23_0522_1_1/24,"2023-02-21T13:52:43,158+0100",visu_pars.VisuCreationDate
20230221_122808_jrc230221_m23_0522_1_1/25,"2023-02-21T13:56:23,810+0100",visu_pars.VisuCreationDate
20230221_122808_jrc230221_m23_0522_1_1/26,"2023-02-21T14:00:04,397+0100",visu_pars.VisuCreationDate
20230221_122808_jrc230221_m23_0522_1_1/27,"2023-02-21T14:03:45,270+0100",visu_pars.VisuCreationDate
20230221_122808_jrc230221_m23_0522_1_1/28,"2023-02-21T14:20:09,642+0100",visu_pars.VisuCreationDate
20230221_122808_jrc230221_m23_0522_1_1/29,"2023-02-21T14:32:29,249+0100",visu_pars.VisuCreationDate
20230221_122808_jrc230221_m23_0522_1_1/7,"2023-02-21T13:01:46,546+0100",visu_pars.VisuCreationDate
20230221_122808_jrc230221_m23_0522_1_1/8,"2023-02-21T13:03:18,389+0100",visu_pars.VisuCreationDate
20230221_142653_jrc230221_m24_0522_1_1/1,"2023-02-21T14:49:02,354+0100",visu_pars.VisuCreationDate
20230221_142653_jrc230221_m24_0522_1_1/10,"2023-02-21T15:16:59,587+0100",visu_pars.VisuCreationDate
20230221_142653_jrc230221_m24_0522_1_1/11,"2023-02-21T15:20:40,195+0100",visu_pars.VisuCreationDate
20230221_142653_jrc230221_m24_0522_1_1/12,"2023-02-21T15:24:20,879+0100",visu_pars.VisuCreationDate
20230221_142653_jrc230221_m24_0522_1_1/13,"2023-02-21T15:28:01,741+0100",visu_pars.VisuCreationDate
20230221_142653_jrc230221_m24_0522_1_1/14,"2023-02-21T15:31:44,829+0100",visu_pars.VisuCreationDate
20230221_142653_jrc230221_m24_0522_1_1/15,"2023-02-21T15:35:25,051+0100",visu_pars.VisuCreationDate
20230221_142653_jrc230221_m24_0522_1_1/16,"2023-02-21T15:39:06,022+0100",visu_pars.VisuCreationDate
20230221_142653_jrc230221_m24_0522_1_1/17,"2023-02-21T15:42:46,636+0100",visu_pars.VisuCreationDate
20230221_142653_jrc230221_m24_0522_1_1/18,"2023-02-21T15:47:10,441+0100",visu_pars.VisuCreationDate
20230221_142653_jrc230221_m24_0522_1_1/19,"2023-02-21T16:04:25,984+0100",visu_pars.VisuCreationDate
20230221_142653_jrc230221_m24_0522_1_1/2,"2023-02-21T14:50:34,062+0100",visu_pars.VisuCreationDate
20230221_142653_jrc230221_m24_0522_1_1/20,"2023-02-21T16:22:57,129+0100",visu_pars.VisuCreationDate
20230221_142653_jrc230221_m24_0522_1_1/3,"2023-02-21T14:52:17,681+0100",visu_pars.VisuCreationDate
20230221_142653_jrc230221_m24_0522_1_1/4,"2023-02-21T14:53:49,383+0100",visu_pars.VisuCreationDate
20230221_142653_jrc230221_m24_0522_1_1/5,"2023-02-21T14:57:31,570+0100",visu_pars.VisuCreationDate
20230221_142653_jrc230221_m24_0522_1_1/6,"2023-02-21T15:02:16,658+0100",visu_pars.VisuCreationDate
20230221_142653_jrc230221_m24_0522_1_1/7,"2023-02-21T15:05:57,404+0100",visu_pars.VisuCreationDate
20230221_142653_jrc230221_m24_0522_1_1/8,"2023-02-21T15:09:38,354+0100",visu_pars.VisuCreationDate
20230221_142653_jrc230221_m24_0522_1_1/9,"2023-02-21T15:13:19,010+0100",visu_pars.VisuCreationDate
20230221_162054_jrc230221_m16_0522_1_1/2,"2023-02-21T16:38:41,051+0100",visu_pars.VisuCreationDate
20230221_162054_jrc230221_m16_0522_1_1/3,"2023-02-21T16:40:13,835+0100",visu_pars.VisuCreationDate
20230221_162054_jrc230221_m16_0522_1_1/4,"2023-02-21T16:42:10,264+0100",visu_pars.VisuCreationDate
20230221_162054_jrc230221_m16_0522_1_1/5,"2023-02-21T16:43:33,284+0100",visu_pars.VisuCreationDate
20230221_162054_jrc230221_m16_0522_1_1/6,"2023-02-21T16:44:42,696+0100",visu_pars.VisuCreationDate
20230221_162054_jrc230221_m16_0522_1_1/7,"2023-02-21T16:49:01,998+0100",visu_pars.VisuCreationDate
20230221_162054_jrc230221_m16_0522_1_1/8,"2023-02-21T17:08:06,788+0100",visu_pars.VisuCreationDate
20230221_162054_jrc230221_m16_0522_1_1/9,"2023-02-21T17:22:54,310+0100",visu_pars.VisuCreationDate
20230221_172359_jrc230221_m17_0522_1_1/1,"2023-02-21T17:39:27,794+0100",visu_pars.VisuCreationDate
20230221_172359_jrc230221_m17_0522_1_1/2,"2023-02-21T17:40:57,502+0100",visu_pars.VisuCreationDate
20230221_172359_jrc230221_m17_0522_1_1/3,"2023-02-21T17:42:56,938+0100",visu_pars.VisuCreationDate
20230221_172359_jrc230221_m17_0522_1_1/4,"2023-02-21T17:44:57,776+0100",visu_pars.VisuCreationDate
20230221_172359_jrc230221_m17_0522_1_1/5,"2023-02-21T17:46:08,187+0100",visu_pars.VisuCreationDate
20230221_172359_jrc230221_m17_0522_1_1/7,"2023-02-21T17:53:56,143+0100",visu_pars.VisuCreationDate
20230221_172359_jrc230221_m17_0522_1_1/9,"2023-02-21T18:25:59,862+0100",visu_pars.VisuCreationDate
20230222_084838_jrc230222_m21_0522_1_1/1,"2023-02-22T09:00:46,489+0100",visu_pars.VisuCreationDate
20230222_084838_jrc230222_m21_0522_1_1/2,"2023-02-22T09:02:07,682+0100",visu_pars.VisuCreationDate
20230222_084838_jrc230222_m21_0522_1_1/3,"2023-02-22T09:04:04,811+0100",visu_pars.VisuCreationDate
20230222_084838_jrc230222_m21_0522_1_1/4,"2023-02-22T09:05:32,873+0100",visu_pars.VisuCreationDate
20230222_084838_jrc230222_m21_0522_1_1/6,"2023-02-22T09:10:22,087+0100",visu_pars.VisuCreationDate
20230222_084838_jrc230222_m21_0522_1_1/7,"2023-02-22T09:22:40,320+0100",visu_pars.VisuCreationDate
20230222_092316_jrc230222_m18_0522_1_1/1,"2023-02-22T09:35:18,171+0100",visu_pars.VisuCreationDate
20230222_092316_jrc230222_m18_0522_1_1/2,"2023-02-22T09:36:55,248+0100",visu_pars.VisuCreationDate
20230222_092316_jrc230222_m18_0522_1_1/3,"2023-02-22T09:38:37,285+0100",visu_pars.VisuCreationDate
20230222_092316_jrc230222_m18_0522_1_1/5,"2023-02-22T09:40:16,562+0100",visu_pars.VisuCreationDate
20230222_092316_jrc230222_m18_0522_1_1/6,"2023-02-22T09:44:20,092+0100",visu_pars.VisuCreationDate
20230222_092316_jrc230222_m18_0522_1_1/7,"2023-02-22T10:01:06,765+0100",visu_pars.VisuCreationDate
20230222_092316_jrc230222_m18_0522_1_1/8,"2023-02-22T10:13:38,895+0100",visu_pars.VisuCreationDate
20230222_103924_jrc230222_m20_0522_1_1/1,"2023-02-22T10:54:43,922+0100",visu_pars.VisuCreationDate
20230222_103924_jrc230222_m20_0522_1_1/2,"2023-02-22T10:56:51,210+0100",visu_pars.VisuCreationDate
20230222_103924_jrc230222_m20_0522_1_1/3,"2023-02-22T10:58:15,990+0100",visu_pars.VisuCreationDate
20230222_103924_jrc230222_m20_0522_1_1/4,"2023-02-22T10:59:48,427+0100",visu_pars.VisuCreationDate
20230222_103924_jrc230222_m20_0522_1_1/5,"2023-02-22T11:04:15,162+0100",visu_pars.VisuCreationDate
20230222_103924_jrc230222_m20_0522_1_1/6,"2023-02-22T11:08:25,963+0100",visu_pars.VisuCreationDate
20230222_103924_jrc230222_m20_0522_1_1/7,"2023-02-22T11:24:24,238+0100",visu_pars.VisuCreationDate
20230222_103924_jrc230222_m20_0522_1_1/8,"2023-02-22T11:41:50,134+0100",visu_pars.VisuCreationDate
20230222_115219_jrc230222_m25_0522_1_1/1,"2023-02-22T12:05:02,205+0100",visu_pars.VisuCreationDate
20230222_115219_jrc230222_m25_0522_1_1/2,"2023-02-22T12:06:34,684+0100",visu_pars.VisuCreationDate
20230222_115219_jrc230222_m25_0522_1_1/3,"2023-02-22T12:08:06,911+0100",visu_pars.VisuCreationDate
20230222_115219_jrc230222_m25_0522_1_1/4,"2023-02-22T12:09:34,390+0100",visu_pars.VisuCreationDate
20230222_115219_jrc230222_m25_0522_1_1/5,"2023-02-22T12:14:10,951+0100",visu_pars.VisuCreationDate
20230222_115219_jrc230222_m25_0522_1_1/6,"2023-02-22T12:28:29,124+0100",visu_pars.VisuCreationDate
20230222_115219_jrc230222_m25_0522_1_1/7,"2023-02-22T12:45:36,175+0100",visu_pars.VisuCreationDate
20230320_114408_jrc230320_m27_0522_1_1/1,"2023-03-20T12:01:25,409+0100",visu_pars.VisuCreationDate
20230320_114408_jrc230320_m27_0522_1_1/10,"2023-03-20T12:29:24,780+0100",visu_pars.VisuCreationDate
20230320_114408_jrc230320_m27_0522_1_1/11,"2023-03-20T12:33:05,826+0100",visu_pars.VisuCreationDate
20230320_114408_jrc230320_m27_0522_1_1/12,"2023-03-20T12:36:46,430+0100",visu_pars.VisuCreationDate
20230320_114408_jrc230320_m27_0522_1_1/13,"2023-03-20T12:40:27,388+0100",visu_pars.VisuCreationDate
20230320_114408_jrc230320_m27_0522_1_1/14,"2023-03-20T12:44:08,132+0100",visu_pars.VisuCreationDate
20230320_114408_jrc230320_m27_0522_1_1/15,"2023-03-20T12:47:49,065+0100",visu_pars.VisuCreationDate
20230320_114408_jrc230320_m27_0522_1_1/16,"2023-03-20T12:51:29,987+0100",visu_pars.VisuCreationDate
20230320_114408_jrc230320_m27_0522_1_1/17,"2023-03-20T12:55:10,836+0100",visu_pars.VisuCreationDate
20230320_114408_jrc230320_m27_0522_1_1/18,"2023-03-20T12:56:22,430+0100",visu_pars.VisuCreationDate
20230320_114408_jrc230320_m27_0522_1_1/19,"2023-03-20T13:00:58,026+0100",visu_pars.VisuCreationDate
20230320_114408_jrc230320_m27_0522_1_1/2,"2023-03-20T12:02:54,167+0100",visu_pars.VisuCreationDate
20230320_114408_jrc230320_m27_0522_1_1/20,"2023-03-20T13:16:52,604+0100",visu_pars.VisuCreationDate
20230320_114408_jrc230320_m27_0522_1_1/3,"2023-03-20T12:04:29,019+0100",visu_pars.VisuCreationDate
20230320_114408_jrc230320_m27_0522_1_1/4,"2023-03-20T12:06:00,863+0100",visu_pars.VisuCreationDate
20230320_114408_jrc230320_m27_0522_1_1/5,"2023-03-20T12:10:17,065+0100",visu_pars.VisuCreationDate
20230320_114408_jrc230320_m27_0522_1_1/6,"2023-03-20T12:14:41,492+0100",visu_pars.VisuCreationDate
20230320_114408_jrc230320_m27_0522_1_1/7,"2023-03-20T12:18:22,497+0100",visu_pars.VisuCreationDate
20230320_114408_jrc230320_m27_0522_1_1/8,"2023-03-20T12:22:03,335+0100",visu_pars.VisuCreationDate
20230320_114408_jrc230320_m27_0522_1_1/9,"2023-03-20T12:25:44,018+0100",visu_pars.VisuCreationDate
20230320_131607_jrc230320_m28_0522_1_1/1,"2023-03-20T13:29:27,600+0100",visu_pars.VisuCreationDate
20230320_131607_jrc230320_m28_0522_1_1/10,"2023-03-20T13:52:45,899+0100",visu_pars.VisuCreationDate
20230320_131607_jrc230320_m28_0522_1_1/11,"2023-03-20T13:56:26,708+0100",visu_pars.VisuCreationDate
20230320_131607_jrc230320_m28_0522_1_1/12,"2023-03-20T14:00:07,083+0100",visu_pars.VisuCreationDate
20230320_131607_jrc230320_m28_0522_1_1/13,"2023-03-20T14:03:47,915+0100",visu_pars.VisuCreationDate
20230320_131607_jrc230320_m28_0522_1_1/14,"2023-03-20T14:07:28,730+0100",visu_pars.VisuCreationDate
20230320_131607_jrc230320_m28_0522_1_1/15,"2023-03-20T14:11:09,585+0100",visu_pars.VisuCreationDate
20230320_131607_jrc230320_m28_0522_1_1/16,"2023-03-20T14:14:50,526+0100",visu_pars.VisuCreationDate
20230320_131607_jrc230320_m28_0522_1_1/17,"2023-03-20T14:18:31,230+0100",visu_pars.VisuCreationDate
20230320_131607_jrc230320_m28_0522_1_1/18,"2023-03-20T14:22:11,838+0100",visu_pars.VisuCreationDate
20230320_131607_jrc230320_m28_0522_1_1/19,"2023-03-20T14:25:52,737+0100",visu_pars.VisuCreationDate
20230320_131607_jrc230320_m28_0522_1_1/2,"2023-03-20T13:31:35,021+0100",visu_pars.VisuCreationDate
20230320_131607_jrc230320_m28_0522_1_1/20,"2023-03-20T14:36:49,311+0100",visu_pars.VisuCreationDate
20230320_131607_jrc230320_m28_0522_1_1/3,"2023-03-20T13:33:00,415+0100",visu_pars.VisuCreationDate
20230320_131607_jrc230320_m28_0522_1_1/4,"2023-03-20T13:34:19,099+0100",visu_pars.VisuCreationDate
20230320_131607_jrc230320_m28_0522_1_1/5,"2023-03-20T13:36:03,991+0100",visu_pars.VisuCreationDate
20230320_131607_jrc230320_m28_0522_1_1/6,"2023-03-20T13:39:46,210+0100",visu_pars.VisuCreationDate
20230320_131607_jrc230320_m28_0522_1_1/7,"2023-03-20T13:40:57,702+0100",visu_pars.VisuCreationDate
20230320_131607_jrc230320_m28_0522_1_1/8,"2023-03-20T13:45:24,303+0100",visu_pars.VisuCreationDate
20230320_131607_jrc230320_m28_0522_1_1/9,"2023-03-20T13:49:04,926+0100",visu_pars.VisuCreationDate
20230320_143805_jrc230320_m29_0522_1_1/1,"2023-03-20T14:51:25,206+0100",visu_pars.VisuCreationDate
20230320_143805_jrc230320_m29_0522_1_1/10,"2023-03-20T15:09:20,076+0100",visu_pars.VisuCreationDate
20230320_143805_jrc230320_m29_0522_1_1/11,"2023-03-20T15:13:00,794+0100",visu_pars.VisuCreationDate
20230320_143805_jrc230320_m29_0522_1_1/12,"2023-03-20T15:16:41,589+0100",visu_pars.VisuCreationDate
20230320_143805_jrc230320_m29_0522_1_1/13,"2023-03-20T15:20:22,251+0100",visu_pars.VisuCreationDate
20230320_143805_jrc230320_m29_0522_1_1/14,"2023-03-20T15:24:02,768+0100",visu_pars.VisuCreationDate
20230320_143805_jrc230320_m29_0522_1_1/15,"2023-03-20T15:27:43,230+0100",visu_pars.VisuCreationDate
20230320_143805_jrc230320_m29_0522_1_1/16,"2023-03-20T15:31:23,809+0100",visu_pars.VisuCreationDate
20230320_143805_jrc230320_m29_0522_1_1/17,"2023-03-20T15:35:04,602+0100",visu_pars.VisuCreationDate
20230320_143805_jrc230320_m29_0522_1_1/18,"2023-03-20T15:38:45,074+0100",visu_pars.VisuCreationDate
20230320_143805_jrc230320_m29_0522_1_1/19,"2023-03-20T15:42:25,533+0100",visu_pars.VisuCreationDate
20230320_143805_jrc230320_m29_0522_1_1/20,"2023-03-20T15:46:06,212+0100",visu_pars.VisuCreationDate
20230320_143805_jrc230320_m29_0522_1_1/21,"2023-03-20T15:49:46,747+0100",visu_pars.VisuCreationDate
20230320_143805_jrc230320_m29_0522_1_1/22,"2023-03-20T15:50:58,322+0100",visu_pars.VisuCreationDate
20230320_143805_jrc230320_m29_0522_1_1/23,"2023-03-20T15:55:25,137+0100",visu_pars.VisuCreationDate
20230320_143805_jrc230320_m29_0522_1_1/24,"2023-03-20T16:16:41,782+0100",visu_pars.VisuCreationDate
20230320_143805_jrc230320_m29_0522_1_1/3,"2023-03-20T14:54:28,423+0100",visu_pars.VisuCreationDate
20230320_143805_jrc230320_m29_0522_1_1/4,"2023-03-20T14:55:55,966+0100",visu_pars.VisuCreationDate
20230320_143805_jrc230320_m29_0522_1_1/5,"2023-03-20T14:57:26,251+0100",visu_pars.VisuCreationDate
20230320_143805_jrc230320_m29_0522_1_1/6,"2023-03-20T14:58:52,710+0100",visu_pars.VisuCreationDate
20230320_143805_jrc230320_m29_0522_1_1/8,"2023-03-20T15:00:42,800+0100",visu_pars.VisuCreationDate
20230320_143805_jrc230320_m29_0522_1_1/9,"2023-03-20T15:04:50,831+0100",visu_pars.VisuCreationDate
20230320_161731_jrc230320_m30_0522_1_1/1,"2023-03-20T16:31:15,822+0100",visu_pars.VisuCreationDate
20230320_161731_jrc230320_m30_0522_1_1/10,"2023-03-20T16:58:41,799+0100",visu_pars.VisuCreationDate
20230320_161731_jrc230320_m30_0522_1_1/11,"2023-03-20T17:02:22,517+0100",visu_pars.VisuCreationDate
20230320_161731_jrc230320_m30_0522_1_1/12,"2023-03-20T17:06:03,119+0100",visu_pars.VisuCreationDate
20230320_161731_jrc230320_m30_0522_1_1/13,"2023-03-20T17:09:43,841+0100",visu_pars.VisuCreationDate
20230320_161731_jrc230320_m30_0522_1_1/14,"2023-03-20T17:13:24,437+0100",visu_pars.VisuCreationDate
20230320_161731_jrc230320_m30_0522_1_1/15,"2023-03-20T17:17:05,038+0100",visu_pars.VisuCreationDate
20230320_161731_jrc230320_m30_0522_1_1/16,"2023-03-20T17:20:45,640+0100",visu_pars.VisuCreationDate
20230320_161731_jrc230320_m30_0522_1_1/17,"2023-03-20T17:21:57,356+0100",visu_pars.VisuCreationDate
20230320_161731_jrc230320_m30_0522_1_1/18,"2023-03-20T17:27:00,507+0100",visu_pars.VisuCreationDate
20230320_161731_jrc230320_m30_0522_1_1/19,"2023-03-20T17:44:48,664+0100",visu_pars.VisuCreationDate
20230320_161731_jrc230320_m30_0522_1_1/2,"2023-03-20T16:33:03,295+0100",visu_pars.VisuCreationDate
20230320_161731_jrc230320_m30_0522_1_1/3,"2023-03-20T16:34:35,775+0100",visu_pars.VisuCreationDate
20230320_161731_jrc230320_m30_0522_1_1/4,"2023-03-20T16:35:48,896+0100",visu_pars.VisuCreationDate
20230320_161731_jrc230320_m30_0522_1_1/5,"2023-03-20T16:39:31,325+0100",visu_pars.VisuCreationDate
20230320_161731_jrc230320_m30_0522_1_1/6,"2023-03-20T16:43:59,391+0100",visu_pars.VisuCreationDate
20230320_161731_jrc230320_m30_0522_1_1/7,"2023-03-20T16:47:39,832+0100",visu_pars.VisuCreationDate
20230320_161731_jrc230320_m30_0522_1_1/8,"2023-03-20T16:51:20,477+0100",visu_pars.VisuCreationDate
20230320_161731_jrc230320_m30_0522_1_1/9,"2023-03-20T16:55:01,330+0100",visu_pars.VisuCreationDate
20230321_091845_jrc230321_m34_0522_1_1/1,"2023-03-21T09:35:17,320+0100",visu_pars.VisuCreationDate
20230321_091845_jrc230321_m34_0522_1_1/10,"2023-03-21T10:01:52,621+0100",visu_pars.VisuCreationDate
20230321_091845_jrc230321_m34_0522_1_1/11,"2023-03-21T10:05:33,355+0100",visu_pars.VisuCreationDate
20230321_091845_jrc230321_m34_0522_1_1/12,"2023-03-21T10:09:14,047+0100",visu_pars.VisuCreationDate
20230321_091845_jrc230321_m34_0522_1_1/13,"2023-03-21T10:12:54,569+0100",visu_pars.VisuCreationDate
20230321_091845_jrc230321_m34_0522_1_1/14,"2023-03-21T10:16:35,361+0100",visu_pars.VisuCreationDate
20230321_091845_jrc230321_m34_0522_1_1/15,"2023-03-21T10:20:16,180+0100",visu_pars.VisuCreationDate
20230321_091845_jrc230321_m34_0522_1_1/16,"2023-03-21T10:23:56,755+0100",visu_pars.VisuCreationDate
20230321_091845_jrc230321_m34_0522_1_1/17,"2023-03-21T10:27:37,478+0100",visu_pars.VisuCreationDate
20230321_091845_jrc230321_m34_0522_1_1/18,"2023-03-21T10:28:49,284+0100",visu_pars.VisuCreationDate
20230321_091845_jrc230321_m34_0522_1_1/19,"2023-03-21T10:32:48,384+0100",visu_pars.VisuCreationDate
20230321_091845_jrc230321_m34_0522_1_1/2,"2023-03-21T09:37:48,418+0100",visu_pars.VisuCreationDate
20230321_091845_jrc230321_m34_0522_1_1/20,"2023-03-21T10:53:43,247+0100",visu_pars.VisuCreationDate
20230321_091845_jrc230321_m34_0522_1_1/3,"2023-03-21T09:39:40,853+0100",visu_pars.VisuCreationDate
20230321_091845_jrc230321_m34_0522_1_1/4,"2023-03-21T09:41:19,434+0100",visu_pars.VisuCreationDate
20230321_091845_jrc230321_m34_0522_1_1/5,"2023-03-21T09:42:47,276+0100",visu_pars.VisuCreationDate
20230321_091845_jrc230321_m34_0522_1_1/6,"2023-03-21T09:46:29,583+0100",visu_pars.VisuCreationDate
20230321_091845_jrc230321_m34_0522_1_1/7,"2023-03-21T09:50:50,858+0100",visu_pars.VisuCreationDate
20230321_091845_jrc230321_m34_0522_1_1/8,"2023-03-21T09:54:31,247+0100",visu_pars.VisuCreationDate
20230321_091845_jrc230321_m34_0522_1_1/9,"2023-03-21T09:58:11,768+0100",visu_pars.VisuCreationDate
20230321_105340_jrc230321_m35_0522_1_1/1,"2023-03-21T11:06:07,824+0100",visu_pars.VisuCreationDate
20230321_105340_jrc230321_m35_0522_1_1/10,"2023-03-21T11:32:16,180+0100",visu_pars.VisuCreationDate
20230321_105340_jrc230321_m35_0522_1_1/11,"2023-03-21T11:35:56,807+0100",visu_pars.VisuCreationDate
20230321_105340_jrc230321_m35_0522_1_1/12,"2023-03-21T11:39:37,336+0100",visu_pars.VisuCreationDate
20230321_105340_jrc230321_m35_0522_1_1/13,"2023-03-21T11:43:17,720+0100",visu_pars.VisuCreationDate
20230321_105340_jrc230321_m35_0522_1_1/14,"2023-03-21T11:46:58,274+0100",visu_pars.VisuCreationDate
20230321_105340_jrc230321_m35_0522_1_1/15,"2023-03-21T11:50:38,929+0100",visu_pars.VisuCreationDate
20230321_105340_jrc230321_m35_0522_1_1/16,"2023-03-21T11:54:19,631+0100",visu_pars.VisuCreationDate
20230321_105340_jrc230321_m35_0522_1_1/17,"2023-03-21T11:58:00,109+0100",visu_pars.VisuCreationDate
20230321_105340_jrc230321_m35_0522_1_1/18,"2023-03-21T12:01:40,859+0100",visu_pars.VisuCreationDate
20230321_105340_jrc230321_m35_0522_1_1/19,"2023-03-21T12:02:52,472+0100",visu_pars.VisuCreationDate
20230321_105340_jrc230321_m35_0522_1_1/2,"2023-03-21T11:08:48,652+0100",visu_pars.VisuCreationDate
20230321_105340_jrc230321_m35_0522_1_1/20,"2023-03-21T12:06:46,013+0100",visu_pars.VisuCreationDate
20230321_105340_jrc230321_m35_0522_1_1/22,"2023-03-21T12:23:04,647+0100",visu_pars.VisuCreationDate
20230321_105340_jrc230321_m35_0522_1_1/3,"2023-03-21T11:10:10,177+0100",visu_pars.VisuCreationDate
20230321_105340_jrc230321_m35_0522_1_1/4,"2023-03-21T11:11:45,602+0100",visu_pars.VisuCreationDate
20230321_105340_jrc230321_m35_0522_1_1/5,"2023-03-21T11:13:03,795+0100",visu_pars.VisuCreationDate
20230321_105340_jrc230321_m35_0522_1_1/6,"2023-03-21T11:17:18,283+0100",visu_pars.VisuCreationDate
20230321_105340_jrc230321_m35_0522_1_1/7,"2023-03-21T11:21:14,435+0100",visu_pars.VisuCreationDate
20230321_105340_jrc230321_m35_0522_1_1/8,"2023-03-21T11:24:54,989+0100",visu_pars.VisuCreationDate
20230321_105340_jrc230321_m35_0522_1_1/9,"2023-03-21T11:28:35,536+0100",visu_pars.VisuCreationDate
20230321_121554_jrc230321_m36_0522_1_1/1,"2023-03-21T12:35:52,259+0100",visu_pars.VisuCreationDate
20230321_121554_jrc230321_m36_0522_1_1/10,"2023-03-21T12:50:53,034+0100",visu_pars.VisuCreationDate
20230321_121554_jrc230321_m36_0522_1_1/11,"2023-03-21T13:01:56,175+0100",visu_pars.VisuCreationDate
20230321_121554_jrc230321_m36_0522_1_1/12,"2023-03-21T13:05:36,673+0100",visu_pars.VisuCreationDate
20230321_121554_jrc230321_m36_0522_1_1/13,"2023-03-21T13:09:17,220+0100",visu_pars.VisuCreationDate
20230321_121554_jrc230321_m36_0522_1_1/14,"2023-03-21T13:12:57,650+0100",visu_pars.VisuCreationDate
20230321_121554_jrc230321_m36_0522_1_1/15,"2023-03-21T13:16:38,489+0100",visu_pars.VisuCreationDate
20230321_121554_jrc230321_m36_0522_1_1/16,"2023-03-21T13:20:18,952+0100",visu_pars.VisuCreationDate
20230321_121554_jrc230321_m36_0522_1_1/17,"2023-03-21T13:23:59,409+0100",visu_pars.VisuCreationDate
20230321_121554_jrc230321_m36_0522_1_1/18,"2023-03-21T13:27:40,045+0100",visu_pars.VisuCreationDate
20230321_121554_jrc230321_m36_0522_1_1/19,"2023-03-21T13:31:20,530+0100",visu_pars.VisuCreationDate
20230321_121554_jrc230321_m36_0522_1_1/2,"2023-03-21T12:37:59,797+0100",visu_pars.VisuCreationDate
20230321_121554_jrc230321_m36_0522_1_1/20,"2023-03-21T13:35:01,128+0100",visu_pars.VisuCreationDate
20230321_121554_jrc230321_m36_0522_1_1/21,"2023-03-21T13:51:17,524+0100",visu_pars.VisuCreationDate
20230321_121554_jrc230321_m36_0522_1_1/3,"2023-03-21T12:39:29,148+0100",visu_pars.VisuCreationDate
20230321_121554_jrc230321_m36_0522_1_1/4,"2023-03-21T12:40:50,638+0100",visu_pars.VisuCreationDate
20230321_121554_jrc230321_m36_0522_1_1/5,"2023-03-21T12:42:06,395+0100",visu_pars.VisuCreationDate
20230321_121554_jrc230321_m36_0522_1_1/6,"2023-03-21T12:45:48,866+0100",visu_pars.VisuCreationDate
20230321_121554_jrc230321_m36_0522_1_1/7,"2023-03-21T12:49:41,677+0100",visu_pars.VisuCreationDate
20230321_121554_jrc230321_m36_0522_1_1/8,"2023-03-21T12:54:34,924+0100",visu_pars.VisuCreationDate
20230321_121554_jrc230321_m36_0522_1_1/9,"2023-03-21T12:58:15,608+0100",visu_pars.VisuCreationDate
20230321_135039_jrc230321_m37_0522_1_1/1,"2023-03-21T14:05:41,876+0100",visu_pars.VisuCreationDate
20230321_135039_jrc230321_m37_0522_1_1/10,"2023-03-21T14:28:01,405+0100",visu_pars.VisuCreationDate
20230321_135039_jrc230321_m37_0522_1_1/11,"2023-03-21T14:31:41,923+0100",visu_pars.VisuCreationDate
20230321_135039_jrc230321_m37_0522_1_1/12,"2023-03-21T14:35:22,459+0100",visu_pars.VisuCreationDate
20230321_135039_jrc230321_m37_0522_1_1/13,"2023-03-21T14:39:03,064+0100",visu_pars.VisuCreationDate
20230321_135039_jrc230321_m37_0522_1_1/14,"2023-03-21T14:42:43,672+0100",visu_pars.VisuCreationDate
20230321_135039_jrc230321_m37_0522_1_1/15,"2023-03-21T14:46:24,280+0100",visu_pars.VisuCreationDate
20230321_135039_jrc230321_m37_0522_1_1/16,"2023-03-21T14:50:04,837+0100",visu_pars.VisuCreationDate
20230321_135039_jrc230321_m37_0522_1_1/17,"2023-03-21T14:53:45,355+0100",visu_pars.VisuCreationDate
20230321_135039_jrc230321_m37_0522_1_1/18,"2023-03-21T14:57:25,780+0100",visu_pars.VisuCreationDate
20230321_135039_jrc230321_m37_0522_1_1/19,"2023-03-21T15:01:06,525+0100",visu_pars.VisuCreationDate
20230321_135039_jrc230321_m37_0522_1_1/2,"2023-03-21T14:07:49,211+0100",visu_pars.VisuCreationDate
20230321_135039_jrc230321_m37_0522_1_1/20,"2023-03-21T15:02:18,210+0100",visu_pars.VisuCreationDate
20230321_135039_jrc230321_m37_0522_1_1/21,"2023-03-21T15:06:12,334+0100",visu_pars.VisuCreationDate
20230321_135039_jrc230321_m37_0522_1_1/23,"2023-03-21T15:28:10,940+0100",visu_pars.VisuCreationDate
20230321_135039_jrc230321_m37_0522_1_1/3,"2023-03-21T14:09:23,373+0100",visu_pars.VisuCreationDate
20230321_135039_jrc230321_m37_0522_1_1/5,"2023-03-21T14:11:25,404+0100",visu_pars.VisuCreationDate
20230321_135039_jrc230321_m37_0522_1_1/6,"2023-03-21T14:12:52,563+0100",visu_pars.VisuCreationDate
20230321_135039_jrc230321_m37_0522_1_1/7,"2023-03-21T14:16:41,630+0100",visu_pars.VisuCreationDate
20230321_135039_jrc230321_m37_0522_1_1/8,"2023-03-21T14:20:39,982+0100",visu_pars.VisuCreationDate
20230321_135039_jrc230321_m37_0522_1_1/9,"2023-03-21T14:24:20,965+0100",visu_pars.VisuCreationDate
20230321_151751_jrc230321_m33_0522_1_1/10,"2023-03-21T15:56:42,760+0100",visu_pars.VisuCreationDate
20230321_151751_jrc230321_m33_0522_1_1/11,"2023-03-21T16:01:05,471+0100",visu_pars.VisuCreationDate
20230321_151751_jrc230321_m33_0522_1_1/12,"2023-03-21T16:04:46,197+0100",visu_pars.VisuCreationDate
20230321_151751_jrc230321_m33_0522_1_1/13,"2023-03-21T16:08:27,108+0100",visu_pars.VisuCreationDate
20230321_151751_jrc230321_m33_0522_1_1/14,"2023-03-21T16:12:07,748+0100",visu_pars.VisuCreationDate
20230321_151751_jrc230321_m33_0522_1_1/15,"2023-03-21T16:15:48,382+0100",visu_pars.VisuCreationDate
20230321_151751_jrc230321_m33_0522_1_1/16,"2023-03-21T16:19:28,933+0100",visu_pars.VisuCreationDate
20230321_151751_jrc230321_m33_0522_1_1/17,"2023-03-21T16:23:09,461+0100",visu_pars.VisuCreationDate
20230321_151751_jrc230321_m33_0522_1_1/18,"2023-03-21T16:26:50,098+0100",visu_pars.VisuCreationDate
20230321_151751_jrc230321_m33_0522_1_1/19,"2023-03-21T16:30:30,952+0100",visu_pars.VisuCreationDate
20230321_151751_jrc230321_m33_0522_1_1/20,"2023-03-21T16:34:11,713+0100",visu_pars.VisuCreationDate
20230321_151751_jrc230321_m33_0522_1_1/21,"2023-03-21T16:37:52,255+0100",visu_pars.VisuCreationDate
20230321_151751_jrc230321_m33_0522_1_1/22,"2023-03-21T16:41:32,925+0100",visu_pars.VisuCreationDate
20230321_151751_jrc230321_m33_0522_1_1/23,"2023-03-21T16:42:44,699+0100",visu_pars.VisuCreationDate
20230321_151751_jrc230321_m33_0522_1_1/24,"2023-03-21T16:47:11,187+0100",visu_pars.VisuCreationDate
20230321_151751_jrc230321_m33_0522_1_1/26,"2023-03-21T17:01:31,069+0100",visu_pars.VisuCreationDate
20230321_151751_jrc230321_m33_0522_1_1/3,"2023-03-21T15:44:55,911+0100",visu_pars.VisuCreationDate
20230321_151751_jrc230321_m33_0522_1_1/4,"2023-03-21T15:46:48,473+0100",visu_pars.VisuCreationDate
20230321_151751_jrc230321_m33_0522_1_1/5,"2023-03-21T15:48:17,730+0100",visu_pars.VisuCreationDate
20230321_151751_jrc230321_m33_0522_1_1/6,"2023-03-21T15:49:35,555+0100",visu_pars.VisuCreationDate
20230321_151751_jrc230321_m33_0522_1_1/7,"2023-03-21T15:50:46,986+0100",visu_pars.VisuCreationDate
20230321_151751_jrc230321_m33_0522_1_1/8,"2023-03-21T15:52:19,741+0100",visu_pars.VisuCreationDate
20230322_091537_jrc230322_m40_0522_1_1/1,"2023-03-22T09:29:50,510+0100",visu_pars.VisuCreationDate
20230322_091537_jrc230322_m40_0522_1_1/10,"2023-03-22T09:57:45,674+0100",visu_pars.VisuCreationDate
20230322_091537_jrc230322_m40_0522_1_1/11,"2023-03-22T10:01:26,325+0100",visu_pars.VisuCreationDate
20230322_091537_jrc230322_m40_0522_1_1/12,"2023-03-22T10:05:06,889+0100",visu_pars.VisuCreationDate
20230322_091537_jrc230322_m40_0522_1_1/13,"2023-03-22T10:08:47,261+0100",visu_pars.VisuCreationDate
20230322_091537_jrc230322_m40_0522_1_1/14,"2023-03-22T10:12:27,898+0100",visu_pars.VisuCreationDate
20230322_091537_jrc230322_m40_0522_1_1/15,"2023-03-22T10:16:08,631+0100",visu_pars.VisuCreationDate
20230322_091537_jrc230322_m40_0522_1_1/16,"2023-03-22T10:19:49,366+0100",visu_pars.VisuCreationDate
20230322_091537_jrc230322_m40_0522_1_1/17,"2023-03-22T10:21:00,993+0100",visu_pars.VisuCreationDate
20230322_091537_jrc230322_m40_0522_1_1/18,"2023-03-22T10:25:17,158+0100",visu_pars.VisuCreationDate
20230322_091537_jrc230322_m40_0522_1_1/19,"2023-03-22T10:35:33,222+0100",visu_pars.VisuCreationDate
20230322_091537_jrc230322_m40_0522_1_1/2,"2023-03-22T09:31:30,354+0100",visu_pars.VisuCreationDate
20230322_091537_jrc230322_m40_0522_1_1/3,"2023-03-22T09:33:02,597+0100",visu_pars.VisuCreationDate
20230322_091537_jrc230322_m40_0522_1_1/4,"2023-03-22T09:34:44,453+0100",visu_pars.VisuCreationDate
20230322_091537_jrc230322_m40_0522_1_1/5,"2023-03-22T09:38:27,033+0100",visu_pars.VisuCreationDate
20230322_091537_jrc230322_m40_0522_1_1/6,"2023-03-22T09:43:03,513+0100",visu_pars.VisuCreationDate
20230322_091537_jrc230322_m40_0522_1_1/7,"2023-03-22T09:46:44,003+0100",visu_pars.VisuCreationDate
20230322_091537_jrc230322_m40_0522_1_1/8,"2023-03-22T09:50:24,476+0100",visu_pars.VisuCreationDate
20230322_091537_jrc230322_m40_0522_1_1/9,"2023-03-22T09:54:05,101+0100",visu_pars.VisuCreationDate
20230322_103650_jrc230322_m38_0522_1_1/1,"2023-03-22T10:51:58,553+0100",visu_pars.VisuCreationDate
20230322_103650_jrc230322_m38_0522_1_1/10,"2023-03-22T11:20:01,048+0100",visu_pars.VisuCreationDate
20230322_103650_jrc230322_m38_0522_1_1/11,"2023-03-22T11:23:41,405+0100",visu_pars.VisuCreationDate
20230322_103650_jrc230322_m38_0522_1_1/12,"2023-03-22T11:27:22,114+0100",visu_pars.VisuCreationDate
20230322_103650_jrc230322_m38_0522_1_1/13,"2023-03-22T11:31:02,995+0100",visu_pars.VisuCreationDate
20230322_103650_jrc230322_m38_0522_1_1/14,"2023-03-22T11:34:43,584+0100",visu_pars.VisuCreationDate
20230322_103650_jrc230322_m38_0522_1_1/15,"2023-03-22T11:38:24,073+0100",visu_pars.VisuCreationDate
20230322_103650_jrc230322_m38_0522_1_1/16,"2023-03-22T11:42:04,672+0100",visu_pars.VisuCreationDate
20230322_103650_jrc230322_m38_0522_1_1/17,"2023-03-22T11:45:45,164+0100",visu_pars.VisuCreationDate
20230322_103650_jrc230322_m38_0522_1_1/18,"2023-03-22T11:49:25,813+0100",visu_pars.VisuCreationDate
20230322_103650_jrc230322_m38_0522_1_1/19,"2023-03-22T11:50:37,498+0100",visu_pars.VisuCreationDate
20230322_103650_jrc230322_m38_0522_1_1/2,"2023-03-22T10:54:20,515+0100",visu_pars.VisuCreationDate
20230322_103650_jrc230322_m38_0522_1_1/20,"2023-03-22T11:55:02,484+0100",visu_pars.VisuCreationDate
20230322_103650_jrc230322_m38_0522_1_1/21,"2023-03-22T12:14:02,105+0100",visu_pars.VisuCreationDate
20230322_103650_jrc230322_m38_0522_1_1/3,"2023-03-22T10:55:59,966+0100",visu_pars.VisuCreationDate
20230322_103650_jrc230322_m38_0522_1_1/4,"2023-03-22T10:57:50,639+0100",visu_pars.VisuCreationDate
20230322_103650_jrc230322_m38_0522_1_1/5,"2023-03-22T10:59:42,647+0100",visu_pars.VisuCreationDate
20230322_103650_jrc230322_m38_0522_1_1/6,"2023-03-22T11:03:25,158+0100",visu_pars.VisuCreationDate
20230322_103650_jrc230322_m38_0522_1_1/7,"2023-03-22T11:08:59,524+0100",visu_pars.VisuCreationDate
20230322_103650_jrc230322_m38_0522_1_1/8,"2023-03-22T11:12:40,012+0100",visu_pars.VisuCreationDate
20230322_103650_jrc230322_m38_0522_1_1/9,"2023-03-22T11:16:20,375+0100",visu_pars.VisuCreationDate
20230322_121803_jrc230322_m31_0522_1_1/1,"2023-03-22T12:29:35,144+0100",visu_pars.VisuCreationDate
20230322_121803_jrc230322_m31_0522_1_1/10,"2023-03-22T12:57:32,621+0100",visu_pars.VisuCreationDate
20230322_121803_jrc230322_m31_0522_1_1/11,"2023-03-22T13:01:13,067+0100",visu_pars.VisuCreationDate
20230322_121803_jrc230322_m31_0522_1_1/12,"2023-03-22T13:04:53,694+0100",visu_pars.VisuCreationDate
20230322_121803_jrc230322_m31_0522_1_1/13,"2023-03-22T13:08:34,298+0100",visu_pars.VisuCreationDate
20230322_121803_jrc230322_m31_0522_1_1/14,"2023-03-22T13:12:14,765+0100",visu_pars.VisuCreationDate
20230322_121803_jrc230322_m31_0522_1_1/15,"2023-03-22T13:15:55,274+0100",visu_pars.VisuCreationDate
20230322_121803_jrc230322_m31_0522_1_1/16,"2023-03-22T13:19:35,820+0100",visu_pars.VisuCreationDate
20230322_121803_jrc230322_m31_0522_1_1/17,"2023-03-22T13:23:16,701+0100",visu_pars.VisuCreationDate
20230322_121803_jrc230322_m31_0522_1_1/18,"2023-03-22T13:26:57,012+0100",visu_pars.VisuCreationDate
20230322_121803_jrc230322_m31_0522_1_1/19,"2023-03-22T13:30:37,563+0100",visu_pars.VisuCreationDate
20230322_121803_jrc230322_m31_0522_1_1/20,"2023-03-22T13:32:12,205+0100",visu_pars.VisuCreationDate
20230322_121803_jrc230322_m31_0522_1_1/21,"2023-03-22T13:36:34,470+0100",visu_pars.VisuCreationDate
20230322_121803_jrc230322_m31_0522_1_1/22,"2023-03-22T13:49:39,342+0100",visu_pars.VisuCreationDate
20230322_121803_jrc230322_m31_0522_1_1/24,"2023-03-22T14:03:15,836+0100",visu_pars.VisuCreationDate
20230322_121803_jrc230322_m31_0522_1_1/3,"2023-03-22T12:35:44,917+0100",visu_pars.VisuCreationDate
20230322_121803_jrc230322_m31_0522_1_1/4,"2023-03-22T12:37:36,701+0100",visu_pars.VisuCreationDate
20230322_121803_jrc230322_m31_0522_1_1/5,"2023-03-22T12:40:57,597+0100",visu_pars.VisuCreationDate
20230322_121803_jrc230322_m31_0522_1_1/6,"2023-03-22T12:39:20,273+0100",visu_pars.VisuCreationDate
20230322_121803_jrc230322_m31_0522_1_1/7,"2023-03-22T12:44:39,902+0100",visu_pars.VisuCreationDate
20230322_121803_jrc230322_m31_0522_1_1/8,"2023-03-22T12:50:11,529+0100",visu_pars.VisuCreationDate
20230322_121803_jrc230322_m31_0522_1_1/9,"2023-03-22T12:53:52,114+0100",visu_pars.VisuCreationDate
20230612_093521_jrc230612_m41_0522_1_1/10,"2023-06-12T10:15:45,733+0200",visu_pars.VisuCreationDate
20230612_093521_jrc230612_m41_0522_1_1/11,"2023-06-12T10:19:26,197+0200",visu_pars.VisuCreationDate
20230612_093521_jrc230612_m41_0522_1_1/12,"2023-06-12T10:23:07,118+0200",visu_pars.VisuCreationDate
20230612_093521_jrc230612_m41_0522_1_1/13,"2023-06-12T10:26:47,546+0200",visu_pars.VisuCreationDate
20230612_093521_jrc230612_m41_0522_1_1/14,"2023-06-12T10:30:27,921+0200",visu_pars.VisuCreationDate
20230612_093521_jrc230612_m41_0522_1_1/15,"2023-06-12T10:34:08,321+0200",visu_pars.VisuCreationDate
20230612_093521_jrc230612_m41_0522_1_1/16,"2023-06-12T10:37:48,824+0200",visu_pars.VisuCreationDate
20230612_093521_jrc230612_m41_0522_1_1/17,"2023-06-12T10:41:29,496+0200",visu_pars.VisuCreationDate
20230612_093521_jrc230612_m41_0522_1_1/18,"2023-06-12T10:45:10,038+0200",visu_pars.VisuCreationDate
20230612_093521_jrc230612_m41_0522_1_1/19,"2023-06-12T10:46:21,517+0200",visu_pars.VisuCreationDate
20230612_093521_jrc230612_m41_0522_1_1/2,"2023-06-12T09:53:54,927+0200",visu_pars.VisuCreationDate
20230612_093521_jrc230612_m41_0522_1_1/20,"2023-06-12T10:53:06,149+0200",visu_pars.VisuCreationDate
20230612_093521_jrc230612_m41_0522_1_1/22,"2023-06-12T11:09:28,410+0200",visu_pars.VisuCreationDate
20230612_093521_jrc230612_m41_0522_1_1/3,"2023-06-12T09:55:32,381+0200",visu_pars.VisuCreationDate
20230612_093521_jrc230612_m41_0522_1_1/4,"2023-06-12T09:57:21,605+0200",visu_pars.VisuCreationDate
20230612_093521_jrc230612_m41_0522_1_1/5,"2023-06-12T09:59:06,919+0200",visu_pars.VisuCreationDate
20230612_093521_jrc230612_m41_0522_1_1/6,"2023-06-12T10:03:53,748+0200",visu_pars.VisuCreationDate
20230612_093521_jrc230612_m41_0522_1_1/8,"2023-06-12T10:08:24,789+0200",visu_pars.VisuCreationDate
20230612_093521_jrc230612_m41_0522_1_1/9,"2023-06-12T10:12:05,249+0200",visu_pars.VisuCreationDate
20230612_111426_jrc230612_m42_0522_1_1/1,"2023-06-12T11:31:47,925+0200",visu_pars.VisuCreationDate
20230612_111426_jrc230612_m42_0522_1_1/10,"2023-06-12T11:59:22,245+0200",visu_pars.VisuCreationDate
20230612_111426_jrc230612_m42_0522_1_1/11,"2023-06-12T12:03:02,725+0200",visu_pars.VisuCreationDate
20230612_111426_jrc230612_m42_0522_1_1/12,"2023-06-12T12:06:43,250+0200",visu_pars.VisuCreationDate
20230612_111426_jrc230612_m42_0522_1_1/13,"2023-06-12T12:10:23,885+0200",visu_pars.VisuCreationDate
20230612_111426_jrc230612_m42_0522_1_1/14,"2023-06-12T12:14:04,648+0200",visu_pars.VisuCreationDate
20230612_111426_jrc230612_m42_0522_1_1/15,"2023-06-12T12:17:45,172+0200",visu_pars.VisuCreationDate
20230612_111426_jrc230612_m42_0522_1_1/16,"2023-06-12T12:21:25,804+0200",visu_pars.VisuCreationDate
20230612_111426_jrc230612_m42_0522_1_1/17,"2023-06-12T12:25:06,065+0200",visu_pars.VisuCreationDate
20230612_111426_jrc230612_m42_0522_1_1/18,"2023-06-12T12:26:17,704+0200",visu_pars.VisuCreationDate
20230612_111426_jrc230612_m42_0522_1_1/19,"2023-06-12T12:30:09,620+0200",visu_pars.VisuCreationDate
20230612_111426_jrc230612_m42_0522_1_1/2,"2023-06-12T11:33:29,908+0200",visu_pars.VisuCreationDate
20230612_111426_jrc230612_m42_0522_1_1/20,"2023-06-12T12:47:45,264+0200",visu_pars.VisuCreationDate
20230612_111426_jrc230612_m42_0522_1_1/21,"2023-06-12T13:02:50,967+0200",visu_pars.VisuCreationDate
20230612_111426_jrc230612_m42_0522_1_1/3,"2023-06-12T11:35:31,751+0200",visu_pars.VisuCreationDate
20230612_111426_jrc230612_m42_0522_1_1/5,"2023-06-12T11:37:53,848+0200",visu_pars.VisuCreationDate
20230612_111426_jrc230612_m42_0522_1_1/6,"2023-06-12T11:42:24,655+0200",visu_pars.VisuCreationDate
20230612_111426_jrc230612_m42_0522_1_1/7,"2023-06-12T11:48:20,524+0200",visu_pars.VisuCreationDate
20230612_111426_jrc230612_m42_0522_1_1/8,"2023-06-12T11:52:01,019+0200",visu_pars.VisuCreationDate
20230612_111426_jrc230612_m42_0522_1_1/9,"2023-06-12T11:55:41,848+0200",visu_pars.VisuCreationDate
20230612_124104_jrc230612_m43_0522_1_1/10,"2023-06-12T13:36:10,512+0200",visu_pars.VisuCreationDate
20230612_124104_jrc230612_m43_0522_1_1/11,"2023-06-12T13:39:51,075+0200",visu_pars.VisuCreationDate
20230612_124104_jrc230612_m43_0522_1_1/12,"2023-06-12T13:43:31,720+0200",visu_pars.VisuCreationDate
20230612_124104_jrc230612_m43_0522_1_1/13,"2023-06-12T13:47:12,915+0200",visu_pars.VisuCreationDate
20230612_124104_jrc230612_m43_0522_1_1/14,"2023-06-12T13:50:53,257+0200",visu_pars.VisuCreationDate
20230612_124104_jrc230612_m43_0522_1_1/15,"2023-06-12T13:54:33,867+0200",visu_pars.VisuCreationDate
20230612_124104_jrc230612_m43_0522_1_1/16,"2023-06-12T13:58:14,399+0200",visu_pars.VisuCreationDate
20230612_124104_jrc230612_m43_0522_1_1/17,"2023-06-12T14:01:54,938+0200",visu_pars.VisuCreationDate
20230612_124104_jrc230612_m43_0522_1_1/18,"2023-06-12T14:05:35,602+0200",visu_pars.VisuCreationDate
20230612_124104_jrc230612_m43_0522_1_1/19,"2023-06-12T14:09:16,274+0200",visu_pars.VisuCreationDate
20230612_124104_jrc230612_m43_0522_1_1/20,"2023-06-12T14:12:56,945+0200",visu_pars.VisuCreationDate
20230612_124104_jrc230612_m43_0522_1_1/21,"2023-06-12T14:14:08,547+0200",visu_pars.VisuCreationDate
20230612_124104_jrc230612_m43_0522_1_1/22,"2023-06-12T14:18:19,534+0200",visu_pars.VisuCreationDate
20230612_124104_jrc230612_m43_0522_1_1/23,"2023-06-12T14:31:35,789+0200",visu_pars.VisuCreationDate
20230612_124104_jrc230612_m43_0522_1_1/3,"2023-06-12T13:22:15,393+0200",visu_pars.VisuCreationDate
20230612_124104_jrc230612_m43_0522_1_1/5,"2023-06-12T13:24:06,947+0200",visu_pars.VisuCreationDate
20230612_124104_jrc230612_m43_0522_1_1/6,"2023-06-12T13:25:49,423+0200",visu_pars.VisuCreationDate
20230612_124104_jrc230612_m43_0522_1_1/7,"2023-06-12T13:27:24,089+0200",visu_pars.VisuCreationDate
20230612_124104_jrc230612_m43_0522_1_1/8,"2023-06-12T13:31:33,293+0200",visu_pars.VisuCreationDate
20230612_150552_jrc230612_m44_0522_1_1/1,"2023-06-12T15:18:51,804+0200",visu_pars.VisuCreationDate
20230612_150552_jrc230612_m44_0522_1_1/10,"2023-06-12T15:39:33,551+0200",visu_pars.VisuCreationDate
20230612_150552_jrc230612_m44_0522_1_1/11,"2023-06-12T15:43:14,143+0200",visu_pars.VisuCreationDate
20230612_150552_jrc230612_m44_0522_1_1/12,"2023-06-12T15:46:54,856+0200",visu_pars.VisuCreationDate
20230612_150552_jrc230612_m44_0522_1_1/13,"2023-06-12T15:50:35,265+0200",visu_pars.VisuCreationDate
20230612_150552_jrc230612_m44_0522_1_1/14,"2023-06-12T15:54:15,899+0200",visu_pars.VisuCreationDate
20230612_150552_jrc230612_m44_0522_1_1/15,"2023-06-12T15:57:56,456+0200",visu_pars.VisuCreationDate
20230612_150552_jrc230612_m44_0522_1_1/16,"2023-06-12T16:01:37,238+0200",visu_pars.VisuCreationDate
20230612_150552_jrc230612_m44_0522_1_1/17,"2023-06-12T16:05:17,762+0200",visu_pars.VisuCreationDate
20230612_150552_jrc230612_m44_0522_1_1/18,"2023-06-12T16:08:58,412+0200",visu_pars.VisuCreationDate
20230612_150552_jrc230612_m44_0522_1_1/19,"2023-06-12T16:10:10,036+0200",visu_pars.VisuCreationDate
20230612_150552_jrc230612_m44_0522_1_1/2,"2023-06-12T15:20:20,347+0200",visu_pars.VisuCreationDate
20230612_150552_jrc230612_m44_0522_1_1/20,"2023-06-12T16:14:15,684+0200",visu_pars.VisuCreationDate
20230612_150552_jrc230612_m44_0522_1_1/21,"2023-06-12T16:29:27,255+0200",visu_pars.VisuCreationDate
20230612_150552_jrc230612_m44_0522_1_1/22,"2023-06-12T16:42:01,970+0200",visu_pars.VisuCreationDate
20230612_150552_jrc230612_m44_0522_1_1/3,"2023-06-12T15:22:25,730+0200",visu_pars.VisuCreationDate
20230612_150552_jrc230612_m44_0522_1_1/5,"2023-06-12T15:26:08,293+0200",visu_pars.VisuCreationDate
20230612_150552_jrc230612_m44_0522_1_1/6,"2023-06-12T15:24:45,044+0200",visu_pars.VisuCreationDate
20230612_150552_jrc230612_m44_0522_1_1/7,"2023-06-12T15:28:14,801+0200",visu_pars.VisuCreationDate
20230612_150552_jrc230612_m44_0522_1_1/8,"2023-06-12T15:32:12,350+0200",visu_pars.VisuCreationDate
20230612_150552_jrc230612_m44_0522_1_1/9,"2023-06-12T15:35:52,888+0200",visu_pars.VisuCreationDate
20230612_164517_jrc230612_m45_0522_1_1/1,"2023-06-12T16:56:02,470+0200",visu_pars.VisuCreationDate
20230612_164517_jrc230612_m45_0522_1_1/10,"2023-06-12T17:15:31,562+0200",visu_pars.VisuCreationDate
20230612_164517_jrc230612_m45_0522_1_1/11,"2023-06-12T17:19:12,186+0200",visu_pars.VisuCreationDate
20230612_164517_jrc230612_m45_0522_1_1/12,"2023-06-12T17:22:52,789+0200",visu_pars.VisuCreationDate
20230612_164517_jrc230612_m45_0522_1_1/13,"2023-06-12T17:26:33,541+0200",visu_pars.VisuCreationDate
20230612_164517_jrc230612_m45_0522_1_1/14,"2023-06-12T17:30:14,194+0200",visu_pars.VisuCreationDate
20230612_164517_jrc230612_m45_0522_1_1/15,"2023-06-12T17:33:54,969+0200",visu_pars.VisuCreationDate
20230612_164517_jrc230612_m45_0522_1_1/16,"2023-06-12T17:37:35,382+0200",visu_pars.VisuCreationDate
20230612_164517_jrc230612_m45_0522_1_1/17,"2023-06-12T17:41:15,933+0200",visu_pars.VisuCreationDate
20230612_164517_jrc230612_m45_0522_1_1/18,"2023-06-12T17:44:56,734+0200",visu_pars.VisuCreationDate
20230612_164517_jrc230612_m45_0522_1_1/19,"2023-06-12T17:48:37,218+0200",visu_pars.VisuCreationDate
20230612_164517_jrc230612_m45_0522_1_1/2,"2023-06-12T16:57:25,627+0200",visu_pars.VisuCreationDate
20230612_164517_jrc230612_m45_0522_1_1/20,"2023-06-12T17:49:49,091+0200",visu_pars.VisuCreationDate
20230612_164517_jrc230612_m45_0522_1_1/21,"2023-06-12T17:54:08,578+0200",visu_pars.VisuCreationDate
20230612_164517_jrc230612_m45_0522_1_1/22,"2023-06-12T18:08:24,182+0200",visu_pars.VisuCreationDate
20230612_164517_jrc230612_m45_0522_1_1/23,"2023-06-12T18:23:15,515+0200",visu_pars.VisuCreationDate
20230612_164517_jrc230612_m45_0522_1_1/4,"2023-06-12T17:03:09,800+0200",visu_pars.VisuCreationDate
20230612_164517_jrc230612_m45_0522_1_1/6,"2023-06-12T17:01:51,353+0200",visu_pars.VisuCreationDate
20230612_164517_jrc230612_m45_0522_1_1/8,"2023-06-12T17:07:35,710+0200",visu_pars.VisuCreationDate
20230612_164517_jrc230612_m45_0522_1_1/9,"2023-06-12T17:11:50,992+0200",visu_pars.VisuCreationDate
20230613_081404_jrc230613_0522_m46_1_1/1,"2023-06-13T09:34:02,362+0200",visu_pars.VisuCreationDate
20230613_081404_jrc230613_0522_m46_1_1/10,"2023-06-13T10:00:24,190+0200",visu_pars.VisuCreationDate
20230613_081404_jrc230613_0522_m46_1_1/11,"2023-06-13T10:04:04,764+0200",visu_pars.VisuCreationDate
20230613_081404_jrc230613_0522_m46_1_1/12,"2023-06-13T10:07:45,339+0200",visu_pars.VisuCreationDate
20230613_081404_jrc230613_0522_m46_1_1/13,"2023-06-13T10:11:25,755+0200",visu_pars.VisuCreationDate
20230613_081404_jrc230613_0522_m46_1_1/14,"2023-06-13T10:15:06,311+0200",visu_pars.VisuCreationDate
20230613_081404_jrc230613_0522_m46_1_1/15,"2023-06-13T10:20:10,904+0200",visu_pars.VisuCreationDate
20230613_081404_jrc230613_0522_m46_1_1/16,"2023-06-13T10:41:20,269+0200",visu_pars.VisuCreationDate
20230613_081404_jrc230613_0522_m46_1_1/17,"2023-06-13T10:45:00,923+0200",visu_pars.VisuCreationDate
20230613_081404_jrc230613_0522_m46_1_1/19,"2023-06-13T10:16:28,706+0200",visu_pars.VisuCreationDate
20230613_081404_jrc230613_0522_m46_1_1/2,"2023-06-13T09:37:33,659+0200",visu_pars.VisuCreationDate
20230613_081404_jrc230613_0522_m46_1_1/20,"2023-06-13T10:23:51,102+0200",visu_pars.VisuCreationDate
20230613_081404_jrc230613_0522_m46_1_1/21,"2023-06-13T10:37:38,277+0200",visu_pars.VisuCreationDate
20230613_081404_jrc230613_0522_m46_1_1/22,"2023-06-13T10:49:12,488+0200",visu_pars.VisuCreationDate
20230613_081404_jrc230613_0522_m46_1_1/23,"2023-06-13T11:00:51,433+0200",visu_pars.VisuCreationDate
20230613_081404_jrc230613_0522_m46_1_1/3,"2023-06-13T09:36:22,617+0200",visu_pars.VisuCreationDate
20230613_081404_jrc230613_0522_m46_1_1/4,"2023-06-13T09:39:33,786+0200",visu_pars.VisuCreationDate
20230613_081404_jrc230613_0522_m46_1_1/5,"2023-06-13T09:40:57,142+0200",visu_pars.VisuCreationDate
20230613_081404_jrc230613_0522_m46_1_1/6,"2023-06-13T09:45:03,562+0200",visu_pars.VisuCreationDate
20230613_081404_jrc230613_0522_m46_1_1/7,"2023-06-13T09:49:22,324+0200",visu_pars.VisuCreationDate
20230613_081404_jrc230613_0522_m46_1_1/8,"2023-06-13T09:53:03,060+0200",visu_pars.VisuCreationDate
20230613_081404_jrc230613_0522_m46_1_1/9,"2023-06-13T09:56:43,642+0200",visu_pars.VisuCreationDate
20230613_110214_jrc230613_0522_m52_1_1/1,"2023-06-13T11:18:42,794+0200",visu_pars.VisuCreationDate
20230613_110214_jrc230613_0522_m52_1_1/10,"2023-06-13T11:42:35,230+0200",visu_pars.VisuCreationDate
20230613_110214_jrc230613_0522_m52_1_1/11,"2023-06-13T11:46:15,697+0200",visu_pars.VisuCreationDate
20230613_110214_jrc230613_0522_m52_1_1/12,"2023-06-13T11:49:56,451+0200",visu_pars.VisuCreationDate
20230613_110214_jrc230613_0522_m52_1_1/13,"2023-06-13T11:53:37,277+0200",visu_pars.VisuCreationDate
20230613_110214_jrc230613_0522_m52_1_1/14,"2023-06-13T11:57:17,937+0200",visu_pars.VisuCreationDate
20230613_110214_jrc230613_0522_m52_1_1/15,"2023-06-13T12:00:58,736+0200",visu_pars.VisuCreationDate
20230613_110214_jrc230613_0522_m52_1_1/16,"2023-06-13T12:04:39,349+0200",visu_pars.VisuCreationDate
20230613_110214_jrc230613_0522_m52_1_1/17,"2023-06-13T12:08:20,026+0200",visu_pars.VisuCreationDate
20230613_110214_jrc230613_0522_m52_1_1/18,"2023-06-13T12:12:00,547+0200",visu_pars.VisuCreationDate
20230613_110214_jrc230613_0522_m52_1_1/2,"2023-06-13T11:21:57,040+0200",visu_pars.VisuCreationDate
20230613_110214_jrc230613_0522_m52_1_1/21,"2023-06-13T12:14:01,276+0200",visu_pars.VisuCreationDate
20230613_110214_jrc230613_0522_m52_1_1/22,"2023-06-13T12:18:16,078+0200",visu_pars.VisuCreationDate
20230613_110214_jrc230613_0522_m52_1_1/24,"2023-06-13T12:28:41,625+0200",visu_pars.VisuCreationDate
20230613_110214_jrc230613_0522_m52_1_1/3,"2023-06-13T11:20:46,186+0200",visu_pars.VisuCreationDate
20230613_110214_jrc230613_0522_m52_1_1/4,"2023-06-13T11:23:08,099+0200",visu_pars.VisuCreationDate
20230613_110214_jrc230613_0522_m52_1_1/5,"2023-06-13T11:24:24,400+0200",visu_pars.VisuCreationDate
20230613_110214_jrc230613_0522_m52_1_1/6,"2023-06-13T11:26:05,605+0200",visu_pars.VisuCreationDate
20230613_110214_jrc230613_0522_m52_1_1/7,"2023-06-13T11:30:46,321+0200",visu_pars.VisuCreationDate
20230613_110214_jrc230613_0522_m52_1_1/8,"2023-06-13T11:35:13,663+0200",visu_pars.VisuCreationDate
20230613_110214_jrc230613_0522_m52_1_1/9,"2023-06-13T11:38:54,414+0200",visu_pars.VisuCreationDate
20230613_122846_jrc230613_0522_m53_1_1/10,"2023-06-13T13:11:32,839+0200",visu_pars.VisuCreationDate
20230613_122846_jrc230613_0522_m53_1_1/11,"2023-06-13T13:16:26,413+0200",visu_pars.VisuCreationDate
20230613_122846_jrc230613_0522_m53_1_1/12,"2023-06-13T13:23:47,598+0200",visu_pars.VisuCreationDate
20230613_122846_jrc230613_0522_m53_1_1/13,"2023-06-13T13:27:28,342+0200",visu_pars.VisuCreationDate
20230613_122846_jrc230613_0522_m53_1_1/14,"2023-06-13T13:31:08,633+0200",visu_pars.VisuCreationDate
20230613_122846_jrc230613_0522_m53_1_1/15,"2023-06-13T13:34:49,222+0200",visu_pars.VisuCreationDate
20230613_122846_jrc230613_0522_m53_1_1/16,"2023-06-13T13:38:29,671+0200",visu_pars.VisuCreationDate
20230613_122846_jrc230613_0522_m53_1_1/17,"2023-06-13T13:42:10,217+0200",visu_pars.VisuCreationDate
20230613_122846_jrc230613_0522_m53_1_1/18,"2023-06-13T13:45:50,826+0200",visu_pars.VisuCreationDate
20230613_122846_jrc230613_0522_m53_1_1/19,"2023-06-13T13:49:31,303+0200",visu_pars.VisuCreationDate
20230613_122846_jrc230613_0522_m53_1_1/20,"2023-06-13T13:12:44,551+0200",visu_pars.VisuCreationDate
20230613_122846_jrc230613_0522_m53_1_1/21,"2023-06-13T13:20:07,006+0200",visu_pars.VisuCreationDate
20230613_122846_jrc230613_0522_m53_1_1/22,"2023-06-13T14:03:52,899+0200",visu_pars.VisuCreationDate
20230613_122846_jrc230613_0522_m53_1_1/23,"2023-06-13T14:17:25,827+0200",visu_pars.VisuCreationDate
20230613_122846_jrc230613_0522_m53_1_1/3,"2023-06-13T12:50:19,219+0200",visu_pars.VisuCreationDate
20230613_122846_jrc230613_0522_m53_1_1/4,"2023-06-13T12:52:36,580+0200",visu_pars.VisuCreationDate
20230613_122846_jrc230613_0522_m53_1_1/5,"2023-06-13T12:54:28,561+0200",visu_pars.VisuCreationDate
20230613_122846_jrc230613_0522_m53_1_1/6,"2023-06-13T12:59:53,325+0200",visu_pars.VisuCreationDate
20230613_122846_jrc230613_0522_m53_1_1/7,"2023-06-13T12:56:11,190+0200",visu_pars.VisuCreationDate
20230613_122846_jrc230613_0522_m53_1_1/8,"2023-06-13T13:04:11,544+0200",visu_pars.VisuCreationDate
20230613_122846_jrc230613_0522_m53_1_1/9,"2023-06-13T13:07:52,081+0200",visu_pars.VisuCreationDate
20230613_141729_jrc230613_0522_m54_1_1/1,"2023-06-13T14:29:56,108+0200",visu_pars.VisuCreationDate
20230613_141729_jrc230613_0522_m54_1_1/10,"2023-06-13T14:57:02,254+0200",visu_pars.VisuCreationDate
20230613_141729_jrc230613_0522_m54_1_1/11,"2023-06-13T15:00:42,888+0200",visu_pars.VisuCreationDate
20230613_141729_jrc230613_0522_m54_1_1/12,"2023-06-13T15:04:23,436+0200",visu_pars.VisuCreationDate
20230613_141729_jrc230613_0522_m54_1_1/13,"2023-06-13T15:08:03,970+0200",visu_pars.VisuCreationDate
20230613_141729_jrc230613_0522_m54_1_1/14,"2023-06-13T15:12:57,805+0200",visu_pars.VisuCreationDate
20230613_141729_jrc230613_0522_m54_1_1/15,"2023-06-13T15:20:19,066+0200",visu_pars.VisuCreationDate
20230613_141729_jrc230613_0522_m54_1_1/16,"2023-06-13T15:23:59,694+0200",visu_pars.VisuCreationDate
20230613_141729_jrc230613_0522_m54_1_1/17,"2023-06-13T15:27:40,300+0200",visu_pars.VisuCreationDate
20230613_141729_jrc230613_0522_m54_1_1/18,"2023-06-13T15:09:15,559+0200",visu_pars.VisuCreationDate
20230613_141729_jrc230613_0522_m54_1_1/19,"2023-06-13T15:16:38,448+0200",visu_pars.VisuCreationDate
20230613_141729_jrc230613_0522_m54_1_1/2,"2023-06-13T14:32:11,376+0200",visu_pars.VisuCreationDate
20230613_141729_jrc230613_0522_m54_1_1/20,"2023-06-13T15:41:24,469+0200",visu_pars.VisuCreationDate
20230613_141729_jrc230613_0522_m54_1_1/3,"2023-06-13T14:33:34,004+0200",visu_pars.VisuCreationDate
20230613_141729_jrc230613_0522_m54_1_1/4,"2023-06-13T14:34:54,367+0200",visu_pars.VisuCreationDate
20230613_141729_jrc230613_0522_m54_1_1/5,"2023-06-13T14:37:09,527+0200",visu_pars.VisuCreationDate
20230613_141729_jrc230613_0522_m54_1_1/6,"2023-06-13T14:41:23,511+0200",visu_pars.VisuCreationDate
20230613_141729_jrc230613_0522_m54_1_1/7,"2023-06-13T14:46:00,682+0200",visu_pars.VisuCreationDate
20230613_141729_jrc230613_0522_m54_1_1/8,"2023-06-13T14:49:41,364+0200",visu_pars.VisuCreationDate
20230613_141729_jrc230613_0522_m54_1_1/9,"2023-06-13T14:53:21,838+0200",visu_pars.VisuCreationDate
20230613_153527_jrc230613_0522_m55_1_1/1,"2023-06-13T15:55:11,544+0200",visu_pars.VisuCreationDate
20230613_153527_jrc230613_0522_m55_1_1/10,"2023-06-13T16:22:08,764+0200",visu_pars.VisuCreationDate
20230613_153527_jrc230613_0522_m55_1_1/11,"2023-06-13T16:25:49,262+0200",visu_pars.VisuCreationDate
20230613_153527_jrc230613_0522_m55_1_1/12,"2023-06-13T16:29:29,869+0200",visu_pars.VisuCreationDate
20230613_153527_jrc230613_0522_m55_1_1/13,"2023-06-13T16:33:10,386+0200",visu_pars.VisuCreationDate
20230613_153527_jrc230613_0522_m55_1_1/14,"2023-06-13T16:36:50,598+0200",visu_pars.VisuCreationDate
20230613_153527_jrc230613_0522_m55_1_1/15,"2023-06-13T16:40:31,070+0200",visu_pars.VisuCreationDate
20230613_153527_jrc230613_0522_m55_1_1/16,"2023-06-13T16:44:11,668+0200",visu_pars.VisuCreationDate
20230613_153527_jrc230613_0522_m55_1_1/17,"2023-06-13T16:47:52,330+0200",visu_pars.VisuCreationDate
20230613_153527_jrc230613_0522_m55_1_1/18,"2023-06-13T16:49:03,845+0200",visu_pars.VisuCreationDate
20230613_153527_jrc230613_0522_m55_1_1/19,"2023-06-13T16:53:22,825+0200",visu_pars.VisuCreationDate
20230613_153527_jrc230613_0522_m55_1_1/2,"2023-06-13T15:57:23,573+0200",visu_pars.VisuCreationDate
20230613_153527_jrc230613_0522_m55_1_1/20,"2023-06-13T17:02:59,505+0200",visu_pars.VisuCreationDate
20230613_153527_jrc230613_0522_m55_1_1/21,"2023-06-13T17:13:49,743+0200",visu_pars.VisuCreationDate
20230613_153527_jrc230613_0522_m55_1_1/3,"2023-06-13T15:58:53,735+0200",visu_pars.VisuCreationDate
20230613_153527_jrc230613_0522_m55_1_1/4,"2023-06-13T16:00:11,810+0200",visu_pars.VisuCreationDate
20230613_153527_jrc230613_0522_m55_1_1/5,"2023-06-13T16:02:16,939+0200",visu_pars.VisuCreationDate
20230613_153527_jrc230613_0522_m55_1_1/6,"2023-06-13T16:06:47,074+0200",visu_pars.VisuCreationDate
20230613_153527_jrc230613_0522_m55_1_1/7,"2023-06-13T16:11:07,092+0200",visu_pars.VisuCreationDate
20230613_153527_jrc230613_0522_m55_1_1/8,"2023-06-13T16:14:47,753+0200",visu_pars.VisuCreationDate
20230613_153527_jrc230613_0522_m55_1_1/9,"2023-06-13T16:18:28,104+0200",visu_pars.VisuCreationDate
20230613_171657_jrc230613_0522_m56_1_1/1,"2023-06-13T17:27:59,128+0200",visu_pars.VisuCreationDate
20230613_171657_jrc230613_0522_m56_1_1/10,"2023-06-13T17:47:21,396+0200",visu_pars.VisuCreationDate
20230613_171657_jrc230613_0522_m56_1_1/11,"2023-06-13T17:51:01,976+0200",visu_pars.VisuCreationDate
20230613_171657_jrc230613_0522_m56_1_1/12,"2023-06-13T17:54:42,588+0200",visu_pars.VisuCreationDate
20230613_171657_jrc230613_0522_m56_1_1/13,"2023-06-13T17:58:22,986+0200",visu_pars.VisuCreationDate
20230613_171657_jrc230613_0522_m56_1_1/14,"2023-06-13T18:02:03,517+0200",visu_pars.VisuCreationDate
20230613_171657_jrc230613_0522_m56_1_1/15,"2023-06-13T18:05:44,233+0200",visu_pars.VisuCreationDate
20230613_171657_jrc230613_0522_m56_1_1/16,"2023-06-13T18:09:24,551+0200",visu_pars.VisuCreationDate
20230613_171657_jrc230613_0522_m56_1_1/17,"2023-06-13T18:13:05,205+0200",visu_pars.VisuCreationDate
20230613_171657_jrc230613_0522_m56_1_1/18,"2023-06-13T18:16:45,691+0200",visu_pars.VisuCreationDate
20230613_171657_jrc230613_0522_m56_1_1/19,"2023-06-13T18:20:26,370+0200",visu_pars.VisuCreationDate
20230613_171657_jrc230613_0522_m56_1_1/2,"2023-06-13T17:31:23,554+0200",visu_pars.VisuCreationDate
20230613_171657_jrc230613_0522_m56_1_1/20,"2023-06-13T18:24:06,972+0200",visu_pars.VisuCreationDate
20230613_171657_jrc230613_0522_m56_1_1/21,"2023-06-13T18:38:56,637+0200",visu_pars.VisuCreationDate
20230613_171657_jrc230613_0522_m56_1_1/3,"2023-06-13T17:30:12,510+0200",visu_pars.VisuCreationDate
20230613_171657_jrc230613_0522_m56_1_1/5,"2023-06-13T17:33:13,369+0200",visu_pars.VisuCreationDate
20230613_171657_jrc230613_0522_m56_1_1/6,"2023-06-13T17:34:41,840+0200",visu_pars.VisuCreationDate
20230613_171657_jrc230613_0522_m56_1_1/7,"2023-06-13T17:38:39,343+0200",visu_pars.VisuCreationDate
20230613_171657_jrc230613_0522_m56_1_1/8,"2023-06-13T17:39:51,464+0200",visu_pars.VisuCreationDate
20230613_171657_jrc230613_0522_m56_1_1/9,"2023-06-13T17:43:40,814+0200",visu_pars.VisuCreationDate
20230614_123505_jrc230614_0522_m47_1_1/1,"2023-06-14T13:05:31,777+0200",visu_pars.VisuCreationDate
20230614_123505_jrc230614_0522_m47_1_1/10,"2023-06-14T13:24:36,777+0200",visu_pars.VisuCreationDate
20230614_123505_jrc230614_0522_m47_1_1/11,"2023-06-14T13:28:17,372+0200",visu_pars.VisuCreationDate
20230614_123505_jrc230614_0522_m47_1_1/12,"2023-06-14T13:31:58,234+0200",visu_pars.VisuCreationDate
20230614_123505_jrc230614_0522_m47_1_1/13,"2023-06-14T13:35:38,775+0200",visu_pars.VisuCreationDate
20230614_123505_jrc230614_0522_m47_1_1/14,"2023-06-14T13:39:19,711+0200",visu_pars.VisuCreationDate
20230614_123505_jrc230614_0522_m47_1_1/15,"2023-06-14T13:43:00,552+0200",visu_pars.VisuCreationDate
20230614_123505_jrc230614_0522_m47_1_1/16,"2023-06-14T13:46:41,335+0200",visu_pars.VisuCreationDate
20230614_123505_jrc230614_0522_m47_1_1/17,"2023-06-14T13:50:21,875+0200",visu_pars.VisuCreationDate
20230614_123505_jrc230614_0522_m47_1_1/18,"2023-06-14T13:54:02,815+0200",visu_pars.VisuCreationDate
20230614_123505_jrc230614_0522_m47_1_1/19,"2023-06-14T13:57:43,614+0200",visu_pars.VisuCreationDate
20230614_123505_jrc230614_0522_m47_1_1/2,"2023-06-14T13:07:44,313+0200",visu_pars.VisuCreationDate
20230614_123505_jrc230614_0522_m47_1_1/20,"2023-06-14T14:01:24,401+0200",visu_pars.VisuCreationDate
20230614_123505_jrc230614_0522_m47_1_1/21,"2023-06-14T14:14:27,831+0200",visu_pars.VisuCreationDate
20230614_123505_jrc230614_0522_m47_1_1/3,"2023-06-14T13:09:16,448+0200",visu_pars.VisuCreationDate
20230614_123505_jrc230614_0522_m47_1_1/4,"2023-06-14T13:10:54,714+0200",visu_pars.VisuCreationDate
20230614_123505_jrc230614_0522_m47_1_1/5,"2023-06-14T13:13:04,803+0200",visu_pars.VisuCreationDate
20230614_123505_jrc230614_0522_m47_1_1/6,"2023-06-14T13:14:57,180+0200",visu_pars.VisuCreationDate
20230614_123505_jrc230614_0522_m47_1_1/7,"2023-06-14T13:18:57,105+0200",visu_pars.VisuCreationDate
20230614_123505_jrc230614_0522_m47_1_1/9,"2023-06-14T13:20:30,292+0200",visu_pars.VisuCreationDate
20230614_140837_jrc230614_0522_m48_1_1/1,"2023-06-14T14:28:02,387+0200",visu_pars.VisuCreationDate
20230614_140837_jrc230614_0522_m48_1_1/10,"2023-06-14T14:49:23,180+0200",visu_pars.VisuCreationDate
20230614_140837_jrc230614_0522_m48_1_1/11,"2023-06-14T14:56:44,947+0200",visu_pars.VisuCreationDate
20230614_140837_jrc230614_0522_m48_1_1/12,"2023-06-14T15:00:25,787+0200",visu_pars.VisuCreationDate
20230614_140837_jrc230614_0522_m48_1_1/13,"2023-06-14T15:04:06,504+0200",visu_pars.VisuCreationDate
20230614_140837_jrc230614_0522_m48_1_1/14,"2023-06-14T15:07:46,949+0200",visu_pars.VisuCreationDate
20230614_140837_jrc230614_0522_m48_1_1/15,"2023-06-14T15:11:27,316+0200",visu_pars.VisuCreationDate
20230614_140837_jrc230614_0522_m48_1_1/16,"2023-06-14T15:15:07,971+0200",visu_pars.VisuCreationDate
20230614_140837_jrc230614_0522_m48_1_1/17,"2023-06-14T15:18:48,662+0200",visu_pars.VisuCreationDate
20230614_140837_jrc230614_0522_m48_1_1/18,"2023-06-14T15:22:29,261+0200",visu_pars.VisuCreationDate
20230614_140837_jrc230614_0522_m48_1_1/19,"2023-06-14T15:26:10,080+0200",visu_pars.VisuCreationDate
20230614_140837_jrc230614_0522_m48_1_1/2,"2023-06-14T14:30:13,128+0200",visu_pars.VisuCreationDate
20230614_140837_jrc230614_0522_m48_1_1/20,"2023-06-14T14:53:04,012+0200",visu_pars.VisuCreationDate
20230614_140837_jrc230614_0522_m48_1_1/21,"2023-06-14T15:42:19,986+0200",visu_pars.VisuCreationDate
20230614_140837_jrc230614_0522_m48_1_1/3,"2023-06-14T14:31:34,985+0200",visu_pars.VisuCreationDate
20230614_140837_jrc230614_0522_m48_1_1/5,"2023-06-14T14:35:12,507+0200",visu_pars.VisuCreationDate
20230614_140837_jrc230614_0522_m48_1_1/6,"2023-06-14T14:37:10,249+0200",visu_pars.VisuCreationDate
20230614_140837_jrc230614_0522_m48_1_1/7,"2023-06-14T14:38:33,349+0200",visu_pars.VisuCreationDate
20230614_140837_jrc230614_0522_m48_1_1/8,"2023-06-14T14:42:53,884+0200",visu_pars.VisuCreationDate
20230614_140837_jrc230614_0522_m48_1_1/9,"2023-06-14T14:44:05,658+0200",visu_pars.VisuCreationDate
20230614_154509_jrc230614_0522_m49_1_1/1,"2023-06-14T15:55:32,325+0200",visu_pars.VisuCreationDate
20230614_154509_jrc230614_0522_m49_1_1/10,"2023-06-14T16:15:32,085+0200",visu_pars.VisuCreationDate
20230614_154509_jrc230614_0522_m49_1_1/11,"2023-06-14T16:19:12,542+0200",visu_pars.VisuCreationDate
20230614_154509_jrc230614_0522_m49_1_1/12,"2023-06-14T16:22:53,140+0200",visu_pars.VisuCreationDate
20230614_154509_jrc230614_0522_m49_1_1/13,"2023-06-14T16:26:33,704+0200",visu_pars.VisuCreationDate
20230614_154509_jrc230614_0522_m49_1_1/14,"2023-06-14T16:30:14,315+0200",visu_pars.VisuCreationDate
20230614_154509_jrc230614_0522_m49_1_1/15,"2023-06-14T16:33:54,756+0200",visu_pars.VisuCreationDate
20230614_154509_jrc230614_0522_m49_1_1/16,"2023-06-14T16:37:35,509+0200",visu_pars.VisuCreationDate
20230614_154509_jrc230614_0522_m49_1_1/17,"2023-06-14T16:41:16,359+0200",visu_pars.VisuCreationDate
20230614_154509_jrc230614_0522_m49_1_1/18,"2023-06-14T16:44:57,100+0200",visu_pars.VisuCreationDate
20230614_154509_jrc230614_0522_m49_1_1/19,"2023-06-14T16:48:37,948+0200",visu_pars.VisuCreationDate
20230614_154509_jrc230614_0522_m49_1_1/2,"2023-06-14T15:57:29,370+0200",visu_pars.VisuCreationDate
20230614_154509_jrc230614_0522_m49_1_1/20,"2023-06-14T16:52:18,553+0200",visu_pars.VisuCreationDate
20230614_154509_jrc230614_0522_m49_1_1/21,"2023-06-14T17:01:32,843+0200",visu_pars.VisuCreationDate
20230614_154509_jrc230614_0522_m49_1_1/4,"2023-06-14T15:59:48,422+0200",visu_pars.VisuCreationDate
20230614_154509_jrc230614_0522_m49_1_1/7,"2023-06-14T16:01:35,104+0200",visu_pars.VisuCreationDate
20230614_154509_jrc230614_0522_m49_1_1/8,"2023-06-14T16:08:42,589+0200",visu_pars.VisuCreationDate
20230614_154509_jrc230614_0522_m49_1_1/9,"2023-06-14T16:11:14,036+0200",visu_pars.VisuCreationDate
20230614_170412_jrc230614_0522_m50_1_1/1,"2023-06-14T17:14:26,039+0200",visu_pars.VisuCreationDate
20230614_170412_jrc230614_0522_m50_1_1/10,"2023-06-14T17:35:48,288+0200",visu_pars.VisuCreationDate
20230614_170412_jrc230614_0522_m50_1_1/11,"2023-06-14T17:39:28,727+0200",visu_pars.VisuCreationDate
20230614_170412_jrc230614_0522_m50_1_1/12,"2023-06-14T17:43:09,373+0200",visu_pars.VisuCreationDate
20230614_170412_jrc230614_0522_m50_1_1/13,"2023-06-14T17:46:49,970+0200",visu_pars.VisuCreationDate
20230614_170412_jrc230614_0522_m50_1_1/14,"2023-06-14T17:50:30,679+0200",visu_pars.VisuCreationDate
20230614_170412_jrc230614_0522_m50_1_1/15,"2023-06-14T17:54:11,362+0200",visu_pars.VisuCreationDate
20230614_170412_jrc230614_0522_m50_1_1/16,"2023-06-14T17:57:52,071+0200",visu_pars.VisuCreationDate
20230614_170412_jrc230614_0522_m50_1_1/17,"2023-06-14T18:01:32,924+0200",visu_pars.VisuCreationDate
20230614_170412_jrc230614_0522_m50_1_1/18,"2023-06-14T18:05:13,620+0200",visu_pars.VisuCreationDate
20230614_170412_jrc230614_0522_m50_1_1/19,"2023-06-14T18:08:54,461+0200",visu_pars.VisuCreationDate
20230614_170412_jrc230614_0522_m50_1_1/2,"2023-06-14T17:15:59,353+0200",visu_pars.VisuCreationDate
20230614_170412_jrc230614_0522_m50_1_1/20,"2023-06-14T18:22:20,737+0200",visu_pars.VisuCreationDate
20230614_170412_jrc230614_0522_m50_1_1/3,"2023-06-14T17:17:21,522+0200",visu_pars.VisuCreationDate
20230614_170412_jrc230614_0522_m50_1_1/4,"2023-06-14T17:18:32,709+0200",visu_pars.VisuCreationDate
20230614_170412_jrc230614_0522_m50_1_1/6,"2023-06-14T17:23:15,110+0200",visu_pars.VisuCreationDate
20230614_170412_jrc230614_0522_m50_1_1/7,"2023-06-14T17:24:26,620+0200",visu_pars.VisuCreationDate
20230614_170412_jrc230614_0522_m50_1_1/8,"2023-06-14T17:28:27,151+0200",visu_pars.VisuCreationDate
20230614_170412_jrc230614_0522_m50_1_1/9,"2023-06-14T17:32:07,666+0200",visu_pars.VisuCreationDate
20240527_154644_jrc240527_m44_1422_1_1/1,"2024-05-27T15:58:05,160+0200",visu_pars.VisuCreationDate
20240527_154644_jrc240527_m44_1422_1_1/10,"2024-05-27T16:20:08,929+0200",visu_pars.VisuCreationDate
20240527_154644_jrc240527_m44_1422_1_1/11,"2024-05-27T16:23:49,481+0200",visu_pars.VisuCreationDate
20240527_154644_jrc240527_m44_1422_1_1/12,"2024-05-27T16:27:30,220+0200",visu_pars.VisuCreationDate
20240527_154644_jrc240527_m44_1422_1_1/13,"2024-05-27T16:31:11,203+0200",visu_pars.VisuCreationDate
20240527_154644_jrc240527_m44_1422_1_1/14,"2024-05-27T16:34:51,869+0200",visu_pars.VisuCreationDate
20240527_154644_jrc240527_m44_1422_1_1/15,"2024-05-27T16:38:32,477+0200",visu_pars.VisuCreationDate
20240527_154644_jrc240527_m44_1422_1_1/16,"2024-05-27T16:42:13,307+0200",visu_pars.VisuCreationDate
20240527_154644_jrc240527_m44_1422_1_1/17,"2024-05-27T16:46:17,521+0200",visu_pars.VisuCreationDate
20240527_154644_jrc240527_m44_1422_1_1/2,"2024-05-27T15:59:26,885+0200",visu_pars.VisuCreationDate
20240527_154644_jrc240527_m44_1422_1_1/3,"2024-05-27T16:00:58,384+0200",visu_pars.VisuCreationDate
20240527_154644_jrc240527_m44_1422_1_1/4,"2024-05-27T16:02:44,172+0200",visu_pars.VisuCreationDate
20240527_154644_jrc240527_m44_1422_1_1/5,"2024-05-27T16:04:12,869+0200",visu_pars.VisuCreationDate
20240527_154644_jrc240527_m44_1422_1_1/6,"2024-05-27T16:08:17,400+0200",visu_pars.VisuCreationDate
20240527_154644_jrc240527_m44_1422_1_1/8,"2024-05-27T16:12:47,855+0200",visu_pars.VisuCreationDate
20240527_154644_jrc240527_m44_1422_1_1/9,"2024-05-27T16:16:28,294+0200",visu_pars.VisuCreationDate
20240527_164422_jrc240527_m46_1422_1_1/1,"2024-05-27T16:56:04,296+0200",visu_pars.VisuCreationDate
20240527_164422_jrc240527_m46_1422_1_1/10,"2024-05-27T17:20:06,881+0200",visu_pars.VisuCreationDate
20240527_164422_jrc240527_m46_1422_1_1/11,"2024-05-27T17:23:47,642+0200",visu_pars.VisuCreationDate
20240527_164422_jrc240527_m46_1422_1_1/12,"2024-05-27T17:27:28,617+0200",visu_pars.VisuCreationDate
20240527_164422_jrc240527_m46_1422_1_1/13,"2024-05-27T17:31:09,580+0200",visu_pars.VisuCreationDate
20240527_164422_jrc240527_m46_1422_1_1/14,"2024-05-27T17:34:50,328+0200",visu_pars.VisuCreationDate
20240527_164422_jrc240527_m46_1422_1_1/15,"2024-05-27T17:38:31,021+0200",visu_pars.VisuCreationDate
20240527_164422_jrc240527_m46_1422_1_1/16,"2024-05-27T17:42:11,839+0200",visu_pars.VisuCreationDate
20240527_164422_jrc240527_m46_1422_1_1/2,"2024-05-27T16:57:45,155+0200",visu_pars.VisuCreationDate
20240527_164422_jrc240527_m46_1422_1_1/3,"2024-05-27T16:59:23,822+0200",visu_pars.VisuCreationDate
20240527_164422_jrc240527_m46_1422_1_1/4,"2024-05-27T17:00:54,679+0200",visu_pars.VisuCreationDate
20240527_164422_jrc240527_m46_1422_1_1/5,"2024-05-27T17:04:37,074+0200",visu_pars.VisuCreationDate
20240527_164422_jrc240527_m46_1422_1_1/7,"2024-05-27T17:09:04,729+0200",visu_pars.VisuCreationDate
20240527_164422_jrc240527_m46_1422_1_1/8,"2024-05-27T17:12:45,262+0200",visu_pars.VisuCreationDate
20240527_164422_jrc240527_m46_1422_1_1/9,"2024-05-27T17:16:25,925+0200",visu_pars.VisuCreationDate
20240527_174155_jrc240527_m58_1422_1_1/1,"2024-05-27T17:50:19,037+0200",visu_pars.VisuCreationDate
20240527_174155_jrc240527_m58_1422_1_1/10,"2024-05-27T18:17:15,271+0200",visu_pars.VisuCreationDate
20240527_174155_jrc240527_m58_1422_1_1/11,"2024-05-27T18:20:55,953+0200",visu_pars.VisuCreationDate
20240527_174155_jrc240527_m58_1422_1_1/12,"2024-05-27T18:24:36,392+0200",visu_pars.VisuCreationDate
20240527_174155_jrc240527_m58_1422_1_1/13,"2024-05-27T18:28:16,905+0200",visu_pars.VisuCreationDate
20240527_174155_jrc240527_m58_1422_1_1/14,"2024-05-27T18:31:57,553+0200",visu_pars.VisuCreationDate
20240527_174155_jrc240527_m58_1422_1_1/15,"2024-05-27T18:35:38,197+0200",visu_pars.VisuCreationDate
20240527_174155_jrc240527_m58_1422_1_1/2,"2024-05-27T17:51:36,932+0200",visu_pars.VisuCreationDate
20240527_174155_jrc240527_m58_1422_1_1/3,"2024-05-27T17:53:15,253+0200",visu_pars.VisuCreationDate
20240527_174155_jrc240527_m58_1422_1_1/4,"2024-05-27T17:54:49,871+0200",visu_pars.VisuCreationDate
20240527_174155_jrc240527_m58_1422_1_1/5,"2024-05-27T17:58:32,539+0200",visu_pars.VisuCreationDate
20240527_174155_jrc240527_m58_1422_1_1/6,"2024-05-27T18:02:32,750+0200",visu_pars.VisuCreationDate
20240527_174155_jrc240527_m58_1422_1_1/7,"2024-05-27T18:06:13,128+0200",visu_pars.VisuCreationDate
20240527_174155_jrc240527_m58_1422_1_1/8,"2024-05-27T18:09:53,744+0200",visu_pars.VisuCreationDate
20240527_174155_jrc240527_m58_1422_1_1/9,"2024-05-27T18:13:34,669+0200",visu_pars.VisuCreationDate
20240528_080647_jrc240528_m59_1422_1_1/1,"2024-05-28T08:22:47,678+0200",visu_pars.VisuCreationDate
20240528_080647_jrc240528_m59_1422_1_1/10,"2024-05-28T08:42:05,717+0200",visu_pars.VisuCreationDate
20240528_080647_jrc240528_m59_1422_1_1/11,"2024-05-28T08:45:46,283+0200",visu_pars.VisuCreationDate
20240528_080647_jrc240528_m59_1422_1_1/12,"2024-05-28T08:49:26,667+0200",visu_pars.VisuCreationDate
20240528_080647_jrc240528_m59_1422_1_1/13,"2024-05-28T08:53:07,387+0200",visu_pars.VisuCreationDate
20240528_080647_jrc240528_m59_1422_1_1/14,"2024-05-28T08:56:47,967+0200",visu_pars.VisuCreationDate
20240528_080647_jrc240528_m59_1422_1_1/15,"2024-05-28T09:00:28,571+0200",visu_pars.VisuCreationDate
20240528_080647_jrc240528_m59_1422_1_1/16,"2024-05-28T09:04:09,125+0200",visu_pars.VisuCreationDate
20240528_080647_jrc240528_m59_1422_1_1/17,"2024-05-28T09:07:50,222+0200",visu_pars.VisuCreationDate
20240528_080647_jrc240528_m59_1422_1_1/18,"2024-05-28T09:11:30,859+0200",visu_pars.VisuCreationDate
20240528_080647_jrc240528_m59_1422_1_1/19,"2024-05-28T09:15:11,697+0200",visu_pars.VisuCreationDate
20240528_080647_jrc240528_m59_1422_1_1/4,"2024-05-28T08:25:58,910+0200",visu_pars.VisuCreationDate
20240528_080647_jrc240528_m59_1422_1_1/5,"2024-05-28T08:27:18,031+0200",visu_pars.VisuCreationDate
20240528_080647_jrc240528_m59_1422_1_1/6,"2024-05-28T08:28:42,944+0200",visu_pars.VisuCreationDate
20240528_080647_jrc240528_m59_1422_1_1/7,"2024-05-28T08:30:02,118+0200",visu_pars.VisuCreationDate
20240528_080647_jrc240528_m59_1422_1_1/8,"2024-05-28T08:33:44,509+0200",visu_pars.VisuCreationDate
20240528_080647_jrc240528_m59_1422_1_1/9,"2024-05-28T08:38:25,470+0200",visu_pars.VisuCreationDate
20240528_090954_jrc240528_m60_1422_1_1/1,"2024-05-28T09:25:20,396+0200",visu_pars.VisuCreationDate
20240528_090954_jrc240528_m60_1422_1_1/10,"2024-05-28T09:46:38,861+0200",visu_pars.VisuCreationDate
20240528_090954_jrc240528_m60_1422_1_1/11,"2024-05-28T09:50:19,620+0200",visu_pars.VisuCreationDate
20240528_090954_jrc240528_m60_1422_1_1/12,"2024-05-28T09:54:00,511+0200",visu_pars.VisuCreationDate
20240528_090954_jrc240528_m60_1422_1_1/13,"2024-05-28T09:57:41,422+0200",visu_pars.VisuCreationDate
20240528_090954_jrc240528_m60_1422_1_1/14,"2024-05-28T10:01:22,058+0200",visu_pars.VisuCreationDate
20240528_090954_jrc240528_m60_1422_1_1/15,"2024-05-28T10:05:02,700+0200",visu_pars.VisuCreationDate
20240528_090954_jrc240528_m60_1422_1_1/16,"2024-05-28T10:08:43,647+0200",visu_pars.VisuCreationDate
20240528_090954_jrc240528_m60_1422_1_1/17,"2024-05-28T10:12:24,088+0200",visu_pars.VisuCreationDate
20240528_090954_jrc240528_m60_1422_1_1/18,"2024-05-28T10:16:04,718+0200",visu_pars.VisuCreationDate
20240528_090954_jrc240528_m60_1422_1_1/19,"2024-05-28T10:19:45,281+0200",visu_pars.VisuCreationDate
20240528_090954_jrc240528_m60_1422_1_1/2,"2024-05-28T09:26:55,464+0200",visu_pars.VisuCreationDate
20240528_090954_jrc240528_m60_1422_1_1/3,"2024-05-28T09:28:26,830+0200",visu_pars.VisuCreationDate
20240528_090954_jrc240528_m60_1422_1_1/6,"2024-05-28T09:30:33,308+0200",visu_pars.VisuCreationDate
20240528_090954_jrc240528_m60_1422_1_1/7,"2024-05-28T09:35:21,100+0200",visu_pars.VisuCreationDate
20240528_090954_jrc240528_m60_1422_1_1/8,"2024-05-28T09:39:17,923+0200",visu_pars.VisuCreationDate
20240528_090954_jrc240528_m60_1422_1_1/9,"2024-05-28T09:42:58,203+0200",visu_pars.VisuCreationDate
20240528_101718_jrc240528_m61_1422_1_1/1,"2024-05-28T10:30:46,508+0200",visu_pars.VisuCreationDate
20240528_101718_jrc240528_m61_1422_1_1/10,"2024-05-28T10:53:30,942+0200",visu_pars.VisuCreationDate
20240528_101718_jrc240528_m61_1422_1_1/11,"2024-05-28T10:57:11,448+0200",visu_pars.VisuCreationDate
20240528_101718_jrc240528_m61_1422_1_1/12,"2024-05-28T11:00:51,811+0200",visu_pars.VisuCreationDate
20240528_101718_jrc240528_m61_1422_1_1/13,"2024-05-28T11:04:32,644+0200",visu_pars.VisuCreationDate
20240528_101718_jrc240528_m61_1422_1_1/14,"2024-05-28T11:08:13,133+0200",visu_pars.VisuCreationDate
20240528_101718_jrc240528_m61_1422_1_1/15,"2024-05-28T11:11:53,688+0200",visu_pars.VisuCreationDate
20240528_101718_jrc240528_m61_1422_1_1/16,"2024-05-28T11:15:34,077+0200",visu_pars.VisuCreationDate
20240528_101718_jrc240528_m61_1422_1_1/17,"2024-05-28T11:19:14,602+0200",visu_pars.VisuCreationDate
20240528_101718_jrc240528_m61_1422_1_1/18,"2024-05-28T11:22:55,283+0200",visu_pars.VisuCreationDate
20240528_101718_jrc240528_m61_1422_1_1/19,"2024-05-28T11:26:35,927+0200",visu_pars.VisuCreationDate
20240528_101718_jrc240528_m61_1422_1_1/2,"2024-05-28T10:33:06,840+0200",visu_pars.VisuCreationDate
20240528_101718_jrc240528_m61_1422_1_1/4,"2024-05-28T10:34:37,525+0200",visu_pars.VisuCreationDate
20240528_101718_jrc240528_m61_1422_1_1/5,"2024-05-28T10:36:12,922+0200",visu_pars.VisuCreationDate
20240528_101718_jrc240528_m61_1422_1_1/6,"2024-05-28T10:37:33,829+0200",visu_pars.VisuCreationDate
20240528_101718_jrc240528_m61_1422_1_1/7,"2024-05-28T10:41:16,027+0200",visu_pars.VisuCreationDate
20240528_101718_jrc240528_m61_1422_1_1/8,"2024-05-28T10:46:09,659+0200",visu_pars.VisuCreationDate
20240528_101718_jrc240528_m61_1422_1_1/9,"2024-05-28T10:49:50,159+0200",visu_pars.VisuCreationDate
20240528_112525_jrc240528_m62_1422_1_1/1,"2024-05-28T11:37:22,848+0200",visu_pars.VisuCreationDate
20240528_112525_jrc240528_m62_1422_1_1/10,"2024-05-28T11:50:55,918+0200",visu_pars.VisuCreationDate
20240528_112525_jrc240528_m62_1422_1_1/11,"2024-05-28T11:55:24,942+0200",visu_pars.VisuCreationDate
20240528_112525_jrc240528_m62_1422_1_1/13,"2024-05-28T11:59:05,385+0200",visu_pars.VisuCreationDate
20240528_112525_jrc240528_m62_1422_1_1/14,"2024-05-28T12:02:46,185+0200",visu_pars.VisuCreationDate
20240528_112525_jrc240528_m62_1422_1_1/15,"2024-05-28T12:06:26,719+0200",visu_pars.VisuCreationDate
20240528_112525_jrc240528_m62_1422_1_1/16,"2024-05-28T12:10:07,298+0200",visu_pars.VisuCreationDate
20240528_112525_jrc240528_m62_1422_1_1/17,"2024-05-28T12:13:48,054+0200",visu_pars.VisuCreationDate
20240528_112525_jrc240528_m62_1422_1_1/18,"2024-05-28T12:17:28,628+0200",visu_pars.VisuCreationDate
20240528_112525_jrc240528_m62_1422_1_1/19,"2024-05-28T12:21:09,326+0200",visu_pars.VisuCreationDate
20240528_112525_jrc240528_m62_1422_1_1/2,"2024-05-28T11:38:51,075+0200",visu_pars.VisuCreationDate
20240528_112525_jrc240528_m62_1422_1_1/20,"2024-05-28T12:24:49,929+0200",visu_pars.VisuCreationDate
20240528_112525_jrc240528_m62_1422_1_1/3,"2024-05-28T11:40:57,274+0200",visu_pars.VisuCreationDate
20240528_112525_jrc240528_m62_1422_1_1/4,"2024-05-28T11:42:23,053+0200",visu_pars.VisuCreationDate
20240528_112525_jrc240528_m62_1422_1_1/8,"2024-05-28T11:45:21,116+0200",visu_pars.VisuCreationDate
20240528_112525_jrc240528_m62_1422_1_1/9,"2024-05-28T11:46:59,119+0200",visu_pars.VisuCreationDate
20240528_122136_jrc240528_m48_1422_1_1/1,"2024-05-28T12:36:26,198+0200",visu_pars.VisuCreationDate
20240528_122136_jrc240528_m48_1422_1_1/10,"2024-05-28T12:55:36,549+0200",visu_pars.VisuCreationDate
20240528_122136_jrc240528_m48_1422_1_1/11,"2024-05-28T12:59:17,339+0200",visu_pars.VisuCreationDate
20240528_122136_jrc240528_m48_1422_1_1/12,"2024-05-28T13:02:57,899+0200",visu_pars.VisuCreationDate
20240528_122136_jrc240528_m48_1422_1_1/13,"2024-05-28T13:06:38,404+0200",visu_pars.VisuCreationDate
20240528_122136_jrc240528_m48_1422_1_1/14,"2024-05-28T13:10:19,047+0200",visu_pars.VisuCreationDate
20240528_122136_jrc240528_m48_1422_1_1/15,"2024-05-28T13:13:59,461+0200",visu_pars.VisuCreationDate
20240528_122136_jrc240528_m48_1422_1_1/16,"2024-05-28T13:17:40,241+0200",visu_pars.VisuCreationDate
20240528_122136_jrc240528_m48_1422_1_1/17,"2024-05-28T13:21:20,874+0200",visu_pars.VisuCreationDate
20240528_122136_jrc240528_m48_1422_1_1/18,"2024-05-28T13:25:01,352+0200",visu_pars.VisuCreationDate
20240528_122136_jrc240528_m48_1422_1_1/19,"2024-05-28T13:28:41,952+0200",visu_pars.VisuCreationDate
20240528_122136_jrc240528_m48_1422_1_1/2,"2024-05-28T12:37:52,710+0200",visu_pars.VisuCreationDate
20240528_122136_jrc240528_m48_1422_1_1/3,"2024-05-28T12:39:23,681+0200",visu_pars.VisuCreationDate
20240528_122136_jrc240528_m48_1422_1_1/6,"2024-05-28T12:41:17,735+0200",visu_pars.VisuCreationDate
20240528_122136_jrc240528_m48_1422_1_1/7,"2024-05-28T12:47:37,860+0200",visu_pars.VisuCreationDate
20240528_122136_jrc240528_m48_1422_1_1/9,"2024-05-28T12:51:55,813+0200",visu_pars.VisuCreationDate
20240528_132056_jrc240528_m49_1422_1_1/1,"2024-05-28T14:07:28,224+0200",visu_pars.VisuCreationDate
20240528_132056_jrc240528_m49_1422_1_1/10,"2024-05-28T14:31:40,839+0200",visu_pars.VisuCreationDate
20240528_132056_jrc240528_m49_1422_1_1/11,"2024-05-28T14:35:21,583+0200",visu_pars.VisuCreationDate
20240528_132056_jrc240528_m49_1422_1_1/12,"2024-05-28T14:39:02,331+0200",visu_pars.VisuCreationDate
20240528_132056_jrc240528_m49_1422_1_1/13,"2024-05-28T14:42:43,053+0200",visu_pars.VisuCreationDate
20240528_132056_jrc240528_m49_1422_1_1/14,"2024-05-28T14:46:24,000+0200",visu_pars.VisuCreationDate
20240528_132056_jrc240528_m49_1422_1_1/15,"2024-05-28T14:50:04,583+0200",visu_pars.VisuCreationDate
20240528_132056_jrc240528_m49_1422_1_1/16,"2024-05-28T14:53:45,273+0200",visu_pars.VisuCreationDate
20240528_132056_jrc240528_m49_1422_1_1/17,"2024-05-28T14:57:26,072+0200",visu_pars.VisuCreationDate
20240528_132056_jrc240528_m49_1422_1_1/3,"2024-05-28T14:09:26,199+0200",visu_pars.VisuCreationDate
20240528_132056_jrc240528_m49_1422_1_1/4,"2024-05-28T14:10:54,792+0200",visu_pars.VisuCreationDate
20240528_132056_jrc240528_m49_1422_1_1/5,"2024-05-28T14:12:26,610+0200",visu_pars.VisuCreationDate
20240528_132056_jrc240528_m49_1422_1_1/6,"2024-05-28T14:16:09,094+0200",visu_pars.VisuCreationDate
20240528_132056_jrc240528_m49_1422_1_1/7,"2024-05-28T14:20:38,627+0200",visu_pars.VisuCreationDate
20240528_132056_jrc240528_m49_1422_1_1/8,"2024-05-28T14:24:19,242+0200",visu_pars.VisuCreationDate
20240528_132056_jrc240528_m49_1422_1_1/9,"2024-05-28T14:28:00,044+0200",visu_pars.VisuCreationDate
20240528_145645_jrc240528_m50_1422_1_1/1,"2024-05-28T15:07:26,527+0200",visu_pars.VisuCreationDate
20240528_145645_jrc240528_m50_1422_1_1/10,"2024-05-28T15:34:29,524+0200",visu_pars.VisuCreationDate
20240528_145645_jrc240528_m50_1422_1_1/11,"2024-05-28T15:38:10,366+0200",visu_pars.VisuCreationDate
20240528_145645_jrc240528_m50_1422_1_1/12,"2024-05-28T15:41:51,056+0200",visu_pars.VisuCreationDate
20240528_145645_jrc240528_m50_1422_1_1/13,"2024-05-28T15:45:31,859+0200",visu_pars.VisuCreationDate
20240528_145645_jrc240528_m50_1422_1_1/14,"2024-05-28T15:49:12,853+0200",visu_pars.VisuCreationDate
20240528_145645_jrc240528_m50_1422_1_1/15,"2024-05-28T15:52:53,793+0200",visu_pars.VisuCreationDate
20240528_145645_jrc240528_m50_1422_1_1/16,"2024-05-28T15:56:34,323+0200",visu_pars.VisuCreationDate
20240528_145645_jrc240528_m50_1422_1_1/2,"2024-05-28T15:08:46,298+0200",visu_pars.VisuCreationDate
20240528_145645_jrc240528_m50_1422_1_1/3,"2024-05-28T15:10:07,878+0200",visu_pars.VisuCreationDate
20240528_145645_jrc240528_m50_1422_1_1/4,"2024-05-28T15:11:48,659+0200",visu_pars.VisuCreationDate
20240528_145645_jrc240528_m50_1422_1_1/5,"2024-05-28T15:15:50,637+0200",visu_pars.VisuCreationDate
20240528_145645_jrc240528_m50_1422_1_1/6,"2024-05-28T15:19:46,758+0200",visu_pars.VisuCreationDate
20240528_145645_jrc240528_m50_1422_1_1/7,"2024-05-28T15:23:27,238+0200",visu_pars.VisuCreationDate
20240528_145645_jrc240528_m50_1422_1_1/8,"2024-05-28T15:27:07,975+0200",visu_pars.VisuCreationDate
20240528_145645_jrc240528_m50_1422_1_1/9,"2024-05-28T15:30:48,521+0200",visu_pars.VisuCreationDate
20240528_155545_jrc240528_m53_1422_1_1/1,"2024-05-28T16:05:14,336+0200",visu_pars.VisuCreationDate
20240528_155545_jrc240528_m53_1422_1_1/10,"2024-05-28T16:32:19,847+0200",visu_pars.VisuCreationDate
20240528_155545_jrc240528_m53_1422_1_1/11,"2024-05-28T16:36:00,444+0200",visu_pars.VisuCreationDate
20240528_155545_jrc240528_m53_1422_1_1/12,"2024-05-28T16:39:41,098+0200",visu_pars.VisuCreationDate
20240528_155545_jrc240528_m53_1422_1_1/13,"2024-05-28T16:43:21,567+0200",visu_pars.VisuCreationDate
20240528_155545_jrc240528_m53_1422_1_1/14,"2024-05-28T16:47:02,208+0200",visu_pars.VisuCreationDate
20240528_155545_jrc240528_m53_1422_1_1/15,"2024-05-28T16:50:42,809+0200",visu_pars.VisuCreationDate
20240528_155545_jrc240528_m53_1422_1_1/16,"2024-05-28T16:54:23,180+0200",visu_pars.VisuCreationDate
20240528_155545_jrc240528_m53_1422_1_1/2,"2024-05-28T16:06:37,444+0200",visu_pars.VisuCreationDate
20240528_155545_jrc240528_m53_1422_1_1/3,"2024-05-28T16:08:18,890+0200",visu_pars.VisuCreationDate
20240528_155545_jrc240528_m53_1422_1_1/4,"2024-05-28T16:09:49,101+0200",visu_pars.VisuCreationDate
20240528_155545_jrc240528_m53_1422_1_1/5,"2024-05-28T16:13:31,326+0200",visu_pars.VisuCreationDate
20240528_155545_jrc240528_m53_1422_1_1/6,"2024-05-28T16:17:37,117+0200",visu_pars.VisuCreationDate
20240528_155545_jrc240528_m53_1422_1_1/7,"2024-05-28T16:21:17,862+0200",visu_pars.VisuCreationDate
20240528_155545_jrc240528_m53_1422_1_1/8,"2024-05-28T16:24:58,710+0200",visu_pars.VisuCreationDate
20240528_155545_jrc240528_m53_1422_1_1/9,"2024-05-28T16:28:39,371+0200",visu_pars.VisuCreationDate
20240528_165225_jrc240528_m54_1422_1_1/1,"2024-05-28T17:03:24,314+0200",visu_pars.VisuCreationDate
20240528_165225_jrc240528_m54_1422_1_1/10,"2024-05-28T17:28:04,866+0200",visu_pars.VisuCreationDate
20240528_165225_jrc240528_m54_1422_1_1/11,"2024-05-28T17:31:45,355+0200",visu_pars.VisuCreationDate
20240528_165225_jrc240528_m54_1422_1_1/12,"2024-05-28T17:35:26,152+0200",visu_pars.VisuCreationDate
20240528_165225_jrc240528_m54_1422_1_1/13,"2024-05-28T17:39:06,643+0200",visu_pars.VisuCreationDate
20240528_165225_jrc240528_m54_1422_1_1/14,"2024-05-28T17:42:47,273+0200",visu_pars.VisuCreationDate
20240528_165225_jrc240528_m54_1422_1_1/3,"2024-05-28T17:05:11,847+0200",visu_pars.VisuCreationDate
20240528_165225_jrc240528_m54_1422_1_1/4,"2024-05-28T17:06:46,373+0200",visu_pars.VisuCreationDate
20240528_165225_jrc240528_m54_1422_1_1/5,"2024-05-28T17:08:50,159+0200",visu_pars.VisuCreationDate
20240528_165225_jrc240528_m54_1422_1_1/6,"2024-05-28T17:12:46,887+0200",visu_pars.VisuCreationDate
20240528_165225_jrc240528_m54_1422_1_1/7,"2024-05-28T17:17:02,956+0200",visu_pars.VisuCreationDate
20240528_165225_jrc240528_m54_1422_1_1/8,"2024-05-28T17:20:43,630+0200",visu_pars.VisuCreationDate
20240528_165225_jrc240528_m54_1422_1_1/9,"2024-05-28T17:24:24,124+0200",visu_pars.VisuCreationDate
20240528_174147_jrc240528_m55_1422_1_1/1,"2024-05-28T17:50:43,414+0200",visu_pars.VisuCreationDate
20240528_174147_jrc240528_m55_1422_1_1/10,"2024-05-28T18:14:52,550+0200",visu_pars.VisuCreationDate
20240528_174147_jrc240528_m55_1422_1_1/11,"2024-05-28T18:18:33,080+0200",visu_pars.VisuCreationDate
20240528_174147_jrc240528_m55_1422_1_1/12,"2024-05-28T18:22:13,994+0200",visu_pars.VisuCreationDate
20240528_174147_jrc240528_m55_1422_1_1/13,"2024-05-28T18:25:54,735+0200",visu_pars.VisuCreationDate
20240528_174147_jrc240528_m55_1422_1_1/14,"2024-05-28T18:29:35,503+0200",visu_pars.VisuCreationDate
20240528_174147_jrc240528_m55_1422_1_1/15,"2024-05-28T18:33:16,053+0200",visu_pars.VisuCreationDate
20240528_174147_jrc240528_m55_1422_1_1/16,"2024-05-28T18:36:56,872+0200",visu_pars.VisuCreationDate
20240528_174147_jrc240528_m55_1422_1_1/17,"2024-05-28T18:40:37,649+0200",visu_pars.VisuCreationDate
20240528_174147_jrc240528_m55_1422_1_1/3,"2024-05-28T17:52:36,444+0200",visu_pars.VisuCreationDate
20240528_174147_jrc240528_m55_1422_1_1/4,"2024-05-28T17:54:28,438+0200",visu_pars.VisuCreationDate
20240528_174147_jrc240528_m55_1422_1_1/5,"2024-05-28T17:56:02,472+0200",visu_pars.VisuCreationDate
20240528_174147_jrc240528_m55_1422_1_1/6,"2024-05-28T17:59:44,670+0200",visu_pars.VisuCreationDate
20240528_174147_jrc240528_m55_1422_1_1/7,"2024-05-28T18:03:50,637+0200",visu_pars.VisuCreationDate
20240528_174147_jrc240528_m55_1422_1_1/8,"2024-05-28T18:07:31,202+0200",visu_pars.VisuCreationDate
20240528_174147_jrc240528_m55_1422_1_1/9,"2024-05-28T18:11:12,016+0200",visu_pars.VisuCreationDate
20240529_084800_jrc240529_m56_1422_1_1/1,"2024-05-29T09:02:15,367+0200",visu_pars.VisuCreationDate
20240529_084800_jrc240529_m56_1422_1_1/10,"2024-05-29T09:34:51,486+0200",visu_pars.VisuCreationDate
20240529_084800_jrc240529_m56_1422_1_1/11,"2024-05-29T09:38:32,008+0200",visu_pars.VisuCreationDate
20240529_084800_jrc240529_m56_1422_1_1/12,"2024-05-29T09:42:12,657+0200",visu_pars.VisuCreationDate
20240529_084800_jrc240529_m56_1422_1_1/13,"2024-05-29T09:45:53,196+0200",visu_pars.VisuCreationDate
20240529_084800_jrc240529_m56_1422_1_1/14,"2024-05-29T09:49:34,070+0200",visu_pars.VisuCreationDate
20240529_084800_jrc240529_m56_1422_1_1/15,"2024-05-29T09:53:14,718+0200",visu_pars.VisuCreationDate
20240529_084800_jrc240529_m56_1422_1_1/16,"2024-05-29T09:56:55,501+0200",visu_pars.VisuCreationDate
20240529_084800_jrc240529_m56_1422_1_1/17,"2024-05-29T10:00:36,008+0200",visu_pars.VisuCreationDate
20240529_084800_jrc240529_m56_1422_1_1/18,"2024-05-29T10:04:16,652+0200",visu_pars.VisuCreationDate
20240529_084800_jrc240529_m56_1422_1_1/19,"2024-05-29T10:07:57,276+0200",visu_pars.VisuCreationDate
20240529_084800_jrc240529_m56_1422_1_1/2,"2024-05-29T09:03:40,628+0200",visu_pars.VisuCreationDate
20240529_084800_jrc240529_m56_1422_1_1/20,"2024-05-29T10:11:37,908+0200",visu_pars.VisuCreationDate
20240529_084800_jrc240529_m56_1422_1_1/21,"2024-05-29T10:15:18,541+0200",visu_pars.VisuCreationDate
20240529_084800_jrc240529_m56_1422_1_1/3,"2024-05-29T09:05:01,246+0200",visu_pars.VisuCreationDate
20240529_084800_jrc240529_m56_1422_1_1/6,"2024-05-29T09:07:34,948+0200",visu_pars.VisuCreationDate
20240529_084800_jrc240529_m56_1422_1_1/7,"2024-05-29T09:13:22,591+0200",visu_pars.VisuCreationDate
20240529_084800_jrc240529_m56_1422_1_1/8,"2024-05-29T09:26:06,172+0200",visu_pars.VisuCreationDate
20240529_084800_jrc240529_m56_1422_1_1/9,"2024-05-29T09:29:47,933+0200",visu_pars.VisuCreationDate
20240529_130419_jrc240529_m57_1422_1_1/1,"2024-05-29T13:16:20,469+0200",visu_pars.VisuCreationDate
20240529_130419_jrc240529_m57_1422_1_1/10,"2024-05-29T13:45:28,092+0200",visu_pars.VisuCreationDate
20240529_130419_jrc240529_m57_1422_1_1/11,"2024-05-29T13:49:08,962+0200",visu_pars.VisuCreationDate
20240529_130419_jrc240529_m57_1422_1_1/12,"2024-05-29T13:52:49,696+0200",visu_pars.VisuCreationDate
20240529_130419_jrc240529_m57_1422_1_1/13,"2024-05-29T13:56:30,236+0200",visu_pars.VisuCreationDate
20240529_130419_jrc240529_m57_1422_1_1/14,"2024-05-29T14:00:11,260+0200",visu_pars.VisuCreationDate
20240529_130419_jrc240529_m57_1422_1_1/15,"2024-05-29T14:03:51,761+0200",visu_pars.VisuCreationDate
20240529_130419_jrc240529_m57_1422_1_1/16,"2024-05-29T14:07:32,542+0200",visu_pars.VisuCreationDate
20240529_130419_jrc240529_m57_1422_1_1/2,"2024-05-29T13:18:48,949+0200",visu_pars.VisuCreationDate
20240529_130419_jrc240529_m57_1422_1_1/3,"2024-05-29T13:20:22,153+0200",visu_pars.VisuCreationDate
20240529_130419_jrc240529_m57_1422_1_1/4,"2024-05-29T13:21:51,185+0200",visu_pars.VisuCreationDate
20240529_130419_jrc240529_m57_1422_1_1/5,"2024-05-29T13:25:33,357+0200",visu_pars.VisuCreationDate
20240529_130419_jrc240529_m57_1422_1_1/6,"2024-05-29T13:30:44,464+0200",visu_pars.VisuCreationDate
20240529_130419_jrc240529_m57_1422_1_1/7,"2024-05-29T13:34:25,509+0200",visu_pars.VisuCreationDate
20240529_130419_jrc240529_m57_1422_1_1/8,"2024-05-29T13:38:06,213+0200",visu_pars.VisuCreationDate
20240529_130419_jrc240529_m57_1422_1_1/9,"2024-05-29T13:41:47,389+0200",visu_pars.VisuCreationDate
20240529_141944_jrc240529_m51_1422_1_1/10,"2024-05-29T14:47:55,272+0200",visu_pars.VisuCreationDate
20240529_141944_jrc240529_m51_1422_1_1/11,"2024-05-29T14:51:35,823+0200",visu_pars.VisuCreationDate
20240529_141944_jrc240529_m51_1422_1_1/12,"2024-05-29T14:55:16,404+0200",visu_pars.VisuCreationDate
20240529_141944_jrc240529_m51_1422_1_1/13,"2024-05-29T14:58:56,955+0200",visu_pars.VisuCreationDate
20240529_141944_jrc240529_m51_1422_1_1/14,"2024-05-29T15:02:37,471+0200",visu_pars.VisuCreationDate
20240529_141944_jrc240529_m51_1422_1_1/15,"2024-05-29T15:06:18,120+0200",visu_pars.VisuCreationDate
20240529_141944_jrc240529_m51_1422_1_1/16,"2024-05-29T15:09:58,692+0200",visu_pars.VisuCreationDate
20240529_141944_jrc240529_m51_1422_1_1/17,"2024-05-29T15:13:39,397+0200",visu_pars.VisuCreationDate
20240529_141944_jrc240529_m51_1422_1_1/18,"2024-05-29T15:17:20,181+0200",visu_pars.VisuCreationDate
20240529_141944_jrc240529_m51_1422_1_1/19,"2024-05-29T15:21:00,869+0200",visu_pars.VisuCreationDate
20240529_141944_jrc240529_m51_1422_1_1/3,"2024-05-29T14:29:01,122+0200",visu_pars.VisuCreationDate
20240529_141944_jrc240529_m51_1422_1_1/4,"2024-05-29T14:31:08,844+0200",visu_pars.VisuCreationDate
20240529_141944_jrc240529_m51_1422_1_1/5,"2024-05-29T14:32:34,546+0200",visu_pars.VisuCreationDate
20240529_141944_jrc240529_m51_1422_1_1/6,"2024-05-29T14:33:58,631+0200",visu_pars.VisuCreationDate
20240529_141944_jrc240529_m51_1422_1_1/7,"2024-05-29T14:35:22,155+0200",visu_pars.VisuCreationDate
20240529_141944_jrc240529_m51_1422_1_1/8,"2024-05-29T14:39:04,119+0200",visu_pars.VisuCreationDate
20240529_141944_jrc240529_m51_1422_1_1/9,"2024-05-29T14:44:14,759+0200",visu_pars.VisuCreationDate
20240529_154003_jrc240529_m52_1422_1_1/1,"2024-05-29T15:50:25,145+0200",visu_pars.VisuCreationDate
20240529_154003_jrc240529_m52_1422_1_1/10,"2024-05-29T16:14:59,887+0200",visu_pars.VisuCreationDate
20240529_154003_jrc240529_m52_1422_1_1/11,"2024-05-29T16:18:40,718+0200",visu_pars.VisuCreationDate
20240529_154003_jrc240529_m52_1422_1_1/12,"2024-05-29T16:22:21,015+0200",visu_pars.VisuCreationDate
20240529_154003_jrc240529_m52_1422_1_1/13,"2024-05-29T16:26:01,644+0200",visu_pars.VisuCreationDate
20240529_154003_jrc240529_m52_1422_1_1/14,"2024-05-29T16:29:42,309+0200",visu_pars.VisuCreationDate
20240529_154003_jrc240529_m52_1422_1_1/15,"2024-05-29T16:33:22,983+0200",visu_pars.VisuCreationDate
20240529_154003_jrc240529_m52_1422_1_1/16,"2024-05-29T16:37:03,765+0200",visu_pars.VisuCreationDate
20240529_154003_jrc240529_m52_1422_1_1/17,"2024-05-29T16:40:44,685+0200",visu_pars.VisuCreationDate
20240529_154003_jrc240529_m52_1422_1_1/18,"2024-05-29T16:44:25,036+0200",visu_pars.VisuCreationDate
20240529_154003_jrc240529_m52_1422_1_1/2,"2024-05-29T15:51:48,022+0200",visu_pars.VisuCreationDate
20240529_154003_jrc240529_m52_1422_1_1/3,"2024-05-29T15:53:12,124+0200",visu_pars.VisuCreationDate
20240529_154003_jrc240529_m52_1422_1_1/4,"2024-05-29T15:54:37,054+0200",visu_pars.VisuCreationDate
20240529_154003_jrc240529_m52_1422_1_1/6,"2024-05-29T15:58:54,778+0200",visu_pars.VisuCreationDate
20240529_154003_jrc240529_m52_1422_1_1/7,"2024-05-29T16:03:57,880+0200",visu_pars.VisuCreationDate
20240529_154003_jrc240529_m52_1422_1_1/8,"2024-05-29T16:07:38,403+0200",visu_pars.VisuCreationDate
20240529_154003_jrc240529_m52_1422_1_1/9,"2024-05-29T16:11:19,220+0200",visu_pars.VisuCreationDate
20240530_082205_jrc240530_m43_1422_1_1/10,"2024-05-30T09:02:53,063+0200",visu_pars.VisuCreationDate
20240530_082205_jrc240530_m43_1422_1_1/11,"2024-05-30T09:06:33,440+0200",visu_pars.VisuCreationDate
20240530_082205_jrc240530_m43_1422_1_1/12,"2024-05-30T09:10:14,082+0200",visu_pars.VisuCreationDate
20240530_082205_jrc240530_m43_1422_1_1/13,"2024-05-30T09:13:54,693+0200",visu_pars.VisuCreationDate
20240530_082205_jrc240530_m43_1422_1_1/14,"2024-05-30T09:17:35,765+0200",visu_pars.VisuCreationDate
20240530_082205_jrc240530_m43_1422_1_1/15,"2024-05-30T09:21:16,583+0200",visu_pars.VisuCreationDate
20240530_082205_jrc240530_m43_1422_1_1/16,"2024-05-30T09:24:57,548+0200",visu_pars.VisuCreationDate
20240530_082205_jrc240530_m43_1422_1_1/17,"2024-05-30T09:28:38,441+0200",visu_pars.VisuCreationDate
20240530_082205_jrc240530_m43_1422_1_1/18,"2024-05-30T09:32:19,472+0200",visu_pars.VisuCreationDate
20240530_082205_jrc240530_m43_1422_1_1/3,"2024-05-30T08:43:11,961+0200",visu_pars.VisuCreationDate
20240530_082205_jrc240530_m43_1422_1_1/4,"2024-05-30T08:44:45,865+0200",visu_pars.VisuCreationDate
20240530_082205_jrc240530_m43_1422_1_1/5,"2024-05-30T08:46:20,203+0200",visu_pars.VisuCreationDate
20240530_082205_jrc240530_m43_1422_1_1/6,"2024-05-30T08:47:36,641+0200",visu_pars.VisuCreationDate
20240530_082205_jrc240530_m43_1422_1_1/7,"2024-05-30T08:51:18,927+0200",visu_pars.VisuCreationDate
20240530_082205_jrc240530_m43_1422_1_1/8,"2024-05-30T08:55:31,971+0200",visu_pars.VisuCreationDate
20240530_082205_jrc240530_m43_1422_1_1/9,"2024-05-30T08:59:12,579+0200",visu_pars.VisuCreationDate
20240530_093054_jrc240530_m47_1422_1_1/1,"2024-05-30T09:43:50,523+0200",visu_pars.VisuCreationDate
20240530_093054_jrc240530_m47_1422_1_1/15,"2024-05-30T10:18:00,000+0200",visu_pars.VisuCreationDate
20240530_093054_jrc240530_m47_1422_1_1/16,"2024-05-30T10:21:40,695+0200",visu_pars.VisuCreationDate
20240530_093054_jrc240530_m47_1422_1_1/17,"2024-05-30T10:25:21,453+0200",visu_pars.VisuCreationDate
20240530_093054_jrc240530_m47_1422_1_1/18,"2024-05-30T10:29:02,029+0200",visu_pars.VisuCreationDate
20240530_093054_jrc240530_m47_1422_1_1/19,"2024-05-30T10:32:42,978+0200",visu_pars.VisuCreationDate
20240530_093054_jrc240530_m47_1422_1_1/2,"2024-05-30T09:45:17,355+0200",visu_pars.VisuCreationDate
20240530_093054_jrc240530_m47_1422_1_1/20,"2024-05-30T10:36:23,622+0200",visu_pars.VisuCreationDate
20240530_093054_jrc240530_m47_1422_1_1/21,"2024-05-30T10:40:04,179+0200",visu_pars.VisuCreationDate
20240530_093054_jrc240530_m47_1422_1_1/22,"2024-05-30T10:43:45,012+0200",visu_pars.VisuCreationDate
20240530_093054_jrc240530_m47_1422_1_1/23,"2024-05-30T10:47:25,688+0200",visu_pars.VisuCreationDate
20240530_093054_jrc240530_m47_1422_1_1/24,"2024-05-30T10:51:06,261+0200",visu_pars.VisuCreationDate
20240530_093054_jrc240530_m47_1422_1_1/25,"2024-05-30T10:54:46,854+0200",visu_pars.VisuCreationDate
20240530_093054_jrc240530_m47_1422_1_1/3,"2024-05-30T09:47:06,603+0200",visu_pars.VisuCreationDate
20240530_093054_jrc240530_m47_1422_1_1/4,"2024-05-30T09:48:34,589+0200",visu_pars.VisuCreationDate
20240530_093054_jrc240530_m47_1422_1_1/5,"2024-05-30T09:52:16,769+0200",visu_pars.VisuCreationDate
20240530_105704_jrc240530_m45_1422_1_1/1,"2024-05-30T11:05:12,714+0200",visu_pars.VisuCreationDate
20240530_105704_jrc240530_m45_1422_1_1/10,"2024-05-30T11:32:18,282+0200",visu_pars.VisuCreationDate
20240530_105704_jrc240530_m45_1422_1_1/11,"2024-05-30T11:35:59,437+0200",visu_pars.VisuCreationDate
20240530_105704_jrc240530_m45_1422_1_1/12,"2024-05-30T11:39:40,796+0200",visu_pars.VisuCreationDate
20240530_105704_jrc240530_m45_1422_1_1/13,"2024-05-30T11:43:21,742+0200",visu_pars.VisuCreationDate
20240530_105704_jrc240530_m45_1422_1_1/14,"2024-05-30T11:47:02,856+0200",visu_pars.VisuCreationDate
20240530_105704_jrc240530_m45_1422_1_1/15,"2024-05-30T11:50:44,174+0200",visu_pars.VisuCreationDate
20240530_105704_jrc240530_m45_1422_1_1/2,"2024-05-30T11:06:53,335+0200",visu_pars.VisuCreationDate
20240530_105704_jrc240530_m45_1422_1_1/3,"2024-05-30T11:08:25,554+0200",visu_pars.VisuCreationDate
20240530_105704_jrc240530_m45_1422_1_1/4,"2024-05-30T11:09:40,809+0200",visu_pars.VisuCreationDate
20240530_105704_jrc240530_m45_1422_1_1/5,"2024-05-30T11:13:22,924+0200",visu_pars.VisuCreationDate
20240530_105704_jrc240530_m45_1422_1_1/6,"2024-05-30T11:17:33,852+0200",visu_pars.VisuCreationDate
20240530_105704_jrc240530_m45_1422_1_1/7,"2024-05-30T11:21:14,675+0200",visu_pars.VisuCreationDate
20240530_105704_jrc240530_m45_1422_1_1/8,"2024-05-30T11:24:55,785+0200",visu_pars.VisuCreationDate
20240530_105704_jrc240530_m45_1422_1_1/9,"2024-05-30T11:28:37,162+0200",visu_pars.VisuCreationDate
20240628_094211_jrc240628_m80_0522_1_1/1,"2024-06-28T10:01:31,135+0200",visu_pars.VisuCreationDate
20240628_094211_jrc240628_m80_0522_1_1/11,"2024-06-28T10:25:22,281+0200",visu_pars.VisuCreationDate
20240628_094211_jrc240628_m80_0522_1_1/12,"2024-06-28T10:29:03,286+0200",visu_pars.VisuCreationDate
20240628_094211_jrc240628_m80_0522_1_1/13,"2024-06-28T10:32:44,433+0200",visu_pars.VisuCreationDate
20240628_094211_jrc240628_m80_0522_1_1/14,"2024-06-28T10:36:25,620+0200",visu_pars.VisuCreationDate
20240628_094211_jrc240628_m80_0522_1_1/15,"2024-06-28T10:40:06,864+0200",visu_pars.VisuCreationDate
20240628_094211_jrc240628_m80_0522_1_1/16,"2024-06-28T10:43:48,044+0200",visu_pars.VisuCreationDate
20240628_094211_jrc240628_m80_0522_1_1/17,"2024-06-28T10:47:29,597+0200",visu_pars.VisuCreationDate
20240628_094211_jrc240628_m80_0522_1_1/18,"2024-06-28T10:51:10,747+0200",visu_pars.VisuCreationDate
20240628_094211_jrc240628_m80_0522_1_1/19,"2024-06-28T10:54:52,220+0200",visu_pars.VisuCreationDate
20240628_094211_jrc240628_m80_0522_1_1/2,"2024-06-28T10:04:04,577+0200",visu_pars.VisuCreationDate
20240628_094211_jrc240628_m80_0522_1_1/20,"2024-06-28T10:56:04,535+0200",visu_pars.VisuCreationDate
20240628_094211_jrc240628_m80_0522_1_1/21,"2024-06-28T11:01:08,427+0200",visu_pars.VisuCreationDate
20240628_094211_jrc240628_m80_0522_1_1/22,"2024-06-28T11:14:14,649+0200",visu_pars.VisuCreationDate
20240628_094211_jrc240628_m80_0522_1_1/23,"2024-06-28T11:25:46,639+0200",visu_pars.VisuCreationDate
20240628_094211_jrc240628_m80_0522_1_1/24,"2024-06-28T11:35:10,245+0200",visu_pars.VisuCreationDate
20240628_094211_jrc240628_m80_0522_1_1/3,"2024-06-28T10:06:01,466+0200",visu_pars.VisuCreationDate
20240628_094211_jrc240628_m80_0522_1_1/5,"2024-06-28T10:09:01,979+0200",visu_pars.VisuCreationDate
20240628_094211_jrc240628_m80_0522_1_1/7,"2024-06-28T10:11:10,165+0200",visu_pars.VisuCreationDate
20240628_094211_jrc240628_m80_0522_1_1/8,"2024-06-28T10:16:49,539+0200",visu_pars.VisuCreationDate
20240628_094211_jrc240628_m80_0522_1_1/9,"2024-06-28T10:21:41,066+0200",visu_pars.VisuCreationDate
20240628_113422_jrc240628_m81_0522_1_1/1,"2024-06-28T11:55:51,073+0200",visu_pars.VisuCreationDate
20240628_113422_jrc240628_m81_0522_1_1/10,"2024-06-28T12:20:33,901+0200",visu_pars.VisuCreationDate
20240628_113422_jrc240628_m81_0522_1_1/11,"2024-06-28T12:24:15,015+0200",visu_pars.VisuCreationDate
20240628_113422_jrc240628_m81_0522_1_1/12,"2024-06-28T12:27:56,058+0200",visu_pars.VisuCreationDate
20240628_113422_jrc240628_m81_0522_1_1/13,"2024-06-28T12:31:37,093+0200",visu_pars.VisuCreationDate
20240628_113422_jrc240628_m81_0522_1_1/14,"2024-06-28T12:35:18,113+0200",visu_pars.VisuCreationDate
20240628_113422_jrc240628_m81_0522_1_1/15,"2024-06-28T12:38:59,163+0200",visu_pars.VisuCreationDate
20240628_113422_jrc240628_m81_0522_1_1/16,"2024-06-28T12:42:40,139+0200",visu_pars.VisuCreationDate
20240628_113422_jrc240628_m81_0522_1_1/17,"2024-06-28T12:46:21,256+0200",visu_pars.VisuCreationDate
20240628_113422_jrc240628_m81_0522_1_1/18,"2024-06-28T12:50:02,461+0200",visu_pars.VisuCreationDate
20240628_113422_jrc240628_m81_0522_1_1/19,"2024-06-28T12:51:14,412+0200",visu_pars.VisuCreationDate
20240628_113422_jrc240628_m81_0522_1_1/20,"2024-06-28T12:55:12,684+0200",visu_pars.VisuCreationDate
20240628_113422_jrc240628_m81_0522_1_1/22,"2024-06-28T13:07:15,818+0200",visu_pars.VisuCreationDate
20240628_113422_jrc240628_m81_0522_1_1/3,"2024-06-28T11:58:56,544+0200",visu_pars.VisuCreationDate
20240628_113422_jrc240628_m81_0522_1_1/5,"2024-06-28T12:02:09,321+0200",visu_pars.VisuCreationDate
20240628_113422_jrc240628_m81_0522_1_1/6,"2024-06-28T12:04:45,724+0200",visu_pars.VisuCreationDate
20240628_113422_jrc240628_m81_0522_1_1/7,"2024-06-28T12:08:44,405+0200",visu_pars.VisuCreationDate
20240628_113422_jrc240628_m81_0522_1_1/8,"2024-06-28T12:13:11,808+0200",visu_pars.VisuCreationDate
20240628_113422_jrc240628_m81_0522_1_1/9,"2024-06-28T12:16:52,820+0200",visu_pars.VisuCreationDate
20240628_125940_jrc240628_m82_0522_1_1/1,"2024-06-28T13:18:51,325+0200",visu_pars.VisuCreationDate
20240628_125940_jrc240628_m82_0522_1_1/10,"2024-06-28T13:47:03,717+0200",visu_pars.VisuCreationDate
20240628_125940_jrc240628_m82_0522_1_1/11,"2024-06-28T13:50:44,589+0200",visu_pars.VisuCreationDate
20240628_125940_jrc240628_m82_0522_1_1/12,"2024-06-28T13:54:25,758+0200",visu_pars.VisuCreationDate
20240628_125940_jrc240628_m82_0522_1_1/13,"2024-06-28T13:58:07,057+0200",visu_pars.VisuCreationDate
20240628_125940_jrc240628_m82_0522_1_1/14,"2024-06-28T14:01:48,322+0200",visu_pars.VisuCreationDate
20240628_125940_jrc240628_m82_0522_1_1/15,"2024-06-28T14:05:29,526+0200",visu_pars.VisuCreationDate
20240628_125940_jrc240628_m82_0522_1_1/16,"2024-06-28T14:09:10,759+0200",visu_pars.VisuCreationDate
20240628_125940_jrc240628_m82_0522_1_1/17,"2024-06-28T14:12:51,901+0200",visu_pars.VisuCreationDate
20240628_125940_jrc240628_m82_0522_1_1/18,"2024-06-28T14:16:33,171+0200",visu_pars.VisuCreationDate
20240628_125940_jrc240628_m82_0522_1_1/19,"2024-06-28T13:35:58,979+0200",visu_pars.VisuCreationDate
20240628_125940_jrc240628_m82_0522_1_1/2,"2024-06-28T13:20:10,931+0200",visu_pars.VisuCreationDate
20240628_125940_jrc240628_m82_0522_1_1/20,"2024-06-28T13:43:22,407+0200",visu_pars.VisuCreationDate
20240628_125940_jrc240628_m82_0522_1_1/21,"2024-06-28T14:29:44,851+0200",visu_pars.VisuCreationDate
20240628_125940_jrc240628_m82_0522_1_1/3,"2024-06-28T13:21:43,227+0200",visu_pars.VisuCreationDate
20240628_125940_jrc240628_m82_0522_1_1/5,"2024-06-28T13:27:10,723+0200",visu_pars.VisuCreationDate
20240628_125940_jrc240628_m82_0522_1_1/6,"2024-06-28T13:23:27,503+0200",visu_pars.VisuCreationDate
20240628_125940_jrc240628_m82_0522_1_1/7,"2024-06-28T13:31:05,360+0200",visu_pars.VisuCreationDate
20240628_125940_jrc240628_m82_0522_1_1/8,"2024-06-28T13:34:46,626+0200",visu_pars.VisuCreationDate
20240628_125940_jrc240628_m82_0522_1_1/9,"2024-06-28T13:39:41,310+0200",visu_pars.VisuCreationDate
20240701_081757_jrc240701_m83_0522_1_1/10,"2024-07-01T09:04:39,173+0200",visu_pars.VisuCreationDate
20240701_081757_jrc240701_m83_0522_1_1/11,"2024-07-01T09:08:20,262+0200",visu_pars.VisuCreationDate
20240701_081757_jrc240701_m83_0522_1_1/12,"2024-07-01T09:12:01,475+0200",visu_pars.VisuCreationDate
20240701_081757_jrc240701_m83_0522_1_1/13,"2024-07-01T09:15:42,708+0200",visu_pars.VisuCreationDate
20240701_081757_jrc240701_m83_0522_1_1/14,"2024-07-01T09:19:23,783+0200",visu_pars.VisuCreationDate
20240701_081757_jrc240701_m83_0522_1_1/15,"2024-07-01T09:23:05,087+0200",visu_pars.VisuCreationDate
20240701_081757_jrc240701_m83_0522_1_1/16,"2024-07-01T09:26:46,114+0200",visu_pars.VisuCreationDate
20240701_081757_jrc240701_m83_0522_1_1/17,"2024-07-01T09:30:27,385+0200",visu_pars.VisuCreationDate
20240701_081757_jrc240701_m83_0522_1_1/18,"2024-07-01T09:34:08,384+0200",visu_pars.VisuCreationDate
20240701_081757_jrc240701_m83_0522_1_1/19,"2024-07-01T09:39:39,014+0200",visu_pars.VisuCreationDate
20240701_081757_jrc240701_m83_0522_1_1/20,"2024-07-01T09:35:20,555+0200",visu_pars.VisuCreationDate
20240701_081757_jrc240701_m83_0522_1_1/22,"2024-07-01T09:52:08,788+0200",visu_pars.VisuCreationDate
20240701_081757_jrc240701_m83_0522_1_1/3,"2024-07-01T08:44:54,024+0200",visu_pars.VisuCreationDate
20240701_081757_jrc240701_m83_0522_1_1/4,"2024-07-01T08:46:25,114+0200",visu_pars.VisuCreationDate
20240701_081757_jrc240701_m83_0522_1_1/5,"2024-07-01T08:47:57,996+0200",visu_pars.VisuCreationDate
20240701_081757_jrc240701_m83_0522_1_1/6,"2024-07-01T08:49:19,587+0200",visu_pars.VisuCreationDate
20240701_081757_jrc240701_m83_0522_1_1/7,"2024-07-01T08:53:02,547+0200",visu_pars.VisuCreationDate
20240701_081757_jrc240701_m83_0522_1_1/8,"2024-07-01T08:57:16,646+0200",visu_pars.VisuCreationDate
20240701_081757_jrc240701_m83_0522_1_1/9,"2024-07-01T09:00:58,046+0200",visu_pars.VisuCreationDate
20240701_095320_jrc240701_m84_0522_1_1/1,"2024-07-01T10:05:54,454+0200",visu_pars.VisuCreationDate
20240701_095320_jrc240701_m84_0522_1_1/10,"2024-07-01T10:31:44,597+0200",visu_pars.VisuCreationDate
20240701_095320_jrc240701_m84_0522_1_1/11,"2024-07-01T10:41:17,533+0200",visu_pars.VisuCreationDate
20240701_095320_jrc240701_m84_0522_1_1/12,"2024-07-01T10:44:58,405+0200",visu_pars.VisuCreationDate
20240701_095320_jrc240701_m84_0522_1_1/13,"2024-07-01T10:48:39,615+0200",visu_pars.VisuCreationDate
20240701_095320_jrc240701_m84_0522_1_1/14,"2024-07-01T10:52:20,820+0200",visu_pars.VisuCreationDate
20240701_095320_jrc240701_m84_0522_1_1/15,"2024-07-01T10:56:01,871+0200",visu_pars.VisuCreationDate
20240701_095320_jrc240701_m84_0522_1_1/16,"2024-07-01T10:59:42,896+0200",visu_pars.VisuCreationDate
20240701_095320_jrc240701_m84_0522_1_1/17,"2024-07-01T11:03:23,951+0200",visu_pars.VisuCreationDate
20240701_095320_jrc240701_m84_0522_1_1/18,"2024-07-01T10:32:56,936+0200",visu_pars.VisuCreationDate
20240701_095320_jrc240701_m84_0522_1_1/19,"2024-07-01T10:37:36,181+0200",visu_pars.VisuCreationDate
20240701_095320_jrc240701_m84_0522_1_1/2,"2024-07-01T10:07:22,415+0200",visu_pars.VisuCreationDate
20240701_095320_jrc240701_m84_0522_1_1/20,"2024-07-01T11:15:05,172+0200",visu_pars.VisuCreationDate
20240701_095320_jrc240701_m84_0522_1_1/22,"2024-07-01T11:27:21,428+0200",visu_pars.VisuCreationDate
20240701_095320_jrc240701_m84_0522_1_1/3,"2024-07-01T10:09:08,722+0200",visu_pars.VisuCreationDate
20240701_095320_jrc240701_m84_0522_1_1/4,"2024-07-01T10:11:08,548+0200",visu_pars.VisuCreationDate
20240701_095320_jrc240701_m84_0522_1_1/5,"2024-07-01T10:12:32,170+0200",visu_pars.VisuCreationDate
20240701_095320_jrc240701_m84_0522_1_1/6,"2024-07-01T10:16:44,614+0200",visu_pars.VisuCreationDate
20240701_095320_jrc240701_m84_0522_1_1/7,"2024-07-01T10:20:41,238+0200",visu_pars.VisuCreationDate
20240701_095320_jrc240701_m84_0522_1_1/8,"2024-07-01T10:24:22,345+0200",visu_pars.VisuCreationDate
20240701_095320_jrc240701_m84_0522_1_1/9,"2024-07-01T10:28:03,368+0200",visu_pars.VisuCreationDate
20240701_112428_jrc240701_m85_0522_1_1/1,"2024-07-01T11:41:05,545+0200",visu_pars.VisuCreationDate
20240701_112428_jrc240701_m85_0522_1_1/10,"2024-07-01T12:03:31,884+0200",visu_pars.VisuCreationDate
20240701_112428_jrc240701_m85_0522_1_1/11,"2024-07-01T12:07:12,778+0200",visu_pars.VisuCreationDate
20240701_112428_jrc240701_m85_0522_1_1/12,"2024-07-01T12:10:54,164+0200",visu_pars.VisuCreationDate
20240701_112428_jrc240701_m85_0522_1_1/13,"2024-07-01T12:14:35,423+0200",visu_pars.VisuCreationDate
20240701_112428_jrc240701_m85_0522_1_1/14,"2024-07-01T12:18:16,462+0200",visu_pars.VisuCreationDate
20240701_112428_jrc240701_m85_0522_1_1/15,"2024-07-01T12:21:57,588+0200",visu_pars.VisuCreationDate
20240701_112428_jrc240701_m85_0522_1_1/16,"2024-07-01T12:25:38,683+0200",visu_pars.VisuCreationDate
20240701_112428_jrc240701_m85_0522_1_1/17,"2024-07-01T12:30:33,503+0200",visu_pars.VisuCreationDate
20240701_112428_jrc240701_m85_0522_1_1/18,"2024-07-01T12:26:51,084+0200",visu_pars.VisuCreationDate
20240701_112428_jrc240701_m85_0522_1_1/19,"2024-07-01T12:34:14,534+0200",visu_pars.VisuCreationDate
20240701_112428_jrc240701_m85_0522_1_1/2,"2024-07-01T11:39:44,099+0200",visu_pars.VisuCreationDate
20240701_112428_jrc240701_m85_0522_1_1/23,"2024-07-01T12:49:18,926+0200",visu_pars.VisuCreationDate
20240701_112428_jrc240701_m85_0522_1_1/4,"2024-07-01T11:43:07,343+0200",visu_pars.VisuCreationDate
20240701_112428_jrc240701_m85_0522_1_1/5,"2024-07-01T11:44:34,940+0200",visu_pars.VisuCreationDate
20240701_112428_jrc240701_m85_0522_1_1/6,"2024-07-01T11:48:17,809+0200",visu_pars.VisuCreationDate
20240701_112428_jrc240701_m85_0522_1_1/7,"2024-07-01T11:52:28,494+0200",visu_pars.VisuCreationDate
20240701_112428_jrc240701_m85_0522_1_1/8,"2024-07-01T11:56:09,809+0200",visu_pars.VisuCreationDate
20240701_112428_jrc240701_m85_0522_1_1/9,"2024-07-01T11:59:50,791+0200",visu_pars.VisuCreationDate
20240701_125238_jrc240701_m88_0522_1_1/1,"2024-07-01T13:02:25,693+0200",visu_pars.VisuCreationDate
20240701_125238_jrc240701_m88_0522_1_1/10,"2024-07-01T13:14:13,362+0200",visu_pars.VisuCreationDate
20240701_125238_jrc240701_m88_0522_1_1/11,"2024-07-01T13:22:23,940+0200",visu_pars.VisuCreationDate
20240701_125238_jrc240701_m88_0522_1_1/12,"2024-07-01T13:26:05,023+0200",visu_pars.VisuCreationDate
20240701_125238_jrc240701_m88_0522_1_1/13,"2024-07-01T13:29:46,092+0200",visu_pars.VisuCreationDate
20240701_125238_jrc240701_m88_0522_1_1/14,"2024-07-01T13:33:27,353+0200",visu_pars.VisuCreationDate
20240701_125238_jrc240701_m88_0522_1_1/15,"2024-07-01T13:37:08,610+0200",visu_pars.VisuCreationDate
20240701_125238_jrc240701_m88_0522_1_1/16,"2024-07-01T13:40:49,542+0200",visu_pars.VisuCreationDate
20240701_125238_jrc240701_m88_0522_1_1/17,"2024-07-01T13:44:30,778+0200",visu_pars.VisuCreationDate
20240701_125238_jrc240701_m88_0522_1_1/18,"2024-07-01T13:48:12,177+0200",visu_pars.VisuCreationDate
20240701_125238_jrc240701_m88_0522_1_1/19,"2024-07-01T13:51:53,510+0200",visu_pars.VisuCreationDate
20240701_125238_jrc240701_m88_0522_1_1/2,"2024-07-01T13:04:20,140+0200",visu_pars.VisuCreationDate
20240701_125238_jrc240701_m88_0522_1_1/20,"2024-07-01T13:55:34,735+0200",visu_pars.VisuCreationDate
20240701_125238_jrc240701_m88_0522_1_1/21,"2024-07-01T14:09:18,326+0200",visu_pars.VisuCreationDate
20240701_125238_jrc240701_m88_0522_1_1/3,"2024-07-01T13:05:59,722+0200",visu_pars.VisuCreationDate
20240701_125238_jrc240701_m88_0522_1_1/5,"2024-07-01T13:07:40,007+0200",visu_pars.VisuCreationDate
20240701_125238_jrc240701_m88_0522_1_1/6,"2024-07-01T13:12:08,380+0200",visu_pars.VisuCreationDate
20240701_125238_jrc240701_m88_0522_1_1/8,"2024-07-01T13:18:42,846+0200",visu_pars.VisuCreationDate
20240701_142112_jrc240701_m89_0522_1_1/1,"2024-07-01T14:35:09,554+0200",visu_pars.VisuCreationDate
20240701_142112_jrc240701_m89_0522_1_1/10,"2024-07-01T15:02:43,918+0200",visu_pars.VisuCreationDate
20240701_142112_jrc240701_m89_0522_1_1/11,"2024-07-01T15:06:24,911+0200",visu_pars.VisuCreationDate
20240701_142112_jrc240701_m89_0522_1_1/12,"2024-07-01T15:10:06,223+0200",visu_pars.VisuCreationDate
20240701_142112_jrc240701_m89_0522_1_1/13,"2024-07-01T15:13:47,989+0200",visu_pars.VisuCreationDate
20240701_142112_jrc240701_m89_0522_1_1/14,"2024-07-01T15:17:29,198+0200",visu_pars.VisuCreationDate
20240701_142112_jrc240701_m89_0522_1_1/15,"2024-07-01T15:21:10,723+0200",visu_pars.VisuCreationDate
20240701_142112_jrc240701_m89_0522_1_1/16,"2024-07-01T15:24:52,420+0200",visu_pars.VisuCreationDate
20240701_142112_jrc240701_m89_0522_1_1/17,"2024-07-01T15:26:04,810+0200",visu_pars.VisuCreationDate
20240701_142112_jrc240701_m89_0522_1_1/18,"2024-07-01T15:30:40,355+0200",visu_pars.VisuCreationDate
20240701_142112_jrc240701_m89_0522_1_1/19,"2024-07-01T15:46:20,777+0200",visu_pars.VisuCreationDate
20240701_142112_jrc240701_m89_0522_1_1/2,"2024-07-01T14:36:34,328+0200",visu_pars.VisuCreationDate
20240701_142112_jrc240701_m89_0522_1_1/3,"2024-07-01T14:38:08,313+0200",visu_pars.VisuCreationDate
20240701_142112_jrc240701_m89_0522_1_1/4,"2024-07-01T14:39:42,304+0200",visu_pars.VisuCreationDate
20240701_142112_jrc240701_m89_0522_1_1/5,"2024-07-01T14:43:49,763+0200",visu_pars.VisuCreationDate
20240701_142112_jrc240701_m89_0522_1_1/6,"2024-07-01T14:47:58,914+0200",visu_pars.VisuCreationDate
20240701_142112_jrc240701_m89_0522_1_1/7,"2024-07-01T14:51:39,839+0200",visu_pars.VisuCreationDate
20240701_142112_jrc240701_m89_0522_1_1/8,"2024-07-01T14:55:20,829+0200",visu_pars.VisuCreationDate
20240701_142112_jrc240701_m89_0522_1_1/9,"2024-07-01T14:59:02,707+0200",visu_pars.VisuCreationDate
20240701_154033_jrc240701_m90_0522_1_1/1,"2024-07-01T15:59:15,751+0200",visu_pars.VisuCreationDate
20240701_154033_jrc240701_m90_0522_1_1/10,"2024-07-01T16:20:03,660+0200",visu_pars.VisuCreationDate
20240701_154033_jrc240701_m90_0522_1_1/11,"2024-07-01T16:23:45,192+0200",visu_pars.VisuCreationDate
20240701_154033_jrc240701_m90_0522_1_1/12,"2024-07-01T16:27:26,261+0200",visu_pars.VisuCreationDate
20240701_154033_jrc240701_m90_0522_1_1/13,"2024-07-01T16:31:07,695+0200",visu_pars.VisuCreationDate
20240701_154033_jrc240701_m90_0522_1_1/14,"2024-07-01T16:34:49,100+0200",visu_pars.VisuCreationDate
20240701_154033_jrc240701_m90_0522_1_1/15,"2024-07-01T16:38:30,286+0200",visu_pars.VisuCreationDate
20240701_154033_jrc240701_m90_0522_1_1/16,"2024-07-01T16:42:11,457+0200",visu_pars.VisuCreationDate
20240701_154033_jrc240701_m90_0522_1_1/17,"2024-07-01T16:45:52,591+0200",visu_pars.VisuCreationDate
20240701_154033_jrc240701_m90_0522_1_1/18,"2024-07-01T16:49:33,726+0200",visu_pars.VisuCreationDate
20240701_154033_jrc240701_m90_0522_1_1/19,"2024-07-01T16:50:46,395+0200",visu_pars.VisuCreationDate
20240701_154033_jrc240701_m90_0522_1_1/2,"2024-07-01T16:00:45,065+0200",visu_pars.VisuCreationDate
20240701_154033_jrc240701_m90_0522_1_1/20,"2024-07-01T16:55:45,752+0200",visu_pars.VisuCreationDate
20240701_154033_jrc240701_m90_0522_1_1/22,"2024-07-01T17:11:36,138+0200",visu_pars.VisuCreationDate
20240701_154033_jrc240701_m90_0522_1_1/24,"2024-07-01T17:28:33,739+0200",visu_pars.VisuCreationDate
20240701_154033_jrc240701_m90_0522_1_1/6,"2024-07-01T16:05:45,597+0200",visu_pars.VisuCreationDate
20240701_154033_jrc240701_m90_0522_1_1/7,"2024-07-01T16:08:02,070+0200",visu_pars.VisuCreationDate
20240701_154033_jrc240701_m90_0522_1_1/8,"2024-07-01T16:12:12,234+0200",visu_pars.VisuCreationDate
20240701_154033_jrc240701_m90_0522_1_1/9,"2024-07-01T16:16:22,273+0200",visu_pars.VisuCreationDate
20240702_083926_jrc240702_m91_0522_1_1/1,"2024-07-02T09:04:05,443+0200",visu_pars.VisuCreationDate
20240702_083926_jrc240702_m91_0522_1_1/10,"2024-07-02T09:30:42,700+0200",visu_pars.VisuCreationDate
20240702_083926_jrc240702_m91_0522_1_1/11,"2024-07-02T09:34:24,005+0200",visu_pars.VisuCreationDate
20240702_083926_jrc240702_m91_0522_1_1/12,"2024-07-02T09:43:24,907+0200",visu_pars.VisuCreationDate
20240702_083926_jrc240702_m91_0522_1_1/13,"2024-07-02T09:47:06,133+0200",visu_pars.VisuCreationDate
20240702_083926_jrc240702_m91_0522_1_1/14,"2024-07-02T09:50:47,299+0200",visu_pars.VisuCreationDate
20240702_083926_jrc240702_m91_0522_1_1/15,"2024-07-02T09:54:28,541+0200",visu_pars.VisuCreationDate
20240702_083926_jrc240702_m91_0522_1_1/16,"2024-07-02T09:58:09,650+0200",visu_pars.VisuCreationDate
20240702_083926_jrc240702_m91_0522_1_1/17,"2024-07-02T10:01:51,017+0200",visu_pars.VisuCreationDate
20240702_083926_jrc240702_m91_0522_1_1/18,"2024-07-02T10:05:32,321+0200",visu_pars.VisuCreationDate
20240702_083926_jrc240702_m91_0522_1_1/19,"2024-07-02T09:35:36,116+0200",visu_pars.VisuCreationDate
20240702_083926_jrc240702_m91_0522_1_1/2,"2024-07-02T09:06:20,946+0200",visu_pars.VisuCreationDate
20240702_083926_jrc240702_m91_0522_1_1/20,"2024-07-02T09:39:43,606+0200",visu_pars.VisuCreationDate
20240702_083926_jrc240702_m91_0522_1_1/21,"2024-07-02T10:18:55,586+0200",visu_pars.VisuCreationDate
20240702_083926_jrc240702_m91_0522_1_1/22,"2024-07-02T10:32:59,731+0200",visu_pars.VisuCreationDate
20240702_083926_jrc240702_m91_0522_1_1/3,"2024-07-02T09:08:38,752+0200",visu_pars.VisuCreationDate
20240702_083926_jrc240702_m91_0522_1_1/4,"2024-07-02T09:11:39,165+0200",visu_pars.VisuCreationDate
20240702_083926_jrc240702_m91_0522_1_1/5,"2024-07-02T09:15:22,065+0200",visu_pars.VisuCreationDate
20240702_083926_jrc240702_m91_0522_1_1/7,"2024-07-02T09:19:39,281+0200",visu_pars.VisuCreationDate
20240702_083926_jrc240702_m91_0522_1_1/8,"2024-07-02T09:23:20,355+0200",visu_pars.VisuCreationDate
20240702_083926_jrc240702_m91_0522_1_1/9,"2024-07-02T09:27:01,601+0200",visu_pars.VisuCreationDate
20240702_101925_jrc240702_m92_0522_1_1/1,"2024-07-02T10:51:38,387+0200",visu_pars.VisuCreationDate
20240702_101925_jrc240702_m92_0522_1_1/10,"2024-07-02T11:19:02,040+0200",visu_pars.VisuCreationDate
20240702_101925_jrc240702_m92_0522_1_1/11,"2024-07-02T11:22:42,983+0200",visu_pars.VisuCreationDate
20240702_101925_jrc240702_m92_0522_1_1/12,"2024-07-02T11:26:24,176+0200",visu_pars.VisuCreationDate
20240702_101925_jrc240702_m92_0522_1_1/13,"2024-07-02T11:30:05,511+0200",visu_pars.VisuCreationDate
20240702_101925_jrc240702_m92_0522_1_1/14,"2024-07-02T11:33:46,781+0200",visu_pars.VisuCreationDate
20240702_101925_jrc240702_m92_0522_1_1/15,"2024-07-02T11:37:28,150+0200",visu_pars.VisuCreationDate
20240702_101925_jrc240702_m92_0522_1_1/16,"2024-07-02T11:41:08,978+0200",visu_pars.VisuCreationDate
20240702_101925_jrc240702_m92_0522_1_1/17,"2024-07-02T11:44:50,337+0200",visu_pars.VisuCreationDate
20240702_101925_jrc240702_m92_0522_1_1/18,"2024-07-02T11:48:31,486+0200",visu_pars.VisuCreationDate
20240702_101925_jrc240702_m92_0522_1_1/19,"2024-07-02T11:11:24,357+0200",visu_pars.VisuCreationDate
20240702_101925_jrc240702_m92_0522_1_1/2,"2024-07-02T10:53:29,803+0200",visu_pars.VisuCreationDate
20240702_101925_jrc240702_m92_0522_1_1/20,"2024-07-02T11:15:20,959+0200",visu_pars.VisuCreationDate
20240702_101925_jrc240702_m92_0522_1_1/21,"2024-07-02T12:03:40,912+0200",visu_pars.VisuCreationDate
20240702_101925_jrc240702_m92_0522_1_1/23,"2024-07-02T12:17:54,560+0200",visu_pars.VisuCreationDate
20240702_101925_jrc240702_m92_0522_1_1/3,"2024-07-02T10:55:48,553+0200",visu_pars.VisuCreationDate
20240702_101925_jrc240702_m92_0522_1_1/4,"2024-07-02T10:58:42,367+0200",visu_pars.VisuCreationDate
20240702_101925_jrc240702_m92_0522_1_1/7,"2024-07-02T11:05:56,628+0200",visu_pars.VisuCreationDate
20240702_101925_jrc240702_m92_0522_1_1/9,"2024-07-02T11:10:12,042+0200",visu_pars.VisuCreationDate
20240702_152247_jrc240702_m80_0522_MPAflow_1_1/3,"2024-07-02T15:40:56,973+0200",visu_pars.VisuCreationDate
20240702_152247_jrc240702_m80_0522_MPAflow_1_1/4,"2024-07-02T15:43:01,413+0200",visu_pars.VisuCreationDate
20240702_152247_jrc240702_m80_0522_MPAflow_1_1/5,"2024-07-02T15:44:42,722+0200",visu_pars.VisuCreationDate
20240702_152247_jrc240702_m80_0522_MPAflow_1_1/6,"2024-07-02T15:46:18,871+0200",visu_pars.VisuCreationDate
20240702_152247_jrc240702_m80_0522_MPAflow_1_1/7,"2024-07-02T15:50:33,741+0200",visu_pars.VisuCreationDate
20240702_152247_jrc240702_m80_0522_MPAflow_1_1/8,"2024-07-02T16:02:20,515+0200",visu_pars.VisuCreationDate
20240702_160346_jrc240702_m82_0522_MPAflow_1_1/1,"2024-07-02T16:14:21,142+0200",visu_pars.VisuCreationDate
20240702_160346_jrc240702_m82_0522_MPAflow_1_1/2,"2024-07-02T16:15:48,537+0200",visu_pars.VisuCreationDate
20240702_160346_jrc240702_m82_0522_MPAflow_1_1/3,"2024-07-02T16:17:29,626+0200",visu_pars.VisuCreationDate
20240702_160346_jrc240702_m82_0522_MPAflow_1_1/4,"2024-07-02T16:19:08,128+0200",visu_pars.VisuCreationDate
20240702_160346_jrc240702_m82_0522_MPAflow_1_1/5,"2024-07-02T16:23:09,839+0200",visu_pars.VisuCreationDate
20240702_160346_jrc240702_m82_0522_MPAflow_1_1/6,"2024-07-02T16:35:55,321+0200",visu_pars.VisuCreationDate
20240702_163655_jrc240702_m89_0522_MPAflow_1_1/1,"2024-07-02T16:50:04,670+0200",visu_pars.VisuCreationDate
20240702_163655_jrc240702_m89_0522_MPAflow_1_1/2,"2024-07-02T16:51:32,171+0200",visu_pars.VisuCreationDate
20240702_163655_jrc240702_m89_0522_MPAflow_1_1/3,"2024-07-02T16:52:53,532+0200",visu_pars.VisuCreationDate
20240702_163655_jrc240702_m89_0522_MPAflow_1_1/4,"2024-07-02T16:54:17,875+0200",visu_pars.VisuCreationDate
20240702_163655_jrc240702_m89_0522_MPAflow_1_1/5,"2024-07-02T16:59:05,249+0200",visu_pars.VisuCreationDate
20240702_163655_jrc240702_m89_0522_MPAflow_1_1/6,"2024-07-02T17:12:36,290+0200",visu_pars.VisuCreationDate
20240703_132757_jrc240703_m94_0522_MPAflow_1_1/1,"2024-07-03T13:45:45,111+0200",visu_pars.VisuCreationDate
20240703_132757_jrc240703_m94_0522_MPAflow_1_1/2,"2024-07-03T13:48:26,171+0200",visu_pars.VisuCreationDate
20240703_132757_jrc240703_m94_0522_MPAflow_1_1/3,"2024-07-03T13:50:14,312+0200",visu_pars.VisuCreationDate
20240703_132757_jrc240703_m94_0522_MPAflow_1_1/4,"2024-07-03T13:52:16,598+0200",visu_pars.VisuCreationDate
20240703_132757_jrc240703_m94_0522_MPAflow_1_1/5,"2024-07-03T13:54:07,404+0200",visu_pars.VisuCreationDate
20240703_132757_jrc240703_m94_0522_MPAflow_1_1/6,"2024-07-03T13:58:21,175+0200",visu_pars.VisuCreationDate
20240703_132757_jrc240703_m94_0522_MPAflow_1_1/7,"2024-07-03T14:10:21,754+0200",visu_pars.VisuCreationDate
20240703_141100_jrc240703_m95_0522_MPAflow_1_1/1,"2024-07-03T14:27:15,787+0200",visu_pars.VisuCreationDate
20240703_141100_jrc240703_m95_0522_MPAflow_1_1/2,"2024-07-03T14:30:03,602+0200",visu_pars.VisuCreationDate
20240703_141100_jrc240703_m95_0522_MPAflow_1_1/3,"2024-07-03T14:33:10,914+0200",visu_pars.VisuCreationDate
20240703_141100_jrc240703_m95_0522_MPAflow_1_1/4,"2024-07-03T14:36:03,791+0200",visu_pars.VisuCreationDate
20240703_141100_jrc240703_m95_0522_MPAflow_1_1/5,"2024-07-03T14:40:17,147+0200",visu_pars.VisuCreationDate
20240703_141100_jrc240703_m95_0522_MPAflow_1_1/6,"2024-07-03T14:50:27,254+0200",visu_pars.VisuCreationDate
20240703_141100_jrc240703_m95_0522_MPAflow_1_1/8,"2024-07-03T15:01:45,213+0200",visu_pars.VisuCreationDate
20240930_085728_jrc240930_m96_0522_1_1/1,"2024-09-30T09:27:09,320+0200",visu_pars.VisuCreationDate
20240930_085728_jrc240930_m96_0522_1_1/10,"2024-09-30T09:55:28,359+0200",visu_pars.VisuCreationDate
20240930_085728_jrc240930_m96_0522_1_1/11,"2024-09-30T09:59:09,125+0200",visu_pars.VisuCreationDate
20240930_085728_jrc240930_m96_0522_1_1/12,"2024-09-30T10:02:50,490+0200",visu_pars.VisuCreationDate
20240930_085728_jrc240930_m96_0522_1_1/13,"2024-09-30T10:06:31,613+0200",visu_pars.VisuCreationDate
20240930_085728_jrc240930_m96_0522_1_1/14,"2024-09-30T10:10:12,568+0200",visu_pars.VisuCreationDate
20240930_085728_jrc240930_m96_0522_1_1/15,"2024-09-30T10:13:53,539+0200",visu_pars.VisuCreationDate
20240930_085728_jrc240930_m96_0522_1_1/16,"2024-09-30T10:17:34,788+0200",visu_pars.VisuCreationDate
20240930_085728_jrc240930_m96_0522_1_1/17,"2024-09-30T10:18:47,059+0200",visu_pars.VisuCreationDate
20240930_085728_jrc240930_m96_0522_1_1/18,"2024-09-30T10:21:04,620+0200",visu_pars.VisuCreationDate
20240930_085728_jrc240930_m96_0522_1_1/19,"2024-09-30T10:25:27,387+0200",visu_pars.VisuCreationDate
20240930_085728_jrc240930_m96_0522_1_1/2,"2024-09-30T09:29:25,673+0200",visu_pars.VisuCreationDate
20240930_085728_jrc240930_m96_0522_1_1/20,"2024-09-30T10:45:13,757+0200",visu_pars.VisuCreationDate
20240930_085728_jrc240930_m96_0522_1_1/3,"2024-09-30T09:31:14,340+0200",visu_pars.VisuCreationDate
20240930_085728_jrc240930_m96_0522_1_1/4,"2024-09-30T09:32:51,400+0200",visu_pars.VisuCreationDate
20240930_085728_jrc240930_m96_0522_1_1/5,"2024-09-30T09:34:59,295+0200",visu_pars.VisuCreationDate
20240930_085728_jrc240930_m96_0522_1_1/6,"2024-09-30T09:39:32,744+0200",visu_pars.VisuCreationDate
20240930_085728_jrc240930_m96_0522_1_1/7,"2024-09-30T09:44:26,290+0200",visu_pars.VisuCreationDate
20240930_085728_jrc240930_m96_0522_1_1/8,"2024-09-30T09:48:07,047+0200",visu_pars.VisuCreationDate
20240930_085728_jrc240930_m96_0522_1_1/9,"2024-09-30T09:51:47,621+0200",visu_pars.VisuCreationDate
20240930_155024_jrc240930_m97_0522_supine_1_1/1,"2024-09-30T15:54:01,037+0200",visu_pars.VisuCreationDate
20240930_155024_jrc240930_m97_0522_supine_1_1/10,"2024-09-30T16:21:29,709+0200",visu_pars.VisuCreationDate
20240930_155024_jrc240930_m97_0522_supine_1_1/11,"2024-09-30T16:25:10,506+0200",visu_pars.VisuCreationDate
20240930_155024_jrc240930_m97_0522_supine_1_1/12,"2024-09-30T16:28:51,170+0200",visu_pars.VisuCreationDate
20240930_155024_jrc240930_m97_0522_supine_1_1/13,"2024-09-30T16:32:31,895+0200",visu_pars.VisuCreationDate
20240930_155024_jrc240930_m97_0522_supine_1_1/14,"2024-09-30T16:36:12,554+0200",visu_pars.VisuCreationDate
20240930_155024_jrc240930_m97_0522_supine_1_1/15,"2024-09-30T16:39:53,263+0200",visu_pars.VisuCreationDate
20240930_155024_jrc240930_m97_0522_supine_1_1/16,"2024-09-30T16:41:44,330+0200",visu_pars.VisuCreationDate
20240930_155024_jrc240930_m97_0522_supine_1_1/17,"2024-09-30T16:46:00,129+0200",visu_pars.VisuCreationDate
20240930_155024_jrc240930_m97_0522_supine_1_1/19,"2024-09-30T17:08:49,516+0200",visu_pars.VisuCreationDate
20240930_155024_jrc240930_m97_0522_supine_1_1/2,"2024-09-30T15:55:37,124+0200",visu_pars.VisuCreationDate
20240930_155024_jrc240930_m97_0522_supine_1_1/3,"2024-09-30T15:57:21,026+0200",visu_pars.VisuCreationDate
20240930_155024_jrc240930_m97_0522_supine_1_1/4,"2024-09-30T15:58:45,121+0200",visu_pars.VisuCreationDate
20240930_155024_jrc240930_m97_0522_supine_1_1/5,"2024-09-30T16:02:27,689+0200",visu_pars.VisuCreationDate
20240930_155024_jrc240930_m97_0522_supine_1_1/6,"2024-09-30T16:06:47,412+0200",visu_pars.VisuCreationDate
20240930_155024_jrc240930_m97_0522_supine_1_1/7,"2024-09-30T16:10:27,897+0200",visu_pars.VisuCreationDate
20240930_155024_jrc240930_m97_0522_supine_1_1/8,"2024-09-30T16:14:08,401+0200",visu_pars.VisuCreationDate
20240930_155024_jrc240930_m97_0522_supine_1_1/9,"2024-09-30T16:17:48,983+0200",visu_pars.VisuCreationDate
20240930_170820_jrc240930_m98_0522_1_1/1,"2024-09-30T17:27:04,988+0200",visu_pars.VisuCreationDate
20240930_170820_jrc240930_m98_0522_1_1/10,"2024-09-30T17:50:35,516+0200",visu_pars.VisuCreationDate
20240930_170820_jrc240930_m98_0522_1_1/11,"2024-09-30T17:54:16,238+0200",visu_pars.VisuCreationDate
20240930_170820_jrc240930_m98_0522_1_1/12,"2024-09-30T17:57:56,733+0200",visu_pars.VisuCreationDate
20240930_170820_jrc240930_m98_0522_1_1/13,"2024-09-30T18:01:37,443+0200",visu_pars.VisuCreationDate
20240930_170820_jrc240930_m98_0522_1_1/14,"2024-09-30T18:05:17,947+0200",visu_pars.VisuCreationDate
20240930_170820_jrc240930_m98_0522_1_1/15,"2024-09-30T18:08:58,399+0200",visu_pars.VisuCreationDate
20240930_170820_jrc240930_m98_0522_1_1/16,"2024-09-30T18:12:39,356+0200",visu_pars.VisuCreationDate
20240930_170820_jrc240930_m98_0522_1_1/17,"2024-09-30T18:16:19,965+0200",visu_pars.VisuCreationDate
20240930_170820_jrc240930_m98_0522_1_1/18,"2024-09-30T18:18:22,370+0200",visu_pars.VisuCreationDate
20240930_170820_jrc240930_m98_0522_1_1/19,"2024-09-30T18:22:43,907+0200",visu_pars.VisuCreationDate
20240930_170820_jrc240930_m98_0522_1_1/2,"2024-09-30T17:29:08,353+0200",visu_pars.VisuCreationDate
20240930_170820_jrc240930_m98_0522_1_1/20,"2024-09-30T18:36:28,614+0200",visu_pars.VisuCreationDate
20240930_170820_jrc240930_m98_0522_1_1/3,"2024-09-30T17:30:46,376+0200",visu_pars.VisuCreationDate
20240930_170820_jrc240930_m98_0522_1_1/5,"2024-09-30T17:32:52,426+0200",visu_pars.VisuCreationDate
20240930_170820_jrc240930_m98_0522_1_1/6,"2024-09-30T17:34:13,000+0200",visu_pars.VisuCreationDate
20240930_170820_jrc240930_m98_0522_1_1/7,"2024-09-30T17:38:41,043+0200",visu_pars.VisuCreationDate
20240930_170820_jrc240930_m98_0522_1_1/8,"2024-09-30T17:43:14,054+0200",visu_pars.VisuCreationDate
20240930_170820_jrc240930_m98_0522_1_1/9,"2024-09-30T17:46:54,765+0200",visu_pars.VisuCreationDate
20241001_090425_jrc241001_m99_0522_supine_1_1/1,"2024-10-01T09:08:02,006+0200",visu_pars.VisuCreationDate
20241001_090425_jrc241001_m99_0522_supine_1_1/10,"2024-10-01T09:35:42,433+0200",visu_pars.VisuCreationDate
20241001_090425_jrc241001_m99_0522_supine_1_1/11,"2024-10-01T09:39:23,106+0200",visu_pars.VisuCreationDate
20241001_090425_jrc241001_m99_0522_supine_1_1/12,"2024-10-01T09:43:03,878+0200",visu_pars.VisuCreationDate
20241001_090425_jrc241001_m99_0522_supine_1_1/13,"2024-10-01T09:46:44,440+0200",visu_pars.VisuCreationDate
20241001_090425_jrc241001_m99_0522_supine_1_1/14,"2024-10-01T09:50:25,135+0200",visu_pars.VisuCreationDate
20241001_090425_jrc241001_m99_0522_supine_1_1/15,"2024-10-01T09:54:05,740+0200",visu_pars.VisuCreationDate
20241001_090425_jrc241001_m99_0522_supine_1_1/16,"2024-10-01T09:55:17,357+0200",visu_pars.VisuCreationDate
20241001_090425_jrc241001_m99_0522_supine_1_1/17,"2024-10-01T09:59:34,701+0200",visu_pars.VisuCreationDate
20241001_090425_jrc241001_m99_0522_supine_1_1/18,"2024-10-01T10:09:09,613+0200",visu_pars.VisuCreationDate
20241001_090425_jrc241001_m99_0522_supine_1_1/2,"2024-10-01T09:09:36,492+0200",visu_pars.VisuCreationDate
20241001_090425_jrc241001_m99_0522_supine_1_1/3,"2024-10-01T09:12:36,100+0200",visu_pars.VisuCreationDate
20241001_090425_jrc241001_m99_0522_supine_1_1/4,"2024-10-01T09:11:15,144+0200",visu_pars.VisuCreationDate
20241001_090425_jrc241001_m99_0522_supine_1_1/5,"2024-10-01T09:16:18,262+0200",visu_pars.VisuCreationDate
20241001_090425_jrc241001_m99_0522_supine_1_1/6,"2024-10-01T09:20:59,243+0200",visu_pars.VisuCreationDate
20241001_090425_jrc241001_m99_0522_supine_1_1/7,"2024-10-01T09:24:40,482+0200",visu_pars.VisuCreationDate
20241001_090425_jrc241001_m99_0522_supine_1_1/8,"2024-10-01T09:28:21,059+0200",visu_pars.VisuCreationDate
20241001_090425_jrc241001_m99_0522_supine_1_1/9,"2024-10-01T09:32:01,986+0200",visu_pars.VisuCreationDate
20241001_100924_jrc241001_m104_0522_1_1/1,"2024-10-01T10:19:37,680+0200",visu_pars.VisuCreationDate
20241001_100924_jrc241001_m104_0522_1_1/10,"2024-10-01T10:43:32,740+0200",visu_pars.VisuCreationDate
20241001_100924_jrc241001_m104_0522_1_1/11,"2024-10-01T10:47:13,248+0200",visu_pars.VisuCreationDate
20241001_100924_jrc241001_m104_0522_1_1/12,"2024-10-01T10:50:53,835+0200",visu_pars.VisuCreationDate
20241001_100924_jrc241001_m104_0522_1_1/13,"2024-10-01T10:54:34,540+0200",visu_pars.VisuCreationDate
20241001_100924_jrc241001_m104_0522_1_1/14,"2024-10-01T11:03:42,392+0200",visu_pars.VisuCreationDate
20241001_100924_jrc241001_m104_0522_1_1/15,"2024-10-01T11:07:23,203+0200",visu_pars.VisuCreationDate
20241001_100924_jrc241001_m104_0522_1_1/16,"2024-10-01T11:11:03,661+0200",visu_pars.VisuCreationDate
20241001_100924_jrc241001_m104_0522_1_1/17,"2024-10-01T11:11:44,325+0200",visu_pars.VisuCreationDate
20241001_100924_jrc241001_m104_0522_1_1/18,"2024-10-01T10:55:46,251+0200",visu_pars.VisuCreationDate
20241001_100924_jrc241001_m104_0522_1_1/2,"2024-10-01T10:21:00,626+0200",visu_pars.VisuCreationDate
20241001_100924_jrc241001_m104_0522_1_1/20,"2024-10-01T11:00:01,822+0200",visu_pars.VisuCreationDate
20241001_100924_jrc241001_m104_0522_1_1/21,"2024-10-01T11:33:02,278+0200",visu_pars.VisuCreationDate
20241001_100924_jrc241001_m104_0522_1_1/22,"2024-10-01T11:16:40,307+0200",visu_pars.VisuCreationDate
20241001_100924_jrc241001_m104_0522_1_1/3,"2024-10-01T10:22:28,437+0200",visu_pars.VisuCreationDate
20241001_100924_jrc241001_m104_0522_1_1/4,"2024-10-01T10:23:53,146+0200",visu_pars.VisuCreationDate
20241001_100924_jrc241001_m104_0522_1_1/5,"2024-10-01T10:25:08,181+0200",visu_pars.VisuCreationDate
20241001_100924_jrc241001_m104_0522_1_1/6,"2024-10-01T10:28:50,209+0200",visu_pars.VisuCreationDate
20241001_100924_jrc241001_m104_0522_1_1/7,"2024-10-01T10:36:11,301+0200",visu_pars.VisuCreationDate
20241001_100924_jrc241001_m104_0522_1_1/8,"2024-10-01T10:32:30,738+0200",visu_pars.VisuCreationDate
20241001_100924_jrc241001_m104_0522_1_1/9,"2024-10-01T10:39:52,215+0200",visu_pars.VisuCreationDate
20241001_114051_jrc241001_m105_0522_1_1/1,"2024-10-01T11:53:40,505+0200",visu_pars.VisuCreationDate
20241001_114051_jrc241001_m105_0522_1_1/10,"2024-10-01T12:20:18,596+0200",visu_pars.VisuCreationDate
20241001_114051_jrc241001_m105_0522_1_1/11,"2024-10-01T12:23:59,251+0200",visu_pars.VisuCreationDate
20241001_114051_jrc241001_m105_0522_1_1/13,"2024-10-01T12:32:46,433+0200",visu_pars.VisuCreationDate
20241001_114051_jrc241001_m105_0522_1_1/14,"2024-10-01T12:36:26,870+0200",visu_pars.VisuCreationDate
20241001_114051_jrc241001_m105_0522_1_1/15,"2024-10-01T12:40:07,357+0200",visu_pars.VisuCreationDate
20241001_114051_jrc241001_m105_0522_1_1/16,"2024-10-01T12:43:47,897+0200",visu_pars.VisuCreationDate
20241001_114051_jrc241001_m105_0522_1_1/17,"2024-10-01T12:47:28,399+0200",visu_pars.VisuCreationDate
20241001_114051_jrc241001_m105_0522_1_1/18,"2024-10-01T12:51:08,855+0200",visu_pars.VisuCreationDate
20241001_114051_jrc241001_m105_0522_1_1/19,"2024-10-01T12:54:49,546+0200",visu_pars.VisuCreationDate
20241001_114051_jrc241001_m105_0522_1_1/2,"2024-10-01T11:56:21,656+0200",visu_pars.VisuCreationDate
20241001_114051_jrc241001_m105_0522_1_1/20,"2024-10-01T12:29:05,631+0200",visu_pars.VisuCreationDate
20241001_114051_jrc241001_m105_0522_1_1/21,"2024-10-01T12:56:01,089+0200",visu_pars.VisuCreationDate
20241001_114051_jrc241001_m105_0522_1_1/23,"2024-10-01T12:59:43,647+0200",visu_pars.VisuCreationDate
20241001_114051_jrc241001_m105_0522_1_1/24,"2024-10-01T13:04:10,553+0200",visu_pars.VisuCreationDate
20241001_114051_jrc241001_m105_0522_1_1/27,"2024-10-01T13:19:49,698+0200",visu_pars.VisuCreationDate
20241001_114051_jrc241001_m105_0522_1_1/3,"2024-10-01T11:59:00,736+0200",visu_pars.VisuCreationDate
20241001_114051_jrc241001_m105_0522_1_1/4,"2024-10-01T12:02:38,151+0200",visu_pars.VisuCreationDate
20241001_114051_jrc241001_m105_0522_1_1/5,"2024-10-01T12:06:20,791+0200",visu_pars.VisuCreationDate
20241001_114051_jrc241001_m105_0522_1_1/7,"2024-10-01T12:11:38,720+0200",visu_pars.VisuCreationDate
20241001_114051_jrc241001_m105_0522_1_1/9,"2024-10-01T12:16:38,045+0200",visu_pars.VisuCreationDate
20241001_141059_jrc241001_m106_0522_1_1/1,"2024-10-01T14:30:08,315+0200",visu_pars.VisuCreationDate
20241001_141059_jrc241001_m106_0522_1_1/10,"2024-10-01T14:51:49,457+0200",visu_pars.VisuCreationDate
20241001_141059_jrc241001_m106_0522_1_1/11,"2024-10-01T14:55:30,335+0200",visu_pars.VisuCreationDate
20241001_141059_jrc241001_m106_0522_1_1/12,"2024-10-01T14:59:10,908+0200",visu_pars.VisuCreationDate
20241001_141059_jrc241001_m106_0522_1_1/13,"2024-10-01T15:02:51,746+0200",visu_pars.VisuCreationDate
20241001_141059_jrc241001_m106_0522_1_1/14,"2024-10-01T15:06:32,346+0200",visu_pars.VisuCreationDate
20241001_141059_jrc241001_m106_0522_1_1/15,"2024-10-01T15:10:13,200+0200",visu_pars.VisuCreationDate
20241001_141059_jrc241001_m106_0522_1_1/16,"2024-10-01T15:13:53,874+0200",visu_pars.VisuCreationDate
20241001_141059_jrc241001_m106_0522_1_1/17,"2024-10-01T15:17:34,454+0200",visu_pars.VisuCreationDate
20241001_141059_jrc241001_m106_0522_1_1/18,"2024-10-01T15:21:15,113+0200",visu_pars.VisuCreationDate
20241001_141059_jrc241001_m106_0522_1_1/19,"2024-10-01T15:24:55,617+0200",visu_pars.VisuCreationDate
20241001_141059_jrc241001_m106_0522_1_1/2,"2024-10-01T14:32:31,251+0200",visu_pars.VisuCreationDate
20241001_141059_jrc241001_m106_0522_1_1/20,"2024-10-01T15:28:36,021+0200",visu_pars.VisuCreationDate
20241001_141059_jrc241001_m106_0522_1_1/21,"2024-10-01T15:29:47,806+0200",visu_pars.VisuCreationDate
20241001_141059_jrc241001_m106_0522_1_1/22,"2024-10-01T15:34:14,416+0200",visu_pars.VisuCreationDate
20241001_141059_jrc241001_m106_0522_1_1/23,"2024-10-01T15:51:02,310+0200",visu_pars.VisuCreationDate
20241001_141059_jrc241001_m106_0522_1_1/3,"2024-10-01T14:35:11,573+0200",visu_pars.VisuCreationDate
20241001_141059_jrc241001_m106_0522_1_1/6,"2024-10-01T14:38:42,612+0200",visu_pars.VisuCreationDate
20241001_141059_jrc241001_m106_0522_1_1/7,"2024-10-01T14:41:06,743+0200",visu_pars.VisuCreationDate
20241001_141059_jrc241001_m106_0522_1_1/8,"2024-10-01T14:41:23,092+0200",visu_pars.VisuCreationDate
20241001_141059_jrc241001_m106_0522_1_1/9,"2024-10-01T14:45:55,227+0200",visu_pars.VisuCreationDate
20241001_155457_jrc241001_m107_0522_1_1/1,"2024-10-01T16:12:52,127+0200",visu_pars.VisuCreationDate
20241001_155457_jrc241001_m107_0522_1_1/10,"2024-10-01T16:40:32,860+0200",visu_pars.VisuCreationDate
20241001_155457_jrc241001_m107_0522_1_1/11,"2024-10-01T16:44:13,616+0200",visu_pars.VisuCreationDate
20241001_155457_jrc241001_m107_0522_1_1/12,"2024-10-01T16:47:54,284+0200",visu_pars.VisuCreationDate
20241001_155457_jrc241001_m107_0522_1_1/13,"2024-10-01T16:51:34,737+0200",visu_pars.VisuCreationDate
20241001_155457_jrc241001_m107_0522_1_1/14,"2024-10-01T16:55:15,376+0200",visu_pars.VisuCreationDate
20241001_155457_jrc241001_m107_0522_1_1/15,"2024-10-01T16:58:56,174+0200",visu_pars.VisuCreationDate
20241001_155457_jrc241001_m107_0522_1_1/16,"2024-10-01T17:02:36,885+0200",visu_pars.VisuCreationDate
20241001_155457_jrc241001_m107_0522_1_1/17,"2024-10-01T17:06:43,635+0200",visu_pars.VisuCreationDate
20241001_155457_jrc241001_m107_0522_1_1/18,"2024-10-01T17:08:25,048+0200",visu_pars.VisuCreationDate
20241001_155457_jrc241001_m107_0522_1_1/19,"2024-10-01T17:13:48,421+0200",visu_pars.VisuCreationDate
20241001_155457_jrc241001_m107_0522_1_1/2,"2024-10-01T16:14:56,242+0200",visu_pars.VisuCreationDate
20241001_155457_jrc241001_m107_0522_1_1/20,"2024-10-01T17:27:01,375+0200",visu_pars.VisuCreationDate
20241001_155457_jrc241001_m107_0522_1_1/3,"2024-10-01T16:17:27,614+0200",visu_pars.VisuCreationDate
20241001_155457_jrc241001_m107_0522_1_1/5,"2024-10-01T16:19:50,656+0200",visu_pars.VisuCreationDate
20241001_155457_jrc241001_m107_0522_1_1/6,"2024-10-01T16:24:25,192+0200",visu_pars.VisuCreationDate
20241001_155457_jrc241001_m107_0522_1_1/7,"2024-10-01T16:29:31,304+0200",visu_pars.VisuCreationDate
20241001_155457_jrc241001_m107_0522_1_1/8,"2024-10-01T16:33:11,801+0200",visu_pars.VisuCreationDate
20241001_155457_jrc241001_m107_0522_1_1/9,"2024-10-01T16:36:52,391+0200",visu_pars.VisuCreationDate
20241002_091614_jrc241001_m100_0522_1_1/1,"2024-10-02T09:41:07,308+0200",visu_pars.VisuCreationDate
20241002_091614_jrc241001_m100_0522_1_1/10,"2024-10-02T10:01:17,055+0200",visu_pars.VisuCreationDate
20241002_091614_jrc241001_m100_0522_1_1/11,"2024-10-02T10:04:57,573+0200",visu_pars.VisuCreationDate
20241002_091614_jrc241001_m100_0522_1_1/12,"2024-10-02T10:08:38,075+0200",visu_pars.VisuCreationDate
20241002_091614_jrc241001_m100_0522_1_1/13,"2024-10-02T10:12:18,727+0200",visu_pars.VisuCreationDate
20241002_091614_jrc241001_m100_0522_1_1/14,"2024-10-02T10:15:59,251+0200",visu_pars.VisuCreationDate
20241002_091614_jrc241001_m100_0522_1_1/15,"2024-10-02T10:19:39,735+0200",visu_pars.VisuCreationDate
20241002_091614_jrc241001_m100_0522_1_1/16,"2024-10-02T10:23:20,292+0200",visu_pars.VisuCreationDate
20241002_091614_jrc241001_m100_0522_1_1/17,"2024-10-02T10:27:01,143+0200",visu_pars.VisuCreationDate
20241002_091614_jrc241001_m100_0522_1_1/18,"2024-10-02T10:30:41,596+0200",visu_pars.VisuCreationDate
20241002_091614_jrc241001_m100_0522_1_1/19,"2024-10-02T09:57:35,064+0200",visu_pars.VisuCreationDate
20241002_091614_jrc241001_m100_0522_1_1/2,"2024-10-02T09:42:37,214+0200",visu_pars.VisuCreationDate
20241002_091614_jrc241001_m100_0522_1_1/20,"2024-10-02T10:34:21,894+0200",visu_pars.VisuCreationDate
20241002_091614_jrc241001_m100_0522_1_1/21,"2024-10-02T10:49:18,903+0200",visu_pars.VisuCreationDate
20241002_091614_jrc241001_m100_0522_1_1/6,"2024-10-02T09:47:34,567+0200",visu_pars.VisuCreationDate
20241002_091614_jrc241001_m100_0522_1_1/7,"2024-10-02T09:48:49,520+0200",visu_pars.VisuCreationDate
20241002_091614_jrc241001_m100_0522_1_1/8,"2024-10-02T09:52:31,763+0200",visu_pars.VisuCreationDate
20241002_091614_jrc241001_m100_0522_1_1/9,"2024-10-02T09:56:23,206+0200",visu_pars.VisuCreationDate
20241002_103520_jrc241002_m101_0522_1_1/2,"2024-10-02T11:10:42,176+0200",visu_pars.VisuCreationDate
20241002_103520_jrc241002_m101_0522_1_1/3,"2024-10-02T11:12:09,731+0200",visu_pars.VisuCreationDate
20241002_103520_jrc241002_m101_0522_1_1/4,"2024-10-02T11:14:14,212+0200",visu_pars.VisuCreationDate
20241002_103520_jrc241002_m101_0522_1_1/5,"2024-10-02T11:15:53,948+0200",visu_pars.VisuCreationDate
20241002_103520_jrc241002_m101_0522_1_1/6,"2024-10-02T11:20:02,996+0200",visu_pars.VisuCreationDate
20241002_103520_jrc241002_m101_0522_1_1/7,"2024-10-02T11:39:34,503+0200",visu_pars.VisuCreationDate
20241002_113916_jrc241002_m102_0522_1_1/1,"2024-10-02T12:06:06,458+0200",visu_pars.VisuCreationDate
20241002_113916_jrc241002_m102_0522_1_1/3,"2024-10-02T12:07:59,502+0200",visu_pars.VisuCreationDate
20241002_113916_jrc241002_m102_0522_1_1/4,"2024-10-02T12:09:48,450+0200",visu_pars.VisuCreationDate
20241002_113916_jrc241002_m102_0522_1_1/5,"2024-10-02T12:11:14,224+0200",visu_pars.VisuCreationDate
20241002_113916_jrc241002_m102_0522_1_1/6,"2024-10-02T12:15:21,652+0200",visu_pars.VisuCreationDate
20241002_113916_jrc241002_m102_0522_1_1/7,"2024-10-02T12:29:26,924+0200",visu_pars.VisuCreationDate
20241002_123014_jrc241002_m108_0522_1_1/1,"2024-10-02T12:43:30,218+0200",visu_pars.VisuCreationDate
20241002_123014_jrc241002_m108_0522_1_1/10,"2024-10-02T13:08:29,173+0200",visu_pars.VisuCreationDate
20241002_123014_jrc241002_m108_0522_1_1/11,"2024-10-02T13:15:51,740+0200",visu_pars.VisuCreationDate
20241002_123014_jrc241002_m108_0522_1_1/12,"2024-10-02T13:19:32,261+0200",visu_pars.VisuCreationDate
20241002_123014_jrc241002_m108_0522_1_1/13,"2024-10-02T13:23:12,883+0200",visu_pars.VisuCreationDate
20241002_123014_jrc241002_m108_0522_1_1/14,"2024-10-02T13:26:53,673+0200",visu_pars.VisuCreationDate
20241002_123014_jrc241002_m108_0522_1_1/15,"2024-10-02T13:30:34,676+0200",visu_pars.VisuCreationDate
20241002_123014_jrc241002_m108_0522_1_1/16,"2024-10-02T13:34:15,527+0200",visu_pars.VisuCreationDate
20241002_123014_jrc241002_m108_0522_1_1/17,"2024-10-02T13:37:56,428+0200",visu_pars.VisuCreationDate
20241002_123014_jrc241002_m108_0522_1_1/18,"2024-10-02T13:41:37,064+0200",visu_pars.VisuCreationDate
20241002_123014_jrc241002_m108_0522_1_1/19,"2024-10-02T13:45:17,861+0200",visu_pars.VisuCreationDate
20241002_123014_jrc241002_m108_0522_1_1/2,"2024-10-02T12:45:04,339+0200",visu_pars.VisuCreationDate
20241002_123014_jrc241002_m108_0522_1_1/20,"2024-10-02T13:48:58,932+0200",visu_pars.VisuCreationDate
20241002_123014_jrc241002_m108_0522_1_1/3,"2024-10-02T12:46:49,847+0200",visu_pars.VisuCreationDate
20241002_123014_jrc241002_m108_0522_1_1/4,"2024-10-02T12:48:14,881+0200",visu_pars.VisuCreationDate
20241002_123014_jrc241002_m108_0522_1_1/5,"2024-10-02T12:49:24,723+0200",visu_pars.VisuCreationDate
20241002_123014_jrc241002_m108_0522_1_1/7,"2024-10-02T12:53:15,229+0200",visu_pars.VisuCreationDate
20241002_123014_jrc241002_m108_0522_1_1/8,"2024-10-02T12:56:55,896+0200",visu_pars.VisuCreationDate
20241002_123014_jrc241002_m108_0522_1_1/9,"2024-10-02T13:12:10,883+0200",visu_pars.VisuCreationDate
20241002_141232_jrc241002_m109_0522_1_1/1,"2024-10-02T14:27:06,211+0200",visu_pars.VisuCreationDate
20241002_141232_jrc241002_m109_0522_1_1/2,"2024-10-02T14:28:32,270+0200",visu_pars.VisuCreationDate
20241002_141232_jrc241002_m109_0522_1_1/3,"2024-10-02T14:30:09,606+0200",visu_pars.VisuCreationDate
20241002_141232_jrc241002_m109_0522_1_1/5,"2024-10-02T14:31:48,737+0200",visu_pars.VisuCreationDate
20241002_141232_jrc241002_m109_0522_1_1/6,"2024-10-02T14:36:20,324+0200",visu_pars.VisuCreationDate
20241002_141232_jrc241002_m109_0522_1_1/7,"2024-10-02T14:54:12,432+0200",visu_pars.VisuCreationDate
20241002_141232_jrc241002_m109_0522_1_1/8,"2024-10-02T15:12:38,723+0200",visu_pars.VisuCreationDate
20241002_150500_jrc241002_m110_0522_1_1/3,"2024-10-02T15:30:42,859+0200",visu_pars.VisuCreationDate
20241002_150500_jrc241002_m110_0522_1_1/4,"2024-10-02T15:32:47,484+0200",visu_pars.VisuCreationDate
20241002_150500_jrc241002_m110_0522_1_1/5,"2024-10-02T15:34:31,414+0200",visu_pars.VisuCreationDate
20241002_150500_jrc241002_m110_0522_1_1/6,"2024-10-02T15:36:03,403+0200",visu_pars.VisuCreationDate
20241002_150500_jrc241002_m110_0522_1_1/7,"2024-10-02T15:40:23,046+0200",visu_pars.VisuCreationDate
20241002_150500_jrc241002_m110_0522_1_1/8,"2024-10-02T16:02:26,193+0200",visu_pars.VisuCreationDate
20241007_092635_jrc241007_m25_1123_1_1/1,"2024-10-07T09:42:50,901+0200",visu_pars.VisuCreationDate
20241007_092635_jrc241007_m25_1123_1_1/10,"2024-10-07T10:09:34,395+0200",visu_pars.VisuCreationDate
20241007_092635_jrc241007_m25_1123_1_1/11,"2024-10-07T10:13:15,179+0200",visu_pars.VisuCreationDate
20241007_092635_jrc241007_m25_1123_1_1/12,"2024-10-07T10:16:55,613+0200",visu_pars.VisuCreationDate
20241007_092635_jrc241007_m25_1123_1_1/13,"2024-10-07T10:20:36,302+0200",visu_pars.VisuCreationDate
20241007_092635_jrc241007_m25_1123_1_1/14,"2024-10-07T10:24:17,090+0200",visu_pars.VisuCreationDate
20241007_092635_jrc241007_m25_1123_1_1/15,"2024-10-07T10:27:57,985+0200",visu_pars.VisuCreationDate
20241007_092635_jrc241007_m25_1123_1_1/16,"2024-10-07T10:31:38,386+0200",visu_pars.VisuCreationDate
20241007_092635_jrc241007_m25_1123_1_1/17,"2024-10-07T10:35:19,266+0200",visu_pars.VisuCreationDate
20241007_092635_jrc241007_m25_1123_1_1/18,"2024-10-07T10:36:30,999+0200",visu_pars.VisuCreationDate
20241007_092635_jrc241007_m25_1123_1_1/19,"2024-10-07T10:40:56,078+0200",visu_pars.VisuCreationDate
20241007_092635_jrc241007_m25_1123_1_1/2,"2024-10-07T09:44:17,177+0200",visu_pars.VisuCreationDate
20241007_092635_jrc241007_m25_1123_1_1/20,"2024-10-07T10:53:12,468+0200",visu_pars.VisuCreationDate
20241007_092635_jrc241007_m25_1123_1_1/3,"2024-10-07T09:46:12,370+0200",visu_pars.VisuCreationDate
20241007_092635_jrc241007_m25_1123_1_1/4,"2024-10-07T09:47:28,831+0200",visu_pars.VisuCreationDate
20241007_092635_jrc241007_m25_1123_1_1/5,"2024-10-07T09:51:10,873+0200",visu_pars.VisuCreationDate
20241007_092635_jrc241007_m25_1123_1_1/6,"2024-10-07T09:54:51,746+0200",visu_pars.VisuCreationDate
20241007_092635_jrc241007_m25_1123_1_1/7,"2024-10-07T09:58:32,346+0200",visu_pars.VisuCreationDate
20241007_092635_jrc241007_m25_1123_1_1/8,"2024-10-07T10:02:13,121+0200",visu_pars.VisuCreationDate
20241007_092635_jrc241007_m25_1123_1_1/9,"2024-10-07T10:05:53,780+0200",visu_pars.VisuCreationDate
20241007_103827_jrc241007_m26_1123_1_1/1,"2024-10-07T11:06:36,755+0200",visu_pars.VisuCreationDate
20241007_103827_jrc241007_m26_1123_1_1/10,"2024-10-07T11:30:43,880+0200",visu_pars.VisuCreationDate
20241007_103827_jrc241007_m26_1123_1_1/11,"2024-10-07T11:34:24,434+0200",visu_pars.VisuCreationDate
20241007_103827_jrc241007_m26_1123_1_1/12,"2024-10-07T11:38:05,172+0200",visu_pars.VisuCreationDate
20241007_103827_jrc241007_m26_1123_1_1/13,"2024-10-07T11:41:45,886+0200",visu_pars.VisuCreationDate
20241007_103827_jrc241007_m26_1123_1_1/14,"2024-10-07T11:45:26,700+0200",visu_pars.VisuCreationDate
20241007_103827_jrc241007_m26_1123_1_1/15,"2024-10-07T11:49:07,306+0200",visu_pars.VisuCreationDate
20241007_103827_jrc241007_m26_1123_1_1/16,"2024-10-07T11:52:48,034+0200",visu_pars.VisuCreationDate
20241007_103827_jrc241007_m26_1123_1_1/17,"2024-10-07T11:57:41,280+0200",visu_pars.VisuCreationDate
20241007_103827_jrc241007_m26_1123_1_1/18,"2024-10-07T11:53:59,577+0200",visu_pars.VisuCreationDate
20241007_103827_jrc241007_m26_1123_1_1/19,"2024-10-07T12:02:25,412+0200",visu_pars.VisuCreationDate
20241007_103827_jrc241007_m26_1123_1_1/20,"2024-10-07T12:14:59,646+0200",visu_pars.VisuCreationDate
20241007_103827_jrc241007_m26_1123_1_1/22,"2024-10-07T12:31:09,886+0200",visu_pars.VisuCreationDate
20241007_103827_jrc241007_m26_1123_1_1/3,"2024-10-07T11:08:32,089+0200",visu_pars.VisuCreationDate
20241007_103827_jrc241007_m26_1123_1_1/4,"2024-10-07T11:09:49,117+0200",visu_pars.VisuCreationDate
20241007_103827_jrc241007_m26_1123_1_1/5,"2024-10-07T11:11:08,172+0200",visu_pars.VisuCreationDate
20241007_103827_jrc241007_m26_1123_1_1/6,"2024-10-07T11:15:02,139+0200",visu_pars.VisuCreationDate
20241007_103827_jrc241007_m26_1123_1_1/7,"2024-10-07T11:19:42,082+0200",visu_pars.VisuCreationDate
20241007_103827_jrc241007_m26_1123_1_1/8,"2024-10-07T11:23:22,862+0200",visu_pars.VisuCreationDate
20241007_103827_jrc241007_m26_1123_1_1/9,"2024-10-07T11:27:03,350+0200",visu_pars.VisuCreationDate
20241007_122638_jrc241007_m27_1123_1_1/1,"2024-10-07T12:46:14,417+0200",visu_pars.VisuCreationDate
20241007_122638_jrc241007_m27_1123_1_1/10,"2024-10-07T13:13:55,482+0200",visu_pars.VisuCreationDate
20241007_122638_jrc241007_m27_1123_1_1/11,"2024-10-07T13:17:36,253+0200",visu_pars.VisuCreationDate
20241007_122638_jrc241007_m27_1123_1_1/12,"2024-10-07T13:21:17,072+0200",visu_pars.VisuCreationDate
20241007_122638_jrc241007_m27_1123_1_1/13,"2024-10-07T13:24:57,817+0200",visu_pars.VisuCreationDate
20241007_122638_jrc241007_m27_1123_1_1/14,"2024-10-07T13:28:38,416+0200",visu_pars.VisuCreationDate
20241007_122638_jrc241007_m27_1123_1_1/15,"2024-10-07T13:32:19,017+0200",visu_pars.VisuCreationDate
20241007_122638_jrc241007_m27_1123_1_1/16,"2024-10-07T13:35:59,915+0200",visu_pars.VisuCreationDate
20241007_122638_jrc241007_m27_1123_1_1/17,"2024-10-07T13:37:11,561+0200",visu_pars.VisuCreationDate
20241007_122638_jrc241007_m27_1123_1_1/18,"2024-10-07T13:41:33,701+0200",visu_pars.VisuCreationDate
20241007_122638_jrc241007_m27_1123_1_1/19,"2024-10-07T13:57:12,117+0200",visu_pars.VisuCreationDate
20241007_122638_jrc241007_m27_1123_1_1/2,"2024-10-07T12:47:31,306+0200",visu_pars.VisuCreationDate
20241007_122638_jrc241007_m27_1123_1_1/3,"2024-10-07T12:49:21,804+0200",visu_pars.VisuCreationDate
20241007_122638_jrc241007_m27_1123_1_1/4,"2024-10-07T12:50:51,145+0200",visu_pars.VisuCreationDate
20241007_122638_jrc241007_m27_1123_1_1/5,"2024-10-07T12:54:53,871+0200",visu_pars.VisuCreationDate
20241007_122638_jrc241007_m27_1123_1_1/6,"2024-10-07T12:59:13,264+0200",visu_pars.VisuCreationDate
20241007_122638_jrc241007_m27_1123_1_1/7,"2024-10-07T13:02:53,999+0200",visu_pars.VisuCreationDate
20241007_122638_jrc241007_m27_1123_1_1/8,"2024-10-07T13:06:34,467+0200",visu_pars.VisuCreationDate
20241007_122638_jrc241007_m27_1123_1_1/9,"2024-10-07T13:10:15,098+0200",visu_pars.VisuCreationDate
20241007_135628_jrc241007_m28_1123_1_1/10,"2024-10-07T14:33:15,462+0200",visu_pars.VisuCreationDate
20241007_135628_jrc241007_m28_1123_1_1/11,"2024-10-07T14:36:56,274+0200",visu_pars.VisuCreationDate
20241007_135628_jrc241007_m28_1123_1_1/12,"2024-10-07T14:40:36,883+0200",visu_pars.VisuCreationDate
20241007_135628_jrc241007_m28_1123_1_1/13,"2024-10-07T14:44:17,576+0200",visu_pars.VisuCreationDate
20241007_135628_jrc241007_m28_1123_1_1/14,"2024-10-07T14:47:57,921+0200",visu_pars.VisuCreationDate
20241007_135628_jrc241007_m28_1123_1_1/15,"2024-10-07T14:51:38,689+0200",visu_pars.VisuCreationDate
20241007_135628_jrc241007_m28_1123_1_1/16,"2024-10-07T14:55:19,347+0200",visu_pars.VisuCreationDate
20241007_135628_jrc241007_m28_1123_1_1/17,"2024-10-07T14:59:00,004+0200",visu_pars.VisuCreationDate
20241007_135628_jrc241007_m28_1123_1_1/18,"2024-10-07T15:02:40,562+0200",visu_pars.VisuCreationDate
20241007_135628_jrc241007_m28_1123_1_1/19,"2024-10-07T15:06:21,138+0200",visu_pars.VisuCreationDate
20241007_135628_jrc241007_m28_1123_1_1/20,"2024-10-07T15:07:51,046+0200",visu_pars.VisuCreationDate
20241007_135628_jrc241007_m28_1123_1_1/21,"2024-10-07T15:12:28,822+0200",visu_pars.VisuCreationDate
20241007_135628_jrc241007_m28_1123_1_1/22,"2024-10-07T15:27:00,261+0200",visu_pars.VisuCreationDate
20241007_135628_jrc241007_m28_1123_1_1/3,"2024-10-07T14:16:05,297+0200",visu_pars.VisuCreationDate
20241007_135628_jrc241007_m28_1123_1_1/4,"2024-10-07T14:18:36,603+0200",visu_pars.VisuCreationDate
20241007_135628_jrc241007_m28_1123_1_1/6,"2024-10-07T14:21:42,534+0200",visu_pars.VisuCreationDate
20241007_135628_jrc241007_m28_1123_1_1/7,"2024-10-07T14:25:45,078+0200",visu_pars.VisuCreationDate
20241007_135628_jrc241007_m28_1123_1_1/8,"2024-10-07T14:20:15,333+0200",visu_pars.VisuCreationDate
20241007_135628_jrc241007_m28_1123_1_1/9,"2024-10-07T14:29:35,157+0200",visu_pars.VisuCreationDate
20241009_085404_jrc241009_m21_1123_jrc241009_m21_1123_1_1/1,"2024-10-09T08:59:16,935+0200",visu_pars.VisuCreationDate
20241009_085404_jrc241009_m21_1123_jrc241009_m21_1123_1_1/10,"2024-10-09T09:25:22,027+0200",visu_pars.VisuCreationDate
20241009_085404_jrc241009_m21_1123_jrc241009_m21_1123_1_1/11,"2024-10-09T09:29:19,519+0200",visu_pars.VisuCreationDate
20241009_085404_jrc241009_m21_1123_jrc241009_m21_1123_1_1/12,"2024-10-09T09:36:41,975+0200",visu_pars.VisuCreationDate
20241009_085404_jrc241009_m21_1123_jrc241009_m21_1123_1_1/13,"2024-10-09T09:33:00,820+0200",visu_pars.VisuCreationDate
20241009_085404_jrc241009_m21_1123_jrc241009_m21_1123_1_1/14,"2024-10-09T09:40:22,995+0200",visu_pars.VisuCreationDate
20241009_085404_jrc241009_m21_1123_jrc241009_m21_1123_1_1/15,"2024-10-09T09:44:04,236+0200",visu_pars.VisuCreationDate
20241009_085404_jrc241009_m21_1123_jrc241009_m21_1123_1_1/16,"2024-10-09T09:47:45,492+0200",visu_pars.VisuCreationDate
20241009_085404_jrc241009_m21_1123_jrc241009_m21_1123_1_1/17,"2024-10-09T09:51:26,670+0200",visu_pars.VisuCreationDate
20241009_085404_jrc241009_m21_1123_jrc241009_m21_1123_1_1/18,"2024-10-09T09:55:07,864+0200",visu_pars.VisuCreationDate
20241009_085404_jrc241009_m21_1123_jrc241009_m21_1123_1_1/19,"2024-10-09T09:58:49,224+0200",visu_pars.VisuCreationDate
20241009_085404_jrc241009_m21_1123_jrc241009_m21_1123_1_1/2,"2024-10-09T09:02:27,680+0200",visu_pars.VisuCreationDate
20241009_085404_jrc241009_m21_1123_jrc241009_m21_1123_1_1/20,"2024-10-09T10:00:01,832+0200",visu_pars.VisuCreationDate
20241009_085404_jrc241009_m21_1123_jrc241009_m21_1123_1_1/21,"2024-10-09T10:04:49,233+0200",visu_pars.VisuCreationDate
20241009_085404_jrc241009_m21_1123_jrc241009_m21_1123_1_1/23,"2024-10-09T10:19:17,181+0200",visu_pars.VisuCreationDate
20241009_085404_jrc241009_m21_1123_jrc241009_m21_1123_1_1/3,"2024-10-09T09:03:58,975+0200",visu_pars.VisuCreationDate
20241009_085404_jrc241009_m21_1123_jrc241009_m21_1123_1_1/7,"2024-10-09T09:20:21,000+0200",visu_pars.VisuCreationDate
20241009_085404_jrc241009_m21_1123_jrc241009_m21_1123_1_1/9,"2024-10-09T09:15:03,936+0200",visu_pars.VisuCreationDate
20241010_092822_jrc241010_m29_1123_1_1/10,"2024-10-10T10:10:03,198+0200",visu_pars.VisuCreationDate
20241010_092822_jrc241010_m29_1123_1_1/11,"2024-10-10T10:18:00,022+0200",visu_pars.VisuCreationDate
20241010_092822_jrc241010_m29_1123_1_1/12,"2024-10-10T10:21:45,793+0200",visu_pars.VisuCreationDate
20241010_092822_jrc241010_m29_1123_1_1/13,"2024-10-10T10:25:31,663+0200",visu_pars.VisuCreationDate
20241010_092822_jrc241010_m29_1123_1_1/14,"2024-10-10T10:29:17,305+0200",visu_pars.VisuCreationDate
20241010_092822_jrc241010_m29_1123_1_1/15,"2024-10-10T10:33:03,218+0200",visu_pars.VisuCreationDate
20241010_092822_jrc241010_m29_1123_1_1/16,"2024-10-10T10:36:48,824+0200",visu_pars.VisuCreationDate
20241010_092822_jrc241010_m29_1123_1_1/17,"2024-10-10T10:40:34,530+0200",visu_pars.VisuCreationDate
20241010_092822_jrc241010_m29_1123_1_1/18,"2024-10-10T10:44:20,411+0200",visu_pars.VisuCreationDate
20241010_092822_jrc241010_m29_1123_1_1/19,"2024-10-10T10:48:06,338+0200",visu_pars.VisuCreationDate
20241010_092822_jrc241010_m29_1123_1_1/20,"2024-10-10T10:49:20,544+0200",visu_pars.VisuCreationDate
20241010_092822_jrc241010_m29_1123_1_1/21,"2024-10-10T10:54:38,523+0200",visu_pars.VisuCreationDate
20241010_092822_jrc241010_m29_1123_1_1/22,"2024-10-10T11:11:01,698+0200",visu_pars.VisuCreationDate
20241010_092822_jrc241010_m29_1123_1_1/4,"2024-10-10T09:57:49,812+0200",visu_pars.VisuCreationDate
20241010_092822_jrc241010_m29_1123_1_1/5,"2024-10-10T09:59:31,666+0200",visu_pars.VisuCreationDate
20241010_092822_jrc241010_m29_1123_1_1/6,"2024-10-10T10:01:20,969+0200",visu_pars.VisuCreationDate
20241010_092822_jrc241010_m29_1123_1_1/7,"2024-10-10T10:03:15,096+0200",visu_pars.VisuCreationDate
20241010_092822_jrc241010_m29_1123_1_1/8,"2024-10-10T10:04:11,598+0200",visu_pars.VisuCreationDate
20241010_092822_jrc241010_m29_1123_1_1/9,"2024-10-10T10:14:14,350+0200",visu_pars.VisuCreationDate
20241010_111146_jrc241010_m30_1123_1_1/10,"2024-10-10T11:55:30,945+0200",visu_pars.VisuCreationDate
20241010_111146_jrc241010_m30_1123_1_1/11,"2024-10-10T11:59:16,749+0200",visu_pars.VisuCreationDate
20241010_111146_jrc241010_m30_1123_1_1/12,"2024-10-10T12:03:02,485+0200",visu_pars.VisuCreationDate
20241010_111146_jrc241010_m30_1123_1_1/13,"2024-10-10T12:06:48,343+0200",visu_pars.VisuCreationDate
20241010_111146_jrc241010_m30_1123_1_1/14,"2024-10-10T12:10:33,966+0200",visu_pars.VisuCreationDate
20241010_111146_jrc241010_m30_1123_1_1/15,"2024-10-10T12:14:19,640+0200",visu_pars.VisuCreationDate
20241010_111146_jrc241010_m30_1123_1_1/16,"2024-10-10T12:18:05,296+0200",visu_pars.VisuCreationDate
20241010_111146_jrc241010_m30_1123_1_1/17,"2024-10-10T12:19:19,414+0200",visu_pars.VisuCreationDate
20241010_111146_jrc241010_m30_1123_1_1/18,"2024-10-10T12:24:13,710+0200",visu_pars.VisuCreationDate
20241010_111146_jrc241010_m30_1123_1_1/19,"2024-10-10T12:35:02,691+0200",visu_pars.VisuCreationDate
20241010_111146_jrc241010_m30_1123_1_1/2,"2024-10-10T11:29:59,377+0200",visu_pars.VisuCreationDate
20241010_111146_jrc241010_m30_1123_1_1/20,"2024-10-10T12:35:34,376+0200",visu_pars.VisuCreationDate
20241010_111146_jrc241010_m30_1123_1_1/22,"2024-10-10T12:36:43,438+0200",visu_pars.VisuCreationDate
20241010_111146_jrc241010_m30_1123_1_1/23,"2024-10-10T12:38:08,699+0200",visu_pars.VisuCreationDate
20241010_111146_jrc241010_m30_1123_1_1/26,"2024-10-10T12:52:21,292+0200",visu_pars.VisuCreationDate
20241010_111146_jrc241010_m30_1123_1_1/3,"2024-10-10T11:31:25,013+0200",visu_pars.VisuCreationDate
20241010_111146_jrc241010_m30_1123_1_1/4,"2024-10-10T11:33:38,129+0200",visu_pars.VisuCreationDate
20241010_111146_jrc241010_m30_1123_1_1/5,"2024-10-10T11:36:21,902+0200",visu_pars.VisuCreationDate
20241010_111146_jrc241010_m30_1123_1_1/6,"2024-10-10T11:40:16,865+0200",visu_pars.VisuCreationDate
20241010_111146_jrc241010_m30_1123_1_1/7,"2024-10-10T11:44:13,671+0200",visu_pars.VisuCreationDate
20241010_111146_jrc241010_m30_1123_1_1/8,"2024-10-10T11:47:59,369+0200",visu_pars.VisuCreationDate
20241010_111146_jrc241010_m30_1123_1_1/9,"2024-10-10T11:51:45,110+0200",visu_pars.VisuCreationDate
20241010_125242_jrc241010_m31_1123_1_1/1,"2024-10-10T13:08:01,348+0200",visu_pars.VisuCreationDate
20241010_125242_jrc241010_m31_1123_1_1/10,"2024-10-10T13:46:50,151+0200",visu_pars.VisuCreationDate
20241010_125242_jrc241010_m31_1123_1_1/11,"2024-10-10T13:27:25,702+0200",visu_pars.VisuCreationDate
20241010_125242_jrc241010_m31_1123_1_1/12,"2024-10-10T13:50:35,902+0200",visu_pars.VisuCreationDate
20241010_125242_jrc241010_m31_1123_1_1/13,"2024-10-10T13:54:21,756+0200",visu_pars.VisuCreationDate
20241010_125242_jrc241010_m31_1123_1_1/14,"2024-10-10T13:58:07,500+0200",visu_pars.VisuCreationDate
20241010_125242_jrc241010_m31_1123_1_1/15,"2024-10-10T14:01:53,067+0200",visu_pars.VisuCreationDate
20241010_125242_jrc241010_m31_1123_1_1/16,"2024-10-10T14:05:38,934+0200",visu_pars.VisuCreationDate
20241010_125242_jrc241010_m31_1123_1_1/17,"2024-10-10T14:09:24,660+0200",visu_pars.VisuCreationDate
20241010_125242_jrc241010_m31_1123_1_1/18,"2024-10-10T14:13:10,427+0200",visu_pars.VisuCreationDate
20241010_125242_jrc241010_m31_1123_1_1/19,"2024-10-10T14:16:55,917+0200",visu_pars.VisuCreationDate
20241010_125242_jrc241010_m31_1123_1_1/2,"2024-10-10T13:09:32,791+0200",visu_pars.VisuCreationDate
20241010_125242_jrc241010_m31_1123_1_1/20,"2024-10-10T13:43:04,712+0200",visu_pars.VisuCreationDate
20241010_125242_jrc241010_m31_1123_1_1/21,"2024-10-10T14:29:37,098+0200",visu_pars.VisuCreationDate
20241010_125242_jrc241010_m31_1123_1_1/4,"2024-10-10T13:13:04,943+0200",visu_pars.VisuCreationDate
20241010_125242_jrc241010_m31_1123_1_1/5,"2024-10-10T13:14:35,331+0200",visu_pars.VisuCreationDate
20241010_125242_jrc241010_m31_1123_1_1/6,"2024-10-10T13:18:40,339+0200",visu_pars.VisuCreationDate
20241010_125242_jrc241010_m31_1123_1_1/7,"2024-10-10T13:23:40,013+0200",visu_pars.VisuCreationDate
20241010_125242_jrc241010_m31_1123_1_1/8,"2024-10-10T13:19:54,235+0200",visu_pars.VisuCreationDate
20241010_125242_jrc241010_m31_1123_1_1/9,"2024-10-10T13:31:11,202+0200",visu_pars.VisuCreationDate
20241010_143115_jrc241010_m32_1123_1_1/10,"2024-10-10T15:04:25,689+0200",visu_pars.VisuCreationDate
20241010_143115_jrc241010_m32_1123_1_1/11,"2024-10-10T15:08:11,381+0200",visu_pars.VisuCreationDate
20241010_143115_jrc241010_m32_1123_1_1/12,"2024-10-10T15:11:57,101+0200",visu_pars.VisuCreationDate
20241010_143115_jrc241010_m32_1123_1_1/13,"2024-10-10T15:15:42,865+0200",visu_pars.VisuCreationDate
20241010_143115_jrc241010_m32_1123_1_1/14,"2024-10-10T15:19:28,570+0200",visu_pars.VisuCreationDate
20241010_143115_jrc241010_m32_1123_1_1/15,"2024-10-10T15:23:14,198+0200",visu_pars.VisuCreationDate
20241010_143115_jrc241010_m32_1123_1_1/16,"2024-10-10T15:27:00,053+0200",visu_pars.VisuCreationDate
20241010_143115_jrc241010_m32_1123_1_1/17,"2024-10-10T15:30:45,937+0200",visu_pars.VisuCreationDate
20241010_143115_jrc241010_m32_1123_1_1/18,"2024-10-10T15:34:31,644+0200",visu_pars.VisuCreationDate
20241010_143115_jrc241010_m32_1123_1_1/19,"2024-10-10T15:38:17,366+0200",visu_pars.VisuCreationDate
20241010_143115_jrc241010_m32_1123_1_1/20,"2024-10-10T15:42:03,150+0200",visu_pars.VisuCreationDate
20241010_143115_jrc241010_m32_1123_1_1/21,"2024-10-10T15:43:16,996+0200",visu_pars.VisuCreationDate
20241010_143115_jrc241010_m32_1123_1_1/22,"2024-10-10T15:48:45,510+0200",visu_pars.VisuCreationDate
20241010_143115_jrc241010_m32_1123_1_1/24,"2024-10-10T16:02:17,936+0200",visu_pars.VisuCreationDate
20241010_143115_jrc241010_m32_1123_1_1/3,"2024-10-10T14:50:31,015+0200",visu_pars.VisuCreationDate
20241010_143115_jrc241010_m32_1123_1_1/4,"2024-10-10T14:52:05,552+0200",visu_pars.VisuCreationDate
20241010_143115_jrc241010_m32_1123_1_1/5,"2024-10-10T14:55:38,633+0200",visu_pars.VisuCreationDate
20241010_143115_jrc241010_m32_1123_1_1/6,"2024-10-10T14:54:12,586+0200",visu_pars.VisuCreationDate
20241010_143115_jrc241010_m32_1123_1_1/7,"2024-10-10T14:59:26,225+0200",visu_pars.VisuCreationDate
20241010_162817_jrc241010_m23_1123_1_1/1,"2024-10-10T16:41:58,183+0200",visu_pars.VisuCreationDate
20241010_162817_jrc241010_m23_1123_1_1/10,"2024-10-10T17:10:43,857+0200",visu_pars.VisuCreationDate
20241010_162817_jrc241010_m23_1123_1_1/11,"2024-10-10T17:14:29,596+0200",visu_pars.VisuCreationDate
20241010_162817_jrc241010_m23_1123_1_1/12,"2024-10-10T17:18:15,345+0200",visu_pars.VisuCreationDate
20241010_162817_jrc241010_m23_1123_1_1/13,"2024-10-10T17:22:01,482+0200",visu_pars.VisuCreationDate
20241010_162817_jrc241010_m23_1123_1_1/14,"2024-10-10T17:25:47,506+0200",visu_pars.VisuCreationDate
20241010_162817_jrc241010_m23_1123_1_1/15,"2024-10-10T17:29:33,434+0200",visu_pars.VisuCreationDate
20241010_162817_jrc241010_m23_1123_1_1/16,"2024-10-10T17:33:19,343+0200",visu_pars.VisuCreationDate
20241010_162817_jrc241010_m23_1123_1_1/17,"2024-10-10T17:37:05,258+0200",visu_pars.VisuCreationDate
20241010_162817_jrc241010_m23_1123_1_1/18,"2024-10-10T17:38:19,596+0200",visu_pars.VisuCreationDate
20241010_162817_jrc241010_m23_1123_1_1/19,"2024-10-10T17:43:39,162+0200",visu_pars.VisuCreationDate
20241010_162817_jrc241010_m23_1123_1_1/2,"2024-10-10T16:43:32,376+0200",visu_pars.VisuCreationDate
20241010_162817_jrc241010_m23_1123_1_1/20,"2024-10-10T17:58:00,181+0200",visu_pars.VisuCreationDate
20241010_162817_jrc241010_m23_1123_1_1/21,"2024-10-10T18:09:25,817+0200",visu_pars.VisuCreationDate
20241010_162817_jrc241010_m23_1123_1_1/3,"2024-10-10T16:45:50,238+0200",visu_pars.VisuCreationDate
20241010_162817_jrc241010_m23_1123_1_1/4,"2024-10-10T16:47:18,230+0200",visu_pars.VisuCreationDate
20241010_162817_jrc241010_m23_1123_1_1/5,"2024-10-10T16:51:43,491+0200",visu_pars.VisuCreationDate
20241010_162817_jrc241010_m23_1123_1_1/6,"2024-10-10T16:55:39,994+0200",visu_pars.VisuCreationDate
20241010_162817_jrc241010_m23_1123_1_1/7,"2024-10-10T16:59:26,008+0200",visu_pars.VisuCreationDate
20241010_162817_jrc241010_m23_1123_1_1/8,"2024-10-10T17:03:11,979+0200",visu_pars.VisuCreationDate
20241010_162817_jrc241010_m23_1123_1_1/9,"2024-10-10T17:06:58,024+0200",visu_pars.VisuCreationDate
20241011_081500_jrc241011_m21_1123_1_1/1,"2024-10-11T08:33:06,701+0200",visu_pars.VisuCreationDate
20241011_081500_jrc241011_m21_1123_1_1/10,"2024-10-11T08:57:57,068+0200",visu_pars.VisuCreationDate
20241011_081500_jrc241011_m21_1123_1_1/11,"2024-10-11T09:01:42,785+0200",visu_pars.VisuCreationDate
20241011_081500_jrc241011_m21_1123_1_1/12,"2024-10-11T09:05:28,552+0200",visu_pars.VisuCreationDate
20241011_081500_jrc241011_m21_1123_1_1/13,"2024-10-11T09:09:14,446+0200",visu_pars.VisuCreationDate
20241011_081500_jrc241011_m21_1123_1_1/14,"2024-10-11T09:13:00,378+0200",visu_pars.VisuCreationDate
20241011_081500_jrc241011_m21_1123_1_1/15,"2024-10-11T09:16:46,462+0200",visu_pars.VisuCreationDate
20241011_081500_jrc241011_m21_1123_1_1/16,"2024-10-11T09:20:32,287+0200",visu_pars.VisuCreationDate
20241011_081500_jrc241011_m21_1123_1_1/17,"2024-10-11T09:24:18,385+0200",visu_pars.VisuCreationDate
20241011_081500_jrc241011_m21_1123_1_1/18,"2024-10-11T09:28:04,353+0200",visu_pars.VisuCreationDate
20241011_081500_jrc241011_m21_1123_1_1/2,"2024-10-11T08:35:01,710+0200",visu_pars.VisuCreationDate
20241011_081500_jrc241011_m21_1123_1_1/3,"2024-10-11T08:38:09,009+0200",visu_pars.VisuCreationDate
20241011_081500_jrc241011_m21_1123_1_1/4,"2024-10-11T08:40:22,378+0200",visu_pars.VisuCreationDate
20241011_081500_jrc241011_m21_1123_1_1/5,"2024-10-11T08:42:10,486+0200",visu_pars.VisuCreationDate
20241011_081500_jrc241011_m21_1123_1_1/6,"2024-10-11T08:46:39,896+0200",visu_pars.VisuCreationDate
20241011_081500_jrc241011_m21_1123_1_1/8,"2024-10-11T08:50:25,641+0200",visu_pars.VisuCreationDate
20241011_081500_jrc241011_m21_1123_1_1/9,"2024-10-11T08:54:11,241+0200",visu_pars.VisuCreationDate
20241011_093242_jrc241011_m24_1123_1_1/1,"2024-10-11T09:46:43,932+0200",visu_pars.VisuCreationDate
20241011_093242_jrc241011_m24_1123_1_1/10,"2024-10-11T10:09:21,799+0200",visu_pars.VisuCreationDate
20241011_093242_jrc241011_m24_1123_1_1/11,"2024-10-11T10:13:07,687+0200",visu_pars.VisuCreationDate
20241011_093242_jrc241011_m24_1123_1_1/12,"2024-10-11T10:16:53,377+0200",visu_pars.VisuCreationDate
20241011_093242_jrc241011_m24_1123_1_1/13,"2024-10-11T10:20:39,204+0200",visu_pars.VisuCreationDate
20241011_093242_jrc241011_m24_1123_1_1/14,"2024-10-11T10:24:25,021+0200",visu_pars.VisuCreationDate
20241011_093242_jrc241011_m24_1123_1_1/15,"2024-10-11T10:28:10,946+0200",visu_pars.VisuCreationDate
20241011_093242_jrc241011_m24_1123_1_1/16,"2024-10-11T10:31:56,721+0200",visu_pars.VisuCreationDate
20241011_093242_jrc241011_m24_1123_1_1/17,"2024-10-11T10:35:42,620+0200",visu_pars.VisuCreationDate
20241011_093242_jrc241011_m24_1123_1_1/18,"2024-10-11T10:39:28,440+0200",visu_pars.VisuCreationDate
20241011_093242_jrc241011_m24_1123_1_1/19,"2024-10-11T10:40:42,753+0200",visu_pars.VisuCreationDate
20241011_093242_jrc241011_m24_1123_1_1/2,"2024-10-11T09:48:40,218+0200",visu_pars.VisuCreationDate
20241011_093242_jrc241011_m24_1123_1_1/20,"2024-10-11T10:45:14,638+0200",visu_pars.VisuCreationDate
20241011_093242_jrc241011_m24_1123_1_1/23,"2024-10-11T10:58:09,790+0200",visu_pars.VisuCreationDate
20241011_093242_jrc241011_m24_1123_1_1/3,"2024-10-11T09:50:26,232+0200",visu_pars.VisuCreationDate
20241011_093242_jrc241011_m24_1123_1_1/4,"2024-10-11T09:51:49,469+0200",visu_pars.VisuCreationDate
20241011_093242_jrc241011_m24_1123_1_1/5,"2024-10-11T09:53:25,498+0200",visu_pars.VisuCreationDate
20241011_093242_jrc241011_m24_1123_1_1/6,"2024-10-11T09:57:30,703+0200",visu_pars.VisuCreationDate
20241011_093242_jrc241011_m24_1123_1_1/8,"2024-10-11T10:01:50,093+0200",visu_pars.VisuCreationDate
20241011_093242_jrc241011_m24_1123_1_1/9,"2024-10-11T10:05:35,974+0200",visu_pars.VisuCreationDate
20241011_110019_jrc241011_m22_1123_1_1/1,"2024-10-11T11:24:05,679+0200",visu_pars.VisuCreationDate
20241011_110019_jrc241011_m22_1123_1_1/10,"2024-10-11T11:55:39,429+0200",visu_pars.VisuCreationDate
20241011_110019_jrc241011_m22_1123_1_1/11,"2024-10-11T11:59:25,463+0200",visu_pars.VisuCreationDate
20241011_110019_jrc241011_m22_1123_1_1/12,"2024-10-11T12:03:10,918+0200",visu_pars.VisuCreationDate
20241011_110019_jrc241011_m22_1123_1_1/13,"2024-10-11T12:06:56,616+0200",visu_pars.VisuCreationDate
20241011_110019_jrc241011_m22_1123_1_1/14,"2024-10-11T12:10:42,391+0200",visu_pars.VisuCreationDate
20241011_110019_jrc241011_m22_1123_1_1/15,"2024-10-11T12:14:28,108+0200",visu_pars.VisuCreationDate
20241011_110019_jrc241011_m22_1123_1_1/16,"2024-10-11T12:18:14,037+0200",visu_pars.VisuCreationDate
20241011_110019_jrc241011_m22_1123_1_1/17,"2024-10-11T12:21:59,682+0200",visu_pars.VisuCreationDate
20241011_110019_jrc241011_m22_1123_1_1/18,"2024-10-11T12:23:13,905+0200",visu_pars.VisuCreationDate
20241011_110019_jrc241011_m22_1123_1_1/19,"2024-10-11T12:27:22,358+0200",visu_pars.VisuCreationDate
20241011_110019_jrc241011_m22_1123_1_1/2,"2024-10-11T11:26:21,991+0200",visu_pars.VisuCreationDate
20241011_110019_jrc241011_m22_1123_1_1/20,"2024-10-11T12:42:19,499+0200",visu_pars.VisuCreationDate
20241011_110019_jrc241011_m22_1123_1_1/21,"2024-10-11T12:58:14,499+0200",visu_pars.VisuCreationDate
20241011_110019_jrc241011_m22_1123_1_1/3,"2024-10-11T11:29:25,137+0200",visu_pars.VisuCreationDate
20241011_110019_jrc241011_m22_1123_1_1/4,"2024-10-11T11:31:54,076+0200",visu_pars.VisuCreationDate
20241011_110019_jrc241011_m22_1123_1_1/5,"2024-10-11T11:35:40,988+0200",visu_pars.VisuCreationDate
20241011_110019_jrc241011_m22_1123_1_1/6,"2024-10-11T11:44:17,071+0200",visu_pars.VisuCreationDate
20241011_110019_jrc241011_m22_1123_1_1/7,"2024-10-11T11:39:37,600+0200",visu_pars.VisuCreationDate
20241011_110019_jrc241011_m22_1123_1_1/8,"2024-10-11T11:48:08,022+0200",visu_pars.VisuCreationDate
20241011_110019_jrc241011_m22_1123_1_1/9,"2024-10-11T11:51:53,628+0200",visu_pars.VisuCreationDate
20241125_085855_jrc241125_m13_0424_1_1/1,"2024-11-25T09:20:06,314+0100",visu_pars.VisuCreationDate
20241125_085855_jrc241125_m13_0424_1_1/10,"2024-11-25T09:46:19,407+0100",visu_pars.VisuCreationDate
20241125_085855_jrc241125_m13_0424_1_1/11,"2024-11-25T09:49:59,990+0100",visu_pars.VisuCreationDate
20241125_085855_jrc241125_m13_0424_1_1/12,"2024-11-25T09:53:40,587+0100",visu_pars.VisuCreationDate
20241125_085855_jrc241125_m13_0424_1_1/13,"2024-11-25T09:57:21,068+0100",visu_pars.VisuCreationDate
20241125_085855_jrc241125_m13_0424_1_1/14,"2024-11-25T10:01:01,551+0100",visu_pars.VisuCreationDate
20241125_085855_jrc241125_m13_0424_1_1/15,"2024-11-25T10:04:42,052+0100",visu_pars.VisuCreationDate
20241125_085855_jrc241125_m13_0424_1_1/16,"2024-11-25T10:08:22,673+0100",visu_pars.VisuCreationDate
20241125_085855_jrc241125_m13_0424_1_1/17,"2024-11-25T10:12:03,202+0100",visu_pars.VisuCreationDate
20241125_085855_jrc241125_m13_0424_1_1/2,"2024-11-25T09:22:22,885+0100",visu_pars.VisuCreationDate
20241125_085855_jrc241125_m13_0424_1_1/20,"2024-11-25T10:15:29,525+0100",visu_pars.VisuCreationDate
20241125_085855_jrc241125_m13_0424_1_1/21,"2024-11-25T10:19:51,801+0100",visu_pars.VisuCreationDate
20241125_085855_jrc241125_m13_0424_1_1/23,"2024-11-25T10:39:23,339+0100",visu_pars.VisuCreationDate
20241125_085855_jrc241125_m13_0424_1_1/3,"2024-11-25T09:23:53,040+0100",visu_pars.VisuCreationDate
20241125_085855_jrc241125_m13_0424_1_1/4,"2024-11-25T09:25:34,732+0100",visu_pars.VisuCreationDate
20241125_085855_jrc241125_m13_0424_1_1/5,"2024-11-25T09:27:10,516+0100",visu_pars.VisuCreationDate
20241125_085855_jrc241125_m13_0424_1_1/6,"2024-11-25T09:31:24,854+0100",visu_pars.VisuCreationDate
20241125_085855_jrc241125_m13_0424_1_1/7,"2024-11-25T09:35:17,952+0100",visu_pars.VisuCreationDate
20241125_085855_jrc241125_m13_0424_1_1/8,"2024-11-25T09:38:58,348+0100",visu_pars.VisuCreationDate
20241125_085855_jrc241125_m13_0424_1_1/9,"2024-11-25T09:42:39,011+0100",visu_pars.VisuCreationDate
20241125_103916_jrc241125_m14_0424_1_1/1,"2024-11-25T10:54:39,692+0100",visu_pars.VisuCreationDate
20241125_103916_jrc241125_m14_0424_1_1/10,"2024-11-25T11:18:31,785+0100",visu_pars.VisuCreationDate
20241125_103916_jrc241125_m14_0424_1_1/11,"2024-11-25T11:22:12,464+0100",visu_pars.VisuCreationDate
20241125_103916_jrc241125_m14_0424_1_1/12,"2024-11-25T11:25:52,924+0100",visu_pars.VisuCreationDate
20241125_103916_jrc241125_m14_0424_1_1/13,"2024-11-25T11:29:33,727+0100",visu_pars.VisuCreationDate
20241125_103916_jrc241125_m14_0424_1_1/14,"2024-11-25T11:33:14,149+0100",visu_pars.VisuCreationDate
20241125_103916_jrc241125_m14_0424_1_1/15,"2024-11-25T11:36:54,716+0100",visu_pars.VisuCreationDate
20241125_103916_jrc241125_m14_0424_1_1/16,"2024-11-25T11:40:35,281+0100",visu_pars.VisuCreationDate
20241125_103916_jrc241125_m14_0424_1_1/17,"2024-11-25T11:41:47,171+0100",visu_pars.VisuCreationDate
20241125_103916_jrc241125_m14_0424_1_1/19,"2024-11-25T11:50:49,738+0100",visu_pars.VisuCreationDate
20241125_103916_jrc241125_m14_0424_1_1/20,"2024-11-25T12:08:34,556+0100",visu_pars.VisuCreationDate
20241125_103916_jrc241125_m14_0424_1_1/3,"2024-11-25T10:56:33,447+0100",visu_pars.VisuCreationDate
20241125_103916_jrc241125_m14_0424_1_1/4,"2024-11-25T10:58:28,194+0100",visu_pars.VisuCreationDate
20241125_103916_jrc241125_m14_0424_1_1/5,"2024-11-25T10:59:54,366+0100",visu_pars.VisuCreationDate
20241125_103916_jrc241125_m14_0424_1_1/6,"2024-11-25T11:03:36,460+0100",visu_pars.VisuCreationDate
20241125_103916_jrc241125_m14_0424_1_1/7,"2024-11-25T11:07:30,103+0100",visu_pars.VisuCreationDate
20241125_103916_jrc241125_m14_0424_1_1/8,"2024-11-25T11:11:10,833+0100",visu_pars.VisuCreationDate
20241125_103916_jrc241125_m14_0424_1_1/9,"2024-11-25T11:14:51,256+0100",visu_pars.VisuCreationDate
20241125_123755_jrc241125_m15_0424_1_1/1,"2024-11-25T12:43:26,343+0100",visu_pars.VisuCreationDate
20241125_123755_jrc241125_m15_0424_1_1/10,"2024-11-25T13:08:35,426+0100",visu_pars.VisuCreationDate
20241125_123755_jrc241125_m15_0424_1_1/11,"2024-11-25T13:33:30,291+0100",visu_pars.VisuCreationDate
20241125_123755_jrc241125_m15_0424_1_1/12,"2024-11-25T13:37:10,845+0100",visu_pars.VisuCreationDate
20241125_123755_jrc241125_m15_0424_1_1/13,"2024-11-25T13:40:51,538+0100",visu_pars.VisuCreationDate
20241125_123755_jrc241125_m15_0424_1_1/14,"2024-11-25T13:44:31,874+0100",visu_pars.VisuCreationDate
20241125_123755_jrc241125_m15_0424_1_1/15,"2024-11-25T13:48:12,364+0100",visu_pars.VisuCreationDate
20241125_123755_jrc241125_m15_0424_1_1/16,"2024-11-25T13:51:52,746+0100",visu_pars.VisuCreationDate
20241125_123755_jrc241125_m15_0424_1_1/17,"2024-11-25T13:55:33,164+0100",visu_pars.VisuCreationDate
20241125_123755_jrc241125_m15_0424_1_1/18,"2024-11-25T13:59:13,929+0100",visu_pars.VisuCreationDate
20241125_123755_jrc241125_m15_0424_1_1/19,"2024-11-25T14:02:54,457+0100",visu_pars.VisuCreationDate
20241125_123755_jrc241125_m15_0424_1_1/2,"2024-11-25T12:45:03,506+0100",visu_pars.VisuCreationDate
20241125_123755_jrc241125_m15_0424_1_1/20,"2024-11-25T13:29:48,392+0100",visu_pars.VisuCreationDate
20241125_123755_jrc241125_m15_0424_1_1/3,"2024-11-25T12:46:55,714+0100",visu_pars.VisuCreationDate
20241125_123755_jrc241125_m15_0424_1_1/4,"2024-11-25T12:48:50,197+0100",visu_pars.VisuCreationDate
20241125_123755_jrc241125_m15_0424_1_1/5,"2024-11-25T12:52:39,866+0100",visu_pars.VisuCreationDate
20241125_123755_jrc241125_m15_0424_1_1/6,"2024-11-25T12:53:51,493+0100",visu_pars.VisuCreationDate
20241125_123755_jrc241125_m15_0424_1_1/7,"2024-11-25T12:57:33,446+0100",visu_pars.VisuCreationDate
20241125_123755_jrc241125_m15_0424_1_1/8,"2024-11-25T13:01:14,023+0100",visu_pars.VisuCreationDate
20241125_123755_jrc241125_m15_0424_1_1/9,"2024-11-25T13:04:54,822+0100",visu_pars.VisuCreationDate
20241125_143851_jrc241125_m16_0424_1_1/1,"2024-11-25T14:54:32,629+0100",visu_pars.VisuCreationDate
20241125_143851_jrc241125_m16_0424_1_1/10,"2024-11-25T15:24:22,329+0100",visu_pars.VisuCreationDate
20241125_143851_jrc241125_m16_0424_1_1/11,"2024-11-25T15:28:02,745+0100",visu_pars.VisuCreationDate
20241125_143851_jrc241125_m16_0424_1_1/12,"2024-11-25T15:31:43,283+0100",visu_pars.VisuCreationDate
20241125_143851_jrc241125_m16_0424_1_1/13,"2024-11-25T15:35:23,939+0100",visu_pars.VisuCreationDate
20241125_143851_jrc241125_m16_0424_1_1/14,"2024-11-25T15:39:04,473+0100",visu_pars.VisuCreationDate
20241125_143851_jrc241125_m16_0424_1_1/15,"2024-11-25T15:42:45,105+0100",visu_pars.VisuCreationDate
20241125_143851_jrc241125_m16_0424_1_1/16,"2024-11-25T15:46:26,162+0100",visu_pars.VisuCreationDate
20241125_143851_jrc241125_m16_0424_1_1/17,"2024-11-25T15:47:37,980+0100",visu_pars.VisuCreationDate
20241125_143851_jrc241125_m16_0424_1_1/18,"2024-11-25T15:52:56,553+0100",visu_pars.VisuCreationDate
20241125_143851_jrc241125_m16_0424_1_1/2,"2024-11-25T14:56:19,778+0100",visu_pars.VisuCreationDate
20241125_143851_jrc241125_m16_0424_1_1/20,"2024-11-25T16:17:25,165+0100",visu_pars.VisuCreationDate
20241125_143851_jrc241125_m16_0424_1_1/21,"2024-11-25T16:45:53,319+0100",visu_pars.VisuCreationDate
20241125_143851_jrc241125_m16_0424_1_1/3,"2024-11-25T14:58:34,976+0100",visu_pars.VisuCreationDate
20241125_143851_jrc241125_m16_0424_1_1/4,"2024-11-25T15:00:17,517+0100",visu_pars.VisuCreationDate
20241125_143851_jrc241125_m16_0424_1_1/5,"2024-11-25T15:04:41,651+0100",visu_pars.VisuCreationDate
20241125_143851_jrc241125_m16_0424_1_1/6,"2024-11-25T15:09:40,143+0100",visu_pars.VisuCreationDate
20241125_143851_jrc241125_m16_0424_1_1/7,"2024-11-25T15:13:20,529+0100",visu_pars.VisuCreationDate
20241125_143851_jrc241125_m16_0424_1_1/8,"2024-11-25T15:17:01,164+0100",visu_pars.VisuCreationDate
20241125_143851_jrc241125_m16_0424_1_1/9,"2024-11-25T15:20:41,690+0100",visu_pars.VisuCreationDate
20241127_080656_jrc241127_m9_0424_1_1/1,"2024-11-27T08:26:02,067+0100",visu_pars.VisuCreationDate
20241127_080656_jrc241127_m9_0424_1_1/10,"2024-11-27T08:52:11,231+0100",visu_pars.VisuCreationDate
20241127_080656_jrc241127_m9_0424_1_1/11,"2024-11-27T08:55:51,686+0100",visu_pars.VisuCreationDate
20241127_080656_jrc241127_m9_0424_1_1/12,"2024-11-27T08:59:32,472+0100",visu_pars.VisuCreationDate
20241127_080656_jrc241127_m9_0424_1_1/13,"2024-11-27T09:04:25,759+0100",visu_pars.VisuCreationDate
20241127_080656_jrc241127_m9_0424_1_1/14,"2024-11-27T09:11:47,052+0100",visu_pars.VisuCreationDate
20241127_080656_jrc241127_m9_0424_1_1/15,"2024-11-27T09:15:27,931+0100",visu_pars.VisuCreationDate
20241127_080656_jrc241127_m9_0424_1_1/16,"2024-11-27T09:19:08,747+0100",visu_pars.VisuCreationDate
20241127_080656_jrc241127_m9_0424_1_1/17,"2024-11-27T09:22:49,136+0100",visu_pars.VisuCreationDate
20241127_080656_jrc241127_m9_0424_1_1/18,"2024-11-27T09:26:30,096+0100",visu_pars.VisuCreationDate
20241127_080656_jrc241127_m9_0424_1_1/19,"2024-11-27T09:00:44,181+0100",visu_pars.VisuCreationDate
20241127_080656_jrc241127_m9_0424_1_1/2,"2024-11-27T08:28:23,655+0100",visu_pars.VisuCreationDate
20241127_080656_jrc241127_m9_0424_1_1/20,"2024-11-27T09:08:06,560+0100",visu_pars.VisuCreationDate
20241127_080656_jrc241127_m9_0424_1_1/21,"2024-11-27T09:47:18,924+0100",visu_pars.VisuCreationDate
20241127_080656_jrc241127_m9_0424_1_1/3,"2024-11-27T08:29:55,109+0100",visu_pars.VisuCreationDate
20241127_080656_jrc241127_m9_0424_1_1/4,"2024-11-27T08:31:28,327+0100",visu_pars.VisuCreationDate
20241127_080656_jrc241127_m9_0424_1_1/6,"2024-11-27T08:32:55,350+0100",visu_pars.VisuCreationDate
20241127_080656_jrc241127_m9_0424_1_1/7,"2024-11-27T08:44:49,808+0100",visu_pars.VisuCreationDate
20241127_080656_jrc241127_m9_0424_1_1/8,"2024-11-27T08:40:52,409+0100",visu_pars.VisuCreationDate
20241127_080656_jrc241127_m9_0424_1_1/9,"2024-11-27T08:48:30,503+0100",visu_pars.VisuCreationDate
20241127_094425_jrc241127_m10_0424_1_1/10,"2024-11-27T10:36:07,979+0100",visu_pars.VisuCreationDate
20241127_094425_jrc241127_m10_0424_1_1/11,"2024-11-27T10:39:48,719+0100",visu_pars.VisuCreationDate
20241127_094425_jrc241127_m10_0424_1_1/12,"2024-11-27T10:43:29,442+0100",visu_pars.VisuCreationDate
20241127_094425_jrc241127_m10_0424_1_1/13,"2024-11-27T10:47:10,019+0100",visu_pars.VisuCreationDate
20241127_094425_jrc241127_m10_0424_1_1/14,"2024-11-27T10:50:50,874+0100",visu_pars.VisuCreationDate
20241127_094425_jrc241127_m10_0424_1_1/15,"2024-11-27T10:54:31,515+0100",visu_pars.VisuCreationDate
20241127_094425_jrc241127_m10_0424_1_1/16,"2024-11-27T10:58:12,085+0100",visu_pars.VisuCreationDate
20241127_094425_jrc241127_m10_0424_1_1/17,"2024-11-27T11:01:52,687+0100",visu_pars.VisuCreationDate
20241127_094425_jrc241127_m10_0424_1_1/18,"2024-11-27T11:05:33,477+0100",visu_pars.VisuCreationDate
20241127_094425_jrc241127_m10_0424_1_1/21,"2024-11-27T11:08:02,826+0100",visu_pars.VisuCreationDate
20241127_094425_jrc241127_m10_0424_1_1/22,"2024-11-27T11:12:34,453+0100",visu_pars.VisuCreationDate
20241127_094425_jrc241127_m10_0424_1_1/23,"2024-11-27T11:30:11,452+0100",visu_pars.VisuCreationDate
20241127_094425_jrc241127_m10_0424_1_1/3,"2024-11-27T10:10:01,094+0100",visu_pars.VisuCreationDate
20241127_094425_jrc241127_m10_0424_1_1/4,"2024-11-27T10:12:22,485+0100",visu_pars.VisuCreationDate
20241127_094425_jrc241127_m10_0424_1_1/5,"2024-11-27T10:14:49,170+0100",visu_pars.VisuCreationDate
20241127_094425_jrc241127_m10_0424_1_1/6,"2024-11-27T10:17:19,896+0100",visu_pars.VisuCreationDate
20241127_094425_jrc241127_m10_0424_1_1/7,"2024-11-27T10:22:46,366+0100",visu_pars.VisuCreationDate
20241127_094425_jrc241127_m10_0424_1_1/8,"2024-11-27T10:28:46,977+0100",visu_pars.VisuCreationDate
20241127_094425_jrc241127_m10_0424_1_1/9,"2024-11-27T10:32:27,598+0100",visu_pars.VisuCreationDate
20241127_113618_jrc241127_m11_0424_1_1/1,"2024-11-27T11:46:51,575+0100",visu_pars.VisuCreationDate
20241127_113618_jrc241127_m11_0424_1_1/10,"2024-11-27T12:17:03,693+0100",visu_pars.VisuCreationDate
20241127_113618_jrc241127_m11_0424_1_1/11,"2024-11-27T12:20:44,214+0100",visu_pars.VisuCreationDate
20241127_113618_jrc241127_m11_0424_1_1/12,"2024-11-27T12:24:24,699+0100",visu_pars.VisuCreationDate
20241127_113618_jrc241127_m11_0424_1_1/13,"2024-11-27T12:28:05,410+0100",visu_pars.VisuCreationDate
20241127_113618_jrc241127_m11_0424_1_1/14,"2024-11-27T12:31:46,239+0100",visu_pars.VisuCreationDate
20241127_113618_jrc241127_m11_0424_1_1/15,"2024-11-27T12:35:26,954+0100",visu_pars.VisuCreationDate
20241127_113618_jrc241127_m11_0424_1_1/16,"2024-11-27T12:39:07,464+0100",visu_pars.VisuCreationDate
20241127_113618_jrc241127_m11_0424_1_1/17,"2024-11-27T12:42:48,222+0100",visu_pars.VisuCreationDate
20241127_113618_jrc241127_m11_0424_1_1/19,"2024-11-27T12:44:35,107+0100",visu_pars.VisuCreationDate
20241127_113618_jrc241127_m11_0424_1_1/2,"2024-11-27T11:49:10,193+0100",visu_pars.VisuCreationDate
20241127_113618_jrc241127_m11_0424_1_1/20,"2024-11-27T12:48:59,199+0100",visu_pars.VisuCreationDate
20241127_113618_jrc241127_m11_0424_1_1/21,"2024-11-27T13:07:45,044+0100",visu_pars.VisuCreationDate
20241127_113618_jrc241127_m11_0424_1_1/3,"2024-11-27T11:51:41,392+0100",visu_pars.VisuCreationDate
20241127_113618_jrc241127_m11_0424_1_1/4,"2024-11-27T11:54:32,707+0100",visu_pars.VisuCreationDate
20241127_113618_jrc241127_m11_0424_1_1/5,"2024-11-27T11:57:08,066+0100",visu_pars.VisuCreationDate
20241127_113618_jrc241127_m11_0424_1_1/6,"2024-11-27T12:01:54,244+0100",visu_pars.VisuCreationDate
20241127_113618_jrc241127_m11_0424_1_1/7,"2024-11-27T12:06:02,392+0100",visu_pars.VisuCreationDate
20241127_113618_jrc241127_m11_0424_1_1/8,"2024-11-27T12:09:42,787+0100",visu_pars.VisuCreationDate
20241127_113618_jrc241127_m11_0424_1_1/9,"2024-11-27T12:13:23,156+0100",visu_pars.VisuCreationDate
20241127_130541_jrc241127_m12_0424_1_1/10,"2024-11-27T13:43:31,948+0100",visu_pars.VisuCreationDate
20241127_130541_jrc241127_m12_0424_1_1/11,"2024-11-27T13:47:12,377+0100",visu_pars.VisuCreationDate
20241127_130541_jrc241127_m12_0424_1_1/12,"2024-11-27T13:50:52,838+0100",visu_pars.VisuCreationDate
20241127_130541_jrc241127_m12_0424_1_1/13,"2024-11-27T13:54:33,374+0100",visu_pars.VisuCreationDate
20241127_130541_jrc241127_m12_0424_1_1/14,"2024-11-27T13:58:14,014+0100",visu_pars.VisuCreationDate
20241127_130541_jrc241127_m12_0424_1_1/15,"2024-11-27T14:01:54,476+0100",visu_pars.VisuCreationDate
20241127_130541_jrc241127_m12_0424_1_1/16,"2024-11-27T14:05:35,081+0100",visu_pars.VisuCreationDate
20241127_130541_jrc241127_m12_0424_1_1/17,"2024-11-27T14:09:15,556+0100",visu_pars.VisuCreationDate
20241127_130541_jrc241127_m12_0424_1_1/18,"2024-11-27T14:12:56,036+0100",visu_pars.VisuCreationDate
20241127_130541_jrc241127_m12_0424_1_1/19,"2024-11-27T14:14:07,814+0100",visu_pars.VisuCreationDate
20241127_130541_jrc241127_m12_0424_1_1/21,"2024-11-27T14:18:43,770+0100",visu_pars.VisuCreationDate
20241127_130541_jrc241127_m12_0424_1_1/22,"2024-11-27T14:30:22,958+0100",visu_pars.VisuCreationDate
20241127_130541_jrc241127_m12_0424_1_1/23,"2024-11-27T14:43:56,603+0100",visu_pars.VisuCreationDate
20241127_130541_jrc241127_m12_0424_1_1/3,"2024-11-27T13:23:44,094+0100",visu_pars.VisuCreationDate
20241127_130541_jrc241127_m12_0424_1_1/4,"2024-11-27T13:25:11,207+0100",visu_pars.VisuCreationDate
20241127_130541_jrc241127_m12_0424_1_1/5,"2024-11-27T13:27:02,235+0100",visu_pars.VisuCreationDate
20241127_130541_jrc241127_m12_0424_1_1/6,"2024-11-27T13:28:28,244+0100",visu_pars.VisuCreationDate
20241127_130541_jrc241127_m12_0424_1_1/7,"2024-11-27T13:32:20,198+0100",visu_pars.VisuCreationDate
20241127_130541_jrc241127_m12_0424_1_1/8,"2024-11-27T13:36:10,836+0100",visu_pars.VisuCreationDate
20241127_130541_jrc241127_m12_0424_1_1/9,"2024-11-27T13:39:51,265+0100",visu_pars.VisuCreationDate
20241127_150038_jrc241127_m1_0424_1_1/1,"2024-11-27T15:04:18,739+0100",visu_pars.VisuCreationDate
20241127_150038_jrc241127_m1_0424_1_1/10,"2024-11-27T15:36:13,127+0100",visu_pars.VisuCreationDate
20241127_150038_jrc241127_m1_0424_1_1/11,"2024-11-27T15:39:53,671+0100",visu_pars.VisuCreationDate
20241127_150038_jrc241127_m1_0424_1_1/12,"2024-11-27T15:43:34,186+0100",visu_pars.VisuCreationDate
20241127_150038_jrc241127_m1_0424_1_1/13,"2024-11-27T15:47:15,043+0100",visu_pars.VisuCreationDate
20241127_150038_jrc241127_m1_0424_1_1/14,"2024-11-27T15:50:55,464+0100",visu_pars.VisuCreationDate
20241127_150038_jrc241127_m1_0424_1_1/15,"2024-11-27T15:54:36,079+0100",visu_pars.VisuCreationDate
20241127_150038_jrc241127_m1_0424_1_1/16,"2024-11-27T15:55:57,184+0100",visu_pars.VisuCreationDate
20241127_150038_jrc241127_m1_0424_1_1/17,"2024-11-27T16:00:48,181+0100",visu_pars.VisuCreationDate
20241127_150038_jrc241127_m1_0424_1_1/18,"2024-11-27T16:14:47,233+0100",visu_pars.VisuCreationDate
20241127_150038_jrc241127_m1_0424_1_1/2,"2024-11-27T15:06:24,063+0100",visu_pars.VisuCreationDate
20241127_150038_jrc241127_m1_0424_1_1/3,"2024-11-27T15:08:34,920+0100",visu_pars.VisuCreationDate
20241127_150038_jrc241127_m1_0424_1_1/4,"2024-11-27T15:11:11,165+0100",visu_pars.VisuCreationDate
20241127_150038_jrc241127_m1_0424_1_1/5,"2024-11-27T15:16:04,643+0100",visu_pars.VisuCreationDate
20241127_150038_jrc241127_m1_0424_1_1/6,"2024-11-27T15:21:30,409+0100",visu_pars.VisuCreationDate
20241127_150038_jrc241127_m1_0424_1_1/7,"2024-11-27T15:25:11,071+0100",visu_pars.VisuCreationDate
20241127_150038_jrc241127_m1_0424_1_1/8,"2024-11-27T15:28:51,822+0100",visu_pars.VisuCreationDate
20241127_150038_jrc241127_m1_0424_1_1/9,"2024-11-27T15:32:32,450+0100",visu_pars.VisuCreationDate
20241127_161531_jrc241127_m2_0424_1_1/1,"2024-11-27T16:29:55,742+0100",visu_pars.VisuCreationDate
20241127_161531_jrc241127_m2_0424_1_1/10,"2024-11-27T16:56:44,474+0100",visu_pars.VisuCreationDate
20241127_161531_jrc241127_m2_0424_1_1/11,"2024-11-27T17:00:24,936+0100",visu_pars.VisuCreationDate
20241127_161531_jrc241127_m2_0424_1_1/12,"2024-11-27T17:04:05,697+0100",visu_pars.VisuCreationDate
20241127_161531_jrc241127_m2_0424_1_1/13,"2024-11-27T17:07:46,049+0100",visu_pars.VisuCreationDate
20241127_161531_jrc241127_m2_0424_1_1/14,"2024-11-27T17:11:26,711+0100",visu_pars.VisuCreationDate
20241127_161531_jrc241127_m2_0424_1_1/15,"2024-11-27T17:15:07,417+0100",visu_pars.VisuCreationDate
20241127_161531_jrc241127_m2_0424_1_1/16,"2024-11-27T17:18:47,936+0100",visu_pars.VisuCreationDate
20241127_161531_jrc241127_m2_0424_1_1/17,"2024-11-27T17:22:28,516+0100",visu_pars.VisuCreationDate
20241127_161531_jrc241127_m2_0424_1_1/18,"2024-11-27T17:23:40,271+0100",visu_pars.VisuCreationDate
20241127_161531_jrc241127_m2_0424_1_1/19,"2024-11-27T17:28:01,512+0100",visu_pars.VisuCreationDate
20241127_161531_jrc241127_m2_0424_1_1/2,"2024-11-27T16:32:31,574+0100",visu_pars.VisuCreationDate
20241127_161531_jrc241127_m2_0424_1_1/20,"2024-11-27T17:47:25,240+0100",visu_pars.VisuCreationDate
20241127_161531_jrc241127_m2_0424_1_1/3,"2024-11-27T16:34:18,600+0100",visu_pars.VisuCreationDate
20241127_161531_jrc241127_m2_0424_1_1/4,"2024-11-27T16:35:51,306+0100",visu_pars.VisuCreationDate
20241127_161531_jrc241127_m2_0424_1_1/6,"2024-11-27T16:40:47,694+0100",visu_pars.VisuCreationDate
20241127_161531_jrc241127_m2_0424_1_1/7,"2024-11-27T16:45:42,698+0100",visu_pars.VisuCreationDate
20241127_161531_jrc241127_m2_0424_1_1/8,"2024-11-27T16:49:23,326+0100",visu_pars.VisuCreationDate
20241127_161531_jrc241127_m2_0424_1_1/9,"2024-11-27T16:53:04,163+0100",visu_pars.VisuCreationDate
20241129_080312_jrc241129_m3_0424_1_1/1,"2024-11-29T08:23:23,254+0100",visu_pars.VisuCreationDate
20241129_080312_jrc241129_m3_0424_1_1/10,"2024-11-29T08:53:28,351+0100",visu_pars.VisuCreationDate
20241129_080312_jrc241129_m3_0424_1_1/11,"2024-11-29T08:57:08,981+0100",visu_pars.VisuCreationDate
20241129_080312_jrc241129_m3_0424_1_1/12,"2024-11-29T09:00:49,699+0100",visu_pars.VisuCreationDate
20241129_080312_jrc241129_m3_0424_1_1/13,"2024-11-29T09:04:30,458+0100",visu_pars.VisuCreationDate
20241129_080312_jrc241129_m3_0424_1_1/14,"2024-11-29T09:08:11,170+0100",visu_pars.VisuCreationDate
20241129_080312_jrc241129_m3_0424_1_1/15,"2024-11-29T09:11:51,689+0100",visu_pars.VisuCreationDate
20241129_080312_jrc241129_m3_0424_1_1/16,"2024-11-29T09:13:03,173+0100",visu_pars.VisuCreationDate
20241129_080312_jrc241129_m3_0424_1_1/17,"2024-11-29T09:17:41,200+0100",visu_pars.VisuCreationDate
20241129_080312_jrc241129_m3_0424_1_1/18,"2024-11-29T09:34:16,233+0100",visu_pars.VisuCreationDate
20241129_080312_jrc241129_m3_0424_1_1/2,"2024-11-29T08:25:09,411+0100",visu_pars.VisuCreationDate
20241129_080312_jrc241129_m3_0424_1_1/3,"2024-11-29T08:27:34,386+0100",visu_pars.VisuCreationDate
20241129_080312_jrc241129_m3_0424_1_1/4,"2024-11-29T08:29:03,151+0100",visu_pars.VisuCreationDate
20241129_080312_jrc241129_m3_0424_1_1/5,"2024-11-29T08:33:32,982+0100",visu_pars.VisuCreationDate
20241129_080312_jrc241129_m3_0424_1_1/6,"2024-11-29T08:38:45,634+0100",visu_pars.VisuCreationDate
20241129_080312_jrc241129_m3_0424_1_1/7,"2024-11-29T08:42:26,195+0100",visu_pars.VisuCreationDate
20241129_080312_jrc241129_m3_0424_1_1/8,"2024-11-29T08:46:07,122+0100",visu_pars.VisuCreationDate
20241129_080312_jrc241129_m3_0424_1_1/9,"2024-11-29T08:49:47,839+0100",visu_pars.VisuCreationDate
20241129_094107_jrc241129_m4_0424_1_1/1,"2024-11-29T09:53:04,015+0100",visu_pars.VisuCreationDate
20241129_094107_jrc241129_m4_0424_1_1/10,"2024-11-29T10:22:18,980+0100",visu_pars.VisuCreationDate
20241129_094107_jrc241129_m4_0424_1_1/11,"2024-11-29T10:25:59,399+0100",visu_pars.VisuCreationDate
20241129_094107_jrc241129_m4_0424_1_1/12,"2024-11-29T10:29:39,735+0100",visu_pars.VisuCreationDate
20241129_094107_jrc241129_m4_0424_1_1/13,"2024-11-29T10:33:20,133+0100",visu_pars.VisuCreationDate
20241129_094107_jrc241129_m4_0424_1_1/14,"2024-11-29T10:37:00,724+0100",visu_pars.VisuCreationDate
20241129_094107_jrc241129_m4_0424_1_1/15,"2024-11-29T10:40:41,418+0100",visu_pars.VisuCreationDate
20241129_094107_jrc241129_m4_0424_1_1/16,"2024-11-29T10:44:21,908+0100",visu_pars.VisuCreationDate
20241129_094107_jrc241129_m4_0424_1_1/17,"2024-11-29T10:48:02,409+0100",visu_pars.VisuCreationDate
20241129_094107_jrc241129_m4_0424_1_1/18,"2024-11-29T10:51:42,831+0100",visu_pars.VisuCreationDate
20241129_094107_jrc241129_m4_0424_1_1/19,"2024-11-29T10:59:04,164+0100",visu_pars.VisuCreationDate
20241129_094107_jrc241129_m4_0424_1_1/2,"2024-11-29T09:54:55,492+0100",visu_pars.VisuCreationDate
20241129_094107_jrc241129_m4_0424_1_1/20,"2024-11-29T11:00:15,844+0100",visu_pars.VisuCreationDate
20241129_094107_jrc241129_m4_0424_1_1/21,"2024-11-29T10:55:23,387+0100",visu_pars.VisuCreationDate
20241129_094107_jrc241129_m4_0424_1_1/23,"2024-11-29T11:06:01,732+0100",visu_pars.VisuCreationDate
20241129_094107_jrc241129_m4_0424_1_1/25,"2024-11-29T11:20:47,682+0100",visu_pars.VisuCreationDate
20241129_094107_jrc241129_m4_0424_1_1/26,"2024-11-29T11:35:57,589+0100",visu_pars.VisuCreationDate
20241129_094107_jrc241129_m4_0424_1_1/3,"2024-11-29T09:57:21,192+0100",visu_pars.VisuCreationDate
20241129_094107_jrc241129_m4_0424_1_1/4,"2024-11-29T09:59:01,098+0100",visu_pars.VisuCreationDate
20241129_094107_jrc241129_m4_0424_1_1/5,"2024-11-29T10:00:41,233+0100",visu_pars.VisuCreationDate
20241129_094107_jrc241129_m4_0424_1_1/6,"2024-11-29T10:06:17,887+0100",visu_pars.VisuCreationDate
20241129_094107_jrc241129_m4_0424_1_1/7,"2024-11-29T10:11:17,457+0100",visu_pars.VisuCreationDate
20241129_094107_jrc241129_m4_0424_1_1/8,"2024-11-29T10:14:57,953+0100",visu_pars.VisuCreationDate
20241129_094107_jrc241129_m4_0424_1_1/9,"2024-11-29T10:18:38,309+0100",visu_pars.VisuCreationDate
20241129_114449_jrc241129_m5_0424_1_1/1,"2024-11-29T11:51:25,707+0100",visu_pars.VisuCreationDate
20241129_114449_jrc241129_m5_0424_1_1/18,"2024-11-29T12:27:32,701+0100",visu_pars.VisuCreationDate
20241129_114449_jrc241129_m5_0424_1_1/2,"2024-11-29T11:52:55,345+0100",visu_pars.VisuCreationDate
20241129_114449_jrc241129_m5_0424_1_1/21,"2024-11-29T12:31:13,169+0100",visu_pars.VisuCreationDate
20241129_114449_jrc241129_m5_0424_1_1/22,"2024-11-29T12:34:53,754+0100",visu_pars.VisuCreationDate
20241129_114449_jrc241129_m5_0424_1_1/23,"2024-11-29T12:38:34,370+0100",visu_pars.VisuCreationDate
20241129_114449_jrc241129_m5_0424_1_1/24,"2024-11-29T12:42:14,929+0100",visu_pars.VisuCreationDate
20241129_114449_jrc241129_m5_0424_1_1/25,"2024-11-29T12:45:55,558+0100",visu_pars.VisuCreationDate
20241129_114449_jrc241129_m5_0424_1_1/26,"2024-11-29T12:49:36,046+0100",visu_pars.VisuCreationDate
20241129_114449_jrc241129_m5_0424_1_1/27,"2024-11-29T12:53:16,550+0100",visu_pars.VisuCreationDate
20241129_114449_jrc241129_m5_0424_1_1/28,"2024-11-29T12:56:56,904+0100",visu_pars.VisuCreationDate
20241129_114449_jrc241129_m5_0424_1_1/29,"2024-11-29T13:00:37,634+0100",visu_pars.VisuCreationDate
20241129_114449_jrc241129_m5_0424_1_1/30,"2024-11-29T13:04:18,165+0100",visu_pars.VisuCreationDate
20241129_114449_jrc241129_m5_0424_1_1/31,"2024-11-29T13:05:29,831+0100",visu_pars.VisuCreationDate
20241129_114449_jrc241129_m5_0424_1_1/33,"2024-11-29T13:11:41,516+0100",visu_pars.VisuCreationDate
20241129_114449_jrc241129_m5_0424_1_1/37,"2024-11-29T13:31:40,506+0100",visu_pars.VisuCreationDate
20241129_114449_jrc241129_m5_0424_1_1/4,"2024-11-29T11:55:25,926+0100",visu_pars.VisuCreationDate
20241129_114449_jrc241129_m5_0424_1_1/5,"2024-11-29T11:56:59,057+0100",visu_pars.VisuCreationDate
20241129_114449_jrc241129_m5_0424_1_1/7,"2024-11-29T12:02:03,000+0100",visu_pars.VisuCreationDate
20241129_142158_jrc241129_m6_0424_1_1/1,"2024-11-29T14:31:44,104+0100",visu_pars.VisuCreationDate
20241129_142158_jrc241129_m6_0424_1_1/10,"2024-11-29T14:58:30,701+0100",visu_pars.VisuCreationDate
20241129_142158_jrc241129_m6_0424_1_1/11,"2024-11-29T15:02:11,335+0100",visu_pars.VisuCreationDate
20241129_142158_jrc241129_m6_0424_1_1/12,"2024-11-29T15:05:51,733+0100",visu_pars.VisuCreationDate
20241129_142158_jrc241129_m6_0424_1_1/13,"2024-11-29T15:09:32,101+0100",visu_pars.VisuCreationDate
20241129_142158_jrc241129_m6_0424_1_1/14,"2024-11-29T15:14:25,859+0100",visu_pars.VisuCreationDate
20241129_142158_jrc241129_m6_0424_1_1/15,"2024-11-29T15:18:06,502+0100",visu_pars.VisuCreationDate
20241129_142158_jrc241129_m6_0424_1_1/16,"2024-11-29T15:25:27,916+0100",visu_pars.VisuCreationDate
20241129_142158_jrc241129_m6_0424_1_1/17,"2024-11-29T15:10:43,839+0100",visu_pars.VisuCreationDate
20241129_142158_jrc241129_m6_0424_1_1/18,"2024-11-29T15:21:47,255+0100",visu_pars.VisuCreationDate
20241129_142158_jrc241129_m6_0424_1_1/19,"2024-11-29T15:45:01,597+0100",visu_pars.VisuCreationDate
20241129_142158_jrc241129_m6_0424_1_1/2,"2024-11-29T14:33:07,843+0100",visu_pars.VisuCreationDate
20241129_142158_jrc241129_m6_0424_1_1/3,"2024-11-29T14:34:30,710+0100",visu_pars.VisuCreationDate
20241129_142158_jrc241129_m6_0424_1_1/4,"2024-11-29T14:36:01,023+0100",visu_pars.VisuCreationDate
20241129_142158_jrc241129_m6_0424_1_1/5,"2024-11-29T14:40:00,209+0100",visu_pars.VisuCreationDate
20241129_142158_jrc241129_m6_0424_1_1/6,"2024-11-29T14:43:48,295+0100",visu_pars.VisuCreationDate
20241129_142158_jrc241129_m6_0424_1_1/7,"2024-11-29T14:47:28,817+0100",visu_pars.VisuCreationDate
20241129_142158_jrc241129_m6_0424_1_1/8,"2024-11-29T14:51:09,485+0100",visu_pars.VisuCreationDate
20241129_142158_jrc241129_m6_0424_1_1/9,"2024-11-29T14:54:50,095+0100",visu_pars.VisuCreationDate
20241203_081645_jrc241203_m7_0424_1_1/1,"2024-12-03T08:33:42,464+0100",visu_pars.VisuCreationDate
20241203_081645_jrc241203_m7_0424_1_1/10,"2024-12-03T08:54:16,073+0100",visu_pars.VisuCreationDate
20241203_081645_jrc241203_m7_0424_1_1/11,"2024-12-03T08:57:56,572+0100",visu_pars.VisuCreationDate
20241203_081645_jrc241203_m7_0424_1_1/12,"2024-12-03T09:01:37,108+0100",visu_pars.VisuCreationDate
20241203_081645_jrc241203_m7_0424_1_1/13,"2024-12-03T09:05:17,828+0100",visu_pars.VisuCreationDate
20241203_081645_jrc241203_m7_0424_1_1/14,"2024-12-03T09:08:58,123+0100",visu_pars.VisuCreationDate
20241203_081645_jrc241203_m7_0424_1_1/15,"2024-12-03T09:12:38,571+0100",visu_pars.VisuCreationDate
20241203_081645_jrc241203_m7_0424_1_1/16,"2024-12-03T09:16:19,289+0100",visu_pars.VisuCreationDate
20241203_081645_jrc241203_m7_0424_1_1/17,"2024-12-03T09:19:59,907+0100",visu_pars.VisuCreationDate
20241203_081645_jrc241203_m7_0424_1_1/18,"2024-12-03T09:23:40,493+0100",visu_pars.VisuCreationDate
20241203_081645_jrc241203_m7_0424_1_1/19,"2024-12-03T09:27:20,956+0100",visu_pars.VisuCreationDate
20241203_081645_jrc241203_m7_0424_1_1/2,"2024-12-03T08:35:05,243+0100",visu_pars.VisuCreationDate
20241203_081645_jrc241203_m7_0424_1_1/20,"2024-12-03T09:28:32,511+0100",visu_pars.VisuCreationDate
20241203_081645_jrc241203_m7_0424_1_1/21,"2024-12-03T09:33:08,732+0100",visu_pars.VisuCreationDate
20241203_081645_jrc241203_m7_0424_1_1/22,"2024-12-03T09:50:59,373+0100",visu_pars.VisuCreationDate
20241203_081645_jrc241203_m7_0424_1_1/3,"2024-12-03T08:36:59,771+0100",visu_pars.VisuCreationDate
20241203_081645_jrc241203_m7_0424_1_1/4,"2024-12-03T08:38:38,748+0100",visu_pars.VisuCreationDate
20241203_081645_jrc241203_m7_0424_1_1/5,"2024-12-03T08:40:18,344+0100",visu_pars.VisuCreationDate
20241203_081645_jrc241203_m7_0424_1_1/8,"2024-12-03T08:45:29,671+0100",visu_pars.VisuCreationDate
20241203_081645_jrc241203_m7_0424_1_1/9,"2024-12-03T08:50:35,360+0100",visu_pars.VisuCreationDate
20241203_095619_jrc241203_m8_0424_1_1/1,"2024-12-03T10:09:20,090+0100",visu_pars.VisuCreationDate
20241203_095619_jrc241203_m8_0424_1_1/18,"2024-12-03T10:36:50,377+0100",visu_pars.VisuCreationDate
20241203_095619_jrc241203_m8_0424_1_1/19,"2024-12-03T10:38:21,240+0100",visu_pars.VisuCreationDate
20241203_095619_jrc241203_m8_0424_1_1/2,"2024-12-03T10:10:45,145+0100",visu_pars.VisuCreationDate
20241203_095619_jrc241203_m8_0424_1_1/20,"2024-12-03T10:42:23,647+0100",visu_pars.VisuCreationDate
20241203_095619_jrc241203_m8_0424_1_1/21,"2024-12-03T10:46:04,531+0100",visu_pars.VisuCreationDate
20241203_095619_jrc241203_m8_0424_1_1/22,"2024-12-03T10:49:45,125+0100",visu_pars.VisuCreationDate
20241203_095619_jrc241203_m8_0424_1_1/23,"2024-12-03T10:53:25,699+0100",visu_pars.VisuCreationDate
20241203_095619_jrc241203_m8_0424_1_1/24,"2024-12-03T10:57:06,148+0100",visu_pars.VisuCreationDate
20241203_095619_jrc241203_m8_0424_1_1/25,"2024-12-03T11:00:46,613+0100",visu_pars.VisuCreationDate
20241203_095619_jrc241203_m8_0424_1_1/26,"2024-12-03T11:04:27,398+0100",visu_pars.VisuCreationDate
20241203_095619_jrc241203_m8_0424_1_1/27,"2024-12-03T11:08:07,873+0100",visu_pars.VisuCreationDate
20241203_095619_jrc241203_m8_0424_1_1/28,"2024-12-03T11:11:48,322+0100",visu_pars.VisuCreationDate
20241203_095619_jrc241203_m8_0424_1_1/29,"2024-12-03T11:15:28,917+0100",visu_pars.VisuCreationDate
20241203_095619_jrc241203_m8_0424_1_1/30,"2024-12-03T11:19:09,487+0100",visu_pars.VisuCreationDate
20241203_095619_jrc241203_m8_0424_1_1/31,"2024-12-03T11:22:49,825+0100",visu_pars.VisuCreationDate
20241203_095619_jrc241203_m8_0424_1_1/32,"2024-12-03T11:26:30,605+0100",visu_pars.VisuCreationDate
20241203_095619_jrc241203_m8_0424_1_1/33,"2024-12-03T11:27:42,149+0100",visu_pars.VisuCreationDate
20241203_095619_jrc241203_m8_0424_1_1/34,"2024-12-03T11:32:28,862+0100",visu_pars.VisuCreationDate
20241203_095619_jrc241203_m8_0424_1_1/36,"2024-12-03T11:51:28,927+0100",visu_pars.VisuCreationDate
20241203_095619_jrc241203_m8_0424_1_1/4,"2024-12-03T10:14:43,074+0100",visu_pars.VisuCreationDate
20241203_095619_jrc241203_m8_0424_1_1/5,"2024-12-03T10:16:17,773+0100",visu_pars.VisuCreationDate
20241203_095619_jrc241203_m8_0424_1_1/6,"2024-12-03T10:20:52,553+0100",visu_pars.VisuCreationDate
