original_name,drv_acq_datetime,drv_acq_time_source,drv_alias,drv_animal,drv_sample,drv_sample_type,drv_session,drv_project,drv_model,drv_hhmm,drv_dicom_origin,drv_note
20190327_154246_jrc190327_MOLLI_test_1_1/1,"2019-03-27T15:54:31,752+0100",visu_pars.VisuCreationDate,,,jrc190327_MOLLI_test,phantom,jrc190327_MOLLI_test,,Bruker BioSpec 7T,1542,DICOM regenerated by Dicomifier 2.5.3 (+ gjesus3 workarounds) from the ParaVision 2dseq before ingest,"phantom study (phantom / QC, Q2); phantom / QC study (Q2): no project, as July's jrc phantoms; MRI platform archive backup_7T_olddata_260824/2019_pv6/20190327_154246_jrc190327_MOLLI_test_1_1.tar.gz (SHA-1 cccece239ab021ce3e54409b8ade6e7524cbf9e2); DICOM regenerated by Dicomifier 2.5.3 (+ gjesus3 workarounds) from the ParaVision 2dseq before ingest; operator pending claim (historical MRI, STATUS 0.5 Hold)"
20190327_155636_jrc190327_MOLLI_test2_1_1/1,"2019-03-27T16:00:26,814+0100",visu_pars.VisuCreationDate,,,jrc190327_MOLLI_test2,phantom,jrc190327_MOLLI_test2,,Bruker BioSpec 7T,1556,DICOM regenerated by Dicomifier 2.5.3 (+ gjesus3 workarounds) from the ParaVision 2dseq before ingest,"phantom study (phantom / QC, Q2); phantom / QC study (Q2): no project, as July's jrc phantoms; MRI platform archive backup_7T_olddata_260824/2019_pv6/20190327_155636_jrc190327_MOLLI_test2_1_1.tar.gz (SHA-1 2de4412775ecfcceacfe6e4c97385b916a9f8edf); DICOM regenerated by Dicomifier 2.5.3 (+ gjesus3 workarounds) from the ParaVision 2dseq before ingest; operator pending claim (historical MRI, STATUS 0.5 Hold)"
20190327_155636_jrc190327_MOLLI_test2_1_1/2,"2019-03-27T16:02:34,986+0100",visu_pars.VisuCreationDate,,,jrc190327_MOLLI_test2,phantom,jrc190327_MOLLI_test2,,Bruker BioSpec 7T,1556,DICOM regenerated by Dicomifier 2.5.3 (+ gjesus3 workarounds) from the ParaVision 2dseq before ingest,"phantom study (phantom / QC, Q2); phantom / QC study (Q2): no project, as July's jrc phantoms; MRI platform archive backup_7T_olddata_260824/2019_pv6/20190327_155636_jrc190327_MOLLI_test2_1_1.tar.gz (SHA-1 2de4412775ecfcceacfe6e4c97385b916a9f8edf); DICOM regenerated by Dicomifier 2.5.3 (+ gjesus3 workarounds) from the ParaVision 2dseq before ingest; operator pending claim (historical MRI, STATUS 0.5 Hold)"
20190327_155636_jrc190327_MOLLI_test2_1_1/3,"2019-03-27T16:04:13,720+0100",visu_pars.VisuCreationDate,,,jrc190327_MOLLI_test2,phantom,jrc190327_MOLLI_test2,,Bruker BioSpec 7T,1556,DICOM regenerated by Dicomifier 2.5.3 (+ gjesus3 workarounds) from the ParaVision 2dseq before ingest,"phantom study (phantom / QC, Q2); phantom / QC study (Q2): no project, as July's jrc phantoms; MRI platform archive backup_7T_olddata_260824/2019_pv6/20190327_155636_jrc190327_MOLLI_test2_1_1.tar.gz (SHA-1 2de4412775ecfcceacfe6e4c97385b916a9f8edf); DICOM regenerated by Dicomifier 2.5.3 (+ gjesus3 workarounds) from the ParaVision 2dseq before ingest; operator pending claim (historical MRI, STATUS 0.5 Hold)"
20190327_155636_jrc190327_MOLLI_test2_1_1/4,"2019-03-27T16:09:11,816+0100",visu_pars.VisuCreationDate,,,jrc190327_MOLLI_test2,phantom,jrc190327_MOLLI_test2,,Bruker BioSpec 7T,1556,DICOM regenerated by Dicomifier 2.5.3 (+ gjesus3 workarounds) from the ParaVision 2dseq before ingest,"phantom study (phantom / QC, Q2); phantom / QC study (Q2): no project, as July's jrc phantoms; MRI platform archive backup_7T_olddata_260824/2019_pv6/20190327_155636_jrc190327_MOLLI_test2_1_1.tar.gz (SHA-1 2de4412775ecfcceacfe6e4c97385b916a9f8edf); DICOM regenerated by Dicomifier 2.5.3 (+ gjesus3 workarounds) from the ParaVision 2dseq before ingest; operator pending claim (historical MRI, STATUS 0.5 Hold)"
20190327_155636_jrc190327_MOLLI_test2_1_1/11,"2019-03-27T16:14:20,759+0100",visu_pars.VisuCreationDate,,,jrc190327_MOLLI_test2,phantom,jrc190327_MOLLI_test2,,Bruker BioSpec 7T,1556,DICOM regenerated by Dicomifier 2.5.3 (+ gjesus3 workarounds) from the ParaVision 2dseq before ingest,"phantom study (phantom / QC, Q2); phantom / QC study (Q2): no project, as July's jrc phantoms; MRI platform archive backup_7T_olddata_260824/2019_pv6/20190327_155636_jrc190327_MOLLI_test2_1_1.tar.gz (SHA-1 2de4412775ecfcceacfe6e4c97385b916a9f8edf); DICOM regenerated by Dicomifier 2.5.3 (+ gjesus3 workarounds) from the ParaVision 2dseq before ingest; operator pending claim (historical MRI, STATUS 0.5 Hold)"
20190327_155636_jrc190327_MOLLI_test2_1_1/12,"2019-03-27T16:15:13,087+0100",visu_pars.VisuCreationDate,,,jrc190327_MOLLI_test2,phantom,jrc190327_MOLLI_test2,,Bruker BioSpec 7T,1556,DICOM regenerated by Dicomifier 2.5.3 (+ gjesus3 workarounds) from the ParaVision 2dseq before ingest,"phantom study (phantom / QC, Q2); phantom / QC study (Q2): no project, as July's jrc phantoms; MRI platform archive backup_7T_olddata_260824/2019_pv6/20190327_155636_jrc190327_MOLLI_test2_1_1.tar.gz (SHA-1 2de4412775ecfcceacfe6e4c97385b916a9f8edf); DICOM regenerated by Dicomifier 2.5.3 (+ gjesus3 workarounds) from the ParaVision 2dseq before ingest; operator pending claim (historical MRI, STATUS 0.5 Hold)"
20190327_155636_jrc190327_MOLLI_test2_1_1/13,"2019-03-27T16:15:49,990+0100",visu_pars.VisuCreationDate,,,jrc190327_MOLLI_test2,phantom,jrc190327_MOLLI_test2,,Bruker BioSpec 7T,1556,DICOM regenerated by Dicomifier 2.5.3 (+ gjesus3 workarounds) from the ParaVision 2dseq before ingest,"phantom study (phantom / QC, Q2); phantom / QC study (Q2): no project, as July's jrc phantoms; MRI platform archive backup_7T_olddata_260824/2019_pv6/20190327_155636_jrc190327_MOLLI_test2_1_1.tar.gz (SHA-1 2de4412775ecfcceacfe6e4c97385b916a9f8edf); DICOM regenerated by Dicomifier 2.5.3 (+ gjesus3 workarounds) from the ParaVision 2dseq before ingest; operator pending claim (historical MRI, STATUS 0.5 Hold)"
20190327_155636_jrc190327_MOLLI_test2_1_1/14,"2019-03-27T16:17:35,065+0100",visu_pars.VisuCreationDate,,,jrc190327_MOLLI_test2,phantom,jrc190327_MOLLI_test2,,Bruker BioSpec 7T,1556,DICOM regenerated by Dicomifier 2.5.3 (+ gjesus3 workarounds) from the ParaVision 2dseq before ingest,"phantom study (phantom / QC, Q2); phantom / QC study (Q2): no project, as July's jrc phantoms; MRI platform archive backup_7T_olddata_260824/2019_pv6/20190327_155636_jrc190327_MOLLI_test2_1_1.tar.gz (SHA-1 2de4412775ecfcceacfe6e4c97385b916a9f8edf); DICOM regenerated by Dicomifier 2.5.3 (+ gjesus3 workarounds) from the ParaVision 2dseq before ingest; operator pending claim (historical MRI, STATUS 0.5 Hold)"
20190327_155636_jrc190327_MOLLI_test2_1_1/15,"2019-03-27T16:18:40,880+0100",visu_pars.VisuCreationDate,,,jrc190327_MOLLI_test2,phantom,jrc190327_MOLLI_test2,,Bruker BioSpec 7T,1556,DICOM regenerated by Dicomifier 2.5.3 (+ gjesus3 workarounds) from the ParaVision 2dseq before ingest,"phantom study (phantom / QC, Q2); phantom / QC study (Q2): no project, as July's jrc phantoms; MRI platform archive backup_7T_olddata_260824/2019_pv6/20190327_155636_jrc190327_MOLLI_test2_1_1.tar.gz (SHA-1 2de4412775ecfcceacfe6e4c97385b916a9f8edf); DICOM regenerated by Dicomifier 2.5.3 (+ gjesus3 workarounds) from the ParaVision 2dseq before ingest; operator pending claim (historical MRI, STATUS 0.5 Hold)"
20190327_155636_jrc190327_MOLLI_test2_1_1/17,"2019-03-27T16:21:21,617+0100",visu_pars.VisuCreationDate,,,jrc190327_MOLLI_test2,phantom,jrc190327_MOLLI_test2,,Bruker BioSpec 7T,1556,DICOM regenerated by Dicomifier 2.5.3 (+ gjesus3 workarounds) from the ParaVision 2dseq before ingest,"phantom study (phantom / QC, Q2); phantom / QC study (Q2): no project, as July's jrc phantoms; MRI platform archive backup_7T_olddata_260824/2019_pv6/20190327_155636_jrc190327_MOLLI_test2_1_1.tar.gz (SHA-1 2de4412775ecfcceacfe6e4c97385b916a9f8edf); DICOM regenerated by Dicomifier 2.5.3 (+ gjesus3 workarounds) from the ParaVision 2dseq before ingest; operator pending claim (historical MRI, STATUS 0.5 Hold)"
20190327_155636_jrc190327_MOLLI_test2_1_1/18,"2019-03-27T16:24:39,753+0100",visu_pars.VisuCreationDate,,,jrc190327_MOLLI_test2,phantom,jrc190327_MOLLI_test2,,Bruker BioSpec 7T,1556,DICOM regenerated by Dicomifier 2.5.3 (+ gjesus3 workarounds) from the ParaVision 2dseq before ingest,"phantom study (phantom / QC, Q2); phantom / QC study (Q2): no project, as July's jrc phantoms; MRI platform archive backup_7T_olddata_260824/2019_pv6/20190327_155636_jrc190327_MOLLI_test2_1_1.tar.gz (SHA-1 2de4412775ecfcceacfe6e4c97385b916a9f8edf); DICOM regenerated by Dicomifier 2.5.3 (+ gjesus3 workarounds) from the ParaVision 2dseq before ingest; operator pending claim (historical MRI, STATUS 0.5 Hold)"
20190327_155636_jrc190327_MOLLI_test2_1_1/20,"2019-03-27T16:26:20,735+0100",visu_pars.VisuCreationDate,,,jrc190327_MOLLI_test2,phantom,jrc190327_MOLLI_test2,,Bruker BioSpec 7T,1556,DICOM regenerated by Dicomifier 2.5.3 (+ gjesus3 workarounds) from the ParaVision 2dseq before ingest,"phantom study (phantom / QC, Q2); phantom / QC study (Q2): no project, as July's jrc phantoms; MRI platform archive backup_7T_olddata_260824/2019_pv6/20190327_155636_jrc190327_MOLLI_test2_1_1.tar.gz (SHA-1 2de4412775ecfcceacfe6e4c97385b916a9f8edf); DICOM regenerated by Dicomifier 2.5.3 (+ gjesus3 workarounds) from the ParaVision 2dseq before ingest; operator pending claim (historical MRI, STATUS 0.5 Hold)"
20190327_155636_jrc190327_MOLLI_test2_1_1/21,"2019-03-27T16:28:33,796+0100",visu_pars.VisuCreationDate,,,jrc190327_MOLLI_test2,phantom,jrc190327_MOLLI_test2,,Bruker BioSpec 7T,1556,DICOM regenerated by Dicomifier 2.5.3 (+ gjesus3 workarounds) from the ParaVision 2dseq before ingest,"phantom study (phantom / QC, Q2); phantom / QC study (Q2): no project, as July's jrc phantoms; MRI platform archive backup_7T_olddata_260824/2019_pv6/20190327_155636_jrc190327_MOLLI_test2_1_1.tar.gz (SHA-1 2de4412775ecfcceacfe6e4c97385b916a9f8edf); DICOM regenerated by Dicomifier 2.5.3 (+ gjesus3 workarounds) from the ParaVision 2dseq before ingest; operator pending claim (historical MRI, STATUS 0.5 Hold)"
20190327_155636_jrc190327_MOLLI_test2_1_1/22,"2019-03-27T16:31:04,460+0100",visu_pars.VisuCreationDate,,,jrc190327_MOLLI_test2,phantom,jrc190327_MOLLI_test2,,Bruker BioSpec 7T,1556,DICOM regenerated by Dicomifier 2.5.3 (+ gjesus3 workarounds) from the ParaVision 2dseq before ingest,"phantom study (phantom / QC, Q2); phantom / QC study (Q2): no project, as July's jrc phantoms; MRI platform archive backup_7T_olddata_260824/2019_pv6/20190327_155636_jrc190327_MOLLI_test2_1_1.tar.gz (SHA-1 2de4412775ecfcceacfe6e4c97385b916a9f8edf); DICOM regenerated by Dicomifier 2.5.3 (+ gjesus3 workarounds) from the ParaVision 2dseq before ingest; operator pending claim (historical MRI, STATUS 0.5 Hold)"
20190327_155636_jrc190327_MOLLI_test2_1_1/24,"2019-03-27T16:33:20,646+0100",visu_pars.VisuCreationDate,,,jrc190327_MOLLI_test2,phantom,jrc190327_MOLLI_test2,,Bruker BioSpec 7T,1556,DICOM regenerated by Dicomifier 2.5.3 (+ gjesus3 workarounds) from the ParaVision 2dseq before ingest,"phantom study (phantom / QC, Q2); phantom / QC study (Q2): no project, as July's jrc phantoms; MRI platform archive backup_7T_olddata_260824/2019_pv6/20190327_155636_jrc190327_MOLLI_test2_1_1.tar.gz (SHA-1 2de4412775ecfcceacfe6e4c97385b916a9f8edf); DICOM regenerated by Dicomifier 2.5.3 (+ gjesus3 workarounds) from the ParaVision 2dseq before ingest; operator pending claim (historical MRI, STATUS 0.5 Hold)"
20190327_155636_jrc190327_MOLLI_test2_1_1/25,"2019-03-27T16:36:04,897+0100",visu_pars.VisuCreationDate,,,jrc190327_MOLLI_test2,phantom,jrc190327_MOLLI_test2,,Bruker BioSpec 7T,1556,DICOM regenerated by Dicomifier 2.5.3 (+ gjesus3 workarounds) from the ParaVision 2dseq before ingest,"phantom study (phantom / QC, Q2); phantom / QC study (Q2): no project, as July's jrc phantoms; MRI platform archive backup_7T_olddata_260824/2019_pv6/20190327_155636_jrc190327_MOLLI_test2_1_1.tar.gz (SHA-1 2de4412775ecfcceacfe6e4c97385b916a9f8edf); DICOM regenerated by Dicomifier 2.5.3 (+ gjesus3 workarounds) from the ParaVision 2dseq before ingest; operator pending claim (historical MRI, STATUS 0.5 Hold)"
20190327_155636_jrc190327_MOLLI_test2_1_1/26,"2019-03-27T16:38:11,920+0100",visu_pars.VisuCreationDate,,,jrc190327_MOLLI_test2,phantom,jrc190327_MOLLI_test2,,Bruker BioSpec 7T,1556,DICOM regenerated by Dicomifier 2.5.3 (+ gjesus3 workarounds) from the ParaVision 2dseq before ingest,"phantom study (phantom / QC, Q2); phantom / QC study (Q2): no project, as July's jrc phantoms; MRI platform archive backup_7T_olddata_260824/2019_pv6/20190327_155636_jrc190327_MOLLI_test2_1_1.tar.gz (SHA-1 2de4412775ecfcceacfe6e4c97385b916a9f8edf); DICOM regenerated by Dicomifier 2.5.3 (+ gjesus3 workarounds) from the ParaVision 2dseq before ingest; operator pending claim (historical MRI, STATUS 0.5 Hold)"
20190611_095435_jrc190611_fantomAnaB_1_1/1,"2019-06-11T10:05:52,753+0200",visu_pars.VisuCreationDate,,,jrc190611_fantomAnaB,phantom,jrc190611_fantomAnaB,,Bruker BioSpec 7T,0954,DICOM regenerated by Dicomifier 2.5.3 (+ gjesus3 workarounds) from the ParaVision 2dseq before ingest,"phantom study (phantom / QC, Q2); phantom / QC study (Q2): no project, as July's jrc phantoms; MRI platform archive backup_7T_olddata_260824/2019_pv6/20190611_095435_jrc190611_fantomAnaB_1_1.tar.gz (SHA-1 45a9f160ecd239ad7e93e16c830d37d61280a728); DICOM regenerated by Dicomifier 2.5.3 (+ gjesus3 workarounds) from the ParaVision 2dseq before ingest; operator pending claim (historical MRI, STATUS 0.5 Hold)"
20190617_115415_jrc190617_fantomAnaB_1_1/1,"2019-06-17T12:00:16,363+0200",visu_pars.VisuCreationDate,,,jrc190617_fantomAnaB,phantom,jrc190617_fantomAnaB,,Bruker BioSpec 7T,1154,scanner-exported DICOM,"phantom study (phantom / QC, Q2); phantom / QC study (Q2): no project, as July's jrc phantoms; MRI platform archive backup_7T_olddata_260824/2019_pv6/20190617_115415_jrc190617_fantomAnaB_1_1.tar.gz (SHA-1 da64fa36f11222c5db19fbfe81c0df0a71b4803b); scanner-exported DICOM; operator pending claim (historical MRI, STATUS 0.5 Hold)"
20190617_115415_jrc190617_fantomAnaB_1_1/6,"2019-06-17T12:08:19,026+0200",visu_pars.VisuCreationDate,,,jrc190617_fantomAnaB,phantom,jrc190617_fantomAnaB,,Bruker BioSpec 7T,1154,scanner-exported DICOM,"phantom study (phantom / QC, Q2); phantom / QC study (Q2): no project, as July's jrc phantoms; MRI platform archive backup_7T_olddata_260824/2019_pv6/20190617_115415_jrc190617_fantomAnaB_1_1.tar.gz (SHA-1 da64fa36f11222c5db19fbfe81c0df0a71b4803b); scanner-exported DICOM; operator pending claim (historical MRI, STATUS 0.5 Hold)"
20190617_115415_jrc190617_fantomAnaB_1_1/12,"2019-06-17T12:27:16,516+0200",visu_pars.VisuCreationDate,,,jrc190617_fantomAnaB,phantom,jrc190617_fantomAnaB,,Bruker BioSpec 7T,1154,scanner-exported DICOM,"phantom study (phantom / QC, Q2); phantom / QC study (Q2): no project, as July's jrc phantoms; MRI platform archive backup_7T_olddata_260824/2019_pv6/20190617_115415_jrc190617_fantomAnaB_1_1.tar.gz (SHA-1 da64fa36f11222c5db19fbfe81c0df0a71b4803b); scanner-exported DICOM; operator pending claim (historical MRI, STATUS 0.5 Hold)"
20190617_115415_jrc190617_fantomAnaB_1_1/13,"2019-06-17T12:30:30,776+0200",visu_pars.VisuCreationDate,,,jrc190617_fantomAnaB,phantom,jrc190617_fantomAnaB,,Bruker BioSpec 7T,1154,scanner-exported DICOM,"phantom study (phantom / QC, Q2); phantom / QC study (Q2): no project, as July's jrc phantoms; MRI platform archive backup_7T_olddata_260824/2019_pv6/20190617_115415_jrc190617_fantomAnaB_1_1.tar.gz (SHA-1 da64fa36f11222c5db19fbfe81c0df0a71b4803b); scanner-exported DICOM; operator pending claim (historical MRI, STATUS 0.5 Hold)"
20190617_115415_jrc190617_fantomAnaB_1_1/14,"2019-06-17T12:34:23,377+0200",visu_pars.VisuCreationDate,,,jrc190617_fantomAnaB,phantom,jrc190617_fantomAnaB,,Bruker BioSpec 7T,1154,scanner-exported DICOM,"phantom study (phantom / QC, Q2); phantom / QC study (Q2): no project, as July's jrc phantoms; MRI platform archive backup_7T_olddata_260824/2019_pv6/20190617_115415_jrc190617_fantomAnaB_1_1.tar.gz (SHA-1 da64fa36f11222c5db19fbfe81c0df0a71b4803b); scanner-exported DICOM; operator pending claim (historical MRI, STATUS 0.5 Hold)"
20190617_115415_jrc190617_fantomAnaB_1_1/15,"2019-06-17T12:35:32,457+0200",visu_pars.VisuCreationDate,,,jrc190617_fantomAnaB,phantom,jrc190617_fantomAnaB,,Bruker BioSpec 7T,1154,scanner-exported DICOM,"phantom study (phantom / QC, Q2); phantom / QC study (Q2): no project, as July's jrc phantoms; MRI platform archive backup_7T_olddata_260824/2019_pv6/20190617_115415_jrc190617_fantomAnaB_1_1.tar.gz (SHA-1 da64fa36f11222c5db19fbfe81c0df0a71b4803b); scanner-exported DICOM; operator pending claim (historical MRI, STATUS 0.5 Hold)"
20190617_115415_jrc190617_fantomAnaB_1_1/16,"2019-06-17T12:48:01,123+0200",visu_pars.VisuCreationDate,,,jrc190617_fantomAnaB,phantom,jrc190617_fantomAnaB,,Bruker BioSpec 7T,1154,scanner-exported DICOM,"phantom study (phantom / QC, Q2); phantom / QC study (Q2): no project, as July's jrc phantoms; MRI platform archive backup_7T_olddata_260824/2019_pv6/20190617_115415_jrc190617_fantomAnaB_1_1.tar.gz (SHA-1 da64fa36f11222c5db19fbfe81c0df0a71b4803b); scanner-exported DICOM; operator pending claim (historical MRI, STATUS 0.5 Hold)"
20190617_115415_jrc190617_fantomAnaB_1_1/17,"2019-06-17T12:49:38,728+0200",visu_pars.VisuCreationDate,,,jrc190617_fantomAnaB,phantom,jrc190617_fantomAnaB,,Bruker BioSpec 7T,1154,scanner-exported DICOM,"phantom study (phantom / QC, Q2); phantom / QC study (Q2): no project, as July's jrc phantoms; MRI platform archive backup_7T_olddata_260824/2019_pv6/20190617_115415_jrc190617_fantomAnaB_1_1.tar.gz (SHA-1 da64fa36f11222c5db19fbfe81c0df0a71b4803b); scanner-exported DICOM; operator pending claim (historical MRI, STATUS 0.5 Hold)"
20190617_115415_jrc190617_fantomAnaB_1_1/18,"2019-06-17T12:51:35,260+0200",visu_pars.VisuCreationDate,,,jrc190617_fantomAnaB,phantom,jrc190617_fantomAnaB,,Bruker BioSpec 7T,1154,scanner-exported DICOM,"phantom study (phantom / QC, Q2); phantom / QC study (Q2): no project, as July's jrc phantoms; MRI platform archive backup_7T_olddata_260824/2019_pv6/20190617_115415_jrc190617_fantomAnaB_1_1.tar.gz (SHA-1 da64fa36f11222c5db19fbfe81c0df0a71b4803b); scanner-exported DICOM; operator pending claim (historical MRI, STATUS 0.5 Hold)"
20190617_115415_jrc190617_fantomAnaB_1_1/19,"2019-06-17T12:53:16,975+0200",visu_pars.VisuCreationDate,,,jrc190617_fantomAnaB,phantom,jrc190617_fantomAnaB,,Bruker BioSpec 7T,1154,scanner-exported DICOM,"phantom study (phantom / QC, Q2); phantom / QC study (Q2): no project, as July's jrc phantoms; MRI platform archive backup_7T_olddata_260824/2019_pv6/20190617_115415_jrc190617_fantomAnaB_1_1.tar.gz (SHA-1 da64fa36f11222c5db19fbfe81c0df0a71b4803b); scanner-exported DICOM; operator pending claim (historical MRI, STATUS 0.5 Hold)"
20190617_115415_jrc190617_fantomAnaB_1_1/21,"2019-06-17T12:56:31,213+0200",visu_pars.VisuCreationDate,,,jrc190617_fantomAnaB,phantom,jrc190617_fantomAnaB,,Bruker BioSpec 7T,1154,scanner-exported DICOM,"phantom study (phantom / QC, Q2); phantom / QC study (Q2): no project, as July's jrc phantoms; MRI platform archive backup_7T_olddata_260824/2019_pv6/20190617_115415_jrc190617_fantomAnaB_1_1.tar.gz (SHA-1 da64fa36f11222c5db19fbfe81c0df0a71b4803b); scanner-exported DICOM; operator pending claim (historical MRI, STATUS 0.5 Hold)"
20190617_115415_jrc190617_fantomAnaB_1_1/22,"2019-06-17T12:59:47,798+0200",visu_pars.VisuCreationDate,,,jrc190617_fantomAnaB,phantom,jrc190617_fantomAnaB,,Bruker BioSpec 7T,1154,scanner-exported DICOM,"phantom study (phantom / QC, Q2); phantom / QC study (Q2): no project, as July's jrc phantoms; MRI platform archive backup_7T_olddata_260824/2019_pv6/20190617_115415_jrc190617_fantomAnaB_1_1.tar.gz (SHA-1 da64fa36f11222c5db19fbfe81c0df0a71b4803b); scanner-exported DICOM; operator pending claim (historical MRI, STATUS 0.5 Hold)"
20190617_115415_jrc190617_fantomAnaB_1_1/23,"2019-06-17T13:22:16,011+0200",visu_pars.VisuCreationDate,,,jrc190617_fantomAnaB,phantom,jrc190617_fantomAnaB,,Bruker BioSpec 7T,1154,scanner-exported DICOM,"phantom study (phantom / QC, Q2); phantom / QC study (Q2): no project, as July's jrc phantoms; MRI platform archive backup_7T_olddata_260824/2019_pv6/20190617_115415_jrc190617_fantomAnaB_1_1.tar.gz (SHA-1 da64fa36f11222c5db19fbfe81c0df0a71b4803b); scanner-exported DICOM; operator pending claim (historical MRI, STATUS 0.5 Hold)"
20190621_153242_jrc190621_phantomMolli_1_1/4,"2019-06-21T15:45:08,686+0200",visu_pars.VisuCreationDate,,,jrc190621_phantomMolli,phantom,jrc190621_phantomMolli,,Bruker BioSpec 7T,1532,DICOM regenerated by Dicomifier 2.5.3 (+ gjesus3 workarounds) from the ParaVision 2dseq before ingest,"phantom study (phantom / QC, Q2); phantom / QC study (Q2): no project, as July's jrc phantoms; MRI platform archive backup_7T_olddata_260824/2019_pv6/20190621_153242_jrc190621_phantomMolli_1_1.tar.gz (SHA-1 a39b73d9fb60ef77fe9fe158b82cb7d1e0ecc5b8); DICOM regenerated by Dicomifier 2.5.3 (+ gjesus3 workarounds) from the ParaVision 2dseq before ingest; operator pending claim (historical MRI, STATUS 0.5 Hold)"
20190621_153242_jrc190621_phantomMolli_1_1/6,"2019-06-21T15:48:22,388+0200",visu_pars.VisuCreationDate,,,jrc190621_phantomMolli,phantom,jrc190621_phantomMolli,,Bruker BioSpec 7T,1532,DICOM regenerated by Dicomifier 2.5.3 (+ gjesus3 workarounds) from the ParaVision 2dseq before ingest,"phantom study (phantom / QC, Q2); phantom / QC study (Q2): no project, as July's jrc phantoms; MRI platform archive backup_7T_olddata_260824/2019_pv6/20190621_153242_jrc190621_phantomMolli_1_1.tar.gz (SHA-1 a39b73d9fb60ef77fe9fe158b82cb7d1e0ecc5b8); DICOM regenerated by Dicomifier 2.5.3 (+ gjesus3 workarounds) from the ParaVision 2dseq before ingest; operator pending claim (historical MRI, STATUS 0.5 Hold)"
20190621_153242_jrc190621_phantomMolli_1_1/7,"2019-06-21T15:52:29,292+0200",visu_pars.VisuCreationDate,,,jrc190621_phantomMolli,phantom,jrc190621_phantomMolli,,Bruker BioSpec 7T,1532,DICOM regenerated by Dicomifier 2.5.3 (+ gjesus3 workarounds) from the ParaVision 2dseq before ingest,"phantom study (phantom / QC, Q2); phantom / QC study (Q2): no project, as July's jrc phantoms; MRI platform archive backup_7T_olddata_260824/2019_pv6/20190621_153242_jrc190621_phantomMolli_1_1.tar.gz (SHA-1 a39b73d9fb60ef77fe9fe158b82cb7d1e0ecc5b8); DICOM regenerated by Dicomifier 2.5.3 (+ gjesus3 workarounds) from the ParaVision 2dseq before ingest; operator pending claim (historical MRI, STATUS 0.5 Hold)"
20190621_153242_jrc190621_phantomMolli_1_1/8,"2019-06-21T15:59:21,849+0200",visu_pars.VisuCreationDate,,,jrc190621_phantomMolli,phantom,jrc190621_phantomMolli,,Bruker BioSpec 7T,1532,DICOM regenerated by Dicomifier 2.5.3 (+ gjesus3 workarounds) from the ParaVision 2dseq before ingest,"phantom study (phantom / QC, Q2); phantom / QC study (Q2): no project, as July's jrc phantoms; MRI platform archive backup_7T_olddata_260824/2019_pv6/20190621_153242_jrc190621_phantomMolli_1_1.tar.gz (SHA-1 a39b73d9fb60ef77fe9fe158b82cb7d1e0ecc5b8); DICOM regenerated by Dicomifier 2.5.3 (+ gjesus3 workarounds) from the ParaVision 2dseq before ingest; operator pending claim (historical MRI, STATUS 0.5 Hold)"
20190621_153242_jrc190621_phantomMolli_1_1/11,"2019-06-21T16:09:45,258+0200",visu_pars.VisuCreationDate,,,jrc190621_phantomMolli,phantom,jrc190621_phantomMolli,,Bruker BioSpec 7T,1532,DICOM regenerated by Dicomifier 2.5.3 (+ gjesus3 workarounds) from the ParaVision 2dseq before ingest,"phantom study (phantom / QC, Q2); phantom / QC study (Q2): no project, as July's jrc phantoms; MRI platform archive backup_7T_olddata_260824/2019_pv6/20190621_153242_jrc190621_phantomMolli_1_1.tar.gz (SHA-1 a39b73d9fb60ef77fe9fe158b82cb7d1e0ecc5b8); DICOM regenerated by Dicomifier 2.5.3 (+ gjesus3 workarounds) from the ParaVision 2dseq before ingest; operator pending claim (historical MRI, STATUS 0.5 Hold)"
20190621_153242_jrc190621_phantomMolli_1_1/12,"2019-06-21T16:27:37,328+0200",visu_pars.VisuCreationDate,,,jrc190621_phantomMolli,phantom,jrc190621_phantomMolli,,Bruker BioSpec 7T,1532,DICOM regenerated by Dicomifier 2.5.3 (+ gjesus3 workarounds) from the ParaVision 2dseq before ingest,"phantom study (phantom / QC, Q2); phantom / QC study (Q2): no project, as July's jrc phantoms; MRI platform archive backup_7T_olddata_260824/2019_pv6/20190621_153242_jrc190621_phantomMolli_1_1.tar.gz (SHA-1 a39b73d9fb60ef77fe9fe158b82cb7d1e0ecc5b8); DICOM regenerated by Dicomifier 2.5.3 (+ gjesus3 workarounds) from the ParaVision 2dseq before ingest; operator pending claim (historical MRI, STATUS 0.5 Hold)"
20190621_153242_jrc190621_phantomMolli_1_1/15,"2019-06-21T16:35:55,833+0200",visu_pars.VisuCreationDate,,,jrc190621_phantomMolli,phantom,jrc190621_phantomMolli,,Bruker BioSpec 7T,1532,DICOM regenerated by Dicomifier 2.5.3 (+ gjesus3 workarounds) from the ParaVision 2dseq before ingest,"phantom study (phantom / QC, Q2); phantom / QC study (Q2): no project, as July's jrc phantoms; MRI platform archive backup_7T_olddata_260824/2019_pv6/20190621_153242_jrc190621_phantomMolli_1_1.tar.gz (SHA-1 a39b73d9fb60ef77fe9fe158b82cb7d1e0ecc5b8); DICOM regenerated by Dicomifier 2.5.3 (+ gjesus3 workarounds) from the ParaVision 2dseq before ingest; operator pending claim (historical MRI, STATUS 0.5 Hold)"
20190624_102216_jrc190621_phantomMolli_1_2/1,"2019-06-24T10:31:05,389+0200",visu_pars.VisuCreationDate,,,jrc190621_phantomMolli,phantom,jrc190621_phantomMolli,,Bruker BioSpec 7T,1022,DICOM regenerated by Dicomifier 2.5.3 (+ gjesus3 workarounds) from the ParaVision 2dseq before ingest,"phantom study (phantom / QC, Q2); phantom / QC study (Q2): no project, as July's jrc phantoms; MRI platform archive backup_7T_olddata_260824/2019_pv6/20190624_102216_jrc190621_phantomMolli_1_2.tar.gz (SHA-1 d9660baa9558acc400f51c9c8e6c041dadf26bff); DICOM regenerated by Dicomifier 2.5.3 (+ gjesus3 workarounds) from the ParaVision 2dseq before ingest; operator pending claim (historical MRI, STATUS 0.5 Hold)"
20190624_102216_jrc190621_phantomMolli_1_2/2,"2019-06-24T10:58:45,171+0200",visu_pars.VisuCreationDate,,,jrc190621_phantomMolli,phantom,jrc190621_phantomMolli,,Bruker BioSpec 7T,1022,DICOM regenerated by Dicomifier 2.5.3 (+ gjesus3 workarounds) from the ParaVision 2dseq before ingest,"phantom study (phantom / QC, Q2); phantom / QC study (Q2): no project, as July's jrc phantoms; MRI platform archive backup_7T_olddata_260824/2019_pv6/20190624_102216_jrc190621_phantomMolli_1_2.tar.gz (SHA-1 d9660baa9558acc400f51c9c8e6c041dadf26bff); DICOM regenerated by Dicomifier 2.5.3 (+ gjesus3 workarounds) from the ParaVision 2dseq before ingest; operator pending claim (historical MRI, STATUS 0.5 Hold)"
20190624_102216_jrc190621_phantomMolli_1_2/3,"2019-06-24T11:06:08,809+0200",visu_pars.VisuCreationDate,,,jrc190621_phantomMolli,phantom,jrc190621_phantomMolli,,Bruker BioSpec 7T,1022,DICOM regenerated by Dicomifier 2.5.3 (+ gjesus3 workarounds) from the ParaVision 2dseq before ingest,"phantom study (phantom / QC, Q2); phantom / QC study (Q2): no project, as July's jrc phantoms; MRI platform archive backup_7T_olddata_260824/2019_pv6/20190624_102216_jrc190621_phantomMolli_1_2.tar.gz (SHA-1 d9660baa9558acc400f51c9c8e6c041dadf26bff); DICOM regenerated by Dicomifier 2.5.3 (+ gjesus3 workarounds) from the ParaVision 2dseq before ingest; operator pending claim (historical MRI, STATUS 0.5 Hold)"
20190624_102216_jrc190621_phantomMolli_1_2/10,"2019-06-24T11:11:36,751+0200",visu_pars.VisuCreationDate,,,jrc190621_phantomMolli,phantom,jrc190621_phantomMolli,,Bruker BioSpec 7T,1022,DICOM regenerated by Dicomifier 2.5.3 (+ gjesus3 workarounds) from the ParaVision 2dseq before ingest,"phantom study (phantom / QC, Q2); phantom / QC study (Q2): no project, as July's jrc phantoms; MRI platform archive backup_7T_olddata_260824/2019_pv6/20190624_102216_jrc190621_phantomMolli_1_2.tar.gz (SHA-1 d9660baa9558acc400f51c9c8e6c041dadf26bff); DICOM regenerated by Dicomifier 2.5.3 (+ gjesus3 workarounds) from the ParaVision 2dseq before ingest; operator pending claim (historical MRI, STATUS 0.5 Hold)"
20190624_102216_jrc190621_phantomMolli_1_2/12,"2019-06-24T11:14:13,018+0200",visu_pars.VisuCreationDate,,,jrc190621_phantomMolli,phantom,jrc190621_phantomMolli,,Bruker BioSpec 7T,1022,DICOM regenerated by Dicomifier 2.5.3 (+ gjesus3 workarounds) from the ParaVision 2dseq before ingest,"phantom study (phantom / QC, Q2); phantom / QC study (Q2): no project, as July's jrc phantoms; MRI platform archive backup_7T_olddata_260824/2019_pv6/20190624_102216_jrc190621_phantomMolli_1_2.tar.gz (SHA-1 d9660baa9558acc400f51c9c8e6c041dadf26bff); DICOM regenerated by Dicomifier 2.5.3 (+ gjesus3 workarounds) from the ParaVision 2dseq before ingest; operator pending claim (historical MRI, STATUS 0.5 Hold)"
20190624_102216_jrc190621_phantomMolli_1_2/13,"2019-06-24T11:18:36,766+0200",visu_pars.VisuCreationDate,,,jrc190621_phantomMolli,phantom,jrc190621_phantomMolli,,Bruker BioSpec 7T,1022,DICOM regenerated by Dicomifier 2.5.3 (+ gjesus3 workarounds) from the ParaVision 2dseq before ingest,"phantom study (phantom / QC, Q2); phantom / QC study (Q2): no project, as July's jrc phantoms; MRI platform archive backup_7T_olddata_260824/2019_pv6/20190624_102216_jrc190621_phantomMolli_1_2.tar.gz (SHA-1 d9660baa9558acc400f51c9c8e6c041dadf26bff); DICOM regenerated by Dicomifier 2.5.3 (+ gjesus3 workarounds) from the ParaVision 2dseq before ingest; operator pending claim (historical MRI, STATUS 0.5 Hold)"
20190624_102216_jrc190621_phantomMolli_1_2/17,"2019-06-24T11:29:37,531+0200",visu_pars.VisuCreationDate,,,jrc190621_phantomMolli,phantom,jrc190621_phantomMolli,,Bruker BioSpec 7T,1022,DICOM regenerated by Dicomifier 2.5.3 (+ gjesus3 workarounds) from the ParaVision 2dseq before ingest,"phantom study (phantom / QC, Q2); phantom / QC study (Q2): no project, as July's jrc phantoms; MRI platform archive backup_7T_olddata_260824/2019_pv6/20190624_102216_jrc190621_phantomMolli_1_2.tar.gz (SHA-1 d9660baa9558acc400f51c9c8e6c041dadf26bff); DICOM regenerated by Dicomifier 2.5.3 (+ gjesus3 workarounds) from the ParaVision 2dseq before ingest; operator pending claim (historical MRI, STATUS 0.5 Hold)"
20190624_102216_jrc190621_phantomMolli_1_2/18,"2019-06-24T11:32:37,382+0200",visu_pars.VisuCreationDate,,,jrc190621_phantomMolli,phantom,jrc190621_phantomMolli,,Bruker BioSpec 7T,1022,DICOM regenerated by Dicomifier 2.5.3 (+ gjesus3 workarounds) from the ParaVision 2dseq before ingest,"phantom study (phantom / QC, Q2); phantom / QC study (Q2): no project, as July's jrc phantoms; MRI platform archive backup_7T_olddata_260824/2019_pv6/20190624_102216_jrc190621_phantomMolli_1_2.tar.gz (SHA-1 d9660baa9558acc400f51c9c8e6c041dadf26bff); DICOM regenerated by Dicomifier 2.5.3 (+ gjesus3 workarounds) from the ParaVision 2dseq before ingest; operator pending claim (historical MRI, STATUS 0.5 Hold)"
20190624_102216_jrc190621_phantomMolli_1_2/19,"2019-06-24T11:37:33,479+0200",visu_pars.VisuCreationDate,,,jrc190621_phantomMolli,phantom,jrc190621_phantomMolli,,Bruker BioSpec 7T,1022,DICOM regenerated by Dicomifier 2.5.3 (+ gjesus3 workarounds) from the ParaVision 2dseq before ingest,"phantom study (phantom / QC, Q2); phantom / QC study (Q2): no project, as July's jrc phantoms; MRI platform archive backup_7T_olddata_260824/2019_pv6/20190624_102216_jrc190621_phantomMolli_1_2.tar.gz (SHA-1 d9660baa9558acc400f51c9c8e6c041dadf26bff); DICOM regenerated by Dicomifier 2.5.3 (+ gjesus3 workarounds) from the ParaVision 2dseq before ingest; operator pending claim (historical MRI, STATUS 0.5 Hold)"
20190624_102216_jrc190621_phantomMolli_1_2/20,"2019-06-24T11:41:21,605+0200",visu_pars.VisuCreationDate,,,jrc190621_phantomMolli,phantom,jrc190621_phantomMolli,,Bruker BioSpec 7T,1022,DICOM regenerated by Dicomifier 2.5.3 (+ gjesus3 workarounds) from the ParaVision 2dseq before ingest,"phantom study (phantom / QC, Q2); phantom / QC study (Q2): no project, as July's jrc phantoms; MRI platform archive backup_7T_olddata_260824/2019_pv6/20190624_102216_jrc190621_phantomMolli_1_2.tar.gz (SHA-1 d9660baa9558acc400f51c9c8e6c041dadf26bff); DICOM regenerated by Dicomifier 2.5.3 (+ gjesus3 workarounds) from the ParaVision 2dseq before ingest; operator pending claim (historical MRI, STATUS 0.5 Hold)"
20190624_102216_jrc190621_phantomMolli_1_2/21,"2019-06-24T12:06:36,950+0200",visu_pars.VisuCreationDate,,,jrc190621_phantomMolli,phantom,jrc190621_phantomMolli,,Bruker BioSpec 7T,1022,DICOM regenerated by Dicomifier 2.5.3 (+ gjesus3 workarounds) from the ParaVision 2dseq before ingest,"phantom study (phantom / QC, Q2); phantom / QC study (Q2): no project, as July's jrc phantoms; MRI platform archive backup_7T_olddata_260824/2019_pv6/20190624_102216_jrc190621_phantomMolli_1_2.tar.gz (SHA-1 d9660baa9558acc400f51c9c8e6c041dadf26bff); DICOM regenerated by Dicomifier 2.5.3 (+ gjesus3 workarounds) from the ParaVision 2dseq before ingest; operator pending claim (historical MRI, STATUS 0.5 Hold)"
20190624_102216_jrc190621_phantomMolli_1_2/22,"2019-06-24T12:10:34,338+0200",visu_pars.VisuCreationDate,,,jrc190621_phantomMolli,phantom,jrc190621_phantomMolli,,Bruker BioSpec 7T,1022,DICOM regenerated by Dicomifier 2.5.3 (+ gjesus3 workarounds) from the ParaVision 2dseq before ingest,"phantom study (phantom / QC, Q2); phantom / QC study (Q2): no project, as July's jrc phantoms; MRI platform archive backup_7T_olddata_260824/2019_pv6/20190624_102216_jrc190621_phantomMolli_1_2.tar.gz (SHA-1 d9660baa9558acc400f51c9c8e6c041dadf26bff); DICOM regenerated by Dicomifier 2.5.3 (+ gjesus3 workarounds) from the ParaVision 2dseq before ingest; operator pending claim (historical MRI, STATUS 0.5 Hold)"
20190624_122814_jrc190621_phantomMolli_1_3/1,"2019-06-24T12:34:57,986+0200",visu_pars.VisuCreationDate,,,jrc190621_phantomMolli,phantom,jrc190621_phantomMolli,,Bruker BioSpec 7T,1228,scanner-exported DICOM,"phantom study (phantom / QC, Q2); phantom / QC study (Q2): no project, as July's jrc phantoms; MRI platform archive backup_7T_olddata_260824/2019_pv6/20190624_122814_jrc190621_phantomMolli_1_3.tar.gz (SHA-1 d54540a1e07890a44747c23fdfbcbce9e068267e); scanner-exported DICOM; operator pending claim (historical MRI, STATUS 0.5 Hold)"
20190624_122814_jrc190621_phantomMolli_1_3/3,"2019-06-24T12:40:13,067+0200",visu_pars.VisuCreationDate,,,jrc190621_phantomMolli,phantom,jrc190621_phantomMolli,,Bruker BioSpec 7T,1228,scanner-exported DICOM,"phantom study (phantom / QC, Q2); phantom / QC study (Q2): no project, as July's jrc phantoms; MRI platform archive backup_7T_olddata_260824/2019_pv6/20190624_122814_jrc190621_phantomMolli_1_3.tar.gz (SHA-1 d54540a1e07890a44747c23fdfbcbce9e068267e); scanner-exported DICOM; operator pending claim (historical MRI, STATUS 0.5 Hold)"
20190624_122814_jrc190621_phantomMolli_1_3/7,"2019-06-24T14:29:35,260+0200",visu_pars.VisuCreationDate,,,jrc190621_phantomMolli,phantom,jrc190621_phantomMolli,,Bruker BioSpec 7T,1228,scanner-exported DICOM,"phantom study (phantom / QC, Q2); phantom / QC study (Q2): no project, as July's jrc phantoms; MRI platform archive backup_7T_olddata_260824/2019_pv6/20190624_122814_jrc190621_phantomMolli_1_3.tar.gz (SHA-1 d54540a1e07890a44747c23fdfbcbce9e068267e); scanner-exported DICOM; operator pending claim (historical MRI, STATUS 0.5 Hold)"
20190624_122814_jrc190621_phantomMolli_1_3/8,"2019-06-24T14:25:09,136+0200",visu_pars.VisuCreationDate,,,jrc190621_phantomMolli,phantom,jrc190621_phantomMolli,,Bruker BioSpec 7T,1228,scanner-exported DICOM,"phantom study (phantom / QC, Q2); phantom / QC study (Q2): no project, as July's jrc phantoms; MRI platform archive backup_7T_olddata_260824/2019_pv6/20190624_122814_jrc190621_phantomMolli_1_3.tar.gz (SHA-1 d54540a1e07890a44747c23fdfbcbce9e068267e); scanner-exported DICOM; operator pending claim (historical MRI, STATUS 0.5 Hold)"
20190624_122814_jrc190621_phantomMolli_1_3/9,"2019-06-24T13:46:05,029+0200",visu_pars.VisuCreationDate,,,jrc190621_phantomMolli,phantom,jrc190621_phantomMolli,,Bruker BioSpec 7T,1228,scanner-exported DICOM,"phantom study (phantom / QC, Q2); phantom / QC study (Q2): no project, as July's jrc phantoms; MRI platform archive backup_7T_olddata_260824/2019_pv6/20190624_122814_jrc190621_phantomMolli_1_3.tar.gz (SHA-1 d54540a1e07890a44747c23fdfbcbce9e068267e); scanner-exported DICOM; operator pending claim (historical MRI, STATUS 0.5 Hold)"
20190624_122814_jrc190621_phantomMolli_1_3/10,"2019-06-24T14:23:45,134+0200",visu_pars.VisuCreationDate,,,jrc190621_phantomMolli,phantom,jrc190621_phantomMolli,,Bruker BioSpec 7T,1228,scanner-exported DICOM,"phantom study (phantom / QC, Q2); phantom / QC study (Q2): no project, as July's jrc phantoms; MRI platform archive backup_7T_olddata_260824/2019_pv6/20190624_122814_jrc190621_phantomMolli_1_3.tar.gz (SHA-1 d54540a1e07890a44747c23fdfbcbce9e068267e); scanner-exported DICOM; operator pending claim (historical MRI, STATUS 0.5 Hold)"
20190624_122814_jrc190621_phantomMolli_1_3/11,"2019-06-24T14:55:48,026+0200",visu_pars.VisuCreationDate,,,jrc190621_phantomMolli,phantom,jrc190621_phantomMolli,,Bruker BioSpec 7T,1228,scanner-exported DICOM,"phantom study (phantom / QC, Q2); phantom / QC study (Q2): no project, as July's jrc phantoms; MRI platform archive backup_7T_olddata_260824/2019_pv6/20190624_122814_jrc190621_phantomMolli_1_3.tar.gz (SHA-1 d54540a1e07890a44747c23fdfbcbce9e068267e); scanner-exported DICOM; operator pending claim (historical MRI, STATUS 0.5 Hold)"
20190624_122814_jrc190621_phantomMolli_1_3/12,"2019-06-24T14:54:40,710+0200",visu_pars.VisuCreationDate,,,jrc190621_phantomMolli,phantom,jrc190621_phantomMolli,,Bruker BioSpec 7T,1228,scanner-exported DICOM,"phantom study (phantom / QC, Q2); phantom / QC study (Q2): no project, as July's jrc phantoms; MRI platform archive backup_7T_olddata_260824/2019_pv6/20190624_122814_jrc190621_phantomMolli_1_3.tar.gz (SHA-1 d54540a1e07890a44747c23fdfbcbce9e068267e); scanner-exported DICOM; operator pending claim (historical MRI, STATUS 0.5 Hold)"
20190624_122814_jrc190621_phantomMolli_1_3/13,"2019-06-24T14:58:19,391+0200",visu_pars.VisuCreationDate,,,jrc190621_phantomMolli,phantom,jrc190621_phantomMolli,,Bruker BioSpec 7T,1228,scanner-exported DICOM,"phantom study (phantom / QC, Q2); phantom / QC study (Q2): no project, as July's jrc phantoms; MRI platform archive backup_7T_olddata_260824/2019_pv6/20190624_122814_jrc190621_phantomMolli_1_3.tar.gz (SHA-1 d54540a1e07890a44747c23fdfbcbce9e068267e); scanner-exported DICOM; operator pending claim (historical MRI, STATUS 0.5 Hold)"
20190624_122814_jrc190621_phantomMolli_1_3/14,"2019-06-24T15:00:59,905+0200",visu_pars.VisuCreationDate,,,jrc190621_phantomMolli,phantom,jrc190621_phantomMolli,,Bruker BioSpec 7T,1228,scanner-exported DICOM,"phantom study (phantom / QC, Q2); phantom / QC study (Q2): no project, as July's jrc phantoms; MRI platform archive backup_7T_olddata_260824/2019_pv6/20190624_122814_jrc190621_phantomMolli_1_3.tar.gz (SHA-1 d54540a1e07890a44747c23fdfbcbce9e068267e); scanner-exported DICOM; operator pending claim (historical MRI, STATUS 0.5 Hold)"
20190730_143448_jrc190621_phantomMolli_1_8/1,"2019-07-30T14:41:53,818+0200",visu_pars.VisuCreationDate,,,jrc190621_phantomMolli,phantom,jrc190621_phantomMolli,,Bruker BioSpec 7T,1434,scanner-exported DICOM,"phantom study (phantom / QC, Q2); phantom / QC study (Q2): no project, as July's jrc phantoms; MRI platform archive backup_7T_olddata_260824/2019_pv6/20190730_143448_jrc190621_phantomMolli_1_8.tar.gz (SHA-1 7af73c107a8a2bb4fd8135494845e5978aa76d35); scanner-exported DICOM; operator pending claim (historical MRI, STATUS 0.5 Hold)"
20190730_143448_jrc190621_phantomMolli_1_8/2,"2019-07-30T14:43:46,527+0200",visu_pars.VisuCreationDate,,,jrc190621_phantomMolli,phantom,jrc190621_phantomMolli,,Bruker BioSpec 7T,1434,scanner-exported DICOM,"phantom study (phantom / QC, Q2); phantom / QC study (Q2): no project, as July's jrc phantoms; MRI platform archive backup_7T_olddata_260824/2019_pv6/20190730_143448_jrc190621_phantomMolli_1_8.tar.gz (SHA-1 7af73c107a8a2bb4fd8135494845e5978aa76d35); scanner-exported DICOM; operator pending claim (historical MRI, STATUS 0.5 Hold)"
20190730_143448_jrc190621_phantomMolli_1_8/3,"2019-07-30T15:07:23,381+0200",visu_pars.VisuCreationDate,,,jrc190621_phantomMolli,phantom,jrc190621_phantomMolli,,Bruker BioSpec 7T,1434,scanner-exported DICOM,"phantom study (phantom / QC, Q2); phantom / QC study (Q2): no project, as July's jrc phantoms; MRI platform archive backup_7T_olddata_260824/2019_pv6/20190730_143448_jrc190621_phantomMolli_1_8.tar.gz (SHA-1 7af73c107a8a2bb4fd8135494845e5978aa76d35); scanner-exported DICOM; operator pending claim (historical MRI, STATUS 0.5 Hold)"
20190730_143448_jrc190621_phantomMolli_1_8/4,"2019-07-30T15:18:00,711+0200",visu_pars.VisuCreationDate,,,jrc190621_phantomMolli,phantom,jrc190621_phantomMolli,,Bruker BioSpec 7T,1434,scanner-exported DICOM,"phantom study (phantom / QC, Q2); phantom / QC study (Q2): no project, as July's jrc phantoms; MRI platform archive backup_7T_olddata_260824/2019_pv6/20190730_143448_jrc190621_phantomMolli_1_8.tar.gz (SHA-1 7af73c107a8a2bb4fd8135494845e5978aa76d35); scanner-exported DICOM; operator pending claim (historical MRI, STATUS 0.5 Hold)"
20190730_143448_jrc190621_phantomMolli_1_8/5,"2019-07-30T15:19:12,244+0200",visu_pars.VisuCreationDate,,,jrc190621_phantomMolli,phantom,jrc190621_phantomMolli,,Bruker BioSpec 7T,1434,scanner-exported DICOM,"phantom study (phantom / QC, Q2); phantom / QC study (Q2): no project, as July's jrc phantoms; MRI platform archive backup_7T_olddata_260824/2019_pv6/20190730_143448_jrc190621_phantomMolli_1_8.tar.gz (SHA-1 7af73c107a8a2bb4fd8135494845e5978aa76d35); scanner-exported DICOM; operator pending claim (historical MRI, STATUS 0.5 Hold)"
20190730_143448_jrc190621_phantomMolli_1_8/6,"2019-07-30T15:26:29,549+0200",visu_pars.VisuCreationDate,,,jrc190621_phantomMolli,phantom,jrc190621_phantomMolli,,Bruker BioSpec 7T,1434,scanner-exported DICOM,"phantom study (phantom / QC, Q2); phantom / QC study (Q2): no project, as July's jrc phantoms; MRI platform archive backup_7T_olddata_260824/2019_pv6/20190730_143448_jrc190621_phantomMolli_1_8.tar.gz (SHA-1 7af73c107a8a2bb4fd8135494845e5978aa76d35); scanner-exported DICOM; operator pending claim (historical MRI, STATUS 0.5 Hold)"
20190730_143448_jrc190621_phantomMolli_1_8/7,"2019-07-30T15:29:23,181+0200",visu_pars.VisuCreationDate,,,jrc190621_phantomMolli,phantom,jrc190621_phantomMolli,,Bruker BioSpec 7T,1434,scanner-exported DICOM,"phantom study (phantom / QC, Q2); phantom / QC study (Q2): no project, as July's jrc phantoms; MRI platform archive backup_7T_olddata_260824/2019_pv6/20190730_143448_jrc190621_phantomMolli_1_8.tar.gz (SHA-1 7af73c107a8a2bb4fd8135494845e5978aa76d35); scanner-exported DICOM; operator pending claim (historical MRI, STATUS 0.5 Hold)"
20190730_143448_jrc190621_phantomMolli_1_8/8,"2019-07-30T15:35:15,795+0200",visu_pars.VisuCreationDate,,,jrc190621_phantomMolli,phantom,jrc190621_phantomMolli,,Bruker BioSpec 7T,1434,scanner-exported DICOM,"phantom study (phantom / QC, Q2); phantom / QC study (Q2): no project, as July's jrc phantoms; MRI platform archive backup_7T_olddata_260824/2019_pv6/20190730_143448_jrc190621_phantomMolli_1_8.tar.gz (SHA-1 7af73c107a8a2bb4fd8135494845e5978aa76d35); scanner-exported DICOM; operator pending claim (historical MRI, STATUS 0.5 Hold)"
20190730_143448_jrc190621_phantomMolli_1_8/9,"2019-07-30T15:36:09,775+0200",visu_pars.VisuCreationDate,,,jrc190621_phantomMolli,phantom,jrc190621_phantomMolli,,Bruker BioSpec 7T,1434,scanner-exported DICOM,"phantom study (phantom / QC, Q2); phantom / QC study (Q2): no project, as July's jrc phantoms; MRI platform archive backup_7T_olddata_260824/2019_pv6/20190730_143448_jrc190621_phantomMolli_1_8.tar.gz (SHA-1 7af73c107a8a2bb4fd8135494845e5978aa76d35); scanner-exported DICOM; operator pending claim (historical MRI, STATUS 0.5 Hold)"
20190730_143448_jrc190621_phantomMolli_1_8/10,"2019-07-30T15:37:46,315+0200",visu_pars.VisuCreationDate,,,jrc190621_phantomMolli,phantom,jrc190621_phantomMolli,,Bruker BioSpec 7T,1434,scanner-exported DICOM,"phantom study (phantom / QC, Q2); phantom / QC study (Q2): no project, as July's jrc phantoms; MRI platform archive backup_7T_olddata_260824/2019_pv6/20190730_143448_jrc190621_phantomMolli_1_8.tar.gz (SHA-1 7af73c107a8a2bb4fd8135494845e5978aa76d35); scanner-exported DICOM; operator pending claim (historical MRI, STATUS 0.5 Hold)"
20190730_143448_jrc190621_phantomMolli_1_8/11,"2019-07-30T15:39:31,799+0200",visu_pars.VisuCreationDate,,,jrc190621_phantomMolli,phantom,jrc190621_phantomMolli,,Bruker BioSpec 7T,1434,scanner-exported DICOM,"phantom study (phantom / QC, Q2); phantom / QC study (Q2): no project, as July's jrc phantoms; MRI platform archive backup_7T_olddata_260824/2019_pv6/20190730_143448_jrc190621_phantomMolli_1_8.tar.gz (SHA-1 7af73c107a8a2bb4fd8135494845e5978aa76d35); scanner-exported DICOM; operator pending claim (historical MRI, STATUS 0.5 Hold)"
20190730_143448_jrc190621_phantomMolli_1_8/12,"2019-07-30T15:40:19,044+0200",visu_pars.VisuCreationDate,,,jrc190621_phantomMolli,phantom,jrc190621_phantomMolli,,Bruker BioSpec 7T,1434,scanner-exported DICOM,"phantom study (phantom / QC, Q2); phantom / QC study (Q2): no project, as July's jrc phantoms; MRI platform archive backup_7T_olddata_260824/2019_pv6/20190730_143448_jrc190621_phantomMolli_1_8.tar.gz (SHA-1 7af73c107a8a2bb4fd8135494845e5978aa76d35); scanner-exported DICOM; operator pending claim (historical MRI, STATUS 0.5 Hold)"
20190730_143448_jrc190621_phantomMolli_1_8/13,"2019-07-30T15:41:00,359+0200",visu_pars.VisuCreationDate,,,jrc190621_phantomMolli,phantom,jrc190621_phantomMolli,,Bruker BioSpec 7T,1434,scanner-exported DICOM,"phantom study (phantom / QC, Q2); phantom / QC study (Q2): no project, as July's jrc phantoms; MRI platform archive backup_7T_olddata_260824/2019_pv6/20190730_143448_jrc190621_phantomMolli_1_8.tar.gz (SHA-1 7af73c107a8a2bb4fd8135494845e5978aa76d35); scanner-exported DICOM; operator pending claim (historical MRI, STATUS 0.5 Hold)"
20190730_143448_jrc190621_phantomMolli_1_8/14,"2019-07-30T15:49:05,275+0200",visu_pars.VisuCreationDate,,,jrc190621_phantomMolli,phantom,jrc190621_phantomMolli,,Bruker BioSpec 7T,1434,scanner-exported DICOM,"phantom study (phantom / QC, Q2); phantom / QC study (Q2): no project, as July's jrc phantoms; MRI platform archive backup_7T_olddata_260824/2019_pv6/20190730_143448_jrc190621_phantomMolli_1_8.tar.gz (SHA-1 7af73c107a8a2bb4fd8135494845e5978aa76d35); scanner-exported DICOM; operator pending claim (historical MRI, STATUS 0.5 Hold)"
20190730_143448_jrc190621_phantomMolli_1_8/15,"2019-07-30T15:50:04,221+0200",visu_pars.VisuCreationDate,,,jrc190621_phantomMolli,phantom,jrc190621_phantomMolli,,Bruker BioSpec 7T,1434,scanner-exported DICOM,"phantom study (phantom / QC, Q2); phantom / QC study (Q2): no project, as July's jrc phantoms; MRI platform archive backup_7T_olddata_260824/2019_pv6/20190730_143448_jrc190621_phantomMolli_1_8.tar.gz (SHA-1 7af73c107a8a2bb4fd8135494845e5978aa76d35); scanner-exported DICOM; operator pending claim (historical MRI, STATUS 0.5 Hold)"
20190730_143448_jrc190621_phantomMolli_1_8/16,"2019-07-30T15:51:33,328+0200",visu_pars.VisuCreationDate,,,jrc190621_phantomMolli,phantom,jrc190621_phantomMolli,,Bruker BioSpec 7T,1434,scanner-exported DICOM,"phantom study (phantom / QC, Q2); phantom / QC study (Q2): no project, as July's jrc phantoms; MRI platform archive backup_7T_olddata_260824/2019_pv6/20190730_143448_jrc190621_phantomMolli_1_8.tar.gz (SHA-1 7af73c107a8a2bb4fd8135494845e5978aa76d35); scanner-exported DICOM; operator pending claim (historical MRI, STATUS 0.5 Hold)"
20190730_143448_jrc190621_phantomMolli_1_8/17,"2019-07-30T15:53:08,131+0200",visu_pars.VisuCreationDate,,,jrc190621_phantomMolli,phantom,jrc190621_phantomMolli,,Bruker BioSpec 7T,1434,scanner-exported DICOM,"phantom study (phantom / QC, Q2); phantom / QC study (Q2): no project, as July's jrc phantoms; MRI platform archive backup_7T_olddata_260824/2019_pv6/20190730_143448_jrc190621_phantomMolli_1_8.tar.gz (SHA-1 7af73c107a8a2bb4fd8135494845e5978aa76d35); scanner-exported DICOM; operator pending claim (historical MRI, STATUS 0.5 Hold)"
20190730_143448_jrc190621_phantomMolli_1_8/18,"2019-07-30T15:55:44,917+0200",visu_pars.VisuCreationDate,,,jrc190621_phantomMolli,phantom,jrc190621_phantomMolli,,Bruker BioSpec 7T,1434,scanner-exported DICOM,"phantom study (phantom / QC, Q2); phantom / QC study (Q2): no project, as July's jrc phantoms; MRI platform archive backup_7T_olddata_260824/2019_pv6/20190730_143448_jrc190621_phantomMolli_1_8.tar.gz (SHA-1 7af73c107a8a2bb4fd8135494845e5978aa76d35); scanner-exported DICOM; operator pending claim (historical MRI, STATUS 0.5 Hold)"
20190730_143448_jrc190621_phantomMolli_1_8/19,"2019-07-30T15:56:41,606+0200",visu_pars.VisuCreationDate,,,jrc190621_phantomMolli,phantom,jrc190621_phantomMolli,,Bruker BioSpec 7T,1434,scanner-exported DICOM,"phantom study (phantom / QC, Q2); phantom / QC study (Q2): no project, as July's jrc phantoms; MRI platform archive backup_7T_olddata_260824/2019_pv6/20190730_143448_jrc190621_phantomMolli_1_8.tar.gz (SHA-1 7af73c107a8a2bb4fd8135494845e5978aa76d35); scanner-exported DICOM; operator pending claim (historical MRI, STATUS 0.5 Hold)"
20190730_143448_jrc190621_phantomMolli_1_8/20,"2019-07-30T15:57:54,846+0200",visu_pars.VisuCreationDate,,,jrc190621_phantomMolli,phantom,jrc190621_phantomMolli,,Bruker BioSpec 7T,1434,scanner-exported DICOM,"phantom study (phantom / QC, Q2); phantom / QC study (Q2): no project, as July's jrc phantoms; MRI platform archive backup_7T_olddata_260824/2019_pv6/20190730_143448_jrc190621_phantomMolli_1_8.tar.gz (SHA-1 7af73c107a8a2bb4fd8135494845e5978aa76d35); scanner-exported DICOM; operator pending claim (historical MRI, STATUS 0.5 Hold)"
20190730_143448_jrc190621_phantomMolli_1_8/21,"2019-07-30T15:58:46,736+0200",visu_pars.VisuCreationDate,,,jrc190621_phantomMolli,phantom,jrc190621_phantomMolli,,Bruker BioSpec 7T,1434,scanner-exported DICOM,"phantom study (phantom / QC, Q2); phantom / QC study (Q2): no project, as July's jrc phantoms; MRI platform archive backup_7T_olddata_260824/2019_pv6/20190730_143448_jrc190621_phantomMolli_1_8.tar.gz (SHA-1 7af73c107a8a2bb4fd8135494845e5978aa76d35); scanner-exported DICOM; operator pending claim (historical MRI, STATUS 0.5 Hold)"
20190730_143448_jrc190621_phantomMolli_1_8/22,"2019-07-30T16:39:49,729+0200",visu_pars.VisuCreationDate,,,jrc190621_phantomMolli,phantom,jrc190621_phantomMolli,,Bruker BioSpec 7T,1434,scanner-exported DICOM,"phantom study (phantom / QC, Q2); phantom / QC study (Q2): no project, as July's jrc phantoms; MRI platform archive backup_7T_olddata_260824/2019_pv6/20190730_143448_jrc190621_phantomMolli_1_8.tar.gz (SHA-1 7af73c107a8a2bb4fd8135494845e5978aa76d35); scanner-exported DICOM; operator pending claim (historical MRI, STATUS 0.5 Hold)"
20190805_132522_jrc190805_kktest_1_1/1,"2019-08-05T13:31:34,318+0200",visu_pars.VisuCreationDate,,,jrc190805_kktest,phantom,jrc190805_kktest,,Bruker BioSpec 7T,1325,DICOM regenerated by Dicomifier 2.5.3 (+ gjesus3 workarounds) from the ParaVision 2dseq before ingest,"phantom study (phantom / QC, Q2); phantom / QC study (Q2): no project, as July's jrc phantoms; MRI platform archive backup_7T_olddata_260824/2019_pv6/20190805_132522_jrc190805_kktest_1_1.tar.gz (SHA-1 fb646fe947da67efad77d8fc814fbcf78192fedc); DICOM regenerated by Dicomifier 2.5.3 (+ gjesus3 workarounds) from the ParaVision 2dseq before ingest; operator pending claim (historical MRI, STATUS 0.5 Hold)"
20190805_132522_jrc190805_kktest_1_1/2,"2019-08-05T13:34:38,648+0200",visu_pars.VisuCreationDate,,,jrc190805_kktest,phantom,jrc190805_kktest,,Bruker BioSpec 7T,1325,DICOM regenerated by Dicomifier 2.5.3 (+ gjesus3 workarounds) from the ParaVision 2dseq before ingest,"phantom study (phantom / QC, Q2); phantom / QC study (Q2): no project, as July's jrc phantoms; MRI platform archive backup_7T_olddata_260824/2019_pv6/20190805_132522_jrc190805_kktest_1_1.tar.gz (SHA-1 fb646fe947da67efad77d8fc814fbcf78192fedc); DICOM regenerated by Dicomifier 2.5.3 (+ gjesus3 workarounds) from the ParaVision 2dseq before ingest; operator pending claim (historical MRI, STATUS 0.5 Hold)"
20190805_132522_jrc190805_kktest_1_1/4,"2019-08-05T13:40:43,584+0200",visu_pars.VisuCreationDate,,,jrc190805_kktest,phantom,jrc190805_kktest,,Bruker BioSpec 7T,1325,DICOM regenerated by Dicomifier 2.5.3 (+ gjesus3 workarounds) from the ParaVision 2dseq before ingest,"phantom study (phantom / QC, Q2); phantom / QC study (Q2): no project, as July's jrc phantoms; MRI platform archive backup_7T_olddata_260824/2019_pv6/20190805_132522_jrc190805_kktest_1_1.tar.gz (SHA-1 fb646fe947da67efad77d8fc814fbcf78192fedc); DICOM regenerated by Dicomifier 2.5.3 (+ gjesus3 workarounds) from the ParaVision 2dseq before ingest; operator pending claim (historical MRI, STATUS 0.5 Hold)"
20190805_132522_jrc190805_kktest_1_1/5,"2019-08-05T13:41:46,273+0200",visu_pars.VisuCreationDate,,,jrc190805_kktest,phantom,jrc190805_kktest,,Bruker BioSpec 7T,1325,DICOM regenerated by Dicomifier 2.5.3 (+ gjesus3 workarounds) from the ParaVision 2dseq before ingest,"phantom study (phantom / QC, Q2); phantom / QC study (Q2): no project, as July's jrc phantoms; MRI platform archive backup_7T_olddata_260824/2019_pv6/20190805_132522_jrc190805_kktest_1_1.tar.gz (SHA-1 fb646fe947da67efad77d8fc814fbcf78192fedc); DICOM regenerated by Dicomifier 2.5.3 (+ gjesus3 workarounds) from the ParaVision 2dseq before ingest; operator pending claim (historical MRI, STATUS 0.5 Hold)"
20190828_150924_jrc190621_phantomMolli_1_9/1,"2019-08-28T15:16:13,158+0200",visu_pars.VisuCreationDate,,,jrc190621_phantomMolli,phantom,jrc190621_phantomMolli,,Bruker BioSpec 7T,1509,scanner-exported DICOM,"phantom study (phantom / QC, Q2); phantom / QC study (Q2): no project, as July's jrc phantoms; MRI platform archive backup_7T_olddata_260824/2019_pv6/20190828_150924_jrc190621_phantomMolli_1_9.tar.gz (SHA-1 190362f0a7c1e71ce3b7b1d58a270571609dbb69); scanner-exported DICOM; operator pending claim (historical MRI, STATUS 0.5 Hold)"
20190828_150924_jrc190621_phantomMolli_1_9/2,"2019-08-28T15:17:22,108+0200",visu_pars.VisuCreationDate,,,jrc190621_phantomMolli,phantom,jrc190621_phantomMolli,,Bruker BioSpec 7T,1509,scanner-exported DICOM,"phantom study (phantom / QC, Q2); phantom / QC study (Q2): no project, as July's jrc phantoms; MRI platform archive backup_7T_olddata_260824/2019_pv6/20190828_150924_jrc190621_phantomMolli_1_9.tar.gz (SHA-1 190362f0a7c1e71ce3b7b1d58a270571609dbb69); scanner-exported DICOM; operator pending claim (historical MRI, STATUS 0.5 Hold)"
20190828_150924_jrc190621_phantomMolli_1_9/3,"2019-08-28T15:21:45,171+0200",visu_pars.VisuCreationDate,,,jrc190621_phantomMolli,phantom,jrc190621_phantomMolli,,Bruker BioSpec 7T,1509,scanner-exported DICOM,"phantom study (phantom / QC, Q2); phantom / QC study (Q2): no project, as July's jrc phantoms; MRI platform archive backup_7T_olddata_260824/2019_pv6/20190828_150924_jrc190621_phantomMolli_1_9.tar.gz (SHA-1 190362f0a7c1e71ce3b7b1d58a270571609dbb69); scanner-exported DICOM; operator pending claim (historical MRI, STATUS 0.5 Hold)"
20190828_150924_jrc190621_phantomMolli_1_9/4,"2019-08-28T15:22:41,881+0200",visu_pars.VisuCreationDate,,,jrc190621_phantomMolli,phantom,jrc190621_phantomMolli,,Bruker BioSpec 7T,1509,scanner-exported DICOM,"phantom study (phantom / QC, Q2); phantom / QC study (Q2): no project, as July's jrc phantoms; MRI platform archive backup_7T_olddata_260824/2019_pv6/20190828_150924_jrc190621_phantomMolli_1_9.tar.gz (SHA-1 190362f0a7c1e71ce3b7b1d58a270571609dbb69); scanner-exported DICOM; operator pending claim (historical MRI, STATUS 0.5 Hold)"
20190828_150924_jrc190621_phantomMolli_1_9/5,"2019-08-28T15:23:38,923+0200",visu_pars.VisuCreationDate,,,jrc190621_phantomMolli,phantom,jrc190621_phantomMolli,,Bruker BioSpec 7T,1509,scanner-exported DICOM,"phantom study (phantom / QC, Q2); phantom / QC study (Q2): no project, as July's jrc phantoms; MRI platform archive backup_7T_olddata_260824/2019_pv6/20190828_150924_jrc190621_phantomMolli_1_9.tar.gz (SHA-1 190362f0a7c1e71ce3b7b1d58a270571609dbb69); scanner-exported DICOM; operator pending claim (historical MRI, STATUS 0.5 Hold)"
20190828_150924_jrc190621_phantomMolli_1_9/6,"2019-08-28T15:24:21,363+0200",visu_pars.VisuCreationDate,,,jrc190621_phantomMolli,phantom,jrc190621_phantomMolli,,Bruker BioSpec 7T,1509,scanner-exported DICOM,"phantom study (phantom / QC, Q2); phantom / QC study (Q2): no project, as July's jrc phantoms; MRI platform archive backup_7T_olddata_260824/2019_pv6/20190828_150924_jrc190621_phantomMolli_1_9.tar.gz (SHA-1 190362f0a7c1e71ce3b7b1d58a270571609dbb69); scanner-exported DICOM; operator pending claim (historical MRI, STATUS 0.5 Hold)"
20190828_150924_jrc190621_phantomMolli_1_9/7,"2019-08-28T15:25:03,124+0200",visu_pars.VisuCreationDate,,,jrc190621_phantomMolli,phantom,jrc190621_phantomMolli,,Bruker BioSpec 7T,1509,scanner-exported DICOM,"phantom study (phantom / QC, Q2); phantom / QC study (Q2): no project, as July's jrc phantoms; MRI platform archive backup_7T_olddata_260824/2019_pv6/20190828_150924_jrc190621_phantomMolli_1_9.tar.gz (SHA-1 190362f0a7c1e71ce3b7b1d58a270571609dbb69); scanner-exported DICOM; operator pending claim (historical MRI, STATUS 0.5 Hold)"
20190828_150924_jrc190621_phantomMolli_1_9/8,"2019-08-28T15:26:10,144+0200",visu_pars.VisuCreationDate,,,jrc190621_phantomMolli,phantom,jrc190621_phantomMolli,,Bruker BioSpec 7T,1509,scanner-exported DICOM,"phantom study (phantom / QC, Q2); phantom / QC study (Q2): no project, as July's jrc phantoms; MRI platform archive backup_7T_olddata_260824/2019_pv6/20190828_150924_jrc190621_phantomMolli_1_9.tar.gz (SHA-1 190362f0a7c1e71ce3b7b1d58a270571609dbb69); scanner-exported DICOM; operator pending claim (historical MRI, STATUS 0.5 Hold)"
20190828_150924_jrc190621_phantomMolli_1_9/9,"2019-08-28T15:29:22,622+0200",visu_pars.VisuCreationDate,,,jrc190621_phantomMolli,phantom,jrc190621_phantomMolli,,Bruker BioSpec 7T,1509,scanner-exported DICOM,"phantom study (phantom / QC, Q2); phantom / QC study (Q2): no project, as July's jrc phantoms; MRI platform archive backup_7T_olddata_260824/2019_pv6/20190828_150924_jrc190621_phantomMolli_1_9.tar.gz (SHA-1 190362f0a7c1e71ce3b7b1d58a270571609dbb69); scanner-exported DICOM; operator pending claim (historical MRI, STATUS 0.5 Hold)"
20190828_150924_jrc190621_phantomMolli_1_9/10,"2019-08-28T15:30:19,286+0200",visu_pars.VisuCreationDate,,,jrc190621_phantomMolli,phantom,jrc190621_phantomMolli,,Bruker BioSpec 7T,1509,scanner-exported DICOM,"phantom study (phantom / QC, Q2); phantom / QC study (Q2): no project, as July's jrc phantoms; MRI platform archive backup_7T_olddata_260824/2019_pv6/20190828_150924_jrc190621_phantomMolli_1_9.tar.gz (SHA-1 190362f0a7c1e71ce3b7b1d58a270571609dbb69); scanner-exported DICOM; operator pending claim (historical MRI, STATUS 0.5 Hold)"
20190828_150924_jrc190621_phantomMolli_1_9/11,"2019-08-28T15:31:15,940+0200",visu_pars.VisuCreationDate,,,jrc190621_phantomMolli,phantom,jrc190621_phantomMolli,,Bruker BioSpec 7T,1509,scanner-exported DICOM,"phantom study (phantom / QC, Q2); phantom / QC study (Q2): no project, as July's jrc phantoms; MRI platform archive backup_7T_olddata_260824/2019_pv6/20190828_150924_jrc190621_phantomMolli_1_9.tar.gz (SHA-1 190362f0a7c1e71ce3b7b1d58a270571609dbb69); scanner-exported DICOM; operator pending claim (historical MRI, STATUS 0.5 Hold)"
20190828_150924_jrc190621_phantomMolli_1_9/12,"2019-08-28T15:31:58,902+0200",visu_pars.VisuCreationDate,,,jrc190621_phantomMolli,phantom,jrc190621_phantomMolli,,Bruker BioSpec 7T,1509,scanner-exported DICOM,"phantom study (phantom / QC, Q2); phantom / QC study (Q2): no project, as July's jrc phantoms; MRI platform archive backup_7T_olddata_260824/2019_pv6/20190828_150924_jrc190621_phantomMolli_1_9.tar.gz (SHA-1 190362f0a7c1e71ce3b7b1d58a270571609dbb69); scanner-exported DICOM; operator pending claim (historical MRI, STATUS 0.5 Hold)"
20190828_150924_jrc190621_phantomMolli_1_9/13,"2019-08-28T15:32:40,779+0200",visu_pars.VisuCreationDate,,,jrc190621_phantomMolli,phantom,jrc190621_phantomMolli,,Bruker BioSpec 7T,1509,scanner-exported DICOM,"phantom study (phantom / QC, Q2); phantom / QC study (Q2): no project, as July's jrc phantoms; MRI platform archive backup_7T_olddata_260824/2019_pv6/20190828_150924_jrc190621_phantomMolli_1_9.tar.gz (SHA-1 190362f0a7c1e71ce3b7b1d58a270571609dbb69); scanner-exported DICOM; operator pending claim (historical MRI, STATUS 0.5 Hold)"
20190828_150924_jrc190621_phantomMolli_1_9/14,"2019-08-28T15:33:42,476+0200",visu_pars.VisuCreationDate,,,jrc190621_phantomMolli,phantom,jrc190621_phantomMolli,,Bruker BioSpec 7T,1509,scanner-exported DICOM,"phantom study (phantom / QC, Q2); phantom / QC study (Q2): no project, as July's jrc phantoms; MRI platform archive backup_7T_olddata_260824/2019_pv6/20190828_150924_jrc190621_phantomMolli_1_9.tar.gz (SHA-1 190362f0a7c1e71ce3b7b1d58a270571609dbb69); scanner-exported DICOM; operator pending claim (historical MRI, STATUS 0.5 Hold)"
20190828_150924_jrc190621_phantomMolli_1_9/15,"2019-08-28T15:36:35,163+0200",visu_pars.VisuCreationDate,,,jrc190621_phantomMolli,phantom,jrc190621_phantomMolli,,Bruker BioSpec 7T,1509,scanner-exported DICOM,"phantom study (phantom / QC, Q2); phantom / QC study (Q2): no project, as July's jrc phantoms; MRI platform archive backup_7T_olddata_260824/2019_pv6/20190828_150924_jrc190621_phantomMolli_1_9.tar.gz (SHA-1 190362f0a7c1e71ce3b7b1d58a270571609dbb69); scanner-exported DICOM; operator pending claim (historical MRI, STATUS 0.5 Hold)"
20190828_150924_jrc190621_phantomMolli_1_9/16,"2019-08-28T15:37:45,076+0200",visu_pars.VisuCreationDate,,,jrc190621_phantomMolli,phantom,jrc190621_phantomMolli,,Bruker BioSpec 7T,1509,scanner-exported DICOM,"phantom study (phantom / QC, Q2); phantom / QC study (Q2): no project, as July's jrc phantoms; MRI platform archive backup_7T_olddata_260824/2019_pv6/20190828_150924_jrc190621_phantomMolli_1_9.tar.gz (SHA-1 190362f0a7c1e71ce3b7b1d58a270571609dbb69); scanner-exported DICOM; operator pending claim (historical MRI, STATUS 0.5 Hold)"
20190828_150924_jrc190621_phantomMolli_1_9/17,"2019-08-28T15:38:41,731+0200",visu_pars.VisuCreationDate,,,jrc190621_phantomMolli,phantom,jrc190621_phantomMolli,,Bruker BioSpec 7T,1509,scanner-exported DICOM,"phantom study (phantom / QC, Q2); phantom / QC study (Q2): no project, as July's jrc phantoms; MRI platform archive backup_7T_olddata_260824/2019_pv6/20190828_150924_jrc190621_phantomMolli_1_9.tar.gz (SHA-1 190362f0a7c1e71ce3b7b1d58a270571609dbb69); scanner-exported DICOM; operator pending claim (historical MRI, STATUS 0.5 Hold)"
20190828_150924_jrc190621_phantomMolli_1_9/18,"2019-08-28T15:39:24,391+0200",visu_pars.VisuCreationDate,,,jrc190621_phantomMolli,phantom,jrc190621_phantomMolli,,Bruker BioSpec 7T,1509,scanner-exported DICOM,"phantom study (phantom / QC, Q2); phantom / QC study (Q2): no project, as July's jrc phantoms; MRI platform archive backup_7T_olddata_260824/2019_pv6/20190828_150924_jrc190621_phantomMolli_1_9.tar.gz (SHA-1 190362f0a7c1e71ce3b7b1d58a270571609dbb69); scanner-exported DICOM; operator pending claim (historical MRI, STATUS 0.5 Hold)"
20190828_150924_jrc190621_phantomMolli_1_9/19,"2019-08-28T15:40:05,937+0200",visu_pars.VisuCreationDate,,,jrc190621_phantomMolli,phantom,jrc190621_phantomMolli,,Bruker BioSpec 7T,1509,scanner-exported DICOM,"phantom study (phantom / QC, Q2); phantom / QC study (Q2): no project, as July's jrc phantoms; MRI platform archive backup_7T_olddata_260824/2019_pv6/20190828_150924_jrc190621_phantomMolli_1_9.tar.gz (SHA-1 190362f0a7c1e71ce3b7b1d58a270571609dbb69); scanner-exported DICOM; operator pending claim (historical MRI, STATUS 0.5 Hold)"
20190828_150924_jrc190621_phantomMolli_1_9/20,"2019-08-28T15:41:07,672+0200",visu_pars.VisuCreationDate,,,jrc190621_phantomMolli,phantom,jrc190621_phantomMolli,,Bruker BioSpec 7T,1509,scanner-exported DICOM,"phantom study (phantom / QC, Q2); phantom / QC study (Q2): no project, as July's jrc phantoms; MRI platform archive backup_7T_olddata_260824/2019_pv6/20190828_150924_jrc190621_phantomMolli_1_9.tar.gz (SHA-1 190362f0a7c1e71ce3b7b1d58a270571609dbb69); scanner-exported DICOM; operator pending claim (historical MRI, STATUS 0.5 Hold)"
20190828_150924_jrc190621_phantomMolli_1_9/21,"2019-08-28T16:18:45,410+0200",visu_pars.VisuCreationDate,,,jrc190621_phantomMolli,phantom,jrc190621_phantomMolli,,Bruker BioSpec 7T,1509,scanner-exported DICOM,"phantom study (phantom / QC, Q2); phantom / QC study (Q2): no project, as July's jrc phantoms; MRI platform archive backup_7T_olddata_260824/2019_pv6/20190828_150924_jrc190621_phantomMolli_1_9.tar.gz (SHA-1 190362f0a7c1e71ce3b7b1d58a270571609dbb69); scanner-exported DICOM; operator pending claim (historical MRI, STATUS 0.5 Hold)"
20190905_161445_jrc190905_phantoms_1_1/1,"2019-09-05T16:24:05,191+0200",visu_pars.VisuCreationDate,,,jrc190905_phantoms,phantom,jrc190905_phantoms,,Bruker BioSpec 7T,1614,scanner-exported DICOM,"phantom study (phantom / QC, Q2); phantom / QC study (Q2): no project, as July's jrc phantoms; MRI platform archive backup_7T_olddata_260824/2019_pv6/20190905_161445_jrc190905_phantoms_1_1.tar.gz (SHA-1 a6858471cf440d9ddf468264e3fab7371bc0fb62); scanner-exported DICOM; operator pending claim (historical MRI, STATUS 0.5 Hold)"
20190905_161445_jrc190905_phantoms_1_1/2,"2019-09-05T16:28:32,351+0200",visu_pars.VisuCreationDate,,,jrc190905_phantoms,phantom,jrc190905_phantoms,,Bruker BioSpec 7T,1614,scanner-exported DICOM,"phantom study (phantom / QC, Q2); phantom / QC study (Q2): no project, as July's jrc phantoms; MRI platform archive backup_7T_olddata_260824/2019_pv6/20190905_161445_jrc190905_phantoms_1_1.tar.gz (SHA-1 a6858471cf440d9ddf468264e3fab7371bc0fb62); scanner-exported DICOM; operator pending claim (historical MRI, STATUS 0.5 Hold)"
20190905_161445_jrc190905_phantoms_1_1/3,"2019-09-05T16:32:25,199+0200",visu_pars.VisuCreationDate,,,jrc190905_phantoms,phantom,jrc190905_phantoms,,Bruker BioSpec 7T,1614,scanner-exported DICOM,"phantom study (phantom / QC, Q2); phantom / QC study (Q2): no project, as July's jrc phantoms; MRI platform archive backup_7T_olddata_260824/2019_pv6/20190905_161445_jrc190905_phantoms_1_1.tar.gz (SHA-1 a6858471cf440d9ddf468264e3fab7371bc0fb62); scanner-exported DICOM; operator pending claim (historical MRI, STATUS 0.5 Hold)"
20190905_161445_jrc190905_phantoms_1_1/4,"2019-09-05T16:36:24,115+0200",visu_pars.VisuCreationDate,,,jrc190905_phantoms,phantom,jrc190905_phantoms,,Bruker BioSpec 7T,1614,scanner-exported DICOM,"phantom study (phantom / QC, Q2); phantom / QC study (Q2): no project, as July's jrc phantoms; MRI platform archive backup_7T_olddata_260824/2019_pv6/20190905_161445_jrc190905_phantoms_1_1.tar.gz (SHA-1 a6858471cf440d9ddf468264e3fab7371bc0fb62); scanner-exported DICOM; operator pending claim (historical MRI, STATUS 0.5 Hold)"
20190905_161445_jrc190905_phantoms_1_1/5,"2019-09-05T16:38:36,870+0200",visu_pars.VisuCreationDate,,,jrc190905_phantoms,phantom,jrc190905_phantoms,,Bruker BioSpec 7T,1614,scanner-exported DICOM,"phantom study (phantom / QC, Q2); phantom / QC study (Q2): no project, as July's jrc phantoms; MRI platform archive backup_7T_olddata_260824/2019_pv6/20190905_161445_jrc190905_phantoms_1_1.tar.gz (SHA-1 a6858471cf440d9ddf468264e3fab7371bc0fb62); scanner-exported DICOM; operator pending claim (historical MRI, STATUS 0.5 Hold)"
20190905_161445_jrc190905_phantoms_1_1/6,"2019-09-05T16:47:49,507+0200",visu_pars.VisuCreationDate,,,jrc190905_phantoms,phantom,jrc190905_phantoms,,Bruker BioSpec 7T,1614,scanner-exported DICOM,"phantom study (phantom / QC, Q2); phantom / QC study (Q2): no project, as July's jrc phantoms; MRI platform archive backup_7T_olddata_260824/2019_pv6/20190905_161445_jrc190905_phantoms_1_1.tar.gz (SHA-1 a6858471cf440d9ddf468264e3fab7371bc0fb62); scanner-exported DICOM; operator pending claim (historical MRI, STATUS 0.5 Hold)"
20190905_161445_jrc190905_phantoms_1_1/7,"2019-09-05T16:50:02,105+0200",visu_pars.VisuCreationDate,,,jrc190905_phantoms,phantom,jrc190905_phantoms,,Bruker BioSpec 7T,1614,scanner-exported DICOM,"phantom study (phantom / QC, Q2); phantom / QC study (Q2): no project, as July's jrc phantoms; MRI platform archive backup_7T_olddata_260824/2019_pv6/20190905_161445_jrc190905_phantoms_1_1.tar.gz (SHA-1 a6858471cf440d9ddf468264e3fab7371bc0fb62); scanner-exported DICOM; operator pending claim (historical MRI, STATUS 0.5 Hold)"
20190905_161445_jrc190905_phantoms_1_1/10,"2019-09-06T07:02:48,478+0200",visu_pars.VisuCreationDate,,,jrc190905_phantoms,phantom,jrc190905_phantoms,,Bruker BioSpec 7T,1614,scanner-exported DICOM,"phantom study (phantom / QC, Q2); phantom / QC study (Q2): no project, as July's jrc phantoms; MRI platform archive backup_7T_olddata_260824/2019_pv6/20190905_161445_jrc190905_phantoms_1_1.tar.gz (SHA-1 a6858471cf440d9ddf468264e3fab7371bc0fb62); scanner-exported DICOM; operator pending claim (historical MRI, STATUS 0.5 Hold)"
20190905_161445_jrc190905_phantoms_1_1/11,"2019-09-06T06:59:40,084+0200",visu_pars.VisuCreationDate,,,jrc190905_phantoms,phantom,jrc190905_phantoms,,Bruker BioSpec 7T,1614,scanner-exported DICOM,"phantom study (phantom / QC, Q2); phantom / QC study (Q2): no project, as July's jrc phantoms; MRI platform archive backup_7T_olddata_260824/2019_pv6/20190905_161445_jrc190905_phantoms_1_1.tar.gz (SHA-1 a6858471cf440d9ddf468264e3fab7371bc0fb62); scanner-exported DICOM; operator pending claim (historical MRI, STATUS 0.5 Hold)"
20190905_161445_jrc190905_phantoms_1_1/12,"2019-09-06T09:53:57,647+0200",visu_pars.VisuCreationDate,,,jrc190905_phantoms,phantom,jrc190905_phantoms,,Bruker BioSpec 7T,1614,scanner-exported DICOM,"phantom study (phantom / QC, Q2); phantom / QC study (Q2): no project, as July's jrc phantoms; MRI platform archive backup_7T_olddata_260824/2019_pv6/20190905_161445_jrc190905_phantoms_1_1.tar.gz (SHA-1 a6858471cf440d9ddf468264e3fab7371bc0fb62); scanner-exported DICOM; operator pending claim (historical MRI, STATUS 0.5 Hold)"
20190905_161445_jrc190905_phantoms_1_1/13,"2019-09-06T14:01:47,822+0200",visu_pars.VisuCreationDate,,,jrc190905_phantoms,phantom,jrc190905_phantoms,,Bruker BioSpec 7T,1614,scanner-exported DICOM,"phantom study (phantom / QC, Q2); phantom / QC study (Q2): no project, as July's jrc phantoms; MRI platform archive backup_7T_olddata_260824/2019_pv6/20190905_161445_jrc190905_phantoms_1_1.tar.gz (SHA-1 a6858471cf440d9ddf468264e3fab7371bc0fb62); scanner-exported DICOM; operator pending claim (historical MRI, STATUS 0.5 Hold)"
20190905_161445_jrc190905_phantoms_1_1/15,"2019-09-06T19:10:25,290+0200",visu_pars.VisuCreationDate,,,jrc190905_phantoms,phantom,jrc190905_phantoms,,Bruker BioSpec 7T,1614,scanner-exported DICOM,"phantom study (phantom / QC, Q2); phantom / QC study (Q2): no project, as July's jrc phantoms; MRI platform archive backup_7T_olddata_260824/2019_pv6/20190905_161445_jrc190905_phantoms_1_1.tar.gz (SHA-1 a6858471cf440d9ddf468264e3fab7371bc0fb62); scanner-exported DICOM; operator pending claim (historical MRI, STATUS 0.5 Hold)"
20190905_161445_jrc190905_phantoms_1_1/18,"2019-09-06T14:18:08,337+0200",visu_pars.VisuCreationDate,,,jrc190905_phantoms,phantom,jrc190905_phantoms,,Bruker BioSpec 7T,1614,scanner-exported DICOM,"phantom study (phantom / QC, Q2); phantom / QC study (Q2): no project, as July's jrc phantoms; MRI platform archive backup_7T_olddata_260824/2019_pv6/20190905_161445_jrc190905_phantoms_1_1.tar.gz (SHA-1 a6858471cf440d9ddf468264e3fab7371bc0fb62); scanner-exported DICOM; operator pending claim (historical MRI, STATUS 0.5 Hold)"
20190905_161445_jrc190905_phantoms_1_1/19,"2019-09-06T15:02:33,640+0200",visu_pars.VisuCreationDate,,,jrc190905_phantoms,phantom,jrc190905_phantoms,,Bruker BioSpec 7T,1614,scanner-exported DICOM,"phantom study (phantom / QC, Q2); phantom / QC study (Q2): no project, as July's jrc phantoms; MRI platform archive backup_7T_olddata_260824/2019_pv6/20190905_161445_jrc190905_phantoms_1_1.tar.gz (SHA-1 a6858471cf440d9ddf468264e3fab7371bc0fb62); scanner-exported DICOM; operator pending claim (historical MRI, STATUS 0.5 Hold)"
20190925_124943_jrc190621_phantomMolli_1_10/2,"2019-09-25T13:11:35,722+0200",visu_pars.VisuCreationDate,,,jrc190621_phantomMolli,phantom,jrc190621_phantomMolli,,Bruker BioSpec 7T,1249,DICOM regenerated by Dicomifier 2.5.3 (+ gjesus3 workarounds) from the ParaVision 2dseq before ingest,"phantom study (phantom / QC, Q2); phantom / QC study (Q2): no project, as July's jrc phantoms; MRI platform archive backup_7T_olddata_260824/2019_pv6/20190925_124943_jrc190621_phantomMolli_1_10.tar.gz (SHA-1 347083474896c1ac32c772f6b76aad4f2ab86803); DICOM regenerated by Dicomifier 2.5.3 (+ gjesus3 workarounds) from the ParaVision 2dseq before ingest; operator pending claim (historical MRI, STATUS 0.5 Hold)"
20190925_124943_jrc190621_phantomMolli_1_10/4,"2019-09-25T13:40:43,457+0200",visu_pars.VisuCreationDate,,,jrc190621_phantomMolli,phantom,jrc190621_phantomMolli,,Bruker BioSpec 7T,1249,DICOM regenerated by Dicomifier 2.5.3 (+ gjesus3 workarounds) from the ParaVision 2dseq before ingest,"phantom study (phantom / QC, Q2); phantom / QC study (Q2): no project, as July's jrc phantoms; MRI platform archive backup_7T_olddata_260824/2019_pv6/20190925_124943_jrc190621_phantomMolli_1_10.tar.gz (SHA-1 347083474896c1ac32c772f6b76aad4f2ab86803); DICOM regenerated by Dicomifier 2.5.3 (+ gjesus3 workarounds) from the ParaVision 2dseq before ingest; operator pending claim (historical MRI, STATUS 0.5 Hold)"
20190925_124943_jrc190621_phantomMolli_1_10/7,"2019-09-25T14:55:48,447+0200",visu_pars.VisuCreationDate,,,jrc190621_phantomMolli,phantom,jrc190621_phantomMolli,,Bruker BioSpec 7T,1249,DICOM regenerated by Dicomifier 2.5.3 (+ gjesus3 workarounds) from the ParaVision 2dseq before ingest,"phantom study (phantom / QC, Q2); phantom / QC study (Q2): no project, as July's jrc phantoms; MRI platform archive backup_7T_olddata_260824/2019_pv6/20190925_124943_jrc190621_phantomMolli_1_10.tar.gz (SHA-1 347083474896c1ac32c772f6b76aad4f2ab86803); DICOM regenerated by Dicomifier 2.5.3 (+ gjesus3 workarounds) from the ParaVision 2dseq before ingest; operator pending claim (historical MRI, STATUS 0.5 Hold)"
20190925_124943_jrc190621_phantomMolli_1_10/8,"2019-09-25T14:58:17,935+0200",visu_pars.VisuCreationDate,,,jrc190621_phantomMolli,phantom,jrc190621_phantomMolli,,Bruker BioSpec 7T,1249,DICOM regenerated by Dicomifier 2.5.3 (+ gjesus3 workarounds) from the ParaVision 2dseq before ingest,"phantom study (phantom / QC, Q2); phantom / QC study (Q2): no project, as July's jrc phantoms; MRI platform archive backup_7T_olddata_260824/2019_pv6/20190925_124943_jrc190621_phantomMolli_1_10.tar.gz (SHA-1 347083474896c1ac32c772f6b76aad4f2ab86803); DICOM regenerated by Dicomifier 2.5.3 (+ gjesus3 workarounds) from the ParaVision 2dseq before ingest; operator pending claim (historical MRI, STATUS 0.5 Hold)"
20190925_124943_jrc190621_phantomMolli_1_10/12,"2019-09-25T15:29:02,297+0200",visu_pars.VisuCreationDate,,,jrc190621_phantomMolli,phantom,jrc190621_phantomMolli,,Bruker BioSpec 7T,1249,DICOM regenerated by Dicomifier 2.5.3 (+ gjesus3 workarounds) from the ParaVision 2dseq before ingest,"phantom study (phantom / QC, Q2); phantom / QC study (Q2): no project, as July's jrc phantoms; MRI platform archive backup_7T_olddata_260824/2019_pv6/20190925_124943_jrc190621_phantomMolli_1_10.tar.gz (SHA-1 347083474896c1ac32c772f6b76aad4f2ab86803); DICOM regenerated by Dicomifier 2.5.3 (+ gjesus3 workarounds) from the ParaVision 2dseq before ingest; operator pending claim (historical MRI, STATUS 0.5 Hold)"
20190925_124943_jrc190621_phantomMolli_1_10/13,"2019-09-25T15:30:18,833+0200",visu_pars.VisuCreationDate,,,jrc190621_phantomMolli,phantom,jrc190621_phantomMolli,,Bruker BioSpec 7T,1249,DICOM regenerated by Dicomifier 2.5.3 (+ gjesus3 workarounds) from the ParaVision 2dseq before ingest,"phantom study (phantom / QC, Q2); phantom / QC study (Q2): no project, as July's jrc phantoms; MRI platform archive backup_7T_olddata_260824/2019_pv6/20190925_124943_jrc190621_phantomMolli_1_10.tar.gz (SHA-1 347083474896c1ac32c772f6b76aad4f2ab86803); DICOM regenerated by Dicomifier 2.5.3 (+ gjesus3 workarounds) from the ParaVision 2dseq before ingest; operator pending claim (historical MRI, STATUS 0.5 Hold)"
20190925_124943_jrc190621_phantomMolli_1_10/14,"2019-09-25T15:31:17,697+0200",visu_pars.VisuCreationDate,,,jrc190621_phantomMolli,phantom,jrc190621_phantomMolli,,Bruker BioSpec 7T,1249,DICOM regenerated by Dicomifier 2.5.3 (+ gjesus3 workarounds) from the ParaVision 2dseq before ingest,"phantom study (phantom / QC, Q2); phantom / QC study (Q2): no project, as July's jrc phantoms; MRI platform archive backup_7T_olddata_260824/2019_pv6/20190925_124943_jrc190621_phantomMolli_1_10.tar.gz (SHA-1 347083474896c1ac32c772f6b76aad4f2ab86803); DICOM regenerated by Dicomifier 2.5.3 (+ gjesus3 workarounds) from the ParaVision 2dseq before ingest; operator pending claim (historical MRI, STATUS 0.5 Hold)"
20190925_124943_jrc190621_phantomMolli_1_10/15,"2019-09-25T15:32:00,681+0200",visu_pars.VisuCreationDate,,,jrc190621_phantomMolli,phantom,jrc190621_phantomMolli,,Bruker BioSpec 7T,1249,DICOM regenerated by Dicomifier 2.5.3 (+ gjesus3 workarounds) from the ParaVision 2dseq before ingest,"phantom study (phantom / QC, Q2); phantom / QC study (Q2): no project, as July's jrc phantoms; MRI platform archive backup_7T_olddata_260824/2019_pv6/20190925_124943_jrc190621_phantomMolli_1_10.tar.gz (SHA-1 347083474896c1ac32c772f6b76aad4f2ab86803); DICOM regenerated by Dicomifier 2.5.3 (+ gjesus3 workarounds) from the ParaVision 2dseq before ingest; operator pending claim (historical MRI, STATUS 0.5 Hold)"
20190925_124943_jrc190621_phantomMolli_1_10/16,"2019-09-25T15:32:43,602+0200",visu_pars.VisuCreationDate,,,jrc190621_phantomMolli,phantom,jrc190621_phantomMolli,,Bruker BioSpec 7T,1249,DICOM regenerated by Dicomifier 2.5.3 (+ gjesus3 workarounds) from the ParaVision 2dseq before ingest,"phantom study (phantom / QC, Q2); phantom / QC study (Q2): no project, as July's jrc phantoms; MRI platform archive backup_7T_olddata_260824/2019_pv6/20190925_124943_jrc190621_phantomMolli_1_10.tar.gz (SHA-1 347083474896c1ac32c772f6b76aad4f2ab86803); DICOM regenerated by Dicomifier 2.5.3 (+ gjesus3 workarounds) from the ParaVision 2dseq before ingest; operator pending claim (historical MRI, STATUS 0.5 Hold)"
20190925_124943_jrc190621_phantomMolli_1_10/17,"2019-09-25T15:33:46,835+0200",visu_pars.VisuCreationDate,,,jrc190621_phantomMolli,phantom,jrc190621_phantomMolli,,Bruker BioSpec 7T,1249,DICOM regenerated by Dicomifier 2.5.3 (+ gjesus3 workarounds) from the ParaVision 2dseq before ingest,"phantom study (phantom / QC, Q2); phantom / QC study (Q2): no project, as July's jrc phantoms; MRI platform archive backup_7T_olddata_260824/2019_pv6/20190925_124943_jrc190621_phantomMolli_1_10.tar.gz (SHA-1 347083474896c1ac32c772f6b76aad4f2ab86803); DICOM regenerated by Dicomifier 2.5.3 (+ gjesus3 workarounds) from the ParaVision 2dseq before ingest; operator pending claim (historical MRI, STATUS 0.5 Hold)"
20190925_124943_jrc190621_phantomMolli_1_10/18,"2019-09-25T16:02:21,180+0200",visu_pars.VisuCreationDate,,,jrc190621_phantomMolli,phantom,jrc190621_phantomMolli,,Bruker BioSpec 7T,1249,DICOM regenerated by Dicomifier 2.5.3 (+ gjesus3 workarounds) from the ParaVision 2dseq before ingest,"phantom study (phantom / QC, Q2); phantom / QC study (Q2): no project, as July's jrc phantoms; MRI platform archive backup_7T_olddata_260824/2019_pv6/20190925_124943_jrc190621_phantomMolli_1_10.tar.gz (SHA-1 347083474896c1ac32c772f6b76aad4f2ab86803); DICOM regenerated by Dicomifier 2.5.3 (+ gjesus3 workarounds) from the ParaVision 2dseq before ingest; operator pending claim (historical MRI, STATUS 0.5 Hold)"
20190925_124943_jrc190621_phantomMolli_1_10/19,"2019-09-25T16:03:40,747+0200",visu_pars.VisuCreationDate,,,jrc190621_phantomMolli,phantom,jrc190621_phantomMolli,,Bruker BioSpec 7T,1249,DICOM regenerated by Dicomifier 2.5.3 (+ gjesus3 workarounds) from the ParaVision 2dseq before ingest,"phantom study (phantom / QC, Q2); phantom / QC study (Q2): no project, as July's jrc phantoms; MRI platform archive backup_7T_olddata_260824/2019_pv6/20190925_124943_jrc190621_phantomMolli_1_10.tar.gz (SHA-1 347083474896c1ac32c772f6b76aad4f2ab86803); DICOM regenerated by Dicomifier 2.5.3 (+ gjesus3 workarounds) from the ParaVision 2dseq before ingest; operator pending claim (historical MRI, STATUS 0.5 Hold)"
20190925_124943_jrc190621_phantomMolli_1_10/20,"2019-09-25T16:06:22,151+0200",visu_pars.VisuCreationDate,,,jrc190621_phantomMolli,phantom,jrc190621_phantomMolli,,Bruker BioSpec 7T,1249,DICOM regenerated by Dicomifier 2.5.3 (+ gjesus3 workarounds) from the ParaVision 2dseq before ingest,"phantom study (phantom / QC, Q2); phantom / QC study (Q2): no project, as July's jrc phantoms; MRI platform archive backup_7T_olddata_260824/2019_pv6/20190925_124943_jrc190621_phantomMolli_1_10.tar.gz (SHA-1 347083474896c1ac32c772f6b76aad4f2ab86803); DICOM regenerated by Dicomifier 2.5.3 (+ gjesus3 workarounds) from the ParaVision 2dseq before ingest; operator pending claim (historical MRI, STATUS 0.5 Hold)"
20190925_124943_jrc190621_phantomMolli_1_10/21,"2019-09-25T16:05:25,209+0200",visu_pars.VisuCreationDate,,,jrc190621_phantomMolli,phantom,jrc190621_phantomMolli,,Bruker BioSpec 7T,1249,DICOM regenerated by Dicomifier 2.5.3 (+ gjesus3 workarounds) from the ParaVision 2dseq before ingest,"phantom study (phantom / QC, Q2); phantom / QC study (Q2): no project, as July's jrc phantoms; MRI platform archive backup_7T_olddata_260824/2019_pv6/20190925_124943_jrc190621_phantomMolli_1_10.tar.gz (SHA-1 347083474896c1ac32c772f6b76aad4f2ab86803); DICOM regenerated by Dicomifier 2.5.3 (+ gjesus3 workarounds) from the ParaVision 2dseq before ingest; operator pending claim (historical MRI, STATUS 0.5 Hold)"
20190925_124943_jrc190621_phantomMolli_1_10/22,"2019-09-25T16:04:42,746+0200",visu_pars.VisuCreationDate,,,jrc190621_phantomMolli,phantom,jrc190621_phantomMolli,,Bruker BioSpec 7T,1249,DICOM regenerated by Dicomifier 2.5.3 (+ gjesus3 workarounds) from the ParaVision 2dseq before ingest,"phantom study (phantom / QC, Q2); phantom / QC study (Q2): no project, as July's jrc phantoms; MRI platform archive backup_7T_olddata_260824/2019_pv6/20190925_124943_jrc190621_phantomMolli_1_10.tar.gz (SHA-1 347083474896c1ac32c772f6b76aad4f2ab86803); DICOM regenerated by Dicomifier 2.5.3 (+ gjesus3 workarounds) from the ParaVision 2dseq before ingest; operator pending claim (historical MRI, STATUS 0.5 Hold)"
20190925_124943_jrc190621_phantomMolli_1_10/23,"2019-09-25T16:09:46,715+0200",visu_pars.VisuCreationDate,,,jrc190621_phantomMolli,phantom,jrc190621_phantomMolli,,Bruker BioSpec 7T,1249,DICOM regenerated by Dicomifier 2.5.3 (+ gjesus3 workarounds) from the ParaVision 2dseq before ingest,"phantom study (phantom / QC, Q2); phantom / QC study (Q2): no project, as July's jrc phantoms; MRI platform archive backup_7T_olddata_260824/2019_pv6/20190925_124943_jrc190621_phantomMolli_1_10.tar.gz (SHA-1 347083474896c1ac32c772f6b76aad4f2ab86803); DICOM regenerated by Dicomifier 2.5.3 (+ gjesus3 workarounds) from the ParaVision 2dseq before ingest; operator pending claim (historical MRI, STATUS 0.5 Hold)"
20190925_124943_jrc190621_phantomMolli_1_10/24,"2019-09-25T16:10:43,469+0200",visu_pars.VisuCreationDate,,,jrc190621_phantomMolli,phantom,jrc190621_phantomMolli,,Bruker BioSpec 7T,1249,DICOM regenerated by Dicomifier 2.5.3 (+ gjesus3 workarounds) from the ParaVision 2dseq before ingest,"phantom study (phantom / QC, Q2); phantom / QC study (Q2): no project, as July's jrc phantoms; MRI platform archive backup_7T_olddata_260824/2019_pv6/20190925_124943_jrc190621_phantomMolli_1_10.tar.gz (SHA-1 347083474896c1ac32c772f6b76aad4f2ab86803); DICOM regenerated by Dicomifier 2.5.3 (+ gjesus3 workarounds) from the ParaVision 2dseq before ingest; operator pending claim (historical MRI, STATUS 0.5 Hold)"
20190925_124943_jrc190621_phantomMolli_1_10/25,"2019-09-25T16:11:35,001+0200",visu_pars.VisuCreationDate,,,jrc190621_phantomMolli,phantom,jrc190621_phantomMolli,,Bruker BioSpec 7T,1249,DICOM regenerated by Dicomifier 2.5.3 (+ gjesus3 workarounds) from the ParaVision 2dseq before ingest,"phantom study (phantom / QC, Q2); phantom / QC study (Q2): no project, as July's jrc phantoms; MRI platform archive backup_7T_olddata_260824/2019_pv6/20190925_124943_jrc190621_phantomMolli_1_10.tar.gz (SHA-1 347083474896c1ac32c772f6b76aad4f2ab86803); DICOM regenerated by Dicomifier 2.5.3 (+ gjesus3 workarounds) from the ParaVision 2dseq before ingest; operator pending claim (historical MRI, STATUS 0.5 Hold)"
20190925_124943_jrc190621_phantomMolli_1_10/26,"2019-09-25T16:12:22,198+0200",visu_pars.VisuCreationDate,,,jrc190621_phantomMolli,phantom,jrc190621_phantomMolli,,Bruker BioSpec 7T,1249,DICOM regenerated by Dicomifier 2.5.3 (+ gjesus3 workarounds) from the ParaVision 2dseq before ingest,"phantom study (phantom / QC, Q2); phantom / QC study (Q2): no project, as July's jrc phantoms; MRI platform archive backup_7T_olddata_260824/2019_pv6/20190925_124943_jrc190621_phantomMolli_1_10.tar.gz (SHA-1 347083474896c1ac32c772f6b76aad4f2ab86803); DICOM regenerated by Dicomifier 2.5.3 (+ gjesus3 workarounds) from the ParaVision 2dseq before ingest; operator pending claim (historical MRI, STATUS 0.5 Hold)"
20190925_124943_jrc190621_phantomMolli_1_10/27,"2019-09-25T16:13:06,215+0200",visu_pars.VisuCreationDate,,,jrc190621_phantomMolli,phantom,jrc190621_phantomMolli,,Bruker BioSpec 7T,1249,DICOM regenerated by Dicomifier 2.5.3 (+ gjesus3 workarounds) from the ParaVision 2dseq before ingest,"phantom study (phantom / QC, Q2); phantom / QC study (Q2): no project, as July's jrc phantoms; MRI platform archive backup_7T_olddata_260824/2019_pv6/20190925_124943_jrc190621_phantomMolli_1_10.tar.gz (SHA-1 347083474896c1ac32c772f6b76aad4f2ab86803); DICOM regenerated by Dicomifier 2.5.3 (+ gjesus3 workarounds) from the ParaVision 2dseq before ingest; operator pending claim (historical MRI, STATUS 0.5 Hold)"
20190925_124943_jrc190621_phantomMolli_1_10/28,"2019-09-25T16:15:08,004+0200",visu_pars.VisuCreationDate,,,jrc190621_phantomMolli,phantom,jrc190621_phantomMolli,,Bruker BioSpec 7T,1249,DICOM regenerated by Dicomifier 2.5.3 (+ gjesus3 workarounds) from the ParaVision 2dseq before ingest,"phantom study (phantom / QC, Q2); phantom / QC study (Q2): no project, as July's jrc phantoms; MRI platform archive backup_7T_olddata_260824/2019_pv6/20190925_124943_jrc190621_phantomMolli_1_10.tar.gz (SHA-1 347083474896c1ac32c772f6b76aad4f2ab86803); DICOM regenerated by Dicomifier 2.5.3 (+ gjesus3 workarounds) from the ParaVision 2dseq before ingest; operator pending claim (historical MRI, STATUS 0.5 Hold)"
20190925_124943_jrc190621_phantomMolli_1_10/29,"2019-09-25T16:16:06,024+0200",visu_pars.VisuCreationDate,,,jrc190621_phantomMolli,phantom,jrc190621_phantomMolli,,Bruker BioSpec 7T,1249,DICOM regenerated by Dicomifier 2.5.3 (+ gjesus3 workarounds) from the ParaVision 2dseq before ingest,"phantom study (phantom / QC, Q2); phantom / QC study (Q2): no project, as July's jrc phantoms; MRI platform archive backup_7T_olddata_260824/2019_pv6/20190925_124943_jrc190621_phantomMolli_1_10.tar.gz (SHA-1 347083474896c1ac32c772f6b76aad4f2ab86803); DICOM regenerated by Dicomifier 2.5.3 (+ gjesus3 workarounds) from the ParaVision 2dseq before ingest; operator pending claim (historical MRI, STATUS 0.5 Hold)"
20190925_124943_jrc190621_phantomMolli_1_10/30,"2019-09-25T16:16:59,161+0200",visu_pars.VisuCreationDate,,,jrc190621_phantomMolli,phantom,jrc190621_phantomMolli,,Bruker BioSpec 7T,1249,DICOM regenerated by Dicomifier 2.5.3 (+ gjesus3 workarounds) from the ParaVision 2dseq before ingest,"phantom study (phantom / QC, Q2); phantom / QC study (Q2): no project, as July's jrc phantoms; MRI platform archive backup_7T_olddata_260824/2019_pv6/20190925_124943_jrc190621_phantomMolli_1_10.tar.gz (SHA-1 347083474896c1ac32c772f6b76aad4f2ab86803); DICOM regenerated by Dicomifier 2.5.3 (+ gjesus3 workarounds) from the ParaVision 2dseq before ingest; operator pending claim (historical MRI, STATUS 0.5 Hold)"
20190925_124943_jrc190621_phantomMolli_1_10/31,"2019-09-25T16:17:47,659+0200",visu_pars.VisuCreationDate,,,jrc190621_phantomMolli,phantom,jrc190621_phantomMolli,,Bruker BioSpec 7T,1249,DICOM regenerated by Dicomifier 2.5.3 (+ gjesus3 workarounds) from the ParaVision 2dseq before ingest,"phantom study (phantom / QC, Q2); phantom / QC study (Q2): no project, as July's jrc phantoms; MRI platform archive backup_7T_olddata_260824/2019_pv6/20190925_124943_jrc190621_phantomMolli_1_10.tar.gz (SHA-1 347083474896c1ac32c772f6b76aad4f2ab86803); DICOM regenerated by Dicomifier 2.5.3 (+ gjesus3 workarounds) from the ParaVision 2dseq before ingest; operator pending claim (historical MRI, STATUS 0.5 Hold)"
20190925_124943_jrc190621_phantomMolli_1_10/32,"2019-09-25T16:18:32,607+0200",visu_pars.VisuCreationDate,,,jrc190621_phantomMolli,phantom,jrc190621_phantomMolli,,Bruker BioSpec 7T,1249,DICOM regenerated by Dicomifier 2.5.3 (+ gjesus3 workarounds) from the ParaVision 2dseq before ingest,"phantom study (phantom / QC, Q2); phantom / QC study (Q2): no project, as July's jrc phantoms; MRI platform archive backup_7T_olddata_260824/2019_pv6/20190925_124943_jrc190621_phantomMolli_1_10.tar.gz (SHA-1 347083474896c1ac32c772f6b76aad4f2ab86803); DICOM regenerated by Dicomifier 2.5.3 (+ gjesus3 workarounds) from the ParaVision 2dseq before ingest; operator pending claim (historical MRI, STATUS 0.5 Hold)"
20190925_124943_jrc190621_phantomMolli_1_10/33,"2019-09-25T16:19:18,383+0200",visu_pars.VisuCreationDate,,,jrc190621_phantomMolli,phantom,jrc190621_phantomMolli,,Bruker BioSpec 7T,1249,DICOM regenerated by Dicomifier 2.5.3 (+ gjesus3 workarounds) from the ParaVision 2dseq before ingest,"phantom study (phantom / QC, Q2); phantom / QC study (Q2): no project, as July's jrc phantoms; MRI platform archive backup_7T_olddata_260824/2019_pv6/20190925_124943_jrc190621_phantomMolli_1_10.tar.gz (SHA-1 347083474896c1ac32c772f6b76aad4f2ab86803); DICOM regenerated by Dicomifier 2.5.3 (+ gjesus3 workarounds) from the ParaVision 2dseq before ingest; operator pending claim (historical MRI, STATUS 0.5 Hold)"
20190925_124943_jrc190621_phantomMolli_1_10/34,"2019-09-25T16:21:59,133+0200",visu_pars.VisuCreationDate,,,jrc190621_phantomMolli,phantom,jrc190621_phantomMolli,,Bruker BioSpec 7T,1249,DICOM regenerated by Dicomifier 2.5.3 (+ gjesus3 workarounds) from the ParaVision 2dseq before ingest,"phantom study (phantom / QC, Q2); phantom / QC study (Q2): no project, as July's jrc phantoms; MRI platform archive backup_7T_olddata_260824/2019_pv6/20190925_124943_jrc190621_phantomMolli_1_10.tar.gz (SHA-1 347083474896c1ac32c772f6b76aad4f2ab86803); DICOM regenerated by Dicomifier 2.5.3 (+ gjesus3 workarounds) from the ParaVision 2dseq before ingest; operator pending claim (historical MRI, STATUS 0.5 Hold)"
20190925_124943_jrc190621_phantomMolli_1_10/35,"2019-09-25T16:22:56,714+0200",visu_pars.VisuCreationDate,,,jrc190621_phantomMolli,phantom,jrc190621_phantomMolli,,Bruker BioSpec 7T,1249,DICOM regenerated by Dicomifier 2.5.3 (+ gjesus3 workarounds) from the ParaVision 2dseq before ingest,"phantom study (phantom / QC, Q2); phantom / QC study (Q2): no project, as July's jrc phantoms; MRI platform archive backup_7T_olddata_260824/2019_pv6/20190925_124943_jrc190621_phantomMolli_1_10.tar.gz (SHA-1 347083474896c1ac32c772f6b76aad4f2ab86803); DICOM regenerated by Dicomifier 2.5.3 (+ gjesus3 workarounds) from the ParaVision 2dseq before ingest; operator pending claim (historical MRI, STATUS 0.5 Hold)"
20190925_124943_jrc190621_phantomMolli_1_10/36,"2019-09-25T16:23:49,209+0200",visu_pars.VisuCreationDate,,,jrc190621_phantomMolli,phantom,jrc190621_phantomMolli,,Bruker BioSpec 7T,1249,DICOM regenerated by Dicomifier 2.5.3 (+ gjesus3 workarounds) from the ParaVision 2dseq before ingest,"phantom study (phantom / QC, Q2); phantom / QC study (Q2): no project, as July's jrc phantoms; MRI platform archive backup_7T_olddata_260824/2019_pv6/20190925_124943_jrc190621_phantomMolli_1_10.tar.gz (SHA-1 347083474896c1ac32c772f6b76aad4f2ab86803); DICOM regenerated by Dicomifier 2.5.3 (+ gjesus3 workarounds) from the ParaVision 2dseq before ingest; operator pending claim (historical MRI, STATUS 0.5 Hold)"
20190925_124943_jrc190621_phantomMolli_1_10/37,"2019-09-25T16:24:36,909+0200",visu_pars.VisuCreationDate,,,jrc190621_phantomMolli,phantom,jrc190621_phantomMolli,,Bruker BioSpec 7T,1249,DICOM regenerated by Dicomifier 2.5.3 (+ gjesus3 workarounds) from the ParaVision 2dseq before ingest,"phantom study (phantom / QC, Q2); phantom / QC study (Q2): no project, as July's jrc phantoms; MRI platform archive backup_7T_olddata_260824/2019_pv6/20190925_124943_jrc190621_phantomMolli_1_10.tar.gz (SHA-1 347083474896c1ac32c772f6b76aad4f2ab86803); DICOM regenerated by Dicomifier 2.5.3 (+ gjesus3 workarounds) from the ParaVision 2dseq before ingest; operator pending claim (historical MRI, STATUS 0.5 Hold)"
20190925_124943_jrc190621_phantomMolli_1_10/38,"2019-09-25T16:25:21,603+0200",visu_pars.VisuCreationDate,,,jrc190621_phantomMolli,phantom,jrc190621_phantomMolli,,Bruker BioSpec 7T,1249,DICOM regenerated by Dicomifier 2.5.3 (+ gjesus3 workarounds) from the ParaVision 2dseq before ingest,"phantom study (phantom / QC, Q2); phantom / QC study (Q2): no project, as July's jrc phantoms; MRI platform archive backup_7T_olddata_260824/2019_pv6/20190925_124943_jrc190621_phantomMolli_1_10.tar.gz (SHA-1 347083474896c1ac32c772f6b76aad4f2ab86803); DICOM regenerated by Dicomifier 2.5.3 (+ gjesus3 workarounds) from the ParaVision 2dseq before ingest; operator pending claim (historical MRI, STATUS 0.5 Hold)"
20190925_124943_jrc190621_phantomMolli_1_10/39,"2019-09-25T16:26:07,127+0200",visu_pars.VisuCreationDate,,,jrc190621_phantomMolli,phantom,jrc190621_phantomMolli,,Bruker BioSpec 7T,1249,DICOM regenerated by Dicomifier 2.5.3 (+ gjesus3 workarounds) from the ParaVision 2dseq before ingest,"phantom study (phantom / QC, Q2); phantom / QC study (Q2): no project, as July's jrc phantoms; MRI platform archive backup_7T_olddata_260824/2019_pv6/20190925_124943_jrc190621_phantomMolli_1_10.tar.gz (SHA-1 347083474896c1ac32c772f6b76aad4f2ab86803); DICOM regenerated by Dicomifier 2.5.3 (+ gjesus3 workarounds) from the ParaVision 2dseq before ingest; operator pending claim (historical MRI, STATUS 0.5 Hold)"
20190925_124943_jrc190621_phantomMolli_1_10/40,"2019-09-25T16:28:10,621+0200",visu_pars.VisuCreationDate,,,jrc190621_phantomMolli,phantom,jrc190621_phantomMolli,,Bruker BioSpec 7T,1249,DICOM regenerated by Dicomifier 2.5.3 (+ gjesus3 workarounds) from the ParaVision 2dseq before ingest,"phantom study (phantom / QC, Q2); phantom / QC study (Q2): no project, as July's jrc phantoms; MRI platform archive backup_7T_olddata_260824/2019_pv6/20190925_124943_jrc190621_phantomMolli_1_10.tar.gz (SHA-1 347083474896c1ac32c772f6b76aad4f2ab86803); DICOM regenerated by Dicomifier 2.5.3 (+ gjesus3 workarounds) from the ParaVision 2dseq before ingest; operator pending claim (historical MRI, STATUS 0.5 Hold)"
20190925_124943_jrc190621_phantomMolli_1_10/41,"2019-09-25T16:29:08,412+0200",visu_pars.VisuCreationDate,,,jrc190621_phantomMolli,phantom,jrc190621_phantomMolli,,Bruker BioSpec 7T,1249,DICOM regenerated by Dicomifier 2.5.3 (+ gjesus3 workarounds) from the ParaVision 2dseq before ingest,"phantom study (phantom / QC, Q2); phantom / QC study (Q2): no project, as July's jrc phantoms; MRI platform archive backup_7T_olddata_260824/2019_pv6/20190925_124943_jrc190621_phantomMolli_1_10.tar.gz (SHA-1 347083474896c1ac32c772f6b76aad4f2ab86803); DICOM regenerated by Dicomifier 2.5.3 (+ gjesus3 workarounds) from the ParaVision 2dseq before ingest; operator pending claim (historical MRI, STATUS 0.5 Hold)"
20190925_124943_jrc190621_phantomMolli_1_10/42,"2019-09-25T16:30:01,055+0200",visu_pars.VisuCreationDate,,,jrc190621_phantomMolli,phantom,jrc190621_phantomMolli,,Bruker BioSpec 7T,1249,DICOM regenerated by Dicomifier 2.5.3 (+ gjesus3 workarounds) from the ParaVision 2dseq before ingest,"phantom study (phantom / QC, Q2); phantom / QC study (Q2): no project, as July's jrc phantoms; MRI platform archive backup_7T_olddata_260824/2019_pv6/20190925_124943_jrc190621_phantomMolli_1_10.tar.gz (SHA-1 347083474896c1ac32c772f6b76aad4f2ab86803); DICOM regenerated by Dicomifier 2.5.3 (+ gjesus3 workarounds) from the ParaVision 2dseq before ingest; operator pending claim (historical MRI, STATUS 0.5 Hold)"
20190925_124943_jrc190621_phantomMolli_1_10/43,"2019-09-25T16:30:49,199+0200",visu_pars.VisuCreationDate,,,jrc190621_phantomMolli,phantom,jrc190621_phantomMolli,,Bruker BioSpec 7T,1249,DICOM regenerated by Dicomifier 2.5.3 (+ gjesus3 workarounds) from the ParaVision 2dseq before ingest,"phantom study (phantom / QC, Q2); phantom / QC study (Q2): no project, as July's jrc phantoms; MRI platform archive backup_7T_olddata_260824/2019_pv6/20190925_124943_jrc190621_phantomMolli_1_10.tar.gz (SHA-1 347083474896c1ac32c772f6b76aad4f2ab86803); DICOM regenerated by Dicomifier 2.5.3 (+ gjesus3 workarounds) from the ParaVision 2dseq before ingest; operator pending claim (historical MRI, STATUS 0.5 Hold)"
20190925_124943_jrc190621_phantomMolli_1_10/44,"2019-09-25T16:31:34,077+0200",visu_pars.VisuCreationDate,,,jrc190621_phantomMolli,phantom,jrc190621_phantomMolli,,Bruker BioSpec 7T,1249,DICOM regenerated by Dicomifier 2.5.3 (+ gjesus3 workarounds) from the ParaVision 2dseq before ingest,"phantom study (phantom / QC, Q2); phantom / QC study (Q2): no project, as July's jrc phantoms; MRI platform archive backup_7T_olddata_260824/2019_pv6/20190925_124943_jrc190621_phantomMolli_1_10.tar.gz (SHA-1 347083474896c1ac32c772f6b76aad4f2ab86803); DICOM regenerated by Dicomifier 2.5.3 (+ gjesus3 workarounds) from the ParaVision 2dseq before ingest; operator pending claim (historical MRI, STATUS 0.5 Hold)"
20190925_124943_jrc190621_phantomMolli_1_10/45,"2019-09-25T16:32:19,151+0200",visu_pars.VisuCreationDate,,,jrc190621_phantomMolli,phantom,jrc190621_phantomMolli,,Bruker BioSpec 7T,1249,DICOM regenerated by Dicomifier 2.5.3 (+ gjesus3 workarounds) from the ParaVision 2dseq before ingest,"phantom study (phantom / QC, Q2); phantom / QC study (Q2): no project, as July's jrc phantoms; MRI platform archive backup_7T_olddata_260824/2019_pv6/20190925_124943_jrc190621_phantomMolli_1_10.tar.gz (SHA-1 347083474896c1ac32c772f6b76aad4f2ab86803); DICOM regenerated by Dicomifier 2.5.3 (+ gjesus3 workarounds) from the ParaVision 2dseq before ingest; operator pending claim (historical MRI, STATUS 0.5 Hold)"
20190925_124943_jrc190621_phantomMolli_1_10/46,"2019-09-25T16:34:24,130+0200",visu_pars.VisuCreationDate,,,jrc190621_phantomMolli,phantom,jrc190621_phantomMolli,,Bruker BioSpec 7T,1249,DICOM regenerated by Dicomifier 2.5.3 (+ gjesus3 workarounds) from the ParaVision 2dseq before ingest,"phantom study (phantom / QC, Q2); phantom / QC study (Q2): no project, as July's jrc phantoms; MRI platform archive backup_7T_olddata_260824/2019_pv6/20190925_124943_jrc190621_phantomMolli_1_10.tar.gz (SHA-1 347083474896c1ac32c772f6b76aad4f2ab86803); DICOM regenerated by Dicomifier 2.5.3 (+ gjesus3 workarounds) from the ParaVision 2dseq before ingest; operator pending claim (historical MRI, STATUS 0.5 Hold)"
20190925_124943_jrc190621_phantomMolli_1_10/47,"2019-09-25T16:35:22,612+0200",visu_pars.VisuCreationDate,,,jrc190621_phantomMolli,phantom,jrc190621_phantomMolli,,Bruker BioSpec 7T,1249,DICOM regenerated by Dicomifier 2.5.3 (+ gjesus3 workarounds) from the ParaVision 2dseq before ingest,"phantom study (phantom / QC, Q2); phantom / QC study (Q2): no project, as July's jrc phantoms; MRI platform archive backup_7T_olddata_260824/2019_pv6/20190925_124943_jrc190621_phantomMolli_1_10.tar.gz (SHA-1 347083474896c1ac32c772f6b76aad4f2ab86803); DICOM regenerated by Dicomifier 2.5.3 (+ gjesus3 workarounds) from the ParaVision 2dseq before ingest; operator pending claim (historical MRI, STATUS 0.5 Hold)"
20190925_124943_jrc190621_phantomMolli_1_10/48,"2019-09-25T16:36:15,799+0200",visu_pars.VisuCreationDate,,,jrc190621_phantomMolli,phantom,jrc190621_phantomMolli,,Bruker BioSpec 7T,1249,DICOM regenerated by Dicomifier 2.5.3 (+ gjesus3 workarounds) from the ParaVision 2dseq before ingest,"phantom study (phantom / QC, Q2); phantom / QC study (Q2): no project, as July's jrc phantoms; MRI platform archive backup_7T_olddata_260824/2019_pv6/20190925_124943_jrc190621_phantomMolli_1_10.tar.gz (SHA-1 347083474896c1ac32c772f6b76aad4f2ab86803); DICOM regenerated by Dicomifier 2.5.3 (+ gjesus3 workarounds) from the ParaVision 2dseq before ingest; operator pending claim (historical MRI, STATUS 0.5 Hold)"
20190925_124943_jrc190621_phantomMolli_1_10/49,"2019-09-25T16:37:04,444+0200",visu_pars.VisuCreationDate,,,jrc190621_phantomMolli,phantom,jrc190621_phantomMolli,,Bruker BioSpec 7T,1249,DICOM regenerated by Dicomifier 2.5.3 (+ gjesus3 workarounds) from the ParaVision 2dseq before ingest,"phantom study (phantom / QC, Q2); phantom / QC study (Q2): no project, as July's jrc phantoms; MRI platform archive backup_7T_olddata_260824/2019_pv6/20190925_124943_jrc190621_phantomMolli_1_10.tar.gz (SHA-1 347083474896c1ac32c772f6b76aad4f2ab86803); DICOM regenerated by Dicomifier 2.5.3 (+ gjesus3 workarounds) from the ParaVision 2dseq before ingest; operator pending claim (historical MRI, STATUS 0.5 Hold)"
20190925_124943_jrc190621_phantomMolli_1_10/50,"2019-09-25T16:37:49,594+0200",visu_pars.VisuCreationDate,,,jrc190621_phantomMolli,phantom,jrc190621_phantomMolli,,Bruker BioSpec 7T,1249,DICOM regenerated by Dicomifier 2.5.3 (+ gjesus3 workarounds) from the ParaVision 2dseq before ingest,"phantom study (phantom / QC, Q2); phantom / QC study (Q2): no project, as July's jrc phantoms; MRI platform archive backup_7T_olddata_260824/2019_pv6/20190925_124943_jrc190621_phantomMolli_1_10.tar.gz (SHA-1 347083474896c1ac32c772f6b76aad4f2ab86803); DICOM regenerated by Dicomifier 2.5.3 (+ gjesus3 workarounds) from the ParaVision 2dseq before ingest; operator pending claim (historical MRI, STATUS 0.5 Hold)"
20190925_124943_jrc190621_phantomMolli_1_10/51,"2019-09-25T16:38:35,516+0200",visu_pars.VisuCreationDate,,,jrc190621_phantomMolli,phantom,jrc190621_phantomMolli,,Bruker BioSpec 7T,1249,DICOM regenerated by Dicomifier 2.5.3 (+ gjesus3 workarounds) from the ParaVision 2dseq before ingest,"phantom study (phantom / QC, Q2); phantom / QC study (Q2): no project, as July's jrc phantoms; MRI platform archive backup_7T_olddata_260824/2019_pv6/20190925_124943_jrc190621_phantomMolli_1_10.tar.gz (SHA-1 347083474896c1ac32c772f6b76aad4f2ab86803); DICOM regenerated by Dicomifier 2.5.3 (+ gjesus3 workarounds) from the ParaVision 2dseq before ingest; operator pending claim (historical MRI, STATUS 0.5 Hold)"
20190925_124943_jrc190621_phantomMolli_1_10/52,"2019-09-25T16:40:46,025+0200",visu_pars.VisuCreationDate,,,jrc190621_phantomMolli,phantom,jrc190621_phantomMolli,,Bruker BioSpec 7T,1249,DICOM regenerated by Dicomifier 2.5.3 (+ gjesus3 workarounds) from the ParaVision 2dseq before ingest,"phantom study (phantom / QC, Q2); phantom / QC study (Q2): no project, as July's jrc phantoms; MRI platform archive backup_7T_olddata_260824/2019_pv6/20190925_124943_jrc190621_phantomMolli_1_10.tar.gz (SHA-1 347083474896c1ac32c772f6b76aad4f2ab86803); DICOM regenerated by Dicomifier 2.5.3 (+ gjesus3 workarounds) from the ParaVision 2dseq before ingest; operator pending claim (historical MRI, STATUS 0.5 Hold)"
20190925_124943_jrc190621_phantomMolli_1_10/53,"2019-09-25T16:41:43,707+0200",visu_pars.VisuCreationDate,,,jrc190621_phantomMolli,phantom,jrc190621_phantomMolli,,Bruker BioSpec 7T,1249,DICOM regenerated by Dicomifier 2.5.3 (+ gjesus3 workarounds) from the ParaVision 2dseq before ingest,"phantom study (phantom / QC, Q2); phantom / QC study (Q2): no project, as July's jrc phantoms; MRI platform archive backup_7T_olddata_260824/2019_pv6/20190925_124943_jrc190621_phantomMolli_1_10.tar.gz (SHA-1 347083474896c1ac32c772f6b76aad4f2ab86803); DICOM regenerated by Dicomifier 2.5.3 (+ gjesus3 workarounds) from the ParaVision 2dseq before ingest; operator pending claim (historical MRI, STATUS 0.5 Hold)"
20190925_124943_jrc190621_phantomMolli_1_10/54,"2019-09-25T16:42:36,635+0200",visu_pars.VisuCreationDate,,,jrc190621_phantomMolli,phantom,jrc190621_phantomMolli,,Bruker BioSpec 7T,1249,DICOM regenerated by Dicomifier 2.5.3 (+ gjesus3 workarounds) from the ParaVision 2dseq before ingest,"phantom study (phantom / QC, Q2); phantom / QC study (Q2): no project, as July's jrc phantoms; MRI platform archive backup_7T_olddata_260824/2019_pv6/20190925_124943_jrc190621_phantomMolli_1_10.tar.gz (SHA-1 347083474896c1ac32c772f6b76aad4f2ab86803); DICOM regenerated by Dicomifier 2.5.3 (+ gjesus3 workarounds) from the ParaVision 2dseq before ingest; operator pending claim (historical MRI, STATUS 0.5 Hold)"
20190925_124943_jrc190621_phantomMolli_1_10/55,"2019-09-25T16:43:24,795+0200",visu_pars.VisuCreationDate,,,jrc190621_phantomMolli,phantom,jrc190621_phantomMolli,,Bruker BioSpec 7T,1249,DICOM regenerated by Dicomifier 2.5.3 (+ gjesus3 workarounds) from the ParaVision 2dseq before ingest,"phantom study (phantom / QC, Q2); phantom / QC study (Q2): no project, as July's jrc phantoms; MRI platform archive backup_7T_olddata_260824/2019_pv6/20190925_124943_jrc190621_phantomMolli_1_10.tar.gz (SHA-1 347083474896c1ac32c772f6b76aad4f2ab86803); DICOM regenerated by Dicomifier 2.5.3 (+ gjesus3 workarounds) from the ParaVision 2dseq before ingest; operator pending claim (historical MRI, STATUS 0.5 Hold)"
20190925_124943_jrc190621_phantomMolli_1_10/56,"2019-09-25T16:44:09,764+0200",visu_pars.VisuCreationDate,,,jrc190621_phantomMolli,phantom,jrc190621_phantomMolli,,Bruker BioSpec 7T,1249,DICOM regenerated by Dicomifier 2.5.3 (+ gjesus3 workarounds) from the ParaVision 2dseq before ingest,"phantom study (phantom / QC, Q2); phantom / QC study (Q2): no project, as July's jrc phantoms; MRI platform archive backup_7T_olddata_260824/2019_pv6/20190925_124943_jrc190621_phantomMolli_1_10.tar.gz (SHA-1 347083474896c1ac32c772f6b76aad4f2ab86803); DICOM regenerated by Dicomifier 2.5.3 (+ gjesus3 workarounds) from the ParaVision 2dseq before ingest; operator pending claim (historical MRI, STATUS 0.5 Hold)"
20190925_124943_jrc190621_phantomMolli_1_10/57,"2019-09-25T16:44:55,470+0200",visu_pars.VisuCreationDate,,,jrc190621_phantomMolli,phantom,jrc190621_phantomMolli,,Bruker BioSpec 7T,1249,DICOM regenerated by Dicomifier 2.5.3 (+ gjesus3 workarounds) from the ParaVision 2dseq before ingest,"phantom study (phantom / QC, Q2); phantom / QC study (Q2): no project, as July's jrc phantoms; MRI platform archive backup_7T_olddata_260824/2019_pv6/20190925_124943_jrc190621_phantomMolli_1_10.tar.gz (SHA-1 347083474896c1ac32c772f6b76aad4f2ab86803); DICOM regenerated by Dicomifier 2.5.3 (+ gjesus3 workarounds) from the ParaVision 2dseq before ingest; operator pending claim (historical MRI, STATUS 0.5 Hold)"
20190925_124943_jrc190621_phantomMolli_1_10/58,"2019-09-25T16:45:45,555+0200",visu_pars.VisuCreationDate,,,jrc190621_phantomMolli,phantom,jrc190621_phantomMolli,,Bruker BioSpec 7T,1249,DICOM regenerated by Dicomifier 2.5.3 (+ gjesus3 workarounds) from the ParaVision 2dseq before ingest,"phantom study (phantom / QC, Q2); phantom / QC study (Q2): no project, as July's jrc phantoms; MRI platform archive backup_7T_olddata_260824/2019_pv6/20190925_124943_jrc190621_phantomMolli_1_10.tar.gz (SHA-1 347083474896c1ac32c772f6b76aad4f2ab86803); DICOM regenerated by Dicomifier 2.5.3 (+ gjesus3 workarounds) from the ParaVision 2dseq before ingest; operator pending claim (historical MRI, STATUS 0.5 Hold)"
20190925_124943_jrc190621_phantomMolli_1_10/59,"2019-09-25T16:48:27,507+0200",visu_pars.VisuCreationDate,,,jrc190621_phantomMolli,phantom,jrc190621_phantomMolli,,Bruker BioSpec 7T,1249,DICOM regenerated by Dicomifier 2.5.3 (+ gjesus3 workarounds) from the ParaVision 2dseq before ingest,"phantom study (phantom / QC, Q2); phantom / QC study (Q2): no project, as July's jrc phantoms; MRI platform archive backup_7T_olddata_260824/2019_pv6/20190925_124943_jrc190621_phantomMolli_1_10.tar.gz (SHA-1 347083474896c1ac32c772f6b76aad4f2ab86803); DICOM regenerated by Dicomifier 2.5.3 (+ gjesus3 workarounds) from the ParaVision 2dseq before ingest; operator pending claim (historical MRI, STATUS 0.5 Hold)"
20190925_124943_jrc190621_phantomMolli_1_10/60,"2019-09-25T16:49:27,088+0200",visu_pars.VisuCreationDate,,,jrc190621_phantomMolli,phantom,jrc190621_phantomMolli,,Bruker BioSpec 7T,1249,DICOM regenerated by Dicomifier 2.5.3 (+ gjesus3 workarounds) from the ParaVision 2dseq before ingest,"phantom study (phantom / QC, Q2); phantom / QC study (Q2): no project, as July's jrc phantoms; MRI platform archive backup_7T_olddata_260824/2019_pv6/20190925_124943_jrc190621_phantomMolli_1_10.tar.gz (SHA-1 347083474896c1ac32c772f6b76aad4f2ab86803); DICOM regenerated by Dicomifier 2.5.3 (+ gjesus3 workarounds) from the ParaVision 2dseq before ingest; operator pending claim (historical MRI, STATUS 0.5 Hold)"
20190925_124943_jrc190621_phantomMolli_1_10/61,"2019-09-25T16:50:21,288+0200",visu_pars.VisuCreationDate,,,jrc190621_phantomMolli,phantom,jrc190621_phantomMolli,,Bruker BioSpec 7T,1249,DICOM regenerated by Dicomifier 2.5.3 (+ gjesus3 workarounds) from the ParaVision 2dseq before ingest,"phantom study (phantom / QC, Q2); phantom / QC study (Q2): no project, as July's jrc phantoms; MRI platform archive backup_7T_olddata_260824/2019_pv6/20190925_124943_jrc190621_phantomMolli_1_10.tar.gz (SHA-1 347083474896c1ac32c772f6b76aad4f2ab86803); DICOM regenerated by Dicomifier 2.5.3 (+ gjesus3 workarounds) from the ParaVision 2dseq before ingest; operator pending claim (historical MRI, STATUS 0.5 Hold)"
20190925_124943_jrc190621_phantomMolli_1_10/62,"2019-09-25T16:51:11,017+0200",visu_pars.VisuCreationDate,,,jrc190621_phantomMolli,phantom,jrc190621_phantomMolli,,Bruker BioSpec 7T,1249,DICOM regenerated by Dicomifier 2.5.3 (+ gjesus3 workarounds) from the ParaVision 2dseq before ingest,"phantom study (phantom / QC, Q2); phantom / QC study (Q2): no project, as July's jrc phantoms; MRI platform archive backup_7T_olddata_260824/2019_pv6/20190925_124943_jrc190621_phantomMolli_1_10.tar.gz (SHA-1 347083474896c1ac32c772f6b76aad4f2ab86803); DICOM regenerated by Dicomifier 2.5.3 (+ gjesus3 workarounds) from the ParaVision 2dseq before ingest; operator pending claim (historical MRI, STATUS 0.5 Hold)"
20190925_124943_jrc190621_phantomMolli_1_10/63,"2019-09-25T16:51:56,271+0200",visu_pars.VisuCreationDate,,,jrc190621_phantomMolli,phantom,jrc190621_phantomMolli,,Bruker BioSpec 7T,1249,DICOM regenerated by Dicomifier 2.5.3 (+ gjesus3 workarounds) from the ParaVision 2dseq before ingest,"phantom study (phantom / QC, Q2); phantom / QC study (Q2): no project, as July's jrc phantoms; MRI platform archive backup_7T_olddata_260824/2019_pv6/20190925_124943_jrc190621_phantomMolli_1_10.tar.gz (SHA-1 347083474896c1ac32c772f6b76aad4f2ab86803); DICOM regenerated by Dicomifier 2.5.3 (+ gjesus3 workarounds) from the ParaVision 2dseq before ingest; operator pending claim (historical MRI, STATUS 0.5 Hold)"
20190925_124943_jrc190621_phantomMolli_1_10/64,"2019-09-25T16:52:42,210+0200",visu_pars.VisuCreationDate,,,jrc190621_phantomMolli,phantom,jrc190621_phantomMolli,,Bruker BioSpec 7T,1249,DICOM regenerated by Dicomifier 2.5.3 (+ gjesus3 workarounds) from the ParaVision 2dseq before ingest,"phantom study (phantom / QC, Q2); phantom / QC study (Q2): no project, as July's jrc phantoms; MRI platform archive backup_7T_olddata_260824/2019_pv6/20190925_124943_jrc190621_phantomMolli_1_10.tar.gz (SHA-1 347083474896c1ac32c772f6b76aad4f2ab86803); DICOM regenerated by Dicomifier 2.5.3 (+ gjesus3 workarounds) from the ParaVision 2dseq before ingest; operator pending claim (historical MRI, STATUS 0.5 Hold)"
20190925_124943_jrc190621_phantomMolli_1_10/65,"2019-09-25T16:53:31,455+0200",visu_pars.VisuCreationDate,,,jrc190621_phantomMolli,phantom,jrc190621_phantomMolli,,Bruker BioSpec 7T,1249,DICOM regenerated by Dicomifier 2.5.3 (+ gjesus3 workarounds) from the ParaVision 2dseq before ingest,"phantom study (phantom / QC, Q2); phantom / QC study (Q2): no project, as July's jrc phantoms; MRI platform archive backup_7T_olddata_260824/2019_pv6/20190925_124943_jrc190621_phantomMolli_1_10.tar.gz (SHA-1 347083474896c1ac32c772f6b76aad4f2ab86803); DICOM regenerated by Dicomifier 2.5.3 (+ gjesus3 workarounds) from the ParaVision 2dseq before ingest; operator pending claim (historical MRI, STATUS 0.5 Hold)"
20190925_124943_jrc190621_phantomMolli_1_10/66,"2019-09-25T16:56:19,579+0200",visu_pars.VisuCreationDate,,,jrc190621_phantomMolli,phantom,jrc190621_phantomMolli,,Bruker BioSpec 7T,1249,DICOM regenerated by Dicomifier 2.5.3 (+ gjesus3 workarounds) from the ParaVision 2dseq before ingest,"phantom study (phantom / QC, Q2); phantom / QC study (Q2): no project, as July's jrc phantoms; MRI platform archive backup_7T_olddata_260824/2019_pv6/20190925_124943_jrc190621_phantomMolli_1_10.tar.gz (SHA-1 347083474896c1ac32c772f6b76aad4f2ab86803); DICOM regenerated by Dicomifier 2.5.3 (+ gjesus3 workarounds) from the ParaVision 2dseq before ingest; operator pending claim (historical MRI, STATUS 0.5 Hold)"
20190925_124943_jrc190621_phantomMolli_1_10/67,"2019-09-25T16:57:16,571+0200",visu_pars.VisuCreationDate,,,jrc190621_phantomMolli,phantom,jrc190621_phantomMolli,,Bruker BioSpec 7T,1249,DICOM regenerated by Dicomifier 2.5.3 (+ gjesus3 workarounds) from the ParaVision 2dseq before ingest,"phantom study (phantom / QC, Q2); phantom / QC study (Q2): no project, as July's jrc phantoms; MRI platform archive backup_7T_olddata_260824/2019_pv6/20190925_124943_jrc190621_phantomMolli_1_10.tar.gz (SHA-1 347083474896c1ac32c772f6b76aad4f2ab86803); DICOM regenerated by Dicomifier 2.5.3 (+ gjesus3 workarounds) from the ParaVision 2dseq before ingest; operator pending claim (historical MRI, STATUS 0.5 Hold)"
20190925_124943_jrc190621_phantomMolli_1_10/68,"2019-09-25T16:58:08,557+0200",visu_pars.VisuCreationDate,,,jrc190621_phantomMolli,phantom,jrc190621_phantomMolli,,Bruker BioSpec 7T,1249,DICOM regenerated by Dicomifier 2.5.3 (+ gjesus3 workarounds) from the ParaVision 2dseq before ingest,"phantom study (phantom / QC, Q2); phantom / QC study (Q2): no project, as July's jrc phantoms; MRI platform archive backup_7T_olddata_260824/2019_pv6/20190925_124943_jrc190621_phantomMolli_1_10.tar.gz (SHA-1 347083474896c1ac32c772f6b76aad4f2ab86803); DICOM regenerated by Dicomifier 2.5.3 (+ gjesus3 workarounds) from the ParaVision 2dseq before ingest; operator pending claim (historical MRI, STATUS 0.5 Hold)"
20190925_124943_jrc190621_phantomMolli_1_10/69,"2019-09-25T16:58:56,572+0200",visu_pars.VisuCreationDate,,,jrc190621_phantomMolli,phantom,jrc190621_phantomMolli,,Bruker BioSpec 7T,1249,DICOM regenerated by Dicomifier 2.5.3 (+ gjesus3 workarounds) from the ParaVision 2dseq before ingest,"phantom study (phantom / QC, Q2); phantom / QC study (Q2): no project, as July's jrc phantoms; MRI platform archive backup_7T_olddata_260824/2019_pv6/20190925_124943_jrc190621_phantomMolli_1_10.tar.gz (SHA-1 347083474896c1ac32c772f6b76aad4f2ab86803); DICOM regenerated by Dicomifier 2.5.3 (+ gjesus3 workarounds) from the ParaVision 2dseq before ingest; operator pending claim (historical MRI, STATUS 0.5 Hold)"
20190925_124943_jrc190621_phantomMolli_1_10/70,"2019-09-25T16:59:40,577+0200",visu_pars.VisuCreationDate,,,jrc190621_phantomMolli,phantom,jrc190621_phantomMolli,,Bruker BioSpec 7T,1249,DICOM regenerated by Dicomifier 2.5.3 (+ gjesus3 workarounds) from the ParaVision 2dseq before ingest,"phantom study (phantom / QC, Q2); phantom / QC study (Q2): no project, as July's jrc phantoms; MRI platform archive backup_7T_olddata_260824/2019_pv6/20190925_124943_jrc190621_phantomMolli_1_10.tar.gz (SHA-1 347083474896c1ac32c772f6b76aad4f2ab86803); DICOM regenerated by Dicomifier 2.5.3 (+ gjesus3 workarounds) from the ParaVision 2dseq before ingest; operator pending claim (historical MRI, STATUS 0.5 Hold)"
20190925_124943_jrc190621_phantomMolli_1_10/71,"2019-09-25T17:00:27,188+0200",visu_pars.VisuCreationDate,,,jrc190621_phantomMolli,phantom,jrc190621_phantomMolli,,Bruker BioSpec 7T,1249,DICOM regenerated by Dicomifier 2.5.3 (+ gjesus3 workarounds) from the ParaVision 2dseq before ingest,"phantom study (phantom / QC, Q2); phantom / QC study (Q2): no project, as July's jrc phantoms; MRI platform archive backup_7T_olddata_260824/2019_pv6/20190925_124943_jrc190621_phantomMolli_1_10.tar.gz (SHA-1 347083474896c1ac32c772f6b76aad4f2ab86803); DICOM regenerated by Dicomifier 2.5.3 (+ gjesus3 workarounds) from the ParaVision 2dseq before ingest; operator pending claim (historical MRI, STATUS 0.5 Hold)"
20190925_124943_jrc190621_phantomMolli_1_10/72,"2019-09-25T17:02:22,793+0200",visu_pars.VisuCreationDate,,,jrc190621_phantomMolli,phantom,jrc190621_phantomMolli,,Bruker BioSpec 7T,1249,DICOM regenerated by Dicomifier 2.5.3 (+ gjesus3 workarounds) from the ParaVision 2dseq before ingest,"phantom study (phantom / QC, Q2); phantom / QC study (Q2): no project, as July's jrc phantoms; MRI platform archive backup_7T_olddata_260824/2019_pv6/20190925_124943_jrc190621_phantomMolli_1_10.tar.gz (SHA-1 347083474896c1ac32c772f6b76aad4f2ab86803); DICOM regenerated by Dicomifier 2.5.3 (+ gjesus3 workarounds) from the ParaVision 2dseq before ingest; operator pending claim (historical MRI, STATUS 0.5 Hold)"
20200302_112452_jrc200302_mr7g5_Caff_1_1/1,"2020-03-02T11:47:18,549+0100",visu_pars.VisuCreationDate,,,jrc200302_mr7g5_Caff,phantom,jrc200302_mr7g5_Caff,,Bruker BioSpec 7T,1124,DICOM regenerated by Dicomifier 2.5.3 (+ gjesus3 workarounds) from the ParaVision 2dseq before ingest,"phantom study (phantom / QC, Q2); phantom / QC study (Q2): no project, as July's jrc phantoms; MRI platform archive backup_7T_olddata_260824/2020_pv6/20200302_112452_jrc200302_mr7g5_Caff_1_1.tar.gz (SHA-1 716d1ede7f37b1c125aba2cb3d6d761cd9177566); DICOM regenerated by Dicomifier 2.5.3 (+ gjesus3 workarounds) from the ParaVision 2dseq before ingest; operator pending claim (historical MRI, STATUS 0.5 Hold)"
20200302_112452_jrc200302_mr7g5_Caff_1_1/2,"2020-03-02T11:53:09,896+0100",visu_pars.VisuCreationDate,,,jrc200302_mr7g5_Caff,phantom,jrc200302_mr7g5_Caff,,Bruker BioSpec 7T,1124,DICOM regenerated by Dicomifier 2.5.3 (+ gjesus3 workarounds) from the ParaVision 2dseq before ingest,"phantom study (phantom / QC, Q2); phantom / QC study (Q2): no project, as July's jrc phantoms; MRI platform archive backup_7T_olddata_260824/2020_pv6/20200302_112452_jrc200302_mr7g5_Caff_1_1.tar.gz (SHA-1 716d1ede7f37b1c125aba2cb3d6d761cd9177566); DICOM regenerated by Dicomifier 2.5.3 (+ gjesus3 workarounds) from the ParaVision 2dseq before ingest; operator pending claim (historical MRI, STATUS 0.5 Hold)"
20200302_112452_jrc200302_mr7g5_Caff_1_1/3,"2020-03-02T12:00:13,866+0100",visu_pars.VisuCreationDate,,,jrc200302_mr7g5_Caff,phantom,jrc200302_mr7g5_Caff,,Bruker BioSpec 7T,1124,DICOM regenerated by Dicomifier 2.5.3 (+ gjesus3 workarounds) from the ParaVision 2dseq before ingest,"phantom study (phantom / QC, Q2); phantom / QC study (Q2): no project, as July's jrc phantoms; MRI platform archive backup_7T_olddata_260824/2020_pv6/20200302_112452_jrc200302_mr7g5_Caff_1_1.tar.gz (SHA-1 716d1ede7f37b1c125aba2cb3d6d761cd9177566); DICOM regenerated by Dicomifier 2.5.3 (+ gjesus3 workarounds) from the ParaVision 2dseq before ingest; operator pending claim (historical MRI, STATUS 0.5 Hold)"
20200302_112452_jrc200302_mr7g5_Caff_1_1/4,"2020-03-02T12:15:13,931+0100",visu_pars.VisuCreationDate,,,jrc200302_mr7g5_Caff,phantom,jrc200302_mr7g5_Caff,,Bruker BioSpec 7T,1124,DICOM regenerated by Dicomifier 2.5.3 (+ gjesus3 workarounds) from the ParaVision 2dseq before ingest,"phantom study (phantom / QC, Q2); phantom / QC study (Q2): no project, as July's jrc phantoms; MRI platform archive backup_7T_olddata_260824/2020_pv6/20200302_112452_jrc200302_mr7g5_Caff_1_1.tar.gz (SHA-1 716d1ede7f37b1c125aba2cb3d6d761cd9177566); DICOM regenerated by Dicomifier 2.5.3 (+ gjesus3 workarounds) from the ParaVision 2dseq before ingest; operator pending claim (historical MRI, STATUS 0.5 Hold)"
20200302_112452_jrc200302_mr7g5_Caff_1_1/5,"2020-03-02T12:23:42,329+0100",visu_pars.VisuCreationDate,,,jrc200302_mr7g5_Caff,phantom,jrc200302_mr7g5_Caff,,Bruker BioSpec 7T,1124,DICOM regenerated by Dicomifier 2.5.3 (+ gjesus3 workarounds) from the ParaVision 2dseq before ingest,"phantom study (phantom / QC, Q2); phantom / QC study (Q2): no project, as July's jrc phantoms; MRI platform archive backup_7T_olddata_260824/2020_pv6/20200302_112452_jrc200302_mr7g5_Caff_1_1.tar.gz (SHA-1 716d1ede7f37b1c125aba2cb3d6d761cd9177566); DICOM regenerated by Dicomifier 2.5.3 (+ gjesus3 workarounds) from the ParaVision 2dseq before ingest; operator pending claim (historical MRI, STATUS 0.5 Hold)"
20200312_092500_jrc200312_exvivoAorta_Prueba_1_1/1,"2020-03-12T09:30:35,138+0100",visu_pars.VisuCreationDate,,,jrc200312_exvivoAorta_Prueba,tissue,jrc200312_exvivoAorta_Prueba,,Bruker BioSpec 7T,0925,scanner-exported DICOM,"tissue study (phantom / QC, Q2); phantom / QC study (Q2): no project, as July's jrc phantoms; MRI platform archive backup_7T_olddata_260824/2020_pv6/20200312_092500_jrc200312_exvivoAorta_Prueba_1_1.tar.gz (SHA-1 1641f2a5e60146dfd3dacb27e6a2cfcfef211f9e); scanner-exported DICOM; operator pending claim (historical MRI, STATUS 0.5 Hold)"
20200312_092500_jrc200312_exvivoAorta_Prueba_1_1/2,"2020-03-12T09:35:14,020+0100",visu_pars.VisuCreationDate,,,jrc200312_exvivoAorta_Prueba,tissue,jrc200312_exvivoAorta_Prueba,,Bruker BioSpec 7T,0925,scanner-exported DICOM,"tissue study (phantom / QC, Q2); phantom / QC study (Q2): no project, as July's jrc phantoms; MRI platform archive backup_7T_olddata_260824/2020_pv6/20200312_092500_jrc200312_exvivoAorta_Prueba_1_1.tar.gz (SHA-1 1641f2a5e60146dfd3dacb27e6a2cfcfef211f9e); scanner-exported DICOM; operator pending claim (historical MRI, STATUS 0.5 Hold)"
20200312_092500_jrc200312_exvivoAorta_Prueba_1_1/3,"2020-03-12T09:41:53,470+0100",visu_pars.VisuCreationDate,,,jrc200312_exvivoAorta_Prueba,tissue,jrc200312_exvivoAorta_Prueba,,Bruker BioSpec 7T,0925,scanner-exported DICOM,"tissue study (phantom / QC, Q2); phantom / QC study (Q2): no project, as July's jrc phantoms; MRI platform archive backup_7T_olddata_260824/2020_pv6/20200312_092500_jrc200312_exvivoAorta_Prueba_1_1.tar.gz (SHA-1 1641f2a5e60146dfd3dacb27e6a2cfcfef211f9e); scanner-exported DICOM; operator pending claim (historical MRI, STATUS 0.5 Hold)"
20200312_092500_jrc200312_exvivoAorta_Prueba_1_1/4,"2020-03-12T09:37:40,374+0100",visu_pars.VisuCreationDate,,,jrc200312_exvivoAorta_Prueba,tissue,jrc200312_exvivoAorta_Prueba,,Bruker BioSpec 7T,0925,scanner-exported DICOM,"tissue study (phantom / QC, Q2); phantom / QC study (Q2): no project, as July's jrc phantoms; MRI platform archive backup_7T_olddata_260824/2020_pv6/20200312_092500_jrc200312_exvivoAorta_Prueba_1_1.tar.gz (SHA-1 1641f2a5e60146dfd3dacb27e6a2cfcfef211f9e); scanner-exported DICOM; operator pending claim (historical MRI, STATUS 0.5 Hold)"
20200312_092500_jrc200312_exvivoAorta_Prueba_1_1/5,"2020-03-12T09:47:59,585+0100",visu_pars.VisuCreationDate,,,jrc200312_exvivoAorta_Prueba,tissue,jrc200312_exvivoAorta_Prueba,,Bruker BioSpec 7T,0925,scanner-exported DICOM,"tissue study (phantom / QC, Q2); phantom / QC study (Q2): no project, as July's jrc phantoms; MRI platform archive backup_7T_olddata_260824/2020_pv6/20200312_092500_jrc200312_exvivoAorta_Prueba_1_1.tar.gz (SHA-1 1641f2a5e60146dfd3dacb27e6a2cfcfef211f9e); scanner-exported DICOM; operator pending claim (historical MRI, STATUS 0.5 Hold)"
20200312_092500_jrc200312_exvivoAorta_Prueba_1_1/7,"2020-03-12T09:53:27,801+0100",visu_pars.VisuCreationDate,,,jrc200312_exvivoAorta_Prueba,tissue,jrc200312_exvivoAorta_Prueba,,Bruker BioSpec 7T,0925,scanner-exported DICOM,"tissue study (phantom / QC, Q2); phantom / QC study (Q2): no project, as July's jrc phantoms; MRI platform archive backup_7T_olddata_260824/2020_pv6/20200312_092500_jrc200312_exvivoAorta_Prueba_1_1.tar.gz (SHA-1 1641f2a5e60146dfd3dacb27e6a2cfcfef211f9e); scanner-exported DICOM; operator pending claim (historical MRI, STATUS 0.5 Hold)"
20200312_092500_jrc200312_exvivoAorta_Prueba_1_1/8,"2020-03-12T09:58:08,692+0100",visu_pars.VisuCreationDate,,,jrc200312_exvivoAorta_Prueba,tissue,jrc200312_exvivoAorta_Prueba,,Bruker BioSpec 7T,0925,scanner-exported DICOM,"tissue study (phantom / QC, Q2); phantom / QC study (Q2): no project, as July's jrc phantoms; MRI platform archive backup_7T_olddata_260824/2020_pv6/20200312_092500_jrc200312_exvivoAorta_Prueba_1_1.tar.gz (SHA-1 1641f2a5e60146dfd3dacb27e6a2cfcfef211f9e); scanner-exported DICOM; operator pending claim (historical MRI, STATUS 0.5 Hold)"
20200312_092500_jrc200312_exvivoAorta_Prueba_1_1/9,"2020-03-12T10:09:32,379+0100",visu_pars.VisuCreationDate,,,jrc200312_exvivoAorta_Prueba,tissue,jrc200312_exvivoAorta_Prueba,,Bruker BioSpec 7T,0925,scanner-exported DICOM,"tissue study (phantom / QC, Q2); phantom / QC study (Q2): no project, as July's jrc phantoms; MRI platform archive backup_7T_olddata_260824/2020_pv6/20200312_092500_jrc200312_exvivoAorta_Prueba_1_1.tar.gz (SHA-1 1641f2a5e60146dfd3dacb27e6a2cfcfef211f9e); scanner-exported DICOM; operator pending claim (historical MRI, STATUS 0.5 Hold)"
20200312_092500_jrc200312_exvivoAorta_Prueba_1_1/11,"2020-03-12T10:19:48,535+0100",visu_pars.VisuCreationDate,,,jrc200312_exvivoAorta_Prueba,tissue,jrc200312_exvivoAorta_Prueba,,Bruker BioSpec 7T,0925,scanner-exported DICOM,"tissue study (phantom / QC, Q2); phantom / QC study (Q2): no project, as July's jrc phantoms; MRI platform archive backup_7T_olddata_260824/2020_pv6/20200312_092500_jrc200312_exvivoAorta_Prueba_1_1.tar.gz (SHA-1 1641f2a5e60146dfd3dacb27e6a2cfcfef211f9e); scanner-exported DICOM; operator pending claim (historical MRI, STATUS 0.5 Hold)"
20200312_092500_jrc200312_exvivoAorta_Prueba_1_1/14,"2020-03-12T10:40:38,566+0100",visu_pars.VisuCreationDate,,,jrc200312_exvivoAorta_Prueba,tissue,jrc200312_exvivoAorta_Prueba,,Bruker BioSpec 7T,0925,scanner-exported DICOM,"tissue study (phantom / QC, Q2); phantom / QC study (Q2): no project, as July's jrc phantoms; MRI platform archive backup_7T_olddata_260824/2020_pv6/20200312_092500_jrc200312_exvivoAorta_Prueba_1_1.tar.gz (SHA-1 1641f2a5e60146dfd3dacb27e6a2cfcfef211f9e); scanner-exported DICOM; operator pending claim (historical MRI, STATUS 0.5 Hold)"
20200312_092500_jrc200312_exvivoAorta_Prueba_1_1/15,"2020-03-12T10:46:34,750+0100",visu_pars.VisuCreationDate,,,jrc200312_exvivoAorta_Prueba,tissue,jrc200312_exvivoAorta_Prueba,,Bruker BioSpec 7T,0925,scanner-exported DICOM,"tissue study (phantom / QC, Q2); phantom / QC study (Q2): no project, as July's jrc phantoms; MRI platform archive backup_7T_olddata_260824/2020_pv6/20200312_092500_jrc200312_exvivoAorta_Prueba_1_1.tar.gz (SHA-1 1641f2a5e60146dfd3dacb27e6a2cfcfef211f9e); scanner-exported DICOM; operator pending claim (historical MRI, STATUS 0.5 Hold)"
20200312_092500_jrc200312_exvivoAorta_Prueba_1_1/16,"2020-03-12T10:54:45,131+0100",visu_pars.VisuCreationDate,,,jrc200312_exvivoAorta_Prueba,tissue,jrc200312_exvivoAorta_Prueba,,Bruker BioSpec 7T,0925,scanner-exported DICOM,"tissue study (phantom / QC, Q2); phantom / QC study (Q2): no project, as July's jrc phantoms; MRI platform archive backup_7T_olddata_260824/2020_pv6/20200312_092500_jrc200312_exvivoAorta_Prueba_1_1.tar.gz (SHA-1 1641f2a5e60146dfd3dacb27e6a2cfcfef211f9e); scanner-exported DICOM; operator pending claim (historical MRI, STATUS 0.5 Hold)"
20200312_092500_jrc200312_exvivoAorta_Prueba_1_1/17,"2020-03-12T11:02:05,264+0100",visu_pars.VisuCreationDate,,,jrc200312_exvivoAorta_Prueba,tissue,jrc200312_exvivoAorta_Prueba,,Bruker BioSpec 7T,0925,scanner-exported DICOM,"tissue study (phantom / QC, Q2); phantom / QC study (Q2): no project, as July's jrc phantoms; MRI platform archive backup_7T_olddata_260824/2020_pv6/20200312_092500_jrc200312_exvivoAorta_Prueba_1_1.tar.gz (SHA-1 1641f2a5e60146dfd3dacb27e6a2cfcfef211f9e); scanner-exported DICOM; operator pending claim (historical MRI, STATUS 0.5 Hold)"
20200312_092500_jrc200312_exvivoAorta_Prueba_1_1/18,"2020-03-12T11:21:45,155+0100",visu_pars.VisuCreationDate,,,jrc200312_exvivoAorta_Prueba,tissue,jrc200312_exvivoAorta_Prueba,,Bruker BioSpec 7T,0925,scanner-exported DICOM,"tissue study (phantom / QC, Q2); phantom / QC study (Q2): no project, as July's jrc phantoms; MRI platform archive backup_7T_olddata_260824/2020_pv6/20200312_092500_jrc200312_exvivoAorta_Prueba_1_1.tar.gz (SHA-1 1641f2a5e60146dfd3dacb27e6a2cfcfef211f9e); scanner-exported DICOM; operator pending claim (historical MRI, STATUS 0.5 Hold)"
20200312_140259_jrc200312_m38_pruebaGalbumin2_1_1/1,"2020-03-12T14:10:49,681+0100",visu_pars.VisuCreationDate,,,m38,organism,jrc200312_m38_pruebaGalbumin2,,Bruker BioSpec 7T,1402,DICOM regenerated by Dicomifier 2.5.3 (+ gjesus3 workarounds) from the ParaVision 2dseq before ingest,"organism study (phantom / QC, Q2); phantom / QC study (Q2): no project, as July's jrc phantoms; MRI platform archive backup_7T_olddata_260824/2020_pv6/20200312_140259_jrc200312_m38_pruebaGalbumin2_1_1.tar.gz (SHA-1 464278938a570b49cd639159f8d45af98dca6b05); DICOM regenerated by Dicomifier 2.5.3 (+ gjesus3 workarounds) from the ParaVision 2dseq before ingest; operator pending claim (historical MRI, STATUS 0.5 Hold)"
20200312_140259_jrc200312_m38_pruebaGalbumin2_1_1/2,"2020-03-12T14:14:19,140+0100",visu_pars.VisuCreationDate,,,m38,organism,jrc200312_m38_pruebaGalbumin2,,Bruker BioSpec 7T,1402,DICOM regenerated by Dicomifier 2.5.3 (+ gjesus3 workarounds) from the ParaVision 2dseq before ingest,"organism study (phantom / QC, Q2); phantom / QC study (Q2): no project, as July's jrc phantoms; MRI platform archive backup_7T_olddata_260824/2020_pv6/20200312_140259_jrc200312_m38_pruebaGalbumin2_1_1.tar.gz (SHA-1 464278938a570b49cd639159f8d45af98dca6b05); DICOM regenerated by Dicomifier 2.5.3 (+ gjesus3 workarounds) from the ParaVision 2dseq before ingest; operator pending claim (historical MRI, STATUS 0.5 Hold)"
20200312_140259_jrc200312_m38_pruebaGalbumin2_1_1/3,"2020-03-12T14:18:20,042+0100",visu_pars.VisuCreationDate,,,m38,organism,jrc200312_m38_pruebaGalbumin2,,Bruker BioSpec 7T,1402,DICOM regenerated by Dicomifier 2.5.3 (+ gjesus3 workarounds) from the ParaVision 2dseq before ingest,"organism study (phantom / QC, Q2); phantom / QC study (Q2): no project, as July's jrc phantoms; MRI platform archive backup_7T_olddata_260824/2020_pv6/20200312_140259_jrc200312_m38_pruebaGalbumin2_1_1.tar.gz (SHA-1 464278938a570b49cd639159f8d45af98dca6b05); DICOM regenerated by Dicomifier 2.5.3 (+ gjesus3 workarounds) from the ParaVision 2dseq before ingest; operator pending claim (historical MRI, STATUS 0.5 Hold)"
20200312_140259_jrc200312_m38_pruebaGalbumin2_1_1/4,"2020-03-12T14:21:46,198+0100",visu_pars.VisuCreationDate,,,m38,organism,jrc200312_m38_pruebaGalbumin2,,Bruker BioSpec 7T,1402,DICOM regenerated by Dicomifier 2.5.3 (+ gjesus3 workarounds) from the ParaVision 2dseq before ingest,"organism study (phantom / QC, Q2); phantom / QC study (Q2): no project, as July's jrc phantoms; MRI platform archive backup_7T_olddata_260824/2020_pv6/20200312_140259_jrc200312_m38_pruebaGalbumin2_1_1.tar.gz (SHA-1 464278938a570b49cd639159f8d45af98dca6b05); DICOM regenerated by Dicomifier 2.5.3 (+ gjesus3 workarounds) from the ParaVision 2dseq before ingest; operator pending claim (historical MRI, STATUS 0.5 Hold)"
20200312_140259_jrc200312_m38_pruebaGalbumin2_1_1/6,"2020-03-12T14:29:03,007+0100",visu_pars.VisuCreationDate,,,m38,organism,jrc200312_m38_pruebaGalbumin2,,Bruker BioSpec 7T,1402,DICOM regenerated by Dicomifier 2.5.3 (+ gjesus3 workarounds) from the ParaVision 2dseq before ingest,"organism study (phantom / QC, Q2); phantom / QC study (Q2): no project, as July's jrc phantoms; MRI platform archive backup_7T_olddata_260824/2020_pv6/20200312_140259_jrc200312_m38_pruebaGalbumin2_1_1.tar.gz (SHA-1 464278938a570b49cd639159f8d45af98dca6b05); DICOM regenerated by Dicomifier 2.5.3 (+ gjesus3 workarounds) from the ParaVision 2dseq before ingest; operator pending claim (historical MRI, STATUS 0.5 Hold)"
20200312_140259_jrc200312_m38_pruebaGalbumin2_1_1/8,"2020-03-12T14:48:58,652+0100",visu_pars.VisuCreationDate,,,m38,organism,jrc200312_m38_pruebaGalbumin2,,Bruker BioSpec 7T,1402,DICOM regenerated by Dicomifier 2.5.3 (+ gjesus3 workarounds) from the ParaVision 2dseq before ingest,"organism study (phantom / QC, Q2); phantom / QC study (Q2): no project, as July's jrc phantoms; MRI platform archive backup_7T_olddata_260824/2020_pv6/20200312_140259_jrc200312_m38_pruebaGalbumin2_1_1.tar.gz (SHA-1 464278938a570b49cd639159f8d45af98dca6b05); DICOM regenerated by Dicomifier 2.5.3 (+ gjesus3 workarounds) from the ParaVision 2dseq before ingest; operator pending claim (historical MRI, STATUS 0.5 Hold)"
20200312_140259_jrc200312_m38_pruebaGalbumin2_1_1/9,"2020-03-12T14:58:50,315+0100",visu_pars.VisuCreationDate,,,m38,organism,jrc200312_m38_pruebaGalbumin2,,Bruker BioSpec 7T,1402,DICOM regenerated by Dicomifier 2.5.3 (+ gjesus3 workarounds) from the ParaVision 2dseq before ingest,"organism study (phantom / QC, Q2); phantom / QC study (Q2): no project, as July's jrc phantoms; MRI platform archive backup_7T_olddata_260824/2020_pv6/20200312_140259_jrc200312_m38_pruebaGalbumin2_1_1.tar.gz (SHA-1 464278938a570b49cd639159f8d45af98dca6b05); DICOM regenerated by Dicomifier 2.5.3 (+ gjesus3 workarounds) from the ParaVision 2dseq before ingest; operator pending claim (historical MRI, STATUS 0.5 Hold)"
20200312_140259_jrc200312_m38_pruebaGalbumin2_1_1/11,"2020-03-12T15:01:25,750+0100",visu_pars.VisuCreationDate,,,m38,organism,jrc200312_m38_pruebaGalbumin2,,Bruker BioSpec 7T,1402,DICOM regenerated by Dicomifier 2.5.3 (+ gjesus3 workarounds) from the ParaVision 2dseq before ingest,"organism study (phantom / QC, Q2); phantom / QC study (Q2): no project, as July's jrc phantoms; MRI platform archive backup_7T_olddata_260824/2020_pv6/20200312_140259_jrc200312_m38_pruebaGalbumin2_1_1.tar.gz (SHA-1 464278938a570b49cd639159f8d45af98dca6b05); DICOM regenerated by Dicomifier 2.5.3 (+ gjesus3 workarounds) from the ParaVision 2dseq before ingest; operator pending claim (historical MRI, STATUS 0.5 Hold)"
20200312_140259_jrc200312_m38_pruebaGalbumin2_1_1/12,"2020-03-12T15:03:29,523+0100",visu_pars.VisuCreationDate,,,m38,organism,jrc200312_m38_pruebaGalbumin2,,Bruker BioSpec 7T,1402,DICOM regenerated by Dicomifier 2.5.3 (+ gjesus3 workarounds) from the ParaVision 2dseq before ingest,"organism study (phantom / QC, Q2); phantom / QC study (Q2): no project, as July's jrc phantoms; MRI platform archive backup_7T_olddata_260824/2020_pv6/20200312_140259_jrc200312_m38_pruebaGalbumin2_1_1.tar.gz (SHA-1 464278938a570b49cd639159f8d45af98dca6b05); DICOM regenerated by Dicomifier 2.5.3 (+ gjesus3 workarounds) from the ParaVision 2dseq before ingest; operator pending claim (historical MRI, STATUS 0.5 Hold)"
20200312_140259_jrc200312_m38_pruebaGalbumin2_1_1/13,"2020-03-12T15:05:58,404+0100",visu_pars.VisuCreationDate,,,m38,organism,jrc200312_m38_pruebaGalbumin2,,Bruker BioSpec 7T,1402,DICOM regenerated by Dicomifier 2.5.3 (+ gjesus3 workarounds) from the ParaVision 2dseq before ingest,"organism study (phantom / QC, Q2); phantom / QC study (Q2): no project, as July's jrc phantoms; MRI platform archive backup_7T_olddata_260824/2020_pv6/20200312_140259_jrc200312_m38_pruebaGalbumin2_1_1.tar.gz (SHA-1 464278938a570b49cd639159f8d45af98dca6b05); DICOM regenerated by Dicomifier 2.5.3 (+ gjesus3 workarounds) from the ParaVision 2dseq before ingest; operator pending claim (historical MRI, STATUS 0.5 Hold)"
20200312_140259_jrc200312_m38_pruebaGalbumin2_1_1/16,"2020-03-12T15:18:51,242+0100",visu_pars.VisuCreationDate,,,m38,organism,jrc200312_m38_pruebaGalbumin2,,Bruker BioSpec 7T,1402,DICOM regenerated by Dicomifier 2.5.3 (+ gjesus3 workarounds) from the ParaVision 2dseq before ingest,"organism study (phantom / QC, Q2); phantom / QC study (Q2): no project, as July's jrc phantoms; MRI platform archive backup_7T_olddata_260824/2020_pv6/20200312_140259_jrc200312_m38_pruebaGalbumin2_1_1.tar.gz (SHA-1 464278938a570b49cd639159f8d45af98dca6b05); DICOM regenerated by Dicomifier 2.5.3 (+ gjesus3 workarounds) from the ParaVision 2dseq before ingest; operator pending claim (historical MRI, STATUS 0.5 Hold)"
20200312_140259_jrc200312_m38_pruebaGalbumin2_1_1/17,"2020-03-12T15:08:18,799+0100",visu_pars.VisuCreationDate,,,m38,organism,jrc200312_m38_pruebaGalbumin2,,Bruker BioSpec 7T,1402,DICOM regenerated by Dicomifier 2.5.3 (+ gjesus3 workarounds) from the ParaVision 2dseq before ingest,"organism study (phantom / QC, Q2); phantom / QC study (Q2): no project, as July's jrc phantoms; MRI platform archive backup_7T_olddata_260824/2020_pv6/20200312_140259_jrc200312_m38_pruebaGalbumin2_1_1.tar.gz (SHA-1 464278938a570b49cd639159f8d45af98dca6b05); DICOM regenerated by Dicomifier 2.5.3 (+ gjesus3 workarounds) from the ParaVision 2dseq before ingest; operator pending claim (historical MRI, STATUS 0.5 Hold)"
20200312_140259_jrc200312_m38_pruebaGalbumin2_1_1/18,"2020-03-12T15:14:38,754+0100",visu_pars.VisuCreationDate,,,m38,organism,jrc200312_m38_pruebaGalbumin2,,Bruker BioSpec 7T,1402,DICOM regenerated by Dicomifier 2.5.3 (+ gjesus3 workarounds) from the ParaVision 2dseq before ingest,"organism study (phantom / QC, Q2); phantom / QC study (Q2): no project, as July's jrc phantoms; MRI platform archive backup_7T_olddata_260824/2020_pv6/20200312_140259_jrc200312_m38_pruebaGalbumin2_1_1.tar.gz (SHA-1 464278938a570b49cd639159f8d45af98dca6b05); DICOM regenerated by Dicomifier 2.5.3 (+ gjesus3 workarounds) from the ParaVision 2dseq before ingest; operator pending claim (historical MRI, STATUS 0.5 Hold)"
20200312_140259_jrc200312_m38_pruebaGalbumin2_1_1/19,"2020-03-12T15:22:31,575+0100",visu_pars.VisuCreationDate,,,m38,organism,jrc200312_m38_pruebaGalbumin2,,Bruker BioSpec 7T,1402,DICOM regenerated by Dicomifier 2.5.3 (+ gjesus3 workarounds) from the ParaVision 2dseq before ingest,"organism study (phantom / QC, Q2); phantom / QC study (Q2): no project, as July's jrc phantoms; MRI platform archive backup_7T_olddata_260824/2020_pv6/20200312_140259_jrc200312_m38_pruebaGalbumin2_1_1.tar.gz (SHA-1 464278938a570b49cd639159f8d45af98dca6b05); DICOM regenerated by Dicomifier 2.5.3 (+ gjesus3 workarounds) from the ParaVision 2dseq before ingest; operator pending claim (historical MRI, STATUS 0.5 Hold)"
20200525_113639_jrc200524pruebasecuencia_1_1/3,"2020-05-25T11:40:30,685+0200",visu_pars.VisuCreationDate,,,jrc200524pruebasecuencia,phantom,jrc200524pruebasecuencia,,Bruker BioSpec 7T,1136,DICOM regenerated by Dicomifier 2.5.3 (+ gjesus3 workarounds) from the ParaVision 2dseq before ingest,"phantom study (phantom / QC, Q2); phantom / QC study (Q2): no project, as July's jrc phantoms; MRI platform archive backup_7T_olddata_260824/2020_pv6/20200525_113639_jrc200524pruebasecuencia_1_1.tar.gz (SHA-1 018ccfd19d9bc7096b3314233a93949a6760e30d); DICOM regenerated by Dicomifier 2.5.3 (+ gjesus3 workarounds) from the ParaVision 2dseq before ingest; operator pending claim (historical MRI, STATUS 0.5 Hold)"
20200525_113639_jrc200524pruebasecuencia_1_1/10,"2020-05-25T12:36:49,408+0200",visu_pars.VisuCreationDate,,,jrc200524pruebasecuencia,phantom,jrc200524pruebasecuencia,,Bruker BioSpec 7T,1136,DICOM regenerated by Dicomifier 2.5.3 (+ gjesus3 workarounds) from the ParaVision 2dseq before ingest,"phantom study (phantom / QC, Q2); phantom / QC study (Q2): no project, as July's jrc phantoms; MRI platform archive backup_7T_olddata_260824/2020_pv6/20200525_113639_jrc200524pruebasecuencia_1_1.tar.gz (SHA-1 018ccfd19d9bc7096b3314233a93949a6760e30d); DICOM regenerated by Dicomifier 2.5.3 (+ gjesus3 workarounds) from the ParaVision 2dseq before ingest; operator pending claim (historical MRI, STATUS 0.5 Hold)"
20200525_113639_jrc200524pruebasecuencia_1_1/11,"2020-05-25T12:23:54,730+0200",visu_pars.VisuCreationDate,,,jrc200524pruebasecuencia,phantom,jrc200524pruebasecuencia,,Bruker BioSpec 7T,1136,DICOM regenerated by Dicomifier 2.5.3 (+ gjesus3 workarounds) from the ParaVision 2dseq before ingest,"phantom study (phantom / QC, Q2); phantom / QC study (Q2): no project, as July's jrc phantoms; MRI platform archive backup_7T_olddata_260824/2020_pv6/20200525_113639_jrc200524pruebasecuencia_1_1.tar.gz (SHA-1 018ccfd19d9bc7096b3314233a93949a6760e30d); DICOM regenerated by Dicomifier 2.5.3 (+ gjesus3 workarounds) from the ParaVision 2dseq before ingest; operator pending claim (historical MRI, STATUS 0.5 Hold)"
20200525_113639_jrc200524pruebasecuencia_1_1/12,"2020-05-25T12:41:55,224+0200",visu_pars.VisuCreationDate,,,jrc200524pruebasecuencia,phantom,jrc200524pruebasecuencia,,Bruker BioSpec 7T,1136,DICOM regenerated by Dicomifier 2.5.3 (+ gjesus3 workarounds) from the ParaVision 2dseq before ingest,"phantom study (phantom / QC, Q2); phantom / QC study (Q2): no project, as July's jrc phantoms; MRI platform archive backup_7T_olddata_260824/2020_pv6/20200525_113639_jrc200524pruebasecuencia_1_1.tar.gz (SHA-1 018ccfd19d9bc7096b3314233a93949a6760e30d); DICOM regenerated by Dicomifier 2.5.3 (+ gjesus3 workarounds) from the ParaVision 2dseq before ingest; operator pending claim (historical MRI, STATUS 0.5 Hold)"
20200915_110726_jrc200915_testantenacorazon_1_1/1,"2020-09-15T11:14:43,785+0200",visu_pars.VisuCreationDate,,,jrc200915_testantenacorazon,phantom,jrc200915_testantenacorazon,,Bruker BioSpec 7T,1107,DICOM regenerated by Dicomifier 2.5.3 (+ gjesus3 workarounds) from the ParaVision 2dseq before ingest,"phantom study (phantom / QC, Q2); phantom / QC study (Q2): no project, as July's jrc phantoms; MRI platform archive backup_7T_olddata_260824/2020_pv6/20200915_110726_jrc200915_testantenacorazon_1_1.tar.gz (SHA-1 b9b996e9a2c709ac4bdbd931783d3414159c2373); DICOM regenerated by Dicomifier 2.5.3 (+ gjesus3 workarounds) from the ParaVision 2dseq before ingest; operator pending claim (historical MRI, STATUS 0.5 Hold)"
20200921_120748_jrc200921_m3prueba_postcirugw2_1519_1_1/2,"2020-09-21T12:33:10,255+0200",visu_pars.VisuCreationDate,,,m3,organism,jrc200921_m3prueba_postcirugw2_1519,,Bruker BioSpec 7T,1207,scanner-exported DICOM,"organism study (phantom / QC, Q2); phantom / QC study (Q2): no project, as July's jrc phantoms; MRI platform archive backup_7T_olddata_260824/2020_pv6/20200921_120748_jrc200921_m3prueba_postcirugw2_1519_1_1.tar.gz (SHA-1 71fff0b42994ded4720be97703d2641eca5d39f2); scanner-exported DICOM; operator pending claim (historical MRI, STATUS 0.5 Hold)"
20200921_120748_jrc200921_m3prueba_postcirugw2_1519_1_1/3,"2020-09-21T12:31:44,640+0200",visu_pars.VisuCreationDate,,,m3,organism,jrc200921_m3prueba_postcirugw2_1519,,Bruker BioSpec 7T,1207,scanner-exported DICOM,"organism study (phantom / QC, Q2); phantom / QC study (Q2): no project, as July's jrc phantoms; MRI platform archive backup_7T_olddata_260824/2020_pv6/20200921_120748_jrc200921_m3prueba_postcirugw2_1519_1_1.tar.gz (SHA-1 71fff0b42994ded4720be97703d2641eca5d39f2); scanner-exported DICOM; operator pending claim (historical MRI, STATUS 0.5 Hold)"
20200921_120748_jrc200921_m3prueba_postcirugw2_1519_1_1/4,"2020-09-21T12:34:39,730+0200",visu_pars.VisuCreationDate,,,m3,organism,jrc200921_m3prueba_postcirugw2_1519,,Bruker BioSpec 7T,1207,scanner-exported DICOM,"organism study (phantom / QC, Q2); phantom / QC study (Q2): no project, as July's jrc phantoms; MRI platform archive backup_7T_olddata_260824/2020_pv6/20200921_120748_jrc200921_m3prueba_postcirugw2_1519_1_1.tar.gz (SHA-1 71fff0b42994ded4720be97703d2641eca5d39f2); scanner-exported DICOM; operator pending claim (historical MRI, STATUS 0.5 Hold)"
20200921_120748_jrc200921_m3prueba_postcirugw2_1519_1_1/5,"2020-09-21T12:39:19,844+0200",visu_pars.VisuCreationDate,,,m3,organism,jrc200921_m3prueba_postcirugw2_1519,,Bruker BioSpec 7T,1207,scanner-exported DICOM,"organism study (phantom / QC, Q2); phantom / QC study (Q2): no project, as July's jrc phantoms; MRI platform archive backup_7T_olddata_260824/2020_pv6/20200921_120748_jrc200921_m3prueba_postcirugw2_1519_1_1.tar.gz (SHA-1 71fff0b42994ded4720be97703d2641eca5d39f2); scanner-exported DICOM; operator pending claim (historical MRI, STATUS 0.5 Hold)"
20200921_120748_jrc200921_m3prueba_postcirugw2_1519_1_1/7,"2020-09-21T12:43:02,779+0200",visu_pars.VisuCreationDate,,,m3,organism,jrc200921_m3prueba_postcirugw2_1519,,Bruker BioSpec 7T,1207,scanner-exported DICOM,"organism study (phantom / QC, Q2); phantom / QC study (Q2): no project, as July's jrc phantoms; MRI platform archive backup_7T_olddata_260824/2020_pv6/20200921_120748_jrc200921_m3prueba_postcirugw2_1519_1_1.tar.gz (SHA-1 71fff0b42994ded4720be97703d2641eca5d39f2); scanner-exported DICOM; operator pending claim (historical MRI, STATUS 0.5 Hold)"
20200921_120748_jrc200921_m3prueba_postcirugw2_1519_1_1/8,"2020-09-21T12:46:44,628+0200",visu_pars.VisuCreationDate,,,m3,organism,jrc200921_m3prueba_postcirugw2_1519,,Bruker BioSpec 7T,1207,scanner-exported DICOM,"organism study (phantom / QC, Q2); phantom / QC study (Q2): no project, as July's jrc phantoms; MRI platform archive backup_7T_olddata_260824/2020_pv6/20200921_120748_jrc200921_m3prueba_postcirugw2_1519_1_1.tar.gz (SHA-1 71fff0b42994ded4720be97703d2641eca5d39f2); scanner-exported DICOM; operator pending claim (historical MRI, STATUS 0.5 Hold)"
20200921_120748_jrc200921_m3prueba_postcirugw2_1519_1_1/11,"2020-09-21T12:54:56,892+0200",visu_pars.VisuCreationDate,,,m3,organism,jrc200921_m3prueba_postcirugw2_1519,,Bruker BioSpec 7T,1207,scanner-exported DICOM,"organism study (phantom / QC, Q2); phantom / QC study (Q2): no project, as July's jrc phantoms; MRI platform archive backup_7T_olddata_260824/2020_pv6/20200921_120748_jrc200921_m3prueba_postcirugw2_1519_1_1.tar.gz (SHA-1 71fff0b42994ded4720be97703d2641eca5d39f2); scanner-exported DICOM; operator pending claim (historical MRI, STATUS 0.5 Hold)"
20200921_120748_jrc200921_m3prueba_postcirugw2_1519_1_1/12,"2020-09-21T12:59:13,297+0200",visu_pars.VisuCreationDate,,,m3,organism,jrc200921_m3prueba_postcirugw2_1519,,Bruker BioSpec 7T,1207,scanner-exported DICOM,"organism study (phantom / QC, Q2); phantom / QC study (Q2): no project, as July's jrc phantoms; MRI platform archive backup_7T_olddata_260824/2020_pv6/20200921_120748_jrc200921_m3prueba_postcirugw2_1519_1_1.tar.gz (SHA-1 71fff0b42994ded4720be97703d2641eca5d39f2); scanner-exported DICOM; operator pending claim (historical MRI, STATUS 0.5 Hold)"
20200921_120748_jrc200921_m3prueba_postcirugw2_1519_1_1/18,"2020-09-21T13:12:41,113+0200",visu_pars.VisuCreationDate,,,m3,organism,jrc200921_m3prueba_postcirugw2_1519,,Bruker BioSpec 7T,1207,scanner-exported DICOM,"organism study (phantom / QC, Q2); phantom / QC study (Q2): no project, as July's jrc phantoms; MRI platform archive backup_7T_olddata_260824/2020_pv6/20200921_120748_jrc200921_m3prueba_postcirugw2_1519_1_1.tar.gz (SHA-1 71fff0b42994ded4720be97703d2641eca5d39f2); scanner-exported DICOM; operator pending claim (historical MRI, STATUS 0.5 Hold)"
20200921_120748_jrc200921_m3prueba_postcirugw2_1519_1_1/21,"2020-09-21T13:26:06,893+0200",visu_pars.VisuCreationDate,,,m3,organism,jrc200921_m3prueba_postcirugw2_1519,,Bruker BioSpec 7T,1207,scanner-exported DICOM,"organism study (phantom / QC, Q2); phantom / QC study (Q2): no project, as July's jrc phantoms; MRI platform archive backup_7T_olddata_260824/2020_pv6/20200921_120748_jrc200921_m3prueba_postcirugw2_1519_1_1.tar.gz (SHA-1 71fff0b42994ded4720be97703d2641eca5d39f2); scanner-exported DICOM; operator pending claim (historical MRI, STATUS 0.5 Hold)"
20200921_120748_jrc200921_m3prueba_postcirugw2_1519_1_1/22,"2020-09-21T13:20:37,368+0200",visu_pars.VisuCreationDate,,,m3,organism,jrc200921_m3prueba_postcirugw2_1519,,Bruker BioSpec 7T,1207,scanner-exported DICOM,"organism study (phantom / QC, Q2); phantom / QC study (Q2): no project, as July's jrc phantoms; MRI platform archive backup_7T_olddata_260824/2020_pv6/20200921_120748_jrc200921_m3prueba_postcirugw2_1519_1_1.tar.gz (SHA-1 71fff0b42994ded4720be97703d2641eca5d39f2); scanner-exported DICOM; operator pending claim (historical MRI, STATUS 0.5 Hold)"
20200921_120748_jrc200921_m3prueba_postcirugw2_1519_1_1/23,"2020-09-21T13:29:53,161+0200",visu_pars.VisuCreationDate,,,m3,organism,jrc200921_m3prueba_postcirugw2_1519,,Bruker BioSpec 7T,1207,scanner-exported DICOM,"organism study (phantom / QC, Q2); phantom / QC study (Q2): no project, as July's jrc phantoms; MRI platform archive backup_7T_olddata_260824/2020_pv6/20200921_120748_jrc200921_m3prueba_postcirugw2_1519_1_1.tar.gz (SHA-1 71fff0b42994ded4720be97703d2641eca5d39f2); scanner-exported DICOM; operator pending claim (historical MRI, STATUS 0.5 Hold)"
20200921_120748_jrc200921_m3prueba_postcirugw2_1519_1_1/24,"2020-09-21T13:36:53,203+0200",visu_pars.VisuCreationDate,,,m3,organism,jrc200921_m3prueba_postcirugw2_1519,,Bruker BioSpec 7T,1207,scanner-exported DICOM,"organism study (phantom / QC, Q2); phantom / QC study (Q2): no project, as July's jrc phantoms; MRI platform archive backup_7T_olddata_260824/2020_pv6/20200921_120748_jrc200921_m3prueba_postcirugw2_1519_1_1.tar.gz (SHA-1 71fff0b42994ded4720be97703d2641eca5d39f2); scanner-exported DICOM; operator pending claim (historical MRI, STATUS 0.5 Hold)"
20200921_120748_jrc200921_m3prueba_postcirugw2_1519_1_1/25,"2020-09-21T13:38:03,897+0200",visu_pars.VisuCreationDate,,,m3,organism,jrc200921_m3prueba_postcirugw2_1519,,Bruker BioSpec 7T,1207,scanner-exported DICOM,"organism study (phantom / QC, Q2); phantom / QC study (Q2): no project, as July's jrc phantoms; MRI platform archive backup_7T_olddata_260824/2020_pv6/20200921_120748_jrc200921_m3prueba_postcirugw2_1519_1_1.tar.gz (SHA-1 71fff0b42994ded4720be97703d2641eca5d39f2); scanner-exported DICOM; operator pending claim (historical MRI, STATUS 0.5 Hold)"
20200921_120748_jrc200921_m3prueba_postcirugw2_1519_1_1/28,"2020-09-21T13:46:34,373+0200",visu_pars.VisuCreationDate,,,m3,organism,jrc200921_m3prueba_postcirugw2_1519,,Bruker BioSpec 7T,1207,scanner-exported DICOM,"organism study (phantom / QC, Q2); phantom / QC study (Q2): no project, as July's jrc phantoms; MRI platform archive backup_7T_olddata_260824/2020_pv6/20200921_120748_jrc200921_m3prueba_postcirugw2_1519_1_1.tar.gz (SHA-1 71fff0b42994ded4720be97703d2641eca5d39f2); scanner-exported DICOM; operator pending claim (historical MRI, STATUS 0.5 Hold)"
20200921_120748_jrc200921_m3prueba_postcirugw2_1519_1_1/30,"2020-09-21T13:52:04,083+0200",visu_pars.VisuCreationDate,,,m3,organism,jrc200921_m3prueba_postcirugw2_1519,,Bruker BioSpec 7T,1207,scanner-exported DICOM,"organism study (phantom / QC, Q2); phantom / QC study (Q2): no project, as July's jrc phantoms; MRI platform archive backup_7T_olddata_260824/2020_pv6/20200921_120748_jrc200921_m3prueba_postcirugw2_1519_1_1.tar.gz (SHA-1 71fff0b42994ded4720be97703d2641eca5d39f2); scanner-exported DICOM; operator pending claim (historical MRI, STATUS 0.5 Hold)"
20200921_120748_jrc200921_m3prueba_postcirugw2_1519_1_1/31,"2020-09-21T13:56:53,110+0200",visu_pars.VisuCreationDate,,,m3,organism,jrc200921_m3prueba_postcirugw2_1519,,Bruker BioSpec 7T,1207,scanner-exported DICOM,"organism study (phantom / QC, Q2); phantom / QC study (Q2): no project, as July's jrc phantoms; MRI platform archive backup_7T_olddata_260824/2020_pv6/20200921_120748_jrc200921_m3prueba_postcirugw2_1519_1_1.tar.gz (SHA-1 71fff0b42994ded4720be97703d2641eca5d39f2); scanner-exported DICOM; operator pending claim (historical MRI, STATUS 0.5 Hold)"
20200921_120748_jrc200921_m3prueba_postcirugw2_1519_1_1/32,"2020-09-21T13:58:56,549+0200",visu_pars.VisuCreationDate,,,m3,organism,jrc200921_m3prueba_postcirugw2_1519,,Bruker BioSpec 7T,1207,scanner-exported DICOM,"organism study (phantom / QC, Q2); phantom / QC study (Q2): no project, as July's jrc phantoms; MRI platform archive backup_7T_olddata_260824/2020_pv6/20200921_120748_jrc200921_m3prueba_postcirugw2_1519_1_1.tar.gz (SHA-1 71fff0b42994ded4720be97703d2641eca5d39f2); scanner-exported DICOM; operator pending claim (historical MRI, STATUS 0.5 Hold)"
20200921_120748_jrc200921_m3prueba_postcirugw2_1519_1_1/34,"2020-09-21T14:06:20,204+0200",visu_pars.VisuCreationDate,,,m3,organism,jrc200921_m3prueba_postcirugw2_1519,,Bruker BioSpec 7T,1207,scanner-exported DICOM,"organism study (phantom / QC, Q2); phantom / QC study (Q2): no project, as July's jrc phantoms; MRI platform archive backup_7T_olddata_260824/2020_pv6/20200921_120748_jrc200921_m3prueba_postcirugw2_1519_1_1.tar.gz (SHA-1 71fff0b42994ded4720be97703d2641eca5d39f2); scanner-exported DICOM; operator pending claim (historical MRI, STATUS 0.5 Hold)"
20200921_120748_jrc200921_m3prueba_postcirugw2_1519_1_1/35,"2020-09-21T14:09:58,547+0200",visu_pars.VisuCreationDate,,,m3,organism,jrc200921_m3prueba_postcirugw2_1519,,Bruker BioSpec 7T,1207,scanner-exported DICOM,"organism study (phantom / QC, Q2); phantom / QC study (Q2): no project, as July's jrc phantoms; MRI platform archive backup_7T_olddata_260824/2020_pv6/20200921_120748_jrc200921_m3prueba_postcirugw2_1519_1_1.tar.gz (SHA-1 71fff0b42994ded4720be97703d2641eca5d39f2); scanner-exported DICOM; operator pending claim (historical MRI, STATUS 0.5 Hold)"
20200921_120748_jrc200921_m3prueba_postcirugw2_1519_1_1/36,"2020-09-21T14:13:02,115+0200",visu_pars.VisuCreationDate,,,m3,organism,jrc200921_m3prueba_postcirugw2_1519,,Bruker BioSpec 7T,1207,scanner-exported DICOM,"organism study (phantom / QC, Q2); phantom / QC study (Q2): no project, as July's jrc phantoms; MRI platform archive backup_7T_olddata_260824/2020_pv6/20200921_120748_jrc200921_m3prueba_postcirugw2_1519_1_1.tar.gz (SHA-1 71fff0b42994ded4720be97703d2641eca5d39f2); scanner-exported DICOM; operator pending claim (historical MRI, STATUS 0.5 Hold)"
20200924_182410_jrc200924_kk_phantom_1_1/2,"2020-09-24T18:27:08,094+0200",visu_pars.VisuCreationDate,,,jrc200924_kk_phantom,phantom,jrc200924_kk_phantom,,Bruker BioSpec 7T,1824,DICOM regenerated by Dicomifier 2.5.3 (+ gjesus3 workarounds) from the ParaVision 2dseq before ingest,"phantom study (phantom / QC, Q2); phantom / QC study (Q2): no project, as July's jrc phantoms; MRI platform archive backup_7T_olddata_260824/2020_pv6/20200924_182410_jrc200924_kk_phantom_1_1.tar.gz (SHA-1 aa02bc837636c9b8185a5f8c681594cc9fd59155); DICOM regenerated by Dicomifier 2.5.3 (+ gjesus3 workarounds) from the ParaVision 2dseq before ingest; operator pending claim (historical MRI, STATUS 0.5 Hold)"
20200924_182410_jrc200924_kk_phantom_1_1/3,"2020-09-24T18:29:59,100+0200",visu_pars.VisuCreationDate,,,jrc200924_kk_phantom,phantom,jrc200924_kk_phantom,,Bruker BioSpec 7T,1824,DICOM regenerated by Dicomifier 2.5.3 (+ gjesus3 workarounds) from the ParaVision 2dseq before ingest,"phantom study (phantom / QC, Q2); phantom / QC study (Q2): no project, as July's jrc phantoms; MRI platform archive backup_7T_olddata_260824/2020_pv6/20200924_182410_jrc200924_kk_phantom_1_1.tar.gz (SHA-1 aa02bc837636c9b8185a5f8c681594cc9fd59155); DICOM regenerated by Dicomifier 2.5.3 (+ gjesus3 workarounds) from the ParaVision 2dseq before ingest; operator pending claim (historical MRI, STATUS 0.5 Hold)"
20200924_182410_jrc200924_kk_phantom_1_1/4,"2020-09-24T18:36:20,071+0200",visu_pars.VisuCreationDate,,,jrc200924_kk_phantom,phantom,jrc200924_kk_phantom,,Bruker BioSpec 7T,1824,DICOM regenerated by Dicomifier 2.5.3 (+ gjesus3 workarounds) from the ParaVision 2dseq before ingest,"phantom study (phantom / QC, Q2); phantom / QC study (Q2): no project, as July's jrc phantoms; MRI platform archive backup_7T_olddata_260824/2020_pv6/20200924_182410_jrc200924_kk_phantom_1_1.tar.gz (SHA-1 aa02bc837636c9b8185a5f8c681594cc9fd59155); DICOM regenerated by Dicomifier 2.5.3 (+ gjesus3 workarounds) from the ParaVision 2dseq before ingest; operator pending claim (historical MRI, STATUS 0.5 Hold)"
20200924_182410_jrc200924_kk_phantom_1_1/5,"2020-09-24T18:38:51,873+0200",visu_pars.VisuCreationDate,,,jrc200924_kk_phantom,phantom,jrc200924_kk_phantom,,Bruker BioSpec 7T,1824,DICOM regenerated by Dicomifier 2.5.3 (+ gjesus3 workarounds) from the ParaVision 2dseq before ingest,"phantom study (phantom / QC, Q2); phantom / QC study (Q2): no project, as July's jrc phantoms; MRI platform archive backup_7T_olddata_260824/2020_pv6/20200924_182410_jrc200924_kk_phantom_1_1.tar.gz (SHA-1 aa02bc837636c9b8185a5f8c681594cc9fd59155); DICOM regenerated by Dicomifier 2.5.3 (+ gjesus3 workarounds) from the ParaVision 2dseq before ingest; operator pending claim (historical MRI, STATUS 0.5 Hold)"
20200924_182410_jrc200924_kk_phantom_1_1/6,"2020-09-24T18:42:19,552+0200",visu_pars.VisuCreationDate,,,jrc200924_kk_phantom,phantom,jrc200924_kk_phantom,,Bruker BioSpec 7T,1824,DICOM regenerated by Dicomifier 2.5.3 (+ gjesus3 workarounds) from the ParaVision 2dseq before ingest,"phantom study (phantom / QC, Q2); phantom / QC study (Q2): no project, as July's jrc phantoms; MRI platform archive backup_7T_olddata_260824/2020_pv6/20200924_182410_jrc200924_kk_phantom_1_1.tar.gz (SHA-1 aa02bc837636c9b8185a5f8c681594cc9fd59155); DICOM regenerated by Dicomifier 2.5.3 (+ gjesus3 workarounds) from the ParaVision 2dseq before ingest; operator pending claim (historical MRI, STATUS 0.5 Hold)"
20200924_182410_jrc200924_kk_phantom_1_1/7,"2020-09-24T18:45:03,683+0200",visu_pars.VisuCreationDate,,,jrc200924_kk_phantom,phantom,jrc200924_kk_phantom,,Bruker BioSpec 7T,1824,DICOM regenerated by Dicomifier 2.5.3 (+ gjesus3 workarounds) from the ParaVision 2dseq before ingest,"phantom study (phantom / QC, Q2); phantom / QC study (Q2): no project, as July's jrc phantoms; MRI platform archive backup_7T_olddata_260824/2020_pv6/20200924_182410_jrc200924_kk_phantom_1_1.tar.gz (SHA-1 aa02bc837636c9b8185a5f8c681594cc9fd59155); DICOM regenerated by Dicomifier 2.5.3 (+ gjesus3 workarounds) from the ParaVision 2dseq before ingest; operator pending claim (historical MRI, STATUS 0.5 Hold)"
20200928_095849_jrc200928_prueba_antenabruker_1_1/1,"2020-09-28T10:03:12,471+0200",visu_pars.VisuCreationDate,,,jrc200928_prueba_antenabruker,phantom,jrc200928_prueba_antenabruker,,Bruker BioSpec 7T,0958,DICOM regenerated by Dicomifier 2.5.3 (+ gjesus3 workarounds) from the ParaVision 2dseq before ingest,"phantom study (phantom / QC, Q2); phantom / QC study (Q2): no project, as July's jrc phantoms; MRI platform archive backup_7T_olddata_260824/2020_pv6/20200928_095849_jrc200928_prueba_antenabruker_1_1.tar.gz (SHA-1 311ac0437ece0117f3e0f548b425f8a03c545e18); DICOM regenerated by Dicomifier 2.5.3 (+ gjesus3 workarounds) from the ParaVision 2dseq before ingest; operator pending claim (historical MRI, STATUS 0.5 Hold)"
20201006_083717_jrc201006_p2_kk_1_1/3,"2020-10-06T08:53:28,489+0200",visu_pars.VisuCreationDate,,,jrc201006_p2_kk,phantom,jrc201006_p2_kk,,Bruker BioSpec 7T,0837,DICOM regenerated by Dicomifier 2.5.3 (+ gjesus3 workarounds) from the ParaVision 2dseq before ingest,"phantom study (phantom / QC, Q2); phantom / QC study (Q2): no project, as July's jrc phantoms; MRI platform archive backup_7T_olddata_260824/2020_pv6/20201006_083717_jrc201006_p2_kk_1_1.tar.gz (SHA-1 b4fcda8d12c0452e35a58732b505403357d9d9f7); DICOM regenerated by Dicomifier 2.5.3 (+ gjesus3 workarounds) from the ParaVision 2dseq before ingest; operator pending claim (historical MRI, STATUS 0.5 Hold)"
20201006_083717_jrc201006_p2_kk_1_1/4,"2020-10-06T08:55:08,544+0200",visu_pars.VisuCreationDate,,,jrc201006_p2_kk,phantom,jrc201006_p2_kk,,Bruker BioSpec 7T,0837,DICOM regenerated by Dicomifier 2.5.3 (+ gjesus3 workarounds) from the ParaVision 2dseq before ingest,"phantom study (phantom / QC, Q2); phantom / QC study (Q2): no project, as July's jrc phantoms; MRI platform archive backup_7T_olddata_260824/2020_pv6/20201006_083717_jrc201006_p2_kk_1_1.tar.gz (SHA-1 b4fcda8d12c0452e35a58732b505403357d9d9f7); DICOM regenerated by Dicomifier 2.5.3 (+ gjesus3 workarounds) from the ParaVision 2dseq before ingest; operator pending claim (historical MRI, STATUS 0.5 Hold)"
20201006_083717_jrc201006_p2_kk_1_1/6,"2020-10-06T08:58:58,646+0200",visu_pars.VisuCreationDate,,,jrc201006_p2_kk,phantom,jrc201006_p2_kk,,Bruker BioSpec 7T,0837,DICOM regenerated by Dicomifier 2.5.3 (+ gjesus3 workarounds) from the ParaVision 2dseq before ingest,"phantom study (phantom / QC, Q2); phantom / QC study (Q2): no project, as July's jrc phantoms; MRI platform archive backup_7T_olddata_260824/2020_pv6/20201006_083717_jrc201006_p2_kk_1_1.tar.gz (SHA-1 b4fcda8d12c0452e35a58732b505403357d9d9f7); DICOM regenerated by Dicomifier 2.5.3 (+ gjesus3 workarounds) from the ParaVision 2dseq before ingest; operator pending claim (historical MRI, STATUS 0.5 Hold)"
20201006_083717_jrc201006_p2_kk_1_1/7,"2020-10-06T09:00:26,449+0200",visu_pars.VisuCreationDate,,,jrc201006_p2_kk,phantom,jrc201006_p2_kk,,Bruker BioSpec 7T,0837,DICOM regenerated by Dicomifier 2.5.3 (+ gjesus3 workarounds) from the ParaVision 2dseq before ingest,"phantom study (phantom / QC, Q2); phantom / QC study (Q2): no project, as July's jrc phantoms; MRI platform archive backup_7T_olddata_260824/2020_pv6/20201006_083717_jrc201006_p2_kk_1_1.tar.gz (SHA-1 b4fcda8d12c0452e35a58732b505403357d9d9f7); DICOM regenerated by Dicomifier 2.5.3 (+ gjesus3 workarounds) from the ParaVision 2dseq before ingest; operator pending claim (historical MRI, STATUS 0.5 Hold)"
20201006_083717_jrc201006_p2_kk_1_1/8,"2020-10-06T09:04:13,842+0200",visu_pars.VisuCreationDate,,,jrc201006_p2_kk,phantom,jrc201006_p2_kk,,Bruker BioSpec 7T,0837,DICOM regenerated by Dicomifier 2.5.3 (+ gjesus3 workarounds) from the ParaVision 2dseq before ingest,"phantom study (phantom / QC, Q2); phantom / QC study (Q2): no project, as July's jrc phantoms; MRI platform archive backup_7T_olddata_260824/2020_pv6/20201006_083717_jrc201006_p2_kk_1_1.tar.gz (SHA-1 b4fcda8d12c0452e35a58732b505403357d9d9f7); DICOM regenerated by Dicomifier 2.5.3 (+ gjesus3 workarounds) from the ParaVision 2dseq before ingest; operator pending claim (historical MRI, STATUS 0.5 Hold)"
20201006_093821_jrc201006_phantomParak_1_1/5,"2020-10-06T10:04:00,754+0200",visu_pars.VisuCreationDate,,,jrc201006_phantomParak,phantom,jrc201006_phantomParak,,Bruker BioSpec 7T,0938,DICOM regenerated by Dicomifier 2.5.3 (+ gjesus3 workarounds) from the ParaVision 2dseq before ingest,"phantom study (phantom / QC, Q2); phantom / QC study (Q2): no project, as July's jrc phantoms; MRI platform archive backup_7T_olddata_260824/2020_pv6/20201006_093821_jrc201006_phantomParak_1_1.tar.gz (SHA-1 7dbddd5ad2ffc18a2dcd71e42200aa725498eac4); DICOM regenerated by Dicomifier 2.5.3 (+ gjesus3 workarounds) from the ParaVision 2dseq before ingest; operator pending claim (historical MRI, STATUS 0.5 Hold)"
20201006_093821_jrc201006_phantomParak_1_1/6,"2020-10-06T10:06:35,319+0200",visu_pars.VisuCreationDate,,,jrc201006_phantomParak,phantom,jrc201006_phantomParak,,Bruker BioSpec 7T,0938,DICOM regenerated by Dicomifier 2.5.3 (+ gjesus3 workarounds) from the ParaVision 2dseq before ingest,"phantom study (phantom / QC, Q2); phantom / QC study (Q2): no project, as July's jrc phantoms; MRI platform archive backup_7T_olddata_260824/2020_pv6/20201006_093821_jrc201006_phantomParak_1_1.tar.gz (SHA-1 7dbddd5ad2ffc18a2dcd71e42200aa725498eac4); DICOM regenerated by Dicomifier 2.5.3 (+ gjesus3 workarounds) from the ParaVision 2dseq before ingest; operator pending claim (historical MRI, STATUS 0.5 Hold)"
20201006_093821_jrc201006_phantomParak_1_1/7,"2020-10-06T10:08:03,644+0200",visu_pars.VisuCreationDate,,,jrc201006_phantomParak,phantom,jrc201006_phantomParak,,Bruker BioSpec 7T,0938,DICOM regenerated by Dicomifier 2.5.3 (+ gjesus3 workarounds) from the ParaVision 2dseq before ingest,"phantom study (phantom / QC, Q2); phantom / QC study (Q2): no project, as July's jrc phantoms; MRI platform archive backup_7T_olddata_260824/2020_pv6/20201006_093821_jrc201006_phantomParak_1_1.tar.gz (SHA-1 7dbddd5ad2ffc18a2dcd71e42200aa725498eac4); DICOM regenerated by Dicomifier 2.5.3 (+ gjesus3 workarounds) from the ParaVision 2dseq before ingest; operator pending claim (historical MRI, STATUS 0.5 Hold)"
20201006_093821_jrc201006_phantomParak_1_1/8,"2020-10-06T10:10:07,001+0200",visu_pars.VisuCreationDate,,,jrc201006_phantomParak,phantom,jrc201006_phantomParak,,Bruker BioSpec 7T,0938,DICOM regenerated by Dicomifier 2.5.3 (+ gjesus3 workarounds) from the ParaVision 2dseq before ingest,"phantom study (phantom / QC, Q2); phantom / QC study (Q2): no project, as July's jrc phantoms; MRI platform archive backup_7T_olddata_260824/2020_pv6/20201006_093821_jrc201006_phantomParak_1_1.tar.gz (SHA-1 7dbddd5ad2ffc18a2dcd71e42200aa725498eac4); DICOM regenerated by Dicomifier 2.5.3 (+ gjesus3 workarounds) from the ParaVision 2dseq before ingest; operator pending claim (historical MRI, STATUS 0.5 Hold)"
20201006_093821_jrc201006_phantomParak_1_1/9,"2020-10-06T10:11:40,606+0200",visu_pars.VisuCreationDate,,,jrc201006_phantomParak,phantom,jrc201006_phantomParak,,Bruker BioSpec 7T,0938,DICOM regenerated by Dicomifier 2.5.3 (+ gjesus3 workarounds) from the ParaVision 2dseq before ingest,"phantom study (phantom / QC, Q2); phantom / QC study (Q2): no project, as July's jrc phantoms; MRI platform archive backup_7T_olddata_260824/2020_pv6/20201006_093821_jrc201006_phantomParak_1_1.tar.gz (SHA-1 7dbddd5ad2ffc18a2dcd71e42200aa725498eac4); DICOM regenerated by Dicomifier 2.5.3 (+ gjesus3 workarounds) from the ParaVision 2dseq before ingest; operator pending claim (historical MRI, STATUS 0.5 Hold)"
20201006_093821_jrc201006_phantomParak_1_1/13,"2020-10-06T10:16:51,187+0200",visu_pars.VisuCreationDate,,,jrc201006_phantomParak,phantom,jrc201006_phantomParak,,Bruker BioSpec 7T,0938,DICOM regenerated by Dicomifier 2.5.3 (+ gjesus3 workarounds) from the ParaVision 2dseq before ingest,"phantom study (phantom / QC, Q2); phantom / QC study (Q2): no project, as July's jrc phantoms; MRI platform archive backup_7T_olddata_260824/2020_pv6/20201006_093821_jrc201006_phantomParak_1_1.tar.gz (SHA-1 7dbddd5ad2ffc18a2dcd71e42200aa725498eac4); DICOM regenerated by Dicomifier 2.5.3 (+ gjesus3 workarounds) from the ParaVision 2dseq before ingest; operator pending claim (historical MRI, STATUS 0.5 Hold)"
20201006_093821_jrc201006_phantomParak_1_1/14,"2020-10-06T11:16:43,984+0200",visu_pars.VisuCreationDate,,,jrc201006_phantomParak,phantom,jrc201006_phantomParak,,Bruker BioSpec 7T,0938,DICOM regenerated by Dicomifier 2.5.3 (+ gjesus3 workarounds) from the ParaVision 2dseq before ingest,"phantom study (phantom / QC, Q2); phantom / QC study (Q2): no project, as July's jrc phantoms; MRI platform archive backup_7T_olddata_260824/2020_pv6/20201006_093821_jrc201006_phantomParak_1_1.tar.gz (SHA-1 7dbddd5ad2ffc18a2dcd71e42200aa725498eac4); DICOM regenerated by Dicomifier 2.5.3 (+ gjesus3 workarounds) from the ParaVision 2dseq before ingest; operator pending claim (historical MRI, STATUS 0.5 Hold)"
20201006_093821_jrc201006_phantomParak_1_1/15,"2020-10-06T12:11:31,561+0200",visu_pars.VisuCreationDate,,,jrc201006_phantomParak,phantom,jrc201006_phantomParak,,Bruker BioSpec 7T,0938,DICOM regenerated by Dicomifier 2.5.3 (+ gjesus3 workarounds) from the ParaVision 2dseq before ingest,"phantom study (phantom / QC, Q2); phantom / QC study (Q2): no project, as July's jrc phantoms; MRI platform archive backup_7T_olddata_260824/2020_pv6/20201006_093821_jrc201006_phantomParak_1_1.tar.gz (SHA-1 7dbddd5ad2ffc18a2dcd71e42200aa725498eac4); DICOM regenerated by Dicomifier 2.5.3 (+ gjesus3 workarounds) from the ParaVision 2dseq before ingest; operator pending claim (historical MRI, STATUS 0.5 Hold)"
20201006_093821_jrc201006_phantomParak_1_1/17,"2020-10-06T18:35:39,347+0200",visu_pars.VisuCreationDate,,,jrc201006_phantomParak,phantom,jrc201006_phantomParak,,Bruker BioSpec 7T,0938,DICOM regenerated by Dicomifier 2.5.3 (+ gjesus3 workarounds) from the ParaVision 2dseq before ingest,"phantom study (phantom / QC, Q2); phantom / QC study (Q2): no project, as July's jrc phantoms; MRI platform archive backup_7T_olddata_260824/2020_pv6/20201006_093821_jrc201006_phantomParak_1_1.tar.gz (SHA-1 7dbddd5ad2ffc18a2dcd71e42200aa725498eac4); DICOM regenerated by Dicomifier 2.5.3 (+ gjesus3 workarounds) from the ParaVision 2dseq before ingest; operator pending claim (historical MRI, STATUS 0.5 Hold)"
20201006_093821_jrc201006_phantomParak_1_1/18,"2020-10-06T18:37:23,039+0200",visu_pars.VisuCreationDate,,,jrc201006_phantomParak,phantom,jrc201006_phantomParak,,Bruker BioSpec 7T,0938,DICOM regenerated by Dicomifier 2.5.3 (+ gjesus3 workarounds) from the ParaVision 2dseq before ingest,"phantom study (phantom / QC, Q2); phantom / QC study (Q2): no project, as July's jrc phantoms; MRI platform archive backup_7T_olddata_260824/2020_pv6/20201006_093821_jrc201006_phantomParak_1_1.tar.gz (SHA-1 7dbddd5ad2ffc18a2dcd71e42200aa725498eac4); DICOM regenerated by Dicomifier 2.5.3 (+ gjesus3 workarounds) from the ParaVision 2dseq before ingest; operator pending claim (historical MRI, STATUS 0.5 Hold)"
20201006_093821_jrc201006_phantomParak_1_1/19,"2020-10-06T18:38:20,877+0200",visu_pars.VisuCreationDate,,,jrc201006_phantomParak,phantom,jrc201006_phantomParak,,Bruker BioSpec 7T,0938,DICOM regenerated by Dicomifier 2.5.3 (+ gjesus3 workarounds) from the ParaVision 2dseq before ingest,"phantom study (phantom / QC, Q2); phantom / QC study (Q2): no project, as July's jrc phantoms; MRI platform archive backup_7T_olddata_260824/2020_pv6/20201006_093821_jrc201006_phantomParak_1_1.tar.gz (SHA-1 7dbddd5ad2ffc18a2dcd71e42200aa725498eac4); DICOM regenerated by Dicomifier 2.5.3 (+ gjesus3 workarounds) from the ParaVision 2dseq before ingest; operator pending claim (historical MRI, STATUS 0.5 Hold)"
20201006_093821_jrc201006_phantomParak_1_1/20,"2020-10-06T18:39:26,824+0200",visu_pars.VisuCreationDate,,,jrc201006_phantomParak,phantom,jrc201006_phantomParak,,Bruker BioSpec 7T,0938,DICOM regenerated by Dicomifier 2.5.3 (+ gjesus3 workarounds) from the ParaVision 2dseq before ingest,"phantom study (phantom / QC, Q2); phantom / QC study (Q2): no project, as July's jrc phantoms; MRI platform archive backup_7T_olddata_260824/2020_pv6/20201006_093821_jrc201006_phantomParak_1_1.tar.gz (SHA-1 7dbddd5ad2ffc18a2dcd71e42200aa725498eac4); DICOM regenerated by Dicomifier 2.5.3 (+ gjesus3 workarounds) from the ParaVision 2dseq before ingest; operator pending claim (historical MRI, STATUS 0.5 Hold)"
20201006_093821_jrc201006_phantomParak_1_1/21,"2020-10-06T20:08:02,958+0200",visu_pars.VisuCreationDate,,,jrc201006_phantomParak,phantom,jrc201006_phantomParak,,Bruker BioSpec 7T,0938,DICOM regenerated by Dicomifier 2.5.3 (+ gjesus3 workarounds) from the ParaVision 2dseq before ingest,"phantom study (phantom / QC, Q2); phantom / QC study (Q2): no project, as July's jrc phantoms; MRI platform archive backup_7T_olddata_260824/2020_pv6/20201006_093821_jrc201006_phantomParak_1_1.tar.gz (SHA-1 7dbddd5ad2ffc18a2dcd71e42200aa725498eac4); DICOM regenerated by Dicomifier 2.5.3 (+ gjesus3 workarounds) from the ParaVision 2dseq before ingest; operator pending claim (historical MRI, STATUS 0.5 Hold)"
20201006_093821_jrc201006_phantomParak_1_1/23,"2020-10-06T21:34:51,036+0200",visu_pars.VisuCreationDate,,,jrc201006_phantomParak,phantom,jrc201006_phantomParak,,Bruker BioSpec 7T,0938,DICOM regenerated by Dicomifier 2.5.3 (+ gjesus3 workarounds) from the ParaVision 2dseq before ingest,"phantom study (phantom / QC, Q2); phantom / QC study (Q2): no project, as July's jrc phantoms; MRI platform archive backup_7T_olddata_260824/2020_pv6/20201006_093821_jrc201006_phantomParak_1_1.tar.gz (SHA-1 7dbddd5ad2ffc18a2dcd71e42200aa725498eac4); DICOM regenerated by Dicomifier 2.5.3 (+ gjesus3 workarounds) from the ParaVision 2dseq before ingest; operator pending claim (historical MRI, STATUS 0.5 Hold)"
20201217_155259_jrc201217_phantom19F_1_1/1,"2020-12-17T15:56:54,088+0100",visu_pars.VisuCreationDate,,,jrc201217_phantom19F,phantom,jrc201217_phantom19F,,Bruker BioSpec 7T,1552,DICOM regenerated by Dicomifier 2.5.3 (+ gjesus3 workarounds) from the ParaVision 2dseq before ingest,"phantom study (phantom / QC, Q2); phantom / QC study (Q2): no project, as July's jrc phantoms; MRI platform archive backup_7T_olddata_260824/2020_pv6/20201217_155259_jrc201217_phantom19F_1_1.tar.gz (SHA-1 80efbe087063132993d3c1308f9a603a2d72dd4e); DICOM regenerated by Dicomifier 2.5.3 (+ gjesus3 workarounds) from the ParaVision 2dseq before ingest; operator pending claim (historical MRI, STATUS 0.5 Hold)"
20201217_155259_jrc201217_phantom19F_1_1/2,"2020-12-17T16:00:35,642+0100",visu_pars.VisuCreationDate,,,jrc201217_phantom19F,phantom,jrc201217_phantom19F,,Bruker BioSpec 7T,1552,DICOM regenerated by Dicomifier 2.5.3 (+ gjesus3 workarounds) from the ParaVision 2dseq before ingest,"phantom study (phantom / QC, Q2); phantom / QC study (Q2): no project, as July's jrc phantoms; MRI platform archive backup_7T_olddata_260824/2020_pv6/20201217_155259_jrc201217_phantom19F_1_1.tar.gz (SHA-1 80efbe087063132993d3c1308f9a603a2d72dd4e); DICOM regenerated by Dicomifier 2.5.3 (+ gjesus3 workarounds) from the ParaVision 2dseq before ingest; operator pending claim (historical MRI, STATUS 0.5 Hold)"
20201217_155259_jrc201217_phantom19F_1_1/8,"2020-12-17T16:50:52,525+0100",visu_pars.VisuCreationDate,,,jrc201217_phantom19F,phantom,jrc201217_phantom19F,,Bruker BioSpec 7T,1552,DICOM regenerated by Dicomifier 2.5.3 (+ gjesus3 workarounds) from the ParaVision 2dseq before ingest,"phantom study (phantom / QC, Q2); phantom / QC study (Q2): no project, as July's jrc phantoms; MRI platform archive backup_7T_olddata_260824/2020_pv6/20201217_155259_jrc201217_phantom19F_1_1.tar.gz (SHA-1 80efbe087063132993d3c1308f9a603a2d72dd4e); DICOM regenerated by Dicomifier 2.5.3 (+ gjesus3 workarounds) from the ParaVision 2dseq before ingest; operator pending claim (historical MRI, STATUS 0.5 Hold)"
20201217_155259_jrc201217_phantom19F_1_1/9,"2020-12-17T16:53:33,867+0100",visu_pars.VisuCreationDate,,,jrc201217_phantom19F,phantom,jrc201217_phantom19F,,Bruker BioSpec 7T,1552,DICOM regenerated by Dicomifier 2.5.3 (+ gjesus3 workarounds) from the ParaVision 2dseq before ingest,"phantom study (phantom / QC, Q2); phantom / QC study (Q2): no project, as July's jrc phantoms; MRI platform archive backup_7T_olddata_260824/2020_pv6/20201217_155259_jrc201217_phantom19F_1_1.tar.gz (SHA-1 80efbe087063132993d3c1308f9a603a2d72dd4e); DICOM regenerated by Dicomifier 2.5.3 (+ gjesus3 workarounds) from the ParaVision 2dseq before ingest; operator pending claim (historical MRI, STATUS 0.5 Hold)"
20201217_155259_jrc201217_phantom19F_1_1/10,"2020-12-17T16:57:52,992+0100",visu_pars.VisuCreationDate,,,jrc201217_phantom19F,phantom,jrc201217_phantom19F,,Bruker BioSpec 7T,1552,DICOM regenerated by Dicomifier 2.5.3 (+ gjesus3 workarounds) from the ParaVision 2dseq before ingest,"phantom study (phantom / QC, Q2); phantom / QC study (Q2): no project, as July's jrc phantoms; MRI platform archive backup_7T_olddata_260824/2020_pv6/20201217_155259_jrc201217_phantom19F_1_1.tar.gz (SHA-1 80efbe087063132993d3c1308f9a603a2d72dd4e); DICOM regenerated by Dicomifier 2.5.3 (+ gjesus3 workarounds) from the ParaVision 2dseq before ingest; operator pending claim (historical MRI, STATUS 0.5 Hold)"
20201217_155259_jrc201217_phantom19F_1_1/11,"2020-12-17T17:01:53,084+0100",visu_pars.VisuCreationDate,,,jrc201217_phantom19F,phantom,jrc201217_phantom19F,,Bruker BioSpec 7T,1552,DICOM regenerated by Dicomifier 2.5.3 (+ gjesus3 workarounds) from the ParaVision 2dseq before ingest,"phantom study (phantom / QC, Q2); phantom / QC study (Q2): no project, as July's jrc phantoms; MRI platform archive backup_7T_olddata_260824/2020_pv6/20201217_155259_jrc201217_phantom19F_1_1.tar.gz (SHA-1 80efbe087063132993d3c1308f9a603a2d72dd4e); DICOM regenerated by Dicomifier 2.5.3 (+ gjesus3 workarounds) from the ParaVision 2dseq before ingest; operator pending claim (historical MRI, STATUS 0.5 Hold)"
20201217_155259_jrc201217_phantom19F_1_1/13,"2020-12-17T17:05:38,589+0100",visu_pars.VisuCreationDate,,,jrc201217_phantom19F,phantom,jrc201217_phantom19F,,Bruker BioSpec 7T,1552,DICOM regenerated by Dicomifier 2.5.3 (+ gjesus3 workarounds) from the ParaVision 2dseq before ingest,"phantom study (phantom / QC, Q2); phantom / QC study (Q2): no project, as July's jrc phantoms; MRI platform archive backup_7T_olddata_260824/2020_pv6/20201217_155259_jrc201217_phantom19F_1_1.tar.gz (SHA-1 80efbe087063132993d3c1308f9a603a2d72dd4e); DICOM regenerated by Dicomifier 2.5.3 (+ gjesus3 workarounds) from the ParaVision 2dseq before ingest; operator pending claim (historical MRI, STATUS 0.5 Hold)"
20201217_155259_jrc201217_phantom19F_1_1/14,"2020-12-17T17:04:29,810+0100",visu_pars.VisuCreationDate,,,jrc201217_phantom19F,phantom,jrc201217_phantom19F,,Bruker BioSpec 7T,1552,DICOM regenerated by Dicomifier 2.5.3 (+ gjesus3 workarounds) from the ParaVision 2dseq before ingest,"phantom study (phantom / QC, Q2); phantom / QC study (Q2): no project, as July's jrc phantoms; MRI platform archive backup_7T_olddata_260824/2020_pv6/20201217_155259_jrc201217_phantom19F_1_1.tar.gz (SHA-1 80efbe087063132993d3c1308f9a603a2d72dd4e); DICOM regenerated by Dicomifier 2.5.3 (+ gjesus3 workarounds) from the ParaVision 2dseq before ingest; operator pending claim (historical MRI, STATUS 0.5 Hold)"
20201217_155259_jrc201217_phantom19F_1_1/15,"2020-12-17T17:10:44,923+0100",visu_pars.VisuCreationDate,,,jrc201217_phantom19F,phantom,jrc201217_phantom19F,,Bruker BioSpec 7T,1552,DICOM regenerated by Dicomifier 2.5.3 (+ gjesus3 workarounds) from the ParaVision 2dseq before ingest,"phantom study (phantom / QC, Q2); phantom / QC study (Q2): no project, as July's jrc phantoms; MRI platform archive backup_7T_olddata_260824/2020_pv6/20201217_155259_jrc201217_phantom19F_1_1.tar.gz (SHA-1 80efbe087063132993d3c1308f9a603a2d72dd4e); DICOM regenerated by Dicomifier 2.5.3 (+ gjesus3 workarounds) from the ParaVision 2dseq before ingest; operator pending claim (historical MRI, STATUS 0.5 Hold)"
20201217_155259_jrc201217_phantom19F_1_1/16,"2020-12-17T17:14:53,651+0100",visu_pars.VisuCreationDate,,,jrc201217_phantom19F,phantom,jrc201217_phantom19F,,Bruker BioSpec 7T,1552,DICOM regenerated by Dicomifier 2.5.3 (+ gjesus3 workarounds) from the ParaVision 2dseq before ingest,"phantom study (phantom / QC, Q2); phantom / QC study (Q2): no project, as July's jrc phantoms; MRI platform archive backup_7T_olddata_260824/2020_pv6/20201217_155259_jrc201217_phantom19F_1_1.tar.gz (SHA-1 80efbe087063132993d3c1308f9a603a2d72dd4e); DICOM regenerated by Dicomifier 2.5.3 (+ gjesus3 workarounds) from the ParaVision 2dseq before ingest; operator pending claim (historical MRI, STATUS 0.5 Hold)"
20201217_155259_jrc201217_phantom19F_1_1/17,"2020-12-17T17:46:56,769+0100",visu_pars.VisuCreationDate,,,jrc201217_phantom19F,phantom,jrc201217_phantom19F,,Bruker BioSpec 7T,1552,DICOM regenerated by Dicomifier 2.5.3 (+ gjesus3 workarounds) from the ParaVision 2dseq before ingest,"phantom study (phantom / QC, Q2); phantom / QC study (Q2): no project, as July's jrc phantoms; MRI platform archive backup_7T_olddata_260824/2020_pv6/20201217_155259_jrc201217_phantom19F_1_1.tar.gz (SHA-1 80efbe087063132993d3c1308f9a603a2d72dd4e); DICOM regenerated by Dicomifier 2.5.3 (+ gjesus3 workarounds) from the ParaVision 2dseq before ingest; operator pending claim (historical MRI, STATUS 0.5 Hold)"
20201217_155259_jrc201217_phantom19F_1_1/18,"2020-12-17T18:19:04,643+0100",visu_pars.VisuCreationDate,,,jrc201217_phantom19F,phantom,jrc201217_phantom19F,,Bruker BioSpec 7T,1552,DICOM regenerated by Dicomifier 2.5.3 (+ gjesus3 workarounds) from the ParaVision 2dseq before ingest,"phantom study (phantom / QC, Q2); phantom / QC study (Q2): no project, as July's jrc phantoms; MRI platform archive backup_7T_olddata_260824/2020_pv6/20201217_155259_jrc201217_phantom19F_1_1.tar.gz (SHA-1 80efbe087063132993d3c1308f9a603a2d72dd4e); DICOM regenerated by Dicomifier 2.5.3 (+ gjesus3 workarounds) from the ParaVision 2dseq before ingest; operator pending claim (historical MRI, STATUS 0.5 Hold)"
20201217_155259_jrc201217_phantom19F_1_1/20,"2020-12-17T18:51:13,523+0100",visu_pars.VisuCreationDate,,,jrc201217_phantom19F,phantom,jrc201217_phantom19F,,Bruker BioSpec 7T,1552,DICOM regenerated by Dicomifier 2.5.3 (+ gjesus3 workarounds) from the ParaVision 2dseq before ingest,"phantom study (phantom / QC, Q2); phantom / QC study (Q2): no project, as July's jrc phantoms; MRI platform archive backup_7T_olddata_260824/2020_pv6/20201217_155259_jrc201217_phantom19F_1_1.tar.gz (SHA-1 80efbe087063132993d3c1308f9a603a2d72dd4e); DICOM regenerated by Dicomifier 2.5.3 (+ gjesus3 workarounds) from the ParaVision 2dseq before ingest; operator pending claim (historical MRI, STATUS 0.5 Hold)"
20201217_155259_jrc201217_phantom19F_1_1/21,"2020-12-17T19:23:22,282+0100",visu_pars.VisuCreationDate,,,jrc201217_phantom19F,phantom,jrc201217_phantom19F,,Bruker BioSpec 7T,1552,DICOM regenerated by Dicomifier 2.5.3 (+ gjesus3 workarounds) from the ParaVision 2dseq before ingest,"phantom study (phantom / QC, Q2); phantom / QC study (Q2): no project, as July's jrc phantoms; MRI platform archive backup_7T_olddata_260824/2020_pv6/20201217_155259_jrc201217_phantom19F_1_1.tar.gz (SHA-1 80efbe087063132993d3c1308f9a603a2d72dd4e); DICOM regenerated by Dicomifier 2.5.3 (+ gjesus3 workarounds) from the ParaVision 2dseq before ingest; operator pending claim (historical MRI, STATUS 0.5 Hold)"
20201217_155259_jrc201217_phantom19F_1_1/23,"2020-12-17T19:25:32,994+0100",visu_pars.VisuCreationDate,,,jrc201217_phantom19F,phantom,jrc201217_phantom19F,,Bruker BioSpec 7T,1552,DICOM regenerated by Dicomifier 2.5.3 (+ gjesus3 workarounds) from the ParaVision 2dseq before ingest,"phantom study (phantom / QC, Q2); phantom / QC study (Q2): no project, as July's jrc phantoms; MRI platform archive backup_7T_olddata_260824/2020_pv6/20201217_155259_jrc201217_phantom19F_1_1.tar.gz (SHA-1 80efbe087063132993d3c1308f9a603a2d72dd4e); DICOM regenerated by Dicomifier 2.5.3 (+ gjesus3 workarounds) from the ParaVision 2dseq before ingest; operator pending claim (historical MRI, STATUS 0.5 Hold)"
20201217_155259_jrc201217_phantom19F_1_1/24,"2020-12-17T19:27:36,440+0100",visu_pars.VisuCreationDate,,,jrc201217_phantom19F,phantom,jrc201217_phantom19F,,Bruker BioSpec 7T,1552,DICOM regenerated by Dicomifier 2.5.3 (+ gjesus3 workarounds) from the ParaVision 2dseq before ingest,"phantom study (phantom / QC, Q2); phantom / QC study (Q2): no project, as July's jrc phantoms; MRI platform archive backup_7T_olddata_260824/2020_pv6/20201217_155259_jrc201217_phantom19F_1_1.tar.gz (SHA-1 80efbe087063132993d3c1308f9a603a2d72dd4e); DICOM regenerated by Dicomifier 2.5.3 (+ gjesus3 workarounds) from the ParaVision 2dseq before ingest; operator pending claim (historical MRI, STATUS 0.5 Hold)"
20201217_155259_jrc201217_phantom19F_1_1/25,"2020-12-17T19:29:39,917+0100",visu_pars.VisuCreationDate,,,jrc201217_phantom19F,phantom,jrc201217_phantom19F,,Bruker BioSpec 7T,1552,DICOM regenerated by Dicomifier 2.5.3 (+ gjesus3 workarounds) from the ParaVision 2dseq before ingest,"phantom study (phantom / QC, Q2); phantom / QC study (Q2): no project, as July's jrc phantoms; MRI platform archive backup_7T_olddata_260824/2020_pv6/20201217_155259_jrc201217_phantom19F_1_1.tar.gz (SHA-1 80efbe087063132993d3c1308f9a603a2d72dd4e); DICOM regenerated by Dicomifier 2.5.3 (+ gjesus3 workarounds) from the ParaVision 2dseq before ingest; operator pending claim (historical MRI, STATUS 0.5 Hold)"
20201217_155259_jrc201217_phantom19F_1_1/26,"2020-12-17T19:31:43,368+0100",visu_pars.VisuCreationDate,,,jrc201217_phantom19F,phantom,jrc201217_phantom19F,,Bruker BioSpec 7T,1552,DICOM regenerated by Dicomifier 2.5.3 (+ gjesus3 workarounds) from the ParaVision 2dseq before ingest,"phantom study (phantom / QC, Q2); phantom / QC study (Q2): no project, as July's jrc phantoms; MRI platform archive backup_7T_olddata_260824/2020_pv6/20201217_155259_jrc201217_phantom19F_1_1.tar.gz (SHA-1 80efbe087063132993d3c1308f9a603a2d72dd4e); DICOM regenerated by Dicomifier 2.5.3 (+ gjesus3 workarounds) from the ParaVision 2dseq before ingest; operator pending claim (historical MRI, STATUS 0.5 Hold)"
20201217_155259_jrc201217_phantom19F_1_1/30,"2020-12-17T19:36:49,662+0100",visu_pars.VisuCreationDate,,,jrc201217_phantom19F,phantom,jrc201217_phantom19F,,Bruker BioSpec 7T,1552,DICOM regenerated by Dicomifier 2.5.3 (+ gjesus3 workarounds) from the ParaVision 2dseq before ingest,"phantom study (phantom / QC, Q2); phantom / QC study (Q2): no project, as July's jrc phantoms; MRI platform archive backup_7T_olddata_260824/2020_pv6/20201217_155259_jrc201217_phantom19F_1_1.tar.gz (SHA-1 80efbe087063132993d3c1308f9a603a2d72dd4e); DICOM regenerated by Dicomifier 2.5.3 (+ gjesus3 workarounds) from the ParaVision 2dseq before ingest; operator pending claim (historical MRI, STATUS 0.5 Hold)"
20201217_155259_jrc201217_phantom19F_1_1/31,"2020-12-17T19:38:25,245+0100",visu_pars.VisuCreationDate,,,jrc201217_phantom19F,phantom,jrc201217_phantom19F,,Bruker BioSpec 7T,1552,DICOM regenerated by Dicomifier 2.5.3 (+ gjesus3 workarounds) from the ParaVision 2dseq before ingest,"phantom study (phantom / QC, Q2); phantom / QC study (Q2): no project, as July's jrc phantoms; MRI platform archive backup_7T_olddata_260824/2020_pv6/20201217_155259_jrc201217_phantom19F_1_1.tar.gz (SHA-1 80efbe087063132993d3c1308f9a603a2d72dd4e); DICOM regenerated by Dicomifier 2.5.3 (+ gjesus3 workarounds) from the ParaVision 2dseq before ingest; operator pending claim (historical MRI, STATUS 0.5 Hold)"
20201217_194257_jrc201217_phantom19F_1_2/1,"2020-12-17T19:48:23,880+0100",visu_pars.VisuCreationDate,,,jrc201217_phantom19F,phantom,jrc201217_phantom19F,,Bruker BioSpec 7T,1942,DICOM regenerated by Dicomifier 2.5.3 (+ gjesus3 workarounds) from the ParaVision 2dseq before ingest,"phantom study (phantom / QC, Q2); phantom / QC study (Q2): no project, as July's jrc phantoms; MRI platform archive backup_7T_olddata_260824/2020_pv6/20201217_194257_jrc201217_phantom19F_1_2.tar.gz (SHA-1 aaf5108eff671deb89fdf3211d2c3ffb184f979a); DICOM regenerated by Dicomifier 2.5.3 (+ gjesus3 workarounds) from the ParaVision 2dseq before ingest; operator pending claim (historical MRI, STATUS 0.5 Hold)"
20201217_194257_jrc201217_phantom19F_1_2/2,"2020-12-17T19:51:06,376+0100",visu_pars.VisuCreationDate,,,jrc201217_phantom19F,phantom,jrc201217_phantom19F,,Bruker BioSpec 7T,1942,DICOM regenerated by Dicomifier 2.5.3 (+ gjesus3 workarounds) from the ParaVision 2dseq before ingest,"phantom study (phantom / QC, Q2); phantom / QC study (Q2): no project, as July's jrc phantoms; MRI platform archive backup_7T_olddata_260824/2020_pv6/20201217_194257_jrc201217_phantom19F_1_2.tar.gz (SHA-1 aaf5108eff671deb89fdf3211d2c3ffb184f979a); DICOM regenerated by Dicomifier 2.5.3 (+ gjesus3 workarounds) from the ParaVision 2dseq before ingest; operator pending claim (historical MRI, STATUS 0.5 Hold)"
20201217_194257_jrc201217_phantom19F_1_2/3,"2020-12-17T19:49:51,080+0100",visu_pars.VisuCreationDate,,,jrc201217_phantom19F,phantom,jrc201217_phantom19F,,Bruker BioSpec 7T,1942,DICOM regenerated by Dicomifier 2.5.3 (+ gjesus3 workarounds) from the ParaVision 2dseq before ingest,"phantom study (phantom / QC, Q2); phantom / QC study (Q2): no project, as July's jrc phantoms; MRI platform archive backup_7T_olddata_260824/2020_pv6/20201217_194257_jrc201217_phantom19F_1_2.tar.gz (SHA-1 aaf5108eff671deb89fdf3211d2c3ffb184f979a); DICOM regenerated by Dicomifier 2.5.3 (+ gjesus3 workarounds) from the ParaVision 2dseq before ingest; operator pending claim (historical MRI, STATUS 0.5 Hold)"
20201217_194257_jrc201217_phantom19F_1_2/7,"2020-12-17T20:13:13,563+0100",visu_pars.VisuCreationDate,,,jrc201217_phantom19F,phantom,jrc201217_phantom19F,,Bruker BioSpec 7T,1942,DICOM regenerated by Dicomifier 2.5.3 (+ gjesus3 workarounds) from the ParaVision 2dseq before ingest,"phantom study (phantom / QC, Q2); phantom / QC study (Q2): no project, as July's jrc phantoms; MRI platform archive backup_7T_olddata_260824/2020_pv6/20201217_194257_jrc201217_phantom19F_1_2.tar.gz (SHA-1 aaf5108eff671deb89fdf3211d2c3ffb184f979a); DICOM regenerated by Dicomifier 2.5.3 (+ gjesus3 workarounds) from the ParaVision 2dseq before ingest; operator pending claim (historical MRI, STATUS 0.5 Hold)"
20201217_194257_jrc201217_phantom19F_1_2/8,"2020-12-17T20:37:54,436+0100",visu_pars.VisuCreationDate,,,jrc201217_phantom19F,phantom,jrc201217_phantom19F,,Bruker BioSpec 7T,1942,DICOM regenerated by Dicomifier 2.5.3 (+ gjesus3 workarounds) from the ParaVision 2dseq before ingest,"phantom study (phantom / QC, Q2); phantom / QC study (Q2): no project, as July's jrc phantoms; MRI platform archive backup_7T_olddata_260824/2020_pv6/20201217_194257_jrc201217_phantom19F_1_2.tar.gz (SHA-1 aaf5108eff671deb89fdf3211d2c3ffb184f979a); DICOM regenerated by Dicomifier 2.5.3 (+ gjesus3 workarounds) from the ParaVision 2dseq before ingest; operator pending claim (historical MRI, STATUS 0.5 Hold)"
20201217_194257_jrc201217_phantom19F_1_2/9,"2020-12-17T20:21:35,352+0100",visu_pars.VisuCreationDate,,,jrc201217_phantom19F,phantom,jrc201217_phantom19F,,Bruker BioSpec 7T,1942,DICOM regenerated by Dicomifier 2.5.3 (+ gjesus3 workarounds) from the ParaVision 2dseq before ingest,"phantom study (phantom / QC, Q2); phantom / QC study (Q2): no project, as July's jrc phantoms; MRI platform archive backup_7T_olddata_260824/2020_pv6/20201217_194257_jrc201217_phantom19F_1_2.tar.gz (SHA-1 aaf5108eff671deb89fdf3211d2c3ffb184f979a); DICOM regenerated by Dicomifier 2.5.3 (+ gjesus3 workarounds) from the ParaVision 2dseq before ingest; operator pending claim (historical MRI, STATUS 0.5 Hold)"
20201217_194257_jrc201217_phantom19F_1_2/10,"2020-12-17T20:46:04,743+0100",visu_pars.VisuCreationDate,,,jrc201217_phantom19F,phantom,jrc201217_phantom19F,,Bruker BioSpec 7T,1942,DICOM regenerated by Dicomifier 2.5.3 (+ gjesus3 workarounds) from the ParaVision 2dseq before ingest,"phantom study (phantom / QC, Q2); phantom / QC study (Q2): no project, as July's jrc phantoms; MRI platform archive backup_7T_olddata_260824/2020_pv6/20201217_194257_jrc201217_phantom19F_1_2.tar.gz (SHA-1 aaf5108eff671deb89fdf3211d2c3ffb184f979a); DICOM regenerated by Dicomifier 2.5.3 (+ gjesus3 workarounds) from the ParaVision 2dseq before ingest; operator pending claim (historical MRI, STATUS 0.5 Hold)"
20201218_102248_jrc201217_phantom19F_1_3/1,"2020-12-18T10:25:53,063+0100",visu_pars.VisuCreationDate,,,jrc201217_phantom19F,phantom,jrc201217_phantom19F,,Bruker BioSpec 7T,1022,DICOM regenerated by Dicomifier 2.5.3 (+ gjesus3 workarounds) from the ParaVision 2dseq before ingest,"phantom study (phantom / QC, Q2); phantom / QC study (Q2): no project, as July's jrc phantoms; MRI platform archive backup_7T_olddata_260824/2020_pv6/20201218_102248_jrc201217_phantom19F_1_3.tar.gz (SHA-1 4e61f9596e567cddb53b193fd0949abfdc4065c6); DICOM regenerated by Dicomifier 2.5.3 (+ gjesus3 workarounds) from the ParaVision 2dseq before ingest; operator pending claim (historical MRI, STATUS 0.5 Hold)"
20201218_102248_jrc201217_phantom19F_1_3/3,"2020-12-18T10:27:14,611+0100",visu_pars.VisuCreationDate,,,jrc201217_phantom19F,phantom,jrc201217_phantom19F,,Bruker BioSpec 7T,1022,DICOM regenerated by Dicomifier 2.5.3 (+ gjesus3 workarounds) from the ParaVision 2dseq before ingest,"phantom study (phantom / QC, Q2); phantom / QC study (Q2): no project, as July's jrc phantoms; MRI platform archive backup_7T_olddata_260824/2020_pv6/20201218_102248_jrc201217_phantom19F_1_3.tar.gz (SHA-1 4e61f9596e567cddb53b193fd0949abfdc4065c6); DICOM regenerated by Dicomifier 2.5.3 (+ gjesus3 workarounds) from the ParaVision 2dseq before ingest; operator pending claim (historical MRI, STATUS 0.5 Hold)"
20201218_102248_jrc201217_phantom19F_1_3/5,"2020-12-18T10:30:40,640+0100",visu_pars.VisuCreationDate,,,jrc201217_phantom19F,phantom,jrc201217_phantom19F,,Bruker BioSpec 7T,1022,DICOM regenerated by Dicomifier 2.5.3 (+ gjesus3 workarounds) from the ParaVision 2dseq before ingest,"phantom study (phantom / QC, Q2); phantom / QC study (Q2): no project, as July's jrc phantoms; MRI platform archive backup_7T_olddata_260824/2020_pv6/20201218_102248_jrc201217_phantom19F_1_3.tar.gz (SHA-1 4e61f9596e567cddb53b193fd0949abfdc4065c6); DICOM regenerated by Dicomifier 2.5.3 (+ gjesus3 workarounds) from the ParaVision 2dseq before ingest; operator pending claim (historical MRI, STATUS 0.5 Hold)"
20201218_102248_jrc201217_phantom19F_1_3/6,"2020-12-18T10:28:27,621+0100",visu_pars.VisuCreationDate,,,jrc201217_phantom19F,phantom,jrc201217_phantom19F,,Bruker BioSpec 7T,1022,DICOM regenerated by Dicomifier 2.5.3 (+ gjesus3 workarounds) from the ParaVision 2dseq before ingest,"phantom study (phantom / QC, Q2); phantom / QC study (Q2): no project, as July's jrc phantoms; MRI platform archive backup_7T_olddata_260824/2020_pv6/20201218_102248_jrc201217_phantom19F_1_3.tar.gz (SHA-1 4e61f9596e567cddb53b193fd0949abfdc4065c6); DICOM regenerated by Dicomifier 2.5.3 (+ gjesus3 workarounds) from the ParaVision 2dseq before ingest; operator pending claim (historical MRI, STATUS 0.5 Hold)"
20201218_112203_jrc201217_phantom19F_1_5/1,"2020-12-18T11:25:09,404+0100",visu_pars.VisuCreationDate,,,jrc201217_phantom19F,phantom,jrc201217_phantom19F,,Bruker BioSpec 7T,1122,DICOM regenerated by Dicomifier 2.5.3 (+ gjesus3 workarounds) from the ParaVision 2dseq before ingest,"phantom study (phantom / QC, Q2); phantom / QC study (Q2): no project, as July's jrc phantoms; MRI platform archive backup_7T_olddata_260824/2020_pv6/20201218_112203_jrc201217_phantom19F_1_5.tar.gz (SHA-1 653e021c57377a1e873256346856379c92f487d8); DICOM regenerated by Dicomifier 2.5.3 (+ gjesus3 workarounds) from the ParaVision 2dseq before ingest; operator pending claim (historical MRI, STATUS 0.5 Hold)"
20201218_112203_jrc201217_phantom19F_1_5/3,"2020-12-18T11:46:00,312+0100",visu_pars.VisuCreationDate,,,jrc201217_phantom19F,phantom,jrc201217_phantom19F,,Bruker BioSpec 7T,1122,DICOM regenerated by Dicomifier 2.5.3 (+ gjesus3 workarounds) from the ParaVision 2dseq before ingest,"phantom study (phantom / QC, Q2); phantom / QC study (Q2): no project, as July's jrc phantoms; MRI platform archive backup_7T_olddata_260824/2020_pv6/20201218_112203_jrc201217_phantom19F_1_5.tar.gz (SHA-1 653e021c57377a1e873256346856379c92f487d8); DICOM regenerated by Dicomifier 2.5.3 (+ gjesus3 workarounds) from the ParaVision 2dseq before ingest; operator pending claim (historical MRI, STATUS 0.5 Hold)"
20201218_112203_jrc201217_phantom19F_1_5/5,"2020-12-18T11:47:48,213+0100",visu_pars.VisuCreationDate,,,jrc201217_phantom19F,phantom,jrc201217_phantom19F,,Bruker BioSpec 7T,1122,DICOM regenerated by Dicomifier 2.5.3 (+ gjesus3 workarounds) from the ParaVision 2dseq before ingest,"phantom study (phantom / QC, Q2); phantom / QC study (Q2): no project, as July's jrc phantoms; MRI platform archive backup_7T_olddata_260824/2020_pv6/20201218_112203_jrc201217_phantom19F_1_5.tar.gz (SHA-1 653e021c57377a1e873256346856379c92f487d8); DICOM regenerated by Dicomifier 2.5.3 (+ gjesus3 workarounds) from the ParaVision 2dseq before ingest; operator pending claim (historical MRI, STATUS 0.5 Hold)"
20201218_112203_jrc201217_phantom19F_1_5/6,"2020-12-18T11:56:03,881+0100",visu_pars.VisuCreationDate,,,jrc201217_phantom19F,phantom,jrc201217_phantom19F,,Bruker BioSpec 7T,1122,DICOM regenerated by Dicomifier 2.5.3 (+ gjesus3 workarounds) from the ParaVision 2dseq before ingest,"phantom study (phantom / QC, Q2); phantom / QC study (Q2): no project, as July's jrc phantoms; MRI platform archive backup_7T_olddata_260824/2020_pv6/20201218_112203_jrc201217_phantom19F_1_5.tar.gz (SHA-1 653e021c57377a1e873256346856379c92f487d8); DICOM regenerated by Dicomifier 2.5.3 (+ gjesus3 workarounds) from the ParaVision 2dseq before ingest; operator pending claim (historical MRI, STATUS 0.5 Hold)"
20210304_145630_jrc210304_Palm_19F_coil_1_1/1,"2021-03-04T15:10:50,823+0100",visu_pars.VisuCreationDate,,,jrc210304_Palm_19F_coil,phantom,jrc210304_Palm_19F_coil,,Bruker BioSpec 7T,1456,DICOM regenerated by Dicomifier 2.5.3 (+ gjesus3 workarounds) from the ParaVision 2dseq before ingest,"phantom study (phantom / QC, Q2); phantom / QC study (Q2): no project, as July's jrc phantoms; MRI platform archive backup_7T_olddata_260824/2021_pv6/20210304_145630_jrc210304_Palm_19F_coil_1_1.tar.gz (SHA-1 7542cf411e2c7a9c72d0b01a9e1b7e228b41ad2f); DICOM regenerated by Dicomifier 2.5.3 (+ gjesus3 workarounds) from the ParaVision 2dseq before ingest; operator pending claim (historical MRI, STATUS 0.5 Hold)"
20210304_145630_jrc210304_Palm_19F_coil_1_1/5,"2021-03-04T15:23:16,730+0100",visu_pars.VisuCreationDate,,,jrc210304_Palm_19F_coil,phantom,jrc210304_Palm_19F_coil,,Bruker BioSpec 7T,1456,DICOM regenerated by Dicomifier 2.5.3 (+ gjesus3 workarounds) from the ParaVision 2dseq before ingest,"phantom study (phantom / QC, Q2); phantom / QC study (Q2): no project, as July's jrc phantoms; MRI platform archive backup_7T_olddata_260824/2021_pv6/20210304_145630_jrc210304_Palm_19F_coil_1_1.tar.gz (SHA-1 7542cf411e2c7a9c72d0b01a9e1b7e228b41ad2f); DICOM regenerated by Dicomifier 2.5.3 (+ gjesus3 workarounds) from the ParaVision 2dseq before ingest; operator pending claim (historical MRI, STATUS 0.5 Hold)"
20210304_145630_jrc210304_Palm_19F_coil_1_1/6,"2021-03-04T15:28:59,624+0100",visu_pars.VisuCreationDate,,,jrc210304_Palm_19F_coil,phantom,jrc210304_Palm_19F_coil,,Bruker BioSpec 7T,1456,DICOM regenerated by Dicomifier 2.5.3 (+ gjesus3 workarounds) from the ParaVision 2dseq before ingest,"phantom study (phantom / QC, Q2); phantom / QC study (Q2): no project, as July's jrc phantoms; MRI platform archive backup_7T_olddata_260824/2021_pv6/20210304_145630_jrc210304_Palm_19F_coil_1_1.tar.gz (SHA-1 7542cf411e2c7a9c72d0b01a9e1b7e228b41ad2f); DICOM regenerated by Dicomifier 2.5.3 (+ gjesus3 workarounds) from the ParaVision 2dseq before ingest; operator pending claim (historical MRI, STATUS 0.5 Hold)"
20210304_145630_jrc210304_Palm_19F_coil_1_1/7,"2021-03-04T15:36:09,654+0100",visu_pars.VisuCreationDate,,,jrc210304_Palm_19F_coil,phantom,jrc210304_Palm_19F_coil,,Bruker BioSpec 7T,1456,DICOM regenerated by Dicomifier 2.5.3 (+ gjesus3 workarounds) from the ParaVision 2dseq before ingest,"phantom study (phantom / QC, Q2); phantom / QC study (Q2): no project, as July's jrc phantoms; MRI platform archive backup_7T_olddata_260824/2021_pv6/20210304_145630_jrc210304_Palm_19F_coil_1_1.tar.gz (SHA-1 7542cf411e2c7a9c72d0b01a9e1b7e228b41ad2f); DICOM regenerated by Dicomifier 2.5.3 (+ gjesus3 workarounds) from the ParaVision 2dseq before ingest; operator pending claim (historical MRI, STATUS 0.5 Hold)"
20210304_154812_jrc210304_Palm_19F_coil_array_1_1/2,"2021-03-04T16:18:27,005+0100",visu_pars.VisuCreationDate,,,jrc210304_Palm_19F_coil_array,phantom,jrc210304_Palm_19F_coil_array,,Bruker BioSpec 7T,1548,DICOM regenerated by Dicomifier 2.5.3 (+ gjesus3 workarounds) from the ParaVision 2dseq before ingest,"phantom study (phantom / QC, Q2); phantom / QC study (Q2): no project, as July's jrc phantoms; MRI platform archive backup_7T_olddata_260824/2021_pv6/20210304_154812_jrc210304_Palm_19F_coil_array_1_1.tar.gz (SHA-1 5e67e582480a4de30acac751f0e858c7b022eaf1); DICOM regenerated by Dicomifier 2.5.3 (+ gjesus3 workarounds) from the ParaVision 2dseq before ingest; operator pending claim (historical MRI, STATUS 0.5 Hold)"
20210304_154812_jrc210304_Palm_19F_coil_array_1_1/3,"2021-03-04T16:19:18,026+0100",visu_pars.VisuCreationDate,,,jrc210304_Palm_19F_coil_array,phantom,jrc210304_Palm_19F_coil_array,,Bruker BioSpec 7T,1548,DICOM regenerated by Dicomifier 2.5.3 (+ gjesus3 workarounds) from the ParaVision 2dseq before ingest,"phantom study (phantom / QC, Q2); phantom / QC study (Q2): no project, as July's jrc phantoms; MRI platform archive backup_7T_olddata_260824/2021_pv6/20210304_154812_jrc210304_Palm_19F_coil_array_1_1.tar.gz (SHA-1 5e67e582480a4de30acac751f0e858c7b022eaf1); DICOM regenerated by Dicomifier 2.5.3 (+ gjesus3 workarounds) from the ParaVision 2dseq before ingest; operator pending claim (historical MRI, STATUS 0.5 Hold)"
20210304_154812_jrc210304_Palm_19F_coil_array_1_1/5,"2021-03-04T16:26:41,600+0100",visu_pars.VisuCreationDate,,,jrc210304_Palm_19F_coil_array,phantom,jrc210304_Palm_19F_coil_array,,Bruker BioSpec 7T,1548,DICOM regenerated by Dicomifier 2.5.3 (+ gjesus3 workarounds) from the ParaVision 2dseq before ingest,"phantom study (phantom / QC, Q2); phantom / QC study (Q2): no project, as July's jrc phantoms; MRI platform archive backup_7T_olddata_260824/2021_pv6/20210304_154812_jrc210304_Palm_19F_coil_array_1_1.tar.gz (SHA-1 5e67e582480a4de30acac751f0e858c7b022eaf1); DICOM regenerated by Dicomifier 2.5.3 (+ gjesus3 workarounds) from the ParaVision 2dseq before ingest; operator pending claim (historical MRI, STATUS 0.5 Hold)"
20210304_154812_jrc210304_Palm_19F_coil_array_1_1/6,"2021-03-04T16:38:06,653+0100",visu_pars.VisuCreationDate,,,jrc210304_Palm_19F_coil_array,phantom,jrc210304_Palm_19F_coil_array,,Bruker BioSpec 7T,1548,DICOM regenerated by Dicomifier 2.5.3 (+ gjesus3 workarounds) from the ParaVision 2dseq before ingest,"phantom study (phantom / QC, Q2); phantom / QC study (Q2): no project, as July's jrc phantoms; MRI platform archive backup_7T_olddata_260824/2021_pv6/20210304_154812_jrc210304_Palm_19F_coil_array_1_1.tar.gz (SHA-1 5e67e582480a4de30acac751f0e858c7b022eaf1); DICOM regenerated by Dicomifier 2.5.3 (+ gjesus3 workarounds) from the ParaVision 2dseq before ingest; operator pending claim (historical MRI, STATUS 0.5 Hold)"
20210304_154812_jrc210304_Palm_19F_coil_array_1_1/7,"2021-03-04T16:38:44,171+0100",visu_pars.VisuCreationDate,,,jrc210304_Palm_19F_coil_array,phantom,jrc210304_Palm_19F_coil_array,,Bruker BioSpec 7T,1548,DICOM regenerated by Dicomifier 2.5.3 (+ gjesus3 workarounds) from the ParaVision 2dseq before ingest,"phantom study (phantom / QC, Q2); phantom / QC study (Q2): no project, as July's jrc phantoms; MRI platform archive backup_7T_olddata_260824/2021_pv6/20210304_154812_jrc210304_Palm_19F_coil_array_1_1.tar.gz (SHA-1 5e67e582480a4de30acac751f0e858c7b022eaf1); DICOM regenerated by Dicomifier 2.5.3 (+ gjesus3 workarounds) from the ParaVision 2dseq before ingest; operator pending claim (historical MRI, STATUS 0.5 Hold)"
20210304_154812_jrc210304_Palm_19F_coil_array_1_1/8,"2021-03-04T16:43:32,580+0100",visu_pars.VisuCreationDate,,,jrc210304_Palm_19F_coil_array,phantom,jrc210304_Palm_19F_coil_array,,Bruker BioSpec 7T,1548,DICOM regenerated by Dicomifier 2.5.3 (+ gjesus3 workarounds) from the ParaVision 2dseq before ingest,"phantom study (phantom / QC, Q2); phantom / QC study (Q2): no project, as July's jrc phantoms; MRI platform archive backup_7T_olddata_260824/2021_pv6/20210304_154812_jrc210304_Palm_19F_coil_array_1_1.tar.gz (SHA-1 5e67e582480a4de30acac751f0e858c7b022eaf1); DICOM regenerated by Dicomifier 2.5.3 (+ gjesus3 workarounds) from the ParaVision 2dseq before ingest; operator pending claim (historical MRI, STATUS 0.5 Hold)"
20210304_154812_jrc210304_Palm_19F_coil_array_1_1/9,"2021-03-04T16:48:47,998+0100",visu_pars.VisuCreationDate,,,jrc210304_Palm_19F_coil_array,phantom,jrc210304_Palm_19F_coil_array,,Bruker BioSpec 7T,1548,DICOM regenerated by Dicomifier 2.5.3 (+ gjesus3 workarounds) from the ParaVision 2dseq before ingest,"phantom study (phantom / QC, Q2); phantom / QC study (Q2): no project, as July's jrc phantoms; MRI platform archive backup_7T_olddata_260824/2021_pv6/20210304_154812_jrc210304_Palm_19F_coil_array_1_1.tar.gz (SHA-1 5e67e582480a4de30acac751f0e858c7b022eaf1); DICOM regenerated by Dicomifier 2.5.3 (+ gjesus3 workarounds) from the ParaVision 2dseq before ingest; operator pending claim (historical MRI, STATUS 0.5 Hold)"
20210304_154812_jrc210304_Palm_19F_coil_array_1_1/11,"2021-03-04T16:56:06,707+0100",visu_pars.VisuCreationDate,,,jrc210304_Palm_19F_coil_array,phantom,jrc210304_Palm_19F_coil_array,,Bruker BioSpec 7T,1548,DICOM regenerated by Dicomifier 2.5.3 (+ gjesus3 workarounds) from the ParaVision 2dseq before ingest,"phantom study (phantom / QC, Q2); phantom / QC study (Q2): no project, as July's jrc phantoms; MRI platform archive backup_7T_olddata_260824/2021_pv6/20210304_154812_jrc210304_Palm_19F_coil_array_1_1.tar.gz (SHA-1 5e67e582480a4de30acac751f0e858c7b022eaf1); DICOM regenerated by Dicomifier 2.5.3 (+ gjesus3 workarounds) from the ParaVision 2dseq before ingest; operator pending claim (historical MRI, STATUS 0.5 Hold)"
20210304_154812_jrc210304_Palm_19F_coil_array_1_1/15,"2021-03-04T17:23:13,057+0100",visu_pars.VisuCreationDate,,,jrc210304_Palm_19F_coil_array,phantom,jrc210304_Palm_19F_coil_array,,Bruker BioSpec 7T,1548,DICOM regenerated by Dicomifier 2.5.3 (+ gjesus3 workarounds) from the ParaVision 2dseq before ingest,"phantom study (phantom / QC, Q2); phantom / QC study (Q2): no project, as July's jrc phantoms; MRI platform archive backup_7T_olddata_260824/2021_pv6/20210304_154812_jrc210304_Palm_19F_coil_array_1_1.tar.gz (SHA-1 5e67e582480a4de30acac751f0e858c7b022eaf1); DICOM regenerated by Dicomifier 2.5.3 (+ gjesus3 workarounds) from the ParaVision 2dseq before ingest; operator pending claim (historical MRI, STATUS 0.5 Hold)"
20210304_154812_jrc210304_Palm_19F_coil_array_1_1/16,"2021-03-04T17:29:52,953+0100",visu_pars.VisuCreationDate,,,jrc210304_Palm_19F_coil_array,phantom,jrc210304_Palm_19F_coil_array,,Bruker BioSpec 7T,1548,DICOM regenerated by Dicomifier 2.5.3 (+ gjesus3 workarounds) from the ParaVision 2dseq before ingest,"phantom study (phantom / QC, Q2); phantom / QC study (Q2): no project, as July's jrc phantoms; MRI platform archive backup_7T_olddata_260824/2021_pv6/20210304_154812_jrc210304_Palm_19F_coil_array_1_1.tar.gz (SHA-1 5e67e582480a4de30acac751f0e858c7b022eaf1); DICOM regenerated by Dicomifier 2.5.3 (+ gjesus3 workarounds) from the ParaVision 2dseq before ingest; operator pending claim (historical MRI, STATUS 0.5 Hold)"
20210304_154812_jrc210304_Palm_19F_coil_array_1_1/17,"2021-03-04T17:36:31,554+0100",visu_pars.VisuCreationDate,,,jrc210304_Palm_19F_coil_array,phantom,jrc210304_Palm_19F_coil_array,,Bruker BioSpec 7T,1548,DICOM regenerated by Dicomifier 2.5.3 (+ gjesus3 workarounds) from the ParaVision 2dseq before ingest,"phantom study (phantom / QC, Q2); phantom / QC study (Q2): no project, as July's jrc phantoms; MRI platform archive backup_7T_olddata_260824/2021_pv6/20210304_154812_jrc210304_Palm_19F_coil_array_1_1.tar.gz (SHA-1 5e67e582480a4de30acac751f0e858c7b022eaf1); DICOM regenerated by Dicomifier 2.5.3 (+ gjesus3 workarounds) from the ParaVision 2dseq before ingest; operator pending claim (historical MRI, STATUS 0.5 Hold)"
20210304_154812_jrc210304_Palm_19F_coil_array_1_1/18,"2021-03-04T17:45:11,096+0100",visu_pars.VisuCreationDate,,,jrc210304_Palm_19F_coil_array,phantom,jrc210304_Palm_19F_coil_array,,Bruker BioSpec 7T,1548,DICOM regenerated by Dicomifier 2.5.3 (+ gjesus3 workarounds) from the ParaVision 2dseq before ingest,"phantom study (phantom / QC, Q2); phantom / QC study (Q2): no project, as July's jrc phantoms; MRI platform archive backup_7T_olddata_260824/2021_pv6/20210304_154812_jrc210304_Palm_19F_coil_array_1_1.tar.gz (SHA-1 5e67e582480a4de30acac751f0e858c7b022eaf1); DICOM regenerated by Dicomifier 2.5.3 (+ gjesus3 workarounds) from the ParaVision 2dseq before ingest; operator pending claim (historical MRI, STATUS 0.5 Hold)"
20210304_154812_jrc210304_Palm_19F_coil_array_1_1/19,"2021-03-04T17:51:08,582+0100",visu_pars.VisuCreationDate,,,jrc210304_Palm_19F_coil_array,phantom,jrc210304_Palm_19F_coil_array,,Bruker BioSpec 7T,1548,DICOM regenerated by Dicomifier 2.5.3 (+ gjesus3 workarounds) from the ParaVision 2dseq before ingest,"phantom study (phantom / QC, Q2); phantom / QC study (Q2): no project, as July's jrc phantoms; MRI platform archive backup_7T_olddata_260824/2021_pv6/20210304_154812_jrc210304_Palm_19F_coil_array_1_1.tar.gz (SHA-1 5e67e582480a4de30acac751f0e858c7b022eaf1); DICOM regenerated by Dicomifier 2.5.3 (+ gjesus3 workarounds) from the ParaVision 2dseq before ingest; operator pending claim (historical MRI, STATUS 0.5 Hold)"
20210304_154812_jrc210304_Palm_19F_coil_array_1_1/21,"2021-03-04T18:01:24,348+0100",visu_pars.VisuCreationDate,,,jrc210304_Palm_19F_coil_array,phantom,jrc210304_Palm_19F_coil_array,,Bruker BioSpec 7T,1548,DICOM regenerated by Dicomifier 2.5.3 (+ gjesus3 workarounds) from the ParaVision 2dseq before ingest,"phantom study (phantom / QC, Q2); phantom / QC study (Q2): no project, as July's jrc phantoms; MRI platform archive backup_7T_olddata_260824/2021_pv6/20210304_154812_jrc210304_Palm_19F_coil_array_1_1.tar.gz (SHA-1 5e67e582480a4de30acac751f0e858c7b022eaf1); DICOM regenerated by Dicomifier 2.5.3 (+ gjesus3 workarounds) from the ParaVision 2dseq before ingest; operator pending claim (historical MRI, STATUS 0.5 Hold)"
20210304_154812_jrc210304_Palm_19F_coil_array_1_1/22,"2021-03-04T18:03:03,268+0100",visu_pars.VisuCreationDate,,,jrc210304_Palm_19F_coil_array,phantom,jrc210304_Palm_19F_coil_array,,Bruker BioSpec 7T,1548,DICOM regenerated by Dicomifier 2.5.3 (+ gjesus3 workarounds) from the ParaVision 2dseq before ingest,"phantom study (phantom / QC, Q2); phantom / QC study (Q2): no project, as July's jrc phantoms; MRI platform archive backup_7T_olddata_260824/2021_pv6/20210304_154812_jrc210304_Palm_19F_coil_array_1_1.tar.gz (SHA-1 5e67e582480a4de30acac751f0e858c7b022eaf1); DICOM regenerated by Dicomifier 2.5.3 (+ gjesus3 workarounds) from the ParaVision 2dseq before ingest; operator pending claim (historical MRI, STATUS 0.5 Hold)"
20210304_154812_jrc210304_Palm_19F_coil_array_1_1/23,"2021-03-04T18:10:19,444+0100",visu_pars.VisuCreationDate,,,jrc210304_Palm_19F_coil_array,phantom,jrc210304_Palm_19F_coil_array,,Bruker BioSpec 7T,1548,DICOM regenerated by Dicomifier 2.5.3 (+ gjesus3 workarounds) from the ParaVision 2dseq before ingest,"phantom study (phantom / QC, Q2); phantom / QC study (Q2): no project, as July's jrc phantoms; MRI platform archive backup_7T_olddata_260824/2021_pv6/20210304_154812_jrc210304_Palm_19F_coil_array_1_1.tar.gz (SHA-1 5e67e582480a4de30acac751f0e858c7b022eaf1); DICOM regenerated by Dicomifier 2.5.3 (+ gjesus3 workarounds) from the ParaVision 2dseq before ingest; operator pending claim (historical MRI, STATUS 0.5 Hold)"
20210304_154812_jrc210304_Palm_19F_coil_array_1_1/25,"2021-03-04T18:12:13,906+0100",visu_pars.VisuCreationDate,,,jrc210304_Palm_19F_coil_array,phantom,jrc210304_Palm_19F_coil_array,,Bruker BioSpec 7T,1548,DICOM regenerated by Dicomifier 2.5.3 (+ gjesus3 workarounds) from the ParaVision 2dseq before ingest,"phantom study (phantom / QC, Q2); phantom / QC study (Q2): no project, as July's jrc phantoms; MRI platform archive backup_7T_olddata_260824/2021_pv6/20210304_154812_jrc210304_Palm_19F_coil_array_1_1.tar.gz (SHA-1 5e67e582480a4de30acac751f0e858c7b022eaf1); DICOM regenerated by Dicomifier 2.5.3 (+ gjesus3 workarounds) from the ParaVision 2dseq before ingest; operator pending claim (historical MRI, STATUS 0.5 Hold)"
20210304_154812_jrc210304_Palm_19F_coil_array_1_1/26,"2021-03-04T18:13:37,861+0100",visu_pars.VisuCreationDate,,,jrc210304_Palm_19F_coil_array,phantom,jrc210304_Palm_19F_coil_array,,Bruker BioSpec 7T,1548,DICOM regenerated by Dicomifier 2.5.3 (+ gjesus3 workarounds) from the ParaVision 2dseq before ingest,"phantom study (phantom / QC, Q2); phantom / QC study (Q2): no project, as July's jrc phantoms; MRI platform archive backup_7T_olddata_260824/2021_pv6/20210304_154812_jrc210304_Palm_19F_coil_array_1_1.tar.gz (SHA-1 5e67e582480a4de30acac751f0e858c7b022eaf1); DICOM regenerated by Dicomifier 2.5.3 (+ gjesus3 workarounds) from the ParaVision 2dseq before ingest; operator pending claim (historical MRI, STATUS 0.5 Hold)"
20210304_154812_jrc210304_Palm_19F_coil_array_1_1/27,"2021-03-04T18:22:25,470+0100",visu_pars.VisuCreationDate,,,jrc210304_Palm_19F_coil_array,phantom,jrc210304_Palm_19F_coil_array,,Bruker BioSpec 7T,1548,DICOM regenerated by Dicomifier 2.5.3 (+ gjesus3 workarounds) from the ParaVision 2dseq before ingest,"phantom study (phantom / QC, Q2); phantom / QC study (Q2): no project, as July's jrc phantoms; MRI platform archive backup_7T_olddata_260824/2021_pv6/20210304_154812_jrc210304_Palm_19F_coil_array_1_1.tar.gz (SHA-1 5e67e582480a4de30acac751f0e858c7b022eaf1); DICOM regenerated by Dicomifier 2.5.3 (+ gjesus3 workarounds) from the ParaVision 2dseq before ingest; operator pending claim (historical MRI, STATUS 0.5 Hold)"
20210304_154812_jrc210304_Palm_19F_coil_array_1_1/28,"2021-03-04T18:38:30,055+0100",visu_pars.VisuCreationDate,,,jrc210304_Palm_19F_coil_array,phantom,jrc210304_Palm_19F_coil_array,,Bruker BioSpec 7T,1548,DICOM regenerated by Dicomifier 2.5.3 (+ gjesus3 workarounds) from the ParaVision 2dseq before ingest,"phantom study (phantom / QC, Q2); phantom / QC study (Q2): no project, as July's jrc phantoms; MRI platform archive backup_7T_olddata_260824/2021_pv6/20210304_154812_jrc210304_Palm_19F_coil_array_1_1.tar.gz (SHA-1 5e67e582480a4de30acac751f0e858c7b022eaf1); DICOM regenerated by Dicomifier 2.5.3 (+ gjesus3 workarounds) from the ParaVision 2dseq before ingest; operator pending claim (historical MRI, STATUS 0.5 Hold)"
20210304_154812_jrc210304_Palm_19F_coil_array_1_1/30,"2021-03-04T18:52:34,573+0100",visu_pars.VisuCreationDate,,,jrc210304_Palm_19F_coil_array,phantom,jrc210304_Palm_19F_coil_array,,Bruker BioSpec 7T,1548,DICOM regenerated by Dicomifier 2.5.3 (+ gjesus3 workarounds) from the ParaVision 2dseq before ingest,"phantom study (phantom / QC, Q2); phantom / QC study (Q2): no project, as July's jrc phantoms; MRI platform archive backup_7T_olddata_260824/2021_pv6/20210304_154812_jrc210304_Palm_19F_coil_array_1_1.tar.gz (SHA-1 5e67e582480a4de30acac751f0e858c7b022eaf1); DICOM regenerated by Dicomifier 2.5.3 (+ gjesus3 workarounds) from the ParaVision 2dseq before ingest; operator pending claim (historical MRI, STATUS 0.5 Hold)"
20210304_154812_jrc210304_Palm_19F_coil_array_1_1/31,"2021-03-04T18:58:40,870+0100",visu_pars.VisuCreationDate,,,jrc210304_Palm_19F_coil_array,phantom,jrc210304_Palm_19F_coil_array,,Bruker BioSpec 7T,1548,DICOM regenerated by Dicomifier 2.5.3 (+ gjesus3 workarounds) from the ParaVision 2dseq before ingest,"phantom study (phantom / QC, Q2); phantom / QC study (Q2): no project, as July's jrc phantoms; MRI platform archive backup_7T_olddata_260824/2021_pv6/20210304_154812_jrc210304_Palm_19F_coil_array_1_1.tar.gz (SHA-1 5e67e582480a4de30acac751f0e858c7b022eaf1); DICOM regenerated by Dicomifier 2.5.3 (+ gjesus3 workarounds) from the ParaVision 2dseq before ingest; operator pending claim (historical MRI, STATUS 0.5 Hold)"
20210304_154812_jrc210304_Palm_19F_coil_array_1_1/33,"2021-03-04T19:20:26,689+0100",visu_pars.VisuCreationDate,,,jrc210304_Palm_19F_coil_array,phantom,jrc210304_Palm_19F_coil_array,,Bruker BioSpec 7T,1548,DICOM regenerated by Dicomifier 2.5.3 (+ gjesus3 workarounds) from the ParaVision 2dseq before ingest,"phantom study (phantom / QC, Q2); phantom / QC study (Q2): no project, as July's jrc phantoms; MRI platform archive backup_7T_olddata_260824/2021_pv6/20210304_154812_jrc210304_Palm_19F_coil_array_1_1.tar.gz (SHA-1 5e67e582480a4de30acac751f0e858c7b022eaf1); DICOM regenerated by Dicomifier 2.5.3 (+ gjesus3 workarounds) from the ParaVision 2dseq before ingest; operator pending claim (historical MRI, STATUS 0.5 Hold)"
20210304_154812_jrc210304_Palm_19F_coil_array_1_1/36,"2021-03-04T19:47:55,724+0100",visu_pars.VisuCreationDate,,,jrc210304_Palm_19F_coil_array,phantom,jrc210304_Palm_19F_coil_array,,Bruker BioSpec 7T,1548,DICOM regenerated by Dicomifier 2.5.3 (+ gjesus3 workarounds) from the ParaVision 2dseq before ingest,"phantom study (phantom / QC, Q2); phantom / QC study (Q2): no project, as July's jrc phantoms; MRI platform archive backup_7T_olddata_260824/2021_pv6/20210304_154812_jrc210304_Palm_19F_coil_array_1_1.tar.gz (SHA-1 5e67e582480a4de30acac751f0e858c7b022eaf1); DICOM regenerated by Dicomifier 2.5.3 (+ gjesus3 workarounds) from the ParaVision 2dseq before ingest; operator pending claim (historical MRI, STATUS 0.5 Hold)"
20210304_154812_jrc210304_Palm_19F_coil_array_1_1/38,"2021-03-04T19:54:40,625+0100",visu_pars.VisuCreationDate,,,jrc210304_Palm_19F_coil_array,phantom,jrc210304_Palm_19F_coil_array,,Bruker BioSpec 7T,1548,DICOM regenerated by Dicomifier 2.5.3 (+ gjesus3 workarounds) from the ParaVision 2dseq before ingest,"phantom study (phantom / QC, Q2); phantom / QC study (Q2): no project, as July's jrc phantoms; MRI platform archive backup_7T_olddata_260824/2021_pv6/20210304_154812_jrc210304_Palm_19F_coil_array_1_1.tar.gz (SHA-1 5e67e582480a4de30acac751f0e858c7b022eaf1); DICOM regenerated by Dicomifier 2.5.3 (+ gjesus3 workarounds) from the ParaVision 2dseq before ingest; operator pending claim (historical MRI, STATUS 0.5 Hold)"
20210304_154812_jrc210304_Palm_19F_coil_array_1_1/39,"2021-03-04T20:03:41,077+0100",visu_pars.VisuCreationDate,,,jrc210304_Palm_19F_coil_array,phantom,jrc210304_Palm_19F_coil_array,,Bruker BioSpec 7T,1548,DICOM regenerated by Dicomifier 2.5.3 (+ gjesus3 workarounds) from the ParaVision 2dseq before ingest,"phantom study (phantom / QC, Q2); phantom / QC study (Q2): no project, as July's jrc phantoms; MRI platform archive backup_7T_olddata_260824/2021_pv6/20210304_154812_jrc210304_Palm_19F_coil_array_1_1.tar.gz (SHA-1 5e67e582480a4de30acac751f0e858c7b022eaf1); DICOM regenerated by Dicomifier 2.5.3 (+ gjesus3 workarounds) from the ParaVision 2dseq before ingest; operator pending claim (historical MRI, STATUS 0.5 Hold)"
20210304_154812_jrc210304_Palm_19F_coil_array_1_1/43,"2021-03-05T09:14:37,513+0100",visu_pars.VisuCreationDate,,,jrc210304_Palm_19F_coil_array,phantom,jrc210304_Palm_19F_coil_array,,Bruker BioSpec 7T,1548,DICOM regenerated by Dicomifier 2.5.3 (+ gjesus3 workarounds) from the ParaVision 2dseq before ingest,"phantom study (phantom / QC, Q2); phantom / QC study (Q2): no project, as July's jrc phantoms; MRI platform archive backup_7T_olddata_260824/2021_pv6/20210304_154812_jrc210304_Palm_19F_coil_array_1_1.tar.gz (SHA-1 5e67e582480a4de30acac751f0e858c7b022eaf1); DICOM regenerated by Dicomifier 2.5.3 (+ gjesus3 workarounds) from the ParaVision 2dseq before ingest; operator pending claim (historical MRI, STATUS 0.5 Hold)"
20210304_154812_jrc210304_Palm_19F_coil_array_1_1/48,"2021-03-05T09:26:03,191+0100",visu_pars.VisuCreationDate,,,jrc210304_Palm_19F_coil_array,phantom,jrc210304_Palm_19F_coil_array,,Bruker BioSpec 7T,1548,DICOM regenerated by Dicomifier 2.5.3 (+ gjesus3 workarounds) from the ParaVision 2dseq before ingest,"phantom study (phantom / QC, Q2); phantom / QC study (Q2): no project, as July's jrc phantoms; MRI platform archive backup_7T_olddata_260824/2021_pv6/20210304_154812_jrc210304_Palm_19F_coil_array_1_1.tar.gz (SHA-1 5e67e582480a4de30acac751f0e858c7b022eaf1); DICOM regenerated by Dicomifier 2.5.3 (+ gjesus3 workarounds) from the ParaVision 2dseq before ingest; operator pending claim (historical MRI, STATUS 0.5 Hold)"
20210304_154812_jrc210304_Palm_19F_coil_array_1_1/49,"2021-03-05T09:41:03,701+0100",visu_pars.VisuCreationDate,,,jrc210304_Palm_19F_coil_array,phantom,jrc210304_Palm_19F_coil_array,,Bruker BioSpec 7T,1548,DICOM regenerated by Dicomifier 2.5.3 (+ gjesus3 workarounds) from the ParaVision 2dseq before ingest,"phantom study (phantom / QC, Q2); phantom / QC study (Q2): no project, as July's jrc phantoms; MRI platform archive backup_7T_olddata_260824/2021_pv6/20210304_154812_jrc210304_Palm_19F_coil_array_1_1.tar.gz (SHA-1 5e67e582480a4de30acac751f0e858c7b022eaf1); DICOM regenerated by Dicomifier 2.5.3 (+ gjesus3 workarounds) from the ParaVision 2dseq before ingest; operator pending claim (historical MRI, STATUS 0.5 Hold)"
20210304_154812_jrc210304_Palm_19F_coil_array_1_1/50,"2021-03-05T09:47:46,036+0100",visu_pars.VisuCreationDate,,,jrc210304_Palm_19F_coil_array,phantom,jrc210304_Palm_19F_coil_array,,Bruker BioSpec 7T,1548,DICOM regenerated by Dicomifier 2.5.3 (+ gjesus3 workarounds) from the ParaVision 2dseq before ingest,"phantom study (phantom / QC, Q2); phantom / QC study (Q2): no project, as July's jrc phantoms; MRI platform archive backup_7T_olddata_260824/2021_pv6/20210304_154812_jrc210304_Palm_19F_coil_array_1_1.tar.gz (SHA-1 5e67e582480a4de30acac751f0e858c7b022eaf1); DICOM regenerated by Dicomifier 2.5.3 (+ gjesus3 workarounds) from the ParaVision 2dseq before ingest; operator pending claim (historical MRI, STATUS 0.5 Hold)"
20210304_154812_jrc210304_Palm_19F_coil_array_1_1/51,"2021-03-05T10:18:30,338+0100",visu_pars.VisuCreationDate,,,jrc210304_Palm_19F_coil_array,phantom,jrc210304_Palm_19F_coil_array,,Bruker BioSpec 7T,1548,DICOM regenerated by Dicomifier 2.5.3 (+ gjesus3 workarounds) from the ParaVision 2dseq before ingest,"phantom study (phantom / QC, Q2); phantom / QC study (Q2): no project, as July's jrc phantoms; MRI platform archive backup_7T_olddata_260824/2021_pv6/20210304_154812_jrc210304_Palm_19F_coil_array_1_1.tar.gz (SHA-1 5e67e582480a4de30acac751f0e858c7b022eaf1); DICOM regenerated by Dicomifier 2.5.3 (+ gjesus3 workarounds) from the ParaVision 2dseq before ingest; operator pending claim (historical MRI, STATUS 0.5 Hold)"
20210305_121629_jrc210304_Palm_vol_Rapidarray4_1_1/2,"2021-03-05T12:31:44,796+0100",visu_pars.VisuCreationDate,,,jrc210304_Palm_vol_Rapidarray4,phantom,jrc210304_Palm_vol_Rapidarray4,,Bruker BioSpec 7T,1216,DICOM regenerated by Dicomifier 2.5.3 (+ gjesus3 workarounds) from the ParaVision 2dseq before ingest,"phantom study (phantom / QC, Q2); phantom / QC study (Q2): no project, as July's jrc phantoms; MRI platform archive backup_7T_olddata_260824/2021_pv6/20210305_121629_jrc210304_Palm_vol_Rapidarray4_1_1.tar.gz (SHA-1 2b71c9c834b49048600b7c98bcfd9d7b933abf17); DICOM regenerated by Dicomifier 2.5.3 (+ gjesus3 workarounds) from the ParaVision 2dseq before ingest; operator pending claim (historical MRI, STATUS 0.5 Hold)"
20210305_121629_jrc210304_Palm_vol_Rapidarray4_1_1/4,"2021-03-05T12:33:27,283+0100",visu_pars.VisuCreationDate,,,jrc210304_Palm_vol_Rapidarray4,phantom,jrc210304_Palm_vol_Rapidarray4,,Bruker BioSpec 7T,1216,DICOM regenerated by Dicomifier 2.5.3 (+ gjesus3 workarounds) from the ParaVision 2dseq before ingest,"phantom study (phantom / QC, Q2); phantom / QC study (Q2): no project, as July's jrc phantoms; MRI platform archive backup_7T_olddata_260824/2021_pv6/20210305_121629_jrc210304_Palm_vol_Rapidarray4_1_1.tar.gz (SHA-1 2b71c9c834b49048600b7c98bcfd9d7b933abf17); DICOM regenerated by Dicomifier 2.5.3 (+ gjesus3 workarounds) from the ParaVision 2dseq before ingest; operator pending claim (historical MRI, STATUS 0.5 Hold)"
20210305_121629_jrc210304_Palm_vol_Rapidarray4_1_1/5,"2021-03-05T12:39:56,404+0100",visu_pars.VisuCreationDate,,,jrc210304_Palm_vol_Rapidarray4,phantom,jrc210304_Palm_vol_Rapidarray4,,Bruker BioSpec 7T,1216,DICOM regenerated by Dicomifier 2.5.3 (+ gjesus3 workarounds) from the ParaVision 2dseq before ingest,"phantom study (phantom / QC, Q2); phantom / QC study (Q2): no project, as July's jrc phantoms; MRI platform archive backup_7T_olddata_260824/2021_pv6/20210305_121629_jrc210304_Palm_vol_Rapidarray4_1_1.tar.gz (SHA-1 2b71c9c834b49048600b7c98bcfd9d7b933abf17); DICOM regenerated by Dicomifier 2.5.3 (+ gjesus3 workarounds) from the ParaVision 2dseq before ingest; operator pending claim (historical MRI, STATUS 0.5 Hold)"
20210305_121629_jrc210304_Palm_vol_Rapidarray4_1_1/6,"2021-03-05T12:45:11,581+0100",visu_pars.VisuCreationDate,,,jrc210304_Palm_vol_Rapidarray4,phantom,jrc210304_Palm_vol_Rapidarray4,,Bruker BioSpec 7T,1216,DICOM regenerated by Dicomifier 2.5.3 (+ gjesus3 workarounds) from the ParaVision 2dseq before ingest,"phantom study (phantom / QC, Q2); phantom / QC study (Q2): no project, as July's jrc phantoms; MRI platform archive backup_7T_olddata_260824/2021_pv6/20210305_121629_jrc210304_Palm_vol_Rapidarray4_1_1.tar.gz (SHA-1 2b71c9c834b49048600b7c98bcfd9d7b933abf17); DICOM regenerated by Dicomifier 2.5.3 (+ gjesus3 workarounds) from the ParaVision 2dseq before ingest; operator pending claim (historical MRI, STATUS 0.5 Hold)"
20210305_121629_jrc210304_Palm_vol_Rapidarray4_1_1/9,"2021-03-05T12:54:40,441+0100",visu_pars.VisuCreationDate,,,jrc210304_Palm_vol_Rapidarray4,phantom,jrc210304_Palm_vol_Rapidarray4,,Bruker BioSpec 7T,1216,DICOM regenerated by Dicomifier 2.5.3 (+ gjesus3 workarounds) from the ParaVision 2dseq before ingest,"phantom study (phantom / QC, Q2); phantom / QC study (Q2): no project, as July's jrc phantoms; MRI platform archive backup_7T_olddata_260824/2021_pv6/20210305_121629_jrc210304_Palm_vol_Rapidarray4_1_1.tar.gz (SHA-1 2b71c9c834b49048600b7c98bcfd9d7b933abf17); DICOM regenerated by Dicomifier 2.5.3 (+ gjesus3 workarounds) from the ParaVision 2dseq before ingest; operator pending claim (historical MRI, STATUS 0.5 Hold)"
20210305_130750_jrc210304_Palm_vol_Rapidarray5_1_1/2,"2021-03-05T13:20:41,884+0100",visu_pars.VisuCreationDate,,,jrc210304_Palm_vol_Rapidarray5,phantom,jrc210304_Palm_vol_Rapidarray5,,Bruker BioSpec 7T,1307,DICOM regenerated by Dicomifier 2.5.3 (+ gjesus3 workarounds) from the ParaVision 2dseq before ingest,"phantom study (phantom / QC, Q2); phantom / QC study (Q2): no project, as July's jrc phantoms; MRI platform archive backup_7T_olddata_260824/2021_pv6/20210305_130750_jrc210304_Palm_vol_Rapidarray5_1_1.tar.gz (SHA-1 7d9f8cb9f3cb4087f007f295154e37b232e22004); DICOM regenerated by Dicomifier 2.5.3 (+ gjesus3 workarounds) from the ParaVision 2dseq before ingest; operator pending claim (historical MRI, STATUS 0.5 Hold)"
20210305_130750_jrc210304_Palm_vol_Rapidarray5_1_1/3,"2021-03-05T13:22:02,213+0100",visu_pars.VisuCreationDate,,,jrc210304_Palm_vol_Rapidarray5,phantom,jrc210304_Palm_vol_Rapidarray5,,Bruker BioSpec 7T,1307,DICOM regenerated by Dicomifier 2.5.3 (+ gjesus3 workarounds) from the ParaVision 2dseq before ingest,"phantom study (phantom / QC, Q2); phantom / QC study (Q2): no project, as July's jrc phantoms; MRI platform archive backup_7T_olddata_260824/2021_pv6/20210305_130750_jrc210304_Palm_vol_Rapidarray5_1_1.tar.gz (SHA-1 7d9f8cb9f3cb4087f007f295154e37b232e22004); DICOM regenerated by Dicomifier 2.5.3 (+ gjesus3 workarounds) from the ParaVision 2dseq before ingest; operator pending claim (historical MRI, STATUS 0.5 Hold)"
20210305_130750_jrc210304_Palm_vol_Rapidarray5_1_1/4,"2021-03-05T13:27:56,214+0100",visu_pars.VisuCreationDate,,,jrc210304_Palm_vol_Rapidarray5,phantom,jrc210304_Palm_vol_Rapidarray5,,Bruker BioSpec 7T,1307,DICOM regenerated by Dicomifier 2.5.3 (+ gjesus3 workarounds) from the ParaVision 2dseq before ingest,"phantom study (phantom / QC, Q2); phantom / QC study (Q2): no project, as July's jrc phantoms; MRI platform archive backup_7T_olddata_260824/2021_pv6/20210305_130750_jrc210304_Palm_vol_Rapidarray5_1_1.tar.gz (SHA-1 7d9f8cb9f3cb4087f007f295154e37b232e22004); DICOM regenerated by Dicomifier 2.5.3 (+ gjesus3 workarounds) from the ParaVision 2dseq before ingest; operator pending claim (historical MRI, STATUS 0.5 Hold)"
20210305_130750_jrc210304_Palm_vol_Rapidarray5_1_1/9,"2021-03-05T13:41:21,000+0100",visu_pars.VisuCreationDate,,,jrc210304_Palm_vol_Rapidarray5,phantom,jrc210304_Palm_vol_Rapidarray5,,Bruker BioSpec 7T,1307,DICOM regenerated by Dicomifier 2.5.3 (+ gjesus3 workarounds) from the ParaVision 2dseq before ingest,"phantom study (phantom / QC, Q2); phantom / QC study (Q2): no project, as July's jrc phantoms; MRI platform archive backup_7T_olddata_260824/2021_pv6/20210305_130750_jrc210304_Palm_vol_Rapidarray5_1_1.tar.gz (SHA-1 7d9f8cb9f3cb4087f007f295154e37b232e22004); DICOM regenerated by Dicomifier 2.5.3 (+ gjesus3 workarounds) from the ParaVision 2dseq before ingest; operator pending claim (historical MRI, STATUS 0.5 Hold)"
20210305_130750_jrc210304_Palm_vol_Rapidarray5_1_1/10,"2021-03-05T13:47:38,591+0100",visu_pars.VisuCreationDate,,,jrc210304_Palm_vol_Rapidarray5,phantom,jrc210304_Palm_vol_Rapidarray5,,Bruker BioSpec 7T,1307,DICOM regenerated by Dicomifier 2.5.3 (+ gjesus3 workarounds) from the ParaVision 2dseq before ingest,"phantom study (phantom / QC, Q2); phantom / QC study (Q2): no project, as July's jrc phantoms; MRI platform archive backup_7T_olddata_260824/2021_pv6/20210305_130750_jrc210304_Palm_vol_Rapidarray5_1_1.tar.gz (SHA-1 7d9f8cb9f3cb4087f007f295154e37b232e22004); DICOM regenerated by Dicomifier 2.5.3 (+ gjesus3 workarounds) from the ParaVision 2dseq before ingest; operator pending claim (historical MRI, STATUS 0.5 Hold)"
20210305_130750_jrc210304_Palm_vol_Rapidarray5_1_1/11,"2021-03-05T13:51:10,936+0100",visu_pars.VisuCreationDate,,,jrc210304_Palm_vol_Rapidarray5,phantom,jrc210304_Palm_vol_Rapidarray5,,Bruker BioSpec 7T,1307,DICOM regenerated by Dicomifier 2.5.3 (+ gjesus3 workarounds) from the ParaVision 2dseq before ingest,"phantom study (phantom / QC, Q2); phantom / QC study (Q2): no project, as July's jrc phantoms; MRI platform archive backup_7T_olddata_260824/2021_pv6/20210305_130750_jrc210304_Palm_vol_Rapidarray5_1_1.tar.gz (SHA-1 7d9f8cb9f3cb4087f007f295154e37b232e22004); DICOM regenerated by Dicomifier 2.5.3 (+ gjesus3 workarounds) from the ParaVision 2dseq before ingest; operator pending claim (historical MRI, STATUS 0.5 Hold)"
20210305_130750_jrc210304_Palm_vol_Rapidarray5_1_1/12,"2021-03-05T13:53:42,341+0100",visu_pars.VisuCreationDate,,,jrc210304_Palm_vol_Rapidarray5,phantom,jrc210304_Palm_vol_Rapidarray5,,Bruker BioSpec 7T,1307,DICOM regenerated by Dicomifier 2.5.3 (+ gjesus3 workarounds) from the ParaVision 2dseq before ingest,"phantom study (phantom / QC, Q2); phantom / QC study (Q2): no project, as July's jrc phantoms; MRI platform archive backup_7T_olddata_260824/2021_pv6/20210305_130750_jrc210304_Palm_vol_Rapidarray5_1_1.tar.gz (SHA-1 7d9f8cb9f3cb4087f007f295154e37b232e22004); DICOM regenerated by Dicomifier 2.5.3 (+ gjesus3 workarounds) from the ParaVision 2dseq before ingest; operator pending claim (historical MRI, STATUS 0.5 Hold)"
20210305_130750_jrc210304_Palm_vol_Rapidarray5_1_1/13,"2021-03-05T13:54:49,190+0100",visu_pars.VisuCreationDate,,,jrc210304_Palm_vol_Rapidarray5,phantom,jrc210304_Palm_vol_Rapidarray5,,Bruker BioSpec 7T,1307,DICOM regenerated by Dicomifier 2.5.3 (+ gjesus3 workarounds) from the ParaVision 2dseq before ingest,"phantom study (phantom / QC, Q2); phantom / QC study (Q2): no project, as July's jrc phantoms; MRI platform archive backup_7T_olddata_260824/2021_pv6/20210305_130750_jrc210304_Palm_vol_Rapidarray5_1_1.tar.gz (SHA-1 7d9f8cb9f3cb4087f007f295154e37b232e22004); DICOM regenerated by Dicomifier 2.5.3 (+ gjesus3 workarounds) from the ParaVision 2dseq before ingest; operator pending claim (historical MRI, STATUS 0.5 Hold)"
20210305_130750_jrc210304_Palm_vol_Rapidarray5_1_1/14,"2021-03-05T13:55:45,110+0100",visu_pars.VisuCreationDate,,,jrc210304_Palm_vol_Rapidarray5,phantom,jrc210304_Palm_vol_Rapidarray5,,Bruker BioSpec 7T,1307,DICOM regenerated by Dicomifier 2.5.3 (+ gjesus3 workarounds) from the ParaVision 2dseq before ingest,"phantom study (phantom / QC, Q2); phantom / QC study (Q2): no project, as July's jrc phantoms; MRI platform archive backup_7T_olddata_260824/2021_pv6/20210305_130750_jrc210304_Palm_vol_Rapidarray5_1_1.tar.gz (SHA-1 7d9f8cb9f3cb4087f007f295154e37b232e22004); DICOM regenerated by Dicomifier 2.5.3 (+ gjesus3 workarounds) from the ParaVision 2dseq before ingest; operator pending claim (historical MRI, STATUS 0.5 Hold)"
20210305_130750_jrc210304_Palm_vol_Rapidarray5_1_1/15,"2021-03-05T13:57:28,254+0100",visu_pars.VisuCreationDate,,,jrc210304_Palm_vol_Rapidarray5,phantom,jrc210304_Palm_vol_Rapidarray5,,Bruker BioSpec 7T,1307,DICOM regenerated by Dicomifier 2.5.3 (+ gjesus3 workarounds) from the ParaVision 2dseq before ingest,"phantom study (phantom / QC, Q2); phantom / QC study (Q2): no project, as July's jrc phantoms; MRI platform archive backup_7T_olddata_260824/2021_pv6/20210305_130750_jrc210304_Palm_vol_Rapidarray5_1_1.tar.gz (SHA-1 7d9f8cb9f3cb4087f007f295154e37b232e22004); DICOM regenerated by Dicomifier 2.5.3 (+ gjesus3 workarounds) from the ParaVision 2dseq before ingest; operator pending claim (historical MRI, STATUS 0.5 Hold)"
20210305_130750_jrc210304_Palm_vol_Rapidarray5_1_1/16,"2021-03-05T14:03:24,132+0100",visu_pars.VisuCreationDate,,,jrc210304_Palm_vol_Rapidarray5,phantom,jrc210304_Palm_vol_Rapidarray5,,Bruker BioSpec 7T,1307,DICOM regenerated by Dicomifier 2.5.3 (+ gjesus3 workarounds) from the ParaVision 2dseq before ingest,"phantom study (phantom / QC, Q2); phantom / QC study (Q2): no project, as July's jrc phantoms; MRI platform archive backup_7T_olddata_260824/2021_pv6/20210305_130750_jrc210304_Palm_vol_Rapidarray5_1_1.tar.gz (SHA-1 7d9f8cb9f3cb4087f007f295154e37b232e22004); DICOM regenerated by Dicomifier 2.5.3 (+ gjesus3 workarounds) from the ParaVision 2dseq before ingest; operator pending claim (historical MRI, STATUS 0.5 Hold)"
20210305_130750_jrc210304_Palm_vol_Rapidarray5_1_1/17,"2021-03-05T14:07:04,282+0100",visu_pars.VisuCreationDate,,,jrc210304_Palm_vol_Rapidarray5,phantom,jrc210304_Palm_vol_Rapidarray5,,Bruker BioSpec 7T,1307,DICOM regenerated by Dicomifier 2.5.3 (+ gjesus3 workarounds) from the ParaVision 2dseq before ingest,"phantom study (phantom / QC, Q2); phantom / QC study (Q2): no project, as July's jrc phantoms; MRI platform archive backup_7T_olddata_260824/2021_pv6/20210305_130750_jrc210304_Palm_vol_Rapidarray5_1_1.tar.gz (SHA-1 7d9f8cb9f3cb4087f007f295154e37b232e22004); DICOM regenerated by Dicomifier 2.5.3 (+ gjesus3 workarounds) from the ParaVision 2dseq before ingest; operator pending claim (historical MRI, STATUS 0.5 Hold)"
20210305_130750_jrc210304_Palm_vol_Rapidarray5_1_1/18,"2021-03-05T14:08:28,225+0100",visu_pars.VisuCreationDate,,,jrc210304_Palm_vol_Rapidarray5,phantom,jrc210304_Palm_vol_Rapidarray5,,Bruker BioSpec 7T,1307,DICOM regenerated by Dicomifier 2.5.3 (+ gjesus3 workarounds) from the ParaVision 2dseq before ingest,"phantom study (phantom / QC, Q2); phantom / QC study (Q2): no project, as July's jrc phantoms; MRI platform archive backup_7T_olddata_260824/2021_pv6/20210305_130750_jrc210304_Palm_vol_Rapidarray5_1_1.tar.gz (SHA-1 7d9f8cb9f3cb4087f007f295154e37b232e22004); DICOM regenerated by Dicomifier 2.5.3 (+ gjesus3 workarounds) from the ParaVision 2dseq before ingest; operator pending claim (historical MRI, STATUS 0.5 Hold)"
20210305_130750_jrc210304_Palm_vol_Rapidarray5_1_1/19,"2021-03-05T14:10:54,110+0100",visu_pars.VisuCreationDate,,,jrc210304_Palm_vol_Rapidarray5,phantom,jrc210304_Palm_vol_Rapidarray5,,Bruker BioSpec 7T,1307,DICOM regenerated by Dicomifier 2.5.3 (+ gjesus3 workarounds) from the ParaVision 2dseq before ingest,"phantom study (phantom / QC, Q2); phantom / QC study (Q2): no project, as July's jrc phantoms; MRI platform archive backup_7T_olddata_260824/2021_pv6/20210305_130750_jrc210304_Palm_vol_Rapidarray5_1_1.tar.gz (SHA-1 7d9f8cb9f3cb4087f007f295154e37b232e22004); DICOM regenerated by Dicomifier 2.5.3 (+ gjesus3 workarounds) from the ParaVision 2dseq before ingest; operator pending claim (historical MRI, STATUS 0.5 Hold)"
20210429_163400_jrc210429_phantom_PV_1_1/7,"2021-04-29T18:01:18,093+0200",visu_pars.VisuCreationDate,,,jrc210429_phantom_PV,phantom,jrc210429_phantom_PV,,Bruker BioSpec 7T,1634,DICOM regenerated by Dicomifier 2.5.3 (+ gjesus3 workarounds) from the ParaVision 2dseq before ingest,"phantom study (phantom / QC, Q2); phantom / QC study (Q2): no project, as July's jrc phantoms; MRI platform archive backup_7T_olddata_260824/2021_pv6/20210429_163400_jrc210429_phantom_PV_1_1.tar.gz (SHA-1 62c04ee052137734bdd2c5177446e087150c81e1); DICOM regenerated by Dicomifier 2.5.3 (+ gjesus3 workarounds) from the ParaVision 2dseq before ingest; operator pending claim (historical MRI, STATUS 0.5 Hold)"
20210429_163400_jrc210429_phantom_PV_1_1/9,"2021-04-29T18:04:48,701+0200",visu_pars.VisuCreationDate,,,jrc210429_phantom_PV,phantom,jrc210429_phantom_PV,,Bruker BioSpec 7T,1634,DICOM regenerated by Dicomifier 2.5.3 (+ gjesus3 workarounds) from the ParaVision 2dseq before ingest,"phantom study (phantom / QC, Q2); phantom / QC study (Q2): no project, as July's jrc phantoms; MRI platform archive backup_7T_olddata_260824/2021_pv6/20210429_163400_jrc210429_phantom_PV_1_1.tar.gz (SHA-1 62c04ee052137734bdd2c5177446e087150c81e1); DICOM regenerated by Dicomifier 2.5.3 (+ gjesus3 workarounds) from the ParaVision 2dseq before ingest; operator pending claim (historical MRI, STATUS 0.5 Hold)"
20210429_163400_jrc210429_phantom_PV_1_1/12,"2021-04-29T18:18:31,046+0200",visu_pars.VisuCreationDate,,,jrc210429_phantom_PV,phantom,jrc210429_phantom_PV,,Bruker BioSpec 7T,1634,DICOM regenerated by Dicomifier 2.5.3 (+ gjesus3 workarounds) from the ParaVision 2dseq before ingest,"phantom study (phantom / QC, Q2); phantom / QC study (Q2): no project, as July's jrc phantoms; MRI platform archive backup_7T_olddata_260824/2021_pv6/20210429_163400_jrc210429_phantom_PV_1_1.tar.gz (SHA-1 62c04ee052137734bdd2c5177446e087150c81e1); DICOM regenerated by Dicomifier 2.5.3 (+ gjesus3 workarounds) from the ParaVision 2dseq before ingest; operator pending claim (historical MRI, STATUS 0.5 Hold)"
20210429_163400_jrc210429_phantom_PV_1_1/15,"2021-04-29T18:38:39,651+0200",visu_pars.VisuCreationDate,,,jrc210429_phantom_PV,phantom,jrc210429_phantom_PV,,Bruker BioSpec 7T,1634,DICOM regenerated by Dicomifier 2.5.3 (+ gjesus3 workarounds) from the ParaVision 2dseq before ingest,"phantom study (phantom / QC, Q2); phantom / QC study (Q2): no project, as July's jrc phantoms; MRI platform archive backup_7T_olddata_260824/2021_pv6/20210429_163400_jrc210429_phantom_PV_1_1.tar.gz (SHA-1 62c04ee052137734bdd2c5177446e087150c81e1); DICOM regenerated by Dicomifier 2.5.3 (+ gjesus3 workarounds) from the ParaVision 2dseq before ingest; operator pending claim (historical MRI, STATUS 0.5 Hold)"
20210429_163400_jrc210429_phantom_PV_1_1/16,"2021-04-29T18:43:55,645+0200",visu_pars.VisuCreationDate,,,jrc210429_phantom_PV,phantom,jrc210429_phantom_PV,,Bruker BioSpec 7T,1634,DICOM regenerated by Dicomifier 2.5.3 (+ gjesus3 workarounds) from the ParaVision 2dseq before ingest,"phantom study (phantom / QC, Q2); phantom / QC study (Q2): no project, as July's jrc phantoms; MRI platform archive backup_7T_olddata_260824/2021_pv6/20210429_163400_jrc210429_phantom_PV_1_1.tar.gz (SHA-1 62c04ee052137734bdd2c5177446e087150c81e1); DICOM regenerated by Dicomifier 2.5.3 (+ gjesus3 workarounds) from the ParaVision 2dseq before ingest; operator pending claim (historical MRI, STATUS 0.5 Hold)"
20210429_163400_jrc210429_phantom_PV_1_1/17,"2021-04-29T18:46:23,861+0200",visu_pars.VisuCreationDate,,,jrc210429_phantom_PV,phantom,jrc210429_phantom_PV,,Bruker BioSpec 7T,1634,DICOM regenerated by Dicomifier 2.5.3 (+ gjesus3 workarounds) from the ParaVision 2dseq before ingest,"phantom study (phantom / QC, Q2); phantom / QC study (Q2): no project, as July's jrc phantoms; MRI platform archive backup_7T_olddata_260824/2021_pv6/20210429_163400_jrc210429_phantom_PV_1_1.tar.gz (SHA-1 62c04ee052137734bdd2c5177446e087150c81e1); DICOM regenerated by Dicomifier 2.5.3 (+ gjesus3 workarounds) from the ParaVision 2dseq before ingest; operator pending claim (historical MRI, STATUS 0.5 Hold)"
20210429_185213_JRC210429_phantom_PV4_1_1/3,"2021-04-29T19:21:14,746+0200",visu_pars.VisuCreationDate,,,JRC210429_phantom_PV4,phantom,JRC210429_phantom_PV4,,Bruker BioSpec 7T,1852,DICOM regenerated by Dicomifier 2.5.3 (+ gjesus3 workarounds) from the ParaVision 2dseq before ingest,"phantom study (phantom / QC, Q2); phantom / QC study (Q2): no project, as July's jrc phantoms; MRI platform archive backup_7T_olddata_260824/2021_pv6/20210429_185213_JRC210429_phantom_PV4_1_1.tar.gz (SHA-1 9407f1e9c43c69cc7da2edab238eff13695d882b); DICOM regenerated by Dicomifier 2.5.3 (+ gjesus3 workarounds) from the ParaVision 2dseq before ingest; operator pending claim (historical MRI, STATUS 0.5 Hold)"
20210429_185213_JRC210429_phantom_PV4_1_1/5,"2021-04-29T19:27:21,017+0200",visu_pars.VisuCreationDate,,,JRC210429_phantom_PV4,phantom,JRC210429_phantom_PV4,,Bruker BioSpec 7T,1852,DICOM regenerated by Dicomifier 2.5.3 (+ gjesus3 workarounds) from the ParaVision 2dseq before ingest,"phantom study (phantom / QC, Q2); phantom / QC study (Q2): no project, as July's jrc phantoms; MRI platform archive backup_7T_olddata_260824/2021_pv6/20210429_185213_JRC210429_phantom_PV4_1_1.tar.gz (SHA-1 9407f1e9c43c69cc7da2edab238eff13695d882b); DICOM regenerated by Dicomifier 2.5.3 (+ gjesus3 workarounds) from the ParaVision 2dseq before ingest; operator pending claim (historical MRI, STATUS 0.5 Hold)"
20210429_185213_JRC210429_phantom_PV4_1_1/11,"2021-04-29T19:18:23,496+0200",visu_pars.VisuCreationDate,,,JRC210429_phantom_PV4,phantom,JRC210429_phantom_PV4,,Bruker BioSpec 7T,1852,DICOM regenerated by Dicomifier 2.5.3 (+ gjesus3 workarounds) from the ParaVision 2dseq before ingest,"phantom study (phantom / QC, Q2); phantom / QC study (Q2): no project, as July's jrc phantoms; MRI platform archive backup_7T_olddata_260824/2021_pv6/20210429_185213_JRC210429_phantom_PV4_1_1.tar.gz (SHA-1 9407f1e9c43c69cc7da2edab238eff13695d882b); DICOM regenerated by Dicomifier 2.5.3 (+ gjesus3 workarounds) from the ParaVision 2dseq before ingest; operator pending claim (historical MRI, STATUS 0.5 Hold)"
20210721_081655_jrc210721_m198_1116_prueba_1_1/1,"2021-07-21T08:34:48,083+0200",visu_pars.VisuCreationDate,,,m198,organism,jrc210721_m198_1116,,Bruker BioSpec 7T,0816,scanner-exported DICOM,"organism study (phantom / QC, Q2); phantom / QC study (Q2): no project, as July's jrc phantoms; MRI platform archive backup_7T_olddata_260824/2021_pv6/20210721_081655_jrc210721_m198_1116_prueba_1_1.tar.gz (SHA-1 629f9427fc014ddb769e0bb5e863dafb03af1e1a); scanner-exported DICOM; operator pending claim (historical MRI, STATUS 0.5 Hold)"
20210721_081655_jrc210721_m198_1116_prueba_1_1/2,"2021-07-21T08:36:31,887+0200",visu_pars.VisuCreationDate,,,m198,organism,jrc210721_m198_1116,,Bruker BioSpec 7T,0816,scanner-exported DICOM,"organism study (phantom / QC, Q2); phantom / QC study (Q2): no project, as July's jrc phantoms; MRI platform archive backup_7T_olddata_260824/2021_pv6/20210721_081655_jrc210721_m198_1116_prueba_1_1.tar.gz (SHA-1 629f9427fc014ddb769e0bb5e863dafb03af1e1a); scanner-exported DICOM; operator pending claim (historical MRI, STATUS 0.5 Hold)"
20210721_081655_jrc210721_m198_1116_prueba_1_1/4,"2021-07-21T08:40:37,546+0200",visu_pars.VisuCreationDate,,,m198,organism,jrc210721_m198_1116,,Bruker BioSpec 7T,0816,scanner-exported DICOM,"organism study (phantom / QC, Q2); phantom / QC study (Q2): no project, as July's jrc phantoms; MRI platform archive backup_7T_olddata_260824/2021_pv6/20210721_081655_jrc210721_m198_1116_prueba_1_1.tar.gz (SHA-1 629f9427fc014ddb769e0bb5e863dafb03af1e1a); scanner-exported DICOM; operator pending claim (historical MRI, STATUS 0.5 Hold)"
20210721_081655_jrc210721_m198_1116_prueba_1_1/8,"2021-07-21T08:57:08,259+0200",visu_pars.VisuCreationDate,,,m198,organism,jrc210721_m198_1116,,Bruker BioSpec 7T,0816,scanner-exported DICOM,"organism study (phantom / QC, Q2); phantom / QC study (Q2): no project, as July's jrc phantoms; MRI platform archive backup_7T_olddata_260824/2021_pv6/20210721_081655_jrc210721_m198_1116_prueba_1_1.tar.gz (SHA-1 629f9427fc014ddb769e0bb5e863dafb03af1e1a); scanner-exported DICOM; operator pending claim (historical MRI, STATUS 0.5 Hold)"
20210721_081655_jrc210721_m198_1116_prueba_1_1/10,"2021-07-21T09:02:39,739+0200",visu_pars.VisuCreationDate,,,m198,organism,jrc210721_m198_1116,,Bruker BioSpec 7T,0816,scanner-exported DICOM,"organism study (phantom / QC, Q2); phantom / QC study (Q2): no project, as July's jrc phantoms; MRI platform archive backup_7T_olddata_260824/2021_pv6/20210721_081655_jrc210721_m198_1116_prueba_1_1.tar.gz (SHA-1 629f9427fc014ddb769e0bb5e863dafb03af1e1a); scanner-exported DICOM; operator pending claim (historical MRI, STATUS 0.5 Hold)"
20210721_081655_jrc210721_m198_1116_prueba_1_1/11,"2021-07-21T09:05:00,758+0200",visu_pars.VisuCreationDate,,,m198,organism,jrc210721_m198_1116,,Bruker BioSpec 7T,0816,scanner-exported DICOM,"organism study (phantom / QC, Q2); phantom / QC study (Q2): no project, as July's jrc phantoms; MRI platform archive backup_7T_olddata_260824/2021_pv6/20210721_081655_jrc210721_m198_1116_prueba_1_1.tar.gz (SHA-1 629f9427fc014ddb769e0bb5e863dafb03af1e1a); scanner-exported DICOM; operator pending claim (historical MRI, STATUS 0.5 Hold)"
20210721_081655_jrc210721_m198_1116_prueba_1_1/12,"2021-07-21T09:08:32,790+0200",visu_pars.VisuCreationDate,,,m198,organism,jrc210721_m198_1116,,Bruker BioSpec 7T,0816,scanner-exported DICOM,"organism study (phantom / QC, Q2); phantom / QC study (Q2): no project, as July's jrc phantoms; MRI platform archive backup_7T_olddata_260824/2021_pv6/20210721_081655_jrc210721_m198_1116_prueba_1_1.tar.gz (SHA-1 629f9427fc014ddb769e0bb5e863dafb03af1e1a); scanner-exported DICOM; operator pending claim (historical MRI, STATUS 0.5 Hold)"
20210721_081655_jrc210721_m198_1116_prueba_1_1/13,"2021-07-21T09:14:01,394+0200",visu_pars.VisuCreationDate,,,m198,organism,jrc210721_m198_1116,,Bruker BioSpec 7T,0816,scanner-exported DICOM,"organism study (phantom / QC, Q2); phantom / QC study (Q2): no project, as July's jrc phantoms; MRI platform archive backup_7T_olddata_260824/2021_pv6/20210721_081655_jrc210721_m198_1116_prueba_1_1.tar.gz (SHA-1 629f9427fc014ddb769e0bb5e863dafb03af1e1a); scanner-exported DICOM; operator pending claim (historical MRI, STATUS 0.5 Hold)"
20210721_081655_jrc210721_m198_1116_prueba_1_1/14,"2021-07-21T09:18:13,241+0200",visu_pars.VisuCreationDate,,,m198,organism,jrc210721_m198_1116,,Bruker BioSpec 7T,0816,scanner-exported DICOM,"organism study (phantom / QC, Q2); phantom / QC study (Q2): no project, as July's jrc phantoms; MRI platform archive backup_7T_olddata_260824/2021_pv6/20210721_081655_jrc210721_m198_1116_prueba_1_1.tar.gz (SHA-1 629f9427fc014ddb769e0bb5e863dafb03af1e1a); scanner-exported DICOM; operator pending claim (historical MRI, STATUS 0.5 Hold)"
20210721_081655_jrc210721_m198_1116_prueba_1_1/15,"2021-07-21T09:36:45,072+0200",visu_pars.VisuCreationDate,,,m198,organism,jrc210721_m198_1116,,Bruker BioSpec 7T,0816,scanner-exported DICOM,"organism study (phantom / QC, Q2); phantom / QC study (Q2): no project, as July's jrc phantoms; MRI platform archive backup_7T_olddata_260824/2021_pv6/20210721_081655_jrc210721_m198_1116_prueba_1_1.tar.gz (SHA-1 629f9427fc014ddb769e0bb5e863dafb03af1e1a); scanner-exported DICOM; operator pending claim (historical MRI, STATUS 0.5 Hold)"
20210721_081655_jrc210721_m198_1116_prueba_1_1/16,"2021-07-21T09:52:56,638+0200",visu_pars.VisuCreationDate,,,m198,organism,jrc210721_m198_1116,,Bruker BioSpec 7T,0816,scanner-exported DICOM,"organism study (phantom / QC, Q2); phantom / QC study (Q2): no project, as July's jrc phantoms; MRI platform archive backup_7T_olddata_260824/2021_pv6/20210721_081655_jrc210721_m198_1116_prueba_1_1.tar.gz (SHA-1 629f9427fc014ddb769e0bb5e863dafb03af1e1a); scanner-exported DICOM; operator pending claim (historical MRI, STATUS 0.5 Hold)"
20210721_081655_jrc210721_m198_1116_prueba_1_1/17,"2021-07-21T09:54:08,149+0200",visu_pars.VisuCreationDate,,,m198,organism,jrc210721_m198_1116,,Bruker BioSpec 7T,0816,scanner-exported DICOM,"organism study (phantom / QC, Q2); phantom / QC study (Q2): no project, as July's jrc phantoms; MRI platform archive backup_7T_olddata_260824/2021_pv6/20210721_081655_jrc210721_m198_1116_prueba_1_1.tar.gz (SHA-1 629f9427fc014ddb769e0bb5e863dafb03af1e1a); scanner-exported DICOM; operator pending claim (historical MRI, STATUS 0.5 Hold)"
20210721_081655_jrc210721_m198_1116_prueba_1_1/18,"2021-07-21T09:55:17,618+0200",visu_pars.VisuCreationDate,,,m198,organism,jrc210721_m198_1116,,Bruker BioSpec 7T,0816,scanner-exported DICOM,"organism study (phantom / QC, Q2); phantom / QC study (Q2): no project, as July's jrc phantoms; MRI platform archive backup_7T_olddata_260824/2021_pv6/20210721_081655_jrc210721_m198_1116_prueba_1_1.tar.gz (SHA-1 629f9427fc014ddb769e0bb5e863dafb03af1e1a); scanner-exported DICOM; operator pending claim (historical MRI, STATUS 0.5 Hold)"
20210721_081655_jrc210721_m198_1116_prueba_1_1/19,"2021-07-21T09:56:32,297+0200",visu_pars.VisuCreationDate,,,m198,organism,jrc210721_m198_1116,,Bruker BioSpec 7T,0816,scanner-exported DICOM,"organism study (phantom / QC, Q2); phantom / QC study (Q2): no project, as July's jrc phantoms; MRI platform archive backup_7T_olddata_260824/2021_pv6/20210721_081655_jrc210721_m198_1116_prueba_1_1.tar.gz (SHA-1 629f9427fc014ddb769e0bb5e863dafb03af1e1a); scanner-exported DICOM; operator pending claim (historical MRI, STATUS 0.5 Hold)"
20210721_081655_jrc210721_m198_1116_prueba_1_1/20,"2021-07-21T09:59:24,952+0200",visu_pars.VisuCreationDate,,,m198,organism,jrc210721_m198_1116,,Bruker BioSpec 7T,0816,scanner-exported DICOM,"organism study (phantom / QC, Q2); phantom / QC study (Q2): no project, as July's jrc phantoms; MRI platform archive backup_7T_olddata_260824/2021_pv6/20210721_081655_jrc210721_m198_1116_prueba_1_1.tar.gz (SHA-1 629f9427fc014ddb769e0bb5e863dafb03af1e1a); scanner-exported DICOM; operator pending claim (historical MRI, STATUS 0.5 Hold)"
20210721_081655_jrc210721_m198_1116_prueba_1_1/22,"2021-07-21T10:05:00,632+0200",visu_pars.VisuCreationDate,,,m198,organism,jrc210721_m198_1116,,Bruker BioSpec 7T,0816,scanner-exported DICOM,"organism study (phantom / QC, Q2); phantom / QC study (Q2): no project, as July's jrc phantoms; MRI platform archive backup_7T_olddata_260824/2021_pv6/20210721_081655_jrc210721_m198_1116_prueba_1_1.tar.gz (SHA-1 629f9427fc014ddb769e0bb5e863dafb03af1e1a); scanner-exported DICOM; operator pending claim (historical MRI, STATUS 0.5 Hold)"
20210721_081655_jrc210721_m198_1116_prueba_1_1/23,"2021-07-21T10:28:20,677+0200",visu_pars.VisuCreationDate,,,m198,organism,jrc210721_m198_1116,,Bruker BioSpec 7T,0816,scanner-exported DICOM,"organism study (phantom / QC, Q2); phantom / QC study (Q2): no project, as July's jrc phantoms; MRI platform archive backup_7T_olddata_260824/2021_pv6/20210721_081655_jrc210721_m198_1116_prueba_1_1.tar.gz (SHA-1 629f9427fc014ddb769e0bb5e863dafb03af1e1a); scanner-exported DICOM; operator pending claim (historical MRI, STATUS 0.5 Hold)"
20210721_081655_jrc210721_m198_1116_prueba_1_1/24,"2021-07-21T10:32:02,180+0200",visu_pars.VisuCreationDate,,,m198,organism,jrc210721_m198_1116,,Bruker BioSpec 7T,0816,scanner-exported DICOM,"organism study (phantom / QC, Q2); phantom / QC study (Q2): no project, as July's jrc phantoms; MRI platform archive backup_7T_olddata_260824/2021_pv6/20210721_081655_jrc210721_m198_1116_prueba_1_1.tar.gz (SHA-1 629f9427fc014ddb769e0bb5e863dafb03af1e1a); scanner-exported DICOM; operator pending claim (historical MRI, STATUS 0.5 Hold)"
20210721_103614_jrc210721_m199_1116_prueba_1_1/3,"2021-07-21T10:50:59,883+0200",visu_pars.VisuCreationDate,,,m199,organism,jrc210721_m199_1116,,Bruker BioSpec 7T,1036,scanner-exported DICOM,"organism study (phantom / QC, Q2); phantom / QC study (Q2): no project, as July's jrc phantoms; MRI platform archive backup_7T_olddata_260824/2021_pv6/20210721_103614_jrc210721_m199_1116_prueba_1_1.tar.gz (SHA-1 3faa37b5286c7c6245e0e6adb659f59e5dc0b593); scanner-exported DICOM; operator pending claim (historical MRI, STATUS 0.5 Hold)"
20210721_103614_jrc210721_m199_1116_prueba_1_1/4,"2021-07-21T10:52:23,399+0200",visu_pars.VisuCreationDate,,,m199,organism,jrc210721_m199_1116,,Bruker BioSpec 7T,1036,scanner-exported DICOM,"organism study (phantom / QC, Q2); phantom / QC study (Q2): no project, as July's jrc phantoms; MRI platform archive backup_7T_olddata_260824/2021_pv6/20210721_103614_jrc210721_m199_1116_prueba_1_1.tar.gz (SHA-1 3faa37b5286c7c6245e0e6adb659f59e5dc0b593); scanner-exported DICOM; operator pending claim (historical MRI, STATUS 0.5 Hold)"
20210721_103614_jrc210721_m199_1116_prueba_1_1/5,"2021-07-21T10:53:50,268+0200",visu_pars.VisuCreationDate,,,m199,organism,jrc210721_m199_1116,,Bruker BioSpec 7T,1036,scanner-exported DICOM,"organism study (phantom / QC, Q2); phantom / QC study (Q2): no project, as July's jrc phantoms; MRI platform archive backup_7T_olddata_260824/2021_pv6/20210721_103614_jrc210721_m199_1116_prueba_1_1.tar.gz (SHA-1 3faa37b5286c7c6245e0e6adb659f59e5dc0b593); scanner-exported DICOM; operator pending claim (historical MRI, STATUS 0.5 Hold)"
20210721_103614_jrc210721_m199_1116_prueba_1_1/6,"2021-07-21T10:56:03,292+0200",visu_pars.VisuCreationDate,,,m199,organism,jrc210721_m199_1116,,Bruker BioSpec 7T,1036,scanner-exported DICOM,"organism study (phantom / QC, Q2); phantom / QC study (Q2): no project, as July's jrc phantoms; MRI platform archive backup_7T_olddata_260824/2021_pv6/20210721_103614_jrc210721_m199_1116_prueba_1_1.tar.gz (SHA-1 3faa37b5286c7c6245e0e6adb659f59e5dc0b593); scanner-exported DICOM; operator pending claim (historical MRI, STATUS 0.5 Hold)"
20210721_103614_jrc210721_m199_1116_prueba_1_1/7,"2021-07-21T10:59:49,500+0200",visu_pars.VisuCreationDate,,,m199,organism,jrc210721_m199_1116,,Bruker BioSpec 7T,1036,scanner-exported DICOM,"organism study (phantom / QC, Q2); phantom / QC study (Q2): no project, as July's jrc phantoms; MRI platform archive backup_7T_olddata_260824/2021_pv6/20210721_103614_jrc210721_m199_1116_prueba_1_1.tar.gz (SHA-1 3faa37b5286c7c6245e0e6adb659f59e5dc0b593); scanner-exported DICOM; operator pending claim (historical MRI, STATUS 0.5 Hold)"
20210721_103614_jrc210721_m199_1116_prueba_1_1/8,"2021-07-21T11:05:09,604+0200",visu_pars.VisuCreationDate,,,m199,organism,jrc210721_m199_1116,,Bruker BioSpec 7T,1036,scanner-exported DICOM,"organism study (phantom / QC, Q2); phantom / QC study (Q2): no project, as July's jrc phantoms; MRI platform archive backup_7T_olddata_260824/2021_pv6/20210721_103614_jrc210721_m199_1116_prueba_1_1.tar.gz (SHA-1 3faa37b5286c7c6245e0e6adb659f59e5dc0b593); scanner-exported DICOM; operator pending claim (historical MRI, STATUS 0.5 Hold)"
20210721_103614_jrc210721_m199_1116_prueba_1_1/9,"2021-07-21T11:10:53,084+0200",visu_pars.VisuCreationDate,,,m199,organism,jrc210721_m199_1116,,Bruker BioSpec 7T,1036,scanner-exported DICOM,"organism study (phantom / QC, Q2); phantom / QC study (Q2): no project, as July's jrc phantoms; MRI platform archive backup_7T_olddata_260824/2021_pv6/20210721_103614_jrc210721_m199_1116_prueba_1_1.tar.gz (SHA-1 3faa37b5286c7c6245e0e6adb659f59e5dc0b593); scanner-exported DICOM; operator pending claim (historical MRI, STATUS 0.5 Hold)"
20210721_103614_jrc210721_m199_1116_prueba_1_1/10,"2021-07-21T11:28:20,636+0200",visu_pars.VisuCreationDate,,,m199,organism,jrc210721_m199_1116,,Bruker BioSpec 7T,1036,scanner-exported DICOM,"organism study (phantom / QC, Q2); phantom / QC study (Q2): no project, as July's jrc phantoms; MRI platform archive backup_7T_olddata_260824/2021_pv6/20210721_103614_jrc210721_m199_1116_prueba_1_1.tar.gz (SHA-1 3faa37b5286c7c6245e0e6adb659f59e5dc0b593); scanner-exported DICOM; operator pending claim (historical MRI, STATUS 0.5 Hold)"
20210721_103614_jrc210721_m199_1116_prueba_1_1/11,"2021-07-21T11:51:30,556+0200",visu_pars.VisuCreationDate,,,m199,organism,jrc210721_m199_1116,,Bruker BioSpec 7T,1036,scanner-exported DICOM,"organism study (phantom / QC, Q2); phantom / QC study (Q2): no project, as July's jrc phantoms; MRI platform archive backup_7T_olddata_260824/2021_pv6/20210721_103614_jrc210721_m199_1116_prueba_1_1.tar.gz (SHA-1 3faa37b5286c7c6245e0e6adb659f59e5dc0b593); scanner-exported DICOM; operator pending claim (historical MRI, STATUS 0.5 Hold)"
20210721_103614_jrc210721_m199_1116_prueba_1_1/12,"2021-07-21T11:46:44,531+0200",visu_pars.VisuCreationDate,,,m199,organism,jrc210721_m199_1116,,Bruker BioSpec 7T,1036,scanner-exported DICOM,"organism study (phantom / QC, Q2); phantom / QC study (Q2): no project, as July's jrc phantoms; MRI platform archive backup_7T_olddata_260824/2021_pv6/20210721_103614_jrc210721_m199_1116_prueba_1_1.tar.gz (SHA-1 3faa37b5286c7c6245e0e6adb659f59e5dc0b593); scanner-exported DICOM; operator pending claim (historical MRI, STATUS 0.5 Hold)"
20210721_103614_jrc210721_m199_1116_prueba_1_1/13,"2021-07-21T11:52:52,780+0200",visu_pars.VisuCreationDate,,,m199,organism,jrc210721_m199_1116,,Bruker BioSpec 7T,1036,scanner-exported DICOM,"organism study (phantom / QC, Q2); phantom / QC study (Q2): no project, as July's jrc phantoms; MRI platform archive backup_7T_olddata_260824/2021_pv6/20210721_103614_jrc210721_m199_1116_prueba_1_1.tar.gz (SHA-1 3faa37b5286c7c6245e0e6adb659f59e5dc0b593); scanner-exported DICOM; operator pending claim (historical MRI, STATUS 0.5 Hold)"
20210721_103614_jrc210721_m199_1116_prueba_1_1/15,"2021-07-21T12:01:34,426+0200",visu_pars.VisuCreationDate,,,m199,organism,jrc210721_m199_1116,,Bruker BioSpec 7T,1036,scanner-exported DICOM,"organism study (phantom / QC, Q2); phantom / QC study (Q2): no project, as July's jrc phantoms; MRI platform archive backup_7T_olddata_260824/2021_pv6/20210721_103614_jrc210721_m199_1116_prueba_1_1.tar.gz (SHA-1 3faa37b5286c7c6245e0e6adb659f59e5dc0b593); scanner-exported DICOM; operator pending claim (historical MRI, STATUS 0.5 Hold)"
20210721_103614_jrc210721_m199_1116_prueba_1_1/16,"2021-07-21T12:25:56,615+0200",visu_pars.VisuCreationDate,,,m199,organism,jrc210721_m199_1116,,Bruker BioSpec 7T,1036,scanner-exported DICOM,"organism study (phantom / QC, Q2); phantom / QC study (Q2): no project, as July's jrc phantoms; MRI platform archive backup_7T_olddata_260824/2021_pv6/20210721_103614_jrc210721_m199_1116_prueba_1_1.tar.gz (SHA-1 3faa37b5286c7c6245e0e6adb659f59e5dc0b593); scanner-exported DICOM; operator pending claim (historical MRI, STATUS 0.5 Hold)"
20210721_103614_jrc210721_m199_1116_prueba_1_1/17,"2021-07-21T12:30:41,335+0200",visu_pars.VisuCreationDate,,,m199,organism,jrc210721_m199_1116,,Bruker BioSpec 7T,1036,scanner-exported DICOM,"organism study (phantom / QC, Q2); phantom / QC study (Q2): no project, as July's jrc phantoms; MRI platform archive backup_7T_olddata_260824/2021_pv6/20210721_103614_jrc210721_m199_1116_prueba_1_1.tar.gz (SHA-1 3faa37b5286c7c6245e0e6adb659f59e5dc0b593); scanner-exported DICOM; operator pending claim (historical MRI, STATUS 0.5 Hold)"
20210723_084130_jrc210723_ffluor_palmira_1_1/1,"2021-07-23T08:58:20,468+0200",visu_pars.VisuCreationDate,,,jrc210723_ffluor_palmira,phantom,jrc210723_ffluor_palmira,,Bruker BioSpec 7T,0841,DICOM regenerated by Dicomifier 2.5.3 (+ gjesus3 workarounds) from the ParaVision 2dseq before ingest,"phantom study (phantom / QC, Q2); phantom / QC study (Q2): no project, as July's jrc phantoms; MRI platform archive backup_7T_olddata_260824/2021_pv6/20210723_084130_jrc210723_ffluor_palmira_1_1.tar.gz (SHA-1 b77f1739c7ffd5d66794a631f927d02a1e744e3e); DICOM regenerated by Dicomifier 2.5.3 (+ gjesus3 workarounds) from the ParaVision 2dseq before ingest; operator pending claim (historical MRI, STATUS 0.5 Hold)"
20210723_084130_jrc210723_ffluor_palmira_1_1/2,"2021-07-23T09:04:39,576+0200",visu_pars.VisuCreationDate,,,jrc210723_ffluor_palmira,phantom,jrc210723_ffluor_palmira,,Bruker BioSpec 7T,0841,DICOM regenerated by Dicomifier 2.5.3 (+ gjesus3 workarounds) from the ParaVision 2dseq before ingest,"phantom study (phantom / QC, Q2); phantom / QC study (Q2): no project, as July's jrc phantoms; MRI platform archive backup_7T_olddata_260824/2021_pv6/20210723_084130_jrc210723_ffluor_palmira_1_1.tar.gz (SHA-1 b77f1739c7ffd5d66794a631f927d02a1e744e3e); DICOM regenerated by Dicomifier 2.5.3 (+ gjesus3 workarounds) from the ParaVision 2dseq before ingest; operator pending claim (historical MRI, STATUS 0.5 Hold)"
20210723_084130_jrc210723_ffluor_palmira_1_1/3,"2021-07-23T09:15:01,806+0200",visu_pars.VisuCreationDate,,,jrc210723_ffluor_palmira,phantom,jrc210723_ffluor_palmira,,Bruker BioSpec 7T,0841,DICOM regenerated by Dicomifier 2.5.3 (+ gjesus3 workarounds) from the ParaVision 2dseq before ingest,"phantom study (phantom / QC, Q2); phantom / QC study (Q2): no project, as July's jrc phantoms; MRI platform archive backup_7T_olddata_260824/2021_pv6/20210723_084130_jrc210723_ffluor_palmira_1_1.tar.gz (SHA-1 b77f1739c7ffd5d66794a631f927d02a1e744e3e); DICOM regenerated by Dicomifier 2.5.3 (+ gjesus3 workarounds) from the ParaVision 2dseq before ingest; operator pending claim (historical MRI, STATUS 0.5 Hold)"
20210723_084130_jrc210723_ffluor_palmira_1_1/10,"2021-07-23T11:00:37,806+0200",visu_pars.VisuCreationDate,,,jrc210723_ffluor_palmira,phantom,jrc210723_ffluor_palmira,,Bruker BioSpec 7T,0841,DICOM regenerated by Dicomifier 2.5.3 (+ gjesus3 workarounds) from the ParaVision 2dseq before ingest,"phantom study (phantom / QC, Q2); phantom / QC study (Q2): no project, as July's jrc phantoms; MRI platform archive backup_7T_olddata_260824/2021_pv6/20210723_084130_jrc210723_ffluor_palmira_1_1.tar.gz (SHA-1 b77f1739c7ffd5d66794a631f927d02a1e744e3e); DICOM regenerated by Dicomifier 2.5.3 (+ gjesus3 workarounds) from the ParaVision 2dseq before ingest; operator pending claim (historical MRI, STATUS 0.5 Hold)"
20210723_084130_jrc210723_ffluor_palmira_1_1/11,"2021-07-23T11:12:02,367+0200",visu_pars.VisuCreationDate,,,jrc210723_ffluor_palmira,phantom,jrc210723_ffluor_palmira,,Bruker BioSpec 7T,0841,DICOM regenerated by Dicomifier 2.5.3 (+ gjesus3 workarounds) from the ParaVision 2dseq before ingest,"phantom study (phantom / QC, Q2); phantom / QC study (Q2): no project, as July's jrc phantoms; MRI platform archive backup_7T_olddata_260824/2021_pv6/20210723_084130_jrc210723_ffluor_palmira_1_1.tar.gz (SHA-1 b77f1739c7ffd5d66794a631f927d02a1e744e3e); DICOM regenerated by Dicomifier 2.5.3 (+ gjesus3 workarounds) from the ParaVision 2dseq before ingest; operator pending claim (historical MRI, STATUS 0.5 Hold)"
20210723_084130_jrc210723_ffluor_palmira_1_1/13,"2021-07-23T11:32:35,021+0200",visu_pars.VisuCreationDate,,,jrc210723_ffluor_palmira,phantom,jrc210723_ffluor_palmira,,Bruker BioSpec 7T,0841,DICOM regenerated by Dicomifier 2.5.3 (+ gjesus3 workarounds) from the ParaVision 2dseq before ingest,"phantom study (phantom / QC, Q2); phantom / QC study (Q2): no project, as July's jrc phantoms; MRI platform archive backup_7T_olddata_260824/2021_pv6/20210723_084130_jrc210723_ffluor_palmira_1_1.tar.gz (SHA-1 b77f1739c7ffd5d66794a631f927d02a1e744e3e); DICOM regenerated by Dicomifier 2.5.3 (+ gjesus3 workarounds) from the ParaVision 2dseq before ingest; operator pending claim (historical MRI, STATUS 0.5 Hold)"
20210723_084130_jrc210723_ffluor_palmira_1_1/22,"2021-07-23T12:11:30,833+0200",visu_pars.VisuCreationDate,,,jrc210723_ffluor_palmira,phantom,jrc210723_ffluor_palmira,,Bruker BioSpec 7T,0841,DICOM regenerated by Dicomifier 2.5.3 (+ gjesus3 workarounds) from the ParaVision 2dseq before ingest,"phantom study (phantom / QC, Q2); phantom / QC study (Q2): no project, as July's jrc phantoms; MRI platform archive backup_7T_olddata_260824/2021_pv6/20210723_084130_jrc210723_ffluor_palmira_1_1.tar.gz (SHA-1 b77f1739c7ffd5d66794a631f927d02a1e744e3e); DICOM regenerated by Dicomifier 2.5.3 (+ gjesus3 workarounds) from the ParaVision 2dseq before ingest; operator pending claim (historical MRI, STATUS 0.5 Hold)"
20210723_084130_jrc210723_ffluor_palmira_1_1/23,"2021-07-23T12:24:28,038+0200",visu_pars.VisuCreationDate,,,jrc210723_ffluor_palmira,phantom,jrc210723_ffluor_palmira,,Bruker BioSpec 7T,0841,DICOM regenerated by Dicomifier 2.5.3 (+ gjesus3 workarounds) from the ParaVision 2dseq before ingest,"phantom study (phantom / QC, Q2); phantom / QC study (Q2): no project, as July's jrc phantoms; MRI platform archive backup_7T_olddata_260824/2021_pv6/20210723_084130_jrc210723_ffluor_palmira_1_1.tar.gz (SHA-1 b77f1739c7ffd5d66794a631f927d02a1e744e3e); DICOM regenerated by Dicomifier 2.5.3 (+ gjesus3 workarounds) from the ParaVision 2dseq before ingest; operator pending claim (historical MRI, STATUS 0.5 Hold)"
20210729_130512_jrc210729_fluor_palmira_1_1/2,"2021-07-29T13:13:12,444+0200",visu_pars.VisuCreationDate,,,jrc210729_fluor_palmira,phantom,jrc210729_fluor_palmira,,Bruker BioSpec 7T,1305,DICOM regenerated by Dicomifier 2.5.3 (+ gjesus3 workarounds) from the ParaVision 2dseq before ingest,"phantom study (phantom / QC, Q2); phantom / QC study (Q2): no project, as July's jrc phantoms; MRI platform archive backup_7T_olddata_260824/2021_pv6/20210729_130512_jrc210729_fluor_palmira_1_1.tar.gz (SHA-1 ed7f490e4a2be1501c4bda6a9f4a9c7d438226b7); DICOM regenerated by Dicomifier 2.5.3 (+ gjesus3 workarounds) from the ParaVision 2dseq before ingest; operator pending claim (historical MRI, STATUS 0.5 Hold)"
20210729_130512_jrc210729_fluor_palmira_1_1/3,"2021-07-29T13:18:50,556+0200",visu_pars.VisuCreationDate,,,jrc210729_fluor_palmira,phantom,jrc210729_fluor_palmira,,Bruker BioSpec 7T,1305,DICOM regenerated by Dicomifier 2.5.3 (+ gjesus3 workarounds) from the ParaVision 2dseq before ingest,"phantom study (phantom / QC, Q2); phantom / QC study (Q2): no project, as July's jrc phantoms; MRI platform archive backup_7T_olddata_260824/2021_pv6/20210729_130512_jrc210729_fluor_palmira_1_1.tar.gz (SHA-1 ed7f490e4a2be1501c4bda6a9f4a9c7d438226b7); DICOM regenerated by Dicomifier 2.5.3 (+ gjesus3 workarounds) from the ParaVision 2dseq before ingest; operator pending claim (historical MRI, STATUS 0.5 Hold)"
20210729_130512_jrc210729_fluor_palmira_1_1/4,"2021-07-29T13:29:14,236+0200",visu_pars.VisuCreationDate,,,jrc210729_fluor_palmira,phantom,jrc210729_fluor_palmira,,Bruker BioSpec 7T,1305,DICOM regenerated by Dicomifier 2.5.3 (+ gjesus3 workarounds) from the ParaVision 2dseq before ingest,"phantom study (phantom / QC, Q2); phantom / QC study (Q2): no project, as July's jrc phantoms; MRI platform archive backup_7T_olddata_260824/2021_pv6/20210729_130512_jrc210729_fluor_palmira_1_1.tar.gz (SHA-1 ed7f490e4a2be1501c4bda6a9f4a9c7d438226b7); DICOM regenerated by Dicomifier 2.5.3 (+ gjesus3 workarounds) from the ParaVision 2dseq before ingest; operator pending claim (historical MRI, STATUS 0.5 Hold)"
20210729_130512_jrc210729_fluor_palmira_1_1/5,"2021-07-29T13:38:45,284+0200",visu_pars.VisuCreationDate,,,jrc210729_fluor_palmira,phantom,jrc210729_fluor_palmira,,Bruker BioSpec 7T,1305,DICOM regenerated by Dicomifier 2.5.3 (+ gjesus3 workarounds) from the ParaVision 2dseq before ingest,"phantom study (phantom / QC, Q2); phantom / QC study (Q2): no project, as July's jrc phantoms; MRI platform archive backup_7T_olddata_260824/2021_pv6/20210729_130512_jrc210729_fluor_palmira_1_1.tar.gz (SHA-1 ed7f490e4a2be1501c4bda6a9f4a9c7d438226b7); DICOM regenerated by Dicomifier 2.5.3 (+ gjesus3 workarounds) from the ParaVision 2dseq before ingest; operator pending claim (historical MRI, STATUS 0.5 Hold)"
20210729_130512_jrc210729_fluor_palmira_1_1/7,"2021-07-29T13:50:44,711+0200",visu_pars.VisuCreationDate,,,jrc210729_fluor_palmira,phantom,jrc210729_fluor_palmira,,Bruker BioSpec 7T,1305,DICOM regenerated by Dicomifier 2.5.3 (+ gjesus3 workarounds) from the ParaVision 2dseq before ingest,"phantom study (phantom / QC, Q2); phantom / QC study (Q2): no project, as July's jrc phantoms; MRI platform archive backup_7T_olddata_260824/2021_pv6/20210729_130512_jrc210729_fluor_palmira_1_1.tar.gz (SHA-1 ed7f490e4a2be1501c4bda6a9f4a9c7d438226b7); DICOM regenerated by Dicomifier 2.5.3 (+ gjesus3 workarounds) from the ParaVision 2dseq before ingest; operator pending claim (historical MRI, STATUS 0.5 Hold)"
20210729_130512_jrc210729_fluor_palmira_1_1/10,"2021-07-29T14:02:32,404+0200",visu_pars.VisuCreationDate,,,jrc210729_fluor_palmira,phantom,jrc210729_fluor_palmira,,Bruker BioSpec 7T,1305,DICOM regenerated by Dicomifier 2.5.3 (+ gjesus3 workarounds) from the ParaVision 2dseq before ingest,"phantom study (phantom / QC, Q2); phantom / QC study (Q2): no project, as July's jrc phantoms; MRI platform archive backup_7T_olddata_260824/2021_pv6/20210729_130512_jrc210729_fluor_palmira_1_1.tar.gz (SHA-1 ed7f490e4a2be1501c4bda6a9f4a9c7d438226b7); DICOM regenerated by Dicomifier 2.5.3 (+ gjesus3 workarounds) from the ParaVision 2dseq before ingest; operator pending claim (historical MRI, STATUS 0.5 Hold)"
20210729_130512_jrc210729_fluor_palmira_1_1/11,"2021-07-29T14:10:09,748+0200",visu_pars.VisuCreationDate,,,jrc210729_fluor_palmira,phantom,jrc210729_fluor_palmira,,Bruker BioSpec 7T,1305,DICOM regenerated by Dicomifier 2.5.3 (+ gjesus3 workarounds) from the ParaVision 2dseq before ingest,"phantom study (phantom / QC, Q2); phantom / QC study (Q2): no project, as July's jrc phantoms; MRI platform archive backup_7T_olddata_260824/2021_pv6/20210729_130512_jrc210729_fluor_palmira_1_1.tar.gz (SHA-1 ed7f490e4a2be1501c4bda6a9f4a9c7d438226b7); DICOM regenerated by Dicomifier 2.5.3 (+ gjesus3 workarounds) from the ParaVision 2dseq before ingest; operator pending claim (historical MRI, STATUS 0.5 Hold)"
20210729_130512_jrc210729_fluor_palmira_1_1/12,"2021-07-29T14:15:39,524+0200",visu_pars.VisuCreationDate,,,jrc210729_fluor_palmira,phantom,jrc210729_fluor_palmira,,Bruker BioSpec 7T,1305,DICOM regenerated by Dicomifier 2.5.3 (+ gjesus3 workarounds) from the ParaVision 2dseq before ingest,"phantom study (phantom / QC, Q2); phantom / QC study (Q2): no project, as July's jrc phantoms; MRI platform archive backup_7T_olddata_260824/2021_pv6/20210729_130512_jrc210729_fluor_palmira_1_1.tar.gz (SHA-1 ed7f490e4a2be1501c4bda6a9f4a9c7d438226b7); DICOM regenerated by Dicomifier 2.5.3 (+ gjesus3 workarounds) from the ParaVision 2dseq before ingest; operator pending claim (historical MRI, STATUS 0.5 Hold)"
20210729_130512_jrc210729_fluor_palmira_1_1/15,"2021-07-29T14:29:30,979+0200",visu_pars.VisuCreationDate,,,jrc210729_fluor_palmira,phantom,jrc210729_fluor_palmira,,Bruker BioSpec 7T,1305,DICOM regenerated by Dicomifier 2.5.3 (+ gjesus3 workarounds) from the ParaVision 2dseq before ingest,"phantom study (phantom / QC, Q2); phantom / QC study (Q2): no project, as July's jrc phantoms; MRI platform archive backup_7T_olddata_260824/2021_pv6/20210729_130512_jrc210729_fluor_palmira_1_1.tar.gz (SHA-1 ed7f490e4a2be1501c4bda6a9f4a9c7d438226b7); DICOM regenerated by Dicomifier 2.5.3 (+ gjesus3 workarounds) from the ParaVision 2dseq before ingest; operator pending claim (historical MRI, STATUS 0.5 Hold)"
20210729_130512_jrc210729_fluor_palmira_1_1/16,"2021-07-29T14:38:46,695+0200",visu_pars.VisuCreationDate,,,jrc210729_fluor_palmira,phantom,jrc210729_fluor_palmira,,Bruker BioSpec 7T,1305,DICOM regenerated by Dicomifier 2.5.3 (+ gjesus3 workarounds) from the ParaVision 2dseq before ingest,"phantom study (phantom / QC, Q2); phantom / QC study (Q2): no project, as July's jrc phantoms; MRI platform archive backup_7T_olddata_260824/2021_pv6/20210729_130512_jrc210729_fluor_palmira_1_1.tar.gz (SHA-1 ed7f490e4a2be1501c4bda6a9f4a9c7d438226b7); DICOM regenerated by Dicomifier 2.5.3 (+ gjesus3 workarounds) from the ParaVision 2dseq before ingest; operator pending claim (historical MRI, STATUS 0.5 Hold)"
20210729_130512_jrc210729_fluor_palmira_1_1/18,"2021-07-29T14:42:15,091+0200",visu_pars.VisuCreationDate,,,jrc210729_fluor_palmira,phantom,jrc210729_fluor_palmira,,Bruker BioSpec 7T,1305,DICOM regenerated by Dicomifier 2.5.3 (+ gjesus3 workarounds) from the ParaVision 2dseq before ingest,"phantom study (phantom / QC, Q2); phantom / QC study (Q2): no project, as July's jrc phantoms; MRI platform archive backup_7T_olddata_260824/2021_pv6/20210729_130512_jrc210729_fluor_palmira_1_1.tar.gz (SHA-1 ed7f490e4a2be1501c4bda6a9f4a9c7d438226b7); DICOM regenerated by Dicomifier 2.5.3 (+ gjesus3 workarounds) from the ParaVision 2dseq before ingest; operator pending claim (historical MRI, STATUS 0.5 Hold)"
20210729_130512_jrc210729_fluor_palmira_1_1/21,"2021-07-29T14:52:22,202+0200",visu_pars.VisuCreationDate,,,jrc210729_fluor_palmira,phantom,jrc210729_fluor_palmira,,Bruker BioSpec 7T,1305,DICOM regenerated by Dicomifier 2.5.3 (+ gjesus3 workarounds) from the ParaVision 2dseq before ingest,"phantom study (phantom / QC, Q2); phantom / QC study (Q2): no project, as July's jrc phantoms; MRI platform archive backup_7T_olddata_260824/2021_pv6/20210729_130512_jrc210729_fluor_palmira_1_1.tar.gz (SHA-1 ed7f490e4a2be1501c4bda6a9f4a9c7d438226b7); DICOM regenerated by Dicomifier 2.5.3 (+ gjesus3 workarounds) from the ParaVision 2dseq before ingest; operator pending claim (historical MRI, STATUS 0.5 Hold)"
20210729_130512_jrc210729_fluor_palmira_1_1/22,"2021-07-29T15:05:19,390+0200",visu_pars.VisuCreationDate,,,jrc210729_fluor_palmira,phantom,jrc210729_fluor_palmira,,Bruker BioSpec 7T,1305,DICOM regenerated by Dicomifier 2.5.3 (+ gjesus3 workarounds) from the ParaVision 2dseq before ingest,"phantom study (phantom / QC, Q2); phantom / QC study (Q2): no project, as July's jrc phantoms; MRI platform archive backup_7T_olddata_260824/2021_pv6/20210729_130512_jrc210729_fluor_palmira_1_1.tar.gz (SHA-1 ed7f490e4a2be1501c4bda6a9f4a9c7d438226b7); DICOM regenerated by Dicomifier 2.5.3 (+ gjesus3 workarounds) from the ParaVision 2dseq before ingest; operator pending claim (historical MRI, STATUS 0.5 Hold)"
20210729_130512_jrc210729_fluor_palmira_1_1/25,"2021-07-29T16:20:15,945+0200",visu_pars.VisuCreationDate,,,jrc210729_fluor_palmira,phantom,jrc210729_fluor_palmira,,Bruker BioSpec 7T,1305,DICOM regenerated by Dicomifier 2.5.3 (+ gjesus3 workarounds) from the ParaVision 2dseq before ingest,"phantom study (phantom / QC, Q2); phantom / QC study (Q2): no project, as July's jrc phantoms; MRI platform archive backup_7T_olddata_260824/2021_pv6/20210729_130512_jrc210729_fluor_palmira_1_1.tar.gz (SHA-1 ed7f490e4a2be1501c4bda6a9f4a9c7d438226b7); DICOM regenerated by Dicomifier 2.5.3 (+ gjesus3 workarounds) from the ParaVision 2dseq before ingest; operator pending claim (historical MRI, STATUS 0.5 Hold)"
20210729_130512_jrc210729_fluor_palmira_1_1/27,"2021-07-29T16:30:02,473+0200",visu_pars.VisuCreationDate,,,jrc210729_fluor_palmira,phantom,jrc210729_fluor_palmira,,Bruker BioSpec 7T,1305,DICOM regenerated by Dicomifier 2.5.3 (+ gjesus3 workarounds) from the ParaVision 2dseq before ingest,"phantom study (phantom / QC, Q2); phantom / QC study (Q2): no project, as July's jrc phantoms; MRI platform archive backup_7T_olddata_260824/2021_pv6/20210729_130512_jrc210729_fluor_palmira_1_1.tar.gz (SHA-1 ed7f490e4a2be1501c4bda6a9f4a9c7d438226b7); DICOM regenerated by Dicomifier 2.5.3 (+ gjesus3 workarounds) from the ParaVision 2dseq before ingest; operator pending claim (historical MRI, STATUS 0.5 Hold)"
20210729_130512_jrc210729_fluor_palmira_1_1/28,"2021-07-29T16:49:53,834+0200",visu_pars.VisuCreationDate,,,jrc210729_fluor_palmira,phantom,jrc210729_fluor_palmira,,Bruker BioSpec 7T,1305,DICOM regenerated by Dicomifier 2.5.3 (+ gjesus3 workarounds) from the ParaVision 2dseq before ingest,"phantom study (phantom / QC, Q2); phantom / QC study (Q2): no project, as July's jrc phantoms; MRI platform archive backup_7T_olddata_260824/2021_pv6/20210729_130512_jrc210729_fluor_palmira_1_1.tar.gz (SHA-1 ed7f490e4a2be1501c4bda6a9f4a9c7d438226b7); DICOM regenerated by Dicomifier 2.5.3 (+ gjesus3 workarounds) from the ParaVision 2dseq before ingest; operator pending claim (historical MRI, STATUS 0.5 Hold)"
20210729_130512_jrc210729_fluor_palmira_1_1/36,"2021-07-29T17:07:58,566+0200",visu_pars.VisuCreationDate,,,jrc210729_fluor_palmira,phantom,jrc210729_fluor_palmira,,Bruker BioSpec 7T,1305,DICOM regenerated by Dicomifier 2.5.3 (+ gjesus3 workarounds) from the ParaVision 2dseq before ingest,"phantom study (phantom / QC, Q2); phantom / QC study (Q2): no project, as July's jrc phantoms; MRI platform archive backup_7T_olddata_260824/2021_pv6/20210729_130512_jrc210729_fluor_palmira_1_1.tar.gz (SHA-1 ed7f490e4a2be1501c4bda6a9f4a9c7d438226b7); DICOM regenerated by Dicomifier 2.5.3 (+ gjesus3 workarounds) from the ParaVision 2dseq before ingest; operator pending claim (historical MRI, STATUS 0.5 Hold)"
20210729_130512_jrc210729_fluor_palmira_1_1/37,"2021-07-29T17:20:10,208+0200",visu_pars.VisuCreationDate,,,jrc210729_fluor_palmira,phantom,jrc210729_fluor_palmira,,Bruker BioSpec 7T,1305,DICOM regenerated by Dicomifier 2.5.3 (+ gjesus3 workarounds) from the ParaVision 2dseq before ingest,"phantom study (phantom / QC, Q2); phantom / QC study (Q2): no project, as July's jrc phantoms; MRI platform archive backup_7T_olddata_260824/2021_pv6/20210729_130512_jrc210729_fluor_palmira_1_1.tar.gz (SHA-1 ed7f490e4a2be1501c4bda6a9f4a9c7d438226b7); DICOM regenerated by Dicomifier 2.5.3 (+ gjesus3 workarounds) from the ParaVision 2dseq before ingest; operator pending claim (historical MRI, STATUS 0.5 Hold)"
20210729_130512_jrc210729_fluor_palmira_1_1/38,"2021-07-29T17:35:59,724+0200",visu_pars.VisuCreationDate,,,jrc210729_fluor_palmira,phantom,jrc210729_fluor_palmira,,Bruker BioSpec 7T,1305,DICOM regenerated by Dicomifier 2.5.3 (+ gjesus3 workarounds) from the ParaVision 2dseq before ingest,"phantom study (phantom / QC, Q2); phantom / QC study (Q2): no project, as July's jrc phantoms; MRI platform archive backup_7T_olddata_260824/2021_pv6/20210729_130512_jrc210729_fluor_palmira_1_1.tar.gz (SHA-1 ed7f490e4a2be1501c4bda6a9f4a9c7d438226b7); DICOM regenerated by Dicomifier 2.5.3 (+ gjesus3 workarounds) from the ParaVision 2dseq before ingest; operator pending claim (historical MRI, STATUS 0.5 Hold)"
20210729_130512_jrc210729_fluor_palmira_1_1/40,"2021-07-29T17:45:38,676+0200",visu_pars.VisuCreationDate,,,jrc210729_fluor_palmira,phantom,jrc210729_fluor_palmira,,Bruker BioSpec 7T,1305,DICOM regenerated by Dicomifier 2.5.3 (+ gjesus3 workarounds) from the ParaVision 2dseq before ingest,"phantom study (phantom / QC, Q2); phantom / QC study (Q2): no project, as July's jrc phantoms; MRI platform archive backup_7T_olddata_260824/2021_pv6/20210729_130512_jrc210729_fluor_palmira_1_1.tar.gz (SHA-1 ed7f490e4a2be1501c4bda6a9f4a9c7d438226b7); DICOM regenerated by Dicomifier 2.5.3 (+ gjesus3 workarounds) from the ParaVision 2dseq before ingest; operator pending claim (historical MRI, STATUS 0.5 Hold)"
20210729_130512_jrc210729_fluor_palmira_1_1/41,"2021-07-29T18:01:24,426+0200",visu_pars.VisuCreationDate,,,jrc210729_fluor_palmira,phantom,jrc210729_fluor_palmira,,Bruker BioSpec 7T,1305,DICOM regenerated by Dicomifier 2.5.3 (+ gjesus3 workarounds) from the ParaVision 2dseq before ingest,"phantom study (phantom / QC, Q2); phantom / QC study (Q2): no project, as July's jrc phantoms; MRI platform archive backup_7T_olddata_260824/2021_pv6/20210729_130512_jrc210729_fluor_palmira_1_1.tar.gz (SHA-1 ed7f490e4a2be1501c4bda6a9f4a9c7d438226b7); DICOM regenerated by Dicomifier 2.5.3 (+ gjesus3 workarounds) from the ParaVision 2dseq before ingest; operator pending claim (historical MRI, STATUS 0.5 Hold)"
20210729_130512_jrc210729_fluor_palmira_1_1/51,"2021-07-29T18:40:44,872+0200",visu_pars.VisuCreationDate,,,jrc210729_fluor_palmira,phantom,jrc210729_fluor_palmira,,Bruker BioSpec 7T,1305,DICOM regenerated by Dicomifier 2.5.3 (+ gjesus3 workarounds) from the ParaVision 2dseq before ingest,"phantom study (phantom / QC, Q2); phantom / QC study (Q2): no project, as July's jrc phantoms; MRI platform archive backup_7T_olddata_260824/2021_pv6/20210729_130512_jrc210729_fluor_palmira_1_1.tar.gz (SHA-1 ed7f490e4a2be1501c4bda6a9f4a9c7d438226b7); DICOM regenerated by Dicomifier 2.5.3 (+ gjesus3 workarounds) from the ParaVision 2dseq before ingest; operator pending claim (historical MRI, STATUS 0.5 Hold)"
20210729_130512_jrc210729_fluor_palmira_1_1/53,"2021-07-29T18:48:07,731+0200",visu_pars.VisuCreationDate,,,jrc210729_fluor_palmira,phantom,jrc210729_fluor_palmira,,Bruker BioSpec 7T,1305,DICOM regenerated by Dicomifier 2.5.3 (+ gjesus3 workarounds) from the ParaVision 2dseq before ingest,"phantom study (phantom / QC, Q2); phantom / QC study (Q2): no project, as July's jrc phantoms; MRI platform archive backup_7T_olddata_260824/2021_pv6/20210729_130512_jrc210729_fluor_palmira_1_1.tar.gz (SHA-1 ed7f490e4a2be1501c4bda6a9f4a9c7d438226b7); DICOM regenerated by Dicomifier 2.5.3 (+ gjesus3 workarounds) from the ParaVision 2dseq before ingest; operator pending claim (historical MRI, STATUS 0.5 Hold)"
20210729_130512_jrc210729_fluor_palmira_1_1/54,"2021-07-29T19:02:30,674+0200",visu_pars.VisuCreationDate,,,jrc210729_fluor_palmira,phantom,jrc210729_fluor_palmira,,Bruker BioSpec 7T,1305,DICOM regenerated by Dicomifier 2.5.3 (+ gjesus3 workarounds) from the ParaVision 2dseq before ingest,"phantom study (phantom / QC, Q2); phantom / QC study (Q2): no project, as July's jrc phantoms; MRI platform archive backup_7T_olddata_260824/2021_pv6/20210729_130512_jrc210729_fluor_palmira_1_1.tar.gz (SHA-1 ed7f490e4a2be1501c4bda6a9f4a9c7d438226b7); DICOM regenerated by Dicomifier 2.5.3 (+ gjesus3 workarounds) from the ParaVision 2dseq before ingest; operator pending claim (historical MRI, STATUS 0.5 Hold)"
20210729_130512_jrc210729_fluor_palmira_1_1/56,"2021-07-29T19:21:07,033+0200",visu_pars.VisuCreationDate,,,jrc210729_fluor_palmira,phantom,jrc210729_fluor_palmira,,Bruker BioSpec 7T,1305,DICOM regenerated by Dicomifier 2.5.3 (+ gjesus3 workarounds) from the ParaVision 2dseq before ingest,"phantom study (phantom / QC, Q2); phantom / QC study (Q2): no project, as July's jrc phantoms; MRI platform archive backup_7T_olddata_260824/2021_pv6/20210729_130512_jrc210729_fluor_palmira_1_1.tar.gz (SHA-1 ed7f490e4a2be1501c4bda6a9f4a9c7d438226b7); DICOM regenerated by Dicomifier 2.5.3 (+ gjesus3 workarounds) from the ParaVision 2dseq before ingest; operator pending claim (historical MRI, STATUS 0.5 Hold)"
20210729_130512_jrc210729_fluor_palmira_1_1/58,"2021-07-29T19:31:15,226+0200",visu_pars.VisuCreationDate,,,jrc210729_fluor_palmira,phantom,jrc210729_fluor_palmira,,Bruker BioSpec 7T,1305,DICOM regenerated by Dicomifier 2.5.3 (+ gjesus3 workarounds) from the ParaVision 2dseq before ingest,"phantom study (phantom / QC, Q2); phantom / QC study (Q2): no project, as July's jrc phantoms; MRI platform archive backup_7T_olddata_260824/2021_pv6/20210729_130512_jrc210729_fluor_palmira_1_1.tar.gz (SHA-1 ed7f490e4a2be1501c4bda6a9f4a9c7d438226b7); DICOM regenerated by Dicomifier 2.5.3 (+ gjesus3 workarounds) from the ParaVision 2dseq before ingest; operator pending claim (historical MRI, STATUS 0.5 Hold)"
20210729_130512_jrc210729_fluor_palmira_1_1/59,"2021-07-29T19:52:25,807+0200",visu_pars.VisuCreationDate,,,jrc210729_fluor_palmira,phantom,jrc210729_fluor_palmira,,Bruker BioSpec 7T,1305,DICOM regenerated by Dicomifier 2.5.3 (+ gjesus3 workarounds) from the ParaVision 2dseq before ingest,"phantom study (phantom / QC, Q2); phantom / QC study (Q2): no project, as July's jrc phantoms; MRI platform archive backup_7T_olddata_260824/2021_pv6/20210729_130512_jrc210729_fluor_palmira_1_1.tar.gz (SHA-1 ed7f490e4a2be1501c4bda6a9f4a9c7d438226b7); DICOM regenerated by Dicomifier 2.5.3 (+ gjesus3 workarounds) from the ParaVision 2dseq before ingest; operator pending claim (historical MRI, STATUS 0.5 Hold)"
20210729_130512_jrc210729_fluor_palmira_1_1/60,"2021-07-29T19:39:28,821+0200",visu_pars.VisuCreationDate,,,jrc210729_fluor_palmira,phantom,jrc210729_fluor_palmira,,Bruker BioSpec 7T,1305,DICOM regenerated by Dicomifier 2.5.3 (+ gjesus3 workarounds) from the ParaVision 2dseq before ingest,"phantom study (phantom / QC, Q2); phantom / QC study (Q2): no project, as July's jrc phantoms; MRI platform archive backup_7T_olddata_260824/2021_pv6/20210729_130512_jrc210729_fluor_palmira_1_1.tar.gz (SHA-1 ed7f490e4a2be1501c4bda6a9f4a9c7d438226b7); DICOM regenerated by Dicomifier 2.5.3 (+ gjesus3 workarounds) from the ParaVision 2dseq before ingest; operator pending claim (historical MRI, STATUS 0.5 Hold)"
20210729_130512_jrc210729_fluor_palmira_1_1/62,"2021-07-29T20:05:11,765+0200",visu_pars.VisuCreationDate,,,jrc210729_fluor_palmira,phantom,jrc210729_fluor_palmira,,Bruker BioSpec 7T,1305,DICOM regenerated by Dicomifier 2.5.3 (+ gjesus3 workarounds) from the ParaVision 2dseq before ingest,"phantom study (phantom / QC, Q2); phantom / QC study (Q2): no project, as July's jrc phantoms; MRI platform archive backup_7T_olddata_260824/2021_pv6/20210729_130512_jrc210729_fluor_palmira_1_1.tar.gz (SHA-1 ed7f490e4a2be1501c4bda6a9f4a9c7d438226b7); DICOM regenerated by Dicomifier 2.5.3 (+ gjesus3 workarounds) from the ParaVision 2dseq before ingest; operator pending claim (historical MRI, STATUS 0.5 Hold)"
20211118_155624_jrc211118_Phantom19F_1_1/1,"2021-11-18T16:16:16,077+0100",visu_pars.VisuCreationDate,,,jrc211118_Phantom19F,phantom,jrc211118_Phantom19F,,Bruker BioSpec 7T,1556,DICOM regenerated by Dicomifier 2.5.3 (+ gjesus3 workarounds) from the ParaVision 2dseq before ingest,"phantom study (phantom / QC, Q2); phantom / QC study (Q2): no project, as July's jrc phantoms; MRI platform archive backup_7T_olddata_260824/2021_pv6/20211118_155624_jrc211118_Phantom19F_1_1.tar.gz (SHA-1 c6f5eaed44618f513b2edb4e121086790b0c0158); DICOM regenerated by Dicomifier 2.5.3 (+ gjesus3 workarounds) from the ParaVision 2dseq before ingest; operator pending claim (historical MRI, STATUS 0.5 Hold)"
20211118_155624_jrc211118_Phantom19F_1_1/2,"2021-11-18T16:20:15,016+0100",visu_pars.VisuCreationDate,,,jrc211118_Phantom19F,phantom,jrc211118_Phantom19F,,Bruker BioSpec 7T,1556,DICOM regenerated by Dicomifier 2.5.3 (+ gjesus3 workarounds) from the ParaVision 2dseq before ingest,"phantom study (phantom / QC, Q2); phantom / QC study (Q2): no project, as July's jrc phantoms; MRI platform archive backup_7T_olddata_260824/2021_pv6/20211118_155624_jrc211118_Phantom19F_1_1.tar.gz (SHA-1 c6f5eaed44618f513b2edb4e121086790b0c0158); DICOM regenerated by Dicomifier 2.5.3 (+ gjesus3 workarounds) from the ParaVision 2dseq before ingest; operator pending claim (historical MRI, STATUS 0.5 Hold)"
20211118_155624_jrc211118_Phantom19F_1_1/3,"2021-11-18T16:27:09,036+0100",visu_pars.VisuCreationDate,,,jrc211118_Phantom19F,phantom,jrc211118_Phantom19F,,Bruker BioSpec 7T,1556,DICOM regenerated by Dicomifier 2.5.3 (+ gjesus3 workarounds) from the ParaVision 2dseq before ingest,"phantom study (phantom / QC, Q2); phantom / QC study (Q2): no project, as July's jrc phantoms; MRI platform archive backup_7T_olddata_260824/2021_pv6/20211118_155624_jrc211118_Phantom19F_1_1.tar.gz (SHA-1 c6f5eaed44618f513b2edb4e121086790b0c0158); DICOM regenerated by Dicomifier 2.5.3 (+ gjesus3 workarounds) from the ParaVision 2dseq before ingest; operator pending claim (historical MRI, STATUS 0.5 Hold)"
20211118_155624_jrc211118_Phantom19F_1_1/8,"2021-11-18T16:41:30,062+0100",visu_pars.VisuCreationDate,,,jrc211118_Phantom19F,phantom,jrc211118_Phantom19F,,Bruker BioSpec 7T,1556,DICOM regenerated by Dicomifier 2.5.3 (+ gjesus3 workarounds) from the ParaVision 2dseq before ingest,"phantom study (phantom / QC, Q2); phantom / QC study (Q2): no project, as July's jrc phantoms; MRI platform archive backup_7T_olddata_260824/2021_pv6/20211118_155624_jrc211118_Phantom19F_1_1.tar.gz (SHA-1 c6f5eaed44618f513b2edb4e121086790b0c0158); DICOM regenerated by Dicomifier 2.5.3 (+ gjesus3 workarounds) from the ParaVision 2dseq before ingest; operator pending claim (historical MRI, STATUS 0.5 Hold)"
20211118_155624_jrc211118_Phantom19F_1_1/9,"2021-11-18T16:47:59,642+0100",visu_pars.VisuCreationDate,,,jrc211118_Phantom19F,phantom,jrc211118_Phantom19F,,Bruker BioSpec 7T,1556,DICOM regenerated by Dicomifier 2.5.3 (+ gjesus3 workarounds) from the ParaVision 2dseq before ingest,"phantom study (phantom / QC, Q2); phantom / QC study (Q2): no project, as July's jrc phantoms; MRI platform archive backup_7T_olddata_260824/2021_pv6/20211118_155624_jrc211118_Phantom19F_1_1.tar.gz (SHA-1 c6f5eaed44618f513b2edb4e121086790b0c0158); DICOM regenerated by Dicomifier 2.5.3 (+ gjesus3 workarounds) from the ParaVision 2dseq before ingest; operator pending claim (historical MRI, STATUS 0.5 Hold)"
20211118_155624_jrc211118_Phantom19F_1_1/10,"2021-11-18T17:01:23,150+0100",visu_pars.VisuCreationDate,,,jrc211118_Phantom19F,phantom,jrc211118_Phantom19F,,Bruker BioSpec 7T,1556,DICOM regenerated by Dicomifier 2.5.3 (+ gjesus3 workarounds) from the ParaVision 2dseq before ingest,"phantom study (phantom / QC, Q2); phantom / QC study (Q2): no project, as July's jrc phantoms; MRI platform archive backup_7T_olddata_260824/2021_pv6/20211118_155624_jrc211118_Phantom19F_1_1.tar.gz (SHA-1 c6f5eaed44618f513b2edb4e121086790b0c0158); DICOM regenerated by Dicomifier 2.5.3 (+ gjesus3 workarounds) from the ParaVision 2dseq before ingest; operator pending claim (historical MRI, STATUS 0.5 Hold)"
20211118_155624_jrc211118_Phantom19F_1_1/12,"2021-11-18T17:09:37,468+0100",visu_pars.VisuCreationDate,,,jrc211118_Phantom19F,phantom,jrc211118_Phantom19F,,Bruker BioSpec 7T,1556,DICOM regenerated by Dicomifier 2.5.3 (+ gjesus3 workarounds) from the ParaVision 2dseq before ingest,"phantom study (phantom / QC, Q2); phantom / QC study (Q2): no project, as July's jrc phantoms; MRI platform archive backup_7T_olddata_260824/2021_pv6/20211118_155624_jrc211118_Phantom19F_1_1.tar.gz (SHA-1 c6f5eaed44618f513b2edb4e121086790b0c0158); DICOM regenerated by Dicomifier 2.5.3 (+ gjesus3 workarounds) from the ParaVision 2dseq before ingest; operator pending claim (historical MRI, STATUS 0.5 Hold)"
20211118_155624_jrc211118_Phantom19F_1_1/14,"2021-11-18T17:26:18,788+0100",visu_pars.VisuCreationDate,,,jrc211118_Phantom19F,phantom,jrc211118_Phantom19F,,Bruker BioSpec 7T,1556,DICOM regenerated by Dicomifier 2.5.3 (+ gjesus3 workarounds) from the ParaVision 2dseq before ingest,"phantom study (phantom / QC, Q2); phantom / QC study (Q2): no project, as July's jrc phantoms; MRI platform archive backup_7T_olddata_260824/2021_pv6/20211118_155624_jrc211118_Phantom19F_1_1.tar.gz (SHA-1 c6f5eaed44618f513b2edb4e121086790b0c0158); DICOM regenerated by Dicomifier 2.5.3 (+ gjesus3 workarounds) from the ParaVision 2dseq before ingest; operator pending claim (historical MRI, STATUS 0.5 Hold)"
20211118_155624_jrc211118_Phantom19F_1_1/17,"2021-11-18T17:40:33,522+0100",visu_pars.VisuCreationDate,,,jrc211118_Phantom19F,phantom,jrc211118_Phantom19F,,Bruker BioSpec 7T,1556,DICOM regenerated by Dicomifier 2.5.3 (+ gjesus3 workarounds) from the ParaVision 2dseq before ingest,"phantom study (phantom / QC, Q2); phantom / QC study (Q2): no project, as July's jrc phantoms; MRI platform archive backup_7T_olddata_260824/2021_pv6/20211118_155624_jrc211118_Phantom19F_1_1.tar.gz (SHA-1 c6f5eaed44618f513b2edb4e121086790b0c0158); DICOM regenerated by Dicomifier 2.5.3 (+ gjesus3 workarounds) from the ParaVision 2dseq before ingest; operator pending claim (historical MRI, STATUS 0.5 Hold)"
20211118_155624_jrc211118_Phantom19F_1_1/19,"2021-11-18T17:51:59,689+0100",visu_pars.VisuCreationDate,,,jrc211118_Phantom19F,phantom,jrc211118_Phantom19F,,Bruker BioSpec 7T,1556,DICOM regenerated by Dicomifier 2.5.3 (+ gjesus3 workarounds) from the ParaVision 2dseq before ingest,"phantom study (phantom / QC, Q2); phantom / QC study (Q2): no project, as July's jrc phantoms; MRI platform archive backup_7T_olddata_260824/2021_pv6/20211118_155624_jrc211118_Phantom19F_1_1.tar.gz (SHA-1 c6f5eaed44618f513b2edb4e121086790b0c0158); DICOM regenerated by Dicomifier 2.5.3 (+ gjesus3 workarounds) from the ParaVision 2dseq before ingest; operator pending claim (historical MRI, STATUS 0.5 Hold)"
20211118_155624_jrc211118_Phantom19F_1_1/21,"2021-11-18T18:05:25,671+0100",visu_pars.VisuCreationDate,,,jrc211118_Phantom19F,phantom,jrc211118_Phantom19F,,Bruker BioSpec 7T,1556,DICOM regenerated by Dicomifier 2.5.3 (+ gjesus3 workarounds) from the ParaVision 2dseq before ingest,"phantom study (phantom / QC, Q2); phantom / QC study (Q2): no project, as July's jrc phantoms; MRI platform archive backup_7T_olddata_260824/2021_pv6/20211118_155624_jrc211118_Phantom19F_1_1.tar.gz (SHA-1 c6f5eaed44618f513b2edb4e121086790b0c0158); DICOM regenerated by Dicomifier 2.5.3 (+ gjesus3 workarounds) from the ParaVision 2dseq before ingest; operator pending claim (historical MRI, STATUS 0.5 Hold)"
20211118_155624_jrc211118_Phantom19F_1_1/24,"2021-11-18T18:15:02,663+0100",visu_pars.VisuCreationDate,,,jrc211118_Phantom19F,phantom,jrc211118_Phantom19F,,Bruker BioSpec 7T,1556,DICOM regenerated by Dicomifier 2.5.3 (+ gjesus3 workarounds) from the ParaVision 2dseq before ingest,"phantom study (phantom / QC, Q2); phantom / QC study (Q2): no project, as July's jrc phantoms; MRI platform archive backup_7T_olddata_260824/2021_pv6/20211118_155624_jrc211118_Phantom19F_1_1.tar.gz (SHA-1 c6f5eaed44618f513b2edb4e121086790b0c0158); DICOM regenerated by Dicomifier 2.5.3 (+ gjesus3 workarounds) from the ParaVision 2dseq before ingest; operator pending claim (historical MRI, STATUS 0.5 Hold)"
20211118_155624_jrc211118_Phantom19F_1_1/26,"2021-11-18T18:26:49,064+0100",visu_pars.VisuCreationDate,,,jrc211118_Phantom19F,phantom,jrc211118_Phantom19F,,Bruker BioSpec 7T,1556,DICOM regenerated by Dicomifier 2.5.3 (+ gjesus3 workarounds) from the ParaVision 2dseq before ingest,"phantom study (phantom / QC, Q2); phantom / QC study (Q2): no project, as July's jrc phantoms; MRI platform archive backup_7T_olddata_260824/2021_pv6/20211118_155624_jrc211118_Phantom19F_1_1.tar.gz (SHA-1 c6f5eaed44618f513b2edb4e121086790b0c0158); DICOM regenerated by Dicomifier 2.5.3 (+ gjesus3 workarounds) from the ParaVision 2dseq before ingest; operator pending claim (historical MRI, STATUS 0.5 Hold)"
20211118_155624_jrc211118_Phantom19F_1_1/27,"2021-11-18T18:39:59,029+0100",visu_pars.VisuCreationDate,,,jrc211118_Phantom19F,phantom,jrc211118_Phantom19F,,Bruker BioSpec 7T,1556,DICOM regenerated by Dicomifier 2.5.3 (+ gjesus3 workarounds) from the ParaVision 2dseq before ingest,"phantom study (phantom / QC, Q2); phantom / QC study (Q2): no project, as July's jrc phantoms; MRI platform archive backup_7T_olddata_260824/2021_pv6/20211118_155624_jrc211118_Phantom19F_1_1.tar.gz (SHA-1 c6f5eaed44618f513b2edb4e121086790b0c0158); DICOM regenerated by Dicomifier 2.5.3 (+ gjesus3 workarounds) from the ParaVision 2dseq before ingest; operator pending claim (historical MRI, STATUS 0.5 Hold)"
20211118_155624_jrc211118_Phantom19F_1_1/29,"2021-11-18T18:51:00,200+0100",visu_pars.VisuCreationDate,,,jrc211118_Phantom19F,phantom,jrc211118_Phantom19F,,Bruker BioSpec 7T,1556,DICOM regenerated by Dicomifier 2.5.3 (+ gjesus3 workarounds) from the ParaVision 2dseq before ingest,"phantom study (phantom / QC, Q2); phantom / QC study (Q2): no project, as July's jrc phantoms; MRI platform archive backup_7T_olddata_260824/2021_pv6/20211118_155624_jrc211118_Phantom19F_1_1.tar.gz (SHA-1 c6f5eaed44618f513b2edb4e121086790b0c0158); DICOM regenerated by Dicomifier 2.5.3 (+ gjesus3 workarounds) from the ParaVision 2dseq before ingest; operator pending claim (historical MRI, STATUS 0.5 Hold)"
20211118_155624_jrc211118_Phantom19F_1_1/32,"2021-11-18T19:03:22,166+0100",visu_pars.VisuCreationDate,,,jrc211118_Phantom19F,phantom,jrc211118_Phantom19F,,Bruker BioSpec 7T,1556,DICOM regenerated by Dicomifier 2.5.3 (+ gjesus3 workarounds) from the ParaVision 2dseq before ingest,"phantom study (phantom / QC, Q2); phantom / QC study (Q2): no project, as July's jrc phantoms; MRI platform archive backup_7T_olddata_260824/2021_pv6/20211118_155624_jrc211118_Phantom19F_1_1.tar.gz (SHA-1 c6f5eaed44618f513b2edb4e121086790b0c0158); DICOM regenerated by Dicomifier 2.5.3 (+ gjesus3 workarounds) from the ParaVision 2dseq before ingest; operator pending claim (historical MRI, STATUS 0.5 Hold)"
20211118_155624_jrc211118_Phantom19F_1_1/33,"2021-11-18T19:10:42,475+0100",visu_pars.VisuCreationDate,,,jrc211118_Phantom19F,phantom,jrc211118_Phantom19F,,Bruker BioSpec 7T,1556,DICOM regenerated by Dicomifier 2.5.3 (+ gjesus3 workarounds) from the ParaVision 2dseq before ingest,"phantom study (phantom / QC, Q2); phantom / QC study (Q2): no project, as July's jrc phantoms; MRI platform archive backup_7T_olddata_260824/2021_pv6/20211118_155624_jrc211118_Phantom19F_1_1.tar.gz (SHA-1 c6f5eaed44618f513b2edb4e121086790b0c0158); DICOM regenerated by Dicomifier 2.5.3 (+ gjesus3 workarounds) from the ParaVision 2dseq before ingest; operator pending claim (historical MRI, STATUS 0.5 Hold)"
20211118_155624_jrc211118_Phantom19F_1_1/36,"2021-11-18T19:23:36,249+0100",visu_pars.VisuCreationDate,,,jrc211118_Phantom19F,phantom,jrc211118_Phantom19F,,Bruker BioSpec 7T,1556,DICOM regenerated by Dicomifier 2.5.3 (+ gjesus3 workarounds) from the ParaVision 2dseq before ingest,"phantom study (phantom / QC, Q2); phantom / QC study (Q2): no project, as July's jrc phantoms; MRI platform archive backup_7T_olddata_260824/2021_pv6/20211118_155624_jrc211118_Phantom19F_1_1.tar.gz (SHA-1 c6f5eaed44618f513b2edb4e121086790b0c0158); DICOM regenerated by Dicomifier 2.5.3 (+ gjesus3 workarounds) from the ParaVision 2dseq before ingest; operator pending claim (historical MRI, STATUS 0.5 Hold)"
20211118_155624_jrc211118_Phantom19F_1_1/38,"2021-11-18T19:35:54,169+0100",visu_pars.VisuCreationDate,,,jrc211118_Phantom19F,phantom,jrc211118_Phantom19F,,Bruker BioSpec 7T,1556,DICOM regenerated by Dicomifier 2.5.3 (+ gjesus3 workarounds) from the ParaVision 2dseq before ingest,"phantom study (phantom / QC, Q2); phantom / QC study (Q2): no project, as July's jrc phantoms; MRI platform archive backup_7T_olddata_260824/2021_pv6/20211118_155624_jrc211118_Phantom19F_1_1.tar.gz (SHA-1 c6f5eaed44618f513b2edb4e121086790b0c0158); DICOM regenerated by Dicomifier 2.5.3 (+ gjesus3 workarounds) from the ParaVision 2dseq before ingest; operator pending claim (historical MRI, STATUS 0.5 Hold)"
20211118_155624_jrc211118_Phantom19F_1_1/39,"2021-11-18T19:46:49,546+0100",visu_pars.VisuCreationDate,,,jrc211118_Phantom19F,phantom,jrc211118_Phantom19F,,Bruker BioSpec 7T,1556,DICOM regenerated by Dicomifier 2.5.3 (+ gjesus3 workarounds) from the ParaVision 2dseq before ingest,"phantom study (phantom / QC, Q2); phantom / QC study (Q2): no project, as July's jrc phantoms; MRI platform archive backup_7T_olddata_260824/2021_pv6/20211118_155624_jrc211118_Phantom19F_1_1.tar.gz (SHA-1 c6f5eaed44618f513b2edb4e121086790b0c0158); DICOM regenerated by Dicomifier 2.5.3 (+ gjesus3 workarounds) from the ParaVision 2dseq before ingest; operator pending claim (historical MRI, STATUS 0.5 Hold)"
20211118_155624_jrc211118_Phantom19F_1_1/41,"2021-11-18T20:07:51,752+0100",visu_pars.VisuCreationDate,,,jrc211118_Phantom19F,phantom,jrc211118_Phantom19F,,Bruker BioSpec 7T,1556,DICOM regenerated by Dicomifier 2.5.3 (+ gjesus3 workarounds) from the ParaVision 2dseq before ingest,"phantom study (phantom / QC, Q2); phantom / QC study (Q2): no project, as July's jrc phantoms; MRI platform archive backup_7T_olddata_260824/2021_pv6/20211118_155624_jrc211118_Phantom19F_1_1.tar.gz (SHA-1 c6f5eaed44618f513b2edb4e121086790b0c0158); DICOM regenerated by Dicomifier 2.5.3 (+ gjesus3 workarounds) from the ParaVision 2dseq before ingest; operator pending claim (historical MRI, STATUS 0.5 Hold)"
20211118_155624_jrc211118_Phantom19F_1_1/42,"2021-11-18T20:10:46,100+0100",visu_pars.VisuCreationDate,,,jrc211118_Phantom19F,phantom,jrc211118_Phantom19F,,Bruker BioSpec 7T,1556,DICOM regenerated by Dicomifier 2.5.3 (+ gjesus3 workarounds) from the ParaVision 2dseq before ingest,"phantom study (phantom / QC, Q2); phantom / QC study (Q2): no project, as July's jrc phantoms; MRI platform archive backup_7T_olddata_260824/2021_pv6/20211118_155624_jrc211118_Phantom19F_1_1.tar.gz (SHA-1 c6f5eaed44618f513b2edb4e121086790b0c0158); DICOM regenerated by Dicomifier 2.5.3 (+ gjesus3 workarounds) from the ParaVision 2dseq before ingest; operator pending claim (historical MRI, STATUS 0.5 Hold)"
20211118_155624_jrc211118_Phantom19F_1_1/43,"2021-11-18T20:21:31,747+0100",visu_pars.VisuCreationDate,,,jrc211118_Phantom19F,phantom,jrc211118_Phantom19F,,Bruker BioSpec 7T,1556,DICOM regenerated by Dicomifier 2.5.3 (+ gjesus3 workarounds) from the ParaVision 2dseq before ingest,"phantom study (phantom / QC, Q2); phantom / QC study (Q2): no project, as July's jrc phantoms; MRI platform archive backup_7T_olddata_260824/2021_pv6/20211118_155624_jrc211118_Phantom19F_1_1.tar.gz (SHA-1 c6f5eaed44618f513b2edb4e121086790b0c0158); DICOM regenerated by Dicomifier 2.5.3 (+ gjesus3 workarounds) from the ParaVision 2dseq before ingest; operator pending claim (historical MRI, STATUS 0.5 Hold)"
20211118_155624_jrc211118_Phantom19F_1_1/45,"2021-11-18T20:45:52,284+0100",visu_pars.VisuCreationDate,,,jrc211118_Phantom19F,phantom,jrc211118_Phantom19F,,Bruker BioSpec 7T,1556,DICOM regenerated by Dicomifier 2.5.3 (+ gjesus3 workarounds) from the ParaVision 2dseq before ingest,"phantom study (phantom / QC, Q2); phantom / QC study (Q2): no project, as July's jrc phantoms; MRI platform archive backup_7T_olddata_260824/2021_pv6/20211118_155624_jrc211118_Phantom19F_1_1.tar.gz (SHA-1 c6f5eaed44618f513b2edb4e121086790b0c0158); DICOM regenerated by Dicomifier 2.5.3 (+ gjesus3 workarounds) from the ParaVision 2dseq before ingest; operator pending claim (historical MRI, STATUS 0.5 Hold)"
20211118_155624_jrc211118_Phantom19F_1_1/47,"2021-11-18T21:00:33,610+0100",visu_pars.VisuCreationDate,,,jrc211118_Phantom19F,phantom,jrc211118_Phantom19F,,Bruker BioSpec 7T,1556,DICOM regenerated by Dicomifier 2.5.3 (+ gjesus3 workarounds) from the ParaVision 2dseq before ingest,"phantom study (phantom / QC, Q2); phantom / QC study (Q2): no project, as July's jrc phantoms; MRI platform archive backup_7T_olddata_260824/2021_pv6/20211118_155624_jrc211118_Phantom19F_1_1.tar.gz (SHA-1 c6f5eaed44618f513b2edb4e121086790b0c0158); DICOM regenerated by Dicomifier 2.5.3 (+ gjesus3 workarounds) from the ParaVision 2dseq before ingest; operator pending claim (historical MRI, STATUS 0.5 Hold)"
20211118_155624_jrc211118_Phantom19F_1_1/48,"2021-11-18T21:08:09,053+0100",visu_pars.VisuCreationDate,,,jrc211118_Phantom19F,phantom,jrc211118_Phantom19F,,Bruker BioSpec 7T,1556,DICOM regenerated by Dicomifier 2.5.3 (+ gjesus3 workarounds) from the ParaVision 2dseq before ingest,"phantom study (phantom / QC, Q2); phantom / QC study (Q2): no project, as July's jrc phantoms; MRI platform archive backup_7T_olddata_260824/2021_pv6/20211118_155624_jrc211118_Phantom19F_1_1.tar.gz (SHA-1 c6f5eaed44618f513b2edb4e121086790b0c0158); DICOM regenerated by Dicomifier 2.5.3 (+ gjesus3 workarounds) from the ParaVision 2dseq before ingest; operator pending claim (historical MRI, STATUS 0.5 Hold)"
20211118_155624_jrc211118_Phantom19F_1_1/51,"2021-11-18T21:22:22,428+0100",visu_pars.VisuCreationDate,,,jrc211118_Phantom19F,phantom,jrc211118_Phantom19F,,Bruker BioSpec 7T,1556,DICOM regenerated by Dicomifier 2.5.3 (+ gjesus3 workarounds) from the ParaVision 2dseq before ingest,"phantom study (phantom / QC, Q2); phantom / QC study (Q2): no project, as July's jrc phantoms; MRI platform archive backup_7T_olddata_260824/2021_pv6/20211118_155624_jrc211118_Phantom19F_1_1.tar.gz (SHA-1 c6f5eaed44618f513b2edb4e121086790b0c0158); DICOM regenerated by Dicomifier 2.5.3 (+ gjesus3 workarounds) from the ParaVision 2dseq before ingest; operator pending claim (historical MRI, STATUS 0.5 Hold)"
20211118_155624_jrc211118_Phantom19F_1_1/52,"2021-11-18T21:18:33,696+0100",visu_pars.VisuCreationDate,,,jrc211118_Phantom19F,phantom,jrc211118_Phantom19F,,Bruker BioSpec 7T,1556,DICOM regenerated by Dicomifier 2.5.3 (+ gjesus3 workarounds) from the ParaVision 2dseq before ingest,"phantom study (phantom / QC, Q2); phantom / QC study (Q2): no project, as July's jrc phantoms; MRI platform archive backup_7T_olddata_260824/2021_pv6/20211118_155624_jrc211118_Phantom19F_1_1.tar.gz (SHA-1 c6f5eaed44618f513b2edb4e121086790b0c0158); DICOM regenerated by Dicomifier 2.5.3 (+ gjesus3 workarounds) from the ParaVision 2dseq before ingest; operator pending claim (historical MRI, STATUS 0.5 Hold)"
20211118_155624_jrc211118_Phantom19F_1_1/54,"2021-11-18T21:42:30,297+0100",visu_pars.VisuCreationDate,,,jrc211118_Phantom19F,phantom,jrc211118_Phantom19F,,Bruker BioSpec 7T,1556,DICOM regenerated by Dicomifier 2.5.3 (+ gjesus3 workarounds) from the ParaVision 2dseq before ingest,"phantom study (phantom / QC, Q2); phantom / QC study (Q2): no project, as July's jrc phantoms; MRI platform archive backup_7T_olddata_260824/2021_pv6/20211118_155624_jrc211118_Phantom19F_1_1.tar.gz (SHA-1 c6f5eaed44618f513b2edb4e121086790b0c0158); DICOM regenerated by Dicomifier 2.5.3 (+ gjesus3 workarounds) from the ParaVision 2dseq before ingest; operator pending claim (historical MRI, STATUS 0.5 Hold)"
20211118_155624_jrc211118_Phantom19F_1_1/56,"2021-11-18T21:57:53,470+0100",visu_pars.VisuCreationDate,,,jrc211118_Phantom19F,phantom,jrc211118_Phantom19F,,Bruker BioSpec 7T,1556,DICOM regenerated by Dicomifier 2.5.3 (+ gjesus3 workarounds) from the ParaVision 2dseq before ingest,"phantom study (phantom / QC, Q2); phantom / QC study (Q2): no project, as July's jrc phantoms; MRI platform archive backup_7T_olddata_260824/2021_pv6/20211118_155624_jrc211118_Phantom19F_1_1.tar.gz (SHA-1 c6f5eaed44618f513b2edb4e121086790b0c0158); DICOM regenerated by Dicomifier 2.5.3 (+ gjesus3 workarounds) from the ParaVision 2dseq before ingest; operator pending claim (historical MRI, STATUS 0.5 Hold)"
20211118_155624_jrc211118_Phantom19F_1_1/57,"2021-11-18T22:08:50,426+0100",visu_pars.VisuCreationDate,,,jrc211118_Phantom19F,phantom,jrc211118_Phantom19F,,Bruker BioSpec 7T,1556,DICOM regenerated by Dicomifier 2.5.3 (+ gjesus3 workarounds) from the ParaVision 2dseq before ingest,"phantom study (phantom / QC, Q2); phantom / QC study (Q2): no project, as July's jrc phantoms; MRI platform archive backup_7T_olddata_260824/2021_pv6/20211118_155624_jrc211118_Phantom19F_1_1.tar.gz (SHA-1 c6f5eaed44618f513b2edb4e121086790b0c0158); DICOM regenerated by Dicomifier 2.5.3 (+ gjesus3 workarounds) from the ParaVision 2dseq before ingest; operator pending claim (historical MRI, STATUS 0.5 Hold)"
20211118_155624_jrc211118_Phantom19F_1_1/58,"2021-11-18T22:23:12,020+0100",visu_pars.VisuCreationDate,,,jrc211118_Phantom19F,phantom,jrc211118_Phantom19F,,Bruker BioSpec 7T,1556,DICOM regenerated by Dicomifier 2.5.3 (+ gjesus3 workarounds) from the ParaVision 2dseq before ingest,"phantom study (phantom / QC, Q2); phantom / QC study (Q2): no project, as July's jrc phantoms; MRI platform archive backup_7T_olddata_260824/2021_pv6/20211118_155624_jrc211118_Phantom19F_1_1.tar.gz (SHA-1 c6f5eaed44618f513b2edb4e121086790b0c0158); DICOM regenerated by Dicomifier 2.5.3 (+ gjesus3 workarounds) from the ParaVision 2dseq before ingest; operator pending claim (historical MRI, STATUS 0.5 Hold)"
20211118_155624_jrc211118_Phantom19F_1_1/59,"2021-11-18T22:32:31,499+0100",visu_pars.VisuCreationDate,,,jrc211118_Phantom19F,phantom,jrc211118_Phantom19F,,Bruker BioSpec 7T,1556,DICOM regenerated by Dicomifier 2.5.3 (+ gjesus3 workarounds) from the ParaVision 2dseq before ingest,"phantom study (phantom / QC, Q2); phantom / QC study (Q2): no project, as July's jrc phantoms; MRI platform archive backup_7T_olddata_260824/2021_pv6/20211118_155624_jrc211118_Phantom19F_1_1.tar.gz (SHA-1 c6f5eaed44618f513b2edb4e121086790b0c0158); DICOM regenerated by Dicomifier 2.5.3 (+ gjesus3 workarounds) from the ParaVision 2dseq before ingest; operator pending claim (historical MRI, STATUS 0.5 Hold)"
20211118_155624_jrc211118_Phantom19F_1_1/60,"2021-11-18T22:46:14,346+0100",visu_pars.VisuCreationDate,,,jrc211118_Phantom19F,phantom,jrc211118_Phantom19F,,Bruker BioSpec 7T,1556,DICOM regenerated by Dicomifier 2.5.3 (+ gjesus3 workarounds) from the ParaVision 2dseq before ingest,"phantom study (phantom / QC, Q2); phantom / QC study (Q2): no project, as July's jrc phantoms; MRI platform archive backup_7T_olddata_260824/2021_pv6/20211118_155624_jrc211118_Phantom19F_1_1.tar.gz (SHA-1 c6f5eaed44618f513b2edb4e121086790b0c0158); DICOM regenerated by Dicomifier 2.5.3 (+ gjesus3 workarounds) from the ParaVision 2dseq before ingest; operator pending claim (historical MRI, STATUS 0.5 Hold)"
20211118_155624_jrc211118_Phantom19F_1_1/61,"2021-11-18T23:02:56,516+0100",visu_pars.VisuCreationDate,,,jrc211118_Phantom19F,phantom,jrc211118_Phantom19F,,Bruker BioSpec 7T,1556,DICOM regenerated by Dicomifier 2.5.3 (+ gjesus3 workarounds) from the ParaVision 2dseq before ingest,"phantom study (phantom / QC, Q2); phantom / QC study (Q2): no project, as July's jrc phantoms; MRI platform archive backup_7T_olddata_260824/2021_pv6/20211118_155624_jrc211118_Phantom19F_1_1.tar.gz (SHA-1 c6f5eaed44618f513b2edb4e121086790b0c0158); DICOM regenerated by Dicomifier 2.5.3 (+ gjesus3 workarounds) from the ParaVision 2dseq before ingest; operator pending claim (historical MRI, STATUS 0.5 Hold)"
20211118_155624_jrc211118_Phantom19F_1_1/62,"2021-11-19T08:41:22,876+0100",visu_pars.VisuCreationDate,,,jrc211118_Phantom19F,phantom,jrc211118_Phantom19F,,Bruker BioSpec 7T,1556,DICOM regenerated by Dicomifier 2.5.3 (+ gjesus3 workarounds) from the ParaVision 2dseq before ingest,"phantom study (phantom / QC, Q2); phantom / QC study (Q2): no project, as July's jrc phantoms; MRI platform archive backup_7T_olddata_260824/2021_pv6/20211118_155624_jrc211118_Phantom19F_1_1.tar.gz (SHA-1 c6f5eaed44618f513b2edb4e121086790b0c0158); DICOM regenerated by Dicomifier 2.5.3 (+ gjesus3 workarounds) from the ParaVision 2dseq before ingest; operator pending claim (historical MRI, STATUS 0.5 Hold)"
20211118_155624_jrc211118_Phantom19F_1_1/63,"2021-11-19T08:59:12,722+0100",visu_pars.VisuCreationDate,,,jrc211118_Phantom19F,phantom,jrc211118_Phantom19F,,Bruker BioSpec 7T,1556,DICOM regenerated by Dicomifier 2.5.3 (+ gjesus3 workarounds) from the ParaVision 2dseq before ingest,"phantom study (phantom / QC, Q2); phantom / QC study (Q2): no project, as July's jrc phantoms; MRI platform archive backup_7T_olddata_260824/2021_pv6/20211118_155624_jrc211118_Phantom19F_1_1.tar.gz (SHA-1 c6f5eaed44618f513b2edb4e121086790b0c0158); DICOM regenerated by Dicomifier 2.5.3 (+ gjesus3 workarounds) from the ParaVision 2dseq before ingest; operator pending claim (historical MRI, STATUS 0.5 Hold)"
20211118_155624_jrc211118_Phantom19F_1_1/64,"2021-11-19T09:12:00,236+0100",visu_pars.VisuCreationDate,,,jrc211118_Phantom19F,phantom,jrc211118_Phantom19F,,Bruker BioSpec 7T,1556,DICOM regenerated by Dicomifier 2.5.3 (+ gjesus3 workarounds) from the ParaVision 2dseq before ingest,"phantom study (phantom / QC, Q2); phantom / QC study (Q2): no project, as July's jrc phantoms; MRI platform archive backup_7T_olddata_260824/2021_pv6/20211118_155624_jrc211118_Phantom19F_1_1.tar.gz (SHA-1 c6f5eaed44618f513b2edb4e121086790b0c0158); DICOM regenerated by Dicomifier 2.5.3 (+ gjesus3 workarounds) from the ParaVision 2dseq before ingest; operator pending claim (historical MRI, STATUS 0.5 Hold)"
20211118_155624_jrc211118_Phantom19F_1_1/65,"2021-11-19T09:25:24,412+0100",visu_pars.VisuCreationDate,,,jrc211118_Phantom19F,phantom,jrc211118_Phantom19F,,Bruker BioSpec 7T,1556,DICOM regenerated by Dicomifier 2.5.3 (+ gjesus3 workarounds) from the ParaVision 2dseq before ingest,"phantom study (phantom / QC, Q2); phantom / QC study (Q2): no project, as July's jrc phantoms; MRI platform archive backup_7T_olddata_260824/2021_pv6/20211118_155624_jrc211118_Phantom19F_1_1.tar.gz (SHA-1 c6f5eaed44618f513b2edb4e121086790b0c0158); DICOM regenerated by Dicomifier 2.5.3 (+ gjesus3 workarounds) from the ParaVision 2dseq before ingest; operator pending claim (historical MRI, STATUS 0.5 Hold)"
20211118_155624_jrc211118_Phantom19F_1_1/66,"2021-11-19T09:32:32,627+0100",visu_pars.VisuCreationDate,,,jrc211118_Phantom19F,phantom,jrc211118_Phantom19F,,Bruker BioSpec 7T,1556,DICOM regenerated by Dicomifier 2.5.3 (+ gjesus3 workarounds) from the ParaVision 2dseq before ingest,"phantom study (phantom / QC, Q2); phantom / QC study (Q2): no project, as July's jrc phantoms; MRI platform archive backup_7T_olddata_260824/2021_pv6/20211118_155624_jrc211118_Phantom19F_1_1.tar.gz (SHA-1 c6f5eaed44618f513b2edb4e121086790b0c0158); DICOM regenerated by Dicomifier 2.5.3 (+ gjesus3 workarounds) from the ParaVision 2dseq before ingest; operator pending claim (historical MRI, STATUS 0.5 Hold)"
20211118_155624_jrc211118_Phantom19F_1_1/67,"2021-11-19T09:46:26,409+0100",visu_pars.VisuCreationDate,,,jrc211118_Phantom19F,phantom,jrc211118_Phantom19F,,Bruker BioSpec 7T,1556,DICOM regenerated by Dicomifier 2.5.3 (+ gjesus3 workarounds) from the ParaVision 2dseq before ingest,"phantom study (phantom / QC, Q2); phantom / QC study (Q2): no project, as July's jrc phantoms; MRI platform archive backup_7T_olddata_260824/2021_pv6/20211118_155624_jrc211118_Phantom19F_1_1.tar.gz (SHA-1 c6f5eaed44618f513b2edb4e121086790b0c0158); DICOM regenerated by Dicomifier 2.5.3 (+ gjesus3 workarounds) from the ParaVision 2dseq before ingest; operator pending claim (historical MRI, STATUS 0.5 Hold)"
20211119_092909_jrc211119_phantom19F_1_1/1,"2021-11-19T10:33:36,732+0100",visu_pars.VisuCreationDate,,,jrc211119_phantom19F,phantom,jrc211119_phantom19F,,Bruker BioSpec 7T,0929,DICOM regenerated by Dicomifier 2.5.3 (+ gjesus3 workarounds) from the ParaVision 2dseq before ingest,"phantom study (phantom / QC, Q2); phantom / QC study (Q2): no project, as July's jrc phantoms; MRI platform archive backup_7T_olddata_260824/2021_pv6/20211119_092909_jrc211119_phantom19F_1_1.tar.gz (SHA-1 a7127eef91022abadadf994d76d861495fb2766c); DICOM regenerated by Dicomifier 2.5.3 (+ gjesus3 workarounds) from the ParaVision 2dseq before ingest; operator pending claim (historical MRI, STATUS 0.5 Hold)"
20211119_092909_jrc211119_phantom19F_1_1/3,"2021-11-19T10:39:52,688+0100",visu_pars.VisuCreationDate,,,jrc211119_phantom19F,phantom,jrc211119_phantom19F,,Bruker BioSpec 7T,0929,DICOM regenerated by Dicomifier 2.5.3 (+ gjesus3 workarounds) from the ParaVision 2dseq before ingest,"phantom study (phantom / QC, Q2); phantom / QC study (Q2): no project, as July's jrc phantoms; MRI platform archive backup_7T_olddata_260824/2021_pv6/20211119_092909_jrc211119_phantom19F_1_1.tar.gz (SHA-1 a7127eef91022abadadf994d76d861495fb2766c); DICOM regenerated by Dicomifier 2.5.3 (+ gjesus3 workarounds) from the ParaVision 2dseq before ingest; operator pending claim (historical MRI, STATUS 0.5 Hold)"
20211119_092909_jrc211119_phantom19F_1_1/4,"2021-11-19T10:45:44,538+0100",visu_pars.VisuCreationDate,,,jrc211119_phantom19F,phantom,jrc211119_phantom19F,,Bruker BioSpec 7T,0929,DICOM regenerated by Dicomifier 2.5.3 (+ gjesus3 workarounds) from the ParaVision 2dseq before ingest,"phantom study (phantom / QC, Q2); phantom / QC study (Q2): no project, as July's jrc phantoms; MRI platform archive backup_7T_olddata_260824/2021_pv6/20211119_092909_jrc211119_phantom19F_1_1.tar.gz (SHA-1 a7127eef91022abadadf994d76d861495fb2766c); DICOM regenerated by Dicomifier 2.5.3 (+ gjesus3 workarounds) from the ParaVision 2dseq before ingest; operator pending claim (historical MRI, STATUS 0.5 Hold)"
20211119_092909_jrc211119_phantom19F_1_1/5,"2021-11-19T10:57:33,826+0100",visu_pars.VisuCreationDate,,,jrc211119_phantom19F,phantom,jrc211119_phantom19F,,Bruker BioSpec 7T,0929,DICOM regenerated by Dicomifier 2.5.3 (+ gjesus3 workarounds) from the ParaVision 2dseq before ingest,"phantom study (phantom / QC, Q2); phantom / QC study (Q2): no project, as July's jrc phantoms; MRI platform archive backup_7T_olddata_260824/2021_pv6/20211119_092909_jrc211119_phantom19F_1_1.tar.gz (SHA-1 a7127eef91022abadadf994d76d861495fb2766c); DICOM regenerated by Dicomifier 2.5.3 (+ gjesus3 workarounds) from the ParaVision 2dseq before ingest; operator pending claim (historical MRI, STATUS 0.5 Hold)"
20211119_092909_jrc211119_phantom19F_1_1/6,"2021-11-19T11:09:11,401+0100",visu_pars.VisuCreationDate,,,jrc211119_phantom19F,phantom,jrc211119_phantom19F,,Bruker BioSpec 7T,0929,DICOM regenerated by Dicomifier 2.5.3 (+ gjesus3 workarounds) from the ParaVision 2dseq before ingest,"phantom study (phantom / QC, Q2); phantom / QC study (Q2): no project, as July's jrc phantoms; MRI platform archive backup_7T_olddata_260824/2021_pv6/20211119_092909_jrc211119_phantom19F_1_1.tar.gz (SHA-1 a7127eef91022abadadf994d76d861495fb2766c); DICOM regenerated by Dicomifier 2.5.3 (+ gjesus3 workarounds) from the ParaVision 2dseq before ingest; operator pending claim (historical MRI, STATUS 0.5 Hold)"
20211119_092909_jrc211119_phantom19F_1_1/7,"2021-11-19T11:20:16,416+0100",visu_pars.VisuCreationDate,,,jrc211119_phantom19F,phantom,jrc211119_phantom19F,,Bruker BioSpec 7T,0929,DICOM regenerated by Dicomifier 2.5.3 (+ gjesus3 workarounds) from the ParaVision 2dseq before ingest,"phantom study (phantom / QC, Q2); phantom / QC study (Q2): no project, as July's jrc phantoms; MRI platform archive backup_7T_olddata_260824/2021_pv6/20211119_092909_jrc211119_phantom19F_1_1.tar.gz (SHA-1 a7127eef91022abadadf994d76d861495fb2766c); DICOM regenerated by Dicomifier 2.5.3 (+ gjesus3 workarounds) from the ParaVision 2dseq before ingest; operator pending claim (historical MRI, STATUS 0.5 Hold)"
20211119_092909_jrc211119_phantom19F_1_1/8,"2021-11-19T11:31:15,041+0100",visu_pars.VisuCreationDate,,,jrc211119_phantom19F,phantom,jrc211119_phantom19F,,Bruker BioSpec 7T,0929,DICOM regenerated by Dicomifier 2.5.3 (+ gjesus3 workarounds) from the ParaVision 2dseq before ingest,"phantom study (phantom / QC, Q2); phantom / QC study (Q2): no project, as July's jrc phantoms; MRI platform archive backup_7T_olddata_260824/2021_pv6/20211119_092909_jrc211119_phantom19F_1_1.tar.gz (SHA-1 a7127eef91022abadadf994d76d861495fb2766c); DICOM regenerated by Dicomifier 2.5.3 (+ gjesus3 workarounds) from the ParaVision 2dseq before ingest; operator pending claim (historical MRI, STATUS 0.5 Hold)"
20211119_092909_jrc211119_phantom19F_1_1/9,"2021-11-19T11:42:11,229+0100",visu_pars.VisuCreationDate,,,jrc211119_phantom19F,phantom,jrc211119_phantom19F,,Bruker BioSpec 7T,0929,DICOM regenerated by Dicomifier 2.5.3 (+ gjesus3 workarounds) from the ParaVision 2dseq before ingest,"phantom study (phantom / QC, Q2); phantom / QC study (Q2): no project, as July's jrc phantoms; MRI platform archive backup_7T_olddata_260824/2021_pv6/20211119_092909_jrc211119_phantom19F_1_1.tar.gz (SHA-1 a7127eef91022abadadf994d76d861495fb2766c); DICOM regenerated by Dicomifier 2.5.3 (+ gjesus3 workarounds) from the ParaVision 2dseq before ingest; operator pending claim (historical MRI, STATUS 0.5 Hold)"
20211119_092909_jrc211119_phantom19F_1_1/10,"2021-11-19T11:49:10,221+0100",visu_pars.VisuCreationDate,,,jrc211119_phantom19F,phantom,jrc211119_phantom19F,,Bruker BioSpec 7T,0929,DICOM regenerated by Dicomifier 2.5.3 (+ gjesus3 workarounds) from the ParaVision 2dseq before ingest,"phantom study (phantom / QC, Q2); phantom / QC study (Q2): no project, as July's jrc phantoms; MRI platform archive backup_7T_olddata_260824/2021_pv6/20211119_092909_jrc211119_phantom19F_1_1.tar.gz (SHA-1 a7127eef91022abadadf994d76d861495fb2766c); DICOM regenerated by Dicomifier 2.5.3 (+ gjesus3 workarounds) from the ParaVision 2dseq before ingest; operator pending claim (historical MRI, STATUS 0.5 Hold)"
20211119_092909_jrc211119_phantom19F_1_1/11,"2021-11-19T12:01:03,223+0100",visu_pars.VisuCreationDate,,,jrc211119_phantom19F,phantom,jrc211119_phantom19F,,Bruker BioSpec 7T,0929,DICOM regenerated by Dicomifier 2.5.3 (+ gjesus3 workarounds) from the ParaVision 2dseq before ingest,"phantom study (phantom / QC, Q2); phantom / QC study (Q2): no project, as July's jrc phantoms; MRI platform archive backup_7T_olddata_260824/2021_pv6/20211119_092909_jrc211119_phantom19F_1_1.tar.gz (SHA-1 a7127eef91022abadadf994d76d861495fb2766c); DICOM regenerated by Dicomifier 2.5.3 (+ gjesus3 workarounds) from the ParaVision 2dseq before ingest; operator pending claim (historical MRI, STATUS 0.5 Hold)"
20211119_092909_jrc211119_phantom19F_1_1/12,"2021-11-19T12:10:41,593+0100",visu_pars.VisuCreationDate,,,jrc211119_phantom19F,phantom,jrc211119_phantom19F,,Bruker BioSpec 7T,0929,DICOM regenerated by Dicomifier 2.5.3 (+ gjesus3 workarounds) from the ParaVision 2dseq before ingest,"phantom study (phantom / QC, Q2); phantom / QC study (Q2): no project, as July's jrc phantoms; MRI platform archive backup_7T_olddata_260824/2021_pv6/20211119_092909_jrc211119_phantom19F_1_1.tar.gz (SHA-1 a7127eef91022abadadf994d76d861495fb2766c); DICOM regenerated by Dicomifier 2.5.3 (+ gjesus3 workarounds) from the ParaVision 2dseq before ingest; operator pending claim (historical MRI, STATUS 0.5 Hold)"
20211119_092909_jrc211119_phantom19F_1_1/13,"2021-11-19T12:23:53,028+0100",visu_pars.VisuCreationDate,,,jrc211119_phantom19F,phantom,jrc211119_phantom19F,,Bruker BioSpec 7T,0929,DICOM regenerated by Dicomifier 2.5.3 (+ gjesus3 workarounds) from the ParaVision 2dseq before ingest,"phantom study (phantom / QC, Q2); phantom / QC study (Q2): no project, as July's jrc phantoms; MRI platform archive backup_7T_olddata_260824/2021_pv6/20211119_092909_jrc211119_phantom19F_1_1.tar.gz (SHA-1 a7127eef91022abadadf994d76d861495fb2766c); DICOM regenerated by Dicomifier 2.5.3 (+ gjesus3 workarounds) from the ParaVision 2dseq before ingest; operator pending claim (historical MRI, STATUS 0.5 Hold)"
20211119_092909_jrc211119_phantom19F_1_1/15,"2021-11-19T12:31:36,230+0100",visu_pars.VisuCreationDate,,,jrc211119_phantom19F,phantom,jrc211119_phantom19F,,Bruker BioSpec 7T,0929,DICOM regenerated by Dicomifier 2.5.3 (+ gjesus3 workarounds) from the ParaVision 2dseq before ingest,"phantom study (phantom / QC, Q2); phantom / QC study (Q2): no project, as July's jrc phantoms; MRI platform archive backup_7T_olddata_260824/2021_pv6/20211119_092909_jrc211119_phantom19F_1_1.tar.gz (SHA-1 a7127eef91022abadadf994d76d861495fb2766c); DICOM regenerated by Dicomifier 2.5.3 (+ gjesus3 workarounds) from the ParaVision 2dseq before ingest; operator pending claim (historical MRI, STATUS 0.5 Hold)"
20211119_092909_jrc211119_phantom19F_1_1/16,"2021-11-19T12:42:28,071+0100",visu_pars.VisuCreationDate,,,jrc211119_phantom19F,phantom,jrc211119_phantom19F,,Bruker BioSpec 7T,0929,DICOM regenerated by Dicomifier 2.5.3 (+ gjesus3 workarounds) from the ParaVision 2dseq before ingest,"phantom study (phantom / QC, Q2); phantom / QC study (Q2): no project, as July's jrc phantoms; MRI platform archive backup_7T_olddata_260824/2021_pv6/20211119_092909_jrc211119_phantom19F_1_1.tar.gz (SHA-1 a7127eef91022abadadf994d76d861495fb2766c); DICOM regenerated by Dicomifier 2.5.3 (+ gjesus3 workarounds) from the ParaVision 2dseq before ingest; operator pending claim (historical MRI, STATUS 0.5 Hold)"
20211119_092909_jrc211119_phantom19F_1_1/17,"2021-11-19T13:02:05,816+0100",visu_pars.VisuCreationDate,,,jrc211119_phantom19F,phantom,jrc211119_phantom19F,,Bruker BioSpec 7T,0929,DICOM regenerated by Dicomifier 2.5.3 (+ gjesus3 workarounds) from the ParaVision 2dseq before ingest,"phantom study (phantom / QC, Q2); phantom / QC study (Q2): no project, as July's jrc phantoms; MRI platform archive backup_7T_olddata_260824/2021_pv6/20211119_092909_jrc211119_phantom19F_1_1.tar.gz (SHA-1 a7127eef91022abadadf994d76d861495fb2766c); DICOM regenerated by Dicomifier 2.5.3 (+ gjesus3 workarounds) from the ParaVision 2dseq before ingest; operator pending claim (historical MRI, STATUS 0.5 Hold)"
20211119_092909_jrc211119_phantom19F_1_1/18,"2021-11-19T13:09:19,903+0100",visu_pars.VisuCreationDate,,,jrc211119_phantom19F,phantom,jrc211119_phantom19F,,Bruker BioSpec 7T,0929,DICOM regenerated by Dicomifier 2.5.3 (+ gjesus3 workarounds) from the ParaVision 2dseq before ingest,"phantom study (phantom / QC, Q2); phantom / QC study (Q2): no project, as July's jrc phantoms; MRI platform archive backup_7T_olddata_260824/2021_pv6/20211119_092909_jrc211119_phantom19F_1_1.tar.gz (SHA-1 a7127eef91022abadadf994d76d861495fb2766c); DICOM regenerated by Dicomifier 2.5.3 (+ gjesus3 workarounds) from the ParaVision 2dseq before ingest; operator pending claim (historical MRI, STATUS 0.5 Hold)"
20211119_092909_jrc211119_phantom19F_1_1/21,"2021-11-19T13:20:51,245+0100",visu_pars.VisuCreationDate,,,jrc211119_phantom19F,phantom,jrc211119_phantom19F,,Bruker BioSpec 7T,0929,DICOM regenerated by Dicomifier 2.5.3 (+ gjesus3 workarounds) from the ParaVision 2dseq before ingest,"phantom study (phantom / QC, Q2); phantom / QC study (Q2): no project, as July's jrc phantoms; MRI platform archive backup_7T_olddata_260824/2021_pv6/20211119_092909_jrc211119_phantom19F_1_1.tar.gz (SHA-1 a7127eef91022abadadf994d76d861495fb2766c); DICOM regenerated by Dicomifier 2.5.3 (+ gjesus3 workarounds) from the ParaVision 2dseq before ingest; operator pending claim (historical MRI, STATUS 0.5 Hold)"
20211119_092909_jrc211119_phantom19F_1_1/22,"2021-11-19T13:33:29,480+0100",visu_pars.VisuCreationDate,,,jrc211119_phantom19F,phantom,jrc211119_phantom19F,,Bruker BioSpec 7T,0929,DICOM regenerated by Dicomifier 2.5.3 (+ gjesus3 workarounds) from the ParaVision 2dseq before ingest,"phantom study (phantom / QC, Q2); phantom / QC study (Q2): no project, as July's jrc phantoms; MRI platform archive backup_7T_olddata_260824/2021_pv6/20211119_092909_jrc211119_phantom19F_1_1.tar.gz (SHA-1 a7127eef91022abadadf994d76d861495fb2766c); DICOM regenerated by Dicomifier 2.5.3 (+ gjesus3 workarounds) from the ParaVision 2dseq before ingest; operator pending claim (historical MRI, STATUS 0.5 Hold)"
20211119_092909_jrc211119_phantom19F_1_1/23,"2021-11-19T13:45:00,422+0100",visu_pars.VisuCreationDate,,,jrc211119_phantom19F,phantom,jrc211119_phantom19F,,Bruker BioSpec 7T,0929,DICOM regenerated by Dicomifier 2.5.3 (+ gjesus3 workarounds) from the ParaVision 2dseq before ingest,"phantom study (phantom / QC, Q2); phantom / QC study (Q2): no project, as July's jrc phantoms; MRI platform archive backup_7T_olddata_260824/2021_pv6/20211119_092909_jrc211119_phantom19F_1_1.tar.gz (SHA-1 a7127eef91022abadadf994d76d861495fb2766c); DICOM regenerated by Dicomifier 2.5.3 (+ gjesus3 workarounds) from the ParaVision 2dseq before ingest; operator pending claim (historical MRI, STATUS 0.5 Hold)"
20211119_092909_jrc211119_phantom19F_1_1/24,"2021-11-19T14:00:57,464+0100",visu_pars.VisuCreationDate,,,jrc211119_phantom19F,phantom,jrc211119_phantom19F,,Bruker BioSpec 7T,0929,DICOM regenerated by Dicomifier 2.5.3 (+ gjesus3 workarounds) from the ParaVision 2dseq before ingest,"phantom study (phantom / QC, Q2); phantom / QC study (Q2): no project, as July's jrc phantoms; MRI platform archive backup_7T_olddata_260824/2021_pv6/20211119_092909_jrc211119_phantom19F_1_1.tar.gz (SHA-1 a7127eef91022abadadf994d76d861495fb2766c); DICOM regenerated by Dicomifier 2.5.3 (+ gjesus3 workarounds) from the ParaVision 2dseq before ingest; operator pending claim (historical MRI, STATUS 0.5 Hold)"
20211119_092909_jrc211119_phantom19F_1_1/26,"2021-11-19T14:07:29,861+0100",visu_pars.VisuCreationDate,,,jrc211119_phantom19F,phantom,jrc211119_phantom19F,,Bruker BioSpec 7T,0929,DICOM regenerated by Dicomifier 2.5.3 (+ gjesus3 workarounds) from the ParaVision 2dseq before ingest,"phantom study (phantom / QC, Q2); phantom / QC study (Q2): no project, as July's jrc phantoms; MRI platform archive backup_7T_olddata_260824/2021_pv6/20211119_092909_jrc211119_phantom19F_1_1.tar.gz (SHA-1 a7127eef91022abadadf994d76d861495fb2766c); DICOM regenerated by Dicomifier 2.5.3 (+ gjesus3 workarounds) from the ParaVision 2dseq before ingest; operator pending claim (historical MRI, STATUS 0.5 Hold)"
20211119_092909_jrc211119_phantom19F_1_1/27,"2021-11-19T14:20:27,111+0100",visu_pars.VisuCreationDate,,,jrc211119_phantom19F,phantom,jrc211119_phantom19F,,Bruker BioSpec 7T,0929,DICOM regenerated by Dicomifier 2.5.3 (+ gjesus3 workarounds) from the ParaVision 2dseq before ingest,"phantom study (phantom / QC, Q2); phantom / QC study (Q2): no project, as July's jrc phantoms; MRI platform archive backup_7T_olddata_260824/2021_pv6/20211119_092909_jrc211119_phantom19F_1_1.tar.gz (SHA-1 a7127eef91022abadadf994d76d861495fb2766c); DICOM regenerated by Dicomifier 2.5.3 (+ gjesus3 workarounds) from the ParaVision 2dseq before ingest; operator pending claim (historical MRI, STATUS 0.5 Hold)"
20211119_092909_jrc211119_phantom19F_1_1/29,"2021-11-19T14:27:00,442+0100",visu_pars.VisuCreationDate,,,jrc211119_phantom19F,phantom,jrc211119_phantom19F,,Bruker BioSpec 7T,0929,DICOM regenerated by Dicomifier 2.5.3 (+ gjesus3 workarounds) from the ParaVision 2dseq before ingest,"phantom study (phantom / QC, Q2); phantom / QC study (Q2): no project, as July's jrc phantoms; MRI platform archive backup_7T_olddata_260824/2021_pv6/20211119_092909_jrc211119_phantom19F_1_1.tar.gz (SHA-1 a7127eef91022abadadf994d76d861495fb2766c); DICOM regenerated by Dicomifier 2.5.3 (+ gjesus3 workarounds) from the ParaVision 2dseq before ingest; operator pending claim (historical MRI, STATUS 0.5 Hold)"
20211119_092909_jrc211119_phantom19F_1_1/30,"2021-11-19T14:39:58,627+0100",visu_pars.VisuCreationDate,,,jrc211119_phantom19F,phantom,jrc211119_phantom19F,,Bruker BioSpec 7T,0929,DICOM regenerated by Dicomifier 2.5.3 (+ gjesus3 workarounds) from the ParaVision 2dseq before ingest,"phantom study (phantom / QC, Q2); phantom / QC study (Q2): no project, as July's jrc phantoms; MRI platform archive backup_7T_olddata_260824/2021_pv6/20211119_092909_jrc211119_phantom19F_1_1.tar.gz (SHA-1 a7127eef91022abadadf994d76d861495fb2766c); DICOM regenerated by Dicomifier 2.5.3 (+ gjesus3 workarounds) from the ParaVision 2dseq before ingest; operator pending claim (historical MRI, STATUS 0.5 Hold)"
20211119_092909_jrc211119_phantom19F_1_1/31,"2021-11-19T14:46:31,350+0100",visu_pars.VisuCreationDate,,,jrc211119_phantom19F,phantom,jrc211119_phantom19F,,Bruker BioSpec 7T,0929,DICOM regenerated by Dicomifier 2.5.3 (+ gjesus3 workarounds) from the ParaVision 2dseq before ingest,"phantom study (phantom / QC, Q2); phantom / QC study (Q2): no project, as July's jrc phantoms; MRI platform archive backup_7T_olddata_260824/2021_pv6/20211119_092909_jrc211119_phantom19F_1_1.tar.gz (SHA-1 a7127eef91022abadadf994d76d861495fb2766c); DICOM regenerated by Dicomifier 2.5.3 (+ gjesus3 workarounds) from the ParaVision 2dseq before ingest; operator pending claim (historical MRI, STATUS 0.5 Hold)"
20211119_092909_jrc211119_phantom19F_1_1/32,"2021-11-19T14:59:29,633+0100",visu_pars.VisuCreationDate,,,jrc211119_phantom19F,phantom,jrc211119_phantom19F,,Bruker BioSpec 7T,0929,DICOM regenerated by Dicomifier 2.5.3 (+ gjesus3 workarounds) from the ParaVision 2dseq before ingest,"phantom study (phantom / QC, Q2); phantom / QC study (Q2): no project, as July's jrc phantoms; MRI platform archive backup_7T_olddata_260824/2021_pv6/20211119_092909_jrc211119_phantom19F_1_1.tar.gz (SHA-1 a7127eef91022abadadf994d76d861495fb2766c); DICOM regenerated by Dicomifier 2.5.3 (+ gjesus3 workarounds) from the ParaVision 2dseq before ingest; operator pending claim (historical MRI, STATUS 0.5 Hold)"
20211119_092909_jrc211119_phantom19F_1_1/34,"2021-11-19T15:12:03,595+0100",visu_pars.VisuCreationDate,,,jrc211119_phantom19F,phantom,jrc211119_phantom19F,,Bruker BioSpec 7T,0929,DICOM regenerated by Dicomifier 2.5.3 (+ gjesus3 workarounds) from the ParaVision 2dseq before ingest,"phantom study (phantom / QC, Q2); phantom / QC study (Q2): no project, as July's jrc phantoms; MRI platform archive backup_7T_olddata_260824/2021_pv6/20211119_092909_jrc211119_phantom19F_1_1.tar.gz (SHA-1 a7127eef91022abadadf994d76d861495fb2766c); DICOM regenerated by Dicomifier 2.5.3 (+ gjesus3 workarounds) from the ParaVision 2dseq before ingest; operator pending claim (historical MRI, STATUS 0.5 Hold)"
20211119_092909_jrc211119_phantom19F_1_1/35,"2021-11-19T15:25:00,635+0100",visu_pars.VisuCreationDate,,,jrc211119_phantom19F,phantom,jrc211119_phantom19F,,Bruker BioSpec 7T,0929,DICOM regenerated by Dicomifier 2.5.3 (+ gjesus3 workarounds) from the ParaVision 2dseq before ingest,"phantom study (phantom / QC, Q2); phantom / QC study (Q2): no project, as July's jrc phantoms; MRI platform archive backup_7T_olddata_260824/2021_pv6/20211119_092909_jrc211119_phantom19F_1_1.tar.gz (SHA-1 a7127eef91022abadadf994d76d861495fb2766c); DICOM regenerated by Dicomifier 2.5.3 (+ gjesus3 workarounds) from the ParaVision 2dseq before ingest; operator pending claim (historical MRI, STATUS 0.5 Hold)"
20211119_092909_jrc211119_phantom19F_1_1/36,"2021-11-19T15:31:32,675+0100",visu_pars.VisuCreationDate,,,jrc211119_phantom19F,phantom,jrc211119_phantom19F,,Bruker BioSpec 7T,0929,DICOM regenerated by Dicomifier 2.5.3 (+ gjesus3 workarounds) from the ParaVision 2dseq before ingest,"phantom study (phantom / QC, Q2); phantom / QC study (Q2): no project, as July's jrc phantoms; MRI platform archive backup_7T_olddata_260824/2021_pv6/20211119_092909_jrc211119_phantom19F_1_1.tar.gz (SHA-1 a7127eef91022abadadf994d76d861495fb2766c); DICOM regenerated by Dicomifier 2.5.3 (+ gjesus3 workarounds) from the ParaVision 2dseq before ingest; operator pending claim (historical MRI, STATUS 0.5 Hold)"
20211119_092909_jrc211119_phantom19F_1_1/37,"2021-11-19T15:44:30,029+0100",visu_pars.VisuCreationDate,,,jrc211119_phantom19F,phantom,jrc211119_phantom19F,,Bruker BioSpec 7T,0929,DICOM regenerated by Dicomifier 2.5.3 (+ gjesus3 workarounds) from the ParaVision 2dseq before ingest,"phantom study (phantom / QC, Q2); phantom / QC study (Q2): no project, as July's jrc phantoms; MRI platform archive backup_7T_olddata_260824/2021_pv6/20211119_092909_jrc211119_phantom19F_1_1.tar.gz (SHA-1 a7127eef91022abadadf994d76d861495fb2766c); DICOM regenerated by Dicomifier 2.5.3 (+ gjesus3 workarounds) from the ParaVision 2dseq before ingest; operator pending claim (historical MRI, STATUS 0.5 Hold)"
20211119_092909_jrc211119_phantom19F_1_1/38,"2021-11-19T15:51:03,385+0100",visu_pars.VisuCreationDate,,,jrc211119_phantom19F,phantom,jrc211119_phantom19F,,Bruker BioSpec 7T,0929,DICOM regenerated by Dicomifier 2.5.3 (+ gjesus3 workarounds) from the ParaVision 2dseq before ingest,"phantom study (phantom / QC, Q2); phantom / QC study (Q2): no project, as July's jrc phantoms; MRI platform archive backup_7T_olddata_260824/2021_pv6/20211119_092909_jrc211119_phantom19F_1_1.tar.gz (SHA-1 a7127eef91022abadadf994d76d861495fb2766c); DICOM regenerated by Dicomifier 2.5.3 (+ gjesus3 workarounds) from the ParaVision 2dseq before ingest; operator pending claim (historical MRI, STATUS 0.5 Hold)"
20211119_092909_jrc211119_phantom19F_1_1/39,"2021-11-19T16:04:01,802+0100",visu_pars.VisuCreationDate,,,jrc211119_phantom19F,phantom,jrc211119_phantom19F,,Bruker BioSpec 7T,0929,DICOM regenerated by Dicomifier 2.5.3 (+ gjesus3 workarounds) from the ParaVision 2dseq before ingest,"phantom study (phantom / QC, Q2); phantom / QC study (Q2): no project, as July's jrc phantoms; MRI platform archive backup_7T_olddata_260824/2021_pv6/20211119_092909_jrc211119_phantom19F_1_1.tar.gz (SHA-1 a7127eef91022abadadf994d76d861495fb2766c); DICOM regenerated by Dicomifier 2.5.3 (+ gjesus3 workarounds) from the ParaVision 2dseq before ingest; operator pending claim (historical MRI, STATUS 0.5 Hold)"
20211119_092909_jrc211119_phantom19F_1_1/41,"2021-11-19T16:30:41,649+0100",visu_pars.VisuCreationDate,,,jrc211119_phantom19F,phantom,jrc211119_phantom19F,,Bruker BioSpec 7T,0929,DICOM regenerated by Dicomifier 2.5.3 (+ gjesus3 workarounds) from the ParaVision 2dseq before ingest,"phantom study (phantom / QC, Q2); phantom / QC study (Q2): no project, as July's jrc phantoms; MRI platform archive backup_7T_olddata_260824/2021_pv6/20211119_092909_jrc211119_phantom19F_1_1.tar.gz (SHA-1 a7127eef91022abadadf994d76d861495fb2766c); DICOM regenerated by Dicomifier 2.5.3 (+ gjesus3 workarounds) from the ParaVision 2dseq before ingest; operator pending claim (historical MRI, STATUS 0.5 Hold)"
20211119_092909_jrc211119_phantom19F_1_1/42,"2021-11-19T16:17:43,430+0100",visu_pars.VisuCreationDate,,,jrc211119_phantom19F,phantom,jrc211119_phantom19F,,Bruker BioSpec 7T,0929,DICOM regenerated by Dicomifier 2.5.3 (+ gjesus3 workarounds) from the ParaVision 2dseq before ingest,"phantom study (phantom / QC, Q2); phantom / QC study (Q2): no project, as July's jrc phantoms; MRI platform archive backup_7T_olddata_260824/2021_pv6/20211119_092909_jrc211119_phantom19F_1_1.tar.gz (SHA-1 a7127eef91022abadadf994d76d861495fb2766c); DICOM regenerated by Dicomifier 2.5.3 (+ gjesus3 workarounds) from the ParaVision 2dseq before ingest; operator pending claim (historical MRI, STATUS 0.5 Hold)"
20211119_092909_jrc211119_phantom19F_1_1/43,"2021-11-19T16:48:37,900+0100",visu_pars.VisuCreationDate,,,jrc211119_phantom19F,phantom,jrc211119_phantom19F,,Bruker BioSpec 7T,0929,DICOM regenerated by Dicomifier 2.5.3 (+ gjesus3 workarounds) from the ParaVision 2dseq before ingest,"phantom study (phantom / QC, Q2); phantom / QC study (Q2): no project, as July's jrc phantoms; MRI platform archive backup_7T_olddata_260824/2021_pv6/20211119_092909_jrc211119_phantom19F_1_1.tar.gz (SHA-1 a7127eef91022abadadf994d76d861495fb2766c); DICOM regenerated by Dicomifier 2.5.3 (+ gjesus3 workarounds) from the ParaVision 2dseq before ingest; operator pending claim (historical MRI, STATUS 0.5 Hold)"
20211119_092909_jrc211119_phantom19F_1_1/44,"2021-11-19T16:57:53,673+0100",visu_pars.VisuCreationDate,,,jrc211119_phantom19F,phantom,jrc211119_phantom19F,,Bruker BioSpec 7T,0929,DICOM regenerated by Dicomifier 2.5.3 (+ gjesus3 workarounds) from the ParaVision 2dseq before ingest,"phantom study (phantom / QC, Q2); phantom / QC study (Q2): no project, as July's jrc phantoms; MRI platform archive backup_7T_olddata_260824/2021_pv6/20211119_092909_jrc211119_phantom19F_1_1.tar.gz (SHA-1 a7127eef91022abadadf994d76d861495fb2766c); DICOM regenerated by Dicomifier 2.5.3 (+ gjesus3 workarounds) from the ParaVision 2dseq before ingest; operator pending claim (historical MRI, STATUS 0.5 Hold)"
20211119_092909_jrc211119_phantom19F_1_1/45,"2021-11-19T17:11:37,959+0100",visu_pars.VisuCreationDate,,,jrc211119_phantom19F,phantom,jrc211119_phantom19F,,Bruker BioSpec 7T,0929,DICOM regenerated by Dicomifier 2.5.3 (+ gjesus3 workarounds) from the ParaVision 2dseq before ingest,"phantom study (phantom / QC, Q2); phantom / QC study (Q2): no project, as July's jrc phantoms; MRI platform archive backup_7T_olddata_260824/2021_pv6/20211119_092909_jrc211119_phantom19F_1_1.tar.gz (SHA-1 a7127eef91022abadadf994d76d861495fb2766c); DICOM regenerated by Dicomifier 2.5.3 (+ gjesus3 workarounds) from the ParaVision 2dseq before ingest; operator pending claim (historical MRI, STATUS 0.5 Hold)"
20211119_092909_jrc211119_phantom19F_1_1/46,"2021-11-19T17:25:44,052+0100",visu_pars.VisuCreationDate,,,jrc211119_phantom19F,phantom,jrc211119_phantom19F,,Bruker BioSpec 7T,0929,DICOM regenerated by Dicomifier 2.5.3 (+ gjesus3 workarounds) from the ParaVision 2dseq before ingest,"phantom study (phantom / QC, Q2); phantom / QC study (Q2): no project, as July's jrc phantoms; MRI platform archive backup_7T_olddata_260824/2021_pv6/20211119_092909_jrc211119_phantom19F_1_1.tar.gz (SHA-1 a7127eef91022abadadf994d76d861495fb2766c); DICOM regenerated by Dicomifier 2.5.3 (+ gjesus3 workarounds) from the ParaVision 2dseq before ingest; operator pending claim (historical MRI, STATUS 0.5 Hold)"
20211119_092909_jrc211119_phantom19F_1_1/47,"2021-11-19T17:42:05,785+0100",visu_pars.VisuCreationDate,,,jrc211119_phantom19F,phantom,jrc211119_phantom19F,,Bruker BioSpec 7T,0929,DICOM regenerated by Dicomifier 2.5.3 (+ gjesus3 workarounds) from the ParaVision 2dseq before ingest,"phantom study (phantom / QC, Q2); phantom / QC study (Q2): no project, as July's jrc phantoms; MRI platform archive backup_7T_olddata_260824/2021_pv6/20211119_092909_jrc211119_phantom19F_1_1.tar.gz (SHA-1 a7127eef91022abadadf994d76d861495fb2766c); DICOM regenerated by Dicomifier 2.5.3 (+ gjesus3 workarounds) from the ParaVision 2dseq before ingest; operator pending claim (historical MRI, STATUS 0.5 Hold)"
20211119_092909_jrc211119_phantom19F_1_1/48,"2021-11-19T17:56:22,755+0100",visu_pars.VisuCreationDate,,,jrc211119_phantom19F,phantom,jrc211119_phantom19F,,Bruker BioSpec 7T,0929,DICOM regenerated by Dicomifier 2.5.3 (+ gjesus3 workarounds) from the ParaVision 2dseq before ingest,"phantom study (phantom / QC, Q2); phantom / QC study (Q2): no project, as July's jrc phantoms; MRI platform archive backup_7T_olddata_260824/2021_pv6/20211119_092909_jrc211119_phantom19F_1_1.tar.gz (SHA-1 a7127eef91022abadadf994d76d861495fb2766c); DICOM regenerated by Dicomifier 2.5.3 (+ gjesus3 workarounds) from the ParaVision 2dseq before ingest; operator pending claim (historical MRI, STATUS 0.5 Hold)"
20211119_092909_jrc211119_phantom19F_1_1/49,"2021-11-19T18:10:07,228+0100",visu_pars.VisuCreationDate,,,jrc211119_phantom19F,phantom,jrc211119_phantom19F,,Bruker BioSpec 7T,0929,DICOM regenerated by Dicomifier 2.5.3 (+ gjesus3 workarounds) from the ParaVision 2dseq before ingest,"phantom study (phantom / QC, Q2); phantom / QC study (Q2): no project, as July's jrc phantoms; MRI platform archive backup_7T_olddata_260824/2021_pv6/20211119_092909_jrc211119_phantom19F_1_1.tar.gz (SHA-1 a7127eef91022abadadf994d76d861495fb2766c); DICOM regenerated by Dicomifier 2.5.3 (+ gjesus3 workarounds) from the ParaVision 2dseq before ingest; operator pending claim (historical MRI, STATUS 0.5 Hold)"
20211119_092909_jrc211119_phantom19F_1_1/50,"2021-11-19T18:17:45,949+0100",visu_pars.VisuCreationDate,,,jrc211119_phantom19F,phantom,jrc211119_phantom19F,,Bruker BioSpec 7T,0929,DICOM regenerated by Dicomifier 2.5.3 (+ gjesus3 workarounds) from the ParaVision 2dseq before ingest,"phantom study (phantom / QC, Q2); phantom / QC study (Q2): no project, as July's jrc phantoms; MRI platform archive backup_7T_olddata_260824/2021_pv6/20211119_092909_jrc211119_phantom19F_1_1.tar.gz (SHA-1 a7127eef91022abadadf994d76d861495fb2766c); DICOM regenerated by Dicomifier 2.5.3 (+ gjesus3 workarounds) from the ParaVision 2dseq before ingest; operator pending claim (historical MRI, STATUS 0.5 Hold)"
20211119_092909_jrc211119_phantom19F_1_1/51,"2021-11-19T18:30:44,304+0100",visu_pars.VisuCreationDate,,,jrc211119_phantom19F,phantom,jrc211119_phantom19F,,Bruker BioSpec 7T,0929,DICOM regenerated by Dicomifier 2.5.3 (+ gjesus3 workarounds) from the ParaVision 2dseq before ingest,"phantom study (phantom / QC, Q2); phantom / QC study (Q2): no project, as July's jrc phantoms; MRI platform archive backup_7T_olddata_260824/2021_pv6/20211119_092909_jrc211119_phantom19F_1_1.tar.gz (SHA-1 a7127eef91022abadadf994d76d861495fb2766c); DICOM regenerated by Dicomifier 2.5.3 (+ gjesus3 workarounds) from the ParaVision 2dseq before ingest; operator pending claim (historical MRI, STATUS 0.5 Hold)"
20211119_092909_jrc211119_phantom19F_1_1/52,"2021-11-19T18:37:46,961+0100",visu_pars.VisuCreationDate,,,jrc211119_phantom19F,phantom,jrc211119_phantom19F,,Bruker BioSpec 7T,0929,DICOM regenerated by Dicomifier 2.5.3 (+ gjesus3 workarounds) from the ParaVision 2dseq before ingest,"phantom study (phantom / QC, Q2); phantom / QC study (Q2): no project, as July's jrc phantoms; MRI platform archive backup_7T_olddata_260824/2021_pv6/20211119_092909_jrc211119_phantom19F_1_1.tar.gz (SHA-1 a7127eef91022abadadf994d76d861495fb2766c); DICOM regenerated by Dicomifier 2.5.3 (+ gjesus3 workarounds) from the ParaVision 2dseq before ingest; operator pending claim (historical MRI, STATUS 0.5 Hold)"
20211119_092909_jrc211119_phantom19F_1_1/54,"2021-11-19T18:55:34,565+0100",visu_pars.VisuCreationDate,,,jrc211119_phantom19F,phantom,jrc211119_phantom19F,,Bruker BioSpec 7T,0929,DICOM regenerated by Dicomifier 2.5.3 (+ gjesus3 workarounds) from the ParaVision 2dseq before ingest,"phantom study (phantom / QC, Q2); phantom / QC study (Q2): no project, as July's jrc phantoms; MRI platform archive backup_7T_olddata_260824/2021_pv6/20211119_092909_jrc211119_phantom19F_1_1.tar.gz (SHA-1 a7127eef91022abadadf994d76d861495fb2766c); DICOM regenerated by Dicomifier 2.5.3 (+ gjesus3 workarounds) from the ParaVision 2dseq before ingest; operator pending claim (historical MRI, STATUS 0.5 Hold)"
20220217_141754_jrc220217_fantomFH_1_1/3,"2022-02-17T14:25:50,349+0100",visu_pars.VisuCreationDate,,,jrc220217_fantomFH,phantom,jrc220217_fantomFH,,Bruker BioSpec 7T,1417,DICOM regenerated by Dicomifier 2.5.3 (+ gjesus3 workarounds) from the ParaVision 2dseq before ingest,"phantom study (phantom / QC, Q2); phantom / QC study (Q2): no project, as July's jrc phantoms; MRI platform archive backup_7T_olddata_260824/2022_PV6_PV7/20220217_141754_jrc220217_fantomFH_1_1.tar.gz (SHA-1 d1aaf803ce725cfc936571e97861fd6eea7475e5); DICOM regenerated by Dicomifier 2.5.3 (+ gjesus3 workarounds) from the ParaVision 2dseq before ingest; operator pending claim (historical MRI, STATUS 0.5 Hold)"
20220217_141754_jrc220217_fantomFH_1_1/5,"2022-02-17T14:30:13,462+0100",visu_pars.VisuCreationDate,,,jrc220217_fantomFH,phantom,jrc220217_fantomFH,,Bruker BioSpec 7T,1417,DICOM regenerated by Dicomifier 2.5.3 (+ gjesus3 workarounds) from the ParaVision 2dseq before ingest,"phantom study (phantom / QC, Q2); phantom / QC study (Q2): no project, as July's jrc phantoms; MRI platform archive backup_7T_olddata_260824/2022_PV6_PV7/20220217_141754_jrc220217_fantomFH_1_1.tar.gz (SHA-1 d1aaf803ce725cfc936571e97861fd6eea7475e5); DICOM regenerated by Dicomifier 2.5.3 (+ gjesus3 workarounds) from the ParaVision 2dseq before ingest; operator pending claim (historical MRI, STATUS 0.5 Hold)"
20220217_141754_jrc220217_fantomFH_1_1/10,"2022-02-17T16:42:28,397+0100",visu_pars.VisuCreationDate,,,jrc220217_fantomFH,phantom,jrc220217_fantomFH,,Bruker BioSpec 7T,1417,DICOM regenerated by Dicomifier 2.5.3 (+ gjesus3 workarounds) from the ParaVision 2dseq before ingest,"phantom study (phantom / QC, Q2); phantom / QC study (Q2): no project, as July's jrc phantoms; MRI platform archive backup_7T_olddata_260824/2022_PV6_PV7/20220217_141754_jrc220217_fantomFH_1_1.tar.gz (SHA-1 d1aaf803ce725cfc936571e97861fd6eea7475e5); DICOM regenerated by Dicomifier 2.5.3 (+ gjesus3 workarounds) from the ParaVision 2dseq before ingest; operator pending claim (historical MRI, STATUS 0.5 Hold)"
20220217_141754_jrc220217_fantomFH_1_1/13,"2022-02-17T16:06:50,489+0100",visu_pars.VisuCreationDate,,,jrc220217_fantomFH,phantom,jrc220217_fantomFH,,Bruker BioSpec 7T,1417,DICOM regenerated by Dicomifier 2.5.3 (+ gjesus3 workarounds) from the ParaVision 2dseq before ingest,"phantom study (phantom / QC, Q2); phantom / QC study (Q2): no project, as July's jrc phantoms; MRI platform archive backup_7T_olddata_260824/2022_PV6_PV7/20220217_141754_jrc220217_fantomFH_1_1.tar.gz (SHA-1 d1aaf803ce725cfc936571e97861fd6eea7475e5); DICOM regenerated by Dicomifier 2.5.3 (+ gjesus3 workarounds) from the ParaVision 2dseq before ingest; operator pending claim (historical MRI, STATUS 0.5 Hold)"
20220217_164116_jrc220217_fantom2_1_1/6,"2022-02-17T17:01:00,627+0100",visu_pars.VisuCreationDate,,,jrc220217_fantom2,phantom,jrc220217_fantom2,,Bruker BioSpec 7T,1641,DICOM regenerated by Dicomifier 2.5.3 (+ gjesus3 workarounds) from the ParaVision 2dseq before ingest,"phantom study (phantom / QC, Q2); phantom / QC study (Q2): no project, as July's jrc phantoms; MRI platform archive backup_7T_olddata_260824/2022_PV6_PV7/20220217_164116_jrc220217_fantom2_1_1.tar.gz (SHA-1 b0e4a85408b62a1cf2253d12c6214622760264bf); DICOM regenerated by Dicomifier 2.5.3 (+ gjesus3 workarounds) from the ParaVision 2dseq before ingest; operator pending claim (historical MRI, STATUS 0.5 Hold)"
20220217_164116_jrc220217_fantom2_1_1/7,"2022-02-17T17:28:48,779+0100",visu_pars.VisuCreationDate,,,jrc220217_fantom2,phantom,jrc220217_fantom2,,Bruker BioSpec 7T,1641,DICOM regenerated by Dicomifier 2.5.3 (+ gjesus3 workarounds) from the ParaVision 2dseq before ingest,"phantom study (phantom / QC, Q2); phantom / QC study (Q2): no project, as July's jrc phantoms; MRI platform archive backup_7T_olddata_260824/2022_PV6_PV7/20220217_164116_jrc220217_fantom2_1_1.tar.gz (SHA-1 b0e4a85408b62a1cf2253d12c6214622760264bf); DICOM regenerated by Dicomifier 2.5.3 (+ gjesus3 workarounds) from the ParaVision 2dseq before ingest; operator pending claim (historical MRI, STATUS 0.5 Hold)"
20220217_164116_jrc220217_fantom2_1_1/8,"2022-02-17T17:03:32,825+0100",visu_pars.VisuCreationDate,,,jrc220217_fantom2,phantom,jrc220217_fantom2,,Bruker BioSpec 7T,1641,DICOM regenerated by Dicomifier 2.5.3 (+ gjesus3 workarounds) from the ParaVision 2dseq before ingest,"phantom study (phantom / QC, Q2); phantom / QC study (Q2): no project, as July's jrc phantoms; MRI platform archive backup_7T_olddata_260824/2022_PV6_PV7/20220217_164116_jrc220217_fantom2_1_1.tar.gz (SHA-1 b0e4a85408b62a1cf2253d12c6214622760264bf); DICOM regenerated by Dicomifier 2.5.3 (+ gjesus3 workarounds) from the ParaVision 2dseq before ingest; operator pending claim (historical MRI, STATUS 0.5 Hold)"
20220217_164116_jrc220217_fantom2_1_1/9,"2022-02-17T18:04:25,865+0100",visu_pars.VisuCreationDate,,,jrc220217_fantom2,phantom,jrc220217_fantom2,,Bruker BioSpec 7T,1641,DICOM regenerated by Dicomifier 2.5.3 (+ gjesus3 workarounds) from the ParaVision 2dseq before ingest,"phantom study (phantom / QC, Q2); phantom / QC study (Q2): no project, as July's jrc phantoms; MRI platform archive backup_7T_olddata_260824/2022_PV6_PV7/20220217_164116_jrc220217_fantom2_1_1.tar.gz (SHA-1 b0e4a85408b62a1cf2253d12c6214622760264bf); DICOM regenerated by Dicomifier 2.5.3 (+ gjesus3 workarounds) from the ParaVision 2dseq before ingest; operator pending claim (historical MRI, STATUS 0.5 Hold)"
20220217_180533_jrc220217_fantom3_1_1/13,"2022-02-17T18:32:22,731+0100",visu_pars.VisuCreationDate,,,jrc220217_fantom3,phantom,jrc220217_fantom3,,Bruker BioSpec 7T,1805,DICOM regenerated by Dicomifier 2.5.3 (+ gjesus3 workarounds) from the ParaVision 2dseq before ingest,"phantom study (phantom / QC, Q2); phantom / QC study (Q2): no project, as July's jrc phantoms; MRI platform archive backup_7T_olddata_260824/2022_PV6_PV7/20220217_180533_jrc220217_fantom3_1_1.tar.gz (SHA-1 5b53053966135a44567121a8d263c53164eba317); DICOM regenerated by Dicomifier 2.5.3 (+ gjesus3 workarounds) from the ParaVision 2dseq before ingest; operator pending claim (historical MRI, STATUS 0.5 Hold)"
20220217_180533_jrc220217_fantom3_1_1/14,"2022-02-17T18:33:17,101+0100",visu_pars.VisuCreationDate,,,jrc220217_fantom3,phantom,jrc220217_fantom3,,Bruker BioSpec 7T,1805,DICOM regenerated by Dicomifier 2.5.3 (+ gjesus3 workarounds) from the ParaVision 2dseq before ingest,"phantom study (phantom / QC, Q2); phantom / QC study (Q2): no project, as July's jrc phantoms; MRI platform archive backup_7T_olddata_260824/2022_PV6_PV7/20220217_180533_jrc220217_fantom3_1_1.tar.gz (SHA-1 5b53053966135a44567121a8d263c53164eba317); DICOM regenerated by Dicomifier 2.5.3 (+ gjesus3 workarounds) from the ParaVision 2dseq before ingest; operator pending claim (historical MRI, STATUS 0.5 Hold)"
20220217_180533_jrc220217_fantom3_1_1/15,"2022-02-17T18:57:56,983+0100",visu_pars.VisuCreationDate,,,jrc220217_fantom3,phantom,jrc220217_fantom3,,Bruker BioSpec 7T,1805,DICOM regenerated by Dicomifier 2.5.3 (+ gjesus3 workarounds) from the ParaVision 2dseq before ingest,"phantom study (phantom / QC, Q2); phantom / QC study (Q2): no project, as July's jrc phantoms; MRI platform archive backup_7T_olddata_260824/2022_PV6_PV7/20220217_180533_jrc220217_fantom3_1_1.tar.gz (SHA-1 5b53053966135a44567121a8d263c53164eba317); DICOM regenerated by Dicomifier 2.5.3 (+ gjesus3 workarounds) from the ParaVision 2dseq before ingest; operator pending claim (historical MRI, STATUS 0.5 Hold)"
20220217_180533_jrc220217_fantom3_1_1/16,"2022-02-17T19:33:34,180+0100",visu_pars.VisuCreationDate,,,jrc220217_fantom3,phantom,jrc220217_fantom3,,Bruker BioSpec 7T,1805,DICOM regenerated by Dicomifier 2.5.3 (+ gjesus3 workarounds) from the ParaVision 2dseq before ingest,"phantom study (phantom / QC, Q2); phantom / QC study (Q2): no project, as July's jrc phantoms; MRI platform archive backup_7T_olddata_260824/2022_PV6_PV7/20220217_180533_jrc220217_fantom3_1_1.tar.gz (SHA-1 5b53053966135a44567121a8d263c53164eba317); DICOM regenerated by Dicomifier 2.5.3 (+ gjesus3 workarounds) from the ParaVision 2dseq before ingest; operator pending claim (historical MRI, STATUS 0.5 Hold)"
20220223_091123_jrc220223_fantomFH1_1_1/1,"2022-02-23T09:16:19,150+0100",visu_pars.VisuCreationDate,,,jrc220223_fantomFH1,phantom,jrc220223_fantomFH1,,Bruker BioSpec 7T,0911,scanner-exported DICOM,"phantom study (phantom / QC, Q2); phantom / QC study (Q2): no project, as July's jrc phantoms; MRI platform archive backup_7T_olddata_260824/2022_pv6/20220223_091123_jrc220223_fantomFH1_1_1.tar.gz (SHA-1 22a1e94bcfc3720674e81b2e5d63d0907773dfbd); scanner-exported DICOM; operator pending claim (historical MRI, STATUS 0.5 Hold)"
20220223_091123_jrc220223_fantomFH1_1_1/2,"2022-02-23T09:18:09,215+0100",visu_pars.VisuCreationDate,,,jrc220223_fantomFH1,phantom,jrc220223_fantomFH1,,Bruker BioSpec 7T,0911,scanner-exported DICOM,"phantom study (phantom / QC, Q2); phantom / QC study (Q2): no project, as July's jrc phantoms; MRI platform archive backup_7T_olddata_260824/2022_pv6/20220223_091123_jrc220223_fantomFH1_1_1.tar.gz (SHA-1 22a1e94bcfc3720674e81b2e5d63d0907773dfbd); scanner-exported DICOM; operator pending claim (historical MRI, STATUS 0.5 Hold)"
20220223_091123_jrc220223_fantomFH1_1_1/4,"2022-02-23T09:21:39,867+0100",visu_pars.VisuCreationDate,,,jrc220223_fantomFH1,phantom,jrc220223_fantomFH1,,Bruker BioSpec 7T,0911,scanner-exported DICOM,"phantom study (phantom / QC, Q2); phantom / QC study (Q2): no project, as July's jrc phantoms; MRI platform archive backup_7T_olddata_260824/2022_pv6/20220223_091123_jrc220223_fantomFH1_1_1.tar.gz (SHA-1 22a1e94bcfc3720674e81b2e5d63d0907773dfbd); scanner-exported DICOM; operator pending claim (historical MRI, STATUS 0.5 Hold)"
20220223_091123_jrc220223_fantomFH1_1_1/5,"2022-02-23T10:02:36,791+0100",visu_pars.VisuCreationDate,,,jrc220223_fantomFH1,phantom,jrc220223_fantomFH1,,Bruker BioSpec 7T,0911,scanner-exported DICOM,"phantom study (phantom / QC, Q2); phantom / QC study (Q2): no project, as July's jrc phantoms; MRI platform archive backup_7T_olddata_260824/2022_pv6/20220223_091123_jrc220223_fantomFH1_1_1.tar.gz (SHA-1 22a1e94bcfc3720674e81b2e5d63d0907773dfbd); scanner-exported DICOM; operator pending claim (historical MRI, STATUS 0.5 Hold)"
20220223_091123_jrc220223_fantomFH1_1_1/6,"2022-02-23T11:13:43,324+0100",visu_pars.VisuCreationDate,,,jrc220223_fantomFH1,phantom,jrc220223_fantomFH1,,Bruker BioSpec 7T,0911,scanner-exported DICOM,"phantom study (phantom / QC, Q2); phantom / QC study (Q2): no project, as July's jrc phantoms; MRI platform archive backup_7T_olddata_260824/2022_pv6/20220223_091123_jrc220223_fantomFH1_1_1.tar.gz (SHA-1 22a1e94bcfc3720674e81b2e5d63d0907773dfbd); scanner-exported DICOM; operator pending claim (historical MRI, STATUS 0.5 Hold)"
20220223_091123_jrc220223_fantomFH1_1_1/9,"2022-02-23T12:03:26,870+0100",visu_pars.VisuCreationDate,,,jrc220223_fantomFH1,phantom,jrc220223_fantomFH1,,Bruker BioSpec 7T,0911,scanner-exported DICOM,"phantom study (phantom / QC, Q2); phantom / QC study (Q2): no project, as July's jrc phantoms; MRI platform archive backup_7T_olddata_260824/2022_pv6/20220223_091123_jrc220223_fantomFH1_1_1.tar.gz (SHA-1 22a1e94bcfc3720674e81b2e5d63d0907773dfbd); scanner-exported DICOM; operator pending claim (historical MRI, STATUS 0.5 Hold)"
20220223_121846_jrc220223_fantomFH2_1_1/1,"2022-02-23T12:22:46,838+0100",visu_pars.VisuCreationDate,,,jrc220223_fantomFH2,phantom,jrc220223_fantomFH2,,Bruker BioSpec 7T,1218,scanner-exported DICOM,"phantom study (phantom / QC, Q2); phantom / QC study (Q2): no project, as July's jrc phantoms; MRI platform archive backup_7T_olddata_260824/2022_pv6/20220223_121846_jrc220223_fantomFH2_1_1.tar.gz (SHA-1 08d5c4191cfb84d2a0512148967841e838a4bf93); scanner-exported DICOM; operator pending claim (historical MRI, STATUS 0.5 Hold)"
20220223_121846_jrc220223_fantomFH2_1_1/2,"2022-02-23T12:28:07,464+0100",visu_pars.VisuCreationDate,,,jrc220223_fantomFH2,phantom,jrc220223_fantomFH2,,Bruker BioSpec 7T,1218,scanner-exported DICOM,"phantom study (phantom / QC, Q2); phantom / QC study (Q2): no project, as July's jrc phantoms; MRI platform archive backup_7T_olddata_260824/2022_pv6/20220223_121846_jrc220223_fantomFH2_1_1.tar.gz (SHA-1 08d5c4191cfb84d2a0512148967841e838a4bf93); scanner-exported DICOM; operator pending claim (historical MRI, STATUS 0.5 Hold)"
20220223_121846_jrc220223_fantomFH2_1_1/3,"2022-02-23T13:04:28,144+0100",visu_pars.VisuCreationDate,,,jrc220223_fantomFH2,phantom,jrc220223_fantomFH2,,Bruker BioSpec 7T,1218,scanner-exported DICOM,"phantom study (phantom / QC, Q2); phantom / QC study (Q2): no project, as July's jrc phantoms; MRI platform archive backup_7T_olddata_260824/2022_pv6/20220223_121846_jrc220223_fantomFH2_1_1.tar.gz (SHA-1 08d5c4191cfb84d2a0512148967841e838a4bf93); scanner-exported DICOM; operator pending claim (historical MRI, STATUS 0.5 Hold)"
20220223_121846_jrc220223_fantomFH2_1_1/4,"2022-02-23T13:39:27,126+0100",visu_pars.VisuCreationDate,,,jrc220223_fantomFH2,phantom,jrc220223_fantomFH2,,Bruker BioSpec 7T,1218,scanner-exported DICOM,"phantom study (phantom / QC, Q2); phantom / QC study (Q2): no project, as July's jrc phantoms; MRI platform archive backup_7T_olddata_260824/2022_pv6/20220223_121846_jrc220223_fantomFH2_1_1.tar.gz (SHA-1 08d5c4191cfb84d2a0512148967841e838a4bf93); scanner-exported DICOM; operator pending claim (historical MRI, STATUS 0.5 Hold)"
20220223_141210_jrc220223_fantomFH3_1_1/2,"2022-02-23T14:16:57,060+0100",visu_pars.VisuCreationDate,,,jrc220223_fantomFH3,phantom,jrc220223_fantomFH3,,Bruker BioSpec 7T,1412,DICOM regenerated by Dicomifier 2.5.3 (+ gjesus3 workarounds) from the ParaVision 2dseq before ingest,"phantom study (phantom / QC, Q2); phantom / QC study (Q2): no project, as July's jrc phantoms; MRI platform archive backup_7T_olddata_260824/2022_pv6/20220223_141210_jrc220223_fantomFH3_1_1.tar.gz (SHA-1 6f2b9be570e008bb5366a6c192a5e1cb2d3a8aeb); DICOM regenerated by Dicomifier 2.5.3 (+ gjesus3 workarounds) from the ParaVision 2dseq before ingest; operator pending claim (historical MRI, STATUS 0.5 Hold)"
20220223_141210_jrc220223_fantomFH3_1_1/3,"2022-02-23T14:19:22,569+0100",visu_pars.VisuCreationDate,,,jrc220223_fantomFH3,phantom,jrc220223_fantomFH3,,Bruker BioSpec 7T,1412,DICOM regenerated by Dicomifier 2.5.3 (+ gjesus3 workarounds) from the ParaVision 2dseq before ingest,"phantom study (phantom / QC, Q2); phantom / QC study (Q2): no project, as July's jrc phantoms; MRI platform archive backup_7T_olddata_260824/2022_pv6/20220223_141210_jrc220223_fantomFH3_1_1.tar.gz (SHA-1 6f2b9be570e008bb5366a6c192a5e1cb2d3a8aeb); DICOM regenerated by Dicomifier 2.5.3 (+ gjesus3 workarounds) from the ParaVision 2dseq before ingest; operator pending claim (historical MRI, STATUS 0.5 Hold)"
20220223_141210_jrc220223_fantomFH3_1_1/4,"2022-02-23T14:55:58,572+0100",visu_pars.VisuCreationDate,,,jrc220223_fantomFH3,phantom,jrc220223_fantomFH3,,Bruker BioSpec 7T,1412,DICOM regenerated by Dicomifier 2.5.3 (+ gjesus3 workarounds) from the ParaVision 2dseq before ingest,"phantom study (phantom / QC, Q2); phantom / QC study (Q2): no project, as July's jrc phantoms; MRI platform archive backup_7T_olddata_260824/2022_pv6/20220223_141210_jrc220223_fantomFH3_1_1.tar.gz (SHA-1 6f2b9be570e008bb5366a6c192a5e1cb2d3a8aeb); DICOM regenerated by Dicomifier 2.5.3 (+ gjesus3 workarounds) from the ParaVision 2dseq before ingest; operator pending claim (historical MRI, STATUS 0.5 Hold)"
20220223_141210_jrc220223_fantomFH3_1_1/6,"2022-02-23T15:40:40,835+0100",visu_pars.VisuCreationDate,,,jrc220223_fantomFH3,phantom,jrc220223_fantomFH3,,Bruker BioSpec 7T,1412,DICOM regenerated by Dicomifier 2.5.3 (+ gjesus3 workarounds) from the ParaVision 2dseq before ingest,"phantom study (phantom / QC, Q2); phantom / QC study (Q2): no project, as July's jrc phantoms; MRI platform archive backup_7T_olddata_260824/2022_pv6/20220223_141210_jrc220223_fantomFH3_1_1.tar.gz (SHA-1 6f2b9be570e008bb5366a6c192a5e1cb2d3a8aeb); DICOM regenerated by Dicomifier 2.5.3 (+ gjesus3 workarounds) from the ParaVision 2dseq before ingest; operator pending claim (historical MRI, STATUS 0.5 Hold)"
20220303_151441_jrc220303_Palmira_array19F_1_1/5,"2022-03-03T15:39:16,417+0100",visu_pars.VisuCreationDate,,,jrc220303_Palmira_array19F,phantom,jrc220303_Palmira_array19F,,Bruker BioSpec 7T,1514,DICOM regenerated by Dicomifier 2.5.3 (+ gjesus3 workarounds) from the ParaVision 2dseq before ingest,"phantom study (phantom / QC, Q2); phantom / QC study (Q2): no project, as July's jrc phantoms; MRI platform archive backup_7T_olddata_260824/2022_pv6/20220303_151441_jrc220303_Palmira_array19F_1_1.tar.gz (SHA-1 c8cd4c88de115a5a4a07e5353d6c302feebb09aa); DICOM regenerated by Dicomifier 2.5.3 (+ gjesus3 workarounds) from the ParaVision 2dseq before ingest; operator pending claim (historical MRI, STATUS 0.5 Hold)"
20220303_151441_jrc220303_Palmira_array19F_1_1/7,"2022-03-03T15:46:49,128+0100",visu_pars.VisuCreationDate,,,jrc220303_Palmira_array19F,phantom,jrc220303_Palmira_array19F,,Bruker BioSpec 7T,1514,DICOM regenerated by Dicomifier 2.5.3 (+ gjesus3 workarounds) from the ParaVision 2dseq before ingest,"phantom study (phantom / QC, Q2); phantom / QC study (Q2): no project, as July's jrc phantoms; MRI platform archive backup_7T_olddata_260824/2022_pv6/20220303_151441_jrc220303_Palmira_array19F_1_1.tar.gz (SHA-1 c8cd4c88de115a5a4a07e5353d6c302feebb09aa); DICOM regenerated by Dicomifier 2.5.3 (+ gjesus3 workarounds) from the ParaVision 2dseq before ingest; operator pending claim (historical MRI, STATUS 0.5 Hold)"
20220303_151441_jrc220303_Palmira_array19F_1_1/8,"2022-03-03T15:49:31,365+0100",visu_pars.VisuCreationDate,,,jrc220303_Palmira_array19F,phantom,jrc220303_Palmira_array19F,,Bruker BioSpec 7T,1514,DICOM regenerated by Dicomifier 2.5.3 (+ gjesus3 workarounds) from the ParaVision 2dseq before ingest,"phantom study (phantom / QC, Q2); phantom / QC study (Q2): no project, as July's jrc phantoms; MRI platform archive backup_7T_olddata_260824/2022_pv6/20220303_151441_jrc220303_Palmira_array19F_1_1.tar.gz (SHA-1 c8cd4c88de115a5a4a07e5353d6c302feebb09aa); DICOM regenerated by Dicomifier 2.5.3 (+ gjesus3 workarounds) from the ParaVision 2dseq before ingest; operator pending claim (historical MRI, STATUS 0.5 Hold)"
20220303_151441_jrc220303_Palmira_array19F_1_1/9,"2022-03-03T16:00:56,905+0100",visu_pars.VisuCreationDate,,,jrc220303_Palmira_array19F,phantom,jrc220303_Palmira_array19F,,Bruker BioSpec 7T,1514,DICOM regenerated by Dicomifier 2.5.3 (+ gjesus3 workarounds) from the ParaVision 2dseq before ingest,"phantom study (phantom / QC, Q2); phantom / QC study (Q2): no project, as July's jrc phantoms; MRI platform archive backup_7T_olddata_260824/2022_pv6/20220303_151441_jrc220303_Palmira_array19F_1_1.tar.gz (SHA-1 c8cd4c88de115a5a4a07e5353d6c302feebb09aa); DICOM regenerated by Dicomifier 2.5.3 (+ gjesus3 workarounds) from the ParaVision 2dseq before ingest; operator pending claim (historical MRI, STATUS 0.5 Hold)"
20220303_151441_jrc220303_Palmira_array19F_1_1/10,"2022-03-03T16:16:10,337+0100",visu_pars.VisuCreationDate,,,jrc220303_Palmira_array19F,phantom,jrc220303_Palmira_array19F,,Bruker BioSpec 7T,1514,DICOM regenerated by Dicomifier 2.5.3 (+ gjesus3 workarounds) from the ParaVision 2dseq before ingest,"phantom study (phantom / QC, Q2); phantom / QC study (Q2): no project, as July's jrc phantoms; MRI platform archive backup_7T_olddata_260824/2022_pv6/20220303_151441_jrc220303_Palmira_array19F_1_1.tar.gz (SHA-1 c8cd4c88de115a5a4a07e5353d6c302feebb09aa); DICOM regenerated by Dicomifier 2.5.3 (+ gjesus3 workarounds) from the ParaVision 2dseq before ingest; operator pending claim (historical MRI, STATUS 0.5 Hold)"
20220303_151441_jrc220303_Palmira_array19F_1_1/11,"2022-03-03T16:25:55,568+0100",visu_pars.VisuCreationDate,,,jrc220303_Palmira_array19F,phantom,jrc220303_Palmira_array19F,,Bruker BioSpec 7T,1514,DICOM regenerated by Dicomifier 2.5.3 (+ gjesus3 workarounds) from the ParaVision 2dseq before ingest,"phantom study (phantom / QC, Q2); phantom / QC study (Q2): no project, as July's jrc phantoms; MRI platform archive backup_7T_olddata_260824/2022_pv6/20220303_151441_jrc220303_Palmira_array19F_1_1.tar.gz (SHA-1 c8cd4c88de115a5a4a07e5353d6c302feebb09aa); DICOM regenerated by Dicomifier 2.5.3 (+ gjesus3 workarounds) from the ParaVision 2dseq before ingest; operator pending claim (historical MRI, STATUS 0.5 Hold)"
20220303_151441_jrc220303_Palmira_array19F_1_1/12,"2022-03-03T16:17:33,631+0100",visu_pars.VisuCreationDate,,,jrc220303_Palmira_array19F,phantom,jrc220303_Palmira_array19F,,Bruker BioSpec 7T,1514,DICOM regenerated by Dicomifier 2.5.3 (+ gjesus3 workarounds) from the ParaVision 2dseq before ingest,"phantom study (phantom / QC, Q2); phantom / QC study (Q2): no project, as July's jrc phantoms; MRI platform archive backup_7T_olddata_260824/2022_pv6/20220303_151441_jrc220303_Palmira_array19F_1_1.tar.gz (SHA-1 c8cd4c88de115a5a4a07e5353d6c302feebb09aa); DICOM regenerated by Dicomifier 2.5.3 (+ gjesus3 workarounds) from the ParaVision 2dseq before ingest; operator pending claim (historical MRI, STATUS 0.5 Hold)"
20220303_151441_jrc220303_Palmira_array19F_1_1/13,"2022-03-03T16:18:57,370+0100",visu_pars.VisuCreationDate,,,jrc220303_Palmira_array19F,phantom,jrc220303_Palmira_array19F,,Bruker BioSpec 7T,1514,DICOM regenerated by Dicomifier 2.5.3 (+ gjesus3 workarounds) from the ParaVision 2dseq before ingest,"phantom study (phantom / QC, Q2); phantom / QC study (Q2): no project, as July's jrc phantoms; MRI platform archive backup_7T_olddata_260824/2022_pv6/20220303_151441_jrc220303_Palmira_array19F_1_1.tar.gz (SHA-1 c8cd4c88de115a5a4a07e5353d6c302feebb09aa); DICOM regenerated by Dicomifier 2.5.3 (+ gjesus3 workarounds) from the ParaVision 2dseq before ingest; operator pending claim (historical MRI, STATUS 0.5 Hold)"
20220303_151441_jrc220303_Palmira_array19F_1_1/14,"2022-03-03T16:39:25,981+0100",visu_pars.VisuCreationDate,,,jrc220303_Palmira_array19F,phantom,jrc220303_Palmira_array19F,,Bruker BioSpec 7T,1514,DICOM regenerated by Dicomifier 2.5.3 (+ gjesus3 workarounds) from the ParaVision 2dseq before ingest,"phantom study (phantom / QC, Q2); phantom / QC study (Q2): no project, as July's jrc phantoms; MRI platform archive backup_7T_olddata_260824/2022_pv6/20220303_151441_jrc220303_Palmira_array19F_1_1.tar.gz (SHA-1 c8cd4c88de115a5a4a07e5353d6c302feebb09aa); DICOM regenerated by Dicomifier 2.5.3 (+ gjesus3 workarounds) from the ParaVision 2dseq before ingest; operator pending claim (historical MRI, STATUS 0.5 Hold)"
20220303_151441_jrc220303_Palmira_array19F_1_1/15,"2022-03-03T16:46:23,427+0100",visu_pars.VisuCreationDate,,,jrc220303_Palmira_array19F,phantom,jrc220303_Palmira_array19F,,Bruker BioSpec 7T,1514,DICOM regenerated by Dicomifier 2.5.3 (+ gjesus3 workarounds) from the ParaVision 2dseq before ingest,"phantom study (phantom / QC, Q2); phantom / QC study (Q2): no project, as July's jrc phantoms; MRI platform archive backup_7T_olddata_260824/2022_pv6/20220303_151441_jrc220303_Palmira_array19F_1_1.tar.gz (SHA-1 c8cd4c88de115a5a4a07e5353d6c302feebb09aa); DICOM regenerated by Dicomifier 2.5.3 (+ gjesus3 workarounds) from the ParaVision 2dseq before ingest; operator pending claim (historical MRI, STATUS 0.5 Hold)"
20220303_151441_jrc220303_Palmira_array19F_1_1/16,"2022-03-03T16:57:59,502+0100",visu_pars.VisuCreationDate,,,jrc220303_Palmira_array19F,phantom,jrc220303_Palmira_array19F,,Bruker BioSpec 7T,1514,DICOM regenerated by Dicomifier 2.5.3 (+ gjesus3 workarounds) from the ParaVision 2dseq before ingest,"phantom study (phantom / QC, Q2); phantom / QC study (Q2): no project, as July's jrc phantoms; MRI platform archive backup_7T_olddata_260824/2022_pv6/20220303_151441_jrc220303_Palmira_array19F_1_1.tar.gz (SHA-1 c8cd4c88de115a5a4a07e5353d6c302feebb09aa); DICOM regenerated by Dicomifier 2.5.3 (+ gjesus3 workarounds) from the ParaVision 2dseq before ingest; operator pending claim (historical MRI, STATUS 0.5 Hold)"
20220303_151441_jrc220303_Palmira_array19F_1_1/17,"2022-03-03T17:04:41,302+0100",visu_pars.VisuCreationDate,,,jrc220303_Palmira_array19F,phantom,jrc220303_Palmira_array19F,,Bruker BioSpec 7T,1514,DICOM regenerated by Dicomifier 2.5.3 (+ gjesus3 workarounds) from the ParaVision 2dseq before ingest,"phantom study (phantom / QC, Q2); phantom / QC study (Q2): no project, as July's jrc phantoms; MRI platform archive backup_7T_olddata_260824/2022_pv6/20220303_151441_jrc220303_Palmira_array19F_1_1.tar.gz (SHA-1 c8cd4c88de115a5a4a07e5353d6c302feebb09aa); DICOM regenerated by Dicomifier 2.5.3 (+ gjesus3 workarounds) from the ParaVision 2dseq before ingest; operator pending claim (historical MRI, STATUS 0.5 Hold)"
20220303_151441_jrc220303_Palmira_array19F_1_1/18,"2022-03-03T17:16:39,461+0100",visu_pars.VisuCreationDate,,,jrc220303_Palmira_array19F,phantom,jrc220303_Palmira_array19F,,Bruker BioSpec 7T,1514,DICOM regenerated by Dicomifier 2.5.3 (+ gjesus3 workarounds) from the ParaVision 2dseq before ingest,"phantom study (phantom / QC, Q2); phantom / QC study (Q2): no project, as July's jrc phantoms; MRI platform archive backup_7T_olddata_260824/2022_pv6/20220303_151441_jrc220303_Palmira_array19F_1_1.tar.gz (SHA-1 c8cd4c88de115a5a4a07e5353d6c302feebb09aa); DICOM regenerated by Dicomifier 2.5.3 (+ gjesus3 workarounds) from the ParaVision 2dseq before ingest; operator pending claim (historical MRI, STATUS 0.5 Hold)"
20220303_151441_jrc220303_Palmira_array19F_1_1/19,"2022-03-03T17:23:17,941+0100",visu_pars.VisuCreationDate,,,jrc220303_Palmira_array19F,phantom,jrc220303_Palmira_array19F,,Bruker BioSpec 7T,1514,DICOM regenerated by Dicomifier 2.5.3 (+ gjesus3 workarounds) from the ParaVision 2dseq before ingest,"phantom study (phantom / QC, Q2); phantom / QC study (Q2): no project, as July's jrc phantoms; MRI platform archive backup_7T_olddata_260824/2022_pv6/20220303_151441_jrc220303_Palmira_array19F_1_1.tar.gz (SHA-1 c8cd4c88de115a5a4a07e5353d6c302feebb09aa); DICOM regenerated by Dicomifier 2.5.3 (+ gjesus3 workarounds) from the ParaVision 2dseq before ingest; operator pending claim (historical MRI, STATUS 0.5 Hold)"
20220303_151441_jrc220303_Palmira_array19F_1_1/20,"2022-03-03T17:35:22,492+0100",visu_pars.VisuCreationDate,,,jrc220303_Palmira_array19F,phantom,jrc220303_Palmira_array19F,,Bruker BioSpec 7T,1514,DICOM regenerated by Dicomifier 2.5.3 (+ gjesus3 workarounds) from the ParaVision 2dseq before ingest,"phantom study (phantom / QC, Q2); phantom / QC study (Q2): no project, as July's jrc phantoms; MRI platform archive backup_7T_olddata_260824/2022_pv6/20220303_151441_jrc220303_Palmira_array19F_1_1.tar.gz (SHA-1 c8cd4c88de115a5a4a07e5353d6c302feebb09aa); DICOM regenerated by Dicomifier 2.5.3 (+ gjesus3 workarounds) from the ParaVision 2dseq before ingest; operator pending claim (historical MRI, STATUS 0.5 Hold)"
20220303_151441_jrc220303_Palmira_array19F_1_1/21,"2022-03-03T17:42:01,276+0100",visu_pars.VisuCreationDate,,,jrc220303_Palmira_array19F,phantom,jrc220303_Palmira_array19F,,Bruker BioSpec 7T,1514,DICOM regenerated by Dicomifier 2.5.3 (+ gjesus3 workarounds) from the ParaVision 2dseq before ingest,"phantom study (phantom / QC, Q2); phantom / QC study (Q2): no project, as July's jrc phantoms; MRI platform archive backup_7T_olddata_260824/2022_pv6/20220303_151441_jrc220303_Palmira_array19F_1_1.tar.gz (SHA-1 c8cd4c88de115a5a4a07e5353d6c302feebb09aa); DICOM regenerated by Dicomifier 2.5.3 (+ gjesus3 workarounds) from the ParaVision 2dseq before ingest; operator pending claim (historical MRI, STATUS 0.5 Hold)"
20220303_151441_jrc220303_Palmira_array19F_1_1/22,"2022-03-03T17:53:46,538+0100",visu_pars.VisuCreationDate,,,jrc220303_Palmira_array19F,phantom,jrc220303_Palmira_array19F,,Bruker BioSpec 7T,1514,DICOM regenerated by Dicomifier 2.5.3 (+ gjesus3 workarounds) from the ParaVision 2dseq before ingest,"phantom study (phantom / QC, Q2); phantom / QC study (Q2): no project, as July's jrc phantoms; MRI platform archive backup_7T_olddata_260824/2022_pv6/20220303_151441_jrc220303_Palmira_array19F_1_1.tar.gz (SHA-1 c8cd4c88de115a5a4a07e5353d6c302feebb09aa); DICOM regenerated by Dicomifier 2.5.3 (+ gjesus3 workarounds) from the ParaVision 2dseq before ingest; operator pending claim (historical MRI, STATUS 0.5 Hold)"
20220303_151441_jrc220303_Palmira_array19F_1_1/23,"2022-03-03T18:09:55,599+0100",visu_pars.VisuCreationDate,,,jrc220303_Palmira_array19F,phantom,jrc220303_Palmira_array19F,,Bruker BioSpec 7T,1514,DICOM regenerated by Dicomifier 2.5.3 (+ gjesus3 workarounds) from the ParaVision 2dseq before ingest,"phantom study (phantom / QC, Q2); phantom / QC study (Q2): no project, as July's jrc phantoms; MRI platform archive backup_7T_olddata_260824/2022_pv6/20220303_151441_jrc220303_Palmira_array19F_1_1.tar.gz (SHA-1 c8cd4c88de115a5a4a07e5353d6c302feebb09aa); DICOM regenerated by Dicomifier 2.5.3 (+ gjesus3 workarounds) from the ParaVision 2dseq before ingest; operator pending claim (historical MRI, STATUS 0.5 Hold)"
20220303_151441_jrc220303_Palmira_array19F_1_1/24,"2022-03-03T18:18:28,289+0100",visu_pars.VisuCreationDate,,,jrc220303_Palmira_array19F,phantom,jrc220303_Palmira_array19F,,Bruker BioSpec 7T,1514,DICOM regenerated by Dicomifier 2.5.3 (+ gjesus3 workarounds) from the ParaVision 2dseq before ingest,"phantom study (phantom / QC, Q2); phantom / QC study (Q2): no project, as July's jrc phantoms; MRI platform archive backup_7T_olddata_260824/2022_pv6/20220303_151441_jrc220303_Palmira_array19F_1_1.tar.gz (SHA-1 c8cd4c88de115a5a4a07e5353d6c302feebb09aa); DICOM regenerated by Dicomifier 2.5.3 (+ gjesus3 workarounds) from the ParaVision 2dseq before ingest; operator pending claim (historical MRI, STATUS 0.5 Hold)"
20220303_151441_jrc220303_Palmira_array19F_1_1/25,"2022-03-03T18:30:17,974+0100",visu_pars.VisuCreationDate,,,jrc220303_Palmira_array19F,phantom,jrc220303_Palmira_array19F,,Bruker BioSpec 7T,1514,DICOM regenerated by Dicomifier 2.5.3 (+ gjesus3 workarounds) from the ParaVision 2dseq before ingest,"phantom study (phantom / QC, Q2); phantom / QC study (Q2): no project, as July's jrc phantoms; MRI platform archive backup_7T_olddata_260824/2022_pv6/20220303_151441_jrc220303_Palmira_array19F_1_1.tar.gz (SHA-1 c8cd4c88de115a5a4a07e5353d6c302feebb09aa); DICOM regenerated by Dicomifier 2.5.3 (+ gjesus3 workarounds) from the ParaVision 2dseq before ingest; operator pending claim (historical MRI, STATUS 0.5 Hold)"
20220303_151441_jrc220303_Palmira_array19F_1_1/31,"2022-03-03T19:11:22,734+0100",visu_pars.VisuCreationDate,,,jrc220303_Palmira_array19F,phantom,jrc220303_Palmira_array19F,,Bruker BioSpec 7T,1514,DICOM regenerated by Dicomifier 2.5.3 (+ gjesus3 workarounds) from the ParaVision 2dseq before ingest,"phantom study (phantom / QC, Q2); phantom / QC study (Q2): no project, as July's jrc phantoms; MRI platform archive backup_7T_olddata_260824/2022_pv6/20220303_151441_jrc220303_Palmira_array19F_1_1.tar.gz (SHA-1 c8cd4c88de115a5a4a07e5353d6c302feebb09aa); DICOM regenerated by Dicomifier 2.5.3 (+ gjesus3 workarounds) from the ParaVision 2dseq before ingest; operator pending claim (historical MRI, STATUS 0.5 Hold)"
20220303_151441_jrc220303_Palmira_array19F_1_1/33,"2022-03-03T19:22:15,390+0100",visu_pars.VisuCreationDate,,,jrc220303_Palmira_array19F,phantom,jrc220303_Palmira_array19F,,Bruker BioSpec 7T,1514,DICOM regenerated by Dicomifier 2.5.3 (+ gjesus3 workarounds) from the ParaVision 2dseq before ingest,"phantom study (phantom / QC, Q2); phantom / QC study (Q2): no project, as July's jrc phantoms; MRI platform archive backup_7T_olddata_260824/2022_pv6/20220303_151441_jrc220303_Palmira_array19F_1_1.tar.gz (SHA-1 c8cd4c88de115a5a4a07e5353d6c302feebb09aa); DICOM regenerated by Dicomifier 2.5.3 (+ gjesus3 workarounds) from the ParaVision 2dseq before ingest; operator pending claim (historical MRI, STATUS 0.5 Hold)"
20220303_151441_jrc220303_Palmira_array19F_1_1/34,"2022-03-03T19:37:39,487+0100",visu_pars.VisuCreationDate,,,jrc220303_Palmira_array19F,phantom,jrc220303_Palmira_array19F,,Bruker BioSpec 7T,1514,DICOM regenerated by Dicomifier 2.5.3 (+ gjesus3 workarounds) from the ParaVision 2dseq before ingest,"phantom study (phantom / QC, Q2); phantom / QC study (Q2): no project, as July's jrc phantoms; MRI platform archive backup_7T_olddata_260824/2022_pv6/20220303_151441_jrc220303_Palmira_array19F_1_1.tar.gz (SHA-1 c8cd4c88de115a5a4a07e5353d6c302feebb09aa); DICOM regenerated by Dicomifier 2.5.3 (+ gjesus3 workarounds) from the ParaVision 2dseq before ingest; operator pending claim (historical MRI, STATUS 0.5 Hold)"
20220303_151441_jrc220303_Palmira_array19F_1_1/35,"2022-03-03T19:46:35,985+0100",visu_pars.VisuCreationDate,,,jrc220303_Palmira_array19F,phantom,jrc220303_Palmira_array19F,,Bruker BioSpec 7T,1514,DICOM regenerated by Dicomifier 2.5.3 (+ gjesus3 workarounds) from the ParaVision 2dseq before ingest,"phantom study (phantom / QC, Q2); phantom / QC study (Q2): no project, as July's jrc phantoms; MRI platform archive backup_7T_olddata_260824/2022_pv6/20220303_151441_jrc220303_Palmira_array19F_1_1.tar.gz (SHA-1 c8cd4c88de115a5a4a07e5353d6c302feebb09aa); DICOM regenerated by Dicomifier 2.5.3 (+ gjesus3 workarounds) from the ParaVision 2dseq before ingest; operator pending claim (historical MRI, STATUS 0.5 Hold)"
20220303_151441_jrc220303_Palmira_array19F_1_1/36,"2022-03-03T19:59:39,783+0100",visu_pars.VisuCreationDate,,,jrc220303_Palmira_array19F,phantom,jrc220303_Palmira_array19F,,Bruker BioSpec 7T,1514,DICOM regenerated by Dicomifier 2.5.3 (+ gjesus3 workarounds) from the ParaVision 2dseq before ingest,"phantom study (phantom / QC, Q2); phantom / QC study (Q2): no project, as July's jrc phantoms; MRI platform archive backup_7T_olddata_260824/2022_pv6/20220303_151441_jrc220303_Palmira_array19F_1_1.tar.gz (SHA-1 c8cd4c88de115a5a4a07e5353d6c302feebb09aa); DICOM regenerated by Dicomifier 2.5.3 (+ gjesus3 workarounds) from the ParaVision 2dseq before ingest; operator pending claim (historical MRI, STATUS 0.5 Hold)"
20220303_151441_jrc220303_Palmira_array19F_1_1/39,"2022-03-03T20:12:32,086+0100",visu_pars.VisuCreationDate,,,jrc220303_Palmira_array19F,phantom,jrc220303_Palmira_array19F,,Bruker BioSpec 7T,1514,DICOM regenerated by Dicomifier 2.5.3 (+ gjesus3 workarounds) from the ParaVision 2dseq before ingest,"phantom study (phantom / QC, Q2); phantom / QC study (Q2): no project, as July's jrc phantoms; MRI platform archive backup_7T_olddata_260824/2022_pv6/20220303_151441_jrc220303_Palmira_array19F_1_1.tar.gz (SHA-1 c8cd4c88de115a5a4a07e5353d6c302feebb09aa); DICOM regenerated by Dicomifier 2.5.3 (+ gjesus3 workarounds) from the ParaVision 2dseq before ingest; operator pending claim (historical MRI, STATUS 0.5 Hold)"
20220303_151441_jrc220303_Palmira_array19F_1_1/40,"2022-03-03T20:53:50,687+0100",visu_pars.VisuCreationDate,,,jrc220303_Palmira_array19F,phantom,jrc220303_Palmira_array19F,,Bruker BioSpec 7T,1514,DICOM regenerated by Dicomifier 2.5.3 (+ gjesus3 workarounds) from the ParaVision 2dseq before ingest,"phantom study (phantom / QC, Q2); phantom / QC study (Q2): no project, as July's jrc phantoms; MRI platform archive backup_7T_olddata_260824/2022_pv6/20220303_151441_jrc220303_Palmira_array19F_1_1.tar.gz (SHA-1 c8cd4c88de115a5a4a07e5353d6c302feebb09aa); DICOM regenerated by Dicomifier 2.5.3 (+ gjesus3 workarounds) from the ParaVision 2dseq before ingest; operator pending claim (historical MRI, STATUS 0.5 Hold)"
20220303_151441_jrc220303_Palmira_array19F_1_1/41,"2022-03-03T21:01:08,840+0100",visu_pars.VisuCreationDate,,,jrc220303_Palmira_array19F,phantom,jrc220303_Palmira_array19F,,Bruker BioSpec 7T,1514,DICOM regenerated by Dicomifier 2.5.3 (+ gjesus3 workarounds) from the ParaVision 2dseq before ingest,"phantom study (phantom / QC, Q2); phantom / QC study (Q2): no project, as July's jrc phantoms; MRI platform archive backup_7T_olddata_260824/2022_pv6/20220303_151441_jrc220303_Palmira_array19F_1_1.tar.gz (SHA-1 c8cd4c88de115a5a4a07e5353d6c302feebb09aa); DICOM regenerated by Dicomifier 2.5.3 (+ gjesus3 workarounds) from the ParaVision 2dseq before ingest; operator pending claim (historical MRI, STATUS 0.5 Hold)"
20220303_151441_jrc220303_Palmira_array19F_1_1/42,"2022-03-03T21:14:07,256+0100",visu_pars.VisuCreationDate,,,jrc220303_Palmira_array19F,phantom,jrc220303_Palmira_array19F,,Bruker BioSpec 7T,1514,DICOM regenerated by Dicomifier 2.5.3 (+ gjesus3 workarounds) from the ParaVision 2dseq before ingest,"phantom study (phantom / QC, Q2); phantom / QC study (Q2): no project, as July's jrc phantoms; MRI platform archive backup_7T_olddata_260824/2022_pv6/20220303_151441_jrc220303_Palmira_array19F_1_1.tar.gz (SHA-1 c8cd4c88de115a5a4a07e5353d6c302feebb09aa); DICOM regenerated by Dicomifier 2.5.3 (+ gjesus3 workarounds) from the ParaVision 2dseq before ingest; operator pending claim (historical MRI, STATUS 0.5 Hold)"
20220303_151441_jrc220303_Palmira_array19F_1_1/43,"2022-03-03T21:28:42,321+0100",visu_pars.VisuCreationDate,,,jrc220303_Palmira_array19F,phantom,jrc220303_Palmira_array19F,,Bruker BioSpec 7T,1514,DICOM regenerated by Dicomifier 2.5.3 (+ gjesus3 workarounds) from the ParaVision 2dseq before ingest,"phantom study (phantom / QC, Q2); phantom / QC study (Q2): no project, as July's jrc phantoms; MRI platform archive backup_7T_olddata_260824/2022_pv6/20220303_151441_jrc220303_Palmira_array19F_1_1.tar.gz (SHA-1 c8cd4c88de115a5a4a07e5353d6c302feebb09aa); DICOM regenerated by Dicomifier 2.5.3 (+ gjesus3 workarounds) from the ParaVision 2dseq before ingest; operator pending claim (historical MRI, STATUS 0.5 Hold)"
20220303_151441_jrc220303_Palmira_array19F_1_1/44,"2022-03-03T21:35:26,543+0100",visu_pars.VisuCreationDate,,,jrc220303_Palmira_array19F,phantom,jrc220303_Palmira_array19F,,Bruker BioSpec 7T,1514,DICOM regenerated by Dicomifier 2.5.3 (+ gjesus3 workarounds) from the ParaVision 2dseq before ingest,"phantom study (phantom / QC, Q2); phantom / QC study (Q2): no project, as July's jrc phantoms; MRI platform archive backup_7T_olddata_260824/2022_pv6/20220303_151441_jrc220303_Palmira_array19F_1_1.tar.gz (SHA-1 c8cd4c88de115a5a4a07e5353d6c302feebb09aa); DICOM regenerated by Dicomifier 2.5.3 (+ gjesus3 workarounds) from the ParaVision 2dseq before ingest; operator pending claim (historical MRI, STATUS 0.5 Hold)"
20220303_151441_jrc220303_Palmira_array19F_1_1/45,"2022-03-03T21:51:14,091+0100",visu_pars.VisuCreationDate,,,jrc220303_Palmira_array19F,phantom,jrc220303_Palmira_array19F,,Bruker BioSpec 7T,1514,DICOM regenerated by Dicomifier 2.5.3 (+ gjesus3 workarounds) from the ParaVision 2dseq before ingest,"phantom study (phantom / QC, Q2); phantom / QC study (Q2): no project, as July's jrc phantoms; MRI platform archive backup_7T_olddata_260824/2022_pv6/20220303_151441_jrc220303_Palmira_array19F_1_1.tar.gz (SHA-1 c8cd4c88de115a5a4a07e5353d6c302feebb09aa); DICOM regenerated by Dicomifier 2.5.3 (+ gjesus3 workarounds) from the ParaVision 2dseq before ingest; operator pending claim (historical MRI, STATUS 0.5 Hold)"
20220303_151441_jrc220303_Palmira_array19F_1_1/46,"2022-03-03T21:57:47,000+0100",visu_pars.VisuCreationDate,,,jrc220303_Palmira_array19F,phantom,jrc220303_Palmira_array19F,,Bruker BioSpec 7T,1514,DICOM regenerated by Dicomifier 2.5.3 (+ gjesus3 workarounds) from the ParaVision 2dseq before ingest,"phantom study (phantom / QC, Q2); phantom / QC study (Q2): no project, as July's jrc phantoms; MRI platform archive backup_7T_olddata_260824/2022_pv6/20220303_151441_jrc220303_Palmira_array19F_1_1.tar.gz (SHA-1 c8cd4c88de115a5a4a07e5353d6c302feebb09aa); DICOM regenerated by Dicomifier 2.5.3 (+ gjesus3 workarounds) from the ParaVision 2dseq before ingest; operator pending claim (historical MRI, STATUS 0.5 Hold)"
20220303_151441_jrc220303_Palmira_array19F_1_1/47,"2022-03-03T22:10:45,276+0100",visu_pars.VisuCreationDate,,,jrc220303_Palmira_array19F,phantom,jrc220303_Palmira_array19F,,Bruker BioSpec 7T,1514,DICOM regenerated by Dicomifier 2.5.3 (+ gjesus3 workarounds) from the ParaVision 2dseq before ingest,"phantom study (phantom / QC, Q2); phantom / QC study (Q2): no project, as July's jrc phantoms; MRI platform archive backup_7T_olddata_260824/2022_pv6/20220303_151441_jrc220303_Palmira_array19F_1_1.tar.gz (SHA-1 c8cd4c88de115a5a4a07e5353d6c302feebb09aa); DICOM regenerated by Dicomifier 2.5.3 (+ gjesus3 workarounds) from the ParaVision 2dseq before ingest; operator pending claim (historical MRI, STATUS 0.5 Hold)"
20220303_151441_jrc220303_Palmira_array19F_1_1/61,"2022-03-03T23:31:50,756+0100",visu_pars.VisuCreationDate,,,jrc220303_Palmira_array19F,phantom,jrc220303_Palmira_array19F,,Bruker BioSpec 7T,1514,DICOM regenerated by Dicomifier 2.5.3 (+ gjesus3 workarounds) from the ParaVision 2dseq before ingest,"phantom study (phantom / QC, Q2); phantom / QC study (Q2): no project, as July's jrc phantoms; MRI platform archive backup_7T_olddata_260824/2022_pv6/20220303_151441_jrc220303_Palmira_array19F_1_1.tar.gz (SHA-1 c8cd4c88de115a5a4a07e5353d6c302feebb09aa); DICOM regenerated by Dicomifier 2.5.3 (+ gjesus3 workarounds) from the ParaVision 2dseq before ingest; operator pending claim (historical MRI, STATUS 0.5 Hold)"
20220303_151441_jrc220303_Palmira_array19F_1_1/62,"2022-03-03T23:40:10,347+0100",visu_pars.VisuCreationDate,,,jrc220303_Palmira_array19F,phantom,jrc220303_Palmira_array19F,,Bruker BioSpec 7T,1514,DICOM regenerated by Dicomifier 2.5.3 (+ gjesus3 workarounds) from the ParaVision 2dseq before ingest,"phantom study (phantom / QC, Q2); phantom / QC study (Q2): no project, as July's jrc phantoms; MRI platform archive backup_7T_olddata_260824/2022_pv6/20220303_151441_jrc220303_Palmira_array19F_1_1.tar.gz (SHA-1 c8cd4c88de115a5a4a07e5353d6c302feebb09aa); DICOM regenerated by Dicomifier 2.5.3 (+ gjesus3 workarounds) from the ParaVision 2dseq before ingest; operator pending claim (historical MRI, STATUS 0.5 Hold)"
20220303_151441_jrc220303_Palmira_array19F_1_1/63,"2022-03-03T23:59:41,311+0100",visu_pars.VisuCreationDate,,,jrc220303_Palmira_array19F,phantom,jrc220303_Palmira_array19F,,Bruker BioSpec 7T,1514,DICOM regenerated by Dicomifier 2.5.3 (+ gjesus3 workarounds) from the ParaVision 2dseq before ingest,"phantom study (phantom / QC, Q2); phantom / QC study (Q2): no project, as July's jrc phantoms; MRI platform archive backup_7T_olddata_260824/2022_pv6/20220303_151441_jrc220303_Palmira_array19F_1_1.tar.gz (SHA-1 c8cd4c88de115a5a4a07e5353d6c302feebb09aa); DICOM regenerated by Dicomifier 2.5.3 (+ gjesus3 workarounds) from the ParaVision 2dseq before ingest; operator pending claim (historical MRI, STATUS 0.5 Hold)"
20220303_151441_jrc220303_Palmira_array19F_1_1/64,"2022-03-03T23:53:08,543+0100",visu_pars.VisuCreationDate,,,jrc220303_Palmira_array19F,phantom,jrc220303_Palmira_array19F,,Bruker BioSpec 7T,1514,DICOM regenerated by Dicomifier 2.5.3 (+ gjesus3 workarounds) from the ParaVision 2dseq before ingest,"phantom study (phantom / QC, Q2); phantom / QC study (Q2): no project, as July's jrc phantoms; MRI platform archive backup_7T_olddata_260824/2022_pv6/20220303_151441_jrc220303_Palmira_array19F_1_1.tar.gz (SHA-1 c8cd4c88de115a5a4a07e5353d6c302feebb09aa); DICOM regenerated by Dicomifier 2.5.3 (+ gjesus3 workarounds) from the ParaVision 2dseq before ingest; operator pending claim (historical MRI, STATUS 0.5 Hold)"
20220303_151441_jrc220303_Palmira_array19F_1_1/65,"2022-03-04T08:45:42,733+0100",visu_pars.VisuCreationDate,,,jrc220303_Palmira_array19F,phantom,jrc220303_Palmira_array19F,,Bruker BioSpec 7T,1514,DICOM regenerated by Dicomifier 2.5.3 (+ gjesus3 workarounds) from the ParaVision 2dseq before ingest,"phantom study (phantom / QC, Q2); phantom / QC study (Q2): no project, as July's jrc phantoms; MRI platform archive backup_7T_olddata_260824/2022_pv6/20220303_151441_jrc220303_Palmira_array19F_1_1.tar.gz (SHA-1 c8cd4c88de115a5a4a07e5353d6c302feebb09aa); DICOM regenerated by Dicomifier 2.5.3 (+ gjesus3 workarounds) from the ParaVision 2dseq before ingest; operator pending claim (historical MRI, STATUS 0.5 Hold)"
20220303_151441_jrc220303_Palmira_array19F_1_1/66,"2022-03-04T09:05:54,265+0100",visu_pars.VisuCreationDate,,,jrc220303_Palmira_array19F,phantom,jrc220303_Palmira_array19F,,Bruker BioSpec 7T,1514,DICOM regenerated by Dicomifier 2.5.3 (+ gjesus3 workarounds) from the ParaVision 2dseq before ingest,"phantom study (phantom / QC, Q2); phantom / QC study (Q2): no project, as July's jrc phantoms; MRI platform archive backup_7T_olddata_260824/2022_pv6/20220303_151441_jrc220303_Palmira_array19F_1_1.tar.gz (SHA-1 c8cd4c88de115a5a4a07e5353d6c302feebb09aa); DICOM regenerated by Dicomifier 2.5.3 (+ gjesus3 workarounds) from the ParaVision 2dseq before ingest; operator pending claim (historical MRI, STATUS 0.5 Hold)"
20220303_151441_jrc220303_Palmira_array19F_1_1/68,"2022-03-04T09:27:42,352+0100",visu_pars.VisuCreationDate,,,jrc220303_Palmira_array19F,phantom,jrc220303_Palmira_array19F,,Bruker BioSpec 7T,1514,DICOM regenerated by Dicomifier 2.5.3 (+ gjesus3 workarounds) from the ParaVision 2dseq before ingest,"phantom study (phantom / QC, Q2); phantom / QC study (Q2): no project, as July's jrc phantoms; MRI platform archive backup_7T_olddata_260824/2022_pv6/20220303_151441_jrc220303_Palmira_array19F_1_1.tar.gz (SHA-1 c8cd4c88de115a5a4a07e5353d6c302feebb09aa); DICOM regenerated by Dicomifier 2.5.3 (+ gjesus3 workarounds) from the ParaVision 2dseq before ingest; operator pending claim (historical MRI, STATUS 0.5 Hold)"
20220303_151441_jrc220303_Palmira_array19F_1_1/69,"2022-03-04T09:42:35,121+0100",visu_pars.VisuCreationDate,,,jrc220303_Palmira_array19F,phantom,jrc220303_Palmira_array19F,,Bruker BioSpec 7T,1514,DICOM regenerated by Dicomifier 2.5.3 (+ gjesus3 workarounds) from the ParaVision 2dseq before ingest,"phantom study (phantom / QC, Q2); phantom / QC study (Q2): no project, as July's jrc phantoms; MRI platform archive backup_7T_olddata_260824/2022_pv6/20220303_151441_jrc220303_Palmira_array19F_1_1.tar.gz (SHA-1 c8cd4c88de115a5a4a07e5353d6c302feebb09aa); DICOM regenerated by Dicomifier 2.5.3 (+ gjesus3 workarounds) from the ParaVision 2dseq before ingest; operator pending claim (historical MRI, STATUS 0.5 Hold)"
20220303_151441_jrc220303_Palmira_array19F_1_1/70,"2022-03-04T09:53:19,083+0100",visu_pars.VisuCreationDate,,,jrc220303_Palmira_array19F,phantom,jrc220303_Palmira_array19F,,Bruker BioSpec 7T,1514,DICOM regenerated by Dicomifier 2.5.3 (+ gjesus3 workarounds) from the ParaVision 2dseq before ingest,"phantom study (phantom / QC, Q2); phantom / QC study (Q2): no project, as July's jrc phantoms; MRI platform archive backup_7T_olddata_260824/2022_pv6/20220303_151441_jrc220303_Palmira_array19F_1_1.tar.gz (SHA-1 c8cd4c88de115a5a4a07e5353d6c302feebb09aa); DICOM regenerated by Dicomifier 2.5.3 (+ gjesus3 workarounds) from the ParaVision 2dseq before ingest; operator pending claim (historical MRI, STATUS 0.5 Hold)"
20220303_151441_jrc220303_Palmira_array19F_1_1/71,"2022-03-04T09:57:57,690+0100",visu_pars.VisuCreationDate,,,jrc220303_Palmira_array19F,phantom,jrc220303_Palmira_array19F,,Bruker BioSpec 7T,1514,DICOM regenerated by Dicomifier 2.5.3 (+ gjesus3 workarounds) from the ParaVision 2dseq before ingest,"phantom study (phantom / QC, Q2); phantom / QC study (Q2): no project, as July's jrc phantoms; MRI platform archive backup_7T_olddata_260824/2022_pv6/20220303_151441_jrc220303_Palmira_array19F_1_1.tar.gz (SHA-1 c8cd4c88de115a5a4a07e5353d6c302feebb09aa); DICOM regenerated by Dicomifier 2.5.3 (+ gjesus3 workarounds) from the ParaVision 2dseq before ingest; operator pending claim (historical MRI, STATUS 0.5 Hold)"
20220303_151441_jrc220303_Palmira_array19F_1_1/72,"2022-03-04T10:07:42,705+0100",visu_pars.VisuCreationDate,,,jrc220303_Palmira_array19F,phantom,jrc220303_Palmira_array19F,,Bruker BioSpec 7T,1514,DICOM regenerated by Dicomifier 2.5.3 (+ gjesus3 workarounds) from the ParaVision 2dseq before ingest,"phantom study (phantom / QC, Q2); phantom / QC study (Q2): no project, as July's jrc phantoms; MRI platform archive backup_7T_olddata_260824/2022_pv6/20220303_151441_jrc220303_Palmira_array19F_1_1.tar.gz (SHA-1 c8cd4c88de115a5a4a07e5353d6c302feebb09aa); DICOM regenerated by Dicomifier 2.5.3 (+ gjesus3 workarounds) from the ParaVision 2dseq before ingest; operator pending claim (historical MRI, STATUS 0.5 Hold)"
20220303_151441_jrc220303_Palmira_array19F_1_1/73,"2022-03-04T10:14:25,557+0100",visu_pars.VisuCreationDate,,,jrc220303_Palmira_array19F,phantom,jrc220303_Palmira_array19F,,Bruker BioSpec 7T,1514,DICOM regenerated by Dicomifier 2.5.3 (+ gjesus3 workarounds) from the ParaVision 2dseq before ingest,"phantom study (phantom / QC, Q2); phantom / QC study (Q2): no project, as July's jrc phantoms; MRI platform archive backup_7T_olddata_260824/2022_pv6/20220303_151441_jrc220303_Palmira_array19F_1_1.tar.gz (SHA-1 c8cd4c88de115a5a4a07e5353d6c302feebb09aa); DICOM regenerated by Dicomifier 2.5.3 (+ gjesus3 workarounds) from the ParaVision 2dseq before ingest; operator pending claim (historical MRI, STATUS 0.5 Hold)"
20220303_151441_jrc220303_Palmira_array19F_1_1/74,"2022-03-04T10:21:12,444+0100",visu_pars.VisuCreationDate,,,jrc220303_Palmira_array19F,phantom,jrc220303_Palmira_array19F,,Bruker BioSpec 7T,1514,DICOM regenerated by Dicomifier 2.5.3 (+ gjesus3 workarounds) from the ParaVision 2dseq before ingest,"phantom study (phantom / QC, Q2); phantom / QC study (Q2): no project, as July's jrc phantoms; MRI platform archive backup_7T_olddata_260824/2022_pv6/20220303_151441_jrc220303_Palmira_array19F_1_1.tar.gz (SHA-1 c8cd4c88de115a5a4a07e5353d6c302feebb09aa); DICOM regenerated by Dicomifier 2.5.3 (+ gjesus3 workarounds) from the ParaVision 2dseq before ingest; operator pending claim (historical MRI, STATUS 0.5 Hold)"
20220303_151441_jrc220303_Palmira_array19F_1_1/75,"2022-03-04T10:29:51,226+0100",visu_pars.VisuCreationDate,,,jrc220303_Palmira_array19F,phantom,jrc220303_Palmira_array19F,,Bruker BioSpec 7T,1514,DICOM regenerated by Dicomifier 2.5.3 (+ gjesus3 workarounds) from the ParaVision 2dseq before ingest,"phantom study (phantom / QC, Q2); phantom / QC study (Q2): no project, as July's jrc phantoms; MRI platform archive backup_7T_olddata_260824/2022_pv6/20220303_151441_jrc220303_Palmira_array19F_1_1.tar.gz (SHA-1 c8cd4c88de115a5a4a07e5353d6c302feebb09aa); DICOM regenerated by Dicomifier 2.5.3 (+ gjesus3 workarounds) from the ParaVision 2dseq before ingest; operator pending claim (historical MRI, STATUS 0.5 Hold)"
20220304_113005_jrc220304_fluor_supcuad_1_1/6,"2022-03-04T11:56:06,699+0100",visu_pars.VisuCreationDate,,,jrc220304_fluor_supcuad,phantom,jrc220304_fluor_supcuad,,Bruker BioSpec 7T,1130,DICOM regenerated by Dicomifier 2.5.3 (+ gjesus3 workarounds) from the ParaVision 2dseq before ingest,"phantom study (phantom / QC, Q2); phantom / QC study (Q2): no project, as July's jrc phantoms; MRI platform archive backup_7T_olddata_260824/2022_pv6/20220304_113005_jrc220304_fluor_supcuad_1_1.tar.gz (SHA-1 1a99c75f203150ae4baea80cea23b272cecd6bb5); DICOM regenerated by Dicomifier 2.5.3 (+ gjesus3 workarounds) from the ParaVision 2dseq before ingest; operator pending claim (historical MRI, STATUS 0.5 Hold)"
20220304_113005_jrc220304_fluor_supcuad_1_1/11,"2022-03-04T12:05:00,168+0100",visu_pars.VisuCreationDate,,,jrc220304_fluor_supcuad,phantom,jrc220304_fluor_supcuad,,Bruker BioSpec 7T,1130,DICOM regenerated by Dicomifier 2.5.3 (+ gjesus3 workarounds) from the ParaVision 2dseq before ingest,"phantom study (phantom / QC, Q2); phantom / QC study (Q2): no project, as July's jrc phantoms; MRI platform archive backup_7T_olddata_260824/2022_pv6/20220304_113005_jrc220304_fluor_supcuad_1_1.tar.gz (SHA-1 1a99c75f203150ae4baea80cea23b272cecd6bb5); DICOM regenerated by Dicomifier 2.5.3 (+ gjesus3 workarounds) from the ParaVision 2dseq before ingest; operator pending claim (historical MRI, STATUS 0.5 Hold)"
20220304_113005_jrc220304_fluor_supcuad_1_1/12,"2022-03-04T12:08:57,133+0100",visu_pars.VisuCreationDate,,,jrc220304_fluor_supcuad,phantom,jrc220304_fluor_supcuad,,Bruker BioSpec 7T,1130,DICOM regenerated by Dicomifier 2.5.3 (+ gjesus3 workarounds) from the ParaVision 2dseq before ingest,"phantom study (phantom / QC, Q2); phantom / QC study (Q2): no project, as July's jrc phantoms; MRI platform archive backup_7T_olddata_260824/2022_pv6/20220304_113005_jrc220304_fluor_supcuad_1_1.tar.gz (SHA-1 1a99c75f203150ae4baea80cea23b272cecd6bb5); DICOM regenerated by Dicomifier 2.5.3 (+ gjesus3 workarounds) from the ParaVision 2dseq before ingest; operator pending claim (historical MRI, STATUS 0.5 Hold)"
20220304_113005_jrc220304_fluor_supcuad_1_1/17,"2022-03-04T12:17:44,344+0100",visu_pars.VisuCreationDate,,,jrc220304_fluor_supcuad,phantom,jrc220304_fluor_supcuad,,Bruker BioSpec 7T,1130,DICOM regenerated by Dicomifier 2.5.3 (+ gjesus3 workarounds) from the ParaVision 2dseq before ingest,"phantom study (phantom / QC, Q2); phantom / QC study (Q2): no project, as July's jrc phantoms; MRI platform archive backup_7T_olddata_260824/2022_pv6/20220304_113005_jrc220304_fluor_supcuad_1_1.tar.gz (SHA-1 1a99c75f203150ae4baea80cea23b272cecd6bb5); DICOM regenerated by Dicomifier 2.5.3 (+ gjesus3 workarounds) from the ParaVision 2dseq before ingest; operator pending claim (historical MRI, STATUS 0.5 Hold)"
20220304_113005_jrc220304_fluor_supcuad_1_1/19,"2022-03-04T12:21:04,803+0100",visu_pars.VisuCreationDate,,,jrc220304_fluor_supcuad,phantom,jrc220304_fluor_supcuad,,Bruker BioSpec 7T,1130,DICOM regenerated by Dicomifier 2.5.3 (+ gjesus3 workarounds) from the ParaVision 2dseq before ingest,"phantom study (phantom / QC, Q2); phantom / QC study (Q2): no project, as July's jrc phantoms; MRI platform archive backup_7T_olddata_260824/2022_pv6/20220304_113005_jrc220304_fluor_supcuad_1_1.tar.gz (SHA-1 1a99c75f203150ae4baea80cea23b272cecd6bb5); DICOM regenerated by Dicomifier 2.5.3 (+ gjesus3 workarounds) from the ParaVision 2dseq before ingest; operator pending claim (historical MRI, STATUS 0.5 Hold)"
20220304_113005_jrc220304_fluor_supcuad_1_1/20,"2022-03-04T12:27:10,658+0100",visu_pars.VisuCreationDate,,,jrc220304_fluor_supcuad,phantom,jrc220304_fluor_supcuad,,Bruker BioSpec 7T,1130,DICOM regenerated by Dicomifier 2.5.3 (+ gjesus3 workarounds) from the ParaVision 2dseq before ingest,"phantom study (phantom / QC, Q2); phantom / QC study (Q2): no project, as July's jrc phantoms; MRI platform archive backup_7T_olddata_260824/2022_pv6/20220304_113005_jrc220304_fluor_supcuad_1_1.tar.gz (SHA-1 1a99c75f203150ae4baea80cea23b272cecd6bb5); DICOM regenerated by Dicomifier 2.5.3 (+ gjesus3 workarounds) from the ParaVision 2dseq before ingest; operator pending claim (historical MRI, STATUS 0.5 Hold)"
20220304_113005_jrc220304_fluor_supcuad_1_1/21,"2022-03-04T12:32:05,152+0100",visu_pars.VisuCreationDate,,,jrc220304_fluor_supcuad,phantom,jrc220304_fluor_supcuad,,Bruker BioSpec 7T,1130,DICOM regenerated by Dicomifier 2.5.3 (+ gjesus3 workarounds) from the ParaVision 2dseq before ingest,"phantom study (phantom / QC, Q2); phantom / QC study (Q2): no project, as July's jrc phantoms; MRI platform archive backup_7T_olddata_260824/2022_pv6/20220304_113005_jrc220304_fluor_supcuad_1_1.tar.gz (SHA-1 1a99c75f203150ae4baea80cea23b272cecd6bb5); DICOM regenerated by Dicomifier 2.5.3 (+ gjesus3 workarounds) from the ParaVision 2dseq before ingest; operator pending claim (historical MRI, STATUS 0.5 Hold)"
20220304_113005_jrc220304_fluor_supcuad_1_1/22,"2022-03-04T12:37:32,294+0100",visu_pars.VisuCreationDate,,,jrc220304_fluor_supcuad,phantom,jrc220304_fluor_supcuad,,Bruker BioSpec 7T,1130,DICOM regenerated by Dicomifier 2.5.3 (+ gjesus3 workarounds) from the ParaVision 2dseq before ingest,"phantom study (phantom / QC, Q2); phantom / QC study (Q2): no project, as July's jrc phantoms; MRI platform archive backup_7T_olddata_260824/2022_pv6/20220304_113005_jrc220304_fluor_supcuad_1_1.tar.gz (SHA-1 1a99c75f203150ae4baea80cea23b272cecd6bb5); DICOM regenerated by Dicomifier 2.5.3 (+ gjesus3 workarounds) from the ParaVision 2dseq before ingest; operator pending claim (historical MRI, STATUS 0.5 Hold)"
20220304_113005_jrc220304_fluor_supcuad_1_1/23,"2022-03-04T12:47:13,227+0100",visu_pars.VisuCreationDate,,,jrc220304_fluor_supcuad,phantom,jrc220304_fluor_supcuad,,Bruker BioSpec 7T,1130,DICOM regenerated by Dicomifier 2.5.3 (+ gjesus3 workarounds) from the ParaVision 2dseq before ingest,"phantom study (phantom / QC, Q2); phantom / QC study (Q2): no project, as July's jrc phantoms; MRI platform archive backup_7T_olddata_260824/2022_pv6/20220304_113005_jrc220304_fluor_supcuad_1_1.tar.gz (SHA-1 1a99c75f203150ae4baea80cea23b272cecd6bb5); DICOM regenerated by Dicomifier 2.5.3 (+ gjesus3 workarounds) from the ParaVision 2dseq before ingest; operator pending claim (historical MRI, STATUS 0.5 Hold)"
20220304_113005_jrc220304_fluor_supcuad_1_1/24,"2022-03-04T13:04:57,903+0100",visu_pars.VisuCreationDate,,,jrc220304_fluor_supcuad,phantom,jrc220304_fluor_supcuad,,Bruker BioSpec 7T,1130,DICOM regenerated by Dicomifier 2.5.3 (+ gjesus3 workarounds) from the ParaVision 2dseq before ingest,"phantom study (phantom / QC, Q2); phantom / QC study (Q2): no project, as July's jrc phantoms; MRI platform archive backup_7T_olddata_260824/2022_pv6/20220304_113005_jrc220304_fluor_supcuad_1_1.tar.gz (SHA-1 1a99c75f203150ae4baea80cea23b272cecd6bb5); DICOM regenerated by Dicomifier 2.5.3 (+ gjesus3 workarounds) from the ParaVision 2dseq before ingest; operator pending claim (historical MRI, STATUS 0.5 Hold)"
20220304_113005_jrc220304_fluor_supcuad_1_1/26,"2022-03-04T13:10:34,819+0100",visu_pars.VisuCreationDate,,,jrc220304_fluor_supcuad,phantom,jrc220304_fluor_supcuad,,Bruker BioSpec 7T,1130,DICOM regenerated by Dicomifier 2.5.3 (+ gjesus3 workarounds) from the ParaVision 2dseq before ingest,"phantom study (phantom / QC, Q2); phantom / QC study (Q2): no project, as July's jrc phantoms; MRI platform archive backup_7T_olddata_260824/2022_pv6/20220304_113005_jrc220304_fluor_supcuad_1_1.tar.gz (SHA-1 1a99c75f203150ae4baea80cea23b272cecd6bb5); DICOM regenerated by Dicomifier 2.5.3 (+ gjesus3 workarounds) from the ParaVision 2dseq before ingest; operator pending claim (historical MRI, STATUS 0.5 Hold)"
20220304_113005_jrc220304_fluor_supcuad_1_1/27,"2022-03-04T13:13:38,386+0100",visu_pars.VisuCreationDate,,,jrc220304_fluor_supcuad,phantom,jrc220304_fluor_supcuad,,Bruker BioSpec 7T,1130,DICOM regenerated by Dicomifier 2.5.3 (+ gjesus3 workarounds) from the ParaVision 2dseq before ingest,"phantom study (phantom / QC, Q2); phantom / QC study (Q2): no project, as July's jrc phantoms; MRI platform archive backup_7T_olddata_260824/2022_pv6/20220304_113005_jrc220304_fluor_supcuad_1_1.tar.gz (SHA-1 1a99c75f203150ae4baea80cea23b272cecd6bb5); DICOM regenerated by Dicomifier 2.5.3 (+ gjesus3 workarounds) from the ParaVision 2dseq before ingest; operator pending claim (historical MRI, STATUS 0.5 Hold)"
20220304_113005_jrc220304_fluor_supcuad_1_1/30,"2022-03-04T13:17:32,283+0100",visu_pars.VisuCreationDate,,,jrc220304_fluor_supcuad,phantom,jrc220304_fluor_supcuad,,Bruker BioSpec 7T,1130,DICOM regenerated by Dicomifier 2.5.3 (+ gjesus3 workarounds) from the ParaVision 2dseq before ingest,"phantom study (phantom / QC, Q2); phantom / QC study (Q2): no project, as July's jrc phantoms; MRI platform archive backup_7T_olddata_260824/2022_pv6/20220304_113005_jrc220304_fluor_supcuad_1_1.tar.gz (SHA-1 1a99c75f203150ae4baea80cea23b272cecd6bb5); DICOM regenerated by Dicomifier 2.5.3 (+ gjesus3 workarounds) from the ParaVision 2dseq before ingest; operator pending claim (historical MRI, STATUS 0.5 Hold)"
20220304_113005_jrc220304_fluor_supcuad_1_1/31,"2022-03-04T13:20:41,381+0100",visu_pars.VisuCreationDate,,,jrc220304_fluor_supcuad,phantom,jrc220304_fluor_supcuad,,Bruker BioSpec 7T,1130,DICOM regenerated by Dicomifier 2.5.3 (+ gjesus3 workarounds) from the ParaVision 2dseq before ingest,"phantom study (phantom / QC, Q2); phantom / QC study (Q2): no project, as July's jrc phantoms; MRI platform archive backup_7T_olddata_260824/2022_pv6/20220304_113005_jrc220304_fluor_supcuad_1_1.tar.gz (SHA-1 1a99c75f203150ae4baea80cea23b272cecd6bb5); DICOM regenerated by Dicomifier 2.5.3 (+ gjesus3 workarounds) from the ParaVision 2dseq before ingest; operator pending claim (historical MRI, STATUS 0.5 Hold)"
20220304_113005_jrc220304_fluor_supcuad_1_1/32,"2022-03-04T13:30:00,830+0100",visu_pars.VisuCreationDate,,,jrc220304_fluor_supcuad,phantom,jrc220304_fluor_supcuad,,Bruker BioSpec 7T,1130,DICOM regenerated by Dicomifier 2.5.3 (+ gjesus3 workarounds) from the ParaVision 2dseq before ingest,"phantom study (phantom / QC, Q2); phantom / QC study (Q2): no project, as July's jrc phantoms; MRI platform archive backup_7T_olddata_260824/2022_pv6/20220304_113005_jrc220304_fluor_supcuad_1_1.tar.gz (SHA-1 1a99c75f203150ae4baea80cea23b272cecd6bb5); DICOM regenerated by Dicomifier 2.5.3 (+ gjesus3 workarounds) from the ParaVision 2dseq before ingest; operator pending claim (historical MRI, STATUS 0.5 Hold)"
20220304_113005_jrc220304_fluor_supcuad_1_1/35,"2022-03-04T13:32:16,842+0100",visu_pars.VisuCreationDate,,,jrc220304_fluor_supcuad,phantom,jrc220304_fluor_supcuad,,Bruker BioSpec 7T,1130,DICOM regenerated by Dicomifier 2.5.3 (+ gjesus3 workarounds) from the ParaVision 2dseq before ingest,"phantom study (phantom / QC, Q2); phantom / QC study (Q2): no project, as July's jrc phantoms; MRI platform archive backup_7T_olddata_260824/2022_pv6/20220304_113005_jrc220304_fluor_supcuad_1_1.tar.gz (SHA-1 1a99c75f203150ae4baea80cea23b272cecd6bb5); DICOM regenerated by Dicomifier 2.5.3 (+ gjesus3 workarounds) from the ParaVision 2dseq before ingest; operator pending claim (historical MRI, STATUS 0.5 Hold)"
20220304_113005_jrc220304_fluor_supcuad_1_1/41,"2022-03-04T13:51:54,578+0100",visu_pars.VisuCreationDate,,,jrc220304_fluor_supcuad,phantom,jrc220304_fluor_supcuad,,Bruker BioSpec 7T,1130,DICOM regenerated by Dicomifier 2.5.3 (+ gjesus3 workarounds) from the ParaVision 2dseq before ingest,"phantom study (phantom / QC, Q2); phantom / QC study (Q2): no project, as July's jrc phantoms; MRI platform archive backup_7T_olddata_260824/2022_pv6/20220304_113005_jrc220304_fluor_supcuad_1_1.tar.gz (SHA-1 1a99c75f203150ae4baea80cea23b272cecd6bb5); DICOM regenerated by Dicomifier 2.5.3 (+ gjesus3 workarounds) from the ParaVision 2dseq before ingest; operator pending claim (historical MRI, STATUS 0.5 Hold)"
20220304_113005_jrc220304_fluor_supcuad_1_1/42,"2022-03-04T13:55:11,452+0100",visu_pars.VisuCreationDate,,,jrc220304_fluor_supcuad,phantom,jrc220304_fluor_supcuad,,Bruker BioSpec 7T,1130,DICOM regenerated by Dicomifier 2.5.3 (+ gjesus3 workarounds) from the ParaVision 2dseq before ingest,"phantom study (phantom / QC, Q2); phantom / QC study (Q2): no project, as July's jrc phantoms; MRI platform archive backup_7T_olddata_260824/2022_pv6/20220304_113005_jrc220304_fluor_supcuad_1_1.tar.gz (SHA-1 1a99c75f203150ae4baea80cea23b272cecd6bb5); DICOM regenerated by Dicomifier 2.5.3 (+ gjesus3 workarounds) from the ParaVision 2dseq before ingest; operator pending claim (historical MRI, STATUS 0.5 Hold)"
20220304_113005_jrc220304_fluor_supcuad_1_1/43,"2022-03-04T13:57:15,561+0100",visu_pars.VisuCreationDate,,,jrc220304_fluor_supcuad,phantom,jrc220304_fluor_supcuad,,Bruker BioSpec 7T,1130,DICOM regenerated by Dicomifier 2.5.3 (+ gjesus3 workarounds) from the ParaVision 2dseq before ingest,"phantom study (phantom / QC, Q2); phantom / QC study (Q2): no project, as July's jrc phantoms; MRI platform archive backup_7T_olddata_260824/2022_pv6/20220304_113005_jrc220304_fluor_supcuad_1_1.tar.gz (SHA-1 1a99c75f203150ae4baea80cea23b272cecd6bb5); DICOM regenerated by Dicomifier 2.5.3 (+ gjesus3 workarounds) from the ParaVision 2dseq before ingest; operator pending claim (historical MRI, STATUS 0.5 Hold)"
20220304_113005_jrc220304_fluor_supcuad_1_1/44,"2022-03-04T14:00:28,289+0100",visu_pars.VisuCreationDate,,,jrc220304_fluor_supcuad,phantom,jrc220304_fluor_supcuad,,Bruker BioSpec 7T,1130,DICOM regenerated by Dicomifier 2.5.3 (+ gjesus3 workarounds) from the ParaVision 2dseq before ingest,"phantom study (phantom / QC, Q2); phantom / QC study (Q2): no project, as July's jrc phantoms; MRI platform archive backup_7T_olddata_260824/2022_pv6/20220304_113005_jrc220304_fluor_supcuad_1_1.tar.gz (SHA-1 1a99c75f203150ae4baea80cea23b272cecd6bb5); DICOM regenerated by Dicomifier 2.5.3 (+ gjesus3 workarounds) from the ParaVision 2dseq before ingest; operator pending claim (historical MRI, STATUS 0.5 Hold)"
20220304_113005_jrc220304_fluor_supcuad_1_1/46,"2022-03-04T14:08:18,228+0100",visu_pars.VisuCreationDate,,,jrc220304_fluor_supcuad,phantom,jrc220304_fluor_supcuad,,Bruker BioSpec 7T,1130,DICOM regenerated by Dicomifier 2.5.3 (+ gjesus3 workarounds) from the ParaVision 2dseq before ingest,"phantom study (phantom / QC, Q2); phantom / QC study (Q2): no project, as July's jrc phantoms; MRI platform archive backup_7T_olddata_260824/2022_pv6/20220304_113005_jrc220304_fluor_supcuad_1_1.tar.gz (SHA-1 1a99c75f203150ae4baea80cea23b272cecd6bb5); DICOM regenerated by Dicomifier 2.5.3 (+ gjesus3 workarounds) from the ParaVision 2dseq before ingest; operator pending claim (historical MRI, STATUS 0.5 Hold)"
20220304_113005_jrc220304_fluor_supcuad_1_1/47,"2022-03-04T14:13:31,201+0100",visu_pars.VisuCreationDate,,,jrc220304_fluor_supcuad,phantom,jrc220304_fluor_supcuad,,Bruker BioSpec 7T,1130,DICOM regenerated by Dicomifier 2.5.3 (+ gjesus3 workarounds) from the ParaVision 2dseq before ingest,"phantom study (phantom / QC, Q2); phantom / QC study (Q2): no project, as July's jrc phantoms; MRI platform archive backup_7T_olddata_260824/2022_pv6/20220304_113005_jrc220304_fluor_supcuad_1_1.tar.gz (SHA-1 1a99c75f203150ae4baea80cea23b272cecd6bb5); DICOM regenerated by Dicomifier 2.5.3 (+ gjesus3 workarounds) from the ParaVision 2dseq before ingest; operator pending claim (historical MRI, STATUS 0.5 Hold)"
20220304_113005_jrc220304_fluor_supcuad_1_1/53,"2022-03-04T14:55:03,309+0100",visu_pars.VisuCreationDate,,,jrc220304_fluor_supcuad,phantom,jrc220304_fluor_supcuad,,Bruker BioSpec 7T,1130,DICOM regenerated by Dicomifier 2.5.3 (+ gjesus3 workarounds) from the ParaVision 2dseq before ingest,"phantom study (phantom / QC, Q2); phantom / QC study (Q2): no project, as July's jrc phantoms; MRI platform archive backup_7T_olddata_260824/2022_pv6/20220304_113005_jrc220304_fluor_supcuad_1_1.tar.gz (SHA-1 1a99c75f203150ae4baea80cea23b272cecd6bb5); DICOM regenerated by Dicomifier 2.5.3 (+ gjesus3 workarounds) from the ParaVision 2dseq before ingest; operator pending claim (historical MRI, STATUS 0.5 Hold)"
20220304_113005_jrc220304_fluor_supcuad_1_1/56,"2022-03-04T15:05:05,658+0100",visu_pars.VisuCreationDate,,,jrc220304_fluor_supcuad,phantom,jrc220304_fluor_supcuad,,Bruker BioSpec 7T,1130,DICOM regenerated by Dicomifier 2.5.3 (+ gjesus3 workarounds) from the ParaVision 2dseq before ingest,"phantom study (phantom / QC, Q2); phantom / QC study (Q2): no project, as July's jrc phantoms; MRI platform archive backup_7T_olddata_260824/2022_pv6/20220304_113005_jrc220304_fluor_supcuad_1_1.tar.gz (SHA-1 1a99c75f203150ae4baea80cea23b272cecd6bb5); DICOM regenerated by Dicomifier 2.5.3 (+ gjesus3 workarounds) from the ParaVision 2dseq before ingest; operator pending claim (historical MRI, STATUS 0.5 Hold)"
20220324_151835_jrc220324_Phantom_AB_jrc220324_Phantom_AB_1_1/3,"2022-03-24T15:28:09,244+0100",visu_pars.VisuCreationDate,,,jrc220324_Phantom_AB,phantom,jrc220324_Phantom_AB,,Bruker BioSpec 7T,1518,DICOM regenerated by Dicomifier 2.5.3 (+ gjesus3 workarounds) from the ParaVision 2dseq before ingest,"phantom study (phantom / QC, Q2); phantom / QC study (Q2): no project, as July's jrc phantoms; MRI platform archive backup_7T_olddata_260824/2022_pv7/20220324_151835_jrc220324_Phantom_AB_jrc220324_Phantom_AB_1_1.tar.gz (SHA-1 f758089728c96a1f8778a44bc76f43017c8a5e5e); DICOM regenerated by Dicomifier 2.5.3 (+ gjesus3 workarounds) from the ParaVision 2dseq before ingest; operator pending claim (historical MRI, STATUS 0.5 Hold)"
20220324_151835_jrc220324_Phantom_AB_jrc220324_Phantom_AB_1_1/4,"2022-03-24T15:30:44,983+0100",visu_pars.VisuCreationDate,,,jrc220324_Phantom_AB,phantom,jrc220324_Phantom_AB,,Bruker BioSpec 7T,1518,DICOM regenerated by Dicomifier 2.5.3 (+ gjesus3 workarounds) from the ParaVision 2dseq before ingest,"phantom study (phantom / QC, Q2); phantom / QC study (Q2): no project, as July's jrc phantoms; MRI platform archive backup_7T_olddata_260824/2022_pv7/20220324_151835_jrc220324_Phantom_AB_jrc220324_Phantom_AB_1_1.tar.gz (SHA-1 f758089728c96a1f8778a44bc76f43017c8a5e5e); DICOM regenerated by Dicomifier 2.5.3 (+ gjesus3 workarounds) from the ParaVision 2dseq before ingest; operator pending claim (historical MRI, STATUS 0.5 Hold)"
20220324_151835_jrc220324_Phantom_AB_jrc220324_Phantom_AB_1_1/5,"2022-03-24T15:32:18,372+0100",visu_pars.VisuCreationDate,,,jrc220324_Phantom_AB,phantom,jrc220324_Phantom_AB,,Bruker BioSpec 7T,1518,DICOM regenerated by Dicomifier 2.5.3 (+ gjesus3 workarounds) from the ParaVision 2dseq before ingest,"phantom study (phantom / QC, Q2); phantom / QC study (Q2): no project, as July's jrc phantoms; MRI platform archive backup_7T_olddata_260824/2022_pv7/20220324_151835_jrc220324_Phantom_AB_jrc220324_Phantom_AB_1_1.tar.gz (SHA-1 f758089728c96a1f8778a44bc76f43017c8a5e5e); DICOM regenerated by Dicomifier 2.5.3 (+ gjesus3 workarounds) from the ParaVision 2dseq before ingest; operator pending claim (historical MRI, STATUS 0.5 Hold)"
20220324_151835_jrc220324_Phantom_AB_jrc220324_Phantom_AB_1_1/6,"2022-03-24T17:07:44,314+0100",visu_pars.VisuCreationDate,,,jrc220324_Phantom_AB,phantom,jrc220324_Phantom_AB,,Bruker BioSpec 7T,1518,DICOM regenerated by Dicomifier 2.5.3 (+ gjesus3 workarounds) from the ParaVision 2dseq before ingest,"phantom study (phantom / QC, Q2); phantom / QC study (Q2): no project, as July's jrc phantoms; MRI platform archive backup_7T_olddata_260824/2022_pv7/20220324_151835_jrc220324_Phantom_AB_jrc220324_Phantom_AB_1_1.tar.gz (SHA-1 f758089728c96a1f8778a44bc76f43017c8a5e5e); DICOM regenerated by Dicomifier 2.5.3 (+ gjesus3 workarounds) from the ParaVision 2dseq before ingest; operator pending claim (historical MRI, STATUS 0.5 Hold)"
20220324_151835_jrc220324_Phantom_AB_jrc220324_Phantom_AB_1_1/7,"2022-03-24T18:02:02,801+0100",visu_pars.VisuCreationDate,,,jrc220324_Phantom_AB,phantom,jrc220324_Phantom_AB,,Bruker BioSpec 7T,1518,DICOM regenerated by Dicomifier 2.5.3 (+ gjesus3 workarounds) from the ParaVision 2dseq before ingest,"phantom study (phantom / QC, Q2); phantom / QC study (Q2): no project, as July's jrc phantoms; MRI platform archive backup_7T_olddata_260824/2022_pv7/20220324_151835_jrc220324_Phantom_AB_jrc220324_Phantom_AB_1_1.tar.gz (SHA-1 f758089728c96a1f8778a44bc76f43017c8a5e5e); DICOM regenerated by Dicomifier 2.5.3 (+ gjesus3 workarounds) from the ParaVision 2dseq before ingest; operator pending claim (historical MRI, STATUS 0.5 Hold)"
20220325_091840_jrc220325_Phantom_GAB_ionNPs_jrc220325_Phan_1_1/1,"2022-03-25T09:24:26,577+0100",visu_pars.VisuCreationDate,,,jrc220325_Phantom_GAB_ionNPs_jrc220325_Phan,phantom,jrc220325_Phantom_GAB_ionNPs_jrc220325_Phan,,Bruker BioSpec 7T,0918,DICOM regenerated by Dicomifier 2.5.3 (+ gjesus3 workarounds) from the ParaVision 2dseq before ingest,"phantom study (phantom / QC, Q2); phantom / QC study (Q2): no project, as July's jrc phantoms; MRI platform archive backup_7T_olddata_260824/2022_pv7/20220325_091840_jrc220325_Phantom_GAB_ionNPs_jrc220325_Phan_1_1.tar.gz (SHA-1 ffbe3001ce146473d8cdde6944a60b553eb99782); DICOM regenerated by Dicomifier 2.5.3 (+ gjesus3 workarounds) from the ParaVision 2dseq before ingest; operator pending claim (historical MRI, STATUS 0.5 Hold)"
20220325_091840_jrc220325_Phantom_GAB_ionNPs_jrc220325_Phan_1_1/2,"2022-03-25T09:29:27,082+0100",visu_pars.VisuCreationDate,,,jrc220325_Phantom_GAB_ionNPs_jrc220325_Phan,phantom,jrc220325_Phantom_GAB_ionNPs_jrc220325_Phan,,Bruker BioSpec 7T,0918,DICOM regenerated by Dicomifier 2.5.3 (+ gjesus3 workarounds) from the ParaVision 2dseq before ingest,"phantom study (phantom / QC, Q2); phantom / QC study (Q2): no project, as July's jrc phantoms; MRI platform archive backup_7T_olddata_260824/2022_pv7/20220325_091840_jrc220325_Phantom_GAB_ionNPs_jrc220325_Phan_1_1.tar.gz (SHA-1 ffbe3001ce146473d8cdde6944a60b553eb99782); DICOM regenerated by Dicomifier 2.5.3 (+ gjesus3 workarounds) from the ParaVision 2dseq before ingest; operator pending claim (historical MRI, STATUS 0.5 Hold)"
20220325_091840_jrc220325_Phantom_GAB_ionNPs_jrc220325_Phan_1_1/3,"2022-03-25T11:04:10,960+0100",visu_pars.VisuCreationDate,,,jrc220325_Phantom_GAB_ionNPs_jrc220325_Phan,phantom,jrc220325_Phantom_GAB_ionNPs_jrc220325_Phan,,Bruker BioSpec 7T,0918,DICOM regenerated by Dicomifier 2.5.3 (+ gjesus3 workarounds) from the ParaVision 2dseq before ingest,"phantom study (phantom / QC, Q2); phantom / QC study (Q2): no project, as July's jrc phantoms; MRI platform archive backup_7T_olddata_260824/2022_pv7/20220325_091840_jrc220325_Phantom_GAB_ionNPs_jrc220325_Phan_1_1.tar.gz (SHA-1 ffbe3001ce146473d8cdde6944a60b553eb99782); DICOM regenerated by Dicomifier 2.5.3 (+ gjesus3 workarounds) from the ParaVision 2dseq before ingest; operator pending claim (historical MRI, STATUS 0.5 Hold)"
20220325_091840_jrc220325_Phantom_GAB_ionNPs_jrc220325_Phan_1_1/4,"2022-03-25T11:58:53,020+0100",visu_pars.VisuCreationDate,,,jrc220325_Phantom_GAB_ionNPs_jrc220325_Phan,phantom,jrc220325_Phantom_GAB_ionNPs_jrc220325_Phan,,Bruker BioSpec 7T,0918,DICOM regenerated by Dicomifier 2.5.3 (+ gjesus3 workarounds) from the ParaVision 2dseq before ingest,"phantom study (phantom / QC, Q2); phantom / QC study (Q2): no project, as July's jrc phantoms; MRI platform archive backup_7T_olddata_260824/2022_pv7/20220325_091840_jrc220325_Phantom_GAB_ionNPs_jrc220325_Phan_1_1.tar.gz (SHA-1 ffbe3001ce146473d8cdde6944a60b553eb99782); DICOM regenerated by Dicomifier 2.5.3 (+ gjesus3 workarounds) from the ParaVision 2dseq before ingest; operator pending claim (historical MRI, STATUS 0.5 Hold)"
20220325_091840_jrc220325_Phantom_GAB_ionNPs_jrc220325_Phan_1_1/8,"2022-03-25T12:00:55,128+0100",visu_pars.VisuCreationDate,,,jrc220325_Phantom_GAB_ionNPs_jrc220325_Phan,phantom,jrc220325_Phantom_GAB_ionNPs_jrc220325_Phan,,Bruker BioSpec 7T,0918,DICOM regenerated by Dicomifier 2.5.3 (+ gjesus3 workarounds) from the ParaVision 2dseq before ingest,"phantom study (phantom / QC, Q2); phantom / QC study (Q2): no project, as July's jrc phantoms; MRI platform archive backup_7T_olddata_260824/2022_pv7/20220325_091840_jrc220325_Phantom_GAB_ionNPs_jrc220325_Phan_1_1.tar.gz (SHA-1 ffbe3001ce146473d8cdde6944a60b553eb99782); DICOM regenerated by Dicomifier 2.5.3 (+ gjesus3 workarounds) from the ParaVision 2dseq before ingest; operator pending claim (historical MRI, STATUS 0.5 Hold)"
20220325_091840_jrc220325_Phantom_GAB_ionNPs_jrc220325_Phan_1_1/11,"2022-03-25T12:08:29,585+0100",visu_pars.VisuCreationDate,,,jrc220325_Phantom_GAB_ionNPs_jrc220325_Phan,phantom,jrc220325_Phantom_GAB_ionNPs_jrc220325_Phan,,Bruker BioSpec 7T,0918,DICOM regenerated by Dicomifier 2.5.3 (+ gjesus3 workarounds) from the ParaVision 2dseq before ingest,"phantom study (phantom / QC, Q2); phantom / QC study (Q2): no project, as July's jrc phantoms; MRI platform archive backup_7T_olddata_260824/2022_pv7/20220325_091840_jrc220325_Phantom_GAB_ionNPs_jrc220325_Phan_1_1.tar.gz (SHA-1 ffbe3001ce146473d8cdde6944a60b553eb99782); DICOM regenerated by Dicomifier 2.5.3 (+ gjesus3 workarounds) from the ParaVision 2dseq before ingest; operator pending claim (historical MRI, STATUS 0.5 Hold)"
20220325_091840_jrc220325_Phantom_GAB_ionNPs_jrc220325_Phan_1_1/12,"2022-03-25T12:09:34,009+0100",visu_pars.VisuCreationDate,,,jrc220325_Phantom_GAB_ionNPs_jrc220325_Phan,phantom,jrc220325_Phantom_GAB_ionNPs_jrc220325_Phan,,Bruker BioSpec 7T,0918,DICOM regenerated by Dicomifier 2.5.3 (+ gjesus3 workarounds) from the ParaVision 2dseq before ingest,"phantom study (phantom / QC, Q2); phantom / QC study (Q2): no project, as July's jrc phantoms; MRI platform archive backup_7T_olddata_260824/2022_pv7/20220325_091840_jrc220325_Phantom_GAB_ionNPs_jrc220325_Phan_1_1.tar.gz (SHA-1 ffbe3001ce146473d8cdde6944a60b553eb99782); DICOM regenerated by Dicomifier 2.5.3 (+ gjesus3 workarounds) from the ParaVision 2dseq before ingest; operator pending claim (historical MRI, STATUS 0.5 Hold)"
20220325_091840_jrc220325_Phantom_GAB_ionNPs_jrc220325_Phan_1_1/13,"2022-03-25T12:11:08,655+0100",visu_pars.VisuCreationDate,,,jrc220325_Phantom_GAB_ionNPs_jrc220325_Phan,phantom,jrc220325_Phantom_GAB_ionNPs_jrc220325_Phan,,Bruker BioSpec 7T,0918,DICOM regenerated by Dicomifier 2.5.3 (+ gjesus3 workarounds) from the ParaVision 2dseq before ingest,"phantom study (phantom / QC, Q2); phantom / QC study (Q2): no project, as July's jrc phantoms; MRI platform archive backup_7T_olddata_260824/2022_pv7/20220325_091840_jrc220325_Phantom_GAB_ionNPs_jrc220325_Phan_1_1.tar.gz (SHA-1 ffbe3001ce146473d8cdde6944a60b553eb99782); DICOM regenerated by Dicomifier 2.5.3 (+ gjesus3 workarounds) from the ParaVision 2dseq before ingest; operator pending claim (historical MRI, STATUS 0.5 Hold)"
20220426_150815_jrc220426_PalmiraSUC_1_1/20,"2022-04-26T16:19:43,634+0200",visu_pars.VisuCreationDate,,,jrc220426_PalmiraSUC,phantom,jrc220426_PalmiraSUC,,Bruker BioSpec 7T,1508,DICOM regenerated by Dicomifier 2.5.3 (+ gjesus3 workarounds) from the ParaVision 2dseq before ingest,"phantom study (phantom / QC, Q2); phantom / QC study (Q2): no project, as July's jrc phantoms; MRI platform archive backup_7T_olddata_260824/2022_PV6_PV7/20220426_150815_jrc220426_PalmiraSUC_1_1.tar.xz (SHA-1 f7990b6aed7408ddd49502786c0c278bed9ddc9e); DICOM regenerated by Dicomifier 2.5.3 (+ gjesus3 workarounds) from the ParaVision 2dseq before ingest; operator pending claim (historical MRI, STATUS 0.5 Hold)"
20220426_150815_jrc220426_PalmiraSUC_1_1/23,"2022-04-26T16:23:34,188+0200",visu_pars.VisuCreationDate,,,jrc220426_PalmiraSUC,phantom,jrc220426_PalmiraSUC,,Bruker BioSpec 7T,1508,DICOM regenerated by Dicomifier 2.5.3 (+ gjesus3 workarounds) from the ParaVision 2dseq before ingest,"phantom study (phantom / QC, Q2); phantom / QC study (Q2): no project, as July's jrc phantoms; MRI platform archive backup_7T_olddata_260824/2022_PV6_PV7/20220426_150815_jrc220426_PalmiraSUC_1_1.tar.xz (SHA-1 f7990b6aed7408ddd49502786c0c278bed9ddc9e); DICOM regenerated by Dicomifier 2.5.3 (+ gjesus3 workarounds) from the ParaVision 2dseq before ingest; operator pending claim (historical MRI, STATUS 0.5 Hold)"
20220426_150815_jrc220426_PalmiraSUC_1_1/25,"2022-04-26T16:27:16,284+0200",visu_pars.VisuCreationDate,,,jrc220426_PalmiraSUC,phantom,jrc220426_PalmiraSUC,,Bruker BioSpec 7T,1508,DICOM regenerated by Dicomifier 2.5.3 (+ gjesus3 workarounds) from the ParaVision 2dseq before ingest,"phantom study (phantom / QC, Q2); phantom / QC study (Q2): no project, as July's jrc phantoms; MRI platform archive backup_7T_olddata_260824/2022_PV6_PV7/20220426_150815_jrc220426_PalmiraSUC_1_1.tar.xz (SHA-1 f7990b6aed7408ddd49502786c0c278bed9ddc9e); DICOM regenerated by Dicomifier 2.5.3 (+ gjesus3 workarounds) from the ParaVision 2dseq before ingest; operator pending claim (historical MRI, STATUS 0.5 Hold)"
20220426_150815_jrc220426_PalmiraSUC_1_1/26,"2022-04-26T16:30:08,188+0200",visu_pars.VisuCreationDate,,,jrc220426_PalmiraSUC,phantom,jrc220426_PalmiraSUC,,Bruker BioSpec 7T,1508,DICOM regenerated by Dicomifier 2.5.3 (+ gjesus3 workarounds) from the ParaVision 2dseq before ingest,"phantom study (phantom / QC, Q2); phantom / QC study (Q2): no project, as July's jrc phantoms; MRI platform archive backup_7T_olddata_260824/2022_PV6_PV7/20220426_150815_jrc220426_PalmiraSUC_1_1.tar.xz (SHA-1 f7990b6aed7408ddd49502786c0c278bed9ddc9e); DICOM regenerated by Dicomifier 2.5.3 (+ gjesus3 workarounds) from the ParaVision 2dseq before ingest; operator pending claim (historical MRI, STATUS 0.5 Hold)"
20220426_150815_jrc220426_PalmiraSUC_1_1/27,"2022-04-26T16:39:01,260+0200",visu_pars.VisuCreationDate,,,jrc220426_PalmiraSUC,phantom,jrc220426_PalmiraSUC,,Bruker BioSpec 7T,1508,DICOM regenerated by Dicomifier 2.5.3 (+ gjesus3 workarounds) from the ParaVision 2dseq before ingest,"phantom study (phantom / QC, Q2); phantom / QC study (Q2): no project, as July's jrc phantoms; MRI platform archive backup_7T_olddata_260824/2022_PV6_PV7/20220426_150815_jrc220426_PalmiraSUC_1_1.tar.xz (SHA-1 f7990b6aed7408ddd49502786c0c278bed9ddc9e); DICOM regenerated by Dicomifier 2.5.3 (+ gjesus3 workarounds) from the ParaVision 2dseq before ingest; operator pending claim (historical MRI, STATUS 0.5 Hold)"
20220426_150815_jrc220426_PalmiraSUC_1_1/29,"2022-04-26T16:48:55,484+0200",visu_pars.VisuCreationDate,,,jrc220426_PalmiraSUC,phantom,jrc220426_PalmiraSUC,,Bruker BioSpec 7T,1508,DICOM regenerated by Dicomifier 2.5.3 (+ gjesus3 workarounds) from the ParaVision 2dseq before ingest,"phantom study (phantom / QC, Q2); phantom / QC study (Q2): no project, as July's jrc phantoms; MRI platform archive backup_7T_olddata_260824/2022_PV6_PV7/20220426_150815_jrc220426_PalmiraSUC_1_1.tar.xz (SHA-1 f7990b6aed7408ddd49502786c0c278bed9ddc9e); DICOM regenerated by Dicomifier 2.5.3 (+ gjesus3 workarounds) from the ParaVision 2dseq before ingest; operator pending claim (historical MRI, STATUS 0.5 Hold)"
20220426_150815_jrc220426_PalmiraSUC_1_1/30,"2022-04-26T16:52:20,435+0200",visu_pars.VisuCreationDate,,,jrc220426_PalmiraSUC,phantom,jrc220426_PalmiraSUC,,Bruker BioSpec 7T,1508,DICOM regenerated by Dicomifier 2.5.3 (+ gjesus3 workarounds) from the ParaVision 2dseq before ingest,"phantom study (phantom / QC, Q2); phantom / QC study (Q2): no project, as July's jrc phantoms; MRI platform archive backup_7T_olddata_260824/2022_PV6_PV7/20220426_150815_jrc220426_PalmiraSUC_1_1.tar.xz (SHA-1 f7990b6aed7408ddd49502786c0c278bed9ddc9e); DICOM regenerated by Dicomifier 2.5.3 (+ gjesus3 workarounds) from the ParaVision 2dseq before ingest; operator pending claim (historical MRI, STATUS 0.5 Hold)"
20220426_150815_jrc220426_PalmiraSUC_1_1/31,"2022-04-26T16:55:44,244+0200",visu_pars.VisuCreationDate,,,jrc220426_PalmiraSUC,phantom,jrc220426_PalmiraSUC,,Bruker BioSpec 7T,1508,DICOM regenerated by Dicomifier 2.5.3 (+ gjesus3 workarounds) from the ParaVision 2dseq before ingest,"phantom study (phantom / QC, Q2); phantom / QC study (Q2): no project, as July's jrc phantoms; MRI platform archive backup_7T_olddata_260824/2022_PV6_PV7/20220426_150815_jrc220426_PalmiraSUC_1_1.tar.xz (SHA-1 f7990b6aed7408ddd49502786c0c278bed9ddc9e); DICOM regenerated by Dicomifier 2.5.3 (+ gjesus3 workarounds) from the ParaVision 2dseq before ingest; operator pending claim (historical MRI, STATUS 0.5 Hold)"
20220426_150815_jrc220426_PalmiraSUC_1_1/32,"2022-04-26T16:57:57,187+0200",visu_pars.VisuCreationDate,,,jrc220426_PalmiraSUC,phantom,jrc220426_PalmiraSUC,,Bruker BioSpec 7T,1508,DICOM regenerated by Dicomifier 2.5.3 (+ gjesus3 workarounds) from the ParaVision 2dseq before ingest,"phantom study (phantom / QC, Q2); phantom / QC study (Q2): no project, as July's jrc phantoms; MRI platform archive backup_7T_olddata_260824/2022_PV6_PV7/20220426_150815_jrc220426_PalmiraSUC_1_1.tar.xz (SHA-1 f7990b6aed7408ddd49502786c0c278bed9ddc9e); DICOM regenerated by Dicomifier 2.5.3 (+ gjesus3 workarounds) from the ParaVision 2dseq before ingest; operator pending claim (historical MRI, STATUS 0.5 Hold)"
20220426_150815_jrc220426_PalmiraSUC_1_1/33,"2022-04-26T17:03:38,108+0200",visu_pars.VisuCreationDate,,,jrc220426_PalmiraSUC,phantom,jrc220426_PalmiraSUC,,Bruker BioSpec 7T,1508,DICOM regenerated by Dicomifier 2.5.3 (+ gjesus3 workarounds) from the ParaVision 2dseq before ingest,"phantom study (phantom / QC, Q2); phantom / QC study (Q2): no project, as July's jrc phantoms; MRI platform archive backup_7T_olddata_260824/2022_PV6_PV7/20220426_150815_jrc220426_PalmiraSUC_1_1.tar.xz (SHA-1 f7990b6aed7408ddd49502786c0c278bed9ddc9e); DICOM regenerated by Dicomifier 2.5.3 (+ gjesus3 workarounds) from the ParaVision 2dseq before ingest; operator pending claim (historical MRI, STATUS 0.5 Hold)"
20220426_150815_jrc220426_PalmiraSUC_1_1/40,"2022-04-26T17:34:49,901+0200",visu_pars.VisuCreationDate,,,jrc220426_PalmiraSUC,phantom,jrc220426_PalmiraSUC,,Bruker BioSpec 7T,1508,DICOM regenerated by Dicomifier 2.5.3 (+ gjesus3 workarounds) from the ParaVision 2dseq before ingest,"phantom study (phantom / QC, Q2); phantom / QC study (Q2): no project, as July's jrc phantoms; MRI platform archive backup_7T_olddata_260824/2022_PV6_PV7/20220426_150815_jrc220426_PalmiraSUC_1_1.tar.xz (SHA-1 f7990b6aed7408ddd49502786c0c278bed9ddc9e); DICOM regenerated by Dicomifier 2.5.3 (+ gjesus3 workarounds) from the ParaVision 2dseq before ingest; operator pending claim (historical MRI, STATUS 0.5 Hold)"
20220426_150815_jrc220426_PalmiraSUC_1_1/41,"2022-04-26T17:38:02,645+0200",visu_pars.VisuCreationDate,,,jrc220426_PalmiraSUC,phantom,jrc220426_PalmiraSUC,,Bruker BioSpec 7T,1508,DICOM regenerated by Dicomifier 2.5.3 (+ gjesus3 workarounds) from the ParaVision 2dseq before ingest,"phantom study (phantom / QC, Q2); phantom / QC study (Q2): no project, as July's jrc phantoms; MRI platform archive backup_7T_olddata_260824/2022_PV6_PV7/20220426_150815_jrc220426_PalmiraSUC_1_1.tar.xz (SHA-1 f7990b6aed7408ddd49502786c0c278bed9ddc9e); DICOM regenerated by Dicomifier 2.5.3 (+ gjesus3 workarounds) from the ParaVision 2dseq before ingest; operator pending claim (historical MRI, STATUS 0.5 Hold)"
20220426_150815_jrc220426_PalmiraSUC_1_1/42,"2022-04-26T18:03:26,907+0200",visu_pars.VisuCreationDate,,,jrc220426_PalmiraSUC,phantom,jrc220426_PalmiraSUC,,Bruker BioSpec 7T,1508,DICOM regenerated by Dicomifier 2.5.3 (+ gjesus3 workarounds) from the ParaVision 2dseq before ingest,"phantom study (phantom / QC, Q2); phantom / QC study (Q2): no project, as July's jrc phantoms; MRI platform archive backup_7T_olddata_260824/2022_PV6_PV7/20220426_150815_jrc220426_PalmiraSUC_1_1.tar.xz (SHA-1 f7990b6aed7408ddd49502786c0c278bed9ddc9e); DICOM regenerated by Dicomifier 2.5.3 (+ gjesus3 workarounds) from the ParaVision 2dseq before ingest; operator pending claim (historical MRI, STATUS 0.5 Hold)"
20220426_150815_jrc220426_PalmiraSUC_1_1/44,"2022-04-26T18:06:15,228+0200",visu_pars.VisuCreationDate,,,jrc220426_PalmiraSUC,phantom,jrc220426_PalmiraSUC,,Bruker BioSpec 7T,1508,DICOM regenerated by Dicomifier 2.5.3 (+ gjesus3 workarounds) from the ParaVision 2dseq before ingest,"phantom study (phantom / QC, Q2); phantom / QC study (Q2): no project, as July's jrc phantoms; MRI platform archive backup_7T_olddata_260824/2022_PV6_PV7/20220426_150815_jrc220426_PalmiraSUC_1_1.tar.xz (SHA-1 f7990b6aed7408ddd49502786c0c278bed9ddc9e); DICOM regenerated by Dicomifier 2.5.3 (+ gjesus3 workarounds) from the ParaVision 2dseq before ingest; operator pending claim (historical MRI, STATUS 0.5 Hold)"
20220426_150815_jrc220426_PalmiraSUC_1_1/45,"2022-04-26T18:08:41,291+0200",visu_pars.VisuCreationDate,,,jrc220426_PalmiraSUC,phantom,jrc220426_PalmiraSUC,,Bruker BioSpec 7T,1508,DICOM regenerated by Dicomifier 2.5.3 (+ gjesus3 workarounds) from the ParaVision 2dseq before ingest,"phantom study (phantom / QC, Q2); phantom / QC study (Q2): no project, as July's jrc phantoms; MRI platform archive backup_7T_olddata_260824/2022_PV6_PV7/20220426_150815_jrc220426_PalmiraSUC_1_1.tar.xz (SHA-1 f7990b6aed7408ddd49502786c0c278bed9ddc9e); DICOM regenerated by Dicomifier 2.5.3 (+ gjesus3 workarounds) from the ParaVision 2dseq before ingest; operator pending claim (historical MRI, STATUS 0.5 Hold)"
20220426_150815_jrc220426_PalmiraSUC_1_1/46,"2022-04-26T18:18:57,949+0200",visu_pars.VisuCreationDate,,,jrc220426_PalmiraSUC,phantom,jrc220426_PalmiraSUC,,Bruker BioSpec 7T,1508,DICOM regenerated by Dicomifier 2.5.3 (+ gjesus3 workarounds) from the ParaVision 2dseq before ingest,"phantom study (phantom / QC, Q2); phantom / QC study (Q2): no project, as July's jrc phantoms; MRI platform archive backup_7T_olddata_260824/2022_PV6_PV7/20220426_150815_jrc220426_PalmiraSUC_1_1.tar.xz (SHA-1 f7990b6aed7408ddd49502786c0c278bed9ddc9e); DICOM regenerated by Dicomifier 2.5.3 (+ gjesus3 workarounds) from the ParaVision 2dseq before ingest; operator pending claim (historical MRI, STATUS 0.5 Hold)"
20220426_150815_jrc220426_PalmiraSUC_1_1/47,"2022-04-26T18:11:39,005+0200",visu_pars.VisuCreationDate,,,jrc220426_PalmiraSUC,phantom,jrc220426_PalmiraSUC,,Bruker BioSpec 7T,1508,DICOM regenerated by Dicomifier 2.5.3 (+ gjesus3 workarounds) from the ParaVision 2dseq before ingest,"phantom study (phantom / QC, Q2); phantom / QC study (Q2): no project, as July's jrc phantoms; MRI platform archive backup_7T_olddata_260824/2022_PV6_PV7/20220426_150815_jrc220426_PalmiraSUC_1_1.tar.xz (SHA-1 f7990b6aed7408ddd49502786c0c278bed9ddc9e); DICOM regenerated by Dicomifier 2.5.3 (+ gjesus3 workarounds) from the ParaVision 2dseq before ingest; operator pending claim (historical MRI, STATUS 0.5 Hold)"
20220426_150815_jrc220426_PalmiraSUC_1_1/50,"2022-04-26T18:20:29,451+0200",visu_pars.VisuCreationDate,,,jrc220426_PalmiraSUC,phantom,jrc220426_PalmiraSUC,,Bruker BioSpec 7T,1508,DICOM regenerated by Dicomifier 2.5.3 (+ gjesus3 workarounds) from the ParaVision 2dseq before ingest,"phantom study (phantom / QC, Q2); phantom / QC study (Q2): no project, as July's jrc phantoms; MRI platform archive backup_7T_olddata_260824/2022_PV6_PV7/20220426_150815_jrc220426_PalmiraSUC_1_1.tar.xz (SHA-1 f7990b6aed7408ddd49502786c0c278bed9ddc9e); DICOM regenerated by Dicomifier 2.5.3 (+ gjesus3 workarounds) from the ParaVision 2dseq before ingest; operator pending claim (historical MRI, STATUS 0.5 Hold)"
20220426_150815_jrc220426_PalmiraSUC_1_1/51,"2022-04-26T18:21:43,403+0200",visu_pars.VisuCreationDate,,,jrc220426_PalmiraSUC,phantom,jrc220426_PalmiraSUC,,Bruker BioSpec 7T,1508,DICOM regenerated by Dicomifier 2.5.3 (+ gjesus3 workarounds) from the ParaVision 2dseq before ingest,"phantom study (phantom / QC, Q2); phantom / QC study (Q2): no project, as July's jrc phantoms; MRI platform archive backup_7T_olddata_260824/2022_PV6_PV7/20220426_150815_jrc220426_PalmiraSUC_1_1.tar.xz (SHA-1 f7990b6aed7408ddd49502786c0c278bed9ddc9e); DICOM regenerated by Dicomifier 2.5.3 (+ gjesus3 workarounds) from the ParaVision 2dseq before ingest; operator pending claim (historical MRI, STATUS 0.5 Hold)"
20220426_150815_jrc220426_PalmiraSUC_1_1/52,"2022-04-26T19:33:05,529+0200",visu_pars.VisuCreationDate,,,jrc220426_PalmiraSUC,phantom,jrc220426_PalmiraSUC,,Bruker BioSpec 7T,1508,DICOM regenerated by Dicomifier 2.5.3 (+ gjesus3 workarounds) from the ParaVision 2dseq before ingest,"phantom study (phantom / QC, Q2); phantom / QC study (Q2): no project, as July's jrc phantoms; MRI platform archive backup_7T_olddata_260824/2022_PV6_PV7/20220426_150815_jrc220426_PalmiraSUC_1_1.tar.xz (SHA-1 f7990b6aed7408ddd49502786c0c278bed9ddc9e); DICOM regenerated by Dicomifier 2.5.3 (+ gjesus3 workarounds) from the ParaVision 2dseq before ingest; operator pending claim (historical MRI, STATUS 0.5 Hold)"
20220426_150815_jrc220426_PalmiraSUC_1_1/53,"2022-04-26T19:32:29,467+0200",visu_pars.VisuCreationDate,,,jrc220426_PalmiraSUC,phantom,jrc220426_PalmiraSUC,,Bruker BioSpec 7T,1508,DICOM regenerated by Dicomifier 2.5.3 (+ gjesus3 workarounds) from the ParaVision 2dseq before ingest,"phantom study (phantom / QC, Q2); phantom / QC study (Q2): no project, as July's jrc phantoms; MRI platform archive backup_7T_olddata_260824/2022_PV6_PV7/20220426_150815_jrc220426_PalmiraSUC_1_1.tar.xz (SHA-1 f7990b6aed7408ddd49502786c0c278bed9ddc9e); DICOM regenerated by Dicomifier 2.5.3 (+ gjesus3 workarounds) from the ParaVision 2dseq before ingest; operator pending claim (historical MRI, STATUS 0.5 Hold)"
20220426_150815_jrc220426_PalmiraSUC_1_1/55,"2022-04-26T19:35:59,100+0200",visu_pars.VisuCreationDate,,,jrc220426_PalmiraSUC,phantom,jrc220426_PalmiraSUC,,Bruker BioSpec 7T,1508,DICOM regenerated by Dicomifier 2.5.3 (+ gjesus3 workarounds) from the ParaVision 2dseq before ingest,"phantom study (phantom / QC, Q2); phantom / QC study (Q2): no project, as July's jrc phantoms; MRI platform archive backup_7T_olddata_260824/2022_PV6_PV7/20220426_150815_jrc220426_PalmiraSUC_1_1.tar.xz (SHA-1 f7990b6aed7408ddd49502786c0c278bed9ddc9e); DICOM regenerated by Dicomifier 2.5.3 (+ gjesus3 workarounds) from the ParaVision 2dseq before ingest; operator pending claim (historical MRI, STATUS 0.5 Hold)"
20220426_150815_jrc220426_PalmiraSUC_1_1/56,"2022-04-26T19:42:35,091+0200",visu_pars.VisuCreationDate,,,jrc220426_PalmiraSUC,phantom,jrc220426_PalmiraSUC,,Bruker BioSpec 7T,1508,DICOM regenerated by Dicomifier 2.5.3 (+ gjesus3 workarounds) from the ParaVision 2dseq before ingest,"phantom study (phantom / QC, Q2); phantom / QC study (Q2): no project, as July's jrc phantoms; MRI platform archive backup_7T_olddata_260824/2022_PV6_PV7/20220426_150815_jrc220426_PalmiraSUC_1_1.tar.xz (SHA-1 f7990b6aed7408ddd49502786c0c278bed9ddc9e); DICOM regenerated by Dicomifier 2.5.3 (+ gjesus3 workarounds) from the ParaVision 2dseq before ingest; operator pending claim (historical MRI, STATUS 0.5 Hold)"
20220426_150815_jrc220426_PalmiraSUC_1_1/58,"2022-04-26T19:44:27,963+0200",visu_pars.VisuCreationDate,,,jrc220426_PalmiraSUC,phantom,jrc220426_PalmiraSUC,,Bruker BioSpec 7T,1508,DICOM regenerated by Dicomifier 2.5.3 (+ gjesus3 workarounds) from the ParaVision 2dseq before ingest,"phantom study (phantom / QC, Q2); phantom / QC study (Q2): no project, as July's jrc phantoms; MRI platform archive backup_7T_olddata_260824/2022_PV6_PV7/20220426_150815_jrc220426_PalmiraSUC_1_1.tar.xz (SHA-1 f7990b6aed7408ddd49502786c0c278bed9ddc9e); DICOM regenerated by Dicomifier 2.5.3 (+ gjesus3 workarounds) from the ParaVision 2dseq before ingest; operator pending claim (historical MRI, STATUS 0.5 Hold)"
20220426_150815_jrc220426_PalmiraSUC_1_1/59,"2022-04-26T19:51:46,875+0200",visu_pars.VisuCreationDate,,,jrc220426_PalmiraSUC,phantom,jrc220426_PalmiraSUC,,Bruker BioSpec 7T,1508,DICOM regenerated by Dicomifier 2.5.3 (+ gjesus3 workarounds) from the ParaVision 2dseq before ingest,"phantom study (phantom / QC, Q2); phantom / QC study (Q2): no project, as July's jrc phantoms; MRI platform archive backup_7T_olddata_260824/2022_PV6_PV7/20220426_150815_jrc220426_PalmiraSUC_1_1.tar.xz (SHA-1 f7990b6aed7408ddd49502786c0c278bed9ddc9e); DICOM regenerated by Dicomifier 2.5.3 (+ gjesus3 workarounds) from the ParaVision 2dseq before ingest; operator pending claim (historical MRI, STATUS 0.5 Hold)"
20220426_150815_jrc220426_PalmiraSUC_1_1/60,"2022-04-26T19:57:55,264+0200",visu_pars.VisuCreationDate,,,jrc220426_PalmiraSUC,phantom,jrc220426_PalmiraSUC,,Bruker BioSpec 7T,1508,DICOM regenerated by Dicomifier 2.5.3 (+ gjesus3 workarounds) from the ParaVision 2dseq before ingest,"phantom study (phantom / QC, Q2); phantom / QC study (Q2): no project, as July's jrc phantoms; MRI platform archive backup_7T_olddata_260824/2022_PV6_PV7/20220426_150815_jrc220426_PalmiraSUC_1_1.tar.xz (SHA-1 f7990b6aed7408ddd49502786c0c278bed9ddc9e); DICOM regenerated by Dicomifier 2.5.3 (+ gjesus3 workarounds) from the ParaVision 2dseq before ingest; operator pending claim (historical MRI, STATUS 0.5 Hold)"
20220426_205048_jrc220426_PalmiraArray_2_1_1/5,"2022-04-26T21:26:56,563+0200",visu_pars.VisuCreationDate,,,jrc220426_PalmiraArray_2,phantom,jrc220426_PalmiraArray_2,,Bruker BioSpec 7T,2050,DICOM regenerated by Dicomifier 2.5.3 (+ gjesus3 workarounds) from the ParaVision 2dseq before ingest,"phantom study (phantom / QC, Q2); phantom / QC study (Q2): no project, as July's jrc phantoms; MRI platform archive backup_7T_olddata_260824/2022_PV6_PV7/20220426_205048_jrc220426_PalmiraArray_2_1_1.tar.xz (SHA-1 c703d23b8842c1a871025f6c98396457434b1d89); DICOM regenerated by Dicomifier 2.5.3 (+ gjesus3 workarounds) from the ParaVision 2dseq before ingest; operator pending claim (historical MRI, STATUS 0.5 Hold)"
20220426_205048_jrc220426_PalmiraArray_2_1_1/7,"2022-04-26T21:18:53,007+0200",visu_pars.VisuCreationDate,,,jrc220426_PalmiraArray_2,phantom,jrc220426_PalmiraArray_2,,Bruker BioSpec 7T,2050,DICOM regenerated by Dicomifier 2.5.3 (+ gjesus3 workarounds) from the ParaVision 2dseq before ingest,"phantom study (phantom / QC, Q2); phantom / QC study (Q2): no project, as July's jrc phantoms; MRI platform archive backup_7T_olddata_260824/2022_PV6_PV7/20220426_205048_jrc220426_PalmiraArray_2_1_1.tar.xz (SHA-1 c703d23b8842c1a871025f6c98396457434b1d89); DICOM regenerated by Dicomifier 2.5.3 (+ gjesus3 workarounds) from the ParaVision 2dseq before ingest; operator pending claim (historical MRI, STATUS 0.5 Hold)"
20220426_205048_jrc220426_PalmiraArray_2_1_1/8,"2022-04-26T21:38:48,069+0200",visu_pars.VisuCreationDate,,,jrc220426_PalmiraArray_2,phantom,jrc220426_PalmiraArray_2,,Bruker BioSpec 7T,2050,DICOM regenerated by Dicomifier 2.5.3 (+ gjesus3 workarounds) from the ParaVision 2dseq before ingest,"phantom study (phantom / QC, Q2); phantom / QC study (Q2): no project, as July's jrc phantoms; MRI platform archive backup_7T_olddata_260824/2022_PV6_PV7/20220426_205048_jrc220426_PalmiraArray_2_1_1.tar.xz (SHA-1 c703d23b8842c1a871025f6c98396457434b1d89); DICOM regenerated by Dicomifier 2.5.3 (+ gjesus3 workarounds) from the ParaVision 2dseq before ingest; operator pending claim (historical MRI, STATUS 0.5 Hold)"
20220426_205048_jrc220426_PalmiraArray_2_1_1/9,"2022-04-26T21:43:23,364+0200",visu_pars.VisuCreationDate,,,jrc220426_PalmiraArray_2,phantom,jrc220426_PalmiraArray_2,,Bruker BioSpec 7T,2050,DICOM regenerated by Dicomifier 2.5.3 (+ gjesus3 workarounds) from the ParaVision 2dseq before ingest,"phantom study (phantom / QC, Q2); phantom / QC study (Q2): no project, as July's jrc phantoms; MRI platform archive backup_7T_olddata_260824/2022_PV6_PV7/20220426_205048_jrc220426_PalmiraArray_2_1_1.tar.xz (SHA-1 c703d23b8842c1a871025f6c98396457434b1d89); DICOM regenerated by Dicomifier 2.5.3 (+ gjesus3 workarounds) from the ParaVision 2dseq before ingest; operator pending claim (historical MRI, STATUS 0.5 Hold)"
20220426_205048_jrc220426_PalmiraArray_2_1_1/10,"2022-04-26T21:46:48,405+0200",visu_pars.VisuCreationDate,,,jrc220426_PalmiraArray_2,phantom,jrc220426_PalmiraArray_2,,Bruker BioSpec 7T,2050,DICOM regenerated by Dicomifier 2.5.3 (+ gjesus3 workarounds) from the ParaVision 2dseq before ingest,"phantom study (phantom / QC, Q2); phantom / QC study (Q2): no project, as July's jrc phantoms; MRI platform archive backup_7T_olddata_260824/2022_PV6_PV7/20220426_205048_jrc220426_PalmiraArray_2_1_1.tar.xz (SHA-1 c703d23b8842c1a871025f6c98396457434b1d89); DICOM regenerated by Dicomifier 2.5.3 (+ gjesus3 workarounds) from the ParaVision 2dseq before ingest; operator pending claim (historical MRI, STATUS 0.5 Hold)"
20220426_205048_jrc220426_PalmiraArray_2_1_1/11,"2022-04-26T21:56:23,471+0200",visu_pars.VisuCreationDate,,,jrc220426_PalmiraArray_2,phantom,jrc220426_PalmiraArray_2,,Bruker BioSpec 7T,2050,DICOM regenerated by Dicomifier 2.5.3 (+ gjesus3 workarounds) from the ParaVision 2dseq before ingest,"phantom study (phantom / QC, Q2); phantom / QC study (Q2): no project, as July's jrc phantoms; MRI platform archive backup_7T_olddata_260824/2022_PV6_PV7/20220426_205048_jrc220426_PalmiraArray_2_1_1.tar.xz (SHA-1 c703d23b8842c1a871025f6c98396457434b1d89); DICOM regenerated by Dicomifier 2.5.3 (+ gjesus3 workarounds) from the ParaVision 2dseq before ingest; operator pending claim (historical MRI, STATUS 0.5 Hold)"
20220426_205048_jrc220426_PalmiraArray_2_1_1/12,"2022-04-26T22:07:20,408+0200",visu_pars.VisuCreationDate,,,jrc220426_PalmiraArray_2,phantom,jrc220426_PalmiraArray_2,,Bruker BioSpec 7T,2050,DICOM regenerated by Dicomifier 2.5.3 (+ gjesus3 workarounds) from the ParaVision 2dseq before ingest,"phantom study (phantom / QC, Q2); phantom / QC study (Q2): no project, as July's jrc phantoms; MRI platform archive backup_7T_olddata_260824/2022_PV6_PV7/20220426_205048_jrc220426_PalmiraArray_2_1_1.tar.xz (SHA-1 c703d23b8842c1a871025f6c98396457434b1d89); DICOM regenerated by Dicomifier 2.5.3 (+ gjesus3 workarounds) from the ParaVision 2dseq before ingest; operator pending claim (historical MRI, STATUS 0.5 Hold)"
20220426_205048_jrc220426_PalmiraArray_2_1_1/13,"2022-04-26T22:14:44,296+0200",visu_pars.VisuCreationDate,,,jrc220426_PalmiraArray_2,phantom,jrc220426_PalmiraArray_2,,Bruker BioSpec 7T,2050,DICOM regenerated by Dicomifier 2.5.3 (+ gjesus3 workarounds) from the ParaVision 2dseq before ingest,"phantom study (phantom / QC, Q2); phantom / QC study (Q2): no project, as July's jrc phantoms; MRI platform archive backup_7T_olddata_260824/2022_PV6_PV7/20220426_205048_jrc220426_PalmiraArray_2_1_1.tar.xz (SHA-1 c703d23b8842c1a871025f6c98396457434b1d89); DICOM regenerated by Dicomifier 2.5.3 (+ gjesus3 workarounds) from the ParaVision 2dseq before ingest; operator pending claim (historical MRI, STATUS 0.5 Hold)"
20220426_205048_jrc220426_PalmiraArray_2_1_1/14,"2022-04-26T22:20:21,303+0200",visu_pars.VisuCreationDate,,,jrc220426_PalmiraArray_2,phantom,jrc220426_PalmiraArray_2,,Bruker BioSpec 7T,2050,DICOM regenerated by Dicomifier 2.5.3 (+ gjesus3 workarounds) from the ParaVision 2dseq before ingest,"phantom study (phantom / QC, Q2); phantom / QC study (Q2): no project, as July's jrc phantoms; MRI platform archive backup_7T_olddata_260824/2022_PV6_PV7/20220426_205048_jrc220426_PalmiraArray_2_1_1.tar.xz (SHA-1 c703d23b8842c1a871025f6c98396457434b1d89); DICOM regenerated by Dicomifier 2.5.3 (+ gjesus3 workarounds) from the ParaVision 2dseq before ingest; operator pending claim (historical MRI, STATUS 0.5 Hold)"
20220426_205048_jrc220426_PalmiraArray_2_1_1/15,"2022-04-26T22:30:48,184+0200",visu_pars.VisuCreationDate,,,jrc220426_PalmiraArray_2,phantom,jrc220426_PalmiraArray_2,,Bruker BioSpec 7T,2050,DICOM regenerated by Dicomifier 2.5.3 (+ gjesus3 workarounds) from the ParaVision 2dseq before ingest,"phantom study (phantom / QC, Q2); phantom / QC study (Q2): no project, as July's jrc phantoms; MRI platform archive backup_7T_olddata_260824/2022_PV6_PV7/20220426_205048_jrc220426_PalmiraArray_2_1_1.tar.xz (SHA-1 c703d23b8842c1a871025f6c98396457434b1d89); DICOM regenerated by Dicomifier 2.5.3 (+ gjesus3 workarounds) from the ParaVision 2dseq before ingest; operator pending claim (historical MRI, STATUS 0.5 Hold)"
20220426_205048_jrc220426_PalmiraArray_2_1_1/16,"2022-04-26T22:35:12,973+0200",visu_pars.VisuCreationDate,,,jrc220426_PalmiraArray_2,phantom,jrc220426_PalmiraArray_2,,Bruker BioSpec 7T,2050,DICOM regenerated by Dicomifier 2.5.3 (+ gjesus3 workarounds) from the ParaVision 2dseq before ingest,"phantom study (phantom / QC, Q2); phantom / QC study (Q2): no project, as July's jrc phantoms; MRI platform archive backup_7T_olddata_260824/2022_PV6_PV7/20220426_205048_jrc220426_PalmiraArray_2_1_1.tar.xz (SHA-1 c703d23b8842c1a871025f6c98396457434b1d89); DICOM regenerated by Dicomifier 2.5.3 (+ gjesus3 workarounds) from the ParaVision 2dseq before ingest; operator pending claim (historical MRI, STATUS 0.5 Hold)"
20220426_205048_jrc220426_PalmiraArray_2_1_1/17,"2022-04-26T22:38:22,527+0200",visu_pars.VisuCreationDate,,,jrc220426_PalmiraArray_2,phantom,jrc220426_PalmiraArray_2,,Bruker BioSpec 7T,2050,DICOM regenerated by Dicomifier 2.5.3 (+ gjesus3 workarounds) from the ParaVision 2dseq before ingest,"phantom study (phantom / QC, Q2); phantom / QC study (Q2): no project, as July's jrc phantoms; MRI platform archive backup_7T_olddata_260824/2022_PV6_PV7/20220426_205048_jrc220426_PalmiraArray_2_1_1.tar.xz (SHA-1 c703d23b8842c1a871025f6c98396457434b1d89); DICOM regenerated by Dicomifier 2.5.3 (+ gjesus3 workarounds) from the ParaVision 2dseq before ingest; operator pending claim (historical MRI, STATUS 0.5 Hold)"
20220426_205048_jrc220426_PalmiraArray_2_1_1/18,"2022-04-26T22:41:43,085+0200",visu_pars.VisuCreationDate,,,jrc220426_PalmiraArray_2,phantom,jrc220426_PalmiraArray_2,,Bruker BioSpec 7T,2050,DICOM regenerated by Dicomifier 2.5.3 (+ gjesus3 workarounds) from the ParaVision 2dseq before ingest,"phantom study (phantom / QC, Q2); phantom / QC study (Q2): no project, as July's jrc phantoms; MRI platform archive backup_7T_olddata_260824/2022_PV6_PV7/20220426_205048_jrc220426_PalmiraArray_2_1_1.tar.xz (SHA-1 c703d23b8842c1a871025f6c98396457434b1d89); DICOM regenerated by Dicomifier 2.5.3 (+ gjesus3 workarounds) from the ParaVision 2dseq before ingest; operator pending claim (historical MRI, STATUS 0.5 Hold)"
20220426_205048_jrc220426_PalmiraArray_2_1_1/19,"2022-04-26T22:45:20,670+0200",visu_pars.VisuCreationDate,,,jrc220426_PalmiraArray_2,phantom,jrc220426_PalmiraArray_2,,Bruker BioSpec 7T,2050,DICOM regenerated by Dicomifier 2.5.3 (+ gjesus3 workarounds) from the ParaVision 2dseq before ingest,"phantom study (phantom / QC, Q2); phantom / QC study (Q2): no project, as July's jrc phantoms; MRI platform archive backup_7T_olddata_260824/2022_PV6_PV7/20220426_205048_jrc220426_PalmiraArray_2_1_1.tar.xz (SHA-1 c703d23b8842c1a871025f6c98396457434b1d89); DICOM regenerated by Dicomifier 2.5.3 (+ gjesus3 workarounds) from the ParaVision 2dseq before ingest; operator pending claim (historical MRI, STATUS 0.5 Hold)"
20220426_205048_jrc220426_PalmiraArray_2_1_1/20,"2022-04-26T22:47:26,404+0200",visu_pars.VisuCreationDate,,,jrc220426_PalmiraArray_2,phantom,jrc220426_PalmiraArray_2,,Bruker BioSpec 7T,2050,DICOM regenerated by Dicomifier 2.5.3 (+ gjesus3 workarounds) from the ParaVision 2dseq before ingest,"phantom study (phantom / QC, Q2); phantom / QC study (Q2): no project, as July's jrc phantoms; MRI platform archive backup_7T_olddata_260824/2022_PV6_PV7/20220426_205048_jrc220426_PalmiraArray_2_1_1.tar.xz (SHA-1 c703d23b8842c1a871025f6c98396457434b1d89); DICOM regenerated by Dicomifier 2.5.3 (+ gjesus3 workarounds) from the ParaVision 2dseq before ingest; operator pending claim (historical MRI, STATUS 0.5 Hold)"
20220426_205048_jrc220426_PalmiraArray_2_1_1/21,"2022-04-26T22:50:39,973+0200",visu_pars.VisuCreationDate,,,jrc220426_PalmiraArray_2,phantom,jrc220426_PalmiraArray_2,,Bruker BioSpec 7T,2050,DICOM regenerated by Dicomifier 2.5.3 (+ gjesus3 workarounds) from the ParaVision 2dseq before ingest,"phantom study (phantom / QC, Q2); phantom / QC study (Q2): no project, as July's jrc phantoms; MRI platform archive backup_7T_olddata_260824/2022_PV6_PV7/20220426_205048_jrc220426_PalmiraArray_2_1_1.tar.xz (SHA-1 c703d23b8842c1a871025f6c98396457434b1d89); DICOM regenerated by Dicomifier 2.5.3 (+ gjesus3 workarounds) from the ParaVision 2dseq before ingest; operator pending claim (historical MRI, STATUS 0.5 Hold)"
20220426_205048_jrc220426_PalmiraArray_2_1_1/22,"2022-04-26T22:54:17,145+0200",visu_pars.VisuCreationDate,,,jrc220426_PalmiraArray_2,phantom,jrc220426_PalmiraArray_2,,Bruker BioSpec 7T,2050,DICOM regenerated by Dicomifier 2.5.3 (+ gjesus3 workarounds) from the ParaVision 2dseq before ingest,"phantom study (phantom / QC, Q2); phantom / QC study (Q2): no project, as July's jrc phantoms; MRI platform archive backup_7T_olddata_260824/2022_PV6_PV7/20220426_205048_jrc220426_PalmiraArray_2_1_1.tar.xz (SHA-1 c703d23b8842c1a871025f6c98396457434b1d89); DICOM regenerated by Dicomifier 2.5.3 (+ gjesus3 workarounds) from the ParaVision 2dseq before ingest; operator pending claim (historical MRI, STATUS 0.5 Hold)"
20220426_205048_jrc220426_PalmiraArray_2_1_1/23,"2022-04-26T22:57:23,697+0200",visu_pars.VisuCreationDate,,,jrc220426_PalmiraArray_2,phantom,jrc220426_PalmiraArray_2,,Bruker BioSpec 7T,2050,DICOM regenerated by Dicomifier 2.5.3 (+ gjesus3 workarounds) from the ParaVision 2dseq before ingest,"phantom study (phantom / QC, Q2); phantom / QC study (Q2): no project, as July's jrc phantoms; MRI platform archive backup_7T_olddata_260824/2022_PV6_PV7/20220426_205048_jrc220426_PalmiraArray_2_1_1.tar.xz (SHA-1 c703d23b8842c1a871025f6c98396457434b1d89); DICOM regenerated by Dicomifier 2.5.3 (+ gjesus3 workarounds) from the ParaVision 2dseq before ingest; operator pending claim (historical MRI, STATUS 0.5 Hold)"
20220426_205048_jrc220426_PalmiraArray_2_1_1/24,"2022-04-26T23:01:39,099+0200",visu_pars.VisuCreationDate,,,jrc220426_PalmiraArray_2,phantom,jrc220426_PalmiraArray_2,,Bruker BioSpec 7T,2050,DICOM regenerated by Dicomifier 2.5.3 (+ gjesus3 workarounds) from the ParaVision 2dseq before ingest,"phantom study (phantom / QC, Q2); phantom / QC study (Q2): no project, as July's jrc phantoms; MRI platform archive backup_7T_olddata_260824/2022_PV6_PV7/20220426_205048_jrc220426_PalmiraArray_2_1_1.tar.xz (SHA-1 c703d23b8842c1a871025f6c98396457434b1d89); DICOM regenerated by Dicomifier 2.5.3 (+ gjesus3 workarounds) from the ParaVision 2dseq before ingest; operator pending claim (historical MRI, STATUS 0.5 Hold)"
20220426_205048_jrc220426_PalmiraArray_2_1_1/25,"2022-04-26T23:04:08,759+0200",visu_pars.VisuCreationDate,,,jrc220426_PalmiraArray_2,phantom,jrc220426_PalmiraArray_2,,Bruker BioSpec 7T,2050,DICOM regenerated by Dicomifier 2.5.3 (+ gjesus3 workarounds) from the ParaVision 2dseq before ingest,"phantom study (phantom / QC, Q2); phantom / QC study (Q2): no project, as July's jrc phantoms; MRI platform archive backup_7T_olddata_260824/2022_PV6_PV7/20220426_205048_jrc220426_PalmiraArray_2_1_1.tar.xz (SHA-1 c703d23b8842c1a871025f6c98396457434b1d89); DICOM regenerated by Dicomifier 2.5.3 (+ gjesus3 workarounds) from the ParaVision 2dseq before ingest; operator pending claim (historical MRI, STATUS 0.5 Hold)"
20220426_205048_jrc220426_PalmiraArray_2_1_1/26,"2022-04-26T23:07:09,373+0200",visu_pars.VisuCreationDate,,,jrc220426_PalmiraArray_2,phantom,jrc220426_PalmiraArray_2,,Bruker BioSpec 7T,2050,DICOM regenerated by Dicomifier 2.5.3 (+ gjesus3 workarounds) from the ParaVision 2dseq before ingest,"phantom study (phantom / QC, Q2); phantom / QC study (Q2): no project, as July's jrc phantoms; MRI platform archive backup_7T_olddata_260824/2022_PV6_PV7/20220426_205048_jrc220426_PalmiraArray_2_1_1.tar.xz (SHA-1 c703d23b8842c1a871025f6c98396457434b1d89); DICOM regenerated by Dicomifier 2.5.3 (+ gjesus3 workarounds) from the ParaVision 2dseq before ingest; operator pending claim (historical MRI, STATUS 0.5 Hold)"
20220426_205048_jrc220426_PalmiraArray_2_1_1/27,"2022-04-26T23:11:21,539+0200",visu_pars.VisuCreationDate,,,jrc220426_PalmiraArray_2,phantom,jrc220426_PalmiraArray_2,,Bruker BioSpec 7T,2050,DICOM regenerated by Dicomifier 2.5.3 (+ gjesus3 workarounds) from the ParaVision 2dseq before ingest,"phantom study (phantom / QC, Q2); phantom / QC study (Q2): no project, as July's jrc phantoms; MRI platform archive backup_7T_olddata_260824/2022_PV6_PV7/20220426_205048_jrc220426_PalmiraArray_2_1_1.tar.xz (SHA-1 c703d23b8842c1a871025f6c98396457434b1d89); DICOM regenerated by Dicomifier 2.5.3 (+ gjesus3 workarounds) from the ParaVision 2dseq before ingest; operator pending claim (historical MRI, STATUS 0.5 Hold)"
20220426_205048_jrc220426_PalmiraArray_2_1_1/28,"2022-04-26T23:13:36,374+0200",visu_pars.VisuCreationDate,,,jrc220426_PalmiraArray_2,phantom,jrc220426_PalmiraArray_2,,Bruker BioSpec 7T,2050,DICOM regenerated by Dicomifier 2.5.3 (+ gjesus3 workarounds) from the ParaVision 2dseq before ingest,"phantom study (phantom / QC, Q2); phantom / QC study (Q2): no project, as July's jrc phantoms; MRI platform archive backup_7T_olddata_260824/2022_PV6_PV7/20220426_205048_jrc220426_PalmiraArray_2_1_1.tar.xz (SHA-1 c703d23b8842c1a871025f6c98396457434b1d89); DICOM regenerated by Dicomifier 2.5.3 (+ gjesus3 workarounds) from the ParaVision 2dseq before ingest; operator pending claim (historical MRI, STATUS 0.5 Hold)"
20220426_205048_jrc220426_PalmiraArray_2_1_1/29,"2022-04-26T23:15:56,192+0200",visu_pars.VisuCreationDate,,,jrc220426_PalmiraArray_2,phantom,jrc220426_PalmiraArray_2,,Bruker BioSpec 7T,2050,DICOM regenerated by Dicomifier 2.5.3 (+ gjesus3 workarounds) from the ParaVision 2dseq before ingest,"phantom study (phantom / QC, Q2); phantom / QC study (Q2): no project, as July's jrc phantoms; MRI platform archive backup_7T_olddata_260824/2022_PV6_PV7/20220426_205048_jrc220426_PalmiraArray_2_1_1.tar.xz (SHA-1 c703d23b8842c1a871025f6c98396457434b1d89); DICOM regenerated by Dicomifier 2.5.3 (+ gjesus3 workarounds) from the ParaVision 2dseq before ingest; operator pending claim (historical MRI, STATUS 0.5 Hold)"
20220426_205048_jrc220426_PalmiraArray_2_1_1/32,"2022-04-27T08:55:59,929+0200",visu_pars.VisuCreationDate,,,jrc220426_PalmiraArray_2,phantom,jrc220426_PalmiraArray_2,,Bruker BioSpec 7T,2050,DICOM regenerated by Dicomifier 2.5.3 (+ gjesus3 workarounds) from the ParaVision 2dseq before ingest,"phantom study (phantom / QC, Q2); phantom / QC study (Q2): no project, as July's jrc phantoms; MRI platform archive backup_7T_olddata_260824/2022_PV6_PV7/20220426_205048_jrc220426_PalmiraArray_2_1_1.tar.xz (SHA-1 c703d23b8842c1a871025f6c98396457434b1d89); DICOM regenerated by Dicomifier 2.5.3 (+ gjesus3 workarounds) from the ParaVision 2dseq before ingest; operator pending claim (historical MRI, STATUS 0.5 Hold)"
20220426_205048_jrc220426_PalmiraArray_2_1_1/33,"2022-04-27T08:58:01,034+0200",visu_pars.VisuCreationDate,,,jrc220426_PalmiraArray_2,phantom,jrc220426_PalmiraArray_2,,Bruker BioSpec 7T,2050,DICOM regenerated by Dicomifier 2.5.3 (+ gjesus3 workarounds) from the ParaVision 2dseq before ingest,"phantom study (phantom / QC, Q2); phantom / QC study (Q2): no project, as July's jrc phantoms; MRI platform archive backup_7T_olddata_260824/2022_PV6_PV7/20220426_205048_jrc220426_PalmiraArray_2_1_1.tar.xz (SHA-1 c703d23b8842c1a871025f6c98396457434b1d89); DICOM regenerated by Dicomifier 2.5.3 (+ gjesus3 workarounds) from the ParaVision 2dseq before ingest; operator pending claim (historical MRI, STATUS 0.5 Hold)"
20220426_205048_jrc220426_PalmiraArray_2_1_1/34,"2022-04-27T09:04:47,271+0200",visu_pars.VisuCreationDate,,,jrc220426_PalmiraArray_2,phantom,jrc220426_PalmiraArray_2,,Bruker BioSpec 7T,2050,DICOM regenerated by Dicomifier 2.5.3 (+ gjesus3 workarounds) from the ParaVision 2dseq before ingest,"phantom study (phantom / QC, Q2); phantom / QC study (Q2): no project, as July's jrc phantoms; MRI platform archive backup_7T_olddata_260824/2022_PV6_PV7/20220426_205048_jrc220426_PalmiraArray_2_1_1.tar.xz (SHA-1 c703d23b8842c1a871025f6c98396457434b1d89); DICOM regenerated by Dicomifier 2.5.3 (+ gjesus3 workarounds) from the ParaVision 2dseq before ingest; operator pending claim (historical MRI, STATUS 0.5 Hold)"
20220426_205048_jrc220426_PalmiraArray_2_1_1/35,"2022-04-27T09:10:07,705+0200",visu_pars.VisuCreationDate,,,jrc220426_PalmiraArray_2,phantom,jrc220426_PalmiraArray_2,,Bruker BioSpec 7T,2050,DICOM regenerated by Dicomifier 2.5.3 (+ gjesus3 workarounds) from the ParaVision 2dseq before ingest,"phantom study (phantom / QC, Q2); phantom / QC study (Q2): no project, as July's jrc phantoms; MRI platform archive backup_7T_olddata_260824/2022_PV6_PV7/20220426_205048_jrc220426_PalmiraArray_2_1_1.tar.xz (SHA-1 c703d23b8842c1a871025f6c98396457434b1d89); DICOM regenerated by Dicomifier 2.5.3 (+ gjesus3 workarounds) from the ParaVision 2dseq before ingest; operator pending claim (historical MRI, STATUS 0.5 Hold)"
20220426_205048_jrc220426_PalmiraArray_2_1_1/41,"2022-04-27T09:34:49,711+0200",visu_pars.VisuCreationDate,,,jrc220426_PalmiraArray_2,phantom,jrc220426_PalmiraArray_2,,Bruker BioSpec 7T,2050,DICOM regenerated by Dicomifier 2.5.3 (+ gjesus3 workarounds) from the ParaVision 2dseq before ingest,"phantom study (phantom / QC, Q2); phantom / QC study (Q2): no project, as July's jrc phantoms; MRI platform archive backup_7T_olddata_260824/2022_PV6_PV7/20220426_205048_jrc220426_PalmiraArray_2_1_1.tar.xz (SHA-1 c703d23b8842c1a871025f6c98396457434b1d89); DICOM regenerated by Dicomifier 2.5.3 (+ gjesus3 workarounds) from the ParaVision 2dseq before ingest; operator pending claim (historical MRI, STATUS 0.5 Hold)"
20220427_094745_jrc220426_PalmiraArray_3_1_2/5,"2022-04-27T10:07:38,008+0200",visu_pars.VisuCreationDate,,,jrc220426_PalmiraArray_3,phantom,jrc220426_PalmiraArray_3,,Bruker BioSpec 7T,0947,DICOM regenerated by Dicomifier 2.5.3 (+ gjesus3 workarounds) from the ParaVision 2dseq before ingest,"phantom study (phantom / QC, Q2); phantom / QC study (Q2): no project, as July's jrc phantoms; MRI platform archive backup_7T_olddata_260824/2022_PV6_PV7/20220427_094745_jrc220426_PalmiraArray_3_1_2.tar.xz (SHA-1 bcaad937c9bf95545c220097f0fe08cd88ac1812); DICOM regenerated by Dicomifier 2.5.3 (+ gjesus3 workarounds) from the ParaVision 2dseq before ingest; operator pending claim (historical MRI, STATUS 0.5 Hold)"
20220427_094745_jrc220426_PalmiraArray_3_1_2/11,"2022-04-27T10:24:26,125+0200",visu_pars.VisuCreationDate,,,jrc220426_PalmiraArray_3,phantom,jrc220426_PalmiraArray_3,,Bruker BioSpec 7T,0947,DICOM regenerated by Dicomifier 2.5.3 (+ gjesus3 workarounds) from the ParaVision 2dseq before ingest,"phantom study (phantom / QC, Q2); phantom / QC study (Q2): no project, as July's jrc phantoms; MRI platform archive backup_7T_olddata_260824/2022_PV6_PV7/20220427_094745_jrc220426_PalmiraArray_3_1_2.tar.xz (SHA-1 bcaad937c9bf95545c220097f0fe08cd88ac1812); DICOM regenerated by Dicomifier 2.5.3 (+ gjesus3 workarounds) from the ParaVision 2dseq before ingest; operator pending claim (historical MRI, STATUS 0.5 Hold)"
20220427_094745_jrc220426_PalmiraArray_3_1_2/12,"2022-04-27T10:35:19,330+0200",visu_pars.VisuCreationDate,,,jrc220426_PalmiraArray_3,phantom,jrc220426_PalmiraArray_3,,Bruker BioSpec 7T,0947,DICOM regenerated by Dicomifier 2.5.3 (+ gjesus3 workarounds) from the ParaVision 2dseq before ingest,"phantom study (phantom / QC, Q2); phantom / QC study (Q2): no project, as July's jrc phantoms; MRI platform archive backup_7T_olddata_260824/2022_PV6_PV7/20220427_094745_jrc220426_PalmiraArray_3_1_2.tar.xz (SHA-1 bcaad937c9bf95545c220097f0fe08cd88ac1812); DICOM regenerated by Dicomifier 2.5.3 (+ gjesus3 workarounds) from the ParaVision 2dseq before ingest; operator pending claim (historical MRI, STATUS 0.5 Hold)"
20220427_094745_jrc220426_PalmiraArray_3_1_2/13,"2022-04-27T10:44:58,680+0200",visu_pars.VisuCreationDate,,,jrc220426_PalmiraArray_3,phantom,jrc220426_PalmiraArray_3,,Bruker BioSpec 7T,0947,DICOM regenerated by Dicomifier 2.5.3 (+ gjesus3 workarounds) from the ParaVision 2dseq before ingest,"phantom study (phantom / QC, Q2); phantom / QC study (Q2): no project, as July's jrc phantoms; MRI platform archive backup_7T_olddata_260824/2022_PV6_PV7/20220427_094745_jrc220426_PalmiraArray_3_1_2.tar.xz (SHA-1 bcaad937c9bf95545c220097f0fe08cd88ac1812); DICOM regenerated by Dicomifier 2.5.3 (+ gjesus3 workarounds) from the ParaVision 2dseq before ingest; operator pending claim (historical MRI, STATUS 0.5 Hold)"
20220427_094745_jrc220426_PalmiraArray_3_1_2/16,"2022-04-27T10:52:15,687+0200",visu_pars.VisuCreationDate,,,jrc220426_PalmiraArray_3,phantom,jrc220426_PalmiraArray_3,,Bruker BioSpec 7T,0947,DICOM regenerated by Dicomifier 2.5.3 (+ gjesus3 workarounds) from the ParaVision 2dseq before ingest,"phantom study (phantom / QC, Q2); phantom / QC study (Q2): no project, as July's jrc phantoms; MRI platform archive backup_7T_olddata_260824/2022_PV6_PV7/20220427_094745_jrc220426_PalmiraArray_3_1_2.tar.xz (SHA-1 bcaad937c9bf95545c220097f0fe08cd88ac1812); DICOM regenerated by Dicomifier 2.5.3 (+ gjesus3 workarounds) from the ParaVision 2dseq before ingest; operator pending claim (historical MRI, STATUS 0.5 Hold)"
20220427_094745_jrc220426_PalmiraArray_3_1_2/17,"2022-04-27T11:05:14,076+0200",visu_pars.VisuCreationDate,,,jrc220426_PalmiraArray_3,phantom,jrc220426_PalmiraArray_3,,Bruker BioSpec 7T,0947,DICOM regenerated by Dicomifier 2.5.3 (+ gjesus3 workarounds) from the ParaVision 2dseq before ingest,"phantom study (phantom / QC, Q2); phantom / QC study (Q2): no project, as July's jrc phantoms; MRI platform archive backup_7T_olddata_260824/2022_PV6_PV7/20220427_094745_jrc220426_PalmiraArray_3_1_2.tar.xz (SHA-1 bcaad937c9bf95545c220097f0fe08cd88ac1812); DICOM regenerated by Dicomifier 2.5.3 (+ gjesus3 workarounds) from the ParaVision 2dseq before ingest; operator pending claim (historical MRI, STATUS 0.5 Hold)"
20220427_094745_jrc220426_PalmiraArray_3_1_2/18,"2022-04-27T11:19:56,596+0200",visu_pars.VisuCreationDate,,,jrc220426_PalmiraArray_3,phantom,jrc220426_PalmiraArray_3,,Bruker BioSpec 7T,0947,DICOM regenerated by Dicomifier 2.5.3 (+ gjesus3 workarounds) from the ParaVision 2dseq before ingest,"phantom study (phantom / QC, Q2); phantom / QC study (Q2): no project, as July's jrc phantoms; MRI platform archive backup_7T_olddata_260824/2022_PV6_PV7/20220427_094745_jrc220426_PalmiraArray_3_1_2.tar.xz (SHA-1 bcaad937c9bf95545c220097f0fe08cd88ac1812); DICOM regenerated by Dicomifier 2.5.3 (+ gjesus3 workarounds) from the ParaVision 2dseq before ingest; operator pending claim (historical MRI, STATUS 0.5 Hold)"
20220427_121113_jrc220327_19F_FDG_mouse_array_1_1/1,"2022-04-27T12:15:56,571+0200",visu_pars.VisuCreationDate,,,jrc220327_19F_FDG_mouse_array,phantom,jrc220327_19F_FDG_mouse_array,,Bruker BioSpec 7T,1211,DICOM regenerated by Dicomifier 2.5.3 (+ gjesus3 workarounds) from the ParaVision 2dseq before ingest,"phantom study (phantom / QC, Q2); phantom / QC study (Q2): no project, as July's jrc phantoms; MRI platform archive backup_7T_olddata_260824/2022_PV6_PV7/20220427_121113_jrc220327_19F_FDG_mouse_array_1_1.tar.xz (SHA-1 5a0f5e38b76cbbd9a9677aa3959149b1d51224d5); DICOM regenerated by Dicomifier 2.5.3 (+ gjesus3 workarounds) from the ParaVision 2dseq before ingest; operator pending claim (historical MRI, STATUS 0.5 Hold)"
20220427_121113_jrc220327_19F_FDG_mouse_array_1_1/2,"2022-04-27T12:21:07,633+0200",visu_pars.VisuCreationDate,,,jrc220327_19F_FDG_mouse_array,phantom,jrc220327_19F_FDG_mouse_array,,Bruker BioSpec 7T,1211,DICOM regenerated by Dicomifier 2.5.3 (+ gjesus3 workarounds) from the ParaVision 2dseq before ingest,"phantom study (phantom / QC, Q2); phantom / QC study (Q2): no project, as July's jrc phantoms; MRI platform archive backup_7T_olddata_260824/2022_PV6_PV7/20220427_121113_jrc220327_19F_FDG_mouse_array_1_1.tar.xz (SHA-1 5a0f5e38b76cbbd9a9677aa3959149b1d51224d5); DICOM regenerated by Dicomifier 2.5.3 (+ gjesus3 workarounds) from the ParaVision 2dseq before ingest; operator pending claim (historical MRI, STATUS 0.5 Hold)"
20220427_121113_jrc220327_19F_FDG_mouse_array_1_1/3,"2022-04-27T12:22:35,129+0200",visu_pars.VisuCreationDate,,,jrc220327_19F_FDG_mouse_array,phantom,jrc220327_19F_FDG_mouse_array,,Bruker BioSpec 7T,1211,DICOM regenerated by Dicomifier 2.5.3 (+ gjesus3 workarounds) from the ParaVision 2dseq before ingest,"phantom study (phantom / QC, Q2); phantom / QC study (Q2): no project, as July's jrc phantoms; MRI platform archive backup_7T_olddata_260824/2022_PV6_PV7/20220427_121113_jrc220327_19F_FDG_mouse_array_1_1.tar.xz (SHA-1 5a0f5e38b76cbbd9a9677aa3959149b1d51224d5); DICOM regenerated by Dicomifier 2.5.3 (+ gjesus3 workarounds) from the ParaVision 2dseq before ingest; operator pending claim (historical MRI, STATUS 0.5 Hold)"
20220427_121113_jrc220327_19F_FDG_mouse_array_1_1/9,"2022-04-27T12:42:04,037+0200",visu_pars.VisuCreationDate,,,jrc220327_19F_FDG_mouse_array,phantom,jrc220327_19F_FDG_mouse_array,,Bruker BioSpec 7T,1211,DICOM regenerated by Dicomifier 2.5.3 (+ gjesus3 workarounds) from the ParaVision 2dseq before ingest,"phantom study (phantom / QC, Q2); phantom / QC study (Q2): no project, as July's jrc phantoms; MRI platform archive backup_7T_olddata_260824/2022_PV6_PV7/20220427_121113_jrc220327_19F_FDG_mouse_array_1_1.tar.xz (SHA-1 5a0f5e38b76cbbd9a9677aa3959149b1d51224d5); DICOM regenerated by Dicomifier 2.5.3 (+ gjesus3 workarounds) from the ParaVision 2dseq before ingest; operator pending claim (historical MRI, STATUS 0.5 Hold)"
20220427_121113_jrc220327_19F_FDG_mouse_array_1_1/10,"2022-04-27T13:16:13,702+0200",visu_pars.VisuCreationDate,,,jrc220327_19F_FDG_mouse_array,phantom,jrc220327_19F_FDG_mouse_array,,Bruker BioSpec 7T,1211,DICOM regenerated by Dicomifier 2.5.3 (+ gjesus3 workarounds) from the ParaVision 2dseq before ingest,"phantom study (phantom / QC, Q2); phantom / QC study (Q2): no project, as July's jrc phantoms; MRI platform archive backup_7T_olddata_260824/2022_PV6_PV7/20220427_121113_jrc220327_19F_FDG_mouse_array_1_1.tar.xz (SHA-1 5a0f5e38b76cbbd9a9677aa3959149b1d51224d5); DICOM regenerated by Dicomifier 2.5.3 (+ gjesus3 workarounds) from the ParaVision 2dseq before ingest; operator pending claim (historical MRI, STATUS 0.5 Hold)"
20220427_121113_jrc220327_19F_FDG_mouse_array_1_1/11,"2022-04-27T13:43:13,070+0200",visu_pars.VisuCreationDate,,,jrc220327_19F_FDG_mouse_array,phantom,jrc220327_19F_FDG_mouse_array,,Bruker BioSpec 7T,1211,DICOM regenerated by Dicomifier 2.5.3 (+ gjesus3 workarounds) from the ParaVision 2dseq before ingest,"phantom study (phantom / QC, Q2); phantom / QC study (Q2): no project, as July's jrc phantoms; MRI platform archive backup_7T_olddata_260824/2022_PV6_PV7/20220427_121113_jrc220327_19F_FDG_mouse_array_1_1.tar.xz (SHA-1 5a0f5e38b76cbbd9a9677aa3959149b1d51224d5); DICOM regenerated by Dicomifier 2.5.3 (+ gjesus3 workarounds) from the ParaVision 2dseq before ingest; operator pending claim (historical MRI, STATUS 0.5 Hold)"
20220427_140020_jrc220327_19F_fantoms_1_1/2,"2022-04-27T14:11:53,833+0200",visu_pars.VisuCreationDate,,,jrc220327_19F_fantoms,phantom,jrc220327_19F_fantoms,,Bruker BioSpec 7T,1400,DICOM regenerated by Dicomifier 2.5.3 (+ gjesus3 workarounds) from the ParaVision 2dseq before ingest,"phantom study (phantom / QC, Q2); phantom / QC study (Q2): no project, as July's jrc phantoms; MRI platform archive backup_7T_olddata_260824/2022_PV6_PV7/20220427_140020_jrc220327_19F_fantoms_1_1.tar.xz (SHA-1 1942d16693918e17503301b3be519d125d26f07a); DICOM regenerated by Dicomifier 2.5.3 (+ gjesus3 workarounds) from the ParaVision 2dseq before ingest; operator pending claim (historical MRI, STATUS 0.5 Hold)"
20220427_140020_jrc220327_19F_fantoms_1_1/3,"2022-04-27T14:13:36,801+0200",visu_pars.VisuCreationDate,,,jrc220327_19F_fantoms,phantom,jrc220327_19F_fantoms,,Bruker BioSpec 7T,1400,DICOM regenerated by Dicomifier 2.5.3 (+ gjesus3 workarounds) from the ParaVision 2dseq before ingest,"phantom study (phantom / QC, Q2); phantom / QC study (Q2): no project, as July's jrc phantoms; MRI platform archive backup_7T_olddata_260824/2022_PV6_PV7/20220427_140020_jrc220327_19F_fantoms_1_1.tar.xz (SHA-1 1942d16693918e17503301b3be519d125d26f07a); DICOM regenerated by Dicomifier 2.5.3 (+ gjesus3 workarounds) from the ParaVision 2dseq before ingest; operator pending claim (historical MRI, STATUS 0.5 Hold)"
20220427_140020_jrc220327_19F_fantoms_1_1/4,"2022-04-27T14:21:03,587+0200",visu_pars.VisuCreationDate,,,jrc220327_19F_fantoms,phantom,jrc220327_19F_fantoms,,Bruker BioSpec 7T,1400,DICOM regenerated by Dicomifier 2.5.3 (+ gjesus3 workarounds) from the ParaVision 2dseq before ingest,"phantom study (phantom / QC, Q2); phantom / QC study (Q2): no project, as July's jrc phantoms; MRI platform archive backup_7T_olddata_260824/2022_PV6_PV7/20220427_140020_jrc220327_19F_fantoms_1_1.tar.xz (SHA-1 1942d16693918e17503301b3be519d125d26f07a); DICOM regenerated by Dicomifier 2.5.3 (+ gjesus3 workarounds) from the ParaVision 2dseq before ingest; operator pending claim (historical MRI, STATUS 0.5 Hold)"
20220427_140020_jrc220327_19F_fantoms_1_1/5,"2022-04-27T14:22:42,480+0200",visu_pars.VisuCreationDate,,,jrc220327_19F_fantoms,phantom,jrc220327_19F_fantoms,,Bruker BioSpec 7T,1400,DICOM regenerated by Dicomifier 2.5.3 (+ gjesus3 workarounds) from the ParaVision 2dseq before ingest,"phantom study (phantom / QC, Q2); phantom / QC study (Q2): no project, as July's jrc phantoms; MRI platform archive backup_7T_olddata_260824/2022_PV6_PV7/20220427_140020_jrc220327_19F_fantoms_1_1.tar.xz (SHA-1 1942d16693918e17503301b3be519d125d26f07a); DICOM regenerated by Dicomifier 2.5.3 (+ gjesus3 workarounds) from the ParaVision 2dseq before ingest; operator pending claim (historical MRI, STATUS 0.5 Hold)"
20220427_140020_jrc220327_19F_fantoms_1_1/6,"2022-04-27T14:32:55,909+0200",visu_pars.VisuCreationDate,,,jrc220327_19F_fantoms,phantom,jrc220327_19F_fantoms,,Bruker BioSpec 7T,1400,DICOM regenerated by Dicomifier 2.5.3 (+ gjesus3 workarounds) from the ParaVision 2dseq before ingest,"phantom study (phantom / QC, Q2); phantom / QC study (Q2): no project, as July's jrc phantoms; MRI platform archive backup_7T_olddata_260824/2022_PV6_PV7/20220427_140020_jrc220327_19F_fantoms_1_1.tar.xz (SHA-1 1942d16693918e17503301b3be519d125d26f07a); DICOM regenerated by Dicomifier 2.5.3 (+ gjesus3 workarounds) from the ParaVision 2dseq before ingest; operator pending claim (historical MRI, STATUS 0.5 Hold)"
20220427_140020_jrc220327_19F_fantoms_1_1/9,"2022-04-27T14:37:58,208+0200",visu_pars.VisuCreationDate,,,jrc220327_19F_fantoms,phantom,jrc220327_19F_fantoms,,Bruker BioSpec 7T,1400,DICOM regenerated by Dicomifier 2.5.3 (+ gjesus3 workarounds) from the ParaVision 2dseq before ingest,"phantom study (phantom / QC, Q2); phantom / QC study (Q2): no project, as July's jrc phantoms; MRI platform archive backup_7T_olddata_260824/2022_PV6_PV7/20220427_140020_jrc220327_19F_fantoms_1_1.tar.xz (SHA-1 1942d16693918e17503301b3be519d125d26f07a); DICOM regenerated by Dicomifier 2.5.3 (+ gjesus3 workarounds) from the ParaVision 2dseq before ingest; operator pending claim (historical MRI, STATUS 0.5 Hold)"
20220427_140020_jrc220327_19F_fantoms_1_1/12,"2022-04-27T15:00:29,298+0200",visu_pars.VisuCreationDate,,,jrc220327_19F_fantoms,phantom,jrc220327_19F_fantoms,,Bruker BioSpec 7T,1400,DICOM regenerated by Dicomifier 2.5.3 (+ gjesus3 workarounds) from the ParaVision 2dseq before ingest,"phantom study (phantom / QC, Q2); phantom / QC study (Q2): no project, as July's jrc phantoms; MRI platform archive backup_7T_olddata_260824/2022_PV6_PV7/20220427_140020_jrc220327_19F_fantoms_1_1.tar.xz (SHA-1 1942d16693918e17503301b3be519d125d26f07a); DICOM regenerated by Dicomifier 2.5.3 (+ gjesus3 workarounds) from the ParaVision 2dseq before ingest; operator pending claim (historical MRI, STATUS 0.5 Hold)"
20220427_140020_jrc220327_19F_fantoms_1_1/13,"2022-04-27T15:23:48,556+0200",visu_pars.VisuCreationDate,,,jrc220327_19F_fantoms,phantom,jrc220327_19F_fantoms,,Bruker BioSpec 7T,1400,DICOM regenerated by Dicomifier 2.5.3 (+ gjesus3 workarounds) from the ParaVision 2dseq before ingest,"phantom study (phantom / QC, Q2); phantom / QC study (Q2): no project, as July's jrc phantoms; MRI platform archive backup_7T_olddata_260824/2022_PV6_PV7/20220427_140020_jrc220327_19F_fantoms_1_1.tar.xz (SHA-1 1942d16693918e17503301b3be519d125d26f07a); DICOM regenerated by Dicomifier 2.5.3 (+ gjesus3 workarounds) from the ParaVision 2dseq before ingest; operator pending claim (historical MRI, STATUS 0.5 Hold)"
20220427_140020_jrc220327_19F_fantoms_1_1/14,"2022-04-27T16:04:54,519+0200",visu_pars.VisuCreationDate,,,jrc220327_19F_fantoms,phantom,jrc220327_19F_fantoms,,Bruker BioSpec 7T,1400,DICOM regenerated by Dicomifier 2.5.3 (+ gjesus3 workarounds) from the ParaVision 2dseq before ingest,"phantom study (phantom / QC, Q2); phantom / QC study (Q2): no project, as July's jrc phantoms; MRI platform archive backup_7T_olddata_260824/2022_PV6_PV7/20220427_140020_jrc220327_19F_fantoms_1_1.tar.xz (SHA-1 1942d16693918e17503301b3be519d125d26f07a); DICOM regenerated by Dicomifier 2.5.3 (+ gjesus3 workarounds) from the ParaVision 2dseq before ingest; operator pending claim (historical MRI, STATUS 0.5 Hold)"
20220713_094524_jrc220713_pvarray_1_1/2,"2022-07-13T09:56:45,053+0200",visu_pars.VisuCreationDate,,,jrc220713_pvarray,phantom,jrc220713_pvarray,,Bruker BioSpec 7T,0945,DICOM regenerated by Dicomifier 2.5.3 (+ gjesus3 workarounds) from the ParaVision 2dseq before ingest,"phantom study (phantom / QC, Q2); phantom / QC study (Q2): no project, as July's jrc phantoms; MRI platform archive backup_7T_olddata_260824/2022_pv6/20220713_094524_jrc220713_pvarray_1_1.tar.gz (SHA-1 199ce4a80d24e0ecfa38d45fda91241ac17447df); DICOM regenerated by Dicomifier 2.5.3 (+ gjesus3 workarounds) from the ParaVision 2dseq before ingest; operator pending claim (historical MRI, STATUS 0.5 Hold)"
20220713_094524_jrc220713_pvarray_1_1/4,"2022-07-13T10:01:39,739+0200",visu_pars.VisuCreationDate,,,jrc220713_pvarray,phantom,jrc220713_pvarray,,Bruker BioSpec 7T,0945,DICOM regenerated by Dicomifier 2.5.3 (+ gjesus3 workarounds) from the ParaVision 2dseq before ingest,"phantom study (phantom / QC, Q2); phantom / QC study (Q2): no project, as July's jrc phantoms; MRI platform archive backup_7T_olddata_260824/2022_pv6/20220713_094524_jrc220713_pvarray_1_1.tar.gz (SHA-1 199ce4a80d24e0ecfa38d45fda91241ac17447df); DICOM regenerated by Dicomifier 2.5.3 (+ gjesus3 workarounds) from the ParaVision 2dseq before ingest; operator pending claim (historical MRI, STATUS 0.5 Hold)"
20220713_094524_jrc220713_pvarray_1_1/6,"2022-07-13T10:11:55,722+0200",visu_pars.VisuCreationDate,,,jrc220713_pvarray,phantom,jrc220713_pvarray,,Bruker BioSpec 7T,0945,DICOM regenerated by Dicomifier 2.5.3 (+ gjesus3 workarounds) from the ParaVision 2dseq before ingest,"phantom study (phantom / QC, Q2); phantom / QC study (Q2): no project, as July's jrc phantoms; MRI platform archive backup_7T_olddata_260824/2022_pv6/20220713_094524_jrc220713_pvarray_1_1.tar.gz (SHA-1 199ce4a80d24e0ecfa38d45fda91241ac17447df); DICOM regenerated by Dicomifier 2.5.3 (+ gjesus3 workarounds) from the ParaVision 2dseq before ingest; operator pending claim (historical MRI, STATUS 0.5 Hold)"
20220713_094524_jrc220713_pvarray_1_1/7,"2022-07-13T10:18:25,966+0200",visu_pars.VisuCreationDate,,,jrc220713_pvarray,phantom,jrc220713_pvarray,,Bruker BioSpec 7T,0945,DICOM regenerated by Dicomifier 2.5.3 (+ gjesus3 workarounds) from the ParaVision 2dseq before ingest,"phantom study (phantom / QC, Q2); phantom / QC study (Q2): no project, as July's jrc phantoms; MRI platform archive backup_7T_olddata_260824/2022_pv6/20220713_094524_jrc220713_pvarray_1_1.tar.gz (SHA-1 199ce4a80d24e0ecfa38d45fda91241ac17447df); DICOM regenerated by Dicomifier 2.5.3 (+ gjesus3 workarounds) from the ParaVision 2dseq before ingest; operator pending claim (historical MRI, STATUS 0.5 Hold)"
20220713_094524_jrc220713_pvarray_1_1/9,"2022-07-13T10:29:03,247+0200",visu_pars.VisuCreationDate,,,jrc220713_pvarray,phantom,jrc220713_pvarray,,Bruker BioSpec 7T,0945,DICOM regenerated by Dicomifier 2.5.3 (+ gjesus3 workarounds) from the ParaVision 2dseq before ingest,"phantom study (phantom / QC, Q2); phantom / QC study (Q2): no project, as July's jrc phantoms; MRI platform archive backup_7T_olddata_260824/2022_pv6/20220713_094524_jrc220713_pvarray_1_1.tar.gz (SHA-1 199ce4a80d24e0ecfa38d45fda91241ac17447df); DICOM regenerated by Dicomifier 2.5.3 (+ gjesus3 workarounds) from the ParaVision 2dseq before ingest; operator pending claim (historical MRI, STATUS 0.5 Hold)"
20220713_094524_jrc220713_pvarray_1_1/10,"2022-07-13T10:32:55,489+0200",visu_pars.VisuCreationDate,,,jrc220713_pvarray,phantom,jrc220713_pvarray,,Bruker BioSpec 7T,0945,DICOM regenerated by Dicomifier 2.5.3 (+ gjesus3 workarounds) from the ParaVision 2dseq before ingest,"phantom study (phantom / QC, Q2); phantom / QC study (Q2): no project, as July's jrc phantoms; MRI platform archive backup_7T_olddata_260824/2022_pv6/20220713_094524_jrc220713_pvarray_1_1.tar.gz (SHA-1 199ce4a80d24e0ecfa38d45fda91241ac17447df); DICOM regenerated by Dicomifier 2.5.3 (+ gjesus3 workarounds) from the ParaVision 2dseq before ingest; operator pending claim (historical MRI, STATUS 0.5 Hold)"
20220713_094524_jrc220713_pvarray_1_1/11,"2022-07-13T10:35:06,283+0200",visu_pars.VisuCreationDate,,,jrc220713_pvarray,phantom,jrc220713_pvarray,,Bruker BioSpec 7T,0945,DICOM regenerated by Dicomifier 2.5.3 (+ gjesus3 workarounds) from the ParaVision 2dseq before ingest,"phantom study (phantom / QC, Q2); phantom / QC study (Q2): no project, as July's jrc phantoms; MRI platform archive backup_7T_olddata_260824/2022_pv6/20220713_094524_jrc220713_pvarray_1_1.tar.gz (SHA-1 199ce4a80d24e0ecfa38d45fda91241ac17447df); DICOM regenerated by Dicomifier 2.5.3 (+ gjesus3 workarounds) from the ParaVision 2dseq before ingest; operator pending claim (historical MRI, STATUS 0.5 Hold)"
20220713_094524_jrc220713_pvarray_1_1/12,"2022-07-13T10:37:53,546+0200",visu_pars.VisuCreationDate,,,jrc220713_pvarray,phantom,jrc220713_pvarray,,Bruker BioSpec 7T,0945,DICOM regenerated by Dicomifier 2.5.3 (+ gjesus3 workarounds) from the ParaVision 2dseq before ingest,"phantom study (phantom / QC, Q2); phantom / QC study (Q2): no project, as July's jrc phantoms; MRI platform archive backup_7T_olddata_260824/2022_pv6/20220713_094524_jrc220713_pvarray_1_1.tar.gz (SHA-1 199ce4a80d24e0ecfa38d45fda91241ac17447df); DICOM regenerated by Dicomifier 2.5.3 (+ gjesus3 workarounds) from the ParaVision 2dseq before ingest; operator pending claim (historical MRI, STATUS 0.5 Hold)"
20220713_094524_jrc220713_pvarray_1_1/13,"2022-07-13T10:41:39,879+0200",visu_pars.VisuCreationDate,,,jrc220713_pvarray,phantom,jrc220713_pvarray,,Bruker BioSpec 7T,0945,DICOM regenerated by Dicomifier 2.5.3 (+ gjesus3 workarounds) from the ParaVision 2dseq before ingest,"phantom study (phantom / QC, Q2); phantom / QC study (Q2): no project, as July's jrc phantoms; MRI platform archive backup_7T_olddata_260824/2022_pv6/20220713_094524_jrc220713_pvarray_1_1.tar.gz (SHA-1 199ce4a80d24e0ecfa38d45fda91241ac17447df); DICOM regenerated by Dicomifier 2.5.3 (+ gjesus3 workarounds) from the ParaVision 2dseq before ingest; operator pending claim (historical MRI, STATUS 0.5 Hold)"
20220713_094524_jrc220713_pvarray_1_1/14,"2022-07-13T10:45:18,139+0200",visu_pars.VisuCreationDate,,,jrc220713_pvarray,phantom,jrc220713_pvarray,,Bruker BioSpec 7T,0945,DICOM regenerated by Dicomifier 2.5.3 (+ gjesus3 workarounds) from the ParaVision 2dseq before ingest,"phantom study (phantom / QC, Q2); phantom / QC study (Q2): no project, as July's jrc phantoms; MRI platform archive backup_7T_olddata_260824/2022_pv6/20220713_094524_jrc220713_pvarray_1_1.tar.gz (SHA-1 199ce4a80d24e0ecfa38d45fda91241ac17447df); DICOM regenerated by Dicomifier 2.5.3 (+ gjesus3 workarounds) from the ParaVision 2dseq before ingest; operator pending claim (historical MRI, STATUS 0.5 Hold)"
20220713_094524_jrc220713_pvarray_1_1/15,"2022-07-13T10:52:48,265+0200",visu_pars.VisuCreationDate,,,jrc220713_pvarray,phantom,jrc220713_pvarray,,Bruker BioSpec 7T,0945,DICOM regenerated by Dicomifier 2.5.3 (+ gjesus3 workarounds) from the ParaVision 2dseq before ingest,"phantom study (phantom / QC, Q2); phantom / QC study (Q2): no project, as July's jrc phantoms; MRI platform archive backup_7T_olddata_260824/2022_pv6/20220713_094524_jrc220713_pvarray_1_1.tar.gz (SHA-1 199ce4a80d24e0ecfa38d45fda91241ac17447df); DICOM regenerated by Dicomifier 2.5.3 (+ gjesus3 workarounds) from the ParaVision 2dseq before ingest; operator pending claim (historical MRI, STATUS 0.5 Hold)"
20220713_094524_jrc220713_pvarray_1_1/16,"2022-07-13T10:55:30,461+0200",visu_pars.VisuCreationDate,,,jrc220713_pvarray,phantom,jrc220713_pvarray,,Bruker BioSpec 7T,0945,DICOM regenerated by Dicomifier 2.5.3 (+ gjesus3 workarounds) from the ParaVision 2dseq before ingest,"phantom study (phantom / QC, Q2); phantom / QC study (Q2): no project, as July's jrc phantoms; MRI platform archive backup_7T_olddata_260824/2022_pv6/20220713_094524_jrc220713_pvarray_1_1.tar.gz (SHA-1 199ce4a80d24e0ecfa38d45fda91241ac17447df); DICOM regenerated by Dicomifier 2.5.3 (+ gjesus3 workarounds) from the ParaVision 2dseq before ingest; operator pending claim (historical MRI, STATUS 0.5 Hold)"
20220713_094524_jrc220713_pvarray_1_1/17,"2022-07-13T11:00:02,129+0200",visu_pars.VisuCreationDate,,,jrc220713_pvarray,phantom,jrc220713_pvarray,,Bruker BioSpec 7T,0945,DICOM regenerated by Dicomifier 2.5.3 (+ gjesus3 workarounds) from the ParaVision 2dseq before ingest,"phantom study (phantom / QC, Q2); phantom / QC study (Q2): no project, as July's jrc phantoms; MRI platform archive backup_7T_olddata_260824/2022_pv6/20220713_094524_jrc220713_pvarray_1_1.tar.gz (SHA-1 199ce4a80d24e0ecfa38d45fda91241ac17447df); DICOM regenerated by Dicomifier 2.5.3 (+ gjesus3 workarounds) from the ParaVision 2dseq before ingest; operator pending claim (historical MRI, STATUS 0.5 Hold)"
20220713_094524_jrc220713_pvarray_1_1/18,"2022-07-13T11:05:41,561+0200",visu_pars.VisuCreationDate,,,jrc220713_pvarray,phantom,jrc220713_pvarray,,Bruker BioSpec 7T,0945,DICOM regenerated by Dicomifier 2.5.3 (+ gjesus3 workarounds) from the ParaVision 2dseq before ingest,"phantom study (phantom / QC, Q2); phantom / QC study (Q2): no project, as July's jrc phantoms; MRI platform archive backup_7T_olddata_260824/2022_pv6/20220713_094524_jrc220713_pvarray_1_1.tar.gz (SHA-1 199ce4a80d24e0ecfa38d45fda91241ac17447df); DICOM regenerated by Dicomifier 2.5.3 (+ gjesus3 workarounds) from the ParaVision 2dseq before ingest; operator pending claim (historical MRI, STATUS 0.5 Hold)"
20220713_094524_jrc220713_pvarray_1_1/19,"2022-07-13T11:11:24,313+0200",visu_pars.VisuCreationDate,,,jrc220713_pvarray,phantom,jrc220713_pvarray,,Bruker BioSpec 7T,0945,DICOM regenerated by Dicomifier 2.5.3 (+ gjesus3 workarounds) from the ParaVision 2dseq before ingest,"phantom study (phantom / QC, Q2); phantom / QC study (Q2): no project, as July's jrc phantoms; MRI platform archive backup_7T_olddata_260824/2022_pv6/20220713_094524_jrc220713_pvarray_1_1.tar.gz (SHA-1 199ce4a80d24e0ecfa38d45fda91241ac17447df); DICOM regenerated by Dicomifier 2.5.3 (+ gjesus3 workarounds) from the ParaVision 2dseq before ingest; operator pending claim (historical MRI, STATUS 0.5 Hold)"
20220713_094524_jrc220713_pvarray_1_1/20,"2022-07-13T11:16:51,767+0200",visu_pars.VisuCreationDate,,,jrc220713_pvarray,phantom,jrc220713_pvarray,,Bruker BioSpec 7T,0945,DICOM regenerated by Dicomifier 2.5.3 (+ gjesus3 workarounds) from the ParaVision 2dseq before ingest,"phantom study (phantom / QC, Q2); phantom / QC study (Q2): no project, as July's jrc phantoms; MRI platform archive backup_7T_olddata_260824/2022_pv6/20220713_094524_jrc220713_pvarray_1_1.tar.gz (SHA-1 199ce4a80d24e0ecfa38d45fda91241ac17447df); DICOM regenerated by Dicomifier 2.5.3 (+ gjesus3 workarounds) from the ParaVision 2dseq before ingest; operator pending claim (historical MRI, STATUS 0.5 Hold)"
20220713_094524_jrc220713_pvarray_1_1/21,"2022-07-13T11:27:24,275+0200",visu_pars.VisuCreationDate,,,jrc220713_pvarray,phantom,jrc220713_pvarray,,Bruker BioSpec 7T,0945,DICOM regenerated by Dicomifier 2.5.3 (+ gjesus3 workarounds) from the ParaVision 2dseq before ingest,"phantom study (phantom / QC, Q2); phantom / QC study (Q2): no project, as July's jrc phantoms; MRI platform archive backup_7T_olddata_260824/2022_pv6/20220713_094524_jrc220713_pvarray_1_1.tar.gz (SHA-1 199ce4a80d24e0ecfa38d45fda91241ac17447df); DICOM regenerated by Dicomifier 2.5.3 (+ gjesus3 workarounds) from the ParaVision 2dseq before ingest; operator pending claim (historical MRI, STATUS 0.5 Hold)"
20220713_094524_jrc220713_pvarray_1_1/30,"2022-07-13T11:49:04,707+0200",visu_pars.VisuCreationDate,,,jrc220713_pvarray,phantom,jrc220713_pvarray,,Bruker BioSpec 7T,0945,DICOM regenerated by Dicomifier 2.5.3 (+ gjesus3 workarounds) from the ParaVision 2dseq before ingest,"phantom study (phantom / QC, Q2); phantom / QC study (Q2): no project, as July's jrc phantoms; MRI platform archive backup_7T_olddata_260824/2022_pv6/20220713_094524_jrc220713_pvarray_1_1.tar.gz (SHA-1 199ce4a80d24e0ecfa38d45fda91241ac17447df); DICOM regenerated by Dicomifier 2.5.3 (+ gjesus3 workarounds) from the ParaVision 2dseq before ingest; operator pending claim (historical MRI, STATUS 0.5 Hold)"
20220713_094524_jrc220713_pvarray_1_1/31,"2022-07-13T11:53:59,582+0200",visu_pars.VisuCreationDate,,,jrc220713_pvarray,phantom,jrc220713_pvarray,,Bruker BioSpec 7T,0945,DICOM regenerated by Dicomifier 2.5.3 (+ gjesus3 workarounds) from the ParaVision 2dseq before ingest,"phantom study (phantom / QC, Q2); phantom / QC study (Q2): no project, as July's jrc phantoms; MRI platform archive backup_7T_olddata_260824/2022_pv6/20220713_094524_jrc220713_pvarray_1_1.tar.gz (SHA-1 199ce4a80d24e0ecfa38d45fda91241ac17447df); DICOM regenerated by Dicomifier 2.5.3 (+ gjesus3 workarounds) from the ParaVision 2dseq before ingest; operator pending claim (historical MRI, STATUS 0.5 Hold)"
20220713_094524_jrc220713_pvarray_1_1/32,"2022-07-13T12:05:57,705+0200",visu_pars.VisuCreationDate,,,jrc220713_pvarray,phantom,jrc220713_pvarray,,Bruker BioSpec 7T,0945,DICOM regenerated by Dicomifier 2.5.3 (+ gjesus3 workarounds) from the ParaVision 2dseq before ingest,"phantom study (phantom / QC, Q2); phantom / QC study (Q2): no project, as July's jrc phantoms; MRI platform archive backup_7T_olddata_260824/2022_pv6/20220713_094524_jrc220713_pvarray_1_1.tar.gz (SHA-1 199ce4a80d24e0ecfa38d45fda91241ac17447df); DICOM regenerated by Dicomifier 2.5.3 (+ gjesus3 workarounds) from the ParaVision 2dseq before ingest; operator pending claim (historical MRI, STATUS 0.5 Hold)"
20220713_094524_jrc220713_pvarray_1_1/33,"2022-07-13T12:12:00,857+0200",visu_pars.VisuCreationDate,,,jrc220713_pvarray,phantom,jrc220713_pvarray,,Bruker BioSpec 7T,0945,DICOM regenerated by Dicomifier 2.5.3 (+ gjesus3 workarounds) from the ParaVision 2dseq before ingest,"phantom study (phantom / QC, Q2); phantom / QC study (Q2): no project, as July's jrc phantoms; MRI platform archive backup_7T_olddata_260824/2022_pv6/20220713_094524_jrc220713_pvarray_1_1.tar.gz (SHA-1 199ce4a80d24e0ecfa38d45fda91241ac17447df); DICOM regenerated by Dicomifier 2.5.3 (+ gjesus3 workarounds) from the ParaVision 2dseq before ingest; operator pending claim (historical MRI, STATUS 0.5 Hold)"
20220713_094524_jrc220713_pvarray_1_1/35,"2022-07-13T12:18:48,250+0200",visu_pars.VisuCreationDate,,,jrc220713_pvarray,phantom,jrc220713_pvarray,,Bruker BioSpec 7T,0945,DICOM regenerated by Dicomifier 2.5.3 (+ gjesus3 workarounds) from the ParaVision 2dseq before ingest,"phantom study (phantom / QC, Q2); phantom / QC study (Q2): no project, as July's jrc phantoms; MRI platform archive backup_7T_olddata_260824/2022_pv6/20220713_094524_jrc220713_pvarray_1_1.tar.gz (SHA-1 199ce4a80d24e0ecfa38d45fda91241ac17447df); DICOM regenerated by Dicomifier 2.5.3 (+ gjesus3 workarounds) from the ParaVision 2dseq before ingest; operator pending claim (historical MRI, STATUS 0.5 Hold)"
20220713_094524_jrc220713_pvarray_1_1/37,"2022-07-13T12:29:02,303+0200",visu_pars.VisuCreationDate,,,jrc220713_pvarray,phantom,jrc220713_pvarray,,Bruker BioSpec 7T,0945,DICOM regenerated by Dicomifier 2.5.3 (+ gjesus3 workarounds) from the ParaVision 2dseq before ingest,"phantom study (phantom / QC, Q2); phantom / QC study (Q2): no project, as July's jrc phantoms; MRI platform archive backup_7T_olddata_260824/2022_pv6/20220713_094524_jrc220713_pvarray_1_1.tar.gz (SHA-1 199ce4a80d24e0ecfa38d45fda91241ac17447df); DICOM regenerated by Dicomifier 2.5.3 (+ gjesus3 workarounds) from the ParaVision 2dseq before ingest; operator pending claim (historical MRI, STATUS 0.5 Hold)"
20220713_094524_jrc220713_pvarray_1_1/38,"2022-07-13T12:35:08,942+0200",visu_pars.VisuCreationDate,,,jrc220713_pvarray,phantom,jrc220713_pvarray,,Bruker BioSpec 7T,0945,DICOM regenerated by Dicomifier 2.5.3 (+ gjesus3 workarounds) from the ParaVision 2dseq before ingest,"phantom study (phantom / QC, Q2); phantom / QC study (Q2): no project, as July's jrc phantoms; MRI platform archive backup_7T_olddata_260824/2022_pv6/20220713_094524_jrc220713_pvarray_1_1.tar.gz (SHA-1 199ce4a80d24e0ecfa38d45fda91241ac17447df); DICOM regenerated by Dicomifier 2.5.3 (+ gjesus3 workarounds) from the ParaVision 2dseq before ingest; operator pending claim (historical MRI, STATUS 0.5 Hold)"
20220713_094524_jrc220713_pvarray_1_1/39,"2022-07-13T12:46:08,928+0200",visu_pars.VisuCreationDate,,,jrc220713_pvarray,phantom,jrc220713_pvarray,,Bruker BioSpec 7T,0945,DICOM regenerated by Dicomifier 2.5.3 (+ gjesus3 workarounds) from the ParaVision 2dseq before ingest,"phantom study (phantom / QC, Q2); phantom / QC study (Q2): no project, as July's jrc phantoms; MRI platform archive backup_7T_olddata_260824/2022_pv6/20220713_094524_jrc220713_pvarray_1_1.tar.gz (SHA-1 199ce4a80d24e0ecfa38d45fda91241ac17447df); DICOM regenerated by Dicomifier 2.5.3 (+ gjesus3 workarounds) from the ParaVision 2dseq before ingest; operator pending claim (historical MRI, STATUS 0.5 Hold)"
20220713_094524_jrc220713_pvarray_1_1/40,"2022-07-13T12:56:37,354+0200",visu_pars.VisuCreationDate,,,jrc220713_pvarray,phantom,jrc220713_pvarray,,Bruker BioSpec 7T,0945,DICOM regenerated by Dicomifier 2.5.3 (+ gjesus3 workarounds) from the ParaVision 2dseq before ingest,"phantom study (phantom / QC, Q2); phantom / QC study (Q2): no project, as July's jrc phantoms; MRI platform archive backup_7T_olddata_260824/2022_pv6/20220713_094524_jrc220713_pvarray_1_1.tar.gz (SHA-1 199ce4a80d24e0ecfa38d45fda91241ac17447df); DICOM regenerated by Dicomifier 2.5.3 (+ gjesus3 workarounds) from the ParaVision 2dseq before ingest; operator pending claim (historical MRI, STATUS 0.5 Hold)"
20220713_094524_jrc220713_pvarray_1_1/42,"2022-07-13T13:03:19,506+0200",visu_pars.VisuCreationDate,,,jrc220713_pvarray,phantom,jrc220713_pvarray,,Bruker BioSpec 7T,0945,DICOM regenerated by Dicomifier 2.5.3 (+ gjesus3 workarounds) from the ParaVision 2dseq before ingest,"phantom study (phantom / QC, Q2); phantom / QC study (Q2): no project, as July's jrc phantoms; MRI platform archive backup_7T_olddata_260824/2022_pv6/20220713_094524_jrc220713_pvarray_1_1.tar.gz (SHA-1 199ce4a80d24e0ecfa38d45fda91241ac17447df); DICOM regenerated by Dicomifier 2.5.3 (+ gjesus3 workarounds) from the ParaVision 2dseq before ingest; operator pending claim (historical MRI, STATUS 0.5 Hold)"
20220713_094524_jrc220713_pvarray_1_1/43,"2022-07-13T13:08:57,517+0200",visu_pars.VisuCreationDate,,,jrc220713_pvarray,phantom,jrc220713_pvarray,,Bruker BioSpec 7T,0945,DICOM regenerated by Dicomifier 2.5.3 (+ gjesus3 workarounds) from the ParaVision 2dseq before ingest,"phantom study (phantom / QC, Q2); phantom / QC study (Q2): no project, as July's jrc phantoms; MRI platform archive backup_7T_olddata_260824/2022_pv6/20220713_094524_jrc220713_pvarray_1_1.tar.gz (SHA-1 199ce4a80d24e0ecfa38d45fda91241ac17447df); DICOM regenerated by Dicomifier 2.5.3 (+ gjesus3 workarounds) from the ParaVision 2dseq before ingest; operator pending claim (historical MRI, STATUS 0.5 Hold)"
20220713_094524_jrc220713_pvarray_1_1/44,"2022-07-13T13:14:34,490+0200",visu_pars.VisuCreationDate,,,jrc220713_pvarray,phantom,jrc220713_pvarray,,Bruker BioSpec 7T,0945,DICOM regenerated by Dicomifier 2.5.3 (+ gjesus3 workarounds) from the ParaVision 2dseq before ingest,"phantom study (phantom / QC, Q2); phantom / QC study (Q2): no project, as July's jrc phantoms; MRI platform archive backup_7T_olddata_260824/2022_pv6/20220713_094524_jrc220713_pvarray_1_1.tar.gz (SHA-1 199ce4a80d24e0ecfa38d45fda91241ac17447df); DICOM regenerated by Dicomifier 2.5.3 (+ gjesus3 workarounds) from the ParaVision 2dseq before ingest; operator pending claim (historical MRI, STATUS 0.5 Hold)"
20220713_094524_jrc220713_pvarray_1_1/45,"2022-07-13T13:20:28,238+0200",visu_pars.VisuCreationDate,,,jrc220713_pvarray,phantom,jrc220713_pvarray,,Bruker BioSpec 7T,0945,DICOM regenerated by Dicomifier 2.5.3 (+ gjesus3 workarounds) from the ParaVision 2dseq before ingest,"phantom study (phantom / QC, Q2); phantom / QC study (Q2): no project, as July's jrc phantoms; MRI platform archive backup_7T_olddata_260824/2022_pv6/20220713_094524_jrc220713_pvarray_1_1.tar.gz (SHA-1 199ce4a80d24e0ecfa38d45fda91241ac17447df); DICOM regenerated by Dicomifier 2.5.3 (+ gjesus3 workarounds) from the ParaVision 2dseq before ingest; operator pending claim (historical MRI, STATUS 0.5 Hold)"
20220713_094524_jrc220713_pvarray_1_1/47,"2022-07-13T13:24:40,978+0200",visu_pars.VisuCreationDate,,,jrc220713_pvarray,phantom,jrc220713_pvarray,,Bruker BioSpec 7T,0945,DICOM regenerated by Dicomifier 2.5.3 (+ gjesus3 workarounds) from the ParaVision 2dseq before ingest,"phantom study (phantom / QC, Q2); phantom / QC study (Q2): no project, as July's jrc phantoms; MRI platform archive backup_7T_olddata_260824/2022_pv6/20220713_094524_jrc220713_pvarray_1_1.tar.gz (SHA-1 199ce4a80d24e0ecfa38d45fda91241ac17447df); DICOM regenerated by Dicomifier 2.5.3 (+ gjesus3 workarounds) from the ParaVision 2dseq before ingest; operator pending claim (historical MRI, STATUS 0.5 Hold)"
20220713_094524_jrc220713_pvarray_1_1/48,"2022-07-13T13:27:13,582+0200",visu_pars.VisuCreationDate,,,jrc220713_pvarray,phantom,jrc220713_pvarray,,Bruker BioSpec 7T,0945,DICOM regenerated by Dicomifier 2.5.3 (+ gjesus3 workarounds) from the ParaVision 2dseq before ingest,"phantom study (phantom / QC, Q2); phantom / QC study (Q2): no project, as July's jrc phantoms; MRI platform archive backup_7T_olddata_260824/2022_pv6/20220713_094524_jrc220713_pvarray_1_1.tar.gz (SHA-1 199ce4a80d24e0ecfa38d45fda91241ac17447df); DICOM regenerated by Dicomifier 2.5.3 (+ gjesus3 workarounds) from the ParaVision 2dseq before ingest; operator pending claim (historical MRI, STATUS 0.5 Hold)"
20220713_094524_jrc220713_pvarray_1_1/49,"2022-07-13T13:30:10,204+0200",visu_pars.VisuCreationDate,,,jrc220713_pvarray,phantom,jrc220713_pvarray,,Bruker BioSpec 7T,0945,DICOM regenerated by Dicomifier 2.5.3 (+ gjesus3 workarounds) from the ParaVision 2dseq before ingest,"phantom study (phantom / QC, Q2); phantom / QC study (Q2): no project, as July's jrc phantoms; MRI platform archive backup_7T_olddata_260824/2022_pv6/20220713_094524_jrc220713_pvarray_1_1.tar.gz (SHA-1 199ce4a80d24e0ecfa38d45fda91241ac17447df); DICOM regenerated by Dicomifier 2.5.3 (+ gjesus3 workarounds) from the ParaVision 2dseq before ingest; operator pending claim (historical MRI, STATUS 0.5 Hold)"
20220713_094524_jrc220713_pvarray_1_1/50,"2022-07-13T13:33:28,982+0200",visu_pars.VisuCreationDate,,,jrc220713_pvarray,phantom,jrc220713_pvarray,,Bruker BioSpec 7T,0945,DICOM regenerated by Dicomifier 2.5.3 (+ gjesus3 workarounds) from the ParaVision 2dseq before ingest,"phantom study (phantom / QC, Q2); phantom / QC study (Q2): no project, as July's jrc phantoms; MRI platform archive backup_7T_olddata_260824/2022_pv6/20220713_094524_jrc220713_pvarray_1_1.tar.gz (SHA-1 199ce4a80d24e0ecfa38d45fda91241ac17447df); DICOM regenerated by Dicomifier 2.5.3 (+ gjesus3 workarounds) from the ParaVision 2dseq before ingest; operator pending claim (historical MRI, STATUS 0.5 Hold)"
20220713_094524_jrc220713_pvarray_1_1/51,"2022-07-13T13:36:35,344+0200",visu_pars.VisuCreationDate,,,jrc220713_pvarray,phantom,jrc220713_pvarray,,Bruker BioSpec 7T,0945,DICOM regenerated by Dicomifier 2.5.3 (+ gjesus3 workarounds) from the ParaVision 2dseq before ingest,"phantom study (phantom / QC, Q2); phantom / QC study (Q2): no project, as July's jrc phantoms; MRI platform archive backup_7T_olddata_260824/2022_pv6/20220713_094524_jrc220713_pvarray_1_1.tar.gz (SHA-1 199ce4a80d24e0ecfa38d45fda91241ac17447df); DICOM regenerated by Dicomifier 2.5.3 (+ gjesus3 workarounds) from the ParaVision 2dseq before ingest; operator pending claim (historical MRI, STATUS 0.5 Hold)"
20220713_094524_jrc220713_pvarray_1_1/52,"2022-07-13T14:14:59,078+0200",visu_pars.VisuCreationDate,,,jrc220713_pvarray,phantom,jrc220713_pvarray,,Bruker BioSpec 7T,0945,DICOM regenerated by Dicomifier 2.5.3 (+ gjesus3 workarounds) from the ParaVision 2dseq before ingest,"phantom study (phantom / QC, Q2); phantom / QC study (Q2): no project, as July's jrc phantoms; MRI platform archive backup_7T_olddata_260824/2022_pv6/20220713_094524_jrc220713_pvarray_1_1.tar.gz (SHA-1 199ce4a80d24e0ecfa38d45fda91241ac17447df); DICOM regenerated by Dicomifier 2.5.3 (+ gjesus3 workarounds) from the ParaVision 2dseq before ingest; operator pending claim (historical MRI, STATUS 0.5 Hold)"
20220713_094524_jrc220713_pvarray_1_1/53,"2022-07-13T14:16:52,625+0200",visu_pars.VisuCreationDate,,,jrc220713_pvarray,phantom,jrc220713_pvarray,,Bruker BioSpec 7T,0945,DICOM regenerated by Dicomifier 2.5.3 (+ gjesus3 workarounds) from the ParaVision 2dseq before ingest,"phantom study (phantom / QC, Q2); phantom / QC study (Q2): no project, as July's jrc phantoms; MRI platform archive backup_7T_olddata_260824/2022_pv6/20220713_094524_jrc220713_pvarray_1_1.tar.gz (SHA-1 199ce4a80d24e0ecfa38d45fda91241ac17447df); DICOM regenerated by Dicomifier 2.5.3 (+ gjesus3 workarounds) from the ParaVision 2dseq before ingest; operator pending claim (historical MRI, STATUS 0.5 Hold)"
20220713_094524_jrc220713_pvarray_1_1/54,"2022-07-13T14:18:32,546+0200",visu_pars.VisuCreationDate,,,jrc220713_pvarray,phantom,jrc220713_pvarray,,Bruker BioSpec 7T,0945,DICOM regenerated by Dicomifier 2.5.3 (+ gjesus3 workarounds) from the ParaVision 2dseq before ingest,"phantom study (phantom / QC, Q2); phantom / QC study (Q2): no project, as July's jrc phantoms; MRI platform archive backup_7T_olddata_260824/2022_pv6/20220713_094524_jrc220713_pvarray_1_1.tar.gz (SHA-1 199ce4a80d24e0ecfa38d45fda91241ac17447df); DICOM regenerated by Dicomifier 2.5.3 (+ gjesus3 workarounds) from the ParaVision 2dseq before ingest; operator pending claim (historical MRI, STATUS 0.5 Hold)"
20220713_094524_jrc220713_pvarray_1_1/55,"2022-07-13T14:20:30,862+0200",visu_pars.VisuCreationDate,,,jrc220713_pvarray,phantom,jrc220713_pvarray,,Bruker BioSpec 7T,0945,DICOM regenerated by Dicomifier 2.5.3 (+ gjesus3 workarounds) from the ParaVision 2dseq before ingest,"phantom study (phantom / QC, Q2); phantom / QC study (Q2): no project, as July's jrc phantoms; MRI platform archive backup_7T_olddata_260824/2022_pv6/20220713_094524_jrc220713_pvarray_1_1.tar.gz (SHA-1 199ce4a80d24e0ecfa38d45fda91241ac17447df); DICOM regenerated by Dicomifier 2.5.3 (+ gjesus3 workarounds) from the ParaVision 2dseq before ingest; operator pending claim (historical MRI, STATUS 0.5 Hold)"
20220713_094524_jrc220713_pvarray_1_1/56,"2022-07-13T14:23:52,769+0200",visu_pars.VisuCreationDate,,,jrc220713_pvarray,phantom,jrc220713_pvarray,,Bruker BioSpec 7T,0945,DICOM regenerated by Dicomifier 2.5.3 (+ gjesus3 workarounds) from the ParaVision 2dseq before ingest,"phantom study (phantom / QC, Q2); phantom / QC study (Q2): no project, as July's jrc phantoms; MRI platform archive backup_7T_olddata_260824/2022_pv6/20220713_094524_jrc220713_pvarray_1_1.tar.gz (SHA-1 199ce4a80d24e0ecfa38d45fda91241ac17447df); DICOM regenerated by Dicomifier 2.5.3 (+ gjesus3 workarounds) from the ParaVision 2dseq before ingest; operator pending claim (historical MRI, STATUS 0.5 Hold)"
20220713_094524_jrc220713_pvarray_1_1/57,"2022-07-13T14:26:27,199+0200",visu_pars.VisuCreationDate,,,jrc220713_pvarray,phantom,jrc220713_pvarray,,Bruker BioSpec 7T,0945,DICOM regenerated by Dicomifier 2.5.3 (+ gjesus3 workarounds) from the ParaVision 2dseq before ingest,"phantom study (phantom / QC, Q2); phantom / QC study (Q2): no project, as July's jrc phantoms; MRI platform archive backup_7T_olddata_260824/2022_pv6/20220713_094524_jrc220713_pvarray_1_1.tar.gz (SHA-1 199ce4a80d24e0ecfa38d45fda91241ac17447df); DICOM regenerated by Dicomifier 2.5.3 (+ gjesus3 workarounds) from the ParaVision 2dseq before ingest; operator pending claim (historical MRI, STATUS 0.5 Hold)"
20220713_094524_jrc220713_pvarray_1_1/59,"2022-07-13T14:34:46,438+0200",visu_pars.VisuCreationDate,,,jrc220713_pvarray,phantom,jrc220713_pvarray,,Bruker BioSpec 7T,0945,DICOM regenerated by Dicomifier 2.5.3 (+ gjesus3 workarounds) from the ParaVision 2dseq before ingest,"phantom study (phantom / QC, Q2); phantom / QC study (Q2): no project, as July's jrc phantoms; MRI platform archive backup_7T_olddata_260824/2022_pv6/20220713_094524_jrc220713_pvarray_1_1.tar.gz (SHA-1 199ce4a80d24e0ecfa38d45fda91241ac17447df); DICOM regenerated by Dicomifier 2.5.3 (+ gjesus3 workarounds) from the ParaVision 2dseq before ingest; operator pending claim (historical MRI, STATUS 0.5 Hold)"
20220713_094524_jrc220713_pvarray_1_1/60,"2022-07-13T14:39:28,403+0200",visu_pars.VisuCreationDate,,,jrc220713_pvarray,phantom,jrc220713_pvarray,,Bruker BioSpec 7T,0945,DICOM regenerated by Dicomifier 2.5.3 (+ gjesus3 workarounds) from the ParaVision 2dseq before ingest,"phantom study (phantom / QC, Q2); phantom / QC study (Q2): no project, as July's jrc phantoms; MRI platform archive backup_7T_olddata_260824/2022_pv6/20220713_094524_jrc220713_pvarray_1_1.tar.gz (SHA-1 199ce4a80d24e0ecfa38d45fda91241ac17447df); DICOM regenerated by Dicomifier 2.5.3 (+ gjesus3 workarounds) from the ParaVision 2dseq before ingest; operator pending claim (historical MRI, STATUS 0.5 Hold)"
20220713_094524_jrc220713_pvarray_1_1/61,"2022-07-13T14:42:07,875+0200",visu_pars.VisuCreationDate,,,jrc220713_pvarray,phantom,jrc220713_pvarray,,Bruker BioSpec 7T,0945,DICOM regenerated by Dicomifier 2.5.3 (+ gjesus3 workarounds) from the ParaVision 2dseq before ingest,"phantom study (phantom / QC, Q2); phantom / QC study (Q2): no project, as July's jrc phantoms; MRI platform archive backup_7T_olddata_260824/2022_pv6/20220713_094524_jrc220713_pvarray_1_1.tar.gz (SHA-1 199ce4a80d24e0ecfa38d45fda91241ac17447df); DICOM regenerated by Dicomifier 2.5.3 (+ gjesus3 workarounds) from the ParaVision 2dseq before ingest; operator pending claim (historical MRI, STATUS 0.5 Hold)"
20220713_094524_jrc220713_pvarray_1_1/62,"2022-07-13T14:44:47,275+0200",visu_pars.VisuCreationDate,,,jrc220713_pvarray,phantom,jrc220713_pvarray,,Bruker BioSpec 7T,0945,DICOM regenerated by Dicomifier 2.5.3 (+ gjesus3 workarounds) from the ParaVision 2dseq before ingest,"phantom study (phantom / QC, Q2); phantom / QC study (Q2): no project, as July's jrc phantoms; MRI platform archive backup_7T_olddata_260824/2022_pv6/20220713_094524_jrc220713_pvarray_1_1.tar.gz (SHA-1 199ce4a80d24e0ecfa38d45fda91241ac17447df); DICOM regenerated by Dicomifier 2.5.3 (+ gjesus3 workarounds) from the ParaVision 2dseq before ingest; operator pending claim (historical MRI, STATUS 0.5 Hold)"
20220713_094524_jrc220713_pvarray_1_1/63,"2022-07-13T14:47:34,817+0200",visu_pars.VisuCreationDate,,,jrc220713_pvarray,phantom,jrc220713_pvarray,,Bruker BioSpec 7T,0945,DICOM regenerated by Dicomifier 2.5.3 (+ gjesus3 workarounds) from the ParaVision 2dseq before ingest,"phantom study (phantom / QC, Q2); phantom / QC study (Q2): no project, as July's jrc phantoms; MRI platform archive backup_7T_olddata_260824/2022_pv6/20220713_094524_jrc220713_pvarray_1_1.tar.gz (SHA-1 199ce4a80d24e0ecfa38d45fda91241ac17447df); DICOM regenerated by Dicomifier 2.5.3 (+ gjesus3 workarounds) from the ParaVision 2dseq before ingest; operator pending claim (historical MRI, STATUS 0.5 Hold)"
20220713_094524_jrc220713_pvarray_1_1/64,"2022-07-13T14:56:32,451+0200",visu_pars.VisuCreationDate,,,jrc220713_pvarray,phantom,jrc220713_pvarray,,Bruker BioSpec 7T,0945,DICOM regenerated by Dicomifier 2.5.3 (+ gjesus3 workarounds) from the ParaVision 2dseq before ingest,"phantom study (phantom / QC, Q2); phantom / QC study (Q2): no project, as July's jrc phantoms; MRI platform archive backup_7T_olddata_260824/2022_pv6/20220713_094524_jrc220713_pvarray_1_1.tar.gz (SHA-1 199ce4a80d24e0ecfa38d45fda91241ac17447df); DICOM regenerated by Dicomifier 2.5.3 (+ gjesus3 workarounds) from the ParaVision 2dseq before ingest; operator pending claim (historical MRI, STATUS 0.5 Hold)"
20220713_094524_jrc220713_pvarray_1_1/65,"2022-07-13T15:02:26,760+0200",visu_pars.VisuCreationDate,,,jrc220713_pvarray,phantom,jrc220713_pvarray,,Bruker BioSpec 7T,0945,DICOM regenerated by Dicomifier 2.5.3 (+ gjesus3 workarounds) from the ParaVision 2dseq before ingest,"phantom study (phantom / QC, Q2); phantom / QC study (Q2): no project, as July's jrc phantoms; MRI platform archive backup_7T_olddata_260824/2022_pv6/20220713_094524_jrc220713_pvarray_1_1.tar.gz (SHA-1 199ce4a80d24e0ecfa38d45fda91241ac17447df); DICOM regenerated by Dicomifier 2.5.3 (+ gjesus3 workarounds) from the ParaVision 2dseq before ingest; operator pending claim (historical MRI, STATUS 0.5 Hold)"
20220713_094524_jrc220713_pvarray_1_1/67,"2022-07-13T15:08:52,689+0200",visu_pars.VisuCreationDate,,,jrc220713_pvarray,phantom,jrc220713_pvarray,,Bruker BioSpec 7T,0945,DICOM regenerated by Dicomifier 2.5.3 (+ gjesus3 workarounds) from the ParaVision 2dseq before ingest,"phantom study (phantom / QC, Q2); phantom / QC study (Q2): no project, as July's jrc phantoms; MRI platform archive backup_7T_olddata_260824/2022_pv6/20220713_094524_jrc220713_pvarray_1_1.tar.gz (SHA-1 199ce4a80d24e0ecfa38d45fda91241ac17447df); DICOM regenerated by Dicomifier 2.5.3 (+ gjesus3 workarounds) from the ParaVision 2dseq before ingest; operator pending claim (historical MRI, STATUS 0.5 Hold)"
20220713_094524_jrc220713_pvarray_1_1/68,"2022-07-13T15:11:23,825+0200",visu_pars.VisuCreationDate,,,jrc220713_pvarray,phantom,jrc220713_pvarray,,Bruker BioSpec 7T,0945,DICOM regenerated by Dicomifier 2.5.3 (+ gjesus3 workarounds) from the ParaVision 2dseq before ingest,"phantom study (phantom / QC, Q2); phantom / QC study (Q2): no project, as July's jrc phantoms; MRI platform archive backup_7T_olddata_260824/2022_pv6/20220713_094524_jrc220713_pvarray_1_1.tar.gz (SHA-1 199ce4a80d24e0ecfa38d45fda91241ac17447df); DICOM regenerated by Dicomifier 2.5.3 (+ gjesus3 workarounds) from the ParaVision 2dseq before ingest; operator pending claim (historical MRI, STATUS 0.5 Hold)"
20220713_094524_jrc220713_pvarray_1_1/69,"2022-07-13T15:14:19,923+0200",visu_pars.VisuCreationDate,,,jrc220713_pvarray,phantom,jrc220713_pvarray,,Bruker BioSpec 7T,0945,DICOM regenerated by Dicomifier 2.5.3 (+ gjesus3 workarounds) from the ParaVision 2dseq before ingest,"phantom study (phantom / QC, Q2); phantom / QC study (Q2): no project, as July's jrc phantoms; MRI platform archive backup_7T_olddata_260824/2022_pv6/20220713_094524_jrc220713_pvarray_1_1.tar.gz (SHA-1 199ce4a80d24e0ecfa38d45fda91241ac17447df); DICOM regenerated by Dicomifier 2.5.3 (+ gjesus3 workarounds) from the ParaVision 2dseq before ingest; operator pending claim (historical MRI, STATUS 0.5 Hold)"
20220713_094524_jrc220713_pvarray_1_1/70,"2022-07-13T15:17:27,985+0200",visu_pars.VisuCreationDate,,,jrc220713_pvarray,phantom,jrc220713_pvarray,,Bruker BioSpec 7T,0945,DICOM regenerated by Dicomifier 2.5.3 (+ gjesus3 workarounds) from the ParaVision 2dseq before ingest,"phantom study (phantom / QC, Q2); phantom / QC study (Q2): no project, as July's jrc phantoms; MRI platform archive backup_7T_olddata_260824/2022_pv6/20220713_094524_jrc220713_pvarray_1_1.tar.gz (SHA-1 199ce4a80d24e0ecfa38d45fda91241ac17447df); DICOM regenerated by Dicomifier 2.5.3 (+ gjesus3 workarounds) from the ParaVision 2dseq before ingest; operator pending claim (historical MRI, STATUS 0.5 Hold)"
20220713_094524_jrc220713_pvarray_1_1/71,"2022-07-13T15:20:10,463+0200",visu_pars.VisuCreationDate,,,jrc220713_pvarray,phantom,jrc220713_pvarray,,Bruker BioSpec 7T,0945,DICOM regenerated by Dicomifier 2.5.3 (+ gjesus3 workarounds) from the ParaVision 2dseq before ingest,"phantom study (phantom / QC, Q2); phantom / QC study (Q2): no project, as July's jrc phantoms; MRI platform archive backup_7T_olddata_260824/2022_pv6/20220713_094524_jrc220713_pvarray_1_1.tar.gz (SHA-1 199ce4a80d24e0ecfa38d45fda91241ac17447df); DICOM regenerated by Dicomifier 2.5.3 (+ gjesus3 workarounds) from the ParaVision 2dseq before ingest; operator pending claim (historical MRI, STATUS 0.5 Hold)"
20220713_094524_jrc220713_pvarray_1_1/73,"2022-07-13T15:25:24,721+0200",visu_pars.VisuCreationDate,,,jrc220713_pvarray,phantom,jrc220713_pvarray,,Bruker BioSpec 7T,0945,DICOM regenerated by Dicomifier 2.5.3 (+ gjesus3 workarounds) from the ParaVision 2dseq before ingest,"phantom study (phantom / QC, Q2); phantom / QC study (Q2): no project, as July's jrc phantoms; MRI platform archive backup_7T_olddata_260824/2022_pv6/20220713_094524_jrc220713_pvarray_1_1.tar.gz (SHA-1 199ce4a80d24e0ecfa38d45fda91241ac17447df); DICOM regenerated by Dicomifier 2.5.3 (+ gjesus3 workarounds) from the ParaVision 2dseq before ingest; operator pending claim (historical MRI, STATUS 0.5 Hold)"
20220713_094524_jrc220713_pvarray_1_1/74,"2022-07-13T15:32:09,951+0200",visu_pars.VisuCreationDate,,,jrc220713_pvarray,phantom,jrc220713_pvarray,,Bruker BioSpec 7T,0945,DICOM regenerated by Dicomifier 2.5.3 (+ gjesus3 workarounds) from the ParaVision 2dseq before ingest,"phantom study (phantom / QC, Q2); phantom / QC study (Q2): no project, as July's jrc phantoms; MRI platform archive backup_7T_olddata_260824/2022_pv6/20220713_094524_jrc220713_pvarray_1_1.tar.gz (SHA-1 199ce4a80d24e0ecfa38d45fda91241ac17447df); DICOM regenerated by Dicomifier 2.5.3 (+ gjesus3 workarounds) from the ParaVision 2dseq before ingest; operator pending claim (historical MRI, STATUS 0.5 Hold)"
20220713_094524_jrc220713_pvarray_1_1/76,"2022-07-13T15:38:15,722+0200",visu_pars.VisuCreationDate,,,jrc220713_pvarray,phantom,jrc220713_pvarray,,Bruker BioSpec 7T,0945,DICOM regenerated by Dicomifier 2.5.3 (+ gjesus3 workarounds) from the ParaVision 2dseq before ingest,"phantom study (phantom / QC, Q2); phantom / QC study (Q2): no project, as July's jrc phantoms; MRI platform archive backup_7T_olddata_260824/2022_pv6/20220713_094524_jrc220713_pvarray_1_1.tar.gz (SHA-1 199ce4a80d24e0ecfa38d45fda91241ac17447df); DICOM regenerated by Dicomifier 2.5.3 (+ gjesus3 workarounds) from the ParaVision 2dseq before ingest; operator pending claim (historical MRI, STATUS 0.5 Hold)"
20220713_094524_jrc220713_pvarray_1_1/77,"2022-07-13T15:48:45,499+0200",visu_pars.VisuCreationDate,,,jrc220713_pvarray,phantom,jrc220713_pvarray,,Bruker BioSpec 7T,0945,DICOM regenerated by Dicomifier 2.5.3 (+ gjesus3 workarounds) from the ParaVision 2dseq before ingest,"phantom study (phantom / QC, Q2); phantom / QC study (Q2): no project, as July's jrc phantoms; MRI platform archive backup_7T_olddata_260824/2022_pv6/20220713_094524_jrc220713_pvarray_1_1.tar.gz (SHA-1 199ce4a80d24e0ecfa38d45fda91241ac17447df); DICOM regenerated by Dicomifier 2.5.3 (+ gjesus3 workarounds) from the ParaVision 2dseq before ingest; operator pending claim (historical MRI, STATUS 0.5 Hold)"
20220713_094524_jrc220713_pvarray_1_1/78,"2022-07-13T16:00:03,965+0200",visu_pars.VisuCreationDate,,,jrc220713_pvarray,phantom,jrc220713_pvarray,,Bruker BioSpec 7T,0945,DICOM regenerated by Dicomifier 2.5.3 (+ gjesus3 workarounds) from the ParaVision 2dseq before ingest,"phantom study (phantom / QC, Q2); phantom / QC study (Q2): no project, as July's jrc phantoms; MRI platform archive backup_7T_olddata_260824/2022_pv6/20220713_094524_jrc220713_pvarray_1_1.tar.gz (SHA-1 199ce4a80d24e0ecfa38d45fda91241ac17447df); DICOM regenerated by Dicomifier 2.5.3 (+ gjesus3 workarounds) from the ParaVision 2dseq before ingest; operator pending claim (historical MRI, STATUS 0.5 Hold)"
20220713_094524_jrc220713_pvarray_1_1/81,"2022-07-13T16:23:14,844+0200",visu_pars.VisuCreationDate,,,jrc220713_pvarray,phantom,jrc220713_pvarray,,Bruker BioSpec 7T,0945,DICOM regenerated by Dicomifier 2.5.3 (+ gjesus3 workarounds) from the ParaVision 2dseq before ingest,"phantom study (phantom / QC, Q2); phantom / QC study (Q2): no project, as July's jrc phantoms; MRI platform archive backup_7T_olddata_260824/2022_pv6/20220713_094524_jrc220713_pvarray_1_1.tar.gz (SHA-1 199ce4a80d24e0ecfa38d45fda91241ac17447df); DICOM regenerated by Dicomifier 2.5.3 (+ gjesus3 workarounds) from the ParaVision 2dseq before ingest; operator pending claim (historical MRI, STATUS 0.5 Hold)"
20220713_094524_jrc220713_pvarray_1_1/82,"2022-07-13T16:35:36,461+0200",visu_pars.VisuCreationDate,,,jrc220713_pvarray,phantom,jrc220713_pvarray,,Bruker BioSpec 7T,0945,DICOM regenerated by Dicomifier 2.5.3 (+ gjesus3 workarounds) from the ParaVision 2dseq before ingest,"phantom study (phantom / QC, Q2); phantom / QC study (Q2): no project, as July's jrc phantoms; MRI platform archive backup_7T_olddata_260824/2022_pv6/20220713_094524_jrc220713_pvarray_1_1.tar.gz (SHA-1 199ce4a80d24e0ecfa38d45fda91241ac17447df); DICOM regenerated by Dicomifier 2.5.3 (+ gjesus3 workarounds) from the ParaVision 2dseq before ingest; operator pending claim (historical MRI, STATUS 0.5 Hold)"
20220713_094524_jrc220713_pvarray_1_1/89,"2022-07-13T17:14:45,442+0200",visu_pars.VisuCreationDate,,,jrc220713_pvarray,phantom,jrc220713_pvarray,,Bruker BioSpec 7T,0945,DICOM regenerated by Dicomifier 2.5.3 (+ gjesus3 workarounds) from the ParaVision 2dseq before ingest,"phantom study (phantom / QC, Q2); phantom / QC study (Q2): no project, as July's jrc phantoms; MRI platform archive backup_7T_olddata_260824/2022_pv6/20220713_094524_jrc220713_pvarray_1_1.tar.gz (SHA-1 199ce4a80d24e0ecfa38d45fda91241ac17447df); DICOM regenerated by Dicomifier 2.5.3 (+ gjesus3 workarounds) from the ParaVision 2dseq before ingest; operator pending claim (historical MRI, STATUS 0.5 Hold)"
20220713_094524_jrc220713_pvarray_1_1/91,"2022-07-13T17:24:32,584+0200",visu_pars.VisuCreationDate,,,jrc220713_pvarray,phantom,jrc220713_pvarray,,Bruker BioSpec 7T,0945,DICOM regenerated by Dicomifier 2.5.3 (+ gjesus3 workarounds) from the ParaVision 2dseq before ingest,"phantom study (phantom / QC, Q2); phantom / QC study (Q2): no project, as July's jrc phantoms; MRI platform archive backup_7T_olddata_260824/2022_pv6/20220713_094524_jrc220713_pvarray_1_1.tar.gz (SHA-1 199ce4a80d24e0ecfa38d45fda91241ac17447df); DICOM regenerated by Dicomifier 2.5.3 (+ gjesus3 workarounds) from the ParaVision 2dseq before ingest; operator pending claim (historical MRI, STATUS 0.5 Hold)"
20220713_094524_jrc220713_pvarray_1_1/92,"2022-07-13T17:31:35,449+0200",visu_pars.VisuCreationDate,,,jrc220713_pvarray,phantom,jrc220713_pvarray,,Bruker BioSpec 7T,0945,DICOM regenerated by Dicomifier 2.5.3 (+ gjesus3 workarounds) from the ParaVision 2dseq before ingest,"phantom study (phantom / QC, Q2); phantom / QC study (Q2): no project, as July's jrc phantoms; MRI platform archive backup_7T_olddata_260824/2022_pv6/20220713_094524_jrc220713_pvarray_1_1.tar.gz (SHA-1 199ce4a80d24e0ecfa38d45fda91241ac17447df); DICOM regenerated by Dicomifier 2.5.3 (+ gjesus3 workarounds) from the ParaVision 2dseq before ingest; operator pending claim (historical MRI, STATUS 0.5 Hold)"
20220713_094524_jrc220713_pvarray_1_1/93,"2022-07-13T17:45:13,179+0200",visu_pars.VisuCreationDate,,,jrc220713_pvarray,phantom,jrc220713_pvarray,,Bruker BioSpec 7T,0945,DICOM regenerated by Dicomifier 2.5.3 (+ gjesus3 workarounds) from the ParaVision 2dseq before ingest,"phantom study (phantom / QC, Q2); phantom / QC study (Q2): no project, as July's jrc phantoms; MRI platform archive backup_7T_olddata_260824/2022_pv6/20220713_094524_jrc220713_pvarray_1_1.tar.gz (SHA-1 199ce4a80d24e0ecfa38d45fda91241ac17447df); DICOM regenerated by Dicomifier 2.5.3 (+ gjesus3 workarounds) from the ParaVision 2dseq before ingest; operator pending claim (historical MRI, STATUS 0.5 Hold)"
20220713_094524_jrc220713_pvarray_1_1/94,"2022-07-13T17:53:25,462+0200",visu_pars.VisuCreationDate,,,jrc220713_pvarray,phantom,jrc220713_pvarray,,Bruker BioSpec 7T,0945,DICOM regenerated by Dicomifier 2.5.3 (+ gjesus3 workarounds) from the ParaVision 2dseq before ingest,"phantom study (phantom / QC, Q2); phantom / QC study (Q2): no project, as July's jrc phantoms; MRI platform archive backup_7T_olddata_260824/2022_pv6/20220713_094524_jrc220713_pvarray_1_1.tar.gz (SHA-1 199ce4a80d24e0ecfa38d45fda91241ac17447df); DICOM regenerated by Dicomifier 2.5.3 (+ gjesus3 workarounds) from the ParaVision 2dseq before ingest; operator pending claim (historical MRI, STATUS 0.5 Hold)"
20220713_094524_jrc220713_pvarray_1_1/96,"2022-07-13T18:01:01,906+0200",visu_pars.VisuCreationDate,,,jrc220713_pvarray,phantom,jrc220713_pvarray,,Bruker BioSpec 7T,0945,DICOM regenerated by Dicomifier 2.5.3 (+ gjesus3 workarounds) from the ParaVision 2dseq before ingest,"phantom study (phantom / QC, Q2); phantom / QC study (Q2): no project, as July's jrc phantoms; MRI platform archive backup_7T_olddata_260824/2022_pv6/20220713_094524_jrc220713_pvarray_1_1.tar.gz (SHA-1 199ce4a80d24e0ecfa38d45fda91241ac17447df); DICOM regenerated by Dicomifier 2.5.3 (+ gjesus3 workarounds) from the ParaVision 2dseq before ingest; operator pending claim (historical MRI, STATUS 0.5 Hold)"
20220713_094524_jrc220713_pvarray_1_1/97,"2022-07-13T18:14:40,316+0200",visu_pars.VisuCreationDate,,,jrc220713_pvarray,phantom,jrc220713_pvarray,,Bruker BioSpec 7T,0945,DICOM regenerated by Dicomifier 2.5.3 (+ gjesus3 workarounds) from the ParaVision 2dseq before ingest,"phantom study (phantom / QC, Q2); phantom / QC study (Q2): no project, as July's jrc phantoms; MRI platform archive backup_7T_olddata_260824/2022_pv6/20220713_094524_jrc220713_pvarray_1_1.tar.gz (SHA-1 199ce4a80d24e0ecfa38d45fda91241ac17447df); DICOM regenerated by Dicomifier 2.5.3 (+ gjesus3 workarounds) from the ParaVision 2dseq before ingest; operator pending claim (historical MRI, STATUS 0.5 Hold)"
20220713_094524_jrc220713_pvarray_1_1/99,"2022-07-13T18:22:57,787+0200",visu_pars.VisuCreationDate,,,jrc220713_pvarray,phantom,jrc220713_pvarray,,Bruker BioSpec 7T,0945,DICOM regenerated by Dicomifier 2.5.3 (+ gjesus3 workarounds) from the ParaVision 2dseq before ingest,"phantom study (phantom / QC, Q2); phantom / QC study (Q2): no project, as July's jrc phantoms; MRI platform archive backup_7T_olddata_260824/2022_pv6/20220713_094524_jrc220713_pvarray_1_1.tar.gz (SHA-1 199ce4a80d24e0ecfa38d45fda91241ac17447df); DICOM regenerated by Dicomifier 2.5.3 (+ gjesus3 workarounds) from the ParaVision 2dseq before ingest; operator pending claim (historical MRI, STATUS 0.5 Hold)"
20220713_094524_jrc220713_pvarray_1_1/100,"2022-07-13T18:30:02,998+0200",visu_pars.VisuCreationDate,,,jrc220713_pvarray,phantom,jrc220713_pvarray,,Bruker BioSpec 7T,0945,DICOM regenerated by Dicomifier 2.5.3 (+ gjesus3 workarounds) from the ParaVision 2dseq before ingest,"phantom study (phantom / QC, Q2); phantom / QC study (Q2): no project, as July's jrc phantoms; MRI platform archive backup_7T_olddata_260824/2022_pv6/20220713_094524_jrc220713_pvarray_1_1.tar.gz (SHA-1 199ce4a80d24e0ecfa38d45fda91241ac17447df); DICOM regenerated by Dicomifier 2.5.3 (+ gjesus3 workarounds) from the ParaVision 2dseq before ingest; operator pending claim (historical MRI, STATUS 0.5 Hold)"
20220713_094524_jrc220713_pvarray_1_1/101,"2022-07-13T18:39:33,885+0200",visu_pars.VisuCreationDate,,,jrc220713_pvarray,phantom,jrc220713_pvarray,,Bruker BioSpec 7T,0945,DICOM regenerated by Dicomifier 2.5.3 (+ gjesus3 workarounds) from the ParaVision 2dseq before ingest,"phantom study (phantom / QC, Q2); phantom / QC study (Q2): no project, as July's jrc phantoms; MRI platform archive backup_7T_olddata_260824/2022_pv6/20220713_094524_jrc220713_pvarray_1_1.tar.gz (SHA-1 199ce4a80d24e0ecfa38d45fda91241ac17447df); DICOM regenerated by Dicomifier 2.5.3 (+ gjesus3 workarounds) from the ParaVision 2dseq before ingest; operator pending claim (historical MRI, STATUS 0.5 Hold)"
20220713_094524_jrc220713_pvarray_1_1/102,"2022-07-13T18:53:26,836+0200",visu_pars.VisuCreationDate,,,jrc220713_pvarray,phantom,jrc220713_pvarray,,Bruker BioSpec 7T,0945,DICOM regenerated by Dicomifier 2.5.3 (+ gjesus3 workarounds) from the ParaVision 2dseq before ingest,"phantom study (phantom / QC, Q2); phantom / QC study (Q2): no project, as July's jrc phantoms; MRI platform archive backup_7T_olddata_260824/2022_pv6/20220713_094524_jrc220713_pvarray_1_1.tar.gz (SHA-1 199ce4a80d24e0ecfa38d45fda91241ac17447df); DICOM regenerated by Dicomifier 2.5.3 (+ gjesus3 workarounds) from the ParaVision 2dseq before ingest; operator pending claim (historical MRI, STATUS 0.5 Hold)"
20220713_094524_jrc220713_pvarray_1_1/103,"2022-07-13T19:07:38,695+0200",visu_pars.VisuCreationDate,,,jrc220713_pvarray,phantom,jrc220713_pvarray,,Bruker BioSpec 7T,0945,DICOM regenerated by Dicomifier 2.5.3 (+ gjesus3 workarounds) from the ParaVision 2dseq before ingest,"phantom study (phantom / QC, Q2); phantom / QC study (Q2): no project, as July's jrc phantoms; MRI platform archive backup_7T_olddata_260824/2022_pv6/20220713_094524_jrc220713_pvarray_1_1.tar.gz (SHA-1 199ce4a80d24e0ecfa38d45fda91241ac17447df); DICOM regenerated by Dicomifier 2.5.3 (+ gjesus3 workarounds) from the ParaVision 2dseq before ingest; operator pending claim (historical MRI, STATUS 0.5 Hold)"
20220713_094524_jrc220713_pvarray_1_1/104,"2022-07-13T19:15:08,889+0200",visu_pars.VisuCreationDate,,,jrc220713_pvarray,phantom,jrc220713_pvarray,,Bruker BioSpec 7T,0945,DICOM regenerated by Dicomifier 2.5.3 (+ gjesus3 workarounds) from the ParaVision 2dseq before ingest,"phantom study (phantom / QC, Q2); phantom / QC study (Q2): no project, as July's jrc phantoms; MRI platform archive backup_7T_olddata_260824/2022_pv6/20220713_094524_jrc220713_pvarray_1_1.tar.gz (SHA-1 199ce4a80d24e0ecfa38d45fda91241ac17447df); DICOM regenerated by Dicomifier 2.5.3 (+ gjesus3 workarounds) from the ParaVision 2dseq before ingest; operator pending claim (historical MRI, STATUS 0.5 Hold)"
20220713_094524_jrc220713_pvarray_1_1/105,"2022-07-13T19:28:46,173+0200",visu_pars.VisuCreationDate,,,jrc220713_pvarray,phantom,jrc220713_pvarray,,Bruker BioSpec 7T,0945,DICOM regenerated by Dicomifier 2.5.3 (+ gjesus3 workarounds) from the ParaVision 2dseq before ingest,"phantom study (phantom / QC, Q2); phantom / QC study (Q2): no project, as July's jrc phantoms; MRI platform archive backup_7T_olddata_260824/2022_pv6/20220713_094524_jrc220713_pvarray_1_1.tar.gz (SHA-1 199ce4a80d24e0ecfa38d45fda91241ac17447df); DICOM regenerated by Dicomifier 2.5.3 (+ gjesus3 workarounds) from the ParaVision 2dseq before ingest; operator pending claim (historical MRI, STATUS 0.5 Hold)"
20220713_094524_jrc220713_pvarray_1_1/106,"2022-07-13T19:36:29,115+0200",visu_pars.VisuCreationDate,,,jrc220713_pvarray,phantom,jrc220713_pvarray,,Bruker BioSpec 7T,0945,DICOM regenerated by Dicomifier 2.5.3 (+ gjesus3 workarounds) from the ParaVision 2dseq before ingest,"phantom study (phantom / QC, Q2); phantom / QC study (Q2): no project, as July's jrc phantoms; MRI platform archive backup_7T_olddata_260824/2022_pv6/20220713_094524_jrc220713_pvarray_1_1.tar.gz (SHA-1 199ce4a80d24e0ecfa38d45fda91241ac17447df); DICOM regenerated by Dicomifier 2.5.3 (+ gjesus3 workarounds) from the ParaVision 2dseq before ingest; operator pending claim (historical MRI, STATUS 0.5 Hold)"
20220713_094524_jrc220713_pvarray_1_1/107,"2022-07-13T19:54:06,172+0200",visu_pars.VisuCreationDate,,,jrc220713_pvarray,phantom,jrc220713_pvarray,,Bruker BioSpec 7T,0945,DICOM regenerated by Dicomifier 2.5.3 (+ gjesus3 workarounds) from the ParaVision 2dseq before ingest,"phantom study (phantom / QC, Q2); phantom / QC study (Q2): no project, as July's jrc phantoms; MRI platform archive backup_7T_olddata_260824/2022_pv6/20220713_094524_jrc220713_pvarray_1_1.tar.gz (SHA-1 199ce4a80d24e0ecfa38d45fda91241ac17447df); DICOM regenerated by Dicomifier 2.5.3 (+ gjesus3 workarounds) from the ParaVision 2dseq before ingest; operator pending claim (historical MRI, STATUS 0.5 Hold)"
20220713_094524_jrc220713_pvarray_1_1/108,"2022-07-13T20:08:14,002+0200",visu_pars.VisuCreationDate,,,jrc220713_pvarray,phantom,jrc220713_pvarray,,Bruker BioSpec 7T,0945,DICOM regenerated by Dicomifier 2.5.3 (+ gjesus3 workarounds) from the ParaVision 2dseq before ingest,"phantom study (phantom / QC, Q2); phantom / QC study (Q2): no project, as July's jrc phantoms; MRI platform archive backup_7T_olddata_260824/2022_pv6/20220713_094524_jrc220713_pvarray_1_1.tar.gz (SHA-1 199ce4a80d24e0ecfa38d45fda91241ac17447df); DICOM regenerated by Dicomifier 2.5.3 (+ gjesus3 workarounds) from the ParaVision 2dseq before ingest; operator pending claim (historical MRI, STATUS 0.5 Hold)"
20220713_094524_jrc220713_pvarray_1_1/109,"2022-07-13T20:21:39,632+0200",visu_pars.VisuCreationDate,,,jrc220713_pvarray,phantom,jrc220713_pvarray,,Bruker BioSpec 7T,0945,DICOM regenerated by Dicomifier 2.5.3 (+ gjesus3 workarounds) from the ParaVision 2dseq before ingest,"phantom study (phantom / QC, Q2); phantom / QC study (Q2): no project, as July's jrc phantoms; MRI platform archive backup_7T_olddata_260824/2022_pv6/20220713_094524_jrc220713_pvarray_1_1.tar.gz (SHA-1 199ce4a80d24e0ecfa38d45fda91241ac17447df); DICOM regenerated by Dicomifier 2.5.3 (+ gjesus3 workarounds) from the ParaVision 2dseq before ingest; operator pending claim (historical MRI, STATUS 0.5 Hold)"
20220713_203047_jrc220713_pvTX_1_1/2,"2022-07-13T20:48:19,246+0200",visu_pars.VisuCreationDate,,,jrc220713_pvTX,phantom,jrc220713_pvTX,,Bruker BioSpec 7T,2030,DICOM regenerated by Dicomifier 2.5.3 (+ gjesus3 workarounds) from the ParaVision 2dseq before ingest,"phantom study (phantom / QC, Q2); phantom / QC study (Q2): no project, as July's jrc phantoms; MRI platform archive backup_7T_olddata_260824/2022_pv6/20220713_203047_jrc220713_pvTX_1_1.tar.gz (SHA-1 ee5d526f727b72994daca0f064ae3a3753f3922d); DICOM regenerated by Dicomifier 2.5.3 (+ gjesus3 workarounds) from the ParaVision 2dseq before ingest; operator pending claim (historical MRI, STATUS 0.5 Hold)"
20220713_203047_jrc220713_pvTX_1_1/3,"2022-07-13T20:51:55,338+0200",visu_pars.VisuCreationDate,,,jrc220713_pvTX,phantom,jrc220713_pvTX,,Bruker BioSpec 7T,2030,DICOM regenerated by Dicomifier 2.5.3 (+ gjesus3 workarounds) from the ParaVision 2dseq before ingest,"phantom study (phantom / QC, Q2); phantom / QC study (Q2): no project, as July's jrc phantoms; MRI platform archive backup_7T_olddata_260824/2022_pv6/20220713_203047_jrc220713_pvTX_1_1.tar.gz (SHA-1 ee5d526f727b72994daca0f064ae3a3753f3922d); DICOM regenerated by Dicomifier 2.5.3 (+ gjesus3 workarounds) from the ParaVision 2dseq before ingest; operator pending claim (historical MRI, STATUS 0.5 Hold)"
20220713_203047_jrc220713_pvTX_1_1/4,"2022-07-13T20:54:08,313+0200",visu_pars.VisuCreationDate,,,jrc220713_pvTX,phantom,jrc220713_pvTX,,Bruker BioSpec 7T,2030,DICOM regenerated by Dicomifier 2.5.3 (+ gjesus3 workarounds) from the ParaVision 2dseq before ingest,"phantom study (phantom / QC, Q2); phantom / QC study (Q2): no project, as July's jrc phantoms; MRI platform archive backup_7T_olddata_260824/2022_pv6/20220713_203047_jrc220713_pvTX_1_1.tar.gz (SHA-1 ee5d526f727b72994daca0f064ae3a3753f3922d); DICOM regenerated by Dicomifier 2.5.3 (+ gjesus3 workarounds) from the ParaVision 2dseq before ingest; operator pending claim (historical MRI, STATUS 0.5 Hold)"
20220713_203047_jrc220713_pvTX_1_1/5,"2022-07-13T20:56:52,926+0200",visu_pars.VisuCreationDate,,,jrc220713_pvTX,phantom,jrc220713_pvTX,,Bruker BioSpec 7T,2030,DICOM regenerated by Dicomifier 2.5.3 (+ gjesus3 workarounds) from the ParaVision 2dseq before ingest,"phantom study (phantom / QC, Q2); phantom / QC study (Q2): no project, as July's jrc phantoms; MRI platform archive backup_7T_olddata_260824/2022_pv6/20220713_203047_jrc220713_pvTX_1_1.tar.gz (SHA-1 ee5d526f727b72994daca0f064ae3a3753f3922d); DICOM regenerated by Dicomifier 2.5.3 (+ gjesus3 workarounds) from the ParaVision 2dseq before ingest; operator pending claim (historical MRI, STATUS 0.5 Hold)"
20220713_203047_jrc220713_pvTX_1_1/6,"2022-07-13T21:00:24,743+0200",visu_pars.VisuCreationDate,,,jrc220713_pvTX,phantom,jrc220713_pvTX,,Bruker BioSpec 7T,2030,DICOM regenerated by Dicomifier 2.5.3 (+ gjesus3 workarounds) from the ParaVision 2dseq before ingest,"phantom study (phantom / QC, Q2); phantom / QC study (Q2): no project, as July's jrc phantoms; MRI platform archive backup_7T_olddata_260824/2022_pv6/20220713_203047_jrc220713_pvTX_1_1.tar.gz (SHA-1 ee5d526f727b72994daca0f064ae3a3753f3922d); DICOM regenerated by Dicomifier 2.5.3 (+ gjesus3 workarounds) from the ParaVision 2dseq before ingest; operator pending claim (historical MRI, STATUS 0.5 Hold)"
20220713_203047_jrc220713_pvTX_1_1/7,"2022-07-13T21:03:36,641+0200",visu_pars.VisuCreationDate,,,jrc220713_pvTX,phantom,jrc220713_pvTX,,Bruker BioSpec 7T,2030,DICOM regenerated by Dicomifier 2.5.3 (+ gjesus3 workarounds) from the ParaVision 2dseq before ingest,"phantom study (phantom / QC, Q2); phantom / QC study (Q2): no project, as July's jrc phantoms; MRI platform archive backup_7T_olddata_260824/2022_pv6/20220713_203047_jrc220713_pvTX_1_1.tar.gz (SHA-1 ee5d526f727b72994daca0f064ae3a3753f3922d); DICOM regenerated by Dicomifier 2.5.3 (+ gjesus3 workarounds) from the ParaVision 2dseq before ingest; operator pending claim (historical MRI, STATUS 0.5 Hold)"
20220713_203047_jrc220713_pvTX_1_1/8,"2022-07-13T21:06:10,594+0200",visu_pars.VisuCreationDate,,,jrc220713_pvTX,phantom,jrc220713_pvTX,,Bruker BioSpec 7T,2030,DICOM regenerated by Dicomifier 2.5.3 (+ gjesus3 workarounds) from the ParaVision 2dseq before ingest,"phantom study (phantom / QC, Q2); phantom / QC study (Q2): no project, as July's jrc phantoms; MRI platform archive backup_7T_olddata_260824/2022_pv6/20220713_203047_jrc220713_pvTX_1_1.tar.gz (SHA-1 ee5d526f727b72994daca0f064ae3a3753f3922d); DICOM regenerated by Dicomifier 2.5.3 (+ gjesus3 workarounds) from the ParaVision 2dseq before ingest; operator pending claim (historical MRI, STATUS 0.5 Hold)"
20220713_203047_jrc220713_pvTX_1_1/9,"2022-07-13T21:11:12,750+0200",visu_pars.VisuCreationDate,,,jrc220713_pvTX,phantom,jrc220713_pvTX,,Bruker BioSpec 7T,2030,DICOM regenerated by Dicomifier 2.5.3 (+ gjesus3 workarounds) from the ParaVision 2dseq before ingest,"phantom study (phantom / QC, Q2); phantom / QC study (Q2): no project, as July's jrc phantoms; MRI platform archive backup_7T_olddata_260824/2022_pv6/20220713_203047_jrc220713_pvTX_1_1.tar.gz (SHA-1 ee5d526f727b72994daca0f064ae3a3753f3922d); DICOM regenerated by Dicomifier 2.5.3 (+ gjesus3 workarounds) from the ParaVision 2dseq before ingest; operator pending claim (historical MRI, STATUS 0.5 Hold)"
20220713_203047_jrc220713_pvTX_1_1/10,"2022-07-13T21:15:36,522+0200",visu_pars.VisuCreationDate,,,jrc220713_pvTX,phantom,jrc220713_pvTX,,Bruker BioSpec 7T,2030,DICOM regenerated by Dicomifier 2.5.3 (+ gjesus3 workarounds) from the ParaVision 2dseq before ingest,"phantom study (phantom / QC, Q2); phantom / QC study (Q2): no project, as July's jrc phantoms; MRI platform archive backup_7T_olddata_260824/2022_pv6/20220713_203047_jrc220713_pvTX_1_1.tar.gz (SHA-1 ee5d526f727b72994daca0f064ae3a3753f3922d); DICOM regenerated by Dicomifier 2.5.3 (+ gjesus3 workarounds) from the ParaVision 2dseq before ingest; operator pending claim (historical MRI, STATUS 0.5 Hold)"
20220713_203047_jrc220713_pvTX_1_1/12,"2022-07-13T21:17:37,885+0200",visu_pars.VisuCreationDate,,,jrc220713_pvTX,phantom,jrc220713_pvTX,,Bruker BioSpec 7T,2030,DICOM regenerated by Dicomifier 2.5.3 (+ gjesus3 workarounds) from the ParaVision 2dseq before ingest,"phantom study (phantom / QC, Q2); phantom / QC study (Q2): no project, as July's jrc phantoms; MRI platform archive backup_7T_olddata_260824/2022_pv6/20220713_203047_jrc220713_pvTX_1_1.tar.gz (SHA-1 ee5d526f727b72994daca0f064ae3a3753f3922d); DICOM regenerated by Dicomifier 2.5.3 (+ gjesus3 workarounds) from the ParaVision 2dseq before ingest; operator pending claim (historical MRI, STATUS 0.5 Hold)"
20220713_203047_jrc220713_pvTX_1_1/13,"2022-07-13T21:19:19,504+0200",visu_pars.VisuCreationDate,,,jrc220713_pvTX,phantom,jrc220713_pvTX,,Bruker BioSpec 7T,2030,DICOM regenerated by Dicomifier 2.5.3 (+ gjesus3 workarounds) from the ParaVision 2dseq before ingest,"phantom study (phantom / QC, Q2); phantom / QC study (Q2): no project, as July's jrc phantoms; MRI platform archive backup_7T_olddata_260824/2022_pv6/20220713_203047_jrc220713_pvTX_1_1.tar.gz (SHA-1 ee5d526f727b72994daca0f064ae3a3753f3922d); DICOM regenerated by Dicomifier 2.5.3 (+ gjesus3 workarounds) from the ParaVision 2dseq before ingest; operator pending claim (historical MRI, STATUS 0.5 Hold)"
20220713_203047_jrc220713_pvTX_1_1/14,"2022-07-13T21:20:58,201+0200",visu_pars.VisuCreationDate,,,jrc220713_pvTX,phantom,jrc220713_pvTX,,Bruker BioSpec 7T,2030,DICOM regenerated by Dicomifier 2.5.3 (+ gjesus3 workarounds) from the ParaVision 2dseq before ingest,"phantom study (phantom / QC, Q2); phantom / QC study (Q2): no project, as July's jrc phantoms; MRI platform archive backup_7T_olddata_260824/2022_pv6/20220713_203047_jrc220713_pvTX_1_1.tar.gz (SHA-1 ee5d526f727b72994daca0f064ae3a3753f3922d); DICOM regenerated by Dicomifier 2.5.3 (+ gjesus3 workarounds) from the ParaVision 2dseq before ingest; operator pending claim (historical MRI, STATUS 0.5 Hold)"
20220713_203047_jrc220713_pvTX_1_1/15,"2022-07-13T21:22:44,959+0200",visu_pars.VisuCreationDate,,,jrc220713_pvTX,phantom,jrc220713_pvTX,,Bruker BioSpec 7T,2030,DICOM regenerated by Dicomifier 2.5.3 (+ gjesus3 workarounds) from the ParaVision 2dseq before ingest,"phantom study (phantom / QC, Q2); phantom / QC study (Q2): no project, as July's jrc phantoms; MRI platform archive backup_7T_olddata_260824/2022_pv6/20220713_203047_jrc220713_pvTX_1_1.tar.gz (SHA-1 ee5d526f727b72994daca0f064ae3a3753f3922d); DICOM regenerated by Dicomifier 2.5.3 (+ gjesus3 workarounds) from the ParaVision 2dseq before ingest; operator pending claim (historical MRI, STATUS 0.5 Hold)"
20220713_203047_jrc220713_pvTX_1_1/16,"2022-07-13T21:25:54,708+0200",visu_pars.VisuCreationDate,,,jrc220713_pvTX,phantom,jrc220713_pvTX,,Bruker BioSpec 7T,2030,DICOM regenerated by Dicomifier 2.5.3 (+ gjesus3 workarounds) from the ParaVision 2dseq before ingest,"phantom study (phantom / QC, Q2); phantom / QC study (Q2): no project, as July's jrc phantoms; MRI platform archive backup_7T_olddata_260824/2022_pv6/20220713_203047_jrc220713_pvTX_1_1.tar.gz (SHA-1 ee5d526f727b72994daca0f064ae3a3753f3922d); DICOM regenerated by Dicomifier 2.5.3 (+ gjesus3 workarounds) from the ParaVision 2dseq before ingest; operator pending claim (historical MRI, STATUS 0.5 Hold)"
20220713_203047_jrc220713_pvTX_1_1/17,"2022-07-13T21:28:26,648+0200",visu_pars.VisuCreationDate,,,jrc220713_pvTX,phantom,jrc220713_pvTX,,Bruker BioSpec 7T,2030,DICOM regenerated by Dicomifier 2.5.3 (+ gjesus3 workarounds) from the ParaVision 2dseq before ingest,"phantom study (phantom / QC, Q2); phantom / QC study (Q2): no project, as July's jrc phantoms; MRI platform archive backup_7T_olddata_260824/2022_pv6/20220713_203047_jrc220713_pvTX_1_1.tar.gz (SHA-1 ee5d526f727b72994daca0f064ae3a3753f3922d); DICOM regenerated by Dicomifier 2.5.3 (+ gjesus3 workarounds) from the ParaVision 2dseq before ingest; operator pending claim (historical MRI, STATUS 0.5 Hold)"
20220713_203047_jrc220713_pvTX_1_1/18,"2022-07-13T21:30:56,987+0200",visu_pars.VisuCreationDate,,,jrc220713_pvTX,phantom,jrc220713_pvTX,,Bruker BioSpec 7T,2030,DICOM regenerated by Dicomifier 2.5.3 (+ gjesus3 workarounds) from the ParaVision 2dseq before ingest,"phantom study (phantom / QC, Q2); phantom / QC study (Q2): no project, as July's jrc phantoms; MRI platform archive backup_7T_olddata_260824/2022_pv6/20220713_203047_jrc220713_pvTX_1_1.tar.gz (SHA-1 ee5d526f727b72994daca0f064ae3a3753f3922d); DICOM regenerated by Dicomifier 2.5.3 (+ gjesus3 workarounds) from the ParaVision 2dseq before ingest; operator pending claim (historical MRI, STATUS 0.5 Hold)"
20220713_203047_jrc220713_pvTX_1_1/19,"2022-07-13T21:33:45,859+0200",visu_pars.VisuCreationDate,,,jrc220713_pvTX,phantom,jrc220713_pvTX,,Bruker BioSpec 7T,2030,DICOM regenerated by Dicomifier 2.5.3 (+ gjesus3 workarounds) from the ParaVision 2dseq before ingest,"phantom study (phantom / QC, Q2); phantom / QC study (Q2): no project, as July's jrc phantoms; MRI platform archive backup_7T_olddata_260824/2022_pv6/20220713_203047_jrc220713_pvTX_1_1.tar.gz (SHA-1 ee5d526f727b72994daca0f064ae3a3753f3922d); DICOM regenerated by Dicomifier 2.5.3 (+ gjesus3 workarounds) from the ParaVision 2dseq before ingest; operator pending claim (historical MRI, STATUS 0.5 Hold)"
20220713_203047_jrc220713_pvTX_1_1/20,"2022-07-13T21:39:54,272+0200",visu_pars.VisuCreationDate,,,jrc220713_pvTX,phantom,jrc220713_pvTX,,Bruker BioSpec 7T,2030,DICOM regenerated by Dicomifier 2.5.3 (+ gjesus3 workarounds) from the ParaVision 2dseq before ingest,"phantom study (phantom / QC, Q2); phantom / QC study (Q2): no project, as July's jrc phantoms; MRI platform archive backup_7T_olddata_260824/2022_pv6/20220713_203047_jrc220713_pvTX_1_1.tar.gz (SHA-1 ee5d526f727b72994daca0f064ae3a3753f3922d); DICOM regenerated by Dicomifier 2.5.3 (+ gjesus3 workarounds) from the ParaVision 2dseq before ingest; operator pending claim (historical MRI, STATUS 0.5 Hold)"
20220713_203047_jrc220713_pvTX_1_1/21,"2022-07-13T21:45:28,389+0200",visu_pars.VisuCreationDate,,,jrc220713_pvTX,phantom,jrc220713_pvTX,,Bruker BioSpec 7T,2030,DICOM regenerated by Dicomifier 2.5.3 (+ gjesus3 workarounds) from the ParaVision 2dseq before ingest,"phantom study (phantom / QC, Q2); phantom / QC study (Q2): no project, as July's jrc phantoms; MRI platform archive backup_7T_olddata_260824/2022_pv6/20220713_203047_jrc220713_pvTX_1_1.tar.gz (SHA-1 ee5d526f727b72994daca0f064ae3a3753f3922d); DICOM regenerated by Dicomifier 2.5.3 (+ gjesus3 workarounds) from the ParaVision 2dseq before ingest; operator pending claim (historical MRI, STATUS 0.5 Hold)"
20220713_203047_jrc220713_pvTX_1_1/22,"2022-07-13T21:56:00,531+0200",visu_pars.VisuCreationDate,,,jrc220713_pvTX,phantom,jrc220713_pvTX,,Bruker BioSpec 7T,2030,DICOM regenerated by Dicomifier 2.5.3 (+ gjesus3 workarounds) from the ParaVision 2dseq before ingest,"phantom study (phantom / QC, Q2); phantom / QC study (Q2): no project, as July's jrc phantoms; MRI platform archive backup_7T_olddata_260824/2022_pv6/20220713_203047_jrc220713_pvTX_1_1.tar.gz (SHA-1 ee5d526f727b72994daca0f064ae3a3753f3922d); DICOM regenerated by Dicomifier 2.5.3 (+ gjesus3 workarounds) from the ParaVision 2dseq before ingest; operator pending claim (historical MRI, STATUS 0.5 Hold)"
20220713_203047_jrc220713_pvTX_1_1/23,"2022-07-13T22:07:30,549+0200",visu_pars.VisuCreationDate,,,jrc220713_pvTX,phantom,jrc220713_pvTX,,Bruker BioSpec 7T,2030,DICOM regenerated by Dicomifier 2.5.3 (+ gjesus3 workarounds) from the ParaVision 2dseq before ingest,"phantom study (phantom / QC, Q2); phantom / QC study (Q2): no project, as July's jrc phantoms; MRI platform archive backup_7T_olddata_260824/2022_pv6/20220713_203047_jrc220713_pvTX_1_1.tar.gz (SHA-1 ee5d526f727b72994daca0f064ae3a3753f3922d); DICOM regenerated by Dicomifier 2.5.3 (+ gjesus3 workarounds) from the ParaVision 2dseq before ingest; operator pending claim (historical MRI, STATUS 0.5 Hold)"
20220713_203047_jrc220713_pvTX_1_1/24,"2022-07-13T22:10:42,985+0200",visu_pars.VisuCreationDate,,,jrc220713_pvTX,phantom,jrc220713_pvTX,,Bruker BioSpec 7T,2030,DICOM regenerated by Dicomifier 2.5.3 (+ gjesus3 workarounds) from the ParaVision 2dseq before ingest,"phantom study (phantom / QC, Q2); phantom / QC study (Q2): no project, as July's jrc phantoms; MRI platform archive backup_7T_olddata_260824/2022_pv6/20220713_203047_jrc220713_pvTX_1_1.tar.gz (SHA-1 ee5d526f727b72994daca0f064ae3a3753f3922d); DICOM regenerated by Dicomifier 2.5.3 (+ gjesus3 workarounds) from the ParaVision 2dseq before ingest; operator pending claim (historical MRI, STATUS 0.5 Hold)"
20220713_203047_jrc220713_pvTX_1_1/25,"2022-07-13T22:13:35,942+0200",visu_pars.VisuCreationDate,,,jrc220713_pvTX,phantom,jrc220713_pvTX,,Bruker BioSpec 7T,2030,DICOM regenerated by Dicomifier 2.5.3 (+ gjesus3 workarounds) from the ParaVision 2dseq before ingest,"phantom study (phantom / QC, Q2); phantom / QC study (Q2): no project, as July's jrc phantoms; MRI platform archive backup_7T_olddata_260824/2022_pv6/20220713_203047_jrc220713_pvTX_1_1.tar.gz (SHA-1 ee5d526f727b72994daca0f064ae3a3753f3922d); DICOM regenerated by Dicomifier 2.5.3 (+ gjesus3 workarounds) from the ParaVision 2dseq before ingest; operator pending claim (historical MRI, STATUS 0.5 Hold)"
20220713_203047_jrc220713_pvTX_1_1/26,"2022-07-13T22:16:30,966+0200",visu_pars.VisuCreationDate,,,jrc220713_pvTX,phantom,jrc220713_pvTX,,Bruker BioSpec 7T,2030,DICOM regenerated by Dicomifier 2.5.3 (+ gjesus3 workarounds) from the ParaVision 2dseq before ingest,"phantom study (phantom / QC, Q2); phantom / QC study (Q2): no project, as July's jrc phantoms; MRI platform archive backup_7T_olddata_260824/2022_pv6/20220713_203047_jrc220713_pvTX_1_1.tar.gz (SHA-1 ee5d526f727b72994daca0f064ae3a3753f3922d); DICOM regenerated by Dicomifier 2.5.3 (+ gjesus3 workarounds) from the ParaVision 2dseq before ingest; operator pending claim (historical MRI, STATUS 0.5 Hold)"
20220713_203047_jrc220713_pvTX_1_1/27,"2022-07-13T22:18:11,636+0200",visu_pars.VisuCreationDate,,,jrc220713_pvTX,phantom,jrc220713_pvTX,,Bruker BioSpec 7T,2030,DICOM regenerated by Dicomifier 2.5.3 (+ gjesus3 workarounds) from the ParaVision 2dseq before ingest,"phantom study (phantom / QC, Q2); phantom / QC study (Q2): no project, as July's jrc phantoms; MRI platform archive backup_7T_olddata_260824/2022_pv6/20220713_203047_jrc220713_pvTX_1_1.tar.gz (SHA-1 ee5d526f727b72994daca0f064ae3a3753f3922d); DICOM regenerated by Dicomifier 2.5.3 (+ gjesus3 workarounds) from the ParaVision 2dseq before ingest; operator pending claim (historical MRI, STATUS 0.5 Hold)"
20220713_203047_jrc220713_pvTX_1_1/28,"2022-07-13T22:20:44,725+0200",visu_pars.VisuCreationDate,,,jrc220713_pvTX,phantom,jrc220713_pvTX,,Bruker BioSpec 7T,2030,DICOM regenerated by Dicomifier 2.5.3 (+ gjesus3 workarounds) from the ParaVision 2dseq before ingest,"phantom study (phantom / QC, Q2); phantom / QC study (Q2): no project, as July's jrc phantoms; MRI platform archive backup_7T_olddata_260824/2022_pv6/20220713_203047_jrc220713_pvTX_1_1.tar.gz (SHA-1 ee5d526f727b72994daca0f064ae3a3753f3922d); DICOM regenerated by Dicomifier 2.5.3 (+ gjesus3 workarounds) from the ParaVision 2dseq before ingest; operator pending claim (historical MRI, STATUS 0.5 Hold)"
20220713_203047_jrc220713_pvTX_1_1/29,"2022-07-13T22:22:24,488+0200",visu_pars.VisuCreationDate,,,jrc220713_pvTX,phantom,jrc220713_pvTX,,Bruker BioSpec 7T,2030,DICOM regenerated by Dicomifier 2.5.3 (+ gjesus3 workarounds) from the ParaVision 2dseq before ingest,"phantom study (phantom / QC, Q2); phantom / QC study (Q2): no project, as July's jrc phantoms; MRI platform archive backup_7T_olddata_260824/2022_pv6/20220713_203047_jrc220713_pvTX_1_1.tar.gz (SHA-1 ee5d526f727b72994daca0f064ae3a3753f3922d); DICOM regenerated by Dicomifier 2.5.3 (+ gjesus3 workarounds) from the ParaVision 2dseq before ingest; operator pending claim (historical MRI, STATUS 0.5 Hold)"
20220713_203047_jrc220713_pvTX_1_1/30,"2022-07-13T22:25:51,828+0200",visu_pars.VisuCreationDate,,,jrc220713_pvTX,phantom,jrc220713_pvTX,,Bruker BioSpec 7T,2030,DICOM regenerated by Dicomifier 2.5.3 (+ gjesus3 workarounds) from the ParaVision 2dseq before ingest,"phantom study (phantom / QC, Q2); phantom / QC study (Q2): no project, as July's jrc phantoms; MRI platform archive backup_7T_olddata_260824/2022_pv6/20220713_203047_jrc220713_pvTX_1_1.tar.gz (SHA-1 ee5d526f727b72994daca0f064ae3a3753f3922d); DICOM regenerated by Dicomifier 2.5.3 (+ gjesus3 workarounds) from the ParaVision 2dseq before ingest; operator pending claim (historical MRI, STATUS 0.5 Hold)"
20220713_203047_jrc220713_pvTX_1_1/31,"2022-07-13T22:28:52,180+0200",visu_pars.VisuCreationDate,,,jrc220713_pvTX,phantom,jrc220713_pvTX,,Bruker BioSpec 7T,2030,DICOM regenerated by Dicomifier 2.5.3 (+ gjesus3 workarounds) from the ParaVision 2dseq before ingest,"phantom study (phantom / QC, Q2); phantom / QC study (Q2): no project, as July's jrc phantoms; MRI platform archive backup_7T_olddata_260824/2022_pv6/20220713_203047_jrc220713_pvTX_1_1.tar.gz (SHA-1 ee5d526f727b72994daca0f064ae3a3753f3922d); DICOM regenerated by Dicomifier 2.5.3 (+ gjesus3 workarounds) from the ParaVision 2dseq before ingest; operator pending claim (historical MRI, STATUS 0.5 Hold)"
20220713_203047_jrc220713_pvTX_1_1/32,"2022-07-13T22:33:18,592+0200",visu_pars.VisuCreationDate,,,jrc220713_pvTX,phantom,jrc220713_pvTX,,Bruker BioSpec 7T,2030,DICOM regenerated by Dicomifier 2.5.3 (+ gjesus3 workarounds) from the ParaVision 2dseq before ingest,"phantom study (phantom / QC, Q2); phantom / QC study (Q2): no project, as July's jrc phantoms; MRI platform archive backup_7T_olddata_260824/2022_pv6/20220713_203047_jrc220713_pvTX_1_1.tar.gz (SHA-1 ee5d526f727b72994daca0f064ae3a3753f3922d); DICOM regenerated by Dicomifier 2.5.3 (+ gjesus3 workarounds) from the ParaVision 2dseq before ingest; operator pending claim (historical MRI, STATUS 0.5 Hold)"
20220713_203047_jrc220713_pvTX_1_1/33,"2022-07-13T22:37:45,761+0200",visu_pars.VisuCreationDate,,,jrc220713_pvTX,phantom,jrc220713_pvTX,,Bruker BioSpec 7T,2030,DICOM regenerated by Dicomifier 2.5.3 (+ gjesus3 workarounds) from the ParaVision 2dseq before ingest,"phantom study (phantom / QC, Q2); phantom / QC study (Q2): no project, as July's jrc phantoms; MRI platform archive backup_7T_olddata_260824/2022_pv6/20220713_203047_jrc220713_pvTX_1_1.tar.gz (SHA-1 ee5d526f727b72994daca0f064ae3a3753f3922d); DICOM regenerated by Dicomifier 2.5.3 (+ gjesus3 workarounds) from the ParaVision 2dseq before ingest; operator pending claim (historical MRI, STATUS 0.5 Hold)"
20220713_203047_jrc220713_pvTX_1_1/34,"2022-07-13T22:40:14,326+0200",visu_pars.VisuCreationDate,,,jrc220713_pvTX,phantom,jrc220713_pvTX,,Bruker BioSpec 7T,2030,DICOM regenerated by Dicomifier 2.5.3 (+ gjesus3 workarounds) from the ParaVision 2dseq before ingest,"phantom study (phantom / QC, Q2); phantom / QC study (Q2): no project, as July's jrc phantoms; MRI platform archive backup_7T_olddata_260824/2022_pv6/20220713_203047_jrc220713_pvTX_1_1.tar.gz (SHA-1 ee5d526f727b72994daca0f064ae3a3753f3922d); DICOM regenerated by Dicomifier 2.5.3 (+ gjesus3 workarounds) from the ParaVision 2dseq before ingest; operator pending claim (historical MRI, STATUS 0.5 Hold)"
20220713_203047_jrc220713_pvTX_1_1/35,"2022-07-13T22:42:45,343+0200",visu_pars.VisuCreationDate,,,jrc220713_pvTX,phantom,jrc220713_pvTX,,Bruker BioSpec 7T,2030,DICOM regenerated by Dicomifier 2.5.3 (+ gjesus3 workarounds) from the ParaVision 2dseq before ingest,"phantom study (phantom / QC, Q2); phantom / QC study (Q2): no project, as July's jrc phantoms; MRI platform archive backup_7T_olddata_260824/2022_pv6/20220713_203047_jrc220713_pvTX_1_1.tar.gz (SHA-1 ee5d526f727b72994daca0f064ae3a3753f3922d); DICOM regenerated by Dicomifier 2.5.3 (+ gjesus3 workarounds) from the ParaVision 2dseq before ingest; operator pending claim (historical MRI, STATUS 0.5 Hold)"
20220713_203047_jrc220713_pvTX_1_1/37,"2022-07-13T22:45:54,238+0200",visu_pars.VisuCreationDate,,,jrc220713_pvTX,phantom,jrc220713_pvTX,,Bruker BioSpec 7T,2030,DICOM regenerated by Dicomifier 2.5.3 (+ gjesus3 workarounds) from the ParaVision 2dseq before ingest,"phantom study (phantom / QC, Q2); phantom / QC study (Q2): no project, as July's jrc phantoms; MRI platform archive backup_7T_olddata_260824/2022_pv6/20220713_203047_jrc220713_pvTX_1_1.tar.gz (SHA-1 ee5d526f727b72994daca0f064ae3a3753f3922d); DICOM regenerated by Dicomifier 2.5.3 (+ gjesus3 workarounds) from the ParaVision 2dseq before ingest; operator pending claim (historical MRI, STATUS 0.5 Hold)"
20220713_203047_jrc220713_pvTX_1_1/38,"2022-07-13T22:53:17,813+0200",visu_pars.VisuCreationDate,,,jrc220713_pvTX,phantom,jrc220713_pvTX,,Bruker BioSpec 7T,2030,DICOM regenerated by Dicomifier 2.5.3 (+ gjesus3 workarounds) from the ParaVision 2dseq before ingest,"phantom study (phantom / QC, Q2); phantom / QC study (Q2): no project, as July's jrc phantoms; MRI platform archive backup_7T_olddata_260824/2022_pv6/20220713_203047_jrc220713_pvTX_1_1.tar.gz (SHA-1 ee5d526f727b72994daca0f064ae3a3753f3922d); DICOM regenerated by Dicomifier 2.5.3 (+ gjesus3 workarounds) from the ParaVision 2dseq before ingest; operator pending claim (historical MRI, STATUS 0.5 Hold)"
20220713_203047_jrc220713_pvTX_1_1/40,"2022-07-13T23:04:18,197+0200",visu_pars.VisuCreationDate,,,jrc220713_pvTX,phantom,jrc220713_pvTX,,Bruker BioSpec 7T,2030,DICOM regenerated by Dicomifier 2.5.3 (+ gjesus3 workarounds) from the ParaVision 2dseq before ingest,"phantom study (phantom / QC, Q2); phantom / QC study (Q2): no project, as July's jrc phantoms; MRI platform archive backup_7T_olddata_260824/2022_pv6/20220713_203047_jrc220713_pvTX_1_1.tar.gz (SHA-1 ee5d526f727b72994daca0f064ae3a3753f3922d); DICOM regenerated by Dicomifier 2.5.3 (+ gjesus3 workarounds) from the ParaVision 2dseq before ingest; operator pending claim (historical MRI, STATUS 0.5 Hold)"
20220713_203047_jrc220713_pvTX_1_1/41,"2022-07-13T23:07:40,351+0200",visu_pars.VisuCreationDate,,,jrc220713_pvTX,phantom,jrc220713_pvTX,,Bruker BioSpec 7T,2030,DICOM regenerated by Dicomifier 2.5.3 (+ gjesus3 workarounds) from the ParaVision 2dseq before ingest,"phantom study (phantom / QC, Q2); phantom / QC study (Q2): no project, as July's jrc phantoms; MRI platform archive backup_7T_olddata_260824/2022_pv6/20220713_203047_jrc220713_pvTX_1_1.tar.gz (SHA-1 ee5d526f727b72994daca0f064ae3a3753f3922d); DICOM regenerated by Dicomifier 2.5.3 (+ gjesus3 workarounds) from the ParaVision 2dseq before ingest; operator pending claim (historical MRI, STATUS 0.5 Hold)"
20220713_203047_jrc220713_pvTX_1_1/43,"2022-07-13T23:10:55,327+0200",visu_pars.VisuCreationDate,,,jrc220713_pvTX,phantom,jrc220713_pvTX,,Bruker BioSpec 7T,2030,DICOM regenerated by Dicomifier 2.5.3 (+ gjesus3 workarounds) from the ParaVision 2dseq before ingest,"phantom study (phantom / QC, Q2); phantom / QC study (Q2): no project, as July's jrc phantoms; MRI platform archive backup_7T_olddata_260824/2022_pv6/20220713_203047_jrc220713_pvTX_1_1.tar.gz (SHA-1 ee5d526f727b72994daca0f064ae3a3753f3922d); DICOM regenerated by Dicomifier 2.5.3 (+ gjesus3 workarounds) from the ParaVision 2dseq before ingest; operator pending claim (historical MRI, STATUS 0.5 Hold)"
20220713_203047_jrc220713_pvTX_1_1/44,"2022-07-13T23:16:26,705+0200",visu_pars.VisuCreationDate,,,jrc220713_pvTX,phantom,jrc220713_pvTX,,Bruker BioSpec 7T,2030,DICOM regenerated by Dicomifier 2.5.3 (+ gjesus3 workarounds) from the ParaVision 2dseq before ingest,"phantom study (phantom / QC, Q2); phantom / QC study (Q2): no project, as July's jrc phantoms; MRI platform archive backup_7T_olddata_260824/2022_pv6/20220713_203047_jrc220713_pvTX_1_1.tar.gz (SHA-1 ee5d526f727b72994daca0f064ae3a3753f3922d); DICOM regenerated by Dicomifier 2.5.3 (+ gjesus3 workarounds) from the ParaVision 2dseq before ingest; operator pending claim (historical MRI, STATUS 0.5 Hold)"
20220713_203047_jrc220713_pvTX_1_1/46,"2022-07-13T23:18:52,855+0200",visu_pars.VisuCreationDate,,,jrc220713_pvTX,phantom,jrc220713_pvTX,,Bruker BioSpec 7T,2030,DICOM regenerated by Dicomifier 2.5.3 (+ gjesus3 workarounds) from the ParaVision 2dseq before ingest,"phantom study (phantom / QC, Q2); phantom / QC study (Q2): no project, as July's jrc phantoms; MRI platform archive backup_7T_olddata_260824/2022_pv6/20220713_203047_jrc220713_pvTX_1_1.tar.gz (SHA-1 ee5d526f727b72994daca0f064ae3a3753f3922d); DICOM regenerated by Dicomifier 2.5.3 (+ gjesus3 workarounds) from the ParaVision 2dseq before ingest; operator pending claim (historical MRI, STATUS 0.5 Hold)"
20220713_203047_jrc220713_pvTX_1_1/47,"2022-07-13T23:21:57,226+0200",visu_pars.VisuCreationDate,,,jrc220713_pvTX,phantom,jrc220713_pvTX,,Bruker BioSpec 7T,2030,DICOM regenerated by Dicomifier 2.5.3 (+ gjesus3 workarounds) from the ParaVision 2dseq before ingest,"phantom study (phantom / QC, Q2); phantom / QC study (Q2): no project, as July's jrc phantoms; MRI platform archive backup_7T_olddata_260824/2022_pv6/20220713_203047_jrc220713_pvTX_1_1.tar.gz (SHA-1 ee5d526f727b72994daca0f064ae3a3753f3922d); DICOM regenerated by Dicomifier 2.5.3 (+ gjesus3 workarounds) from the ParaVision 2dseq before ingest; operator pending claim (historical MRI, STATUS 0.5 Hold)"
20220713_203047_jrc220713_pvTX_1_1/50,"2022-07-13T23:43:52,891+0200",visu_pars.VisuCreationDate,,,jrc220713_pvTX,phantom,jrc220713_pvTX,,Bruker BioSpec 7T,2030,DICOM regenerated by Dicomifier 2.5.3 (+ gjesus3 workarounds) from the ParaVision 2dseq before ingest,"phantom study (phantom / QC, Q2); phantom / QC study (Q2): no project, as July's jrc phantoms; MRI platform archive backup_7T_olddata_260824/2022_pv6/20220713_203047_jrc220713_pvTX_1_1.tar.gz (SHA-1 ee5d526f727b72994daca0f064ae3a3753f3922d); DICOM regenerated by Dicomifier 2.5.3 (+ gjesus3 workarounds) from the ParaVision 2dseq before ingest; operator pending claim (historical MRI, STATUS 0.5 Hold)"
20220713_203047_jrc220713_pvTX_1_1/51,"2022-07-13T23:52:25,577+0200",visu_pars.VisuCreationDate,,,jrc220713_pvTX,phantom,jrc220713_pvTX,,Bruker BioSpec 7T,2030,DICOM regenerated by Dicomifier 2.5.3 (+ gjesus3 workarounds) from the ParaVision 2dseq before ingest,"phantom study (phantom / QC, Q2); phantom / QC study (Q2): no project, as July's jrc phantoms; MRI platform archive backup_7T_olddata_260824/2022_pv6/20220713_203047_jrc220713_pvTX_1_1.tar.gz (SHA-1 ee5d526f727b72994daca0f064ae3a3753f3922d); DICOM regenerated by Dicomifier 2.5.3 (+ gjesus3 workarounds) from the ParaVision 2dseq before ingest; operator pending claim (historical MRI, STATUS 0.5 Hold)"
20220713_203047_jrc220713_pvTX_1_1/52,"2022-07-14T00:03:28,219+0200",visu_pars.VisuCreationDate,,,jrc220713_pvTX,phantom,jrc220713_pvTX,,Bruker BioSpec 7T,2030,DICOM regenerated by Dicomifier 2.5.3 (+ gjesus3 workarounds) from the ParaVision 2dseq before ingest,"phantom study (phantom / QC, Q2); phantom / QC study (Q2): no project, as July's jrc phantoms; MRI platform archive backup_7T_olddata_260824/2022_pv6/20220713_203047_jrc220713_pvTX_1_1.tar.gz (SHA-1 ee5d526f727b72994daca0f064ae3a3753f3922d); DICOM regenerated by Dicomifier 2.5.3 (+ gjesus3 workarounds) from the ParaVision 2dseq before ingest; operator pending claim (historical MRI, STATUS 0.5 Hold)"
20220713_203047_jrc220713_pvTX_1_1/54,"2022-07-14T00:12:57,455+0200",visu_pars.VisuCreationDate,,,jrc220713_pvTX,phantom,jrc220713_pvTX,,Bruker BioSpec 7T,2030,DICOM regenerated by Dicomifier 2.5.3 (+ gjesus3 workarounds) from the ParaVision 2dseq before ingest,"phantom study (phantom / QC, Q2); phantom / QC study (Q2): no project, as July's jrc phantoms; MRI platform archive backup_7T_olddata_260824/2022_pv6/20220713_203047_jrc220713_pvTX_1_1.tar.gz (SHA-1 ee5d526f727b72994daca0f064ae3a3753f3922d); DICOM regenerated by Dicomifier 2.5.3 (+ gjesus3 workarounds) from the ParaVision 2dseq before ingest; operator pending claim (historical MRI, STATUS 0.5 Hold)"
20220713_203047_jrc220713_pvTX_1_1/55,"2022-07-14T00:22:16,259+0200",visu_pars.VisuCreationDate,,,jrc220713_pvTX,phantom,jrc220713_pvTX,,Bruker BioSpec 7T,2030,DICOM regenerated by Dicomifier 2.5.3 (+ gjesus3 workarounds) from the ParaVision 2dseq before ingest,"phantom study (phantom / QC, Q2); phantom / QC study (Q2): no project, as July's jrc phantoms; MRI platform archive backup_7T_olddata_260824/2022_pv6/20220713_203047_jrc220713_pvTX_1_1.tar.gz (SHA-1 ee5d526f727b72994daca0f064ae3a3753f3922d); DICOM regenerated by Dicomifier 2.5.3 (+ gjesus3 workarounds) from the ParaVision 2dseq before ingest; operator pending claim (historical MRI, STATUS 0.5 Hold)"
20220713_203047_jrc220713_pvTX_1_1/56,"2022-07-14T00:37:19,588+0200",visu_pars.VisuCreationDate,,,jrc220713_pvTX,phantom,jrc220713_pvTX,,Bruker BioSpec 7T,2030,DICOM regenerated by Dicomifier 2.5.3 (+ gjesus3 workarounds) from the ParaVision 2dseq before ingest,"phantom study (phantom / QC, Q2); phantom / QC study (Q2): no project, as July's jrc phantoms; MRI platform archive backup_7T_olddata_260824/2022_pv6/20220713_203047_jrc220713_pvTX_1_1.tar.gz (SHA-1 ee5d526f727b72994daca0f064ae3a3753f3922d); DICOM regenerated by Dicomifier 2.5.3 (+ gjesus3 workarounds) from the ParaVision 2dseq before ingest; operator pending claim (historical MRI, STATUS 0.5 Hold)"
20220713_203047_jrc220713_pvTX_1_1/57,"2022-07-14T00:44:31,571+0200",visu_pars.VisuCreationDate,,,jrc220713_pvTX,phantom,jrc220713_pvTX,,Bruker BioSpec 7T,2030,DICOM regenerated by Dicomifier 2.5.3 (+ gjesus3 workarounds) from the ParaVision 2dseq before ingest,"phantom study (phantom / QC, Q2); phantom / QC study (Q2): no project, as July's jrc phantoms; MRI platform archive backup_7T_olddata_260824/2022_pv6/20220713_203047_jrc220713_pvTX_1_1.tar.gz (SHA-1 ee5d526f727b72994daca0f064ae3a3753f3922d); DICOM regenerated by Dicomifier 2.5.3 (+ gjesus3 workarounds) from the ParaVision 2dseq before ingest; operator pending claim (historical MRI, STATUS 0.5 Hold)"
20220713_203047_jrc220713_pvTX_1_1/58,"2022-07-14T00:53:52,237+0200",visu_pars.VisuCreationDate,,,jrc220713_pvTX,phantom,jrc220713_pvTX,,Bruker BioSpec 7T,2030,DICOM regenerated by Dicomifier 2.5.3 (+ gjesus3 workarounds) from the ParaVision 2dseq before ingest,"phantom study (phantom / QC, Q2); phantom / QC study (Q2): no project, as July's jrc phantoms; MRI platform archive backup_7T_olddata_260824/2022_pv6/20220713_203047_jrc220713_pvTX_1_1.tar.gz (SHA-1 ee5d526f727b72994daca0f064ae3a3753f3922d); DICOM regenerated by Dicomifier 2.5.3 (+ gjesus3 workarounds) from the ParaVision 2dseq before ingest; operator pending claim (historical MRI, STATUS 0.5 Hold)"
20220714_010602_jrc220713_pvarray2_1_1/1,"2022-07-14T01:15:39,368+0200",visu_pars.VisuCreationDate,,,jrc220713_pvarray2,phantom,jrc220713_pvarray2,,Bruker BioSpec 7T,0106,DICOM regenerated by Dicomifier 2.5.3 (+ gjesus3 workarounds) from the ParaVision 2dseq before ingest,"phantom study (phantom / QC, Q2); phantom / QC study (Q2): no project, as July's jrc phantoms; MRI platform archive backup_7T_olddata_260824/2022_pv6/20220714_010602_jrc220713_pvarray2_1_1.tar.gz (SHA-1 107a85fa48c5cadd8f751085aac3101589ef3cdd); DICOM regenerated by Dicomifier 2.5.3 (+ gjesus3 workarounds) from the ParaVision 2dseq before ingest; operator pending claim (historical MRI, STATUS 0.5 Hold)"
20220714_010602_jrc220713_pvarray2_1_1/2,"2022-07-14T01:19:08,235+0200",visu_pars.VisuCreationDate,,,jrc220713_pvarray2,phantom,jrc220713_pvarray2,,Bruker BioSpec 7T,0106,DICOM regenerated by Dicomifier 2.5.3 (+ gjesus3 workarounds) from the ParaVision 2dseq before ingest,"phantom study (phantom / QC, Q2); phantom / QC study (Q2): no project, as July's jrc phantoms; MRI platform archive backup_7T_olddata_260824/2022_pv6/20220714_010602_jrc220713_pvarray2_1_1.tar.gz (SHA-1 107a85fa48c5cadd8f751085aac3101589ef3cdd); DICOM regenerated by Dicomifier 2.5.3 (+ gjesus3 workarounds) from the ParaVision 2dseq before ingest; operator pending claim (historical MRI, STATUS 0.5 Hold)"
20220714_010602_jrc220713_pvarray2_1_1/3,"2022-07-14T01:22:14,646+0200",visu_pars.VisuCreationDate,,,jrc220713_pvarray2,phantom,jrc220713_pvarray2,,Bruker BioSpec 7T,0106,DICOM regenerated by Dicomifier 2.5.3 (+ gjesus3 workarounds) from the ParaVision 2dseq before ingest,"phantom study (phantom / QC, Q2); phantom / QC study (Q2): no project, as July's jrc phantoms; MRI platform archive backup_7T_olddata_260824/2022_pv6/20220714_010602_jrc220713_pvarray2_1_1.tar.gz (SHA-1 107a85fa48c5cadd8f751085aac3101589ef3cdd); DICOM regenerated by Dicomifier 2.5.3 (+ gjesus3 workarounds) from the ParaVision 2dseq before ingest; operator pending claim (historical MRI, STATUS 0.5 Hold)"
20220714_010602_jrc220713_pvarray2_1_1/6,"2022-07-14T01:26:41,002+0200",visu_pars.VisuCreationDate,,,jrc220713_pvarray2,phantom,jrc220713_pvarray2,,Bruker BioSpec 7T,0106,DICOM regenerated by Dicomifier 2.5.3 (+ gjesus3 workarounds) from the ParaVision 2dseq before ingest,"phantom study (phantom / QC, Q2); phantom / QC study (Q2): no project, as July's jrc phantoms; MRI platform archive backup_7T_olddata_260824/2022_pv6/20220714_010602_jrc220713_pvarray2_1_1.tar.gz (SHA-1 107a85fa48c5cadd8f751085aac3101589ef3cdd); DICOM regenerated by Dicomifier 2.5.3 (+ gjesus3 workarounds) from the ParaVision 2dseq before ingest; operator pending claim (historical MRI, STATUS 0.5 Hold)"
20220714_010602_jrc220713_pvarray2_1_1/8,"2022-07-14T01:29:43,801+0200",visu_pars.VisuCreationDate,,,jrc220713_pvarray2,phantom,jrc220713_pvarray2,,Bruker BioSpec 7T,0106,DICOM regenerated by Dicomifier 2.5.3 (+ gjesus3 workarounds) from the ParaVision 2dseq before ingest,"phantom study (phantom / QC, Q2); phantom / QC study (Q2): no project, as July's jrc phantoms; MRI platform archive backup_7T_olddata_260824/2022_pv6/20220714_010602_jrc220713_pvarray2_1_1.tar.gz (SHA-1 107a85fa48c5cadd8f751085aac3101589ef3cdd); DICOM regenerated by Dicomifier 2.5.3 (+ gjesus3 workarounds) from the ParaVision 2dseq before ingest; operator pending claim (historical MRI, STATUS 0.5 Hold)"
20220714_010602_jrc220713_pvarray2_1_1/9,"2022-07-14T01:34:14,528+0200",visu_pars.VisuCreationDate,,,jrc220713_pvarray2,phantom,jrc220713_pvarray2,,Bruker BioSpec 7T,0106,DICOM regenerated by Dicomifier 2.5.3 (+ gjesus3 workarounds) from the ParaVision 2dseq before ingest,"phantom study (phantom / QC, Q2); phantom / QC study (Q2): no project, as July's jrc phantoms; MRI platform archive backup_7T_olddata_260824/2022_pv6/20220714_010602_jrc220713_pvarray2_1_1.tar.gz (SHA-1 107a85fa48c5cadd8f751085aac3101589ef3cdd); DICOM regenerated by Dicomifier 2.5.3 (+ gjesus3 workarounds) from the ParaVision 2dseq before ingest; operator pending claim (historical MRI, STATUS 0.5 Hold)"
20220714_010602_jrc220713_pvarray2_1_1/10,"2022-07-14T01:39:38,691+0200",visu_pars.VisuCreationDate,,,jrc220713_pvarray2,phantom,jrc220713_pvarray2,,Bruker BioSpec 7T,0106,DICOM regenerated by Dicomifier 2.5.3 (+ gjesus3 workarounds) from the ParaVision 2dseq before ingest,"phantom study (phantom / QC, Q2); phantom / QC study (Q2): no project, as July's jrc phantoms; MRI platform archive backup_7T_olddata_260824/2022_pv6/20220714_010602_jrc220713_pvarray2_1_1.tar.gz (SHA-1 107a85fa48c5cadd8f751085aac3101589ef3cdd); DICOM regenerated by Dicomifier 2.5.3 (+ gjesus3 workarounds) from the ParaVision 2dseq before ingest; operator pending claim (historical MRI, STATUS 0.5 Hold)"
20220714_010602_jrc220713_pvarray2_1_1/11,"2022-07-14T01:50:10,353+0200",visu_pars.VisuCreationDate,,,jrc220713_pvarray2,phantom,jrc220713_pvarray2,,Bruker BioSpec 7T,0106,DICOM regenerated by Dicomifier 2.5.3 (+ gjesus3 workarounds) from the ParaVision 2dseq before ingest,"phantom study (phantom / QC, Q2); phantom / QC study (Q2): no project, as July's jrc phantoms; MRI platform archive backup_7T_olddata_260824/2022_pv6/20220714_010602_jrc220713_pvarray2_1_1.tar.gz (SHA-1 107a85fa48c5cadd8f751085aac3101589ef3cdd); DICOM regenerated by Dicomifier 2.5.3 (+ gjesus3 workarounds) from the ParaVision 2dseq before ingest; operator pending claim (historical MRI, STATUS 0.5 Hold)"
20220714_010602_jrc220713_pvarray2_1_1/13,"2022-07-14T01:53:12,131+0200",visu_pars.VisuCreationDate,,,jrc220713_pvarray2,phantom,jrc220713_pvarray2,,Bruker BioSpec 7T,0106,DICOM regenerated by Dicomifier 2.5.3 (+ gjesus3 workarounds) from the ParaVision 2dseq before ingest,"phantom study (phantom / QC, Q2); phantom / QC study (Q2): no project, as July's jrc phantoms; MRI platform archive backup_7T_olddata_260824/2022_pv6/20220714_010602_jrc220713_pvarray2_1_1.tar.gz (SHA-1 107a85fa48c5cadd8f751085aac3101589ef3cdd); DICOM regenerated by Dicomifier 2.5.3 (+ gjesus3 workarounds) from the ParaVision 2dseq before ingest; operator pending claim (historical MRI, STATUS 0.5 Hold)"
20220714_010602_jrc220713_pvarray2_1_1/14,"2022-07-14T01:56:03,987+0200",visu_pars.VisuCreationDate,,,jrc220713_pvarray2,phantom,jrc220713_pvarray2,,Bruker BioSpec 7T,0106,DICOM regenerated by Dicomifier 2.5.3 (+ gjesus3 workarounds) from the ParaVision 2dseq before ingest,"phantom study (phantom / QC, Q2); phantom / QC study (Q2): no project, as July's jrc phantoms; MRI platform archive backup_7T_olddata_260824/2022_pv6/20220714_010602_jrc220713_pvarray2_1_1.tar.gz (SHA-1 107a85fa48c5cadd8f751085aac3101589ef3cdd); DICOM regenerated by Dicomifier 2.5.3 (+ gjesus3 workarounds) from the ParaVision 2dseq before ingest; operator pending claim (historical MRI, STATUS 0.5 Hold)"
20220714_010602_jrc220713_pvarray2_1_1/15,"2022-07-14T01:58:51,884+0200",visu_pars.VisuCreationDate,,,jrc220713_pvarray2,phantom,jrc220713_pvarray2,,Bruker BioSpec 7T,0106,DICOM regenerated by Dicomifier 2.5.3 (+ gjesus3 workarounds) from the ParaVision 2dseq before ingest,"phantom study (phantom / QC, Q2); phantom / QC study (Q2): no project, as July's jrc phantoms; MRI platform archive backup_7T_olddata_260824/2022_pv6/20220714_010602_jrc220713_pvarray2_1_1.tar.gz (SHA-1 107a85fa48c5cadd8f751085aac3101589ef3cdd); DICOM regenerated by Dicomifier 2.5.3 (+ gjesus3 workarounds) from the ParaVision 2dseq before ingest; operator pending claim (historical MRI, STATUS 0.5 Hold)"
20220714_010602_jrc220713_pvarray2_1_1/16,"2022-07-14T02:03:21,844+0200",visu_pars.VisuCreationDate,,,jrc220713_pvarray2,phantom,jrc220713_pvarray2,,Bruker BioSpec 7T,0106,DICOM regenerated by Dicomifier 2.5.3 (+ gjesus3 workarounds) from the ParaVision 2dseq before ingest,"phantom study (phantom / QC, Q2); phantom / QC study (Q2): no project, as July's jrc phantoms; MRI platform archive backup_7T_olddata_260824/2022_pv6/20220714_010602_jrc220713_pvarray2_1_1.tar.gz (SHA-1 107a85fa48c5cadd8f751085aac3101589ef3cdd); DICOM regenerated by Dicomifier 2.5.3 (+ gjesus3 workarounds) from the ParaVision 2dseq before ingest; operator pending claim (historical MRI, STATUS 0.5 Hold)"
20220714_010602_jrc220713_pvarray2_1_1/17,"2022-07-14T02:08:45,335+0200",visu_pars.VisuCreationDate,,,jrc220713_pvarray2,phantom,jrc220713_pvarray2,,Bruker BioSpec 7T,0106,DICOM regenerated by Dicomifier 2.5.3 (+ gjesus3 workarounds) from the ParaVision 2dseq before ingest,"phantom study (phantom / QC, Q2); phantom / QC study (Q2): no project, as July's jrc phantoms; MRI platform archive backup_7T_olddata_260824/2022_pv6/20220714_010602_jrc220713_pvarray2_1_1.tar.gz (SHA-1 107a85fa48c5cadd8f751085aac3101589ef3cdd); DICOM regenerated by Dicomifier 2.5.3 (+ gjesus3 workarounds) from the ParaVision 2dseq before ingest; operator pending claim (historical MRI, STATUS 0.5 Hold)"
20220714_010602_jrc220713_pvarray2_1_1/18,"2022-07-14T09:09:49,409+0200",visu_pars.VisuCreationDate,,,jrc220713_pvarray2,phantom,jrc220713_pvarray2,,Bruker BioSpec 7T,0106,DICOM regenerated by Dicomifier 2.5.3 (+ gjesus3 workarounds) from the ParaVision 2dseq before ingest,"phantom study (phantom / QC, Q2); phantom / QC study (Q2): no project, as July's jrc phantoms; MRI platform archive backup_7T_olddata_260824/2022_pv6/20220714_010602_jrc220713_pvarray2_1_1.tar.gz (SHA-1 107a85fa48c5cadd8f751085aac3101589ef3cdd); DICOM regenerated by Dicomifier 2.5.3 (+ gjesus3 workarounds) from the ParaVision 2dseq before ingest; operator pending claim (historical MRI, STATUS 0.5 Hold)"
20220714_092740_jrc220714_pvsuc_2_1_1/1,"2022-07-14T09:33:38,293+0200",visu_pars.VisuCreationDate,,,jrc220714_pvsuc_2,phantom,jrc220714_pvsuc_2,,Bruker BioSpec 7T,0927,DICOM regenerated by Dicomifier 2.5.3 (+ gjesus3 workarounds) from the ParaVision 2dseq before ingest,"phantom study (phantom / QC, Q2); phantom / QC study (Q2): no project, as July's jrc phantoms; MRI platform archive backup_7T_olddata_260824/2022_pv6/20220714_092740_jrc220714_pvsuc_2_1_1.tar.gz (SHA-1 1588161b12f78ef4a0be04ff173e641fc6a07e63); DICOM regenerated by Dicomifier 2.5.3 (+ gjesus3 workarounds) from the ParaVision 2dseq before ingest; operator pending claim (historical MRI, STATUS 0.5 Hold)"
20220714_092740_jrc220714_pvsuc_2_1_1/3,"2022-07-14T09:44:35,089+0200",visu_pars.VisuCreationDate,,,jrc220714_pvsuc_2,phantom,jrc220714_pvsuc_2,,Bruker BioSpec 7T,0927,DICOM regenerated by Dicomifier 2.5.3 (+ gjesus3 workarounds) from the ParaVision 2dseq before ingest,"phantom study (phantom / QC, Q2); phantom / QC study (Q2): no project, as July's jrc phantoms; MRI platform archive backup_7T_olddata_260824/2022_pv6/20220714_092740_jrc220714_pvsuc_2_1_1.tar.gz (SHA-1 1588161b12f78ef4a0be04ff173e641fc6a07e63); DICOM regenerated by Dicomifier 2.5.3 (+ gjesus3 workarounds) from the ParaVision 2dseq before ingest; operator pending claim (historical MRI, STATUS 0.5 Hold)"
20220714_092740_jrc220714_pvsuc_2_1_1/4,"2022-07-14T09:46:46,056+0200",visu_pars.VisuCreationDate,,,jrc220714_pvsuc_2,phantom,jrc220714_pvsuc_2,,Bruker BioSpec 7T,0927,DICOM regenerated by Dicomifier 2.5.3 (+ gjesus3 workarounds) from the ParaVision 2dseq before ingest,"phantom study (phantom / QC, Q2); phantom / QC study (Q2): no project, as July's jrc phantoms; MRI platform archive backup_7T_olddata_260824/2022_pv6/20220714_092740_jrc220714_pvsuc_2_1_1.tar.gz (SHA-1 1588161b12f78ef4a0be04ff173e641fc6a07e63); DICOM regenerated by Dicomifier 2.5.3 (+ gjesus3 workarounds) from the ParaVision 2dseq before ingest; operator pending claim (historical MRI, STATUS 0.5 Hold)"
20220714_092740_jrc220714_pvsuc_2_1_1/6,"2022-07-14T09:49:52,594+0200",visu_pars.VisuCreationDate,,,jrc220714_pvsuc_2,phantom,jrc220714_pvsuc_2,,Bruker BioSpec 7T,0927,DICOM regenerated by Dicomifier 2.5.3 (+ gjesus3 workarounds) from the ParaVision 2dseq before ingest,"phantom study (phantom / QC, Q2); phantom / QC study (Q2): no project, as July's jrc phantoms; MRI platform archive backup_7T_olddata_260824/2022_pv6/20220714_092740_jrc220714_pvsuc_2_1_1.tar.gz (SHA-1 1588161b12f78ef4a0be04ff173e641fc6a07e63); DICOM regenerated by Dicomifier 2.5.3 (+ gjesus3 workarounds) from the ParaVision 2dseq before ingest; operator pending claim (historical MRI, STATUS 0.5 Hold)"
20220714_092740_jrc220714_pvsuc_2_1_1/7,"2022-07-14T09:52:34,638+0200",visu_pars.VisuCreationDate,,,jrc220714_pvsuc_2,phantom,jrc220714_pvsuc_2,,Bruker BioSpec 7T,0927,DICOM regenerated by Dicomifier 2.5.3 (+ gjesus3 workarounds) from the ParaVision 2dseq before ingest,"phantom study (phantom / QC, Q2); phantom / QC study (Q2): no project, as July's jrc phantoms; MRI platform archive backup_7T_olddata_260824/2022_pv6/20220714_092740_jrc220714_pvsuc_2_1_1.tar.gz (SHA-1 1588161b12f78ef4a0be04ff173e641fc6a07e63); DICOM regenerated by Dicomifier 2.5.3 (+ gjesus3 workarounds) from the ParaVision 2dseq before ingest; operator pending claim (historical MRI, STATUS 0.5 Hold)"
20220714_092740_jrc220714_pvsuc_2_1_1/8,"2022-07-14T09:55:29,679+0200",visu_pars.VisuCreationDate,,,jrc220714_pvsuc_2,phantom,jrc220714_pvsuc_2,,Bruker BioSpec 7T,0927,DICOM regenerated by Dicomifier 2.5.3 (+ gjesus3 workarounds) from the ParaVision 2dseq before ingest,"phantom study (phantom / QC, Q2); phantom / QC study (Q2): no project, as July's jrc phantoms; MRI platform archive backup_7T_olddata_260824/2022_pv6/20220714_092740_jrc220714_pvsuc_2_1_1.tar.gz (SHA-1 1588161b12f78ef4a0be04ff173e641fc6a07e63); DICOM regenerated by Dicomifier 2.5.3 (+ gjesus3 workarounds) from the ParaVision 2dseq before ingest; operator pending claim (historical MRI, STATUS 0.5 Hold)"
20220714_092740_jrc220714_pvsuc_2_1_1/9,"2022-07-14T09:58:02,892+0200",visu_pars.VisuCreationDate,,,jrc220714_pvsuc_2,phantom,jrc220714_pvsuc_2,,Bruker BioSpec 7T,0927,DICOM regenerated by Dicomifier 2.5.3 (+ gjesus3 workarounds) from the ParaVision 2dseq before ingest,"phantom study (phantom / QC, Q2); phantom / QC study (Q2): no project, as July's jrc phantoms; MRI platform archive backup_7T_olddata_260824/2022_pv6/20220714_092740_jrc220714_pvsuc_2_1_1.tar.gz (SHA-1 1588161b12f78ef4a0be04ff173e641fc6a07e63); DICOM regenerated by Dicomifier 2.5.3 (+ gjesus3 workarounds) from the ParaVision 2dseq before ingest; operator pending claim (historical MRI, STATUS 0.5 Hold)"
20220714_092740_jrc220714_pvsuc_2_1_1/10,"2022-07-14T10:02:43,387+0200",visu_pars.VisuCreationDate,,,jrc220714_pvsuc_2,phantom,jrc220714_pvsuc_2,,Bruker BioSpec 7T,0927,DICOM regenerated by Dicomifier 2.5.3 (+ gjesus3 workarounds) from the ParaVision 2dseq before ingest,"phantom study (phantom / QC, Q2); phantom / QC study (Q2): no project, as July's jrc phantoms; MRI platform archive backup_7T_olddata_260824/2022_pv6/20220714_092740_jrc220714_pvsuc_2_1_1.tar.gz (SHA-1 1588161b12f78ef4a0be04ff173e641fc6a07e63); DICOM regenerated by Dicomifier 2.5.3 (+ gjesus3 workarounds) from the ParaVision 2dseq before ingest; operator pending claim (historical MRI, STATUS 0.5 Hold)"
20220714_092740_jrc220714_pvsuc_2_1_1/11,"2022-07-14T10:07:16,358+0200",visu_pars.VisuCreationDate,,,jrc220714_pvsuc_2,phantom,jrc220714_pvsuc_2,,Bruker BioSpec 7T,0927,DICOM regenerated by Dicomifier 2.5.3 (+ gjesus3 workarounds) from the ParaVision 2dseq before ingest,"phantom study (phantom / QC, Q2); phantom / QC study (Q2): no project, as July's jrc phantoms; MRI platform archive backup_7T_olddata_260824/2022_pv6/20220714_092740_jrc220714_pvsuc_2_1_1.tar.gz (SHA-1 1588161b12f78ef4a0be04ff173e641fc6a07e63); DICOM regenerated by Dicomifier 2.5.3 (+ gjesus3 workarounds) from the ParaVision 2dseq before ingest; operator pending claim (historical MRI, STATUS 0.5 Hold)"
20220714_092740_jrc220714_pvsuc_2_1_1/13,"2022-07-14T10:25:07,465+0200",visu_pars.VisuCreationDate,,,jrc220714_pvsuc_2,phantom,jrc220714_pvsuc_2,,Bruker BioSpec 7T,0927,DICOM regenerated by Dicomifier 2.5.3 (+ gjesus3 workarounds) from the ParaVision 2dseq before ingest,"phantom study (phantom / QC, Q2); phantom / QC study (Q2): no project, as July's jrc phantoms; MRI platform archive backup_7T_olddata_260824/2022_pv6/20220714_092740_jrc220714_pvsuc_2_1_1.tar.gz (SHA-1 1588161b12f78ef4a0be04ff173e641fc6a07e63); DICOM regenerated by Dicomifier 2.5.3 (+ gjesus3 workarounds) from the ParaVision 2dseq before ingest; operator pending claim (historical MRI, STATUS 0.5 Hold)"
20220714_092740_jrc220714_pvsuc_2_1_1/14,"2022-07-14T10:39:40,498+0200",visu_pars.VisuCreationDate,,,jrc220714_pvsuc_2,phantom,jrc220714_pvsuc_2,,Bruker BioSpec 7T,0927,DICOM regenerated by Dicomifier 2.5.3 (+ gjesus3 workarounds) from the ParaVision 2dseq before ingest,"phantom study (phantom / QC, Q2); phantom / QC study (Q2): no project, as July's jrc phantoms; MRI platform archive backup_7T_olddata_260824/2022_pv6/20220714_092740_jrc220714_pvsuc_2_1_1.tar.gz (SHA-1 1588161b12f78ef4a0be04ff173e641fc6a07e63); DICOM regenerated by Dicomifier 2.5.3 (+ gjesus3 workarounds) from the ParaVision 2dseq before ingest; operator pending claim (historical MRI, STATUS 0.5 Hold)"
20220714_092740_jrc220714_pvsuc_2_1_1/15,"2022-07-14T10:51:36,269+0200",visu_pars.VisuCreationDate,,,jrc220714_pvsuc_2,phantom,jrc220714_pvsuc_2,,Bruker BioSpec 7T,0927,DICOM regenerated by Dicomifier 2.5.3 (+ gjesus3 workarounds) from the ParaVision 2dseq before ingest,"phantom study (phantom / QC, Q2); phantom / QC study (Q2): no project, as July's jrc phantoms; MRI platform archive backup_7T_olddata_260824/2022_pv6/20220714_092740_jrc220714_pvsuc_2_1_1.tar.gz (SHA-1 1588161b12f78ef4a0be04ff173e641fc6a07e63); DICOM regenerated by Dicomifier 2.5.3 (+ gjesus3 workarounds) from the ParaVision 2dseq before ingest; operator pending claim (historical MRI, STATUS 0.5 Hold)"
20220714_092740_jrc220714_pvsuc_2_1_1/16,"2022-07-14T11:05:28,075+0200",visu_pars.VisuCreationDate,,,jrc220714_pvsuc_2,phantom,jrc220714_pvsuc_2,,Bruker BioSpec 7T,0927,DICOM regenerated by Dicomifier 2.5.3 (+ gjesus3 workarounds) from the ParaVision 2dseq before ingest,"phantom study (phantom / QC, Q2); phantom / QC study (Q2): no project, as July's jrc phantoms; MRI platform archive backup_7T_olddata_260824/2022_pv6/20220714_092740_jrc220714_pvsuc_2_1_1.tar.gz (SHA-1 1588161b12f78ef4a0be04ff173e641fc6a07e63); DICOM regenerated by Dicomifier 2.5.3 (+ gjesus3 workarounds) from the ParaVision 2dseq before ingest; operator pending claim (historical MRI, STATUS 0.5 Hold)"
20220714_092740_jrc220714_pvsuc_2_1_1/17,"2022-07-14T11:19:39,526+0200",visu_pars.VisuCreationDate,,,jrc220714_pvsuc_2,phantom,jrc220714_pvsuc_2,,Bruker BioSpec 7T,0927,DICOM regenerated by Dicomifier 2.5.3 (+ gjesus3 workarounds) from the ParaVision 2dseq before ingest,"phantom study (phantom / QC, Q2); phantom / QC study (Q2): no project, as July's jrc phantoms; MRI platform archive backup_7T_olddata_260824/2022_pv6/20220714_092740_jrc220714_pvsuc_2_1_1.tar.gz (SHA-1 1588161b12f78ef4a0be04ff173e641fc6a07e63); DICOM regenerated by Dicomifier 2.5.3 (+ gjesus3 workarounds) from the ParaVision 2dseq before ingest; operator pending claim (historical MRI, STATUS 0.5 Hold)"
20220714_092740_jrc220714_pvsuc_2_1_1/18,"2022-07-14T11:33:13,313+0200",visu_pars.VisuCreationDate,,,jrc220714_pvsuc_2,phantom,jrc220714_pvsuc_2,,Bruker BioSpec 7T,0927,DICOM regenerated by Dicomifier 2.5.3 (+ gjesus3 workarounds) from the ParaVision 2dseq before ingest,"phantom study (phantom / QC, Q2); phantom / QC study (Q2): no project, as July's jrc phantoms; MRI platform archive backup_7T_olddata_260824/2022_pv6/20220714_092740_jrc220714_pvsuc_2_1_1.tar.gz (SHA-1 1588161b12f78ef4a0be04ff173e641fc6a07e63); DICOM regenerated by Dicomifier 2.5.3 (+ gjesus3 workarounds) from the ParaVision 2dseq before ingest; operator pending claim (historical MRI, STATUS 0.5 Hold)"
20220714_092740_jrc220714_pvsuc_2_1_1/21,"2022-07-14T12:01:51,443+0200",visu_pars.VisuCreationDate,,,jrc220714_pvsuc_2,phantom,jrc220714_pvsuc_2,,Bruker BioSpec 7T,0927,DICOM regenerated by Dicomifier 2.5.3 (+ gjesus3 workarounds) from the ParaVision 2dseq before ingest,"phantom study (phantom / QC, Q2); phantom / QC study (Q2): no project, as July's jrc phantoms; MRI platform archive backup_7T_olddata_260824/2022_pv6/20220714_092740_jrc220714_pvsuc_2_1_1.tar.gz (SHA-1 1588161b12f78ef4a0be04ff173e641fc6a07e63); DICOM regenerated by Dicomifier 2.5.3 (+ gjesus3 workarounds) from the ParaVision 2dseq before ingest; operator pending claim (historical MRI, STATUS 0.5 Hold)"
20220714_092740_jrc220714_pvsuc_2_1_1/22,"2022-07-14T12:11:53,309+0200",visu_pars.VisuCreationDate,,,jrc220714_pvsuc_2,phantom,jrc220714_pvsuc_2,,Bruker BioSpec 7T,0927,DICOM regenerated by Dicomifier 2.5.3 (+ gjesus3 workarounds) from the ParaVision 2dseq before ingest,"phantom study (phantom / QC, Q2); phantom / QC study (Q2): no project, as July's jrc phantoms; MRI platform archive backup_7T_olddata_260824/2022_pv6/20220714_092740_jrc220714_pvsuc_2_1_1.tar.gz (SHA-1 1588161b12f78ef4a0be04ff173e641fc6a07e63); DICOM regenerated by Dicomifier 2.5.3 (+ gjesus3 workarounds) from the ParaVision 2dseq before ingest; operator pending claim (historical MRI, STATUS 0.5 Hold)"
20220714_092740_jrc220714_pvsuc_2_1_1/23,"2022-07-14T12:21:57,505+0200",visu_pars.VisuCreationDate,,,jrc220714_pvsuc_2,phantom,jrc220714_pvsuc_2,,Bruker BioSpec 7T,0927,DICOM regenerated by Dicomifier 2.5.3 (+ gjesus3 workarounds) from the ParaVision 2dseq before ingest,"phantom study (phantom / QC, Q2); phantom / QC study (Q2): no project, as July's jrc phantoms; MRI platform archive backup_7T_olddata_260824/2022_pv6/20220714_092740_jrc220714_pvsuc_2_1_1.tar.gz (SHA-1 1588161b12f78ef4a0be04ff173e641fc6a07e63); DICOM regenerated by Dicomifier 2.5.3 (+ gjesus3 workarounds) from the ParaVision 2dseq before ingest; operator pending claim (historical MRI, STATUS 0.5 Hold)"
20220714_092740_jrc220714_pvsuc_2_1_1/24,"2022-07-14T12:35:42,708+0200",visu_pars.VisuCreationDate,,,jrc220714_pvsuc_2,phantom,jrc220714_pvsuc_2,,Bruker BioSpec 7T,0927,DICOM regenerated by Dicomifier 2.5.3 (+ gjesus3 workarounds) from the ParaVision 2dseq before ingest,"phantom study (phantom / QC, Q2); phantom / QC study (Q2): no project, as July's jrc phantoms; MRI platform archive backup_7T_olddata_260824/2022_pv6/20220714_092740_jrc220714_pvsuc_2_1_1.tar.gz (SHA-1 1588161b12f78ef4a0be04ff173e641fc6a07e63); DICOM regenerated by Dicomifier 2.5.3 (+ gjesus3 workarounds) from the ParaVision 2dseq before ingest; operator pending claim (historical MRI, STATUS 0.5 Hold)"
20220714_092740_jrc220714_pvsuc_2_1_1/25,"2022-07-14T12:49:22,206+0200",visu_pars.VisuCreationDate,,,jrc220714_pvsuc_2,phantom,jrc220714_pvsuc_2,,Bruker BioSpec 7T,0927,DICOM regenerated by Dicomifier 2.5.3 (+ gjesus3 workarounds) from the ParaVision 2dseq before ingest,"phantom study (phantom / QC, Q2); phantom / QC study (Q2): no project, as July's jrc phantoms; MRI platform archive backup_7T_olddata_260824/2022_pv6/20220714_092740_jrc220714_pvsuc_2_1_1.tar.gz (SHA-1 1588161b12f78ef4a0be04ff173e641fc6a07e63); DICOM regenerated by Dicomifier 2.5.3 (+ gjesus3 workarounds) from the ParaVision 2dseq before ingest; operator pending claim (historical MRI, STATUS 0.5 Hold)"
20220714_092740_jrc220714_pvsuc_2_1_1/26,"2022-07-14T13:01:35,393+0200",visu_pars.VisuCreationDate,,,jrc220714_pvsuc_2,phantom,jrc220714_pvsuc_2,,Bruker BioSpec 7T,0927,DICOM regenerated by Dicomifier 2.5.3 (+ gjesus3 workarounds) from the ParaVision 2dseq before ingest,"phantom study (phantom / QC, Q2); phantom / QC study (Q2): no project, as July's jrc phantoms; MRI platform archive backup_7T_olddata_260824/2022_pv6/20220714_092740_jrc220714_pvsuc_2_1_1.tar.gz (SHA-1 1588161b12f78ef4a0be04ff173e641fc6a07e63); DICOM regenerated by Dicomifier 2.5.3 (+ gjesus3 workarounds) from the ParaVision 2dseq before ingest; operator pending claim (historical MRI, STATUS 0.5 Hold)"
20220714_092740_jrc220714_pvsuc_2_1_1/27,"2022-07-14T13:09:16,824+0200",visu_pars.VisuCreationDate,,,jrc220714_pvsuc_2,phantom,jrc220714_pvsuc_2,,Bruker BioSpec 7T,0927,DICOM regenerated by Dicomifier 2.5.3 (+ gjesus3 workarounds) from the ParaVision 2dseq before ingest,"phantom study (phantom / QC, Q2); phantom / QC study (Q2): no project, as July's jrc phantoms; MRI platform archive backup_7T_olddata_260824/2022_pv6/20220714_092740_jrc220714_pvsuc_2_1_1.tar.gz (SHA-1 1588161b12f78ef4a0be04ff173e641fc6a07e63); DICOM regenerated by Dicomifier 2.5.3 (+ gjesus3 workarounds) from the ParaVision 2dseq before ingest; operator pending claim (historical MRI, STATUS 0.5 Hold)"
20220714_092740_jrc220714_pvsuc_2_1_1/28,"2022-07-14T13:22:52,591+0200",visu_pars.VisuCreationDate,,,jrc220714_pvsuc_2,phantom,jrc220714_pvsuc_2,,Bruker BioSpec 7T,0927,DICOM regenerated by Dicomifier 2.5.3 (+ gjesus3 workarounds) from the ParaVision 2dseq before ingest,"phantom study (phantom / QC, Q2); phantom / QC study (Q2): no project, as July's jrc phantoms; MRI platform archive backup_7T_olddata_260824/2022_pv6/20220714_092740_jrc220714_pvsuc_2_1_1.tar.gz (SHA-1 1588161b12f78ef4a0be04ff173e641fc6a07e63); DICOM regenerated by Dicomifier 2.5.3 (+ gjesus3 workarounds) from the ParaVision 2dseq before ingest; operator pending claim (historical MRI, STATUS 0.5 Hold)"
20220714_132834_jrc220714_pvBrukerRapid_1_1/2,"2022-07-14T14:19:36,602+0200",visu_pars.VisuCreationDate,,,jrc220714_pvBrukerRapid,phantom,jrc220714_pvBrukerRapid,,Bruker BioSpec 7T,1328,DICOM regenerated by Dicomifier 2.5.3 (+ gjesus3 workarounds) from the ParaVision 2dseq before ingest,"phantom study (phantom / QC, Q2); phantom / QC study (Q2): no project, as July's jrc phantoms; MRI platform archive backup_7T_olddata_260824/2022_pv6/20220714_132834_jrc220714_pvBrukerRapid_1_1.tar.gz (SHA-1 4bb448abea98555d9548577d84d635351461cca6); DICOM regenerated by Dicomifier 2.5.3 (+ gjesus3 workarounds) from the ParaVision 2dseq before ingest; operator pending claim (historical MRI, STATUS 0.5 Hold)"
20220714_132834_jrc220714_pvBrukerRapid_1_1/3,"2022-07-14T14:21:47,825+0200",visu_pars.VisuCreationDate,,,jrc220714_pvBrukerRapid,phantom,jrc220714_pvBrukerRapid,,Bruker BioSpec 7T,1328,DICOM regenerated by Dicomifier 2.5.3 (+ gjesus3 workarounds) from the ParaVision 2dseq before ingest,"phantom study (phantom / QC, Q2); phantom / QC study (Q2): no project, as July's jrc phantoms; MRI platform archive backup_7T_olddata_260824/2022_pv6/20220714_132834_jrc220714_pvBrukerRapid_1_1.tar.gz (SHA-1 4bb448abea98555d9548577d84d635351461cca6); DICOM regenerated by Dicomifier 2.5.3 (+ gjesus3 workarounds) from the ParaVision 2dseq before ingest; operator pending claim (historical MRI, STATUS 0.5 Hold)"
20220714_132834_jrc220714_pvBrukerRapid_1_1/4,"2022-07-14T14:27:18,749+0200",visu_pars.VisuCreationDate,,,jrc220714_pvBrukerRapid,phantom,jrc220714_pvBrukerRapid,,Bruker BioSpec 7T,1328,DICOM regenerated by Dicomifier 2.5.3 (+ gjesus3 workarounds) from the ParaVision 2dseq before ingest,"phantom study (phantom / QC, Q2); phantom / QC study (Q2): no project, as July's jrc phantoms; MRI platform archive backup_7T_olddata_260824/2022_pv6/20220714_132834_jrc220714_pvBrukerRapid_1_1.tar.gz (SHA-1 4bb448abea98555d9548577d84d635351461cca6); DICOM regenerated by Dicomifier 2.5.3 (+ gjesus3 workarounds) from the ParaVision 2dseq before ingest; operator pending claim (historical MRI, STATUS 0.5 Hold)"
20220714_132834_jrc220714_pvBrukerRapid_1_1/5,"2022-07-14T14:29:32,678+0200",visu_pars.VisuCreationDate,,,jrc220714_pvBrukerRapid,phantom,jrc220714_pvBrukerRapid,,Bruker BioSpec 7T,1328,DICOM regenerated by Dicomifier 2.5.3 (+ gjesus3 workarounds) from the ParaVision 2dseq before ingest,"phantom study (phantom / QC, Q2); phantom / QC study (Q2): no project, as July's jrc phantoms; MRI platform archive backup_7T_olddata_260824/2022_pv6/20220714_132834_jrc220714_pvBrukerRapid_1_1.tar.gz (SHA-1 4bb448abea98555d9548577d84d635351461cca6); DICOM regenerated by Dicomifier 2.5.3 (+ gjesus3 workarounds) from the ParaVision 2dseq before ingest; operator pending claim (historical MRI, STATUS 0.5 Hold)"
20220714_132834_jrc220714_pvBrukerRapid_1_1/6,"2022-07-14T14:32:17,436+0200",visu_pars.VisuCreationDate,,,jrc220714_pvBrukerRapid,phantom,jrc220714_pvBrukerRapid,,Bruker BioSpec 7T,1328,DICOM regenerated by Dicomifier 2.5.3 (+ gjesus3 workarounds) from the ParaVision 2dseq before ingest,"phantom study (phantom / QC, Q2); phantom / QC study (Q2): no project, as July's jrc phantoms; MRI platform archive backup_7T_olddata_260824/2022_pv6/20220714_132834_jrc220714_pvBrukerRapid_1_1.tar.gz (SHA-1 4bb448abea98555d9548577d84d635351461cca6); DICOM regenerated by Dicomifier 2.5.3 (+ gjesus3 workarounds) from the ParaVision 2dseq before ingest; operator pending claim (historical MRI, STATUS 0.5 Hold)"
20220714_132834_jrc220714_pvBrukerRapid_1_1/7,"2022-07-14T14:33:53,601+0200",visu_pars.VisuCreationDate,,,jrc220714_pvBrukerRapid,phantom,jrc220714_pvBrukerRapid,,Bruker BioSpec 7T,1328,DICOM regenerated by Dicomifier 2.5.3 (+ gjesus3 workarounds) from the ParaVision 2dseq before ingest,"phantom study (phantom / QC, Q2); phantom / QC study (Q2): no project, as July's jrc phantoms; MRI platform archive backup_7T_olddata_260824/2022_pv6/20220714_132834_jrc220714_pvBrukerRapid_1_1.tar.gz (SHA-1 4bb448abea98555d9548577d84d635351461cca6); DICOM regenerated by Dicomifier 2.5.3 (+ gjesus3 workarounds) from the ParaVision 2dseq before ingest; operator pending claim (historical MRI, STATUS 0.5 Hold)"
20220714_132834_jrc220714_pvBrukerRapid_1_1/9,"2022-07-14T14:36:01,663+0200",visu_pars.VisuCreationDate,,,jrc220714_pvBrukerRapid,phantom,jrc220714_pvBrukerRapid,,Bruker BioSpec 7T,1328,DICOM regenerated by Dicomifier 2.5.3 (+ gjesus3 workarounds) from the ParaVision 2dseq before ingest,"phantom study (phantom / QC, Q2); phantom / QC study (Q2): no project, as July's jrc phantoms; MRI platform archive backup_7T_olddata_260824/2022_pv6/20220714_132834_jrc220714_pvBrukerRapid_1_1.tar.gz (SHA-1 4bb448abea98555d9548577d84d635351461cca6); DICOM regenerated by Dicomifier 2.5.3 (+ gjesus3 workarounds) from the ParaVision 2dseq before ingest; operator pending claim (historical MRI, STATUS 0.5 Hold)"
20220714_132834_jrc220714_pvBrukerRapid_1_1/10,"2022-07-14T14:37:39,563+0200",visu_pars.VisuCreationDate,,,jrc220714_pvBrukerRapid,phantom,jrc220714_pvBrukerRapid,,Bruker BioSpec 7T,1328,DICOM regenerated by Dicomifier 2.5.3 (+ gjesus3 workarounds) from the ParaVision 2dseq before ingest,"phantom study (phantom / QC, Q2); phantom / QC study (Q2): no project, as July's jrc phantoms; MRI platform archive backup_7T_olddata_260824/2022_pv6/20220714_132834_jrc220714_pvBrukerRapid_1_1.tar.gz (SHA-1 4bb448abea98555d9548577d84d635351461cca6); DICOM regenerated by Dicomifier 2.5.3 (+ gjesus3 workarounds) from the ParaVision 2dseq before ingest; operator pending claim (historical MRI, STATUS 0.5 Hold)"
20220714_132834_jrc220714_pvBrukerRapid_1_1/11,"2022-07-14T14:39:30,205+0200",visu_pars.VisuCreationDate,,,jrc220714_pvBrukerRapid,phantom,jrc220714_pvBrukerRapid,,Bruker BioSpec 7T,1328,DICOM regenerated by Dicomifier 2.5.3 (+ gjesus3 workarounds) from the ParaVision 2dseq before ingest,"phantom study (phantom / QC, Q2); phantom / QC study (Q2): no project, as July's jrc phantoms; MRI platform archive backup_7T_olddata_260824/2022_pv6/20220714_132834_jrc220714_pvBrukerRapid_1_1.tar.gz (SHA-1 4bb448abea98555d9548577d84d635351461cca6); DICOM regenerated by Dicomifier 2.5.3 (+ gjesus3 workarounds) from the ParaVision 2dseq before ingest; operator pending claim (historical MRI, STATUS 0.5 Hold)"
20220714_132834_jrc220714_pvBrukerRapid_1_1/12,"2022-07-14T14:42:04,876+0200",visu_pars.VisuCreationDate,,,jrc220714_pvBrukerRapid,phantom,jrc220714_pvBrukerRapid,,Bruker BioSpec 7T,1328,DICOM regenerated by Dicomifier 2.5.3 (+ gjesus3 workarounds) from the ParaVision 2dseq before ingest,"phantom study (phantom / QC, Q2); phantom / QC study (Q2): no project, as July's jrc phantoms; MRI platform archive backup_7T_olddata_260824/2022_pv6/20220714_132834_jrc220714_pvBrukerRapid_1_1.tar.gz (SHA-1 4bb448abea98555d9548577d84d635351461cca6); DICOM regenerated by Dicomifier 2.5.3 (+ gjesus3 workarounds) from the ParaVision 2dseq before ingest; operator pending claim (historical MRI, STATUS 0.5 Hold)"
20220714_132834_jrc220714_pvBrukerRapid_1_1/13,"2022-07-14T14:44:31,927+0200",visu_pars.VisuCreationDate,,,jrc220714_pvBrukerRapid,phantom,jrc220714_pvBrukerRapid,,Bruker BioSpec 7T,1328,DICOM regenerated by Dicomifier 2.5.3 (+ gjesus3 workarounds) from the ParaVision 2dseq before ingest,"phantom study (phantom / QC, Q2); phantom / QC study (Q2): no project, as July's jrc phantoms; MRI platform archive backup_7T_olddata_260824/2022_pv6/20220714_132834_jrc220714_pvBrukerRapid_1_1.tar.gz (SHA-1 4bb448abea98555d9548577d84d635351461cca6); DICOM regenerated by Dicomifier 2.5.3 (+ gjesus3 workarounds) from the ParaVision 2dseq before ingest; operator pending claim (historical MRI, STATUS 0.5 Hold)"
20220714_132834_jrc220714_pvBrukerRapid_1_1/14,"2022-07-14T14:48:58,970+0200",visu_pars.VisuCreationDate,,,jrc220714_pvBrukerRapid,phantom,jrc220714_pvBrukerRapid,,Bruker BioSpec 7T,1328,DICOM regenerated by Dicomifier 2.5.3 (+ gjesus3 workarounds) from the ParaVision 2dseq before ingest,"phantom study (phantom / QC, Q2); phantom / QC study (Q2): no project, as July's jrc phantoms; MRI platform archive backup_7T_olddata_260824/2022_pv6/20220714_132834_jrc220714_pvBrukerRapid_1_1.tar.gz (SHA-1 4bb448abea98555d9548577d84d635351461cca6); DICOM regenerated by Dicomifier 2.5.3 (+ gjesus3 workarounds) from the ParaVision 2dseq before ingest; operator pending claim (historical MRI, STATUS 0.5 Hold)"
20220714_132834_jrc220714_pvBrukerRapid_1_1/15,"2022-07-14T14:51:30,844+0200",visu_pars.VisuCreationDate,,,jrc220714_pvBrukerRapid,phantom,jrc220714_pvBrukerRapid,,Bruker BioSpec 7T,1328,DICOM regenerated by Dicomifier 2.5.3 (+ gjesus3 workarounds) from the ParaVision 2dseq before ingest,"phantom study (phantom / QC, Q2); phantom / QC study (Q2): no project, as July's jrc phantoms; MRI platform archive backup_7T_olddata_260824/2022_pv6/20220714_132834_jrc220714_pvBrukerRapid_1_1.tar.gz (SHA-1 4bb448abea98555d9548577d84d635351461cca6); DICOM regenerated by Dicomifier 2.5.3 (+ gjesus3 workarounds) from the ParaVision 2dseq before ingest; operator pending claim (historical MRI, STATUS 0.5 Hold)"
20220714_132834_jrc220714_pvBrukerRapid_1_1/16,"2022-07-14T14:54:04,699+0200",visu_pars.VisuCreationDate,,,jrc220714_pvBrukerRapid,phantom,jrc220714_pvBrukerRapid,,Bruker BioSpec 7T,1328,DICOM regenerated by Dicomifier 2.5.3 (+ gjesus3 workarounds) from the ParaVision 2dseq before ingest,"phantom study (phantom / QC, Q2); phantom / QC study (Q2): no project, as July's jrc phantoms; MRI platform archive backup_7T_olddata_260824/2022_pv6/20220714_132834_jrc220714_pvBrukerRapid_1_1.tar.gz (SHA-1 4bb448abea98555d9548577d84d635351461cca6); DICOM regenerated by Dicomifier 2.5.3 (+ gjesus3 workarounds) from the ParaVision 2dseq before ingest; operator pending claim (historical MRI, STATUS 0.5 Hold)"
20220714_132834_jrc220714_pvBrukerRapid_1_1/17,"2022-07-14T14:56:44,975+0200",visu_pars.VisuCreationDate,,,jrc220714_pvBrukerRapid,phantom,jrc220714_pvBrukerRapid,,Bruker BioSpec 7T,1328,DICOM regenerated by Dicomifier 2.5.3 (+ gjesus3 workarounds) from the ParaVision 2dseq before ingest,"phantom study (phantom / QC, Q2); phantom / QC study (Q2): no project, as July's jrc phantoms; MRI platform archive backup_7T_olddata_260824/2022_pv6/20220714_132834_jrc220714_pvBrukerRapid_1_1.tar.gz (SHA-1 4bb448abea98555d9548577d84d635351461cca6); DICOM regenerated by Dicomifier 2.5.3 (+ gjesus3 workarounds) from the ParaVision 2dseq before ingest; operator pending claim (historical MRI, STATUS 0.5 Hold)"
20220714_132834_jrc220714_pvBrukerRapid_1_1/18,"2022-07-14T14:59:36,798+0200",visu_pars.VisuCreationDate,,,jrc220714_pvBrukerRapid,phantom,jrc220714_pvBrukerRapid,,Bruker BioSpec 7T,1328,DICOM regenerated by Dicomifier 2.5.3 (+ gjesus3 workarounds) from the ParaVision 2dseq before ingest,"phantom study (phantom / QC, Q2); phantom / QC study (Q2): no project, as July's jrc phantoms; MRI platform archive backup_7T_olddata_260824/2022_pv6/20220714_132834_jrc220714_pvBrukerRapid_1_1.tar.gz (SHA-1 4bb448abea98555d9548577d84d635351461cca6); DICOM regenerated by Dicomifier 2.5.3 (+ gjesus3 workarounds) from the ParaVision 2dseq before ingest; operator pending claim (historical MRI, STATUS 0.5 Hold)"
20220714_132834_jrc220714_pvBrukerRapid_1_1/19,"2022-07-14T15:05:05,748+0200",visu_pars.VisuCreationDate,,,jrc220714_pvBrukerRapid,phantom,jrc220714_pvBrukerRapid,,Bruker BioSpec 7T,1328,DICOM regenerated by Dicomifier 2.5.3 (+ gjesus3 workarounds) from the ParaVision 2dseq before ingest,"phantom study (phantom / QC, Q2); phantom / QC study (Q2): no project, as July's jrc phantoms; MRI platform archive backup_7T_olddata_260824/2022_pv6/20220714_132834_jrc220714_pvBrukerRapid_1_1.tar.gz (SHA-1 4bb448abea98555d9548577d84d635351461cca6); DICOM regenerated by Dicomifier 2.5.3 (+ gjesus3 workarounds) from the ParaVision 2dseq before ingest; operator pending claim (historical MRI, STATUS 0.5 Hold)"
20220714_132834_jrc220714_pvBrukerRapid_1_1/20,"2022-07-14T15:07:12,006+0200",visu_pars.VisuCreationDate,,,jrc220714_pvBrukerRapid,phantom,jrc220714_pvBrukerRapid,,Bruker BioSpec 7T,1328,DICOM regenerated by Dicomifier 2.5.3 (+ gjesus3 workarounds) from the ParaVision 2dseq before ingest,"phantom study (phantom / QC, Q2); phantom / QC study (Q2): no project, as July's jrc phantoms; MRI platform archive backup_7T_olddata_260824/2022_pv6/20220714_132834_jrc220714_pvBrukerRapid_1_1.tar.gz (SHA-1 4bb448abea98555d9548577d84d635351461cca6); DICOM regenerated by Dicomifier 2.5.3 (+ gjesus3 workarounds) from the ParaVision 2dseq before ingest; operator pending claim (historical MRI, STATUS 0.5 Hold)"
20220714_132834_jrc220714_pvBrukerRapid_1_1/21,"2022-07-14T15:10:01,517+0200",visu_pars.VisuCreationDate,,,jrc220714_pvBrukerRapid,phantom,jrc220714_pvBrukerRapid,,Bruker BioSpec 7T,1328,DICOM regenerated by Dicomifier 2.5.3 (+ gjesus3 workarounds) from the ParaVision 2dseq before ingest,"phantom study (phantom / QC, Q2); phantom / QC study (Q2): no project, as July's jrc phantoms; MRI platform archive backup_7T_olddata_260824/2022_pv6/20220714_132834_jrc220714_pvBrukerRapid_1_1.tar.gz (SHA-1 4bb448abea98555d9548577d84d635351461cca6); DICOM regenerated by Dicomifier 2.5.3 (+ gjesus3 workarounds) from the ParaVision 2dseq before ingest; operator pending claim (historical MRI, STATUS 0.5 Hold)"
20220714_132834_jrc220714_pvBrukerRapid_1_1/22,"2022-07-14T15:12:55,791+0200",visu_pars.VisuCreationDate,,,jrc220714_pvBrukerRapid,phantom,jrc220714_pvBrukerRapid,,Bruker BioSpec 7T,1328,DICOM regenerated by Dicomifier 2.5.3 (+ gjesus3 workarounds) from the ParaVision 2dseq before ingest,"phantom study (phantom / QC, Q2); phantom / QC study (Q2): no project, as July's jrc phantoms; MRI platform archive backup_7T_olddata_260824/2022_pv6/20220714_132834_jrc220714_pvBrukerRapid_1_1.tar.gz (SHA-1 4bb448abea98555d9548577d84d635351461cca6); DICOM regenerated by Dicomifier 2.5.3 (+ gjesus3 workarounds) from the ParaVision 2dseq before ingest; operator pending claim (historical MRI, STATUS 0.5 Hold)"
20220714_132834_jrc220714_pvBrukerRapid_1_1/23,"2022-07-14T15:17:53,626+0200",visu_pars.VisuCreationDate,,,jrc220714_pvBrukerRapid,phantom,jrc220714_pvBrukerRapid,,Bruker BioSpec 7T,1328,DICOM regenerated by Dicomifier 2.5.3 (+ gjesus3 workarounds) from the ParaVision 2dseq before ingest,"phantom study (phantom / QC, Q2); phantom / QC study (Q2): no project, as July's jrc phantoms; MRI platform archive backup_7T_olddata_260824/2022_pv6/20220714_132834_jrc220714_pvBrukerRapid_1_1.tar.gz (SHA-1 4bb448abea98555d9548577d84d635351461cca6); DICOM regenerated by Dicomifier 2.5.3 (+ gjesus3 workarounds) from the ParaVision 2dseq before ingest; operator pending claim (historical MRI, STATUS 0.5 Hold)"
20220714_132834_jrc220714_pvBrukerRapid_1_1/24,"2022-07-14T15:23:35,768+0200",visu_pars.VisuCreationDate,,,jrc220714_pvBrukerRapid,phantom,jrc220714_pvBrukerRapid,,Bruker BioSpec 7T,1328,DICOM regenerated by Dicomifier 2.5.3 (+ gjesus3 workarounds) from the ParaVision 2dseq before ingest,"phantom study (phantom / QC, Q2); phantom / QC study (Q2): no project, as July's jrc phantoms; MRI platform archive backup_7T_olddata_260824/2022_pv6/20220714_132834_jrc220714_pvBrukerRapid_1_1.tar.gz (SHA-1 4bb448abea98555d9548577d84d635351461cca6); DICOM regenerated by Dicomifier 2.5.3 (+ gjesus3 workarounds) from the ParaVision 2dseq before ingest; operator pending claim (historical MRI, STATUS 0.5 Hold)"
20220714_155921_jrc220714_pv_Bruker_1_1/4,"2022-07-14T16:12:33,097+0200",visu_pars.VisuCreationDate,,,jrc220714_pv_Bruker,phantom,jrc220714_pv_Bruker,,Bruker BioSpec 7T,1559,DICOM regenerated by Dicomifier 2.5.3 (+ gjesus3 workarounds) from the ParaVision 2dseq before ingest,"phantom study (phantom / QC, Q2); phantom / QC study (Q2): no project, as July's jrc phantoms; MRI platform archive backup_7T_olddata_260824/2022_pv6/20220714_155921_jrc220714_pv_Bruker_1_1.tar.gz (SHA-1 afcd7de16914ea6ba8e0f3a8b57c683a30f805c3); DICOM regenerated by Dicomifier 2.5.3 (+ gjesus3 workarounds) from the ParaVision 2dseq before ingest; operator pending claim (historical MRI, STATUS 0.5 Hold)"
20220714_155921_jrc220714_pv_Bruker_1_1/5,"2022-07-14T16:14:30,301+0200",visu_pars.VisuCreationDate,,,jrc220714_pv_Bruker,phantom,jrc220714_pv_Bruker,,Bruker BioSpec 7T,1559,DICOM regenerated by Dicomifier 2.5.3 (+ gjesus3 workarounds) from the ParaVision 2dseq before ingest,"phantom study (phantom / QC, Q2); phantom / QC study (Q2): no project, as July's jrc phantoms; MRI platform archive backup_7T_olddata_260824/2022_pv6/20220714_155921_jrc220714_pv_Bruker_1_1.tar.gz (SHA-1 afcd7de16914ea6ba8e0f3a8b57c683a30f805c3); DICOM regenerated by Dicomifier 2.5.3 (+ gjesus3 workarounds) from the ParaVision 2dseq before ingest; operator pending claim (historical MRI, STATUS 0.5 Hold)"
20220714_155921_jrc220714_pv_Bruker_1_1/6,"2022-07-14T16:19:08,664+0200",visu_pars.VisuCreationDate,,,jrc220714_pv_Bruker,phantom,jrc220714_pv_Bruker,,Bruker BioSpec 7T,1559,DICOM regenerated by Dicomifier 2.5.3 (+ gjesus3 workarounds) from the ParaVision 2dseq before ingest,"phantom study (phantom / QC, Q2); phantom / QC study (Q2): no project, as July's jrc phantoms; MRI platform archive backup_7T_olddata_260824/2022_pv6/20220714_155921_jrc220714_pv_Bruker_1_1.tar.gz (SHA-1 afcd7de16914ea6ba8e0f3a8b57c683a30f805c3); DICOM regenerated by Dicomifier 2.5.3 (+ gjesus3 workarounds) from the ParaVision 2dseq before ingest; operator pending claim (historical MRI, STATUS 0.5 Hold)"
20220714_155921_jrc220714_pv_Bruker_1_1/7,"2022-07-14T16:22:19,793+0200",visu_pars.VisuCreationDate,,,jrc220714_pv_Bruker,phantom,jrc220714_pv_Bruker,,Bruker BioSpec 7T,1559,DICOM regenerated by Dicomifier 2.5.3 (+ gjesus3 workarounds) from the ParaVision 2dseq before ingest,"phantom study (phantom / QC, Q2); phantom / QC study (Q2): no project, as July's jrc phantoms; MRI platform archive backup_7T_olddata_260824/2022_pv6/20220714_155921_jrc220714_pv_Bruker_1_1.tar.gz (SHA-1 afcd7de16914ea6ba8e0f3a8b57c683a30f805c3); DICOM regenerated by Dicomifier 2.5.3 (+ gjesus3 workarounds) from the ParaVision 2dseq before ingest; operator pending claim (historical MRI, STATUS 0.5 Hold)"
20220714_155921_jrc220714_pv_Bruker_1_1/8,"2022-07-14T16:24:47,624+0200",visu_pars.VisuCreationDate,,,jrc220714_pv_Bruker,phantom,jrc220714_pv_Bruker,,Bruker BioSpec 7T,1559,DICOM regenerated by Dicomifier 2.5.3 (+ gjesus3 workarounds) from the ParaVision 2dseq before ingest,"phantom study (phantom / QC, Q2); phantom / QC study (Q2): no project, as July's jrc phantoms; MRI platform archive backup_7T_olddata_260824/2022_pv6/20220714_155921_jrc220714_pv_Bruker_1_1.tar.gz (SHA-1 afcd7de16914ea6ba8e0f3a8b57c683a30f805c3); DICOM regenerated by Dicomifier 2.5.3 (+ gjesus3 workarounds) from the ParaVision 2dseq before ingest; operator pending claim (historical MRI, STATUS 0.5 Hold)"
20220714_155921_jrc220714_pv_Bruker_1_1/9,"2022-07-14T16:29:12,120+0200",visu_pars.VisuCreationDate,,,jrc220714_pv_Bruker,phantom,jrc220714_pv_Bruker,,Bruker BioSpec 7T,1559,DICOM regenerated by Dicomifier 2.5.3 (+ gjesus3 workarounds) from the ParaVision 2dseq before ingest,"phantom study (phantom / QC, Q2); phantom / QC study (Q2): no project, as July's jrc phantoms; MRI platform archive backup_7T_olddata_260824/2022_pv6/20220714_155921_jrc220714_pv_Bruker_1_1.tar.gz (SHA-1 afcd7de16914ea6ba8e0f3a8b57c683a30f805c3); DICOM regenerated by Dicomifier 2.5.3 (+ gjesus3 workarounds) from the ParaVision 2dseq before ingest; operator pending claim (historical MRI, STATUS 0.5 Hold)"
20220714_155921_jrc220714_pv_Bruker_1_1/10,"2022-07-14T16:37:13,064+0200",visu_pars.VisuCreationDate,,,jrc220714_pv_Bruker,phantom,jrc220714_pv_Bruker,,Bruker BioSpec 7T,1559,DICOM regenerated by Dicomifier 2.5.3 (+ gjesus3 workarounds) from the ParaVision 2dseq before ingest,"phantom study (phantom / QC, Q2); phantom / QC study (Q2): no project, as July's jrc phantoms; MRI platform archive backup_7T_olddata_260824/2022_pv6/20220714_155921_jrc220714_pv_Bruker_1_1.tar.gz (SHA-1 afcd7de16914ea6ba8e0f3a8b57c683a30f805c3); DICOM regenerated by Dicomifier 2.5.3 (+ gjesus3 workarounds) from the ParaVision 2dseq before ingest; operator pending claim (historical MRI, STATUS 0.5 Hold)"
20220714_155921_jrc220714_pv_Bruker_1_1/11,"2022-07-14T16:42:45,878+0200",visu_pars.VisuCreationDate,,,jrc220714_pv_Bruker,phantom,jrc220714_pv_Bruker,,Bruker BioSpec 7T,1559,DICOM regenerated by Dicomifier 2.5.3 (+ gjesus3 workarounds) from the ParaVision 2dseq before ingest,"phantom study (phantom / QC, Q2); phantom / QC study (Q2): no project, as July's jrc phantoms; MRI platform archive backup_7T_olddata_260824/2022_pv6/20220714_155921_jrc220714_pv_Bruker_1_1.tar.gz (SHA-1 afcd7de16914ea6ba8e0f3a8b57c683a30f805c3); DICOM regenerated by Dicomifier 2.5.3 (+ gjesus3 workarounds) from the ParaVision 2dseq before ingest; operator pending claim (historical MRI, STATUS 0.5 Hold)"
20220714_155921_jrc220714_pv_Bruker_1_1/12,"2022-07-14T16:53:13,962+0200",visu_pars.VisuCreationDate,,,jrc220714_pv_Bruker,phantom,jrc220714_pv_Bruker,,Bruker BioSpec 7T,1559,DICOM regenerated by Dicomifier 2.5.3 (+ gjesus3 workarounds) from the ParaVision 2dseq before ingest,"phantom study (phantom / QC, Q2); phantom / QC study (Q2): no project, as July's jrc phantoms; MRI platform archive backup_7T_olddata_260824/2022_pv6/20220714_155921_jrc220714_pv_Bruker_1_1.tar.gz (SHA-1 afcd7de16914ea6ba8e0f3a8b57c683a30f805c3); DICOM regenerated by Dicomifier 2.5.3 (+ gjesus3 workarounds) from the ParaVision 2dseq before ingest; operator pending claim (historical MRI, STATUS 0.5 Hold)"
20220714_155921_jrc220714_pv_Bruker_1_1/14,"2022-07-14T16:55:19,874+0200",visu_pars.VisuCreationDate,,,jrc220714_pv_Bruker,phantom,jrc220714_pv_Bruker,,Bruker BioSpec 7T,1559,DICOM regenerated by Dicomifier 2.5.3 (+ gjesus3 workarounds) from the ParaVision 2dseq before ingest,"phantom study (phantom / QC, Q2); phantom / QC study (Q2): no project, as July's jrc phantoms; MRI platform archive backup_7T_olddata_260824/2022_pv6/20220714_155921_jrc220714_pv_Bruker_1_1.tar.gz (SHA-1 afcd7de16914ea6ba8e0f3a8b57c683a30f805c3); DICOM regenerated by Dicomifier 2.5.3 (+ gjesus3 workarounds) from the ParaVision 2dseq before ingest; operator pending claim (historical MRI, STATUS 0.5 Hold)"
20220714_155921_jrc220714_pv_Bruker_1_1/15,"2022-07-14T16:56:53,603+0200",visu_pars.VisuCreationDate,,,jrc220714_pv_Bruker,phantom,jrc220714_pv_Bruker,,Bruker BioSpec 7T,1559,DICOM regenerated by Dicomifier 2.5.3 (+ gjesus3 workarounds) from the ParaVision 2dseq before ingest,"phantom study (phantom / QC, Q2); phantom / QC study (Q2): no project, as July's jrc phantoms; MRI platform archive backup_7T_olddata_260824/2022_pv6/20220714_155921_jrc220714_pv_Bruker_1_1.tar.gz (SHA-1 afcd7de16914ea6ba8e0f3a8b57c683a30f805c3); DICOM regenerated by Dicomifier 2.5.3 (+ gjesus3 workarounds) from the ParaVision 2dseq before ingest; operator pending claim (historical MRI, STATUS 0.5 Hold)"
20220714_155921_jrc220714_pv_Bruker_1_1/16,"2022-07-14T16:58:24,655+0200",visu_pars.VisuCreationDate,,,jrc220714_pv_Bruker,phantom,jrc220714_pv_Bruker,,Bruker BioSpec 7T,1559,DICOM regenerated by Dicomifier 2.5.3 (+ gjesus3 workarounds) from the ParaVision 2dseq before ingest,"phantom study (phantom / QC, Q2); phantom / QC study (Q2): no project, as July's jrc phantoms; MRI platform archive backup_7T_olddata_260824/2022_pv6/20220714_155921_jrc220714_pv_Bruker_1_1.tar.gz (SHA-1 afcd7de16914ea6ba8e0f3a8b57c683a30f805c3); DICOM regenerated by Dicomifier 2.5.3 (+ gjesus3 workarounds) from the ParaVision 2dseq before ingest; operator pending claim (historical MRI, STATUS 0.5 Hold)"
20220714_155921_jrc220714_pv_Bruker_1_1/17,"2022-07-14T17:00:49,481+0200",visu_pars.VisuCreationDate,,,jrc220714_pv_Bruker,phantom,jrc220714_pv_Bruker,,Bruker BioSpec 7T,1559,DICOM regenerated by Dicomifier 2.5.3 (+ gjesus3 workarounds) from the ParaVision 2dseq before ingest,"phantom study (phantom / QC, Q2); phantom / QC study (Q2): no project, as July's jrc phantoms; MRI platform archive backup_7T_olddata_260824/2022_pv6/20220714_155921_jrc220714_pv_Bruker_1_1.tar.gz (SHA-1 afcd7de16914ea6ba8e0f3a8b57c683a30f805c3); DICOM regenerated by Dicomifier 2.5.3 (+ gjesus3 workarounds) from the ParaVision 2dseq before ingest; operator pending claim (historical MRI, STATUS 0.5 Hold)"
20220714_155921_jrc220714_pv_Bruker_1_1/18,"2022-07-14T17:04:17,740+0200",visu_pars.VisuCreationDate,,,jrc220714_pv_Bruker,phantom,jrc220714_pv_Bruker,,Bruker BioSpec 7T,1559,DICOM regenerated by Dicomifier 2.5.3 (+ gjesus3 workarounds) from the ParaVision 2dseq before ingest,"phantom study (phantom / QC, Q2); phantom / QC study (Q2): no project, as July's jrc phantoms; MRI platform archive backup_7T_olddata_260824/2022_pv6/20220714_155921_jrc220714_pv_Bruker_1_1.tar.gz (SHA-1 afcd7de16914ea6ba8e0f3a8b57c683a30f805c3); DICOM regenerated by Dicomifier 2.5.3 (+ gjesus3 workarounds) from the ParaVision 2dseq before ingest; operator pending claim (historical MRI, STATUS 0.5 Hold)"
20220714_155921_jrc220714_pv_Bruker_1_1/19,"2022-07-14T17:06:39,954+0200",visu_pars.VisuCreationDate,,,jrc220714_pv_Bruker,phantom,jrc220714_pv_Bruker,,Bruker BioSpec 7T,1559,DICOM regenerated by Dicomifier 2.5.3 (+ gjesus3 workarounds) from the ParaVision 2dseq before ingest,"phantom study (phantom / QC, Q2); phantom / QC study (Q2): no project, as July's jrc phantoms; MRI platform archive backup_7T_olddata_260824/2022_pv6/20220714_155921_jrc220714_pv_Bruker_1_1.tar.gz (SHA-1 afcd7de16914ea6ba8e0f3a8b57c683a30f805c3); DICOM regenerated by Dicomifier 2.5.3 (+ gjesus3 workarounds) from the ParaVision 2dseq before ingest; operator pending claim (historical MRI, STATUS 0.5 Hold)"
20220714_155921_jrc220714_pv_Bruker_1_1/20,"2022-07-14T17:11:57,061+0200",visu_pars.VisuCreationDate,,,jrc220714_pv_Bruker,phantom,jrc220714_pv_Bruker,,Bruker BioSpec 7T,1559,DICOM regenerated by Dicomifier 2.5.3 (+ gjesus3 workarounds) from the ParaVision 2dseq before ingest,"phantom study (phantom / QC, Q2); phantom / QC study (Q2): no project, as July's jrc phantoms; MRI platform archive backup_7T_olddata_260824/2022_pv6/20220714_155921_jrc220714_pv_Bruker_1_1.tar.gz (SHA-1 afcd7de16914ea6ba8e0f3a8b57c683a30f805c3); DICOM regenerated by Dicomifier 2.5.3 (+ gjesus3 workarounds) from the ParaVision 2dseq before ingest; operator pending claim (historical MRI, STATUS 0.5 Hold)"
20220714_155921_jrc220714_pv_Bruker_1_1/21,"2022-07-14T17:17:21,113+0200",visu_pars.VisuCreationDate,,,jrc220714_pv_Bruker,phantom,jrc220714_pv_Bruker,,Bruker BioSpec 7T,1559,DICOM regenerated by Dicomifier 2.5.3 (+ gjesus3 workarounds) from the ParaVision 2dseq before ingest,"phantom study (phantom / QC, Q2); phantom / QC study (Q2): no project, as July's jrc phantoms; MRI platform archive backup_7T_olddata_260824/2022_pv6/20220714_155921_jrc220714_pv_Bruker_1_1.tar.gz (SHA-1 afcd7de16914ea6ba8e0f3a8b57c683a30f805c3); DICOM regenerated by Dicomifier 2.5.3 (+ gjesus3 workarounds) from the ParaVision 2dseq before ingest; operator pending claim (historical MRI, STATUS 0.5 Hold)"
20220714_155921_jrc220714_pv_Bruker_1_1/23,"2022-07-14T17:31:12,344+0200",visu_pars.VisuCreationDate,,,jrc220714_pv_Bruker,phantom,jrc220714_pv_Bruker,,Bruker BioSpec 7T,1559,DICOM regenerated by Dicomifier 2.5.3 (+ gjesus3 workarounds) from the ParaVision 2dseq before ingest,"phantom study (phantom / QC, Q2); phantom / QC study (Q2): no project, as July's jrc phantoms; MRI platform archive backup_7T_olddata_260824/2022_pv6/20220714_155921_jrc220714_pv_Bruker_1_1.tar.gz (SHA-1 afcd7de16914ea6ba8e0f3a8b57c683a30f805c3); DICOM regenerated by Dicomifier 2.5.3 (+ gjesus3 workarounds) from the ParaVision 2dseq before ingest; operator pending claim (historical MRI, STATUS 0.5 Hold)"
20220715_151615_jrc220714_fantomFlow3_1_1/2,"2022-07-15T15:22:01,657+0200",visu_pars.VisuCreationDate,,,jrc220714_fantomFlow3,phantom,jrc220714_fantomFlow3,,Bruker BioSpec 7T,1516,DICOM regenerated by Dicomifier 2.5.3 (+ gjesus3 workarounds) from the ParaVision 2dseq before ingest,"phantom study (phantom / QC, Q2); phantom / QC study (Q2): no project, as July's jrc phantoms; MRI platform archive backup_7T_olddata_260824/2022_pv6/20220715_151615_jrc220714_fantomFlow3_1_1.tar.gz (SHA-1 0edfb96682a56fd23a28644e28fcc3cea92b330c); DICOM regenerated by Dicomifier 2.5.3 (+ gjesus3 workarounds) from the ParaVision 2dseq before ingest; operator pending claim (historical MRI, STATUS 0.5 Hold)"
20220715_151615_jrc220714_fantomFlow3_1_1/5,"2022-07-15T15:24:43,287+0200",visu_pars.VisuCreationDate,,,jrc220714_fantomFlow3,phantom,jrc220714_fantomFlow3,,Bruker BioSpec 7T,1516,DICOM regenerated by Dicomifier 2.5.3 (+ gjesus3 workarounds) from the ParaVision 2dseq before ingest,"phantom study (phantom / QC, Q2); phantom / QC study (Q2): no project, as July's jrc phantoms; MRI platform archive backup_7T_olddata_260824/2022_pv6/20220715_151615_jrc220714_fantomFlow3_1_1.tar.gz (SHA-1 0edfb96682a56fd23a28644e28fcc3cea92b330c); DICOM regenerated by Dicomifier 2.5.3 (+ gjesus3 workarounds) from the ParaVision 2dseq before ingest; operator pending claim (historical MRI, STATUS 0.5 Hold)"
20220715_151615_jrc220714_fantomFlow3_1_1/10,"2022-07-15T15:46:25,786+0200",visu_pars.VisuCreationDate,,,jrc220714_fantomFlow3,phantom,jrc220714_fantomFlow3,,Bruker BioSpec 7T,1516,DICOM regenerated by Dicomifier 2.5.3 (+ gjesus3 workarounds) from the ParaVision 2dseq before ingest,"phantom study (phantom / QC, Q2); phantom / QC study (Q2): no project, as July's jrc phantoms; MRI platform archive backup_7T_olddata_260824/2022_pv6/20220715_151615_jrc220714_fantomFlow3_1_1.tar.gz (SHA-1 0edfb96682a56fd23a28644e28fcc3cea92b330c); DICOM regenerated by Dicomifier 2.5.3 (+ gjesus3 workarounds) from the ParaVision 2dseq before ingest; operator pending claim (historical MRI, STATUS 0.5 Hold)"
20220715_151615_jrc220714_fantomFlow3_1_1/11,"2022-07-15T15:53:30,863+0200",visu_pars.VisuCreationDate,,,jrc220714_fantomFlow3,phantom,jrc220714_fantomFlow3,,Bruker BioSpec 7T,1516,DICOM regenerated by Dicomifier 2.5.3 (+ gjesus3 workarounds) from the ParaVision 2dseq before ingest,"phantom study (phantom / QC, Q2); phantom / QC study (Q2): no project, as July's jrc phantoms; MRI platform archive backup_7T_olddata_260824/2022_pv6/20220715_151615_jrc220714_fantomFlow3_1_1.tar.gz (SHA-1 0edfb96682a56fd23a28644e28fcc3cea92b330c); DICOM regenerated by Dicomifier 2.5.3 (+ gjesus3 workarounds) from the ParaVision 2dseq before ingest; operator pending claim (historical MRI, STATUS 0.5 Hold)"
20220715_151615_jrc220714_fantomFlow3_1_1/13,"2022-07-15T16:03:46,578+0200",visu_pars.VisuCreationDate,,,jrc220714_fantomFlow3,phantom,jrc220714_fantomFlow3,,Bruker BioSpec 7T,1516,DICOM regenerated by Dicomifier 2.5.3 (+ gjesus3 workarounds) from the ParaVision 2dseq before ingest,"phantom study (phantom / QC, Q2); phantom / QC study (Q2): no project, as July's jrc phantoms; MRI platform archive backup_7T_olddata_260824/2022_pv6/20220715_151615_jrc220714_fantomFlow3_1_1.tar.gz (SHA-1 0edfb96682a56fd23a28644e28fcc3cea92b330c); DICOM regenerated by Dicomifier 2.5.3 (+ gjesus3 workarounds) from the ParaVision 2dseq before ingest; operator pending claim (historical MRI, STATUS 0.5 Hold)"
20220715_151615_jrc220714_fantomFlow3_1_1/14,"2022-07-15T15:57:32,056+0200",visu_pars.VisuCreationDate,,,jrc220714_fantomFlow3,phantom,jrc220714_fantomFlow3,,Bruker BioSpec 7T,1516,DICOM regenerated by Dicomifier 2.5.3 (+ gjesus3 workarounds) from the ParaVision 2dseq before ingest,"phantom study (phantom / QC, Q2); phantom / QC study (Q2): no project, as July's jrc phantoms; MRI platform archive backup_7T_olddata_260824/2022_pv6/20220715_151615_jrc220714_fantomFlow3_1_1.tar.gz (SHA-1 0edfb96682a56fd23a28644e28fcc3cea92b330c); DICOM regenerated by Dicomifier 2.5.3 (+ gjesus3 workarounds) from the ParaVision 2dseq before ingest; operator pending claim (historical MRI, STATUS 0.5 Hold)"
20220715_151615_jrc220714_fantomFlow3_1_1/17,"2022-07-15T16:06:36,649+0200",visu_pars.VisuCreationDate,,,jrc220714_fantomFlow3,phantom,jrc220714_fantomFlow3,,Bruker BioSpec 7T,1516,DICOM regenerated by Dicomifier 2.5.3 (+ gjesus3 workarounds) from the ParaVision 2dseq before ingest,"phantom study (phantom / QC, Q2); phantom / QC study (Q2): no project, as July's jrc phantoms; MRI platform archive backup_7T_olddata_260824/2022_pv6/20220715_151615_jrc220714_fantomFlow3_1_1.tar.gz (SHA-1 0edfb96682a56fd23a28644e28fcc3cea92b330c); DICOM regenerated by Dicomifier 2.5.3 (+ gjesus3 workarounds) from the ParaVision 2dseq before ingest; operator pending claim (historical MRI, STATUS 0.5 Hold)"
20220919_171543_jrc220919_phantom_jrc220919_phantom_1_1/2,"2022-09-19T17:21:13,836+0200",visu_pars.VisuCreationDate,,,jrc220919_phantom,phantom,jrc220919_phantom,,Bruker BioSpec 7T,1715,DICOM regenerated by Dicomifier 2.5.3 (+ gjesus3 workarounds) from the ParaVision 2dseq before ingest,"phantom study (phantom / QC, Q2); phantom / QC study (Q2): no project, as July's jrc phantoms; MRI platform archive backup_7T_olddata_260824/2022_PV6_PV7/20220919_171543_jrc220919_phantom_jrc220919_phantom_1_1.tar.xz (SHA-1 f783b787941cc1d943309f185b348b0d8629b989); DICOM regenerated by Dicomifier 2.5.3 (+ gjesus3 workarounds) from the ParaVision 2dseq before ingest; operator pending claim (historical MRI, STATUS 0.5 Hold)"
20220919_171543_jrc220919_phantom_jrc220919_phantom_1_1/3,"2022-09-19T17:52:26,958+0200",visu_pars.VisuCreationDate,,,jrc220919_phantom,phantom,jrc220919_phantom,,Bruker BioSpec 7T,1715,DICOM regenerated by Dicomifier 2.5.3 (+ gjesus3 workarounds) from the ParaVision 2dseq before ingest,"phantom study (phantom / QC, Q2); phantom / QC study (Q2): no project, as July's jrc phantoms; MRI platform archive backup_7T_olddata_260824/2022_PV6_PV7/20220919_171543_jrc220919_phantom_jrc220919_phantom_1_1.tar.xz (SHA-1 f783b787941cc1d943309f185b348b0d8629b989); DICOM regenerated by Dicomifier 2.5.3 (+ gjesus3 workarounds) from the ParaVision 2dseq before ingest; operator pending claim (historical MRI, STATUS 0.5 Hold)"
20220919_171543_jrc220919_phantom_jrc220919_phantom_1_1/4,"2022-09-19T17:57:39,143+0200",visu_pars.VisuCreationDate,,,jrc220919_phantom,phantom,jrc220919_phantom,,Bruker BioSpec 7T,1715,DICOM regenerated by Dicomifier 2.5.3 (+ gjesus3 workarounds) from the ParaVision 2dseq before ingest,"phantom study (phantom / QC, Q2); phantom / QC study (Q2): no project, as July's jrc phantoms; MRI platform archive backup_7T_olddata_260824/2022_PV6_PV7/20220919_171543_jrc220919_phantom_jrc220919_phantom_1_1.tar.xz (SHA-1 f783b787941cc1d943309f185b348b0d8629b989); DICOM regenerated by Dicomifier 2.5.3 (+ gjesus3 workarounds) from the ParaVision 2dseq before ingest; operator pending claim (historical MRI, STATUS 0.5 Hold)"
20220919_171543_jrc220919_phantom_jrc220919_phantom_1_1/5,"2022-09-19T17:58:46,231+0200",visu_pars.VisuCreationDate,,,jrc220919_phantom,phantom,jrc220919_phantom,,Bruker BioSpec 7T,1715,DICOM regenerated by Dicomifier 2.5.3 (+ gjesus3 workarounds) from the ParaVision 2dseq before ingest,"phantom study (phantom / QC, Q2); phantom / QC study (Q2): no project, as July's jrc phantoms; MRI platform archive backup_7T_olddata_260824/2022_PV6_PV7/20220919_171543_jrc220919_phantom_jrc220919_phantom_1_1.tar.xz (SHA-1 f783b787941cc1d943309f185b348b0d8629b989); DICOM regenerated by Dicomifier 2.5.3 (+ gjesus3 workarounds) from the ParaVision 2dseq before ingest; operator pending claim (historical MRI, STATUS 0.5 Hold)"
20221011_173933_jrc221011_Palm_BRUK_array_1_1/5,"2022-10-11T17:59:33,219+0200",visu_pars.VisuCreationDate,,,jrc221011_Palm_BRUK_array,phantom,jrc221011_Palm_BRUK_array,,Bruker BioSpec 7T,1739,DICOM regenerated by Dicomifier 2.5.3 (+ gjesus3 workarounds) from the ParaVision 2dseq before ingest,"phantom study (phantom / QC, Q2); phantom / QC study (Q2): no project, as July's jrc phantoms; MRI platform archive backup_7T_olddata_260824/2022_pv6/20221011_173933_jrc221011_Palm_BRUK_array_1_1.tar.gz (SHA-1 9eb87d503f9426d3de51b098e843860ee49626bc); DICOM regenerated by Dicomifier 2.5.3 (+ gjesus3 workarounds) from the ParaVision 2dseq before ingest; operator pending claim (historical MRI, STATUS 0.5 Hold)"
20221011_173933_jrc221011_Palm_BRUK_array_1_1/8,"2022-10-11T18:03:14,897+0200",visu_pars.VisuCreationDate,,,jrc221011_Palm_BRUK_array,phantom,jrc221011_Palm_BRUK_array,,Bruker BioSpec 7T,1739,DICOM regenerated by Dicomifier 2.5.3 (+ gjesus3 workarounds) from the ParaVision 2dseq before ingest,"phantom study (phantom / QC, Q2); phantom / QC study (Q2): no project, as July's jrc phantoms; MRI platform archive backup_7T_olddata_260824/2022_pv6/20221011_173933_jrc221011_Palm_BRUK_array_1_1.tar.gz (SHA-1 9eb87d503f9426d3de51b098e843860ee49626bc); DICOM regenerated by Dicomifier 2.5.3 (+ gjesus3 workarounds) from the ParaVision 2dseq before ingest; operator pending claim (historical MRI, STATUS 0.5 Hold)"
20221011_173933_jrc221011_Palm_BRUK_array_1_1/9,"2022-10-11T18:05:20,034+0200",visu_pars.VisuCreationDate,,,jrc221011_Palm_BRUK_array,phantom,jrc221011_Palm_BRUK_array,,Bruker BioSpec 7T,1739,DICOM regenerated by Dicomifier 2.5.3 (+ gjesus3 workarounds) from the ParaVision 2dseq before ingest,"phantom study (phantom / QC, Q2); phantom / QC study (Q2): no project, as July's jrc phantoms; MRI platform archive backup_7T_olddata_260824/2022_pv6/20221011_173933_jrc221011_Palm_BRUK_array_1_1.tar.gz (SHA-1 9eb87d503f9426d3de51b098e843860ee49626bc); DICOM regenerated by Dicomifier 2.5.3 (+ gjesus3 workarounds) from the ParaVision 2dseq before ingest; operator pending claim (historical MRI, STATUS 0.5 Hold)"
20221011_173933_jrc221011_Palm_BRUK_array_1_1/10,"2022-10-11T18:09:21,018+0200",visu_pars.VisuCreationDate,,,jrc221011_Palm_BRUK_array,phantom,jrc221011_Palm_BRUK_array,,Bruker BioSpec 7T,1739,DICOM regenerated by Dicomifier 2.5.3 (+ gjesus3 workarounds) from the ParaVision 2dseq before ingest,"phantom study (phantom / QC, Q2); phantom / QC study (Q2): no project, as July's jrc phantoms; MRI platform archive backup_7T_olddata_260824/2022_pv6/20221011_173933_jrc221011_Palm_BRUK_array_1_1.tar.gz (SHA-1 9eb87d503f9426d3de51b098e843860ee49626bc); DICOM regenerated by Dicomifier 2.5.3 (+ gjesus3 workarounds) from the ParaVision 2dseq before ingest; operator pending claim (historical MRI, STATUS 0.5 Hold)"
20221014_132934_jrc221014_Manon_33D_jrc221014_Manon_33D_1_1/2,"2022-10-14T13:38:20,691+0200",visu_pars.VisuCreationDate,,,jrc221014_Manon_33D,phantom,jrc221014_Manon_33D,,Bruker BioSpec 7T,1329,DICOM regenerated by Dicomifier 2.5.3 (+ gjesus3 workarounds) from the ParaVision 2dseq before ingest,"phantom study (phantom / QC, Q2); phantom / QC study (Q2): no project, as July's jrc phantoms; MRI platform archive backup_7T_olddata_260824/2022_PV6_PV7/20221014_132934_jrc221014_Manon_33D_jrc221014_Manon_33D_1_1.tar.xz (SHA-1 2943ca8398bfc1c6ee85dd56352084949839f1f9); DICOM regenerated by Dicomifier 2.5.3 (+ gjesus3 workarounds) from the ParaVision 2dseq before ingest; operator pending claim (historical MRI, STATUS 0.5 Hold)"
20221014_132934_jrc221014_Manon_33D_jrc221014_Manon_33D_1_1/3,"2022-10-14T13:39:49,960+0200",visu_pars.VisuCreationDate,,,jrc221014_Manon_33D,phantom,jrc221014_Manon_33D,,Bruker BioSpec 7T,1329,DICOM regenerated by Dicomifier 2.5.3 (+ gjesus3 workarounds) from the ParaVision 2dseq before ingest,"phantom study (phantom / QC, Q2); phantom / QC study (Q2): no project, as July's jrc phantoms; MRI platform archive backup_7T_olddata_260824/2022_PV6_PV7/20221014_132934_jrc221014_Manon_33D_jrc221014_Manon_33D_1_1.tar.xz (SHA-1 2943ca8398bfc1c6ee85dd56352084949839f1f9); DICOM regenerated by Dicomifier 2.5.3 (+ gjesus3 workarounds) from the ParaVision 2dseq before ingest; operator pending claim (historical MRI, STATUS 0.5 Hold)"
20221014_132934_jrc221014_Manon_33D_jrc221014_Manon_33D_1_1/6,"2022-10-14T16:12:45,346+0200",visu_pars.VisuCreationDate,,,jrc221014_Manon_33D,phantom,jrc221014_Manon_33D,,Bruker BioSpec 7T,1329,DICOM regenerated by Dicomifier 2.5.3 (+ gjesus3 workarounds) from the ParaVision 2dseq before ingest,"phantom study (phantom / QC, Q2); phantom / QC study (Q2): no project, as July's jrc phantoms; MRI platform archive backup_7T_olddata_260824/2022_PV6_PV7/20221014_132934_jrc221014_Manon_33D_jrc221014_Manon_33D_1_1.tar.xz (SHA-1 2943ca8398bfc1c6ee85dd56352084949839f1f9); DICOM regenerated by Dicomifier 2.5.3 (+ gjesus3 workarounds) from the ParaVision 2dseq before ingest; operator pending claim (historical MRI, STATUS 0.5 Hold)"
20221014_132934_jrc221014_Manon_33D_jrc221014_Manon_33D_1_1/7,"2022-10-14T15:17:46,894+0200",visu_pars.VisuCreationDate,,,jrc221014_Manon_33D,phantom,jrc221014_Manon_33D,,Bruker BioSpec 7T,1329,DICOM regenerated by Dicomifier 2.5.3 (+ gjesus3 workarounds) from the ParaVision 2dseq before ingest,"phantom study (phantom / QC, Q2); phantom / QC study (Q2): no project, as July's jrc phantoms; MRI platform archive backup_7T_olddata_260824/2022_PV6_PV7/20221014_132934_jrc221014_Manon_33D_jrc221014_Manon_33D_1_1.tar.xz (SHA-1 2943ca8398bfc1c6ee85dd56352084949839f1f9); DICOM regenerated by Dicomifier 2.5.3 (+ gjesus3 workarounds) from the ParaVision 2dseq before ingest; operator pending claim (historical MRI, STATUS 0.5 Hold)"
20221028_133013_jrc221028_Manon_Car_Mn_IONP_33D35A_phantom__1_1/1,"2022-10-28T13:42:14,076+0200",visu_pars.VisuCreationDate,,,jrc221028_Manon_Car_Mn_IONP_33D35A_phantom_,phantom,jrc221028_Manon_Car_Mn_IONP_33D35A_phantom_,,Bruker BioSpec 7T,1330,DICOM regenerated by Dicomifier 2.5.3 (+ gjesus3 workarounds) from the ParaVision 2dseq before ingest,"phantom study (phantom / QC, Q2); phantom / QC study (Q2): no project, as July's jrc phantoms; MRI platform archive backup_7T_olddata_260824/2022_PV6_PV7/20221028_133013_jrc221028_Manon_Car_Mn_IONP_33D35A_phantom__1_1.tar.xz (SHA-1 5ff4f12932dd5633d62a0d3480ab5c5bff0a503f); DICOM regenerated by Dicomifier 2.5.3 (+ gjesus3 workarounds) from the ParaVision 2dseq before ingest; operator pending claim (historical MRI, STATUS 0.5 Hold)"
20221028_133013_jrc221028_Manon_Car_Mn_IONP_33D35A_phantom__1_1/3,"2022-10-28T14:40:18,681+0200",visu_pars.VisuCreationDate,,,jrc221028_Manon_Car_Mn_IONP_33D35A_phantom_,phantom,jrc221028_Manon_Car_Mn_IONP_33D35A_phantom_,,Bruker BioSpec 7T,1330,DICOM regenerated by Dicomifier 2.5.3 (+ gjesus3 workarounds) from the ParaVision 2dseq before ingest,"phantom study (phantom / QC, Q2); phantom / QC study (Q2): no project, as July's jrc phantoms; MRI platform archive backup_7T_olddata_260824/2022_PV6_PV7/20221028_133013_jrc221028_Manon_Car_Mn_IONP_33D35A_phantom__1_1.tar.xz (SHA-1 5ff4f12932dd5633d62a0d3480ab5c5bff0a503f); DICOM regenerated by Dicomifier 2.5.3 (+ gjesus3 workarounds) from the ParaVision 2dseq before ingest; operator pending claim (historical MRI, STATUS 0.5 Hold)"
20221028_133013_jrc221028_Manon_Car_Mn_IONP_33D35A_phantom__1_1/4,"2022-10-28T16:15:58,294+0200",visu_pars.VisuCreationDate,,,jrc221028_Manon_Car_Mn_IONP_33D35A_phantom_,phantom,jrc221028_Manon_Car_Mn_IONP_33D35A_phantom_,,Bruker BioSpec 7T,1330,DICOM regenerated by Dicomifier 2.5.3 (+ gjesus3 workarounds) from the ParaVision 2dseq before ingest,"phantom study (phantom / QC, Q2); phantom / QC study (Q2): no project, as July's jrc phantoms; MRI platform archive backup_7T_olddata_260824/2022_PV6_PV7/20221028_133013_jrc221028_Manon_Car_Mn_IONP_33D35A_phantom__1_1.tar.xz (SHA-1 5ff4f12932dd5633d62a0d3480ab5c5bff0a503f); DICOM regenerated by Dicomifier 2.5.3 (+ gjesus3 workarounds) from the ParaVision 2dseq before ingest; operator pending claim (historical MRI, STATUS 0.5 Hold)"
20221031_085749_jrc221028_Manon_ULV_IONP_34B_phantom_jrc221_1_1/2,"2022-10-31T09:12:35,571+0100",visu_pars.VisuCreationDate,,,jrc221028_Manon_ULV_IONP_34B_phantom_jrc221,phantom,jrc221028_Manon_ULV_IONP_34B_phantom_jrc221,,Bruker BioSpec 7T,0857,DICOM regenerated by Dicomifier 2.5.3 (+ gjesus3 workarounds) from the ParaVision 2dseq before ingest,"phantom study (phantom / QC, Q2); phantom / QC study (Q2): no project, as July's jrc phantoms; MRI platform archive backup_7T_olddata_260824/2022_PV6_PV7/20221031_085749_jrc221028_Manon_ULV_IONP_34B_phantom_jrc221_1_1.tar.xz (SHA-1 44e2cae1bd706c25de02b703e7da9c4ce459ba77); DICOM regenerated by Dicomifier 2.5.3 (+ gjesus3 workarounds) from the ParaVision 2dseq before ingest; operator pending claim (historical MRI, STATUS 0.5 Hold)"
20221031_085749_jrc221028_Manon_ULV_IONP_34B_phantom_jrc221_1_1/3,"2022-10-31T10:08:59,409+0100",visu_pars.VisuCreationDate,,,jrc221028_Manon_ULV_IONP_34B_phantom_jrc221,phantom,jrc221028_Manon_ULV_IONP_34B_phantom_jrc221,,Bruker BioSpec 7T,0857,DICOM regenerated by Dicomifier 2.5.3 (+ gjesus3 workarounds) from the ParaVision 2dseq before ingest,"phantom study (phantom / QC, Q2); phantom / QC study (Q2): no project, as July's jrc phantoms; MRI platform archive backup_7T_olddata_260824/2022_PV6_PV7/20221031_085749_jrc221028_Manon_ULV_IONP_34B_phantom_jrc221_1_1.tar.xz (SHA-1 44e2cae1bd706c25de02b703e7da9c4ce459ba77); DICOM regenerated by Dicomifier 2.5.3 (+ gjesus3 workarounds) from the ParaVision 2dseq before ingest; operator pending claim (historical MRI, STATUS 0.5 Hold)"
20221031_085749_jrc221028_Manon_ULV_IONP_34B_phantom_jrc221_1_1/4,"2022-10-31T11:44:39,017+0100",visu_pars.VisuCreationDate,,,jrc221028_Manon_ULV_IONP_34B_phantom_jrc221,phantom,jrc221028_Manon_ULV_IONP_34B_phantom_jrc221,,Bruker BioSpec 7T,0857,DICOM regenerated by Dicomifier 2.5.3 (+ gjesus3 workarounds) from the ParaVision 2dseq before ingest,"phantom study (phantom / QC, Q2); phantom / QC study (Q2): no project, as July's jrc phantoms; MRI platform archive backup_7T_olddata_260824/2022_PV6_PV7/20221031_085749_jrc221028_Manon_ULV_IONP_34B_phantom_jrc221_1_1.tar.xz (SHA-1 44e2cae1bd706c25de02b703e7da9c4ce459ba77); DICOM regenerated by Dicomifier 2.5.3 (+ gjesus3 workarounds) from the ParaVision 2dseq before ingest; operator pending claim (historical MRI, STATUS 0.5 Hold)"
20221116_122137_jrc221116_Phantom_LFM_sp_mnp_jrc221116_Phan_1_1/2,"2022-11-16T12:34:55,754+0100",visu_pars.VisuCreationDate,,,jrc221116_Phantom_LFM_sp_mnp_jrc221116_Phan,phantom,jrc221116_Phantom_LFM_sp_mnp_jrc221116_Phan,,Bruker BioSpec 7T,1221,DICOM regenerated by Dicomifier 2.5.3 (+ gjesus3 workarounds) from the ParaVision 2dseq before ingest,"phantom study (phantom / QC, Q2); phantom / QC study (Q2): no project, as July's jrc phantoms; MRI platform archive backup_7T_olddata_260824/2022_PV6_PV7/20221116_122137_jrc221116_Phantom_LFM_sp_mnp_jrc221116_Phan_1_1.tar.xz (SHA-1 a0699b5adec160c63b285bbe940971f2aca654ef); DICOM regenerated by Dicomifier 2.5.3 (+ gjesus3 workarounds) from the ParaVision 2dseq before ingest; operator pending claim (historical MRI, STATUS 0.5 Hold)"
20221116_122137_jrc221116_Phantom_LFM_sp_mnp_jrc221116_Phan_1_1/4,"2022-11-16T13:31:39,867+0100",visu_pars.VisuCreationDate,,,jrc221116_Phantom_LFM_sp_mnp_jrc221116_Phan,phantom,jrc221116_Phantom_LFM_sp_mnp_jrc221116_Phan,,Bruker BioSpec 7T,1221,DICOM regenerated by Dicomifier 2.5.3 (+ gjesus3 workarounds) from the ParaVision 2dseq before ingest,"phantom study (phantom / QC, Q2); phantom / QC study (Q2): no project, as July's jrc phantoms; MRI platform archive backup_7T_olddata_260824/2022_PV6_PV7/20221116_122137_jrc221116_Phantom_LFM_sp_mnp_jrc221116_Phan_1_1.tar.xz (SHA-1 a0699b5adec160c63b285bbe940971f2aca654ef); DICOM regenerated by Dicomifier 2.5.3 (+ gjesus3 workarounds) from the ParaVision 2dseq before ingest; operator pending claim (historical MRI, STATUS 0.5 Hold)"
20221116_122137_jrc221116_Phantom_LFM_sp_mnp_jrc221116_Phan_1_1/5,"2022-11-16T15:07:19,428+0100",visu_pars.VisuCreationDate,,,jrc221116_Phantom_LFM_sp_mnp_jrc221116_Phan,phantom,jrc221116_Phantom_LFM_sp_mnp_jrc221116_Phan,,Bruker BioSpec 7T,1221,DICOM regenerated by Dicomifier 2.5.3 (+ gjesus3 workarounds) from the ParaVision 2dseq before ingest,"phantom study (phantom / QC, Q2); phantom / QC study (Q2): no project, as July's jrc phantoms; MRI platform archive backup_7T_olddata_260824/2022_PV6_PV7/20221116_122137_jrc221116_Phantom_LFM_sp_mnp_jrc221116_Phan_1_1.tar.xz (SHA-1 a0699b5adec160c63b285bbe940971f2aca654ef); DICOM regenerated by Dicomifier 2.5.3 (+ gjesus3 workarounds) from the ParaVision 2dseq before ingest; operator pending claim (historical MRI, STATUS 0.5 Hold)"
20221117_092014_jrc221116_Phantom_LFM_sp_jrc221116_Phantom__1_1/2,"2022-11-17T09:32:07,495+0100",visu_pars.VisuCreationDate,,,jrc221116_Phantom_LFM_sp_jrc221116_Phantom_,phantom,jrc221116_Phantom_LFM_sp_jrc221116_Phantom_,,Bruker BioSpec 7T,0920,DICOM regenerated by Dicomifier 2.5.3 (+ gjesus3 workarounds) from the ParaVision 2dseq before ingest,"phantom study (phantom / QC, Q2); phantom / QC study (Q2): no project, as July's jrc phantoms; MRI platform archive backup_7T_olddata_260824/2022_PV6_PV7/20221117_092014_jrc221116_Phantom_LFM_sp_jrc221116_Phantom__1_1.tar.xz (SHA-1 e1ea9158bbb2266f3914d898cb5766521b1ea6fd); DICOM regenerated by Dicomifier 2.5.3 (+ gjesus3 workarounds) from the ParaVision 2dseq before ingest; operator pending claim (historical MRI, STATUS 0.5 Hold)"
20221117_092014_jrc221116_Phantom_LFM_sp_jrc221116_Phantom__1_1/3,"2022-11-17T10:28:10,551+0100",visu_pars.VisuCreationDate,,,jrc221116_Phantom_LFM_sp_jrc221116_Phantom_,phantom,jrc221116_Phantom_LFM_sp_jrc221116_Phantom_,,Bruker BioSpec 7T,0920,DICOM regenerated by Dicomifier 2.5.3 (+ gjesus3 workarounds) from the ParaVision 2dseq before ingest,"phantom study (phantom / QC, Q2); phantom / QC study (Q2): no project, as July's jrc phantoms; MRI platform archive backup_7T_olddata_260824/2022_PV6_PV7/20221117_092014_jrc221116_Phantom_LFM_sp_jrc221116_Phantom__1_1.tar.xz (SHA-1 e1ea9158bbb2266f3914d898cb5766521b1ea6fd); DICOM regenerated by Dicomifier 2.5.3 (+ gjesus3 workarounds) from the ParaVision 2dseq before ingest; operator pending claim (historical MRI, STATUS 0.5 Hold)"
20221117_092014_jrc221116_Phantom_LFM_sp_jrc221116_Phantom__1_1/4,"2022-11-17T12:03:50,137+0100",visu_pars.VisuCreationDate,,,jrc221116_Phantom_LFM_sp_jrc221116_Phantom_,phantom,jrc221116_Phantom_LFM_sp_jrc221116_Phantom_,,Bruker BioSpec 7T,0920,DICOM regenerated by Dicomifier 2.5.3 (+ gjesus3 workarounds) from the ParaVision 2dseq before ingest,"phantom study (phantom / QC, Q2); phantom / QC study (Q2): no project, as July's jrc phantoms; MRI platform archive backup_7T_olddata_260824/2022_PV6_PV7/20221117_092014_jrc221116_Phantom_LFM_sp_jrc221116_Phantom__1_1.tar.xz (SHA-1 e1ea9158bbb2266f3914d898cb5766521b1ea6fd); DICOM regenerated by Dicomifier 2.5.3 (+ gjesus3 workarounds) from the ParaVision 2dseq before ingest; operator pending claim (historical MRI, STATUS 0.5 Hold)"
