original_name,drv_acq_datetime,drv_acq_time_source,drv_alias,drv_animal,drv_sample,drv_sample_type,drv_session,drv_project,drv_model,drv_hhmm,drv_dicom_origin,drv_note
20200107_145059_jrc200107_m6_hypx_1_1/1,"2020-01-07T14:56:59,112+0100",visu_pars.VisuCreationDate,0619,6,m6_0619,organism,jrc200107_m6_hypx,AE-biomaGUNE-0619,Bruker BioSpec 7T,1450,scanner-exported DICOM,"animal m6; protocol 0619 by the facility DB (no code in the name; one protocol holds the animal with MRI logged: Mouse; 2020-01-07:MRI); MRI platform archive backup_7T_olddata_260824/2020_pv6/20200107_145059_jrc200107_m6_hypx_1_1.tar.gz (SHA-1 1df994936949c8fd0c071ba3ea101146d60e71f1); scanner-exported DICOM; operator pending claim (historical MRI, STATUS 0.5 Hold)"
20200107_145059_jrc200107_m6_hypx_1_1/2,"2020-01-07T14:59:19,336+0100",visu_pars.VisuCreationDate,0619,6,m6_0619,organism,jrc200107_m6_hypx,AE-biomaGUNE-0619,Bruker BioSpec 7T,1450,scanner-exported DICOM,"animal m6; protocol 0619 by the facility DB (no code in the name; one protocol holds the animal with MRI logged: Mouse; 2020-01-07:MRI); MRI platform archive backup_7T_olddata_260824/2020_pv6/20200107_145059_jrc200107_m6_hypx_1_1.tar.gz (SHA-1 1df994936949c8fd0c071ba3ea101146d60e71f1); scanner-exported DICOM; operator pending claim (historical MRI, STATUS 0.5 Hold)"
20200107_145059_jrc200107_m6_hypx_1_1/3,"2020-01-07T15:00:54,460+0100",visu_pars.VisuCreationDate,0619,6,m6_0619,organism,jrc200107_m6_hypx,AE-biomaGUNE-0619,Bruker BioSpec 7T,1450,scanner-exported DICOM,"animal m6; protocol 0619 by the facility DB (no code in the name; one protocol holds the animal with MRI logged: Mouse; 2020-01-07:MRI); MRI platform archive backup_7T_olddata_260824/2020_pv6/20200107_145059_jrc200107_m6_hypx_1_1.tar.gz (SHA-1 1df994936949c8fd0c071ba3ea101146d60e71f1); scanner-exported DICOM; operator pending claim (historical MRI, STATUS 0.5 Hold)"
20200107_145059_jrc200107_m6_hypx_1_1/4,"2020-01-07T15:03:47,018+0100",visu_pars.VisuCreationDate,0619,6,m6_0619,organism,jrc200107_m6_hypx,AE-biomaGUNE-0619,Bruker BioSpec 7T,1450,scanner-exported DICOM,"animal m6; protocol 0619 by the facility DB (no code in the name; one protocol holds the animal with MRI logged: Mouse; 2020-01-07:MRI); MRI platform archive backup_7T_olddata_260824/2020_pv6/20200107_145059_jrc200107_m6_hypx_1_1.tar.gz (SHA-1 1df994936949c8fd0c071ba3ea101146d60e71f1); scanner-exported DICOM; operator pending claim (historical MRI, STATUS 0.5 Hold)"
20200107_145059_jrc200107_m6_hypx_1_1/5,"2020-01-07T15:10:34,245+0100",visu_pars.VisuCreationDate,0619,6,m6_0619,organism,jrc200107_m6_hypx,AE-biomaGUNE-0619,Bruker BioSpec 7T,1450,scanner-exported DICOM,"animal m6; protocol 0619 by the facility DB (no code in the name; one protocol holds the animal with MRI logged: Mouse; 2020-01-07:MRI); MRI platform archive backup_7T_olddata_260824/2020_pv6/20200107_145059_jrc200107_m6_hypx_1_1.tar.gz (SHA-1 1df994936949c8fd0c071ba3ea101146d60e71f1); scanner-exported DICOM; operator pending claim (historical MRI, STATUS 0.5 Hold)"
20200107_145059_jrc200107_m6_hypx_1_1/6,"2020-01-07T15:15:11,780+0100",visu_pars.VisuCreationDate,0619,6,m6_0619,organism,jrc200107_m6_hypx,AE-biomaGUNE-0619,Bruker BioSpec 7T,1450,scanner-exported DICOM,"animal m6; protocol 0619 by the facility DB (no code in the name; one protocol holds the animal with MRI logged: Mouse; 2020-01-07:MRI); MRI platform archive backup_7T_olddata_260824/2020_pv6/20200107_145059_jrc200107_m6_hypx_1_1.tar.gz (SHA-1 1df994936949c8fd0c071ba3ea101146d60e71f1); scanner-exported DICOM; operator pending claim (historical MRI, STATUS 0.5 Hold)"
20200107_145059_jrc200107_m6_hypx_1_1/7,"2020-01-07T15:19:20,983+0100",visu_pars.VisuCreationDate,0619,6,m6_0619,organism,jrc200107_m6_hypx,AE-biomaGUNE-0619,Bruker BioSpec 7T,1450,scanner-exported DICOM,"animal m6; protocol 0619 by the facility DB (no code in the name; one protocol holds the animal with MRI logged: Mouse; 2020-01-07:MRI); MRI platform archive backup_7T_olddata_260824/2020_pv6/20200107_145059_jrc200107_m6_hypx_1_1.tar.gz (SHA-1 1df994936949c8fd0c071ba3ea101146d60e71f1); scanner-exported DICOM; operator pending claim (historical MRI, STATUS 0.5 Hold)"
20200107_145059_jrc200107_m6_hypx_1_1/8,"2020-01-07T15:23:30,347+0100",visu_pars.VisuCreationDate,0619,6,m6_0619,organism,jrc200107_m6_hypx,AE-biomaGUNE-0619,Bruker BioSpec 7T,1450,scanner-exported DICOM,"animal m6; protocol 0619 by the facility DB (no code in the name; one protocol holds the animal with MRI logged: Mouse; 2020-01-07:MRI); MRI platform archive backup_7T_olddata_260824/2020_pv6/20200107_145059_jrc200107_m6_hypx_1_1.tar.gz (SHA-1 1df994936949c8fd0c071ba3ea101146d60e71f1); scanner-exported DICOM; operator pending claim (historical MRI, STATUS 0.5 Hold)"
20200107_145059_jrc200107_m6_hypx_1_1/9,"2020-01-07T15:27:39,632+0100",visu_pars.VisuCreationDate,0619,6,m6_0619,organism,jrc200107_m6_hypx,AE-biomaGUNE-0619,Bruker BioSpec 7T,1450,scanner-exported DICOM,"animal m6; protocol 0619 by the facility DB (no code in the name; one protocol holds the animal with MRI logged: Mouse; 2020-01-07:MRI); MRI platform archive backup_7T_olddata_260824/2020_pv6/20200107_145059_jrc200107_m6_hypx_1_1.tar.gz (SHA-1 1df994936949c8fd0c071ba3ea101146d60e71f1); scanner-exported DICOM; operator pending claim (historical MRI, STATUS 0.5 Hold)"
20200107_145059_jrc200107_m6_hypx_1_1/10,"2020-01-07T15:31:48,808+0100",visu_pars.VisuCreationDate,0619,6,m6_0619,organism,jrc200107_m6_hypx,AE-biomaGUNE-0619,Bruker BioSpec 7T,1450,scanner-exported DICOM,"animal m6; protocol 0619 by the facility DB (no code in the name; one protocol holds the animal with MRI logged: Mouse; 2020-01-07:MRI); MRI platform archive backup_7T_olddata_260824/2020_pv6/20200107_145059_jrc200107_m6_hypx_1_1.tar.gz (SHA-1 1df994936949c8fd0c071ba3ea101146d60e71f1); scanner-exported DICOM; operator pending claim (historical MRI, STATUS 0.5 Hold)"
20200107_145059_jrc200107_m6_hypx_1_1/11,"2020-01-07T15:35:58,102+0100",visu_pars.VisuCreationDate,0619,6,m6_0619,organism,jrc200107_m6_hypx,AE-biomaGUNE-0619,Bruker BioSpec 7T,1450,scanner-exported DICOM,"animal m6; protocol 0619 by the facility DB (no code in the name; one protocol holds the animal with MRI logged: Mouse; 2020-01-07:MRI); MRI platform archive backup_7T_olddata_260824/2020_pv6/20200107_145059_jrc200107_m6_hypx_1_1.tar.gz (SHA-1 1df994936949c8fd0c071ba3ea101146d60e71f1); scanner-exported DICOM; operator pending claim (historical MRI, STATUS 0.5 Hold)"
20200107_145059_jrc200107_m6_hypx_1_1/12,"2020-01-07T15:40:07,136+0100",visu_pars.VisuCreationDate,0619,6,m6_0619,organism,jrc200107_m6_hypx,AE-biomaGUNE-0619,Bruker BioSpec 7T,1450,scanner-exported DICOM,"animal m6; protocol 0619 by the facility DB (no code in the name; one protocol holds the animal with MRI logged: Mouse; 2020-01-07:MRI); MRI platform archive backup_7T_olddata_260824/2020_pv6/20200107_145059_jrc200107_m6_hypx_1_1.tar.gz (SHA-1 1df994936949c8fd0c071ba3ea101146d60e71f1); scanner-exported DICOM; operator pending claim (historical MRI, STATUS 0.5 Hold)"
20200107_145059_jrc200107_m6_hypx_1_1/13,"2020-01-07T15:44:16,068+0100",visu_pars.VisuCreationDate,0619,6,m6_0619,organism,jrc200107_m6_hypx,AE-biomaGUNE-0619,Bruker BioSpec 7T,1450,scanner-exported DICOM,"animal m6; protocol 0619 by the facility DB (no code in the name; one protocol holds the animal with MRI logged: Mouse; 2020-01-07:MRI); MRI platform archive backup_7T_olddata_260824/2020_pv6/20200107_145059_jrc200107_m6_hypx_1_1.tar.gz (SHA-1 1df994936949c8fd0c071ba3ea101146d60e71f1); scanner-exported DICOM; operator pending claim (historical MRI, STATUS 0.5 Hold)"
20200107_145059_jrc200107_m6_hypx_1_1/14,"2020-01-07T15:48:25,418+0100",visu_pars.VisuCreationDate,0619,6,m6_0619,organism,jrc200107_m6_hypx,AE-biomaGUNE-0619,Bruker BioSpec 7T,1450,scanner-exported DICOM,"animal m6; protocol 0619 by the facility DB (no code in the name; one protocol holds the animal with MRI logged: Mouse; 2020-01-07:MRI); MRI platform archive backup_7T_olddata_260824/2020_pv6/20200107_145059_jrc200107_m6_hypx_1_1.tar.gz (SHA-1 1df994936949c8fd0c071ba3ea101146d60e71f1); scanner-exported DICOM; operator pending claim (historical MRI, STATUS 0.5 Hold)"
20200107_145059_jrc200107_m6_hypx_1_1/15,"2020-01-07T15:52:49,034+0100",visu_pars.VisuCreationDate,0619,6,m6_0619,organism,jrc200107_m6_hypx,AE-biomaGUNE-0619,Bruker BioSpec 7T,1450,scanner-exported DICOM,"animal m6; protocol 0619 by the facility DB (no code in the name; one protocol holds the animal with MRI logged: Mouse; 2020-01-07:MRI); MRI platform archive backup_7T_olddata_260824/2020_pv6/20200107_145059_jrc200107_m6_hypx_1_1.tar.gz (SHA-1 1df994936949c8fd0c071ba3ea101146d60e71f1); scanner-exported DICOM; operator pending claim (historical MRI, STATUS 0.5 Hold)"
20200107_155535_jrc200107_m7_hypx_1_1/1,"2020-01-07T16:06:58,168+0100",visu_pars.VisuCreationDate,0619,7,m7_0619,organism,jrc200107_m7_hypx,AE-biomaGUNE-0619,Bruker BioSpec 7T,1555,scanner-exported DICOM,"animal m7; protocol 0619 by the facility DB (no code in the name; one protocol holds the animal with MRI logged: Mouse; 2020-01-07:MRI); MRI platform archive backup_7T_olddata_260824/2020_pv6/20200107_155535_jrc200107_m7_hypx_1_1.tar.gz (SHA-1 3fd09177f93d5225fb5257aba47edb8ad8acb39b); scanner-exported DICOM; operator pending claim (historical MRI, STATUS 0.5 Hold)"
20200107_155535_jrc200107_m7_hypx_1_1/3,"2020-01-07T16:09:07,858+0100",visu_pars.VisuCreationDate,0619,7,m7_0619,organism,jrc200107_m7_hypx,AE-biomaGUNE-0619,Bruker BioSpec 7T,1555,scanner-exported DICOM,"animal m7; protocol 0619 by the facility DB (no code in the name; one protocol holds the animal with MRI logged: Mouse; 2020-01-07:MRI); MRI platform archive backup_7T_olddata_260824/2020_pv6/20200107_155535_jrc200107_m7_hypx_1_1.tar.gz (SHA-1 3fd09177f93d5225fb5257aba47edb8ad8acb39b); scanner-exported DICOM; operator pending claim (historical MRI, STATUS 0.5 Hold)"
20200107_155535_jrc200107_m7_hypx_1_1/4,"2020-01-07T16:10:48,343+0100",visu_pars.VisuCreationDate,0619,7,m7_0619,organism,jrc200107_m7_hypx,AE-biomaGUNE-0619,Bruker BioSpec 7T,1555,scanner-exported DICOM,"animal m7; protocol 0619 by the facility DB (no code in the name; one protocol holds the animal with MRI logged: Mouse; 2020-01-07:MRI); MRI platform archive backup_7T_olddata_260824/2020_pv6/20200107_155535_jrc200107_m7_hypx_1_1.tar.gz (SHA-1 3fd09177f93d5225fb5257aba47edb8ad8acb39b); scanner-exported DICOM; operator pending claim (historical MRI, STATUS 0.5 Hold)"
20200107_155535_jrc200107_m7_hypx_1_1/5,"2020-01-07T16:12:45,153+0100",visu_pars.VisuCreationDate,0619,7,m7_0619,organism,jrc200107_m7_hypx,AE-biomaGUNE-0619,Bruker BioSpec 7T,1555,scanner-exported DICOM,"animal m7; protocol 0619 by the facility DB (no code in the name; one protocol holds the animal with MRI logged: Mouse; 2020-01-07:MRI); MRI platform archive backup_7T_olddata_260824/2020_pv6/20200107_155535_jrc200107_m7_hypx_1_1.tar.gz (SHA-1 3fd09177f93d5225fb5257aba47edb8ad8acb39b); scanner-exported DICOM; operator pending claim (historical MRI, STATUS 0.5 Hold)"
20200107_155535_jrc200107_m7_hypx_1_1/6,"2020-01-07T16:19:47,464+0100",visu_pars.VisuCreationDate,0619,7,m7_0619,organism,jrc200107_m7_hypx,AE-biomaGUNE-0619,Bruker BioSpec 7T,1555,scanner-exported DICOM,"animal m7; protocol 0619 by the facility DB (no code in the name; one protocol holds the animal with MRI logged: Mouse; 2020-01-07:MRI); MRI platform archive backup_7T_olddata_260824/2020_pv6/20200107_155535_jrc200107_m7_hypx_1_1.tar.gz (SHA-1 3fd09177f93d5225fb5257aba47edb8ad8acb39b); scanner-exported DICOM; operator pending claim (historical MRI, STATUS 0.5 Hold)"
20200107_155535_jrc200107_m7_hypx_1_1/7,"2020-01-07T16:24:03,517+0100",visu_pars.VisuCreationDate,0619,7,m7_0619,organism,jrc200107_m7_hypx,AE-biomaGUNE-0619,Bruker BioSpec 7T,1555,scanner-exported DICOM,"animal m7; protocol 0619 by the facility DB (no code in the name; one protocol holds the animal with MRI logged: Mouse; 2020-01-07:MRI); MRI platform archive backup_7T_olddata_260824/2020_pv6/20200107_155535_jrc200107_m7_hypx_1_1.tar.gz (SHA-1 3fd09177f93d5225fb5257aba47edb8ad8acb39b); scanner-exported DICOM; operator pending claim (historical MRI, STATUS 0.5 Hold)"
20200107_155535_jrc200107_m7_hypx_1_1/8,"2020-01-07T16:28:26,654+0100",visu_pars.VisuCreationDate,0619,7,m7_0619,organism,jrc200107_m7_hypx,AE-biomaGUNE-0619,Bruker BioSpec 7T,1555,scanner-exported DICOM,"animal m7; protocol 0619 by the facility DB (no code in the name; one protocol holds the animal with MRI logged: Mouse; 2020-01-07:MRI); MRI platform archive backup_7T_olddata_260824/2020_pv6/20200107_155535_jrc200107_m7_hypx_1_1.tar.gz (SHA-1 3fd09177f93d5225fb5257aba47edb8ad8acb39b); scanner-exported DICOM; operator pending claim (historical MRI, STATUS 0.5 Hold)"
20200107_155535_jrc200107_m7_hypx_1_1/9,"2020-01-07T16:32:32,668+0100",visu_pars.VisuCreationDate,0619,7,m7_0619,organism,jrc200107_m7_hypx,AE-biomaGUNE-0619,Bruker BioSpec 7T,1555,scanner-exported DICOM,"animal m7; protocol 0619 by the facility DB (no code in the name; one protocol holds the animal with MRI logged: Mouse; 2020-01-07:MRI); MRI platform archive backup_7T_olddata_260824/2020_pv6/20200107_155535_jrc200107_m7_hypx_1_1.tar.gz (SHA-1 3fd09177f93d5225fb5257aba47edb8ad8acb39b); scanner-exported DICOM; operator pending claim (historical MRI, STATUS 0.5 Hold)"
20200107_155535_jrc200107_m7_hypx_1_1/10,"2020-01-07T16:36:38,346+0100",visu_pars.VisuCreationDate,0619,7,m7_0619,organism,jrc200107_m7_hypx,AE-biomaGUNE-0619,Bruker BioSpec 7T,1555,scanner-exported DICOM,"animal m7; protocol 0619 by the facility DB (no code in the name; one protocol holds the animal with MRI logged: Mouse; 2020-01-07:MRI); MRI platform archive backup_7T_olddata_260824/2020_pv6/20200107_155535_jrc200107_m7_hypx_1_1.tar.gz (SHA-1 3fd09177f93d5225fb5257aba47edb8ad8acb39b); scanner-exported DICOM; operator pending claim (historical MRI, STATUS 0.5 Hold)"
20200107_155535_jrc200107_m7_hypx_1_1/11,"2020-01-07T16:40:44,334+0100",visu_pars.VisuCreationDate,0619,7,m7_0619,organism,jrc200107_m7_hypx,AE-biomaGUNE-0619,Bruker BioSpec 7T,1555,scanner-exported DICOM,"animal m7; protocol 0619 by the facility DB (no code in the name; one protocol holds the animal with MRI logged: Mouse; 2020-01-07:MRI); MRI platform archive backup_7T_olddata_260824/2020_pv6/20200107_155535_jrc200107_m7_hypx_1_1.tar.gz (SHA-1 3fd09177f93d5225fb5257aba47edb8ad8acb39b); scanner-exported DICOM; operator pending claim (historical MRI, STATUS 0.5 Hold)"
20200107_155535_jrc200107_m7_hypx_1_1/12,"2020-01-07T16:45:00,108+0100",visu_pars.VisuCreationDate,0619,7,m7_0619,organism,jrc200107_m7_hypx,AE-biomaGUNE-0619,Bruker BioSpec 7T,1555,scanner-exported DICOM,"animal m7; protocol 0619 by the facility DB (no code in the name; one protocol holds the animal with MRI logged: Mouse; 2020-01-07:MRI); MRI platform archive backup_7T_olddata_260824/2020_pv6/20200107_155535_jrc200107_m7_hypx_1_1.tar.gz (SHA-1 3fd09177f93d5225fb5257aba47edb8ad8acb39b); scanner-exported DICOM; operator pending claim (historical MRI, STATUS 0.5 Hold)"
20200107_155535_jrc200107_m7_hypx_1_1/13,"2020-01-07T16:49:05,924+0100",visu_pars.VisuCreationDate,0619,7,m7_0619,organism,jrc200107_m7_hypx,AE-biomaGUNE-0619,Bruker BioSpec 7T,1555,scanner-exported DICOM,"animal m7; protocol 0619 by the facility DB (no code in the name; one protocol holds the animal with MRI logged: Mouse; 2020-01-07:MRI); MRI platform archive backup_7T_olddata_260824/2020_pv6/20200107_155535_jrc200107_m7_hypx_1_1.tar.gz (SHA-1 3fd09177f93d5225fb5257aba47edb8ad8acb39b); scanner-exported DICOM; operator pending claim (historical MRI, STATUS 0.5 Hold)"
20200107_155535_jrc200107_m7_hypx_1_1/14,"2020-01-07T16:53:11,624+0100",visu_pars.VisuCreationDate,0619,7,m7_0619,organism,jrc200107_m7_hypx,AE-biomaGUNE-0619,Bruker BioSpec 7T,1555,scanner-exported DICOM,"animal m7; protocol 0619 by the facility DB (no code in the name; one protocol holds the animal with MRI logged: Mouse; 2020-01-07:MRI); MRI platform archive backup_7T_olddata_260824/2020_pv6/20200107_155535_jrc200107_m7_hypx_1_1.tar.gz (SHA-1 3fd09177f93d5225fb5257aba47edb8ad8acb39b); scanner-exported DICOM; operator pending claim (historical MRI, STATUS 0.5 Hold)"
20200107_155535_jrc200107_m7_hypx_1_1/15,"2020-01-07T16:57:17,271+0100",visu_pars.VisuCreationDate,0619,7,m7_0619,organism,jrc200107_m7_hypx,AE-biomaGUNE-0619,Bruker BioSpec 7T,1555,scanner-exported DICOM,"animal m7; protocol 0619 by the facility DB (no code in the name; one protocol holds the animal with MRI logged: Mouse; 2020-01-07:MRI); MRI platform archive backup_7T_olddata_260824/2020_pv6/20200107_155535_jrc200107_m7_hypx_1_1.tar.gz (SHA-1 3fd09177f93d5225fb5257aba47edb8ad8acb39b); scanner-exported DICOM; operator pending claim (historical MRI, STATUS 0.5 Hold)"
20200107_155535_jrc200107_m7_hypx_1_1/18,"2020-01-07T16:58:26,583+0100",visu_pars.VisuCreationDate,0619,7,m7_0619,organism,jrc200107_m7_hypx,AE-biomaGUNE-0619,Bruker BioSpec 7T,1555,scanner-exported DICOM,"animal m7; protocol 0619 by the facility DB (no code in the name; one protocol holds the animal with MRI logged: Mouse; 2020-01-07:MRI); MRI platform archive backup_7T_olddata_260824/2020_pv6/20200107_155535_jrc200107_m7_hypx_1_1.tar.gz (SHA-1 3fd09177f93d5225fb5257aba47edb8ad8acb39b); scanner-exported DICOM; operator pending claim (historical MRI, STATUS 0.5 Hold)"
20200107_155535_jrc200107_m7_hypx_1_1/22,"2020-01-07T17:07:39,331+0100",visu_pars.VisuCreationDate,0619,7,m7_0619,organism,jrc200107_m7_hypx,AE-biomaGUNE-0619,Bruker BioSpec 7T,1555,scanner-exported DICOM,"animal m7; protocol 0619 by the facility DB (no code in the name; one protocol holds the animal with MRI logged: Mouse; 2020-01-07:MRI); MRI platform archive backup_7T_olddata_260824/2020_pv6/20200107_155535_jrc200107_m7_hypx_1_1.tar.gz (SHA-1 3fd09177f93d5225fb5257aba47edb8ad8acb39b); scanner-exported DICOM; operator pending claim (historical MRI, STATUS 0.5 Hold)"
20200107_155535_jrc200107_m7_hypx_1_1/23,"2020-01-07T17:13:10,391+0100",visu_pars.VisuCreationDate,0619,7,m7_0619,organism,jrc200107_m7_hypx,AE-biomaGUNE-0619,Bruker BioSpec 7T,1555,scanner-exported DICOM,"animal m7; protocol 0619 by the facility DB (no code in the name; one protocol holds the animal with MRI logged: Mouse; 2020-01-07:MRI); MRI platform archive backup_7T_olddata_260824/2020_pv6/20200107_155535_jrc200107_m7_hypx_1_1.tar.gz (SHA-1 3fd09177f93d5225fb5257aba47edb8ad8acb39b); scanner-exported DICOM; operator pending claim (historical MRI, STATUS 0.5 Hold)"
20200107_155535_jrc200107_m7_hypx_1_1/25,"2020-01-07T17:21:36,560+0100",visu_pars.VisuCreationDate,0619,7,m7_0619,organism,jrc200107_m7_hypx,AE-biomaGUNE-0619,Bruker BioSpec 7T,1555,scanner-exported DICOM,"animal m7; protocol 0619 by the facility DB (no code in the name; one protocol holds the animal with MRI logged: Mouse; 2020-01-07:MRI); MRI platform archive backup_7T_olddata_260824/2020_pv6/20200107_155535_jrc200107_m7_hypx_1_1.tar.gz (SHA-1 3fd09177f93d5225fb5257aba47edb8ad8acb39b); scanner-exported DICOM; operator pending claim (historical MRI, STATUS 0.5 Hold)"
20200107_155535_jrc200107_m7_hypx_1_1/26,"2020-01-07T17:22:42,149+0100",visu_pars.VisuCreationDate,0619,7,m7_0619,organism,jrc200107_m7_hypx,AE-biomaGUNE-0619,Bruker BioSpec 7T,1555,scanner-exported DICOM,"animal m7; protocol 0619 by the facility DB (no code in the name; one protocol holds the animal with MRI logged: Mouse; 2020-01-07:MRI); MRI platform archive backup_7T_olddata_260824/2020_pv6/20200107_155535_jrc200107_m7_hypx_1_1.tar.gz (SHA-1 3fd09177f93d5225fb5257aba47edb8ad8acb39b); scanner-exported DICOM; operator pending claim (historical MRI, STATUS 0.5 Hold)"
20200108_095250_jrc200108_m11_hypx_0619_1_1/2,"2020-01-08T10:09:32,263+0100",visu_pars.VisuCreationDate,0619,11,m11_0619,organism,jrc200108_m11_hypx_0619,AE-biomaGUNE-0619,Bruker BioSpec 7T,0952,scanner-exported DICOM,"animal m11; protocol 0619 (CONFIRMED in the facility DB); MRI platform archive backup_7T_olddata_260824/2020_pv6/20200108_095250_jrc200108_m11_hypx_0619_1_1.tar.gz (SHA-1 5f9c58c18f9bc2d7918e6754d1445a0c3947209f); scanner-exported DICOM; operator pending claim (historical MRI, STATUS 0.5 Hold)"
20200108_095250_jrc200108_m11_hypx_0619_1_1/3,"2020-01-08T10:11:18,388+0100",visu_pars.VisuCreationDate,0619,11,m11_0619,organism,jrc200108_m11_hypx_0619,AE-biomaGUNE-0619,Bruker BioSpec 7T,0952,scanner-exported DICOM,"animal m11; protocol 0619 (CONFIRMED in the facility DB); MRI platform archive backup_7T_olddata_260824/2020_pv6/20200108_095250_jrc200108_m11_hypx_0619_1_1.tar.gz (SHA-1 5f9c58c18f9bc2d7918e6754d1445a0c3947209f); scanner-exported DICOM; operator pending claim (historical MRI, STATUS 0.5 Hold)"
20200108_095250_jrc200108_m11_hypx_0619_1_1/4,"2020-01-08T10:13:04,463+0100",visu_pars.VisuCreationDate,0619,11,m11_0619,organism,jrc200108_m11_hypx_0619,AE-biomaGUNE-0619,Bruker BioSpec 7T,0952,scanner-exported DICOM,"animal m11; protocol 0619 (CONFIRMED in the facility DB); MRI platform archive backup_7T_olddata_260824/2020_pv6/20200108_095250_jrc200108_m11_hypx_0619_1_1.tar.gz (SHA-1 5f9c58c18f9bc2d7918e6754d1445a0c3947209f); scanner-exported DICOM; operator pending claim (historical MRI, STATUS 0.5 Hold)"
20200108_095250_jrc200108_m11_hypx_0619_1_1/5,"2020-01-08T10:14:53,463+0100",visu_pars.VisuCreationDate,0619,11,m11_0619,organism,jrc200108_m11_hypx_0619,AE-biomaGUNE-0619,Bruker BioSpec 7T,0952,scanner-exported DICOM,"animal m11; protocol 0619 (CONFIRMED in the facility DB); MRI platform archive backup_7T_olddata_260824/2020_pv6/20200108_095250_jrc200108_m11_hypx_0619_1_1.tar.gz (SHA-1 5f9c58c18f9bc2d7918e6754d1445a0c3947209f); scanner-exported DICOM; operator pending claim (historical MRI, STATUS 0.5 Hold)"
20200108_095250_jrc200108_m11_hypx_0619_1_1/6,"2020-01-08T10:20:43,718+0100",visu_pars.VisuCreationDate,0619,11,m11_0619,organism,jrc200108_m11_hypx_0619,AE-biomaGUNE-0619,Bruker BioSpec 7T,0952,scanner-exported DICOM,"animal m11; protocol 0619 (CONFIRMED in the facility DB); MRI platform archive backup_7T_olddata_260824/2020_pv6/20200108_095250_jrc200108_m11_hypx_0619_1_1.tar.gz (SHA-1 5f9c58c18f9bc2d7918e6754d1445a0c3947209f); scanner-exported DICOM; operator pending claim (historical MRI, STATUS 0.5 Hold)"
20200108_095250_jrc200108_m11_hypx_0619_1_1/7,"2020-01-08T10:24:49,565+0100",visu_pars.VisuCreationDate,0619,11,m11_0619,organism,jrc200108_m11_hypx_0619,AE-biomaGUNE-0619,Bruker BioSpec 7T,0952,scanner-exported DICOM,"animal m11; protocol 0619 (CONFIRMED in the facility DB); MRI platform archive backup_7T_olddata_260824/2020_pv6/20200108_095250_jrc200108_m11_hypx_0619_1_1.tar.gz (SHA-1 5f9c58c18f9bc2d7918e6754d1445a0c3947209f); scanner-exported DICOM; operator pending claim (historical MRI, STATUS 0.5 Hold)"
20200108_095250_jrc200108_m11_hypx_0619_1_1/9,"2020-01-08T10:49:07,608+0100",visu_pars.VisuCreationDate,0619,11,m11_0619,organism,jrc200108_m11_hypx_0619,AE-biomaGUNE-0619,Bruker BioSpec 7T,0952,scanner-exported DICOM,"animal m11; protocol 0619 (CONFIRMED in the facility DB); MRI platform archive backup_7T_olddata_260824/2020_pv6/20200108_095250_jrc200108_m11_hypx_0619_1_1.tar.gz (SHA-1 5f9c58c18f9bc2d7918e6754d1445a0c3947209f); scanner-exported DICOM; operator pending claim (historical MRI, STATUS 0.5 Hold)"
20200108_095250_jrc200108_m11_hypx_0619_1_1/10,"2020-01-08T10:53:13,195+0100",visu_pars.VisuCreationDate,0619,11,m11_0619,organism,jrc200108_m11_hypx_0619,AE-biomaGUNE-0619,Bruker BioSpec 7T,0952,scanner-exported DICOM,"animal m11; protocol 0619 (CONFIRMED in the facility DB); MRI platform archive backup_7T_olddata_260824/2020_pv6/20200108_095250_jrc200108_m11_hypx_0619_1_1.tar.gz (SHA-1 5f9c58c18f9bc2d7918e6754d1445a0c3947209f); scanner-exported DICOM; operator pending claim (historical MRI, STATUS 0.5 Hold)"
20200108_095250_jrc200108_m11_hypx_0619_1_1/11,"2020-01-08T10:57:19,057+0100",visu_pars.VisuCreationDate,0619,11,m11_0619,organism,jrc200108_m11_hypx_0619,AE-biomaGUNE-0619,Bruker BioSpec 7T,0952,scanner-exported DICOM,"animal m11; protocol 0619 (CONFIRMED in the facility DB); MRI platform archive backup_7T_olddata_260824/2020_pv6/20200108_095250_jrc200108_m11_hypx_0619_1_1.tar.gz (SHA-1 5f9c58c18f9bc2d7918e6754d1445a0c3947209f); scanner-exported DICOM; operator pending claim (historical MRI, STATUS 0.5 Hold)"
20200108_095250_jrc200108_m11_hypx_0619_1_1/12,"2020-01-08T11:01:28,214+0100",visu_pars.VisuCreationDate,0619,11,m11_0619,organism,jrc200108_m11_hypx_0619,AE-biomaGUNE-0619,Bruker BioSpec 7T,0952,scanner-exported DICOM,"animal m11; protocol 0619 (CONFIRMED in the facility DB); MRI platform archive backup_7T_olddata_260824/2020_pv6/20200108_095250_jrc200108_m11_hypx_0619_1_1.tar.gz (SHA-1 5f9c58c18f9bc2d7918e6754d1445a0c3947209f); scanner-exported DICOM; operator pending claim (historical MRI, STATUS 0.5 Hold)"
20200108_095250_jrc200108_m11_hypx_0619_1_1/14,"2020-01-08T11:09:39,881+0100",visu_pars.VisuCreationDate,0619,11,m11_0619,organism,jrc200108_m11_hypx_0619,AE-biomaGUNE-0619,Bruker BioSpec 7T,0952,scanner-exported DICOM,"animal m11; protocol 0619 (CONFIRMED in the facility DB); MRI platform archive backup_7T_olddata_260824/2020_pv6/20200108_095250_jrc200108_m11_hypx_0619_1_1.tar.gz (SHA-1 5f9c58c18f9bc2d7918e6754d1445a0c3947209f); scanner-exported DICOM; operator pending claim (historical MRI, STATUS 0.5 Hold)"
20200108_095250_jrc200108_m11_hypx_0619_1_1/15,"2020-01-08T11:13:45,487+0100",visu_pars.VisuCreationDate,0619,11,m11_0619,organism,jrc200108_m11_hypx_0619,AE-biomaGUNE-0619,Bruker BioSpec 7T,0952,scanner-exported DICOM,"animal m11; protocol 0619 (CONFIRMED in the facility DB); MRI platform archive backup_7T_olddata_260824/2020_pv6/20200108_095250_jrc200108_m11_hypx_0619_1_1.tar.gz (SHA-1 5f9c58c18f9bc2d7918e6754d1445a0c3947209f); scanner-exported DICOM; operator pending claim (historical MRI, STATUS 0.5 Hold)"
20200108_095250_jrc200108_m11_hypx_0619_1_1/16,"2020-01-08T11:17:52,620+0100",visu_pars.VisuCreationDate,0619,11,m11_0619,organism,jrc200108_m11_hypx_0619,AE-biomaGUNE-0619,Bruker BioSpec 7T,0952,scanner-exported DICOM,"animal m11; protocol 0619 (CONFIRMED in the facility DB); MRI platform archive backup_7T_olddata_260824/2020_pv6/20200108_095250_jrc200108_m11_hypx_0619_1_1.tar.gz (SHA-1 5f9c58c18f9bc2d7918e6754d1445a0c3947209f); scanner-exported DICOM; operator pending claim (historical MRI, STATUS 0.5 Hold)"
20200108_095250_jrc200108_m11_hypx_0619_1_1/17,"2020-01-08T10:44:56,402+0100",visu_pars.VisuCreationDate,0619,11,m11_0619,organism,jrc200108_m11_hypx_0619,AE-biomaGUNE-0619,Bruker BioSpec 7T,0952,scanner-exported DICOM,"animal m11; protocol 0619 (CONFIRMED in the facility DB); MRI platform archive backup_7T_olddata_260824/2020_pv6/20200108_095250_jrc200108_m11_hypx_0619_1_1.tar.gz (SHA-1 5f9c58c18f9bc2d7918e6754d1445a0c3947209f); scanner-exported DICOM; operator pending claim (historical MRI, STATUS 0.5 Hold)"
20200108_095250_jrc200108_m11_hypx_0619_1_1/20,"2020-01-08T11:28:25,477+0100",visu_pars.VisuCreationDate,0619,11,m11_0619,organism,jrc200108_m11_hypx_0619,AE-biomaGUNE-0619,Bruker BioSpec 7T,0952,scanner-exported DICOM,"animal m11; protocol 0619 (CONFIRMED in the facility DB); MRI platform archive backup_7T_olddata_260824/2020_pv6/20200108_095250_jrc200108_m11_hypx_0619_1_1.tar.gz (SHA-1 5f9c58c18f9bc2d7918e6754d1445a0c3947209f); scanner-exported DICOM; operator pending claim (historical MRI, STATUS 0.5 Hold)"
20200108_095250_jrc200108_m11_hypx_0619_1_1/23,"2020-01-08T11:22:26,859+0100",visu_pars.VisuCreationDate,0619,11,m11_0619,organism,jrc200108_m11_hypx_0619,AE-biomaGUNE-0619,Bruker BioSpec 7T,0952,scanner-exported DICOM,"animal m11; protocol 0619 (CONFIRMED in the facility DB); MRI platform archive backup_7T_olddata_260824/2020_pv6/20200108_095250_jrc200108_m11_hypx_0619_1_1.tar.gz (SHA-1 5f9c58c18f9bc2d7918e6754d1445a0c3947209f); scanner-exported DICOM; operator pending claim (historical MRI, STATUS 0.5 Hold)"
20200108_113351_jrc200108_m12_hypx_1_1/1,"2020-01-08T11:38:25,119+0100",visu_pars.VisuCreationDate,0619,12,m12_0619,organism,jrc200108_m12_hypx,AE-biomaGUNE-0619,Bruker BioSpec 7T,1133,scanner-exported DICOM,"animal m12; protocol 0619 by the facility DB (no code in the name; one protocol holds the animal with MRI logged: Mouse; 2020-01-08:MRI); MRI platform archive backup_7T_olddata_260824/2020_pv6/20200108_113351_jrc200108_m12_hypx_1_1.tar.gz (SHA-1 afba7852dd2d6528783a5b3c233bfbb3dc78b8e2); scanner-exported DICOM; operator pending claim (historical MRI, STATUS 0.5 Hold)"
20200108_113351_jrc200108_m12_hypx_1_1/2,"2020-01-08T11:40:22,819+0100",visu_pars.VisuCreationDate,0619,12,m12_0619,organism,jrc200108_m12_hypx,AE-biomaGUNE-0619,Bruker BioSpec 7T,1133,scanner-exported DICOM,"animal m12; protocol 0619 by the facility DB (no code in the name; one protocol holds the animal with MRI logged: Mouse; 2020-01-08:MRI); MRI platform archive backup_7T_olddata_260824/2020_pv6/20200108_113351_jrc200108_m12_hypx_1_1.tar.gz (SHA-1 afba7852dd2d6528783a5b3c233bfbb3dc78b8e2); scanner-exported DICOM; operator pending claim (historical MRI, STATUS 0.5 Hold)"
20200108_113351_jrc200108_m12_hypx_1_1/3,"2020-01-08T11:41:43,345+0100",visu_pars.VisuCreationDate,0619,12,m12_0619,organism,jrc200108_m12_hypx,AE-biomaGUNE-0619,Bruker BioSpec 7T,1133,scanner-exported DICOM,"animal m12; protocol 0619 by the facility DB (no code in the name; one protocol holds the animal with MRI logged: Mouse; 2020-01-08:MRI); MRI platform archive backup_7T_olddata_260824/2020_pv6/20200108_113351_jrc200108_m12_hypx_1_1.tar.gz (SHA-1 afba7852dd2d6528783a5b3c233bfbb3dc78b8e2); scanner-exported DICOM; operator pending claim (historical MRI, STATUS 0.5 Hold)"
20200108_113351_jrc200108_m12_hypx_1_1/4,"2020-01-08T11:43:11,314+0100",visu_pars.VisuCreationDate,0619,12,m12_0619,organism,jrc200108_m12_hypx,AE-biomaGUNE-0619,Bruker BioSpec 7T,1133,scanner-exported DICOM,"animal m12; protocol 0619 by the facility DB (no code in the name; one protocol holds the animal with MRI logged: Mouse; 2020-01-08:MRI); MRI platform archive backup_7T_olddata_260824/2020_pv6/20200108_113351_jrc200108_m12_hypx_1_1.tar.gz (SHA-1 afba7852dd2d6528783a5b3c233bfbb3dc78b8e2); scanner-exported DICOM; operator pending claim (historical MRI, STATUS 0.5 Hold)"
20200108_113351_jrc200108_m12_hypx_1_1/5,"2020-01-08T11:49:21,523+0100",visu_pars.VisuCreationDate,0619,12,m12_0619,organism,jrc200108_m12_hypx,AE-biomaGUNE-0619,Bruker BioSpec 7T,1133,scanner-exported DICOM,"animal m12; protocol 0619 by the facility DB (no code in the name; one protocol holds the animal with MRI logged: Mouse; 2020-01-08:MRI); MRI platform archive backup_7T_olddata_260824/2020_pv6/20200108_113351_jrc200108_m12_hypx_1_1.tar.gz (SHA-1 afba7852dd2d6528783a5b3c233bfbb3dc78b8e2); scanner-exported DICOM; operator pending claim (historical MRI, STATUS 0.5 Hold)"
20200108_113351_jrc200108_m12_hypx_1_1/6,"2020-01-08T11:53:27,129+0100",visu_pars.VisuCreationDate,0619,12,m12_0619,organism,jrc200108_m12_hypx,AE-biomaGUNE-0619,Bruker BioSpec 7T,1133,scanner-exported DICOM,"animal m12; protocol 0619 by the facility DB (no code in the name; one protocol holds the animal with MRI logged: Mouse; 2020-01-08:MRI); MRI platform archive backup_7T_olddata_260824/2020_pv6/20200108_113351_jrc200108_m12_hypx_1_1.tar.gz (SHA-1 afba7852dd2d6528783a5b3c233bfbb3dc78b8e2); scanner-exported DICOM; operator pending claim (historical MRI, STATUS 0.5 Hold)"
20200108_113351_jrc200108_m12_hypx_1_1/7,"2020-01-08T11:57:32,881+0100",visu_pars.VisuCreationDate,0619,12,m12_0619,organism,jrc200108_m12_hypx,AE-biomaGUNE-0619,Bruker BioSpec 7T,1133,scanner-exported DICOM,"animal m12; protocol 0619 by the facility DB (no code in the name; one protocol holds the animal with MRI logged: Mouse; 2020-01-08:MRI); MRI platform archive backup_7T_olddata_260824/2020_pv6/20200108_113351_jrc200108_m12_hypx_1_1.tar.gz (SHA-1 afba7852dd2d6528783a5b3c233bfbb3dc78b8e2); scanner-exported DICOM; operator pending claim (historical MRI, STATUS 0.5 Hold)"
20200108_113351_jrc200108_m12_hypx_1_1/8,"2020-01-08T12:01:38,719+0100",visu_pars.VisuCreationDate,0619,12,m12_0619,organism,jrc200108_m12_hypx,AE-biomaGUNE-0619,Bruker BioSpec 7T,1133,scanner-exported DICOM,"animal m12; protocol 0619 by the facility DB (no code in the name; one protocol holds the animal with MRI logged: Mouse; 2020-01-08:MRI); MRI platform archive backup_7T_olddata_260824/2020_pv6/20200108_113351_jrc200108_m12_hypx_1_1.tar.gz (SHA-1 afba7852dd2d6528783a5b3c233bfbb3dc78b8e2); scanner-exported DICOM; operator pending claim (historical MRI, STATUS 0.5 Hold)"
20200108_113351_jrc200108_m12_hypx_1_1/9,"2020-01-08T12:05:44,714+0100",visu_pars.VisuCreationDate,0619,12,m12_0619,organism,jrc200108_m12_hypx,AE-biomaGUNE-0619,Bruker BioSpec 7T,1133,scanner-exported DICOM,"animal m12; protocol 0619 by the facility DB (no code in the name; one protocol holds the animal with MRI logged: Mouse; 2020-01-08:MRI); MRI platform archive backup_7T_olddata_260824/2020_pv6/20200108_113351_jrc200108_m12_hypx_1_1.tar.gz (SHA-1 afba7852dd2d6528783a5b3c233bfbb3dc78b8e2); scanner-exported DICOM; operator pending claim (historical MRI, STATUS 0.5 Hold)"
20200108_113351_jrc200108_m12_hypx_1_1/10,"2020-01-08T12:09:50,221+0100",visu_pars.VisuCreationDate,0619,12,m12_0619,organism,jrc200108_m12_hypx,AE-biomaGUNE-0619,Bruker BioSpec 7T,1133,scanner-exported DICOM,"animal m12; protocol 0619 by the facility DB (no code in the name; one protocol holds the animal with MRI logged: Mouse; 2020-01-08:MRI); MRI platform archive backup_7T_olddata_260824/2020_pv6/20200108_113351_jrc200108_m12_hypx_1_1.tar.gz (SHA-1 afba7852dd2d6528783a5b3c233bfbb3dc78b8e2); scanner-exported DICOM; operator pending claim (historical MRI, STATUS 0.5 Hold)"
20200108_113351_jrc200108_m12_hypx_1_1/11,"2020-01-08T12:13:55,917+0100",visu_pars.VisuCreationDate,0619,12,m12_0619,organism,jrc200108_m12_hypx,AE-biomaGUNE-0619,Bruker BioSpec 7T,1133,scanner-exported DICOM,"animal m12; protocol 0619 by the facility DB (no code in the name; one protocol holds the animal with MRI logged: Mouse; 2020-01-08:MRI); MRI platform archive backup_7T_olddata_260824/2020_pv6/20200108_113351_jrc200108_m12_hypx_1_1.tar.gz (SHA-1 afba7852dd2d6528783a5b3c233bfbb3dc78b8e2); scanner-exported DICOM; operator pending claim (historical MRI, STATUS 0.5 Hold)"
20200108_113351_jrc200108_m12_hypx_1_1/12,"2020-01-08T12:18:01,807+0100",visu_pars.VisuCreationDate,0619,12,m12_0619,organism,jrc200108_m12_hypx,AE-biomaGUNE-0619,Bruker BioSpec 7T,1133,scanner-exported DICOM,"animal m12; protocol 0619 by the facility DB (no code in the name; one protocol holds the animal with MRI logged: Mouse; 2020-01-08:MRI); MRI platform archive backup_7T_olddata_260824/2020_pv6/20200108_113351_jrc200108_m12_hypx_1_1.tar.gz (SHA-1 afba7852dd2d6528783a5b3c233bfbb3dc78b8e2); scanner-exported DICOM; operator pending claim (historical MRI, STATUS 0.5 Hold)"
20200108_113351_jrc200108_m12_hypx_1_1/13,"2020-01-08T12:22:07,671+0100",visu_pars.VisuCreationDate,0619,12,m12_0619,organism,jrc200108_m12_hypx,AE-biomaGUNE-0619,Bruker BioSpec 7T,1133,scanner-exported DICOM,"animal m12; protocol 0619 by the facility DB (no code in the name; one protocol holds the animal with MRI logged: Mouse; 2020-01-08:MRI); MRI platform archive backup_7T_olddata_260824/2020_pv6/20200108_113351_jrc200108_m12_hypx_1_1.tar.gz (SHA-1 afba7852dd2d6528783a5b3c233bfbb3dc78b8e2); scanner-exported DICOM; operator pending claim (historical MRI, STATUS 0.5 Hold)"
20200108_113351_jrc200108_m12_hypx_1_1/15,"2020-01-08T12:26:13,511+0100",visu_pars.VisuCreationDate,0619,12,m12_0619,organism,jrc200108_m12_hypx,AE-biomaGUNE-0619,Bruker BioSpec 7T,1133,scanner-exported DICOM,"animal m12; protocol 0619 by the facility DB (no code in the name; one protocol holds the animal with MRI logged: Mouse; 2020-01-08:MRI); MRI platform archive backup_7T_olddata_260824/2020_pv6/20200108_113351_jrc200108_m12_hypx_1_1.tar.gz (SHA-1 afba7852dd2d6528783a5b3c233bfbb3dc78b8e2); scanner-exported DICOM; operator pending claim (historical MRI, STATUS 0.5 Hold)"
20200108_113351_jrc200108_m12_hypx_1_1/17,"2020-01-08T12:33:34,323+0100",visu_pars.VisuCreationDate,0619,12,m12_0619,organism,jrc200108_m12_hypx,AE-biomaGUNE-0619,Bruker BioSpec 7T,1133,scanner-exported DICOM,"animal m12; protocol 0619 by the facility DB (no code in the name; one protocol holds the animal with MRI logged: Mouse; 2020-01-08:MRI); MRI platform archive backup_7T_olddata_260824/2020_pv6/20200108_113351_jrc200108_m12_hypx_1_1.tar.gz (SHA-1 afba7852dd2d6528783a5b3c233bfbb3dc78b8e2); scanner-exported DICOM; operator pending claim (historical MRI, STATUS 0.5 Hold)"
20200108_123618_jrc200108_m13_hypx_1_1/5,"2020-01-08T12:48:18,237+0100",visu_pars.VisuCreationDate,0619,13,m13_0619,organism,jrc200108_m13_hypx,AE-biomaGUNE-0619,Bruker BioSpec 7T,1236,scanner-exported DICOM,"animal m13; protocol 0619 by the facility DB (no code in the name; one protocol holds the animal with MRI logged: Mouse; 2020-01-08:MRI); MRI platform archive backup_7T_olddata_260824/2020_pv6/20200108_123618_jrc200108_m13_hypx_1_1.tar.gz (SHA-1 157895a2ab81f935bc2ac98bf921321016a4edf0); scanner-exported DICOM; operator pending claim (historical MRI, STATUS 0.5 Hold)"
20200108_123618_jrc200108_m13_hypx_1_1/6,"2020-01-08T12:49:51,256+0100",visu_pars.VisuCreationDate,0619,13,m13_0619,organism,jrc200108_m13_hypx,AE-biomaGUNE-0619,Bruker BioSpec 7T,1236,scanner-exported DICOM,"animal m13; protocol 0619 by the facility DB (no code in the name; one protocol holds the animal with MRI logged: Mouse; 2020-01-08:MRI); MRI platform archive backup_7T_olddata_260824/2020_pv6/20200108_123618_jrc200108_m13_hypx_1_1.tar.gz (SHA-1 157895a2ab81f935bc2ac98bf921321016a4edf0); scanner-exported DICOM; operator pending claim (historical MRI, STATUS 0.5 Hold)"
20200108_123618_jrc200108_m13_hypx_1_1/7,"2020-01-08T12:51:07,413+0100",visu_pars.VisuCreationDate,0619,13,m13_0619,organism,jrc200108_m13_hypx,AE-biomaGUNE-0619,Bruker BioSpec 7T,1236,scanner-exported DICOM,"animal m13; protocol 0619 by the facility DB (no code in the name; one protocol holds the animal with MRI logged: Mouse; 2020-01-08:MRI); MRI platform archive backup_7T_olddata_260824/2020_pv6/20200108_123618_jrc200108_m13_hypx_1_1.tar.gz (SHA-1 157895a2ab81f935bc2ac98bf921321016a4edf0); scanner-exported DICOM; operator pending claim (historical MRI, STATUS 0.5 Hold)"
20200108_123618_jrc200108_m13_hypx_1_1/8,"2020-01-08T12:52:38,713+0100",visu_pars.VisuCreationDate,0619,13,m13_0619,organism,jrc200108_m13_hypx,AE-biomaGUNE-0619,Bruker BioSpec 7T,1236,scanner-exported DICOM,"animal m13; protocol 0619 by the facility DB (no code in the name; one protocol holds the animal with MRI logged: Mouse; 2020-01-08:MRI); MRI platform archive backup_7T_olddata_260824/2020_pv6/20200108_123618_jrc200108_m13_hypx_1_1.tar.gz (SHA-1 157895a2ab81f935bc2ac98bf921321016a4edf0); scanner-exported DICOM; operator pending claim (historical MRI, STATUS 0.5 Hold)"
20200108_123618_jrc200108_m13_hypx_1_1/9,"2020-01-08T12:58:10,454+0100",visu_pars.VisuCreationDate,0619,13,m13_0619,organism,jrc200108_m13_hypx,AE-biomaGUNE-0619,Bruker BioSpec 7T,1236,scanner-exported DICOM,"animal m13; protocol 0619 by the facility DB (no code in the name; one protocol holds the animal with MRI logged: Mouse; 2020-01-08:MRI); MRI platform archive backup_7T_olddata_260824/2020_pv6/20200108_123618_jrc200108_m13_hypx_1_1.tar.gz (SHA-1 157895a2ab81f935bc2ac98bf921321016a4edf0); scanner-exported DICOM; operator pending claim (historical MRI, STATUS 0.5 Hold)"
20200108_123618_jrc200108_m13_hypx_1_1/10,"2020-01-08T13:02:41,379+0100",visu_pars.VisuCreationDate,0619,13,m13_0619,organism,jrc200108_m13_hypx,AE-biomaGUNE-0619,Bruker BioSpec 7T,1236,scanner-exported DICOM,"animal m13; protocol 0619 by the facility DB (no code in the name; one protocol holds the animal with MRI logged: Mouse; 2020-01-08:MRI); MRI platform archive backup_7T_olddata_260824/2020_pv6/20200108_123618_jrc200108_m13_hypx_1_1.tar.gz (SHA-1 157895a2ab81f935bc2ac98bf921321016a4edf0); scanner-exported DICOM; operator pending claim (historical MRI, STATUS 0.5 Hold)"
20200108_123618_jrc200108_m13_hypx_1_1/11,"2020-01-08T13:06:47,317+0100",visu_pars.VisuCreationDate,0619,13,m13_0619,organism,jrc200108_m13_hypx,AE-biomaGUNE-0619,Bruker BioSpec 7T,1236,scanner-exported DICOM,"animal m13; protocol 0619 by the facility DB (no code in the name; one protocol holds the animal with MRI logged: Mouse; 2020-01-08:MRI); MRI platform archive backup_7T_olddata_260824/2020_pv6/20200108_123618_jrc200108_m13_hypx_1_1.tar.gz (SHA-1 157895a2ab81f935bc2ac98bf921321016a4edf0); scanner-exported DICOM; operator pending claim (historical MRI, STATUS 0.5 Hold)"
20200108_123618_jrc200108_m13_hypx_1_1/12,"2020-01-08T13:10:53,000+0100",visu_pars.VisuCreationDate,0619,13,m13_0619,organism,jrc200108_m13_hypx,AE-biomaGUNE-0619,Bruker BioSpec 7T,1236,scanner-exported DICOM,"animal m13; protocol 0619 by the facility DB (no code in the name; one protocol holds the animal with MRI logged: Mouse; 2020-01-08:MRI); MRI platform archive backup_7T_olddata_260824/2020_pv6/20200108_123618_jrc200108_m13_hypx_1_1.tar.gz (SHA-1 157895a2ab81f935bc2ac98bf921321016a4edf0); scanner-exported DICOM; operator pending claim (historical MRI, STATUS 0.5 Hold)"
20200108_123618_jrc200108_m13_hypx_1_1/13,"2020-01-08T13:14:58,794+0100",visu_pars.VisuCreationDate,0619,13,m13_0619,organism,jrc200108_m13_hypx,AE-biomaGUNE-0619,Bruker BioSpec 7T,1236,scanner-exported DICOM,"animal m13; protocol 0619 by the facility DB (no code in the name; one protocol holds the animal with MRI logged: Mouse; 2020-01-08:MRI); MRI platform archive backup_7T_olddata_260824/2020_pv6/20200108_123618_jrc200108_m13_hypx_1_1.tar.gz (SHA-1 157895a2ab81f935bc2ac98bf921321016a4edf0); scanner-exported DICOM; operator pending claim (historical MRI, STATUS 0.5 Hold)"
20200108_123618_jrc200108_m13_hypx_1_1/14,"2020-01-08T13:19:04,624+0100",visu_pars.VisuCreationDate,0619,13,m13_0619,organism,jrc200108_m13_hypx,AE-biomaGUNE-0619,Bruker BioSpec 7T,1236,scanner-exported DICOM,"animal m13; protocol 0619 by the facility DB (no code in the name; one protocol holds the animal with MRI logged: Mouse; 2020-01-08:MRI); MRI platform archive backup_7T_olddata_260824/2020_pv6/20200108_123618_jrc200108_m13_hypx_1_1.tar.gz (SHA-1 157895a2ab81f935bc2ac98bf921321016a4edf0); scanner-exported DICOM; operator pending claim (historical MRI, STATUS 0.5 Hold)"
20200108_123618_jrc200108_m13_hypx_1_1/15,"2020-01-08T13:23:10,327+0100",visu_pars.VisuCreationDate,0619,13,m13_0619,organism,jrc200108_m13_hypx,AE-biomaGUNE-0619,Bruker BioSpec 7T,1236,scanner-exported DICOM,"animal m13; protocol 0619 by the facility DB (no code in the name; one protocol holds the animal with MRI logged: Mouse; 2020-01-08:MRI); MRI platform archive backup_7T_olddata_260824/2020_pv6/20200108_123618_jrc200108_m13_hypx_1_1.tar.gz (SHA-1 157895a2ab81f935bc2ac98bf921321016a4edf0); scanner-exported DICOM; operator pending claim (historical MRI, STATUS 0.5 Hold)"
20200108_123618_jrc200108_m13_hypx_1_1/16,"2020-01-08T13:27:16,008+0100",visu_pars.VisuCreationDate,0619,13,m13_0619,organism,jrc200108_m13_hypx,AE-biomaGUNE-0619,Bruker BioSpec 7T,1236,scanner-exported DICOM,"animal m13; protocol 0619 by the facility DB (no code in the name; one protocol holds the animal with MRI logged: Mouse; 2020-01-08:MRI); MRI platform archive backup_7T_olddata_260824/2020_pv6/20200108_123618_jrc200108_m13_hypx_1_1.tar.gz (SHA-1 157895a2ab81f935bc2ac98bf921321016a4edf0); scanner-exported DICOM; operator pending claim (historical MRI, STATUS 0.5 Hold)"
20200108_123618_jrc200108_m13_hypx_1_1/17,"2020-01-08T13:31:21,687+0100",visu_pars.VisuCreationDate,0619,13,m13_0619,organism,jrc200108_m13_hypx,AE-biomaGUNE-0619,Bruker BioSpec 7T,1236,scanner-exported DICOM,"animal m13; protocol 0619 by the facility DB (no code in the name; one protocol holds the animal with MRI logged: Mouse; 2020-01-08:MRI); MRI platform archive backup_7T_olddata_260824/2020_pv6/20200108_123618_jrc200108_m13_hypx_1_1.tar.gz (SHA-1 157895a2ab81f935bc2ac98bf921321016a4edf0); scanner-exported DICOM; operator pending claim (historical MRI, STATUS 0.5 Hold)"
20200108_123618_jrc200108_m13_hypx_1_1/18,"2020-01-08T13:35:27,639+0100",visu_pars.VisuCreationDate,0619,13,m13_0619,organism,jrc200108_m13_hypx,AE-biomaGUNE-0619,Bruker BioSpec 7T,1236,scanner-exported DICOM,"animal m13; protocol 0619 by the facility DB (no code in the name; one protocol holds the animal with MRI logged: Mouse; 2020-01-08:MRI); MRI platform archive backup_7T_olddata_260824/2020_pv6/20200108_123618_jrc200108_m13_hypx_1_1.tar.gz (SHA-1 157895a2ab81f935bc2ac98bf921321016a4edf0); scanner-exported DICOM; operator pending claim (historical MRI, STATUS 0.5 Hold)"
20200108_123618_jrc200108_m13_hypx_1_1/19,"2020-01-08T13:39:33,319+0100",visu_pars.VisuCreationDate,0619,13,m13_0619,organism,jrc200108_m13_hypx,AE-biomaGUNE-0619,Bruker BioSpec 7T,1236,scanner-exported DICOM,"animal m13; protocol 0619 by the facility DB (no code in the name; one protocol holds the animal with MRI logged: Mouse; 2020-01-08:MRI); MRI platform archive backup_7T_olddata_260824/2020_pv6/20200108_123618_jrc200108_m13_hypx_1_1.tar.gz (SHA-1 157895a2ab81f935bc2ac98bf921321016a4edf0); scanner-exported DICOM; operator pending claim (historical MRI, STATUS 0.5 Hold)"
20200108_123618_jrc200108_m13_hypx_1_1/20,"2020-01-08T13:43:42,703+0100",visu_pars.VisuCreationDate,0619,13,m13_0619,organism,jrc200108_m13_hypx,AE-biomaGUNE-0619,Bruker BioSpec 7T,1236,scanner-exported DICOM,"animal m13; protocol 0619 by the facility DB (no code in the name; one protocol holds the animal with MRI logged: Mouse; 2020-01-08:MRI); MRI platform archive backup_7T_olddata_260824/2020_pv6/20200108_123618_jrc200108_m13_hypx_1_1.tar.gz (SHA-1 157895a2ab81f935bc2ac98bf921321016a4edf0); scanner-exported DICOM; operator pending claim (historical MRI, STATUS 0.5 Hold)"
20200108_144918_jrc200108_m14_hypx_1_1/1,"2020-01-08T15:01:57,472+0100",visu_pars.VisuCreationDate,0619,14,m14_0619,organism,jrc200108_m14_hypx,AE-biomaGUNE-0619,Bruker BioSpec 7T,1449,scanner-exported DICOM,"animal m14; protocol 0619 by the facility DB (no code in the name; one protocol holds the animal with MRI logged: Mouse; 2020-01-08:MRI); MRI platform archive backup_7T_olddata_260824/2020_pv6/20200108_144918_jrc200108_m14_hypx_1_1.tar.gz (SHA-1 1ff90c648122e094b2e047e207c51c48e729a74f); scanner-exported DICOM; operator pending claim (historical MRI, STATUS 0.5 Hold)"
20200108_144918_jrc200108_m14_hypx_1_1/2,"2020-01-08T15:03:15,592+0100",visu_pars.VisuCreationDate,0619,14,m14_0619,organism,jrc200108_m14_hypx,AE-biomaGUNE-0619,Bruker BioSpec 7T,1449,scanner-exported DICOM,"animal m14; protocol 0619 by the facility DB (no code in the name; one protocol holds the animal with MRI logged: Mouse; 2020-01-08:MRI); MRI platform archive backup_7T_olddata_260824/2020_pv6/20200108_144918_jrc200108_m14_hypx_1_1.tar.gz (SHA-1 1ff90c648122e094b2e047e207c51c48e729a74f); scanner-exported DICOM; operator pending claim (historical MRI, STATUS 0.5 Hold)"
20200108_144918_jrc200108_m14_hypx_1_1/4,"2020-01-08T15:06:08,221+0100",visu_pars.VisuCreationDate,0619,14,m14_0619,organism,jrc200108_m14_hypx,AE-biomaGUNE-0619,Bruker BioSpec 7T,1449,scanner-exported DICOM,"animal m14; protocol 0619 by the facility DB (no code in the name; one protocol holds the animal with MRI logged: Mouse; 2020-01-08:MRI); MRI platform archive backup_7T_olddata_260824/2020_pv6/20200108_144918_jrc200108_m14_hypx_1_1.tar.gz (SHA-1 1ff90c648122e094b2e047e207c51c48e729a74f); scanner-exported DICOM; operator pending claim (historical MRI, STATUS 0.5 Hold)"
20200108_144918_jrc200108_m14_hypx_1_1/5,"2020-01-08T15:08:59,433+0100",visu_pars.VisuCreationDate,0619,14,m14_0619,organism,jrc200108_m14_hypx,AE-biomaGUNE-0619,Bruker BioSpec 7T,1449,scanner-exported DICOM,"animal m14; protocol 0619 by the facility DB (no code in the name; one protocol holds the animal with MRI logged: Mouse; 2020-01-08:MRI); MRI platform archive backup_7T_olddata_260824/2020_pv6/20200108_144918_jrc200108_m14_hypx_1_1.tar.gz (SHA-1 1ff90c648122e094b2e047e207c51c48e729a74f); scanner-exported DICOM; operator pending claim (historical MRI, STATUS 0.5 Hold)"
20200108_144918_jrc200108_m14_hypx_1_1/6,"2020-01-08T15:14:21,271+0100",visu_pars.VisuCreationDate,0619,14,m14_0619,organism,jrc200108_m14_hypx,AE-biomaGUNE-0619,Bruker BioSpec 7T,1449,scanner-exported DICOM,"animal m14; protocol 0619 by the facility DB (no code in the name; one protocol holds the animal with MRI logged: Mouse; 2020-01-08:MRI); MRI platform archive backup_7T_olddata_260824/2020_pv6/20200108_144918_jrc200108_m14_hypx_1_1.tar.gz (SHA-1 1ff90c648122e094b2e047e207c51c48e729a74f); scanner-exported DICOM; operator pending claim (historical MRI, STATUS 0.5 Hold)"
20200108_144918_jrc200108_m14_hypx_1_1/7,"2020-01-08T15:18:27,165+0100",visu_pars.VisuCreationDate,0619,14,m14_0619,organism,jrc200108_m14_hypx,AE-biomaGUNE-0619,Bruker BioSpec 7T,1449,scanner-exported DICOM,"animal m14; protocol 0619 by the facility DB (no code in the name; one protocol holds the animal with MRI logged: Mouse; 2020-01-08:MRI); MRI platform archive backup_7T_olddata_260824/2020_pv6/20200108_144918_jrc200108_m14_hypx_1_1.tar.gz (SHA-1 1ff90c648122e094b2e047e207c51c48e729a74f); scanner-exported DICOM; operator pending claim (historical MRI, STATUS 0.5 Hold)"
20200108_144918_jrc200108_m14_hypx_1_1/8,"2020-01-08T15:22:32,817+0100",visu_pars.VisuCreationDate,0619,14,m14_0619,organism,jrc200108_m14_hypx,AE-biomaGUNE-0619,Bruker BioSpec 7T,1449,scanner-exported DICOM,"animal m14; protocol 0619 by the facility DB (no code in the name; one protocol holds the animal with MRI logged: Mouse; 2020-01-08:MRI); MRI platform archive backup_7T_olddata_260824/2020_pv6/20200108_144918_jrc200108_m14_hypx_1_1.tar.gz (SHA-1 1ff90c648122e094b2e047e207c51c48e729a74f); scanner-exported DICOM; operator pending claim (historical MRI, STATUS 0.5 Hold)"
20200108_144918_jrc200108_m14_hypx_1_1/9,"2020-01-08T15:26:38,506+0100",visu_pars.VisuCreationDate,0619,14,m14_0619,organism,jrc200108_m14_hypx,AE-biomaGUNE-0619,Bruker BioSpec 7T,1449,scanner-exported DICOM,"animal m14; protocol 0619 by the facility DB (no code in the name; one protocol holds the animal with MRI logged: Mouse; 2020-01-08:MRI); MRI platform archive backup_7T_olddata_260824/2020_pv6/20200108_144918_jrc200108_m14_hypx_1_1.tar.gz (SHA-1 1ff90c648122e094b2e047e207c51c48e729a74f); scanner-exported DICOM; operator pending claim (historical MRI, STATUS 0.5 Hold)"
20200108_144918_jrc200108_m14_hypx_1_1/10,"2020-01-08T15:30:44,221+0100",visu_pars.VisuCreationDate,0619,14,m14_0619,organism,jrc200108_m14_hypx,AE-biomaGUNE-0619,Bruker BioSpec 7T,1449,scanner-exported DICOM,"animal m14; protocol 0619 by the facility DB (no code in the name; one protocol holds the animal with MRI logged: Mouse; 2020-01-08:MRI); MRI platform archive backup_7T_olddata_260824/2020_pv6/20200108_144918_jrc200108_m14_hypx_1_1.tar.gz (SHA-1 1ff90c648122e094b2e047e207c51c48e729a74f); scanner-exported DICOM; operator pending claim (historical MRI, STATUS 0.5 Hold)"
20200108_144918_jrc200108_m14_hypx_1_1/11,"2020-01-08T15:34:49,906+0100",visu_pars.VisuCreationDate,0619,14,m14_0619,organism,jrc200108_m14_hypx,AE-biomaGUNE-0619,Bruker BioSpec 7T,1449,scanner-exported DICOM,"animal m14; protocol 0619 by the facility DB (no code in the name; one protocol holds the animal with MRI logged: Mouse; 2020-01-08:MRI); MRI platform archive backup_7T_olddata_260824/2020_pv6/20200108_144918_jrc200108_m14_hypx_1_1.tar.gz (SHA-1 1ff90c648122e094b2e047e207c51c48e729a74f); scanner-exported DICOM; operator pending claim (historical MRI, STATUS 0.5 Hold)"
20200108_144918_jrc200108_m14_hypx_1_1/12,"2020-01-08T15:38:55,628+0100",visu_pars.VisuCreationDate,0619,14,m14_0619,organism,jrc200108_m14_hypx,AE-biomaGUNE-0619,Bruker BioSpec 7T,1449,scanner-exported DICOM,"animal m14; protocol 0619 by the facility DB (no code in the name; one protocol holds the animal with MRI logged: Mouse; 2020-01-08:MRI); MRI platform archive backup_7T_olddata_260824/2020_pv6/20200108_144918_jrc200108_m14_hypx_1_1.tar.gz (SHA-1 1ff90c648122e094b2e047e207c51c48e729a74f); scanner-exported DICOM; operator pending claim (historical MRI, STATUS 0.5 Hold)"
20200108_144918_jrc200108_m14_hypx_1_1/13,"2020-01-08T15:43:01,403+0100",visu_pars.VisuCreationDate,0619,14,m14_0619,organism,jrc200108_m14_hypx,AE-biomaGUNE-0619,Bruker BioSpec 7T,1449,scanner-exported DICOM,"animal m14; protocol 0619 by the facility DB (no code in the name; one protocol holds the animal with MRI logged: Mouse; 2020-01-08:MRI); MRI platform archive backup_7T_olddata_260824/2020_pv6/20200108_144918_jrc200108_m14_hypx_1_1.tar.gz (SHA-1 1ff90c648122e094b2e047e207c51c48e729a74f); scanner-exported DICOM; operator pending claim (historical MRI, STATUS 0.5 Hold)"
20200108_144918_jrc200108_m14_hypx_1_1/14,"2020-01-08T15:47:24,716+0100",visu_pars.VisuCreationDate,0619,14,m14_0619,organism,jrc200108_m14_hypx,AE-biomaGUNE-0619,Bruker BioSpec 7T,1449,scanner-exported DICOM,"animal m14; protocol 0619 by the facility DB (no code in the name; one protocol holds the animal with MRI logged: Mouse; 2020-01-08:MRI); MRI platform archive backup_7T_olddata_260824/2020_pv6/20200108_144918_jrc200108_m14_hypx_1_1.tar.gz (SHA-1 1ff90c648122e094b2e047e207c51c48e729a74f); scanner-exported DICOM; operator pending claim (historical MRI, STATUS 0.5 Hold)"
20200108_144918_jrc200108_m14_hypx_1_1/15,"2020-01-08T15:51:30,566+0100",visu_pars.VisuCreationDate,0619,14,m14_0619,organism,jrc200108_m14_hypx,AE-biomaGUNE-0619,Bruker BioSpec 7T,1449,scanner-exported DICOM,"animal m14; protocol 0619 by the facility DB (no code in the name; one protocol holds the animal with MRI logged: Mouse; 2020-01-08:MRI); MRI platform archive backup_7T_olddata_260824/2020_pv6/20200108_144918_jrc200108_m14_hypx_1_1.tar.gz (SHA-1 1ff90c648122e094b2e047e207c51c48e729a74f); scanner-exported DICOM; operator pending claim (historical MRI, STATUS 0.5 Hold)"
20200108_144918_jrc200108_m14_hypx_1_1/16,"2020-01-08T15:55:36,481+0100",visu_pars.VisuCreationDate,0619,14,m14_0619,organism,jrc200108_m14_hypx,AE-biomaGUNE-0619,Bruker BioSpec 7T,1449,scanner-exported DICOM,"animal m14; protocol 0619 by the facility DB (no code in the name; one protocol holds the animal with MRI logged: Mouse; 2020-01-08:MRI); MRI platform archive backup_7T_olddata_260824/2020_pv6/20200108_144918_jrc200108_m14_hypx_1_1.tar.gz (SHA-1 1ff90c648122e094b2e047e207c51c48e729a74f); scanner-exported DICOM; operator pending claim (historical MRI, STATUS 0.5 Hold)"
20200108_144918_jrc200108_m14_hypx_1_1/17,"2020-01-08T15:59:59,455+0100",visu_pars.VisuCreationDate,0619,14,m14_0619,organism,jrc200108_m14_hypx,AE-biomaGUNE-0619,Bruker BioSpec 7T,1449,scanner-exported DICOM,"animal m14; protocol 0619 by the facility DB (no code in the name; one protocol holds the animal with MRI logged: Mouse; 2020-01-08:MRI); MRI platform archive backup_7T_olddata_260824/2020_pv6/20200108_144918_jrc200108_m14_hypx_1_1.tar.gz (SHA-1 1ff90c648122e094b2e047e207c51c48e729a74f); scanner-exported DICOM; operator pending claim (historical MRI, STATUS 0.5 Hold)"
20200108_160519_jrc200108_m1_hypx_1_1/1,"2020-01-08T16:11:37,685+0100",visu_pars.VisuCreationDate,0619,1,m1_0619,organism,jrc200108_m1_hypx,AE-biomaGUNE-0619,Bruker BioSpec 7T,1605,scanner-exported DICOM,"animal m1; protocol 0619 by the facility DB (no code in the name; one protocol holds the animal with MRI logged: Mouse; 2020-01-08:MRI); MRI platform archive backup_7T_olddata_260824/2020_pv6/20200108_160519_jrc200108_m1_hypx_1_1.tar.gz (SHA-1 8e99d98c37f63151b153ba29f83bbfad3fef080c); scanner-exported DICOM; operator pending claim (historical MRI, STATUS 0.5 Hold)"
20200108_160519_jrc200108_m1_hypx_1_1/3,"2020-01-08T16:14:00,093+0100",visu_pars.VisuCreationDate,0619,1,m1_0619,organism,jrc200108_m1_hypx,AE-biomaGUNE-0619,Bruker BioSpec 7T,1605,scanner-exported DICOM,"animal m1; protocol 0619 by the facility DB (no code in the name; one protocol holds the animal with MRI logged: Mouse; 2020-01-08:MRI); MRI platform archive backup_7T_olddata_260824/2020_pv6/20200108_160519_jrc200108_m1_hypx_1_1.tar.gz (SHA-1 8e99d98c37f63151b153ba29f83bbfad3fef080c); scanner-exported DICOM; operator pending claim (historical MRI, STATUS 0.5 Hold)"
20200108_160519_jrc200108_m1_hypx_1_1/8,"2020-01-08T16:19:18,382+0100",visu_pars.VisuCreationDate,0619,1,m1_0619,organism,jrc200108_m1_hypx,AE-biomaGUNE-0619,Bruker BioSpec 7T,1605,scanner-exported DICOM,"animal m1; protocol 0619 by the facility DB (no code in the name; one protocol holds the animal with MRI logged: Mouse; 2020-01-08:MRI); MRI platform archive backup_7T_olddata_260824/2020_pv6/20200108_160519_jrc200108_m1_hypx_1_1.tar.gz (SHA-1 8e99d98c37f63151b153ba29f83bbfad3fef080c); scanner-exported DICOM; operator pending claim (historical MRI, STATUS 0.5 Hold)"
20200108_160519_jrc200108_m1_hypx_1_1/9,"2020-01-08T16:20:59,117+0100",visu_pars.VisuCreationDate,0619,1,m1_0619,organism,jrc200108_m1_hypx,AE-biomaGUNE-0619,Bruker BioSpec 7T,1605,scanner-exported DICOM,"animal m1; protocol 0619 by the facility DB (no code in the name; one protocol holds the animal with MRI logged: Mouse; 2020-01-08:MRI); MRI platform archive backup_7T_olddata_260824/2020_pv6/20200108_160519_jrc200108_m1_hypx_1_1.tar.gz (SHA-1 8e99d98c37f63151b153ba29f83bbfad3fef080c); scanner-exported DICOM; operator pending claim (historical MRI, STATUS 0.5 Hold)"
20200108_160519_jrc200108_m1_hypx_1_1/10,"2020-01-08T16:22:14,098+0100",visu_pars.VisuCreationDate,0619,1,m1_0619,organism,jrc200108_m1_hypx,AE-biomaGUNE-0619,Bruker BioSpec 7T,1605,scanner-exported DICOM,"animal m1; protocol 0619 by the facility DB (no code in the name; one protocol holds the animal with MRI logged: Mouse; 2020-01-08:MRI); MRI platform archive backup_7T_olddata_260824/2020_pv6/20200108_160519_jrc200108_m1_hypx_1_1.tar.gz (SHA-1 8e99d98c37f63151b153ba29f83bbfad3fef080c); scanner-exported DICOM; operator pending claim (historical MRI, STATUS 0.5 Hold)"
20200108_160519_jrc200108_m1_hypx_1_1/11,"2020-01-08T16:26:52,127+0100",visu_pars.VisuCreationDate,0619,1,m1_0619,organism,jrc200108_m1_hypx,AE-biomaGUNE-0619,Bruker BioSpec 7T,1605,scanner-exported DICOM,"animal m1; protocol 0619 by the facility DB (no code in the name; one protocol holds the animal with MRI logged: Mouse; 2020-01-08:MRI); MRI platform archive backup_7T_olddata_260824/2020_pv6/20200108_160519_jrc200108_m1_hypx_1_1.tar.gz (SHA-1 8e99d98c37f63151b153ba29f83bbfad3fef080c); scanner-exported DICOM; operator pending claim (historical MRI, STATUS 0.5 Hold)"
20200108_160519_jrc200108_m1_hypx_1_1/12,"2020-01-08T16:30:58,071+0100",visu_pars.VisuCreationDate,0619,1,m1_0619,organism,jrc200108_m1_hypx,AE-biomaGUNE-0619,Bruker BioSpec 7T,1605,scanner-exported DICOM,"animal m1; protocol 0619 by the facility DB (no code in the name; one protocol holds the animal with MRI logged: Mouse; 2020-01-08:MRI); MRI platform archive backup_7T_olddata_260824/2020_pv6/20200108_160519_jrc200108_m1_hypx_1_1.tar.gz (SHA-1 8e99d98c37f63151b153ba29f83bbfad3fef080c); scanner-exported DICOM; operator pending claim (historical MRI, STATUS 0.5 Hold)"
20200108_160519_jrc200108_m1_hypx_1_1/13,"2020-01-08T16:35:03,898+0100",visu_pars.VisuCreationDate,0619,1,m1_0619,organism,jrc200108_m1_hypx,AE-biomaGUNE-0619,Bruker BioSpec 7T,1605,scanner-exported DICOM,"animal m1; protocol 0619 by the facility DB (no code in the name; one protocol holds the animal with MRI logged: Mouse; 2020-01-08:MRI); MRI platform archive backup_7T_olddata_260824/2020_pv6/20200108_160519_jrc200108_m1_hypx_1_1.tar.gz (SHA-1 8e99d98c37f63151b153ba29f83bbfad3fef080c); scanner-exported DICOM; operator pending claim (historical MRI, STATUS 0.5 Hold)"
20200108_160519_jrc200108_m1_hypx_1_1/14,"2020-01-08T16:39:09,620+0100",visu_pars.VisuCreationDate,0619,1,m1_0619,organism,jrc200108_m1_hypx,AE-biomaGUNE-0619,Bruker BioSpec 7T,1605,scanner-exported DICOM,"animal m1; protocol 0619 by the facility DB (no code in the name; one protocol holds the animal with MRI logged: Mouse; 2020-01-08:MRI); MRI platform archive backup_7T_olddata_260824/2020_pv6/20200108_160519_jrc200108_m1_hypx_1_1.tar.gz (SHA-1 8e99d98c37f63151b153ba29f83bbfad3fef080c); scanner-exported DICOM; operator pending claim (historical MRI, STATUS 0.5 Hold)"
20200108_160519_jrc200108_m1_hypx_1_1/15,"2020-01-08T16:43:15,305+0100",visu_pars.VisuCreationDate,0619,1,m1_0619,organism,jrc200108_m1_hypx,AE-biomaGUNE-0619,Bruker BioSpec 7T,1605,scanner-exported DICOM,"animal m1; protocol 0619 by the facility DB (no code in the name; one protocol holds the animal with MRI logged: Mouse; 2020-01-08:MRI); MRI platform archive backup_7T_olddata_260824/2020_pv6/20200108_160519_jrc200108_m1_hypx_1_1.tar.gz (SHA-1 8e99d98c37f63151b153ba29f83bbfad3fef080c); scanner-exported DICOM; operator pending claim (historical MRI, STATUS 0.5 Hold)"
20200108_160519_jrc200108_m1_hypx_1_1/16,"2020-01-08T16:47:21,013+0100",visu_pars.VisuCreationDate,0619,1,m1_0619,organism,jrc200108_m1_hypx,AE-biomaGUNE-0619,Bruker BioSpec 7T,1605,scanner-exported DICOM,"animal m1; protocol 0619 by the facility DB (no code in the name; one protocol holds the animal with MRI logged: Mouse; 2020-01-08:MRI); MRI platform archive backup_7T_olddata_260824/2020_pv6/20200108_160519_jrc200108_m1_hypx_1_1.tar.gz (SHA-1 8e99d98c37f63151b153ba29f83bbfad3fef080c); scanner-exported DICOM; operator pending claim (historical MRI, STATUS 0.5 Hold)"
20200108_160519_jrc200108_m1_hypx_1_1/17,"2020-01-08T16:51:27,190+0100",visu_pars.VisuCreationDate,0619,1,m1_0619,organism,jrc200108_m1_hypx,AE-biomaGUNE-0619,Bruker BioSpec 7T,1605,scanner-exported DICOM,"animal m1; protocol 0619 by the facility DB (no code in the name; one protocol holds the animal with MRI logged: Mouse; 2020-01-08:MRI); MRI platform archive backup_7T_olddata_260824/2020_pv6/20200108_160519_jrc200108_m1_hypx_1_1.tar.gz (SHA-1 8e99d98c37f63151b153ba29f83bbfad3fef080c); scanner-exported DICOM; operator pending claim (historical MRI, STATUS 0.5 Hold)"
20200108_160519_jrc200108_m1_hypx_1_1/18,"2020-01-08T16:55:39,839+0100",visu_pars.VisuCreationDate,0619,1,m1_0619,organism,jrc200108_m1_hypx,AE-biomaGUNE-0619,Bruker BioSpec 7T,1605,scanner-exported DICOM,"animal m1; protocol 0619 by the facility DB (no code in the name; one protocol holds the animal with MRI logged: Mouse; 2020-01-08:MRI); MRI platform archive backup_7T_olddata_260824/2020_pv6/20200108_160519_jrc200108_m1_hypx_1_1.tar.gz (SHA-1 8e99d98c37f63151b153ba29f83bbfad3fef080c); scanner-exported DICOM; operator pending claim (historical MRI, STATUS 0.5 Hold)"
20200108_160519_jrc200108_m1_hypx_1_1/19,"2020-01-08T16:59:45,734+0100",visu_pars.VisuCreationDate,0619,1,m1_0619,organism,jrc200108_m1_hypx,AE-biomaGUNE-0619,Bruker BioSpec 7T,1605,scanner-exported DICOM,"animal m1; protocol 0619 by the facility DB (no code in the name; one protocol holds the animal with MRI logged: Mouse; 2020-01-08:MRI); MRI platform archive backup_7T_olddata_260824/2020_pv6/20200108_160519_jrc200108_m1_hypx_1_1.tar.gz (SHA-1 8e99d98c37f63151b153ba29f83bbfad3fef080c); scanner-exported DICOM; operator pending claim (historical MRI, STATUS 0.5 Hold)"
20200108_160519_jrc200108_m1_hypx_1_1/20,"2020-01-08T17:03:51,476+0100",visu_pars.VisuCreationDate,0619,1,m1_0619,organism,jrc200108_m1_hypx,AE-biomaGUNE-0619,Bruker BioSpec 7T,1605,scanner-exported DICOM,"animal m1; protocol 0619 by the facility DB (no code in the name; one protocol holds the animal with MRI logged: Mouse; 2020-01-08:MRI); MRI platform archive backup_7T_olddata_260824/2020_pv6/20200108_160519_jrc200108_m1_hypx_1_1.tar.gz (SHA-1 8e99d98c37f63151b153ba29f83bbfad3fef080c); scanner-exported DICOM; operator pending claim (historical MRI, STATUS 0.5 Hold)"
20200108_160519_jrc200108_m1_hypx_1_1/21,"2020-01-08T17:07:57,126+0100",visu_pars.VisuCreationDate,0619,1,m1_0619,organism,jrc200108_m1_hypx,AE-biomaGUNE-0619,Bruker BioSpec 7T,1605,scanner-exported DICOM,"animal m1; protocol 0619 by the facility DB (no code in the name; one protocol holds the animal with MRI logged: Mouse; 2020-01-08:MRI); MRI platform archive backup_7T_olddata_260824/2020_pv6/20200108_160519_jrc200108_m1_hypx_1_1.tar.gz (SHA-1 8e99d98c37f63151b153ba29f83bbfad3fef080c); scanner-exported DICOM; operator pending claim (historical MRI, STATUS 0.5 Hold)"
20200108_160519_jrc200108_m1_hypx_1_1/22,"2020-01-08T17:13:39,955+0100",visu_pars.VisuCreationDate,0619,1,m1_0619,organism,jrc200108_m1_hypx,AE-biomaGUNE-0619,Bruker BioSpec 7T,1605,scanner-exported DICOM,"animal m1; protocol 0619 by the facility DB (no code in the name; one protocol holds the animal with MRI logged: Mouse; 2020-01-08:MRI); MRI platform archive backup_7T_olddata_260824/2020_pv6/20200108_160519_jrc200108_m1_hypx_1_1.tar.gz (SHA-1 8e99d98c37f63151b153ba29f83bbfad3fef080c); scanner-exported DICOM; operator pending claim (historical MRI, STATUS 0.5 Hold)"
20200108_160519_jrc200108_m1_hypx_1_1/25,"2020-01-08T17:17:42,806+0100",visu_pars.VisuCreationDate,0619,1,m1_0619,organism,jrc200108_m1_hypx,AE-biomaGUNE-0619,Bruker BioSpec 7T,1605,scanner-exported DICOM,"animal m1; protocol 0619 by the facility DB (no code in the name; one protocol holds the animal with MRI logged: Mouse; 2020-01-08:MRI); MRI platform archive backup_7T_olddata_260824/2020_pv6/20200108_160519_jrc200108_m1_hypx_1_1.tar.gz (SHA-1 8e99d98c37f63151b153ba29f83bbfad3fef080c); scanner-exported DICOM; operator pending claim (historical MRI, STATUS 0.5 Hold)"
20200108_160519_jrc200108_m1_hypx_1_1/26,"2020-01-08T17:35:54,707+0100",visu_pars.VisuCreationDate,0619,1,m1_0619,organism,jrc200108_m1_hypx,AE-biomaGUNE-0619,Bruker BioSpec 7T,1605,scanner-exported DICOM,"animal m1; protocol 0619 by the facility DB (no code in the name; one protocol holds the animal with MRI logged: Mouse; 2020-01-08:MRI); MRI platform archive backup_7T_olddata_260824/2020_pv6/20200108_160519_jrc200108_m1_hypx_1_1.tar.gz (SHA-1 8e99d98c37f63151b153ba29f83bbfad3fef080c); scanner-exported DICOM; operator pending claim (historical MRI, STATUS 0.5 Hold)"
20200108_160519_jrc200108_m1_hypx_1_1/27,"2020-01-08T17:23:35,939+0100",visu_pars.VisuCreationDate,0619,1,m1_0619,organism,jrc200108_m1_hypx,AE-biomaGUNE-0619,Bruker BioSpec 7T,1605,scanner-exported DICOM,"animal m1; protocol 0619 by the facility DB (no code in the name; one protocol holds the animal with MRI logged: Mouse; 2020-01-08:MRI); MRI platform archive backup_7T_olddata_260824/2020_pv6/20200108_160519_jrc200108_m1_hypx_1_1.tar.gz (SHA-1 8e99d98c37f63151b153ba29f83bbfad3fef080c); scanner-exported DICOM; operator pending claim (historical MRI, STATUS 0.5 Hold)"
20200108_160519_jrc200108_m1_hypx_1_1/29,"2020-01-08T17:26:27,283+0100",visu_pars.VisuCreationDate,0619,1,m1_0619,organism,jrc200108_m1_hypx,AE-biomaGUNE-0619,Bruker BioSpec 7T,1605,scanner-exported DICOM,"animal m1; protocol 0619 by the facility DB (no code in the name; one protocol holds the animal with MRI logged: Mouse; 2020-01-08:MRI); MRI platform archive backup_7T_olddata_260824/2020_pv6/20200108_160519_jrc200108_m1_hypx_1_1.tar.gz (SHA-1 8e99d98c37f63151b153ba29f83bbfad3fef080c); scanner-exported DICOM; operator pending claim (historical MRI, STATUS 0.5 Hold)"
20200108_160519_jrc200108_m1_hypx_1_1/30,"2020-01-08T17:29:25,565+0100",visu_pars.VisuCreationDate,0619,1,m1_0619,organism,jrc200108_m1_hypx,AE-biomaGUNE-0619,Bruker BioSpec 7T,1605,scanner-exported DICOM,"animal m1; protocol 0619 by the facility DB (no code in the name; one protocol holds the animal with MRI logged: Mouse; 2020-01-08:MRI); MRI platform archive backup_7T_olddata_260824/2020_pv6/20200108_160519_jrc200108_m1_hypx_1_1.tar.gz (SHA-1 8e99d98c37f63151b153ba29f83bbfad3fef080c); scanner-exported DICOM; operator pending claim (historical MRI, STATUS 0.5 Hold)"
20200108_160519_jrc200108_m1_hypx_1_1/31,"2020-01-08T17:39:06,251+0100",visu_pars.VisuCreationDate,0619,1,m1_0619,organism,jrc200108_m1_hypx,AE-biomaGUNE-0619,Bruker BioSpec 7T,1605,scanner-exported DICOM,"animal m1; protocol 0619 by the facility DB (no code in the name; one protocol holds the animal with MRI logged: Mouse; 2020-01-08:MRI); MRI platform archive backup_7T_olddata_260824/2020_pv6/20200108_160519_jrc200108_m1_hypx_1_1.tar.gz (SHA-1 8e99d98c37f63151b153ba29f83bbfad3fef080c); scanner-exported DICOM; operator pending claim (historical MRI, STATUS 0.5 Hold)"
20200108_160519_jrc200108_m1_hypx_1_1/33,"2020-01-08T17:46:10,548+0100",visu_pars.VisuCreationDate,0619,1,m1_0619,organism,jrc200108_m1_hypx,AE-biomaGUNE-0619,Bruker BioSpec 7T,1605,scanner-exported DICOM,"animal m1; protocol 0619 by the facility DB (no code in the name; one protocol holds the animal with MRI logged: Mouse; 2020-01-08:MRI); MRI platform archive backup_7T_olddata_260824/2020_pv6/20200108_160519_jrc200108_m1_hypx_1_1.tar.gz (SHA-1 8e99d98c37f63151b153ba29f83bbfad3fef080c); scanner-exported DICOM; operator pending claim (historical MRI, STATUS 0.5 Hold)"
20200109_091602_jrc200109_m15_hypx_1_1/1,"2020-01-09T09:32:58,457+0100",visu_pars.VisuCreationDate,0619,15,m15_0619,organism,jrc200109_m15_hypx,AE-biomaGUNE-0619,Bruker BioSpec 7T,0916,scanner-exported DICOM,"animal m15; protocol 0619 by the facility DB (no code in the name; one protocol holds the animal with MRI logged: Mouse; 2020-01-09:MRI); MRI platform archive backup_7T_olddata_260824/2020_pv6/20200109_091602_jrc200109_m15_hypx_1_1.tar.gz (SHA-1 3d1ba9902e7a9c49af8746cc445b12f477b7e79a); scanner-exported DICOM; operator pending claim (historical MRI, STATUS 0.5 Hold)"
20200109_091602_jrc200109_m15_hypx_1_1/3,"2020-01-09T09:35:37,459+0100",visu_pars.VisuCreationDate,0619,15,m15_0619,organism,jrc200109_m15_hypx,AE-biomaGUNE-0619,Bruker BioSpec 7T,0916,scanner-exported DICOM,"animal m15; protocol 0619 by the facility DB (no code in the name; one protocol holds the animal with MRI logged: Mouse; 2020-01-09:MRI); MRI platform archive backup_7T_olddata_260824/2020_pv6/20200109_091602_jrc200109_m15_hypx_1_1.tar.gz (SHA-1 3d1ba9902e7a9c49af8746cc445b12f477b7e79a); scanner-exported DICOM; operator pending claim (historical MRI, STATUS 0.5 Hold)"
20200109_091602_jrc200109_m15_hypx_1_1/4,"2020-01-09T09:37:14,402+0100",visu_pars.VisuCreationDate,0619,15,m15_0619,organism,jrc200109_m15_hypx,AE-biomaGUNE-0619,Bruker BioSpec 7T,0916,scanner-exported DICOM,"animal m15; protocol 0619 by the facility DB (no code in the name; one protocol holds the animal with MRI logged: Mouse; 2020-01-09:MRI); MRI platform archive backup_7T_olddata_260824/2020_pv6/20200109_091602_jrc200109_m15_hypx_1_1.tar.gz (SHA-1 3d1ba9902e7a9c49af8746cc445b12f477b7e79a); scanner-exported DICOM; operator pending claim (historical MRI, STATUS 0.5 Hold)"
20200109_091602_jrc200109_m15_hypx_1_1/5,"2020-01-09T09:39:19,349+0100",visu_pars.VisuCreationDate,0619,15,m15_0619,organism,jrc200109_m15_hypx,AE-biomaGUNE-0619,Bruker BioSpec 7T,0916,scanner-exported DICOM,"animal m15; protocol 0619 by the facility DB (no code in the name; one protocol holds the animal with MRI logged: Mouse; 2020-01-09:MRI); MRI platform archive backup_7T_olddata_260824/2020_pv6/20200109_091602_jrc200109_m15_hypx_1_1.tar.gz (SHA-1 3d1ba9902e7a9c49af8746cc445b12f477b7e79a); scanner-exported DICOM; operator pending claim (historical MRI, STATUS 0.5 Hold)"
20200109_091602_jrc200109_m15_hypx_1_1/6,"2020-01-09T09:42:12,143+0100",visu_pars.VisuCreationDate,0619,15,m15_0619,organism,jrc200109_m15_hypx,AE-biomaGUNE-0619,Bruker BioSpec 7T,0916,scanner-exported DICOM,"animal m15; protocol 0619 by the facility DB (no code in the name; one protocol holds the animal with MRI logged: Mouse; 2020-01-09:MRI); MRI platform archive backup_7T_olddata_260824/2020_pv6/20200109_091602_jrc200109_m15_hypx_1_1.tar.gz (SHA-1 3d1ba9902e7a9c49af8746cc445b12f477b7e79a); scanner-exported DICOM; operator pending claim (historical MRI, STATUS 0.5 Hold)"
20200109_091602_jrc200109_m15_hypx_1_1/7,"2020-01-09T09:48:55,443+0100",visu_pars.VisuCreationDate,0619,15,m15_0619,organism,jrc200109_m15_hypx,AE-biomaGUNE-0619,Bruker BioSpec 7T,0916,scanner-exported DICOM,"animal m15; protocol 0619 by the facility DB (no code in the name; one protocol holds the animal with MRI logged: Mouse; 2020-01-09:MRI); MRI platform archive backup_7T_olddata_260824/2020_pv6/20200109_091602_jrc200109_m15_hypx_1_1.tar.gz (SHA-1 3d1ba9902e7a9c49af8746cc445b12f477b7e79a); scanner-exported DICOM; operator pending claim (historical MRI, STATUS 0.5 Hold)"
20200109_091602_jrc200109_m15_hypx_1_1/10,"2020-01-09T09:53:01,169+0100",visu_pars.VisuCreationDate,0619,15,m15_0619,organism,jrc200109_m15_hypx,AE-biomaGUNE-0619,Bruker BioSpec 7T,0916,scanner-exported DICOM,"animal m15; protocol 0619 by the facility DB (no code in the name; one protocol holds the animal with MRI logged: Mouse; 2020-01-09:MRI); MRI platform archive backup_7T_olddata_260824/2020_pv6/20200109_091602_jrc200109_m15_hypx_1_1.tar.gz (SHA-1 3d1ba9902e7a9c49af8746cc445b12f477b7e79a); scanner-exported DICOM; operator pending claim (historical MRI, STATUS 0.5 Hold)"
20200109_091602_jrc200109_m15_hypx_1_1/11,"2020-01-09T09:57:06,774+0100",visu_pars.VisuCreationDate,0619,15,m15_0619,organism,jrc200109_m15_hypx,AE-biomaGUNE-0619,Bruker BioSpec 7T,0916,scanner-exported DICOM,"animal m15; protocol 0619 by the facility DB (no code in the name; one protocol holds the animal with MRI logged: Mouse; 2020-01-09:MRI); MRI platform archive backup_7T_olddata_260824/2020_pv6/20200109_091602_jrc200109_m15_hypx_1_1.tar.gz (SHA-1 3d1ba9902e7a9c49af8746cc445b12f477b7e79a); scanner-exported DICOM; operator pending claim (historical MRI, STATUS 0.5 Hold)"
20200109_091602_jrc200109_m15_hypx_1_1/12,"2020-01-09T10:01:12,287+0100",visu_pars.VisuCreationDate,0619,15,m15_0619,organism,jrc200109_m15_hypx,AE-biomaGUNE-0619,Bruker BioSpec 7T,0916,scanner-exported DICOM,"animal m15; protocol 0619 by the facility DB (no code in the name; one protocol holds the animal with MRI logged: Mouse; 2020-01-09:MRI); MRI platform archive backup_7T_olddata_260824/2020_pv6/20200109_091602_jrc200109_m15_hypx_1_1.tar.gz (SHA-1 3d1ba9902e7a9c49af8746cc445b12f477b7e79a); scanner-exported DICOM; operator pending claim (historical MRI, STATUS 0.5 Hold)"
20200109_091602_jrc200109_m15_hypx_1_1/13,"2020-01-09T10:05:18,068+0100",visu_pars.VisuCreationDate,0619,15,m15_0619,organism,jrc200109_m15_hypx,AE-biomaGUNE-0619,Bruker BioSpec 7T,0916,scanner-exported DICOM,"animal m15; protocol 0619 by the facility DB (no code in the name; one protocol holds the animal with MRI logged: Mouse; 2020-01-09:MRI); MRI platform archive backup_7T_olddata_260824/2020_pv6/20200109_091602_jrc200109_m15_hypx_1_1.tar.gz (SHA-1 3d1ba9902e7a9c49af8746cc445b12f477b7e79a); scanner-exported DICOM; operator pending claim (historical MRI, STATUS 0.5 Hold)"
20200109_091602_jrc200109_m15_hypx_1_1/14,"2020-01-09T10:09:23,758+0100",visu_pars.VisuCreationDate,0619,15,m15_0619,organism,jrc200109_m15_hypx,AE-biomaGUNE-0619,Bruker BioSpec 7T,0916,scanner-exported DICOM,"animal m15; protocol 0619 by the facility DB (no code in the name; one protocol holds the animal with MRI logged: Mouse; 2020-01-09:MRI); MRI platform archive backup_7T_olddata_260824/2020_pv6/20200109_091602_jrc200109_m15_hypx_1_1.tar.gz (SHA-1 3d1ba9902e7a9c49af8746cc445b12f477b7e79a); scanner-exported DICOM; operator pending claim (historical MRI, STATUS 0.5 Hold)"
20200109_091602_jrc200109_m15_hypx_1_1/15,"2020-01-09T10:13:29,560+0100",visu_pars.VisuCreationDate,0619,15,m15_0619,organism,jrc200109_m15_hypx,AE-biomaGUNE-0619,Bruker BioSpec 7T,0916,scanner-exported DICOM,"animal m15; protocol 0619 by the facility DB (no code in the name; one protocol holds the animal with MRI logged: Mouse; 2020-01-09:MRI); MRI platform archive backup_7T_olddata_260824/2020_pv6/20200109_091602_jrc200109_m15_hypx_1_1.tar.gz (SHA-1 3d1ba9902e7a9c49af8746cc445b12f477b7e79a); scanner-exported DICOM; operator pending claim (historical MRI, STATUS 0.5 Hold)"
20200109_091602_jrc200109_m15_hypx_1_1/16,"2020-01-09T10:17:35,450+0100",visu_pars.VisuCreationDate,0619,15,m15_0619,organism,jrc200109_m15_hypx,AE-biomaGUNE-0619,Bruker BioSpec 7T,0916,scanner-exported DICOM,"animal m15; protocol 0619 by the facility DB (no code in the name; one protocol holds the animal with MRI logged: Mouse; 2020-01-09:MRI); MRI platform archive backup_7T_olddata_260824/2020_pv6/20200109_091602_jrc200109_m15_hypx_1_1.tar.gz (SHA-1 3d1ba9902e7a9c49af8746cc445b12f477b7e79a); scanner-exported DICOM; operator pending claim (historical MRI, STATUS 0.5 Hold)"
20200109_091602_jrc200109_m15_hypx_1_1/17,"2020-01-09T10:21:41,272+0100",visu_pars.VisuCreationDate,0619,15,m15_0619,organism,jrc200109_m15_hypx,AE-biomaGUNE-0619,Bruker BioSpec 7T,0916,scanner-exported DICOM,"animal m15; protocol 0619 by the facility DB (no code in the name; one protocol holds the animal with MRI logged: Mouse; 2020-01-09:MRI); MRI platform archive backup_7T_olddata_260824/2020_pv6/20200109_091602_jrc200109_m15_hypx_1_1.tar.gz (SHA-1 3d1ba9902e7a9c49af8746cc445b12f477b7e79a); scanner-exported DICOM; operator pending claim (historical MRI, STATUS 0.5 Hold)"
20200109_091602_jrc200109_m15_hypx_1_1/18,"2020-01-09T10:30:49,183+0100",visu_pars.VisuCreationDate,0619,15,m15_0619,organism,jrc200109_m15_hypx,AE-biomaGUNE-0619,Bruker BioSpec 7T,0916,scanner-exported DICOM,"animal m15; protocol 0619 by the facility DB (no code in the name; one protocol holds the animal with MRI logged: Mouse; 2020-01-09:MRI); MRI platform archive backup_7T_olddata_260824/2020_pv6/20200109_091602_jrc200109_m15_hypx_1_1.tar.gz (SHA-1 3d1ba9902e7a9c49af8746cc445b12f477b7e79a); scanner-exported DICOM; operator pending claim (historical MRI, STATUS 0.5 Hold)"
20200109_091602_jrc200109_m15_hypx_1_1/19,"2020-01-09T10:40:18,800+0100",visu_pars.VisuCreationDate,0619,15,m15_0619,organism,jrc200109_m15_hypx,AE-biomaGUNE-0619,Bruker BioSpec 7T,0916,scanner-exported DICOM,"animal m15; protocol 0619 by the facility DB (no code in the name; one protocol holds the animal with MRI logged: Mouse; 2020-01-09:MRI); MRI platform archive backup_7T_olddata_260824/2020_pv6/20200109_091602_jrc200109_m15_hypx_1_1.tar.gz (SHA-1 3d1ba9902e7a9c49af8746cc445b12f477b7e79a); scanner-exported DICOM; operator pending claim (historical MRI, STATUS 0.5 Hold)"
20200109_091602_jrc200109_m15_hypx_1_1/21,"2020-01-09T10:46:02,003+0100",visu_pars.VisuCreationDate,0619,15,m15_0619,organism,jrc200109_m15_hypx,AE-biomaGUNE-0619,Bruker BioSpec 7T,0916,scanner-exported DICOM,"animal m15; protocol 0619 by the facility DB (no code in the name; one protocol holds the animal with MRI logged: Mouse; 2020-01-09:MRI); MRI platform archive backup_7T_olddata_260824/2020_pv6/20200109_091602_jrc200109_m15_hypx_1_1.tar.gz (SHA-1 3d1ba9902e7a9c49af8746cc445b12f477b7e79a); scanner-exported DICOM; operator pending claim (historical MRI, STATUS 0.5 Hold)"
20200109_091602_jrc200109_m15_hypx_1_1/24,"2020-01-09T10:51:44,661+0100",visu_pars.VisuCreationDate,0619,15,m15_0619,organism,jrc200109_m15_hypx,AE-biomaGUNE-0619,Bruker BioSpec 7T,0916,scanner-exported DICOM,"animal m15; protocol 0619 by the facility DB (no code in the name; one protocol holds the animal with MRI logged: Mouse; 2020-01-09:MRI); MRI platform archive backup_7T_olddata_260824/2020_pv6/20200109_091602_jrc200109_m15_hypx_1_1.tar.gz (SHA-1 3d1ba9902e7a9c49af8746cc445b12f477b7e79a); scanner-exported DICOM; operator pending claim (historical MRI, STATUS 0.5 Hold)"
20200109_123909_jrc200109_m5_hypx_1_1/1,"2020-01-09T12:56:57,266+0100",visu_pars.VisuCreationDate,0619,5,m5_0619,organism,jrc200109_m5_hypx,AE-biomaGUNE-0619,Bruker BioSpec 7T,1239,scanner-exported DICOM,"animal m5; protocol 0619 by the facility DB (no code in the name; one protocol holds the animal with MRI logged: Mouse; 2020-01-09:MRI); MRI platform archive backup_7T_olddata_260824/2020_pv6/20200109_123909_jrc200109_m5_hypx_1_1.tar.gz (SHA-1 b3ce13f567061f2fc6488048ac861cd90ad2ddba); scanner-exported DICOM; operator pending claim (historical MRI, STATUS 0.5 Hold)"
20200109_123909_jrc200109_m5_hypx_1_1/2,"2020-01-09T12:58:19,510+0100",visu_pars.VisuCreationDate,0619,5,m5_0619,organism,jrc200109_m5_hypx,AE-biomaGUNE-0619,Bruker BioSpec 7T,1239,scanner-exported DICOM,"animal m5; protocol 0619 by the facility DB (no code in the name; one protocol holds the animal with MRI logged: Mouse; 2020-01-09:MRI); MRI platform archive backup_7T_olddata_260824/2020_pv6/20200109_123909_jrc200109_m5_hypx_1_1.tar.gz (SHA-1 b3ce13f567061f2fc6488048ac861cd90ad2ddba); scanner-exported DICOM; operator pending claim (historical MRI, STATUS 0.5 Hold)"
20200109_123909_jrc200109_m5_hypx_1_1/3,"2020-01-09T13:02:31,472+0100",visu_pars.VisuCreationDate,0619,5,m5_0619,organism,jrc200109_m5_hypx,AE-biomaGUNE-0619,Bruker BioSpec 7T,1239,scanner-exported DICOM,"animal m5; protocol 0619 by the facility DB (no code in the name; one protocol holds the animal with MRI logged: Mouse; 2020-01-09:MRI); MRI platform archive backup_7T_olddata_260824/2020_pv6/20200109_123909_jrc200109_m5_hypx_1_1.tar.gz (SHA-1 b3ce13f567061f2fc6488048ac861cd90ad2ddba); scanner-exported DICOM; operator pending claim (historical MRI, STATUS 0.5 Hold)"
20200109_123909_jrc200109_m5_hypx_1_1/14,"2020-01-09T13:22:38,152+0100",visu_pars.VisuCreationDate,0619,5,m5_0619,organism,jrc200109_m5_hypx,AE-biomaGUNE-0619,Bruker BioSpec 7T,1239,scanner-exported DICOM,"animal m5; protocol 0619 by the facility DB (no code in the name; one protocol holds the animal with MRI logged: Mouse; 2020-01-09:MRI); MRI platform archive backup_7T_olddata_260824/2020_pv6/20200109_123909_jrc200109_m5_hypx_1_1.tar.gz (SHA-1 b3ce13f567061f2fc6488048ac861cd90ad2ddba); scanner-exported DICOM; operator pending claim (historical MRI, STATUS 0.5 Hold)"
20200109_123909_jrc200109_m5_hypx_1_1/22,"2020-01-09T13:35:24,960+0100",visu_pars.VisuCreationDate,0619,5,m5_0619,organism,jrc200109_m5_hypx,AE-biomaGUNE-0619,Bruker BioSpec 7T,1239,scanner-exported DICOM,"animal m5; protocol 0619 by the facility DB (no code in the name; one protocol holds the animal with MRI logged: Mouse; 2020-01-09:MRI); MRI platform archive backup_7T_olddata_260824/2020_pv6/20200109_123909_jrc200109_m5_hypx_1_1.tar.gz (SHA-1 b3ce13f567061f2fc6488048ac861cd90ad2ddba); scanner-exported DICOM; operator pending claim (historical MRI, STATUS 0.5 Hold)"
20200109_123909_jrc200109_m5_hypx_1_1/23,"2020-01-09T13:40:24,445+0100",visu_pars.VisuCreationDate,0619,5,m5_0619,organism,jrc200109_m5_hypx,AE-biomaGUNE-0619,Bruker BioSpec 7T,1239,scanner-exported DICOM,"animal m5; protocol 0619 by the facility DB (no code in the name; one protocol holds the animal with MRI logged: Mouse; 2020-01-09:MRI); MRI platform archive backup_7T_olddata_260824/2020_pv6/20200109_123909_jrc200109_m5_hypx_1_1.tar.gz (SHA-1 b3ce13f567061f2fc6488048ac861cd90ad2ddba); scanner-exported DICOM; operator pending claim (historical MRI, STATUS 0.5 Hold)"
20200109_123909_jrc200109_m5_hypx_1_1/24,"2020-01-09T13:44:30,165+0100",visu_pars.VisuCreationDate,0619,5,m5_0619,organism,jrc200109_m5_hypx,AE-biomaGUNE-0619,Bruker BioSpec 7T,1239,scanner-exported DICOM,"animal m5; protocol 0619 by the facility DB (no code in the name; one protocol holds the animal with MRI logged: Mouse; 2020-01-09:MRI); MRI platform archive backup_7T_olddata_260824/2020_pv6/20200109_123909_jrc200109_m5_hypx_1_1.tar.gz (SHA-1 b3ce13f567061f2fc6488048ac861cd90ad2ddba); scanner-exported DICOM; operator pending claim (historical MRI, STATUS 0.5 Hold)"
20200109_123909_jrc200109_m5_hypx_1_1/25,"2020-01-09T13:48:36,015+0100",visu_pars.VisuCreationDate,0619,5,m5_0619,organism,jrc200109_m5_hypx,AE-biomaGUNE-0619,Bruker BioSpec 7T,1239,scanner-exported DICOM,"animal m5; protocol 0619 by the facility DB (no code in the name; one protocol holds the animal with MRI logged: Mouse; 2020-01-09:MRI); MRI platform archive backup_7T_olddata_260824/2020_pv6/20200109_123909_jrc200109_m5_hypx_1_1.tar.gz (SHA-1 b3ce13f567061f2fc6488048ac861cd90ad2ddba); scanner-exported DICOM; operator pending claim (historical MRI, STATUS 0.5 Hold)"
20200109_123909_jrc200109_m5_hypx_1_1/26,"2020-01-09T13:52:41,550+0100",visu_pars.VisuCreationDate,0619,5,m5_0619,organism,jrc200109_m5_hypx,AE-biomaGUNE-0619,Bruker BioSpec 7T,1239,scanner-exported DICOM,"animal m5; protocol 0619 by the facility DB (no code in the name; one protocol holds the animal with MRI logged: Mouse; 2020-01-09:MRI); MRI platform archive backup_7T_olddata_260824/2020_pv6/20200109_123909_jrc200109_m5_hypx_1_1.tar.gz (SHA-1 b3ce13f567061f2fc6488048ac861cd90ad2ddba); scanner-exported DICOM; operator pending claim (historical MRI, STATUS 0.5 Hold)"
20200109_123909_jrc200109_m5_hypx_1_1/27,"2020-01-09T13:56:47,461+0100",visu_pars.VisuCreationDate,0619,5,m5_0619,organism,jrc200109_m5_hypx,AE-biomaGUNE-0619,Bruker BioSpec 7T,1239,scanner-exported DICOM,"animal m5; protocol 0619 by the facility DB (no code in the name; one protocol holds the animal with MRI logged: Mouse; 2020-01-09:MRI); MRI platform archive backup_7T_olddata_260824/2020_pv6/20200109_123909_jrc200109_m5_hypx_1_1.tar.gz (SHA-1 b3ce13f567061f2fc6488048ac861cd90ad2ddba); scanner-exported DICOM; operator pending claim (historical MRI, STATUS 0.5 Hold)"
20200109_123909_jrc200109_m5_hypx_1_1/28,"2020-01-09T14:00:52,976+0100",visu_pars.VisuCreationDate,0619,5,m5_0619,organism,jrc200109_m5_hypx,AE-biomaGUNE-0619,Bruker BioSpec 7T,1239,scanner-exported DICOM,"animal m5; protocol 0619 by the facility DB (no code in the name; one protocol holds the animal with MRI logged: Mouse; 2020-01-09:MRI); MRI platform archive backup_7T_olddata_260824/2020_pv6/20200109_123909_jrc200109_m5_hypx_1_1.tar.gz (SHA-1 b3ce13f567061f2fc6488048ac861cd90ad2ddba); scanner-exported DICOM; operator pending claim (historical MRI, STATUS 0.5 Hold)"
20200109_123909_jrc200109_m5_hypx_1_1/29,"2020-01-09T14:04:58,856+0100",visu_pars.VisuCreationDate,0619,5,m5_0619,organism,jrc200109_m5_hypx,AE-biomaGUNE-0619,Bruker BioSpec 7T,1239,scanner-exported DICOM,"animal m5; protocol 0619 by the facility DB (no code in the name; one protocol holds the animal with MRI logged: Mouse; 2020-01-09:MRI); MRI platform archive backup_7T_olddata_260824/2020_pv6/20200109_123909_jrc200109_m5_hypx_1_1.tar.gz (SHA-1 b3ce13f567061f2fc6488048ac861cd90ad2ddba); scanner-exported DICOM; operator pending claim (historical MRI, STATUS 0.5 Hold)"
20200109_123909_jrc200109_m5_hypx_1_1/30,"2020-01-09T14:09:04,661+0100",visu_pars.VisuCreationDate,0619,5,m5_0619,organism,jrc200109_m5_hypx,AE-biomaGUNE-0619,Bruker BioSpec 7T,1239,scanner-exported DICOM,"animal m5; protocol 0619 by the facility DB (no code in the name; one protocol holds the animal with MRI logged: Mouse; 2020-01-09:MRI); MRI platform archive backup_7T_olddata_260824/2020_pv6/20200109_123909_jrc200109_m5_hypx_1_1.tar.gz (SHA-1 b3ce13f567061f2fc6488048ac861cd90ad2ddba); scanner-exported DICOM; operator pending claim (historical MRI, STATUS 0.5 Hold)"
20200109_123909_jrc200109_m5_hypx_1_1/31,"2020-01-09T14:13:10,380+0100",visu_pars.VisuCreationDate,0619,5,m5_0619,organism,jrc200109_m5_hypx,AE-biomaGUNE-0619,Bruker BioSpec 7T,1239,scanner-exported DICOM,"animal m5; protocol 0619 by the facility DB (no code in the name; one protocol holds the animal with MRI logged: Mouse; 2020-01-09:MRI); MRI platform archive backup_7T_olddata_260824/2020_pv6/20200109_123909_jrc200109_m5_hypx_1_1.tar.gz (SHA-1 b3ce13f567061f2fc6488048ac861cd90ad2ddba); scanner-exported DICOM; operator pending claim (historical MRI, STATUS 0.5 Hold)"
20200109_123909_jrc200109_m5_hypx_1_1/32,"2020-01-09T14:17:16,193+0100",visu_pars.VisuCreationDate,0619,5,m5_0619,organism,jrc200109_m5_hypx,AE-biomaGUNE-0619,Bruker BioSpec 7T,1239,scanner-exported DICOM,"animal m5; protocol 0619 by the facility DB (no code in the name; one protocol holds the animal with MRI logged: Mouse; 2020-01-09:MRI); MRI platform archive backup_7T_olddata_260824/2020_pv6/20200109_123909_jrc200109_m5_hypx_1_1.tar.gz (SHA-1 b3ce13f567061f2fc6488048ac861cd90ad2ddba); scanner-exported DICOM; operator pending claim (historical MRI, STATUS 0.5 Hold)"
20200109_123909_jrc200109_m5_hypx_1_1/33,"2020-01-09T14:21:44,700+0100",visu_pars.VisuCreationDate,0619,5,m5_0619,organism,jrc200109_m5_hypx,AE-biomaGUNE-0619,Bruker BioSpec 7T,1239,scanner-exported DICOM,"animal m5; protocol 0619 by the facility DB (no code in the name; one protocol holds the animal with MRI logged: Mouse; 2020-01-09:MRI); MRI platform archive backup_7T_olddata_260824/2020_pv6/20200109_123909_jrc200109_m5_hypx_1_1.tar.gz (SHA-1 b3ce13f567061f2fc6488048ac861cd90ad2ddba); scanner-exported DICOM; operator pending claim (historical MRI, STATUS 0.5 Hold)"
20200109_123909_jrc200109_m5_hypx_1_1/34,"2020-01-09T14:18:28,121+0100",visu_pars.VisuCreationDate,0619,5,m5_0619,organism,jrc200109_m5_hypx,AE-biomaGUNE-0619,Bruker BioSpec 7T,1239,scanner-exported DICOM,"animal m5; protocol 0619 by the facility DB (no code in the name; one protocol holds the animal with MRI logged: Mouse; 2020-01-09:MRI); MRI platform archive backup_7T_olddata_260824/2020_pv6/20200109_123909_jrc200109_m5_hypx_1_1.tar.gz (SHA-1 b3ce13f567061f2fc6488048ac861cd90ad2ddba); scanner-exported DICOM; operator pending claim (historical MRI, STATUS 0.5 Hold)"
20200109_142905_jrc200109_m2_hypx_1_1/1,"2020-01-09T14:38:44,907+0100",visu_pars.VisuCreationDate,0619,2,m2_0619,organism,jrc200109_m2_hypx,AE-biomaGUNE-0619,Bruker BioSpec 7T,1429,scanner-exported DICOM,"animal m2; protocol 0619 by the facility DB (no code in the name; one protocol holds the animal with MRI logged: Mouse; 2020-01-09:MRI); MRI platform archive backup_7T_olddata_260824/2020_pv6/20200109_142905_jrc200109_m2_hypx_1_1.tar.gz (SHA-1 f3ad9a75ccf53d9d89b621a22a49c0646f9adbd7); scanner-exported DICOM; operator pending claim (historical MRI, STATUS 0.5 Hold)"
20200109_142905_jrc200109_m2_hypx_1_1/2,"2020-01-09T14:40:50,919+0100",visu_pars.VisuCreationDate,0619,2,m2_0619,organism,jrc200109_m2_hypx,AE-biomaGUNE-0619,Bruker BioSpec 7T,1429,scanner-exported DICOM,"animal m2; protocol 0619 by the facility DB (no code in the name; one protocol holds the animal with MRI logged: Mouse; 2020-01-09:MRI); MRI platform archive backup_7T_olddata_260824/2020_pv6/20200109_142905_jrc200109_m2_hypx_1_1.tar.gz (SHA-1 f3ad9a75ccf53d9d89b621a22a49c0646f9adbd7); scanner-exported DICOM; operator pending claim (historical MRI, STATUS 0.5 Hold)"
20200109_142905_jrc200109_m2_hypx_1_1/3,"2020-01-09T14:43:11,934+0100",visu_pars.VisuCreationDate,0619,2,m2_0619,organism,jrc200109_m2_hypx,AE-biomaGUNE-0619,Bruker BioSpec 7T,1429,scanner-exported DICOM,"animal m2; protocol 0619 by the facility DB (no code in the name; one protocol holds the animal with MRI logged: Mouse; 2020-01-09:MRI); MRI platform archive backup_7T_olddata_260824/2020_pv6/20200109_142905_jrc200109_m2_hypx_1_1.tar.gz (SHA-1 f3ad9a75ccf53d9d89b621a22a49c0646f9adbd7); scanner-exported DICOM; operator pending claim (historical MRI, STATUS 0.5 Hold)"
20200109_142905_jrc200109_m2_hypx_1_1/4,"2020-01-09T14:45:14,319+0100",visu_pars.VisuCreationDate,0619,2,m2_0619,organism,jrc200109_m2_hypx,AE-biomaGUNE-0619,Bruker BioSpec 7T,1429,scanner-exported DICOM,"animal m2; protocol 0619 by the facility DB (no code in the name; one protocol holds the animal with MRI logged: Mouse; 2020-01-09:MRI); MRI platform archive backup_7T_olddata_260824/2020_pv6/20200109_142905_jrc200109_m2_hypx_1_1.tar.gz (SHA-1 f3ad9a75ccf53d9d89b621a22a49c0646f9adbd7); scanner-exported DICOM; operator pending claim (historical MRI, STATUS 0.5 Hold)"
20200109_142905_jrc200109_m2_hypx_1_1/5,"2020-01-09T14:53:00,520+0100",visu_pars.VisuCreationDate,0619,2,m2_0619,organism,jrc200109_m2_hypx,AE-biomaGUNE-0619,Bruker BioSpec 7T,1429,scanner-exported DICOM,"animal m2; protocol 0619 by the facility DB (no code in the name; one protocol holds the animal with MRI logged: Mouse; 2020-01-09:MRI); MRI platform archive backup_7T_olddata_260824/2020_pv6/20200109_142905_jrc200109_m2_hypx_1_1.tar.gz (SHA-1 f3ad9a75ccf53d9d89b621a22a49c0646f9adbd7); scanner-exported DICOM; operator pending claim (historical MRI, STATUS 0.5 Hold)"
20200109_142905_jrc200109_m2_hypx_1_1/7,"2020-01-09T14:57:35,368+0100",visu_pars.VisuCreationDate,0619,2,m2_0619,organism,jrc200109_m2_hypx,AE-biomaGUNE-0619,Bruker BioSpec 7T,1429,scanner-exported DICOM,"animal m2; protocol 0619 by the facility DB (no code in the name; one protocol holds the animal with MRI logged: Mouse; 2020-01-09:MRI); MRI platform archive backup_7T_olddata_260824/2020_pv6/20200109_142905_jrc200109_m2_hypx_1_1.tar.gz (SHA-1 f3ad9a75ccf53d9d89b621a22a49c0646f9adbd7); scanner-exported DICOM; operator pending claim (historical MRI, STATUS 0.5 Hold)"
20200109_142905_jrc200109_m2_hypx_1_1/8,"2020-01-09T15:01:41,413+0100",visu_pars.VisuCreationDate,0619,2,m2_0619,organism,jrc200109_m2_hypx,AE-biomaGUNE-0619,Bruker BioSpec 7T,1429,scanner-exported DICOM,"animal m2; protocol 0619 by the facility DB (no code in the name; one protocol holds the animal with MRI logged: Mouse; 2020-01-09:MRI); MRI platform archive backup_7T_olddata_260824/2020_pv6/20200109_142905_jrc200109_m2_hypx_1_1.tar.gz (SHA-1 f3ad9a75ccf53d9d89b621a22a49c0646f9adbd7); scanner-exported DICOM; operator pending claim (historical MRI, STATUS 0.5 Hold)"
20200109_142905_jrc200109_m2_hypx_1_1/9,"2020-01-09T15:05:47,104+0100",visu_pars.VisuCreationDate,0619,2,m2_0619,organism,jrc200109_m2_hypx,AE-biomaGUNE-0619,Bruker BioSpec 7T,1429,scanner-exported DICOM,"animal m2; protocol 0619 by the facility DB (no code in the name; one protocol holds the animal with MRI logged: Mouse; 2020-01-09:MRI); MRI platform archive backup_7T_olddata_260824/2020_pv6/20200109_142905_jrc200109_m2_hypx_1_1.tar.gz (SHA-1 f3ad9a75ccf53d9d89b621a22a49c0646f9adbd7); scanner-exported DICOM; operator pending claim (historical MRI, STATUS 0.5 Hold)"
20200109_142905_jrc200109_m2_hypx_1_1/10,"2020-01-09T15:09:52,695+0100",visu_pars.VisuCreationDate,0619,2,m2_0619,organism,jrc200109_m2_hypx,AE-biomaGUNE-0619,Bruker BioSpec 7T,1429,scanner-exported DICOM,"animal m2; protocol 0619 by the facility DB (no code in the name; one protocol holds the animal with MRI logged: Mouse; 2020-01-09:MRI); MRI platform archive backup_7T_olddata_260824/2020_pv6/20200109_142905_jrc200109_m2_hypx_1_1.tar.gz (SHA-1 f3ad9a75ccf53d9d89b621a22a49c0646f9adbd7); scanner-exported DICOM; operator pending claim (historical MRI, STATUS 0.5 Hold)"
20200109_142905_jrc200109_m2_hypx_1_1/11,"2020-01-09T15:13:58,894+0100",visu_pars.VisuCreationDate,0619,2,m2_0619,organism,jrc200109_m2_hypx,AE-biomaGUNE-0619,Bruker BioSpec 7T,1429,scanner-exported DICOM,"animal m2; protocol 0619 by the facility DB (no code in the name; one protocol holds the animal with MRI logged: Mouse; 2020-01-09:MRI); MRI platform archive backup_7T_olddata_260824/2020_pv6/20200109_142905_jrc200109_m2_hypx_1_1.tar.gz (SHA-1 f3ad9a75ccf53d9d89b621a22a49c0646f9adbd7); scanner-exported DICOM; operator pending claim (historical MRI, STATUS 0.5 Hold)"
20200109_142905_jrc200109_m2_hypx_1_1/12,"2020-01-09T15:18:04,540+0100",visu_pars.VisuCreationDate,0619,2,m2_0619,organism,jrc200109_m2_hypx,AE-biomaGUNE-0619,Bruker BioSpec 7T,1429,scanner-exported DICOM,"animal m2; protocol 0619 by the facility DB (no code in the name; one protocol holds the animal with MRI logged: Mouse; 2020-01-09:MRI); MRI platform archive backup_7T_olddata_260824/2020_pv6/20200109_142905_jrc200109_m2_hypx_1_1.tar.gz (SHA-1 f3ad9a75ccf53d9d89b621a22a49c0646f9adbd7); scanner-exported DICOM; operator pending claim (historical MRI, STATUS 0.5 Hold)"
20200109_142905_jrc200109_m2_hypx_1_1/13,"2020-01-09T15:22:10,260+0100",visu_pars.VisuCreationDate,0619,2,m2_0619,organism,jrc200109_m2_hypx,AE-biomaGUNE-0619,Bruker BioSpec 7T,1429,scanner-exported DICOM,"animal m2; protocol 0619 by the facility DB (no code in the name; one protocol holds the animal with MRI logged: Mouse; 2020-01-09:MRI); MRI platform archive backup_7T_olddata_260824/2020_pv6/20200109_142905_jrc200109_m2_hypx_1_1.tar.gz (SHA-1 f3ad9a75ccf53d9d89b621a22a49c0646f9adbd7); scanner-exported DICOM; operator pending claim (historical MRI, STATUS 0.5 Hold)"
20200109_142905_jrc200109_m2_hypx_1_1/14,"2020-01-09T15:26:16,050+0100",visu_pars.VisuCreationDate,0619,2,m2_0619,organism,jrc200109_m2_hypx,AE-biomaGUNE-0619,Bruker BioSpec 7T,1429,scanner-exported DICOM,"animal m2; protocol 0619 by the facility DB (no code in the name; one protocol holds the animal with MRI logged: Mouse; 2020-01-09:MRI); MRI platform archive backup_7T_olddata_260824/2020_pv6/20200109_142905_jrc200109_m2_hypx_1_1.tar.gz (SHA-1 f3ad9a75ccf53d9d89b621a22a49c0646f9adbd7); scanner-exported DICOM; operator pending claim (historical MRI, STATUS 0.5 Hold)"
20200109_142905_jrc200109_m2_hypx_1_1/15,"2020-01-09T15:30:22,070+0100",visu_pars.VisuCreationDate,0619,2,m2_0619,organism,jrc200109_m2_hypx,AE-biomaGUNE-0619,Bruker BioSpec 7T,1429,scanner-exported DICOM,"animal m2; protocol 0619 by the facility DB (no code in the name; one protocol holds the animal with MRI logged: Mouse; 2020-01-09:MRI); MRI platform archive backup_7T_olddata_260824/2020_pv6/20200109_142905_jrc200109_m2_hypx_1_1.tar.gz (SHA-1 f3ad9a75ccf53d9d89b621a22a49c0646f9adbd7); scanner-exported DICOM; operator pending claim (historical MRI, STATUS 0.5 Hold)"
20200109_142905_jrc200109_m2_hypx_1_1/16,"2020-01-09T15:34:27,773+0100",visu_pars.VisuCreationDate,0619,2,m2_0619,organism,jrc200109_m2_hypx,AE-biomaGUNE-0619,Bruker BioSpec 7T,1429,scanner-exported DICOM,"animal m2; protocol 0619 by the facility DB (no code in the name; one protocol holds the animal with MRI logged: Mouse; 2020-01-09:MRI); MRI platform archive backup_7T_olddata_260824/2020_pv6/20200109_142905_jrc200109_m2_hypx_1_1.tar.gz (SHA-1 f3ad9a75ccf53d9d89b621a22a49c0646f9adbd7); scanner-exported DICOM; operator pending claim (historical MRI, STATUS 0.5 Hold)"
20200109_142905_jrc200109_m2_hypx_1_1/19,"2020-01-09T15:40:04,341+0100",visu_pars.VisuCreationDate,0619,2,m2_0619,organism,jrc200109_m2_hypx,AE-biomaGUNE-0619,Bruker BioSpec 7T,1429,scanner-exported DICOM,"animal m2; protocol 0619 by the facility DB (no code in the name; one protocol holds the animal with MRI logged: Mouse; 2020-01-09:MRI); MRI platform archive backup_7T_olddata_260824/2020_pv6/20200109_142905_jrc200109_m2_hypx_1_1.tar.gz (SHA-1 f3ad9a75ccf53d9d89b621a22a49c0646f9adbd7); scanner-exported DICOM; operator pending claim (historical MRI, STATUS 0.5 Hold)"
20200109_142905_jrc200109_m2_hypx_1_1/21,"2020-01-09T15:47:33,613+0100",visu_pars.VisuCreationDate,0619,2,m2_0619,organism,jrc200109_m2_hypx,AE-biomaGUNE-0619,Bruker BioSpec 7T,1429,scanner-exported DICOM,"animal m2; protocol 0619 by the facility DB (no code in the name; one protocol holds the animal with MRI logged: Mouse; 2020-01-09:MRI); MRI platform archive backup_7T_olddata_260824/2020_pv6/20200109_142905_jrc200109_m2_hypx_1_1.tar.gz (SHA-1 f3ad9a75ccf53d9d89b621a22a49c0646f9adbd7); scanner-exported DICOM; operator pending claim (historical MRI, STATUS 0.5 Hold)"
20200109_155302_jrc200109_m3_hypx3_1_1/1,"2020-01-09T16:03:55,316+0100",visu_pars.VisuCreationDate,0619,3,m3_0619,organism,jrc200109_m3_hypx3,AE-biomaGUNE-0619,Bruker BioSpec 7T,1553,scanner-exported DICOM,"animal m3; protocol 0619 by the facility DB (no code in the name; one protocol holds the animal with MRI logged: Mouse; 2020-01-09:MRI); MRI platform archive backup_7T_olddata_260824/2020_pv6/20200109_155302_jrc200109_m3_hypx3_1_1.tar.gz (SHA-1 e02ebdeb994234005f23591631a816f931c37d62); scanner-exported DICOM; operator pending claim (historical MRI, STATUS 0.5 Hold)"
20200109_155302_jrc200109_m3_hypx3_1_1/2,"2020-01-09T16:07:16,936+0100",visu_pars.VisuCreationDate,0619,3,m3_0619,organism,jrc200109_m3_hypx3,AE-biomaGUNE-0619,Bruker BioSpec 7T,1553,scanner-exported DICOM,"animal m3; protocol 0619 by the facility DB (no code in the name; one protocol holds the animal with MRI logged: Mouse; 2020-01-09:MRI); MRI platform archive backup_7T_olddata_260824/2020_pv6/20200109_155302_jrc200109_m3_hypx3_1_1.tar.gz (SHA-1 e02ebdeb994234005f23591631a816f931c37d62); scanner-exported DICOM; operator pending claim (historical MRI, STATUS 0.5 Hold)"
20200109_155302_jrc200109_m3_hypx3_1_1/3,"2020-01-09T16:06:07,119+0100",visu_pars.VisuCreationDate,0619,3,m3_0619,organism,jrc200109_m3_hypx3,AE-biomaGUNE-0619,Bruker BioSpec 7T,1553,scanner-exported DICOM,"animal m3; protocol 0619 by the facility DB (no code in the name; one protocol holds the animal with MRI logged: Mouse; 2020-01-09:MRI); MRI platform archive backup_7T_olddata_260824/2020_pv6/20200109_155302_jrc200109_m3_hypx3_1_1.tar.gz (SHA-1 e02ebdeb994234005f23591631a816f931c37d62); scanner-exported DICOM; operator pending claim (historical MRI, STATUS 0.5 Hold)"
20200109_155302_jrc200109_m3_hypx3_1_1/5,"2020-01-09T16:13:23,299+0100",visu_pars.VisuCreationDate,0619,3,m3_0619,organism,jrc200109_m3_hypx3,AE-biomaGUNE-0619,Bruker BioSpec 7T,1553,scanner-exported DICOM,"animal m3; protocol 0619 by the facility DB (no code in the name; one protocol holds the animal with MRI logged: Mouse; 2020-01-09:MRI); MRI platform archive backup_7T_olddata_260824/2020_pv6/20200109_155302_jrc200109_m3_hypx3_1_1.tar.gz (SHA-1 e02ebdeb994234005f23591631a816f931c37d62); scanner-exported DICOM; operator pending claim (historical MRI, STATUS 0.5 Hold)"
20200109_155302_jrc200109_m3_hypx3_1_1/6,"2020-01-09T16:16:09,255+0100",visu_pars.VisuCreationDate,0619,3,m3_0619,organism,jrc200109_m3_hypx3,AE-biomaGUNE-0619,Bruker BioSpec 7T,1553,scanner-exported DICOM,"animal m3; protocol 0619 by the facility DB (no code in the name; one protocol holds the animal with MRI logged: Mouse; 2020-01-09:MRI); MRI platform archive backup_7T_olddata_260824/2020_pv6/20200109_155302_jrc200109_m3_hypx3_1_1.tar.gz (SHA-1 e02ebdeb994234005f23591631a816f931c37d62); scanner-exported DICOM; operator pending claim (historical MRI, STATUS 0.5 Hold)"
20200109_155302_jrc200109_m3_hypx3_1_1/7,"2020-01-09T16:22:06,142+0100",visu_pars.VisuCreationDate,0619,3,m3_0619,organism,jrc200109_m3_hypx3,AE-biomaGUNE-0619,Bruker BioSpec 7T,1553,scanner-exported DICOM,"animal m3; protocol 0619 by the facility DB (no code in the name; one protocol holds the animal with MRI logged: Mouse; 2020-01-09:MRI); MRI platform archive backup_7T_olddata_260824/2020_pv6/20200109_155302_jrc200109_m3_hypx3_1_1.tar.gz (SHA-1 e02ebdeb994234005f23591631a816f931c37d62); scanner-exported DICOM; operator pending claim (historical MRI, STATUS 0.5 Hold)"
20200109_155302_jrc200109_m3_hypx3_1_1/8,"2020-01-09T16:26:25,832+0100",visu_pars.VisuCreationDate,0619,3,m3_0619,organism,jrc200109_m3_hypx3,AE-biomaGUNE-0619,Bruker BioSpec 7T,1553,scanner-exported DICOM,"animal m3; protocol 0619 by the facility DB (no code in the name; one protocol holds the animal with MRI logged: Mouse; 2020-01-09:MRI); MRI platform archive backup_7T_olddata_260824/2020_pv6/20200109_155302_jrc200109_m3_hypx3_1_1.tar.gz (SHA-1 e02ebdeb994234005f23591631a816f931c37d62); scanner-exported DICOM; operator pending claim (historical MRI, STATUS 0.5 Hold)"
20200109_155302_jrc200109_m3_hypx3_1_1/9,"2020-01-09T16:30:31,663+0100",visu_pars.VisuCreationDate,0619,3,m3_0619,organism,jrc200109_m3_hypx3,AE-biomaGUNE-0619,Bruker BioSpec 7T,1553,scanner-exported DICOM,"animal m3; protocol 0619 by the facility DB (no code in the name; one protocol holds the animal with MRI logged: Mouse; 2020-01-09:MRI); MRI platform archive backup_7T_olddata_260824/2020_pv6/20200109_155302_jrc200109_m3_hypx3_1_1.tar.gz (SHA-1 e02ebdeb994234005f23591631a816f931c37d62); scanner-exported DICOM; operator pending claim (historical MRI, STATUS 0.5 Hold)"
20200109_155302_jrc200109_m3_hypx3_1_1/10,"2020-01-09T16:34:37,685+0100",visu_pars.VisuCreationDate,0619,3,m3_0619,organism,jrc200109_m3_hypx3,AE-biomaGUNE-0619,Bruker BioSpec 7T,1553,scanner-exported DICOM,"animal m3; protocol 0619 by the facility DB (no code in the name; one protocol holds the animal with MRI logged: Mouse; 2020-01-09:MRI); MRI platform archive backup_7T_olddata_260824/2020_pv6/20200109_155302_jrc200109_m3_hypx3_1_1.tar.gz (SHA-1 e02ebdeb994234005f23591631a816f931c37d62); scanner-exported DICOM; operator pending claim (historical MRI, STATUS 0.5 Hold)"
20200109_155302_jrc200109_m3_hypx3_1_1/11,"2020-01-09T16:38:43,510+0100",visu_pars.VisuCreationDate,0619,3,m3_0619,organism,jrc200109_m3_hypx3,AE-biomaGUNE-0619,Bruker BioSpec 7T,1553,scanner-exported DICOM,"animal m3; protocol 0619 by the facility DB (no code in the name; one protocol holds the animal with MRI logged: Mouse; 2020-01-09:MRI); MRI platform archive backup_7T_olddata_260824/2020_pv6/20200109_155302_jrc200109_m3_hypx3_1_1.tar.gz (SHA-1 e02ebdeb994234005f23591631a816f931c37d62); scanner-exported DICOM; operator pending claim (historical MRI, STATUS 0.5 Hold)"
20200109_155302_jrc200109_m3_hypx3_1_1/12,"2020-01-09T16:42:55,943+0100",visu_pars.VisuCreationDate,0619,3,m3_0619,organism,jrc200109_m3_hypx3,AE-biomaGUNE-0619,Bruker BioSpec 7T,1553,scanner-exported DICOM,"animal m3; protocol 0619 by the facility DB (no code in the name; one protocol holds the animal with MRI logged: Mouse; 2020-01-09:MRI); MRI platform archive backup_7T_olddata_260824/2020_pv6/20200109_155302_jrc200109_m3_hypx3_1_1.tar.gz (SHA-1 e02ebdeb994234005f23591631a816f931c37d62); scanner-exported DICOM; operator pending claim (historical MRI, STATUS 0.5 Hold)"
20200109_155302_jrc200109_m3_hypx3_1_1/13,"2020-01-09T16:47:01,828+0100",visu_pars.VisuCreationDate,0619,3,m3_0619,organism,jrc200109_m3_hypx3,AE-biomaGUNE-0619,Bruker BioSpec 7T,1553,scanner-exported DICOM,"animal m3; protocol 0619 by the facility DB (no code in the name; one protocol holds the animal with MRI logged: Mouse; 2020-01-09:MRI); MRI platform archive backup_7T_olddata_260824/2020_pv6/20200109_155302_jrc200109_m3_hypx3_1_1.tar.gz (SHA-1 e02ebdeb994234005f23591631a816f931c37d62); scanner-exported DICOM; operator pending claim (historical MRI, STATUS 0.5 Hold)"
20200109_155302_jrc200109_m3_hypx3_1_1/14,"2020-01-09T16:51:07,581+0100",visu_pars.VisuCreationDate,0619,3,m3_0619,organism,jrc200109_m3_hypx3,AE-biomaGUNE-0619,Bruker BioSpec 7T,1553,scanner-exported DICOM,"animal m3; protocol 0619 by the facility DB (no code in the name; one protocol holds the animal with MRI logged: Mouse; 2020-01-09:MRI); MRI platform archive backup_7T_olddata_260824/2020_pv6/20200109_155302_jrc200109_m3_hypx3_1_1.tar.gz (SHA-1 e02ebdeb994234005f23591631a816f931c37d62); scanner-exported DICOM; operator pending claim (historical MRI, STATUS 0.5 Hold)"
20200109_155302_jrc200109_m3_hypx3_1_1/15,"2020-01-09T16:55:13,389+0100",visu_pars.VisuCreationDate,0619,3,m3_0619,organism,jrc200109_m3_hypx3,AE-biomaGUNE-0619,Bruker BioSpec 7T,1553,scanner-exported DICOM,"animal m3; protocol 0619 by the facility DB (no code in the name; one protocol holds the animal with MRI logged: Mouse; 2020-01-09:MRI); MRI platform archive backup_7T_olddata_260824/2020_pv6/20200109_155302_jrc200109_m3_hypx3_1_1.tar.gz (SHA-1 e02ebdeb994234005f23591631a816f931c37d62); scanner-exported DICOM; operator pending claim (historical MRI, STATUS 0.5 Hold)"
20200109_155302_jrc200109_m3_hypx3_1_1/16,"2020-01-09T16:59:19,276+0100",visu_pars.VisuCreationDate,0619,3,m3_0619,organism,jrc200109_m3_hypx3,AE-biomaGUNE-0619,Bruker BioSpec 7T,1553,scanner-exported DICOM,"animal m3; protocol 0619 by the facility DB (no code in the name; one protocol holds the animal with MRI logged: Mouse; 2020-01-09:MRI); MRI platform archive backup_7T_olddata_260824/2020_pv6/20200109_155302_jrc200109_m3_hypx3_1_1.tar.gz (SHA-1 e02ebdeb994234005f23591631a816f931c37d62); scanner-exported DICOM; operator pending claim (historical MRI, STATUS 0.5 Hold)"
20200109_155302_jrc200109_m3_hypx3_1_1/17,"2020-01-09T17:03:24,975+0100",visu_pars.VisuCreationDate,0619,3,m3_0619,organism,jrc200109_m3_hypx3,AE-biomaGUNE-0619,Bruker BioSpec 7T,1553,scanner-exported DICOM,"animal m3; protocol 0619 by the facility DB (no code in the name; one protocol holds the animal with MRI logged: Mouse; 2020-01-09:MRI); MRI platform archive backup_7T_olddata_260824/2020_pv6/20200109_155302_jrc200109_m3_hypx3_1_1.tar.gz (SHA-1 e02ebdeb994234005f23591631a816f931c37d62); scanner-exported DICOM; operator pending claim (historical MRI, STATUS 0.5 Hold)"
20200109_155302_jrc200109_m3_hypx3_1_1/18,"2020-01-09T17:07:29,465+0100",visu_pars.VisuCreationDate,0619,3,m3_0619,organism,jrc200109_m3_hypx3,AE-biomaGUNE-0619,Bruker BioSpec 7T,1553,scanner-exported DICOM,"animal m3; protocol 0619 by the facility DB (no code in the name; one protocol holds the animal with MRI logged: Mouse; 2020-01-09:MRI); MRI platform archive backup_7T_olddata_260824/2020_pv6/20200109_155302_jrc200109_m3_hypx3_1_1.tar.gz (SHA-1 e02ebdeb994234005f23591631a816f931c37d62); scanner-exported DICOM; operator pending claim (historical MRI, STATUS 0.5 Hold)"
20200109_170907_jrc200109_m4_hypx_1_1/1,"2020-01-09T17:19:33,587+0100",visu_pars.VisuCreationDate,0619,4,m4_0619,organism,jrc200109_m4_hypx,AE-biomaGUNE-0619,Bruker BioSpec 7T,1709,scanner-exported DICOM,"animal m4; protocol 0619 by the facility DB (no code in the name; one protocol holds the animal with MRI logged: Mouse; 2020-01-09:MRI); MRI platform archive backup_7T_olddata_260824/2020_pv6/20200109_170907_jrc200109_m4_hypx_1_1.tar.gz (SHA-1 875eb8d9b8a0597fa8da73a1512076d984031734); scanner-exported DICOM; operator pending claim (historical MRI, STATUS 0.5 Hold)"
20200109_170907_jrc200109_m4_hypx_1_1/5,"2020-01-09T17:22:15,462+0100",visu_pars.VisuCreationDate,0619,4,m4_0619,organism,jrc200109_m4_hypx,AE-biomaGUNE-0619,Bruker BioSpec 7T,1709,scanner-exported DICOM,"animal m4; protocol 0619 by the facility DB (no code in the name; one protocol holds the animal with MRI logged: Mouse; 2020-01-09:MRI); MRI platform archive backup_7T_olddata_260824/2020_pv6/20200109_170907_jrc200109_m4_hypx_1_1.tar.gz (SHA-1 875eb8d9b8a0597fa8da73a1512076d984031734); scanner-exported DICOM; operator pending claim (historical MRI, STATUS 0.5 Hold)"
20200109_170907_jrc200109_m4_hypx_1_1/6,"2020-01-09T17:25:55,227+0100",visu_pars.VisuCreationDate,0619,4,m4_0619,organism,jrc200109_m4_hypx,AE-biomaGUNE-0619,Bruker BioSpec 7T,1709,scanner-exported DICOM,"animal m4; protocol 0619 by the facility DB (no code in the name; one protocol holds the animal with MRI logged: Mouse; 2020-01-09:MRI); MRI platform archive backup_7T_olddata_260824/2020_pv6/20200109_170907_jrc200109_m4_hypx_1_1.tar.gz (SHA-1 875eb8d9b8a0597fa8da73a1512076d984031734); scanner-exported DICOM; operator pending claim (historical MRI, STATUS 0.5 Hold)"
20200109_170907_jrc200109_m4_hypx_1_1/7,"2020-01-09T17:24:23,131+0100",visu_pars.VisuCreationDate,0619,4,m4_0619,organism,jrc200109_m4_hypx,AE-biomaGUNE-0619,Bruker BioSpec 7T,1709,scanner-exported DICOM,"animal m4; protocol 0619 by the facility DB (no code in the name; one protocol holds the animal with MRI logged: Mouse; 2020-01-09:MRI); MRI platform archive backup_7T_olddata_260824/2020_pv6/20200109_170907_jrc200109_m4_hypx_1_1.tar.gz (SHA-1 875eb8d9b8a0597fa8da73a1512076d984031734); scanner-exported DICOM; operator pending claim (historical MRI, STATUS 0.5 Hold)"
20200109_170907_jrc200109_m4_hypx_1_1/8,"2020-01-09T17:28:26,080+0100",visu_pars.VisuCreationDate,0619,4,m4_0619,organism,jrc200109_m4_hypx,AE-biomaGUNE-0619,Bruker BioSpec 7T,1709,scanner-exported DICOM,"animal m4; protocol 0619 by the facility DB (no code in the name; one protocol holds the animal with MRI logged: Mouse; 2020-01-09:MRI); MRI platform archive backup_7T_olddata_260824/2020_pv6/20200109_170907_jrc200109_m4_hypx_1_1.tar.gz (SHA-1 875eb8d9b8a0597fa8da73a1512076d984031734); scanner-exported DICOM; operator pending claim (historical MRI, STATUS 0.5 Hold)"
20200109_170907_jrc200109_m4_hypx_1_1/13,"2020-01-09T17:38:21,812+0100",visu_pars.VisuCreationDate,0619,4,m4_0619,organism,jrc200109_m4_hypx,AE-biomaGUNE-0619,Bruker BioSpec 7T,1709,scanner-exported DICOM,"animal m4; protocol 0619 by the facility DB (no code in the name; one protocol holds the animal with MRI logged: Mouse; 2020-01-09:MRI); MRI platform archive backup_7T_olddata_260824/2020_pv6/20200109_170907_jrc200109_m4_hypx_1_1.tar.gz (SHA-1 875eb8d9b8a0597fa8da73a1512076d984031734); scanner-exported DICOM; operator pending claim (historical MRI, STATUS 0.5 Hold)"
20200109_170907_jrc200109_m4_hypx_1_1/14,"2020-01-09T17:42:27,629+0100",visu_pars.VisuCreationDate,0619,4,m4_0619,organism,jrc200109_m4_hypx,AE-biomaGUNE-0619,Bruker BioSpec 7T,1709,scanner-exported DICOM,"animal m4; protocol 0619 by the facility DB (no code in the name; one protocol holds the animal with MRI logged: Mouse; 2020-01-09:MRI); MRI platform archive backup_7T_olddata_260824/2020_pv6/20200109_170907_jrc200109_m4_hypx_1_1.tar.gz (SHA-1 875eb8d9b8a0597fa8da73a1512076d984031734); scanner-exported DICOM; operator pending claim (historical MRI, STATUS 0.5 Hold)"
20200109_170907_jrc200109_m4_hypx_1_1/15,"2020-01-09T17:46:33,343+0100",visu_pars.VisuCreationDate,0619,4,m4_0619,organism,jrc200109_m4_hypx,AE-biomaGUNE-0619,Bruker BioSpec 7T,1709,scanner-exported DICOM,"animal m4; protocol 0619 by the facility DB (no code in the name; one protocol holds the animal with MRI logged: Mouse; 2020-01-09:MRI); MRI platform archive backup_7T_olddata_260824/2020_pv6/20200109_170907_jrc200109_m4_hypx_1_1.tar.gz (SHA-1 875eb8d9b8a0597fa8da73a1512076d984031734); scanner-exported DICOM; operator pending claim (historical MRI, STATUS 0.5 Hold)"
20200109_170907_jrc200109_m4_hypx_1_1/16,"2020-01-09T17:50:39,109+0100",visu_pars.VisuCreationDate,0619,4,m4_0619,organism,jrc200109_m4_hypx,AE-biomaGUNE-0619,Bruker BioSpec 7T,1709,scanner-exported DICOM,"animal m4; protocol 0619 by the facility DB (no code in the name; one protocol holds the animal with MRI logged: Mouse; 2020-01-09:MRI); MRI platform archive backup_7T_olddata_260824/2020_pv6/20200109_170907_jrc200109_m4_hypx_1_1.tar.gz (SHA-1 875eb8d9b8a0597fa8da73a1512076d984031734); scanner-exported DICOM; operator pending claim (historical MRI, STATUS 0.5 Hold)"
20200109_170907_jrc200109_m4_hypx_1_1/17,"2020-01-09T17:54:44,882+0100",visu_pars.VisuCreationDate,0619,4,m4_0619,organism,jrc200109_m4_hypx,AE-biomaGUNE-0619,Bruker BioSpec 7T,1709,scanner-exported DICOM,"animal m4; protocol 0619 by the facility DB (no code in the name; one protocol holds the animal with MRI logged: Mouse; 2020-01-09:MRI); MRI platform archive backup_7T_olddata_260824/2020_pv6/20200109_170907_jrc200109_m4_hypx_1_1.tar.gz (SHA-1 875eb8d9b8a0597fa8da73a1512076d984031734); scanner-exported DICOM; operator pending claim (historical MRI, STATUS 0.5 Hold)"
20200109_170907_jrc200109_m4_hypx_1_1/18,"2020-01-09T17:58:50,585+0100",visu_pars.VisuCreationDate,0619,4,m4_0619,organism,jrc200109_m4_hypx,AE-biomaGUNE-0619,Bruker BioSpec 7T,1709,scanner-exported DICOM,"animal m4; protocol 0619 by the facility DB (no code in the name; one protocol holds the animal with MRI logged: Mouse; 2020-01-09:MRI); MRI platform archive backup_7T_olddata_260824/2020_pv6/20200109_170907_jrc200109_m4_hypx_1_1.tar.gz (SHA-1 875eb8d9b8a0597fa8da73a1512076d984031734); scanner-exported DICOM; operator pending claim (historical MRI, STATUS 0.5 Hold)"
20200109_170907_jrc200109_m4_hypx_1_1/19,"2020-01-09T18:02:56,483+0100",visu_pars.VisuCreationDate,0619,4,m4_0619,organism,jrc200109_m4_hypx,AE-biomaGUNE-0619,Bruker BioSpec 7T,1709,scanner-exported DICOM,"animal m4; protocol 0619 by the facility DB (no code in the name; one protocol holds the animal with MRI logged: Mouse; 2020-01-09:MRI); MRI platform archive backup_7T_olddata_260824/2020_pv6/20200109_170907_jrc200109_m4_hypx_1_1.tar.gz (SHA-1 875eb8d9b8a0597fa8da73a1512076d984031734); scanner-exported DICOM; operator pending claim (historical MRI, STATUS 0.5 Hold)"
20200109_170907_jrc200109_m4_hypx_1_1/20,"2020-01-09T18:07:02,184+0100",visu_pars.VisuCreationDate,0619,4,m4_0619,organism,jrc200109_m4_hypx,AE-biomaGUNE-0619,Bruker BioSpec 7T,1709,scanner-exported DICOM,"animal m4; protocol 0619 by the facility DB (no code in the name; one protocol holds the animal with MRI logged: Mouse; 2020-01-09:MRI); MRI platform archive backup_7T_olddata_260824/2020_pv6/20200109_170907_jrc200109_m4_hypx_1_1.tar.gz (SHA-1 875eb8d9b8a0597fa8da73a1512076d984031734); scanner-exported DICOM; operator pending claim (historical MRI, STATUS 0.5 Hold)"
20200109_170907_jrc200109_m4_hypx_1_1/21,"2020-01-09T18:11:07,777+0100",visu_pars.VisuCreationDate,0619,4,m4_0619,organism,jrc200109_m4_hypx,AE-biomaGUNE-0619,Bruker BioSpec 7T,1709,scanner-exported DICOM,"animal m4; protocol 0619 by the facility DB (no code in the name; one protocol holds the animal with MRI logged: Mouse; 2020-01-09:MRI); MRI platform archive backup_7T_olddata_260824/2020_pv6/20200109_170907_jrc200109_m4_hypx_1_1.tar.gz (SHA-1 875eb8d9b8a0597fa8da73a1512076d984031734); scanner-exported DICOM; operator pending claim (historical MRI, STATUS 0.5 Hold)"
20200109_170907_jrc200109_m4_hypx_1_1/22,"2020-01-09T18:15:13,375+0100",visu_pars.VisuCreationDate,0619,4,m4_0619,organism,jrc200109_m4_hypx,AE-biomaGUNE-0619,Bruker BioSpec 7T,1709,scanner-exported DICOM,"animal m4; protocol 0619 by the facility DB (no code in the name; one protocol holds the animal with MRI logged: Mouse; 2020-01-09:MRI); MRI platform archive backup_7T_olddata_260824/2020_pv6/20200109_170907_jrc200109_m4_hypx_1_1.tar.gz (SHA-1 875eb8d9b8a0597fa8da73a1512076d984031734); scanner-exported DICOM; operator pending claim (historical MRI, STATUS 0.5 Hold)"
20200109_170907_jrc200109_m4_hypx_1_1/27,"2020-01-09T18:26:18,082+0100",visu_pars.VisuCreationDate,0619,4,m4_0619,organism,jrc200109_m4_hypx,AE-biomaGUNE-0619,Bruker BioSpec 7T,1709,scanner-exported DICOM,"animal m4; protocol 0619 by the facility DB (no code in the name; one protocol holds the animal with MRI logged: Mouse; 2020-01-09:MRI); MRI platform archive backup_7T_olddata_260824/2020_pv6/20200109_170907_jrc200109_m4_hypx_1_1.tar.gz (SHA-1 875eb8d9b8a0597fa8da73a1512076d984031734); scanner-exported DICOM; operator pending claim (historical MRI, STATUS 0.5 Hold)"
20200110_110705_jrc200109_m8_hypx_1_1/2,"2020-01-10T11:16:37,273+0100",visu_pars.VisuCreationDate,0619,8,m8_0619,organism,jrc200109_m8_hypx,AE-biomaGUNE-0619,Bruker BioSpec 7T,1107,scanner-exported DICOM,"animal m8; protocol 0619 by the facility DB (no code in the name; one protocol holds the animal with MRI logged: Mouse; 2020-01-10:MRI); MRI platform archive backup_7T_olddata_260824/2020_pv6/20200110_110705_jrc200109_m8_hypx_1_1.tar.gz (SHA-1 942fa95105a93cf16bf23d187285c7b957b5f493); scanner-exported DICOM; operator pending claim (historical MRI, STATUS 0.5 Hold)"
20200110_110705_jrc200109_m8_hypx_1_1/3,"2020-01-10T11:18:10,110+0100",visu_pars.VisuCreationDate,0619,8,m8_0619,organism,jrc200109_m8_hypx,AE-biomaGUNE-0619,Bruker BioSpec 7T,1107,scanner-exported DICOM,"animal m8; protocol 0619 by the facility DB (no code in the name; one protocol holds the animal with MRI logged: Mouse; 2020-01-10:MRI); MRI platform archive backup_7T_olddata_260824/2020_pv6/20200110_110705_jrc200109_m8_hypx_1_1.tar.gz (SHA-1 942fa95105a93cf16bf23d187285c7b957b5f493); scanner-exported DICOM; operator pending claim (historical MRI, STATUS 0.5 Hold)"
20200110_110705_jrc200109_m8_hypx_1_1/4,"2020-01-10T11:19:55,670+0100",visu_pars.VisuCreationDate,0619,8,m8_0619,organism,jrc200109_m8_hypx,AE-biomaGUNE-0619,Bruker BioSpec 7T,1107,scanner-exported DICOM,"animal m8; protocol 0619 by the facility DB (no code in the name; one protocol holds the animal with MRI logged: Mouse; 2020-01-10:MRI); MRI platform archive backup_7T_olddata_260824/2020_pv6/20200110_110705_jrc200109_m8_hypx_1_1.tar.gz (SHA-1 942fa95105a93cf16bf23d187285c7b957b5f493); scanner-exported DICOM; operator pending claim (historical MRI, STATUS 0.5 Hold)"
20200110_110705_jrc200109_m8_hypx_1_1/5,"2020-01-10T11:21:06,209+0100",visu_pars.VisuCreationDate,0619,8,m8_0619,organism,jrc200109_m8_hypx,AE-biomaGUNE-0619,Bruker BioSpec 7T,1107,scanner-exported DICOM,"animal m8; protocol 0619 by the facility DB (no code in the name; one protocol holds the animal with MRI logged: Mouse; 2020-01-10:MRI); MRI platform archive backup_7T_olddata_260824/2020_pv6/20200110_110705_jrc200109_m8_hypx_1_1.tar.gz (SHA-1 942fa95105a93cf16bf23d187285c7b957b5f493); scanner-exported DICOM; operator pending claim (historical MRI, STATUS 0.5 Hold)"
20200110_110705_jrc200109_m8_hypx_1_1/6,"2020-01-10T11:22:37,576+0100",visu_pars.VisuCreationDate,0619,8,m8_0619,organism,jrc200109_m8_hypx,AE-biomaGUNE-0619,Bruker BioSpec 7T,1107,scanner-exported DICOM,"animal m8; protocol 0619 by the facility DB (no code in the name; one protocol holds the animal with MRI logged: Mouse; 2020-01-10:MRI); MRI platform archive backup_7T_olddata_260824/2020_pv6/20200110_110705_jrc200109_m8_hypx_1_1.tar.gz (SHA-1 942fa95105a93cf16bf23d187285c7b957b5f493); scanner-exported DICOM; operator pending claim (historical MRI, STATUS 0.5 Hold)"
20200110_110705_jrc200109_m8_hypx_1_1/7,"2020-01-10T11:27:44,038+0100",visu_pars.VisuCreationDate,0619,8,m8_0619,organism,jrc200109_m8_hypx,AE-biomaGUNE-0619,Bruker BioSpec 7T,1107,scanner-exported DICOM,"animal m8; protocol 0619 by the facility DB (no code in the name; one protocol holds the animal with MRI logged: Mouse; 2020-01-10:MRI); MRI platform archive backup_7T_olddata_260824/2020_pv6/20200110_110705_jrc200109_m8_hypx_1_1.tar.gz (SHA-1 942fa95105a93cf16bf23d187285c7b957b5f493); scanner-exported DICOM; operator pending claim (historical MRI, STATUS 0.5 Hold)"
20200110_110705_jrc200109_m8_hypx_1_1/8,"2020-01-10T11:31:49,808+0100",visu_pars.VisuCreationDate,0619,8,m8_0619,organism,jrc200109_m8_hypx,AE-biomaGUNE-0619,Bruker BioSpec 7T,1107,scanner-exported DICOM,"animal m8; protocol 0619 by the facility DB (no code in the name; one protocol holds the animal with MRI logged: Mouse; 2020-01-10:MRI); MRI platform archive backup_7T_olddata_260824/2020_pv6/20200110_110705_jrc200109_m8_hypx_1_1.tar.gz (SHA-1 942fa95105a93cf16bf23d187285c7b957b5f493); scanner-exported DICOM; operator pending claim (historical MRI, STATUS 0.5 Hold)"
20200110_110705_jrc200109_m8_hypx_1_1/9,"2020-01-10T11:35:55,675+0100",visu_pars.VisuCreationDate,0619,8,m8_0619,organism,jrc200109_m8_hypx,AE-biomaGUNE-0619,Bruker BioSpec 7T,1107,scanner-exported DICOM,"animal m8; protocol 0619 by the facility DB (no code in the name; one protocol holds the animal with MRI logged: Mouse; 2020-01-10:MRI); MRI platform archive backup_7T_olddata_260824/2020_pv6/20200110_110705_jrc200109_m8_hypx_1_1.tar.gz (SHA-1 942fa95105a93cf16bf23d187285c7b957b5f493); scanner-exported DICOM; operator pending claim (historical MRI, STATUS 0.5 Hold)"
20200110_110705_jrc200109_m8_hypx_1_1/10,"2020-01-10T11:40:01,248+0100",visu_pars.VisuCreationDate,0619,8,m8_0619,organism,jrc200109_m8_hypx,AE-biomaGUNE-0619,Bruker BioSpec 7T,1107,scanner-exported DICOM,"animal m8; protocol 0619 by the facility DB (no code in the name; one protocol holds the animal with MRI logged: Mouse; 2020-01-10:MRI); MRI platform archive backup_7T_olddata_260824/2020_pv6/20200110_110705_jrc200109_m8_hypx_1_1.tar.gz (SHA-1 942fa95105a93cf16bf23d187285c7b957b5f493); scanner-exported DICOM; operator pending claim (historical MRI, STATUS 0.5 Hold)"
20200110_110705_jrc200109_m8_hypx_1_1/11,"2020-01-10T11:44:07,101+0100",visu_pars.VisuCreationDate,0619,8,m8_0619,organism,jrc200109_m8_hypx,AE-biomaGUNE-0619,Bruker BioSpec 7T,1107,scanner-exported DICOM,"animal m8; protocol 0619 by the facility DB (no code in the name; one protocol holds the animal with MRI logged: Mouse; 2020-01-10:MRI); MRI platform archive backup_7T_olddata_260824/2020_pv6/20200110_110705_jrc200109_m8_hypx_1_1.tar.gz (SHA-1 942fa95105a93cf16bf23d187285c7b957b5f493); scanner-exported DICOM; operator pending claim (historical MRI, STATUS 0.5 Hold)"
20200110_110705_jrc200109_m8_hypx_1_1/12,"2020-01-10T11:48:13,029+0100",visu_pars.VisuCreationDate,0619,8,m8_0619,organism,jrc200109_m8_hypx,AE-biomaGUNE-0619,Bruker BioSpec 7T,1107,scanner-exported DICOM,"animal m8; protocol 0619 by the facility DB (no code in the name; one protocol holds the animal with MRI logged: Mouse; 2020-01-10:MRI); MRI platform archive backup_7T_olddata_260824/2020_pv6/20200110_110705_jrc200109_m8_hypx_1_1.tar.gz (SHA-1 942fa95105a93cf16bf23d187285c7b957b5f493); scanner-exported DICOM; operator pending claim (historical MRI, STATUS 0.5 Hold)"
20200110_110705_jrc200109_m8_hypx_1_1/13,"2020-01-10T11:52:19,023+0100",visu_pars.VisuCreationDate,0619,8,m8_0619,organism,jrc200109_m8_hypx,AE-biomaGUNE-0619,Bruker BioSpec 7T,1107,scanner-exported DICOM,"animal m8; protocol 0619 by the facility DB (no code in the name; one protocol holds the animal with MRI logged: Mouse; 2020-01-10:MRI); MRI platform archive backup_7T_olddata_260824/2020_pv6/20200110_110705_jrc200109_m8_hypx_1_1.tar.gz (SHA-1 942fa95105a93cf16bf23d187285c7b957b5f493); scanner-exported DICOM; operator pending claim (historical MRI, STATUS 0.5 Hold)"
20200110_110705_jrc200109_m8_hypx_1_1/14,"2020-01-10T11:56:24,818+0100",visu_pars.VisuCreationDate,0619,8,m8_0619,organism,jrc200109_m8_hypx,AE-biomaGUNE-0619,Bruker BioSpec 7T,1107,scanner-exported DICOM,"animal m8; protocol 0619 by the facility DB (no code in the name; one protocol holds the animal with MRI logged: Mouse; 2020-01-10:MRI); MRI platform archive backup_7T_olddata_260824/2020_pv6/20200110_110705_jrc200109_m8_hypx_1_1.tar.gz (SHA-1 942fa95105a93cf16bf23d187285c7b957b5f493); scanner-exported DICOM; operator pending claim (historical MRI, STATUS 0.5 Hold)"
20200110_110705_jrc200109_m8_hypx_1_1/15,"2020-01-10T12:00:30,568+0100",visu_pars.VisuCreationDate,0619,8,m8_0619,organism,jrc200109_m8_hypx,AE-biomaGUNE-0619,Bruker BioSpec 7T,1107,scanner-exported DICOM,"animal m8; protocol 0619 by the facility DB (no code in the name; one protocol holds the animal with MRI logged: Mouse; 2020-01-10:MRI); MRI platform archive backup_7T_olddata_260824/2020_pv6/20200110_110705_jrc200109_m8_hypx_1_1.tar.gz (SHA-1 942fa95105a93cf16bf23d187285c7b957b5f493); scanner-exported DICOM; operator pending claim (historical MRI, STATUS 0.5 Hold)"
20200110_110705_jrc200109_m8_hypx_1_1/16,"2020-01-10T12:04:36,157+0100",visu_pars.VisuCreationDate,0619,8,m8_0619,organism,jrc200109_m8_hypx,AE-biomaGUNE-0619,Bruker BioSpec 7T,1107,scanner-exported DICOM,"animal m8; protocol 0619 by the facility DB (no code in the name; one protocol holds the animal with MRI logged: Mouse; 2020-01-10:MRI); MRI platform archive backup_7T_olddata_260824/2020_pv6/20200110_110705_jrc200109_m8_hypx_1_1.tar.gz (SHA-1 942fa95105a93cf16bf23d187285c7b957b5f493); scanner-exported DICOM; operator pending claim (historical MRI, STATUS 0.5 Hold)"
20200110_110705_jrc200109_m8_hypx_1_1/17,"2020-01-10T12:08:42,060+0100",visu_pars.VisuCreationDate,0619,8,m8_0619,organism,jrc200109_m8_hypx,AE-biomaGUNE-0619,Bruker BioSpec 7T,1107,scanner-exported DICOM,"animal m8; protocol 0619 by the facility DB (no code in the name; one protocol holds the animal with MRI logged: Mouse; 2020-01-10:MRI); MRI platform archive backup_7T_olddata_260824/2020_pv6/20200110_110705_jrc200109_m8_hypx_1_1.tar.gz (SHA-1 942fa95105a93cf16bf23d187285c7b957b5f493); scanner-exported DICOM; operator pending claim (historical MRI, STATUS 0.5 Hold)"
20200110_110705_jrc200109_m8_hypx_1_1/19,"2020-01-10T12:14:11,411+0100",visu_pars.VisuCreationDate,0619,8,m8_0619,organism,jrc200109_m8_hypx,AE-biomaGUNE-0619,Bruker BioSpec 7T,1107,scanner-exported DICOM,"animal m8; protocol 0619 by the facility DB (no code in the name; one protocol holds the animal with MRI logged: Mouse; 2020-01-10:MRI); MRI platform archive backup_7T_olddata_260824/2020_pv6/20200110_110705_jrc200109_m8_hypx_1_1.tar.gz (SHA-1 942fa95105a93cf16bf23d187285c7b957b5f493); scanner-exported DICOM; operator pending claim (historical MRI, STATUS 0.5 Hold)"
20200110_121803_jrc200110_m9_hypx_1_1/1,"2020-01-10T12:24:01,611+0100",visu_pars.VisuCreationDate,0619,9,m9_0619,organism,jrc200110_m9_hypx,AE-biomaGUNE-0619,Bruker BioSpec 7T,1218,scanner-exported DICOM,"animal m9; protocol 0619 by the facility DB (no code in the name; one protocol holds the animal with MRI logged: Mouse; 2020-01-10:MRI); MRI platform archive backup_7T_olddata_260824/2020_pv6/20200110_121803_jrc200110_m9_hypx_1_1.tar.gz (SHA-1 193b93f68b4b83f63927434555248324496ee4cb); scanner-exported DICOM; operator pending claim (historical MRI, STATUS 0.5 Hold)"
20200110_121803_jrc200110_m9_hypx_1_1/2,"2020-01-10T12:25:23,676+0100",visu_pars.VisuCreationDate,0619,9,m9_0619,organism,jrc200110_m9_hypx,AE-biomaGUNE-0619,Bruker BioSpec 7T,1218,scanner-exported DICOM,"animal m9; protocol 0619 by the facility DB (no code in the name; one protocol holds the animal with MRI logged: Mouse; 2020-01-10:MRI); MRI platform archive backup_7T_olddata_260824/2020_pv6/20200110_121803_jrc200110_m9_hypx_1_1.tar.gz (SHA-1 193b93f68b4b83f63927434555248324496ee4cb); scanner-exported DICOM; operator pending claim (historical MRI, STATUS 0.5 Hold)"
20200110_121803_jrc200110_m9_hypx_1_1/3,"2020-01-10T12:27:03,327+0100",visu_pars.VisuCreationDate,0619,9,m9_0619,organism,jrc200110_m9_hypx,AE-biomaGUNE-0619,Bruker BioSpec 7T,1218,scanner-exported DICOM,"animal m9; protocol 0619 by the facility DB (no code in the name; one protocol holds the animal with MRI logged: Mouse; 2020-01-10:MRI); MRI platform archive backup_7T_olddata_260824/2020_pv6/20200110_121803_jrc200110_m9_hypx_1_1.tar.gz (SHA-1 193b93f68b4b83f63927434555248324496ee4cb); scanner-exported DICOM; operator pending claim (historical MRI, STATUS 0.5 Hold)"
20200110_121803_jrc200110_m9_hypx_1_1/5,"2020-01-10T12:28:55,212+0100",visu_pars.VisuCreationDate,0619,9,m9_0619,organism,jrc200110_m9_hypx,AE-biomaGUNE-0619,Bruker BioSpec 7T,1218,scanner-exported DICOM,"animal m9; protocol 0619 by the facility DB (no code in the name; one protocol holds the animal with MRI logged: Mouse; 2020-01-10:MRI); MRI platform archive backup_7T_olddata_260824/2020_pv6/20200110_121803_jrc200110_m9_hypx_1_1.tar.gz (SHA-1 193b93f68b4b83f63927434555248324496ee4cb); scanner-exported DICOM; operator pending claim (historical MRI, STATUS 0.5 Hold)"
20200110_121803_jrc200110_m9_hypx_1_1/7,"2020-01-10T12:34:18,796+0100",visu_pars.VisuCreationDate,0619,9,m9_0619,organism,jrc200110_m9_hypx,AE-biomaGUNE-0619,Bruker BioSpec 7T,1218,scanner-exported DICOM,"animal m9; protocol 0619 by the facility DB (no code in the name; one protocol holds the animal with MRI logged: Mouse; 2020-01-10:MRI); MRI platform archive backup_7T_olddata_260824/2020_pv6/20200110_121803_jrc200110_m9_hypx_1_1.tar.gz (SHA-1 193b93f68b4b83f63927434555248324496ee4cb); scanner-exported DICOM; operator pending claim (historical MRI, STATUS 0.5 Hold)"
20200110_121803_jrc200110_m9_hypx_1_1/8,"2020-01-10T12:38:24,587+0100",visu_pars.VisuCreationDate,0619,9,m9_0619,organism,jrc200110_m9_hypx,AE-biomaGUNE-0619,Bruker BioSpec 7T,1218,scanner-exported DICOM,"animal m9; protocol 0619 by the facility DB (no code in the name; one protocol holds the animal with MRI logged: Mouse; 2020-01-10:MRI); MRI platform archive backup_7T_olddata_260824/2020_pv6/20200110_121803_jrc200110_m9_hypx_1_1.tar.gz (SHA-1 193b93f68b4b83f63927434555248324496ee4cb); scanner-exported DICOM; operator pending claim (historical MRI, STATUS 0.5 Hold)"
20200110_121803_jrc200110_m9_hypx_1_1/9,"2020-01-10T12:42:30,420+0100",visu_pars.VisuCreationDate,0619,9,m9_0619,organism,jrc200110_m9_hypx,AE-biomaGUNE-0619,Bruker BioSpec 7T,1218,scanner-exported DICOM,"animal m9; protocol 0619 by the facility DB (no code in the name; one protocol holds the animal with MRI logged: Mouse; 2020-01-10:MRI); MRI platform archive backup_7T_olddata_260824/2020_pv6/20200110_121803_jrc200110_m9_hypx_1_1.tar.gz (SHA-1 193b93f68b4b83f63927434555248324496ee4cb); scanner-exported DICOM; operator pending claim (historical MRI, STATUS 0.5 Hold)"
20200110_121803_jrc200110_m9_hypx_1_1/10,"2020-01-10T12:46:36,316+0100",visu_pars.VisuCreationDate,0619,9,m9_0619,organism,jrc200110_m9_hypx,AE-biomaGUNE-0619,Bruker BioSpec 7T,1218,scanner-exported DICOM,"animal m9; protocol 0619 by the facility DB (no code in the name; one protocol holds the animal with MRI logged: Mouse; 2020-01-10:MRI); MRI platform archive backup_7T_olddata_260824/2020_pv6/20200110_121803_jrc200110_m9_hypx_1_1.tar.gz (SHA-1 193b93f68b4b83f63927434555248324496ee4cb); scanner-exported DICOM; operator pending claim (historical MRI, STATUS 0.5 Hold)"
20200110_121803_jrc200110_m9_hypx_1_1/11,"2020-01-10T12:50:42,084+0100",visu_pars.VisuCreationDate,0619,9,m9_0619,organism,jrc200110_m9_hypx,AE-biomaGUNE-0619,Bruker BioSpec 7T,1218,scanner-exported DICOM,"animal m9; protocol 0619 by the facility DB (no code in the name; one protocol holds the animal with MRI logged: Mouse; 2020-01-10:MRI); MRI platform archive backup_7T_olddata_260824/2020_pv6/20200110_121803_jrc200110_m9_hypx_1_1.tar.gz (SHA-1 193b93f68b4b83f63927434555248324496ee4cb); scanner-exported DICOM; operator pending claim (historical MRI, STATUS 0.5 Hold)"
20200110_121803_jrc200110_m9_hypx_1_1/12,"2020-01-10T12:54:47,772+0100",visu_pars.VisuCreationDate,0619,9,m9_0619,organism,jrc200110_m9_hypx,AE-biomaGUNE-0619,Bruker BioSpec 7T,1218,scanner-exported DICOM,"animal m9; protocol 0619 by the facility DB (no code in the name; one protocol holds the animal with MRI logged: Mouse; 2020-01-10:MRI); MRI platform archive backup_7T_olddata_260824/2020_pv6/20200110_121803_jrc200110_m9_hypx_1_1.tar.gz (SHA-1 193b93f68b4b83f63927434555248324496ee4cb); scanner-exported DICOM; operator pending claim (historical MRI, STATUS 0.5 Hold)"
20200110_121803_jrc200110_m9_hypx_1_1/13,"2020-01-10T12:58:53,360+0100",visu_pars.VisuCreationDate,0619,9,m9_0619,organism,jrc200110_m9_hypx,AE-biomaGUNE-0619,Bruker BioSpec 7T,1218,scanner-exported DICOM,"animal m9; protocol 0619 by the facility DB (no code in the name; one protocol holds the animal with MRI logged: Mouse; 2020-01-10:MRI); MRI platform archive backup_7T_olddata_260824/2020_pv6/20200110_121803_jrc200110_m9_hypx_1_1.tar.gz (SHA-1 193b93f68b4b83f63927434555248324496ee4cb); scanner-exported DICOM; operator pending claim (historical MRI, STATUS 0.5 Hold)"
20200110_121803_jrc200110_m9_hypx_1_1/14,"2020-01-10T13:02:59,142+0100",visu_pars.VisuCreationDate,0619,9,m9_0619,organism,jrc200110_m9_hypx,AE-biomaGUNE-0619,Bruker BioSpec 7T,1218,scanner-exported DICOM,"animal m9; protocol 0619 by the facility DB (no code in the name; one protocol holds the animal with MRI logged: Mouse; 2020-01-10:MRI); MRI platform archive backup_7T_olddata_260824/2020_pv6/20200110_121803_jrc200110_m9_hypx_1_1.tar.gz (SHA-1 193b93f68b4b83f63927434555248324496ee4cb); scanner-exported DICOM; operator pending claim (historical MRI, STATUS 0.5 Hold)"
20200110_121803_jrc200110_m9_hypx_1_1/15,"2020-01-10T13:07:05,095+0100",visu_pars.VisuCreationDate,0619,9,m9_0619,organism,jrc200110_m9_hypx,AE-biomaGUNE-0619,Bruker BioSpec 7T,1218,scanner-exported DICOM,"animal m9; protocol 0619 by the facility DB (no code in the name; one protocol holds the animal with MRI logged: Mouse; 2020-01-10:MRI); MRI platform archive backup_7T_olddata_260824/2020_pv6/20200110_121803_jrc200110_m9_hypx_1_1.tar.gz (SHA-1 193b93f68b4b83f63927434555248324496ee4cb); scanner-exported DICOM; operator pending claim (historical MRI, STATUS 0.5 Hold)"
20200110_121803_jrc200110_m9_hypx_1_1/16,"2020-01-10T13:11:25,386+0100",visu_pars.VisuCreationDate,0619,9,m9_0619,organism,jrc200110_m9_hypx,AE-biomaGUNE-0619,Bruker BioSpec 7T,1218,scanner-exported DICOM,"animal m9; protocol 0619 by the facility DB (no code in the name; one protocol holds the animal with MRI logged: Mouse; 2020-01-10:MRI); MRI platform archive backup_7T_olddata_260824/2020_pv6/20200110_121803_jrc200110_m9_hypx_1_1.tar.gz (SHA-1 193b93f68b4b83f63927434555248324496ee4cb); scanner-exported DICOM; operator pending claim (historical MRI, STATUS 0.5 Hold)"
20200110_121803_jrc200110_m9_hypx_1_1/17,"2020-01-10T13:15:30,048+0100",visu_pars.VisuCreationDate,0619,9,m9_0619,organism,jrc200110_m9_hypx,AE-biomaGUNE-0619,Bruker BioSpec 7T,1218,scanner-exported DICOM,"animal m9; protocol 0619 by the facility DB (no code in the name; one protocol holds the animal with MRI logged: Mouse; 2020-01-10:MRI); MRI platform archive backup_7T_olddata_260824/2020_pv6/20200110_121803_jrc200110_m9_hypx_1_1.tar.gz (SHA-1 193b93f68b4b83f63927434555248324496ee4cb); scanner-exported DICOM; operator pending claim (historical MRI, STATUS 0.5 Hold)"
20200110_131759_jrc200110_m10_hypx_1_1/1,"2020-01-10T13:24:53,323+0100",visu_pars.VisuCreationDate,0619,10,m10_0619,organism,jrc200110_m10_hypx,AE-biomaGUNE-0619,Bruker BioSpec 7T,1317,scanner-exported DICOM,"animal m10; protocol 0619 by the facility DB (no code in the name; one protocol holds the animal with MRI logged: Mouse; 2020-01-10:MRI); MRI platform archive backup_7T_olddata_260824/2020_pv6/20200110_131759_jrc200110_m10_hypx_1_1.tar.gz (SHA-1 ee087826d659277abfea1650cd145be0581d6e24); scanner-exported DICOM; operator pending claim (historical MRI, STATUS 0.5 Hold)"
20200110_131759_jrc200110_m10_hypx_1_1/2,"2020-01-10T13:28:34,424+0100",visu_pars.VisuCreationDate,0619,10,m10_0619,organism,jrc200110_m10_hypx,AE-biomaGUNE-0619,Bruker BioSpec 7T,1317,scanner-exported DICOM,"animal m10; protocol 0619 by the facility DB (no code in the name; one protocol holds the animal with MRI logged: Mouse; 2020-01-10:MRI); MRI platform archive backup_7T_olddata_260824/2020_pv6/20200110_131759_jrc200110_m10_hypx_1_1.tar.gz (SHA-1 ee087826d659277abfea1650cd145be0581d6e24); scanner-exported DICOM; operator pending claim (historical MRI, STATUS 0.5 Hold)"
20200110_131759_jrc200110_m10_hypx_1_1/3,"2020-01-10T13:27:05,883+0100",visu_pars.VisuCreationDate,0619,10,m10_0619,organism,jrc200110_m10_hypx,AE-biomaGUNE-0619,Bruker BioSpec 7T,1317,scanner-exported DICOM,"animal m10; protocol 0619 by the facility DB (no code in the name; one protocol holds the animal with MRI logged: Mouse; 2020-01-10:MRI); MRI platform archive backup_7T_olddata_260824/2020_pv6/20200110_131759_jrc200110_m10_hypx_1_1.tar.gz (SHA-1 ee087826d659277abfea1650cd145be0581d6e24); scanner-exported DICOM; operator pending claim (historical MRI, STATUS 0.5 Hold)"
20200110_131759_jrc200110_m10_hypx_1_1/4,"2020-01-10T13:30:18,911+0100",visu_pars.VisuCreationDate,0619,10,m10_0619,organism,jrc200110_m10_hypx,AE-biomaGUNE-0619,Bruker BioSpec 7T,1317,scanner-exported DICOM,"animal m10; protocol 0619 by the facility DB (no code in the name; one protocol holds the animal with MRI logged: Mouse; 2020-01-10:MRI); MRI platform archive backup_7T_olddata_260824/2020_pv6/20200110_131759_jrc200110_m10_hypx_1_1.tar.gz (SHA-1 ee087826d659277abfea1650cd145be0581d6e24); scanner-exported DICOM; operator pending claim (historical MRI, STATUS 0.5 Hold)"
20200110_131759_jrc200110_m10_hypx_1_1/5,"2020-01-10T13:33:02,992+0100",visu_pars.VisuCreationDate,0619,10,m10_0619,organism,jrc200110_m10_hypx,AE-biomaGUNE-0619,Bruker BioSpec 7T,1317,scanner-exported DICOM,"animal m10; protocol 0619 by the facility DB (no code in the name; one protocol holds the animal with MRI logged: Mouse; 2020-01-10:MRI); MRI platform archive backup_7T_olddata_260824/2020_pv6/20200110_131759_jrc200110_m10_hypx_1_1.tar.gz (SHA-1 ee087826d659277abfea1650cd145be0581d6e24); scanner-exported DICOM; operator pending claim (historical MRI, STATUS 0.5 Hold)"
20200110_131759_jrc200110_m10_hypx_1_1/7,"2020-01-10T13:34:45,151+0100",visu_pars.VisuCreationDate,0619,10,m10_0619,organism,jrc200110_m10_hypx,AE-biomaGUNE-0619,Bruker BioSpec 7T,1317,scanner-exported DICOM,"animal m10; protocol 0619 by the facility DB (no code in the name; one protocol holds the animal with MRI logged: Mouse; 2020-01-10:MRI); MRI platform archive backup_7T_olddata_260824/2020_pv6/20200110_131759_jrc200110_m10_hypx_1_1.tar.gz (SHA-1 ee087826d659277abfea1650cd145be0581d6e24); scanner-exported DICOM; operator pending claim (historical MRI, STATUS 0.5 Hold)"
20200110_131759_jrc200110_m10_hypx_1_1/9,"2020-01-10T13:41:59,188+0100",visu_pars.VisuCreationDate,0619,10,m10_0619,organism,jrc200110_m10_hypx,AE-biomaGUNE-0619,Bruker BioSpec 7T,1317,scanner-exported DICOM,"animal m10; protocol 0619 by the facility DB (no code in the name; one protocol holds the animal with MRI logged: Mouse; 2020-01-10:MRI); MRI platform archive backup_7T_olddata_260824/2020_pv6/20200110_131759_jrc200110_m10_hypx_1_1.tar.gz (SHA-1 ee087826d659277abfea1650cd145be0581d6e24); scanner-exported DICOM; operator pending claim (historical MRI, STATUS 0.5 Hold)"
20200110_131759_jrc200110_m10_hypx_1_1/10,"2020-01-10T13:46:04,886+0100",visu_pars.VisuCreationDate,0619,10,m10_0619,organism,jrc200110_m10_hypx,AE-biomaGUNE-0619,Bruker BioSpec 7T,1317,scanner-exported DICOM,"animal m10; protocol 0619 by the facility DB (no code in the name; one protocol holds the animal with MRI logged: Mouse; 2020-01-10:MRI); MRI platform archive backup_7T_olddata_260824/2020_pv6/20200110_131759_jrc200110_m10_hypx_1_1.tar.gz (SHA-1 ee087826d659277abfea1650cd145be0581d6e24); scanner-exported DICOM; operator pending claim (historical MRI, STATUS 0.5 Hold)"
20200110_131759_jrc200110_m10_hypx_1_1/11,"2020-01-10T13:50:10,790+0100",visu_pars.VisuCreationDate,0619,10,m10_0619,organism,jrc200110_m10_hypx,AE-biomaGUNE-0619,Bruker BioSpec 7T,1317,scanner-exported DICOM,"animal m10; protocol 0619 by the facility DB (no code in the name; one protocol holds the animal with MRI logged: Mouse; 2020-01-10:MRI); MRI platform archive backup_7T_olddata_260824/2020_pv6/20200110_131759_jrc200110_m10_hypx_1_1.tar.gz (SHA-1 ee087826d659277abfea1650cd145be0581d6e24); scanner-exported DICOM; operator pending claim (historical MRI, STATUS 0.5 Hold)"
20200110_131759_jrc200110_m10_hypx_1_1/12,"2020-01-10T13:54:16,501+0100",visu_pars.VisuCreationDate,0619,10,m10_0619,organism,jrc200110_m10_hypx,AE-biomaGUNE-0619,Bruker BioSpec 7T,1317,scanner-exported DICOM,"animal m10; protocol 0619 by the facility DB (no code in the name; one protocol holds the animal with MRI logged: Mouse; 2020-01-10:MRI); MRI platform archive backup_7T_olddata_260824/2020_pv6/20200110_131759_jrc200110_m10_hypx_1_1.tar.gz (SHA-1 ee087826d659277abfea1650cd145be0581d6e24); scanner-exported DICOM; operator pending claim (historical MRI, STATUS 0.5 Hold)"
20200110_131759_jrc200110_m10_hypx_1_1/13,"2020-01-10T13:58:22,210+0100",visu_pars.VisuCreationDate,0619,10,m10_0619,organism,jrc200110_m10_hypx,AE-biomaGUNE-0619,Bruker BioSpec 7T,1317,scanner-exported DICOM,"animal m10; protocol 0619 by the facility DB (no code in the name; one protocol holds the animal with MRI logged: Mouse; 2020-01-10:MRI); MRI platform archive backup_7T_olddata_260824/2020_pv6/20200110_131759_jrc200110_m10_hypx_1_1.tar.gz (SHA-1 ee087826d659277abfea1650cd145be0581d6e24); scanner-exported DICOM; operator pending claim (historical MRI, STATUS 0.5 Hold)"
20200110_131759_jrc200110_m10_hypx_1_1/14,"2020-01-10T14:02:27,890+0100",visu_pars.VisuCreationDate,0619,10,m10_0619,organism,jrc200110_m10_hypx,AE-biomaGUNE-0619,Bruker BioSpec 7T,1317,scanner-exported DICOM,"animal m10; protocol 0619 by the facility DB (no code in the name; one protocol holds the animal with MRI logged: Mouse; 2020-01-10:MRI); MRI platform archive backup_7T_olddata_260824/2020_pv6/20200110_131759_jrc200110_m10_hypx_1_1.tar.gz (SHA-1 ee087826d659277abfea1650cd145be0581d6e24); scanner-exported DICOM; operator pending claim (historical MRI, STATUS 0.5 Hold)"
20200110_131759_jrc200110_m10_hypx_1_1/15,"2020-01-10T14:06:33,832+0100",visu_pars.VisuCreationDate,0619,10,m10_0619,organism,jrc200110_m10_hypx,AE-biomaGUNE-0619,Bruker BioSpec 7T,1317,scanner-exported DICOM,"animal m10; protocol 0619 by the facility DB (no code in the name; one protocol holds the animal with MRI logged: Mouse; 2020-01-10:MRI); MRI platform archive backup_7T_olddata_260824/2020_pv6/20200110_131759_jrc200110_m10_hypx_1_1.tar.gz (SHA-1 ee087826d659277abfea1650cd145be0581d6e24); scanner-exported DICOM; operator pending claim (historical MRI, STATUS 0.5 Hold)"
20200110_131759_jrc200110_m10_hypx_1_1/16,"2020-01-10T14:10:39,705+0100",visu_pars.VisuCreationDate,0619,10,m10_0619,organism,jrc200110_m10_hypx,AE-biomaGUNE-0619,Bruker BioSpec 7T,1317,scanner-exported DICOM,"animal m10; protocol 0619 by the facility DB (no code in the name; one protocol holds the animal with MRI logged: Mouse; 2020-01-10:MRI); MRI platform archive backup_7T_olddata_260824/2020_pv6/20200110_131759_jrc200110_m10_hypx_1_1.tar.gz (SHA-1 ee087826d659277abfea1650cd145be0581d6e24); scanner-exported DICOM; operator pending claim (historical MRI, STATUS 0.5 Hold)"
20200110_131759_jrc200110_m10_hypx_1_1/17,"2020-01-10T14:14:45,538+0100",visu_pars.VisuCreationDate,0619,10,m10_0619,organism,jrc200110_m10_hypx,AE-biomaGUNE-0619,Bruker BioSpec 7T,1317,scanner-exported DICOM,"animal m10; protocol 0619 by the facility DB (no code in the name; one protocol holds the animal with MRI logged: Mouse; 2020-01-10:MRI); MRI platform archive backup_7T_olddata_260824/2020_pv6/20200110_131759_jrc200110_m10_hypx_1_1.tar.gz (SHA-1 ee087826d659277abfea1650cd145be0581d6e24); scanner-exported DICOM; operator pending claim (historical MRI, STATUS 0.5 Hold)"
20200110_131759_jrc200110_m10_hypx_1_1/18,"2020-01-10T14:18:51,215+0100",visu_pars.VisuCreationDate,0619,10,m10_0619,organism,jrc200110_m10_hypx,AE-biomaGUNE-0619,Bruker BioSpec 7T,1317,scanner-exported DICOM,"animal m10; protocol 0619 by the facility DB (no code in the name; one protocol holds the animal with MRI logged: Mouse; 2020-01-10:MRI); MRI platform archive backup_7T_olddata_260824/2020_pv6/20200110_131759_jrc200110_m10_hypx_1_1.tar.gz (SHA-1 ee087826d659277abfea1650cd145be0581d6e24); scanner-exported DICOM; operator pending claim (historical MRI, STATUS 0.5 Hold)"
20200110_131759_jrc200110_m10_hypx_1_1/19,"2020-01-10T14:22:55,537+0100",visu_pars.VisuCreationDate,0619,10,m10_0619,organism,jrc200110_m10_hypx,AE-biomaGUNE-0619,Bruker BioSpec 7T,1317,scanner-exported DICOM,"animal m10; protocol 0619 by the facility DB (no code in the name; one protocol holds the animal with MRI logged: Mouse; 2020-01-10:MRI); MRI platform archive backup_7T_olddata_260824/2020_pv6/20200110_131759_jrc200110_m10_hypx_1_1.tar.gz (SHA-1 ee087826d659277abfea1650cd145be0581d6e24); scanner-exported DICOM; operator pending claim (historical MRI, STATUS 0.5 Hold)"
20200114_122818_jrc200114_m4_hypx_flow_1_1/1,"2020-01-14T12:39:02,593+0100",visu_pars.VisuCreationDate,0619,4,m4_0619,organism,jrc200114_m4_hypx_flow,AE-biomaGUNE-0619,Bruker BioSpec 7T,1228,scanner-exported DICOM,"animal m4; protocol 0619 by the facility DB (no code in the name; one protocol holds the animal with MRI logged: Mouse; 2020-01-14:MRI); MRI platform archive backup_7T_olddata_260824/2020_pv6/20200114_122818_jrc200114_m4_hypx_flow_1_1.tar.gz (SHA-1 2e13e4107f36379b18023b9d6a5543cd3aefc2bc); scanner-exported DICOM; operator pending claim (historical MRI, STATUS 0.5 Hold)"
20200114_122818_jrc200114_m4_hypx_flow_1_1/2,"2020-01-14T12:41:13,738+0100",visu_pars.VisuCreationDate,0619,4,m4_0619,organism,jrc200114_m4_hypx_flow,AE-biomaGUNE-0619,Bruker BioSpec 7T,1228,scanner-exported DICOM,"animal m4; protocol 0619 by the facility DB (no code in the name; one protocol holds the animal with MRI logged: Mouse; 2020-01-14:MRI); MRI platform archive backup_7T_olddata_260824/2020_pv6/20200114_122818_jrc200114_m4_hypx_flow_1_1.tar.gz (SHA-1 2e13e4107f36379b18023b9d6a5543cd3aefc2bc); scanner-exported DICOM; operator pending claim (historical MRI, STATUS 0.5 Hold)"
20200114_122818_jrc200114_m4_hypx_flow_1_1/3,"2020-01-14T12:43:59,225+0100",visu_pars.VisuCreationDate,0619,4,m4_0619,organism,jrc200114_m4_hypx_flow,AE-biomaGUNE-0619,Bruker BioSpec 7T,1228,scanner-exported DICOM,"animal m4; protocol 0619 by the facility DB (no code in the name; one protocol holds the animal with MRI logged: Mouse; 2020-01-14:MRI); MRI platform archive backup_7T_olddata_260824/2020_pv6/20200114_122818_jrc200114_m4_hypx_flow_1_1.tar.gz (SHA-1 2e13e4107f36379b18023b9d6a5543cd3aefc2bc); scanner-exported DICOM; operator pending claim (historical MRI, STATUS 0.5 Hold)"
20200114_122818_jrc200114_m4_hypx_flow_1_1/4,"2020-01-14T12:46:40,095+0100",visu_pars.VisuCreationDate,0619,4,m4_0619,organism,jrc200114_m4_hypx_flow,AE-biomaGUNE-0619,Bruker BioSpec 7T,1228,scanner-exported DICOM,"animal m4; protocol 0619 by the facility DB (no code in the name; one protocol holds the animal with MRI logged: Mouse; 2020-01-14:MRI); MRI platform archive backup_7T_olddata_260824/2020_pv6/20200114_122818_jrc200114_m4_hypx_flow_1_1.tar.gz (SHA-1 2e13e4107f36379b18023b9d6a5543cd3aefc2bc); scanner-exported DICOM; operator pending claim (historical MRI, STATUS 0.5 Hold)"
20200114_122818_jrc200114_m4_hypx_flow_1_1/5,"2020-01-14T12:51:27,524+0100",visu_pars.VisuCreationDate,0619,4,m4_0619,organism,jrc200114_m4_hypx_flow,AE-biomaGUNE-0619,Bruker BioSpec 7T,1228,scanner-exported DICOM,"animal m4; protocol 0619 by the facility DB (no code in the name; one protocol holds the animal with MRI logged: Mouse; 2020-01-14:MRI); MRI platform archive backup_7T_olddata_260824/2020_pv6/20200114_122818_jrc200114_m4_hypx_flow_1_1.tar.gz (SHA-1 2e13e4107f36379b18023b9d6a5543cd3aefc2bc); scanner-exported DICOM; operator pending claim (historical MRI, STATUS 0.5 Hold)"
20200114_122818_jrc200114_m4_hypx_flow_1_1/6,"2020-01-14T12:56:31,702+0100",visu_pars.VisuCreationDate,0619,4,m4_0619,organism,jrc200114_m4_hypx_flow,AE-biomaGUNE-0619,Bruker BioSpec 7T,1228,scanner-exported DICOM,"animal m4; protocol 0619 by the facility DB (no code in the name; one protocol holds the animal with MRI logged: Mouse; 2020-01-14:MRI); MRI platform archive backup_7T_olddata_260824/2020_pv6/20200114_122818_jrc200114_m4_hypx_flow_1_1.tar.gz (SHA-1 2e13e4107f36379b18023b9d6a5543cd3aefc2bc); scanner-exported DICOM; operator pending claim (historical MRI, STATUS 0.5 Hold)"
20200114_122818_jrc200114_m4_hypx_flow_1_1/10,"2020-01-14T13:10:57,196+0100",visu_pars.VisuCreationDate,0619,4,m4_0619,organism,jrc200114_m4_hypx_flow,AE-biomaGUNE-0619,Bruker BioSpec 7T,1228,scanner-exported DICOM,"animal m4; protocol 0619 by the facility DB (no code in the name; one protocol holds the animal with MRI logged: Mouse; 2020-01-14:MRI); MRI platform archive backup_7T_olddata_260824/2020_pv6/20200114_122818_jrc200114_m4_hypx_flow_1_1.tar.gz (SHA-1 2e13e4107f36379b18023b9d6a5543cd3aefc2bc); scanner-exported DICOM; operator pending claim (historical MRI, STATUS 0.5 Hold)"
20200114_122818_jrc200114_m4_hypx_flow_1_1/11,"2020-01-14T13:54:05,950+0100",visu_pars.VisuCreationDate,0619,4,m4_0619,organism,jrc200114_m4_hypx_flow,AE-biomaGUNE-0619,Bruker BioSpec 7T,1228,scanner-exported DICOM,"animal m4; protocol 0619 by the facility DB (no code in the name; one protocol holds the animal with MRI logged: Mouse; 2020-01-14:MRI); MRI platform archive backup_7T_olddata_260824/2020_pv6/20200114_122818_jrc200114_m4_hypx_flow_1_1.tar.gz (SHA-1 2e13e4107f36379b18023b9d6a5543cd3aefc2bc); scanner-exported DICOM; operator pending claim (historical MRI, STATUS 0.5 Hold)"
20200114_122818_jrc200114_m4_hypx_flow_1_1/13,"2020-01-14T15:35:08,077+0100",visu_pars.VisuCreationDate,0619,4,m4_0619,organism,jrc200114_m4_hypx_flow,AE-biomaGUNE-0619,Bruker BioSpec 7T,1228,scanner-exported DICOM,"animal m4; protocol 0619 by the facility DB (no code in the name; one protocol holds the animal with MRI logged: Mouse; 2020-01-14:MRI); MRI platform archive backup_7T_olddata_260824/2020_pv6/20200114_122818_jrc200114_m4_hypx_flow_1_1.tar.gz (SHA-1 2e13e4107f36379b18023b9d6a5543cd3aefc2bc); scanner-exported DICOM; operator pending claim (historical MRI, STATUS 0.5 Hold)"
20200114_122818_jrc200114_m4_hypx_flow_1_1/14,"2020-01-14T14:07:20,414+0100",visu_pars.VisuCreationDate,0619,4,m4_0619,organism,jrc200114_m4_hypx_flow,AE-biomaGUNE-0619,Bruker BioSpec 7T,1228,scanner-exported DICOM,"animal m4; protocol 0619 by the facility DB (no code in the name; one protocol holds the animal with MRI logged: Mouse; 2020-01-14:MRI); MRI platform archive backup_7T_olddata_260824/2020_pv6/20200114_122818_jrc200114_m4_hypx_flow_1_1.tar.gz (SHA-1 2e13e4107f36379b18023b9d6a5543cd3aefc2bc); scanner-exported DICOM; operator pending claim (historical MRI, STATUS 0.5 Hold)"
20200114_122818_jrc200114_m4_hypx_flow_1_1/15,"2020-01-14T15:42:07,703+0100",visu_pars.VisuCreationDate,0619,4,m4_0619,organism,jrc200114_m4_hypx_flow,AE-biomaGUNE-0619,Bruker BioSpec 7T,1228,scanner-exported DICOM,"animal m4; protocol 0619 by the facility DB (no code in the name; one protocol holds the animal with MRI logged: Mouse; 2020-01-14:MRI); MRI platform archive backup_7T_olddata_260824/2020_pv6/20200114_122818_jrc200114_m4_hypx_flow_1_1.tar.gz (SHA-1 2e13e4107f36379b18023b9d6a5543cd3aefc2bc); scanner-exported DICOM; operator pending claim (historical MRI, STATUS 0.5 Hold)"
20200114_122818_jrc200114_m4_hypx_flow_1_1/16,"2020-01-14T14:46:09,481+0100",visu_pars.VisuCreationDate,0619,4,m4_0619,organism,jrc200114_m4_hypx_flow,AE-biomaGUNE-0619,Bruker BioSpec 7T,1228,scanner-exported DICOM,"animal m4; protocol 0619 by the facility DB (no code in the name; one protocol holds the animal with MRI logged: Mouse; 2020-01-14:MRI); MRI platform archive backup_7T_olddata_260824/2020_pv6/20200114_122818_jrc200114_m4_hypx_flow_1_1.tar.gz (SHA-1 2e13e4107f36379b18023b9d6a5543cd3aefc2bc); scanner-exported DICOM; operator pending claim (historical MRI, STATUS 0.5 Hold)"
20200114_122818_jrc200114_m4_hypx_flow_1_1/17,"2020-01-14T15:43:56,636+0100",visu_pars.VisuCreationDate,0619,4,m4_0619,organism,jrc200114_m4_hypx_flow,AE-biomaGUNE-0619,Bruker BioSpec 7T,1228,scanner-exported DICOM,"animal m4; protocol 0619 by the facility DB (no code in the name; one protocol holds the animal with MRI logged: Mouse; 2020-01-14:MRI); MRI platform archive backup_7T_olddata_260824/2020_pv6/20200114_122818_jrc200114_m4_hypx_flow_1_1.tar.gz (SHA-1 2e13e4107f36379b18023b9d6a5543cd3aefc2bc); scanner-exported DICOM; operator pending claim (historical MRI, STATUS 0.5 Hold)"
20200114_155512_jrc200114_m9_hypx_flow_1_1/1,"2020-01-14T16:03:42,658+0100",visu_pars.VisuCreationDate,0619,9,m9_0619,organism,jrc200114_m9_hypx_flow,AE-biomaGUNE-0619,Bruker BioSpec 7T,1555,scanner-exported DICOM,"animal m9; protocol 0619 by the facility DB (no code in the name; one protocol holds the animal with MRI logged: Mouse; 2020-01-14:MRI); MRI platform archive backup_7T_olddata_260824/2020_pv6/20200114_155512_jrc200114_m9_hypx_flow_1_1.tar.gz (SHA-1 19cae89bff4dd6100e6fde40155dc8cf96c26ba1); scanner-exported DICOM; operator pending claim (historical MRI, STATUS 0.5 Hold)"
20200114_155512_jrc200114_m9_hypx_flow_1_1/2,"2020-01-14T16:05:42,348+0100",visu_pars.VisuCreationDate,0619,9,m9_0619,organism,jrc200114_m9_hypx_flow,AE-biomaGUNE-0619,Bruker BioSpec 7T,1555,scanner-exported DICOM,"animal m9; protocol 0619 by the facility DB (no code in the name; one protocol holds the animal with MRI logged: Mouse; 2020-01-14:MRI); MRI platform archive backup_7T_olddata_260824/2020_pv6/20200114_155512_jrc200114_m9_hypx_flow_1_1.tar.gz (SHA-1 19cae89bff4dd6100e6fde40155dc8cf96c26ba1); scanner-exported DICOM; operator pending claim (historical MRI, STATUS 0.5 Hold)"
20200114_155512_jrc200114_m9_hypx_flow_1_1/3,"2020-01-14T16:07:34,189+0100",visu_pars.VisuCreationDate,0619,9,m9_0619,organism,jrc200114_m9_hypx_flow,AE-biomaGUNE-0619,Bruker BioSpec 7T,1555,scanner-exported DICOM,"animal m9; protocol 0619 by the facility DB (no code in the name; one protocol holds the animal with MRI logged: Mouse; 2020-01-14:MRI); MRI platform archive backup_7T_olddata_260824/2020_pv6/20200114_155512_jrc200114_m9_hypx_flow_1_1.tar.gz (SHA-1 19cae89bff4dd6100e6fde40155dc8cf96c26ba1); scanner-exported DICOM; operator pending claim (historical MRI, STATUS 0.5 Hold)"
20200114_155512_jrc200114_m9_hypx_flow_1_1/4,"2020-01-14T16:09:52,865+0100",visu_pars.VisuCreationDate,0619,9,m9_0619,organism,jrc200114_m9_hypx_flow,AE-biomaGUNE-0619,Bruker BioSpec 7T,1555,scanner-exported DICOM,"animal m9; protocol 0619 by the facility DB (no code in the name; one protocol holds the animal with MRI logged: Mouse; 2020-01-14:MRI); MRI platform archive backup_7T_olddata_260824/2020_pv6/20200114_155512_jrc200114_m9_hypx_flow_1_1.tar.gz (SHA-1 19cae89bff4dd6100e6fde40155dc8cf96c26ba1); scanner-exported DICOM; operator pending claim (historical MRI, STATUS 0.5 Hold)"
20200114_155512_jrc200114_m9_hypx_flow_1_1/5,"2020-01-14T16:14:38,501+0100",visu_pars.VisuCreationDate,0619,9,m9_0619,organism,jrc200114_m9_hypx_flow,AE-biomaGUNE-0619,Bruker BioSpec 7T,1555,scanner-exported DICOM,"animal m9; protocol 0619 by the facility DB (no code in the name; one protocol holds the animal with MRI logged: Mouse; 2020-01-14:MRI); MRI platform archive backup_7T_olddata_260824/2020_pv6/20200114_155512_jrc200114_m9_hypx_flow_1_1.tar.gz (SHA-1 19cae89bff4dd6100e6fde40155dc8cf96c26ba1); scanner-exported DICOM; operator pending claim (historical MRI, STATUS 0.5 Hold)"
20200114_155512_jrc200114_m9_hypx_flow_1_1/6,"2020-01-14T16:18:28,312+0100",visu_pars.VisuCreationDate,0619,9,m9_0619,organism,jrc200114_m9_hypx_flow,AE-biomaGUNE-0619,Bruker BioSpec 7T,1555,scanner-exported DICOM,"animal m9; protocol 0619 by the facility DB (no code in the name; one protocol holds the animal with MRI logged: Mouse; 2020-01-14:MRI); MRI platform archive backup_7T_olddata_260824/2020_pv6/20200114_155512_jrc200114_m9_hypx_flow_1_1.tar.gz (SHA-1 19cae89bff4dd6100e6fde40155dc8cf96c26ba1); scanner-exported DICOM; operator pending claim (historical MRI, STATUS 0.5 Hold)"
20200114_155512_jrc200114_m9_hypx_flow_1_1/7,"2020-01-14T16:25:31,894+0100",visu_pars.VisuCreationDate,0619,9,m9_0619,organism,jrc200114_m9_hypx_flow,AE-biomaGUNE-0619,Bruker BioSpec 7T,1555,scanner-exported DICOM,"animal m9; protocol 0619 by the facility DB (no code in the name; one protocol holds the animal with MRI logged: Mouse; 2020-01-14:MRI); MRI platform archive backup_7T_olddata_260824/2020_pv6/20200114_155512_jrc200114_m9_hypx_flow_1_1.tar.gz (SHA-1 19cae89bff4dd6100e6fde40155dc8cf96c26ba1); scanner-exported DICOM; operator pending claim (historical MRI, STATUS 0.5 Hold)"
20200114_155512_jrc200114_m9_hypx_flow_1_1/9,"2020-01-14T17:18:07,293+0100",visu_pars.VisuCreationDate,0619,9,m9_0619,organism,jrc200114_m9_hypx_flow,AE-biomaGUNE-0619,Bruker BioSpec 7T,1555,scanner-exported DICOM,"animal m9; protocol 0619 by the facility DB (no code in the name; one protocol holds the animal with MRI logged: Mouse; 2020-01-14:MRI); MRI platform archive backup_7T_olddata_260824/2020_pv6/20200114_155512_jrc200114_m9_hypx_flow_1_1.tar.gz (SHA-1 19cae89bff4dd6100e6fde40155dc8cf96c26ba1); scanner-exported DICOM; operator pending claim (historical MRI, STATUS 0.5 Hold)"
20200114_155512_jrc200114_m9_hypx_flow_1_1/10,"2020-01-14T17:27:08,419+0100",visu_pars.VisuCreationDate,0619,9,m9_0619,organism,jrc200114_m9_hypx_flow,AE-biomaGUNE-0619,Bruker BioSpec 7T,1555,scanner-exported DICOM,"animal m9; protocol 0619 by the facility DB (no code in the name; one protocol holds the animal with MRI logged: Mouse; 2020-01-14:MRI); MRI platform archive backup_7T_olddata_260824/2020_pv6/20200114_155512_jrc200114_m9_hypx_flow_1_1.tar.gz (SHA-1 19cae89bff4dd6100e6fde40155dc8cf96c26ba1); scanner-exported DICOM; operator pending claim (historical MRI, STATUS 0.5 Hold)"
20200114_155512_jrc200114_m9_hypx_flow_1_1/11,"2020-01-14T18:21:07,929+0100",visu_pars.VisuCreationDate,0619,9,m9_0619,organism,jrc200114_m9_hypx_flow,AE-biomaGUNE-0619,Bruker BioSpec 7T,1555,scanner-exported DICOM,"animal m9; protocol 0619 by the facility DB (no code in the name; one protocol holds the animal with MRI logged: Mouse; 2020-01-14:MRI); MRI platform archive backup_7T_olddata_260824/2020_pv6/20200114_155512_jrc200114_m9_hypx_flow_1_1.tar.gz (SHA-1 19cae89bff4dd6100e6fde40155dc8cf96c26ba1); scanner-exported DICOM; operator pending claim (historical MRI, STATUS 0.5 Hold)"
20200114_155512_jrc200114_m9_hypx_flow_1_1/12,"2020-01-14T18:27:17,093+0100",visu_pars.VisuCreationDate,0619,9,m9_0619,organism,jrc200114_m9_hypx_flow,AE-biomaGUNE-0619,Bruker BioSpec 7T,1555,scanner-exported DICOM,"animal m9; protocol 0619 by the facility DB (no code in the name; one protocol holds the animal with MRI logged: Mouse; 2020-01-14:MRI); MRI platform archive backup_7T_olddata_260824/2020_pv6/20200114_155512_jrc200114_m9_hypx_flow_1_1.tar.gz (SHA-1 19cae89bff4dd6100e6fde40155dc8cf96c26ba1); scanner-exported DICOM; operator pending claim (historical MRI, STATUS 0.5 Hold)"
20200114_155512_jrc200114_m9_hypx_flow_1_1/13,"2020-01-14T18:29:03,949+0100",visu_pars.VisuCreationDate,0619,9,m9_0619,organism,jrc200114_m9_hypx_flow,AE-biomaGUNE-0619,Bruker BioSpec 7T,1555,scanner-exported DICOM,"animal m9; protocol 0619 by the facility DB (no code in the name; one protocol holds the animal with MRI logged: Mouse; 2020-01-14:MRI); MRI platform archive backup_7T_olddata_260824/2020_pv6/20200114_155512_jrc200114_m9_hypx_flow_1_1.tar.gz (SHA-1 19cae89bff4dd6100e6fde40155dc8cf96c26ba1); scanner-exported DICOM; operator pending claim (historical MRI, STATUS 0.5 Hold)"
20200114_155512_jrc200114_m9_hypx_flow_1_1/14,"2020-01-14T18:42:45,096+0100",visu_pars.VisuCreationDate,0619,9,m9_0619,organism,jrc200114_m9_hypx_flow,AE-biomaGUNE-0619,Bruker BioSpec 7T,1555,scanner-exported DICOM,"animal m9; protocol 0619 by the facility DB (no code in the name; one protocol holds the animal with MRI logged: Mouse; 2020-01-14:MRI); MRI platform archive backup_7T_olddata_260824/2020_pv6/20200114_155512_jrc200114_m9_hypx_flow_1_1.tar.gz (SHA-1 19cae89bff4dd6100e6fde40155dc8cf96c26ba1); scanner-exported DICOM; operator pending claim (historical MRI, STATUS 0.5 Hold)"
20200115_092555_jrc200115_m14_hypx_flow_1_1/1,"2020-01-15T09:47:24,798+0100",visu_pars.VisuCreationDate,0619,14,m14_0619,organism,jrc200115_m14_hypx_flow,AE-biomaGUNE-0619,Bruker BioSpec 7T,0925,scanner-exported DICOM,"animal m14; protocol 0619 by the facility DB (no code in the name; one protocol holds the animal with MRI logged: Mouse; 2020-01-14:MRI); MRI platform archive backup_7T_olddata_260824/2020_pv6/20200115_092555_jrc200115_m14_hypx_flow_1_1.tar.gz (SHA-1 a0c0f2e8965d8aaa31dd9d39eb1519c530929275); scanner-exported DICOM; operator pending claim (historical MRI, STATUS 0.5 Hold)"
20200115_092555_jrc200115_m14_hypx_flow_1_1/3,"2020-01-15T09:50:55,194+0100",visu_pars.VisuCreationDate,0619,14,m14_0619,organism,jrc200115_m14_hypx_flow,AE-biomaGUNE-0619,Bruker BioSpec 7T,0925,scanner-exported DICOM,"animal m14; protocol 0619 by the facility DB (no code in the name; one protocol holds the animal with MRI logged: Mouse; 2020-01-14:MRI); MRI platform archive backup_7T_olddata_260824/2020_pv6/20200115_092555_jrc200115_m14_hypx_flow_1_1.tar.gz (SHA-1 a0c0f2e8965d8aaa31dd9d39eb1519c530929275); scanner-exported DICOM; operator pending claim (historical MRI, STATUS 0.5 Hold)"
20200115_092555_jrc200115_m14_hypx_flow_1_1/5,"2020-01-15T09:52:53,873+0100",visu_pars.VisuCreationDate,0619,14,m14_0619,organism,jrc200115_m14_hypx_flow,AE-biomaGUNE-0619,Bruker BioSpec 7T,0925,scanner-exported DICOM,"animal m14; protocol 0619 by the facility DB (no code in the name; one protocol holds the animal with MRI logged: Mouse; 2020-01-14:MRI); MRI platform archive backup_7T_olddata_260824/2020_pv6/20200115_092555_jrc200115_m14_hypx_flow_1_1.tar.gz (SHA-1 a0c0f2e8965d8aaa31dd9d39eb1519c530929275); scanner-exported DICOM; operator pending claim (historical MRI, STATUS 0.5 Hold)"
20200115_092555_jrc200115_m14_hypx_flow_1_1/6,"2020-01-15T09:55:25,939+0100",visu_pars.VisuCreationDate,0619,14,m14_0619,organism,jrc200115_m14_hypx_flow,AE-biomaGUNE-0619,Bruker BioSpec 7T,0925,scanner-exported DICOM,"animal m14; protocol 0619 by the facility DB (no code in the name; one protocol holds the animal with MRI logged: Mouse; 2020-01-14:MRI); MRI platform archive backup_7T_olddata_260824/2020_pv6/20200115_092555_jrc200115_m14_hypx_flow_1_1.tar.gz (SHA-1 a0c0f2e8965d8aaa31dd9d39eb1519c530929275); scanner-exported DICOM; operator pending claim (historical MRI, STATUS 0.5 Hold)"
20200115_092555_jrc200115_m14_hypx_flow_1_1/8,"2020-01-15T09:57:57,183+0100",visu_pars.VisuCreationDate,0619,14,m14_0619,organism,jrc200115_m14_hypx_flow,AE-biomaGUNE-0619,Bruker BioSpec 7T,0925,scanner-exported DICOM,"animal m14; protocol 0619 by the facility DB (no code in the name; one protocol holds the animal with MRI logged: Mouse; 2020-01-14:MRI); MRI platform archive backup_7T_olddata_260824/2020_pv6/20200115_092555_jrc200115_m14_hypx_flow_1_1.tar.gz (SHA-1 a0c0f2e8965d8aaa31dd9d39eb1519c530929275); scanner-exported DICOM; operator pending claim (historical MRI, STATUS 0.5 Hold)"
20200115_092555_jrc200115_m14_hypx_flow_1_1/9,"2020-01-15T09:59:53,437+0100",visu_pars.VisuCreationDate,0619,14,m14_0619,organism,jrc200115_m14_hypx_flow,AE-biomaGUNE-0619,Bruker BioSpec 7T,0925,scanner-exported DICOM,"animal m14; protocol 0619 by the facility DB (no code in the name; one protocol holds the animal with MRI logged: Mouse; 2020-01-14:MRI); MRI platform archive backup_7T_olddata_260824/2020_pv6/20200115_092555_jrc200115_m14_hypx_flow_1_1.tar.gz (SHA-1 a0c0f2e8965d8aaa31dd9d39eb1519c530929275); scanner-exported DICOM; operator pending claim (historical MRI, STATUS 0.5 Hold)"
20200115_092555_jrc200115_m14_hypx_flow_1_1/10,"2020-01-15T10:05:25,992+0100",visu_pars.VisuCreationDate,0619,14,m14_0619,organism,jrc200115_m14_hypx_flow,AE-biomaGUNE-0619,Bruker BioSpec 7T,0925,scanner-exported DICOM,"animal m14; protocol 0619 by the facility DB (no code in the name; one protocol holds the animal with MRI logged: Mouse; 2020-01-14:MRI); MRI platform archive backup_7T_olddata_260824/2020_pv6/20200115_092555_jrc200115_m14_hypx_flow_1_1.tar.gz (SHA-1 a0c0f2e8965d8aaa31dd9d39eb1519c530929275); scanner-exported DICOM; operator pending claim (historical MRI, STATUS 0.5 Hold)"
20200115_092555_jrc200115_m14_hypx_flow_1_1/11,"2020-01-15T10:12:49,643+0100",visu_pars.VisuCreationDate,0619,14,m14_0619,organism,jrc200115_m14_hypx_flow,AE-biomaGUNE-0619,Bruker BioSpec 7T,0925,scanner-exported DICOM,"animal m14; protocol 0619 by the facility DB (no code in the name; one protocol holds the animal with MRI logged: Mouse; 2020-01-14:MRI); MRI platform archive backup_7T_olddata_260824/2020_pv6/20200115_092555_jrc200115_m14_hypx_flow_1_1.tar.gz (SHA-1 a0c0f2e8965d8aaa31dd9d39eb1519c530929275); scanner-exported DICOM; operator pending claim (historical MRI, STATUS 0.5 Hold)"
20200115_092555_jrc200115_m14_hypx_flow_1_1/12,"2020-01-15T11:33:38,565+0100",visu_pars.VisuCreationDate,0619,14,m14_0619,organism,jrc200115_m14_hypx_flow,AE-biomaGUNE-0619,Bruker BioSpec 7T,0925,scanner-exported DICOM,"animal m14; protocol 0619 by the facility DB (no code in the name; one protocol holds the animal with MRI logged: Mouse; 2020-01-14:MRI); MRI platform archive backup_7T_olddata_260824/2020_pv6/20200115_092555_jrc200115_m14_hypx_flow_1_1.tar.gz (SHA-1 a0c0f2e8965d8aaa31dd9d39eb1519c530929275); scanner-exported DICOM; operator pending claim (historical MRI, STATUS 0.5 Hold)"
20200115_092555_jrc200115_m14_hypx_flow_1_1/13,"2020-01-15T11:45:14,701+0100",visu_pars.VisuCreationDate,0619,14,m14_0619,organism,jrc200115_m14_hypx_flow,AE-biomaGUNE-0619,Bruker BioSpec 7T,0925,scanner-exported DICOM,"animal m14; protocol 0619 by the facility DB (no code in the name; one protocol holds the animal with MRI logged: Mouse; 2020-01-14:MRI); MRI platform archive backup_7T_olddata_260824/2020_pv6/20200115_092555_jrc200115_m14_hypx_flow_1_1.tar.gz (SHA-1 a0c0f2e8965d8aaa31dd9d39eb1519c530929275); scanner-exported DICOM; operator pending claim (historical MRI, STATUS 0.5 Hold)"
20200115_092555_jrc200115_m14_hypx_flow_1_1/15,"2020-01-15T11:55:39,008+0100",visu_pars.VisuCreationDate,0619,14,m14_0619,organism,jrc200115_m14_hypx_flow,AE-biomaGUNE-0619,Bruker BioSpec 7T,0925,scanner-exported DICOM,"animal m14; protocol 0619 by the facility DB (no code in the name; one protocol holds the animal with MRI logged: Mouse; 2020-01-14:MRI); MRI platform archive backup_7T_olddata_260824/2020_pv6/20200115_092555_jrc200115_m14_hypx_flow_1_1.tar.gz (SHA-1 a0c0f2e8965d8aaa31dd9d39eb1519c530929275); scanner-exported DICOM; operator pending claim (historical MRI, STATUS 0.5 Hold)"
20200115_092555_jrc200115_m14_hypx_flow_1_1/17,"2020-01-15T11:53:47,222+0100",visu_pars.VisuCreationDate,0619,14,m14_0619,organism,jrc200115_m14_hypx_flow,AE-biomaGUNE-0619,Bruker BioSpec 7T,0925,scanner-exported DICOM,"animal m14; protocol 0619 by the facility DB (no code in the name; one protocol holds the animal with MRI logged: Mouse; 2020-01-14:MRI); MRI platform archive backup_7T_olddata_260824/2020_pv6/20200115_092555_jrc200115_m14_hypx_flow_1_1.tar.gz (SHA-1 a0c0f2e8965d8aaa31dd9d39eb1519c530929275); scanner-exported DICOM; operator pending claim (historical MRI, STATUS 0.5 Hold)"
20200304_090429_jrc200304_m26_BE_1_1/2,"2020-03-04T09:22:06,575+0100",visu_pars.VisuCreationDate,0619,26,m26_0619,organism,jrc200304_m26_BE,AE-biomaGUNE-0619,Bruker BioSpec 7T,0904,scanner-exported DICOM,"animal m26; protocol 0619 by the facility DB (no code in the name; one protocol holds the animal with MRI logged: Mouse; 2020-03-04:MRI 7T); MRI platform archive backup_7T_olddata_260824/2020_pv6/20200304_090429_jrc200304_m26_BE_1_1.tar.gz (SHA-1 cb8830ea2df0d7bb2590afc8ca2f1d9edab1064d); scanner-exported DICOM; operator pending claim (historical MRI, STATUS 0.5 Hold)"
20200304_090429_jrc200304_m26_BE_1_1/3,"2020-03-04T09:23:35,078+0100",visu_pars.VisuCreationDate,0619,26,m26_0619,organism,jrc200304_m26_BE,AE-biomaGUNE-0619,Bruker BioSpec 7T,0904,scanner-exported DICOM,"animal m26; protocol 0619 by the facility DB (no code in the name; one protocol holds the animal with MRI logged: Mouse; 2020-03-04:MRI 7T); MRI platform archive backup_7T_olddata_260824/2020_pv6/20200304_090429_jrc200304_m26_BE_1_1.tar.gz (SHA-1 cb8830ea2df0d7bb2590afc8ca2f1d9edab1064d); scanner-exported DICOM; operator pending claim (historical MRI, STATUS 0.5 Hold)"
20200304_090429_jrc200304_m26_BE_1_1/4,"2020-03-04T09:25:25,459+0100",visu_pars.VisuCreationDate,0619,26,m26_0619,organism,jrc200304_m26_BE,AE-biomaGUNE-0619,Bruker BioSpec 7T,0904,scanner-exported DICOM,"animal m26; protocol 0619 by the facility DB (no code in the name; one protocol holds the animal with MRI logged: Mouse; 2020-03-04:MRI 7T); MRI platform archive backup_7T_olddata_260824/2020_pv6/20200304_090429_jrc200304_m26_BE_1_1.tar.gz (SHA-1 cb8830ea2df0d7bb2590afc8ca2f1d9edab1064d); scanner-exported DICOM; operator pending claim (historical MRI, STATUS 0.5 Hold)"
20200304_090429_jrc200304_m26_BE_1_1/5,"2020-03-04T09:27:22,999+0100",visu_pars.VisuCreationDate,0619,26,m26_0619,organism,jrc200304_m26_BE,AE-biomaGUNE-0619,Bruker BioSpec 7T,0904,scanner-exported DICOM,"animal m26; protocol 0619 by the facility DB (no code in the name; one protocol holds the animal with MRI logged: Mouse; 2020-03-04:MRI 7T); MRI platform archive backup_7T_olddata_260824/2020_pv6/20200304_090429_jrc200304_m26_BE_1_1.tar.gz (SHA-1 cb8830ea2df0d7bb2590afc8ca2f1d9edab1064d); scanner-exported DICOM; operator pending claim (historical MRI, STATUS 0.5 Hold)"
20200304_090429_jrc200304_m26_BE_1_1/7,"2020-03-04T09:31:04,902+0100",visu_pars.VisuCreationDate,0619,26,m26_0619,organism,jrc200304_m26_BE,AE-biomaGUNE-0619,Bruker BioSpec 7T,0904,scanner-exported DICOM,"animal m26; protocol 0619 by the facility DB (no code in the name; one protocol holds the animal with MRI logged: Mouse; 2020-03-04:MRI 7T); MRI platform archive backup_7T_olddata_260824/2020_pv6/20200304_090429_jrc200304_m26_BE_1_1.tar.gz (SHA-1 cb8830ea2df0d7bb2590afc8ca2f1d9edab1064d); scanner-exported DICOM; operator pending claim (historical MRI, STATUS 0.5 Hold)"
20200304_090429_jrc200304_m26_BE_1_1/8,"2020-03-04T09:35:25,231+0100",visu_pars.VisuCreationDate,0619,26,m26_0619,organism,jrc200304_m26_BE,AE-biomaGUNE-0619,Bruker BioSpec 7T,0904,scanner-exported DICOM,"animal m26; protocol 0619 by the facility DB (no code in the name; one protocol holds the animal with MRI logged: Mouse; 2020-03-04:MRI 7T); MRI platform archive backup_7T_olddata_260824/2020_pv6/20200304_090429_jrc200304_m26_BE_1_1.tar.gz (SHA-1 cb8830ea2df0d7bb2590afc8ca2f1d9edab1064d); scanner-exported DICOM; operator pending claim (historical MRI, STATUS 0.5 Hold)"
20200304_090429_jrc200304_m26_BE_1_1/9,"2020-03-04T09:39:05,372+0100",visu_pars.VisuCreationDate,0619,26,m26_0619,organism,jrc200304_m26_BE,AE-biomaGUNE-0619,Bruker BioSpec 7T,0904,scanner-exported DICOM,"animal m26; protocol 0619 by the facility DB (no code in the name; one protocol holds the animal with MRI logged: Mouse; 2020-03-04:MRI 7T); MRI platform archive backup_7T_olddata_260824/2020_pv6/20200304_090429_jrc200304_m26_BE_1_1.tar.gz (SHA-1 cb8830ea2df0d7bb2590afc8ca2f1d9edab1064d); scanner-exported DICOM; operator pending claim (historical MRI, STATUS 0.5 Hold)"
20200304_090429_jrc200304_m26_BE_1_1/10,"2020-03-04T09:42:45,501+0100",visu_pars.VisuCreationDate,0619,26,m26_0619,organism,jrc200304_m26_BE,AE-biomaGUNE-0619,Bruker BioSpec 7T,0904,scanner-exported DICOM,"animal m26; protocol 0619 by the facility DB (no code in the name; one protocol holds the animal with MRI logged: Mouse; 2020-03-04:MRI 7T); MRI platform archive backup_7T_olddata_260824/2020_pv6/20200304_090429_jrc200304_m26_BE_1_1.tar.gz (SHA-1 cb8830ea2df0d7bb2590afc8ca2f1d9edab1064d); scanner-exported DICOM; operator pending claim (historical MRI, STATUS 0.5 Hold)"
20200304_090429_jrc200304_m26_BE_1_1/11,"2020-03-04T09:46:25,704+0100",visu_pars.VisuCreationDate,0619,26,m26_0619,organism,jrc200304_m26_BE,AE-biomaGUNE-0619,Bruker BioSpec 7T,0904,scanner-exported DICOM,"animal m26; protocol 0619 by the facility DB (no code in the name; one protocol holds the animal with MRI logged: Mouse; 2020-03-04:MRI 7T); MRI platform archive backup_7T_olddata_260824/2020_pv6/20200304_090429_jrc200304_m26_BE_1_1.tar.gz (SHA-1 cb8830ea2df0d7bb2590afc8ca2f1d9edab1064d); scanner-exported DICOM; operator pending claim (historical MRI, STATUS 0.5 Hold)"
20200304_090429_jrc200304_m26_BE_1_1/12,"2020-03-04T09:50:05,930+0100",visu_pars.VisuCreationDate,0619,26,m26_0619,organism,jrc200304_m26_BE,AE-biomaGUNE-0619,Bruker BioSpec 7T,0904,scanner-exported DICOM,"animal m26; protocol 0619 by the facility DB (no code in the name; one protocol holds the animal with MRI logged: Mouse; 2020-03-04:MRI 7T); MRI platform archive backup_7T_olddata_260824/2020_pv6/20200304_090429_jrc200304_m26_BE_1_1.tar.gz (SHA-1 cb8830ea2df0d7bb2590afc8ca2f1d9edab1064d); scanner-exported DICOM; operator pending claim (historical MRI, STATUS 0.5 Hold)"
20200304_090429_jrc200304_m26_BE_1_1/13,"2020-03-04T09:53:46,074+0100",visu_pars.VisuCreationDate,0619,26,m26_0619,organism,jrc200304_m26_BE,AE-biomaGUNE-0619,Bruker BioSpec 7T,0904,scanner-exported DICOM,"animal m26; protocol 0619 by the facility DB (no code in the name; one protocol holds the animal with MRI logged: Mouse; 2020-03-04:MRI 7T); MRI platform archive backup_7T_olddata_260824/2020_pv6/20200304_090429_jrc200304_m26_BE_1_1.tar.gz (SHA-1 cb8830ea2df0d7bb2590afc8ca2f1d9edab1064d); scanner-exported DICOM; operator pending claim (historical MRI, STATUS 0.5 Hold)"
20200304_090429_jrc200304_m26_BE_1_1/14,"2020-03-04T09:57:26,404+0100",visu_pars.VisuCreationDate,0619,26,m26_0619,organism,jrc200304_m26_BE,AE-biomaGUNE-0619,Bruker BioSpec 7T,0904,scanner-exported DICOM,"animal m26; protocol 0619 by the facility DB (no code in the name; one protocol holds the animal with MRI logged: Mouse; 2020-03-04:MRI 7T); MRI platform archive backup_7T_olddata_260824/2020_pv6/20200304_090429_jrc200304_m26_BE_1_1.tar.gz (SHA-1 cb8830ea2df0d7bb2590afc8ca2f1d9edab1064d); scanner-exported DICOM; operator pending claim (historical MRI, STATUS 0.5 Hold)"
20200304_090429_jrc200304_m26_BE_1_1/15,"2020-03-04T10:01:06,622+0100",visu_pars.VisuCreationDate,0619,26,m26_0619,organism,jrc200304_m26_BE,AE-biomaGUNE-0619,Bruker BioSpec 7T,0904,scanner-exported DICOM,"animal m26; protocol 0619 by the facility DB (no code in the name; one protocol holds the animal with MRI logged: Mouse; 2020-03-04:MRI 7T); MRI platform archive backup_7T_olddata_260824/2020_pv6/20200304_090429_jrc200304_m26_BE_1_1.tar.gz (SHA-1 cb8830ea2df0d7bb2590afc8ca2f1d9edab1064d); scanner-exported DICOM; operator pending claim (historical MRI, STATUS 0.5 Hold)"
20200304_090429_jrc200304_m26_BE_1_1/16,"2020-03-04T10:04:46,895+0100",visu_pars.VisuCreationDate,0619,26,m26_0619,organism,jrc200304_m26_BE,AE-biomaGUNE-0619,Bruker BioSpec 7T,0904,scanner-exported DICOM,"animal m26; protocol 0619 by the facility DB (no code in the name; one protocol holds the animal with MRI logged: Mouse; 2020-03-04:MRI 7T); MRI platform archive backup_7T_olddata_260824/2020_pv6/20200304_090429_jrc200304_m26_BE_1_1.tar.gz (SHA-1 cb8830ea2df0d7bb2590afc8ca2f1d9edab1064d); scanner-exported DICOM; operator pending claim (historical MRI, STATUS 0.5 Hold)"
20200304_090429_jrc200304_m26_BE_1_1/18,"2020-03-04T10:08:27,091+0100",visu_pars.VisuCreationDate,0619,26,m26_0619,organism,jrc200304_m26_BE,AE-biomaGUNE-0619,Bruker BioSpec 7T,0904,scanner-exported DICOM,"animal m26; protocol 0619 by the facility DB (no code in the name; one protocol holds the animal with MRI logged: Mouse; 2020-03-04:MRI 7T); MRI platform archive backup_7T_olddata_260824/2020_pv6/20200304_090429_jrc200304_m26_BE_1_1.tar.gz (SHA-1 cb8830ea2df0d7bb2590afc8ca2f1d9edab1064d); scanner-exported DICOM; operator pending claim (historical MRI, STATUS 0.5 Hold)"
20200304_090429_jrc200304_m26_BE_1_1/19,"2020-03-04T10:12:07,445+0100",visu_pars.VisuCreationDate,0619,26,m26_0619,organism,jrc200304_m26_BE,AE-biomaGUNE-0619,Bruker BioSpec 7T,0904,scanner-exported DICOM,"animal m26; protocol 0619 by the facility DB (no code in the name; one protocol holds the animal with MRI logged: Mouse; 2020-03-04:MRI 7T); MRI platform archive backup_7T_olddata_260824/2020_pv6/20200304_090429_jrc200304_m26_BE_1_1.tar.gz (SHA-1 cb8830ea2df0d7bb2590afc8ca2f1d9edab1064d); scanner-exported DICOM; operator pending claim (historical MRI, STATUS 0.5 Hold)"
20200304_090429_jrc200304_m26_BE_1_1/20,"2020-03-04T10:15:48,534+0100",visu_pars.VisuCreationDate,0619,26,m26_0619,organism,jrc200304_m26_BE,AE-biomaGUNE-0619,Bruker BioSpec 7T,0904,scanner-exported DICOM,"animal m26; protocol 0619 by the facility DB (no code in the name; one protocol holds the animal with MRI logged: Mouse; 2020-03-04:MRI 7T); MRI platform archive backup_7T_olddata_260824/2020_pv6/20200304_090429_jrc200304_m26_BE_1_1.tar.gz (SHA-1 cb8830ea2df0d7bb2590afc8ca2f1d9edab1064d); scanner-exported DICOM; operator pending claim (historical MRI, STATUS 0.5 Hold)"
20201209_085653_jrc201209_m75_0619_1_1/2,"2020-12-09T09:17:57,885+0100",visu_pars.VisuCreationDate,0619,75,m75_0619,organism,jrc201209_m75_0619,AE-biomaGUNE-0619,Bruker BioSpec 7T,0856,DICOM regenerated by Dicomifier 2.5.3 (+ gjesus3 workarounds) from the ParaVision 2dseq before ingest,"animal m75; protocol 0619 (CONFIRMED in the facility DB); MRI platform archive backup_7T_olddata_260824/2020_pv6/20201209_085653_jrc201209_m75_0619_1_1.tar.gz (SHA-1 c4c8ba1bf28da029cb6c29e27df4dfae04dbb3b2); DICOM regenerated by Dicomifier 2.5.3 (+ gjesus3 workarounds) from the ParaVision 2dseq before ingest; operator pending claim (historical MRI, STATUS 0.5 Hold)"
20201209_085653_jrc201209_m75_0619_1_1/3,"2020-12-09T09:19:21,405+0100",visu_pars.VisuCreationDate,0619,75,m75_0619,organism,jrc201209_m75_0619,AE-biomaGUNE-0619,Bruker BioSpec 7T,0856,DICOM regenerated by Dicomifier 2.5.3 (+ gjesus3 workarounds) from the ParaVision 2dseq before ingest,"animal m75; protocol 0619 (CONFIRMED in the facility DB); MRI platform archive backup_7T_olddata_260824/2020_pv6/20201209_085653_jrc201209_m75_0619_1_1.tar.gz (SHA-1 c4c8ba1bf28da029cb6c29e27df4dfae04dbb3b2); DICOM regenerated by Dicomifier 2.5.3 (+ gjesus3 workarounds) from the ParaVision 2dseq before ingest; operator pending claim (historical MRI, STATUS 0.5 Hold)"
20201209_085653_jrc201209_m75_0619_1_1/4,"2020-12-09T09:21:11,176+0100",visu_pars.VisuCreationDate,0619,75,m75_0619,organism,jrc201209_m75_0619,AE-biomaGUNE-0619,Bruker BioSpec 7T,0856,DICOM regenerated by Dicomifier 2.5.3 (+ gjesus3 workarounds) from the ParaVision 2dseq before ingest,"animal m75; protocol 0619 (CONFIRMED in the facility DB); MRI platform archive backup_7T_olddata_260824/2020_pv6/20201209_085653_jrc201209_m75_0619_1_1.tar.gz (SHA-1 c4c8ba1bf28da029cb6c29e27df4dfae04dbb3b2); DICOM regenerated by Dicomifier 2.5.3 (+ gjesus3 workarounds) from the ParaVision 2dseq before ingest; operator pending claim (historical MRI, STATUS 0.5 Hold)"
20201209_085653_jrc201209_m75_0619_1_1/5,"2020-12-09T09:23:15,809+0100",visu_pars.VisuCreationDate,0619,75,m75_0619,organism,jrc201209_m75_0619,AE-biomaGUNE-0619,Bruker BioSpec 7T,0856,DICOM regenerated by Dicomifier 2.5.3 (+ gjesus3 workarounds) from the ParaVision 2dseq before ingest,"animal m75; protocol 0619 (CONFIRMED in the facility DB); MRI platform archive backup_7T_olddata_260824/2020_pv6/20201209_085653_jrc201209_m75_0619_1_1.tar.gz (SHA-1 c4c8ba1bf28da029cb6c29e27df4dfae04dbb3b2); DICOM regenerated by Dicomifier 2.5.3 (+ gjesus3 workarounds) from the ParaVision 2dseq before ingest; operator pending claim (historical MRI, STATUS 0.5 Hold)"
20201209_085653_jrc201209_m75_0619_1_1/6,"2020-12-09T09:26:58,130+0100",visu_pars.VisuCreationDate,0619,75,m75_0619,organism,jrc201209_m75_0619,AE-biomaGUNE-0619,Bruker BioSpec 7T,0856,DICOM regenerated by Dicomifier 2.5.3 (+ gjesus3 workarounds) from the ParaVision 2dseq before ingest,"animal m75; protocol 0619 (CONFIRMED in the facility DB); MRI platform archive backup_7T_olddata_260824/2020_pv6/20201209_085653_jrc201209_m75_0619_1_1.tar.gz (SHA-1 c4c8ba1bf28da029cb6c29e27df4dfae04dbb3b2); DICOM regenerated by Dicomifier 2.5.3 (+ gjesus3 workarounds) from the ParaVision 2dseq before ingest; operator pending claim (historical MRI, STATUS 0.5 Hold)"
20201209_085653_jrc201209_m75_0619_1_1/7,"2020-12-09T09:31:20,830+0100",visu_pars.VisuCreationDate,0619,75,m75_0619,organism,jrc201209_m75_0619,AE-biomaGUNE-0619,Bruker BioSpec 7T,0856,DICOM regenerated by Dicomifier 2.5.3 (+ gjesus3 workarounds) from the ParaVision 2dseq before ingest,"animal m75; protocol 0619 (CONFIRMED in the facility DB); MRI platform archive backup_7T_olddata_260824/2020_pv6/20201209_085653_jrc201209_m75_0619_1_1.tar.gz (SHA-1 c4c8ba1bf28da029cb6c29e27df4dfae04dbb3b2); DICOM regenerated by Dicomifier 2.5.3 (+ gjesus3 workarounds) from the ParaVision 2dseq before ingest; operator pending claim (historical MRI, STATUS 0.5 Hold)"
20201209_085653_jrc201209_m75_0619_1_1/8,"2020-12-09T09:35:01,287+0100",visu_pars.VisuCreationDate,0619,75,m75_0619,organism,jrc201209_m75_0619,AE-biomaGUNE-0619,Bruker BioSpec 7T,0856,DICOM regenerated by Dicomifier 2.5.3 (+ gjesus3 workarounds) from the ParaVision 2dseq before ingest,"animal m75; protocol 0619 (CONFIRMED in the facility DB); MRI platform archive backup_7T_olddata_260824/2020_pv6/20201209_085653_jrc201209_m75_0619_1_1.tar.gz (SHA-1 c4c8ba1bf28da029cb6c29e27df4dfae04dbb3b2); DICOM regenerated by Dicomifier 2.5.3 (+ gjesus3 workarounds) from the ParaVision 2dseq before ingest; operator pending claim (historical MRI, STATUS 0.5 Hold)"
20201209_085653_jrc201209_m75_0619_1_1/9,"2020-12-09T09:38:41,920+0100",visu_pars.VisuCreationDate,0619,75,m75_0619,organism,jrc201209_m75_0619,AE-biomaGUNE-0619,Bruker BioSpec 7T,0856,DICOM regenerated by Dicomifier 2.5.3 (+ gjesus3 workarounds) from the ParaVision 2dseq before ingest,"animal m75; protocol 0619 (CONFIRMED in the facility DB); MRI platform archive backup_7T_olddata_260824/2020_pv6/20201209_085653_jrc201209_m75_0619_1_1.tar.gz (SHA-1 c4c8ba1bf28da029cb6c29e27df4dfae04dbb3b2); DICOM regenerated by Dicomifier 2.5.3 (+ gjesus3 workarounds) from the ParaVision 2dseq before ingest; operator pending claim (historical MRI, STATUS 0.5 Hold)"
20201209_085653_jrc201209_m75_0619_1_1/10,"2020-12-09T09:42:22,473+0100",visu_pars.VisuCreationDate,0619,75,m75_0619,organism,jrc201209_m75_0619,AE-biomaGUNE-0619,Bruker BioSpec 7T,0856,DICOM regenerated by Dicomifier 2.5.3 (+ gjesus3 workarounds) from the ParaVision 2dseq before ingest,"animal m75; protocol 0619 (CONFIRMED in the facility DB); MRI platform archive backup_7T_olddata_260824/2020_pv6/20201209_085653_jrc201209_m75_0619_1_1.tar.gz (SHA-1 c4c8ba1bf28da029cb6c29e27df4dfae04dbb3b2); DICOM regenerated by Dicomifier 2.5.3 (+ gjesus3 workarounds) from the ParaVision 2dseq before ingest; operator pending claim (historical MRI, STATUS 0.5 Hold)"
20201209_085653_jrc201209_m75_0619_1_1/11,"2020-12-09T09:46:02,890+0100",visu_pars.VisuCreationDate,0619,75,m75_0619,organism,jrc201209_m75_0619,AE-biomaGUNE-0619,Bruker BioSpec 7T,0856,DICOM regenerated by Dicomifier 2.5.3 (+ gjesus3 workarounds) from the ParaVision 2dseq before ingest,"animal m75; protocol 0619 (CONFIRMED in the facility DB); MRI platform archive backup_7T_olddata_260824/2020_pv6/20201209_085653_jrc201209_m75_0619_1_1.tar.gz (SHA-1 c4c8ba1bf28da029cb6c29e27df4dfae04dbb3b2); DICOM regenerated by Dicomifier 2.5.3 (+ gjesus3 workarounds) from the ParaVision 2dseq before ingest; operator pending claim (historical MRI, STATUS 0.5 Hold)"
20201209_085653_jrc201209_m75_0619_1_1/12,"2020-12-09T09:49:43,314+0100",visu_pars.VisuCreationDate,0619,75,m75_0619,organism,jrc201209_m75_0619,AE-biomaGUNE-0619,Bruker BioSpec 7T,0856,DICOM regenerated by Dicomifier 2.5.3 (+ gjesus3 workarounds) from the ParaVision 2dseq before ingest,"animal m75; protocol 0619 (CONFIRMED in the facility DB); MRI platform archive backup_7T_olddata_260824/2020_pv6/20201209_085653_jrc201209_m75_0619_1_1.tar.gz (SHA-1 c4c8ba1bf28da029cb6c29e27df4dfae04dbb3b2); DICOM regenerated by Dicomifier 2.5.3 (+ gjesus3 workarounds) from the ParaVision 2dseq before ingest; operator pending claim (historical MRI, STATUS 0.5 Hold)"
20201209_085653_jrc201209_m75_0619_1_1/13,"2020-12-09T09:53:23,981+0100",visu_pars.VisuCreationDate,0619,75,m75_0619,organism,jrc201209_m75_0619,AE-biomaGUNE-0619,Bruker BioSpec 7T,0856,DICOM regenerated by Dicomifier 2.5.3 (+ gjesus3 workarounds) from the ParaVision 2dseq before ingest,"animal m75; protocol 0619 (CONFIRMED in the facility DB); MRI platform archive backup_7T_olddata_260824/2020_pv6/20201209_085653_jrc201209_m75_0619_1_1.tar.gz (SHA-1 c4c8ba1bf28da029cb6c29e27df4dfae04dbb3b2); DICOM regenerated by Dicomifier 2.5.3 (+ gjesus3 workarounds) from the ParaVision 2dseq before ingest; operator pending claim (historical MRI, STATUS 0.5 Hold)"
20201209_085653_jrc201209_m75_0619_1_1/14,"2020-12-09T09:57:04,410+0100",visu_pars.VisuCreationDate,0619,75,m75_0619,organism,jrc201209_m75_0619,AE-biomaGUNE-0619,Bruker BioSpec 7T,0856,DICOM regenerated by Dicomifier 2.5.3 (+ gjesus3 workarounds) from the ParaVision 2dseq before ingest,"animal m75; protocol 0619 (CONFIRMED in the facility DB); MRI platform archive backup_7T_olddata_260824/2020_pv6/20201209_085653_jrc201209_m75_0619_1_1.tar.gz (SHA-1 c4c8ba1bf28da029cb6c29e27df4dfae04dbb3b2); DICOM regenerated by Dicomifier 2.5.3 (+ gjesus3 workarounds) from the ParaVision 2dseq before ingest; operator pending claim (historical MRI, STATUS 0.5 Hold)"
20201209_085653_jrc201209_m75_0619_1_1/15,"2020-12-09T10:00:44,848+0100",visu_pars.VisuCreationDate,0619,75,m75_0619,organism,jrc201209_m75_0619,AE-biomaGUNE-0619,Bruker BioSpec 7T,0856,DICOM regenerated by Dicomifier 2.5.3 (+ gjesus3 workarounds) from the ParaVision 2dseq before ingest,"animal m75; protocol 0619 (CONFIRMED in the facility DB); MRI platform archive backup_7T_olddata_260824/2020_pv6/20201209_085653_jrc201209_m75_0619_1_1.tar.gz (SHA-1 c4c8ba1bf28da029cb6c29e27df4dfae04dbb3b2); DICOM regenerated by Dicomifier 2.5.3 (+ gjesus3 workarounds) from the ParaVision 2dseq before ingest; operator pending claim (historical MRI, STATUS 0.5 Hold)"
20201209_085653_jrc201209_m75_0619_1_1/16,"2020-12-09T10:04:25,776+0100",visu_pars.VisuCreationDate,0619,75,m75_0619,organism,jrc201209_m75_0619,AE-biomaGUNE-0619,Bruker BioSpec 7T,0856,DICOM regenerated by Dicomifier 2.5.3 (+ gjesus3 workarounds) from the ParaVision 2dseq before ingest,"animal m75; protocol 0619 (CONFIRMED in the facility DB); MRI platform archive backup_7T_olddata_260824/2020_pv6/20201209_085653_jrc201209_m75_0619_1_1.tar.gz (SHA-1 c4c8ba1bf28da029cb6c29e27df4dfae04dbb3b2); DICOM regenerated by Dicomifier 2.5.3 (+ gjesus3 workarounds) from the ParaVision 2dseq before ingest; operator pending claim (historical MRI, STATUS 0.5 Hold)"
20201209_085653_jrc201209_m75_0619_1_1/17,"2020-12-09T10:08:06,484+0100",visu_pars.VisuCreationDate,0619,75,m75_0619,organism,jrc201209_m75_0619,AE-biomaGUNE-0619,Bruker BioSpec 7T,0856,DICOM regenerated by Dicomifier 2.5.3 (+ gjesus3 workarounds) from the ParaVision 2dseq before ingest,"animal m75; protocol 0619 (CONFIRMED in the facility DB); MRI platform archive backup_7T_olddata_260824/2020_pv6/20201209_085653_jrc201209_m75_0619_1_1.tar.gz (SHA-1 c4c8ba1bf28da029cb6c29e27df4dfae04dbb3b2); DICOM regenerated by Dicomifier 2.5.3 (+ gjesus3 workarounds) from the ParaVision 2dseq before ingest; operator pending claim (historical MRI, STATUS 0.5 Hold)"
20201209_085653_jrc201209_m75_0619_1_1/18,"2020-12-09T10:09:43,041+0100",visu_pars.VisuCreationDate,0619,75,m75_0619,organism,jrc201209_m75_0619,AE-biomaGUNE-0619,Bruker BioSpec 7T,0856,DICOM regenerated by Dicomifier 2.5.3 (+ gjesus3 workarounds) from the ParaVision 2dseq before ingest,"animal m75; protocol 0619 (CONFIRMED in the facility DB); MRI platform archive backup_7T_olddata_260824/2020_pv6/20201209_085653_jrc201209_m75_0619_1_1.tar.gz (SHA-1 c4c8ba1bf28da029cb6c29e27df4dfae04dbb3b2); DICOM regenerated by Dicomifier 2.5.3 (+ gjesus3 workarounds) from the ParaVision 2dseq before ingest; operator pending claim (historical MRI, STATUS 0.5 Hold)"
20201209_085653_jrc201209_m75_0619_1_1/19,"2020-12-09T10:14:33,857+0100",visu_pars.VisuCreationDate,0619,75,m75_0619,organism,jrc201209_m75_0619,AE-biomaGUNE-0619,Bruker BioSpec 7T,0856,DICOM regenerated by Dicomifier 2.5.3 (+ gjesus3 workarounds) from the ParaVision 2dseq before ingest,"animal m75; protocol 0619 (CONFIRMED in the facility DB); MRI platform archive backup_7T_olddata_260824/2020_pv6/20201209_085653_jrc201209_m75_0619_1_1.tar.gz (SHA-1 c4c8ba1bf28da029cb6c29e27df4dfae04dbb3b2); DICOM regenerated by Dicomifier 2.5.3 (+ gjesus3 workarounds) from the ParaVision 2dseq before ingest; operator pending claim (historical MRI, STATUS 0.5 Hold)"
20201209_085653_jrc201209_m75_0619_1_1/20,"2020-12-09T10:21:43,585+0100",visu_pars.VisuCreationDate,0619,75,m75_0619,organism,jrc201209_m75_0619,AE-biomaGUNE-0619,Bruker BioSpec 7T,0856,DICOM regenerated by Dicomifier 2.5.3 (+ gjesus3 workarounds) from the ParaVision 2dseq before ingest,"animal m75; protocol 0619 (CONFIRMED in the facility DB); MRI platform archive backup_7T_olddata_260824/2020_pv6/20201209_085653_jrc201209_m75_0619_1_1.tar.gz (SHA-1 c4c8ba1bf28da029cb6c29e27df4dfae04dbb3b2); DICOM regenerated by Dicomifier 2.5.3 (+ gjesus3 workarounds) from the ParaVision 2dseq before ingest; operator pending claim (historical MRI, STATUS 0.5 Hold)"
20201209_085653_jrc201209_m75_0619_1_1/21,"2020-12-09T10:34:24,179+0100",visu_pars.VisuCreationDate,0619,75,m75_0619,organism,jrc201209_m75_0619,AE-biomaGUNE-0619,Bruker BioSpec 7T,0856,DICOM regenerated by Dicomifier 2.5.3 (+ gjesus3 workarounds) from the ParaVision 2dseq before ingest,"animal m75; protocol 0619 (CONFIRMED in the facility DB); MRI platform archive backup_7T_olddata_260824/2020_pv6/20201209_085653_jrc201209_m75_0619_1_1.tar.gz (SHA-1 c4c8ba1bf28da029cb6c29e27df4dfae04dbb3b2); DICOM regenerated by Dicomifier 2.5.3 (+ gjesus3 workarounds) from the ParaVision 2dseq before ingest; operator pending claim (historical MRI, STATUS 0.5 Hold)"
20201209_085653_jrc201209_m75_0619_1_1/22,"2020-12-09T10:12:27,096+0100",visu_pars.VisuCreationDate,0619,75,m75_0619,organism,jrc201209_m75_0619,AE-biomaGUNE-0619,Bruker BioSpec 7T,0856,DICOM regenerated by Dicomifier 2.5.3 (+ gjesus3 workarounds) from the ParaVision 2dseq before ingest,"animal m75; protocol 0619 (CONFIRMED in the facility DB); MRI platform archive backup_7T_olddata_260824/2020_pv6/20201209_085653_jrc201209_m75_0619_1_1.tar.gz (SHA-1 c4c8ba1bf28da029cb6c29e27df4dfae04dbb3b2); DICOM regenerated by Dicomifier 2.5.3 (+ gjesus3 workarounds) from the ParaVision 2dseq before ingest; operator pending claim (historical MRI, STATUS 0.5 Hold)"
20201209_085653_jrc201209_m75_0619_1_1/23,"2020-12-09T10:16:46,119+0100",visu_pars.VisuCreationDate,0619,75,m75_0619,organism,jrc201209_m75_0619,AE-biomaGUNE-0619,Bruker BioSpec 7T,0856,DICOM regenerated by Dicomifier 2.5.3 (+ gjesus3 workarounds) from the ParaVision 2dseq before ingest,"animal m75; protocol 0619 (CONFIRMED in the facility DB); MRI platform archive backup_7T_olddata_260824/2020_pv6/20201209_085653_jrc201209_m75_0619_1_1.tar.gz (SHA-1 c4c8ba1bf28da029cb6c29e27df4dfae04dbb3b2); DICOM regenerated by Dicomifier 2.5.3 (+ gjesus3 workarounds) from the ParaVision 2dseq before ingest; operator pending claim (historical MRI, STATUS 0.5 Hold)"
20201214_092345_jrc201214_m81_0619_1_1/1,"2020-12-14T09:27:07,492+0100",visu_pars.VisuCreationDate,0619,81,m81_0619,organism,jrc201214_m81_0619,AE-biomaGUNE-0619,Bruker BioSpec 7T,0923,scanner-exported DICOM,"animal m81; protocol 0619 (CONFIRMED in the facility DB); MRI platform archive backup_7T_olddata_260824/2020_pv6/20201214_092345_jrc201214_m81_0619_1_1.tar.gz (SHA-1 8f7cd74403b97ea720c2a6aabf2cdf0f1c1ebc2f); scanner-exported DICOM; operator pending claim (historical MRI, STATUS 0.5 Hold)"
20201214_092345_jrc201214_m81_0619_1_1/2,"2020-12-14T09:28:57,613+0100",visu_pars.VisuCreationDate,0619,81,m81_0619,organism,jrc201214_m81_0619,AE-biomaGUNE-0619,Bruker BioSpec 7T,0923,scanner-exported DICOM,"animal m81; protocol 0619 (CONFIRMED in the facility DB); MRI platform archive backup_7T_olddata_260824/2020_pv6/20201214_092345_jrc201214_m81_0619_1_1.tar.gz (SHA-1 8f7cd74403b97ea720c2a6aabf2cdf0f1c1ebc2f); scanner-exported DICOM; operator pending claim (historical MRI, STATUS 0.5 Hold)"
20201214_092345_jrc201214_m81_0619_1_1/3,"2020-12-14T09:30:36,170+0100",visu_pars.VisuCreationDate,0619,81,m81_0619,organism,jrc201214_m81_0619,AE-biomaGUNE-0619,Bruker BioSpec 7T,0923,scanner-exported DICOM,"animal m81; protocol 0619 (CONFIRMED in the facility DB); MRI platform archive backup_7T_olddata_260824/2020_pv6/20201214_092345_jrc201214_m81_0619_1_1.tar.gz (SHA-1 8f7cd74403b97ea720c2a6aabf2cdf0f1c1ebc2f); scanner-exported DICOM; operator pending claim (historical MRI, STATUS 0.5 Hold)"
20201214_092345_jrc201214_m81_0619_1_1/5,"2020-12-14T09:32:13,761+0100",visu_pars.VisuCreationDate,0619,81,m81_0619,organism,jrc201214_m81_0619,AE-biomaGUNE-0619,Bruker BioSpec 7T,0923,scanner-exported DICOM,"animal m81; protocol 0619 (CONFIRMED in the facility DB); MRI platform archive backup_7T_olddata_260824/2020_pv6/20201214_092345_jrc201214_m81_0619_1_1.tar.gz (SHA-1 8f7cd74403b97ea720c2a6aabf2cdf0f1c1ebc2f); scanner-exported DICOM; operator pending claim (historical MRI, STATUS 0.5 Hold)"
20201214_092345_jrc201214_m81_0619_1_1/6,"2020-12-14T09:35:56,002+0100",visu_pars.VisuCreationDate,0619,81,m81_0619,organism,jrc201214_m81_0619,AE-biomaGUNE-0619,Bruker BioSpec 7T,0923,scanner-exported DICOM,"animal m81; protocol 0619 (CONFIRMED in the facility DB); MRI platform archive backup_7T_olddata_260824/2020_pv6/20201214_092345_jrc201214_m81_0619_1_1.tar.gz (SHA-1 8f7cd74403b97ea720c2a6aabf2cdf0f1c1ebc2f); scanner-exported DICOM; operator pending claim (historical MRI, STATUS 0.5 Hold)"
20201214_092345_jrc201214_m81_0619_1_1/7,"2020-12-14T09:41:01,259+0100",visu_pars.VisuCreationDate,0619,81,m81_0619,organism,jrc201214_m81_0619,AE-biomaGUNE-0619,Bruker BioSpec 7T,0923,scanner-exported DICOM,"animal m81; protocol 0619 (CONFIRMED in the facility DB); MRI platform archive backup_7T_olddata_260824/2020_pv6/20201214_092345_jrc201214_m81_0619_1_1.tar.gz (SHA-1 8f7cd74403b97ea720c2a6aabf2cdf0f1c1ebc2f); scanner-exported DICOM; operator pending claim (historical MRI, STATUS 0.5 Hold)"
20201214_092345_jrc201214_m81_0619_1_1/8,"2020-12-14T09:44:41,873+0100",visu_pars.VisuCreationDate,0619,81,m81_0619,organism,jrc201214_m81_0619,AE-biomaGUNE-0619,Bruker BioSpec 7T,0923,scanner-exported DICOM,"animal m81; protocol 0619 (CONFIRMED in the facility DB); MRI platform archive backup_7T_olddata_260824/2020_pv6/20201214_092345_jrc201214_m81_0619_1_1.tar.gz (SHA-1 8f7cd74403b97ea720c2a6aabf2cdf0f1c1ebc2f); scanner-exported DICOM; operator pending claim (historical MRI, STATUS 0.5 Hold)"
20201214_092345_jrc201214_m81_0619_1_1/9,"2020-12-14T09:48:22,233+0100",visu_pars.VisuCreationDate,0619,81,m81_0619,organism,jrc201214_m81_0619,AE-biomaGUNE-0619,Bruker BioSpec 7T,0923,scanner-exported DICOM,"animal m81; protocol 0619 (CONFIRMED in the facility DB); MRI platform archive backup_7T_olddata_260824/2020_pv6/20201214_092345_jrc201214_m81_0619_1_1.tar.gz (SHA-1 8f7cd74403b97ea720c2a6aabf2cdf0f1c1ebc2f); scanner-exported DICOM; operator pending claim (historical MRI, STATUS 0.5 Hold)"
20201214_092345_jrc201214_m81_0619_1_1/10,"2020-12-14T09:52:02,674+0100",visu_pars.VisuCreationDate,0619,81,m81_0619,organism,jrc201214_m81_0619,AE-biomaGUNE-0619,Bruker BioSpec 7T,0923,scanner-exported DICOM,"animal m81; protocol 0619 (CONFIRMED in the facility DB); MRI platform archive backup_7T_olddata_260824/2020_pv6/20201214_092345_jrc201214_m81_0619_1_1.tar.gz (SHA-1 8f7cd74403b97ea720c2a6aabf2cdf0f1c1ebc2f); scanner-exported DICOM; operator pending claim (historical MRI, STATUS 0.5 Hold)"
20201214_092345_jrc201214_m81_0619_1_1/11,"2020-12-14T09:55:43,112+0100",visu_pars.VisuCreationDate,0619,81,m81_0619,organism,jrc201214_m81_0619,AE-biomaGUNE-0619,Bruker BioSpec 7T,0923,scanner-exported DICOM,"animal m81; protocol 0619 (CONFIRMED in the facility DB); MRI platform archive backup_7T_olddata_260824/2020_pv6/20201214_092345_jrc201214_m81_0619_1_1.tar.gz (SHA-1 8f7cd74403b97ea720c2a6aabf2cdf0f1c1ebc2f); scanner-exported DICOM; operator pending claim (historical MRI, STATUS 0.5 Hold)"
20201214_092345_jrc201214_m81_0619_1_1/12,"2020-12-14T09:59:23,606+0100",visu_pars.VisuCreationDate,0619,81,m81_0619,organism,jrc201214_m81_0619,AE-biomaGUNE-0619,Bruker BioSpec 7T,0923,scanner-exported DICOM,"animal m81; protocol 0619 (CONFIRMED in the facility DB); MRI platform archive backup_7T_olddata_260824/2020_pv6/20201214_092345_jrc201214_m81_0619_1_1.tar.gz (SHA-1 8f7cd74403b97ea720c2a6aabf2cdf0f1c1ebc2f); scanner-exported DICOM; operator pending claim (historical MRI, STATUS 0.5 Hold)"
20201214_092345_jrc201214_m81_0619_1_1/13,"2020-12-14T10:03:25,208+0100",visu_pars.VisuCreationDate,0619,81,m81_0619,organism,jrc201214_m81_0619,AE-biomaGUNE-0619,Bruker BioSpec 7T,0923,scanner-exported DICOM,"animal m81; protocol 0619 (CONFIRMED in the facility DB); MRI platform archive backup_7T_olddata_260824/2020_pv6/20201214_092345_jrc201214_m81_0619_1_1.tar.gz (SHA-1 8f7cd74403b97ea720c2a6aabf2cdf0f1c1ebc2f); scanner-exported DICOM; operator pending claim (historical MRI, STATUS 0.5 Hold)"
20201214_092345_jrc201214_m81_0619_1_1/14,"2020-12-14T10:07:05,678+0100",visu_pars.VisuCreationDate,0619,81,m81_0619,organism,jrc201214_m81_0619,AE-biomaGUNE-0619,Bruker BioSpec 7T,0923,scanner-exported DICOM,"animal m81; protocol 0619 (CONFIRMED in the facility DB); MRI platform archive backup_7T_olddata_260824/2020_pv6/20201214_092345_jrc201214_m81_0619_1_1.tar.gz (SHA-1 8f7cd74403b97ea720c2a6aabf2cdf0f1c1ebc2f); scanner-exported DICOM; operator pending claim (historical MRI, STATUS 0.5 Hold)"
20201214_092345_jrc201214_m81_0619_1_1/15,"2020-12-14T10:10:46,217+0100",visu_pars.VisuCreationDate,0619,81,m81_0619,organism,jrc201214_m81_0619,AE-biomaGUNE-0619,Bruker BioSpec 7T,0923,scanner-exported DICOM,"animal m81; protocol 0619 (CONFIRMED in the facility DB); MRI platform archive backup_7T_olddata_260824/2020_pv6/20201214_092345_jrc201214_m81_0619_1_1.tar.gz (SHA-1 8f7cd74403b97ea720c2a6aabf2cdf0f1c1ebc2f); scanner-exported DICOM; operator pending claim (historical MRI, STATUS 0.5 Hold)"
20201214_092345_jrc201214_m81_0619_1_1/16,"2020-12-14T10:14:26,494+0100",visu_pars.VisuCreationDate,0619,81,m81_0619,organism,jrc201214_m81_0619,AE-biomaGUNE-0619,Bruker BioSpec 7T,0923,scanner-exported DICOM,"animal m81; protocol 0619 (CONFIRMED in the facility DB); MRI platform archive backup_7T_olddata_260824/2020_pv6/20201214_092345_jrc201214_m81_0619_1_1.tar.gz (SHA-1 8f7cd74403b97ea720c2a6aabf2cdf0f1c1ebc2f); scanner-exported DICOM; operator pending claim (historical MRI, STATUS 0.5 Hold)"
20201214_092345_jrc201214_m81_0619_1_1/19,"2020-12-14T10:17:46,758+0100",visu_pars.VisuCreationDate,0619,81,m81_0619,organism,jrc201214_m81_0619,AE-biomaGUNE-0619,Bruker BioSpec 7T,0923,scanner-exported DICOM,"animal m81; protocol 0619 (CONFIRMED in the facility DB); MRI platform archive backup_7T_olddata_260824/2020_pv6/20201214_092345_jrc201214_m81_0619_1_1.tar.gz (SHA-1 8f7cd74403b97ea720c2a6aabf2cdf0f1c1ebc2f); scanner-exported DICOM; operator pending claim (historical MRI, STATUS 0.5 Hold)"
20201214_092345_jrc201214_m81_0619_1_1/20,"2020-12-14T10:22:44,817+0100",visu_pars.VisuCreationDate,0619,81,m81_0619,organism,jrc201214_m81_0619,AE-biomaGUNE-0619,Bruker BioSpec 7T,0923,scanner-exported DICOM,"animal m81; protocol 0619 (CONFIRMED in the facility DB); MRI platform archive backup_7T_olddata_260824/2020_pv6/20201214_092345_jrc201214_m81_0619_1_1.tar.gz (SHA-1 8f7cd74403b97ea720c2a6aabf2cdf0f1c1ebc2f); scanner-exported DICOM; operator pending claim (historical MRI, STATUS 0.5 Hold)"
20201214_092345_jrc201214_m81_0619_1_1/21,"2020-12-14T10:34:52,550+0100",visu_pars.VisuCreationDate,0619,81,m81_0619,organism,jrc201214_m81_0619,AE-biomaGUNE-0619,Bruker BioSpec 7T,0923,scanner-exported DICOM,"animal m81; protocol 0619 (CONFIRMED in the facility DB); MRI platform archive backup_7T_olddata_260824/2020_pv6/20201214_092345_jrc201214_m81_0619_1_1.tar.gz (SHA-1 8f7cd74403b97ea720c2a6aabf2cdf0f1c1ebc2f); scanner-exported DICOM; operator pending claim (historical MRI, STATUS 0.5 Hold)"
20201214_112504_jrc201214_m82ok_0619_1_1/1,"2020-12-14T11:29:08,685+0100",visu_pars.VisuCreationDate,0619,82,m82ok_0619,organism,jrc201214_m82ok_0619,AE-biomaGUNE-0619,Bruker BioSpec 7T,1125,DICOM regenerated by Dicomifier 2.5.3 (+ gjesus3 workarounds) from the ParaVision 2dseq before ingest,"animal m82ok; protocol 0619 (CONFIRMED in the facility DB); MRI platform archive backup_7T_olddata_260824/2020_pv6/20201214_112504_jrc201214_m82ok_0619_1_1.tar.gz (SHA-1 e7440c288acf9c1d17074986a8b41d4c3f35f22f); DICOM regenerated by Dicomifier 2.5.3 (+ gjesus3 workarounds) from the ParaVision 2dseq before ingest; operator pending claim (historical MRI, STATUS 0.5 Hold)"
20201214_112504_jrc201214_m82ok_0619_1_1/2,"2020-12-14T11:30:53,088+0100",visu_pars.VisuCreationDate,0619,82,m82ok_0619,organism,jrc201214_m82ok_0619,AE-biomaGUNE-0619,Bruker BioSpec 7T,1125,DICOM regenerated by Dicomifier 2.5.3 (+ gjesus3 workarounds) from the ParaVision 2dseq before ingest,"animal m82ok; protocol 0619 (CONFIRMED in the facility DB); MRI platform archive backup_7T_olddata_260824/2020_pv6/20201214_112504_jrc201214_m82ok_0619_1_1.tar.gz (SHA-1 e7440c288acf9c1d17074986a8b41d4c3f35f22f); DICOM regenerated by Dicomifier 2.5.3 (+ gjesus3 workarounds) from the ParaVision 2dseq before ingest; operator pending claim (historical MRI, STATUS 0.5 Hold)"
20201214_112504_jrc201214_m82ok_0619_1_1/3,"2020-12-14T11:37:39,109+0100",visu_pars.VisuCreationDate,0619,82,m82ok_0619,organism,jrc201214_m82ok_0619,AE-biomaGUNE-0619,Bruker BioSpec 7T,1125,DICOM regenerated by Dicomifier 2.5.3 (+ gjesus3 workarounds) from the ParaVision 2dseq before ingest,"animal m82ok; protocol 0619 (CONFIRMED in the facility DB); MRI platform archive backup_7T_olddata_260824/2020_pv6/20201214_112504_jrc201214_m82ok_0619_1_1.tar.gz (SHA-1 e7440c288acf9c1d17074986a8b41d4c3f35f22f); DICOM regenerated by Dicomifier 2.5.3 (+ gjesus3 workarounds) from the ParaVision 2dseq before ingest; operator pending claim (historical MRI, STATUS 0.5 Hold)"
20201214_112504_jrc201214_m82ok_0619_1_1/4,"2020-12-14T11:33:31,470+0100",visu_pars.VisuCreationDate,0619,82,m82ok_0619,organism,jrc201214_m82ok_0619,AE-biomaGUNE-0619,Bruker BioSpec 7T,1125,DICOM regenerated by Dicomifier 2.5.3 (+ gjesus3 workarounds) from the ParaVision 2dseq before ingest,"animal m82ok; protocol 0619 (CONFIRMED in the facility DB); MRI platform archive backup_7T_olddata_260824/2020_pv6/20201214_112504_jrc201214_m82ok_0619_1_1.tar.gz (SHA-1 e7440c288acf9c1d17074986a8b41d4c3f35f22f); DICOM regenerated by Dicomifier 2.5.3 (+ gjesus3 workarounds) from the ParaVision 2dseq before ingest; operator pending claim (historical MRI, STATUS 0.5 Hold)"
20201214_112504_jrc201214_m82ok_0619_1_1/5,"2020-12-14T11:35:15,850+0100",visu_pars.VisuCreationDate,0619,82,m82ok_0619,organism,jrc201214_m82ok_0619,AE-biomaGUNE-0619,Bruker BioSpec 7T,1125,DICOM regenerated by Dicomifier 2.5.3 (+ gjesus3 workarounds) from the ParaVision 2dseq before ingest,"animal m82ok; protocol 0619 (CONFIRMED in the facility DB); MRI platform archive backup_7T_olddata_260824/2020_pv6/20201214_112504_jrc201214_m82ok_0619_1_1.tar.gz (SHA-1 e7440c288acf9c1d17074986a8b41d4c3f35f22f); DICOM regenerated by Dicomifier 2.5.3 (+ gjesus3 workarounds) from the ParaVision 2dseq before ingest; operator pending claim (historical MRI, STATUS 0.5 Hold)"
20201214_112504_jrc201214_m82ok_0619_1_1/6,"2020-12-14T11:41:11,550+0100",visu_pars.VisuCreationDate,0619,82,m82ok_0619,organism,jrc201214_m82ok_0619,AE-biomaGUNE-0619,Bruker BioSpec 7T,1125,DICOM regenerated by Dicomifier 2.5.3 (+ gjesus3 workarounds) from the ParaVision 2dseq before ingest,"animal m82ok; protocol 0619 (CONFIRMED in the facility DB); MRI platform archive backup_7T_olddata_260824/2020_pv6/20201214_112504_jrc201214_m82ok_0619_1_1.tar.gz (SHA-1 e7440c288acf9c1d17074986a8b41d4c3f35f22f); DICOM regenerated by Dicomifier 2.5.3 (+ gjesus3 workarounds) from the ParaVision 2dseq before ingest; operator pending claim (historical MRI, STATUS 0.5 Hold)"
20201214_112504_jrc201214_m82ok_0619_1_1/7,"2020-12-14T11:46:07,979+0100",visu_pars.VisuCreationDate,0619,82,m82ok_0619,organism,jrc201214_m82ok_0619,AE-biomaGUNE-0619,Bruker BioSpec 7T,1125,DICOM regenerated by Dicomifier 2.5.3 (+ gjesus3 workarounds) from the ParaVision 2dseq before ingest,"animal m82ok; protocol 0619 (CONFIRMED in the facility DB); MRI platform archive backup_7T_olddata_260824/2020_pv6/20201214_112504_jrc201214_m82ok_0619_1_1.tar.gz (SHA-1 e7440c288acf9c1d17074986a8b41d4c3f35f22f); DICOM regenerated by Dicomifier 2.5.3 (+ gjesus3 workarounds) from the ParaVision 2dseq before ingest; operator pending claim (historical MRI, STATUS 0.5 Hold)"
20201214_112504_jrc201214_m82ok_0619_1_1/8,"2020-12-14T11:47:38,954+0100",visu_pars.VisuCreationDate,0619,82,m82ok_0619,organism,jrc201214_m82ok_0619,AE-biomaGUNE-0619,Bruker BioSpec 7T,1125,DICOM regenerated by Dicomifier 2.5.3 (+ gjesus3 workarounds) from the ParaVision 2dseq before ingest,"animal m82ok; protocol 0619 (CONFIRMED in the facility DB); MRI platform archive backup_7T_olddata_260824/2020_pv6/20201214_112504_jrc201214_m82ok_0619_1_1.tar.gz (SHA-1 e7440c288acf9c1d17074986a8b41d4c3f35f22f); DICOM regenerated by Dicomifier 2.5.3 (+ gjesus3 workarounds) from the ParaVision 2dseq before ingest; operator pending claim (historical MRI, STATUS 0.5 Hold)"
20201214_112504_jrc201214_m82ok_0619_1_1/10,"2020-12-14T11:53:02,432+0100",visu_pars.VisuCreationDate,0619,82,m82ok_0619,organism,jrc201214_m82ok_0619,AE-biomaGUNE-0619,Bruker BioSpec 7T,1125,DICOM regenerated by Dicomifier 2.5.3 (+ gjesus3 workarounds) from the ParaVision 2dseq before ingest,"animal m82ok; protocol 0619 (CONFIRMED in the facility DB); MRI platform archive backup_7T_olddata_260824/2020_pv6/20201214_112504_jrc201214_m82ok_0619_1_1.tar.gz (SHA-1 e7440c288acf9c1d17074986a8b41d4c3f35f22f); DICOM regenerated by Dicomifier 2.5.3 (+ gjesus3 workarounds) from the ParaVision 2dseq before ingest; operator pending claim (historical MRI, STATUS 0.5 Hold)"
20201214_112504_jrc201214_m82ok_0619_1_1/11,"2020-12-14T11:56:42,858+0100",visu_pars.VisuCreationDate,0619,82,m82ok_0619,organism,jrc201214_m82ok_0619,AE-biomaGUNE-0619,Bruker BioSpec 7T,1125,DICOM regenerated by Dicomifier 2.5.3 (+ gjesus3 workarounds) from the ParaVision 2dseq before ingest,"animal m82ok; protocol 0619 (CONFIRMED in the facility DB); MRI platform archive backup_7T_olddata_260824/2020_pv6/20201214_112504_jrc201214_m82ok_0619_1_1.tar.gz (SHA-1 e7440c288acf9c1d17074986a8b41d4c3f35f22f); DICOM regenerated by Dicomifier 2.5.3 (+ gjesus3 workarounds) from the ParaVision 2dseq before ingest; operator pending claim (historical MRI, STATUS 0.5 Hold)"
20201214_112504_jrc201214_m82ok_0619_1_1/12,"2020-12-14T12:00:23,440+0100",visu_pars.VisuCreationDate,0619,82,m82ok_0619,organism,jrc201214_m82ok_0619,AE-biomaGUNE-0619,Bruker BioSpec 7T,1125,DICOM regenerated by Dicomifier 2.5.3 (+ gjesus3 workarounds) from the ParaVision 2dseq before ingest,"animal m82ok; protocol 0619 (CONFIRMED in the facility DB); MRI platform archive backup_7T_olddata_260824/2020_pv6/20201214_112504_jrc201214_m82ok_0619_1_1.tar.gz (SHA-1 e7440c288acf9c1d17074986a8b41d4c3f35f22f); DICOM regenerated by Dicomifier 2.5.3 (+ gjesus3 workarounds) from the ParaVision 2dseq before ingest; operator pending claim (historical MRI, STATUS 0.5 Hold)"
20201214_112504_jrc201214_m82ok_0619_1_1/13,"2020-12-14T12:04:04,038+0100",visu_pars.VisuCreationDate,0619,82,m82ok_0619,organism,jrc201214_m82ok_0619,AE-biomaGUNE-0619,Bruker BioSpec 7T,1125,DICOM regenerated by Dicomifier 2.5.3 (+ gjesus3 workarounds) from the ParaVision 2dseq before ingest,"animal m82ok; protocol 0619 (CONFIRMED in the facility DB); MRI platform archive backup_7T_olddata_260824/2020_pv6/20201214_112504_jrc201214_m82ok_0619_1_1.tar.gz (SHA-1 e7440c288acf9c1d17074986a8b41d4c3f35f22f); DICOM regenerated by Dicomifier 2.5.3 (+ gjesus3 workarounds) from the ParaVision 2dseq before ingest; operator pending claim (historical MRI, STATUS 0.5 Hold)"
20201214_112504_jrc201214_m82ok_0619_1_1/14,"2020-12-14T12:07:46,155+0100",visu_pars.VisuCreationDate,0619,82,m82ok_0619,organism,jrc201214_m82ok_0619,AE-biomaGUNE-0619,Bruker BioSpec 7T,1125,DICOM regenerated by Dicomifier 2.5.3 (+ gjesus3 workarounds) from the ParaVision 2dseq before ingest,"animal m82ok; protocol 0619 (CONFIRMED in the facility DB); MRI platform archive backup_7T_olddata_260824/2020_pv6/20201214_112504_jrc201214_m82ok_0619_1_1.tar.gz (SHA-1 e7440c288acf9c1d17074986a8b41d4c3f35f22f); DICOM regenerated by Dicomifier 2.5.3 (+ gjesus3 workarounds) from the ParaVision 2dseq before ingest; operator pending claim (historical MRI, STATUS 0.5 Hold)"
20201214_112504_jrc201214_m82ok_0619_1_1/15,"2020-12-14T12:11:26,586+0100",visu_pars.VisuCreationDate,0619,82,m82ok_0619,organism,jrc201214_m82ok_0619,AE-biomaGUNE-0619,Bruker BioSpec 7T,1125,DICOM regenerated by Dicomifier 2.5.3 (+ gjesus3 workarounds) from the ParaVision 2dseq before ingest,"animal m82ok; protocol 0619 (CONFIRMED in the facility DB); MRI platform archive backup_7T_olddata_260824/2020_pv6/20201214_112504_jrc201214_m82ok_0619_1_1.tar.gz (SHA-1 e7440c288acf9c1d17074986a8b41d4c3f35f22f); DICOM regenerated by Dicomifier 2.5.3 (+ gjesus3 workarounds) from the ParaVision 2dseq before ingest; operator pending claim (historical MRI, STATUS 0.5 Hold)"
20201214_112504_jrc201214_m82ok_0619_1_1/16,"2020-12-14T12:15:06,801+0100",visu_pars.VisuCreationDate,0619,82,m82ok_0619,organism,jrc201214_m82ok_0619,AE-biomaGUNE-0619,Bruker BioSpec 7T,1125,DICOM regenerated by Dicomifier 2.5.3 (+ gjesus3 workarounds) from the ParaVision 2dseq before ingest,"animal m82ok; protocol 0619 (CONFIRMED in the facility DB); MRI platform archive backup_7T_olddata_260824/2020_pv6/20201214_112504_jrc201214_m82ok_0619_1_1.tar.gz (SHA-1 e7440c288acf9c1d17074986a8b41d4c3f35f22f); DICOM regenerated by Dicomifier 2.5.3 (+ gjesus3 workarounds) from the ParaVision 2dseq before ingest; operator pending claim (historical MRI, STATUS 0.5 Hold)"
20201214_112504_jrc201214_m82ok_0619_1_1/17,"2020-12-14T12:18:55,796+0100",visu_pars.VisuCreationDate,0619,82,m82ok_0619,organism,jrc201214_m82ok_0619,AE-biomaGUNE-0619,Bruker BioSpec 7T,1125,DICOM regenerated by Dicomifier 2.5.3 (+ gjesus3 workarounds) from the ParaVision 2dseq before ingest,"animal m82ok; protocol 0619 (CONFIRMED in the facility DB); MRI platform archive backup_7T_olddata_260824/2020_pv6/20201214_112504_jrc201214_m82ok_0619_1_1.tar.gz (SHA-1 e7440c288acf9c1d17074986a8b41d4c3f35f22f); DICOM regenerated by Dicomifier 2.5.3 (+ gjesus3 workarounds) from the ParaVision 2dseq before ingest; operator pending claim (historical MRI, STATUS 0.5 Hold)"
20201214_112504_jrc201214_m82ok_0619_1_1/18,"2020-12-14T12:22:36,638+0100",visu_pars.VisuCreationDate,0619,82,m82ok_0619,organism,jrc201214_m82ok_0619,AE-biomaGUNE-0619,Bruker BioSpec 7T,1125,DICOM regenerated by Dicomifier 2.5.3 (+ gjesus3 workarounds) from the ParaVision 2dseq before ingest,"animal m82ok; protocol 0619 (CONFIRMED in the facility DB); MRI platform archive backup_7T_olddata_260824/2020_pv6/20201214_112504_jrc201214_m82ok_0619_1_1.tar.gz (SHA-1 e7440c288acf9c1d17074986a8b41d4c3f35f22f); DICOM regenerated by Dicomifier 2.5.3 (+ gjesus3 workarounds) from the ParaVision 2dseq before ingest; operator pending claim (historical MRI, STATUS 0.5 Hold)"
20201214_112504_jrc201214_m82ok_0619_1_1/19,"2020-12-14T12:26:17,027+0100",visu_pars.VisuCreationDate,0619,82,m82ok_0619,organism,jrc201214_m82ok_0619,AE-biomaGUNE-0619,Bruker BioSpec 7T,1125,DICOM regenerated by Dicomifier 2.5.3 (+ gjesus3 workarounds) from the ParaVision 2dseq before ingest,"animal m82ok; protocol 0619 (CONFIRMED in the facility DB); MRI platform archive backup_7T_olddata_260824/2020_pv6/20201214_112504_jrc201214_m82ok_0619_1_1.tar.gz (SHA-1 e7440c288acf9c1d17074986a8b41d4c3f35f22f); DICOM regenerated by Dicomifier 2.5.3 (+ gjesus3 workarounds) from the ParaVision 2dseq before ingest; operator pending claim (historical MRI, STATUS 0.5 Hold)"
20201214_112504_jrc201214_m82ok_0619_1_1/20,"2020-12-14T12:27:29,443+0100",visu_pars.VisuCreationDate,0619,82,m82ok_0619,organism,jrc201214_m82ok_0619,AE-biomaGUNE-0619,Bruker BioSpec 7T,1125,DICOM regenerated by Dicomifier 2.5.3 (+ gjesus3 workarounds) from the ParaVision 2dseq before ingest,"animal m82ok; protocol 0619 (CONFIRMED in the facility DB); MRI platform archive backup_7T_olddata_260824/2020_pv6/20201214_112504_jrc201214_m82ok_0619_1_1.tar.gz (SHA-1 e7440c288acf9c1d17074986a8b41d4c3f35f22f); DICOM regenerated by Dicomifier 2.5.3 (+ gjesus3 workarounds) from the ParaVision 2dseq before ingest; operator pending claim (historical MRI, STATUS 0.5 Hold)"
20201214_112504_jrc201214_m82ok_0619_1_1/21,"2020-12-14T12:34:26,288+0100",visu_pars.VisuCreationDate,0619,82,m82ok_0619,organism,jrc201214_m82ok_0619,AE-biomaGUNE-0619,Bruker BioSpec 7T,1125,DICOM regenerated by Dicomifier 2.5.3 (+ gjesus3 workarounds) from the ParaVision 2dseq before ingest,"animal m82ok; protocol 0619 (CONFIRMED in the facility DB); MRI platform archive backup_7T_olddata_260824/2020_pv6/20201214_112504_jrc201214_m82ok_0619_1_1.tar.gz (SHA-1 e7440c288acf9c1d17074986a8b41d4c3f35f22f); DICOM regenerated by Dicomifier 2.5.3 (+ gjesus3 workarounds) from the ParaVision 2dseq before ingest; operator pending claim (historical MRI, STATUS 0.5 Hold)"
20201214_112504_jrc201214_m82ok_0619_1_1/22,"2020-12-14T12:46:13,908+0100",visu_pars.VisuCreationDate,0619,82,m82ok_0619,organism,jrc201214_m82ok_0619,AE-biomaGUNE-0619,Bruker BioSpec 7T,1125,DICOM regenerated by Dicomifier 2.5.3 (+ gjesus3 workarounds) from the ParaVision 2dseq before ingest,"animal m82ok; protocol 0619 (CONFIRMED in the facility DB); MRI platform archive backup_7T_olddata_260824/2020_pv6/20201214_112504_jrc201214_m82ok_0619_1_1.tar.gz (SHA-1 e7440c288acf9c1d17074986a8b41d4c3f35f22f); DICOM regenerated by Dicomifier 2.5.3 (+ gjesus3 workarounds) from the ParaVision 2dseq before ingest; operator pending claim (historical MRI, STATUS 0.5 Hold)"
20201214_125359_jrc201214_m83_0619_1_1/1,"2020-12-14T13:02:11,985+0100",visu_pars.VisuCreationDate,0619,83,m83_0619,organism,jrc201214_m83_0619,AE-biomaGUNE-0619,Bruker BioSpec 7T,1253,DICOM regenerated by Dicomifier 2.5.3 (+ gjesus3 workarounds) from the ParaVision 2dseq before ingest,"animal m83; protocol 0619 (CONFIRMED in the facility DB); MRI platform archive backup_7T_olddata_260824/2020_pv6/20201214_125359_jrc201214_m83_0619_1_1.tar.gz (SHA-1 e9d96c3995a0ce93d1f640186b9b66e8d2806a1a); DICOM regenerated by Dicomifier 2.5.3 (+ gjesus3 workarounds) from the ParaVision 2dseq before ingest; operator pending claim (historical MRI, STATUS 0.5 Hold)"
20201214_125359_jrc201214_m83_0619_1_1/2,"2020-12-14T13:03:36,191+0100",visu_pars.VisuCreationDate,0619,83,m83_0619,organism,jrc201214_m83_0619,AE-biomaGUNE-0619,Bruker BioSpec 7T,1253,DICOM regenerated by Dicomifier 2.5.3 (+ gjesus3 workarounds) from the ParaVision 2dseq before ingest,"animal m83; protocol 0619 (CONFIRMED in the facility DB); MRI platform archive backup_7T_olddata_260824/2020_pv6/20201214_125359_jrc201214_m83_0619_1_1.tar.gz (SHA-1 e9d96c3995a0ce93d1f640186b9b66e8d2806a1a); DICOM regenerated by Dicomifier 2.5.3 (+ gjesus3 workarounds) from the ParaVision 2dseq before ingest; operator pending claim (historical MRI, STATUS 0.5 Hold)"
20201214_125359_jrc201214_m83_0619_1_1/3,"2020-12-14T13:05:16,040+0100",visu_pars.VisuCreationDate,0619,83,m83_0619,organism,jrc201214_m83_0619,AE-biomaGUNE-0619,Bruker BioSpec 7T,1253,DICOM regenerated by Dicomifier 2.5.3 (+ gjesus3 workarounds) from the ParaVision 2dseq before ingest,"animal m83; protocol 0619 (CONFIRMED in the facility DB); MRI platform archive backup_7T_olddata_260824/2020_pv6/20201214_125359_jrc201214_m83_0619_1_1.tar.gz (SHA-1 e9d96c3995a0ce93d1f640186b9b66e8d2806a1a); DICOM regenerated by Dicomifier 2.5.3 (+ gjesus3 workarounds) from the ParaVision 2dseq before ingest; operator pending claim (historical MRI, STATUS 0.5 Hold)"
20201214_125359_jrc201214_m83_0619_1_1/4,"2020-12-14T13:06:36,572+0100",visu_pars.VisuCreationDate,0619,83,m83_0619,organism,jrc201214_m83_0619,AE-biomaGUNE-0619,Bruker BioSpec 7T,1253,DICOM regenerated by Dicomifier 2.5.3 (+ gjesus3 workarounds) from the ParaVision 2dseq before ingest,"animal m83; protocol 0619 (CONFIRMED in the facility DB); MRI platform archive backup_7T_olddata_260824/2020_pv6/20201214_125359_jrc201214_m83_0619_1_1.tar.gz (SHA-1 e9d96c3995a0ce93d1f640186b9b66e8d2806a1a); DICOM regenerated by Dicomifier 2.5.3 (+ gjesus3 workarounds) from the ParaVision 2dseq before ingest; operator pending claim (historical MRI, STATUS 0.5 Hold)"
20201214_125359_jrc201214_m83_0619_1_1/5,"2020-12-14T13:10:31,214+0100",visu_pars.VisuCreationDate,0619,83,m83_0619,organism,jrc201214_m83_0619,AE-biomaGUNE-0619,Bruker BioSpec 7T,1253,DICOM regenerated by Dicomifier 2.5.3 (+ gjesus3 workarounds) from the ParaVision 2dseq before ingest,"animal m83; protocol 0619 (CONFIRMED in the facility DB); MRI platform archive backup_7T_olddata_260824/2020_pv6/20201214_125359_jrc201214_m83_0619_1_1.tar.gz (SHA-1 e9d96c3995a0ce93d1f640186b9b66e8d2806a1a); DICOM regenerated by Dicomifier 2.5.3 (+ gjesus3 workarounds) from the ParaVision 2dseq before ingest; operator pending claim (historical MRI, STATUS 0.5 Hold)"
20201214_125359_jrc201214_m83_0619_1_1/6,"2020-12-14T13:14:42,956+0100",visu_pars.VisuCreationDate,0619,83,m83_0619,organism,jrc201214_m83_0619,AE-biomaGUNE-0619,Bruker BioSpec 7T,1253,DICOM regenerated by Dicomifier 2.5.3 (+ gjesus3 workarounds) from the ParaVision 2dseq before ingest,"animal m83; protocol 0619 (CONFIRMED in the facility DB); MRI platform archive backup_7T_olddata_260824/2020_pv6/20201214_125359_jrc201214_m83_0619_1_1.tar.gz (SHA-1 e9d96c3995a0ce93d1f640186b9b66e8d2806a1a); DICOM regenerated by Dicomifier 2.5.3 (+ gjesus3 workarounds) from the ParaVision 2dseq before ingest; operator pending claim (historical MRI, STATUS 0.5 Hold)"
20201214_125359_jrc201214_m83_0619_1_1/7,"2020-12-14T13:18:23,354+0100",visu_pars.VisuCreationDate,0619,83,m83_0619,organism,jrc201214_m83_0619,AE-biomaGUNE-0619,Bruker BioSpec 7T,1253,DICOM regenerated by Dicomifier 2.5.3 (+ gjesus3 workarounds) from the ParaVision 2dseq before ingest,"animal m83; protocol 0619 (CONFIRMED in the facility DB); MRI platform archive backup_7T_olddata_260824/2020_pv6/20201214_125359_jrc201214_m83_0619_1_1.tar.gz (SHA-1 e9d96c3995a0ce93d1f640186b9b66e8d2806a1a); DICOM regenerated by Dicomifier 2.5.3 (+ gjesus3 workarounds) from the ParaVision 2dseq before ingest; operator pending claim (historical MRI, STATUS 0.5 Hold)"
20201214_125359_jrc201214_m83_0619_1_1/8,"2020-12-14T13:22:03,847+0100",visu_pars.VisuCreationDate,0619,83,m83_0619,organism,jrc201214_m83_0619,AE-biomaGUNE-0619,Bruker BioSpec 7T,1253,DICOM regenerated by Dicomifier 2.5.3 (+ gjesus3 workarounds) from the ParaVision 2dseq before ingest,"animal m83; protocol 0619 (CONFIRMED in the facility DB); MRI platform archive backup_7T_olddata_260824/2020_pv6/20201214_125359_jrc201214_m83_0619_1_1.tar.gz (SHA-1 e9d96c3995a0ce93d1f640186b9b66e8d2806a1a); DICOM regenerated by Dicomifier 2.5.3 (+ gjesus3 workarounds) from the ParaVision 2dseq before ingest; operator pending claim (historical MRI, STATUS 0.5 Hold)"
20201214_125359_jrc201214_m83_0619_1_1/9,"2020-12-14T13:25:44,218+0100",visu_pars.VisuCreationDate,0619,83,m83_0619,organism,jrc201214_m83_0619,AE-biomaGUNE-0619,Bruker BioSpec 7T,1253,DICOM regenerated by Dicomifier 2.5.3 (+ gjesus3 workarounds) from the ParaVision 2dseq before ingest,"animal m83; protocol 0619 (CONFIRMED in the facility DB); MRI platform archive backup_7T_olddata_260824/2020_pv6/20201214_125359_jrc201214_m83_0619_1_1.tar.gz (SHA-1 e9d96c3995a0ce93d1f640186b9b66e8d2806a1a); DICOM regenerated by Dicomifier 2.5.3 (+ gjesus3 workarounds) from the ParaVision 2dseq before ingest; operator pending claim (historical MRI, STATUS 0.5 Hold)"
20201214_125359_jrc201214_m83_0619_1_1/10,"2020-12-14T13:29:24,753+0100",visu_pars.VisuCreationDate,0619,83,m83_0619,organism,jrc201214_m83_0619,AE-biomaGUNE-0619,Bruker BioSpec 7T,1253,DICOM regenerated by Dicomifier 2.5.3 (+ gjesus3 workarounds) from the ParaVision 2dseq before ingest,"animal m83; protocol 0619 (CONFIRMED in the facility DB); MRI platform archive backup_7T_olddata_260824/2020_pv6/20201214_125359_jrc201214_m83_0619_1_1.tar.gz (SHA-1 e9d96c3995a0ce93d1f640186b9b66e8d2806a1a); DICOM regenerated by Dicomifier 2.5.3 (+ gjesus3 workarounds) from the ParaVision 2dseq before ingest; operator pending claim (historical MRI, STATUS 0.5 Hold)"
20201214_125359_jrc201214_m83_0619_1_1/11,"2020-12-14T13:33:05,332+0100",visu_pars.VisuCreationDate,0619,83,m83_0619,organism,jrc201214_m83_0619,AE-biomaGUNE-0619,Bruker BioSpec 7T,1253,DICOM regenerated by Dicomifier 2.5.3 (+ gjesus3 workarounds) from the ParaVision 2dseq before ingest,"animal m83; protocol 0619 (CONFIRMED in the facility DB); MRI platform archive backup_7T_olddata_260824/2020_pv6/20201214_125359_jrc201214_m83_0619_1_1.tar.gz (SHA-1 e9d96c3995a0ce93d1f640186b9b66e8d2806a1a); DICOM regenerated by Dicomifier 2.5.3 (+ gjesus3 workarounds) from the ParaVision 2dseq before ingest; operator pending claim (historical MRI, STATUS 0.5 Hold)"
20201214_125359_jrc201214_m83_0619_1_1/12,"2020-12-14T13:36:45,737+0100",visu_pars.VisuCreationDate,0619,83,m83_0619,organism,jrc201214_m83_0619,AE-biomaGUNE-0619,Bruker BioSpec 7T,1253,DICOM regenerated by Dicomifier 2.5.3 (+ gjesus3 workarounds) from the ParaVision 2dseq before ingest,"animal m83; protocol 0619 (CONFIRMED in the facility DB); MRI platform archive backup_7T_olddata_260824/2020_pv6/20201214_125359_jrc201214_m83_0619_1_1.tar.gz (SHA-1 e9d96c3995a0ce93d1f640186b9b66e8d2806a1a); DICOM regenerated by Dicomifier 2.5.3 (+ gjesus3 workarounds) from the ParaVision 2dseq before ingest; operator pending claim (historical MRI, STATUS 0.5 Hold)"
20201214_125359_jrc201214_m83_0619_1_1/13,"2020-12-14T13:40:26,257+0100",visu_pars.VisuCreationDate,0619,83,m83_0619,organism,jrc201214_m83_0619,AE-biomaGUNE-0619,Bruker BioSpec 7T,1253,DICOM regenerated by Dicomifier 2.5.3 (+ gjesus3 workarounds) from the ParaVision 2dseq before ingest,"animal m83; protocol 0619 (CONFIRMED in the facility DB); MRI platform archive backup_7T_olddata_260824/2020_pv6/20201214_125359_jrc201214_m83_0619_1_1.tar.gz (SHA-1 e9d96c3995a0ce93d1f640186b9b66e8d2806a1a); DICOM regenerated by Dicomifier 2.5.3 (+ gjesus3 workarounds) from the ParaVision 2dseq before ingest; operator pending claim (historical MRI, STATUS 0.5 Hold)"
20201214_125359_jrc201214_m83_0619_1_1/14,"2020-12-14T13:44:06,828+0100",visu_pars.VisuCreationDate,0619,83,m83_0619,organism,jrc201214_m83_0619,AE-biomaGUNE-0619,Bruker BioSpec 7T,1253,DICOM regenerated by Dicomifier 2.5.3 (+ gjesus3 workarounds) from the ParaVision 2dseq before ingest,"animal m83; protocol 0619 (CONFIRMED in the facility DB); MRI platform archive backup_7T_olddata_260824/2020_pv6/20201214_125359_jrc201214_m83_0619_1_1.tar.gz (SHA-1 e9d96c3995a0ce93d1f640186b9b66e8d2806a1a); DICOM regenerated by Dicomifier 2.5.3 (+ gjesus3 workarounds) from the ParaVision 2dseq before ingest; operator pending claim (historical MRI, STATUS 0.5 Hold)"
20201214_125359_jrc201214_m83_0619_1_1/15,"2020-12-14T13:47:47,568+0100",visu_pars.VisuCreationDate,0619,83,m83_0619,organism,jrc201214_m83_0619,AE-biomaGUNE-0619,Bruker BioSpec 7T,1253,DICOM regenerated by Dicomifier 2.5.3 (+ gjesus3 workarounds) from the ParaVision 2dseq before ingest,"animal m83; protocol 0619 (CONFIRMED in the facility DB); MRI platform archive backup_7T_olddata_260824/2020_pv6/20201214_125359_jrc201214_m83_0619_1_1.tar.gz (SHA-1 e9d96c3995a0ce93d1f640186b9b66e8d2806a1a); DICOM regenerated by Dicomifier 2.5.3 (+ gjesus3 workarounds) from the ParaVision 2dseq before ingest; operator pending claim (historical MRI, STATUS 0.5 Hold)"
20201214_125359_jrc201214_m83_0619_1_1/16,"2020-12-14T13:51:27,994+0100",visu_pars.VisuCreationDate,0619,83,m83_0619,organism,jrc201214_m83_0619,AE-biomaGUNE-0619,Bruker BioSpec 7T,1253,DICOM regenerated by Dicomifier 2.5.3 (+ gjesus3 workarounds) from the ParaVision 2dseq before ingest,"animal m83; protocol 0619 (CONFIRMED in the facility DB); MRI platform archive backup_7T_olddata_260824/2020_pv6/20201214_125359_jrc201214_m83_0619_1_1.tar.gz (SHA-1 e9d96c3995a0ce93d1f640186b9b66e8d2806a1a); DICOM regenerated by Dicomifier 2.5.3 (+ gjesus3 workarounds) from the ParaVision 2dseq before ingest; operator pending claim (historical MRI, STATUS 0.5 Hold)"
20201214_125359_jrc201214_m83_0619_1_1/17,"2020-12-14T13:52:39,980+0100",visu_pars.VisuCreationDate,0619,83,m83_0619,organism,jrc201214_m83_0619,AE-biomaGUNE-0619,Bruker BioSpec 7T,1253,DICOM regenerated by Dicomifier 2.5.3 (+ gjesus3 workarounds) from the ParaVision 2dseq before ingest,"animal m83; protocol 0619 (CONFIRMED in the facility DB); MRI platform archive backup_7T_olddata_260824/2020_pv6/20201214_125359_jrc201214_m83_0619_1_1.tar.gz (SHA-1 e9d96c3995a0ce93d1f640186b9b66e8d2806a1a); DICOM regenerated by Dicomifier 2.5.3 (+ gjesus3 workarounds) from the ParaVision 2dseq before ingest; operator pending claim (historical MRI, STATUS 0.5 Hold)"
20201214_125359_jrc201214_m83_0619_1_1/18,"2020-12-14T13:54:35,283+0100",visu_pars.VisuCreationDate,0619,83,m83_0619,organism,jrc201214_m83_0619,AE-biomaGUNE-0619,Bruker BioSpec 7T,1253,DICOM regenerated by Dicomifier 2.5.3 (+ gjesus3 workarounds) from the ParaVision 2dseq before ingest,"animal m83; protocol 0619 (CONFIRMED in the facility DB); MRI platform archive backup_7T_olddata_260824/2020_pv6/20201214_125359_jrc201214_m83_0619_1_1.tar.gz (SHA-1 e9d96c3995a0ce93d1f640186b9b66e8d2806a1a); DICOM regenerated by Dicomifier 2.5.3 (+ gjesus3 workarounds) from the ParaVision 2dseq before ingest; operator pending claim (historical MRI, STATUS 0.5 Hold)"
20201214_125359_jrc201214_m83_0619_1_1/19,"2020-12-14T13:58:58,265+0100",visu_pars.VisuCreationDate,0619,83,m83_0619,organism,jrc201214_m83_0619,AE-biomaGUNE-0619,Bruker BioSpec 7T,1253,DICOM regenerated by Dicomifier 2.5.3 (+ gjesus3 workarounds) from the ParaVision 2dseq before ingest,"animal m83; protocol 0619 (CONFIRMED in the facility DB); MRI platform archive backup_7T_olddata_260824/2020_pv6/20201214_125359_jrc201214_m83_0619_1_1.tar.gz (SHA-1 e9d96c3995a0ce93d1f640186b9b66e8d2806a1a); DICOM regenerated by Dicomifier 2.5.3 (+ gjesus3 workarounds) from the ParaVision 2dseq before ingest; operator pending claim (historical MRI, STATUS 0.5 Hold)"
20201214_125359_jrc201214_m83_0619_1_1/20,"2020-12-14T14:12:24,709+0100",visu_pars.VisuCreationDate,0619,83,m83_0619,organism,jrc201214_m83_0619,AE-biomaGUNE-0619,Bruker BioSpec 7T,1253,DICOM regenerated by Dicomifier 2.5.3 (+ gjesus3 workarounds) from the ParaVision 2dseq before ingest,"animal m83; protocol 0619 (CONFIRMED in the facility DB); MRI platform archive backup_7T_olddata_260824/2020_pv6/20201214_125359_jrc201214_m83_0619_1_1.tar.gz (SHA-1 e9d96c3995a0ce93d1f640186b9b66e8d2806a1a); DICOM regenerated by Dicomifier 2.5.3 (+ gjesus3 workarounds) from the ParaVision 2dseq before ingest; operator pending claim (historical MRI, STATUS 0.5 Hold)"
20201215_090854_jrc201215_m70_0619_1_1/1,"2020-12-15T09:15:58,911+0100",visu_pars.VisuCreationDate,0619,70,m70_0619,organism,jrc201215_m70_0619,AE-biomaGUNE-0619,Bruker BioSpec 7T,0908,scanner-exported DICOM,"animal m70; protocol 0619 (CONFIRMED in the facility DB); MRI platform archive backup_7T_olddata_260824/2020_pv6/20201215_090854_jrc201215_m70_0619_1_1.tar.gz (SHA-1 f281d91013ecebe81efc8307a25300b539d93d19); scanner-exported DICOM; operator pending claim (historical MRI, STATUS 0.5 Hold)"
20201215_090854_jrc201215_m70_0619_1_1/2,"2020-12-15T09:17:27,451+0100",visu_pars.VisuCreationDate,0619,70,m70_0619,organism,jrc201215_m70_0619,AE-biomaGUNE-0619,Bruker BioSpec 7T,0908,scanner-exported DICOM,"animal m70; protocol 0619 (CONFIRMED in the facility DB); MRI platform archive backup_7T_olddata_260824/2020_pv6/20201215_090854_jrc201215_m70_0619_1_1.tar.gz (SHA-1 f281d91013ecebe81efc8307a25300b539d93d19); scanner-exported DICOM; operator pending claim (historical MRI, STATUS 0.5 Hold)"
20201215_090854_jrc201215_m70_0619_1_1/3,"2020-12-15T09:19:17,531+0100",visu_pars.VisuCreationDate,0619,70,m70_0619,organism,jrc201215_m70_0619,AE-biomaGUNE-0619,Bruker BioSpec 7T,0908,scanner-exported DICOM,"animal m70; protocol 0619 (CONFIRMED in the facility DB); MRI platform archive backup_7T_olddata_260824/2020_pv6/20201215_090854_jrc201215_m70_0619_1_1.tar.gz (SHA-1 f281d91013ecebe81efc8307a25300b539d93d19); scanner-exported DICOM; operator pending claim (historical MRI, STATUS 0.5 Hold)"
20201215_090854_jrc201215_m70_0619_1_1/4,"2020-12-15T09:20:43,356+0100",visu_pars.VisuCreationDate,0619,70,m70_0619,organism,jrc201215_m70_0619,AE-biomaGUNE-0619,Bruker BioSpec 7T,0908,scanner-exported DICOM,"animal m70; protocol 0619 (CONFIRMED in the facility DB); MRI platform archive backup_7T_olddata_260824/2020_pv6/20201215_090854_jrc201215_m70_0619_1_1.tar.gz (SHA-1 f281d91013ecebe81efc8307a25300b539d93d19); scanner-exported DICOM; operator pending claim (historical MRI, STATUS 0.5 Hold)"
20201215_090854_jrc201215_m70_0619_1_1/5,"2020-12-15T09:24:36,827+0100",visu_pars.VisuCreationDate,0619,70,m70_0619,organism,jrc201215_m70_0619,AE-biomaGUNE-0619,Bruker BioSpec 7T,0908,scanner-exported DICOM,"animal m70; protocol 0619 (CONFIRMED in the facility DB); MRI platform archive backup_7T_olddata_260824/2020_pv6/20201215_090854_jrc201215_m70_0619_1_1.tar.gz (SHA-1 f281d91013ecebe81efc8307a25300b539d93d19); scanner-exported DICOM; operator pending claim (historical MRI, STATUS 0.5 Hold)"
20201215_090854_jrc201215_m70_0619_1_1/6,"2020-12-15T09:28:48,190+0100",visu_pars.VisuCreationDate,0619,70,m70_0619,organism,jrc201215_m70_0619,AE-biomaGUNE-0619,Bruker BioSpec 7T,0908,scanner-exported DICOM,"animal m70; protocol 0619 (CONFIRMED in the facility DB); MRI platform archive backup_7T_olddata_260824/2020_pv6/20201215_090854_jrc201215_m70_0619_1_1.tar.gz (SHA-1 f281d91013ecebe81efc8307a25300b539d93d19); scanner-exported DICOM; operator pending claim (historical MRI, STATUS 0.5 Hold)"
20201215_090854_jrc201215_m70_0619_1_1/7,"2020-12-15T09:32:48,769+0100",visu_pars.VisuCreationDate,0619,70,m70_0619,organism,jrc201215_m70_0619,AE-biomaGUNE-0619,Bruker BioSpec 7T,0908,scanner-exported DICOM,"animal m70; protocol 0619 (CONFIRMED in the facility DB); MRI platform archive backup_7T_olddata_260824/2020_pv6/20201215_090854_jrc201215_m70_0619_1_1.tar.gz (SHA-1 f281d91013ecebe81efc8307a25300b539d93d19); scanner-exported DICOM; operator pending claim (historical MRI, STATUS 0.5 Hold)"
20201215_090854_jrc201215_m70_0619_1_1/8,"2020-12-15T09:36:29,279+0100",visu_pars.VisuCreationDate,0619,70,m70_0619,organism,jrc201215_m70_0619,AE-biomaGUNE-0619,Bruker BioSpec 7T,0908,scanner-exported DICOM,"animal m70; protocol 0619 (CONFIRMED in the facility DB); MRI platform archive backup_7T_olddata_260824/2020_pv6/20201215_090854_jrc201215_m70_0619_1_1.tar.gz (SHA-1 f281d91013ecebe81efc8307a25300b539d93d19); scanner-exported DICOM; operator pending claim (historical MRI, STATUS 0.5 Hold)"
20201215_090854_jrc201215_m70_0619_1_1/9,"2020-12-15T09:40:09,667+0100",visu_pars.VisuCreationDate,0619,70,m70_0619,organism,jrc201215_m70_0619,AE-biomaGUNE-0619,Bruker BioSpec 7T,0908,scanner-exported DICOM,"animal m70; protocol 0619 (CONFIRMED in the facility DB); MRI platform archive backup_7T_olddata_260824/2020_pv6/20201215_090854_jrc201215_m70_0619_1_1.tar.gz (SHA-1 f281d91013ecebe81efc8307a25300b539d93d19); scanner-exported DICOM; operator pending claim (historical MRI, STATUS 0.5 Hold)"
20201215_090854_jrc201215_m70_0619_1_1/10,"2020-12-15T09:43:50,022+0100",visu_pars.VisuCreationDate,0619,70,m70_0619,organism,jrc201215_m70_0619,AE-biomaGUNE-0619,Bruker BioSpec 7T,0908,scanner-exported DICOM,"animal m70; protocol 0619 (CONFIRMED in the facility DB); MRI platform archive backup_7T_olddata_260824/2020_pv6/20201215_090854_jrc201215_m70_0619_1_1.tar.gz (SHA-1 f281d91013ecebe81efc8307a25300b539d93d19); scanner-exported DICOM; operator pending claim (historical MRI, STATUS 0.5 Hold)"
20201215_090854_jrc201215_m70_0619_1_1/11,"2020-12-15T09:47:30,456+0100",visu_pars.VisuCreationDate,0619,70,m70_0619,organism,jrc201215_m70_0619,AE-biomaGUNE-0619,Bruker BioSpec 7T,0908,scanner-exported DICOM,"animal m70; protocol 0619 (CONFIRMED in the facility DB); MRI platform archive backup_7T_olddata_260824/2020_pv6/20201215_090854_jrc201215_m70_0619_1_1.tar.gz (SHA-1 f281d91013ecebe81efc8307a25300b539d93d19); scanner-exported DICOM; operator pending claim (historical MRI, STATUS 0.5 Hold)"
20201215_090854_jrc201215_m70_0619_1_1/12,"2020-12-15T09:51:11,128+0100",visu_pars.VisuCreationDate,0619,70,m70_0619,organism,jrc201215_m70_0619,AE-biomaGUNE-0619,Bruker BioSpec 7T,0908,scanner-exported DICOM,"animal m70; protocol 0619 (CONFIRMED in the facility DB); MRI platform archive backup_7T_olddata_260824/2020_pv6/20201215_090854_jrc201215_m70_0619_1_1.tar.gz (SHA-1 f281d91013ecebe81efc8307a25300b539d93d19); scanner-exported DICOM; operator pending claim (historical MRI, STATUS 0.5 Hold)"
20201215_090854_jrc201215_m70_0619_1_1/13,"2020-12-15T09:54:51,542+0100",visu_pars.VisuCreationDate,0619,70,m70_0619,organism,jrc201215_m70_0619,AE-biomaGUNE-0619,Bruker BioSpec 7T,0908,scanner-exported DICOM,"animal m70; protocol 0619 (CONFIRMED in the facility DB); MRI platform archive backup_7T_olddata_260824/2020_pv6/20201215_090854_jrc201215_m70_0619_1_1.tar.gz (SHA-1 f281d91013ecebe81efc8307a25300b539d93d19); scanner-exported DICOM; operator pending claim (historical MRI, STATUS 0.5 Hold)"
20201215_090854_jrc201215_m70_0619_1_1/14,"2020-12-15T09:58:32,204+0100",visu_pars.VisuCreationDate,0619,70,m70_0619,organism,jrc201215_m70_0619,AE-biomaGUNE-0619,Bruker BioSpec 7T,0908,scanner-exported DICOM,"animal m70; protocol 0619 (CONFIRMED in the facility DB); MRI platform archive backup_7T_olddata_260824/2020_pv6/20201215_090854_jrc201215_m70_0619_1_1.tar.gz (SHA-1 f281d91013ecebe81efc8307a25300b539d93d19); scanner-exported DICOM; operator pending claim (historical MRI, STATUS 0.5 Hold)"
20201215_090854_jrc201215_m70_0619_1_1/15,"2020-12-15T10:02:12,773+0100",visu_pars.VisuCreationDate,0619,70,m70_0619,organism,jrc201215_m70_0619,AE-biomaGUNE-0619,Bruker BioSpec 7T,0908,scanner-exported DICOM,"animal m70; protocol 0619 (CONFIRMED in the facility DB); MRI platform archive backup_7T_olddata_260824/2020_pv6/20201215_090854_jrc201215_m70_0619_1_1.tar.gz (SHA-1 f281d91013ecebe81efc8307a25300b539d93d19); scanner-exported DICOM; operator pending claim (historical MRI, STATUS 0.5 Hold)"
20201215_090854_jrc201215_m70_0619_1_1/16,"2020-12-15T10:05:53,112+0100",visu_pars.VisuCreationDate,0619,70,m70_0619,organism,jrc201215_m70_0619,AE-biomaGUNE-0619,Bruker BioSpec 7T,0908,scanner-exported DICOM,"animal m70; protocol 0619 (CONFIRMED in the facility DB); MRI platform archive backup_7T_olddata_260824/2020_pv6/20201215_090854_jrc201215_m70_0619_1_1.tar.gz (SHA-1 f281d91013ecebe81efc8307a25300b539d93d19); scanner-exported DICOM; operator pending claim (historical MRI, STATUS 0.5 Hold)"
20201215_090854_jrc201215_m70_0619_1_1/17,"2020-12-15T10:07:04,427+0100",visu_pars.VisuCreationDate,0619,70,m70_0619,organism,jrc201215_m70_0619,AE-biomaGUNE-0619,Bruker BioSpec 7T,0908,scanner-exported DICOM,"animal m70; protocol 0619 (CONFIRMED in the facility DB); MRI platform archive backup_7T_olddata_260824/2020_pv6/20201215_090854_jrc201215_m70_0619_1_1.tar.gz (SHA-1 f281d91013ecebe81efc8307a25300b539d93d19); scanner-exported DICOM; operator pending claim (historical MRI, STATUS 0.5 Hold)"
20201215_090854_jrc201215_m70_0619_1_1/18,"2020-12-15T10:11:57,504+0100",visu_pars.VisuCreationDate,0619,70,m70_0619,organism,jrc201215_m70_0619,AE-biomaGUNE-0619,Bruker BioSpec 7T,0908,scanner-exported DICOM,"animal m70; protocol 0619 (CONFIRMED in the facility DB); MRI platform archive backup_7T_olddata_260824/2020_pv6/20201215_090854_jrc201215_m70_0619_1_1.tar.gz (SHA-1 f281d91013ecebe81efc8307a25300b539d93d19); scanner-exported DICOM; operator pending claim (historical MRI, STATUS 0.5 Hold)"
20201215_090854_jrc201215_m70_0619_1_1/19,"2020-12-15T10:22:58,178+0100",visu_pars.VisuCreationDate,0619,70,m70_0619,organism,jrc201215_m70_0619,AE-biomaGUNE-0619,Bruker BioSpec 7T,0908,scanner-exported DICOM,"animal m70; protocol 0619 (CONFIRMED in the facility DB); MRI platform archive backup_7T_olddata_260824/2020_pv6/20201215_090854_jrc201215_m70_0619_1_1.tar.gz (SHA-1 f281d91013ecebe81efc8307a25300b539d93d19); scanner-exported DICOM; operator pending claim (historical MRI, STATUS 0.5 Hold)"
20201215_102646_jrc201215_m71_0619_1_1/1,"2020-12-15T10:56:38,732+0100",visu_pars.VisuCreationDate,0619,71,m71_0619,organism,jrc201215_m71_0619,AE-biomaGUNE-0619,Bruker BioSpec 7T,1026,scanner-exported DICOM,"animal m71; protocol 0619 (CONFIRMED in the facility DB); MRI platform archive backup_7T_olddata_260824/2020_pv6/20201215_102646_jrc201215_m71_0619_1_1.tar.gz (SHA-1 e6174ced9908424d13c2e6a24958309766e87604); scanner-exported DICOM; operator pending claim (historical MRI, STATUS 0.5 Hold)"
20201215_102646_jrc201215_m71_0619_1_1/2,"2020-12-15T10:57:59,326+0100",visu_pars.VisuCreationDate,0619,71,m71_0619,organism,jrc201215_m71_0619,AE-biomaGUNE-0619,Bruker BioSpec 7T,1026,scanner-exported DICOM,"animal m71; protocol 0619 (CONFIRMED in the facility DB); MRI platform archive backup_7T_olddata_260824/2020_pv6/20201215_102646_jrc201215_m71_0619_1_1.tar.gz (SHA-1 e6174ced9908424d13c2e6a24958309766e87604); scanner-exported DICOM; operator pending claim (historical MRI, STATUS 0.5 Hold)"
20201215_102646_jrc201215_m71_0619_1_1/4,"2020-12-15T11:03:13,853+0100",visu_pars.VisuCreationDate,0619,71,m71_0619,organism,jrc201215_m71_0619,AE-biomaGUNE-0619,Bruker BioSpec 7T,1026,scanner-exported DICOM,"animal m71; protocol 0619 (CONFIRMED in the facility DB); MRI platform archive backup_7T_olddata_260824/2020_pv6/20201215_102646_jrc201215_m71_0619_1_1.tar.gz (SHA-1 e6174ced9908424d13c2e6a24958309766e87604); scanner-exported DICOM; operator pending claim (historical MRI, STATUS 0.5 Hold)"
20201215_102646_jrc201215_m71_0619_1_1/5,"2020-12-15T11:06:56,202+0100",visu_pars.VisuCreationDate,0619,71,m71_0619,organism,jrc201215_m71_0619,AE-biomaGUNE-0619,Bruker BioSpec 7T,1026,scanner-exported DICOM,"animal m71; protocol 0619 (CONFIRMED in the facility DB); MRI platform archive backup_7T_olddata_260824/2020_pv6/20201215_102646_jrc201215_m71_0619_1_1.tar.gz (SHA-1 e6174ced9908424d13c2e6a24958309766e87604); scanner-exported DICOM; operator pending claim (historical MRI, STATUS 0.5 Hold)"
20201215_102646_jrc201215_m71_0619_1_1/6,"2020-12-15T11:01:42,654+0100",visu_pars.VisuCreationDate,0619,71,m71_0619,organism,jrc201215_m71_0619,AE-biomaGUNE-0619,Bruker BioSpec 7T,1026,scanner-exported DICOM,"animal m71; protocol 0619 (CONFIRMED in the facility DB); MRI platform archive backup_7T_olddata_260824/2020_pv6/20201215_102646_jrc201215_m71_0619_1_1.tar.gz (SHA-1 e6174ced9908424d13c2e6a24958309766e87604); scanner-exported DICOM; operator pending claim (historical MRI, STATUS 0.5 Hold)"
20201215_102646_jrc201215_m71_0619_1_1/7,"2020-12-15T11:11:36,765+0100",visu_pars.VisuCreationDate,0619,71,m71_0619,organism,jrc201215_m71_0619,AE-biomaGUNE-0619,Bruker BioSpec 7T,1026,scanner-exported DICOM,"animal m71; protocol 0619 (CONFIRMED in the facility DB); MRI platform archive backup_7T_olddata_260824/2020_pv6/20201215_102646_jrc201215_m71_0619_1_1.tar.gz (SHA-1 e6174ced9908424d13c2e6a24958309766e87604); scanner-exported DICOM; operator pending claim (historical MRI, STATUS 0.5 Hold)"
20201215_102646_jrc201215_m71_0619_1_1/8,"2020-12-15T11:15:17,371+0100",visu_pars.VisuCreationDate,0619,71,m71_0619,organism,jrc201215_m71_0619,AE-biomaGUNE-0619,Bruker BioSpec 7T,1026,scanner-exported DICOM,"animal m71; protocol 0619 (CONFIRMED in the facility DB); MRI platform archive backup_7T_olddata_260824/2020_pv6/20201215_102646_jrc201215_m71_0619_1_1.tar.gz (SHA-1 e6174ced9908424d13c2e6a24958309766e87604); scanner-exported DICOM; operator pending claim (historical MRI, STATUS 0.5 Hold)"
20201215_102646_jrc201215_m71_0619_1_1/9,"2020-12-15T11:18:57,838+0100",visu_pars.VisuCreationDate,0619,71,m71_0619,organism,jrc201215_m71_0619,AE-biomaGUNE-0619,Bruker BioSpec 7T,1026,scanner-exported DICOM,"animal m71; protocol 0619 (CONFIRMED in the facility DB); MRI platform archive backup_7T_olddata_260824/2020_pv6/20201215_102646_jrc201215_m71_0619_1_1.tar.gz (SHA-1 e6174ced9908424d13c2e6a24958309766e87604); scanner-exported DICOM; operator pending claim (historical MRI, STATUS 0.5 Hold)"
20201215_102646_jrc201215_m71_0619_1_1/10,"2020-12-15T11:22:38,615+0100",visu_pars.VisuCreationDate,0619,71,m71_0619,organism,jrc201215_m71_0619,AE-biomaGUNE-0619,Bruker BioSpec 7T,1026,scanner-exported DICOM,"animal m71; protocol 0619 (CONFIRMED in the facility DB); MRI platform archive backup_7T_olddata_260824/2020_pv6/20201215_102646_jrc201215_m71_0619_1_1.tar.gz (SHA-1 e6174ced9908424d13c2e6a24958309766e87604); scanner-exported DICOM; operator pending claim (historical MRI, STATUS 0.5 Hold)"
20201215_102646_jrc201215_m71_0619_1_1/11,"2020-12-15T11:26:19,282+0100",visu_pars.VisuCreationDate,0619,71,m71_0619,organism,jrc201215_m71_0619,AE-biomaGUNE-0619,Bruker BioSpec 7T,1026,scanner-exported DICOM,"animal m71; protocol 0619 (CONFIRMED in the facility DB); MRI platform archive backup_7T_olddata_260824/2020_pv6/20201215_102646_jrc201215_m71_0619_1_1.tar.gz (SHA-1 e6174ced9908424d13c2e6a24958309766e87604); scanner-exported DICOM; operator pending claim (historical MRI, STATUS 0.5 Hold)"
20201215_102646_jrc201215_m71_0619_1_1/12,"2020-12-15T11:29:59,991+0100",visu_pars.VisuCreationDate,0619,71,m71_0619,organism,jrc201215_m71_0619,AE-biomaGUNE-0619,Bruker BioSpec 7T,1026,scanner-exported DICOM,"animal m71; protocol 0619 (CONFIRMED in the facility DB); MRI platform archive backup_7T_olddata_260824/2020_pv6/20201215_102646_jrc201215_m71_0619_1_1.tar.gz (SHA-1 e6174ced9908424d13c2e6a24958309766e87604); scanner-exported DICOM; operator pending claim (historical MRI, STATUS 0.5 Hold)"
20201215_102646_jrc201215_m71_0619_1_1/13,"2020-12-15T11:33:40,608+0100",visu_pars.VisuCreationDate,0619,71,m71_0619,organism,jrc201215_m71_0619,AE-biomaGUNE-0619,Bruker BioSpec 7T,1026,scanner-exported DICOM,"animal m71; protocol 0619 (CONFIRMED in the facility DB); MRI platform archive backup_7T_olddata_260824/2020_pv6/20201215_102646_jrc201215_m71_0619_1_1.tar.gz (SHA-1 e6174ced9908424d13c2e6a24958309766e87604); scanner-exported DICOM; operator pending claim (historical MRI, STATUS 0.5 Hold)"
20201215_102646_jrc201215_m71_0619_1_1/14,"2020-12-15T11:37:21,139+0100",visu_pars.VisuCreationDate,0619,71,m71_0619,organism,jrc201215_m71_0619,AE-biomaGUNE-0619,Bruker BioSpec 7T,1026,scanner-exported DICOM,"animal m71; protocol 0619 (CONFIRMED in the facility DB); MRI platform archive backup_7T_olddata_260824/2020_pv6/20201215_102646_jrc201215_m71_0619_1_1.tar.gz (SHA-1 e6174ced9908424d13c2e6a24958309766e87604); scanner-exported DICOM; operator pending claim (historical MRI, STATUS 0.5 Hold)"
20201215_102646_jrc201215_m71_0619_1_1/15,"2020-12-15T11:41:01,594+0100",visu_pars.VisuCreationDate,0619,71,m71_0619,organism,jrc201215_m71_0619,AE-biomaGUNE-0619,Bruker BioSpec 7T,1026,scanner-exported DICOM,"animal m71; protocol 0619 (CONFIRMED in the facility DB); MRI platform archive backup_7T_olddata_260824/2020_pv6/20201215_102646_jrc201215_m71_0619_1_1.tar.gz (SHA-1 e6174ced9908424d13c2e6a24958309766e87604); scanner-exported DICOM; operator pending claim (historical MRI, STATUS 0.5 Hold)"
20201215_102646_jrc201215_m71_0619_1_1/16,"2020-12-15T11:44:42,134+0100",visu_pars.VisuCreationDate,0619,71,m71_0619,organism,jrc201215_m71_0619,AE-biomaGUNE-0619,Bruker BioSpec 7T,1026,scanner-exported DICOM,"animal m71; protocol 0619 (CONFIRMED in the facility DB); MRI platform archive backup_7T_olddata_260824/2020_pv6/20201215_102646_jrc201215_m71_0619_1_1.tar.gz (SHA-1 e6174ced9908424d13c2e6a24958309766e87604); scanner-exported DICOM; operator pending claim (historical MRI, STATUS 0.5 Hold)"
20201215_102646_jrc201215_m71_0619_1_1/17,"2020-12-15T11:48:22,709+0100",visu_pars.VisuCreationDate,0619,71,m71_0619,organism,jrc201215_m71_0619,AE-biomaGUNE-0619,Bruker BioSpec 7T,1026,scanner-exported DICOM,"animal m71; protocol 0619 (CONFIRMED in the facility DB); MRI platform archive backup_7T_olddata_260824/2020_pv6/20201215_102646_jrc201215_m71_0619_1_1.tar.gz (SHA-1 e6174ced9908424d13c2e6a24958309766e87604); scanner-exported DICOM; operator pending claim (historical MRI, STATUS 0.5 Hold)"
20201215_102646_jrc201215_m71_0619_1_1/18,"2020-12-15T11:49:33,749+0100",visu_pars.VisuCreationDate,0619,71,m71_0619,organism,jrc201215_m71_0619,AE-biomaGUNE-0619,Bruker BioSpec 7T,1026,scanner-exported DICOM,"animal m71; protocol 0619 (CONFIRMED in the facility DB); MRI platform archive backup_7T_olddata_260824/2020_pv6/20201215_102646_jrc201215_m71_0619_1_1.tar.gz (SHA-1 e6174ced9908424d13c2e6a24958309766e87604); scanner-exported DICOM; operator pending claim (historical MRI, STATUS 0.5 Hold)"
20201215_102646_jrc201215_m71_0619_1_1/19,"2020-12-15T11:54:54,707+0100",visu_pars.VisuCreationDate,0619,71,m71_0619,organism,jrc201215_m71_0619,AE-biomaGUNE-0619,Bruker BioSpec 7T,1026,scanner-exported DICOM,"animal m71; protocol 0619 (CONFIRMED in the facility DB); MRI platform archive backup_7T_olddata_260824/2020_pv6/20201215_102646_jrc201215_m71_0619_1_1.tar.gz (SHA-1 e6174ced9908424d13c2e6a24958309766e87604); scanner-exported DICOM; operator pending claim (historical MRI, STATUS 0.5 Hold)"
20201215_102646_jrc201215_m71_0619_1_1/22,"2020-12-15T12:09:36,488+0100",visu_pars.VisuCreationDate,0619,71,m71_0619,organism,jrc201215_m71_0619,AE-biomaGUNE-0619,Bruker BioSpec 7T,1026,scanner-exported DICOM,"animal m71; protocol 0619 (CONFIRMED in the facility DB); MRI platform archive backup_7T_olddata_260824/2020_pv6/20201215_102646_jrc201215_m71_0619_1_1.tar.gz (SHA-1 e6174ced9908424d13c2e6a24958309766e87604); scanner-exported DICOM; operator pending claim (historical MRI, STATUS 0.5 Hold)"
20201215_120256_jrc201215_m72_0619_1_1/5,"2020-12-15T12:40:54,664+0100",visu_pars.VisuCreationDate,0619,72,m72_0619,organism,jrc201215_m72_0619,AE-biomaGUNE-0619,Bruker BioSpec 7T,1202,scanner-exported DICOM,"animal m72; protocol 0619 (CONFIRMED in the facility DB); MRI platform archive backup_7T_olddata_260824/2020_pv6/20201215_120256_jrc201215_m72_0619_1_1.tar.gz (SHA-1 ea279ca473fe9a1a5b27c01bf02efcf41ffce2be); scanner-exported DICOM; operator pending claim (historical MRI, STATUS 0.5 Hold)"
20201215_120256_jrc201215_m72_0619_1_1/6,"2020-12-15T12:42:24,829+0100",visu_pars.VisuCreationDate,0619,72,m72_0619,organism,jrc201215_m72_0619,AE-biomaGUNE-0619,Bruker BioSpec 7T,1202,scanner-exported DICOM,"animal m72; protocol 0619 (CONFIRMED in the facility DB); MRI platform archive backup_7T_olddata_260824/2020_pv6/20201215_120256_jrc201215_m72_0619_1_1.tar.gz (SHA-1 ea279ca473fe9a1a5b27c01bf02efcf41ffce2be); scanner-exported DICOM; operator pending claim (historical MRI, STATUS 0.5 Hold)"
20201215_120256_jrc201215_m72_0619_1_1/7,"2020-12-15T12:44:15,881+0100",visu_pars.VisuCreationDate,0619,72,m72_0619,organism,jrc201215_m72_0619,AE-biomaGUNE-0619,Bruker BioSpec 7T,1202,scanner-exported DICOM,"animal m72; protocol 0619 (CONFIRMED in the facility DB); MRI platform archive backup_7T_olddata_260824/2020_pv6/20201215_120256_jrc201215_m72_0619_1_1.tar.gz (SHA-1 ea279ca473fe9a1a5b27c01bf02efcf41ffce2be); scanner-exported DICOM; operator pending claim (historical MRI, STATUS 0.5 Hold)"
20201215_120256_jrc201215_m72_0619_1_1/8,"2020-12-15T12:45:58,331+0100",visu_pars.VisuCreationDate,0619,72,m72_0619,organism,jrc201215_m72_0619,AE-biomaGUNE-0619,Bruker BioSpec 7T,1202,scanner-exported DICOM,"animal m72; protocol 0619 (CONFIRMED in the facility DB); MRI platform archive backup_7T_olddata_260824/2020_pv6/20201215_120256_jrc201215_m72_0619_1_1.tar.gz (SHA-1 ea279ca473fe9a1a5b27c01bf02efcf41ffce2be); scanner-exported DICOM; operator pending claim (historical MRI, STATUS 0.5 Hold)"
20201215_120256_jrc201215_m72_0619_1_1/10,"2020-12-15T12:49:40,200+0100",visu_pars.VisuCreationDate,0619,72,m72_0619,organism,jrc201215_m72_0619,AE-biomaGUNE-0619,Bruker BioSpec 7T,1202,scanner-exported DICOM,"animal m72; protocol 0619 (CONFIRMED in the facility DB); MRI platform archive backup_7T_olddata_260824/2020_pv6/20201215_120256_jrc201215_m72_0619_1_1.tar.gz (SHA-1 ea279ca473fe9a1a5b27c01bf02efcf41ffce2be); scanner-exported DICOM; operator pending claim (historical MRI, STATUS 0.5 Hold)"
20201215_120256_jrc201215_m72_0619_1_1/11,"2020-12-15T12:53:37,404+0100",visu_pars.VisuCreationDate,0619,72,m72_0619,organism,jrc201215_m72_0619,AE-biomaGUNE-0619,Bruker BioSpec 7T,1202,scanner-exported DICOM,"animal m72; protocol 0619 (CONFIRMED in the facility DB); MRI platform archive backup_7T_olddata_260824/2020_pv6/20201215_120256_jrc201215_m72_0619_1_1.tar.gz (SHA-1 ea279ca473fe9a1a5b27c01bf02efcf41ffce2be); scanner-exported DICOM; operator pending claim (historical MRI, STATUS 0.5 Hold)"
20201215_120256_jrc201215_m72_0619_1_1/12,"2020-12-15T12:57:17,711+0100",visu_pars.VisuCreationDate,0619,72,m72_0619,organism,jrc201215_m72_0619,AE-biomaGUNE-0619,Bruker BioSpec 7T,1202,scanner-exported DICOM,"animal m72; protocol 0619 (CONFIRMED in the facility DB); MRI platform archive backup_7T_olddata_260824/2020_pv6/20201215_120256_jrc201215_m72_0619_1_1.tar.gz (SHA-1 ea279ca473fe9a1a5b27c01bf02efcf41ffce2be); scanner-exported DICOM; operator pending claim (historical MRI, STATUS 0.5 Hold)"
20201215_120256_jrc201215_m72_0619_1_1/13,"2020-12-15T13:00:58,174+0100",visu_pars.VisuCreationDate,0619,72,m72_0619,organism,jrc201215_m72_0619,AE-biomaGUNE-0619,Bruker BioSpec 7T,1202,scanner-exported DICOM,"animal m72; protocol 0619 (CONFIRMED in the facility DB); MRI platform archive backup_7T_olddata_260824/2020_pv6/20201215_120256_jrc201215_m72_0619_1_1.tar.gz (SHA-1 ea279ca473fe9a1a5b27c01bf02efcf41ffce2be); scanner-exported DICOM; operator pending claim (historical MRI, STATUS 0.5 Hold)"
20201215_120256_jrc201215_m72_0619_1_1/14,"2020-12-15T13:04:38,519+0100",visu_pars.VisuCreationDate,0619,72,m72_0619,organism,jrc201215_m72_0619,AE-biomaGUNE-0619,Bruker BioSpec 7T,1202,scanner-exported DICOM,"animal m72; protocol 0619 (CONFIRMED in the facility DB); MRI platform archive backup_7T_olddata_260824/2020_pv6/20201215_120256_jrc201215_m72_0619_1_1.tar.gz (SHA-1 ea279ca473fe9a1a5b27c01bf02efcf41ffce2be); scanner-exported DICOM; operator pending claim (historical MRI, STATUS 0.5 Hold)"
20201215_120256_jrc201215_m72_0619_1_1/15,"2020-12-15T13:08:18,841+0100",visu_pars.VisuCreationDate,0619,72,m72_0619,organism,jrc201215_m72_0619,AE-biomaGUNE-0619,Bruker BioSpec 7T,1202,scanner-exported DICOM,"animal m72; protocol 0619 (CONFIRMED in the facility DB); MRI platform archive backup_7T_olddata_260824/2020_pv6/20201215_120256_jrc201215_m72_0619_1_1.tar.gz (SHA-1 ea279ca473fe9a1a5b27c01bf02efcf41ffce2be); scanner-exported DICOM; operator pending claim (historical MRI, STATUS 0.5 Hold)"
20201215_120256_jrc201215_m72_0619_1_1/16,"2020-12-15T13:11:59,225+0100",visu_pars.VisuCreationDate,0619,72,m72_0619,organism,jrc201215_m72_0619,AE-biomaGUNE-0619,Bruker BioSpec 7T,1202,scanner-exported DICOM,"animal m72; protocol 0619 (CONFIRMED in the facility DB); MRI platform archive backup_7T_olddata_260824/2020_pv6/20201215_120256_jrc201215_m72_0619_1_1.tar.gz (SHA-1 ea279ca473fe9a1a5b27c01bf02efcf41ffce2be); scanner-exported DICOM; operator pending claim (historical MRI, STATUS 0.5 Hold)"
20201215_120256_jrc201215_m72_0619_1_1/17,"2020-12-15T13:15:39,641+0100",visu_pars.VisuCreationDate,0619,72,m72_0619,organism,jrc201215_m72_0619,AE-biomaGUNE-0619,Bruker BioSpec 7T,1202,scanner-exported DICOM,"animal m72; protocol 0619 (CONFIRMED in the facility DB); MRI platform archive backup_7T_olddata_260824/2020_pv6/20201215_120256_jrc201215_m72_0619_1_1.tar.gz (SHA-1 ea279ca473fe9a1a5b27c01bf02efcf41ffce2be); scanner-exported DICOM; operator pending claim (historical MRI, STATUS 0.5 Hold)"
20201215_120256_jrc201215_m72_0619_1_1/18,"2020-12-15T13:19:19,896+0100",visu_pars.VisuCreationDate,0619,72,m72_0619,organism,jrc201215_m72_0619,AE-biomaGUNE-0619,Bruker BioSpec 7T,1202,scanner-exported DICOM,"animal m72; protocol 0619 (CONFIRMED in the facility DB); MRI platform archive backup_7T_olddata_260824/2020_pv6/20201215_120256_jrc201215_m72_0619_1_1.tar.gz (SHA-1 ea279ca473fe9a1a5b27c01bf02efcf41ffce2be); scanner-exported DICOM; operator pending claim (historical MRI, STATUS 0.5 Hold)"
20201215_120256_jrc201215_m72_0619_1_1/19,"2020-12-15T13:23:00,088+0100",visu_pars.VisuCreationDate,0619,72,m72_0619,organism,jrc201215_m72_0619,AE-biomaGUNE-0619,Bruker BioSpec 7T,1202,scanner-exported DICOM,"animal m72; protocol 0619 (CONFIRMED in the facility DB); MRI platform archive backup_7T_olddata_260824/2020_pv6/20201215_120256_jrc201215_m72_0619_1_1.tar.gz (SHA-1 ea279ca473fe9a1a5b27c01bf02efcf41ffce2be); scanner-exported DICOM; operator pending claim (historical MRI, STATUS 0.5 Hold)"
20201215_120256_jrc201215_m72_0619_1_1/20,"2020-12-15T13:26:40,495+0100",visu_pars.VisuCreationDate,0619,72,m72_0619,organism,jrc201215_m72_0619,AE-biomaGUNE-0619,Bruker BioSpec 7T,1202,scanner-exported DICOM,"animal m72; protocol 0619 (CONFIRMED in the facility DB); MRI platform archive backup_7T_olddata_260824/2020_pv6/20201215_120256_jrc201215_m72_0619_1_1.tar.gz (SHA-1 ea279ca473fe9a1a5b27c01bf02efcf41ffce2be); scanner-exported DICOM; operator pending claim (historical MRI, STATUS 0.5 Hold)"
20201215_120256_jrc201215_m72_0619_1_1/21,"2020-12-15T13:30:43,471+0100",visu_pars.VisuCreationDate,0619,72,m72_0619,organism,jrc201215_m72_0619,AE-biomaGUNE-0619,Bruker BioSpec 7T,1202,scanner-exported DICOM,"animal m72; protocol 0619 (CONFIRMED in the facility DB); MRI platform archive backup_7T_olddata_260824/2020_pv6/20201215_120256_jrc201215_m72_0619_1_1.tar.gz (SHA-1 ea279ca473fe9a1a5b27c01bf02efcf41ffce2be); scanner-exported DICOM; operator pending claim (historical MRI, STATUS 0.5 Hold)"
20201215_120256_jrc201215_m72_0619_1_1/22,"2020-12-15T13:32:02,437+0100",visu_pars.VisuCreationDate,0619,72,m72_0619,organism,jrc201215_m72_0619,AE-biomaGUNE-0619,Bruker BioSpec 7T,1202,scanner-exported DICOM,"animal m72; protocol 0619 (CONFIRMED in the facility DB); MRI platform archive backup_7T_olddata_260824/2020_pv6/20201215_120256_jrc201215_m72_0619_1_1.tar.gz (SHA-1 ea279ca473fe9a1a5b27c01bf02efcf41ffce2be); scanner-exported DICOM; operator pending claim (historical MRI, STATUS 0.5 Hold)"
20201215_120256_jrc201215_m72_0619_1_1/23,"2020-12-15T13:35:14,086+0100",visu_pars.VisuCreationDate,0619,72,m72_0619,organism,jrc201215_m72_0619,AE-biomaGUNE-0619,Bruker BioSpec 7T,1202,scanner-exported DICOM,"animal m72; protocol 0619 (CONFIRMED in the facility DB); MRI platform archive backup_7T_olddata_260824/2020_pv6/20201215_120256_jrc201215_m72_0619_1_1.tar.gz (SHA-1 ea279ca473fe9a1a5b27c01bf02efcf41ffce2be); scanner-exported DICOM; operator pending claim (historical MRI, STATUS 0.5 Hold)"
20201215_120256_jrc201215_m72_0619_1_1/24,"2020-12-15T13:47:48,658+0100",visu_pars.VisuCreationDate,0619,72,m72_0619,organism,jrc201215_m72_0619,AE-biomaGUNE-0619,Bruker BioSpec 7T,1202,scanner-exported DICOM,"animal m72; protocol 0619 (CONFIRMED in the facility DB); MRI platform archive backup_7T_olddata_260824/2020_pv6/20201215_120256_jrc201215_m72_0619_1_1.tar.gz (SHA-1 ea279ca473fe9a1a5b27c01bf02efcf41ffce2be); scanner-exported DICOM; operator pending claim (historical MRI, STATUS 0.5 Hold)"
20201215_120256_jrc201215_m72_0619_1_1/25,"2020-12-15T13:38:45,519+0100",visu_pars.VisuCreationDate,0619,72,m72_0619,organism,jrc201215_m72_0619,AE-biomaGUNE-0619,Bruker BioSpec 7T,1202,scanner-exported DICOM,"animal m72; protocol 0619 (CONFIRMED in the facility DB); MRI platform archive backup_7T_olddata_260824/2020_pv6/20201215_120256_jrc201215_m72_0619_1_1.tar.gz (SHA-1 ea279ca473fe9a1a5b27c01bf02efcf41ffce2be); scanner-exported DICOM; operator pending claim (historical MRI, STATUS 0.5 Hold)"
20201215_120256_jrc201215_m72_0619_1_1/26,"2020-12-15T13:41:14,886+0100",visu_pars.VisuCreationDate,0619,72,m72_0619,organism,jrc201215_m72_0619,AE-biomaGUNE-0619,Bruker BioSpec 7T,1202,scanner-exported DICOM,"animal m72; protocol 0619 (CONFIRMED in the facility DB); MRI platform archive backup_7T_olddata_260824/2020_pv6/20201215_120256_jrc201215_m72_0619_1_1.tar.gz (SHA-1 ea279ca473fe9a1a5b27c01bf02efcf41ffce2be); scanner-exported DICOM; operator pending claim (historical MRI, STATUS 0.5 Hold)"
20201215_120256_jrc201215_m72_0619_1_1/27,"2020-12-15T13:43:31,483+0100",visu_pars.VisuCreationDate,0619,72,m72_0619,organism,jrc201215_m72_0619,AE-biomaGUNE-0619,Bruker BioSpec 7T,1202,scanner-exported DICOM,"animal m72; protocol 0619 (CONFIRMED in the facility DB); MRI platform archive backup_7T_olddata_260824/2020_pv6/20201215_120256_jrc201215_m72_0619_1_1.tar.gz (SHA-1 ea279ca473fe9a1a5b27c01bf02efcf41ffce2be); scanner-exported DICOM; operator pending claim (historical MRI, STATUS 0.5 Hold)"
20201215_120256_jrc201215_m72_0619_1_1/28,"2020-12-15T14:02:53,886+0100",visu_pars.VisuCreationDate,0619,72,m72_0619,organism,jrc201215_m72_0619,AE-biomaGUNE-0619,Bruker BioSpec 7T,1202,scanner-exported DICOM,"animal m72; protocol 0619 (CONFIRMED in the facility DB); MRI platform archive backup_7T_olddata_260824/2020_pv6/20201215_120256_jrc201215_m72_0619_1_1.tar.gz (SHA-1 ea279ca473fe9a1a5b27c01bf02efcf41ffce2be); scanner-exported DICOM; operator pending claim (historical MRI, STATUS 0.5 Hold)"
20210312_133924_jrc210312_m101_0619_1_1/1,"2021-03-12T13:50:50,390+0100",visu_pars.VisuCreationDate,0619,101,m101_0619,organism,jrc210312_m101_0619,AE-biomaGUNE-0619,Bruker BioSpec 7T,1339,scanner-exported DICOM,"animal m101; protocol 0619 (CONFIRMED in the facility DB); MRI platform archive backup_7T_olddata_260824/2021_pv6/20210312_133924_jrc210312_m101_0619_1_1.tar.gz (SHA-1 9b948b5c0bc23c3b90cecfbda4d1357d80153f1b); scanner-exported DICOM; operator pending claim (historical MRI, STATUS 0.5 Hold)"
20210312_133924_jrc210312_m101_0619_1_1/2,"2021-03-12T13:52:24,244+0100",visu_pars.VisuCreationDate,0619,101,m101_0619,organism,jrc210312_m101_0619,AE-biomaGUNE-0619,Bruker BioSpec 7T,1339,scanner-exported DICOM,"animal m101; protocol 0619 (CONFIRMED in the facility DB); MRI platform archive backup_7T_olddata_260824/2021_pv6/20210312_133924_jrc210312_m101_0619_1_1.tar.gz (SHA-1 9b948b5c0bc23c3b90cecfbda4d1357d80153f1b); scanner-exported DICOM; operator pending claim (historical MRI, STATUS 0.5 Hold)"
20210312_133924_jrc210312_m101_0619_1_1/3,"2021-03-12T13:53:44,088+0100",visu_pars.VisuCreationDate,0619,101,m101_0619,organism,jrc210312_m101_0619,AE-biomaGUNE-0619,Bruker BioSpec 7T,1339,scanner-exported DICOM,"animal m101; protocol 0619 (CONFIRMED in the facility DB); MRI platform archive backup_7T_olddata_260824/2021_pv6/20210312_133924_jrc210312_m101_0619_1_1.tar.gz (SHA-1 9b948b5c0bc23c3b90cecfbda4d1357d80153f1b); scanner-exported DICOM; operator pending claim (historical MRI, STATUS 0.5 Hold)"
20210312_133924_jrc210312_m101_0619_1_1/4,"2021-03-12T13:55:12,645+0100",visu_pars.VisuCreationDate,0619,101,m101_0619,organism,jrc210312_m101_0619,AE-biomaGUNE-0619,Bruker BioSpec 7T,1339,scanner-exported DICOM,"animal m101; protocol 0619 (CONFIRMED in the facility DB); MRI platform archive backup_7T_olddata_260824/2021_pv6/20210312_133924_jrc210312_m101_0619_1_1.tar.gz (SHA-1 9b948b5c0bc23c3b90cecfbda4d1357d80153f1b); scanner-exported DICOM; operator pending claim (historical MRI, STATUS 0.5 Hold)"
20210312_133924_jrc210312_m101_0619_1_1/5,"2021-03-12T13:58:55,178+0100",visu_pars.VisuCreationDate,0619,101,m101_0619,organism,jrc210312_m101_0619,AE-biomaGUNE-0619,Bruker BioSpec 7T,1339,scanner-exported DICOM,"animal m101; protocol 0619 (CONFIRMED in the facility DB); MRI platform archive backup_7T_olddata_260824/2021_pv6/20210312_133924_jrc210312_m101_0619_1_1.tar.gz (SHA-1 9b948b5c0bc23c3b90cecfbda4d1357d80153f1b); scanner-exported DICOM; operator pending claim (historical MRI, STATUS 0.5 Hold)"
20210312_133924_jrc210312_m101_0619_1_1/7,"2021-03-12T14:00:56,819+0100",visu_pars.VisuCreationDate,0619,101,m101_0619,organism,jrc210312_m101_0619,AE-biomaGUNE-0619,Bruker BioSpec 7T,1339,scanner-exported DICOM,"animal m101; protocol 0619 (CONFIRMED in the facility DB); MRI platform archive backup_7T_olddata_260824/2021_pv6/20210312_133924_jrc210312_m101_0619_1_1.tar.gz (SHA-1 9b948b5c0bc23c3b90cecfbda4d1357d80153f1b); scanner-exported DICOM; operator pending claim (historical MRI, STATUS 0.5 Hold)"
20210312_133924_jrc210312_m101_0619_1_1/8,"2021-03-12T14:05:44,793+0100",visu_pars.VisuCreationDate,0619,101,m101_0619,organism,jrc210312_m101_0619,AE-biomaGUNE-0619,Bruker BioSpec 7T,1339,scanner-exported DICOM,"animal m101; protocol 0619 (CONFIRMED in the facility DB); MRI platform archive backup_7T_olddata_260824/2021_pv6/20210312_133924_jrc210312_m101_0619_1_1.tar.gz (SHA-1 9b948b5c0bc23c3b90cecfbda4d1357d80153f1b); scanner-exported DICOM; operator pending claim (historical MRI, STATUS 0.5 Hold)"
20210312_133924_jrc210312_m101_0619_1_1/9,"2021-03-12T14:16:59,163+0100",visu_pars.VisuCreationDate,0619,101,m101_0619,organism,jrc210312_m101_0619,AE-biomaGUNE-0619,Bruker BioSpec 7T,1339,scanner-exported DICOM,"animal m101; protocol 0619 (CONFIRMED in the facility DB); MRI platform archive backup_7T_olddata_260824/2021_pv6/20210312_133924_jrc210312_m101_0619_1_1.tar.gz (SHA-1 9b948b5c0bc23c3b90cecfbda4d1357d80153f1b); scanner-exported DICOM; operator pending claim (historical MRI, STATUS 0.5 Hold)"
