original_name,drv_acq_datetime,drv_acq_time_source,drv_alias,drv_animal,drv_sample,drv_sample_type,drv_session,drv_project,drv_model,drv_hhmm,drv_dicom_origin,drv_note
20190527_115114_jrc190527_m10_apoe_1_1/2,"2019-05-27T12:22:22,963+0200",visu_pars.VisuCreationDate,0618,10,m10_0618,organism,jrc190527_m10_apoe,AE-biomaGUNE-0618,Bruker BioSpec 7T,1151,scanner-exported DICOM,"animal m10; protocol 0618 by the facility DB (no code in the name; one protocol holds the animal with MRI logged: Mouse; 2019-05-27:MRI); MRI platform archive backup_7T_olddata_260824/2019_pv6/20190527_115114_jrc190527_m10_apoe_1_1.tar.gz (SHA-1 0853c9ef89e8f7a7c48a5a900391196e8d4e4990); scanner-exported DICOM; operator pending claim (historical MRI, STATUS 0.5 Hold)"
20190527_115114_jrc190527_m10_apoe_1_1/3,"2019-05-27T12:36:09,876+0200",visu_pars.VisuCreationDate,0618,10,m10_0618,organism,jrc190527_m10_apoe,AE-biomaGUNE-0618,Bruker BioSpec 7T,1151,scanner-exported DICOM,"animal m10; protocol 0618 by the facility DB (no code in the name; one protocol holds the animal with MRI logged: Mouse; 2019-05-27:MRI); MRI platform archive backup_7T_olddata_260824/2019_pv6/20190527_115114_jrc190527_m10_apoe_1_1.tar.gz (SHA-1 0853c9ef89e8f7a7c48a5a900391196e8d4e4990); scanner-exported DICOM; operator pending claim (historical MRI, STATUS 0.5 Hold)"
20190527_115114_jrc190527_m10_apoe_1_1/4,"2019-05-27T12:43:12,934+0200",visu_pars.VisuCreationDate,0618,10,m10_0618,organism,jrc190527_m10_apoe,AE-biomaGUNE-0618,Bruker BioSpec 7T,1151,scanner-exported DICOM,"animal m10; protocol 0618 by the facility DB (no code in the name; one protocol holds the animal with MRI logged: Mouse; 2019-05-27:MRI); MRI platform archive backup_7T_olddata_260824/2019_pv6/20190527_115114_jrc190527_m10_apoe_1_1.tar.gz (SHA-1 0853c9ef89e8f7a7c48a5a900391196e8d4e4990); scanner-exported DICOM; operator pending claim (historical MRI, STATUS 0.5 Hold)"
20190527_115114_jrc190527_m10_apoe_1_1/5,"2019-05-27T12:47:12,041+0200",visu_pars.VisuCreationDate,0618,10,m10_0618,organism,jrc190527_m10_apoe,AE-biomaGUNE-0618,Bruker BioSpec 7T,1151,scanner-exported DICOM,"animal m10; protocol 0618 by the facility DB (no code in the name; one protocol holds the animal with MRI logged: Mouse; 2019-05-27:MRI); MRI platform archive backup_7T_olddata_260824/2019_pv6/20190527_115114_jrc190527_m10_apoe_1_1.tar.gz (SHA-1 0853c9ef89e8f7a7c48a5a900391196e8d4e4990); scanner-exported DICOM; operator pending claim (historical MRI, STATUS 0.5 Hold)"
20190527_115114_jrc190527_m10_apoe_1_1/9,"2019-05-27T12:20:46,458+0200",visu_pars.VisuCreationDate,0618,10,m10_0618,organism,jrc190527_m10_apoe,AE-biomaGUNE-0618,Bruker BioSpec 7T,1151,scanner-exported DICOM,"animal m10; protocol 0618 by the facility DB (no code in the name; one protocol holds the animal with MRI logged: Mouse; 2019-05-27:MRI); MRI platform archive backup_7T_olddata_260824/2019_pv6/20190527_115114_jrc190527_m10_apoe_1_1.tar.gz (SHA-1 0853c9ef89e8f7a7c48a5a900391196e8d4e4990); scanner-exported DICOM; operator pending claim (historical MRI, STATUS 0.5 Hold)"
20190527_115114_jrc190527_m10_apoe_1_1/10,"2019-05-27T12:25:01,499+0200",visu_pars.VisuCreationDate,0618,10,m10_0618,organism,jrc190527_m10_apoe,AE-biomaGUNE-0618,Bruker BioSpec 7T,1151,scanner-exported DICOM,"animal m10; protocol 0618 by the facility DB (no code in the name; one protocol holds the animal with MRI logged: Mouse; 2019-05-27:MRI); MRI platform archive backup_7T_olddata_260824/2019_pv6/20190527_115114_jrc190527_m10_apoe_1_1.tar.gz (SHA-1 0853c9ef89e8f7a7c48a5a900391196e8d4e4990); scanner-exported DICOM; operator pending claim (historical MRI, STATUS 0.5 Hold)"
20190527_115114_jrc190527_m10_apoe_1_1/11,"2019-05-27T12:37:14,275+0200",visu_pars.VisuCreationDate,0618,10,m10_0618,organism,jrc190527_m10_apoe,AE-biomaGUNE-0618,Bruker BioSpec 7T,1151,scanner-exported DICOM,"animal m10; protocol 0618 by the facility DB (no code in the name; one protocol holds the animal with MRI logged: Mouse; 2019-05-27:MRI); MRI platform archive backup_7T_olddata_260824/2019_pv6/20190527_115114_jrc190527_m10_apoe_1_1.tar.gz (SHA-1 0853c9ef89e8f7a7c48a5a900391196e8d4e4990); scanner-exported DICOM; operator pending claim (historical MRI, STATUS 0.5 Hold)"
20190527_115114_jrc190527_m10_apoe_1_1/12,"2019-05-27T13:01:54,723+0200",visu_pars.VisuCreationDate,0618,10,m10_0618,organism,jrc190527_m10_apoe,AE-biomaGUNE-0618,Bruker BioSpec 7T,1151,scanner-exported DICOM,"animal m10; protocol 0618 by the facility DB (no code in the name; one protocol holds the animal with MRI logged: Mouse; 2019-05-27:MRI); MRI platform archive backup_7T_olddata_260824/2019_pv6/20190527_115114_jrc190527_m10_apoe_1_1.tar.gz (SHA-1 0853c9ef89e8f7a7c48a5a900391196e8d4e4990); scanner-exported DICOM; operator pending claim (historical MRI, STATUS 0.5 Hold)"
20190527_115114_jrc190527_m10_apoe_1_1/16,"2019-05-27T14:16:55,673+0200",visu_pars.VisuCreationDate,0618,10,m10_0618,organism,jrc190527_m10_apoe,AE-biomaGUNE-0618,Bruker BioSpec 7T,1151,scanner-exported DICOM,"animal m10; protocol 0618 by the facility DB (no code in the name; one protocol holds the animal with MRI logged: Mouse; 2019-05-27:MRI); MRI platform archive backup_7T_olddata_260824/2019_pv6/20190527_115114_jrc190527_m10_apoe_1_1.tar.gz (SHA-1 0853c9ef89e8f7a7c48a5a900391196e8d4e4990); scanner-exported DICOM; operator pending claim (historical MRI, STATUS 0.5 Hold)"
20190527_115114_jrc190527_m10_apoe_1_1/17,"2019-05-27T14:18:16,541+0200",visu_pars.VisuCreationDate,0618,10,m10_0618,organism,jrc190527_m10_apoe,AE-biomaGUNE-0618,Bruker BioSpec 7T,1151,scanner-exported DICOM,"animal m10; protocol 0618 by the facility DB (no code in the name; one protocol holds the animal with MRI logged: Mouse; 2019-05-27:MRI); MRI platform archive backup_7T_olddata_260824/2019_pv6/20190527_115114_jrc190527_m10_apoe_1_1.tar.gz (SHA-1 0853c9ef89e8f7a7c48a5a900391196e8d4e4990); scanner-exported DICOM; operator pending claim (historical MRI, STATUS 0.5 Hold)"
20190527_115114_jrc190527_m10_apoe_1_1/18,"2019-05-27T14:21:30,149+0200",visu_pars.VisuCreationDate,0618,10,m10_0618,organism,jrc190527_m10_apoe,AE-biomaGUNE-0618,Bruker BioSpec 7T,1151,scanner-exported DICOM,"animal m10; protocol 0618 by the facility DB (no code in the name; one protocol holds the animal with MRI logged: Mouse; 2019-05-27:MRI); MRI platform archive backup_7T_olddata_260824/2019_pv6/20190527_115114_jrc190527_m10_apoe_1_1.tar.gz (SHA-1 0853c9ef89e8f7a7c48a5a900391196e8d4e4990); scanner-exported DICOM; operator pending claim (historical MRI, STATUS 0.5 Hold)"
20190527_115114_jrc190527_m10_apoe_1_1/19,"2019-05-27T14:24:21,040+0200",visu_pars.VisuCreationDate,0618,10,m10_0618,organism,jrc190527_m10_apoe,AE-biomaGUNE-0618,Bruker BioSpec 7T,1151,scanner-exported DICOM,"animal m10; protocol 0618 by the facility DB (no code in the name; one protocol holds the animal with MRI logged: Mouse; 2019-05-27:MRI); MRI platform archive backup_7T_olddata_260824/2019_pv6/20190527_115114_jrc190527_m10_apoe_1_1.tar.gz (SHA-1 0853c9ef89e8f7a7c48a5a900391196e8d4e4990); scanner-exported DICOM; operator pending claim (historical MRI, STATUS 0.5 Hold)"
20190527_115114_jrc190527_m10_apoe_1_1/20,"2019-05-27T14:26:50,303+0200",visu_pars.VisuCreationDate,0618,10,m10_0618,organism,jrc190527_m10_apoe,AE-biomaGUNE-0618,Bruker BioSpec 7T,1151,scanner-exported DICOM,"animal m10; protocol 0618 by the facility DB (no code in the name; one protocol holds the animal with MRI logged: Mouse; 2019-05-27:MRI); MRI platform archive backup_7T_olddata_260824/2019_pv6/20190527_115114_jrc190527_m10_apoe_1_1.tar.gz (SHA-1 0853c9ef89e8f7a7c48a5a900391196e8d4e4990); scanner-exported DICOM; operator pending claim (historical MRI, STATUS 0.5 Hold)"
20190527_115114_jrc190527_m10_apoe_1_1/21,"2019-05-27T14:36:49,829+0200",visu_pars.VisuCreationDate,0618,10,m10_0618,organism,jrc190527_m10_apoe,AE-biomaGUNE-0618,Bruker BioSpec 7T,1151,scanner-exported DICOM,"animal m10; protocol 0618 by the facility DB (no code in the name; one protocol holds the animal with MRI logged: Mouse; 2019-05-27:MRI); MRI platform archive backup_7T_olddata_260824/2019_pv6/20190527_115114_jrc190527_m10_apoe_1_1.tar.gz (SHA-1 0853c9ef89e8f7a7c48a5a900391196e8d4e4990); scanner-exported DICOM; operator pending claim (historical MRI, STATUS 0.5 Hold)"
20190527_115114_jrc190527_m10_apoe_1_1/22,"2019-05-27T14:57:00,208+0200",visu_pars.VisuCreationDate,0618,10,m10_0618,organism,jrc190527_m10_apoe,AE-biomaGUNE-0618,Bruker BioSpec 7T,1151,scanner-exported DICOM,"animal m10; protocol 0618 by the facility DB (no code in the name; one protocol holds the animal with MRI logged: Mouse; 2019-05-27:MRI); MRI platform archive backup_7T_olddata_260824/2019_pv6/20190527_115114_jrc190527_m10_apoe_1_1.tar.gz (SHA-1 0853c9ef89e8f7a7c48a5a900391196e8d4e4990); scanner-exported DICOM; operator pending claim (historical MRI, STATUS 0.5 Hold)"
20190527_115114_jrc190527_m10_apoe_1_1/23,"2019-05-27T14:49:37,229+0200",visu_pars.VisuCreationDate,0618,10,m10_0618,organism,jrc190527_m10_apoe,AE-biomaGUNE-0618,Bruker BioSpec 7T,1151,scanner-exported DICOM,"animal m10; protocol 0618 by the facility DB (no code in the name; one protocol holds the animal with MRI logged: Mouse; 2019-05-27:MRI); MRI platform archive backup_7T_olddata_260824/2019_pv6/20190527_115114_jrc190527_m10_apoe_1_1.tar.gz (SHA-1 0853c9ef89e8f7a7c48a5a900391196e8d4e4990); scanner-exported DICOM; operator pending claim (historical MRI, STATUS 0.5 Hold)"
20190527_115114_jrc190527_m10_apoe_1_1/24,"2019-05-27T14:52:53,389+0200",visu_pars.VisuCreationDate,0618,10,m10_0618,organism,jrc190527_m10_apoe,AE-biomaGUNE-0618,Bruker BioSpec 7T,1151,scanner-exported DICOM,"animal m10; protocol 0618 by the facility DB (no code in the name; one protocol holds the animal with MRI logged: Mouse; 2019-05-27:MRI); MRI platform archive backup_7T_olddata_260824/2019_pv6/20190527_115114_jrc190527_m10_apoe_1_1.tar.gz (SHA-1 0853c9ef89e8f7a7c48a5a900391196e8d4e4990); scanner-exported DICOM; operator pending claim (historical MRI, STATUS 0.5 Hold)"
20190527_115114_jrc190527_m10_apoe_1_1/26,"2019-05-27T14:45:58,082+0200",visu_pars.VisuCreationDate,0618,10,m10_0618,organism,jrc190527_m10_apoe,AE-biomaGUNE-0618,Bruker BioSpec 7T,1151,scanner-exported DICOM,"animal m10; protocol 0618 by the facility DB (no code in the name; one protocol holds the animal with MRI logged: Mouse; 2019-05-27:MRI); MRI platform archive backup_7T_olddata_260824/2019_pv6/20190527_115114_jrc190527_m10_apoe_1_1.tar.gz (SHA-1 0853c9ef89e8f7a7c48a5a900391196e8d4e4990); scanner-exported DICOM; operator pending claim (historical MRI, STATUS 0.5 Hold)"
20190527_115114_jrc190527_m10_apoe_1_1/27,"2019-05-27T14:53:57,898+0200",visu_pars.VisuCreationDate,0618,10,m10_0618,organism,jrc190527_m10_apoe,AE-biomaGUNE-0618,Bruker BioSpec 7T,1151,scanner-exported DICOM,"animal m10; protocol 0618 by the facility DB (no code in the name; one protocol holds the animal with MRI logged: Mouse; 2019-05-27:MRI); MRI platform archive backup_7T_olddata_260824/2019_pv6/20190527_115114_jrc190527_m10_apoe_1_1.tar.gz (SHA-1 0853c9ef89e8f7a7c48a5a900391196e8d4e4990); scanner-exported DICOM; operator pending claim (historical MRI, STATUS 0.5 Hold)"
20190527_115114_jrc190527_m10_apoe_1_1/28,"2019-05-27T15:00:14,347+0200",visu_pars.VisuCreationDate,0618,10,m10_0618,organism,jrc190527_m10_apoe,AE-biomaGUNE-0618,Bruker BioSpec 7T,1151,scanner-exported DICOM,"animal m10; protocol 0618 by the facility DB (no code in the name; one protocol holds the animal with MRI logged: Mouse; 2019-05-27:MRI); MRI platform archive backup_7T_olddata_260824/2019_pv6/20190527_115114_jrc190527_m10_apoe_1_1.tar.gz (SHA-1 0853c9ef89e8f7a7c48a5a900391196e8d4e4990); scanner-exported DICOM; operator pending claim (historical MRI, STATUS 0.5 Hold)"
20190527_115114_jrc190527_m10_apoe_1_1/29,"2019-05-27T15:03:40,566+0200",visu_pars.VisuCreationDate,0618,10,m10_0618,organism,jrc190527_m10_apoe,AE-biomaGUNE-0618,Bruker BioSpec 7T,1151,scanner-exported DICOM,"animal m10; protocol 0618 by the facility DB (no code in the name; one protocol holds the animal with MRI logged: Mouse; 2019-05-27:MRI); MRI platform archive backup_7T_olddata_260824/2019_pv6/20190527_115114_jrc190527_m10_apoe_1_1.tar.gz (SHA-1 0853c9ef89e8f7a7c48a5a900391196e8d4e4990); scanner-exported DICOM; operator pending claim (historical MRI, STATUS 0.5 Hold)"
20190527_115114_jrc190527_m10_apoe_1_1/30,"2019-05-27T15:06:13,454+0200",visu_pars.VisuCreationDate,0618,10,m10_0618,organism,jrc190527_m10_apoe,AE-biomaGUNE-0618,Bruker BioSpec 7T,1151,scanner-exported DICOM,"animal m10; protocol 0618 by the facility DB (no code in the name; one protocol holds the animal with MRI logged: Mouse; 2019-05-27:MRI); MRI platform archive backup_7T_olddata_260824/2019_pv6/20190527_115114_jrc190527_m10_apoe_1_1.tar.gz (SHA-1 0853c9ef89e8f7a7c48a5a900391196e8d4e4990); scanner-exported DICOM; operator pending claim (historical MRI, STATUS 0.5 Hold)"
20190527_115114_jrc190527_m10_apoe_1_1/31,"2019-05-27T15:13:06,299+0200",visu_pars.VisuCreationDate,0618,10,m10_0618,organism,jrc190527_m10_apoe,AE-biomaGUNE-0618,Bruker BioSpec 7T,1151,scanner-exported DICOM,"animal m10; protocol 0618 by the facility DB (no code in the name; one protocol holds the animal with MRI logged: Mouse; 2019-05-27:MRI); MRI platform archive backup_7T_olddata_260824/2019_pv6/20190527_115114_jrc190527_m10_apoe_1_1.tar.gz (SHA-1 0853c9ef89e8f7a7c48a5a900391196e8d4e4990); scanner-exported DICOM; operator pending claim (historical MRI, STATUS 0.5 Hold)"
20190527_115114_jrc190527_m10_apoe_1_1/32,"2019-05-27T15:21:00,717+0200",visu_pars.VisuCreationDate,0618,10,m10_0618,organism,jrc190527_m10_apoe,AE-biomaGUNE-0618,Bruker BioSpec 7T,1151,scanner-exported DICOM,"animal m10; protocol 0618 by the facility DB (no code in the name; one protocol holds the animal with MRI logged: Mouse; 2019-05-27:MRI); MRI platform archive backup_7T_olddata_260824/2019_pv6/20190527_115114_jrc190527_m10_apoe_1_1.tar.gz (SHA-1 0853c9ef89e8f7a7c48a5a900391196e8d4e4990); scanner-exported DICOM; operator pending claim (historical MRI, STATUS 0.5 Hold)"
20190527_115114_jrc190527_m10_apoe_1_1/33,"2019-05-27T15:31:08,174+0200",visu_pars.VisuCreationDate,0618,10,m10_0618,organism,jrc190527_m10_apoe,AE-biomaGUNE-0618,Bruker BioSpec 7T,1151,scanner-exported DICOM,"animal m10; protocol 0618 by the facility DB (no code in the name; one protocol holds the animal with MRI logged: Mouse; 2019-05-27:MRI); MRI platform archive backup_7T_olddata_260824/2019_pv6/20190527_115114_jrc190527_m10_apoe_1_1.tar.gz (SHA-1 0853c9ef89e8f7a7c48a5a900391196e8d4e4990); scanner-exported DICOM; operator pending claim (historical MRI, STATUS 0.5 Hold)"
20190527_115114_jrc190527_m10_apoe_1_1/34,"2019-05-27T15:24:25,133+0200",visu_pars.VisuCreationDate,0618,10,m10_0618,organism,jrc190527_m10_apoe,AE-biomaGUNE-0618,Bruker BioSpec 7T,1151,scanner-exported DICOM,"animal m10; protocol 0618 by the facility DB (no code in the name; one protocol holds the animal with MRI logged: Mouse; 2019-05-27:MRI); MRI platform archive backup_7T_olddata_260824/2019_pv6/20190527_115114_jrc190527_m10_apoe_1_1.tar.gz (SHA-1 0853c9ef89e8f7a7c48a5a900391196e8d4e4990); scanner-exported DICOM; operator pending claim (historical MRI, STATUS 0.5 Hold)"
20190527_115114_jrc190527_m10_apoe_1_1/35,"2019-05-27T15:36:08,793+0200",visu_pars.VisuCreationDate,0618,10,m10_0618,organism,jrc190527_m10_apoe,AE-biomaGUNE-0618,Bruker BioSpec 7T,1151,scanner-exported DICOM,"animal m10; protocol 0618 by the facility DB (no code in the name; one protocol holds the animal with MRI logged: Mouse; 2019-05-27:MRI); MRI platform archive backup_7T_olddata_260824/2019_pv6/20190527_115114_jrc190527_m10_apoe_1_1.tar.gz (SHA-1 0853c9ef89e8f7a7c48a5a900391196e8d4e4990); scanner-exported DICOM; operator pending claim (historical MRI, STATUS 0.5 Hold)"
20190527_115114_jrc190527_m10_apoe_1_1/36,"2019-05-27T15:42:52,180+0200",visu_pars.VisuCreationDate,0618,10,m10_0618,organism,jrc190527_m10_apoe,AE-biomaGUNE-0618,Bruker BioSpec 7T,1151,scanner-exported DICOM,"animal m10; protocol 0618 by the facility DB (no code in the name; one protocol holds the animal with MRI logged: Mouse; 2019-05-27:MRI); MRI platform archive backup_7T_olddata_260824/2019_pv6/20190527_115114_jrc190527_m10_apoe_1_1.tar.gz (SHA-1 0853c9ef89e8f7a7c48a5a900391196e8d4e4990); scanner-exported DICOM; operator pending claim (historical MRI, STATUS 0.5 Hold)"
20190613_101000_jrc190613_m12_apoe_1_1/1,"2019-06-13T10:17:04,961+0200",visu_pars.VisuCreationDate,0618,12,m12_0618,organism,jrc190613_m12_apoe,AE-biomaGUNE-0618,Bruker BioSpec 7T,1010,scanner-exported DICOM,"animal m12; protocol 0618 by the facility DB (no code in the name; one protocol holds the animal with MRI logged: Mouse; 2019-06-13:MRI); MRI platform archive backup_7T_olddata_260824/2019_pv6/20190613_101000_jrc190613_m12_apoe_1_1.tar.gz (SHA-1 81e77d05d7bd0febda758ae0a20c60da64a57015); scanner-exported DICOM; operator pending claim (historical MRI, STATUS 0.5 Hold)"
20190613_101000_jrc190613_m12_apoe_1_1/2,"2019-06-13T10:19:27,117+0200",visu_pars.VisuCreationDate,0618,12,m12_0618,organism,jrc190613_m12_apoe,AE-biomaGUNE-0618,Bruker BioSpec 7T,1010,scanner-exported DICOM,"animal m12; protocol 0618 by the facility DB (no code in the name; one protocol holds the animal with MRI logged: Mouse; 2019-06-13:MRI); MRI platform archive backup_7T_olddata_260824/2019_pv6/20190613_101000_jrc190613_m12_apoe_1_1.tar.gz (SHA-1 81e77d05d7bd0febda758ae0a20c60da64a57015); scanner-exported DICOM; operator pending claim (historical MRI, STATUS 0.5 Hold)"
20190613_101000_jrc190613_m12_apoe_1_1/3,"2019-06-13T10:21:25,684+0200",visu_pars.VisuCreationDate,0618,12,m12_0618,organism,jrc190613_m12_apoe,AE-biomaGUNE-0618,Bruker BioSpec 7T,1010,scanner-exported DICOM,"animal m12; protocol 0618 by the facility DB (no code in the name; one protocol holds the animal with MRI logged: Mouse; 2019-06-13:MRI); MRI platform archive backup_7T_olddata_260824/2019_pv6/20190613_101000_jrc190613_m12_apoe_1_1.tar.gz (SHA-1 81e77d05d7bd0febda758ae0a20c60da64a57015); scanner-exported DICOM; operator pending claim (historical MRI, STATUS 0.5 Hold)"
20190613_101000_jrc190613_m12_apoe_1_1/4,"2019-06-13T10:24:19,768+0200",visu_pars.VisuCreationDate,0618,12,m12_0618,organism,jrc190613_m12_apoe,AE-biomaGUNE-0618,Bruker BioSpec 7T,1010,scanner-exported DICOM,"animal m12; protocol 0618 by the facility DB (no code in the name; one protocol holds the animal with MRI logged: Mouse; 2019-06-13:MRI); MRI platform archive backup_7T_olddata_260824/2019_pv6/20190613_101000_jrc190613_m12_apoe_1_1.tar.gz (SHA-1 81e77d05d7bd0febda758ae0a20c60da64a57015); scanner-exported DICOM; operator pending claim (historical MRI, STATUS 0.5 Hold)"
20190613_101000_jrc190613_m12_apoe_1_1/5,"2019-06-13T10:34:28,117+0200",visu_pars.VisuCreationDate,0618,12,m12_0618,organism,jrc190613_m12_apoe,AE-biomaGUNE-0618,Bruker BioSpec 7T,1010,scanner-exported DICOM,"animal m12; protocol 0618 by the facility DB (no code in the name; one protocol holds the animal with MRI logged: Mouse; 2019-06-13:MRI); MRI platform archive backup_7T_olddata_260824/2019_pv6/20190613_101000_jrc190613_m12_apoe_1_1.tar.gz (SHA-1 81e77d05d7bd0febda758ae0a20c60da64a57015); scanner-exported DICOM; operator pending claim (historical MRI, STATUS 0.5 Hold)"
20190613_101000_jrc190613_m12_apoe_1_1/6,"2019-06-13T10:38:51,887+0200",visu_pars.VisuCreationDate,0618,12,m12_0618,organism,jrc190613_m12_apoe,AE-biomaGUNE-0618,Bruker BioSpec 7T,1010,scanner-exported DICOM,"animal m12; protocol 0618 by the facility DB (no code in the name; one protocol holds the animal with MRI logged: Mouse; 2019-06-13:MRI); MRI platform archive backup_7T_olddata_260824/2019_pv6/20190613_101000_jrc190613_m12_apoe_1_1.tar.gz (SHA-1 81e77d05d7bd0febda758ae0a20c60da64a57015); scanner-exported DICOM; operator pending claim (historical MRI, STATUS 0.5 Hold)"
20190613_101000_jrc190613_m12_apoe_1_1/7,"2019-06-13T10:45:40,610+0200",visu_pars.VisuCreationDate,0618,12,m12_0618,organism,jrc190613_m12_apoe,AE-biomaGUNE-0618,Bruker BioSpec 7T,1010,scanner-exported DICOM,"animal m12; protocol 0618 by the facility DB (no code in the name; one protocol holds the animal with MRI logged: Mouse; 2019-06-13:MRI); MRI platform archive backup_7T_olddata_260824/2019_pv6/20190613_101000_jrc190613_m12_apoe_1_1.tar.gz (SHA-1 81e77d05d7bd0febda758ae0a20c60da64a57015); scanner-exported DICOM; operator pending claim (historical MRI, STATUS 0.5 Hold)"
20190613_101000_jrc190613_m12_apoe_1_1/8,"2019-06-13T10:54:35,892+0200",visu_pars.VisuCreationDate,0618,12,m12_0618,organism,jrc190613_m12_apoe,AE-biomaGUNE-0618,Bruker BioSpec 7T,1010,scanner-exported DICOM,"animal m12; protocol 0618 by the facility DB (no code in the name; one protocol holds the animal with MRI logged: Mouse; 2019-06-13:MRI); MRI platform archive backup_7T_olddata_260824/2019_pv6/20190613_101000_jrc190613_m12_apoe_1_1.tar.gz (SHA-1 81e77d05d7bd0febda758ae0a20c60da64a57015); scanner-exported DICOM; operator pending claim (historical MRI, STATUS 0.5 Hold)"
20190613_101000_jrc190613_m12_apoe_1_1/9,"2019-06-13T10:57:28,667+0200",visu_pars.VisuCreationDate,0618,12,m12_0618,organism,jrc190613_m12_apoe,AE-biomaGUNE-0618,Bruker BioSpec 7T,1010,scanner-exported DICOM,"animal m12; protocol 0618 by the facility DB (no code in the name; one protocol holds the animal with MRI logged: Mouse; 2019-06-13:MRI); MRI platform archive backup_7T_olddata_260824/2019_pv6/20190613_101000_jrc190613_m12_apoe_1_1.tar.gz (SHA-1 81e77d05d7bd0febda758ae0a20c60da64a57015); scanner-exported DICOM; operator pending claim (historical MRI, STATUS 0.5 Hold)"
20190613_101000_jrc190613_m12_apoe_1_1/11,"2019-06-13T11:02:45,156+0200",visu_pars.VisuCreationDate,0618,12,m12_0618,organism,jrc190613_m12_apoe,AE-biomaGUNE-0618,Bruker BioSpec 7T,1010,scanner-exported DICOM,"animal m12; protocol 0618 by the facility DB (no code in the name; one protocol holds the animal with MRI logged: Mouse; 2019-06-13:MRI); MRI platform archive backup_7T_olddata_260824/2019_pv6/20190613_101000_jrc190613_m12_apoe_1_1.tar.gz (SHA-1 81e77d05d7bd0febda758ae0a20c60da64a57015); scanner-exported DICOM; operator pending claim (historical MRI, STATUS 0.5 Hold)"
20190613_111341_jrc190613_m5_apoe_1_1/1,"2019-06-13T11:20:45,973+0200",visu_pars.VisuCreationDate,0618,5,m5_0618,organism,jrc190613_m5_apoe,AE-biomaGUNE-0618,Bruker BioSpec 7T,1113,scanner-exported DICOM,"animal m5; protocol 0618 by the facility DB (no code in the name; one protocol holds the animal with MRI logged: Mouse; 2019-06-13:MRI); MRI platform archive backup_7T_olddata_260824/2019_pv6/20190613_111341_jrc190613_m5_apoe_1_1.tar.gz (SHA-1 8fce14be84a31a053d87aaf45255e58f72c74981); scanner-exported DICOM; operator pending claim (historical MRI, STATUS 0.5 Hold)"
20190613_111341_jrc190613_m5_apoe_1_1/2,"2019-06-13T11:25:10,900+0200",visu_pars.VisuCreationDate,0618,5,m5_0618,organism,jrc190613_m5_apoe,AE-biomaGUNE-0618,Bruker BioSpec 7T,1113,scanner-exported DICOM,"animal m5; protocol 0618 by the facility DB (no code in the name; one protocol holds the animal with MRI logged: Mouse; 2019-06-13:MRI); MRI platform archive backup_7T_olddata_260824/2019_pv6/20190613_111341_jrc190613_m5_apoe_1_1.tar.gz (SHA-1 8fce14be84a31a053d87aaf45255e58f72c74981); scanner-exported DICOM; operator pending claim (historical MRI, STATUS 0.5 Hold)"
20190613_111341_jrc190613_m5_apoe_1_1/3,"2019-06-13T11:23:46,081+0200",visu_pars.VisuCreationDate,0618,5,m5_0618,organism,jrc190613_m5_apoe,AE-biomaGUNE-0618,Bruker BioSpec 7T,1113,scanner-exported DICOM,"animal m5; protocol 0618 by the facility DB (no code in the name; one protocol holds the animal with MRI logged: Mouse; 2019-06-13:MRI); MRI platform archive backup_7T_olddata_260824/2019_pv6/20190613_111341_jrc190613_m5_apoe_1_1.tar.gz (SHA-1 8fce14be84a31a053d87aaf45255e58f72c74981); scanner-exported DICOM; operator pending claim (historical MRI, STATUS 0.5 Hold)"
20190613_111341_jrc190613_m5_apoe_1_1/4,"2019-06-13T11:27:25,406+0200",visu_pars.VisuCreationDate,0618,5,m5_0618,organism,jrc190613_m5_apoe,AE-biomaGUNE-0618,Bruker BioSpec 7T,1113,scanner-exported DICOM,"animal m5; protocol 0618 by the facility DB (no code in the name; one protocol holds the animal with MRI logged: Mouse; 2019-06-13:MRI); MRI platform archive backup_7T_olddata_260824/2019_pv6/20190613_111341_jrc190613_m5_apoe_1_1.tar.gz (SHA-1 8fce14be84a31a053d87aaf45255e58f72c74981); scanner-exported DICOM; operator pending claim (historical MRI, STATUS 0.5 Hold)"
20190613_111341_jrc190613_m5_apoe_1_1/6,"2019-06-13T11:38:43,785+0200",visu_pars.VisuCreationDate,0618,5,m5_0618,organism,jrc190613_m5_apoe,AE-biomaGUNE-0618,Bruker BioSpec 7T,1113,scanner-exported DICOM,"animal m5; protocol 0618 by the facility DB (no code in the name; one protocol holds the animal with MRI logged: Mouse; 2019-06-13:MRI); MRI platform archive backup_7T_olddata_260824/2019_pv6/20190613_111341_jrc190613_m5_apoe_1_1.tar.gz (SHA-1 8fce14be84a31a053d87aaf45255e58f72c74981); scanner-exported DICOM; operator pending claim (historical MRI, STATUS 0.5 Hold)"
20190613_111341_jrc190613_m5_apoe_1_1/7,"2019-06-13T11:42:12,676+0200",visu_pars.VisuCreationDate,0618,5,m5_0618,organism,jrc190613_m5_apoe,AE-biomaGUNE-0618,Bruker BioSpec 7T,1113,scanner-exported DICOM,"animal m5; protocol 0618 by the facility DB (no code in the name; one protocol holds the animal with MRI logged: Mouse; 2019-06-13:MRI); MRI platform archive backup_7T_olddata_260824/2019_pv6/20190613_111341_jrc190613_m5_apoe_1_1.tar.gz (SHA-1 8fce14be84a31a053d87aaf45255e58f72c74981); scanner-exported DICOM; operator pending claim (historical MRI, STATUS 0.5 Hold)"
20190613_111341_jrc190613_m5_apoe_1_1/8,"2019-06-13T11:48:04,264+0200",visu_pars.VisuCreationDate,0618,5,m5_0618,organism,jrc190613_m5_apoe,AE-biomaGUNE-0618,Bruker BioSpec 7T,1113,scanner-exported DICOM,"animal m5; protocol 0618 by the facility DB (no code in the name; one protocol holds the animal with MRI logged: Mouse; 2019-06-13:MRI); MRI platform archive backup_7T_olddata_260824/2019_pv6/20190613_111341_jrc190613_m5_apoe_1_1.tar.gz (SHA-1 8fce14be84a31a053d87aaf45255e58f72c74981); scanner-exported DICOM; operator pending claim (historical MRI, STATUS 0.5 Hold)"
20190613_111341_jrc190613_m5_apoe_1_1/10,"2019-06-13T11:57:57,505+0200",visu_pars.VisuCreationDate,0618,5,m5_0618,organism,jrc190613_m5_apoe,AE-biomaGUNE-0618,Bruker BioSpec 7T,1113,scanner-exported DICOM,"animal m5; protocol 0618 by the facility DB (no code in the name; one protocol holds the animal with MRI logged: Mouse; 2019-06-13:MRI); MRI platform archive backup_7T_olddata_260824/2019_pv6/20190613_111341_jrc190613_m5_apoe_1_1.tar.gz (SHA-1 8fce14be84a31a053d87aaf45255e58f72c74981); scanner-exported DICOM; operator pending claim (historical MRI, STATUS 0.5 Hold)"
20190613_111341_jrc190613_m5_apoe_1_1/11,"2019-06-13T12:04:45,598+0200",visu_pars.VisuCreationDate,0618,5,m5_0618,organism,jrc190613_m5_apoe,AE-biomaGUNE-0618,Bruker BioSpec 7T,1113,scanner-exported DICOM,"animal m5; protocol 0618 by the facility DB (no code in the name; one protocol holds the animal with MRI logged: Mouse; 2019-06-13:MRI); MRI platform archive backup_7T_olddata_260824/2019_pv6/20190613_111341_jrc190613_m5_apoe_1_1.tar.gz (SHA-1 8fce14be84a31a053d87aaf45255e58f72c74981); scanner-exported DICOM; operator pending claim (historical MRI, STATUS 0.5 Hold)"
20190613_111341_jrc190613_m5_apoe_1_1/12,"2019-06-13T12:07:36,121+0200",visu_pars.VisuCreationDate,0618,5,m5_0618,organism,jrc190613_m5_apoe,AE-biomaGUNE-0618,Bruker BioSpec 7T,1113,scanner-exported DICOM,"animal m5; protocol 0618 by the facility DB (no code in the name; one protocol holds the animal with MRI logged: Mouse; 2019-06-13:MRI); MRI platform archive backup_7T_olddata_260824/2019_pv6/20190613_111341_jrc190613_m5_apoe_1_1.tar.gz (SHA-1 8fce14be84a31a053d87aaf45255e58f72c74981); scanner-exported DICOM; operator pending claim (historical MRI, STATUS 0.5 Hold)"
20190613_111341_jrc190613_m5_apoe_1_1/13,"2019-06-13T12:09:59,970+0200",visu_pars.VisuCreationDate,0618,5,m5_0618,organism,jrc190613_m5_apoe,AE-biomaGUNE-0618,Bruker BioSpec 7T,1113,scanner-exported DICOM,"animal m5; protocol 0618 by the facility DB (no code in the name; one protocol holds the animal with MRI logged: Mouse; 2019-06-13:MRI); MRI platform archive backup_7T_olddata_260824/2019_pv6/20190613_111341_jrc190613_m5_apoe_1_1.tar.gz (SHA-1 8fce14be84a31a053d87aaf45255e58f72c74981); scanner-exported DICOM; operator pending claim (historical MRI, STATUS 0.5 Hold)"
20190613_111341_jrc190613_m5_apoe_1_1/15,"2019-06-13T12:26:20,241+0200",visu_pars.VisuCreationDate,0618,5,m5_0618,organism,jrc190613_m5_apoe,AE-biomaGUNE-0618,Bruker BioSpec 7T,1113,scanner-exported DICOM,"animal m5; protocol 0618 by the facility DB (no code in the name; one protocol holds the animal with MRI logged: Mouse; 2019-06-13:MRI); MRI platform archive backup_7T_olddata_260824/2019_pv6/20190613_111341_jrc190613_m5_apoe_1_1.tar.gz (SHA-1 8fce14be84a31a053d87aaf45255e58f72c74981); scanner-exported DICOM; operator pending claim (historical MRI, STATUS 0.5 Hold)"
20190613_111341_jrc190613_m5_apoe_1_1/16,"2019-06-13T12:23:46,047+0200",visu_pars.VisuCreationDate,0618,5,m5_0618,organism,jrc190613_m5_apoe,AE-biomaGUNE-0618,Bruker BioSpec 7T,1113,scanner-exported DICOM,"animal m5; protocol 0618 by the facility DB (no code in the name; one protocol holds the animal with MRI logged: Mouse; 2019-06-13:MRI); MRI platform archive backup_7T_olddata_260824/2019_pv6/20190613_111341_jrc190613_m5_apoe_1_1.tar.gz (SHA-1 8fce14be84a31a053d87aaf45255e58f72c74981); scanner-exported DICOM; operator pending claim (historical MRI, STATUS 0.5 Hold)"
20190613_111341_jrc190613_m5_apoe_1_1/17,"2019-06-13T12:28:03,344+0200",visu_pars.VisuCreationDate,0618,5,m5_0618,organism,jrc190613_m5_apoe,AE-biomaGUNE-0618,Bruker BioSpec 7T,1113,scanner-exported DICOM,"animal m5; protocol 0618 by the facility DB (no code in the name; one protocol holds the animal with MRI logged: Mouse; 2019-06-13:MRI); MRI platform archive backup_7T_olddata_260824/2019_pv6/20190613_111341_jrc190613_m5_apoe_1_1.tar.gz (SHA-1 8fce14be84a31a053d87aaf45255e58f72c74981); scanner-exported DICOM; operator pending claim (historical MRI, STATUS 0.5 Hold)"
20190613_111341_jrc190613_m5_apoe_1_1/18,"2019-06-13T12:50:57,876+0200",visu_pars.VisuCreationDate,0618,5,m5_0618,organism,jrc190613_m5_apoe,AE-biomaGUNE-0618,Bruker BioSpec 7T,1113,scanner-exported DICOM,"animal m5; protocol 0618 by the facility DB (no code in the name; one protocol holds the animal with MRI logged: Mouse; 2019-06-13:MRI); MRI platform archive backup_7T_olddata_260824/2019_pv6/20190613_111341_jrc190613_m5_apoe_1_1.tar.gz (SHA-1 8fce14be84a31a053d87aaf45255e58f72c74981); scanner-exported DICOM; operator pending claim (historical MRI, STATUS 0.5 Hold)"
20190613_111341_jrc190613_m5_apoe_1_1/20,"2019-06-13T12:53:56,010+0200",visu_pars.VisuCreationDate,0618,5,m5_0618,organism,jrc190613_m5_apoe,AE-biomaGUNE-0618,Bruker BioSpec 7T,1113,scanner-exported DICOM,"animal m5; protocol 0618 by the facility DB (no code in the name; one protocol holds the animal with MRI logged: Mouse; 2019-06-13:MRI); MRI platform archive backup_7T_olddata_260824/2019_pv6/20190613_111341_jrc190613_m5_apoe_1_1.tar.gz (SHA-1 8fce14be84a31a053d87aaf45255e58f72c74981); scanner-exported DICOM; operator pending claim (historical MRI, STATUS 0.5 Hold)"
20190613_111341_jrc190613_m5_apoe_1_1/23,"2019-06-13T12:37:02,947+0200",visu_pars.VisuCreationDate,0618,5,m5_0618,organism,jrc190613_m5_apoe,AE-biomaGUNE-0618,Bruker BioSpec 7T,1113,scanner-exported DICOM,"animal m5; protocol 0618 by the facility DB (no code in the name; one protocol holds the animal with MRI logged: Mouse; 2019-06-13:MRI); MRI platform archive backup_7T_olddata_260824/2019_pv6/20190613_111341_jrc190613_m5_apoe_1_1.tar.gz (SHA-1 8fce14be84a31a053d87aaf45255e58f72c74981); scanner-exported DICOM; operator pending claim (historical MRI, STATUS 0.5 Hold)"
20190613_111341_jrc190613_m5_apoe_1_1/25,"2019-06-13T12:44:11,733+0200",visu_pars.VisuCreationDate,0618,5,m5_0618,organism,jrc190613_m5_apoe,AE-biomaGUNE-0618,Bruker BioSpec 7T,1113,scanner-exported DICOM,"animal m5; protocol 0618 by the facility DB (no code in the name; one protocol holds the animal with MRI logged: Mouse; 2019-06-13:MRI); MRI platform archive backup_7T_olddata_260824/2019_pv6/20190613_111341_jrc190613_m5_apoe_1_1.tar.gz (SHA-1 8fce14be84a31a053d87aaf45255e58f72c74981); scanner-exported DICOM; operator pending claim (historical MRI, STATUS 0.5 Hold)"
20190613_111341_jrc190613_m5_apoe_1_1/26,"2019-06-13T12:59:56,407+0200",visu_pars.VisuCreationDate,0618,5,m5_0618,organism,jrc190613_m5_apoe,AE-biomaGUNE-0618,Bruker BioSpec 7T,1113,scanner-exported DICOM,"animal m5; protocol 0618 by the facility DB (no code in the name; one protocol holds the animal with MRI logged: Mouse; 2019-06-13:MRI); MRI platform archive backup_7T_olddata_260824/2019_pv6/20190613_111341_jrc190613_m5_apoe_1_1.tar.gz (SHA-1 8fce14be84a31a053d87aaf45255e58f72c74981); scanner-exported DICOM; operator pending claim (historical MRI, STATUS 0.5 Hold)"
20190613_111341_jrc190613_m5_apoe_1_1/27,"2019-06-13T13:08:24,398+0200",visu_pars.VisuCreationDate,0618,5,m5_0618,organism,jrc190613_m5_apoe,AE-biomaGUNE-0618,Bruker BioSpec 7T,1113,scanner-exported DICOM,"animal m5; protocol 0618 by the facility DB (no code in the name; one protocol holds the animal with MRI logged: Mouse; 2019-06-13:MRI); MRI platform archive backup_7T_olddata_260824/2019_pv6/20190613_111341_jrc190613_m5_apoe_1_1.tar.gz (SHA-1 8fce14be84a31a053d87aaf45255e58f72c74981); scanner-exported DICOM; operator pending claim (historical MRI, STATUS 0.5 Hold)"
20190613_111341_jrc190613_m5_apoe_1_1/28,"2019-06-13T13:14:41,668+0200",visu_pars.VisuCreationDate,0618,5,m5_0618,organism,jrc190613_m5_apoe,AE-biomaGUNE-0618,Bruker BioSpec 7T,1113,scanner-exported DICOM,"animal m5; protocol 0618 by the facility DB (no code in the name; one protocol holds the animal with MRI logged: Mouse; 2019-06-13:MRI); MRI platform archive backup_7T_olddata_260824/2019_pv6/20190613_111341_jrc190613_m5_apoe_1_1.tar.gz (SHA-1 8fce14be84a31a053d87aaf45255e58f72c74981); scanner-exported DICOM; operator pending claim (historical MRI, STATUS 0.5 Hold)"
20190613_111341_jrc190613_m5_apoe_1_1/29,"2019-06-13T13:19:05,561+0200",visu_pars.VisuCreationDate,0618,5,m5_0618,organism,jrc190613_m5_apoe,AE-biomaGUNE-0618,Bruker BioSpec 7T,1113,scanner-exported DICOM,"animal m5; protocol 0618 by the facility DB (no code in the name; one protocol holds the animal with MRI logged: Mouse; 2019-06-13:MRI); MRI platform archive backup_7T_olddata_260824/2019_pv6/20190613_111341_jrc190613_m5_apoe_1_1.tar.gz (SHA-1 8fce14be84a31a053d87aaf45255e58f72c74981); scanner-exported DICOM; operator pending claim (historical MRI, STATUS 0.5 Hold)"
20200908_142911_jrc200908_m41_apoe_0618_1_1/1,"2020-09-08T14:40:11,088+0200",visu_pars.VisuCreationDate,0618,41,m41_0618,organism,jrc200908_m41_apoe_0618,AE-biomaGUNE-0618,Bruker BioSpec 7T,1429,scanner-exported DICOM,"animal m41; protocol 0618 (CONFIRMED in the facility DB); MRI platform archive backup_7T_olddata_260824/2020_pv6/20200908_142911_jrc200908_m41_apoe_0618_1_1.tar.gz (SHA-1 6219ffb316193529477c294945fdd131691df297); scanner-exported DICOM; operator pending claim (historical MRI, STATUS 0.5 Hold)"
20200908_142911_jrc200908_m41_apoe_0618_1_1/2,"2020-09-08T14:41:49,827+0200",visu_pars.VisuCreationDate,0618,41,m41_0618,organism,jrc200908_m41_apoe_0618,AE-biomaGUNE-0618,Bruker BioSpec 7T,1429,scanner-exported DICOM,"animal m41; protocol 0618 (CONFIRMED in the facility DB); MRI platform archive backup_7T_olddata_260824/2020_pv6/20200908_142911_jrc200908_m41_apoe_0618_1_1.tar.gz (SHA-1 6219ffb316193529477c294945fdd131691df297); scanner-exported DICOM; operator pending claim (historical MRI, STATUS 0.5 Hold)"
20200908_142911_jrc200908_m41_apoe_0618_1_1/4,"2020-09-08T15:00:20,285+0200",visu_pars.VisuCreationDate,0618,41,m41_0618,organism,jrc200908_m41_apoe_0618,AE-biomaGUNE-0618,Bruker BioSpec 7T,1429,scanner-exported DICOM,"animal m41; protocol 0618 (CONFIRMED in the facility DB); MRI platform archive backup_7T_olddata_260824/2020_pv6/20200908_142911_jrc200908_m41_apoe_0618_1_1.tar.gz (SHA-1 6219ffb316193529477c294945fdd131691df297); scanner-exported DICOM; operator pending claim (historical MRI, STATUS 0.5 Hold)"
20200908_142911_jrc200908_m41_apoe_0618_1_1/6,"2020-09-08T14:49:33,563+0200",visu_pars.VisuCreationDate,0618,41,m41_0618,organism,jrc200908_m41_apoe_0618,AE-biomaGUNE-0618,Bruker BioSpec 7T,1429,scanner-exported DICOM,"animal m41; protocol 0618 (CONFIRMED in the facility DB); MRI platform archive backup_7T_olddata_260824/2020_pv6/20200908_142911_jrc200908_m41_apoe_0618_1_1.tar.gz (SHA-1 6219ffb316193529477c294945fdd131691df297); scanner-exported DICOM; operator pending claim (historical MRI, STATUS 0.5 Hold)"
20200908_142911_jrc200908_m41_apoe_0618_1_1/7,"2020-09-08T15:09:44,371+0200",visu_pars.VisuCreationDate,0618,41,m41_0618,organism,jrc200908_m41_apoe_0618,AE-biomaGUNE-0618,Bruker BioSpec 7T,1429,scanner-exported DICOM,"animal m41; protocol 0618 (CONFIRMED in the facility DB); MRI platform archive backup_7T_olddata_260824/2020_pv6/20200908_142911_jrc200908_m41_apoe_0618_1_1.tar.gz (SHA-1 6219ffb316193529477c294945fdd131691df297); scanner-exported DICOM; operator pending claim (historical MRI, STATUS 0.5 Hold)"
20200908_142911_jrc200908_m41_apoe_0618_1_1/8,"2020-09-08T15:23:58,422+0200",visu_pars.VisuCreationDate,0618,41,m41_0618,organism,jrc200908_m41_apoe_0618,AE-biomaGUNE-0618,Bruker BioSpec 7T,1429,scanner-exported DICOM,"animal m41; protocol 0618 (CONFIRMED in the facility DB); MRI platform archive backup_7T_olddata_260824/2020_pv6/20200908_142911_jrc200908_m41_apoe_0618_1_1.tar.gz (SHA-1 6219ffb316193529477c294945fdd131691df297); scanner-exported DICOM; operator pending claim (historical MRI, STATUS 0.5 Hold)"
20200908_142911_jrc200908_m41_apoe_0618_1_1/11,"2020-09-08T15:25:23,128+0200",visu_pars.VisuCreationDate,0618,41,m41_0618,organism,jrc200908_m41_apoe_0618,AE-biomaGUNE-0618,Bruker BioSpec 7T,1429,scanner-exported DICOM,"animal m41; protocol 0618 (CONFIRMED in the facility DB); MRI platform archive backup_7T_olddata_260824/2020_pv6/20200908_142911_jrc200908_m41_apoe_0618_1_1.tar.gz (SHA-1 6219ffb316193529477c294945fdd131691df297); scanner-exported DICOM; operator pending claim (historical MRI, STATUS 0.5 Hold)"
20200908_142911_jrc200908_m41_apoe_0618_1_1/13,"2020-09-08T16:42:36,326+0200",visu_pars.VisuCreationDate,0618,41,m41_0618,organism,jrc200908_m41_apoe_0618,AE-biomaGUNE-0618,Bruker BioSpec 7T,1429,scanner-exported DICOM,"animal m41; protocol 0618 (CONFIRMED in the facility DB); MRI platform archive backup_7T_olddata_260824/2020_pv6/20200908_142911_jrc200908_m41_apoe_0618_1_1.tar.gz (SHA-1 6219ffb316193529477c294945fdd131691df297); scanner-exported DICOM; operator pending claim (historical MRI, STATUS 0.5 Hold)"
20200908_142911_jrc200908_m41_apoe_0618_1_1/14,"2020-09-08T16:43:53,371+0200",visu_pars.VisuCreationDate,0618,41,m41_0618,organism,jrc200908_m41_apoe_0618,AE-biomaGUNE-0618,Bruker BioSpec 7T,1429,scanner-exported DICOM,"animal m41; protocol 0618 (CONFIRMED in the facility DB); MRI platform archive backup_7T_olddata_260824/2020_pv6/20200908_142911_jrc200908_m41_apoe_0618_1_1.tar.gz (SHA-1 6219ffb316193529477c294945fdd131691df297); scanner-exported DICOM; operator pending claim (historical MRI, STATUS 0.5 Hold)"
20200908_142911_jrc200908_m41_apoe_0618_1_1/15,"2020-09-08T16:45:41,694+0200",visu_pars.VisuCreationDate,0618,41,m41_0618,organism,jrc200908_m41_apoe_0618,AE-biomaGUNE-0618,Bruker BioSpec 7T,1429,scanner-exported DICOM,"animal m41; protocol 0618 (CONFIRMED in the facility DB); MRI platform archive backup_7T_olddata_260824/2020_pv6/20200908_142911_jrc200908_m41_apoe_0618_1_1.tar.gz (SHA-1 6219ffb316193529477c294945fdd131691df297); scanner-exported DICOM; operator pending claim (historical MRI, STATUS 0.5 Hold)"
20200908_142911_jrc200908_m41_apoe_0618_1_1/16,"2020-09-08T16:56:16,417+0200",visu_pars.VisuCreationDate,0618,41,m41_0618,organism,jrc200908_m41_apoe_0618,AE-biomaGUNE-0618,Bruker BioSpec 7T,1429,scanner-exported DICOM,"animal m41; protocol 0618 (CONFIRMED in the facility DB); MRI platform archive backup_7T_olddata_260824/2020_pv6/20200908_142911_jrc200908_m41_apoe_0618_1_1.tar.gz (SHA-1 6219ffb316193529477c294945fdd131691df297); scanner-exported DICOM; operator pending claim (historical MRI, STATUS 0.5 Hold)"
20200908_142911_jrc200908_m41_apoe_0618_1_1/17,"2020-09-08T17:06:06,768+0200",visu_pars.VisuCreationDate,0618,41,m41_0618,organism,jrc200908_m41_apoe_0618,AE-biomaGUNE-0618,Bruker BioSpec 7T,1429,scanner-exported DICOM,"animal m41; protocol 0618 (CONFIRMED in the facility DB); MRI platform archive backup_7T_olddata_260824/2020_pv6/20200908_142911_jrc200908_m41_apoe_0618_1_1.tar.gz (SHA-1 6219ffb316193529477c294945fdd131691df297); scanner-exported DICOM; operator pending claim (historical MRI, STATUS 0.5 Hold)"
20200908_142911_jrc200908_m41_apoe_0618_1_1/20,"2020-09-08T17:29:08,776+0200",visu_pars.VisuCreationDate,0618,41,m41_0618,organism,jrc200908_m41_apoe_0618,AE-biomaGUNE-0618,Bruker BioSpec 7T,1429,scanner-exported DICOM,"animal m41; protocol 0618 (CONFIRMED in the facility DB); MRI platform archive backup_7T_olddata_260824/2020_pv6/20200908_142911_jrc200908_m41_apoe_0618_1_1.tar.gz (SHA-1 6219ffb316193529477c294945fdd131691df297); scanner-exported DICOM; operator pending claim (historical MRI, STATUS 0.5 Hold)"
20200908_142911_jrc200908_m41_apoe_0618_1_1/21,"2020-09-08T17:15:35,800+0200",visu_pars.VisuCreationDate,0618,41,m41_0618,organism,jrc200908_m41_apoe_0618,AE-biomaGUNE-0618,Bruker BioSpec 7T,1429,scanner-exported DICOM,"animal m41; protocol 0618 (CONFIRMED in the facility DB); MRI platform archive backup_7T_olddata_260824/2020_pv6/20200908_142911_jrc200908_m41_apoe_0618_1_1.tar.gz (SHA-1 6219ffb316193529477c294945fdd131691df297); scanner-exported DICOM; operator pending claim (historical MRI, STATUS 0.5 Hold)"
20200908_153600_jrc200908_m40_apoe_0618_1_1/1,"2020-09-08T15:45:32,755+0200",visu_pars.VisuCreationDate,0618,40,m40_0618,organism,jrc200908_m40_apoe_0618,AE-biomaGUNE-0618,Bruker BioSpec 7T,1536,scanner-exported DICOM,"animal m40; protocol 0618 (CONFIRMED in the facility DB); MRI platform archive backup_7T_olddata_260824/2020_pv6/20200908_153600_jrc200908_m40_apoe_0618_1_1.tar.gz (SHA-1 fb34516c8082be58839438aee3d58a90e6e5d195); scanner-exported DICOM; operator pending claim (historical MRI, STATUS 0.5 Hold)"
20200908_153600_jrc200908_m40_apoe_0618_1_1/2,"2020-09-08T15:47:21,317+0200",visu_pars.VisuCreationDate,0618,40,m40_0618,organism,jrc200908_m40_apoe_0618,AE-biomaGUNE-0618,Bruker BioSpec 7T,1536,scanner-exported DICOM,"animal m40; protocol 0618 (CONFIRMED in the facility DB); MRI platform archive backup_7T_olddata_260824/2020_pv6/20200908_153600_jrc200908_m40_apoe_0618_1_1.tar.gz (SHA-1 fb34516c8082be58839438aee3d58a90e6e5d195); scanner-exported DICOM; operator pending claim (historical MRI, STATUS 0.5 Hold)"
20200908_153600_jrc200908_m40_apoe_0618_1_1/3,"2020-09-08T15:49:39,459+0200",visu_pars.VisuCreationDate,0618,40,m40_0618,organism,jrc200908_m40_apoe_0618,AE-biomaGUNE-0618,Bruker BioSpec 7T,1536,scanner-exported DICOM,"animal m40; protocol 0618 (CONFIRMED in the facility DB); MRI platform archive backup_7T_olddata_260824/2020_pv6/20200908_153600_jrc200908_m40_apoe_0618_1_1.tar.gz (SHA-1 fb34516c8082be58839438aee3d58a90e6e5d195); scanner-exported DICOM; operator pending claim (historical MRI, STATUS 0.5 Hold)"
20200908_153600_jrc200908_m40_apoe_0618_1_1/4,"2020-09-08T16:00:49,091+0200",visu_pars.VisuCreationDate,0618,40,m40_0618,organism,jrc200908_m40_apoe_0618,AE-biomaGUNE-0618,Bruker BioSpec 7T,1536,scanner-exported DICOM,"animal m40; protocol 0618 (CONFIRMED in the facility DB); MRI platform archive backup_7T_olddata_260824/2020_pv6/20200908_153600_jrc200908_m40_apoe_0618_1_1.tar.gz (SHA-1 fb34516c8082be58839438aee3d58a90e6e5d195); scanner-exported DICOM; operator pending claim (historical MRI, STATUS 0.5 Hold)"
20200908_153600_jrc200908_m40_apoe_0618_1_1/5,"2020-09-08T16:07:51,580+0200",visu_pars.VisuCreationDate,0618,40,m40_0618,organism,jrc200908_m40_apoe_0618,AE-biomaGUNE-0618,Bruker BioSpec 7T,1536,scanner-exported DICOM,"animal m40; protocol 0618 (CONFIRMED in the facility DB); MRI platform archive backup_7T_olddata_260824/2020_pv6/20200908_153600_jrc200908_m40_apoe_0618_1_1.tar.gz (SHA-1 fb34516c8082be58839438aee3d58a90e6e5d195); scanner-exported DICOM; operator pending claim (historical MRI, STATUS 0.5 Hold)"
20200908_153600_jrc200908_m40_apoe_0618_1_1/7,"2020-09-08T16:22:44,260+0200",visu_pars.VisuCreationDate,0618,40,m40_0618,organism,jrc200908_m40_apoe_0618,AE-biomaGUNE-0618,Bruker BioSpec 7T,1536,scanner-exported DICOM,"animal m40; protocol 0618 (CONFIRMED in the facility DB); MRI platform archive backup_7T_olddata_260824/2020_pv6/20200908_153600_jrc200908_m40_apoe_0618_1_1.tar.gz (SHA-1 fb34516c8082be58839438aee3d58a90e6e5d195); scanner-exported DICOM; operator pending claim (historical MRI, STATUS 0.5 Hold)"
20200908_153600_jrc200908_m40_apoe_0618_1_1/11,"2020-09-08T17:41:07,402+0200",visu_pars.VisuCreationDate,0618,40,m40_0618,organism,jrc200908_m40_apoe_0618,AE-biomaGUNE-0618,Bruker BioSpec 7T,1536,scanner-exported DICOM,"animal m40; protocol 0618 (CONFIRMED in the facility DB); MRI platform archive backup_7T_olddata_260824/2020_pv6/20200908_153600_jrc200908_m40_apoe_0618_1_1.tar.gz (SHA-1 fb34516c8082be58839438aee3d58a90e6e5d195); scanner-exported DICOM; operator pending claim (historical MRI, STATUS 0.5 Hold)"
20200908_153600_jrc200908_m40_apoe_0618_1_1/12,"2020-09-08T17:42:29,054+0200",visu_pars.VisuCreationDate,0618,40,m40_0618,organism,jrc200908_m40_apoe_0618,AE-biomaGUNE-0618,Bruker BioSpec 7T,1536,scanner-exported DICOM,"animal m40; protocol 0618 (CONFIRMED in the facility DB); MRI platform archive backup_7T_olddata_260824/2020_pv6/20200908_153600_jrc200908_m40_apoe_0618_1_1.tar.gz (SHA-1 fb34516c8082be58839438aee3d58a90e6e5d195); scanner-exported DICOM; operator pending claim (historical MRI, STATUS 0.5 Hold)"
20200908_153600_jrc200908_m40_apoe_0618_1_1/13,"2020-09-08T17:44:38,442+0200",visu_pars.VisuCreationDate,0618,40,m40_0618,organism,jrc200908_m40_apoe_0618,AE-biomaGUNE-0618,Bruker BioSpec 7T,1536,scanner-exported DICOM,"animal m40; protocol 0618 (CONFIRMED in the facility DB); MRI platform archive backup_7T_olddata_260824/2020_pv6/20200908_153600_jrc200908_m40_apoe_0618_1_1.tar.gz (SHA-1 fb34516c8082be58839438aee3d58a90e6e5d195); scanner-exported DICOM; operator pending claim (historical MRI, STATUS 0.5 Hold)"
20200908_153600_jrc200908_m40_apoe_0618_1_1/14,"2020-09-08T17:54:54,721+0200",visu_pars.VisuCreationDate,0618,40,m40_0618,organism,jrc200908_m40_apoe_0618,AE-biomaGUNE-0618,Bruker BioSpec 7T,1536,scanner-exported DICOM,"animal m40; protocol 0618 (CONFIRMED in the facility DB); MRI platform archive backup_7T_olddata_260824/2020_pv6/20200908_153600_jrc200908_m40_apoe_0618_1_1.tar.gz (SHA-1 fb34516c8082be58839438aee3d58a90e6e5d195); scanner-exported DICOM; operator pending claim (historical MRI, STATUS 0.5 Hold)"
20200908_153600_jrc200908_m40_apoe_0618_1_1/15,"2020-09-08T18:05:02,784+0200",visu_pars.VisuCreationDate,0618,40,m40_0618,organism,jrc200908_m40_apoe_0618,AE-biomaGUNE-0618,Bruker BioSpec 7T,1536,scanner-exported DICOM,"animal m40; protocol 0618 (CONFIRMED in the facility DB); MRI platform archive backup_7T_olddata_260824/2020_pv6/20200908_153600_jrc200908_m40_apoe_0618_1_1.tar.gz (SHA-1 fb34516c8082be58839438aee3d58a90e6e5d195); scanner-exported DICOM; operator pending claim (historical MRI, STATUS 0.5 Hold)"
20200908_153600_jrc200908_m40_apoe_0618_1_1/16,"2020-09-08T18:18:57,895+0200",visu_pars.VisuCreationDate,0618,40,m40_0618,organism,jrc200908_m40_apoe_0618,AE-biomaGUNE-0618,Bruker BioSpec 7T,1536,scanner-exported DICOM,"animal m40; protocol 0618 (CONFIRMED in the facility DB); MRI platform archive backup_7T_olddata_260824/2020_pv6/20200908_153600_jrc200908_m40_apoe_0618_1_1.tar.gz (SHA-1 fb34516c8082be58839438aee3d58a90e6e5d195); scanner-exported DICOM; operator pending claim (historical MRI, STATUS 0.5 Hold)"
20200908_153600_jrc200908_m40_apoe_0618_1_1/17,"2020-09-08T18:28:36,068+0200",visu_pars.VisuCreationDate,0618,40,m40_0618,organism,jrc200908_m40_apoe_0618,AE-biomaGUNE-0618,Bruker BioSpec 7T,1536,scanner-exported DICOM,"animal m40; protocol 0618 (CONFIRMED in the facility DB); MRI platform archive backup_7T_olddata_260824/2020_pv6/20200908_153600_jrc200908_m40_apoe_0618_1_1.tar.gz (SHA-1 fb34516c8082be58839438aee3d58a90e6e5d195); scanner-exported DICOM; operator pending claim (historical MRI, STATUS 0.5 Hold)"
20200908_153600_jrc200908_m40_apoe_0618_1_1/18,"2020-09-08T18:42:52,788+0200",visu_pars.VisuCreationDate,0618,40,m40_0618,organism,jrc200908_m40_apoe_0618,AE-biomaGUNE-0618,Bruker BioSpec 7T,1536,scanner-exported DICOM,"animal m40; protocol 0618 (CONFIRMED in the facility DB); MRI platform archive backup_7T_olddata_260824/2020_pv6/20200908_153600_jrc200908_m40_apoe_0618_1_1.tar.gz (SHA-1 fb34516c8082be58839438aee3d58a90e6e5d195); scanner-exported DICOM; operator pending claim (historical MRI, STATUS 0.5 Hold)"
20200908_153600_jrc200908_m40_apoe_0618_1_1/21,"2020-09-08T18:51:31,065+0200",visu_pars.VisuCreationDate,0618,40,m40_0618,organism,jrc200908_m40_apoe_0618,AE-biomaGUNE-0618,Bruker BioSpec 7T,1536,scanner-exported DICOM,"animal m40; protocol 0618 (CONFIRMED in the facility DB); MRI platform archive backup_7T_olddata_260824/2020_pv6/20200908_153600_jrc200908_m40_apoe_0618_1_1.tar.gz (SHA-1 fb34516c8082be58839438aee3d58a90e6e5d195); scanner-exported DICOM; operator pending claim (historical MRI, STATUS 0.5 Hold)"
20200908_153600_jrc200908_m40_apoe_0618_1_1/22,"2020-09-08T19:01:44,920+0200",visu_pars.VisuCreationDate,0618,40,m40_0618,organism,jrc200908_m40_apoe_0618,AE-biomaGUNE-0618,Bruker BioSpec 7T,1536,scanner-exported DICOM,"animal m40; protocol 0618 (CONFIRMED in the facility DB); MRI platform archive backup_7T_olddata_260824/2020_pv6/20200908_153600_jrc200908_m40_apoe_0618_1_1.tar.gz (SHA-1 fb34516c8082be58839438aee3d58a90e6e5d195); scanner-exported DICOM; operator pending claim (historical MRI, STATUS 0.5 Hold)"
20200908_153600_jrc200908_m40_apoe_0618_1_1/23,"2020-09-08T19:15:36,779+0200",visu_pars.VisuCreationDate,0618,40,m40_0618,organism,jrc200908_m40_apoe_0618,AE-biomaGUNE-0618,Bruker BioSpec 7T,1536,scanner-exported DICOM,"animal m40; protocol 0618 (CONFIRMED in the facility DB); MRI platform archive backup_7T_olddata_260824/2020_pv6/20200908_153600_jrc200908_m40_apoe_0618_1_1.tar.gz (SHA-1 fb34516c8082be58839438aee3d58a90e6e5d195); scanner-exported DICOM; operator pending claim (historical MRI, STATUS 0.5 Hold)"
20200908_153600_jrc200908_m40_apoe_0618_1_1/24,"2020-09-08T19:17:34,607+0200",visu_pars.VisuCreationDate,0618,40,m40_0618,organism,jrc200908_m40_apoe_0618,AE-biomaGUNE-0618,Bruker BioSpec 7T,1536,scanner-exported DICOM,"animal m40; protocol 0618 (CONFIRMED in the facility DB); MRI platform archive backup_7T_olddata_260824/2020_pv6/20200908_153600_jrc200908_m40_apoe_0618_1_1.tar.gz (SHA-1 fb34516c8082be58839438aee3d58a90e6e5d195); scanner-exported DICOM; operator pending claim (historical MRI, STATUS 0.5 Hold)"
20200908_153600_jrc200908_m40_apoe_0618_1_1/25,"2020-09-08T19:19:32,822+0200",visu_pars.VisuCreationDate,0618,40,m40_0618,organism,jrc200908_m40_apoe_0618,AE-biomaGUNE-0618,Bruker BioSpec 7T,1536,scanner-exported DICOM,"animal m40; protocol 0618 (CONFIRMED in the facility DB); MRI platform archive backup_7T_olddata_260824/2020_pv6/20200908_153600_jrc200908_m40_apoe_0618_1_1.tar.gz (SHA-1 fb34516c8082be58839438aee3d58a90e6e5d195); scanner-exported DICOM; operator pending claim (historical MRI, STATUS 0.5 Hold)"
20200910_122952_jrc200910_m44_apoe_0618_1_1/1,"2020-09-10T12:35:46,817+0200",visu_pars.VisuCreationDate,0618,44,m44_0618,organism,jrc200910_m44_apoe_0618,AE-biomaGUNE-0618,Bruker BioSpec 7T,1229,scanner-exported DICOM,"animal m44; protocol 0618 (CONFIRMED in the facility DB); MRI platform archive backup_7T_olddata_260824/2020_pv6/20200910_122952_jrc200910_m44_apoe_0618_1_1.tar.gz (SHA-1 8f1105f0b65ff5c65e6593cb5fdf0d969c7aa98a); scanner-exported DICOM; operator pending claim (historical MRI, STATUS 0.5 Hold)"
20200910_122952_jrc200910_m44_apoe_0618_1_1/2,"2020-09-10T12:37:11,710+0200",visu_pars.VisuCreationDate,0618,44,m44_0618,organism,jrc200910_m44_apoe_0618,AE-biomaGUNE-0618,Bruker BioSpec 7T,1229,scanner-exported DICOM,"animal m44; protocol 0618 (CONFIRMED in the facility DB); MRI platform archive backup_7T_olddata_260824/2020_pv6/20200910_122952_jrc200910_m44_apoe_0618_1_1.tar.gz (SHA-1 8f1105f0b65ff5c65e6593cb5fdf0d969c7aa98a); scanner-exported DICOM; operator pending claim (historical MRI, STATUS 0.5 Hold)"
20200910_122952_jrc200910_m44_apoe_0618_1_1/3,"2020-09-10T12:38:54,379+0200",visu_pars.VisuCreationDate,0618,44,m44_0618,organism,jrc200910_m44_apoe_0618,AE-biomaGUNE-0618,Bruker BioSpec 7T,1229,scanner-exported DICOM,"animal m44; protocol 0618 (CONFIRMED in the facility DB); MRI platform archive backup_7T_olddata_260824/2020_pv6/20200910_122952_jrc200910_m44_apoe_0618_1_1.tar.gz (SHA-1 8f1105f0b65ff5c65e6593cb5fdf0d969c7aa98a); scanner-exported DICOM; operator pending claim (historical MRI, STATUS 0.5 Hold)"
20200910_122952_jrc200910_m44_apoe_0618_1_1/4,"2020-09-10T12:50:33,313+0200",visu_pars.VisuCreationDate,0618,44,m44_0618,organism,jrc200910_m44_apoe_0618,AE-biomaGUNE-0618,Bruker BioSpec 7T,1229,scanner-exported DICOM,"animal m44; protocol 0618 (CONFIRMED in the facility DB); MRI platform archive backup_7T_olddata_260824/2020_pv6/20200910_122952_jrc200910_m44_apoe_0618_1_1.tar.gz (SHA-1 8f1105f0b65ff5c65e6593cb5fdf0d969c7aa98a); scanner-exported DICOM; operator pending claim (historical MRI, STATUS 0.5 Hold)"
20200910_122952_jrc200910_m44_apoe_0618_1_1/6,"2020-09-10T13:00:30,967+0200",visu_pars.VisuCreationDate,0618,44,m44_0618,organism,jrc200910_m44_apoe_0618,AE-biomaGUNE-0618,Bruker BioSpec 7T,1229,scanner-exported DICOM,"animal m44; protocol 0618 (CONFIRMED in the facility DB); MRI platform archive backup_7T_olddata_260824/2020_pv6/20200910_122952_jrc200910_m44_apoe_0618_1_1.tar.gz (SHA-1 8f1105f0b65ff5c65e6593cb5fdf0d969c7aa98a); scanner-exported DICOM; operator pending claim (historical MRI, STATUS 0.5 Hold)"
20200910_122952_jrc200910_m44_apoe_0618_1_1/7,"2020-09-10T13:18:34,298+0200",visu_pars.VisuCreationDate,0618,44,m44_0618,organism,jrc200910_m44_apoe_0618,AE-biomaGUNE-0618,Bruker BioSpec 7T,1229,scanner-exported DICOM,"animal m44; protocol 0618 (CONFIRMED in the facility DB); MRI platform archive backup_7T_olddata_260824/2020_pv6/20200910_122952_jrc200910_m44_apoe_0618_1_1.tar.gz (SHA-1 8f1105f0b65ff5c65e6593cb5fdf0d969c7aa98a); scanner-exported DICOM; operator pending claim (historical MRI, STATUS 0.5 Hold)"
20200910_122952_jrc200910_m44_apoe_0618_1_1/8,"2020-09-10T13:27:45,050+0200",visu_pars.VisuCreationDate,0618,44,m44_0618,organism,jrc200910_m44_apoe_0618,AE-biomaGUNE-0618,Bruker BioSpec 7T,1229,scanner-exported DICOM,"animal m44; protocol 0618 (CONFIRMED in the facility DB); MRI platform archive backup_7T_olddata_260824/2020_pv6/20200910_122952_jrc200910_m44_apoe_0618_1_1.tar.gz (SHA-1 8f1105f0b65ff5c65e6593cb5fdf0d969c7aa98a); scanner-exported DICOM; operator pending claim (historical MRI, STATUS 0.5 Hold)"
20200910_122952_jrc200910_m44_apoe_0618_1_1/9,"2020-09-10T13:29:00,975+0200",visu_pars.VisuCreationDate,0618,44,m44_0618,organism,jrc200910_m44_apoe_0618,AE-biomaGUNE-0618,Bruker BioSpec 7T,1229,scanner-exported DICOM,"animal m44; protocol 0618 (CONFIRMED in the facility DB); MRI platform archive backup_7T_olddata_260824/2020_pv6/20200910_122952_jrc200910_m44_apoe_0618_1_1.tar.gz (SHA-1 8f1105f0b65ff5c65e6593cb5fdf0d969c7aa98a); scanner-exported DICOM; operator pending claim (historical MRI, STATUS 0.5 Hold)"
20200910_122952_jrc200910_m44_apoe_0618_1_1/10,"2020-09-10T13:30:32,860+0200",visu_pars.VisuCreationDate,0618,44,m44_0618,organism,jrc200910_m44_apoe_0618,AE-biomaGUNE-0618,Bruker BioSpec 7T,1229,scanner-exported DICOM,"animal m44; protocol 0618 (CONFIRMED in the facility DB); MRI platform archive backup_7T_olddata_260824/2020_pv6/20200910_122952_jrc200910_m44_apoe_0618_1_1.tar.gz (SHA-1 8f1105f0b65ff5c65e6593cb5fdf0d969c7aa98a); scanner-exported DICOM; operator pending claim (historical MRI, STATUS 0.5 Hold)"
20200910_122952_jrc200910_m44_apoe_0618_1_1/11,"2020-09-10T13:40:42,235+0200",visu_pars.VisuCreationDate,0618,44,m44_0618,organism,jrc200910_m44_apoe_0618,AE-biomaGUNE-0618,Bruker BioSpec 7T,1229,scanner-exported DICOM,"animal m44; protocol 0618 (CONFIRMED in the facility DB); MRI platform archive backup_7T_olddata_260824/2020_pv6/20200910_122952_jrc200910_m44_apoe_0618_1_1.tar.gz (SHA-1 8f1105f0b65ff5c65e6593cb5fdf0d969c7aa98a); scanner-exported DICOM; operator pending claim (historical MRI, STATUS 0.5 Hold)"
20200910_122952_jrc200910_m44_apoe_0618_1_1/12,"2020-09-10T13:52:16,836+0200",visu_pars.VisuCreationDate,0618,44,m44_0618,organism,jrc200910_m44_apoe_0618,AE-biomaGUNE-0618,Bruker BioSpec 7T,1229,scanner-exported DICOM,"animal m44; protocol 0618 (CONFIRMED in the facility DB); MRI platform archive backup_7T_olddata_260824/2020_pv6/20200910_122952_jrc200910_m44_apoe_0618_1_1.tar.gz (SHA-1 8f1105f0b65ff5c65e6593cb5fdf0d969c7aa98a); scanner-exported DICOM; operator pending claim (historical MRI, STATUS 0.5 Hold)"
20200910_122952_jrc200910_m44_apoe_0618_1_1/13,"2020-09-10T14:31:05,904+0200",visu_pars.VisuCreationDate,0618,44,m44_0618,organism,jrc200910_m44_apoe_0618,AE-biomaGUNE-0618,Bruker BioSpec 7T,1229,scanner-exported DICOM,"animal m44; protocol 0618 (CONFIRMED in the facility DB); MRI platform archive backup_7T_olddata_260824/2020_pv6/20200910_122952_jrc200910_m44_apoe_0618_1_1.tar.gz (SHA-1 8f1105f0b65ff5c65e6593cb5fdf0d969c7aa98a); scanner-exported DICOM; operator pending claim (historical MRI, STATUS 0.5 Hold)"
20200910_122952_jrc200910_m44_apoe_0618_1_1/16,"2020-09-10T14:08:29,006+0200",visu_pars.VisuCreationDate,0618,44,m44_0618,organism,jrc200910_m44_apoe_0618,AE-biomaGUNE-0618,Bruker BioSpec 7T,1229,scanner-exported DICOM,"animal m44; protocol 0618 (CONFIRMED in the facility DB); MRI platform archive backup_7T_olddata_260824/2020_pv6/20200910_122952_jrc200910_m44_apoe_0618_1_1.tar.gz (SHA-1 8f1105f0b65ff5c65e6593cb5fdf0d969c7aa98a); scanner-exported DICOM; operator pending claim (historical MRI, STATUS 0.5 Hold)"
20200910_122952_jrc200910_m44_apoe_0618_1_1/17,"2020-09-10T14:05:21,292+0200",visu_pars.VisuCreationDate,0618,44,m44_0618,organism,jrc200910_m44_apoe_0618,AE-biomaGUNE-0618,Bruker BioSpec 7T,1229,scanner-exported DICOM,"animal m44; protocol 0618 (CONFIRMED in the facility DB); MRI platform archive backup_7T_olddata_260824/2020_pv6/20200910_122952_jrc200910_m44_apoe_0618_1_1.tar.gz (SHA-1 8f1105f0b65ff5c65e6593cb5fdf0d969c7aa98a); scanner-exported DICOM; operator pending claim (historical MRI, STATUS 0.5 Hold)"
20200910_122952_jrc200910_m44_apoe_0618_1_1/18,"2020-09-10T14:43:36,565+0200",visu_pars.VisuCreationDate,0618,44,m44_0618,organism,jrc200910_m44_apoe_0618,AE-biomaGUNE-0618,Bruker BioSpec 7T,1229,scanner-exported DICOM,"animal m44; protocol 0618 (CONFIRMED in the facility DB); MRI platform archive backup_7T_olddata_260824/2020_pv6/20200910_122952_jrc200910_m44_apoe_0618_1_1.tar.gz (SHA-1 8f1105f0b65ff5c65e6593cb5fdf0d969c7aa98a); scanner-exported DICOM; operator pending claim (historical MRI, STATUS 0.5 Hold)"
20200910_144551_jrc200910_m45_apoe_0618_1_1/1,"2020-09-10T14:54:42,527+0200",visu_pars.VisuCreationDate,0618,45,m45_0618,organism,jrc200910_m45_apoe_0618,AE-biomaGUNE-0618,Bruker BioSpec 7T,1445,scanner-exported DICOM,"animal m45; protocol 0618 (CONFIRMED in the facility DB); MRI platform archive backup_7T_olddata_260824/2020_pv6/20200910_144551_jrc200910_m45_apoe_0618_1_1.tar.gz (SHA-1 7513989a5a8f057154309647a435cdd9ef950faf); scanner-exported DICOM; operator pending claim (historical MRI, STATUS 0.5 Hold)"
20200910_144551_jrc200910_m45_apoe_0618_1_1/2,"2020-09-10T14:57:03,280+0200",visu_pars.VisuCreationDate,0618,45,m45_0618,organism,jrc200910_m45_apoe_0618,AE-biomaGUNE-0618,Bruker BioSpec 7T,1445,scanner-exported DICOM,"animal m45; protocol 0618 (CONFIRMED in the facility DB); MRI platform archive backup_7T_olddata_260824/2020_pv6/20200910_144551_jrc200910_m45_apoe_0618_1_1.tar.gz (SHA-1 7513989a5a8f057154309647a435cdd9ef950faf); scanner-exported DICOM; operator pending claim (historical MRI, STATUS 0.5 Hold)"
20200910_144551_jrc200910_m45_apoe_0618_1_1/3,"2020-09-10T14:58:50,257+0200",visu_pars.VisuCreationDate,0618,45,m45_0618,organism,jrc200910_m45_apoe_0618,AE-biomaGUNE-0618,Bruker BioSpec 7T,1445,scanner-exported DICOM,"animal m45; protocol 0618 (CONFIRMED in the facility DB); MRI platform archive backup_7T_olddata_260824/2020_pv6/20200910_144551_jrc200910_m45_apoe_0618_1_1.tar.gz (SHA-1 7513989a5a8f057154309647a435cdd9ef950faf); scanner-exported DICOM; operator pending claim (historical MRI, STATUS 0.5 Hold)"
20200910_144551_jrc200910_m45_apoe_0618_1_1/5,"2020-09-10T15:25:13,263+0200",visu_pars.VisuCreationDate,0618,45,m45_0618,organism,jrc200910_m45_apoe_0618,AE-biomaGUNE-0618,Bruker BioSpec 7T,1445,scanner-exported DICOM,"animal m45; protocol 0618 (CONFIRMED in the facility DB); MRI platform archive backup_7T_olddata_260824/2020_pv6/20200910_144551_jrc200910_m45_apoe_0618_1_1.tar.gz (SHA-1 7513989a5a8f057154309647a435cdd9ef950faf); scanner-exported DICOM; operator pending claim (historical MRI, STATUS 0.5 Hold)"
20200910_144551_jrc200910_m45_apoe_0618_1_1/6,"2020-09-10T15:41:14,343+0200",visu_pars.VisuCreationDate,0618,45,m45_0618,organism,jrc200910_m45_apoe_0618,AE-biomaGUNE-0618,Bruker BioSpec 7T,1445,scanner-exported DICOM,"animal m45; protocol 0618 (CONFIRMED in the facility DB); MRI platform archive backup_7T_olddata_260824/2020_pv6/20200910_144551_jrc200910_m45_apoe_0618_1_1.tar.gz (SHA-1 7513989a5a8f057154309647a435cdd9ef950faf); scanner-exported DICOM; operator pending claim (historical MRI, STATUS 0.5 Hold)"
20200910_144551_jrc200910_m45_apoe_0618_1_1/7,"2020-09-10T15:12:24,240+0200",visu_pars.VisuCreationDate,0618,45,m45_0618,organism,jrc200910_m45_apoe_0618,AE-biomaGUNE-0618,Bruker BioSpec 7T,1445,scanner-exported DICOM,"animal m45; protocol 0618 (CONFIRMED in the facility DB); MRI platform archive backup_7T_olddata_260824/2020_pv6/20200910_144551_jrc200910_m45_apoe_0618_1_1.tar.gz (SHA-1 7513989a5a8f057154309647a435cdd9ef950faf); scanner-exported DICOM; operator pending claim (historical MRI, STATUS 0.5 Hold)"
20200910_144551_jrc200910_m45_apoe_0618_1_1/8,"2020-09-10T15:50:30,748+0200",visu_pars.VisuCreationDate,0618,45,m45_0618,organism,jrc200910_m45_apoe_0618,AE-biomaGUNE-0618,Bruker BioSpec 7T,1445,scanner-exported DICOM,"animal m45; protocol 0618 (CONFIRMED in the facility DB); MRI platform archive backup_7T_olddata_260824/2020_pv6/20200910_144551_jrc200910_m45_apoe_0618_1_1.tar.gz (SHA-1 7513989a5a8f057154309647a435cdd9ef950faf); scanner-exported DICOM; operator pending claim (historical MRI, STATUS 0.5 Hold)"
20200910_144551_jrc200910_m45_apoe_0618_1_1/9,"2020-09-10T15:51:53,538+0200",visu_pars.VisuCreationDate,0618,45,m45_0618,organism,jrc200910_m45_apoe_0618,AE-biomaGUNE-0618,Bruker BioSpec 7T,1445,scanner-exported DICOM,"animal m45; protocol 0618 (CONFIRMED in the facility DB); MRI platform archive backup_7T_olddata_260824/2020_pv6/20200910_144551_jrc200910_m45_apoe_0618_1_1.tar.gz (SHA-1 7513989a5a8f057154309647a435cdd9ef950faf); scanner-exported DICOM; operator pending claim (historical MRI, STATUS 0.5 Hold)"
20200910_144551_jrc200910_m45_apoe_0618_1_1/10,"2020-09-10T15:53:39,226+0200",visu_pars.VisuCreationDate,0618,45,m45_0618,organism,jrc200910_m45_apoe_0618,AE-biomaGUNE-0618,Bruker BioSpec 7T,1445,scanner-exported DICOM,"animal m45; protocol 0618 (CONFIRMED in the facility DB); MRI platform archive backup_7T_olddata_260824/2020_pv6/20200910_144551_jrc200910_m45_apoe_0618_1_1.tar.gz (SHA-1 7513989a5a8f057154309647a435cdd9ef950faf); scanner-exported DICOM; operator pending claim (historical MRI, STATUS 0.5 Hold)"
20200910_144551_jrc200910_m45_apoe_0618_1_1/11,"2020-09-10T16:03:42,107+0200",visu_pars.VisuCreationDate,0618,45,m45_0618,organism,jrc200910_m45_apoe_0618,AE-biomaGUNE-0618,Bruker BioSpec 7T,1445,scanner-exported DICOM,"animal m45; protocol 0618 (CONFIRMED in the facility DB); MRI platform archive backup_7T_olddata_260824/2020_pv6/20200910_144551_jrc200910_m45_apoe_0618_1_1.tar.gz (SHA-1 7513989a5a8f057154309647a435cdd9ef950faf); scanner-exported DICOM; operator pending claim (historical MRI, STATUS 0.5 Hold)"
20200910_144551_jrc200910_m45_apoe_0618_1_1/13,"2020-09-10T16:53:47,554+0200",visu_pars.VisuCreationDate,0618,45,m45_0618,organism,jrc200910_m45_apoe_0618,AE-biomaGUNE-0618,Bruker BioSpec 7T,1445,scanner-exported DICOM,"animal m45; protocol 0618 (CONFIRMED in the facility DB); MRI platform archive backup_7T_olddata_260824/2020_pv6/20200910_144551_jrc200910_m45_apoe_0618_1_1.tar.gz (SHA-1 7513989a5a8f057154309647a435cdd9ef950faf); scanner-exported DICOM; operator pending claim (historical MRI, STATUS 0.5 Hold)"
20200910_144551_jrc200910_m45_apoe_0618_1_1/14,"2020-09-10T16:19:22,963+0200",visu_pars.VisuCreationDate,0618,45,m45_0618,organism,jrc200910_m45_apoe_0618,AE-biomaGUNE-0618,Bruker BioSpec 7T,1445,scanner-exported DICOM,"animal m45; protocol 0618 (CONFIRMED in the facility DB); MRI platform archive backup_7T_olddata_260824/2020_pv6/20200910_144551_jrc200910_m45_apoe_0618_1_1.tar.gz (SHA-1 7513989a5a8f057154309647a435cdd9ef950faf); scanner-exported DICOM; operator pending claim (historical MRI, STATUS 0.5 Hold)"
20200910_144551_jrc200910_m45_apoe_0618_1_1/15,"2020-09-10T16:33:38,853+0200",visu_pars.VisuCreationDate,0618,45,m45_0618,organism,jrc200910_m45_apoe_0618,AE-biomaGUNE-0618,Bruker BioSpec 7T,1445,scanner-exported DICOM,"animal m45; protocol 0618 (CONFIRMED in the facility DB); MRI platform archive backup_7T_olddata_260824/2020_pv6/20200910_144551_jrc200910_m45_apoe_0618_1_1.tar.gz (SHA-1 7513989a5a8f057154309647a435cdd9ef950faf); scanner-exported DICOM; operator pending claim (historical MRI, STATUS 0.5 Hold)"
20200910_144551_jrc200910_m45_apoe_0618_1_1/16,"2020-09-10T17:03:15,944+0200",visu_pars.VisuCreationDate,0618,45,m45_0618,organism,jrc200910_m45_apoe_0618,AE-biomaGUNE-0618,Bruker BioSpec 7T,1445,scanner-exported DICOM,"animal m45; protocol 0618 (CONFIRMED in the facility DB); MRI platform archive backup_7T_olddata_260824/2020_pv6/20200910_144551_jrc200910_m45_apoe_0618_1_1.tar.gz (SHA-1 7513989a5a8f057154309647a435cdd9ef950faf); scanner-exported DICOM; operator pending claim (historical MRI, STATUS 0.5 Hold)"
20200928_135700_jrc200928_m46_0618_1_1/1,"2020-09-28T14:04:00,850+0200",visu_pars.VisuCreationDate,0618,46,m46_0618,organism,jrc200928_m46_0618,AE-biomaGUNE-0618,Bruker BioSpec 7T,1357,DICOM regenerated by Dicomifier 2.5.3 (+ gjesus3 workarounds) from the ParaVision 2dseq before ingest,"animal m46; protocol 0618 (CONFIRMED in the facility DB); MRI platform archive backup_7T_olddata_260824/2020_pv6/20200928_135700_jrc200928_m46_0618_1_1.tar.gz (SHA-1 1e18a425ad16c3cb2eb426f64d541946701b324d); DICOM regenerated by Dicomifier 2.5.3 (+ gjesus3 workarounds) from the ParaVision 2dseq before ingest; operator pending claim (historical MRI, STATUS 0.5 Hold)"
20200928_135700_jrc200928_m46_0618_1_1/2,"2020-09-28T14:05:20,503+0200",visu_pars.VisuCreationDate,0618,46,m46_0618,organism,jrc200928_m46_0618,AE-biomaGUNE-0618,Bruker BioSpec 7T,1357,DICOM regenerated by Dicomifier 2.5.3 (+ gjesus3 workarounds) from the ParaVision 2dseq before ingest,"animal m46; protocol 0618 (CONFIRMED in the facility DB); MRI platform archive backup_7T_olddata_260824/2020_pv6/20200928_135700_jrc200928_m46_0618_1_1.tar.gz (SHA-1 1e18a425ad16c3cb2eb426f64d541946701b324d); DICOM regenerated by Dicomifier 2.5.3 (+ gjesus3 workarounds) from the ParaVision 2dseq before ingest; operator pending claim (historical MRI, STATUS 0.5 Hold)"
20200928_135700_jrc200928_m46_0618_1_1/4,"2020-09-28T14:07:35,540+0200",visu_pars.VisuCreationDate,0618,46,m46_0618,organism,jrc200928_m46_0618,AE-biomaGUNE-0618,Bruker BioSpec 7T,1357,DICOM regenerated by Dicomifier 2.5.3 (+ gjesus3 workarounds) from the ParaVision 2dseq before ingest,"animal m46; protocol 0618 (CONFIRMED in the facility DB); MRI platform archive backup_7T_olddata_260824/2020_pv6/20200928_135700_jrc200928_m46_0618_1_1.tar.gz (SHA-1 1e18a425ad16c3cb2eb426f64d541946701b324d); DICOM regenerated by Dicomifier 2.5.3 (+ gjesus3 workarounds) from the ParaVision 2dseq before ingest; operator pending claim (historical MRI, STATUS 0.5 Hold)"
20200928_135700_jrc200928_m46_0618_1_1/7,"2020-09-28T14:13:23,097+0200",visu_pars.VisuCreationDate,0618,46,m46_0618,organism,jrc200928_m46_0618,AE-biomaGUNE-0618,Bruker BioSpec 7T,1357,DICOM regenerated by Dicomifier 2.5.3 (+ gjesus3 workarounds) from the ParaVision 2dseq before ingest,"animal m46; protocol 0618 (CONFIRMED in the facility DB); MRI platform archive backup_7T_olddata_260824/2020_pv6/20200928_135700_jrc200928_m46_0618_1_1.tar.gz (SHA-1 1e18a425ad16c3cb2eb426f64d541946701b324d); DICOM regenerated by Dicomifier 2.5.3 (+ gjesus3 workarounds) from the ParaVision 2dseq before ingest; operator pending claim (historical MRI, STATUS 0.5 Hold)"
20200928_135700_jrc200928_m46_0618_1_1/8,"2020-09-28T14:16:22,822+0200",visu_pars.VisuCreationDate,0618,46,m46_0618,organism,jrc200928_m46_0618,AE-biomaGUNE-0618,Bruker BioSpec 7T,1357,DICOM regenerated by Dicomifier 2.5.3 (+ gjesus3 workarounds) from the ParaVision 2dseq before ingest,"animal m46; protocol 0618 (CONFIRMED in the facility DB); MRI platform archive backup_7T_olddata_260824/2020_pv6/20200928_135700_jrc200928_m46_0618_1_1.tar.gz (SHA-1 1e18a425ad16c3cb2eb426f64d541946701b324d); DICOM regenerated by Dicomifier 2.5.3 (+ gjesus3 workarounds) from the ParaVision 2dseq before ingest; operator pending claim (historical MRI, STATUS 0.5 Hold)"
20200928_135700_jrc200928_m46_0618_1_1/9,"2020-09-28T14:21:53,243+0200",visu_pars.VisuCreationDate,0618,46,m46_0618,organism,jrc200928_m46_0618,AE-biomaGUNE-0618,Bruker BioSpec 7T,1357,DICOM regenerated by Dicomifier 2.5.3 (+ gjesus3 workarounds) from the ParaVision 2dseq before ingest,"animal m46; protocol 0618 (CONFIRMED in the facility DB); MRI platform archive backup_7T_olddata_260824/2020_pv6/20200928_135700_jrc200928_m46_0618_1_1.tar.gz (SHA-1 1e18a425ad16c3cb2eb426f64d541946701b324d); DICOM regenerated by Dicomifier 2.5.3 (+ gjesus3 workarounds) from the ParaVision 2dseq before ingest; operator pending claim (historical MRI, STATUS 0.5 Hold)"
20200928_135700_jrc200928_m46_0618_1_1/11,"2020-09-28T14:26:47,922+0200",visu_pars.VisuCreationDate,0618,46,m46_0618,organism,jrc200928_m46_0618,AE-biomaGUNE-0618,Bruker BioSpec 7T,1357,DICOM regenerated by Dicomifier 2.5.3 (+ gjesus3 workarounds) from the ParaVision 2dseq before ingest,"animal m46; protocol 0618 (CONFIRMED in the facility DB); MRI platform archive backup_7T_olddata_260824/2020_pv6/20200928_135700_jrc200928_m46_0618_1_1.tar.gz (SHA-1 1e18a425ad16c3cb2eb426f64d541946701b324d); DICOM regenerated by Dicomifier 2.5.3 (+ gjesus3 workarounds) from the ParaVision 2dseq before ingest; operator pending claim (historical MRI, STATUS 0.5 Hold)"
20200928_135700_jrc200928_m46_0618_1_1/12,"2020-09-28T14:27:55,322+0200",visu_pars.VisuCreationDate,0618,46,m46_0618,organism,jrc200928_m46_0618,AE-biomaGUNE-0618,Bruker BioSpec 7T,1357,DICOM regenerated by Dicomifier 2.5.3 (+ gjesus3 workarounds) from the ParaVision 2dseq before ingest,"animal m46; protocol 0618 (CONFIRMED in the facility DB); MRI platform archive backup_7T_olddata_260824/2020_pv6/20200928_135700_jrc200928_m46_0618_1_1.tar.gz (SHA-1 1e18a425ad16c3cb2eb426f64d541946701b324d); DICOM regenerated by Dicomifier 2.5.3 (+ gjesus3 workarounds) from the ParaVision 2dseq before ingest; operator pending claim (historical MRI, STATUS 0.5 Hold)"
20200928_135700_jrc200928_m46_0618_1_1/13,"2020-09-28T14:29:37,302+0200",visu_pars.VisuCreationDate,0618,46,m46_0618,organism,jrc200928_m46_0618,AE-biomaGUNE-0618,Bruker BioSpec 7T,1357,DICOM regenerated by Dicomifier 2.5.3 (+ gjesus3 workarounds) from the ParaVision 2dseq before ingest,"animal m46; protocol 0618 (CONFIRMED in the facility DB); MRI platform archive backup_7T_olddata_260824/2020_pv6/20200928_135700_jrc200928_m46_0618_1_1.tar.gz (SHA-1 1e18a425ad16c3cb2eb426f64d541946701b324d); DICOM regenerated by Dicomifier 2.5.3 (+ gjesus3 workarounds) from the ParaVision 2dseq before ingest; operator pending claim (historical MRI, STATUS 0.5 Hold)"
20200928_135700_jrc200928_m46_0618_1_1/14,"2020-09-28T14:40:23,131+0200",visu_pars.VisuCreationDate,0618,46,m46_0618,organism,jrc200928_m46_0618,AE-biomaGUNE-0618,Bruker BioSpec 7T,1357,DICOM regenerated by Dicomifier 2.5.3 (+ gjesus3 workarounds) from the ParaVision 2dseq before ingest,"animal m46; protocol 0618 (CONFIRMED in the facility DB); MRI platform archive backup_7T_olddata_260824/2020_pv6/20200928_135700_jrc200928_m46_0618_1_1.tar.gz (SHA-1 1e18a425ad16c3cb2eb426f64d541946701b324d); DICOM regenerated by Dicomifier 2.5.3 (+ gjesus3 workarounds) from the ParaVision 2dseq before ingest; operator pending claim (historical MRI, STATUS 0.5 Hold)"
20200928_135700_jrc200928_m46_0618_1_1/15,"2020-09-28T14:50:22,221+0200",visu_pars.VisuCreationDate,0618,46,m46_0618,organism,jrc200928_m46_0618,AE-biomaGUNE-0618,Bruker BioSpec 7T,1357,DICOM regenerated by Dicomifier 2.5.3 (+ gjesus3 workarounds) from the ParaVision 2dseq before ingest,"animal m46; protocol 0618 (CONFIRMED in the facility DB); MRI platform archive backup_7T_olddata_260824/2020_pv6/20200928_135700_jrc200928_m46_0618_1_1.tar.gz (SHA-1 1e18a425ad16c3cb2eb426f64d541946701b324d); DICOM regenerated by Dicomifier 2.5.3 (+ gjesus3 workarounds) from the ParaVision 2dseq before ingest; operator pending claim (historical MRI, STATUS 0.5 Hold)"
20200928_135700_jrc200928_m46_0618_1_1/16,"2020-09-29T15:00:08,576+0200",visu_pars.VisuCreationDate,0618,46,m46_0618,organism,jrc200928_m46_0618,AE-biomaGUNE-0618,Bruker BioSpec 7T,1357,DICOM regenerated by Dicomifier 2.5.3 (+ gjesus3 workarounds) from the ParaVision 2dseq before ingest,"animal m46; protocol 0618 (CONFIRMED in the facility DB); MRI platform archive backup_7T_olddata_260824/2020_pv6/20200928_135700_jrc200928_m46_0618_1_1.tar.gz (SHA-1 1e18a425ad16c3cb2eb426f64d541946701b324d); DICOM regenerated by Dicomifier 2.5.3 (+ gjesus3 workarounds) from the ParaVision 2dseq before ingest; operator pending claim (historical MRI, STATUS 0.5 Hold)"
20200928_135700_jrc200928_m46_0618_1_1/17,"2020-09-29T15:09:08,657+0200",visu_pars.VisuCreationDate,0618,46,m46_0618,organism,jrc200928_m46_0618,AE-biomaGUNE-0618,Bruker BioSpec 7T,1357,DICOM regenerated by Dicomifier 2.5.3 (+ gjesus3 workarounds) from the ParaVision 2dseq before ingest,"animal m46; protocol 0618 (CONFIRMED in the facility DB); MRI platform archive backup_7T_olddata_260824/2020_pv6/20200928_135700_jrc200928_m46_0618_1_1.tar.gz (SHA-1 1e18a425ad16c3cb2eb426f64d541946701b324d); DICOM regenerated by Dicomifier 2.5.3 (+ gjesus3 workarounds) from the ParaVision 2dseq before ingest; operator pending claim (historical MRI, STATUS 0.5 Hold)"
20200928_135700_jrc200928_m46_0618_1_1/18,"2020-09-29T15:15:43,391+0200",visu_pars.VisuCreationDate,0618,46,m46_0618,organism,jrc200928_m46_0618,AE-biomaGUNE-0618,Bruker BioSpec 7T,1357,DICOM regenerated by Dicomifier 2.5.3 (+ gjesus3 workarounds) from the ParaVision 2dseq before ingest,"animal m46; protocol 0618 (CONFIRMED in the facility DB); MRI platform archive backup_7T_olddata_260824/2020_pv6/20200928_135700_jrc200928_m46_0618_1_1.tar.gz (SHA-1 1e18a425ad16c3cb2eb426f64d541946701b324d); DICOM regenerated by Dicomifier 2.5.3 (+ gjesus3 workarounds) from the ParaVision 2dseq before ingest; operator pending claim (historical MRI, STATUS 0.5 Hold)"
20200928_135700_jrc200928_m46_0618_1_1/19,"2020-09-29T15:40:36,362+0200",visu_pars.VisuCreationDate,0618,46,m46_0618,organism,jrc200928_m46_0618,AE-biomaGUNE-0618,Bruker BioSpec 7T,1357,DICOM regenerated by Dicomifier 2.5.3 (+ gjesus3 workarounds) from the ParaVision 2dseq before ingest,"animal m46; protocol 0618 (CONFIRMED in the facility DB); MRI platform archive backup_7T_olddata_260824/2020_pv6/20200928_135700_jrc200928_m46_0618_1_1.tar.gz (SHA-1 1e18a425ad16c3cb2eb426f64d541946701b324d); DICOM regenerated by Dicomifier 2.5.3 (+ gjesus3 workarounds) from the ParaVision 2dseq before ingest; operator pending claim (historical MRI, STATUS 0.5 Hold)"
20200928_135700_jrc200928_m46_0618_1_1/20,"2020-09-29T15:08:24,931+0200",visu_pars.VisuCreationDate,0618,46,m46_0618,organism,jrc200928_m46_0618,AE-biomaGUNE-0618,Bruker BioSpec 7T,1357,DICOM regenerated by Dicomifier 2.5.3 (+ gjesus3 workarounds) from the ParaVision 2dseq before ingest,"animal m46; protocol 0618 (CONFIRMED in the facility DB); MRI platform archive backup_7T_olddata_260824/2020_pv6/20200928_135700_jrc200928_m46_0618_1_1.tar.gz (SHA-1 1e18a425ad16c3cb2eb426f64d541946701b324d); DICOM regenerated by Dicomifier 2.5.3 (+ gjesus3 workarounds) from the ParaVision 2dseq before ingest; operator pending claim (historical MRI, STATUS 0.5 Hold)"
20200928_135700_jrc200928_m46_0618_1_1/21,"2020-09-29T15:10:47,447+0200",visu_pars.VisuCreationDate,0618,46,m46_0618,organism,jrc200928_m46_0618,AE-biomaGUNE-0618,Bruker BioSpec 7T,1357,DICOM regenerated by Dicomifier 2.5.3 (+ gjesus3 workarounds) from the ParaVision 2dseq before ingest,"animal m46; protocol 0618 (CONFIRMED in the facility DB); MRI platform archive backup_7T_olddata_260824/2020_pv6/20200928_135700_jrc200928_m46_0618_1_1.tar.gz (SHA-1 1e18a425ad16c3cb2eb426f64d541946701b324d); DICOM regenerated by Dicomifier 2.5.3 (+ gjesus3 workarounds) from the ParaVision 2dseq before ingest; operator pending claim (historical MRI, STATUS 0.5 Hold)"
20200928_135700_jrc200928_m46_0618_1_1/22,"2020-09-29T15:13:29,248+0200",visu_pars.VisuCreationDate,0618,46,m46_0618,organism,jrc200928_m46_0618,AE-biomaGUNE-0618,Bruker BioSpec 7T,1357,DICOM regenerated by Dicomifier 2.5.3 (+ gjesus3 workarounds) from the ParaVision 2dseq before ingest,"animal m46; protocol 0618 (CONFIRMED in the facility DB); MRI platform archive backup_7T_olddata_260824/2020_pv6/20200928_135700_jrc200928_m46_0618_1_1.tar.gz (SHA-1 1e18a425ad16c3cb2eb426f64d541946701b324d); DICOM regenerated by Dicomifier 2.5.3 (+ gjesus3 workarounds) from the ParaVision 2dseq before ingest; operator pending claim (historical MRI, STATUS 0.5 Hold)"
20200928_135700_jrc200928_m46_0618_1_1/23,"2020-09-29T15:19:04,227+0200",visu_pars.VisuCreationDate,0618,46,m46_0618,organism,jrc200928_m46_0618,AE-biomaGUNE-0618,Bruker BioSpec 7T,1357,DICOM regenerated by Dicomifier 2.5.3 (+ gjesus3 workarounds) from the ParaVision 2dseq before ingest,"animal m46; protocol 0618 (CONFIRMED in the facility DB); MRI platform archive backup_7T_olddata_260824/2020_pv6/20200928_135700_jrc200928_m46_0618_1_1.tar.gz (SHA-1 1e18a425ad16c3cb2eb426f64d541946701b324d); DICOM regenerated by Dicomifier 2.5.3 (+ gjesus3 workarounds) from the ParaVision 2dseq before ingest; operator pending claim (historical MRI, STATUS 0.5 Hold)"
20200928_135700_jrc200928_m46_0618_1_1/24,"2020-09-29T15:25:58,694+0200",visu_pars.VisuCreationDate,0618,46,m46_0618,organism,jrc200928_m46_0618,AE-biomaGUNE-0618,Bruker BioSpec 7T,1357,DICOM regenerated by Dicomifier 2.5.3 (+ gjesus3 workarounds) from the ParaVision 2dseq before ingest,"animal m46; protocol 0618 (CONFIRMED in the facility DB); MRI platform archive backup_7T_olddata_260824/2020_pv6/20200928_135700_jrc200928_m46_0618_1_1.tar.gz (SHA-1 1e18a425ad16c3cb2eb426f64d541946701b324d); DICOM regenerated by Dicomifier 2.5.3 (+ gjesus3 workarounds) from the ParaVision 2dseq before ingest; operator pending claim (historical MRI, STATUS 0.5 Hold)"
20200928_135700_jrc200928_m46_0618_1_1/25,"2020-09-29T15:28:40,099+0200",visu_pars.VisuCreationDate,0618,46,m46_0618,organism,jrc200928_m46_0618,AE-biomaGUNE-0618,Bruker BioSpec 7T,1357,DICOM regenerated by Dicomifier 2.5.3 (+ gjesus3 workarounds) from the ParaVision 2dseq before ingest,"animal m46; protocol 0618 (CONFIRMED in the facility DB); MRI platform archive backup_7T_olddata_260824/2020_pv6/20200928_135700_jrc200928_m46_0618_1_1.tar.gz (SHA-1 1e18a425ad16c3cb2eb426f64d541946701b324d); DICOM regenerated by Dicomifier 2.5.3 (+ gjesus3 workarounds) from the ParaVision 2dseq before ingest; operator pending claim (historical MRI, STATUS 0.5 Hold)"
20200928_135700_jrc200928_m46_0618_1_1/27,"2020-09-29T15:51:37,095+0200",visu_pars.VisuCreationDate,0618,46,m46_0618,organism,jrc200928_m46_0618,AE-biomaGUNE-0618,Bruker BioSpec 7T,1357,DICOM regenerated by Dicomifier 2.5.3 (+ gjesus3 workarounds) from the ParaVision 2dseq before ingest,"animal m46; protocol 0618 (CONFIRMED in the facility DB); MRI platform archive backup_7T_olddata_260824/2020_pv6/20200928_135700_jrc200928_m46_0618_1_1.tar.gz (SHA-1 1e18a425ad16c3cb2eb426f64d541946701b324d); DICOM regenerated by Dicomifier 2.5.3 (+ gjesus3 workarounds) from the ParaVision 2dseq before ingest; operator pending claim (historical MRI, STATUS 0.5 Hold)"
20200928_145802_jrc200928_m47_0618_1_1/1,"2020-09-28T15:06:20,507+0200",visu_pars.VisuCreationDate,0618,47,m47_0618,organism,jrc200928_m47_0618,AE-biomaGUNE-0618,Bruker BioSpec 7T,1458,scanner-exported DICOM,"animal m47; protocol 0618 (CONFIRMED in the facility DB); MRI platform archive backup_7T_olddata_260824/2020_pv6/20200928_145802_jrc200928_m47_0618_1_1.tar.gz (SHA-1 0ee7216cdc9043a7efcf8ca1fe2949acb13bfd18); scanner-exported DICOM; operator pending claim (historical MRI, STATUS 0.5 Hold)"
20200928_145802_jrc200928_m47_0618_1_1/3,"2020-09-28T15:07:23,381+0200",visu_pars.VisuCreationDate,0618,47,m47_0618,organism,jrc200928_m47_0618,AE-biomaGUNE-0618,Bruker BioSpec 7T,1458,scanner-exported DICOM,"animal m47; protocol 0618 (CONFIRMED in the facility DB); MRI platform archive backup_7T_olddata_260824/2020_pv6/20200928_145802_jrc200928_m47_0618_1_1.tar.gz (SHA-1 0ee7216cdc9043a7efcf8ca1fe2949acb13bfd18); scanner-exported DICOM; operator pending claim (historical MRI, STATUS 0.5 Hold)"
20200928_145802_jrc200928_m47_0618_1_1/4,"2020-09-28T15:09:38,555+0200",visu_pars.VisuCreationDate,0618,47,m47_0618,organism,jrc200928_m47_0618,AE-biomaGUNE-0618,Bruker BioSpec 7T,1458,scanner-exported DICOM,"animal m47; protocol 0618 (CONFIRMED in the facility DB); MRI platform archive backup_7T_olddata_260824/2020_pv6/20200928_145802_jrc200928_m47_0618_1_1.tar.gz (SHA-1 0ee7216cdc9043a7efcf8ca1fe2949acb13bfd18); scanner-exported DICOM; operator pending claim (historical MRI, STATUS 0.5 Hold)"
20200928_145802_jrc200928_m47_0618_1_1/6,"2020-09-28T15:21:44,675+0200",visu_pars.VisuCreationDate,0618,47,m47_0618,organism,jrc200928_m47_0618,AE-biomaGUNE-0618,Bruker BioSpec 7T,1458,scanner-exported DICOM,"animal m47; protocol 0618 (CONFIRMED in the facility DB); MRI platform archive backup_7T_olddata_260824/2020_pv6/20200928_145802_jrc200928_m47_0618_1_1.tar.gz (SHA-1 0ee7216cdc9043a7efcf8ca1fe2949acb13bfd18); scanner-exported DICOM; operator pending claim (historical MRI, STATUS 0.5 Hold)"
20200928_145802_jrc200928_m47_0618_1_1/7,"2020-09-28T15:31:37,735+0200",visu_pars.VisuCreationDate,0618,47,m47_0618,organism,jrc200928_m47_0618,AE-biomaGUNE-0618,Bruker BioSpec 7T,1458,scanner-exported DICOM,"animal m47; protocol 0618 (CONFIRMED in the facility DB); MRI platform archive backup_7T_olddata_260824/2020_pv6/20200928_145802_jrc200928_m47_0618_1_1.tar.gz (SHA-1 0ee7216cdc9043a7efcf8ca1fe2949acb13bfd18); scanner-exported DICOM; operator pending claim (historical MRI, STATUS 0.5 Hold)"
20200928_145802_jrc200928_m47_0618_1_1/9,"2020-09-29T16:02:19,261+0200",visu_pars.VisuCreationDate,0618,47,m47_0618,organism,jrc200928_m47_0618,AE-biomaGUNE-0618,Bruker BioSpec 7T,1458,scanner-exported DICOM,"animal m47; protocol 0618 (CONFIRMED in the facility DB); MRI platform archive backup_7T_olddata_260824/2020_pv6/20200928_145802_jrc200928_m47_0618_1_1.tar.gz (SHA-1 0ee7216cdc9043a7efcf8ca1fe2949acb13bfd18); scanner-exported DICOM; operator pending claim (historical MRI, STATUS 0.5 Hold)"
20200928_145802_jrc200928_m47_0618_1_1/10,"2020-09-29T16:03:29,183+0200",visu_pars.VisuCreationDate,0618,47,m47_0618,organism,jrc200928_m47_0618,AE-biomaGUNE-0618,Bruker BioSpec 7T,1458,scanner-exported DICOM,"animal m47; protocol 0618 (CONFIRMED in the facility DB); MRI platform archive backup_7T_olddata_260824/2020_pv6/20200928_145802_jrc200928_m47_0618_1_1.tar.gz (SHA-1 0ee7216cdc9043a7efcf8ca1fe2949acb13bfd18); scanner-exported DICOM; operator pending claim (historical MRI, STATUS 0.5 Hold)"
20200928_145802_jrc200928_m47_0618_1_1/11,"2020-09-29T16:05:14,204+0200",visu_pars.VisuCreationDate,0618,47,m47_0618,organism,jrc200928_m47_0618,AE-biomaGUNE-0618,Bruker BioSpec 7T,1458,scanner-exported DICOM,"animal m47; protocol 0618 (CONFIRMED in the facility DB); MRI platform archive backup_7T_olddata_260824/2020_pv6/20200928_145802_jrc200928_m47_0618_1_1.tar.gz (SHA-1 0ee7216cdc9043a7efcf8ca1fe2949acb13bfd18); scanner-exported DICOM; operator pending claim (historical MRI, STATUS 0.5 Hold)"
20200928_145802_jrc200928_m47_0618_1_1/12,"2020-09-29T16:15:59,455+0200",visu_pars.VisuCreationDate,0618,47,m47_0618,organism,jrc200928_m47_0618,AE-biomaGUNE-0618,Bruker BioSpec 7T,1458,scanner-exported DICOM,"animal m47; protocol 0618 (CONFIRMED in the facility DB); MRI platform archive backup_7T_olddata_260824/2020_pv6/20200928_145802_jrc200928_m47_0618_1_1.tar.gz (SHA-1 0ee7216cdc9043a7efcf8ca1fe2949acb13bfd18); scanner-exported DICOM; operator pending claim (historical MRI, STATUS 0.5 Hold)"
20200928_145802_jrc200928_m47_0618_1_1/13,"2020-09-29T16:25:53,352+0200",visu_pars.VisuCreationDate,0618,47,m47_0618,organism,jrc200928_m47_0618,AE-biomaGUNE-0618,Bruker BioSpec 7T,1458,scanner-exported DICOM,"animal m47; protocol 0618 (CONFIRMED in the facility DB); MRI platform archive backup_7T_olddata_260824/2020_pv6/20200928_145802_jrc200928_m47_0618_1_1.tar.gz (SHA-1 0ee7216cdc9043a7efcf8ca1fe2949acb13bfd18); scanner-exported DICOM; operator pending claim (historical MRI, STATUS 0.5 Hold)"
20200928_153728_jrc200928_m48_0618_1_1/1,"2020-09-28T15:55:04,557+0200",visu_pars.VisuCreationDate,0618,48,m48_0618,organism,jrc200928_m48_0618,AE-biomaGUNE-0618,Bruker BioSpec 7T,1537,scanner-exported DICOM,"animal m48; protocol 0618 (CONFIRMED in the facility DB); MRI platform archive backup_7T_olddata_260824/2020_pv6/20200928_153728_jrc200928_m48_0618_1_1.tar.gz (SHA-1 2eb14a5fd08a846f6d0105cf969f75534ee7953e); scanner-exported DICOM; operator pending claim (historical MRI, STATUS 0.5 Hold)"
20200928_153728_jrc200928_m48_0618_1_1/2,"2020-09-28T15:56:30,226+0200",visu_pars.VisuCreationDate,0618,48,m48_0618,organism,jrc200928_m48_0618,AE-biomaGUNE-0618,Bruker BioSpec 7T,1537,scanner-exported DICOM,"animal m48; protocol 0618 (CONFIRMED in the facility DB); MRI platform archive backup_7T_olddata_260824/2020_pv6/20200928_153728_jrc200928_m48_0618_1_1.tar.gz (SHA-1 2eb14a5fd08a846f6d0105cf969f75534ee7953e); scanner-exported DICOM; operator pending claim (historical MRI, STATUS 0.5 Hold)"
20200928_153728_jrc200928_m48_0618_1_1/3,"2020-09-28T15:58:27,522+0200",visu_pars.VisuCreationDate,0618,48,m48_0618,organism,jrc200928_m48_0618,AE-biomaGUNE-0618,Bruker BioSpec 7T,1537,scanner-exported DICOM,"animal m48; protocol 0618 (CONFIRMED in the facility DB); MRI platform archive backup_7T_olddata_260824/2020_pv6/20200928_153728_jrc200928_m48_0618_1_1.tar.gz (SHA-1 2eb14a5fd08a846f6d0105cf969f75534ee7953e); scanner-exported DICOM; operator pending claim (historical MRI, STATUS 0.5 Hold)"
20200928_153728_jrc200928_m48_0618_1_1/4,"2020-09-28T16:10:33,225+0200",visu_pars.VisuCreationDate,0618,48,m48_0618,organism,jrc200928_m48_0618,AE-biomaGUNE-0618,Bruker BioSpec 7T,1537,scanner-exported DICOM,"animal m48; protocol 0618 (CONFIRMED in the facility DB); MRI platform archive backup_7T_olddata_260824/2020_pv6/20200928_153728_jrc200928_m48_0618_1_1.tar.gz (SHA-1 2eb14a5fd08a846f6d0105cf969f75534ee7953e); scanner-exported DICOM; operator pending claim (historical MRI, STATUS 0.5 Hold)"
20200928_153728_jrc200928_m48_0618_1_1/6,"2020-09-28T16:21:23,008+0200",visu_pars.VisuCreationDate,0618,48,m48_0618,organism,jrc200928_m48_0618,AE-biomaGUNE-0618,Bruker BioSpec 7T,1537,scanner-exported DICOM,"animal m48; protocol 0618 (CONFIRMED in the facility DB); MRI platform archive backup_7T_olddata_260824/2020_pv6/20200928_153728_jrc200928_m48_0618_1_1.tar.gz (SHA-1 2eb14a5fd08a846f6d0105cf969f75534ee7953e); scanner-exported DICOM; operator pending claim (historical MRI, STATUS 0.5 Hold)"
20200928_153728_jrc200928_m48_0618_1_1/7,"2020-09-29T16:36:52,708+0200",visu_pars.VisuCreationDate,0618,48,m48_0618,organism,jrc200928_m48_0618,AE-biomaGUNE-0618,Bruker BioSpec 7T,1537,scanner-exported DICOM,"animal m48; protocol 0618 (CONFIRMED in the facility DB); MRI platform archive backup_7T_olddata_260824/2020_pv6/20200928_153728_jrc200928_m48_0618_1_1.tar.gz (SHA-1 2eb14a5fd08a846f6d0105cf969f75534ee7953e); scanner-exported DICOM; operator pending claim (historical MRI, STATUS 0.5 Hold)"
20200928_153728_jrc200928_m48_0618_1_1/8,"2020-09-29T16:38:56,453+0200",visu_pars.VisuCreationDate,0618,48,m48_0618,organism,jrc200928_m48_0618,AE-biomaGUNE-0618,Bruker BioSpec 7T,1537,scanner-exported DICOM,"animal m48; protocol 0618 (CONFIRMED in the facility DB); MRI platform archive backup_7T_olddata_260824/2020_pv6/20200928_153728_jrc200928_m48_0618_1_1.tar.gz (SHA-1 2eb14a5fd08a846f6d0105cf969f75534ee7953e); scanner-exported DICOM; operator pending claim (historical MRI, STATUS 0.5 Hold)"
20200928_153728_jrc200928_m48_0618_1_1/9,"2020-09-29T16:40:50,624+0200",visu_pars.VisuCreationDate,0618,48,m48_0618,organism,jrc200928_m48_0618,AE-biomaGUNE-0618,Bruker BioSpec 7T,1537,scanner-exported DICOM,"animal m48; protocol 0618 (CONFIRMED in the facility DB); MRI platform archive backup_7T_olddata_260824/2020_pv6/20200928_153728_jrc200928_m48_0618_1_1.tar.gz (SHA-1 2eb14a5fd08a846f6d0105cf969f75534ee7953e); scanner-exported DICOM; operator pending claim (historical MRI, STATUS 0.5 Hold)"
20200928_153728_jrc200928_m48_0618_1_1/10,"2020-09-29T16:52:35,572+0200",visu_pars.VisuCreationDate,0618,48,m48_0618,organism,jrc200928_m48_0618,AE-biomaGUNE-0618,Bruker BioSpec 7T,1537,scanner-exported DICOM,"animal m48; protocol 0618 (CONFIRMED in the facility DB); MRI platform archive backup_7T_olddata_260824/2020_pv6/20200928_153728_jrc200928_m48_0618_1_1.tar.gz (SHA-1 2eb14a5fd08a846f6d0105cf969f75534ee7953e); scanner-exported DICOM; operator pending claim (historical MRI, STATUS 0.5 Hold)"
20200928_153728_jrc200928_m48_0618_1_1/11,"2020-09-29T17:02:42,803+0200",visu_pars.VisuCreationDate,0618,48,m48_0618,organism,jrc200928_m48_0618,AE-biomaGUNE-0618,Bruker BioSpec 7T,1537,scanner-exported DICOM,"animal m48; protocol 0618 (CONFIRMED in the facility DB); MRI platform archive backup_7T_olddata_260824/2020_pv6/20200928_153728_jrc200928_m48_0618_1_1.tar.gz (SHA-1 2eb14a5fd08a846f6d0105cf969f75534ee7953e); scanner-exported DICOM; operator pending claim (historical MRI, STATUS 0.5 Hold)"
20200928_162555_jrc200928_m49_0618_1_1/1,"2020-09-28T16:32:09,763+0200",visu_pars.VisuCreationDate,0618,49,m49_0618,organism,jrc200928_m49_0618,AE-biomaGUNE-0618,Bruker BioSpec 7T,1625,scanner-exported DICOM,"animal m49; protocol 0618 (CONFIRMED in the facility DB); MRI platform archive backup_7T_olddata_260824/2020_pv6/20200928_162555_jrc200928_m49_0618_1_1.tar.gz (SHA-1 9ba8c85d479f5b5a4219a31ecdfce4a3e7a072ee); scanner-exported DICOM; operator pending claim (historical MRI, STATUS 0.5 Hold)"
20200928_162555_jrc200928_m49_0618_1_1/2,"2020-09-28T16:33:09,691+0200",visu_pars.VisuCreationDate,0618,49,m49_0618,organism,jrc200928_m49_0618,AE-biomaGUNE-0618,Bruker BioSpec 7T,1625,scanner-exported DICOM,"animal m49; protocol 0618 (CONFIRMED in the facility DB); MRI platform archive backup_7T_olddata_260824/2020_pv6/20200928_162555_jrc200928_m49_0618_1_1.tar.gz (SHA-1 9ba8c85d479f5b5a4219a31ecdfce4a3e7a072ee); scanner-exported DICOM; operator pending claim (historical MRI, STATUS 0.5 Hold)"
20200928_162555_jrc200928_m49_0618_1_1/3,"2020-09-28T16:41:15,022+0200",visu_pars.VisuCreationDate,0618,49,m49_0618,organism,jrc200928_m49_0618,AE-biomaGUNE-0618,Bruker BioSpec 7T,1625,scanner-exported DICOM,"animal m49; protocol 0618 (CONFIRMED in the facility DB); MRI platform archive backup_7T_olddata_260824/2020_pv6/20200928_162555_jrc200928_m49_0618_1_1.tar.gz (SHA-1 9ba8c85d479f5b5a4219a31ecdfce4a3e7a072ee); scanner-exported DICOM; operator pending claim (historical MRI, STATUS 0.5 Hold)"
20200928_162555_jrc200928_m49_0618_1_1/4,"2020-09-28T16:51:49,883+0200",visu_pars.VisuCreationDate,0618,49,m49_0618,organism,jrc200928_m49_0618,AE-biomaGUNE-0618,Bruker BioSpec 7T,1625,scanner-exported DICOM,"animal m49; protocol 0618 (CONFIRMED in the facility DB); MRI platform archive backup_7T_olddata_260824/2020_pv6/20200928_162555_jrc200928_m49_0618_1_1.tar.gz (SHA-1 9ba8c85d479f5b5a4219a31ecdfce4a3e7a072ee); scanner-exported DICOM; operator pending claim (historical MRI, STATUS 0.5 Hold)"
20200928_162555_jrc200928_m49_0618_1_1/5,"2020-09-28T17:01:37,112+0200",visu_pars.VisuCreationDate,0618,49,m49_0618,organism,jrc200928_m49_0618,AE-biomaGUNE-0618,Bruker BioSpec 7T,1625,scanner-exported DICOM,"animal m49; protocol 0618 (CONFIRMED in the facility DB); MRI platform archive backup_7T_olddata_260824/2020_pv6/20200928_162555_jrc200928_m49_0618_1_1.tar.gz (SHA-1 9ba8c85d479f5b5a4219a31ecdfce4a3e7a072ee); scanner-exported DICOM; operator pending claim (historical MRI, STATUS 0.5 Hold)"
20200928_162555_jrc200928_m49_0618_1_1/7,"2020-09-29T17:25:51,268+0200",visu_pars.VisuCreationDate,0618,49,m49_0618,organism,jrc200928_m49_0618,AE-biomaGUNE-0618,Bruker BioSpec 7T,1625,scanner-exported DICOM,"animal m49; protocol 0618 (CONFIRMED in the facility DB); MRI platform archive backup_7T_olddata_260824/2020_pv6/20200928_162555_jrc200928_m49_0618_1_1.tar.gz (SHA-1 9ba8c85d479f5b5a4219a31ecdfce4a3e7a072ee); scanner-exported DICOM; operator pending claim (historical MRI, STATUS 0.5 Hold)"
20200928_162555_jrc200928_m49_0618_1_1/8,"2020-09-29T17:28:13,138+0200",visu_pars.VisuCreationDate,0618,49,m49_0618,organism,jrc200928_m49_0618,AE-biomaGUNE-0618,Bruker BioSpec 7T,1625,scanner-exported DICOM,"animal m49; protocol 0618 (CONFIRMED in the facility DB); MRI platform archive backup_7T_olddata_260824/2020_pv6/20200928_162555_jrc200928_m49_0618_1_1.tar.gz (SHA-1 9ba8c85d479f5b5a4219a31ecdfce4a3e7a072ee); scanner-exported DICOM; operator pending claim (historical MRI, STATUS 0.5 Hold)"
20200928_162555_jrc200928_m49_0618_1_1/9,"2020-09-29T17:38:36,260+0200",visu_pars.VisuCreationDate,0618,49,m49_0618,organism,jrc200928_m49_0618,AE-biomaGUNE-0618,Bruker BioSpec 7T,1625,scanner-exported DICOM,"animal m49; protocol 0618 (CONFIRMED in the facility DB); MRI platform archive backup_7T_olddata_260824/2020_pv6/20200928_162555_jrc200928_m49_0618_1_1.tar.gz (SHA-1 9ba8c85d479f5b5a4219a31ecdfce4a3e7a072ee); scanner-exported DICOM; operator pending claim (historical MRI, STATUS 0.5 Hold)"
20200928_162555_jrc200928_m49_0618_1_1/14,"2020-09-29T17:24:54,442+0200",visu_pars.VisuCreationDate,0618,49,m49_0618,organism,jrc200928_m49_0618,AE-biomaGUNE-0618,Bruker BioSpec 7T,1625,scanner-exported DICOM,"animal m49; protocol 0618 (CONFIRMED in the facility DB); MRI platform archive backup_7T_olddata_260824/2020_pv6/20200928_162555_jrc200928_m49_0618_1_1.tar.gz (SHA-1 9ba8c85d479f5b5a4219a31ecdfce4a3e7a072ee); scanner-exported DICOM; operator pending claim (historical MRI, STATUS 0.5 Hold)"
20200928_162555_jrc200928_m49_0618_1_1/17,"2020-09-29T17:50:44,235+0200",visu_pars.VisuCreationDate,0618,49,m49_0618,organism,jrc200928_m49_0618,AE-biomaGUNE-0618,Bruker BioSpec 7T,1625,scanner-exported DICOM,"animal m49; protocol 0618 (CONFIRMED in the facility DB); MRI platform archive backup_7T_olddata_260824/2020_pv6/20200928_162555_jrc200928_m49_0618_1_1.tar.gz (SHA-1 9ba8c85d479f5b5a4219a31ecdfce4a3e7a072ee); scanner-exported DICOM; operator pending claim (historical MRI, STATUS 0.5 Hold)"
20200928_170257_jrc200928_m50_0618_1_1/1,"2020-09-28T17:11:55,819+0200",visu_pars.VisuCreationDate,0618,50,m50_0618,organism,jrc200928_m50_0618,AE-biomaGUNE-0618,Bruker BioSpec 7T,1702,scanner-exported DICOM,"animal m50; protocol 0618 (CONFIRMED in the facility DB); MRI platform archive backup_7T_olddata_260824/2020_pv6/20200928_170257_jrc200928_m50_0618_1_1.tar.gz (SHA-1 a0d1bed85e8324bafa99b10bde612b288b84051e); scanner-exported DICOM; operator pending claim (historical MRI, STATUS 0.5 Hold)"
20200928_170257_jrc200928_m50_0618_1_1/2,"2020-09-28T17:13:05,747+0200",visu_pars.VisuCreationDate,0618,50,m50_0618,organism,jrc200928_m50_0618,AE-biomaGUNE-0618,Bruker BioSpec 7T,1702,scanner-exported DICOM,"animal m50; protocol 0618 (CONFIRMED in the facility DB); MRI platform archive backup_7T_olddata_260824/2020_pv6/20200928_170257_jrc200928_m50_0618_1_1.tar.gz (SHA-1 a0d1bed85e8324bafa99b10bde612b288b84051e); scanner-exported DICOM; operator pending claim (historical MRI, STATUS 0.5 Hold)"
20200928_170257_jrc200928_m50_0618_1_1/3,"2020-09-28T17:15:29,292+0200",visu_pars.VisuCreationDate,0618,50,m50_0618,organism,jrc200928_m50_0618,AE-biomaGUNE-0618,Bruker BioSpec 7T,1702,scanner-exported DICOM,"animal m50; protocol 0618 (CONFIRMED in the facility DB); MRI platform archive backup_7T_olddata_260824/2020_pv6/20200928_170257_jrc200928_m50_0618_1_1.tar.gz (SHA-1 a0d1bed85e8324bafa99b10bde612b288b84051e); scanner-exported DICOM; operator pending claim (historical MRI, STATUS 0.5 Hold)"
20200928_170257_jrc200928_m50_0618_1_1/4,"2020-09-28T17:27:04,673+0200",visu_pars.VisuCreationDate,0618,50,m50_0618,organism,jrc200928_m50_0618,AE-biomaGUNE-0618,Bruker BioSpec 7T,1702,scanner-exported DICOM,"animal m50; protocol 0618 (CONFIRMED in the facility DB); MRI platform archive backup_7T_olddata_260824/2020_pv6/20200928_170257_jrc200928_m50_0618_1_1.tar.gz (SHA-1 a0d1bed85e8324bafa99b10bde612b288b84051e); scanner-exported DICOM; operator pending claim (historical MRI, STATUS 0.5 Hold)"
20200928_170257_jrc200928_m50_0618_1_1/5,"2020-09-28T17:36:54,898+0200",visu_pars.VisuCreationDate,0618,50,m50_0618,organism,jrc200928_m50_0618,AE-biomaGUNE-0618,Bruker BioSpec 7T,1702,scanner-exported DICOM,"animal m50; protocol 0618 (CONFIRMED in the facility DB); MRI platform archive backup_7T_olddata_260824/2020_pv6/20200928_170257_jrc200928_m50_0618_1_1.tar.gz (SHA-1 a0d1bed85e8324bafa99b10bde612b288b84051e); scanner-exported DICOM; operator pending claim (historical MRI, STATUS 0.5 Hold)"
20200928_170257_jrc200928_m50_0618_1_1/6,"2020-09-29T18:00:25,278+0200",visu_pars.VisuCreationDate,0618,50,m50_0618,organism,jrc200928_m50_0618,AE-biomaGUNE-0618,Bruker BioSpec 7T,1702,scanner-exported DICOM,"animal m50; protocol 0618 (CONFIRMED in the facility DB); MRI platform archive backup_7T_olddata_260824/2020_pv6/20200928_170257_jrc200928_m50_0618_1_1.tar.gz (SHA-1 a0d1bed85e8324bafa99b10bde612b288b84051e); scanner-exported DICOM; operator pending claim (historical MRI, STATUS 0.5 Hold)"
20200928_170257_jrc200928_m50_0618_1_1/7,"2020-09-29T18:07:22,456+0200",visu_pars.VisuCreationDate,0618,50,m50_0618,organism,jrc200928_m50_0618,AE-biomaGUNE-0618,Bruker BioSpec 7T,1702,scanner-exported DICOM,"animal m50; protocol 0618 (CONFIRMED in the facility DB); MRI platform archive backup_7T_olddata_260824/2020_pv6/20200928_170257_jrc200928_m50_0618_1_1.tar.gz (SHA-1 a0d1bed85e8324bafa99b10bde612b288b84051e); scanner-exported DICOM; operator pending claim (historical MRI, STATUS 0.5 Hold)"
20200928_170257_jrc200928_m50_0618_1_1/9,"2020-09-29T18:05:29,126+0200",visu_pars.VisuCreationDate,0618,50,m50_0618,organism,jrc200928_m50_0618,AE-biomaGUNE-0618,Bruker BioSpec 7T,1702,scanner-exported DICOM,"animal m50; protocol 0618 (CONFIRMED in the facility DB); MRI platform archive backup_7T_olddata_260824/2020_pv6/20200928_170257_jrc200928_m50_0618_1_1.tar.gz (SHA-1 a0d1bed85e8324bafa99b10bde612b288b84051e); scanner-exported DICOM; operator pending claim (historical MRI, STATUS 0.5 Hold)"
20200928_170257_jrc200928_m50_0618_1_1/10,"2020-09-29T18:08:29,205+0200",visu_pars.VisuCreationDate,0618,50,m50_0618,organism,jrc200928_m50_0618,AE-biomaGUNE-0618,Bruker BioSpec 7T,1702,scanner-exported DICOM,"animal m50; protocol 0618 (CONFIRMED in the facility DB); MRI platform archive backup_7T_olddata_260824/2020_pv6/20200928_170257_jrc200928_m50_0618_1_1.tar.gz (SHA-1 a0d1bed85e8324bafa99b10bde612b288b84051e); scanner-exported DICOM; operator pending claim (historical MRI, STATUS 0.5 Hold)"
20200928_170257_jrc200928_m50_0618_1_1/11,"2020-09-29T18:10:31,043+0200",visu_pars.VisuCreationDate,0618,50,m50_0618,organism,jrc200928_m50_0618,AE-biomaGUNE-0618,Bruker BioSpec 7T,1702,scanner-exported DICOM,"animal m50; protocol 0618 (CONFIRMED in the facility DB); MRI platform archive backup_7T_olddata_260824/2020_pv6/20200928_170257_jrc200928_m50_0618_1_1.tar.gz (SHA-1 a0d1bed85e8324bafa99b10bde612b288b84051e); scanner-exported DICOM; operator pending claim (historical MRI, STATUS 0.5 Hold)"
20200928_170257_jrc200928_m50_0618_1_1/12,"2020-09-29T18:22:47,154+0200",visu_pars.VisuCreationDate,0618,50,m50_0618,organism,jrc200928_m50_0618,AE-biomaGUNE-0618,Bruker BioSpec 7T,1702,scanner-exported DICOM,"animal m50; protocol 0618 (CONFIRMED in the facility DB); MRI platform archive backup_7T_olddata_260824/2020_pv6/20200928_170257_jrc200928_m50_0618_1_1.tar.gz (SHA-1 a0d1bed85e8324bafa99b10bde612b288b84051e); scanner-exported DICOM; operator pending claim (historical MRI, STATUS 0.5 Hold)"
20200928_170257_jrc200928_m50_0618_1_1/13,"2020-09-29T18:34:57,993+0200",visu_pars.VisuCreationDate,0618,50,m50_0618,organism,jrc200928_m50_0618,AE-biomaGUNE-0618,Bruker BioSpec 7T,1702,scanner-exported DICOM,"animal m50; protocol 0618 (CONFIRMED in the facility DB); MRI platform archive backup_7T_olddata_260824/2020_pv6/20200928_170257_jrc200928_m50_0618_1_1.tar.gz (SHA-1 a0d1bed85e8324bafa99b10bde612b288b84051e); scanner-exported DICOM; operator pending claim (historical MRI, STATUS 0.5 Hold)"
20201005_123542_jrc201005_m51_0618_1_1/1,"2020-10-05T12:46:06,764+0200",visu_pars.VisuCreationDate,0618,51,m51_0618,organism,jrc201005_m51_0618,AE-biomaGUNE-0618,Bruker BioSpec 7T,1235,scanner-exported DICOM,"animal m51; protocol 0618 (CONFIRMED in the facility DB); MRI platform archive backup_7T_olddata_260824/2020_pv6/20201005_123542_jrc201005_m51_0618_1_1.tar.gz (SHA-1 b1b4ea49856c23c4022bd2a98683a005b0571984); scanner-exported DICOM; operator pending claim (historical MRI, STATUS 0.5 Hold)"
20201005_123542_jrc201005_m51_0618_1_1/2,"2020-10-05T12:47:33,872+0200",visu_pars.VisuCreationDate,0618,51,m51_0618,organism,jrc201005_m51_0618,AE-biomaGUNE-0618,Bruker BioSpec 7T,1235,scanner-exported DICOM,"animal m51; protocol 0618 (CONFIRMED in the facility DB); MRI platform archive backup_7T_olddata_260824/2020_pv6/20201005_123542_jrc201005_m51_0618_1_1.tar.gz (SHA-1 b1b4ea49856c23c4022bd2a98683a005b0571984); scanner-exported DICOM; operator pending claim (historical MRI, STATUS 0.5 Hold)"
20201005_123542_jrc201005_m51_0618_1_1/3,"2020-10-05T12:49:26,673+0200",visu_pars.VisuCreationDate,0618,51,m51_0618,organism,jrc201005_m51_0618,AE-biomaGUNE-0618,Bruker BioSpec 7T,1235,scanner-exported DICOM,"animal m51; protocol 0618 (CONFIRMED in the facility DB); MRI platform archive backup_7T_olddata_260824/2020_pv6/20201005_123542_jrc201005_m51_0618_1_1.tar.gz (SHA-1 b1b4ea49856c23c4022bd2a98683a005b0571984); scanner-exported DICOM; operator pending claim (historical MRI, STATUS 0.5 Hold)"
20201005_123542_jrc201005_m51_0618_1_1/4,"2020-10-05T13:01:30,388+0200",visu_pars.VisuCreationDate,0618,51,m51_0618,organism,jrc201005_m51_0618,AE-biomaGUNE-0618,Bruker BioSpec 7T,1235,scanner-exported DICOM,"animal m51; protocol 0618 (CONFIRMED in the facility DB); MRI platform archive backup_7T_olddata_260824/2020_pv6/20201005_123542_jrc201005_m51_0618_1_1.tar.gz (SHA-1 b1b4ea49856c23c4022bd2a98683a005b0571984); scanner-exported DICOM; operator pending claim (historical MRI, STATUS 0.5 Hold)"
20201005_123542_jrc201005_m51_0618_1_1/5,"2020-10-06T12:42:54,748+0200",visu_pars.VisuCreationDate,0618,51,m51_0618,organism,jrc201005_m51_0618,AE-biomaGUNE-0618,Bruker BioSpec 7T,1235,scanner-exported DICOM,"animal m51; protocol 0618 (CONFIRMED in the facility DB); MRI platform archive backup_7T_olddata_260824/2020_pv6/20201005_123542_jrc201005_m51_0618_1_1.tar.gz (SHA-1 b1b4ea49856c23c4022bd2a98683a005b0571984); scanner-exported DICOM; operator pending claim (historical MRI, STATUS 0.5 Hold)"
20201005_123542_jrc201005_m51_0618_1_1/6,"2020-10-06T12:43:38,561+0200",visu_pars.VisuCreationDate,0618,51,m51_0618,organism,jrc201005_m51_0618,AE-biomaGUNE-0618,Bruker BioSpec 7T,1235,scanner-exported DICOM,"animal m51; protocol 0618 (CONFIRMED in the facility DB); MRI platform archive backup_7T_olddata_260824/2020_pv6/20201005_123542_jrc201005_m51_0618_1_1.tar.gz (SHA-1 b1b4ea49856c23c4022bd2a98683a005b0571984); scanner-exported DICOM; operator pending claim (historical MRI, STATUS 0.5 Hold)"
20201005_123542_jrc201005_m51_0618_1_1/7,"2020-10-06T12:45:13,988+0200",visu_pars.VisuCreationDate,0618,51,m51_0618,organism,jrc201005_m51_0618,AE-biomaGUNE-0618,Bruker BioSpec 7T,1235,scanner-exported DICOM,"animal m51; protocol 0618 (CONFIRMED in the facility DB); MRI platform archive backup_7T_olddata_260824/2020_pv6/20201005_123542_jrc201005_m51_0618_1_1.tar.gz (SHA-1 b1b4ea49856c23c4022bd2a98683a005b0571984); scanner-exported DICOM; operator pending claim (historical MRI, STATUS 0.5 Hold)"
20201005_123542_jrc201005_m51_0618_1_1/8,"2020-10-06T12:55:52,613+0200",visu_pars.VisuCreationDate,0618,51,m51_0618,organism,jrc201005_m51_0618,AE-biomaGUNE-0618,Bruker BioSpec 7T,1235,scanner-exported DICOM,"animal m51; protocol 0618 (CONFIRMED in the facility DB); MRI platform archive backup_7T_olddata_260824/2020_pv6/20201005_123542_jrc201005_m51_0618_1_1.tar.gz (SHA-1 b1b4ea49856c23c4022bd2a98683a005b0571984); scanner-exported DICOM; operator pending claim (historical MRI, STATUS 0.5 Hold)"
20201005_130921_jrc201005_m52_0618_1_1/1,"2020-10-05T13:16:04,526+0200",visu_pars.VisuCreationDate,0618,52,m52_0618,organism,jrc201005_m52_0618,AE-biomaGUNE-0618,Bruker BioSpec 7T,1309,scanner-exported DICOM,"animal m52; protocol 0618 (CONFIRMED in the facility DB); MRI platform archive backup_7T_olddata_260824/2020_pv6/20201005_130921_jrc201005_m52_0618_1_1.tar.gz (SHA-1 13bfb7a85463d7e957726ce8732561a9bcfe0443); scanner-exported DICOM; operator pending claim (historical MRI, STATUS 0.5 Hold)"
20201005_130921_jrc201005_m52_0618_1_1/2,"2020-10-05T13:17:46,868+0200",visu_pars.VisuCreationDate,0618,52,m52_0618,organism,jrc201005_m52_0618,AE-biomaGUNE-0618,Bruker BioSpec 7T,1309,scanner-exported DICOM,"animal m52; protocol 0618 (CONFIRMED in the facility DB); MRI platform archive backup_7T_olddata_260824/2020_pv6/20201005_130921_jrc201005_m52_0618_1_1.tar.gz (SHA-1 13bfb7a85463d7e957726ce8732561a9bcfe0443); scanner-exported DICOM; operator pending claim (historical MRI, STATUS 0.5 Hold)"
20201005_130921_jrc201005_m52_0618_1_1/3,"2020-10-05T13:19:34,892+0200",visu_pars.VisuCreationDate,0618,52,m52_0618,organism,jrc201005_m52_0618,AE-biomaGUNE-0618,Bruker BioSpec 7T,1309,scanner-exported DICOM,"animal m52; protocol 0618 (CONFIRMED in the facility DB); MRI platform archive backup_7T_olddata_260824/2020_pv6/20201005_130921_jrc201005_m52_0618_1_1.tar.gz (SHA-1 13bfb7a85463d7e957726ce8732561a9bcfe0443); scanner-exported DICOM; operator pending claim (historical MRI, STATUS 0.5 Hold)"
20201005_130921_jrc201005_m52_0618_1_1/4,"2020-10-05T13:30:35,382+0200",visu_pars.VisuCreationDate,0618,52,m52_0618,organism,jrc201005_m52_0618,AE-biomaGUNE-0618,Bruker BioSpec 7T,1309,scanner-exported DICOM,"animal m52; protocol 0618 (CONFIRMED in the facility DB); MRI platform archive backup_7T_olddata_260824/2020_pv6/20201005_130921_jrc201005_m52_0618_1_1.tar.gz (SHA-1 13bfb7a85463d7e957726ce8732561a9bcfe0443); scanner-exported DICOM; operator pending claim (historical MRI, STATUS 0.5 Hold)"
20201005_130921_jrc201005_m52_0618_1_1/5,"2020-10-06T13:07:07,907+0200",visu_pars.VisuCreationDate,0618,52,m52_0618,organism,jrc201005_m52_0618,AE-biomaGUNE-0618,Bruker BioSpec 7T,1309,scanner-exported DICOM,"animal m52; protocol 0618 (CONFIRMED in the facility DB); MRI platform archive backup_7T_olddata_260824/2020_pv6/20201005_130921_jrc201005_m52_0618_1_1.tar.gz (SHA-1 13bfb7a85463d7e957726ce8732561a9bcfe0443); scanner-exported DICOM; operator pending claim (historical MRI, STATUS 0.5 Hold)"
20201005_130921_jrc201005_m52_0618_1_1/6,"2020-10-06T13:08:06,273+0200",visu_pars.VisuCreationDate,0618,52,m52_0618,organism,jrc201005_m52_0618,AE-biomaGUNE-0618,Bruker BioSpec 7T,1309,scanner-exported DICOM,"animal m52; protocol 0618 (CONFIRMED in the facility DB); MRI platform archive backup_7T_olddata_260824/2020_pv6/20201005_130921_jrc201005_m52_0618_1_1.tar.gz (SHA-1 13bfb7a85463d7e957726ce8732561a9bcfe0443); scanner-exported DICOM; operator pending claim (historical MRI, STATUS 0.5 Hold)"
20201005_130921_jrc201005_m52_0618_1_1/7,"2020-10-06T13:09:59,103+0200",visu_pars.VisuCreationDate,0618,52,m52_0618,organism,jrc201005_m52_0618,AE-biomaGUNE-0618,Bruker BioSpec 7T,1309,scanner-exported DICOM,"animal m52; protocol 0618 (CONFIRMED in the facility DB); MRI platform archive backup_7T_olddata_260824/2020_pv6/20201005_130921_jrc201005_m52_0618_1_1.tar.gz (SHA-1 13bfb7a85463d7e957726ce8732561a9bcfe0443); scanner-exported DICOM; operator pending claim (historical MRI, STATUS 0.5 Hold)"
20201005_130921_jrc201005_m52_0618_1_1/8,"2020-10-06T13:20:54,143+0200",visu_pars.VisuCreationDate,0618,52,m52_0618,organism,jrc201005_m52_0618,AE-biomaGUNE-0618,Bruker BioSpec 7T,1309,scanner-exported DICOM,"animal m52; protocol 0618 (CONFIRMED in the facility DB); MRI platform archive backup_7T_olddata_260824/2020_pv6/20201005_130921_jrc201005_m52_0618_1_1.tar.gz (SHA-1 13bfb7a85463d7e957726ce8732561a9bcfe0443); scanner-exported DICOM; operator pending claim (historical MRI, STATUS 0.5 Hold)"
20201005_133253_jrc201005_m53_0618_1_1/1,"2020-10-05T13:45:39,632+0200",visu_pars.VisuCreationDate,0618,53,m53_0618,organism,jrc201005_m53_0618,AE-biomaGUNE-0618,Bruker BioSpec 7T,1332,scanner-exported DICOM,"animal m53; protocol 0618 (CONFIRMED in the facility DB); MRI platform archive backup_7T_olddata_260824/2020_pv6/20201005_133253_jrc201005_m53_0618_1_1.tar.gz (SHA-1 fdfad9b10c2a0e672d6180e9de1e2a4ec7c98cd8); scanner-exported DICOM; operator pending claim (historical MRI, STATUS 0.5 Hold)"
20201005_133253_jrc201005_m53_0618_1_1/2,"2020-10-05T13:46:43,795+0200",visu_pars.VisuCreationDate,0618,53,m53_0618,organism,jrc201005_m53_0618,AE-biomaGUNE-0618,Bruker BioSpec 7T,1332,scanner-exported DICOM,"animal m53; protocol 0618 (CONFIRMED in the facility DB); MRI platform archive backup_7T_olddata_260824/2020_pv6/20201005_133253_jrc201005_m53_0618_1_1.tar.gz (SHA-1 fdfad9b10c2a0e672d6180e9de1e2a4ec7c98cd8); scanner-exported DICOM; operator pending claim (historical MRI, STATUS 0.5 Hold)"
20201005_133253_jrc201005_m53_0618_1_1/3,"2020-10-05T13:48:41,476+0200",visu_pars.VisuCreationDate,0618,53,m53_0618,organism,jrc201005_m53_0618,AE-biomaGUNE-0618,Bruker BioSpec 7T,1332,scanner-exported DICOM,"animal m53; protocol 0618 (CONFIRMED in the facility DB); MRI platform archive backup_7T_olddata_260824/2020_pv6/20201005_133253_jrc201005_m53_0618_1_1.tar.gz (SHA-1 fdfad9b10c2a0e672d6180e9de1e2a4ec7c98cd8); scanner-exported DICOM; operator pending claim (historical MRI, STATUS 0.5 Hold)"
20201005_133253_jrc201005_m53_0618_1_1/4,"2020-10-05T14:11:47,092+0200",visu_pars.VisuCreationDate,0618,53,m53_0618,organism,jrc201005_m53_0618,AE-biomaGUNE-0618,Bruker BioSpec 7T,1332,scanner-exported DICOM,"animal m53; protocol 0618 (CONFIRMED in the facility DB); MRI platform archive backup_7T_olddata_260824/2020_pv6/20201005_133253_jrc201005_m53_0618_1_1.tar.gz (SHA-1 fdfad9b10c2a0e672d6180e9de1e2a4ec7c98cd8); scanner-exported DICOM; operator pending claim (historical MRI, STATUS 0.5 Hold)"
20201005_133253_jrc201005_m53_0618_1_1/5,"2020-10-05T13:52:28,092+0200",visu_pars.VisuCreationDate,0618,53,m53_0618,organism,jrc201005_m53_0618,AE-biomaGUNE-0618,Bruker BioSpec 7T,1332,scanner-exported DICOM,"animal m53; protocol 0618 (CONFIRMED in the facility DB); MRI platform archive backup_7T_olddata_260824/2020_pv6/20201005_133253_jrc201005_m53_0618_1_1.tar.gz (SHA-1 fdfad9b10c2a0e672d6180e9de1e2a4ec7c98cd8); scanner-exported DICOM; operator pending claim (historical MRI, STATUS 0.5 Hold)"
20201005_133253_jrc201005_m53_0618_1_1/7,"2020-10-05T13:56:30,470+0200",visu_pars.VisuCreationDate,0618,53,m53_0618,organism,jrc201005_m53_0618,AE-biomaGUNE-0618,Bruker BioSpec 7T,1332,scanner-exported DICOM,"animal m53; protocol 0618 (CONFIRMED in the facility DB); MRI platform archive backup_7T_olddata_260824/2020_pv6/20201005_133253_jrc201005_m53_0618_1_1.tar.gz (SHA-1 fdfad9b10c2a0e672d6180e9de1e2a4ec7c98cd8); scanner-exported DICOM; operator pending claim (historical MRI, STATUS 0.5 Hold)"
20201005_133253_jrc201005_m53_0618_1_1/8,"2020-10-05T14:00:21,892+0200",visu_pars.VisuCreationDate,0618,53,m53_0618,organism,jrc201005_m53_0618,AE-biomaGUNE-0618,Bruker BioSpec 7T,1332,scanner-exported DICOM,"animal m53; protocol 0618 (CONFIRMED in the facility DB); MRI platform archive backup_7T_olddata_260824/2020_pv6/20201005_133253_jrc201005_m53_0618_1_1.tar.gz (SHA-1 fdfad9b10c2a0e672d6180e9de1e2a4ec7c98cd8); scanner-exported DICOM; operator pending claim (historical MRI, STATUS 0.5 Hold)"
20201005_133253_jrc201005_m53_0618_1_1/9,"2020-10-05T14:31:16,038+0200",visu_pars.VisuCreationDate,0618,53,m53_0618,organism,jrc201005_m53_0618,AE-biomaGUNE-0618,Bruker BioSpec 7T,1332,scanner-exported DICOM,"animal m53; protocol 0618 (CONFIRMED in the facility DB); MRI platform archive backup_7T_olddata_260824/2020_pv6/20201005_133253_jrc201005_m53_0618_1_1.tar.gz (SHA-1 fdfad9b10c2a0e672d6180e9de1e2a4ec7c98cd8); scanner-exported DICOM; operator pending claim (historical MRI, STATUS 0.5 Hold)"
20201005_133253_jrc201005_m53_0618_1_1/10,"2020-10-05T14:14:57,563+0200",visu_pars.VisuCreationDate,0618,53,m53_0618,organism,jrc201005_m53_0618,AE-biomaGUNE-0618,Bruker BioSpec 7T,1332,scanner-exported DICOM,"animal m53; protocol 0618 (CONFIRMED in the facility DB); MRI platform archive backup_7T_olddata_260824/2020_pv6/20201005_133253_jrc201005_m53_0618_1_1.tar.gz (SHA-1 fdfad9b10c2a0e672d6180e9de1e2a4ec7c98cd8); scanner-exported DICOM; operator pending claim (historical MRI, STATUS 0.5 Hold)"
20201005_133253_jrc201005_m53_0618_1_1/11,"2020-10-05T14:17:52,554+0200",visu_pars.VisuCreationDate,0618,53,m53_0618,organism,jrc201005_m53_0618,AE-biomaGUNE-0618,Bruker BioSpec 7T,1332,scanner-exported DICOM,"animal m53; protocol 0618 (CONFIRMED in the facility DB); MRI platform archive backup_7T_olddata_260824/2020_pv6/20201005_133253_jrc201005_m53_0618_1_1.tar.gz (SHA-1 fdfad9b10c2a0e672d6180e9de1e2a4ec7c98cd8); scanner-exported DICOM; operator pending claim (historical MRI, STATUS 0.5 Hold)"
20201005_133253_jrc201005_m53_0618_1_1/12,"2020-10-05T14:19:53,401+0200",visu_pars.VisuCreationDate,0618,53,m53_0618,organism,jrc201005_m53_0618,AE-biomaGUNE-0618,Bruker BioSpec 7T,1332,scanner-exported DICOM,"animal m53; protocol 0618 (CONFIRMED in the facility DB); MRI platform archive backup_7T_olddata_260824/2020_pv6/20201005_133253_jrc201005_m53_0618_1_1.tar.gz (SHA-1 fdfad9b10c2a0e672d6180e9de1e2a4ec7c98cd8); scanner-exported DICOM; operator pending claim (historical MRI, STATUS 0.5 Hold)"
20201005_133253_jrc201005_m53_0618_1_1/13,"2020-10-05T14:21:15,143+0200",visu_pars.VisuCreationDate,0618,53,m53_0618,organism,jrc201005_m53_0618,AE-biomaGUNE-0618,Bruker BioSpec 7T,1332,scanner-exported DICOM,"animal m53; protocol 0618 (CONFIRMED in the facility DB); MRI platform archive backup_7T_olddata_260824/2020_pv6/20201005_133253_jrc201005_m53_0618_1_1.tar.gz (SHA-1 fdfad9b10c2a0e672d6180e9de1e2a4ec7c98cd8); scanner-exported DICOM; operator pending claim (historical MRI, STATUS 0.5 Hold)"
20201005_133253_jrc201005_m53_0618_1_1/14,"2020-10-06T13:33:02,246+0200",visu_pars.VisuCreationDate,0618,53,m53_0618,organism,jrc201005_m53_0618,AE-biomaGUNE-0618,Bruker BioSpec 7T,1332,scanner-exported DICOM,"animal m53; protocol 0618 (CONFIRMED in the facility DB); MRI platform archive backup_7T_olddata_260824/2020_pv6/20201005_133253_jrc201005_m53_0618_1_1.tar.gz (SHA-1 fdfad9b10c2a0e672d6180e9de1e2a4ec7c98cd8); scanner-exported DICOM; operator pending claim (historical MRI, STATUS 0.5 Hold)"
20201005_133253_jrc201005_m53_0618_1_1/16,"2020-10-06T13:34:41,031+0200",visu_pars.VisuCreationDate,0618,53,m53_0618,organism,jrc201005_m53_0618,AE-biomaGUNE-0618,Bruker BioSpec 7T,1332,scanner-exported DICOM,"animal m53; protocol 0618 (CONFIRMED in the facility DB); MRI platform archive backup_7T_olddata_260824/2020_pv6/20201005_133253_jrc201005_m53_0618_1_1.tar.gz (SHA-1 fdfad9b10c2a0e672d6180e9de1e2a4ec7c98cd8); scanner-exported DICOM; operator pending claim (historical MRI, STATUS 0.5 Hold)"
20201005_133253_jrc201005_m53_0618_1_1/17,"2020-10-06T13:37:05,143+0200",visu_pars.VisuCreationDate,0618,53,m53_0618,organism,jrc201005_m53_0618,AE-biomaGUNE-0618,Bruker BioSpec 7T,1332,scanner-exported DICOM,"animal m53; protocol 0618 (CONFIRMED in the facility DB); MRI platform archive backup_7T_olddata_260824/2020_pv6/20201005_133253_jrc201005_m53_0618_1_1.tar.gz (SHA-1 fdfad9b10c2a0e672d6180e9de1e2a4ec7c98cd8); scanner-exported DICOM; operator pending claim (historical MRI, STATUS 0.5 Hold)"
20201005_133253_jrc201005_m53_0618_1_1/18,"2020-10-06T13:48:38,971+0200",visu_pars.VisuCreationDate,0618,53,m53_0618,organism,jrc201005_m53_0618,AE-biomaGUNE-0618,Bruker BioSpec 7T,1332,scanner-exported DICOM,"animal m53; protocol 0618 (CONFIRMED in the facility DB); MRI platform archive backup_7T_olddata_260824/2020_pv6/20201005_133253_jrc201005_m53_0618_1_1.tar.gz (SHA-1 fdfad9b10c2a0e672d6180e9de1e2a4ec7c98cd8); scanner-exported DICOM; operator pending claim (historical MRI, STATUS 0.5 Hold)"
20201005_143818_jrc201005_m54_0618_1_1/1,"2020-10-05T14:46:30,179+0200",visu_pars.VisuCreationDate,0618,54,m54_0618,organism,jrc201005_m54_0618,AE-biomaGUNE-0618,Bruker BioSpec 7T,1438,scanner-exported DICOM,"animal m54; protocol 0618 (CONFIRMED in the facility DB); MRI platform archive backup_7T_olddata_260824/2020_pv6/20201005_143818_jrc201005_m54_0618_1_1.tar.gz (SHA-1 c55f284edbb95c18637665112f058285df924d5e); scanner-exported DICOM; operator pending claim (historical MRI, STATUS 0.5 Hold)"
20201005_143818_jrc201005_m54_0618_1_1/2,"2020-10-05T14:47:35,252+0200",visu_pars.VisuCreationDate,0618,54,m54_0618,organism,jrc201005_m54_0618,AE-biomaGUNE-0618,Bruker BioSpec 7T,1438,scanner-exported DICOM,"animal m54; protocol 0618 (CONFIRMED in the facility DB); MRI platform archive backup_7T_olddata_260824/2020_pv6/20201005_143818_jrc201005_m54_0618_1_1.tar.gz (SHA-1 c55f284edbb95c18637665112f058285df924d5e); scanner-exported DICOM; operator pending claim (historical MRI, STATUS 0.5 Hold)"
20201005_143818_jrc201005_m54_0618_1_1/3,"2020-10-05T14:49:31,167+0200",visu_pars.VisuCreationDate,0618,54,m54_0618,organism,jrc201005_m54_0618,AE-biomaGUNE-0618,Bruker BioSpec 7T,1438,scanner-exported DICOM,"animal m54; protocol 0618 (CONFIRMED in the facility DB); MRI platform archive backup_7T_olddata_260824/2020_pv6/20201005_143818_jrc201005_m54_0618_1_1.tar.gz (SHA-1 c55f284edbb95c18637665112f058285df924d5e); scanner-exported DICOM; operator pending claim (historical MRI, STATUS 0.5 Hold)"
20201005_143818_jrc201005_m54_0618_1_1/4,"2020-10-05T15:00:44,125+0200",visu_pars.VisuCreationDate,0618,54,m54_0618,organism,jrc201005_m54_0618,AE-biomaGUNE-0618,Bruker BioSpec 7T,1438,scanner-exported DICOM,"animal m54; protocol 0618 (CONFIRMED in the facility DB); MRI platform archive backup_7T_olddata_260824/2020_pv6/20201005_143818_jrc201005_m54_0618_1_1.tar.gz (SHA-1 c55f284edbb95c18637665112f058285df924d5e); scanner-exported DICOM; operator pending claim (historical MRI, STATUS 0.5 Hold)"
20201005_143818_jrc201005_m54_0618_1_1/5,"2020-10-06T13:59:58,692+0200",visu_pars.VisuCreationDate,0618,54,m54_0618,organism,jrc201005_m54_0618,AE-biomaGUNE-0618,Bruker BioSpec 7T,1438,scanner-exported DICOM,"animal m54; protocol 0618 (CONFIRMED in the facility DB); MRI platform archive backup_7T_olddata_260824/2020_pv6/20201005_143818_jrc201005_m54_0618_1_1.tar.gz (SHA-1 c55f284edbb95c18637665112f058285df924d5e); scanner-exported DICOM; operator pending claim (historical MRI, STATUS 0.5 Hold)"
20201005_143818_jrc201005_m54_0618_1_1/6,"2020-10-06T14:02:13,295+0200",visu_pars.VisuCreationDate,0618,54,m54_0618,organism,jrc201005_m54_0618,AE-biomaGUNE-0618,Bruker BioSpec 7T,1438,scanner-exported DICOM,"animal m54; protocol 0618 (CONFIRMED in the facility DB); MRI platform archive backup_7T_olddata_260824/2020_pv6/20201005_143818_jrc201005_m54_0618_1_1.tar.gz (SHA-1 c55f284edbb95c18637665112f058285df924d5e); scanner-exported DICOM; operator pending claim (historical MRI, STATUS 0.5 Hold)"
20201005_143818_jrc201005_m54_0618_1_1/7,"2020-10-06T14:03:45,479+0200",visu_pars.VisuCreationDate,0618,54,m54_0618,organism,jrc201005_m54_0618,AE-biomaGUNE-0618,Bruker BioSpec 7T,1438,scanner-exported DICOM,"animal m54; protocol 0618 (CONFIRMED in the facility DB); MRI platform archive backup_7T_olddata_260824/2020_pv6/20201005_143818_jrc201005_m54_0618_1_1.tar.gz (SHA-1 c55f284edbb95c18637665112f058285df924d5e); scanner-exported DICOM; operator pending claim (historical MRI, STATUS 0.5 Hold)"
20201005_143818_jrc201005_m54_0618_1_1/8,"2020-10-06T14:15:00,034+0200",visu_pars.VisuCreationDate,0618,54,m54_0618,organism,jrc201005_m54_0618,AE-biomaGUNE-0618,Bruker BioSpec 7T,1438,scanner-exported DICOM,"animal m54; protocol 0618 (CONFIRMED in the facility DB); MRI platform archive backup_7T_olddata_260824/2020_pv6/20201005_143818_jrc201005_m54_0618_1_1.tar.gz (SHA-1 c55f284edbb95c18637665112f058285df924d5e); scanner-exported DICOM; operator pending claim (historical MRI, STATUS 0.5 Hold)"
20201005_150714_jrc201005_m55_0618_1_1/2,"2020-10-05T15:20:34,525+0200",visu_pars.VisuCreationDate,0618,55,m55_0618,organism,jrc201005_m55_0618,AE-biomaGUNE-0618,Bruker BioSpec 7T,1507,scanner-exported DICOM,"animal m55; protocol 0618 (CONFIRMED in the facility DB); MRI platform archive backup_7T_olddata_260824/2020_pv6/20201005_150714_jrc201005_m55_0618_1_1.tar.gz (SHA-1 f1de76a6e012a2fb0198264be709d2c877885fed); scanner-exported DICOM; operator pending claim (historical MRI, STATUS 0.5 Hold)"
20201005_150714_jrc201005_m55_0618_1_1/5,"2020-10-05T15:19:36,187+0200",visu_pars.VisuCreationDate,0618,55,m55_0618,organism,jrc201005_m55_0618,AE-biomaGUNE-0618,Bruker BioSpec 7T,1507,scanner-exported DICOM,"animal m55; protocol 0618 (CONFIRMED in the facility DB); MRI platform archive backup_7T_olddata_260824/2020_pv6/20201005_150714_jrc201005_m55_0618_1_1.tar.gz (SHA-1 f1de76a6e012a2fb0198264be709d2c877885fed); scanner-exported DICOM; operator pending claim (historical MRI, STATUS 0.5 Hold)"
20201005_150714_jrc201005_m55_0618_1_1/6,"2020-10-05T15:22:13,718+0200",visu_pars.VisuCreationDate,0618,55,m55_0618,organism,jrc201005_m55_0618,AE-biomaGUNE-0618,Bruker BioSpec 7T,1507,scanner-exported DICOM,"animal m55; protocol 0618 (CONFIRMED in the facility DB); MRI platform archive backup_7T_olddata_260824/2020_pv6/20201005_150714_jrc201005_m55_0618_1_1.tar.gz (SHA-1 f1de76a6e012a2fb0198264be709d2c877885fed); scanner-exported DICOM; operator pending claim (historical MRI, STATUS 0.5 Hold)"
20201005_150714_jrc201005_m55_0618_1_1/7,"2020-10-05T15:32:50,928+0200",visu_pars.VisuCreationDate,0618,55,m55_0618,organism,jrc201005_m55_0618,AE-biomaGUNE-0618,Bruker BioSpec 7T,1507,scanner-exported DICOM,"animal m55; protocol 0618 (CONFIRMED in the facility DB); MRI platform archive backup_7T_olddata_260824/2020_pv6/20201005_150714_jrc201005_m55_0618_1_1.tar.gz (SHA-1 f1de76a6e012a2fb0198264be709d2c877885fed); scanner-exported DICOM; operator pending claim (historical MRI, STATUS 0.5 Hold)"
20201005_150714_jrc201005_m55_0618_1_1/9,"2020-10-06T14:45:31,907+0200",visu_pars.VisuCreationDate,0618,55,m55_0618,organism,jrc201005_m55_0618,AE-biomaGUNE-0618,Bruker BioSpec 7T,1507,scanner-exported DICOM,"animal m55; protocol 0618 (CONFIRMED in the facility DB); MRI platform archive backup_7T_olddata_260824/2020_pv6/20201005_150714_jrc201005_m55_0618_1_1.tar.gz (SHA-1 f1de76a6e012a2fb0198264be709d2c877885fed); scanner-exported DICOM; operator pending claim (historical MRI, STATUS 0.5 Hold)"
20201005_150714_jrc201005_m55_0618_1_1/10,"2020-10-06T14:50:18,936+0200",visu_pars.VisuCreationDate,0618,55,m55_0618,organism,jrc201005_m55_0618,AE-biomaGUNE-0618,Bruker BioSpec 7T,1507,scanner-exported DICOM,"animal m55; protocol 0618 (CONFIRMED in the facility DB); MRI platform archive backup_7T_olddata_260824/2020_pv6/20201005_150714_jrc201005_m55_0618_1_1.tar.gz (SHA-1 f1de76a6e012a2fb0198264be709d2c877885fed); scanner-exported DICOM; operator pending claim (historical MRI, STATUS 0.5 Hold)"
20201005_150714_jrc201005_m55_0618_1_1/11,"2020-10-06T15:00:46,117+0200",visu_pars.VisuCreationDate,0618,55,m55_0618,organism,jrc201005_m55_0618,AE-biomaGUNE-0618,Bruker BioSpec 7T,1507,scanner-exported DICOM,"animal m55; protocol 0618 (CONFIRMED in the facility DB); MRI platform archive backup_7T_olddata_260824/2020_pv6/20201005_150714_jrc201005_m55_0618_1_1.tar.gz (SHA-1 f1de76a6e012a2fb0198264be709d2c877885fed); scanner-exported DICOM; operator pending claim (historical MRI, STATUS 0.5 Hold)"
20201005_150714_jrc201005_m55_0618_1_1/15,"2020-10-06T14:48:50,320+0200",visu_pars.VisuCreationDate,0618,55,m55_0618,organism,jrc201005_m55_0618,AE-biomaGUNE-0618,Bruker BioSpec 7T,1507,scanner-exported DICOM,"animal m55; protocol 0618 (CONFIRMED in the facility DB); MRI platform archive backup_7T_olddata_260824/2020_pv6/20201005_150714_jrc201005_m55_0618_1_1.tar.gz (SHA-1 f1de76a6e012a2fb0198264be709d2c877885fed); scanner-exported DICOM; operator pending claim (historical MRI, STATUS 0.5 Hold)"
20201005_150714_jrc201005_m55_0618_1_1/16,"2020-10-06T14:48:07,085+0200",visu_pars.VisuCreationDate,0618,55,m55_0618,organism,jrc201005_m55_0618,AE-biomaGUNE-0618,Bruker BioSpec 7T,1507,scanner-exported DICOM,"animal m55; protocol 0618 (CONFIRMED in the facility DB); MRI platform archive backup_7T_olddata_260824/2020_pv6/20201005_150714_jrc201005_m55_0618_1_1.tar.gz (SHA-1 f1de76a6e012a2fb0198264be709d2c877885fed); scanner-exported DICOM; operator pending claim (historical MRI, STATUS 0.5 Hold)"
20210318_091618_jrc210318_m56_0618_1_1/1,"2021-03-18T09:24:14,543+0100",visu_pars.VisuCreationDate,0618,56,m56_0618,organism,jrc210318_m56_0618,AE-biomaGUNE-0618,Bruker BioSpec 7T,0916,scanner-exported DICOM,"animal m56; protocol 0618 (CONFIRMED in the facility DB); MRI platform archive backup_7T_olddata_260824/2021_pv6/20210318_091618_jrc210318_m56_0618_1_1.tar.gz (SHA-1 ca50be4c44d94cea97e093e785a71a0063c9be96); scanner-exported DICOM; operator pending claim (historical MRI, STATUS 0.5 Hold)"
20210318_091618_jrc210318_m56_0618_1_1/2,"2021-03-18T09:28:52,188+0100",visu_pars.VisuCreationDate,0618,56,m56_0618,organism,jrc210318_m56_0618,AE-biomaGUNE-0618,Bruker BioSpec 7T,0916,scanner-exported DICOM,"animal m56; protocol 0618 (CONFIRMED in the facility DB); MRI platform archive backup_7T_olddata_260824/2021_pv6/20210318_091618_jrc210318_m56_0618_1_1.tar.gz (SHA-1 ca50be4c44d94cea97e093e785a71a0063c9be96); scanner-exported DICOM; operator pending claim (historical MRI, STATUS 0.5 Hold)"
20210318_091618_jrc210318_m56_0618_1_1/4,"2021-03-18T09:32:51,518+0100",visu_pars.VisuCreationDate,0618,56,m56_0618,organism,jrc210318_m56_0618,AE-biomaGUNE-0618,Bruker BioSpec 7T,0916,scanner-exported DICOM,"animal m56; protocol 0618 (CONFIRMED in the facility DB); MRI platform archive backup_7T_olddata_260824/2021_pv6/20210318_091618_jrc210318_m56_0618_1_1.tar.gz (SHA-1 ca50be4c44d94cea97e093e785a71a0063c9be96); scanner-exported DICOM; operator pending claim (historical MRI, STATUS 0.5 Hold)"
20210318_091618_jrc210318_m56_0618_1_1/5,"2021-03-18T09:35:07,596+0100",visu_pars.VisuCreationDate,0618,56,m56_0618,organism,jrc210318_m56_0618,AE-biomaGUNE-0618,Bruker BioSpec 7T,0916,scanner-exported DICOM,"animal m56; protocol 0618 (CONFIRMED in the facility DB); MRI platform archive backup_7T_olddata_260824/2021_pv6/20210318_091618_jrc210318_m56_0618_1_1.tar.gz (SHA-1 ca50be4c44d94cea97e093e785a71a0063c9be96); scanner-exported DICOM; operator pending claim (historical MRI, STATUS 0.5 Hold)"
20210318_091618_jrc210318_m56_0618_1_1/6,"2021-03-18T10:09:22,985+0100",visu_pars.VisuCreationDate,0618,56,m56_0618,organism,jrc210318_m56_0618,AE-biomaGUNE-0618,Bruker BioSpec 7T,0916,scanner-exported DICOM,"animal m56; protocol 0618 (CONFIRMED in the facility DB); MRI platform archive backup_7T_olddata_260824/2021_pv6/20210318_091618_jrc210318_m56_0618_1_1.tar.gz (SHA-1 ca50be4c44d94cea97e093e785a71a0063c9be96); scanner-exported DICOM; operator pending claim (historical MRI, STATUS 0.5 Hold)"
20210318_091618_jrc210318_m56_0618_1_1/8,"2021-03-18T10:21:01,608+0100",visu_pars.VisuCreationDate,0618,56,m56_0618,organism,jrc210318_m56_0618,AE-biomaGUNE-0618,Bruker BioSpec 7T,0916,scanner-exported DICOM,"animal m56; protocol 0618 (CONFIRMED in the facility DB); MRI platform archive backup_7T_olddata_260824/2021_pv6/20210318_091618_jrc210318_m56_0618_1_1.tar.gz (SHA-1 ca50be4c44d94cea97e093e785a71a0063c9be96); scanner-exported DICOM; operator pending claim (historical MRI, STATUS 0.5 Hold)"
20210318_091618_jrc210318_m56_0618_1_1/10,"2021-03-18T10:29:29,153+0100",visu_pars.VisuCreationDate,0618,56,m56_0618,organism,jrc210318_m56_0618,AE-biomaGUNE-0618,Bruker BioSpec 7T,0916,scanner-exported DICOM,"animal m56; protocol 0618 (CONFIRMED in the facility DB); MRI platform archive backup_7T_olddata_260824/2021_pv6/20210318_091618_jrc210318_m56_0618_1_1.tar.gz (SHA-1 ca50be4c44d94cea97e093e785a71a0063c9be96); scanner-exported DICOM; operator pending claim (historical MRI, STATUS 0.5 Hold)"
20210318_091618_jrc210318_m56_0618_1_1/11,"2021-03-18T10:31:00,718+0100",visu_pars.VisuCreationDate,0618,56,m56_0618,organism,jrc210318_m56_0618,AE-biomaGUNE-0618,Bruker BioSpec 7T,0916,scanner-exported DICOM,"animal m56; protocol 0618 (CONFIRMED in the facility DB); MRI platform archive backup_7T_olddata_260824/2021_pv6/20210318_091618_jrc210318_m56_0618_1_1.tar.gz (SHA-1 ca50be4c44d94cea97e093e785a71a0063c9be96); scanner-exported DICOM; operator pending claim (historical MRI, STATUS 0.5 Hold)"
20210318_091618_jrc210318_m56_0618_1_1/12,"2021-03-18T10:32:43,440+0100",visu_pars.VisuCreationDate,0618,56,m56_0618,organism,jrc210318_m56_0618,AE-biomaGUNE-0618,Bruker BioSpec 7T,0916,scanner-exported DICOM,"animal m56; protocol 0618 (CONFIRMED in the facility DB); MRI platform archive backup_7T_olddata_260824/2021_pv6/20210318_091618_jrc210318_m56_0618_1_1.tar.gz (SHA-1 ca50be4c44d94cea97e093e785a71a0063c9be96); scanner-exported DICOM; operator pending claim (historical MRI, STATUS 0.5 Hold)"
20210318_091618_jrc210318_m56_0618_1_1/14,"2021-03-18T11:13:28,507+0100",visu_pars.VisuCreationDate,0618,56,m56_0618,organism,jrc210318_m56_0618,AE-biomaGUNE-0618,Bruker BioSpec 7T,0916,scanner-exported DICOM,"animal m56; protocol 0618 (CONFIRMED in the facility DB); MRI platform archive backup_7T_olddata_260824/2021_pv6/20210318_091618_jrc210318_m56_0618_1_1.tar.gz (SHA-1 ca50be4c44d94cea97e093e785a71a0063c9be96); scanner-exported DICOM; operator pending claim (historical MRI, STATUS 0.5 Hold)"
20210318_091618_jrc210318_m56_0618_1_1/15,"2021-03-18T11:22:46,801+0100",visu_pars.VisuCreationDate,0618,56,m56_0618,organism,jrc210318_m56_0618,AE-biomaGUNE-0618,Bruker BioSpec 7T,0916,scanner-exported DICOM,"animal m56; protocol 0618 (CONFIRMED in the facility DB); MRI platform archive backup_7T_olddata_260824/2021_pv6/20210318_091618_jrc210318_m56_0618_1_1.tar.gz (SHA-1 ca50be4c44d94cea97e093e785a71a0063c9be96); scanner-exported DICOM; operator pending claim (historical MRI, STATUS 0.5 Hold)"
20210318_112443_jrc210318_m57_0618_1_1/1,"2021-03-18T11:45:21,137+0100",visu_pars.VisuCreationDate,0618,57,m57_0618,organism,jrc210318_m57_0618,AE-biomaGUNE-0618,Bruker BioSpec 7T,1124,scanner-exported DICOM,"animal m57; protocol 0618 (CONFIRMED in the facility DB); MRI platform archive backup_7T_olddata_260824/2021_pv6/20210318_112443_jrc210318_m57_0618_1_1.tar.gz (SHA-1 45b3146c12b07928c4de36bbac7fe6c1462d1d78); scanner-exported DICOM; operator pending claim (historical MRI, STATUS 0.5 Hold)"
20210318_112443_jrc210318_m57_0618_1_1/2,"2021-03-18T11:47:48,564+0100",visu_pars.VisuCreationDate,0618,57,m57_0618,organism,jrc210318_m57_0618,AE-biomaGUNE-0618,Bruker BioSpec 7T,1124,scanner-exported DICOM,"animal m57; protocol 0618 (CONFIRMED in the facility DB); MRI platform archive backup_7T_olddata_260824/2021_pv6/20210318_112443_jrc210318_m57_0618_1_1.tar.gz (SHA-1 45b3146c12b07928c4de36bbac7fe6c1462d1d78); scanner-exported DICOM; operator pending claim (historical MRI, STATUS 0.5 Hold)"
20210318_112443_jrc210318_m57_0618_1_1/3,"2021-03-18T11:50:21,529+0100",visu_pars.VisuCreationDate,0618,57,m57_0618,organism,jrc210318_m57_0618,AE-biomaGUNE-0618,Bruker BioSpec 7T,1124,scanner-exported DICOM,"animal m57; protocol 0618 (CONFIRMED in the facility DB); MRI platform archive backup_7T_olddata_260824/2021_pv6/20210318_112443_jrc210318_m57_0618_1_1.tar.gz (SHA-1 45b3146c12b07928c4de36bbac7fe6c1462d1d78); scanner-exported DICOM; operator pending claim (historical MRI, STATUS 0.5 Hold)"
20210318_112443_jrc210318_m57_0618_1_1/4,"2021-03-18T12:33:03,632+0100",visu_pars.VisuCreationDate,0618,57,m57_0618,organism,jrc210318_m57_0618,AE-biomaGUNE-0618,Bruker BioSpec 7T,1124,scanner-exported DICOM,"animal m57; protocol 0618 (CONFIRMED in the facility DB); MRI platform archive backup_7T_olddata_260824/2021_pv6/20210318_112443_jrc210318_m57_0618_1_1.tar.gz (SHA-1 45b3146c12b07928c4de36bbac7fe6c1462d1d78); scanner-exported DICOM; operator pending claim (historical MRI, STATUS 0.5 Hold)"
20210318_112443_jrc210318_m57_0618_1_1/6,"2021-03-18T12:34:24,645+0100",visu_pars.VisuCreationDate,0618,57,m57_0618,organism,jrc210318_m57_0618,AE-biomaGUNE-0618,Bruker BioSpec 7T,1124,scanner-exported DICOM,"animal m57; protocol 0618 (CONFIRMED in the facility DB); MRI platform archive backup_7T_olddata_260824/2021_pv6/20210318_112443_jrc210318_m57_0618_1_1.tar.gz (SHA-1 45b3146c12b07928c4de36bbac7fe6c1462d1d78); scanner-exported DICOM; operator pending claim (historical MRI, STATUS 0.5 Hold)"
20210318_112443_jrc210318_m57_0618_1_1/7,"2021-03-18T12:44:54,172+0100",visu_pars.VisuCreationDate,0618,57,m57_0618,organism,jrc210318_m57_0618,AE-biomaGUNE-0618,Bruker BioSpec 7T,1124,scanner-exported DICOM,"animal m57; protocol 0618 (CONFIRMED in the facility DB); MRI platform archive backup_7T_olddata_260824/2021_pv6/20210318_112443_jrc210318_m57_0618_1_1.tar.gz (SHA-1 45b3146c12b07928c4de36bbac7fe6c1462d1d78); scanner-exported DICOM; operator pending claim (historical MRI, STATUS 0.5 Hold)"
20210318_112443_jrc210318_m57_0618_1_1/8,"2021-03-18T13:03:08,795+0100",visu_pars.VisuCreationDate,0618,57,m57_0618,organism,jrc210318_m57_0618,AE-biomaGUNE-0618,Bruker BioSpec 7T,1124,scanner-exported DICOM,"animal m57; protocol 0618 (CONFIRMED in the facility DB); MRI platform archive backup_7T_olddata_260824/2021_pv6/20210318_112443_jrc210318_m57_0618_1_1.tar.gz (SHA-1 45b3146c12b07928c4de36bbac7fe6c1462d1d78); scanner-exported DICOM; operator pending claim (historical MRI, STATUS 0.5 Hold)"
20210318_112443_jrc210318_m57_0618_1_1/9,"2021-03-18T13:04:33,081+0100",visu_pars.VisuCreationDate,0618,57,m57_0618,organism,jrc210318_m57_0618,AE-biomaGUNE-0618,Bruker BioSpec 7T,1124,scanner-exported DICOM,"animal m57; protocol 0618 (CONFIRMED in the facility DB); MRI platform archive backup_7T_olddata_260824/2021_pv6/20210318_112443_jrc210318_m57_0618_1_1.tar.gz (SHA-1 45b3146c12b07928c4de36bbac7fe6c1462d1d78); scanner-exported DICOM; operator pending claim (historical MRI, STATUS 0.5 Hold)"
20210318_112443_jrc210318_m57_0618_1_1/10,"2021-03-18T13:06:25,664+0100",visu_pars.VisuCreationDate,0618,57,m57_0618,organism,jrc210318_m57_0618,AE-biomaGUNE-0618,Bruker BioSpec 7T,1124,scanner-exported DICOM,"animal m57; protocol 0618 (CONFIRMED in the facility DB); MRI platform archive backup_7T_olddata_260824/2021_pv6/20210318_112443_jrc210318_m57_0618_1_1.tar.gz (SHA-1 45b3146c12b07928c4de36bbac7fe6c1462d1d78); scanner-exported DICOM; operator pending claim (historical MRI, STATUS 0.5 Hold)"
20210318_112443_jrc210318_m57_0618_1_1/11,"2021-03-18T13:41:36,555+0100",visu_pars.VisuCreationDate,0618,57,m57_0618,organism,jrc210318_m57_0618,AE-biomaGUNE-0618,Bruker BioSpec 7T,1124,scanner-exported DICOM,"animal m57; protocol 0618 (CONFIRMED in the facility DB); MRI platform archive backup_7T_olddata_260824/2021_pv6/20210318_112443_jrc210318_m57_0618_1_1.tar.gz (SHA-1 45b3146c12b07928c4de36bbac7fe6c1462d1d78); scanner-exported DICOM; operator pending claim (historical MRI, STATUS 0.5 Hold)"
20210318_112443_jrc210318_m57_0618_1_1/12,"2021-03-18T13:50:54,969+0100",visu_pars.VisuCreationDate,0618,57,m57_0618,organism,jrc210318_m57_0618,AE-biomaGUNE-0618,Bruker BioSpec 7T,1124,scanner-exported DICOM,"animal m57; protocol 0618 (CONFIRMED in the facility DB); MRI platform archive backup_7T_olddata_260824/2021_pv6/20210318_112443_jrc210318_m57_0618_1_1.tar.gz (SHA-1 45b3146c12b07928c4de36bbac7fe6c1462d1d78); scanner-exported DICOM; operator pending claim (historical MRI, STATUS 0.5 Hold)"
20210325_084814_jrc210325_m60_0618_1_1/2,"2021-03-25T09:07:24,026+0100",visu_pars.VisuCreationDate,0618,60,m60_0618,organism,jrc210325_m60_0618,AE-biomaGUNE-0618,Bruker BioSpec 7T,0848,scanner-exported DICOM,"animal m60; protocol 0618 (CONFIRMED in the facility DB); MRI platform archive backup_7T_olddata_260824/2021_pv6/20210325_084814_jrc210325_m60_0618_1_1.tar.gz (SHA-1 2749bf5d8158a65a08d28f273ba1d8ad85402d7f); scanner-exported DICOM; operator pending claim (historical MRI, STATUS 0.5 Hold)"
20210325_084814_jrc210325_m60_0618_1_1/3,"2021-03-25T09:08:48,723+0100",visu_pars.VisuCreationDate,0618,60,m60_0618,organism,jrc210325_m60_0618,AE-biomaGUNE-0618,Bruker BioSpec 7T,0848,scanner-exported DICOM,"animal m60; protocol 0618 (CONFIRMED in the facility DB); MRI platform archive backup_7T_olddata_260824/2021_pv6/20210325_084814_jrc210325_m60_0618_1_1.tar.gz (SHA-1 2749bf5d8158a65a08d28f273ba1d8ad85402d7f); scanner-exported DICOM; operator pending claim (historical MRI, STATUS 0.5 Hold)"
20210325_084814_jrc210325_m60_0618_1_1/4,"2021-03-25T09:10:46,685+0100",visu_pars.VisuCreationDate,0618,60,m60_0618,organism,jrc210325_m60_0618,AE-biomaGUNE-0618,Bruker BioSpec 7T,0848,scanner-exported DICOM,"animal m60; protocol 0618 (CONFIRMED in the facility DB); MRI platform archive backup_7T_olddata_260824/2021_pv6/20210325_084814_jrc210325_m60_0618_1_1.tar.gz (SHA-1 2749bf5d8158a65a08d28f273ba1d8ad85402d7f); scanner-exported DICOM; operator pending claim (historical MRI, STATUS 0.5 Hold)"
20210325_084814_jrc210325_m60_0618_1_1/6,"2021-03-25T09:22:56,041+0100",visu_pars.VisuCreationDate,0618,60,m60_0618,organism,jrc210325_m60_0618,AE-biomaGUNE-0618,Bruker BioSpec 7T,0848,scanner-exported DICOM,"animal m60; protocol 0618 (CONFIRMED in the facility DB); MRI platform archive backup_7T_olddata_260824/2021_pv6/20210325_084814_jrc210325_m60_0618_1_1.tar.gz (SHA-1 2749bf5d8158a65a08d28f273ba1d8ad85402d7f); scanner-exported DICOM; operator pending claim (historical MRI, STATUS 0.5 Hold)"
20210325_084814_jrc210325_m60_0618_1_1/7,"2021-03-25T09:46:31,431+0100",visu_pars.VisuCreationDate,0618,60,m60_0618,organism,jrc210325_m60_0618,AE-biomaGUNE-0618,Bruker BioSpec 7T,0848,scanner-exported DICOM,"animal m60; protocol 0618 (CONFIRMED in the facility DB); MRI platform archive backup_7T_olddata_260824/2021_pv6/20210325_084814_jrc210325_m60_0618_1_1.tar.gz (SHA-1 2749bf5d8158a65a08d28f273ba1d8ad85402d7f); scanner-exported DICOM; operator pending claim (historical MRI, STATUS 0.5 Hold)"
20210325_084814_jrc210325_m60_0618_1_1/8,"2021-03-25T09:57:05,891+0100",visu_pars.VisuCreationDate,0618,60,m60_0618,organism,jrc210325_m60_0618,AE-biomaGUNE-0618,Bruker BioSpec 7T,0848,scanner-exported DICOM,"animal m60; protocol 0618 (CONFIRMED in the facility DB); MRI platform archive backup_7T_olddata_260824/2021_pv6/20210325_084814_jrc210325_m60_0618_1_1.tar.gz (SHA-1 2749bf5d8158a65a08d28f273ba1d8ad85402d7f); scanner-exported DICOM; operator pending claim (historical MRI, STATUS 0.5 Hold)"
20210325_084814_jrc210325_m60_0618_1_1/9,"2021-03-25T09:58:56,304+0100",visu_pars.VisuCreationDate,0618,60,m60_0618,organism,jrc210325_m60_0618,AE-biomaGUNE-0618,Bruker BioSpec 7T,0848,scanner-exported DICOM,"animal m60; protocol 0618 (CONFIRMED in the facility DB); MRI platform archive backup_7T_olddata_260824/2021_pv6/20210325_084814_jrc210325_m60_0618_1_1.tar.gz (SHA-1 2749bf5d8158a65a08d28f273ba1d8ad85402d7f); scanner-exported DICOM; operator pending claim (historical MRI, STATUS 0.5 Hold)"
20210325_084814_jrc210325_m60_0618_1_1/12,"2021-03-25T10:01:37,868+0100",visu_pars.VisuCreationDate,0618,60,m60_0618,organism,jrc210325_m60_0618,AE-biomaGUNE-0618,Bruker BioSpec 7T,0848,scanner-exported DICOM,"animal m60; protocol 0618 (CONFIRMED in the facility DB); MRI platform archive backup_7T_olddata_260824/2021_pv6/20210325_084814_jrc210325_m60_0618_1_1.tar.gz (SHA-1 2749bf5d8158a65a08d28f273ba1d8ad85402d7f); scanner-exported DICOM; operator pending claim (historical MRI, STATUS 0.5 Hold)"
20210325_084814_jrc210325_m60_0618_1_1/13,"2021-03-25T10:24:13,645+0100",visu_pars.VisuCreationDate,0618,60,m60_0618,organism,jrc210325_m60_0618,AE-biomaGUNE-0618,Bruker BioSpec 7T,0848,scanner-exported DICOM,"animal m60; protocol 0618 (CONFIRMED in the facility DB); MRI platform archive backup_7T_olddata_260824/2021_pv6/20210325_084814_jrc210325_m60_0618_1_1.tar.gz (SHA-1 2749bf5d8158a65a08d28f273ba1d8ad85402d7f); scanner-exported DICOM; operator pending claim (historical MRI, STATUS 0.5 Hold)"
20210325_084814_jrc210325_m60_0618_1_1/14,"2021-03-25T10:11:50,922+0100",visu_pars.VisuCreationDate,0618,60,m60_0618,organism,jrc210325_m60_0618,AE-biomaGUNE-0618,Bruker BioSpec 7T,0848,scanner-exported DICOM,"animal m60; protocol 0618 (CONFIRMED in the facility DB); MRI platform archive backup_7T_olddata_260824/2021_pv6/20210325_084814_jrc210325_m60_0618_1_1.tar.gz (SHA-1 2749bf5d8158a65a08d28f273ba1d8ad85402d7f); scanner-exported DICOM; operator pending claim (historical MRI, STATUS 0.5 Hold)"
20210325_102902_jrc210325_m61_0618_1_1/1,"2021-03-25T10:36:43,261+0100",visu_pars.VisuCreationDate,0618,61,m61_0618,organism,jrc210325_m61_0618,AE-biomaGUNE-0618,Bruker BioSpec 7T,1029,scanner-exported DICOM,"animal m61; protocol 0618 (CONFIRMED in the facility DB); MRI platform archive backup_7T_olddata_260824/2021_pv6/20210325_102902_jrc210325_m61_0618_1_1.tar.gz (SHA-1 6f5f31b2c5e2c35605e06b44a7b103d0d6c3caac); scanner-exported DICOM; operator pending claim (historical MRI, STATUS 0.5 Hold)"
20210325_102902_jrc210325_m61_0618_1_1/4,"2021-03-25T10:55:04,721+0100",visu_pars.VisuCreationDate,0618,61,m61_0618,organism,jrc210325_m61_0618,AE-biomaGUNE-0618,Bruker BioSpec 7T,1029,scanner-exported DICOM,"animal m61; protocol 0618 (CONFIRMED in the facility DB); MRI platform archive backup_7T_olddata_260824/2021_pv6/20210325_102902_jrc210325_m61_0618_1_1.tar.gz (SHA-1 6f5f31b2c5e2c35605e06b44a7b103d0d6c3caac); scanner-exported DICOM; operator pending claim (historical MRI, STATUS 0.5 Hold)"
20210325_102902_jrc210325_m61_0618_1_1/5,"2021-03-25T10:38:24,273+0100",visu_pars.VisuCreationDate,0618,61,m61_0618,organism,jrc210325_m61_0618,AE-biomaGUNE-0618,Bruker BioSpec 7T,1029,scanner-exported DICOM,"animal m61; protocol 0618 (CONFIRMED in the facility DB); MRI platform archive backup_7T_olddata_260824/2021_pv6/20210325_102902_jrc210325_m61_0618_1_1.tar.gz (SHA-1 6f5f31b2c5e2c35605e06b44a7b103d0d6c3caac); scanner-exported DICOM; operator pending claim (historical MRI, STATUS 0.5 Hold)"
20210325_102902_jrc210325_m61_0618_1_1/6,"2021-03-25T10:44:39,253+0100",visu_pars.VisuCreationDate,0618,61,m61_0618,organism,jrc210325_m61_0618,AE-biomaGUNE-0618,Bruker BioSpec 7T,1029,scanner-exported DICOM,"animal m61; protocol 0618 (CONFIRMED in the facility DB); MRI platform archive backup_7T_olddata_260824/2021_pv6/20210325_102902_jrc210325_m61_0618_1_1.tar.gz (SHA-1 6f5f31b2c5e2c35605e06b44a7b103d0d6c3caac); scanner-exported DICOM; operator pending claim (historical MRI, STATUS 0.5 Hold)"
20210325_102902_jrc210325_m61_0618_1_1/7,"2021-03-25T11:07:52,492+0100",visu_pars.VisuCreationDate,0618,61,m61_0618,organism,jrc210325_m61_0618,AE-biomaGUNE-0618,Bruker BioSpec 7T,1029,scanner-exported DICOM,"animal m61; protocol 0618 (CONFIRMED in the facility DB); MRI platform archive backup_7T_olddata_260824/2021_pv6/20210325_102902_jrc210325_m61_0618_1_1.tar.gz (SHA-1 6f5f31b2c5e2c35605e06b44a7b103d0d6c3caac); scanner-exported DICOM; operator pending claim (historical MRI, STATUS 0.5 Hold)"
20210325_102902_jrc210325_m61_0618_1_1/8,"2021-03-25T11:17:18,591+0100",visu_pars.VisuCreationDate,0618,61,m61_0618,organism,jrc210325_m61_0618,AE-biomaGUNE-0618,Bruker BioSpec 7T,1029,scanner-exported DICOM,"animal m61; protocol 0618 (CONFIRMED in the facility DB); MRI platform archive backup_7T_olddata_260824/2021_pv6/20210325_102902_jrc210325_m61_0618_1_1.tar.gz (SHA-1 6f5f31b2c5e2c35605e06b44a7b103d0d6c3caac); scanner-exported DICOM; operator pending claim (historical MRI, STATUS 0.5 Hold)"
20210325_102902_jrc210325_m61_0618_1_1/9,"2021-03-25T11:18:40,167+0100",visu_pars.VisuCreationDate,0618,61,m61_0618,organism,jrc210325_m61_0618,AE-biomaGUNE-0618,Bruker BioSpec 7T,1029,scanner-exported DICOM,"animal m61; protocol 0618 (CONFIRMED in the facility DB); MRI platform archive backup_7T_olddata_260824/2021_pv6/20210325_102902_jrc210325_m61_0618_1_1.tar.gz (SHA-1 6f5f31b2c5e2c35605e06b44a7b103d0d6c3caac); scanner-exported DICOM; operator pending claim (historical MRI, STATUS 0.5 Hold)"
20210325_102902_jrc210325_m61_0618_1_1/10,"2021-03-25T11:20:21,849+0100",visu_pars.VisuCreationDate,0618,61,m61_0618,organism,jrc210325_m61_0618,AE-biomaGUNE-0618,Bruker BioSpec 7T,1029,scanner-exported DICOM,"animal m61; protocol 0618 (CONFIRMED in the facility DB); MRI platform archive backup_7T_olddata_260824/2021_pv6/20210325_102902_jrc210325_m61_0618_1_1.tar.gz (SHA-1 6f5f31b2c5e2c35605e06b44a7b103d0d6c3caac); scanner-exported DICOM; operator pending claim (historical MRI, STATUS 0.5 Hold)"
20210325_102902_jrc210325_m61_0618_1_1/11,"2021-03-25T11:30:14,822+0100",visu_pars.VisuCreationDate,0618,61,m61_0618,organism,jrc210325_m61_0618,AE-biomaGUNE-0618,Bruker BioSpec 7T,1029,scanner-exported DICOM,"animal m61; protocol 0618 (CONFIRMED in the facility DB); MRI platform archive backup_7T_olddata_260824/2021_pv6/20210325_102902_jrc210325_m61_0618_1_1.tar.gz (SHA-1 6f5f31b2c5e2c35605e06b44a7b103d0d6c3caac); scanner-exported DICOM; operator pending claim (historical MRI, STATUS 0.5 Hold)"
20210325_102902_jrc210325_m61_0618_1_1/12,"2021-03-25T11:43:30,394+0100",visu_pars.VisuCreationDate,0618,61,m61_0618,organism,jrc210325_m61_0618,AE-biomaGUNE-0618,Bruker BioSpec 7T,1029,scanner-exported DICOM,"animal m61; protocol 0618 (CONFIRMED in the facility DB); MRI platform archive backup_7T_olddata_260824/2021_pv6/20210325_102902_jrc210325_m61_0618_1_1.tar.gz (SHA-1 6f5f31b2c5e2c35605e06b44a7b103d0d6c3caac); scanner-exported DICOM; operator pending claim (historical MRI, STATUS 0.5 Hold)"
20210325_102902_jrc210325_m61_0618_1_1/14,"2021-03-25T11:53:44,635+0100",visu_pars.VisuCreationDate,0618,61,m61_0618,organism,jrc210325_m61_0618,AE-biomaGUNE-0618,Bruker BioSpec 7T,1029,scanner-exported DICOM,"animal m61; protocol 0618 (CONFIRMED in the facility DB); MRI platform archive backup_7T_olddata_260824/2021_pv6/20210325_102902_jrc210325_m61_0618_1_1.tar.gz (SHA-1 6f5f31b2c5e2c35605e06b44a7b103d0d6c3caac); scanner-exported DICOM; operator pending claim (historical MRI, STATUS 0.5 Hold)"
