original_name,drv_project,drv_researcher,drv_operator,drv_subject_alias,drv_subject_animal,drv_sample_id,drv_sample_type,drv_link_name,drv_notes,drv_sha256,drv_claim,drv_acq_group,drv_acq_group_n
drive3_MJesus-MFB/Microscopio/CELL OBS MARTA/Masson_1019_MJS/ID160I_1019_Masson-1.czi,AE-biomaGUNE-1019,,Marta,1019,160,ID160I_1019_Masson-1.czi,tissue,CELL_ID160I_1019_Masson-1.czi,Historical drive ingest 2026 (drive3_MJesus-MFB); project / researcher / operator / subject decided per file before ingest (tasks/drive3_czi_gate.md). Claim: CONFIRMED.,bfbd58df7416fce815d9398d41280ad020d9f7c335eece5733c4643290a9fcc5,CONFIRMED,,
drive3_MJesus-MFB/Microscopio/CELL OBS MARTA/Masson_1019_MJS/ID160I_1019_Masson-10.czi,AE-biomaGUNE-1019,,Marta,1019,160,ID160I_1019_Masson-10.czi,tissue,CELL_ID160I_1019_Masson-10.czi,Historical drive ingest 2026 (drive3_MJesus-MFB); project / researcher / operator / subject decided per file before ingest (tasks/drive3_czi_gate.md). Claim: CONFIRMED.,a9e5c4dbbe80f12c0e239871222556af379830c4927526c88fb0c05c3fd1484a,CONFIRMED,,
drive3_MJesus-MFB/Microscopio/CELL OBS MARTA/Masson_1019_MJS/ID160I_1019_Masson-2.czi,AE-biomaGUNE-1019,,Marta,1019,160,ID160I_1019_Masson-2.czi,tissue,CELL_ID160I_1019_Masson-2.czi,Historical drive ingest 2026 (drive3_MJesus-MFB); project / researcher / operator / subject decided per file before ingest (tasks/drive3_czi_gate.md). Claim: CONFIRMED.,8e62f4c4142337b128632fe4f6d0cdadcb6697b1a59ffee17db56ee82619f91d,CONFIRMED,,
drive3_MJesus-MFB/Microscopio/CELL OBS MARTA/Masson_1019_MJS/ID160I_1019_Masson-3.czi,AE-biomaGUNE-1019,,Marta,1019,160,ID160I_1019_Masson-3.czi,tissue,CELL_ID160I_1019_Masson-3.czi,Historical drive ingest 2026 (drive3_MJesus-MFB); project / researcher / operator / subject decided per file before ingest (tasks/drive3_czi_gate.md). Claim: CONFIRMED.,905db2b3d7296e4d1ab3c33e37f76d6f226627406265e773d3810f1c468ddddc,CONFIRMED,,
drive3_MJesus-MFB/Microscopio/CELL OBS MARTA/Masson_1019_MJS/ID160I_1019_Masson-4.czi,AE-biomaGUNE-1019,,Marta,1019,160,ID160I_1019_Masson-4.czi,tissue,CELL_ID160I_1019_Masson-4.czi,Historical drive ingest 2026 (drive3_MJesus-MFB); project / researcher / operator / subject decided per file before ingest (tasks/drive3_czi_gate.md). Claim: CONFIRMED.,4c8a95f6d75d336689862d7861673fd4713207576973cf2712d5a68dc48670fe,CONFIRMED,,
drive3_MJesus-MFB/Microscopio/CELL OBS MARTA/Masson_1019_MJS/ID160I_1019_Masson-5.czi,AE-biomaGUNE-1019,,Marta,1019,160,ID160I_1019_Masson-5.czi,tissue,CELL_ID160I_1019_Masson-5.czi,Historical drive ingest 2026 (drive3_MJesus-MFB); project / researcher / operator / subject decided per file before ingest (tasks/drive3_czi_gate.md). Claim: CONFIRMED.,5c0d1e676d3d7b66159c452a21fd4c22a07cc5bf863f22fa6d86f907de89a767,CONFIRMED,,
drive3_MJesus-MFB/Microscopio/CELL OBS MARTA/Masson_1019_MJS/ID160I_1019_Masson-6.czi,AE-biomaGUNE-1019,,Marta,1019,160,ID160I_1019_Masson-6.czi,tissue,CELL_ID160I_1019_Masson-6.czi,Historical drive ingest 2026 (drive3_MJesus-MFB); project / researcher / operator / subject decided per file before ingest (tasks/drive3_czi_gate.md). Claim: CONFIRMED.,129a525970f2c77dda30493ad5807634b6d486ef475ac6f1825111caadc499e0,CONFIRMED,,
drive3_MJesus-MFB/Microscopio/CELL OBS MARTA/Masson_1019_MJS/ID160I_1019_Masson-7.czi,AE-biomaGUNE-1019,,Marta,1019,160,ID160I_1019_Masson-7.czi,tissue,CELL_ID160I_1019_Masson-7.czi,Historical drive ingest 2026 (drive3_MJesus-MFB); project / researcher / operator / subject decided per file before ingest (tasks/drive3_czi_gate.md). Claim: CONFIRMED.,798c40ad11fe07881350214ed8a16ed782f069cf2ef6bd587f905c25cfc20c9d,CONFIRMED,,
drive3_MJesus-MFB/Microscopio/CELL OBS MARTA/Masson_1019_MJS/ID160I_1019_Masson-8.czi,AE-biomaGUNE-1019,,Marta,1019,160,ID160I_1019_Masson-8.czi,tissue,CELL_ID160I_1019_Masson-8.czi,Historical drive ingest 2026 (drive3_MJesus-MFB); project / researcher / operator / subject decided per file before ingest (tasks/drive3_czi_gate.md). Claim: CONFIRMED.,8621612356064a009d1169d97c1e951c3479f6264cce6a11c52577b6669e541b,CONFIRMED,,
drive3_MJesus-MFB/Microscopio/CELL OBS MARTA/Masson_1019_MJS/ID160I_1019_Masson-9.czi,AE-biomaGUNE-1019,,Marta,1019,160,ID160I_1019_Masson-9.czi,tissue,CELL_ID160I_1019_Masson-9.czi,Historical drive ingest 2026 (drive3_MJesus-MFB); project / researcher / operator / subject decided per file before ingest (tasks/drive3_czi_gate.md). Claim: CONFIRMED.,ae776d052712e621110814db2129622c47ad0e89a633fab93b5f272e140d9a74,CONFIRMED,,
drive3_MJesus-MFB/Microscopio/CELL OBS MARTA/Masson_1019_MJS/ID161I_1019_Masson-1.czi,AE-biomaGUNE-1019,,Marta,1019,161,ID161I_1019_Masson-1.czi,tissue,CELL_ID161I_1019_Masson-1.czi,Historical drive ingest 2026 (drive3_MJesus-MFB); project / researcher / operator / subject decided per file before ingest (tasks/drive3_czi_gate.md). Claim: CONFIRMED.,fe4d2667dafc58f73e055968fa03c69bb1542a5d9d96f54d078b2af3d4cd4c8c,CONFIRMED,,
drive3_MJesus-MFB/Microscopio/CELL OBS MARTA/Masson_1019_MJS/ID161I_1019_Masson-10.czi,AE-biomaGUNE-1019,,Marta,1019,161,ID161I_1019_Masson-10.czi,tissue,CELL_ID161I_1019_Masson-10.czi,Historical drive ingest 2026 (drive3_MJesus-MFB); project / researcher / operator / subject decided per file before ingest (tasks/drive3_czi_gate.md). Claim: CONFIRMED.,4a59ac6fe7d6cc1109800755a6ac86bfd578e9b9b1eaaa8487b3edaf6d94ca26,CONFIRMED,,
drive3_MJesus-MFB/Microscopio/CELL OBS MARTA/Masson_1019_MJS/ID161I_1019_Masson-11.czi,AE-biomaGUNE-1019,,Marta,1019,161,ID161I_1019_Masson-11.czi,tissue,CELL_ID161I_1019_Masson-11.czi,Historical drive ingest 2026 (drive3_MJesus-MFB); project / researcher / operator / subject decided per file before ingest (tasks/drive3_czi_gate.md). Claim: CONFIRMED.,60911328588371c6fe3b98403b6c6a5af29862d8799b094692bb43f62a8eeb37,CONFIRMED,,
drive3_MJesus-MFB/Microscopio/CELL OBS MARTA/Masson_1019_MJS/ID161I_1019_Masson-12.czi,AE-biomaGUNE-1019,,Marta,1019,161,ID161I_1019_Masson-12.czi,tissue,CELL_ID161I_1019_Masson-12.czi,Historical drive ingest 2026 (drive3_MJesus-MFB); project / researcher / operator / subject decided per file before ingest (tasks/drive3_czi_gate.md). Claim: CONFIRMED.,c4a399005a822d6584f65bb023c5f901cfebf88fca87f2a03c4a0687e848af12,CONFIRMED,,
drive3_MJesus-MFB/Microscopio/CELL OBS MARTA/Masson_1019_MJS/ID161I_1019_Masson-13.czi,AE-biomaGUNE-1019,,Marta,1019,161,ID161I_1019_Masson-13.czi,tissue,CELL_ID161I_1019_Masson-13.czi,Historical drive ingest 2026 (drive3_MJesus-MFB); project / researcher / operator / subject decided per file before ingest (tasks/drive3_czi_gate.md). Claim: CONFIRMED.,4c0dbe6c2afc23ed5ee72f27b9f02a2a2c62c70ddad4b9f51c80e36f7d5e9c20,CONFIRMED,,
drive3_MJesus-MFB/Microscopio/CELL OBS MARTA/Masson_1019_MJS/ID161I_1019_Masson-14.czi,AE-biomaGUNE-1019,,Marta,1019,161,ID161I_1019_Masson-14.czi,tissue,CELL_ID161I_1019_Masson-14.czi,Historical drive ingest 2026 (drive3_MJesus-MFB); project / researcher / operator / subject decided per file before ingest (tasks/drive3_czi_gate.md). Claim: CONFIRMED.,34a0d8b5fd7d178437a59e9e4176085256f6d6d43e0d31daa2a49b9342ffa55a,CONFIRMED,,
drive3_MJesus-MFB/Microscopio/CELL OBS MARTA/Masson_1019_MJS/ID161I_1019_Masson-15.czi,AE-biomaGUNE-1019,,Marta,1019,161,ID161I_1019_Masson-15.czi,tissue,CELL_ID161I_1019_Masson-15.czi,Historical drive ingest 2026 (drive3_MJesus-MFB); project / researcher / operator / subject decided per file before ingest (tasks/drive3_czi_gate.md). Claim: CONFIRMED.,809f949c6fd20ef417b67b7a28c08c76560a49f8b4ef04c28919d53aba7f4025,CONFIRMED,,
drive3_MJesus-MFB/Microscopio/CELL OBS MARTA/Masson_1019_MJS/ID161I_1019_Masson-16.czi,AE-biomaGUNE-1019,,Marta,1019,161,ID161I_1019_Masson-16.czi,tissue,CELL_ID161I_1019_Masson-16.czi,Historical drive ingest 2026 (drive3_MJesus-MFB); project / researcher / operator / subject decided per file before ingest (tasks/drive3_czi_gate.md). Claim: CONFIRMED.,e6cdd6980cf647c9d8c5cce15edcca819f596298589ab589e39c2f78121629fc,CONFIRMED,,
drive3_MJesus-MFB/Microscopio/CELL OBS MARTA/Masson_1019_MJS/ID161I_1019_Masson-2.czi,AE-biomaGUNE-1019,,Marta,1019,161,ID161I_1019_Masson-2.czi,tissue,CELL_ID161I_1019_Masson-2.czi,Historical drive ingest 2026 (drive3_MJesus-MFB); project / researcher / operator / subject decided per file before ingest (tasks/drive3_czi_gate.md). Claim: CONFIRMED.,00eabfc10b5eb4a938e093b11a4995d23af1f9b330ea6c06065ceb61553e67b2,CONFIRMED,,
drive3_MJesus-MFB/Microscopio/CELL OBS MARTA/Masson_1019_MJS/ID161I_1019_Masson-3.czi,AE-biomaGUNE-1019,,Marta,1019,161,ID161I_1019_Masson-3.czi,tissue,CELL_ID161I_1019_Masson-3.czi,Historical drive ingest 2026 (drive3_MJesus-MFB); project / researcher / operator / subject decided per file before ingest (tasks/drive3_czi_gate.md). Claim: CONFIRMED.,fcddd000af1264e27a1cc00bb740b804aaad1ad2a49241686b9b1a65086ca42a,CONFIRMED,,
drive3_MJesus-MFB/Microscopio/CELL OBS MARTA/Masson_1019_MJS/ID161I_1019_Masson-4.czi,AE-biomaGUNE-1019,,Marta,1019,161,ID161I_1019_Masson-4.czi,tissue,CELL_ID161I_1019_Masson-4.czi,Historical drive ingest 2026 (drive3_MJesus-MFB); project / researcher / operator / subject decided per file before ingest (tasks/drive3_czi_gate.md). Claim: CONFIRMED.,c03869162acc440b65b364fdf47659ce71a13af9c99bc1f84b6e03e70f6c8819,CONFIRMED,,
drive3_MJesus-MFB/Microscopio/CELL OBS MARTA/Masson_1019_MJS/ID161I_1019_Masson-5.czi,AE-biomaGUNE-1019,,Marta,1019,161,ID161I_1019_Masson-5.czi,tissue,CELL_ID161I_1019_Masson-5.czi,Historical drive ingest 2026 (drive3_MJesus-MFB); project / researcher / operator / subject decided per file before ingest (tasks/drive3_czi_gate.md). Claim: CONFIRMED.,d9c9ba60cdee89ad88e7d22824d1e0457d6326b6d0f69199bd25821137ead476,CONFIRMED,,
drive3_MJesus-MFB/Microscopio/CELL OBS MARTA/Masson_1019_MJS/ID161I_1019_Masson-6.czi,AE-biomaGUNE-1019,,Marta,1019,161,ID161I_1019_Masson-6.czi,tissue,CELL_ID161I_1019_Masson-6.czi,Historical drive ingest 2026 (drive3_MJesus-MFB); project / researcher / operator / subject decided per file before ingest (tasks/drive3_czi_gate.md). Claim: CONFIRMED.,0582793d1aa72e1cd4fc56b614b6df0c6d7d90a78d5e3d50f162705a8b549d35,CONFIRMED,,
drive3_MJesus-MFB/Microscopio/CELL OBS MARTA/Masson_1019_MJS/ID161I_1019_Masson-7.czi,AE-biomaGUNE-1019,,Marta,1019,161,ID161I_1019_Masson-7.czi,tissue,CELL_ID161I_1019_Masson-7.czi,Historical drive ingest 2026 (drive3_MJesus-MFB); project / researcher / operator / subject decided per file before ingest (tasks/drive3_czi_gate.md). Claim: CONFIRMED.,0bd5ff6198b62167d3ac1298e9ce431ceb2d0d6953722f7b7a47e292ca7d1191,CONFIRMED,,
drive3_MJesus-MFB/Microscopio/CELL OBS MARTA/Masson_1019_MJS/ID161I_1019_Masson-8.czi,AE-biomaGUNE-1019,,Marta,1019,161,ID161I_1019_Masson-8.czi,tissue,CELL_ID161I_1019_Masson-8.czi,Historical drive ingest 2026 (drive3_MJesus-MFB); project / researcher / operator / subject decided per file before ingest (tasks/drive3_czi_gate.md). Claim: CONFIRMED.,45557111f321ab05d16fb43edce3374219533e505d35f5d6764822ebf0141561,CONFIRMED,,
drive3_MJesus-MFB/Microscopio/CELL OBS MARTA/Masson_1019_MJS/ID161I_1019_Masson-9.czi,AE-biomaGUNE-1019,,Marta,1019,161,ID161I_1019_Masson-9.czi,tissue,CELL_ID161I_1019_Masson-9.czi,Historical drive ingest 2026 (drive3_MJesus-MFB); project / researcher / operator / subject decided per file before ingest (tasks/drive3_czi_gate.md). Claim: CONFIRMED.,15b29d8f31c0d7dd2950e545f353984ac9e2b86095497fec6f16cbc3358d301d,CONFIRMED,,
drive3_MJesus-MFB/Microscopio/CELL OBS MARTA/Masson_1019_MJS/ID162I_1019_Masson-1.czi,AE-biomaGUNE-1019,,Marta,1019,162,ID162I_1019_Masson-1.czi,tissue,CELL_ID162I_1019_Masson-1.czi,Historical drive ingest 2026 (drive3_MJesus-MFB); project / researcher / operator / subject decided per file before ingest (tasks/drive3_czi_gate.md). Claim: CONFIRMED.,2c90c100cac1bafa52113c5531efebceb34221d34737b649d66d12f0c56aebb5,CONFIRMED,,
drive3_MJesus-MFB/Microscopio/CELL OBS MARTA/Masson_1019_MJS/ID162I_1019_Masson-10.czi,AE-biomaGUNE-1019,,Marta,1019,162,ID162I_1019_Masson-10.czi,tissue,CELL_ID162I_1019_Masson-10.czi,Historical drive ingest 2026 (drive3_MJesus-MFB); project / researcher / operator / subject decided per file before ingest (tasks/drive3_czi_gate.md). Claim: CONFIRMED.,9d308b3123dd92b9b9775c82b31f98425905fa4e7374c026702441e203b62915,CONFIRMED,,
drive3_MJesus-MFB/Microscopio/CELL OBS MARTA/Masson_1019_MJS/ID162I_1019_Masson-2.czi,AE-biomaGUNE-1019,,Marta,1019,162,ID162I_1019_Masson-2.czi,tissue,CELL_ID162I_1019_Masson-2.czi,Historical drive ingest 2026 (drive3_MJesus-MFB); project / researcher / operator / subject decided per file before ingest (tasks/drive3_czi_gate.md). Claim: CONFIRMED.,e918578da37f5c00657490fe2c50862c15cf91dde00db466d2ce6d3d0941f872,CONFIRMED,,
drive3_MJesus-MFB/Microscopio/CELL OBS MARTA/Masson_1019_MJS/ID162I_1019_Masson-3.czi,AE-biomaGUNE-1019,,Marta,1019,162,ID162I_1019_Masson-3.czi,tissue,CELL_ID162I_1019_Masson-3.czi,Historical drive ingest 2026 (drive3_MJesus-MFB); project / researcher / operator / subject decided per file before ingest (tasks/drive3_czi_gate.md). Claim: CONFIRMED.,b18420f2fee97c737f925fbc1b973747ee59441bf9b68f135cae5c96a09f6285,CONFIRMED,,
drive3_MJesus-MFB/Microscopio/CELL OBS MARTA/Masson_1019_MJS/ID162I_1019_Masson-4.czi,AE-biomaGUNE-1019,,Marta,1019,162,ID162I_1019_Masson-4.czi,tissue,CELL_ID162I_1019_Masson-4.czi,Historical drive ingest 2026 (drive3_MJesus-MFB); project / researcher / operator / subject decided per file before ingest (tasks/drive3_czi_gate.md). Claim: CONFIRMED.,5da93bacb3cf7e22dd15789137133072fc20da01cf4cee7e4760fadf8167fadb,CONFIRMED,,
drive3_MJesus-MFB/Microscopio/CELL OBS MARTA/Masson_1019_MJS/ID162I_1019_Masson-5.czi,AE-biomaGUNE-1019,,Marta,1019,162,ID162I_1019_Masson-5.czi,tissue,CELL_ID162I_1019_Masson-5.czi,Historical drive ingest 2026 (drive3_MJesus-MFB); project / researcher / operator / subject decided per file before ingest (tasks/drive3_czi_gate.md). Claim: CONFIRMED.,4ae5496cebd6269e99372b1f12fe284ddf52bbdc9ba6cf92b2b4e72173fa9f75,CONFIRMED,,
drive3_MJesus-MFB/Microscopio/CELL OBS MARTA/Masson_1019_MJS/ID162I_1019_Masson-6.czi,AE-biomaGUNE-1019,,Marta,1019,162,ID162I_1019_Masson-6.czi,tissue,CELL_ID162I_1019_Masson-6.czi,Historical drive ingest 2026 (drive3_MJesus-MFB); project / researcher / operator / subject decided per file before ingest (tasks/drive3_czi_gate.md). Claim: CONFIRMED.,cedb82a841b79f9f8a91bff78c7f681dc83f1a9ed45efb7fd2c79353b99fcbf1,CONFIRMED,,
drive3_MJesus-MFB/Microscopio/CELL OBS MARTA/Masson_1019_MJS/ID162I_1019_Masson-7.czi,AE-biomaGUNE-1019,,Marta,1019,162,ID162I_1019_Masson-7.czi,tissue,CELL_ID162I_1019_Masson-7.czi,Historical drive ingest 2026 (drive3_MJesus-MFB); project / researcher / operator / subject decided per file before ingest (tasks/drive3_czi_gate.md). Claim: CONFIRMED.,6cef5fe4a40d3d6c9077eec9fe346700806df9e7d41feb0c092dc587f0c829c2,CONFIRMED,,
drive3_MJesus-MFB/Microscopio/CELL OBS MARTA/Masson_1019_MJS/ID162I_1019_Masson-8.czi,AE-biomaGUNE-1019,,Marta,1019,162,ID162I_1019_Masson-8.czi,tissue,CELL_ID162I_1019_Masson-8.czi,Historical drive ingest 2026 (drive3_MJesus-MFB); project / researcher / operator / subject decided per file before ingest (tasks/drive3_czi_gate.md). Claim: CONFIRMED.,0f369d126e7d7f6d45c8d94275856866971ce5a961966b6cdb2f9d976c3b562c,CONFIRMED,,
drive3_MJesus-MFB/Microscopio/CELL OBS MARTA/Masson_1019_MJS/ID162I_1019_Masson-9.czi,AE-biomaGUNE-1019,,Marta,1019,162,ID162I_1019_Masson-9.czi,tissue,CELL_ID162I_1019_Masson-9.czi,Historical drive ingest 2026 (drive3_MJesus-MFB); project / researcher / operator / subject decided per file before ingest (tasks/drive3_czi_gate.md). Claim: CONFIRMED.,a0d17dc82b833f66bfaa0adaddab0f6551ba3ec807234790fff159e1f5f80f86,CONFIRMED,,
drive3_MJesus-MFB/Microscopio/CELL OBS MARTA/Masson_1019_MJS/ID167I_1019_Masson-1.czi,AE-biomaGUNE-1019,,Marta,1019,167,ID167I_1019_Masson-1.czi,tissue,CELL_ID167I_1019_Masson-1.czi,Historical drive ingest 2026 (drive3_MJesus-MFB); project / researcher / operator / subject decided per file before ingest (tasks/drive3_czi_gate.md). Claim: CONFIRMED.,34ce102c31d4016842f071d2c0e557391544795603b52089b2b89ef23006d90b,CONFIRMED,,
drive3_MJesus-MFB/Microscopio/CELL OBS MARTA/Masson_1019_MJS/ID167I_1019_Masson-10.czi,AE-biomaGUNE-1019,,Marta,1019,167,ID167I_1019_Masson-10.czi,tissue,CELL_ID167I_1019_Masson-10.czi,Historical drive ingest 2026 (drive3_MJesus-MFB); project / researcher / operator / subject decided per file before ingest (tasks/drive3_czi_gate.md). Claim: CONFIRMED.,57ce0c66c9bddc77dbad8c0f14025068c0fbe3d665ca87364ce75a8c7cd2236f,CONFIRMED,,
drive3_MJesus-MFB/Microscopio/CELL OBS MARTA/Masson_1019_MJS/ID167I_1019_Masson-11.czi,AE-biomaGUNE-1019,,Marta,1019,167,ID167I_1019_Masson-11.czi,tissue,CELL_ID167I_1019_Masson-11.czi,Historical drive ingest 2026 (drive3_MJesus-MFB); project / researcher / operator / subject decided per file before ingest (tasks/drive3_czi_gate.md). Claim: CONFIRMED.,bbefc488863af218dab2dd2de50c0d3c1a4c62748b94d8f3a01e68c401c88340,CONFIRMED,,
drive3_MJesus-MFB/Microscopio/CELL OBS MARTA/Masson_1019_MJS/ID167I_1019_Masson-12.czi,AE-biomaGUNE-1019,,Marta,1019,167,ID167I_1019_Masson-12.czi,tissue,CELL_ID167I_1019_Masson-12.czi,Historical drive ingest 2026 (drive3_MJesus-MFB); project / researcher / operator / subject decided per file before ingest (tasks/drive3_czi_gate.md). Claim: CONFIRMED.,b67ef8976fdf4e5d172842ca21a4d6915abd8bee2160d2d2ca1f0e2e38f3aa03,CONFIRMED,,
drive3_MJesus-MFB/Microscopio/CELL OBS MARTA/Masson_1019_MJS/ID167I_1019_Masson-13.czi,AE-biomaGUNE-1019,,Marta,1019,167,ID167I_1019_Masson-13.czi,tissue,CELL_ID167I_1019_Masson-13.czi,Historical drive ingest 2026 (drive3_MJesus-MFB); project / researcher / operator / subject decided per file before ingest (tasks/drive3_czi_gate.md). Claim: CONFIRMED.,542398ffb79ec869123334b0dd94c9a607e899f423f78175ec66dd514dbb1762,CONFIRMED,,
drive3_MJesus-MFB/Microscopio/CELL OBS MARTA/Masson_1019_MJS/ID167I_1019_Masson-2.czi,AE-biomaGUNE-1019,,Marta,1019,167,ID167I_1019_Masson-2.czi,tissue,CELL_ID167I_1019_Masson-2.czi,Historical drive ingest 2026 (drive3_MJesus-MFB); project / researcher / operator / subject decided per file before ingest (tasks/drive3_czi_gate.md). Claim: CONFIRMED.,27730afb40f4603ce087f80a7aba4cab99f34dad3cd4e4c8fc28d2da9cb304e5,CONFIRMED,,
drive3_MJesus-MFB/Microscopio/CELL OBS MARTA/Masson_1019_MJS/ID167I_1019_Masson-3.czi,AE-biomaGUNE-1019,,Marta,1019,167,ID167I_1019_Masson-3.czi,tissue,CELL_ID167I_1019_Masson-3.czi,Historical drive ingest 2026 (drive3_MJesus-MFB); project / researcher / operator / subject decided per file before ingest (tasks/drive3_czi_gate.md). Claim: CONFIRMED.,bafbe8ba3f966797b1ffa3e181e592e6c913a13f603b19275145062c9ed51813,CONFIRMED,,
drive3_MJesus-MFB/Microscopio/CELL OBS MARTA/Masson_1019_MJS/ID167I_1019_Masson-4.czi,AE-biomaGUNE-1019,,Marta,1019,167,ID167I_1019_Masson-4.czi,tissue,CELL_ID167I_1019_Masson-4.czi,Historical drive ingest 2026 (drive3_MJesus-MFB); project / researcher / operator / subject decided per file before ingest (tasks/drive3_czi_gate.md). Claim: CONFIRMED.,c705555faaebc4a8f1e0e7f4809d4d4d347e277b695bb7de93f211c1296ea10b,CONFIRMED,,
drive3_MJesus-MFB/Microscopio/CELL OBS MARTA/Masson_1019_MJS/ID167I_1019_Masson-5.czi,AE-biomaGUNE-1019,,Marta,1019,167,ID167I_1019_Masson-5.czi,tissue,CELL_ID167I_1019_Masson-5.czi,Historical drive ingest 2026 (drive3_MJesus-MFB); project / researcher / operator / subject decided per file before ingest (tasks/drive3_czi_gate.md). Claim: CONFIRMED.,559432ad6107be17b0c883fdba3f5d8ac32d7c3733b0d9b58be254fd08e16adb,CONFIRMED,,
drive3_MJesus-MFB/Microscopio/CELL OBS MARTA/Masson_1019_MJS/ID167I_1019_Masson-6.czi,AE-biomaGUNE-1019,,Marta,1019,167,ID167I_1019_Masson-6.czi,tissue,CELL_ID167I_1019_Masson-6.czi,Historical drive ingest 2026 (drive3_MJesus-MFB); project / researcher / operator / subject decided per file before ingest (tasks/drive3_czi_gate.md). Claim: CONFIRMED.,7f9fa94dd9e37c566806f3edb134dd9cea32df35d63000fb1d9ca1cc340a8c7e,CONFIRMED,,
drive3_MJesus-MFB/Microscopio/CELL OBS MARTA/Masson_1019_MJS/ID167I_1019_Masson-7.czi,AE-biomaGUNE-1019,,Marta,1019,167,ID167I_1019_Masson-7.czi,tissue,CELL_ID167I_1019_Masson-7.czi,Historical drive ingest 2026 (drive3_MJesus-MFB); project / researcher / operator / subject decided per file before ingest (tasks/drive3_czi_gate.md). Claim: CONFIRMED.,0ca090fe8cb715bbf682ed91c8a5d1c79adb1c58bad3d4952b3bdb070b3777a8,CONFIRMED,,
drive3_MJesus-MFB/Microscopio/CELL OBS MARTA/Masson_1019_MJS/ID167I_1019_Masson-8.czi,AE-biomaGUNE-1019,,Marta,1019,167,ID167I_1019_Masson-8.czi,tissue,CELL_ID167I_1019_Masson-8.czi,Historical drive ingest 2026 (drive3_MJesus-MFB); project / researcher / operator / subject decided per file before ingest (tasks/drive3_czi_gate.md). Claim: CONFIRMED.,444dc47009215a0b8c49145c852b54918e8cb73f45be9213dfd7bca6b5b29e6f,CONFIRMED,,
drive3_MJesus-MFB/Microscopio/CELL OBS MARTA/Masson_1019_MJS/ID167I_1019_Masson-9.czi,AE-biomaGUNE-1019,,Marta,1019,167,ID167I_1019_Masson-9.czi,tissue,CELL_ID167I_1019_Masson-9.czi,Historical drive ingest 2026 (drive3_MJesus-MFB); project / researcher / operator / subject decided per file before ingest (tasks/drive3_czi_gate.md). Claim: CONFIRMED.,cdb926baca916a258a5cc0019aae15674bb166d5c709cd8e0381d4d675af99ff,CONFIRMED,,
drive3_MJesus-MFB/Microscopio/CELL OBS MARTA/Masson_1019_MJS/ID168I_1019_Masson-1.czi,AE-biomaGUNE-1019,,Marta,1019,168,ID168I_1019_Masson-1.czi,tissue,CELL_ID168I_1019_Masson-1.czi,Historical drive ingest 2026 (drive3_MJesus-MFB); project / researcher / operator / subject decided per file before ingest (tasks/drive3_czi_gate.md). Claim: CONFIRMED.,000eb61cc5dab26dd8202ef90345bb52e6f7da24b5f4a50200ee53e951052f02,CONFIRMED,,
drive3_MJesus-MFB/Microscopio/CELL OBS MARTA/Masson_1019_MJS/ID168I_1019_Masson-10.czi,AE-biomaGUNE-1019,,Marta,1019,168,ID168I_1019_Masson-10.czi,tissue,CELL_ID168I_1019_Masson-10.czi,Historical drive ingest 2026 (drive3_MJesus-MFB); project / researcher / operator / subject decided per file before ingest (tasks/drive3_czi_gate.md). Claim: CONFIRMED.,8fa174d3a9d4d8656ed197c984828907b6169dde761f93752b5cab12ea4c5332,CONFIRMED,,
drive3_MJesus-MFB/Microscopio/CELL OBS MARTA/Masson_1019_MJS/ID168I_1019_Masson-11.czi,AE-biomaGUNE-1019,,Marta,1019,168,ID168I_1019_Masson-11.czi,tissue,CELL_ID168I_1019_Masson-11.czi,Historical drive ingest 2026 (drive3_MJesus-MFB); project / researcher / operator / subject decided per file before ingest (tasks/drive3_czi_gate.md). Claim: CONFIRMED.,97226daaca79dd44ca9cf42935312a852919b9c850434b82cf554f1b299b0922,CONFIRMED,,
drive3_MJesus-MFB/Microscopio/CELL OBS MARTA/Masson_1019_MJS/ID168I_1019_Masson-12.czi,AE-biomaGUNE-1019,,Marta,1019,168,ID168I_1019_Masson-12.czi,tissue,CELL_ID168I_1019_Masson-12.czi,Historical drive ingest 2026 (drive3_MJesus-MFB); project / researcher / operator / subject decided per file before ingest (tasks/drive3_czi_gate.md). Claim: CONFIRMED.,b7b0163be405e9850bd31c2380ee5e3c595ba6623087e8ece9f0095e2b3f7e69,CONFIRMED,,
drive3_MJesus-MFB/Microscopio/CELL OBS MARTA/Masson_1019_MJS/ID168I_1019_Masson-2.czi,AE-biomaGUNE-1019,,Marta,1019,168,ID168I_1019_Masson-2.czi,tissue,CELL_ID168I_1019_Masson-2.czi,Historical drive ingest 2026 (drive3_MJesus-MFB); project / researcher / operator / subject decided per file before ingest (tasks/drive3_czi_gate.md). Claim: CONFIRMED.,1ac20d88a5eb6aa8b2558bff9d159f6f03aeb4b1c2c00bbda67b119e4a10cc3c,CONFIRMED,,
drive3_MJesus-MFB/Microscopio/CELL OBS MARTA/Masson_1019_MJS/ID168I_1019_Masson-3.czi,AE-biomaGUNE-1019,,Marta,1019,168,ID168I_1019_Masson-3.czi,tissue,CELL_ID168I_1019_Masson-3.czi,Historical drive ingest 2026 (drive3_MJesus-MFB); project / researcher / operator / subject decided per file before ingest (tasks/drive3_czi_gate.md). Claim: CONFIRMED.,16256da7ab003e53331d8e9f270f6598a99a1e708a1be5b3e6698c00b8f2f3f9,CONFIRMED,,
drive3_MJesus-MFB/Microscopio/CELL OBS MARTA/Masson_1019_MJS/ID168I_1019_Masson-4.czi,AE-biomaGUNE-1019,,Marta,1019,168,ID168I_1019_Masson-4.czi,tissue,CELL_ID168I_1019_Masson-4.czi,Historical drive ingest 2026 (drive3_MJesus-MFB); project / researcher / operator / subject decided per file before ingest (tasks/drive3_czi_gate.md). Claim: CONFIRMED.,55111b40ae8d2631eaaf67aa880f2768b49e725f44ecc373376f047d37801ced,CONFIRMED,,
drive3_MJesus-MFB/Microscopio/CELL OBS MARTA/Masson_1019_MJS/ID168I_1019_Masson-5.czi,AE-biomaGUNE-1019,,Marta,1019,168,ID168I_1019_Masson-5.czi,tissue,CELL_ID168I_1019_Masson-5.czi,Historical drive ingest 2026 (drive3_MJesus-MFB); project / researcher / operator / subject decided per file before ingest (tasks/drive3_czi_gate.md). Claim: CONFIRMED.,64ce9a8e714f98113f02956bb07472e356a49d538fe5beb9f7031d9990b411da,CONFIRMED,,
drive3_MJesus-MFB/Microscopio/CELL OBS MARTA/Masson_1019_MJS/ID168I_1019_Masson-6.czi,AE-biomaGUNE-1019,,Marta,1019,168,ID168I_1019_Masson-6.czi,tissue,CELL_ID168I_1019_Masson-6.czi,Historical drive ingest 2026 (drive3_MJesus-MFB); project / researcher / operator / subject decided per file before ingest (tasks/drive3_czi_gate.md). Claim: CONFIRMED.,60cb57f1440486de534b1e60d011f30b29483d720f48914b199db065991b454c,CONFIRMED,,
drive3_MJesus-MFB/Microscopio/CELL OBS MARTA/Masson_1019_MJS/ID168I_1019_Masson-7.czi,AE-biomaGUNE-1019,,Marta,1019,168,ID168I_1019_Masson-7.czi,tissue,CELL_ID168I_1019_Masson-7.czi,Historical drive ingest 2026 (drive3_MJesus-MFB); project / researcher / operator / subject decided per file before ingest (tasks/drive3_czi_gate.md). Claim: CONFIRMED.,a1ddd93159fc207509c137c13cbe334fb1af583b090ffec74036b386c2ddc841,CONFIRMED,,
drive3_MJesus-MFB/Microscopio/CELL OBS MARTA/Masson_1019_MJS/ID168I_1019_Masson-8.czi,AE-biomaGUNE-1019,,Marta,1019,168,ID168I_1019_Masson-8.czi,tissue,CELL_ID168I_1019_Masson-8.czi,Historical drive ingest 2026 (drive3_MJesus-MFB); project / researcher / operator / subject decided per file before ingest (tasks/drive3_czi_gate.md). Claim: CONFIRMED.,9c86d68dce4f82ca1f6980bbb503e14b62782663814023880f5deb9ee25155fc,CONFIRMED,,
drive3_MJesus-MFB/Microscopio/CELL OBS MARTA/Masson_1019_MJS/ID168I_1019_Masson-9.czi,AE-biomaGUNE-1019,,Marta,1019,168,ID168I_1019_Masson-9.czi,tissue,CELL_ID168I_1019_Masson-9.czi,Historical drive ingest 2026 (drive3_MJesus-MFB); project / researcher / operator / subject decided per file before ingest (tasks/drive3_czi_gate.md). Claim: CONFIRMED.,8efbc6bd9b7332e08f673c9b37ee1c88110588d995db100aa70a670e11c03bc0,CONFIRMED,,
drive3_MJesus-MFB/Microscopio/CELL OBS MARTA/Masson_1019_MJS/ID169I_1019_Masson-1.czi,AE-biomaGUNE-1019,,Marta,1019,169,ID169I_1019_Masson-1.czi,tissue,CELL_ID169I_1019_Masson-1.czi,Historical drive ingest 2026 (drive3_MJesus-MFB); project / researcher / operator / subject decided per file before ingest (tasks/drive3_czi_gate.md). Claim: CONFIRMED.,aab159f572f1c99f659b044b1bd444da4746f035b9342bf205dc1ab354826fcb,CONFIRMED,,
drive3_MJesus-MFB/Microscopio/CELL OBS MARTA/Masson_1019_MJS/ID169I_1019_Masson-10.czi,AE-biomaGUNE-1019,,Marta,1019,169,ID169I_1019_Masson-10.czi,tissue,CELL_ID169I_1019_Masson-10.czi,Historical drive ingest 2026 (drive3_MJesus-MFB); project / researcher / operator / subject decided per file before ingest (tasks/drive3_czi_gate.md). Claim: CONFIRMED.,7fa3dd6158a43f4adcb7272cf577ddb75c37cd47913149769c4f45a82134d4dc,CONFIRMED,,
drive3_MJesus-MFB/Microscopio/CELL OBS MARTA/Masson_1019_MJS/ID169I_1019_Masson-2.czi,AE-biomaGUNE-1019,,Marta,1019,169,ID169I_1019_Masson-2.czi,tissue,CELL_ID169I_1019_Masson-2.czi,Historical drive ingest 2026 (drive3_MJesus-MFB); project / researcher / operator / subject decided per file before ingest (tasks/drive3_czi_gate.md). Claim: CONFIRMED.,e9c8ae31181c9e71699df90952bd01e073617623734c502e5380816f5aa64689,CONFIRMED,,
drive3_MJesus-MFB/Microscopio/CELL OBS MARTA/Masson_1019_MJS/ID169I_1019_Masson-3.czi,AE-biomaGUNE-1019,,Marta,1019,169,ID169I_1019_Masson-3.czi,tissue,CELL_ID169I_1019_Masson-3.czi,Historical drive ingest 2026 (drive3_MJesus-MFB); project / researcher / operator / subject decided per file before ingest (tasks/drive3_czi_gate.md). Claim: CONFIRMED.,951553e7fd97c4c597522eb701440bfcb412d389b5828bd47dbd59c5c1f6c6dc,CONFIRMED,,
drive3_MJesus-MFB/Microscopio/CELL OBS MARTA/Masson_1019_MJS/ID169I_1019_Masson-4.czi,AE-biomaGUNE-1019,,Marta,1019,169,ID169I_1019_Masson-4.czi,tissue,CELL_ID169I_1019_Masson-4.czi,Historical drive ingest 2026 (drive3_MJesus-MFB); project / researcher / operator / subject decided per file before ingest (tasks/drive3_czi_gate.md). Claim: CONFIRMED.,94271962ca998e1d493fbcfc030941b91239cde7d03c96a7d79cacafaf1077a8,CONFIRMED,,
drive3_MJesus-MFB/Microscopio/CELL OBS MARTA/Masson_1019_MJS/ID169I_1019_Masson-5.czi,AE-biomaGUNE-1019,,Marta,1019,169,ID169I_1019_Masson-5.czi,tissue,CELL_ID169I_1019_Masson-5.czi,Historical drive ingest 2026 (drive3_MJesus-MFB); project / researcher / operator / subject decided per file before ingest (tasks/drive3_czi_gate.md). Claim: CONFIRMED.,99bf3e51686fe681dcad3178cd41c7c47e02cfc270a105fffc222a7286fcbaa2,CONFIRMED,,
drive3_MJesus-MFB/Microscopio/CELL OBS MARTA/Masson_1019_MJS/ID169I_1019_Masson-6.czi,AE-biomaGUNE-1019,,Marta,1019,169,ID169I_1019_Masson-6.czi,tissue,CELL_ID169I_1019_Masson-6.czi,Historical drive ingest 2026 (drive3_MJesus-MFB); project / researcher / operator / subject decided per file before ingest (tasks/drive3_czi_gate.md). Claim: CONFIRMED.,139f60221d4e1e73edb0cda350146f6553e7d20931d135a58fae43dc8d838ba4,CONFIRMED,,
drive3_MJesus-MFB/Microscopio/CELL OBS MARTA/Masson_1019_MJS/ID169I_1019_Masson-7.czi,AE-biomaGUNE-1019,,Marta,1019,169,ID169I_1019_Masson-7.czi,tissue,CELL_ID169I_1019_Masson-7.czi,Historical drive ingest 2026 (drive3_MJesus-MFB); project / researcher / operator / subject decided per file before ingest (tasks/drive3_czi_gate.md). Claim: CONFIRMED.,138de4fc85a7a6e665d091d1df71e2ffe99567d71164e8457cc43f57bd45fa1c,CONFIRMED,,
drive3_MJesus-MFB/Microscopio/CELL OBS MARTA/Masson_1019_MJS/ID169I_1019_Masson-8.czi,AE-biomaGUNE-1019,,Marta,1019,169,ID169I_1019_Masson-8.czi,tissue,CELL_ID169I_1019_Masson-8.czi,Historical drive ingest 2026 (drive3_MJesus-MFB); project / researcher / operator / subject decided per file before ingest (tasks/drive3_czi_gate.md). Claim: CONFIRMED.,4be1353eb358676e07d349bae75cf064b0d64e1147e5734251da8a5a04748f58,CONFIRMED,,
drive3_MJesus-MFB/Microscopio/CELL OBS MARTA/Masson_1019_MJS/ID169I_1019_Masson-9.czi,AE-biomaGUNE-1019,,Marta,1019,169,ID169I_1019_Masson-9.czi,tissue,CELL_ID169I_1019_Masson-9.czi,Historical drive ingest 2026 (drive3_MJesus-MFB); project / researcher / operator / subject decided per file before ingest (tasks/drive3_czi_gate.md). Claim: CONFIRMED.,fa0358062cadd20f79e71d845badf1b8d959f6ca5077c365894ff2d62cc7b426,CONFIRMED,,
drive3_MJesus-MFB/Microscopio/CELL OBS MARTA/PR_0522_MJS_Paper aging/ID162_1019_PR.czi,AE-biomaGUNE-1019,,Marta,1019,162,ID162_1019_PR.czi,tissue,CELL_ID162_1019_PR.czi,Historical drive ingest 2026 (drive3_MJesus-MFB); project / researcher / operator / subject decided per file before ingest (tasks/drive3_czi_gate.md). Claim: CONFIRMED.,1afc412ea5382e6097b15c8ba9d093631fbf06f461daa5f2d6b639a720ebe65e,CONFIRMED,,
drive3_MJesus-MFB/Microscopio/CELL OBS MARTA/PR_0522_MJS_Paper aging/ID162_1019_PR_POL.czi,AE-biomaGUNE-1019,,Marta,1019,162,ID162_1019_PR_POL.czi,tissue,CELL_ID162_1019_PR_POL.czi,Historical drive ingest 2026 (drive3_MJesus-MFB); project / researcher / operator / subject decided per file before ingest (tasks/drive3_czi_gate.md). Claim: CONFIRMED.,b3d0ce12675f2482a8e4f22ae0cbb97e704bbe98deeac872492fe0d77a72920b,CONFIRMED,,
drive3_MJesus-MFB/Microscopio/CELL OBS MARTA/PR_0522_MJS_Paper aging/ID167_1019_PR.czi,AE-biomaGUNE-1019,,Marta,1019,167,ID167_1019_PR.czi,tissue,CELL_ID167_1019_PR.czi,Historical drive ingest 2026 (drive3_MJesus-MFB); project / researcher / operator / subject decided per file before ingest (tasks/drive3_czi_gate.md). Claim: CONFIRMED.,87b48e6f14bc85381ec2ba2155a4ba86a662399a44f61c12bdfd15961efbe127,CONFIRMED,,
drive3_MJesus-MFB/Microscopio/CELL OBS MARTA/PR_0522_MJS_Paper aging/ID167_1019_PR_POL.czi,AE-biomaGUNE-1019,,Marta,1019,167,ID167_1019_PR_POL.czi,tissue,CELL_ID167_1019_PR_POL.czi,Historical drive ingest 2026 (drive3_MJesus-MFB); project / researcher / operator / subject decided per file before ingest (tasks/drive3_czi_gate.md). Claim: CONFIRMED.,6fab0e1b6920fa23afa3e06a8c893e8d4b2cab2eeb6e4b13d7d8fc2e3889dfb1,CONFIRMED,,
drive3_MJesus-MFB/Microscopio/CELL OBS MARTA/PR_0522_MJS_Paper aging/ID168_1019_PR.czi,AE-biomaGUNE-1019,,Marta,1019,168,ID168_1019_PR.czi,tissue,CELL_ID168_1019_PR.czi,Historical drive ingest 2026 (drive3_MJesus-MFB); project / researcher / operator / subject decided per file before ingest (tasks/drive3_czi_gate.md). Claim: CONFIRMED.,ca063ca3bc0b8e31ceba17a4b585a1bfcdfd04e746252fb1f7596bca8665927d,CONFIRMED,,
drive3_MJesus-MFB/Microscopio/CELL OBS MARTA/PR_0522_MJS_Paper aging/ID168_1019_PR_POL.czi,AE-biomaGUNE-1019,,Marta,1019,168,ID168_1019_PR_POL.czi,tissue,CELL_ID168_1019_PR_POL.czi,Historical drive ingest 2026 (drive3_MJesus-MFB); project / researcher / operator / subject decided per file before ingest (tasks/drive3_czi_gate.md). Claim: CONFIRMED.,c685deed7d6aa7f7fcfb5ad2e2cbdf947edccc952a426856d540bb78def7b485,CONFIRMED,,
drive3_MJesus-MFB/Microscopio/CELL OBS MARTA/PR_0522_MJS_Paper aging/ID169_1019_PR.czi,AE-biomaGUNE-1019,,Marta,1019,169,ID169_1019_PR.czi,tissue,CELL_ID169_1019_PR.czi,Historical drive ingest 2026 (drive3_MJesus-MFB); project / researcher / operator / subject decided per file before ingest (tasks/drive3_czi_gate.md). Claim: CONFIRMED.,e58cd9b69202175dc31b2414a328e5b210f795a83d1c3b17b6c733944b9c7f08,CONFIRMED,,
drive3_MJesus-MFB/Microscopio/CELL OBS MARTA/PR_0522_MJS_Paper aging/ID169_1019_PR_POL.czi,AE-biomaGUNE-1019,,Marta,1019,169,ID169_1019_PR_POL.czi,tissue,CELL_ID169_1019_PR_POL.czi,Historical drive ingest 2026 (drive3_MJesus-MFB); project / researcher / operator / subject decided per file before ingest (tasks/drive3_czi_gate.md). Claim: CONFIRMED.,f2b366c5379380e922bc95eac0b7dc27c99241f93f10949ba20647f1dedfc72b,CONFIRMED,,
drive3_MJesus-MFB/Microscopio/Microscopio- MJesus Sanchez 2023/Female Diets/2-2DG female 0619/5- 2DG female 0619 - PR/Lung/R785lungPOL.czi,AE-biomaGUNE-0619,MJ,,,,R785lungPOL.czi,,CELL_R785lungPOL.czi,Historical drive ingest 2026 (drive3_MJesus-MFB); project / researcher / operator / subject decided per file before ingest (tasks/drive3_czi_gate.md). Claim: CONFIRMED; shares its acquisition second with 1 other file(s): the pixel check found no copy relation (another scene of the acquisition).,3ba767e9727207a0d218dcb7333bf7a67f38665f1d5680675405376353169b90,CONFIRMED,CELL|2022-04-29T11:10:52,2
drive3_MJesus-MFB/Microscopio/Microscopio- MJesus Sanchez 2023/Female Diets/2-2DG female 0619/5- 2DG female 0619 - PR/Lung/R786lung.czi,AE-biomaGUNE-0619,MJ,,,,R786lung.czi,,CELL_R786lung.czi,Historical drive ingest 2026 (drive3_MJesus-MFB); project / researcher / operator / subject decided per file before ingest (tasks/drive3_czi_gate.md). Claim: CONFIRMED; shares its acquisition second with 1 other file(s): the pixel check found no copy relation (another scene of the acquisition).,91b7d51c3dc970f35208cf4ce4e5b7d0f03194ea973218230f25238ecd922ad6,CONFIRMED,CELL|2022-04-29T11:32:42,2
drive3_MJesus-MFB/Microscopio/Microscopio- MJesus Sanchez 2023/Female Diets/2-2DG female 0619/5- 2DG female 0619 - PR/Lung/R786lungPOL.czi,AE-biomaGUNE-0619,MJ,,,,R786lungPOL.czi,,CELL_R786lungPOL.czi,Historical drive ingest 2026 (drive3_MJesus-MFB); project / researcher / operator / subject decided per file before ingest (tasks/drive3_czi_gate.md). Claim: CONFIRMED; shares its acquisition second with 1 other file(s): the pixel check found no copy relation (another scene of the acquisition).,6a756663925128f4157bcd9d625a5140ba367cee1fe890c9be365d55d8231834,CONFIRMED,CELL|2022-04-29T11:35:20,2
drive3_MJesus-MFB/Microscopio/Microscopio- MJesus Sanchez 2023/Female Diets/2-2DG female 0619/5- 2DG female 0619 - PR/Lung/R787lung.czi,AE-biomaGUNE-0619,MJ,,,,R787lung.czi,,CELL_R787lung.czi,Historical drive ingest 2026 (drive3_MJesus-MFB); project / researcher / operator / subject decided per file before ingest (tasks/drive3_czi_gate.md). Claim: CONFIRMED; shares its acquisition second with 1 other file(s): the pixel check found no copy relation (another scene of the acquisition).,a0af173354c14c24e5839549f8a1ae0fc9b14054c4acb718e6e72f349ff1c79e,CONFIRMED,CELL|2022-05-03T08:14:59,2
drive3_MJesus-MFB/Microscopio/Microscopio- MJesus Sanchez 2023/Female Diets/2-2DG female 0619/5- 2DG female 0619 - PR/Lung/R787lungPOL.czi,AE-biomaGUNE-0619,MJ,,,,R787lungPOL.czi,,CELL_R787lungPOL.czi,Historical drive ingest 2026 (drive3_MJesus-MFB); project / researcher / operator / subject decided per file before ingest (tasks/drive3_czi_gate.md). Claim: CONFIRMED; shares its acquisition second with 1 other file(s): the pixel check found no copy relation (another scene of the acquisition).,4e4725d8b0b310adb7ce2098dc4271c15034cb558607669dd84759bd057ae459,CONFIRMED,CELL|2022-05-03T08:18:45,2
drive3_MJesus-MFB/Microscopio/Microscopio- MJesus Sanchez 2023/Female Diets/2-2DG female 0619/5- 2DG female 0619 - PR/Lung/R788lung.czi,AE-biomaGUNE-0619,MJ,,,,R788lung.czi,,CELL_R788lung.czi,Historical drive ingest 2026 (drive3_MJesus-MFB); project / researcher / operator / subject decided per file before ingest (tasks/drive3_czi_gate.md). Claim: CONFIRMED; shares its acquisition second with 1 other file(s): the pixel check found no copy relation (another scene of the acquisition).,56afd8e7483cb58b3a92ccdc58129327a23511cdbbc43ba50c2bd28f448206f8,CONFIRMED,CELL|2022-05-03T08:37:49,2
drive3_MJesus-MFB/Microscopio/Microscopio- MJesus Sanchez 2023/Female Diets/2-2DG female 0619/5- 2DG female 0619 - PR/Lung/R788lungPOL.czi,AE-biomaGUNE-0619,MJ,,,,R788lungPOL.czi,,CELL_R788lungPOL.czi,Historical drive ingest 2026 (drive3_MJesus-MFB); project / researcher / operator / subject decided per file before ingest (tasks/drive3_czi_gate.md). Claim: CONFIRMED; shares its acquisition second with 1 other file(s): the pixel check found no copy relation (another scene of the acquisition).,4c0f08b3bca121401500d81b357948031fb25149dc9196b029e782bcacc77b2c,CONFIRMED,CELL|2022-05-03T08:41:12,2
drive3_MJesus-MFB/Microscopio/Microscopio- MJesus Sanchez 2023/Female Diets/2-2DG female 0619/5- 2DG female 0619 - PR/Lung/R789lung.czi,AE-biomaGUNE-0619,MJ,,,,R789lung.czi,,CELL_R789lung.czi,Historical drive ingest 2026 (drive3_MJesus-MFB); project / researcher / operator / subject decided per file before ingest (tasks/drive3_czi_gate.md). Claim: CONFIRMED; shares its acquisition second with 1 other file(s): the pixel check found no copy relation (another scene of the acquisition).,85504f87e172f1beb5edf834122a495dfca96997045f7ca1b73c9a729852881e,CONFIRMED,CELL|2022-05-03T09:10:19,2
drive3_MJesus-MFB/Microscopio/Microscopio- MJesus Sanchez 2023/Female Diets/2-2DG female 0619/5- 2DG female 0619 - PR/Lung/R789lungPOL.czi,AE-biomaGUNE-0619,MJ,,,,R789lungPOL.czi,,CELL_R789lungPOL.czi,Historical drive ingest 2026 (drive3_MJesus-MFB); project / researcher / operator / subject decided per file before ingest (tasks/drive3_czi_gate.md). Claim: CONFIRMED; shares its acquisition second with 1 other file(s): the pixel check found no copy relation (another scene of the acquisition).,528dca5a6c88ee3482a77ac52aca6e84962033aa01fd4780ed574e8c0487caf7,CONFIRMED,CELL|2022-05-03T09:17:44,2
drive3_MJesus-MFB/Microscopio/Microscopio- MJesus Sanchez 2023/Female Diets/2-2DG female 0619/5- 2DG female 0619 - PR/Lung/R790lung.czi,AE-biomaGUNE-0619,MJ,,,,R790lung.czi,,CELL_R790lung.czi,Historical drive ingest 2026 (drive3_MJesus-MFB); project / researcher / operator / subject decided per file before ingest (tasks/drive3_czi_gate.md). Claim: CONFIRMED; shares its acquisition second with 1 other file(s): the pixel check found no copy relation (another scene of the acquisition).,ca92c88a95d807acddae89f3a930629e15881d29ed1c0d144b14d7e33b43e24b,CONFIRMED,CELL|2022-05-03T09:38:48,2
drive3_MJesus-MFB/Microscopio/Microscopio- MJesus Sanchez 2023/Female Diets/2-2DG female 0619/5- 2DG female 0619 - PR/Lung/R790lungPOL.czi,AE-biomaGUNE-0619,MJ,,,,R790lungPOL.czi,,CELL_R790lungPOL.czi,Historical drive ingest 2026 (drive3_MJesus-MFB); project / researcher / operator / subject decided per file before ingest (tasks/drive3_czi_gate.md). Claim: CONFIRMED; shares its acquisition second with 1 other file(s): the pixel check found no copy relation (another scene of the acquisition).,722ffcc58aca0dfa8af929e51c58e397ee998e42b6936cdca87bbcc9cb8ec6fb,CONFIRMED,CELL|2022-05-03T09:43:38,2
drive3_MJesus-MFB/Microscopio/Microscopio- MJesus Sanchez 2023/Female Diets/230516-8OHdGSMA-Female 0619 Diets/230516-8OHdGSMA-ID 187-Lung-20x-1.czi,AE-biomaGUNE-0619,MJ,,0619,187,230516-8OHdGSMA-ID 187-Lung-20x-1.czi,tissue,CELL_230516-8OHdGSMA-ID 187-Lung-20x-1.czi,Historical drive ingest 2026 (drive3_MJesus-MFB); project / researcher / operator / subject decided per file before ingest (tasks/drive3_czi_gate.md). Claim: CONFIRMED.,e1307816ec1e6d76e6c7d0282d33043688b33d05bfc81a70048646b7409df340,CONFIRMED,,
drive3_MJesus-MFB/Microscopio/Microscopio- MJesus Sanchez 2023/Female Diets/230516-8OHdGSMA-Female 0619 Diets/230516-8OHdGSMA-ID 187-Lung-20x-2.czi,AE-biomaGUNE-0619,MJ,,0619,187,230516-8OHdGSMA-ID 187-Lung-20x-2.czi,tissue,CELL_230516-8OHdGSMA-ID 187-Lung-20x-2.czi,Historical drive ingest 2026 (drive3_MJesus-MFB); project / researcher / operator / subject decided per file before ingest (tasks/drive3_czi_gate.md). Claim: CONFIRMED.,356c30e6bb7c655b5193bed23a3388778a8bdfbce4342e586325be98b84c1e6f,CONFIRMED,,
drive3_MJesus-MFB/Microscopio/Microscopio- MJesus Sanchez 2023/Female Diets/230516-8OHdGSMA-Female 0619 Diets/230516-8OHdGSMA-ID 187-Lung-20x-3.czi,AE-biomaGUNE-0619,MJ,,0619,187,230516-8OHdGSMA-ID 187-Lung-20x-3.czi,tissue,CELL_230516-8OHdGSMA-ID 187-Lung-20x-3.czi,Historical drive ingest 2026 (drive3_MJesus-MFB); project / researcher / operator / subject decided per file before ingest (tasks/drive3_czi_gate.md). Claim: CONFIRMED.,df2128ab37d75ca97a07b3dbb16aa51cf774e5b233a9b80937ec99c16cdc15c2,CONFIRMED,,
drive3_MJesus-MFB/Microscopio/Microscopio- MJesus Sanchez 2023/Female Diets/230516-8OHdGSMA-Female 0619 Diets/230516-8OHdGSMA-ID 187-Lung-20x-4.czi,AE-biomaGUNE-0619,MJ,,0619,187,230516-8OHdGSMA-ID 187-Lung-20x-4.czi,tissue,CELL_230516-8OHdGSMA-ID 187-Lung-20x-4.czi,Historical drive ingest 2026 (drive3_MJesus-MFB); project / researcher / operator / subject decided per file before ingest (tasks/drive3_czi_gate.md). Claim: CONFIRMED.,eae58c65ca85f57c3eed0ca29d543af5f108f6a035a36f9f3228961b05c950f5,CONFIRMED,,
drive3_MJesus-MFB/Microscopio/Microscopio- MJesus Sanchez 2023/Female Diets/230516-8OHdGSMA-Female 0619 Diets/230516-8OHdGSMA-ID 187-Lung-20x-5.czi,AE-biomaGUNE-0619,MJ,,0619,187,230516-8OHdGSMA-ID 187-Lung-20x-5.czi,tissue,CELL_230516-8OHdGSMA-ID 187-Lung-20x-5.czi,Historical drive ingest 2026 (drive3_MJesus-MFB); project / researcher / operator / subject decided per file before ingest (tasks/drive3_czi_gate.md). Claim: CONFIRMED.,92afd874681a139e854bcd1141753240bf789899521993f038b21367f62501a3,CONFIRMED,,
drive3_MJesus-MFB/Microscopio/Microscopio- MJesus Sanchez 2023/Female Diets/230516-8OHdGSMA-Female 0619 Diets/230516-8OHdGSMA-ID 187-Lung-20x-6.czi,AE-biomaGUNE-0619,MJ,,0619,187,230516-8OHdGSMA-ID 187-Lung-20x-6.czi,tissue,CELL_230516-8OHdGSMA-ID 187-Lung-20x-6.czi,Historical drive ingest 2026 (drive3_MJesus-MFB); project / researcher / operator / subject decided per file before ingest (tasks/drive3_czi_gate.md). Claim: CONFIRMED.,cea83164b578f386bf1bb91aaa4ff5261fc57443b8ea35a726b5972d9c808ae6,CONFIRMED,,
drive3_MJesus-MFB/Microscopio/Microscopio- MJesus Sanchez 2023/Female Diets/230516-8OHdGSMA-Female 0619 Diets/230516-8OHdGSMA-ID 187-Lung-20x-7.czi,AE-biomaGUNE-0619,MJ,,0619,187,230516-8OHdGSMA-ID 187-Lung-20x-7.czi,tissue,CELL_230516-8OHdGSMA-ID 187-Lung-20x-7.czi,Historical drive ingest 2026 (drive3_MJesus-MFB); project / researcher / operator / subject decided per file before ingest (tasks/drive3_czi_gate.md). Claim: CONFIRMED.,b7fbb4252fe4e62177ad7d90f1b96fa7bc0a1ef4733391f72c5930c17538c558,CONFIRMED,,
drive3_MJesus-MFB/Microscopio/Microscopio- MJesus Sanchez 2023/Female Diets/230516-8OHdGSMA-Female 0619 Diets/230516-8OHdGSMA-ID 187-Lung-20x-8.czi,AE-biomaGUNE-0619,MJ,,0619,187,230516-8OHdGSMA-ID 187-Lung-20x-8.czi,tissue,CELL_230516-8OHdGSMA-ID 187-Lung-20x-8.czi,Historical drive ingest 2026 (drive3_MJesus-MFB); project / researcher / operator / subject decided per file before ingest (tasks/drive3_czi_gate.md). Claim: CONFIRMED.,0506da931865f4fd0f24ec40c15fa6c9038fcb29d83856d6715fee371568dab2,CONFIRMED,,
drive3_MJesus-MFB/Microscopio/Microscopio- MJesus Sanchez 2023/Female Diets/230516-8OHdGSMA-Female 0619 Diets/230516-8OHdGSMA-ID 188-Lung-20x-1.czi,AE-biomaGUNE-0619,MJ,,0619,188,230516-8OHdGSMA-ID 188-Lung-20x-1.czi,tissue,CELL_230516-8OHdGSMA-ID 188-Lung-20x-1.czi,Historical drive ingest 2026 (drive3_MJesus-MFB); project / researcher / operator / subject decided per file before ingest (tasks/drive3_czi_gate.md). Claim: CONFIRMED.,d7aa1e2a7bd274d422fd730044ff03c08894625d23ecb6d33fca5d8d027f657d,CONFIRMED,,
drive3_MJesus-MFB/Microscopio/Microscopio- MJesus Sanchez 2023/Female Diets/230516-8OHdGSMA-Female 0619 Diets/230516-8OHdGSMA-ID 188-Lung-20x-2.czi,AE-biomaGUNE-0619,MJ,,0619,188,230516-8OHdGSMA-ID 188-Lung-20x-2.czi,tissue,CELL_230516-8OHdGSMA-ID 188-Lung-20x-2.czi,Historical drive ingest 2026 (drive3_MJesus-MFB); project / researcher / operator / subject decided per file before ingest (tasks/drive3_czi_gate.md). Claim: CONFIRMED.,c73ef6269b8ce5c280b05b7dea86842993457357b011ca6de22ffc0ff2fca100,CONFIRMED,,
drive3_MJesus-MFB/Microscopio/Microscopio- MJesus Sanchez 2023/Female Diets/230516-8OHdGSMA-Female 0619 Diets/230516-8OHdGSMA-ID 188-Lung-20x-3.czi,AE-biomaGUNE-0619,MJ,,0619,188,230516-8OHdGSMA-ID 188-Lung-20x-3.czi,tissue,CELL_230516-8OHdGSMA-ID 188-Lung-20x-3.czi,Historical drive ingest 2026 (drive3_MJesus-MFB); project / researcher / operator / subject decided per file before ingest (tasks/drive3_czi_gate.md). Claim: CONFIRMED.,78a8c4e20456fbe5c02b08736a46ba66e28154b26285aac839d19dc5a7d21f40,CONFIRMED,,
drive3_MJesus-MFB/Microscopio/Microscopio- MJesus Sanchez 2023/Female Diets/230516-8OHdGSMA-Female 0619 Diets/230516-8OHdGSMA-ID 188-Lung-20x-4.czi,AE-biomaGUNE-0619,MJ,,0619,188,230516-8OHdGSMA-ID 188-Lung-20x-4.czi,tissue,CELL_230516-8OHdGSMA-ID 188-Lung-20x-4.czi,Historical drive ingest 2026 (drive3_MJesus-MFB); project / researcher / operator / subject decided per file before ingest (tasks/drive3_czi_gate.md). Claim: CONFIRMED.,7708c1955487e158363be4a0a15f228a58a6ee8bd690e6fee1443e4037bc4b77,CONFIRMED,,
drive3_MJesus-MFB/Microscopio/Microscopio- MJesus Sanchez 2023/Female Diets/230516-8OHdGSMA-Female 0619 Diets/230516-8OHdGSMA-ID 188-Lung-20x-5.czi,AE-biomaGUNE-0619,MJ,,0619,188,230516-8OHdGSMA-ID 188-Lung-20x-5.czi,tissue,CELL_230516-8OHdGSMA-ID 188-Lung-20x-5.czi,Historical drive ingest 2026 (drive3_MJesus-MFB); project / researcher / operator / subject decided per file before ingest (tasks/drive3_czi_gate.md). Claim: CONFIRMED.,6eb0b8d0be23d8dbfd9c04974a9f41e7cb69266ed1b08bd4d3b5a84aacda849d,CONFIRMED,,
drive3_MJesus-MFB/Microscopio/Microscopio- MJesus Sanchez 2023/Female Diets/230516-8OHdGSMA-Female 0619 Diets/230516-8OHdGSMA-ID 188-Lung-20x-6.czi,AE-biomaGUNE-0619,MJ,,0619,188,230516-8OHdGSMA-ID 188-Lung-20x-6.czi,tissue,CELL_230516-8OHdGSMA-ID 188-Lung-20x-6.czi,Historical drive ingest 2026 (drive3_MJesus-MFB); project / researcher / operator / subject decided per file before ingest (tasks/drive3_czi_gate.md). Claim: CONFIRMED.,abae653317b7a015cf255b0bf25422614b9edd3c3719b90af75c816e564cd957,CONFIRMED,,
drive3_MJesus-MFB/Microscopio/Microscopio- MJesus Sanchez 2023/Female Diets/230516-8OHdGSMA-Female 0619 Diets/230516-8OHdGSMA-ID 188-Lung-20x-7.czi,AE-biomaGUNE-0619,MJ,,0619,188,230516-8OHdGSMA-ID 188-Lung-20x-7.czi,tissue,CELL_230516-8OHdGSMA-ID 188-Lung-20x-7.czi,Historical drive ingest 2026 (drive3_MJesus-MFB); project / researcher / operator / subject decided per file before ingest (tasks/drive3_czi_gate.md). Claim: CONFIRMED.,3499d9355a3639ec14292cc3df013004e0ebe694cff309b9e2f70651e40f94e2,CONFIRMED,,
drive3_MJesus-MFB/Microscopio/Microscopio- MJesus Sanchez 2023/Female Diets/230516-8OHdGSMA-Female 0619 Diets/230516-8OHdGSMA-ID 188-Lung-20x-controlnegative.czi,AE-biomaGUNE-0619,MJ,,0619,188,230516-8OHdGSMA-ID 188-Lung-20x-controlnegative.czi,tissue,CELL_230516-8OHdGSMA-ID 188-Lung-20x-controlnegative.czi,Historical drive ingest 2026 (drive3_MJesus-MFB); project / researcher / operator / subject decided per file before ingest (tasks/drive3_czi_gate.md). Claim: CONFIRMED.,a5070a99eaed18e5345a966bf4e89315609c7e73d166d57845047be046f84623,CONFIRMED,,
drive3_MJesus-MFB/Microscopio/Microscopio- MJesus Sanchez 2023/Female Diets/230516-8OHdGSMA-Female 0619 Diets/230516-8OHdGSMA-ID 189-Lung-20x-1.czi,AE-biomaGUNE-0619,MJ,,0619,189,230516-8OHdGSMA-ID 189-Lung-20x-1.czi,tissue,CELL_230516-8OHdGSMA-ID 189-Lung-20x-1.czi,Historical drive ingest 2026 (drive3_MJesus-MFB); project / researcher / operator / subject decided per file before ingest (tasks/drive3_czi_gate.md). Claim: CONFIRMED.,4c96b2d2220a76b9bdadd2363740d7ab0613bda592418a27c6c9a747fc0206bc,CONFIRMED,,
drive3_MJesus-MFB/Microscopio/Microscopio- MJesus Sanchez 2023/Female Diets/230516-8OHdGSMA-Female 0619 Diets/230516-8OHdGSMA-ID 189-Lung-20x-2.czi,AE-biomaGUNE-0619,MJ,,0619,189,230516-8OHdGSMA-ID 189-Lung-20x-2.czi,tissue,CELL_230516-8OHdGSMA-ID 189-Lung-20x-2.czi,Historical drive ingest 2026 (drive3_MJesus-MFB); project / researcher / operator / subject decided per file before ingest (tasks/drive3_czi_gate.md). Claim: CONFIRMED.,e4dd640d913b192d962e6c83ff46d86acd2dd18ea04a341a80f782366ba17d8a,CONFIRMED,,
drive3_MJesus-MFB/Microscopio/Microscopio- MJesus Sanchez 2023/Female Diets/230516-8OHdGSMA-Female 0619 Diets/230516-8OHdGSMA-ID 189-Lung-20x-3.czi,AE-biomaGUNE-0619,MJ,,0619,189,230516-8OHdGSMA-ID 189-Lung-20x-3.czi,tissue,CELL_230516-8OHdGSMA-ID 189-Lung-20x-3.czi,Historical drive ingest 2026 (drive3_MJesus-MFB); project / researcher / operator / subject decided per file before ingest (tasks/drive3_czi_gate.md). Claim: CONFIRMED.,e75c898a6f07bd3c7bc3bba58fdf59236c0af86042a7a87defa6dcc79bf3200c,CONFIRMED,,
drive3_MJesus-MFB/Microscopio/Microscopio- MJesus Sanchez 2023/Female Diets/230516-8OHdGSMA-Female 0619 Diets/230516-8OHdGSMA-ID 189-Lung-20x-4.czi,AE-biomaGUNE-0619,MJ,,0619,189,230516-8OHdGSMA-ID 189-Lung-20x-4.czi,tissue,CELL_230516-8OHdGSMA-ID 189-Lung-20x-4.czi,Historical drive ingest 2026 (drive3_MJesus-MFB); project / researcher / operator / subject decided per file before ingest (tasks/drive3_czi_gate.md). Claim: CONFIRMED.,ccd206b26d6fc7b33235b89acf58d68d34105c834e14ca013000664ae08b4735,CONFIRMED,,
drive3_MJesus-MFB/Microscopio/Microscopio- MJesus Sanchez 2023/Female Diets/230516-8OHdGSMA-Female 0619 Diets/230516-8OHdGSMA-ID 189-Lung-20x-5.czi,AE-biomaGUNE-0619,MJ,,0619,189,230516-8OHdGSMA-ID 189-Lung-20x-5.czi,tissue,CELL_230516-8OHdGSMA-ID 189-Lung-20x-5.czi,Historical drive ingest 2026 (drive3_MJesus-MFB); project / researcher / operator / subject decided per file before ingest (tasks/drive3_czi_gate.md). Claim: CONFIRMED.,6add5b86e47ee2a25daedac7fc1b7c3a36a4b47d0bd8955be961dae5909a97be,CONFIRMED,,
drive3_MJesus-MFB/Microscopio/Microscopio- MJesus Sanchez 2023/Female Diets/230516-8OHdGSMA-Female 0619 Diets/230516-8OHdGSMA-ID 189-Lung-20x-6.czi,AE-biomaGUNE-0619,MJ,,0619,189,230516-8OHdGSMA-ID 189-Lung-20x-6.czi,tissue,CELL_230516-8OHdGSMA-ID 189-Lung-20x-6.czi,Historical drive ingest 2026 (drive3_MJesus-MFB); project / researcher / operator / subject decided per file before ingest (tasks/drive3_czi_gate.md). Claim: CONFIRMED.,c39d98f0b99b86134bd14910f62dcd97cf079219864816616cb3457c23ee2580,CONFIRMED,,
drive3_MJesus-MFB/Microscopio/Microscopio- MJesus Sanchez 2023/Female Diets/230516-8OHdGSMA-Female 0619 Diets/230516-8OHdGSMA-ID 189-Lung-20x-7.czi,AE-biomaGUNE-0619,MJ,,0619,189,230516-8OHdGSMA-ID 189-Lung-20x-7.czi,tissue,CELL_230516-8OHdGSMA-ID 189-Lung-20x-7.czi,Historical drive ingest 2026 (drive3_MJesus-MFB); project / researcher / operator / subject decided per file before ingest (tasks/drive3_czi_gate.md). Claim: CONFIRMED.,99184ed26d6d2cdda98e3c20d627bb473613b96700081c127b2bb0250b3adf41,CONFIRMED,,
drive3_MJesus-MFB/Microscopio/Microscopio- MJesus Sanchez 2023/Female Diets/230516-8OHdGSMA-Female 0619 Diets/230516-8OHdGSMA-ID 189-Lung-20x-8.czi,AE-biomaGUNE-0619,MJ,,0619,189,230516-8OHdGSMA-ID 189-Lung-20x-8.czi,tissue,CELL_230516-8OHdGSMA-ID 189-Lung-20x-8.czi,Historical drive ingest 2026 (drive3_MJesus-MFB); project / researcher / operator / subject decided per file before ingest (tasks/drive3_czi_gate.md). Claim: CONFIRMED.,a84ffac0bdae0e6c220cf8113ee0d91b03959869e57d4a2c83b79edd30b1af05,CONFIRMED,,
drive3_MJesus-MFB/Microscopio/Microscopio- MJesus Sanchez 2023/Female Diets/230516-8OHdGSMA-Female 0619 Diets/230516-8OHdGSMA-ID 189-Lung-20x-controlnegative.czi,AE-biomaGUNE-0619,MJ,,0619,189,230516-8OHdGSMA-ID 189-Lung-20x-controlnegative.czi,tissue,CELL_230516-8OHdGSMA-ID 189-Lung-20x-controlnegative.czi,Historical drive ingest 2026 (drive3_MJesus-MFB); project / researcher / operator / subject decided per file before ingest (tasks/drive3_czi_gate.md). Claim: CONFIRMED.,4d0c5b8f6ffcf0c0e7381685ce05d2cb6bdc531dfc5b10c4432851e6979f027e,CONFIRMED,,
drive3_MJesus-MFB/Microscopio/Microscopio- MJesus Sanchez 2023/Female Diets/230516-8OHdGSMA-Female 0619 Diets/230516-8OHdGSMA-ID 194-Lung-20x-1.czi,AE-biomaGUNE-0619,MJ,,0619,194,230516-8OHdGSMA-ID 194-Lung-20x-1.czi,tissue,CELL_230516-8OHdGSMA-ID 194-Lung-20x-1.czi,Historical drive ingest 2026 (drive3_MJesus-MFB); project / researcher / operator / subject decided per file before ingest (tasks/drive3_czi_gate.md). Claim: CONFIRMED.,bded6d2768250b0094614adc06e1efa2d7a9f2e1d358b78631c6ec0c8d945a5e,CONFIRMED,,
drive3_MJesus-MFB/Microscopio/Microscopio- MJesus Sanchez 2023/Female Diets/230516-8OHdGSMA-Female 0619 Diets/230516-8OHdGSMA-ID 194-Lung-20x-2.czi,AE-biomaGUNE-0619,MJ,,0619,194,230516-8OHdGSMA-ID 194-Lung-20x-2.czi,tissue,CELL_230516-8OHdGSMA-ID 194-Lung-20x-2.czi,Historical drive ingest 2026 (drive3_MJesus-MFB); project / researcher / operator / subject decided per file before ingest (tasks/drive3_czi_gate.md). Claim: CONFIRMED.,6a70402f5b3a86b1899c00f31f2c171a4a0bb65d8f84a871382af9518048391d,CONFIRMED,,
drive3_MJesus-MFB/Microscopio/Microscopio- MJesus Sanchez 2023/Female Diets/230516-8OHdGSMA-Female 0619 Diets/230516-8OHdGSMA-ID 194-Lung-20x-3.czi,AE-biomaGUNE-0619,MJ,,0619,194,230516-8OHdGSMA-ID 194-Lung-20x-3.czi,tissue,CELL_230516-8OHdGSMA-ID 194-Lung-20x-3.czi,Historical drive ingest 2026 (drive3_MJesus-MFB); project / researcher / operator / subject decided per file before ingest (tasks/drive3_czi_gate.md). Claim: CONFIRMED.,c67f2fc366e919ae70d9bb4af6e6fc9a18e9ed36d12c043d2961a92658fb9a32,CONFIRMED,,
drive3_MJesus-MFB/Microscopio/Microscopio- MJesus Sanchez 2023/Female Diets/230516-8OHdGSMA-Female 0619 Diets/230516-8OHdGSMA-ID 194-Lung-20x-4.czi,AE-biomaGUNE-0619,MJ,,0619,194,230516-8OHdGSMA-ID 194-Lung-20x-4.czi,tissue,CELL_230516-8OHdGSMA-ID 194-Lung-20x-4.czi,Historical drive ingest 2026 (drive3_MJesus-MFB); project / researcher / operator / subject decided per file before ingest (tasks/drive3_czi_gate.md). Claim: CONFIRMED.,6022041e81abb6ad637e11e5e7000790a37348516002536a3aa89ff2290240da,CONFIRMED,,
drive3_MJesus-MFB/Microscopio/Microscopio- MJesus Sanchez 2023/Female Diets/230516-8OHdGSMA-Female 0619 Diets/230516-8OHdGSMA-ID 194-Lung-20x-5.czi,AE-biomaGUNE-0619,MJ,,0619,194,230516-8OHdGSMA-ID 194-Lung-20x-5.czi,tissue,CELL_230516-8OHdGSMA-ID 194-Lung-20x-5.czi,Historical drive ingest 2026 (drive3_MJesus-MFB); project / researcher / operator / subject decided per file before ingest (tasks/drive3_czi_gate.md). Claim: CONFIRMED.,6b8dedd81bf2ba5dda38ad3b69d7a54398834dfa5444d2faba6a8f6350f17b09,CONFIRMED,,
drive3_MJesus-MFB/Microscopio/Microscopio- MJesus Sanchez 2023/Female Diets/230516-8OHdGSMA-Female 0619 Diets/230516-8OHdGSMA-ID 195-Lung-20x-1.czi,AE-biomaGUNE-0619,MJ,,0619,195,230516-8OHdGSMA-ID 195-Lung-20x-1.czi,tissue,CELL_230516-8OHdGSMA-ID 195-Lung-20x-1.czi,Historical drive ingest 2026 (drive3_MJesus-MFB); project / researcher / operator / subject decided per file before ingest (tasks/drive3_czi_gate.md). Claim: CONFIRMED.,1f13cbe4d7fcc352905d732a639125a181f8431488d90845c89b15c471a5a2da,CONFIRMED,,
drive3_MJesus-MFB/Microscopio/Microscopio- MJesus Sanchez 2023/Female Diets/230516-8OHdGSMA-Female 0619 Diets/230516-8OHdGSMA-ID 195-Lung-20x-2.czi,AE-biomaGUNE-0619,MJ,,0619,195,230516-8OHdGSMA-ID 195-Lung-20x-2.czi,tissue,CELL_230516-8OHdGSMA-ID 195-Lung-20x-2.czi,Historical drive ingest 2026 (drive3_MJesus-MFB); project / researcher / operator / subject decided per file before ingest (tasks/drive3_czi_gate.md). Claim: CONFIRMED.,0a4d7ae3f061756bec21312dcca09722c7b7aa3fb3bf1cc3380e6a9581f392b4,CONFIRMED,,
drive3_MJesus-MFB/Microscopio/Microscopio- MJesus Sanchez 2023/Female Diets/230516-8OHdGSMA-Female 0619 Diets/230516-8OHdGSMA-ID 195-Lung-20x-3.czi,AE-biomaGUNE-0619,MJ,,0619,195,230516-8OHdGSMA-ID 195-Lung-20x-3.czi,tissue,CELL_230516-8OHdGSMA-ID 195-Lung-20x-3.czi,Historical drive ingest 2026 (drive3_MJesus-MFB); project / researcher / operator / subject decided per file before ingest (tasks/drive3_czi_gate.md). Claim: CONFIRMED.,d503aa2d0e1e48eebdb2cd0c86ed2c14fdf60b10b48e3f45902a47daf5739292,CONFIRMED,,
drive3_MJesus-MFB/Microscopio/Microscopio- MJesus Sanchez 2023/Female Diets/230516-8OHdGSMA-Female 0619 Diets/230516-8OHdGSMA-ID 195-Lung-20x-4.czi,AE-biomaGUNE-0619,MJ,,0619,195,230516-8OHdGSMA-ID 195-Lung-20x-4.czi,tissue,CELL_230516-8OHdGSMA-ID 195-Lung-20x-4.czi,Historical drive ingest 2026 (drive3_MJesus-MFB); project / researcher / operator / subject decided per file before ingest (tasks/drive3_czi_gate.md). Claim: CONFIRMED.,214637a20df1f89b026f8769495cbb21b0bedbbde5896e572fbbed2114d6ba85,CONFIRMED,,
drive3_MJesus-MFB/Microscopio/Microscopio- MJesus Sanchez 2023/Female Diets/230516-8OHdGSMA-Female 0619 Diets/230516-8OHdGSMA-ID 195-Lung-20x-5.czi,AE-biomaGUNE-0619,MJ,,0619,195,230516-8OHdGSMA-ID 195-Lung-20x-5.czi,tissue,CELL_230516-8OHdGSMA-ID 195-Lung-20x-5.czi,Historical drive ingest 2026 (drive3_MJesus-MFB); project / researcher / operator / subject decided per file before ingest (tasks/drive3_czi_gate.md). Claim: CONFIRMED.,d3ebaa4b2e6ea3b97b1749f300eeec9a4eaafeafe9322c0765c7b5e122267b56,CONFIRMED,,
drive3_MJesus-MFB/Microscopio/Microscopio- MJesus Sanchez 2023/Female Diets/230516-8OHdGSMA-Female 0619 Diets/230516-8OHdGSMA-ID 195-Lung-20x-6.czi,AE-biomaGUNE-0619,MJ,,0619,195,230516-8OHdGSMA-ID 195-Lung-20x-6.czi,tissue,CELL_230516-8OHdGSMA-ID 195-Lung-20x-6.czi,Historical drive ingest 2026 (drive3_MJesus-MFB); project / researcher / operator / subject decided per file before ingest (tasks/drive3_czi_gate.md). Claim: CONFIRMED.,23792fbe7fbc8eaa86b7c75b6c7328c19c6387acfaf26f7d7107e2f17bff3dbf,CONFIRMED,,
drive3_MJesus-MFB/Microscopio/Microscopio- MJesus Sanchez 2023/Female Diets/230516-8OHdGSMA-Female 0619 Diets/230516-8OHdGSMA-ID 195-Lung-20x-7.czi,AE-biomaGUNE-0619,MJ,,0619,195,230516-8OHdGSMA-ID 195-Lung-20x-7.czi,tissue,CELL_230516-8OHdGSMA-ID 195-Lung-20x-7.czi,Historical drive ingest 2026 (drive3_MJesus-MFB); project / researcher / operator / subject decided per file before ingest (tasks/drive3_czi_gate.md). Claim: CONFIRMED.,e8ae480a301e69d1cf2883d68e6e2c8a73000fd956dda6b7467c67ceae185df5,CONFIRMED,,
drive3_MJesus-MFB/Microscopio/Microscopio- MJesus Sanchez 2023/Female Diets/230516-8OHdGSMA-Female 0619 Diets/230516-8OHdGSMA-ID 196-Lung-20x-1.czi,AE-biomaGUNE-0619,MJ,,0619,196,230516-8OHdGSMA-ID 196-Lung-20x-1.czi,tissue,CELL_230516-8OHdGSMA-ID 196-Lung-20x-1.czi,Historical drive ingest 2026 (drive3_MJesus-MFB); project / researcher / operator / subject decided per file before ingest (tasks/drive3_czi_gate.md). Claim: CONFIRMED.,0a3fde2e9bb4f68a94f6880a39a32b45f79d3ea11f2a0ef0dbffcca095881e72,CONFIRMED,,
drive3_MJesus-MFB/Microscopio/Microscopio- MJesus Sanchez 2023/Female Diets/230516-8OHdGSMA-Female 0619 Diets/230516-8OHdGSMA-ID 196-Lung-20x-10.czi,AE-biomaGUNE-0619,MJ,,0619,196,230516-8OHdGSMA-ID 196-Lung-20x-10.czi,tissue,CELL_230516-8OHdGSMA-ID 196-Lung-20x-10.czi,Historical drive ingest 2026 (drive3_MJesus-MFB); project / researcher / operator / subject decided per file before ingest (tasks/drive3_czi_gate.md). Claim: CONFIRMED.,82dbec82c673d3e252ac61c0ebc54d8202ef06b11b890747fa3c8a6c2da49156,CONFIRMED,,
drive3_MJesus-MFB/Microscopio/Microscopio- MJesus Sanchez 2023/Female Diets/230516-8OHdGSMA-Female 0619 Diets/230516-8OHdGSMA-ID 196-Lung-20x-3.czi,AE-biomaGUNE-0619,MJ,,0619,196,230516-8OHdGSMA-ID 196-Lung-20x-3.czi,tissue,CELL_230516-8OHdGSMA-ID 196-Lung-20x-3.czi,Historical drive ingest 2026 (drive3_MJesus-MFB); project / researcher / operator / subject decided per file before ingest (tasks/drive3_czi_gate.md). Claim: CONFIRMED.,e85688891c77c24f6f292d249de0a37436593aa3eca77100a81d72c0e76eec91,CONFIRMED,,
drive3_MJesus-MFB/Microscopio/Microscopio- MJesus Sanchez 2023/Female Diets/230516-8OHdGSMA-Female 0619 Diets/230516-8OHdGSMA-ID 196-Lung-20x-4.czi,AE-biomaGUNE-0619,MJ,,0619,196,230516-8OHdGSMA-ID 196-Lung-20x-4.czi,tissue,CELL_230516-8OHdGSMA-ID 196-Lung-20x-4.czi,Historical drive ingest 2026 (drive3_MJesus-MFB); project / researcher / operator / subject decided per file before ingest (tasks/drive3_czi_gate.md). Claim: CONFIRMED.,28901728f620ab6a6c95128e1c279df82ff1d989d53f4ede0c5d54a47212ed95,CONFIRMED,,
drive3_MJesus-MFB/Microscopio/Microscopio- MJesus Sanchez 2023/Female Diets/230516-8OHdGSMA-Female 0619 Diets/230516-8OHdGSMA-ID 196-Lung-20x-5.czi,AE-biomaGUNE-0619,MJ,,0619,196,230516-8OHdGSMA-ID 196-Lung-20x-5.czi,tissue,CELL_230516-8OHdGSMA-ID 196-Lung-20x-5.czi,Historical drive ingest 2026 (drive3_MJesus-MFB); project / researcher / operator / subject decided per file before ingest (tasks/drive3_czi_gate.md). Claim: CONFIRMED.,de1af01c4da3f36389271bc7aee7159b24f7e8abbf6436720d92aae2c51e9a2a,CONFIRMED,,
drive3_MJesus-MFB/Microscopio/Microscopio- MJesus Sanchez 2023/Female Diets/230516-8OHdGSMA-Female 0619 Diets/230516-8OHdGSMA-ID 196-Lung-20x-6.czi,AE-biomaGUNE-0619,MJ,,0619,196,230516-8OHdGSMA-ID 196-Lung-20x-6.czi,tissue,CELL_230516-8OHdGSMA-ID 196-Lung-20x-6.czi,Historical drive ingest 2026 (drive3_MJesus-MFB); project / researcher / operator / subject decided per file before ingest (tasks/drive3_czi_gate.md). Claim: CONFIRMED.,a152b5060880f568d836ac5b7d20f22e5c0af26a99733d2d378712e6c553c989,CONFIRMED,,
drive3_MJesus-MFB/Microscopio/Microscopio- MJesus Sanchez 2023/Female Diets/230516-8OHdGSMA-Female 0619 Diets/230516-8OHdGSMA-ID 196-Lung-20x-7.czi,AE-biomaGUNE-0619,MJ,,0619,196,230516-8OHdGSMA-ID 196-Lung-20x-7.czi,tissue,CELL_230516-8OHdGSMA-ID 196-Lung-20x-7.czi,Historical drive ingest 2026 (drive3_MJesus-MFB); project / researcher / operator / subject decided per file before ingest (tasks/drive3_czi_gate.md). Claim: CONFIRMED.,4cae6ce1e28636a129e9b5b73de3f8fdc81d24fe5ab743cd28603d353b136447,CONFIRMED,,
drive3_MJesus-MFB/Microscopio/Microscopio- MJesus Sanchez 2023/Female Diets/230516-8OHdGSMA-Female 0619 Diets/230516-8OHdGSMA-ID 196-Lung-20x-8.czi,AE-biomaGUNE-0619,MJ,,0619,196,230516-8OHdGSMA-ID 196-Lung-20x-8.czi,tissue,CELL_230516-8OHdGSMA-ID 196-Lung-20x-8.czi,Historical drive ingest 2026 (drive3_MJesus-MFB); project / researcher / operator / subject decided per file before ingest (tasks/drive3_czi_gate.md). Claim: CONFIRMED.,40c37369c48dbc16d091a576ca6aa016ed9da9e17f0a35c87574d745ba8406e5,CONFIRMED,,
drive3_MJesus-MFB/Microscopio/Microscopio- MJesus Sanchez 2023/Female Diets/230516-8OHdGSMA-Female 0619 Diets/230516-8OHdGSMA-ID 196-Lung-20x-9.czi,AE-biomaGUNE-0619,MJ,,0619,196,230516-8OHdGSMA-ID 196-Lung-20x-9.czi,tissue,CELL_230516-8OHdGSMA-ID 196-Lung-20x-9.czi,Historical drive ingest 2026 (drive3_MJesus-MFB); project / researcher / operator / subject decided per file before ingest (tasks/drive3_czi_gate.md). Claim: CONFIRMED.,fc9286684ca22f113bff3b8571671797fbfbeab595c0ad1593f31171d03beee6,CONFIRMED,,
drive3_MJesus-MFB/Microscopio/Microscopio- MJesus Sanchez 2023/Female Diets/230516-8OHdGSMA-Female 0619 Diets/230516-8OHdGSMA-ID 196-Lung-20x2.czi,AE-biomaGUNE-0619,MJ,,0619,196,230516-8OHdGSMA-ID 196-Lung-20x2.czi,tissue,CELL_230516-8OHdGSMA-ID 196-Lung-20x2.czi,Historical drive ingest 2026 (drive3_MJesus-MFB); project / researcher / operator / subject decided per file before ingest (tasks/drive3_czi_gate.md). Claim: CONFIRMED.,653d11447ebd993f7645dfb5d429d07617abc6552845cb447dc2a8c9d9985977,CONFIRMED,,
drive3_MJesus-MFB/Microscopio/Microscopio- MJesus Sanchez 2023/Female Diets/230516-8OHdGSMA-Female 0619 Diets/230516-8OHdGSMA-ID 201-Lung-20x-1.czi,AE-biomaGUNE-0619,MJ,,0619,201,230516-8OHdGSMA-ID 201-Lung-20x-1.czi,tissue,CELL_230516-8OHdGSMA-ID 201-Lung-20x-1.czi,Historical drive ingest 2026 (drive3_MJesus-MFB); project / researcher / operator / subject decided per file before ingest (tasks/drive3_czi_gate.md). Claim: CONFIRMED.,5ad7a763dbf54037017a13248c2bf4570528cbdb17226dd6e37269ec2c456e75,CONFIRMED,,
drive3_MJesus-MFB/Microscopio/Microscopio- MJesus Sanchez 2023/Female Diets/230516-8OHdGSMA-Female 0619 Diets/230516-8OHdGSMA-ID 201-Lung-20x-2.czi,AE-biomaGUNE-0619,MJ,,0619,201,230516-8OHdGSMA-ID 201-Lung-20x-2.czi,tissue,CELL_230516-8OHdGSMA-ID 201-Lung-20x-2.czi,Historical drive ingest 2026 (drive3_MJesus-MFB); project / researcher / operator / subject decided per file before ingest (tasks/drive3_czi_gate.md). Claim: CONFIRMED.,13f68900d0ed98b6b2b08b864a6520c26fd2d27a3560c5dadd6bdadb35a314cd,CONFIRMED,,
drive3_MJesus-MFB/Microscopio/Microscopio- MJesus Sanchez 2023/Female Diets/230516-8OHdGSMA-Female 0619 Diets/230516-8OHdGSMA-ID 201-Lung-20x-3.czi,AE-biomaGUNE-0619,MJ,,0619,201,230516-8OHdGSMA-ID 201-Lung-20x-3.czi,tissue,CELL_230516-8OHdGSMA-ID 201-Lung-20x-3.czi,Historical drive ingest 2026 (drive3_MJesus-MFB); project / researcher / operator / subject decided per file before ingest (tasks/drive3_czi_gate.md). Claim: CONFIRMED.,9a5d00d3b9be37a759868f76b1c7b22e545053c46894b58a27b53c0cecc6265f,CONFIRMED,,
drive3_MJesus-MFB/Microscopio/Microscopio- MJesus Sanchez 2023/Female Diets/230516-8OHdGSMA-Female 0619 Diets/230516-8OHdGSMA-ID 201-Lung-20x-4.czi,AE-biomaGUNE-0619,MJ,,0619,201,230516-8OHdGSMA-ID 201-Lung-20x-4.czi,tissue,CELL_230516-8OHdGSMA-ID 201-Lung-20x-4.czi,Historical drive ingest 2026 (drive3_MJesus-MFB); project / researcher / operator / subject decided per file before ingest (tasks/drive3_czi_gate.md). Claim: CONFIRMED.,663cd008bf0eb8a383e672d33fbd9099385c090de3dffa7085ad856fb27d3806,CONFIRMED,,
drive3_MJesus-MFB/Microscopio/Microscopio- MJesus Sanchez 2023/Female Diets/230516-8OHdGSMA-Female 0619 Diets/230516-8OHdGSMA-ID 201-Lung-20x-5.czi,AE-biomaGUNE-0619,MJ,,0619,201,230516-8OHdGSMA-ID 201-Lung-20x-5.czi,tissue,CELL_230516-8OHdGSMA-ID 201-Lung-20x-5.czi,Historical drive ingest 2026 (drive3_MJesus-MFB); project / researcher / operator / subject decided per file before ingest (tasks/drive3_czi_gate.md). Claim: CONFIRMED.,1429ce2614566b4965e08521edefde252d589a7c3ca776081433533428df5898,CONFIRMED,,
drive3_MJesus-MFB/Microscopio/Microscopio- MJesus Sanchez 2023/Female Diets/230516-8OHdGSMA-Female 0619 Diets/230516-8OHdGSMA-ID 201-Lung-20x-6.czi,AE-biomaGUNE-0619,MJ,,0619,201,230516-8OHdGSMA-ID 201-Lung-20x-6.czi,tissue,CELL_230516-8OHdGSMA-ID 201-Lung-20x-6.czi,Historical drive ingest 2026 (drive3_MJesus-MFB); project / researcher / operator / subject decided per file before ingest (tasks/drive3_czi_gate.md). Claim: CONFIRMED.,9b3adfaf9d2c6c2255c898b858936f2fd5d45d024c5b4e582717b23e0f5e1806,CONFIRMED,,
drive3_MJesus-MFB/Microscopio/Microscopio- MJesus Sanchez 2023/Female Diets/230516-8OHdGSMA-Female 0619 Diets/230516-8OHdGSMA-ID 201-Lung-20x-7.czi,AE-biomaGUNE-0619,MJ,,0619,201,230516-8OHdGSMA-ID 201-Lung-20x-7.czi,tissue,CELL_230516-8OHdGSMA-ID 201-Lung-20x-7.czi,Historical drive ingest 2026 (drive3_MJesus-MFB); project / researcher / operator / subject decided per file before ingest (tasks/drive3_czi_gate.md). Claim: CONFIRMED.,9d0b264262cfc9c54d1972dc20ed57d1daca57d9fed0bcf04e7f9420d6500109,CONFIRMED,,
drive3_MJesus-MFB/Microscopio/Microscopio- MJesus Sanchez 2023/Female Diets/230516-8OHdGSMA-Female 0619 Diets/230516-8OHdGSMA-ID 201-Lung-20x-8.czi,AE-biomaGUNE-0619,MJ,,0619,201,230516-8OHdGSMA-ID 201-Lung-20x-8.czi,tissue,CELL_230516-8OHdGSMA-ID 201-Lung-20x-8.czi,Historical drive ingest 2026 (drive3_MJesus-MFB); project / researcher / operator / subject decided per file before ingest (tasks/drive3_czi_gate.md). Claim: CONFIRMED.,d8ef11c100178522c815b1b40465cf5aaad4573a9fa81ad3233cbb3fffd94962,CONFIRMED,,
drive3_MJesus-MFB/Microscopio/Microscopio- MJesus Sanchez 2023/Female Diets/230516-8OHdGSMA-Female 0619 Diets/230516-8OHdGSMA-ID 201-Lung-20x-controlnegative.czi,AE-biomaGUNE-0619,MJ,,0619,201,230516-8OHdGSMA-ID 201-Lung-20x-controlnegative.czi,tissue,CELL_230516-8OHdGSMA-ID 201-Lung-20x-controlnegative.czi,Historical drive ingest 2026 (drive3_MJesus-MFB); project / researcher / operator / subject decided per file before ingest (tasks/drive3_czi_gate.md). Claim: CONFIRMED.,afc0df5c7c9583e01f3528afdac974af853d8df73b80cc771525bccf6b513157,CONFIRMED,,
drive3_MJesus-MFB/Microscopio/Microscopio- MJesus Sanchez 2023/Female Diets/230516-8OHdGSMA-Female 0619 Diets/230516-8OHdGSMA-ID 202-Lung-20x-1.czi,AE-biomaGUNE-0619,MJ,,0619,202,230516-8OHdGSMA-ID 202-Lung-20x-1.czi,tissue,CELL_230516-8OHdGSMA-ID 202-Lung-20x-1.czi,Historical drive ingest 2026 (drive3_MJesus-MFB); project / researcher / operator / subject decided per file before ingest (tasks/drive3_czi_gate.md). Claim: CONFIRMED.,449d6898c8aeccad5abaca2f2aca3e1ae83978ae3bd857954ea3525e0143bf88,CONFIRMED,,
drive3_MJesus-MFB/Microscopio/Microscopio- MJesus Sanchez 2023/Female Diets/230516-8OHdGSMA-Female 0619 Diets/230516-8OHdGSMA-ID 202-Lung-20x-2.czi,AE-biomaGUNE-0619,MJ,,0619,202,230516-8OHdGSMA-ID 202-Lung-20x-2.czi,tissue,CELL_230516-8OHdGSMA-ID 202-Lung-20x-2.czi,Historical drive ingest 2026 (drive3_MJesus-MFB); project / researcher / operator / subject decided per file before ingest (tasks/drive3_czi_gate.md). Claim: CONFIRMED.,9adebea81246b633c62d73cfeadbfd768b0f3b9a56cf0f155c5db553a1240745,CONFIRMED,,
drive3_MJesus-MFB/Microscopio/Microscopio- MJesus Sanchez 2023/Female Diets/230516-8OHdGSMA-Female 0619 Diets/230516-8OHdGSMA-ID 202-Lung-20x-3.czi,AE-biomaGUNE-0619,MJ,,0619,202,230516-8OHdGSMA-ID 202-Lung-20x-3.czi,tissue,CELL_230516-8OHdGSMA-ID 202-Lung-20x-3.czi,Historical drive ingest 2026 (drive3_MJesus-MFB); project / researcher / operator / subject decided per file before ingest (tasks/drive3_czi_gate.md). Claim: CONFIRMED.,a19fe454ccc272b7f661c49277677c98a19a7898e495b80b3dcfdc81fa75e786,CONFIRMED,,
drive3_MJesus-MFB/Microscopio/Microscopio- MJesus Sanchez 2023/Female Diets/230516-8OHdGSMA-Female 0619 Diets/230516-8OHdGSMA-ID 202-Lung-20x-4.czi,AE-biomaGUNE-0619,MJ,,0619,202,230516-8OHdGSMA-ID 202-Lung-20x-4.czi,tissue,CELL_230516-8OHdGSMA-ID 202-Lung-20x-4.czi,Historical drive ingest 2026 (drive3_MJesus-MFB); project / researcher / operator / subject decided per file before ingest (tasks/drive3_czi_gate.md). Claim: CONFIRMED.,26fb9f4269b7b8fd806d2bc8a1f9dd70f8e1d8710da6f302af6fce148ebc9c50,CONFIRMED,,
drive3_MJesus-MFB/Microscopio/Microscopio- MJesus Sanchez 2023/Female Diets/230516-8OHdGSMA-Female 0619 Diets/230516-8OHdGSMA-ID 202-Lung-20x-5.czi,AE-biomaGUNE-0619,MJ,,0619,202,230516-8OHdGSMA-ID 202-Lung-20x-5.czi,tissue,CELL_230516-8OHdGSMA-ID 202-Lung-20x-5.czi,Historical drive ingest 2026 (drive3_MJesus-MFB); project / researcher / operator / subject decided per file before ingest (tasks/drive3_czi_gate.md). Claim: CONFIRMED.,506ff6e0a442196bef88539f8320decca288bcf6b729f82a58bb2dcdc863699a,CONFIRMED,,
drive3_MJesus-MFB/Microscopio/Microscopio- MJesus Sanchez 2023/Female Diets/230516-8OHdGSMA-Female 0619 Diets/230516-8OHdGSMA-ID 202-Lung-20x-6.czi,AE-biomaGUNE-0619,MJ,,0619,202,230516-8OHdGSMA-ID 202-Lung-20x-6.czi,tissue,CELL_230516-8OHdGSMA-ID 202-Lung-20x-6.czi,Historical drive ingest 2026 (drive3_MJesus-MFB); project / researcher / operator / subject decided per file before ingest (tasks/drive3_czi_gate.md). Claim: CONFIRMED.,6fdaf32eb0f87cb2d5f9e3129210aa5b6f605839135967676ad3962838a08a97,CONFIRMED,,
drive3_MJesus-MFB/Microscopio/Microscopio- MJesus Sanchez 2023/Female Diets/230516-8OHdGSMA-Female 0619 Diets/230516-8OHdGSMA-ID 202-Lung-20x-7.czi,AE-biomaGUNE-0619,MJ,,0619,202,230516-8OHdGSMA-ID 202-Lung-20x-7.czi,tissue,CELL_230516-8OHdGSMA-ID 202-Lung-20x-7.czi,Historical drive ingest 2026 (drive3_MJesus-MFB); project / researcher / operator / subject decided per file before ingest (tasks/drive3_czi_gate.md). Claim: CONFIRMED.,01c4f5c686f1071420f72e27e7bfa68dea1f6e8d565e3281ff1dabc1fdc2ddf4,CONFIRMED,,
drive3_MJesus-MFB/Microscopio/Microscopio- MJesus Sanchez 2023/Female Diets/230516-8OHdGSMA-Female 0619 Diets/230516-8OHdGSMA-ID 204-Lung-20x-1.czi,AE-biomaGUNE-0619,MJ,,0619,204,230516-8OHdGSMA-ID 204-Lung-20x-1.czi,tissue,CELL_230516-8OHdGSMA-ID 204-Lung-20x-1.czi,Historical drive ingest 2026 (drive3_MJesus-MFB); project / researcher / operator / subject decided per file before ingest (tasks/drive3_czi_gate.md). Claim: CONFIRMED.,344bf0bd262333012591ef789e75e3183aa310397124ca78201f8100a751fc1f,CONFIRMED,,
drive3_MJesus-MFB/Microscopio/Microscopio- MJesus Sanchez 2023/Female Diets/230516-8OHdGSMA-Female 0619 Diets/230516-8OHdGSMA-ID 204-Lung-20x-2.czi,AE-biomaGUNE-0619,MJ,,0619,204,230516-8OHdGSMA-ID 204-Lung-20x-2.czi,tissue,CELL_230516-8OHdGSMA-ID 204-Lung-20x-2.czi,Historical drive ingest 2026 (drive3_MJesus-MFB); project / researcher / operator / subject decided per file before ingest (tasks/drive3_czi_gate.md). Claim: CONFIRMED.,86f15e65db7cc70bef516a36d1f81638d7368026ad665486ecc8eab9e5ace4c9,CONFIRMED,,
drive3_MJesus-MFB/Microscopio/Microscopio- MJesus Sanchez 2023/Female Diets/230516-8OHdGSMA-Female 0619 Diets/230516-8OHdGSMA-ID 204-Lung-20x-3.czi,AE-biomaGUNE-0619,MJ,,0619,204,230516-8OHdGSMA-ID 204-Lung-20x-3.czi,tissue,CELL_230516-8OHdGSMA-ID 204-Lung-20x-3.czi,Historical drive ingest 2026 (drive3_MJesus-MFB); project / researcher / operator / subject decided per file before ingest (tasks/drive3_czi_gate.md). Claim: CONFIRMED.,7cc3972ec143df842924e4e188d1d597d819a29ab46e5852ac03cfc7defe06b3,CONFIRMED,,
drive3_MJesus-MFB/Microscopio/Microscopio- MJesus Sanchez 2023/Female Diets/230516-8OHdGSMA-Female 0619 Diets/230516-8OHdGSMA-ID 204-Lung-20x-4.czi,AE-biomaGUNE-0619,MJ,,0619,204,230516-8OHdGSMA-ID 204-Lung-20x-4.czi,tissue,CELL_230516-8OHdGSMA-ID 204-Lung-20x-4.czi,Historical drive ingest 2026 (drive3_MJesus-MFB); project / researcher / operator / subject decided per file before ingest (tasks/drive3_czi_gate.md). Claim: CONFIRMED.,ef15a638e63033c37e69732d5fd656a5c497a40e0e13e13936c5cfb71de3caf6,CONFIRMED,,
drive3_MJesus-MFB/Microscopio/Microscopio- MJesus Sanchez 2023/Female Diets/230516-8OHdGSMA-Female 0619 Diets/230516-8OHdGSMA-ID 204-Lung-20x-5.czi,AE-biomaGUNE-0619,MJ,,0619,204,230516-8OHdGSMA-ID 204-Lung-20x-5.czi,tissue,CELL_230516-8OHdGSMA-ID 204-Lung-20x-5.czi,Historical drive ingest 2026 (drive3_MJesus-MFB); project / researcher / operator / subject decided per file before ingest (tasks/drive3_czi_gate.md). Claim: CONFIRMED.,7811a1564ff8b56dc3340d80d09a287798c57ba24e9ff3b4f953841fe74a141b,CONFIRMED,,
drive3_MJesus-MFB/Microscopio/Microscopio- MJesus Sanchez 2023/Female Diets/230516-8OHdGSMA-Female 0619 Diets/230516-8OHdGSMA-ID 204-Lung-20x-6.czi,AE-biomaGUNE-0619,MJ,,0619,204,230516-8OHdGSMA-ID 204-Lung-20x-6.czi,tissue,CELL_230516-8OHdGSMA-ID 204-Lung-20x-6.czi,Historical drive ingest 2026 (drive3_MJesus-MFB); project / researcher / operator / subject decided per file before ingest (tasks/drive3_czi_gate.md). Claim: CONFIRMED.,a03ec3dba559c4d22ccf8f09c86cf4838e126c16105fcf14970431160ba64673,CONFIRMED,,
drive3_MJesus-MFB/Microscopio/Microscopio- MJesus Sanchez 2023/Female Diets/230516-8OHdGSMA-Female 0619 Diets/230516-8OHdGSMA-ID 204-Lung-20x-7.czi,AE-biomaGUNE-0619,MJ,,0619,204,230516-8OHdGSMA-ID 204-Lung-20x-7.czi,tissue,CELL_230516-8OHdGSMA-ID 204-Lung-20x-7.czi,Historical drive ingest 2026 (drive3_MJesus-MFB); project / researcher / operator / subject decided per file before ingest (tasks/drive3_czi_gate.md). Claim: CONFIRMED.,29157d782f4966c71628afafe11965f3d7a9f29f2276c4a8b4ac40f166f9fe47,CONFIRMED,,
drive3_MJesus-MFB/Microscopio/Microscopio- MJesus Sanchez 2023/Female Diets/230516-8OHdGSMA-Female 0619 Diets/230516-8OHdGSMA-ID 204-Lung-20x-8.czi,AE-biomaGUNE-0619,MJ,,0619,204,230516-8OHdGSMA-ID 204-Lung-20x-8.czi,tissue,CELL_230516-8OHdGSMA-ID 204-Lung-20x-8.czi,Historical drive ingest 2026 (drive3_MJesus-MFB); project / researcher / operator / subject decided per file before ingest (tasks/drive3_czi_gate.md). Claim: CONFIRMED.,4642587a040e18064b463c8a85fe1f64cb400f014dc8e5eac37be13d8737fee4,CONFIRMED,,
drive3_MJesus-MFB/Microscopio/Microscopio- MJesus Sanchez 2023/Female Diets/230516-8OHdGSMA-Female 0619 Diets/230516-8OHdGSMA-ID 204-Lung-20x-controlnegative.czi,AE-biomaGUNE-0619,MJ,,0619,204,230516-8OHdGSMA-ID 204-Lung-20x-controlnegative.czi,tissue,CELL_230516-8OHdGSMA-ID 204-Lung-20x-controlnegative.czi,Historical drive ingest 2026 (drive3_MJesus-MFB); project / researcher / operator / subject decided per file before ingest (tasks/drive3_czi_gate.md). Claim: CONFIRMED.,2dbcb08ba8138ac947714fece1193d7675b82fcf2bc1e62b508fad7935774b0e,CONFIRMED,,
drive3_MJesus-MFB/Microscopio/Microscopio- MJesus Sanchez 2023/Female Diets/230516-8OHdGSMA-Female 0619 Diets/230516-8OHdGSMA-ID 208-Lung-20x-1.czi,AE-biomaGUNE-0619,MJ,,0619,208,230516-8OHdGSMA-ID 208-Lung-20x-1.czi,tissue,CELL_230516-8OHdGSMA-ID 208-Lung-20x-1.czi,Historical drive ingest 2026 (drive3_MJesus-MFB); project / researcher / operator / subject decided per file before ingest (tasks/drive3_czi_gate.md). Claim: CONFIRMED.,8095b335c0c78f6b27dd0f8adca36cd531e3f7d50b6c92a9729f2a8012454986,CONFIRMED,,
drive3_MJesus-MFB/Microscopio/Microscopio- MJesus Sanchez 2023/Female Diets/230516-8OHdGSMA-Female 0619 Diets/230516-8OHdGSMA-ID 208-Lung-20x-10.czi,AE-biomaGUNE-0619,MJ,,0619,208,230516-8OHdGSMA-ID 208-Lung-20x-10.czi,tissue,CELL_230516-8OHdGSMA-ID 208-Lung-20x-10.czi,Historical drive ingest 2026 (drive3_MJesus-MFB); project / researcher / operator / subject decided per file before ingest (tasks/drive3_czi_gate.md). Claim: CONFIRMED.,a5d7e4ad53d09aa653673100d6569e8594e1481a26df1e3865a5b9d5102bd202,CONFIRMED,,
drive3_MJesus-MFB/Microscopio/Microscopio- MJesus Sanchez 2023/Female Diets/230516-8OHdGSMA-Female 0619 Diets/230516-8OHdGSMA-ID 208-Lung-20x-11.czi,AE-biomaGUNE-0619,MJ,,0619,208,230516-8OHdGSMA-ID 208-Lung-20x-11.czi,tissue,CELL_230516-8OHdGSMA-ID 208-Lung-20x-11.czi,Historical drive ingest 2026 (drive3_MJesus-MFB); project / researcher / operator / subject decided per file before ingest (tasks/drive3_czi_gate.md). Claim: CONFIRMED.,7d882821f25fdc0ec64ebb655c3f19d4b8135894d223ebd1345f956d5ff771b9,CONFIRMED,,
drive3_MJesus-MFB/Microscopio/Microscopio- MJesus Sanchez 2023/Female Diets/230516-8OHdGSMA-Female 0619 Diets/230516-8OHdGSMA-ID 208-Lung-20x-2.czi,AE-biomaGUNE-0619,MJ,,0619,208,230516-8OHdGSMA-ID 208-Lung-20x-2.czi,tissue,CELL_230516-8OHdGSMA-ID 208-Lung-20x-2.czi,Historical drive ingest 2026 (drive3_MJesus-MFB); project / researcher / operator / subject decided per file before ingest (tasks/drive3_czi_gate.md). Claim: CONFIRMED.,0be5f0356d8ab6bec636c7d532f0c3c4ce3f4012f864c53856a0df6a0b42c5ac,CONFIRMED,,
drive3_MJesus-MFB/Microscopio/Microscopio- MJesus Sanchez 2023/Female Diets/230516-8OHdGSMA-Female 0619 Diets/230516-8OHdGSMA-ID 208-Lung-20x-3.czi,AE-biomaGUNE-0619,MJ,,0619,208,230516-8OHdGSMA-ID 208-Lung-20x-3.czi,tissue,CELL_230516-8OHdGSMA-ID 208-Lung-20x-3.czi,Historical drive ingest 2026 (drive3_MJesus-MFB); project / researcher / operator / subject decided per file before ingest (tasks/drive3_czi_gate.md). Claim: CONFIRMED.,eed0ed28bd82ebe75c59ac5df6054265d5fb1e312783be81c9483b48ebc75254,CONFIRMED,,
drive3_MJesus-MFB/Microscopio/Microscopio- MJesus Sanchez 2023/Female Diets/230516-8OHdGSMA-Female 0619 Diets/230516-8OHdGSMA-ID 208-Lung-20x-4.czi,AE-biomaGUNE-0619,MJ,,0619,208,230516-8OHdGSMA-ID 208-Lung-20x-4.czi,tissue,CELL_230516-8OHdGSMA-ID 208-Lung-20x-4.czi,Historical drive ingest 2026 (drive3_MJesus-MFB); project / researcher / operator / subject decided per file before ingest (tasks/drive3_czi_gate.md). Claim: CONFIRMED.,882a508f8ad3e720b57304eb9fbef313d0a80dc3e88032bd4ff4bc2c831217e4,CONFIRMED,,
drive3_MJesus-MFB/Microscopio/Microscopio- MJesus Sanchez 2023/Female Diets/230516-8OHdGSMA-Female 0619 Diets/230516-8OHdGSMA-ID 208-Lung-20x-5.czi,AE-biomaGUNE-0619,MJ,,0619,208,230516-8OHdGSMA-ID 208-Lung-20x-5.czi,tissue,CELL_230516-8OHdGSMA-ID 208-Lung-20x-5.czi,Historical drive ingest 2026 (drive3_MJesus-MFB); project / researcher / operator / subject decided per file before ingest (tasks/drive3_czi_gate.md). Claim: CONFIRMED.,2406072a02b7226c66f88e18c6797fb42eef74e71e6e4205de8873cc054f81c5,CONFIRMED,,
drive3_MJesus-MFB/Microscopio/Microscopio- MJesus Sanchez 2023/Female Diets/230516-8OHdGSMA-Female 0619 Diets/230516-8OHdGSMA-ID 208-Lung-20x-6.czi,AE-biomaGUNE-0619,MJ,,0619,208,230516-8OHdGSMA-ID 208-Lung-20x-6.czi,tissue,CELL_230516-8OHdGSMA-ID 208-Lung-20x-6.czi,Historical drive ingest 2026 (drive3_MJesus-MFB); project / researcher / operator / subject decided per file before ingest (tasks/drive3_czi_gate.md). Claim: CONFIRMED.,da881661178c9979d98148b6e5bdd156b5f7601a2cc186ab792de8a812db07ea,CONFIRMED,,
drive3_MJesus-MFB/Microscopio/Microscopio- MJesus Sanchez 2023/Female Diets/230516-8OHdGSMA-Female 0619 Diets/230516-8OHdGSMA-ID 208-Lung-20x-7.czi,AE-biomaGUNE-0619,MJ,,0619,208,230516-8OHdGSMA-ID 208-Lung-20x-7.czi,tissue,CELL_230516-8OHdGSMA-ID 208-Lung-20x-7.czi,Historical drive ingest 2026 (drive3_MJesus-MFB); project / researcher / operator / subject decided per file before ingest (tasks/drive3_czi_gate.md). Claim: CONFIRMED.,5ad8dc2d9a42c0304147e5c53990d2c55e32bcacbaa7b9c4bf6d46b26fb11caf,CONFIRMED,,
drive3_MJesus-MFB/Microscopio/Microscopio- MJesus Sanchez 2023/Female Diets/230516-8OHdGSMA-Female 0619 Diets/230516-8OHdGSMA-ID 208-Lung-20x-8.czi,AE-biomaGUNE-0619,MJ,,0619,208,230516-8OHdGSMA-ID 208-Lung-20x-8.czi,tissue,CELL_230516-8OHdGSMA-ID 208-Lung-20x-8.czi,Historical drive ingest 2026 (drive3_MJesus-MFB); project / researcher / operator / subject decided per file before ingest (tasks/drive3_czi_gate.md). Claim: CONFIRMED.,1495331d4d154705e249298ffd1d90687cee43c44ad228e54ec1a2ec81d6ea7b,CONFIRMED,,
drive3_MJesus-MFB/Microscopio/Microscopio- MJesus Sanchez 2023/Female Diets/230516-8OHdGSMA-Female 0619 Diets/230516-8OHdGSMA-ID 208-Lung-20x-9.czi,AE-biomaGUNE-0619,MJ,,0619,208,230516-8OHdGSMA-ID 208-Lung-20x-9.czi,tissue,CELL_230516-8OHdGSMA-ID 208-Lung-20x-9.czi,Historical drive ingest 2026 (drive3_MJesus-MFB); project / researcher / operator / subject decided per file before ingest (tasks/drive3_czi_gate.md). Claim: CONFIRMED.,5272b0a896b2c2c2efa43ec64dac6db4b410c14b6916cdd380b704ff4a49c1b5,CONFIRMED,,
drive3_MJesus-MFB/Microscopio/Microscopio- MJesus Sanchez 2023/Female Diets/230516-8OHdGSMA-Female 0619 Diets/230516-8OHdGSMA-ID 208-Lung-20x-controlnegative.czi,AE-biomaGUNE-0619,MJ,,0619,208,230516-8OHdGSMA-ID 208-Lung-20x-controlnegative.czi,tissue,CELL_230516-8OHdGSMA-ID 208-Lung-20x-controlnegative.czi,Historical drive ingest 2026 (drive3_MJesus-MFB); project / researcher / operator / subject decided per file before ingest (tasks/drive3_czi_gate.md). Claim: CONFIRMED.,36021218febb7c34b71587ec5dc1aa2fdc15b47edccc1688bcc0b62309a0d6b9,CONFIRMED,,
drive3_MJesus-MFB/Microscopio/Microscopio- MJesus Sanchez 2023/Female Diets/230516-8OHdGSMA-Female 0619 Diets/230516-8OHdGSMA-ID 209-Lung-20x-1.czi,AE-biomaGUNE-0619,MJ,,0619,209,230516-8OHdGSMA-ID 209-Lung-20x-1.czi,tissue,CELL_230516-8OHdGSMA-ID 209-Lung-20x-1.czi,Historical drive ingest 2026 (drive3_MJesus-MFB); project / researcher / operator / subject decided per file before ingest (tasks/drive3_czi_gate.md). Claim: CONFIRMED.,b400a753073456bdda4c0623178f2c1b040d250e9652cdfd52f33e0f8fe617f3,CONFIRMED,,
drive3_MJesus-MFB/Microscopio/Microscopio- MJesus Sanchez 2023/Female Diets/230516-8OHdGSMA-Female 0619 Diets/230516-8OHdGSMA-ID 209-Lung-20x-2.czi,AE-biomaGUNE-0619,MJ,,0619,209,230516-8OHdGSMA-ID 209-Lung-20x-2.czi,tissue,CELL_230516-8OHdGSMA-ID 209-Lung-20x-2.czi,Historical drive ingest 2026 (drive3_MJesus-MFB); project / researcher / operator / subject decided per file before ingest (tasks/drive3_czi_gate.md). Claim: CONFIRMED.,67586e7a8bbb6d53eaf0d01233f2ef2471688bdd2f5da34667cb9b3943909f57,CONFIRMED,,
drive3_MJesus-MFB/Microscopio/Microscopio- MJesus Sanchez 2023/Female Diets/230516-8OHdGSMA-Female 0619 Diets/230516-8OHdGSMA-ID 209-Lung-20x-3.czi,AE-biomaGUNE-0619,MJ,,0619,209,230516-8OHdGSMA-ID 209-Lung-20x-3.czi,tissue,CELL_230516-8OHdGSMA-ID 209-Lung-20x-3.czi,Historical drive ingest 2026 (drive3_MJesus-MFB); project / researcher / operator / subject decided per file before ingest (tasks/drive3_czi_gate.md). Claim: CONFIRMED.,321eaa12f81459e8a77cf1950241468e4b4f3e920bf9096f66ed3433db8f51ee,CONFIRMED,,
drive3_MJesus-MFB/Microscopio/Microscopio- MJesus Sanchez 2023/Female Diets/230516-8OHdGSMA-Female 0619 Diets/230516-8OHdGSMA-ID 209-Lung-20x-4.czi,AE-biomaGUNE-0619,MJ,,0619,209,230516-8OHdGSMA-ID 209-Lung-20x-4.czi,tissue,CELL_230516-8OHdGSMA-ID 209-Lung-20x-4.czi,Historical drive ingest 2026 (drive3_MJesus-MFB); project / researcher / operator / subject decided per file before ingest (tasks/drive3_czi_gate.md). Claim: CONFIRMED.,07ba79c530b71a21fdb82e7d7eb81e17035db459d242681f6befc58cce133a8a,CONFIRMED,,
drive3_MJesus-MFB/Microscopio/Microscopio- MJesus Sanchez 2023/Female Diets/230516-8OHdGSMA-Female 0619 Diets/230516-8OHdGSMA-ID 209-Lung-20x-5.czi,AE-biomaGUNE-0619,MJ,,0619,209,230516-8OHdGSMA-ID 209-Lung-20x-5.czi,tissue,CELL_230516-8OHdGSMA-ID 209-Lung-20x-5.czi,Historical drive ingest 2026 (drive3_MJesus-MFB); project / researcher / operator / subject decided per file before ingest (tasks/drive3_czi_gate.md). Claim: CONFIRMED.,1dace96b26aee4900a883261b48edbc37dc9cba60b60b434f9fc0cdfd607b802,CONFIRMED,,
drive3_MJesus-MFB/Microscopio/Microscopio- MJesus Sanchez 2023/Female Diets/230516-8OHdGSMA-Female 0619 Diets/230516-8OHdGSMA-ID 209-Lung-20x-6.czi,AE-biomaGUNE-0619,MJ,,0619,209,230516-8OHdGSMA-ID 209-Lung-20x-6.czi,tissue,CELL_230516-8OHdGSMA-ID 209-Lung-20x-6.czi,Historical drive ingest 2026 (drive3_MJesus-MFB); project / researcher / operator / subject decided per file before ingest (tasks/drive3_czi_gate.md). Claim: CONFIRMED.,eae0b628045c6bb724665eca91881a971b3c429f4c81d40ea135c962974c4e6f,CONFIRMED,,
drive3_MJesus-MFB/Microscopio/Microscopio- MJesus Sanchez 2023/Female Diets/230516-8OHdGSMA-Female 0619 Diets/230516-8OHdGSMA-ID 209-Lung-20x-7.czi,AE-biomaGUNE-0619,MJ,,0619,209,230516-8OHdGSMA-ID 209-Lung-20x-7.czi,tissue,CELL_230516-8OHdGSMA-ID 209-Lung-20x-7.czi,Historical drive ingest 2026 (drive3_MJesus-MFB); project / researcher / operator / subject decided per file before ingest (tasks/drive3_czi_gate.md). Claim: CONFIRMED.,77bd04ce41ad3203e8d7733109b1567d69984940fef599fc2fbe07ca3dfc3c8d,CONFIRMED,,
drive3_MJesus-MFB/Microscopio/Microscopio- MJesus Sanchez 2023/Female Diets/230516-8OHdGSMA-Female 0619 Diets/230516-8OHdGSMA-ID 209-Lung-20x-9.czi,AE-biomaGUNE-0619,MJ,,0619,209,230516-8OHdGSMA-ID 209-Lung-20x-9.czi,tissue,CELL_230516-8OHdGSMA-ID 209-Lung-20x-9.czi,Historical drive ingest 2026 (drive3_MJesus-MFB); project / researcher / operator / subject decided per file before ingest (tasks/drive3_czi_gate.md). Claim: CONFIRMED.,5adc9ef1a981909e8dff7b863d54c26cd2821f22c3077a697000ebfedd503686,CONFIRMED,,
drive3_MJesus-MFB/Microscopio/Microscopio- MJesus Sanchez 2023/Female Diets/230516-8OHdGSMA-Female 0619 Diets/230516-8OHdGSMA-ID 212-Lung-20x-.czi,AE-biomaGUNE-0619,MJ,,0619,212,230516-8OHdGSMA-ID 212-Lung-20x-.czi,tissue,CELL_230516-8OHdGSMA-ID 212-Lung-20x-.czi,Historical drive ingest 2026 (drive3_MJesus-MFB); project / researcher / operator / subject decided per file before ingest (tasks/drive3_czi_gate.md). Claim: CONFIRMED.,a4b31f36b7461e0e21ba194f4305bf4d2fda1ddab582af65f546cf65881dd0b9,CONFIRMED,,
drive3_MJesus-MFB/Microscopio/Microscopio- MJesus Sanchez 2023/Female Diets/230516-8OHdGSMA-Female 0619 Diets/230516-8OHdGSMA-ID 212-Lung-20x-1.czi,AE-biomaGUNE-0619,MJ,,0619,212,230516-8OHdGSMA-ID 212-Lung-20x-1.czi,tissue,CELL_230516-8OHdGSMA-ID 212-Lung-20x-1.czi,Historical drive ingest 2026 (drive3_MJesus-MFB); project / researcher / operator / subject decided per file before ingest (tasks/drive3_czi_gate.md). Claim: CONFIRMED.,5f94dc7e0157cdda217352b6ee5b12637f809b354ccdef887b54e34327465fef,CONFIRMED,,
drive3_MJesus-MFB/Microscopio/Microscopio- MJesus Sanchez 2023/Female Diets/230516-8OHdGSMA-Female 0619 Diets/230516-8OHdGSMA-ID 212-Lung-20x-2.czi,AE-biomaGUNE-0619,MJ,,0619,212,230516-8OHdGSMA-ID 212-Lung-20x-2.czi,tissue,CELL_230516-8OHdGSMA-ID 212-Lung-20x-2.czi,Historical drive ingest 2026 (drive3_MJesus-MFB); project / researcher / operator / subject decided per file before ingest (tasks/drive3_czi_gate.md). Claim: CONFIRMED.,700a9a3f3404c3df327ca709e9f5a690b35180e40703c69774da05216e3b25df,CONFIRMED,,
drive3_MJesus-MFB/Microscopio/Microscopio- MJesus Sanchez 2023/Female Diets/230516-8OHdGSMA-Female 0619 Diets/230516-8OHdGSMA-ID 212-Lung-20x-4.czi,AE-biomaGUNE-0619,MJ,,0619,212,230516-8OHdGSMA-ID 212-Lung-20x-4.czi,tissue,CELL_230516-8OHdGSMA-ID 212-Lung-20x-4.czi,Historical drive ingest 2026 (drive3_MJesus-MFB); project / researcher / operator / subject decided per file before ingest (tasks/drive3_czi_gate.md). Claim: CONFIRMED.,3ffc911cebe5497886dd3af1e1fad12a482cf4d6d5fcd7e8d34c5ed9672e0679,CONFIRMED,,
drive3_MJesus-MFB/Microscopio/Microscopio- MJesus Sanchez 2023/Female Diets/230516-8OHdGSMA-Female 0619 Diets/230516-8OHdGSMA-ID 212-Lung-20x-5.czi,AE-biomaGUNE-0619,MJ,,0619,212,230516-8OHdGSMA-ID 212-Lung-20x-5.czi,tissue,CELL_230516-8OHdGSMA-ID 212-Lung-20x-5.czi,Historical drive ingest 2026 (drive3_MJesus-MFB); project / researcher / operator / subject decided per file before ingest (tasks/drive3_czi_gate.md). Claim: CONFIRMED.,245533e6bd2b1f872253725b00057648a4f7deda4756bb4a05d042e68dd23b94,CONFIRMED,,
drive3_MJesus-MFB/Microscopio/Microscopio- MJesus Sanchez 2023/Female Diets/230516-8OHdGSMA-Female 0619 Diets/230516-8OHdGSMA-ID 212-Lung-20x-6.czi,AE-biomaGUNE-0619,MJ,,0619,212,230516-8OHdGSMA-ID 212-Lung-20x-6.czi,tissue,CELL_230516-8OHdGSMA-ID 212-Lung-20x-6.czi,Historical drive ingest 2026 (drive3_MJesus-MFB); project / researcher / operator / subject decided per file before ingest (tasks/drive3_czi_gate.md). Claim: CONFIRMED.,c8ba045e57bb72546f445074a8373891bf21ac6f87cd397137e15c95589992dd,CONFIRMED,,
drive3_MJesus-MFB/Microscopio/Microscopio- MJesus Sanchez 2023/Female Diets/230516-8OHdGSMA-Female 0619 Diets/230516-8OHdGSMA-ID 212-Lung-20x-7.czi,AE-biomaGUNE-0619,MJ,,0619,212,230516-8OHdGSMA-ID 212-Lung-20x-7.czi,tissue,CELL_230516-8OHdGSMA-ID 212-Lung-20x-7.czi,Historical drive ingest 2026 (drive3_MJesus-MFB); project / researcher / operator / subject decided per file before ingest (tasks/drive3_czi_gate.md). Claim: CONFIRMED.,bcf1ec2994e96081a3d7f985a79dcc3af05af2fc4552d66d3afd39e2aea7473d,CONFIRMED,,
drive3_MJesus-MFB/Microscopio/Microscopio- MJesus Sanchez 2023/Female Diets/230516-8OHdGSMA-Female 0619 Diets/230516-8OHdGSMA-ID 212-Lung-20x-8.czi,AE-biomaGUNE-0619,MJ,,0619,212,230516-8OHdGSMA-ID 212-Lung-20x-8.czi,tissue,CELL_230516-8OHdGSMA-ID 212-Lung-20x-8.czi,Historical drive ingest 2026 (drive3_MJesus-MFB); project / researcher / operator / subject decided per file before ingest (tasks/drive3_czi_gate.md). Claim: CONFIRMED.,a5d0549f634e58d9d8ccdd180b13fab7fd8ae0574e5b5b7d4cd777f1c4ea2e28,CONFIRMED,,
drive3_MJesus-MFB/Microscopio/Microscopio- MJesus Sanchez 2023/Female Diets/230516-8OHdGSMA-Female 0619 Diets/230516-8OHdGSMA-ID 212-Lung-20x-9.czi,AE-biomaGUNE-0619,MJ,,0619,212,230516-8OHdGSMA-ID 212-Lung-20x-9.czi,tissue,CELL_230516-8OHdGSMA-ID 212-Lung-20x-9.czi,Historical drive ingest 2026 (drive3_MJesus-MFB); project / researcher / operator / subject decided per file before ingest (tasks/drive3_czi_gate.md). Claim: CONFIRMED.,e9edbfe2c41b2ef04b315f92f0a65d73371946b9bdddbe199ddd9a10a67fcf68,CONFIRMED,,
drive3_MJesus-MFB/Microscopio/Microscopio- MJesus Sanchez 2023/Female Diets/230619-KI67and SMA Dietas Female 0619/230619-KI67andSMA-ID190-20X-1.czi,AE-biomaGUNE-0619,MJ,,0619,190,230619-KI67andSMA-ID190-20X-1.czi,tissue,CELL_230619-KI67andSMA-ID190-20X-1.czi,Historical drive ingest 2026 (drive3_MJesus-MFB); project / researcher / operator / subject decided per file before ingest (tasks/drive3_czi_gate.md). Claim: CONFIRMED.,497ba1c114a20b797720fad5d678f3975aaa65f321e9b579c5577f60ba0aca1e,CONFIRMED,,
drive3_MJesus-MFB/Microscopio/Microscopio- MJesus Sanchez 2023/Female Diets/230619-KI67and SMA Dietas Female 0619/230619-KI67andSMA-ID190-20X-10.czi,AE-biomaGUNE-0619,MJ,,0619,190,230619-KI67andSMA-ID190-20X-10.czi,tissue,CELL_230619-KI67andSMA-ID190-20X-10.czi,Historical drive ingest 2026 (drive3_MJesus-MFB); project / researcher / operator / subject decided per file before ingest (tasks/drive3_czi_gate.md). Claim: CONFIRMED.,5db942975dee10ba81a1360a84881abd541801baa5bc2d14de9e21c1048b4e5f,CONFIRMED,,
drive3_MJesus-MFB/Microscopio/Microscopio- MJesus Sanchez 2023/Female Diets/230619-KI67and SMA Dietas Female 0619/230619-KI67andSMA-ID190-20X-2.czi,AE-biomaGUNE-0619,MJ,,0619,190,230619-KI67andSMA-ID190-20X-2.czi,tissue,CELL_230619-KI67andSMA-ID190-20X-2.czi,Historical drive ingest 2026 (drive3_MJesus-MFB); project / researcher / operator / subject decided per file before ingest (tasks/drive3_czi_gate.md). Claim: CONFIRMED.,9b45665b93e3dbe2ff22835e3d51983c6fe7bc52e34748f6353350f75e82d019,CONFIRMED,,
drive3_MJesus-MFB/Microscopio/Microscopio- MJesus Sanchez 2023/Female Diets/230619-KI67and SMA Dietas Female 0619/230619-KI67andSMA-ID190-20X-3.czi,AE-biomaGUNE-0619,MJ,,0619,190,230619-KI67andSMA-ID190-20X-3.czi,tissue,CELL_230619-KI67andSMA-ID190-20X-3.czi,Historical drive ingest 2026 (drive3_MJesus-MFB); project / researcher / operator / subject decided per file before ingest (tasks/drive3_czi_gate.md). Claim: CONFIRMED.,759b95502d2101a1fe0e9e97b8fe3cc7e4e1c8265df1d0bfc5ccc6fe13098d3d,CONFIRMED,,
drive3_MJesus-MFB/Microscopio/Microscopio- MJesus Sanchez 2023/Female Diets/230619-KI67and SMA Dietas Female 0619/230619-KI67andSMA-ID190-20X-4.czi,AE-biomaGUNE-0619,MJ,,0619,190,230619-KI67andSMA-ID190-20X-4.czi,tissue,CELL_230619-KI67andSMA-ID190-20X-4.czi,Historical drive ingest 2026 (drive3_MJesus-MFB); project / researcher / operator / subject decided per file before ingest (tasks/drive3_czi_gate.md). Claim: CONFIRMED.,9273bbd5f5f28c64938bc7ffdd8ad814f9417344d97eebf252a3c6cd820a80db,CONFIRMED,,
drive3_MJesus-MFB/Microscopio/Microscopio- MJesus Sanchez 2023/Female Diets/230619-KI67and SMA Dietas Female 0619/230619-KI67andSMA-ID190-20X-5.czi,AE-biomaGUNE-0619,MJ,,0619,190,230619-KI67andSMA-ID190-20X-5.czi,tissue,CELL_230619-KI67andSMA-ID190-20X-5.czi,Historical drive ingest 2026 (drive3_MJesus-MFB); project / researcher / operator / subject decided per file before ingest (tasks/drive3_czi_gate.md). Claim: CONFIRMED.,d6960896001dee6e0d03adb1fd49a775389ccc09f3d522f12f9834dd5f3eba36,CONFIRMED,,
drive3_MJesus-MFB/Microscopio/Microscopio- MJesus Sanchez 2023/Female Diets/230619-KI67and SMA Dietas Female 0619/230619-KI67andSMA-ID190-20X-6.czi,AE-biomaGUNE-0619,MJ,,0619,190,230619-KI67andSMA-ID190-20X-6.czi,tissue,CELL_230619-KI67andSMA-ID190-20X-6.czi,Historical drive ingest 2026 (drive3_MJesus-MFB); project / researcher / operator / subject decided per file before ingest (tasks/drive3_czi_gate.md). Claim: CONFIRMED.,ce67d60de27685ab967b3ff3f46dc82b841d0a29001268bd2e3c039da2cc3d60,CONFIRMED,,
drive3_MJesus-MFB/Microscopio/Microscopio- MJesus Sanchez 2023/Female Diets/230619-KI67and SMA Dietas Female 0619/230619-KI67andSMA-ID190-20X-7.czi,AE-biomaGUNE-0619,MJ,,0619,190,230619-KI67andSMA-ID190-20X-7.czi,tissue,CELL_230619-KI67andSMA-ID190-20X-7.czi,Historical drive ingest 2026 (drive3_MJesus-MFB); project / researcher / operator / subject decided per file before ingest (tasks/drive3_czi_gate.md). Claim: CONFIRMED.,36cce7cc5cda3e55bee3bf6e89a55b3580f8f4b28f50846768b7815d7fe5a1e8,CONFIRMED,,
drive3_MJesus-MFB/Microscopio/Microscopio- MJesus Sanchez 2023/Female Diets/230619-KI67and SMA Dietas Female 0619/230619-KI67andSMA-ID190-20X-8.czi,AE-biomaGUNE-0619,MJ,,0619,190,230619-KI67andSMA-ID190-20X-8.czi,tissue,CELL_230619-KI67andSMA-ID190-20X-8.czi,Historical drive ingest 2026 (drive3_MJesus-MFB); project / researcher / operator / subject decided per file before ingest (tasks/drive3_czi_gate.md). Claim: CONFIRMED.,67d1cea8f52805234b8e958af9dc11fc81c331b6c80636f9173271f00742d659,CONFIRMED,,
drive3_MJesus-MFB/Microscopio/Microscopio- MJesus Sanchez 2023/Female Diets/230619-KI67and SMA Dietas Female 0619/230619-KI67andSMA-ID190-20X-9.czi,AE-biomaGUNE-0619,MJ,,0619,190,230619-KI67andSMA-ID190-20X-9.czi,tissue,CELL_230619-KI67andSMA-ID190-20X-9.czi,Historical drive ingest 2026 (drive3_MJesus-MFB); project / researcher / operator / subject decided per file before ingest (tasks/drive3_czi_gate.md). Claim: CONFIRMED.,deef36c10940a9159c4225c79b283ab0232095ec127dc2d9af500cf71ce50f14,CONFIRMED,,
drive3_MJesus-MFB/Microscopio/Microscopio- MJesus Sanchez 2023/Female Diets/230619-KI67and SMA Dietas Female 0619/230619-KI67andSMA-ID190-20X-Controlnegative.czi,AE-biomaGUNE-0619,MJ,,0619,190,230619-KI67andSMA-ID190-20X-Controlnegative.czi,tissue,CELL_230619-KI67andSMA-ID190-20X-Controlnegative.czi,Historical drive ingest 2026 (drive3_MJesus-MFB); project / researcher / operator / subject decided per file before ingest (tasks/drive3_czi_gate.md). Claim: CONFIRMED.,aec1b3f71d091534b8f6cd56b007de1d4f6a99ef691012230b2ea01cf4c79667,CONFIRMED,,
drive3_MJesus-MFB/Microscopio/Microscopio- MJesus Sanchez 2023/Female Diets/230619-KI67and SMA Dietas Female 0619/230619-KI67andSMA-ID191-20X-1.czi,AE-biomaGUNE-0619,MJ,,0619,191,230619-KI67andSMA-ID191-20X-1.czi,tissue,CELL_230619-KI67andSMA-ID191-20X-1.czi,Historical drive ingest 2026 (drive3_MJesus-MFB); project / researcher / operator / subject decided per file before ingest (tasks/drive3_czi_gate.md). Claim: CONFIRMED.,31c63427e1982c8dc1f97d361bb91e037b07f127048722c31bf2f5dccf260b30,CONFIRMED,,
drive3_MJesus-MFB/Microscopio/Microscopio- MJesus Sanchez 2023/Female Diets/230619-KI67and SMA Dietas Female 0619/230619-KI67andSMA-ID191-20X-2.czi,AE-biomaGUNE-0619,MJ,,0619,191,230619-KI67andSMA-ID191-20X-2.czi,tissue,CELL_230619-KI67andSMA-ID191-20X-2.czi,Historical drive ingest 2026 (drive3_MJesus-MFB); project / researcher / operator / subject decided per file before ingest (tasks/drive3_czi_gate.md). Claim: CONFIRMED.,50cc651c359725b811c8212c38e313b8c25b450086d8223d0bed5f71bcdd448f,CONFIRMED,,
drive3_MJesus-MFB/Microscopio/Microscopio- MJesus Sanchez 2023/Female Diets/230619-KI67and SMA Dietas Female 0619/230619-KI67andSMA-ID191-20X-3.czi,AE-biomaGUNE-0619,MJ,,0619,191,230619-KI67andSMA-ID191-20X-3.czi,tissue,CELL_230619-KI67andSMA-ID191-20X-3.czi,Historical drive ingest 2026 (drive3_MJesus-MFB); project / researcher / operator / subject decided per file before ingest (tasks/drive3_czi_gate.md). Claim: CONFIRMED.,c717beaf46524b0b89e24d179de886aa66ebdf1d2c681bfdda4ac392c3844d81,CONFIRMED,,
drive3_MJesus-MFB/Microscopio/Microscopio- MJesus Sanchez 2023/Female Diets/230619-KI67and SMA Dietas Female 0619/230619-KI67andSMA-ID191-20X-4.czi,AE-biomaGUNE-0619,MJ,,0619,191,230619-KI67andSMA-ID191-20X-4.czi,tissue,CELL_230619-KI67andSMA-ID191-20X-4.czi,Historical drive ingest 2026 (drive3_MJesus-MFB); project / researcher / operator / subject decided per file before ingest (tasks/drive3_czi_gate.md). Claim: CONFIRMED.,8af3f995d1205120fee02009db7842047c594060249e181df8325416a73a702a,CONFIRMED,,
drive3_MJesus-MFB/Microscopio/Microscopio- MJesus Sanchez 2023/Female Diets/230619-KI67and SMA Dietas Female 0619/230619-KI67andSMA-ID191-20X-5.czi,AE-biomaGUNE-0619,MJ,,0619,191,230619-KI67andSMA-ID191-20X-5.czi,tissue,CELL_230619-KI67andSMA-ID191-20X-5.czi,Historical drive ingest 2026 (drive3_MJesus-MFB); project / researcher / operator / subject decided per file before ingest (tasks/drive3_czi_gate.md). Claim: CONFIRMED.,8513293bfe070a906882178b66beed87a11282577a73cc86069bb5ed1f8cc636,CONFIRMED,,
drive3_MJesus-MFB/Microscopio/Microscopio- MJesus Sanchez 2023/Female Diets/230619-KI67and SMA Dietas Female 0619/230619-KI67andSMA-ID191-20X-6.czi,AE-biomaGUNE-0619,MJ,,0619,191,230619-KI67andSMA-ID191-20X-6.czi,tissue,CELL_230619-KI67andSMA-ID191-20X-6.czi,Historical drive ingest 2026 (drive3_MJesus-MFB); project / researcher / operator / subject decided per file before ingest (tasks/drive3_czi_gate.md). Claim: CONFIRMED.,0d197d858171d583db5ec011d6d320492249ba2b50d4b918fe1e18cd2ef3d6c3,CONFIRMED,,
drive3_MJesus-MFB/Microscopio/Microscopio- MJesus Sanchez 2023/Female Diets/230619-KI67and SMA Dietas Female 0619/230619-KI67andSMA-ID191-20X-7.czi,AE-biomaGUNE-0619,MJ,,0619,191,230619-KI67andSMA-ID191-20X-7.czi,tissue,CELL_230619-KI67andSMA-ID191-20X-7.czi,Historical drive ingest 2026 (drive3_MJesus-MFB); project / researcher / operator / subject decided per file before ingest (tasks/drive3_czi_gate.md). Claim: CONFIRMED.,1d718280e6cfb938a89470a3c3ba5d20082f88079ef0364ebacd000ee3ab1e6a,CONFIRMED,,
drive3_MJesus-MFB/Microscopio/Microscopio- MJesus Sanchez 2023/Female Diets/230619-KI67and SMA Dietas Female 0619/230619-KI67andSMA-ID197-20X-1.czi,AE-biomaGUNE-0619,MJ,,0619,197,230619-KI67andSMA-ID197-20X-1.czi,tissue,CELL_230619-KI67andSMA-ID197-20X-1.czi,Historical drive ingest 2026 (drive3_MJesus-MFB); project / researcher / operator / subject decided per file before ingest (tasks/drive3_czi_gate.md). Claim: CONFIRMED.,283a5d4c9048b67034525722ee8b5a73a2525222f838ca8084bbcb2a75c64419,CONFIRMED,,
drive3_MJesus-MFB/Microscopio/Microscopio- MJesus Sanchez 2023/Female Diets/230619-KI67and SMA Dietas Female 0619/230619-KI67andSMA-ID197-20X-2.czi,AE-biomaGUNE-0619,MJ,,0619,197,230619-KI67andSMA-ID197-20X-2.czi,tissue,CELL_230619-KI67andSMA-ID197-20X-2.czi,Historical drive ingest 2026 (drive3_MJesus-MFB); project / researcher / operator / subject decided per file before ingest (tasks/drive3_czi_gate.md). Claim: CONFIRMED.,c6b2bda22bd3512c153dac6aec3526d7afa6b589f0721a75420e10d203a0ae3e,CONFIRMED,,
drive3_MJesus-MFB/Microscopio/Microscopio- MJesus Sanchez 2023/Female Diets/230619-KI67and SMA Dietas Female 0619/230619-KI67andSMA-ID197-20X-3.czi,AE-biomaGUNE-0619,MJ,,0619,197,230619-KI67andSMA-ID197-20X-3.czi,tissue,CELL_230619-KI67andSMA-ID197-20X-3.czi,Historical drive ingest 2026 (drive3_MJesus-MFB); project / researcher / operator / subject decided per file before ingest (tasks/drive3_czi_gate.md). Claim: CONFIRMED.,7f9573129c6997ba5cc0935b59c9448c87ed42b0912bc931b31f90ecb027e774,CONFIRMED,,
drive3_MJesus-MFB/Microscopio/Microscopio- MJesus Sanchez 2023/Female Diets/230619-KI67and SMA Dietas Female 0619/230619-KI67andSMA-ID197-20X-4.czi,AE-biomaGUNE-0619,MJ,,0619,197,230619-KI67andSMA-ID197-20X-4.czi,tissue,CELL_230619-KI67andSMA-ID197-20X-4.czi,Historical drive ingest 2026 (drive3_MJesus-MFB); project / researcher / operator / subject decided per file before ingest (tasks/drive3_czi_gate.md). Claim: CONFIRMED.,671219c36c7e922affa6494fd62f020bed1cc350f6da211af4a3ff1e920dddcf,CONFIRMED,,
drive3_MJesus-MFB/Microscopio/Microscopio- MJesus Sanchez 2023/Female Diets/230619-KI67and SMA Dietas Female 0619/230619-KI67andSMA-ID197-20X-5.czi,AE-biomaGUNE-0619,MJ,,0619,197,230619-KI67andSMA-ID197-20X-5.czi,tissue,CELL_230619-KI67andSMA-ID197-20X-5.czi,Historical drive ingest 2026 (drive3_MJesus-MFB); project / researcher / operator / subject decided per file before ingest (tasks/drive3_czi_gate.md). Claim: CONFIRMED.,1c9f94955928564e978fbc48b659c897c4d88c64d5452fdfdebcf587a86bca0b,CONFIRMED,,
drive3_MJesus-MFB/Microscopio/Microscopio- MJesus Sanchez 2023/Female Diets/230619-KI67and SMA Dietas Female 0619/230619-KI67andSMA-ID197-20X-6.czi,AE-biomaGUNE-0619,MJ,,0619,197,230619-KI67andSMA-ID197-20X-6.czi,tissue,CELL_230619-KI67andSMA-ID197-20X-6.czi,Historical drive ingest 2026 (drive3_MJesus-MFB); project / researcher / operator / subject decided per file before ingest (tasks/drive3_czi_gate.md). Claim: CONFIRMED.,d86d3e87fcfb7400757d9cf346768196adc9c7aab17f9b0a6f61d0483aff4e68,CONFIRMED,,
drive3_MJesus-MFB/Microscopio/Microscopio- MJesus Sanchez 2023/Female Diets/230619-KI67and SMA Dietas Female 0619/230619-KI67andSMA-ID197-20X-7.czi,AE-biomaGUNE-0619,MJ,,0619,197,230619-KI67andSMA-ID197-20X-7.czi,tissue,CELL_230619-KI67andSMA-ID197-20X-7.czi,Historical drive ingest 2026 (drive3_MJesus-MFB); project / researcher / operator / subject decided per file before ingest (tasks/drive3_czi_gate.md). Claim: CONFIRMED.,c330a54a987a3c6590cb9c6fe77281fab8b56e0987d9e02b4483ea0f8d02cdeb,CONFIRMED,,
drive3_MJesus-MFB/Microscopio/Microscopio- MJesus Sanchez 2023/Female Diets/230619-KI67and SMA Dietas Female 0619/230619-KI67andSMA-ID197-20X-8.czi,AE-biomaGUNE-0619,MJ,,0619,197,230619-KI67andSMA-ID197-20X-8.czi,tissue,CELL_230619-KI67andSMA-ID197-20X-8.czi,Historical drive ingest 2026 (drive3_MJesus-MFB); project / researcher / operator / subject decided per file before ingest (tasks/drive3_czi_gate.md). Claim: CONFIRMED.,cff9396a0eab8be3835229c6f274d57f0719b1f939939f563ee1820b4b678222,CONFIRMED,,
drive3_MJesus-MFB/Microscopio/Microscopio- MJesus Sanchez 2023/Female Diets/230619-KI67and SMA Dietas Female 0619/230619-KI67andSMA-ID197-20X-9.czi,AE-biomaGUNE-0619,MJ,,0619,197,230619-KI67andSMA-ID197-20X-9.czi,tissue,CELL_230619-KI67andSMA-ID197-20X-9.czi,Historical drive ingest 2026 (drive3_MJesus-MFB); project / researcher / operator / subject decided per file before ingest (tasks/drive3_czi_gate.md). Claim: CONFIRMED.,50bced2ef6fd3451b75f46016a7fc4cf5383a3c63c6ed099dbd41c4649abcf95,CONFIRMED,,
drive3_MJesus-MFB/Microscopio/Microscopio- MJesus Sanchez 2023/Female Diets/230619-KI67and SMA Dietas Female 0619/230619-KI67andSMA-ID198-20X-1.czi,AE-biomaGUNE-0619,MJ,,0619,198,230619-KI67andSMA-ID198-20X-1.czi,tissue,CELL_230619-KI67andSMA-ID198-20X-1.czi,Historical drive ingest 2026 (drive3_MJesus-MFB); project / researcher / operator / subject decided per file before ingest (tasks/drive3_czi_gate.md). Claim: CONFIRMED.,36871b6a354019cf6af0124c1bb127a37d03b24b3aa0a0404be45680f26ed2dd,CONFIRMED,,
drive3_MJesus-MFB/Microscopio/Microscopio- MJesus Sanchez 2023/Female Diets/230619-KI67and SMA Dietas Female 0619/230619-KI67andSMA-ID198-20X-10.czi,AE-biomaGUNE-0619,MJ,,0619,198,230619-KI67andSMA-ID198-20X-10.czi,tissue,CELL_230619-KI67andSMA-ID198-20X-10.czi,Historical drive ingest 2026 (drive3_MJesus-MFB); project / researcher / operator / subject decided per file before ingest (tasks/drive3_czi_gate.md). Claim: CONFIRMED.,76ac6fc858062800cf0bd35756cede4a9867f3d30bdf4ed2eeb0b866ba1707e9,CONFIRMED,,
drive3_MJesus-MFB/Microscopio/Microscopio- MJesus Sanchez 2023/Female Diets/230619-KI67and SMA Dietas Female 0619/230619-KI67andSMA-ID198-20X-2.czi,AE-biomaGUNE-0619,MJ,,0619,198,230619-KI67andSMA-ID198-20X-2.czi,tissue,CELL_230619-KI67andSMA-ID198-20X-2.czi,Historical drive ingest 2026 (drive3_MJesus-MFB); project / researcher / operator / subject decided per file before ingest (tasks/drive3_czi_gate.md). Claim: CONFIRMED.,3a68303d9f89a3a5fa96e567f3ee9e10cbeb22cace462e47275e9561e6544f40,CONFIRMED,,
drive3_MJesus-MFB/Microscopio/Microscopio- MJesus Sanchez 2023/Female Diets/230619-KI67and SMA Dietas Female 0619/230619-KI67andSMA-ID198-20X-3.czi,AE-biomaGUNE-0619,MJ,,0619,198,230619-KI67andSMA-ID198-20X-3.czi,tissue,CELL_230619-KI67andSMA-ID198-20X-3.czi,Historical drive ingest 2026 (drive3_MJesus-MFB); project / researcher / operator / subject decided per file before ingest (tasks/drive3_czi_gate.md). Claim: CONFIRMED.,e2905f011ef379204d6ba5f81d6d3531716440386010e5e1a9b1a02b7c97ab9f,CONFIRMED,,
drive3_MJesus-MFB/Microscopio/Microscopio- MJesus Sanchez 2023/Female Diets/230619-KI67and SMA Dietas Female 0619/230619-KI67andSMA-ID198-20X-4.czi,AE-biomaGUNE-0619,MJ,,0619,198,230619-KI67andSMA-ID198-20X-4.czi,tissue,CELL_230619-KI67andSMA-ID198-20X-4.czi,Historical drive ingest 2026 (drive3_MJesus-MFB); project / researcher / operator / subject decided per file before ingest (tasks/drive3_czi_gate.md). Claim: CONFIRMED.,77e947f5fc998e114b4a385b5ea5beb98a89023f2a80aea6de9530fc70716327,CONFIRMED,,
drive3_MJesus-MFB/Microscopio/Microscopio- MJesus Sanchez 2023/Female Diets/230619-KI67and SMA Dietas Female 0619/230619-KI67andSMA-ID198-20X-5.czi,AE-biomaGUNE-0619,MJ,,0619,198,230619-KI67andSMA-ID198-20X-5.czi,tissue,CELL_230619-KI67andSMA-ID198-20X-5.czi,Historical drive ingest 2026 (drive3_MJesus-MFB); project / researcher / operator / subject decided per file before ingest (tasks/drive3_czi_gate.md). Claim: CONFIRMED.,8c129bbca09edbdaa3a62f3923af81195c804e0d02c9a0bbed440568a0ded116,CONFIRMED,,
drive3_MJesus-MFB/Microscopio/Microscopio- MJesus Sanchez 2023/Female Diets/230619-KI67and SMA Dietas Female 0619/230619-KI67andSMA-ID198-20X-6.czi,AE-biomaGUNE-0619,MJ,,0619,198,230619-KI67andSMA-ID198-20X-6.czi,tissue,CELL_230619-KI67andSMA-ID198-20X-6.czi,Historical drive ingest 2026 (drive3_MJesus-MFB); project / researcher / operator / subject decided per file before ingest (tasks/drive3_czi_gate.md). Claim: CONFIRMED.,757069c9cca86c9df2445f8b88e0bdf184d05a8df58a8833a26d522a9c18bab4,CONFIRMED,,
drive3_MJesus-MFB/Microscopio/Microscopio- MJesus Sanchez 2023/Female Diets/230619-KI67and SMA Dietas Female 0619/230619-KI67andSMA-ID198-20X-7.czi,AE-biomaGUNE-0619,MJ,,0619,198,230619-KI67andSMA-ID198-20X-7.czi,tissue,CELL_230619-KI67andSMA-ID198-20X-7.czi,Historical drive ingest 2026 (drive3_MJesus-MFB); project / researcher / operator / subject decided per file before ingest (tasks/drive3_czi_gate.md). Claim: CONFIRMED.,06ff7bdb54f0371044fd87de96ef9ae6ec71b7e74079d2d271bf1b5bd9c62bcb,CONFIRMED,,
drive3_MJesus-MFB/Microscopio/Microscopio- MJesus Sanchez 2023/Female Diets/230619-KI67and SMA Dietas Female 0619/230619-KI67andSMA-ID198-20X-8.czi,AE-biomaGUNE-0619,MJ,,0619,198,230619-KI67andSMA-ID198-20X-8.czi,tissue,CELL_230619-KI67andSMA-ID198-20X-8.czi,Historical drive ingest 2026 (drive3_MJesus-MFB); project / researcher / operator / subject decided per file before ingest (tasks/drive3_czi_gate.md). Claim: CONFIRMED.,8877d14632fb18593405ef3355d0f329d3de9220d931f3f8f8ecbfcba5de746c,CONFIRMED,,
drive3_MJesus-MFB/Microscopio/Microscopio- MJesus Sanchez 2023/Female Diets/230619-KI67and SMA Dietas Female 0619/230619-KI67andSMA-ID198-20X-9.czi,AE-biomaGUNE-0619,MJ,,0619,198,230619-KI67andSMA-ID198-20X-9.czi,tissue,CELL_230619-KI67andSMA-ID198-20X-9.czi,Historical drive ingest 2026 (drive3_MJesus-MFB); project / researcher / operator / subject decided per file before ingest (tasks/drive3_czi_gate.md). Claim: CONFIRMED.,dbd78cf1fd91cd7dd08fcd059ec7b2ef112469afb9cd6b7f2ce6c728e27fa5c3,CONFIRMED,,
drive3_MJesus-MFB/Microscopio/Microscopio- MJesus Sanchez 2023/Female Diets/230619-KI67and SMA Dietas Female 0619/230619-KI67andSMA-ID199-20X-1.czi,AE-biomaGUNE-0619,MJ,,0619,199,230619-KI67andSMA-ID199-20X-1.czi,tissue,CELL_230619-KI67andSMA-ID199-20X-1.czi,Historical drive ingest 2026 (drive3_MJesus-MFB); project / researcher / operator / subject decided per file before ingest (tasks/drive3_czi_gate.md). Claim: CONFIRMED.,a3661738f2616a8da7fb1f75ede3c5749271fdbc281fba2d0a461297a57641d3,CONFIRMED,,
drive3_MJesus-MFB/Microscopio/Microscopio- MJesus Sanchez 2023/Female Diets/230619-KI67and SMA Dietas Female 0619/230619-KI67andSMA-ID199-20X-2.czi,AE-biomaGUNE-0619,MJ,,0619,199,230619-KI67andSMA-ID199-20X-2.czi,tissue,CELL_230619-KI67andSMA-ID199-20X-2.czi,Historical drive ingest 2026 (drive3_MJesus-MFB); project / researcher / operator / subject decided per file before ingest (tasks/drive3_czi_gate.md). Claim: CONFIRMED.,3a43b1bdd82d5e3badec509eeefcf8dd8a5b88a0c4e3d7bb228b75a4606b1205,CONFIRMED,,
drive3_MJesus-MFB/Microscopio/Microscopio- MJesus Sanchez 2023/Female Diets/230619-KI67and SMA Dietas Female 0619/230619-KI67andSMA-ID199-20X-3.czi,AE-biomaGUNE-0619,MJ,,0619,199,230619-KI67andSMA-ID199-20X-3.czi,tissue,CELL_230619-KI67andSMA-ID199-20X-3.czi,Historical drive ingest 2026 (drive3_MJesus-MFB); project / researcher / operator / subject decided per file before ingest (tasks/drive3_czi_gate.md). Claim: CONFIRMED.,84cc26a43666142e7b45e779b11b0bc3e187a8268f370df3d99447e37a860463,CONFIRMED,,
drive3_MJesus-MFB/Microscopio/Microscopio- MJesus Sanchez 2023/Female Diets/230619-KI67and SMA Dietas Female 0619/230619-KI67andSMA-ID199-20X-4.czi,AE-biomaGUNE-0619,MJ,,0619,199,230619-KI67andSMA-ID199-20X-4.czi,tissue,CELL_230619-KI67andSMA-ID199-20X-4.czi,Historical drive ingest 2026 (drive3_MJesus-MFB); project / researcher / operator / subject decided per file before ingest (tasks/drive3_czi_gate.md). Claim: CONFIRMED.,76b6f27bdf0b0020ab4188bb7cc2a06f6a8204ecbad6c7d15a0f3f654d164c23,CONFIRMED,,
drive3_MJesus-MFB/Microscopio/Microscopio- MJesus Sanchez 2023/Female Diets/230619-KI67and SMA Dietas Female 0619/230619-KI67andSMA-ID199-20X-5.czi,AE-biomaGUNE-0619,MJ,,0619,199,230619-KI67andSMA-ID199-20X-5.czi,tissue,CELL_230619-KI67andSMA-ID199-20X-5.czi,Historical drive ingest 2026 (drive3_MJesus-MFB); project / researcher / operator / subject decided per file before ingest (tasks/drive3_czi_gate.md). Claim: CONFIRMED.,3919d76661f2304af09ef1424623164b6a6ea408cd13a83db7cdbc8e654ee81c,CONFIRMED,,
drive3_MJesus-MFB/Microscopio/Microscopio- MJesus Sanchez 2023/Female Diets/230619-KI67and SMA Dietas Female 0619/230619-KI67andSMA-ID199-20X-6.czi,AE-biomaGUNE-0619,MJ,,0619,199,230619-KI67andSMA-ID199-20X-6.czi,tissue,CELL_230619-KI67andSMA-ID199-20X-6.czi,Historical drive ingest 2026 (drive3_MJesus-MFB); project / researcher / operator / subject decided per file before ingest (tasks/drive3_czi_gate.md). Claim: CONFIRMED.,536587e0cf9552651b4eb7e2a31ee15a5a6aaa8893de0570b85a45417257a427,CONFIRMED,,
drive3_MJesus-MFB/Microscopio/Microscopio- MJesus Sanchez 2023/Female Diets/230619-KI67and SMA Dietas Female 0619/230619-KI67andSMA-ID199-20X-7.czi,AE-biomaGUNE-0619,MJ,,0619,199,230619-KI67andSMA-ID199-20X-7.czi,tissue,CELL_230619-KI67andSMA-ID199-20X-7.czi,Historical drive ingest 2026 (drive3_MJesus-MFB); project / researcher / operator / subject decided per file before ingest (tasks/drive3_czi_gate.md). Claim: CONFIRMED.,c16d2c804df4adab9aafbd0ae1ff766580cd8f69e1e8522e993215ebc0c4fdf3,CONFIRMED,,
drive3_MJesus-MFB/Microscopio/Microscopio- MJesus Sanchez 2023/Female Diets/230619-KI67and SMA Dietas Female 0619/230619-KI67andSMA-ID199-20X-8.czi,AE-biomaGUNE-0619,MJ,,0619,199,230619-KI67andSMA-ID199-20X-8.czi,tissue,CELL_230619-KI67andSMA-ID199-20X-8.czi,Historical drive ingest 2026 (drive3_MJesus-MFB); project / researcher / operator / subject decided per file before ingest (tasks/drive3_czi_gate.md). Claim: CONFIRMED.,808eca6e93ded96fa60cf33c95a72d330775691a4121ed5fb17d3d701a850d2e,CONFIRMED,,
drive3_MJesus-MFB/Microscopio/Microscopio- MJesus Sanchez 2023/Female Diets/230619-KI67and SMA Dietas Female 0619/230619-KI67andSMA-ID199-20X-9.czi,AE-biomaGUNE-0619,MJ,,0619,199,230619-KI67andSMA-ID199-20X-9.czi,tissue,CELL_230619-KI67andSMA-ID199-20X-9.czi,Historical drive ingest 2026 (drive3_MJesus-MFB); project / researcher / operator / subject decided per file before ingest (tasks/drive3_czi_gate.md). Claim: CONFIRMED.,7901fb18b1abbcede3f5605a2ced88e85864e8f3979449a51567a92c7f3cea67,CONFIRMED,,
drive3_MJesus-MFB/Microscopio/Microscopio- MJesus Sanchez 2023/Female Diets/230718_Masson_20x_0619_Female diets/230718_ID190_10x-1.czi,AE-biomaGUNE-0619,MJ,,0619,190,230718_ID190_10x-1.czi,tissue,CELL_230718_ID190_10x-1.czi,Historical drive ingest 2026 (drive3_MJesus-MFB); project / researcher / operator / subject decided per file before ingest (tasks/drive3_czi_gate.md). Claim: CONFIRMED.,3294b6309a56540d74c8345cfe4c67012d729b2bff3b55cdc90d98c154870a93,CONFIRMED,,
drive3_MJesus-MFB/Microscopio/Microscopio- MJesus Sanchez 2023/Female Diets/230718_Masson_20x_0619_Female diets/230718_ID190_10x-Tiles.czi,AE-biomaGUNE-0619,MJ,,0619,190,230718_ID190_10x-Tiles.czi,tissue,CELL_230718_ID190_10x-Tiles.czi,Historical drive ingest 2026 (drive3_MJesus-MFB); project / researcher / operator / subject decided per file before ingest (tasks/drive3_czi_gate.md). Claim: CONFIRMED.,36b49ccbb9d948bfabbf91176d843435c27bb3357b072d628f75a6b295d8d568,CONFIRMED,,
drive3_MJesus-MFB/Microscopio/Microscopio- MJesus Sanchez 2023/Female Diets/230718_Masson_20x_0619_Female diets/230718_ID190_20x-1.czi,AE-biomaGUNE-0619,MJ,,0619,190,230718_ID190_20x-1.czi,tissue,CELL_230718_ID190_20x-1.czi,Historical drive ingest 2026 (drive3_MJesus-MFB); project / researcher / operator / subject decided per file before ingest (tasks/drive3_czi_gate.md). Claim: CONFIRMED; 1 derivative file(s) of it (same acquisition second) are kept as non-raw material in the project folder.,e43b71adda3e02daeef3d5bb82ffb7d40976df6249b859a4efca2c8f5d1f0b49,CONFIRMED,,
drive3_MJesus-MFB/Microscopio/Microscopio- MJesus Sanchez 2023/Female Diets/230718_Masson_20x_0619_Female diets/230718_ID190_20x-2.czi,AE-biomaGUNE-0619,MJ,,0619,190,230718_ID190_20x-2.czi,tissue,CELL_230718_ID190_20x-2.czi,Historical drive ingest 2026 (drive3_MJesus-MFB); project / researcher / operator / subject decided per file before ingest (tasks/drive3_czi_gate.md). Claim: CONFIRMED.,8d6e2b7b16d77b13e75629c0a938a652fb9b3c7e5f4a3722c5158058d9fc08c6,CONFIRMED,,
drive3_MJesus-MFB/Microscopio/Microscopio- MJesus Sanchez 2023/Female Diets/230718_Masson_20x_0619_Female diets/230718_ID190_20x-3.czi,AE-biomaGUNE-0619,MJ,,0619,190,230718_ID190_20x-3.czi,tissue,CELL_230718_ID190_20x-3.czi,Historical drive ingest 2026 (drive3_MJesus-MFB); project / researcher / operator / subject decided per file before ingest (tasks/drive3_czi_gate.md). Claim: CONFIRMED.,c0a528231e4912f1dd7383c396c342c71bd3b51ee8bf036bf0243bb4e5240328,CONFIRMED,,
drive3_MJesus-MFB/Microscopio/Microscopio- MJesus Sanchez 2023/Female Diets/230718_Masson_20x_0619_Female diets/230718_ID190_20x-4.czi,AE-biomaGUNE-0619,MJ,,0619,190,230718_ID190_20x-4.czi,tissue,CELL_230718_ID190_20x-4.czi,Historical drive ingest 2026 (drive3_MJesus-MFB); project / researcher / operator / subject decided per file before ingest (tasks/drive3_czi_gate.md). Claim: CONFIRMED.,961ece18aed165a01530ce3ba4678b2cf29d244e270e4a6ebded19a46eb99980,CONFIRMED,,
drive3_MJesus-MFB/Microscopio/Microscopio- MJesus Sanchez 2023/Female Diets/230718_Masson_20x_0619_Female diets/230718_ID190_20x-5.czi,AE-biomaGUNE-0619,MJ,,0619,190,230718_ID190_20x-5.czi,tissue,CELL_230718_ID190_20x-5.czi,Historical drive ingest 2026 (drive3_MJesus-MFB); project / researcher / operator / subject decided per file before ingest (tasks/drive3_czi_gate.md). Claim: CONFIRMED.,46c5d6dd16a3625104393e2a649265b146fe4610e09631b4f2169814e68f7cb1,CONFIRMED,,
drive3_MJesus-MFB/Microscopio/Microscopio- MJesus Sanchez 2023/Female Diets/230718_Masson_20x_0619_Female diets/230718_ID190_20x-6.czi,AE-biomaGUNE-0619,MJ,,0619,190,230718_ID190_20x-6.czi,tissue,CELL_230718_ID190_20x-6.czi,Historical drive ingest 2026 (drive3_MJesus-MFB); project / researcher / operator / subject decided per file before ingest (tasks/drive3_czi_gate.md). Claim: CONFIRMED.,8b791f0a47691f40bfd0eba6039ad331548cf2576b64068601c56c7f65b00f1e,CONFIRMED,,
drive3_MJesus-MFB/Microscopio/Microscopio- MJesus Sanchez 2023/Female Diets/230718_Masson_20x_0619_Female diets/230718_ID190_20x-7.czi,AE-biomaGUNE-0619,MJ,,0619,190,230718_ID190_20x-7.czi,tissue,CELL_230718_ID190_20x-7.czi,Historical drive ingest 2026 (drive3_MJesus-MFB); project / researcher / operator / subject decided per file before ingest (tasks/drive3_czi_gate.md). Claim: CONFIRMED.,c66b301f1268d35e4483161efb2678df4680d757cfaac49e1d29732448695d4e,CONFIRMED,,
drive3_MJesus-MFB/Microscopio/Microscopio- MJesus Sanchez 2023/Female Diets/230718_Masson_20x_0619_Female diets/230718_ID190_20x-8.czi,AE-biomaGUNE-0619,MJ,,0619,190,230718_ID190_20x-8.czi,tissue,CELL_230718_ID190_20x-8.czi,Historical drive ingest 2026 (drive3_MJesus-MFB); project / researcher / operator / subject decided per file before ingest (tasks/drive3_czi_gate.md). Claim: CONFIRMED.,3f75cb209bc2d2a302314e91615b237cb3369fc2c6564c2c5db5f8b0646b5c3c,CONFIRMED,,
drive3_MJesus-MFB/Microscopio/Microscopio- MJesus Sanchez 2023/Female Diets/230718_Masson_20x_0619_Female diets/230718_ID190_20x-9.czi,AE-biomaGUNE-0619,MJ,,0619,190,230718_ID190_20x-9.czi,tissue,CELL_230718_ID190_20x-9.czi,Historical drive ingest 2026 (drive3_MJesus-MFB); project / researcher / operator / subject decided per file before ingest (tasks/drive3_czi_gate.md). Claim: CONFIRMED.,bd228ca5a9a117985a42ee3d610b5a5e132d2035bc49fcc21bb6e77625f421aa,CONFIRMED,,
drive3_MJesus-MFB/Microscopio/Microscopio- MJesus Sanchez 2023/Female Diets/230718_Masson_20x_0619_Female diets/230718_ID191_20x-1.czi,AE-biomaGUNE-0619,MJ,,0619,191,230718_ID191_20x-1.czi,tissue,CELL_230718_ID191_20x-1.czi,Historical drive ingest 2026 (drive3_MJesus-MFB); project / researcher / operator / subject decided per file before ingest (tasks/drive3_czi_gate.md). Claim: CONFIRMED.,0cf86c8a9d8c4a5c69c9c05d73cfa9872ae34ab7081f4062449c2b7183ed91f2,CONFIRMED,,
drive3_MJesus-MFB/Microscopio/Microscopio- MJesus Sanchez 2023/Female Diets/230718_Masson_20x_0619_Female diets/230718_ID191_20x-10.czi,AE-biomaGUNE-0619,MJ,,0619,191,230718_ID191_20x-10.czi,tissue,CELL_230718_ID191_20x-10.czi,Historical drive ingest 2026 (drive3_MJesus-MFB); project / researcher / operator / subject decided per file before ingest (tasks/drive3_czi_gate.md). Claim: CONFIRMED.,7616cfc015c7995f4987fa0f52707eddc4f01c27e98a9f780a2d609828dd5ab9,CONFIRMED,,
drive3_MJesus-MFB/Microscopio/Microscopio- MJesus Sanchez 2023/Female Diets/230718_Masson_20x_0619_Female diets/230718_ID191_20x-2.czi,AE-biomaGUNE-0619,MJ,,0619,191,230718_ID191_20x-2.czi,tissue,CELL_230718_ID191_20x-2.czi,Historical drive ingest 2026 (drive3_MJesus-MFB); project / researcher / operator / subject decided per file before ingest (tasks/drive3_czi_gate.md). Claim: CONFIRMED.,57cf579115587a8184dd87ad88d11b64a1d2eb3e0835391fdff886bb34bdd1fa,CONFIRMED,,
drive3_MJesus-MFB/Microscopio/Microscopio- MJesus Sanchez 2023/Female Diets/230718_Masson_20x_0619_Female diets/230718_ID191_20x-3.czi,AE-biomaGUNE-0619,MJ,,0619,191,230718_ID191_20x-3.czi,tissue,CELL_230718_ID191_20x-3.czi,Historical drive ingest 2026 (drive3_MJesus-MFB); project / researcher / operator / subject decided per file before ingest (tasks/drive3_czi_gate.md). Claim: CONFIRMED.,bacb1149a07eab8db7f8b614550d68a7be7a7067718b24cc4cf6e093d5d11959,CONFIRMED,,
drive3_MJesus-MFB/Microscopio/Microscopio- MJesus Sanchez 2023/Female Diets/230718_Masson_20x_0619_Female diets/230718_ID191_20x-4.czi,AE-biomaGUNE-0619,MJ,,0619,191,230718_ID191_20x-4.czi,tissue,CELL_230718_ID191_20x-4.czi,Historical drive ingest 2026 (drive3_MJesus-MFB); project / researcher / operator / subject decided per file before ingest (tasks/drive3_czi_gate.md). Claim: CONFIRMED.,93cb03850123b3d2086efdef9358e0131e1319689fd02dded30402ec004c0d11,CONFIRMED,,
drive3_MJesus-MFB/Microscopio/Microscopio- MJesus Sanchez 2023/Female Diets/230718_Masson_20x_0619_Female diets/230718_ID191_20x-5.czi,AE-biomaGUNE-0619,MJ,,0619,191,230718_ID191_20x-5.czi,tissue,CELL_230718_ID191_20x-5.czi,Historical drive ingest 2026 (drive3_MJesus-MFB); project / researcher / operator / subject decided per file before ingest (tasks/drive3_czi_gate.md). Claim: CONFIRMED.,b471751a2ed12fb5983b6c290e4f702fb87034e364e5fe9e24cc6252a011c8a8,CONFIRMED,,
drive3_MJesus-MFB/Microscopio/Microscopio- MJesus Sanchez 2023/Female Diets/230718_Masson_20x_0619_Female diets/230718_ID191_20x-6.czi,AE-biomaGUNE-0619,MJ,,0619,191,230718_ID191_20x-6.czi,tissue,CELL_230718_ID191_20x-6.czi,Historical drive ingest 2026 (drive3_MJesus-MFB); project / researcher / operator / subject decided per file before ingest (tasks/drive3_czi_gate.md). Claim: CONFIRMED.,3bc35230f7c5f7f0132f5ab23dfbd6a303bc76288eb50d9f28e31584f079d98b,CONFIRMED,,
drive3_MJesus-MFB/Microscopio/Microscopio- MJesus Sanchez 2023/Female Diets/230718_Masson_20x_0619_Female diets/230718_ID191_20x-7.czi,AE-biomaGUNE-0619,MJ,,0619,191,230718_ID191_20x-7.czi,tissue,CELL_230718_ID191_20x-7.czi,Historical drive ingest 2026 (drive3_MJesus-MFB); project / researcher / operator / subject decided per file before ingest (tasks/drive3_czi_gate.md). Claim: CONFIRMED.,621641a4b9242f0e738b0e87b42f2a1f5a2e70a41cc42d7081e602b7b2232905,CONFIRMED,,
drive3_MJesus-MFB/Microscopio/Microscopio- MJesus Sanchez 2023/Female Diets/230718_Masson_20x_0619_Female diets/230718_ID191_20x-8.czi,AE-biomaGUNE-0619,MJ,,0619,191,230718_ID191_20x-8.czi,tissue,CELL_230718_ID191_20x-8.czi,Historical drive ingest 2026 (drive3_MJesus-MFB); project / researcher / operator / subject decided per file before ingest (tasks/drive3_czi_gate.md). Claim: CONFIRMED.,8bb54bb75938080db5151581f9f3acfdacb127d767315edf2effc99600796842,CONFIRMED,,
drive3_MJesus-MFB/Microscopio/Microscopio- MJesus Sanchez 2023/Female Diets/230718_Masson_20x_0619_Female diets/230718_ID191_20x-9.czi,AE-biomaGUNE-0619,MJ,,0619,191,230718_ID191_20x-9.czi,tissue,CELL_230718_ID191_20x-9.czi,Historical drive ingest 2026 (drive3_MJesus-MFB); project / researcher / operator / subject decided per file before ingest (tasks/drive3_czi_gate.md). Claim: CONFIRMED.,452a60455b0309d339e87413bad54e69863d24534136b7a73b19ebd8d4f297c5,CONFIRMED,,
drive3_MJesus-MFB/Microscopio/Microscopio- MJesus Sanchez 2023/Female Diets/230718_Masson_20x_0619_Female diets/230718_ID192_20x-1.czi,AE-biomaGUNE-0619,MJ,,0619,192,230718_ID192_20x-1.czi,tissue,CELL_230718_ID192_20x-1.czi,Historical drive ingest 2026 (drive3_MJesus-MFB); project / researcher / operator / subject decided per file before ingest (tasks/drive3_czi_gate.md). Claim: CONFIRMED.,0d31dc03af05b763578f493f4f621454cfa39187a7ac94b37b6dadcabaab50f5,CONFIRMED,,
drive3_MJesus-MFB/Microscopio/Microscopio- MJesus Sanchez 2023/Female Diets/230718_Masson_20x_0619_Female diets/230718_ID192_20x-10.czi,AE-biomaGUNE-0619,MJ,,0619,192,230718_ID192_20x-10.czi,tissue,CELL_230718_ID192_20x-10.czi,Historical drive ingest 2026 (drive3_MJesus-MFB); project / researcher / operator / subject decided per file before ingest (tasks/drive3_czi_gate.md). Claim: CONFIRMED.,482384a8795a5705eca3b78bbb4daa43e8391e092185c56961dd7f7f27995e38,CONFIRMED,,
drive3_MJesus-MFB/Microscopio/Microscopio- MJesus Sanchez 2023/Female Diets/230718_Masson_20x_0619_Female diets/230718_ID192_20x-11.czi,AE-biomaGUNE-0619,MJ,,0619,192,230718_ID192_20x-11.czi,tissue,CELL_230718_ID192_20x-11.czi,Historical drive ingest 2026 (drive3_MJesus-MFB); project / researcher / operator / subject decided per file before ingest (tasks/drive3_czi_gate.md). Claim: CONFIRMED.,20a85150e78076b7352867e03c38b82e57024e75aa8c10d21ed35d7719101646,CONFIRMED,,
drive3_MJesus-MFB/Microscopio/Microscopio- MJesus Sanchez 2023/Female Diets/230718_Masson_20x_0619_Female diets/230718_ID192_20x-12.czi,AE-biomaGUNE-0619,MJ,,0619,192,230718_ID192_20x-12.czi,tissue,CELL_230718_ID192_20x-12.czi,Historical drive ingest 2026 (drive3_MJesus-MFB); project / researcher / operator / subject decided per file before ingest (tasks/drive3_czi_gate.md). Claim: CONFIRMED.,ce73291401eb270e96fd01366a828052a1cf5b366cd2ee0ee7af604e47f9cdd4,CONFIRMED,,
drive3_MJesus-MFB/Microscopio/Microscopio- MJesus Sanchez 2023/Female Diets/230718_Masson_20x_0619_Female diets/230718_ID192_20x-13.czi,AE-biomaGUNE-0619,MJ,,0619,192,230718_ID192_20x-13.czi,tissue,CELL_230718_ID192_20x-13.czi,Historical drive ingest 2026 (drive3_MJesus-MFB); project / researcher / operator / subject decided per file before ingest (tasks/drive3_czi_gate.md). Claim: CONFIRMED.,1780e1e3a6e05d2c652498103ed4b24beb11e5393f16805eb5c4d5e8da41ed5c,CONFIRMED,,
drive3_MJesus-MFB/Microscopio/Microscopio- MJesus Sanchez 2023/Female Diets/230718_Masson_20x_0619_Female diets/230718_ID192_20x-14.czi,AE-biomaGUNE-0619,MJ,,0619,192,230718_ID192_20x-14.czi,tissue,CELL_230718_ID192_20x-14.czi,Historical drive ingest 2026 (drive3_MJesus-MFB); project / researcher / operator / subject decided per file before ingest (tasks/drive3_czi_gate.md). Claim: CONFIRMED.,2e8261d8e50323820b9a588a145aa8cda995637fff8afab90f2bb4f5293ec956,CONFIRMED,,
drive3_MJesus-MFB/Microscopio/Microscopio- MJesus Sanchez 2023/Female Diets/230718_Masson_20x_0619_Female diets/230718_ID192_20x-2.czi,AE-biomaGUNE-0619,MJ,,0619,192,230718_ID192_20x-2.czi,tissue,CELL_230718_ID192_20x-2.czi,Historical drive ingest 2026 (drive3_MJesus-MFB); project / researcher / operator / subject decided per file before ingest (tasks/drive3_czi_gate.md). Claim: CONFIRMED.,acef889a180edccb9e4c4f74d04706a600356c2335d2ec76b51aa28d8e22cd4d,CONFIRMED,,
drive3_MJesus-MFB/Microscopio/Microscopio- MJesus Sanchez 2023/Female Diets/230718_Masson_20x_0619_Female diets/230718_ID192_20x-3.czi,AE-biomaGUNE-0619,MJ,,0619,192,230718_ID192_20x-3.czi,tissue,CELL_230718_ID192_20x-3.czi,Historical drive ingest 2026 (drive3_MJesus-MFB); project / researcher / operator / subject decided per file before ingest (tasks/drive3_czi_gate.md). Claim: CONFIRMED.,4994daf68151271cc80e38e1a098968292ce54e86b554945f00f964d94c90677,CONFIRMED,,
drive3_MJesus-MFB/Microscopio/Microscopio- MJesus Sanchez 2023/Female Diets/230718_Masson_20x_0619_Female diets/230718_ID192_20x-4.czi,AE-biomaGUNE-0619,MJ,,0619,192,230718_ID192_20x-4.czi,tissue,CELL_230718_ID192_20x-4.czi,Historical drive ingest 2026 (drive3_MJesus-MFB); project / researcher / operator / subject decided per file before ingest (tasks/drive3_czi_gate.md). Claim: CONFIRMED.,3c9da69da0719327f93ad3ef595caf2b3c479ae9fbdf806a363c7fdac72ab874,CONFIRMED,,
drive3_MJesus-MFB/Microscopio/Microscopio- MJesus Sanchez 2023/Female Diets/230718_Masson_20x_0619_Female diets/230718_ID192_20x-5.czi,AE-biomaGUNE-0619,MJ,,0619,192,230718_ID192_20x-5.czi,tissue,CELL_230718_ID192_20x-5.czi,Historical drive ingest 2026 (drive3_MJesus-MFB); project / researcher / operator / subject decided per file before ingest (tasks/drive3_czi_gate.md). Claim: CONFIRMED.,99c78568f6c657a1a5eeec97094b1f4b1eac780d692853af6d0be6dfb3f33d92,CONFIRMED,,
drive3_MJesus-MFB/Microscopio/Microscopio- MJesus Sanchez 2023/Female Diets/230718_Masson_20x_0619_Female diets/230718_ID192_20x-6.czi,AE-biomaGUNE-0619,MJ,,0619,192,230718_ID192_20x-6.czi,tissue,CELL_230718_ID192_20x-6.czi,Historical drive ingest 2026 (drive3_MJesus-MFB); project / researcher / operator / subject decided per file before ingest (tasks/drive3_czi_gate.md). Claim: CONFIRMED.,3ffce074aa43078a8bf801f961e3d046c2afa3dba69d6b097cb04e3d12c93ecc,CONFIRMED,,
drive3_MJesus-MFB/Microscopio/Microscopio- MJesus Sanchez 2023/Female Diets/230718_Masson_20x_0619_Female diets/230718_ID192_20x-7.czi,AE-biomaGUNE-0619,MJ,,0619,192,230718_ID192_20x-7.czi,tissue,CELL_230718_ID192_20x-7.czi,Historical drive ingest 2026 (drive3_MJesus-MFB); project / researcher / operator / subject decided per file before ingest (tasks/drive3_czi_gate.md). Claim: CONFIRMED.,e7bcd5df0f18130b03bddb0dda91529467ffcdd4833b807fdc8794280ccfa6ce,CONFIRMED,,
drive3_MJesus-MFB/Microscopio/Microscopio- MJesus Sanchez 2023/Female Diets/230718_Masson_20x_0619_Female diets/230718_ID192_20x-8.czi,AE-biomaGUNE-0619,MJ,,0619,192,230718_ID192_20x-8.czi,tissue,CELL_230718_ID192_20x-8.czi,Historical drive ingest 2026 (drive3_MJesus-MFB); project / researcher / operator / subject decided per file before ingest (tasks/drive3_czi_gate.md). Claim: CONFIRMED.,f9992b8e4ba8d22772d294f74344052467da98370f667e406bb720b20ca27a91,CONFIRMED,,
drive3_MJesus-MFB/Microscopio/Microscopio- MJesus Sanchez 2023/Female Diets/230718_Masson_20x_0619_Female diets/230718_ID192_20x-9.czi,AE-biomaGUNE-0619,MJ,,0619,192,230718_ID192_20x-9.czi,tissue,CELL_230718_ID192_20x-9.czi,Historical drive ingest 2026 (drive3_MJesus-MFB); project / researcher / operator / subject decided per file before ingest (tasks/drive3_czi_gate.md). Claim: CONFIRMED.,1b81a6b413045332025fd2e176e66d4f638a1867020ef5ee073aef766bd19bc9,CONFIRMED,,
drive3_MJesus-MFB/Microscopio/Microscopio- MJesus Sanchez 2023/Female Diets/230718_Masson_20x_0619_Female diets/230718_ID196_20x-1.czi,AE-biomaGUNE-0619,MJ,,0619,196,230718_ID196_20x-1.czi,tissue,CELL_230718_ID196_20x-1.czi,Historical drive ingest 2026 (drive3_MJesus-MFB); project / researcher / operator / subject decided per file before ingest (tasks/drive3_czi_gate.md). Claim: CONFIRMED.,0ad2b1e498050003e684d8587c497fb4b0fb3beb0a9e6d2cac5c59f6ad8050ef,CONFIRMED,,
drive3_MJesus-MFB/Microscopio/Microscopio- MJesus Sanchez 2023/Female Diets/230718_Masson_20x_0619_Female diets/230718_ID196_20x-10.czi,AE-biomaGUNE-0619,MJ,,0619,196,230718_ID196_20x-10.czi,tissue,CELL_230718_ID196_20x-10.czi,Historical drive ingest 2026 (drive3_MJesus-MFB); project / researcher / operator / subject decided per file before ingest (tasks/drive3_czi_gate.md). Claim: CONFIRMED.,a8ca1e35f553573492f1aeeea37b532c86a945978bb2626b4f1f20da7e02a355,CONFIRMED,,
drive3_MJesus-MFB/Microscopio/Microscopio- MJesus Sanchez 2023/Female Diets/230718_Masson_20x_0619_Female diets/230718_ID196_20x-11.czi,AE-biomaGUNE-0619,MJ,,0619,196,230718_ID196_20x-11.czi,tissue,CELL_230718_ID196_20x-11.czi,Historical drive ingest 2026 (drive3_MJesus-MFB); project / researcher / operator / subject decided per file before ingest (tasks/drive3_czi_gate.md). Claim: CONFIRMED.,1d46912ae553ff3c40ea1a6ecf94d72790904d6fd3fecdaa1833abd071036a4c,CONFIRMED,,
drive3_MJesus-MFB/Microscopio/Microscopio- MJesus Sanchez 2023/Female Diets/230718_Masson_20x_0619_Female diets/230718_ID196_20x-12.czi,AE-biomaGUNE-0619,MJ,,0619,196,230718_ID196_20x-12.czi,tissue,CELL_230718_ID196_20x-12.czi,Historical drive ingest 2026 (drive3_MJesus-MFB); project / researcher / operator / subject decided per file before ingest (tasks/drive3_czi_gate.md). Claim: CONFIRMED.,bcc43d76582674eaa0b7b1363d1b447a0918c991d2920e93e2c65c4381980323,CONFIRMED,,
drive3_MJesus-MFB/Microscopio/Microscopio- MJesus Sanchez 2023/Female Diets/230718_Masson_20x_0619_Female diets/230718_ID196_20x-13.czi,AE-biomaGUNE-0619,MJ,,0619,196,230718_ID196_20x-13.czi,tissue,CELL_230718_ID196_20x-13.czi,Historical drive ingest 2026 (drive3_MJesus-MFB); project / researcher / operator / subject decided per file before ingest (tasks/drive3_czi_gate.md). Claim: CONFIRMED.,283d2b188694e27fc5441aae6abc86d4d70708d73c2e13684629983e0dc95ff0,CONFIRMED,,
drive3_MJesus-MFB/Microscopio/Microscopio- MJesus Sanchez 2023/Female Diets/230718_Masson_20x_0619_Female diets/230718_ID196_20x-14.czi,AE-biomaGUNE-0619,MJ,,0619,196,230718_ID196_20x-14.czi,tissue,CELL_230718_ID196_20x-14.czi,Historical drive ingest 2026 (drive3_MJesus-MFB); project / researcher / operator / subject decided per file before ingest (tasks/drive3_czi_gate.md). Claim: CONFIRMED.,32dcc059624bf2afcab8959941ecb9193b14f28a54b711a0f0f868906f380aad,CONFIRMED,,
drive3_MJesus-MFB/Microscopio/Microscopio- MJesus Sanchez 2023/Female Diets/230718_Masson_20x_0619_Female diets/230718_ID196_20x-15.czi,AE-biomaGUNE-0619,MJ,,0619,196,230718_ID196_20x-15.czi,tissue,CELL_230718_ID196_20x-15.czi,Historical drive ingest 2026 (drive3_MJesus-MFB); project / researcher / operator / subject decided per file before ingest (tasks/drive3_czi_gate.md). Claim: CONFIRMED.,eaf1fc8abad0d47800ec90c30a0c9669f2d43ba65b7a3f3721146a2ab12b434b,CONFIRMED,,
drive3_MJesus-MFB/Microscopio/Microscopio- MJesus Sanchez 2023/Female Diets/230718_Masson_20x_0619_Female diets/230718_ID196_20x-16.czi,AE-biomaGUNE-0619,MJ,,0619,196,230718_ID196_20x-16.czi,tissue,CELL_230718_ID196_20x-16.czi,Historical drive ingest 2026 (drive3_MJesus-MFB); project / researcher / operator / subject decided per file before ingest (tasks/drive3_czi_gate.md). Claim: CONFIRMED.,c23ec42bb61cc88d616877ae030a560615fb1a2235154ff12ca49fecff2dd9e9,CONFIRMED,,
drive3_MJesus-MFB/Microscopio/Microscopio- MJesus Sanchez 2023/Female Diets/230718_Masson_20x_0619_Female diets/230718_ID196_20x-2.czi,AE-biomaGUNE-0619,MJ,,0619,196,230718_ID196_20x-2.czi,tissue,CELL_230718_ID196_20x-2.czi,Historical drive ingest 2026 (drive3_MJesus-MFB); project / researcher / operator / subject decided per file before ingest (tasks/drive3_czi_gate.md). Claim: CONFIRMED.,c3a75d69ea67a0c9b0e74ce558959fd2eb2fdf848225d0b131c90fd14937c5ef,CONFIRMED,,
drive3_MJesus-MFB/Microscopio/Microscopio- MJesus Sanchez 2023/Female Diets/230718_Masson_20x_0619_Female diets/230718_ID196_20x-3.czi,AE-biomaGUNE-0619,MJ,,0619,196,230718_ID196_20x-3.czi,tissue,CELL_230718_ID196_20x-3.czi,Historical drive ingest 2026 (drive3_MJesus-MFB); project / researcher / operator / subject decided per file before ingest (tasks/drive3_czi_gate.md). Claim: CONFIRMED.,ba01ccb309cc26cd15369fe130ca422edb53674d1001e5de4d31f72facb222fd,CONFIRMED,,
drive3_MJesus-MFB/Microscopio/Microscopio- MJesus Sanchez 2023/Female Diets/230718_Masson_20x_0619_Female diets/230718_ID196_20x-4.czi,AE-biomaGUNE-0619,MJ,,0619,196,230718_ID196_20x-4.czi,tissue,CELL_230718_ID196_20x-4.czi,Historical drive ingest 2026 (drive3_MJesus-MFB); project / researcher / operator / subject decided per file before ingest (tasks/drive3_czi_gate.md). Claim: CONFIRMED.,f2ef5a46613fa53f2b3948ec2274dc864b55ccd823e82e4c76f3558c67d6cf02,CONFIRMED,,
drive3_MJesus-MFB/Microscopio/Microscopio- MJesus Sanchez 2023/Female Diets/230718_Masson_20x_0619_Female diets/230718_ID196_20x-5.czi,AE-biomaGUNE-0619,MJ,,0619,196,230718_ID196_20x-5.czi,tissue,CELL_230718_ID196_20x-5.czi,Historical drive ingest 2026 (drive3_MJesus-MFB); project / researcher / operator / subject decided per file before ingest (tasks/drive3_czi_gate.md). Claim: CONFIRMED.,e05c51c3bf09fe1bd1f04d41edd970da9c18770bd117f868b955f68610a1d577,CONFIRMED,,
drive3_MJesus-MFB/Microscopio/Microscopio- MJesus Sanchez 2023/Female Diets/230718_Masson_20x_0619_Female diets/230718_ID196_20x-6.czi,AE-biomaGUNE-0619,MJ,,0619,196,230718_ID196_20x-6.czi,tissue,CELL_230718_ID196_20x-6.czi,Historical drive ingest 2026 (drive3_MJesus-MFB); project / researcher / operator / subject decided per file before ingest (tasks/drive3_czi_gate.md). Claim: CONFIRMED.,1e0b0bfd4ae4bdd5cfbe479ea87eeb33f7566dcaa57275e62146e4fc0c34ac73,CONFIRMED,,
drive3_MJesus-MFB/Microscopio/Microscopio- MJesus Sanchez 2023/Female Diets/230718_Masson_20x_0619_Female diets/230718_ID196_20x-7.czi,AE-biomaGUNE-0619,MJ,,0619,196,230718_ID196_20x-7.czi,tissue,CELL_230718_ID196_20x-7.czi,Historical drive ingest 2026 (drive3_MJesus-MFB); project / researcher / operator / subject decided per file before ingest (tasks/drive3_czi_gate.md). Claim: CONFIRMED.,b690cb7c4c7bc767cf51bf75bd3eee97dd477270538759167f3884763b9039eb,CONFIRMED,,
drive3_MJesus-MFB/Microscopio/Microscopio- MJesus Sanchez 2023/Female Diets/230718_Masson_20x_0619_Female diets/230718_ID196_20x-8.czi,AE-biomaGUNE-0619,MJ,,0619,196,230718_ID196_20x-8.czi,tissue,CELL_230718_ID196_20x-8.czi,Historical drive ingest 2026 (drive3_MJesus-MFB); project / researcher / operator / subject decided per file before ingest (tasks/drive3_czi_gate.md). Claim: CONFIRMED.,22b8a5e361ab38acec2e8ea28f59187c33f9a05dafc267ee11f433028fa53481,CONFIRMED,,
drive3_MJesus-MFB/Microscopio/Microscopio- MJesus Sanchez 2023/Female Diets/230718_Masson_20x_0619_Female diets/230718_ID196_20x-9.czi,AE-biomaGUNE-0619,MJ,,0619,196,230718_ID196_20x-9.czi,tissue,CELL_230718_ID196_20x-9.czi,Historical drive ingest 2026 (drive3_MJesus-MFB); project / researcher / operator / subject decided per file before ingest (tasks/drive3_czi_gate.md). Claim: CONFIRMED.,f1b999866fd088fe25ff606359b5ef103c88463bb9d3701c557adb918a2789e6,CONFIRMED,,
drive3_MJesus-MFB/Microscopio/Microscopio- MJesus Sanchez 2023/Female Diets/230718_Masson_20x_0619_Female diets/230718_ID197_20x-1.czi,AE-biomaGUNE-0619,MJ,,0619,197,230718_ID197_20x-1.czi,tissue,CELL_230718_ID197_20x-1.czi,Historical drive ingest 2026 (drive3_MJesus-MFB); project / researcher / operator / subject decided per file before ingest (tasks/drive3_czi_gate.md). Claim: CONFIRMED.,2d0ae2c6b10d0fb553f730eaccef8b6d66433c52df16471079212bf54abb52c0,CONFIRMED,,
drive3_MJesus-MFB/Microscopio/Microscopio- MJesus Sanchez 2023/Female Diets/230718_Masson_20x_0619_Female diets/230718_ID197_20x-10.czi,AE-biomaGUNE-0619,MJ,,0619,197,230718_ID197_20x-10.czi,tissue,CELL_230718_ID197_20x-10.czi,Historical drive ingest 2026 (drive3_MJesus-MFB); project / researcher / operator / subject decided per file before ingest (tasks/drive3_czi_gate.md). Claim: CONFIRMED.,098e342bd731fac10ecacfc0c21ac2f3fa70dfdccc24f92a50dc1dab87394b85,CONFIRMED,,
drive3_MJesus-MFB/Microscopio/Microscopio- MJesus Sanchez 2023/Female Diets/230718_Masson_20x_0619_Female diets/230718_ID197_20x-11.czi,AE-biomaGUNE-0619,MJ,,0619,197,230718_ID197_20x-11.czi,tissue,CELL_230718_ID197_20x-11.czi,Historical drive ingest 2026 (drive3_MJesus-MFB); project / researcher / operator / subject decided per file before ingest (tasks/drive3_czi_gate.md). Claim: CONFIRMED.,3030aa70a84b971da420855f551a7d0ec1e5386f2359d07b756e77f298a8f3f4,CONFIRMED,,
drive3_MJesus-MFB/Microscopio/Microscopio- MJesus Sanchez 2023/Female Diets/230718_Masson_20x_0619_Female diets/230718_ID197_20x-12.czi,AE-biomaGUNE-0619,MJ,,0619,197,230718_ID197_20x-12.czi,tissue,CELL_230718_ID197_20x-12.czi,Historical drive ingest 2026 (drive3_MJesus-MFB); project / researcher / operator / subject decided per file before ingest (tasks/drive3_czi_gate.md). Claim: CONFIRMED.,af667e0073d2536a4a17edaf99d5abb8d8f013e5bd86bd3b41bc10613960e554,CONFIRMED,,
drive3_MJesus-MFB/Microscopio/Microscopio- MJesus Sanchez 2023/Female Diets/230718_Masson_20x_0619_Female diets/230718_ID197_20x-13.czi,AE-biomaGUNE-0619,MJ,,0619,197,230718_ID197_20x-13.czi,tissue,CELL_230718_ID197_20x-13.czi,Historical drive ingest 2026 (drive3_MJesus-MFB); project / researcher / operator / subject decided per file before ingest (tasks/drive3_czi_gate.md). Claim: CONFIRMED.,abc9ee3535eb5ccb687c44412b56b63757140ded6bb490a96b56b69749a63416,CONFIRMED,,
drive3_MJesus-MFB/Microscopio/Microscopio- MJesus Sanchez 2023/Female Diets/230718_Masson_20x_0619_Female diets/230718_ID197_20x-14.czi,AE-biomaGUNE-0619,MJ,,0619,197,230718_ID197_20x-14.czi,tissue,CELL_230718_ID197_20x-14.czi,Historical drive ingest 2026 (drive3_MJesus-MFB); project / researcher / operator / subject decided per file before ingest (tasks/drive3_czi_gate.md). Claim: CONFIRMED.,5c1ad12a067002ba75841dced57b783d051aa1c7ab595cb305ac1c5a759f2578,CONFIRMED,,
drive3_MJesus-MFB/Microscopio/Microscopio- MJesus Sanchez 2023/Female Diets/230718_Masson_20x_0619_Female diets/230718_ID197_20x-2.czi,AE-biomaGUNE-0619,MJ,,0619,197,230718_ID197_20x-2.czi,tissue,CELL_230718_ID197_20x-2.czi,Historical drive ingest 2026 (drive3_MJesus-MFB); project / researcher / operator / subject decided per file before ingest (tasks/drive3_czi_gate.md). Claim: CONFIRMED.,2b0626f5eaa5525c3303a80dd62e0640164dec83944321821a17d3ce56b66779,CONFIRMED,,
drive3_MJesus-MFB/Microscopio/Microscopio- MJesus Sanchez 2023/Female Diets/230718_Masson_20x_0619_Female diets/230718_ID197_20x-3.czi,AE-biomaGUNE-0619,MJ,,0619,197,230718_ID197_20x-3.czi,tissue,CELL_230718_ID197_20x-3.czi,Historical drive ingest 2026 (drive3_MJesus-MFB); project / researcher / operator / subject decided per file before ingest (tasks/drive3_czi_gate.md). Claim: CONFIRMED.,2ca739a40c243ce0388dfb745672910e8e31c80e37a583ac173201bbf201e289,CONFIRMED,,
drive3_MJesus-MFB/Microscopio/Microscopio- MJesus Sanchez 2023/Female Diets/230718_Masson_20x_0619_Female diets/230718_ID197_20x-4.czi,AE-biomaGUNE-0619,MJ,,0619,197,230718_ID197_20x-4.czi,tissue,CELL_230718_ID197_20x-4.czi,Historical drive ingest 2026 (drive3_MJesus-MFB); project / researcher / operator / subject decided per file before ingest (tasks/drive3_czi_gate.md). Claim: CONFIRMED.,11460c6e5bb399905d3c4d668e8d90864405d967d1f03cb844ba0ef48ec2d90e,CONFIRMED,,
drive3_MJesus-MFB/Microscopio/Microscopio- MJesus Sanchez 2023/Female Diets/230718_Masson_20x_0619_Female diets/230718_ID197_20x-5.czi,AE-biomaGUNE-0619,MJ,,0619,197,230718_ID197_20x-5.czi,tissue,CELL_230718_ID197_20x-5.czi,Historical drive ingest 2026 (drive3_MJesus-MFB); project / researcher / operator / subject decided per file before ingest (tasks/drive3_czi_gate.md). Claim: CONFIRMED.,5fb54961e76678d4b191ba184e46fcf025d6b4ab2749b3c3d9c668e74f65a3db,CONFIRMED,,
drive3_MJesus-MFB/Microscopio/Microscopio- MJesus Sanchez 2023/Female Diets/230718_Masson_20x_0619_Female diets/230718_ID197_20x-6.czi,AE-biomaGUNE-0619,MJ,,0619,197,230718_ID197_20x-6.czi,tissue,CELL_230718_ID197_20x-6.czi,Historical drive ingest 2026 (drive3_MJesus-MFB); project / researcher / operator / subject decided per file before ingest (tasks/drive3_czi_gate.md). Claim: CONFIRMED.,d010bcd798c4beecff7b84eafd6a651f98e329b61cfefd434335799ed06d6ade,CONFIRMED,,
drive3_MJesus-MFB/Microscopio/Microscopio- MJesus Sanchez 2023/Female Diets/230718_Masson_20x_0619_Female diets/230718_ID197_20x-7.czi,AE-biomaGUNE-0619,MJ,,0619,197,230718_ID197_20x-7.czi,tissue,CELL_230718_ID197_20x-7.czi,Historical drive ingest 2026 (drive3_MJesus-MFB); project / researcher / operator / subject decided per file before ingest (tasks/drive3_czi_gate.md). Claim: CONFIRMED.,5d779e5c4ce279dd7fbde0df7be6f1072f7fbe6738cb6ba5767ff4192840da7d,CONFIRMED,,
drive3_MJesus-MFB/Microscopio/Microscopio- MJesus Sanchez 2023/Female Diets/230718_Masson_20x_0619_Female diets/230718_ID197_20x-8.czi,AE-biomaGUNE-0619,MJ,,0619,197,230718_ID197_20x-8.czi,tissue,CELL_230718_ID197_20x-8.czi,Historical drive ingest 2026 (drive3_MJesus-MFB); project / researcher / operator / subject decided per file before ingest (tasks/drive3_czi_gate.md). Claim: CONFIRMED.,3a6f9c03c0d1723341abbf3f5f3da0f73d1aee1fb41308e0a01b533e910ec802,CONFIRMED,,
drive3_MJesus-MFB/Microscopio/Microscopio- MJesus Sanchez 2023/Female Diets/230718_Masson_20x_0619_Female diets/230718_ID197_20x-9.czi,AE-biomaGUNE-0619,MJ,,0619,197,230718_ID197_20x-9.czi,tissue,CELL_230718_ID197_20x-9.czi,Historical drive ingest 2026 (drive3_MJesus-MFB); project / researcher / operator / subject decided per file before ingest (tasks/drive3_czi_gate.md). Claim: CONFIRMED.,f6e6a09ac5fb98ae0a6ef95e40577659620c09ae31684ff37971e1806816d2a9,CONFIRMED,,
drive3_MJesus-MFB/Microscopio/Microscopio- MJesus Sanchez 2023/Female Diets/230718_Masson_20x_0619_Female diets/230718_ID198_20x-1.czi,AE-biomaGUNE-0619,MJ,,0619,198,230718_ID198_20x-1.czi,tissue,CELL_230718_ID198_20x-1.czi,Historical drive ingest 2026 (drive3_MJesus-MFB); project / researcher / operator / subject decided per file before ingest (tasks/drive3_czi_gate.md). Claim: CONFIRMED.,95bd0e3946f909fb0a4e8eeb28930a45cb9678aca8e0df7a0cceb5453e11ce84,CONFIRMED,,
drive3_MJesus-MFB/Microscopio/Microscopio- MJesus Sanchez 2023/Female Diets/230718_Masson_20x_0619_Female diets/230718_ID198_20x-10.czi,AE-biomaGUNE-0619,MJ,,0619,198,230718_ID198_20x-10.czi,tissue,CELL_230718_ID198_20x-10.czi,Historical drive ingest 2026 (drive3_MJesus-MFB); project / researcher / operator / subject decided per file before ingest (tasks/drive3_czi_gate.md). Claim: CONFIRMED.,82317885ec6ac96e89a5abce864a09018b0aa568c61b667a154e8d74962d49cb,CONFIRMED,,
drive3_MJesus-MFB/Microscopio/Microscopio- MJesus Sanchez 2023/Female Diets/230718_Masson_20x_0619_Female diets/230718_ID198_20x-11.czi,AE-biomaGUNE-0619,MJ,,0619,198,230718_ID198_20x-11.czi,tissue,CELL_230718_ID198_20x-11.czi,Historical drive ingest 2026 (drive3_MJesus-MFB); project / researcher / operator / subject decided per file before ingest (tasks/drive3_czi_gate.md). Claim: CONFIRMED.,858a1ef4a2c0107c5a1948bf1bb9465916fc4ba10df96d59c0d720c521f2c30e,CONFIRMED,,
drive3_MJesus-MFB/Microscopio/Microscopio- MJesus Sanchez 2023/Female Diets/230718_Masson_20x_0619_Female diets/230718_ID198_20x-12.czi,AE-biomaGUNE-0619,MJ,,0619,198,230718_ID198_20x-12.czi,tissue,CELL_230718_ID198_20x-12.czi,Historical drive ingest 2026 (drive3_MJesus-MFB); project / researcher / operator / subject decided per file before ingest (tasks/drive3_czi_gate.md). Claim: CONFIRMED.,bf79e1680e5c88b52db4d10d4a4580e720e32fe6686f839b9bc9fe27756b2396,CONFIRMED,,
drive3_MJesus-MFB/Microscopio/Microscopio- MJesus Sanchez 2023/Female Diets/230718_Masson_20x_0619_Female diets/230718_ID198_20x-13.czi,AE-biomaGUNE-0619,MJ,,0619,198,230718_ID198_20x-13.czi,tissue,CELL_230718_ID198_20x-13.czi,Historical drive ingest 2026 (drive3_MJesus-MFB); project / researcher / operator / subject decided per file before ingest (tasks/drive3_czi_gate.md). Claim: CONFIRMED.,e36ea3fe4089d2375dc88b7ef0dd76eff6c9fb76a14aa8832b8dd1d44b94dcf6,CONFIRMED,,
drive3_MJesus-MFB/Microscopio/Microscopio- MJesus Sanchez 2023/Female Diets/230718_Masson_20x_0619_Female diets/230718_ID198_20x-2.czi,AE-biomaGUNE-0619,MJ,,0619,198,230718_ID198_20x-2.czi,tissue,CELL_230718_ID198_20x-2.czi,Historical drive ingest 2026 (drive3_MJesus-MFB); project / researcher / operator / subject decided per file before ingest (tasks/drive3_czi_gate.md). Claim: CONFIRMED.,51c6ada9a7135d6cca104a2168b5ca3ad07fa8adcacfd7fc4c6a3f0399d7f9ed,CONFIRMED,,
drive3_MJesus-MFB/Microscopio/Microscopio- MJesus Sanchez 2023/Female Diets/230718_Masson_20x_0619_Female diets/230718_ID198_20x-3.czi,AE-biomaGUNE-0619,MJ,,0619,198,230718_ID198_20x-3.czi,tissue,CELL_230718_ID198_20x-3.czi,Historical drive ingest 2026 (drive3_MJesus-MFB); project / researcher / operator / subject decided per file before ingest (tasks/drive3_czi_gate.md). Claim: CONFIRMED.,0c9e3e569eb2a10bd3fd58aaea24d13cf4f357e5b6f81f48ab45c32de91a3246,CONFIRMED,,
drive3_MJesus-MFB/Microscopio/Microscopio- MJesus Sanchez 2023/Female Diets/230718_Masson_20x_0619_Female diets/230718_ID198_20x-4.czi,AE-biomaGUNE-0619,MJ,,0619,198,230718_ID198_20x-4.czi,tissue,CELL_230718_ID198_20x-4.czi,Historical drive ingest 2026 (drive3_MJesus-MFB); project / researcher / operator / subject decided per file before ingest (tasks/drive3_czi_gate.md). Claim: CONFIRMED.,de19c8024256c552da95a9177b59c9332939274ad6f7c2d07fb0186b37f8c798,CONFIRMED,,
drive3_MJesus-MFB/Microscopio/Microscopio- MJesus Sanchez 2023/Female Diets/230718_Masson_20x_0619_Female diets/230718_ID198_20x-5.czi,AE-biomaGUNE-0619,MJ,,0619,198,230718_ID198_20x-5.czi,tissue,CELL_230718_ID198_20x-5.czi,Historical drive ingest 2026 (drive3_MJesus-MFB); project / researcher / operator / subject decided per file before ingest (tasks/drive3_czi_gate.md). Claim: CONFIRMED.,0cc6e668cf4d9109920ee4f95dce40cc74710a3354d12cad9321010f4de2d395,CONFIRMED,,
drive3_MJesus-MFB/Microscopio/Microscopio- MJesus Sanchez 2023/Female Diets/230718_Masson_20x_0619_Female diets/230718_ID198_20x-6.czi,AE-biomaGUNE-0619,MJ,,0619,198,230718_ID198_20x-6.czi,tissue,CELL_230718_ID198_20x-6.czi,Historical drive ingest 2026 (drive3_MJesus-MFB); project / researcher / operator / subject decided per file before ingest (tasks/drive3_czi_gate.md). Claim: CONFIRMED.,048eaf604b361dff4a477b9126ed11d7dba73c672277648a2922ac3f8d9a91b3,CONFIRMED,,
drive3_MJesus-MFB/Microscopio/Microscopio- MJesus Sanchez 2023/Female Diets/230718_Masson_20x_0619_Female diets/230718_ID198_20x-7.czi,AE-biomaGUNE-0619,MJ,,0619,198,230718_ID198_20x-7.czi,tissue,CELL_230718_ID198_20x-7.czi,Historical drive ingest 2026 (drive3_MJesus-MFB); project / researcher / operator / subject decided per file before ingest (tasks/drive3_czi_gate.md). Claim: CONFIRMED.,43e46289648f411007d85cc2479ee038ca73d47b04e40ff4d968ddb933611a52,CONFIRMED,,
drive3_MJesus-MFB/Microscopio/Microscopio- MJesus Sanchez 2023/Female Diets/230718_Masson_20x_0619_Female diets/230718_ID198_20x-8.czi,AE-biomaGUNE-0619,MJ,,0619,198,230718_ID198_20x-8.czi,tissue,CELL_230718_ID198_20x-8.czi,Historical drive ingest 2026 (drive3_MJesus-MFB); project / researcher / operator / subject decided per file before ingest (tasks/drive3_czi_gate.md). Claim: CONFIRMED.,a1b7e8de20f5504472a3d84fecb365068fee417f99be68deced56436e6291d24,CONFIRMED,,
drive3_MJesus-MFB/Microscopio/Microscopio- MJesus Sanchez 2023/Female Diets/230718_Masson_20x_0619_Female diets/230718_ID198_20x-9.czi,AE-biomaGUNE-0619,MJ,,0619,198,230718_ID198_20x-9.czi,tissue,CELL_230718_ID198_20x-9.czi,Historical drive ingest 2026 (drive3_MJesus-MFB); project / researcher / operator / subject decided per file before ingest (tasks/drive3_czi_gate.md). Claim: CONFIRMED.,dd2576da9b350821ae28db2fee13d7bed3ccbfd3f003783976af5ba7f9947731,CONFIRMED,,
drive3_MJesus-MFB/Microscopio/Microscopio- MJesus Sanchez 2023/Female Diets/230718_Masson_20x_0619_Female diets/230718_ID199_20x-1.czi,AE-biomaGUNE-0619,MJ,,0619,199,230718_ID199_20x-1.czi,tissue,CELL_230718_ID199_20x-1.czi,Historical drive ingest 2026 (drive3_MJesus-MFB); project / researcher / operator / subject decided per file before ingest (tasks/drive3_czi_gate.md). Claim: CONFIRMED.,e99aa3f28c4a453e80577b71bf710a07041c29d0059ee2a3c64c666200086fb7,CONFIRMED,,
drive3_MJesus-MFB/Microscopio/Microscopio- MJesus Sanchez 2023/Female Diets/230718_Masson_20x_0619_Female diets/230718_ID199_20x-10.czi,AE-biomaGUNE-0619,MJ,,0619,199,230718_ID199_20x-10.czi,tissue,CELL_230718_ID199_20x-10.czi,Historical drive ingest 2026 (drive3_MJesus-MFB); project / researcher / operator / subject decided per file before ingest (tasks/drive3_czi_gate.md). Claim: CONFIRMED.,a503b46831d77575cfa9b226c2f0dbad602767123ecfe2f5089f5a12288bd7f8,CONFIRMED,,
drive3_MJesus-MFB/Microscopio/Microscopio- MJesus Sanchez 2023/Female Diets/230718_Masson_20x_0619_Female diets/230718_ID199_20x-11.czi,AE-biomaGUNE-0619,MJ,,0619,199,230718_ID199_20x-11.czi,tissue,CELL_230718_ID199_20x-11.czi,Historical drive ingest 2026 (drive3_MJesus-MFB); project / researcher / operator / subject decided per file before ingest (tasks/drive3_czi_gate.md). Claim: CONFIRMED.,13007dd353bcb72beb4907f726f19eb19060671cd2af5f71e9047f3f96099a13,CONFIRMED,,
drive3_MJesus-MFB/Microscopio/Microscopio- MJesus Sanchez 2023/Female Diets/230718_Masson_20x_0619_Female diets/230718_ID199_20x-12.czi,AE-biomaGUNE-0619,MJ,,0619,199,230718_ID199_20x-12.czi,tissue,CELL_230718_ID199_20x-12.czi,Historical drive ingest 2026 (drive3_MJesus-MFB); project / researcher / operator / subject decided per file before ingest (tasks/drive3_czi_gate.md). Claim: CONFIRMED.,66fb625a1b0d385ed285e66132a2433da5fe033bd234dbc89470e6b62dd4b1e6,CONFIRMED,,
drive3_MJesus-MFB/Microscopio/Microscopio- MJesus Sanchez 2023/Female Diets/230718_Masson_20x_0619_Female diets/230718_ID199_20x-13.czi,AE-biomaGUNE-0619,MJ,,0619,199,230718_ID199_20x-13.czi,tissue,CELL_230718_ID199_20x-13.czi,Historical drive ingest 2026 (drive3_MJesus-MFB); project / researcher / operator / subject decided per file before ingest (tasks/drive3_czi_gate.md). Claim: CONFIRMED.,6e48fff77998ee9bc5bf08a0de74b78829ca2eec4a0e39f4d2f78fe22f2844f0,CONFIRMED,,
drive3_MJesus-MFB/Microscopio/Microscopio- MJesus Sanchez 2023/Female Diets/230718_Masson_20x_0619_Female diets/230718_ID199_20x-14.czi,AE-biomaGUNE-0619,MJ,,0619,199,230718_ID199_20x-14.czi,tissue,CELL_230718_ID199_20x-14.czi,Historical drive ingest 2026 (drive3_MJesus-MFB); project / researcher / operator / subject decided per file before ingest (tasks/drive3_czi_gate.md). Claim: CONFIRMED.,7bddee15bc52eb24e3f854d8a7f099bedb8ff9e6fa88954c35a96d1610715c05,CONFIRMED,,
drive3_MJesus-MFB/Microscopio/Microscopio- MJesus Sanchez 2023/Female Diets/230718_Masson_20x_0619_Female diets/230718_ID199_20x-15.czi,AE-biomaGUNE-0619,MJ,,0619,199,230718_ID199_20x-15.czi,tissue,CELL_230718_ID199_20x-15.czi,Historical drive ingest 2026 (drive3_MJesus-MFB); project / researcher / operator / subject decided per file before ingest (tasks/drive3_czi_gate.md). Claim: CONFIRMED.,8c1a6b348aacd4dfc57299764985610c6aff24040515062830ea42034848f1de,CONFIRMED,,
drive3_MJesus-MFB/Microscopio/Microscopio- MJesus Sanchez 2023/Female Diets/230718_Masson_20x_0619_Female diets/230718_ID199_20x-2.czi,AE-biomaGUNE-0619,MJ,,0619,199,230718_ID199_20x-2.czi,tissue,CELL_230718_ID199_20x-2.czi,Historical drive ingest 2026 (drive3_MJesus-MFB); project / researcher / operator / subject decided per file before ingest (tasks/drive3_czi_gate.md). Claim: CONFIRMED.,ccf560b18afdc125fe1f829bd7455ff457dc233910766e63b53baf281f86a6be,CONFIRMED,,
drive3_MJesus-MFB/Microscopio/Microscopio- MJesus Sanchez 2023/Female Diets/230718_Masson_20x_0619_Female diets/230718_ID199_20x-3.czi,AE-biomaGUNE-0619,MJ,,0619,199,230718_ID199_20x-3.czi,tissue,CELL_230718_ID199_20x-3.czi,Historical drive ingest 2026 (drive3_MJesus-MFB); project / researcher / operator / subject decided per file before ingest (tasks/drive3_czi_gate.md). Claim: CONFIRMED.,ff8588a7e7b55fbd87bdf521e385789d22a53be6504682439aec344b2c2893bd,CONFIRMED,,
drive3_MJesus-MFB/Microscopio/Microscopio- MJesus Sanchez 2023/Female Diets/230718_Masson_20x_0619_Female diets/230718_ID199_20x-4.czi,AE-biomaGUNE-0619,MJ,,0619,199,230718_ID199_20x-4.czi,tissue,CELL_230718_ID199_20x-4.czi,Historical drive ingest 2026 (drive3_MJesus-MFB); project / researcher / operator / subject decided per file before ingest (tasks/drive3_czi_gate.md). Claim: CONFIRMED.,dce50fb6db733cfbb4bb1e8e5ef4fe43b843d50bed2be055016e76c9fb8d039b,CONFIRMED,,
drive3_MJesus-MFB/Microscopio/Microscopio- MJesus Sanchez 2023/Female Diets/230718_Masson_20x_0619_Female diets/230718_ID199_20x-5.czi,AE-biomaGUNE-0619,MJ,,0619,199,230718_ID199_20x-5.czi,tissue,CELL_230718_ID199_20x-5.czi,Historical drive ingest 2026 (drive3_MJesus-MFB); project / researcher / operator / subject decided per file before ingest (tasks/drive3_czi_gate.md). Claim: CONFIRMED.,2c20d37ffb26c88e8e9971281b37c7a9ab861578d1dc315c05fdb95253f5137f,CONFIRMED,,
drive3_MJesus-MFB/Microscopio/Microscopio- MJesus Sanchez 2023/Female Diets/230718_Masson_20x_0619_Female diets/230718_ID199_20x-6.czi,AE-biomaGUNE-0619,MJ,,0619,199,230718_ID199_20x-6.czi,tissue,CELL_230718_ID199_20x-6.czi,Historical drive ingest 2026 (drive3_MJesus-MFB); project / researcher / operator / subject decided per file before ingest (tasks/drive3_czi_gate.md). Claim: CONFIRMED.,dcd8e3efb5011bdb7e7ca24aa88664b053bfb05fe0504906043707855288e310,CONFIRMED,,
drive3_MJesus-MFB/Microscopio/Microscopio- MJesus Sanchez 2023/Female Diets/230718_Masson_20x_0619_Female diets/230718_ID199_20x-7.czi,AE-biomaGUNE-0619,MJ,,0619,199,230718_ID199_20x-7.czi,tissue,CELL_230718_ID199_20x-7.czi,Historical drive ingest 2026 (drive3_MJesus-MFB); project / researcher / operator / subject decided per file before ingest (tasks/drive3_czi_gate.md). Claim: CONFIRMED.,8eff38986847e83ae1d57b705562beb1c136d65afd8265a1394a1409019677d4,CONFIRMED,,
drive3_MJesus-MFB/Microscopio/Microscopio- MJesus Sanchez 2023/Female Diets/230718_Masson_20x_0619_Female diets/230718_ID199_20x-8.czi,AE-biomaGUNE-0619,MJ,,0619,199,230718_ID199_20x-8.czi,tissue,CELL_230718_ID199_20x-8.czi,Historical drive ingest 2026 (drive3_MJesus-MFB); project / researcher / operator / subject decided per file before ingest (tasks/drive3_czi_gate.md). Claim: CONFIRMED.,8dd2d2879f4d5fb283b290dc6f7454fa9c53523eeab6d912aafef657a22cdfab,CONFIRMED,,
drive3_MJesus-MFB/Microscopio/Microscopio- MJesus Sanchez 2023/Female Diets/230718_Masson_20x_0619_Female diets/230718_ID199_20x-9.czi,AE-biomaGUNE-0619,MJ,,0619,199,230718_ID199_20x-9.czi,tissue,CELL_230718_ID199_20x-9.czi,Historical drive ingest 2026 (drive3_MJesus-MFB); project / researcher / operator / subject decided per file before ingest (tasks/drive3_czi_gate.md). Claim: CONFIRMED.,1870ecf33866a0b962aad85435b935a4f792dd78c747021673ec19ded60bcf6e,CONFIRMED,,
drive3_MJesus-MFB/Microscopio/Microscopio- MJesus Sanchez 2023/Female Diets/230905_F4.80_20x_0619-Female Diets/230905_ID188_F4.80_20x_0619.czi,AE-biomaGUNE-0619,MJ,,0619,188,230905_ID188_F4.80_20x_0619.czi,tissue,CELL_230905_ID188_F4.80_20x_0619.czi,Historical drive ingest 2026 (drive3_MJesus-MFB); project / researcher / operator / subject decided per file before ingest (tasks/drive3_czi_gate.md). Claim: CONFIRMED.,47ef9aa60539ffffe31e9d94eef015547ce884863bcd6fffcb1b69953e853231,CONFIRMED,,
drive3_MJesus-MFB/Microscopio/Microscopio- MJesus Sanchez 2023/Female Diets/230905_F4.80_20x_0619-Female Diets/230905_ID190_F4.80_20x_0619.czi,AE-biomaGUNE-0619,MJ,,0619,190,230905_ID190_F4.80_20x_0619.czi,tissue,CELL_230905_ID190_F4.80_20x_0619.czi,Historical drive ingest 2026 (drive3_MJesus-MFB); project / researcher / operator / subject decided per file before ingest (tasks/drive3_czi_gate.md). Claim: CONFIRMED.,6fb549c1e51084fa58d076a6832ff177b474c5e4df1f1c339fb88fbcd1e86b8d,CONFIRMED,,
drive3_MJesus-MFB/Microscopio/Microscopio- MJesus Sanchez 2023/Female Diets/230905_F4.80_20x_0619-Female Diets/230905_ID192_F4.80_20x_0619.czi,AE-biomaGUNE-0619,MJ,,0619,192,230905_ID192_F4.80_20x_0619.czi,tissue,CELL_230905_ID192_F4.80_20x_0619.czi,Historical drive ingest 2026 (drive3_MJesus-MFB); project / researcher / operator / subject decided per file before ingest (tasks/drive3_czi_gate.md). Claim: CONFIRMED.,f88e2b5a51d18a22114eaea733b5e6e55b42508acd42cdaa34229ef3b38bf2be,CONFIRMED,,
drive3_MJesus-MFB/Microscopio/Microscopio- MJesus Sanchez 2023/Female Diets/230905_F4.80_20x_0619-Female Diets/230905_ID195_F4.80_20x_0619.czi,AE-biomaGUNE-0619,MJ,,0619,195,230905_ID195_F4.80_20x_0619.czi,tissue,CELL_230905_ID195_F4.80_20x_0619.czi,Historical drive ingest 2026 (drive3_MJesus-MFB); project / researcher / operator / subject decided per file before ingest (tasks/drive3_czi_gate.md). Claim: CONFIRMED.,3ed88237e5d911db914bd95be7fc1e0edc96eee4bd45c8017449b642271e1676,CONFIRMED,,
drive3_MJesus-MFB/Microscopio/Microscopio- MJesus Sanchez 2023/Female Diets/230905_F4.80_20x_0619-Female Diets/230905_ID196_F4.80_20x_0619.czi,AE-biomaGUNE-0619,MJ,,0619,196,230905_ID196_F4.80_20x_0619.czi,tissue,CELL_230905_ID196_F4.80_20x_0619.czi,Historical drive ingest 2026 (drive3_MJesus-MFB); project / researcher / operator / subject decided per file before ingest (tasks/drive3_czi_gate.md). Claim: CONFIRMED.,7d172175eec2c494b350fabc4bf21c436e51842634e4762640cce4acad7d9af0,CONFIRMED,,
drive3_MJesus-MFB/Microscopio/Microscopio- MJesus Sanchez 2023/Female Diets/230905_F4.80_20x_0619-Female Diets/230905_ID197_F4.80_20x_0619.czi,AE-biomaGUNE-0619,MJ,,0619,197,230905_ID197_F4.80_20x_0619.czi,tissue,CELL_230905_ID197_F4.80_20x_0619.czi,Historical drive ingest 2026 (drive3_MJesus-MFB); project / researcher / operator / subject decided per file before ingest (tasks/drive3_czi_gate.md). Claim: CONFIRMED.,4d8050f73f5b63fc94369e013c6bde5b98161429383ac386b0732a3da40548d9,CONFIRMED,,
drive3_MJesus-MFB/Microscopio/Microscopio- MJesus Sanchez 2023/Female Diets/230905_F4.80_20x_0619-Female Diets/230905_ID198_F4.80_20x_0619.czi,AE-biomaGUNE-0619,MJ,,0619,198,230905_ID198_F4.80_20x_0619.czi,tissue,CELL_230905_ID198_F4.80_20x_0619.czi,Historical drive ingest 2026 (drive3_MJesus-MFB); project / researcher / operator / subject decided per file before ingest (tasks/drive3_czi_gate.md). Claim: CONFIRMED.,3e723f36a0956daefd8b53ab57a4e4291e1a000663d67104e921a9218cb0c183,CONFIRMED,,
drive3_MJesus-MFB/Microscopio/Microscopio- MJesus Sanchez 2023/Female Diets/3-KD female 0619/1- KD female 0619 - H&E/Lung snap 20x/ID190-1019-Lung-HE-20X-1.czi,AE-biomaGUNE-0619,MJ,,0619,190,ID190-1019-Lung-HE-20X-1.czi,tissue,CELL_ID190-1019-Lung-HE-20X-1.czi,Historical drive ingest 2026 (drive3_MJesus-MFB); project / researcher / operator / subject decided per file before ingest (tasks/drive3_czi_gate.md). Claim: CONFIRMED.,65eadeda1199182d4f9f44e6018dacc4aa652f49b155c7563c340cecdb8c1d4c,CONFIRMED,,
drive3_MJesus-MFB/Microscopio/Microscopio- MJesus Sanchez 2023/Female Diets/3-KD female 0619/1- KD female 0619 - H&E/Lung snap 20x/ID190-1019-Lung-HE-20X-2.czi,AE-biomaGUNE-0619,MJ,,0619,190,ID190-1019-Lung-HE-20X-2.czi,tissue,CELL_ID190-1019-Lung-HE-20X-2.czi,Historical drive ingest 2026 (drive3_MJesus-MFB); project / researcher / operator / subject decided per file before ingest (tasks/drive3_czi_gate.md). Claim: CONFIRMED.,5cdb4f8917fe84120676373d9ef628db6715a0e3b71a2bc75589f78a4ac767a6,CONFIRMED,,
drive3_MJesus-MFB/Microscopio/Microscopio- MJesus Sanchez 2023/Female Diets/3-KD female 0619/1- KD female 0619 - H&E/Lung snap 20x/ID190-1019-Lung-HE-20X-3.czi,AE-biomaGUNE-0619,MJ,,0619,190,ID190-1019-Lung-HE-20X-3.czi,tissue,CELL_ID190-1019-Lung-HE-20X-3.czi,Historical drive ingest 2026 (drive3_MJesus-MFB); project / researcher / operator / subject decided per file before ingest (tasks/drive3_czi_gate.md). Claim: CONFIRMED.,a3c5b4e69d3fbb08cdd0b685e8942b44ffab6ef5945f5b7fc799bf0a28d273eb,CONFIRMED,,
drive3_MJesus-MFB/Microscopio/Microscopio- MJesus Sanchez 2023/Female Diets/3-KD female 0619/1- KD female 0619 - H&E/Lung snap 20x/ID190-1019-Lung-HE-20X-4.czi,AE-biomaGUNE-0619,MJ,,0619,190,ID190-1019-Lung-HE-20X-4.czi,tissue,CELL_ID190-1019-Lung-HE-20X-4.czi,Historical drive ingest 2026 (drive3_MJesus-MFB); project / researcher / operator / subject decided per file before ingest (tasks/drive3_czi_gate.md). Claim: CONFIRMED.,b5baab1f6527b2b4f9e5f466a2a7cdc4fd927c40a0497d3ca13f086eadad785f,CONFIRMED,,
drive3_MJesus-MFB/Microscopio/Microscopio- MJesus Sanchez 2023/Female Diets/3-KD female 0619/1- KD female 0619 - H&E/Lung snap 20x/ID190-1019-Lung-HE-20X-5.czi,AE-biomaGUNE-0619,MJ,,0619,190,ID190-1019-Lung-HE-20X-5.czi,tissue,CELL_ID190-1019-Lung-HE-20X-5.czi,Historical drive ingest 2026 (drive3_MJesus-MFB); project / researcher / operator / subject decided per file before ingest (tasks/drive3_czi_gate.md). Claim: CONFIRMED.,e882b57bccf40a1d01289bb100404a0cd31350e04a8f9321973eeaa99e0415e3,CONFIRMED,,
drive3_MJesus-MFB/Microscopio/Microscopio- MJesus Sanchez 2023/Female Diets/3-KD female 0619/1- KD female 0619 - H&E/Lung snap 20x/ID191-1019-Lung-HE-20X-1.czi,AE-biomaGUNE-0619,MJ,,0619,191,ID191-1019-Lung-HE-20X-1.czi,tissue,CELL_ID191-1019-Lung-HE-20X-1.czi,Historical drive ingest 2026 (drive3_MJesus-MFB); project / researcher / operator / subject decided per file before ingest (tasks/drive3_czi_gate.md). Claim: CONFIRMED.,d05d9b65bdd2bb996f6b5480cf38429404a41aecca6f67c533c7acd8d8ab1399,CONFIRMED,,
drive3_MJesus-MFB/Microscopio/Microscopio- MJesus Sanchez 2023/Female Diets/3-KD female 0619/1- KD female 0619 - H&E/Lung snap 20x/ID191-1019-Lung-HE-20X-2.czi,AE-biomaGUNE-0619,MJ,,0619,191,ID191-1019-Lung-HE-20X-2.czi,tissue,CELL_ID191-1019-Lung-HE-20X-2.czi,Historical drive ingest 2026 (drive3_MJesus-MFB); project / researcher / operator / subject decided per file before ingest (tasks/drive3_czi_gate.md). Claim: CONFIRMED.,753c6d65b8a2374c449fed7c55b1b2ee9be0c9f4367c5aa0a7abdadc2a8fa5d6,CONFIRMED,,
drive3_MJesus-MFB/Microscopio/Microscopio- MJesus Sanchez 2023/Female Diets/3-KD female 0619/1- KD female 0619 - H&E/Lung snap 20x/ID191-1019-Lung-HE-20X-3.czi,AE-biomaGUNE-0619,MJ,,0619,191,ID191-1019-Lung-HE-20X-3.czi,tissue,CELL_ID191-1019-Lung-HE-20X-3.czi,Historical drive ingest 2026 (drive3_MJesus-MFB); project / researcher / operator / subject decided per file before ingest (tasks/drive3_czi_gate.md). Claim: CONFIRMED.,287ab01bd930ae8213c48a941b76aec95530ed9c5d326c9057367484ef26749c,CONFIRMED,,
drive3_MJesus-MFB/Microscopio/Microscopio- MJesus Sanchez 2023/Female Diets/3-KD female 0619/1- KD female 0619 - H&E/Lung snap 20x/ID191-1019-Lung-HE-20X-4.czi,AE-biomaGUNE-0619,MJ,,0619,191,ID191-1019-Lung-HE-20X-4.czi,tissue,CELL_ID191-1019-Lung-HE-20X-4.czi,Historical drive ingest 2026 (drive3_MJesus-MFB); project / researcher / operator / subject decided per file before ingest (tasks/drive3_czi_gate.md). Claim: CONFIRMED.,61b4f94abf8ef79fc1d51fe737104558b9f5368575f3f1757b95564f440eef76,CONFIRMED,,
drive3_MJesus-MFB/Microscopio/Microscopio- MJesus Sanchez 2023/Female Diets/3-KD female 0619/1- KD female 0619 - H&E/Lung snap 20x/ID191-1019-Lung-HE-20X-5.czi,AE-biomaGUNE-0619,MJ,,0619,191,ID191-1019-Lung-HE-20X-5.czi,tissue,CELL_ID191-1019-Lung-HE-20X-5.czi,Historical drive ingest 2026 (drive3_MJesus-MFB); project / researcher / operator / subject decided per file before ingest (tasks/drive3_czi_gate.md). Claim: CONFIRMED.,a9701d7e3baf3e110903cf056f44ee7a4773a09231f58b4a75cc9802523d78ad,CONFIRMED,,
drive3_MJesus-MFB/Microscopio/Microscopio- MJesus Sanchez 2023/Female Diets/3-KD female 0619/1- KD female 0619 - H&E/Lung snap 20x/ID192-1019-Lung-HE-20X-1.czi,AE-biomaGUNE-0619,MJ,,0619,192,ID192-1019-Lung-HE-20X-1.czi,tissue,CELL_ID192-1019-Lung-HE-20X-1.czi,Historical drive ingest 2026 (drive3_MJesus-MFB); project / researcher / operator / subject decided per file before ingest (tasks/drive3_czi_gate.md). Claim: CONFIRMED.,b9dabda0b775d1ca65b255696e22ca98dd268cfbb6c9e00d414b16345503d70a,CONFIRMED,,
drive3_MJesus-MFB/Microscopio/Microscopio- MJesus Sanchez 2023/Female Diets/3-KD female 0619/1- KD female 0619 - H&E/Lung snap 20x/ID192-1019-Lung-HE-20X-2.czi,AE-biomaGUNE-0619,MJ,,0619,192,ID192-1019-Lung-HE-20X-2.czi,tissue,CELL_ID192-1019-Lung-HE-20X-2.czi,Historical drive ingest 2026 (drive3_MJesus-MFB); project / researcher / operator / subject decided per file before ingest (tasks/drive3_czi_gate.md). Claim: CONFIRMED.,a251df7d89bfcda3540870ecfb9631f9682f9f941d2707bce699bfa6e9de847a,CONFIRMED,,
drive3_MJesus-MFB/Microscopio/Microscopio- MJesus Sanchez 2023/Female Diets/3-KD female 0619/1- KD female 0619 - H&E/Lung snap 20x/ID192-1019-Lung-HE-20X-3.czi,AE-biomaGUNE-0619,MJ,,0619,192,ID192-1019-Lung-HE-20X-3.czi,tissue,CELL_ID192-1019-Lung-HE-20X-3.czi,Historical drive ingest 2026 (drive3_MJesus-MFB); project / researcher / operator / subject decided per file before ingest (tasks/drive3_czi_gate.md). Claim: CONFIRMED.,e8ac6ae8883cb5af1683c38d1ae9c7fe773286028f7c0a9bbc49e80cb02e2331,CONFIRMED,,
drive3_MJesus-MFB/Microscopio/Microscopio- MJesus Sanchez 2023/Female Diets/3-KD female 0619/1- KD female 0619 - H&E/Lung snap 20x/ID192-1019-Lung-HE-20X-4.czi,AE-biomaGUNE-0619,MJ,,0619,192,ID192-1019-Lung-HE-20X-4.czi,tissue,CELL_ID192-1019-Lung-HE-20X-4.czi,Historical drive ingest 2026 (drive3_MJesus-MFB); project / researcher / operator / subject decided per file before ingest (tasks/drive3_czi_gate.md). Claim: CONFIRMED.,5a12b0d0862988c80e2c1b64f36b005b426f41738380a446d44fcece6b2302fc,CONFIRMED,,
drive3_MJesus-MFB/Microscopio/Microscopio- MJesus Sanchez 2023/Female Diets/3-KD female 0619/1- KD female 0619 - H&E/Lung snap 20x/ID192-1019-Lung-HE-20X-5.czi,AE-biomaGUNE-0619,MJ,,0619,192,ID192-1019-Lung-HE-20X-5.czi,tissue,CELL_ID192-1019-Lung-HE-20X-5.czi,Historical drive ingest 2026 (drive3_MJesus-MFB); project / researcher / operator / subject decided per file before ingest (tasks/drive3_czi_gate.md). Claim: CONFIRMED.,3a0f04b701af9aff8594cc6dd5fc56a0f3341aa8529274c3ecb37738d403dec8,CONFIRMED,,
drive3_MJesus-MFB/Microscopio/Microscopio- MJesus Sanchez 2023/Female Diets/3-KD female 0619/2- KD female 0619 - Masson/ID190-Lung20X-1.czi,AE-biomaGUNE-0619,MJ,,0619,190,ID190-Lung20X-1.czi,tissue,CELL_ID190-Lung20X-1.czi,Historical drive ingest 2026 (drive3_MJesus-MFB); project / researcher / operator / subject decided per file before ingest (tasks/drive3_czi_gate.md). Claim: CONFIRMED.,a8101d8e150d68e7e6fb194d1f84cca6724147f9410e2372ca084d7757ba1c16,CONFIRMED,,
drive3_MJesus-MFB/Microscopio/Microscopio- MJesus Sanchez 2023/Female Diets/3-KD female 0619/2- KD female 0619 - Masson/ID190-Lung20X-2.czi,AE-biomaGUNE-0619,MJ,,0619,190,ID190-Lung20X-2.czi,tissue,CELL_ID190-Lung20X-2.czi,Historical drive ingest 2026 (drive3_MJesus-MFB); project / researcher / operator / subject decided per file before ingest (tasks/drive3_czi_gate.md). Claim: CONFIRMED.,505252ca034b32be28f7b7c2e0188a16c3e08b46fdb707571f6089308fad5860,CONFIRMED,,
drive3_MJesus-MFB/Microscopio/Microscopio- MJesus Sanchez 2023/Female Diets/3-KD female 0619/2- KD female 0619 - Masson/ID190-Lung20X-3.czi,AE-biomaGUNE-0619,MJ,,0619,190,ID190-Lung20X-3.czi,tissue,CELL_ID190-Lung20X-3.czi,Historical drive ingest 2026 (drive3_MJesus-MFB); project / researcher / operator / subject decided per file before ingest (tasks/drive3_czi_gate.md). Claim: CONFIRMED.,1ba4b2858cb124ad409fd0ec946049c7515e4ff44bb0503cd33511ad295cc723,CONFIRMED,,
drive3_MJesus-MFB/Microscopio/Microscopio- MJesus Sanchez 2023/Female Diets/3-KD female 0619/2- KD female 0619 - Masson/ID191-Lung20X-1.czi,AE-biomaGUNE-0619,MJ,,0619,191,ID191-Lung20X-1.czi,tissue,CELL_ID191-Lung20X-1.czi,Historical drive ingest 2026 (drive3_MJesus-MFB); project / researcher / operator / subject decided per file before ingest (tasks/drive3_czi_gate.md). Claim: CONFIRMED.,2eb5b222ca83f89e0d622e0ae96a3f537438b083fa62818e9379d781b8e2388d,CONFIRMED,,
drive3_MJesus-MFB/Microscopio/Microscopio- MJesus Sanchez 2023/Female Diets/3-KD female 0619/2- KD female 0619 - Masson/ID191-Lung20X-2.czi,AE-biomaGUNE-0619,MJ,,0619,191,ID191-Lung20X-2.czi,tissue,CELL_ID191-Lung20X-2.czi,Historical drive ingest 2026 (drive3_MJesus-MFB); project / researcher / operator / subject decided per file before ingest (tasks/drive3_czi_gate.md). Claim: CONFIRMED.,9a5630324b87ace1df925836fc251966ffe59f013b774c26c9386e167ee83316,CONFIRMED,,
drive3_MJesus-MFB/Microscopio/Microscopio- MJesus Sanchez 2023/Female Diets/3-KD female 0619/2- KD female 0619 - Masson/ID191-Lung20X-3.czi,AE-biomaGUNE-0619,MJ,,0619,191,ID191-Lung20X-3.czi,tissue,CELL_ID191-Lung20X-3.czi,Historical drive ingest 2026 (drive3_MJesus-MFB); project / researcher / operator / subject decided per file before ingest (tasks/drive3_czi_gate.md). Claim: CONFIRMED.,f5adbc96f7438ab71b421575a6a66e4a60aa1c3b1c1879a82d6d2a9a5a5ba622,CONFIRMED,,
drive3_MJesus-MFB/Microscopio/Microscopio- MJesus Sanchez 2023/Female Diets/3-KD female 0619/2- KD female 0619 - Masson/ID192-Lung20X-1.czi,AE-biomaGUNE-0619,MJ,,0619,192,ID192-Lung20X-1.czi,tissue,CELL_ID192-Lung20X-1.czi,Historical drive ingest 2026 (drive3_MJesus-MFB); project / researcher / operator / subject decided per file before ingest (tasks/drive3_czi_gate.md). Claim: CONFIRMED.,884fa201db354c11564c0bce83a77538ebc899b768b6e882c38a90190feb759e,CONFIRMED,,
drive3_MJesus-MFB/Microscopio/Microscopio- MJesus Sanchez 2023/Female Diets/3-KD female 0619/2- KD female 0619 - Masson/ID192-Lung20X-2.czi,AE-biomaGUNE-0619,MJ,,0619,192,ID192-Lung20X-2.czi,tissue,CELL_ID192-Lung20X-2.czi,Historical drive ingest 2026 (drive3_MJesus-MFB); project / researcher / operator / subject decided per file before ingest (tasks/drive3_czi_gate.md). Claim: CONFIRMED.,fc72f307c8abb0da7524aa8fbbf2137dd85f108fa74ba993336c3af3f4d255f9,CONFIRMED,,
drive3_MJesus-MFB/Microscopio/Microscopio- MJesus Sanchez 2023/Female Diets/3-KD female 0619/2- KD female 0619 - Masson/ID192-Lung20X-3.czi,AE-biomaGUNE-0619,MJ,,0619,192,ID192-Lung20X-3.czi,tissue,CELL_ID192-Lung20X-3.czi,Historical drive ingest 2026 (drive3_MJesus-MFB); project / researcher / operator / subject decided per file before ingest (tasks/drive3_czi_gate.md). Claim: CONFIRMED.,8b11d8ef67e79736f9a5be6e283f2eed6e803d01843519558575f224290ceb66,CONFIRMED,,
drive3_MJesus-MFB/Microscopio/Microscopio- MJesus Sanchez 2023/Female Diets/3-KD female 0619/2- KD female 0619 - Masson/ID192-Lung20X-4.czi,AE-biomaGUNE-0619,MJ,,0619,192,ID192-Lung20X-4.czi,tissue,CELL_ID192-Lung20X-4.czi,Historical drive ingest 2026 (drive3_MJesus-MFB); project / researcher / operator / subject decided per file before ingest (tasks/drive3_czi_gate.md). Claim: CONFIRMED.,a7dcfe3a6dc43e09aa74fa72d88c1e14eca0903b769ae0c62e068d9050ae60e1,CONFIRMED,,
drive3_MJesus-MFB/Microscopio/Microscopio- MJesus Sanchez 2023/Female Diets/3-KD female 0619/2- KD female 0619 - Masson/ID197-Lung20X-1.czi,AE-biomaGUNE-0619,MJ,,0619,197,ID197-Lung20X-1.czi,tissue,CELL_ID197-Lung20X-1.czi,Historical drive ingest 2026 (drive3_MJesus-MFB); project / researcher / operator / subject decided per file before ingest (tasks/drive3_czi_gate.md). Claim: CONFIRMED.,2322b033cc781f625bcba5c0816e16da0dbfbb60a67f0be38667fe702cbe7738,CONFIRMED,,
drive3_MJesus-MFB/Microscopio/Microscopio- MJesus Sanchez 2023/Female Diets/3-KD female 0619/2- KD female 0619 - Masson/ID197-Lung20X-2.czi,AE-biomaGUNE-0619,MJ,,0619,197,ID197-Lung20X-2.czi,tissue,CELL_ID197-Lung20X-2.czi,Historical drive ingest 2026 (drive3_MJesus-MFB); project / researcher / operator / subject decided per file before ingest (tasks/drive3_czi_gate.md). Claim: CONFIRMED.,5e89c964416222e00650069dadd882d524e6ffce4141fb8ba62bd46f080bab6f,CONFIRMED,,
drive3_MJesus-MFB/Microscopio/Microscopio- MJesus Sanchez 2023/Female Diets/3-KD female 0619/2- KD female 0619 - Masson/ID197-Lung20X-3.czi,AE-biomaGUNE-0619,MJ,,0619,197,ID197-Lung20X-3.czi,tissue,CELL_ID197-Lung20X-3.czi,Historical drive ingest 2026 (drive3_MJesus-MFB); project / researcher / operator / subject decided per file before ingest (tasks/drive3_czi_gate.md). Claim: CONFIRMED.,47212741a7a258c352c27420a0cf7ab3d7966bf511e30436cbeafb6ff6525cd6,CONFIRMED,,
drive3_MJesus-MFB/Microscopio/Microscopio- MJesus Sanchez 2023/Female Diets/3-KD female 0619/2- KD female 0619 - Masson/ID197-Lung20X-4.czi,AE-biomaGUNE-0619,MJ,,0619,197,ID197-Lung20X-4.czi,tissue,CELL_ID197-Lung20X-4.czi,Historical drive ingest 2026 (drive3_MJesus-MFB); project / researcher / operator / subject decided per file before ingest (tasks/drive3_czi_gate.md). Claim: CONFIRMED.,a6729db10cd41b2e02dd54333a2ca687dde54f69999d789ddaa70ab70877a818,CONFIRMED,,
drive3_MJesus-MFB/Microscopio/Microscopio- MJesus Sanchez 2023/Female Diets/3-KD female 0619/2- KD female 0619 - Masson/ID198-Lung20X-1.czi,AE-biomaGUNE-0619,MJ,,0619,198,ID198-Lung20X-1.czi,tissue,CELL_ID198-Lung20X-1.czi,Historical drive ingest 2026 (drive3_MJesus-MFB); project / researcher / operator / subject decided per file before ingest (tasks/drive3_czi_gate.md). Claim: CONFIRMED.,0c34599572847e712223825332ae54ae2e3a4c402f6c072a20fe401f99544602,CONFIRMED,,
drive3_MJesus-MFB/Microscopio/Microscopio- MJesus Sanchez 2023/Female Diets/3-KD female 0619/2- KD female 0619 - Masson/ID198-Lung20X-2.czi,AE-biomaGUNE-0619,MJ,,0619,198,ID198-Lung20X-2.czi,tissue,CELL_ID198-Lung20X-2.czi,Historical drive ingest 2026 (drive3_MJesus-MFB); project / researcher / operator / subject decided per file before ingest (tasks/drive3_czi_gate.md). Claim: CONFIRMED.,cf4e431f87c470bbed3622cba50594c96bda6d6e0b39eb663683eba8d4ac767d,CONFIRMED,,
drive3_MJesus-MFB/Microscopio/Microscopio- MJesus Sanchez 2023/Female Diets/3-KD female 0619/2- KD female 0619 - Masson/ID198-Lung20X-3.czi,AE-biomaGUNE-0619,MJ,,0619,198,ID198-Lung20X-3.czi,tissue,CELL_ID198-Lung20X-3.czi,Historical drive ingest 2026 (drive3_MJesus-MFB); project / researcher / operator / subject decided per file before ingest (tasks/drive3_czi_gate.md). Claim: CONFIRMED.,75115cc527e72360853e827bcc61bf18122fdcc86251e3321c5f5974a100e3d8,CONFIRMED,,
drive3_MJesus-MFB/Microscopio/Microscopio- MJesus Sanchez 2023/Female Diets/3-KD female 0619/2- KD female 0619 - Masson/ID198-Lung20X-4.czi,AE-biomaGUNE-0619,MJ,,0619,198,ID198-Lung20X-4.czi,tissue,CELL_ID198-Lung20X-4.czi,Historical drive ingest 2026 (drive3_MJesus-MFB); project / researcher / operator / subject decided per file before ingest (tasks/drive3_czi_gate.md). Claim: CONFIRMED.,371434df45ccfc26814e68cc5f83937afefa446117aa42bee77ba75ea0aca8be,CONFIRMED,,
drive3_MJesus-MFB/Microscopio/Microscopio- MJesus Sanchez 2023/Female Diets/3-KD female 0619/2- KD female 0619 - Masson/ID199-Lung20X-1.czi,AE-biomaGUNE-0619,MJ,,0619,199,ID199-Lung20X-1.czi,tissue,CELL_ID199-Lung20X-1.czi,Historical drive ingest 2026 (drive3_MJesus-MFB); project / researcher / operator / subject decided per file before ingest (tasks/drive3_czi_gate.md). Claim: CONFIRMED.,4188511b034952d1995bbcac3d6eb6c19d20aef9575fec45f7776dc09c5a088f,CONFIRMED,,
drive3_MJesus-MFB/Microscopio/Microscopio- MJesus Sanchez 2023/Female Diets/3-KD female 0619/2- KD female 0619 - Masson/ID199-Lung20X-2.czi,AE-biomaGUNE-0619,MJ,,0619,199,ID199-Lung20X-2.czi,tissue,CELL_ID199-Lung20X-2.czi,Historical drive ingest 2026 (drive3_MJesus-MFB); project / researcher / operator / subject decided per file before ingest (tasks/drive3_czi_gate.md). Claim: CONFIRMED.,d74ab5dca10b5192354fe9618079f5f3d2aa4da6f956b997c1d2a76786edb58f,CONFIRMED,,
drive3_MJesus-MFB/Microscopio/Microscopio- MJesus Sanchez 2023/Female Diets/3-KD female 0619/2- KD female 0619 - Masson/ID199-Lung20X-3.czi,AE-biomaGUNE-0619,MJ,,0619,199,ID199-Lung20X-3.czi,tissue,CELL_ID199-Lung20X-3.czi,Historical drive ingest 2026 (drive3_MJesus-MFB); project / researcher / operator / subject decided per file before ingest (tasks/drive3_czi_gate.md). Claim: CONFIRMED.,b09aa59d24a8ffd128b45fbe57d0c5caef21b76833ff62ec08b2f2366f84ff54,CONFIRMED,,
drive3_MJesus-MFB/Microscopio/Microscopio- MJesus Sanchez 2023/Female Diets/3-KD female 0619/2- KD female 0619 - Masson/ID199-Lung20X-4.czi,AE-biomaGUNE-0619,MJ,,0619,199,ID199-Lung20X-4.czi,tissue,CELL_ID199-Lung20X-4.czi,Historical drive ingest 2026 (drive3_MJesus-MFB); project / researcher / operator / subject decided per file before ingest (tasks/drive3_czi_gate.md). Claim: CONFIRMED.,11ecb2fa9515e4262fc36d84394d90e07803e0574e0ca1871297caebc8bd612f,CONFIRMED,,
drive3_MJesus-MFB/Microscopio/Microscopio- MJesus Sanchez 2023/Female Diets/3-KD female 0619/3- KD female 0619 - WGA/WGA KD Female/ID187-WGA20XLV-1.czi,AE-biomaGUNE-0619,MJ,,0619,187,ID187-WGA20XLV-1.czi,tissue,CELL_ID187-WGA20XLV-1.czi,Historical drive ingest 2026 (drive3_MJesus-MFB); project / researcher / operator / subject decided per file before ingest (tasks/drive3_czi_gate.md). Claim: CONFIRMED.,d0f93b3306d4b6d1efd2e37500976fd22c8352cd3ed8d44451651e0d87794747,CONFIRMED,,
drive3_MJesus-MFB/Microscopio/Microscopio- MJesus Sanchez 2023/Female Diets/3-KD female 0619/3- KD female 0619 - WGA/WGA KD Female/ID187-WGA20XLV-2.czi,AE-biomaGUNE-0619,MJ,,0619,187,ID187-WGA20XLV-2.czi,tissue,CELL_ID187-WGA20XLV-2.czi,Historical drive ingest 2026 (drive3_MJesus-MFB); project / researcher / operator / subject decided per file before ingest (tasks/drive3_czi_gate.md). Claim: CONFIRMED.,5c385ad36ffd406784a5263e71c7e7a1dbb48692681a33f27da23bf88af2858e,CONFIRMED,,
drive3_MJesus-MFB/Microscopio/Microscopio- MJesus Sanchez 2023/Female Diets/3-KD female 0619/3- KD female 0619 - WGA/WGA KD Female/ID187-WGA20XRV-1.czi,AE-biomaGUNE-0619,MJ,,0619,187,ID187-WGA20XRV-1.czi,tissue,CELL_ID187-WGA20XRV-1.czi,Historical drive ingest 2026 (drive3_MJesus-MFB); project / researcher / operator / subject decided per file before ingest (tasks/drive3_czi_gate.md). Claim: CONFIRMED.,1678fa8f2c38e8a05fad7eb70e93b38f20dfd3ffe7cd8e323fd79284271fe951,CONFIRMED,,
drive3_MJesus-MFB/Microscopio/Microscopio- MJesus Sanchez 2023/Female Diets/3-KD female 0619/3- KD female 0619 - WGA/WGA KD Female/ID187-WGA20XRV-2.czi,AE-biomaGUNE-0619,MJ,,0619,187,ID187-WGA20XRV-2.czi,tissue,CELL_ID187-WGA20XRV-2.czi,Historical drive ingest 2026 (drive3_MJesus-MFB); project / researcher / operator / subject decided per file before ingest (tasks/drive3_czi_gate.md). Claim: CONFIRMED.,3e37c34785f6a643270e3bf97eea53e262611404738935035480f29afb3e45a4,CONFIRMED,,
drive3_MJesus-MFB/Microscopio/Microscopio- MJesus Sanchez 2023/Female Diets/3-KD female 0619/3- KD female 0619 - WGA/WGA KD Female/ID187-WGA20XRV-3.czi,AE-biomaGUNE-0619,MJ,,0619,187,ID187-WGA20XRV-3.czi,tissue,CELL_ID187-WGA20XRV-3.czi,Historical drive ingest 2026 (drive3_MJesus-MFB); project / researcher / operator / subject decided per file before ingest (tasks/drive3_czi_gate.md). Claim: CONFIRMED.,16d68921a2fdf13c795b21d90c7b1305e3eb441794a31410b2e8c8b3227c5704,CONFIRMED,,
drive3_MJesus-MFB/Microscopio/Microscopio- MJesus Sanchez 2023/Female Diets/3-KD female 0619/3- KD female 0619 - WGA/WGA KD Female/ID188-WGA20XLV-1.czi,AE-biomaGUNE-0619,MJ,,0619,188,ID188-WGA20XLV-1.czi,tissue,CELL_ID188-WGA20XLV-1.czi,Historical drive ingest 2026 (drive3_MJesus-MFB); project / researcher / operator / subject decided per file before ingest (tasks/drive3_czi_gate.md). Claim: CONFIRMED.,4f433310d4fa7d81861abf6c73a99273bc7160a57b903f549bd8c276c75bab18,CONFIRMED,,
drive3_MJesus-MFB/Microscopio/Microscopio- MJesus Sanchez 2023/Female Diets/3-KD female 0619/3- KD female 0619 - WGA/WGA KD Female/ID188-WGA20XLV-2.czi,AE-biomaGUNE-0619,MJ,,0619,188,ID188-WGA20XLV-2.czi,tissue,CELL_ID188-WGA20XLV-2.czi,Historical drive ingest 2026 (drive3_MJesus-MFB); project / researcher / operator / subject decided per file before ingest (tasks/drive3_czi_gate.md). Claim: CONFIRMED.,20baa9c96d21c10a57b4794e23497427bd9b8b730264bc58aa1b2d84555a1cb3,CONFIRMED,,
drive3_MJesus-MFB/Microscopio/Microscopio- MJesus Sanchez 2023/Female Diets/3-KD female 0619/3- KD female 0619 - WGA/WGA KD Female/ID188-WGA20XRV-1.czi,AE-biomaGUNE-0619,MJ,,0619,188,ID188-WGA20XRV-1.czi,tissue,CELL_ID188-WGA20XRV-1.czi,Historical drive ingest 2026 (drive3_MJesus-MFB); project / researcher / operator / subject decided per file before ingest (tasks/drive3_czi_gate.md). Claim: CONFIRMED.,afd9bf7d9ac359af64d9d30f78e364e938dd70177796fb1e19f33569c62e75e9,CONFIRMED,,
drive3_MJesus-MFB/Microscopio/Microscopio- MJesus Sanchez 2023/Female Diets/3-KD female 0619/3- KD female 0619 - WGA/WGA KD Female/ID188-WGA20XRV-2.czi,AE-biomaGUNE-0619,MJ,,0619,188,ID188-WGA20XRV-2.czi,tissue,CELL_ID188-WGA20XRV-2.czi,Historical drive ingest 2026 (drive3_MJesus-MFB); project / researcher / operator / subject decided per file before ingest (tasks/drive3_czi_gate.md). Claim: CONFIRMED.,84fce2230b54423e24e2285c7e3bbf806eb3d06e336e0d39d9fd1b6c629ed5b5,CONFIRMED,,
drive3_MJesus-MFB/Microscopio/Microscopio- MJesus Sanchez 2023/Female Diets/3-KD female 0619/3- KD female 0619 - WGA/WGA KD Female/ID188-WGA20XRV-3.czi,AE-biomaGUNE-0619,MJ,,0619,188,ID188-WGA20XRV-3.czi,tissue,CELL_ID188-WGA20XRV-3.czi,Historical drive ingest 2026 (drive3_MJesus-MFB); project / researcher / operator / subject decided per file before ingest (tasks/drive3_czi_gate.md). Claim: CONFIRMED.,99c3582abeb28a8d047cbb6ebcb0894fb32ec786c5cc5c143a216942cea148eb,CONFIRMED,,
drive3_MJesus-MFB/Microscopio/Microscopio- MJesus Sanchez 2023/Female Diets/3-KD female 0619/3- KD female 0619 - WGA/WGA KD Female/ID188-WGA20XRV-4.czi,AE-biomaGUNE-0619,MJ,,0619,188,ID188-WGA20XRV-4.czi,tissue,CELL_ID188-WGA20XRV-4.czi,Historical drive ingest 2026 (drive3_MJesus-MFB); project / researcher / operator / subject decided per file before ingest (tasks/drive3_czi_gate.md). Claim: CONFIRMED.,7c334adf8bf5d21a4ae59f50f427329a018ed007cd4a15eb2c9b63baa079ace8,CONFIRMED,,
drive3_MJesus-MFB/Microscopio/Microscopio- MJesus Sanchez 2023/Female Diets/3-KD female 0619/3- KD female 0619 - WGA/WGA KD Female/WGA-ID189-LV1.czi,AE-biomaGUNE-0619,MJ,,0619,189,WGA-ID189-LV1.czi,tissue,CELL_WGA-ID189-LV1.czi,Historical drive ingest 2026 (drive3_MJesus-MFB); project / researcher / operator / subject decided per file before ingest (tasks/drive3_czi_gate.md). Claim: CONFIRMED.,ac19b111a1dbe41eef2085dd6136a6dfc8956d5690f1e5e15391984b337cc835,CONFIRMED,,
drive3_MJesus-MFB/Microscopio/Microscopio- MJesus Sanchez 2023/Female Diets/3-KD female 0619/3- KD female 0619 - WGA/WGA KD Female/WGA-ID189-LV2.czi,AE-biomaGUNE-0619,MJ,,0619,189,WGA-ID189-LV2.czi,tissue,CELL_WGA-ID189-LV2.czi,Historical drive ingest 2026 (drive3_MJesus-MFB); project / researcher / operator / subject decided per file before ingest (tasks/drive3_czi_gate.md). Claim: CONFIRMED.,e9aa12ae740c8cb90f9d8f1a19cf70182b1a6174425ee445a2cf0f5066022898,CONFIRMED,,
drive3_MJesus-MFB/Microscopio/Microscopio- MJesus Sanchez 2023/Female Diets/3-KD female 0619/3- KD female 0619 - WGA/WGA KD Female/WGA-ID189-RV1.czi,AE-biomaGUNE-0619,MJ,,0619,189,WGA-ID189-RV1.czi,tissue,CELL_WGA-ID189-RV1.czi,Historical drive ingest 2026 (drive3_MJesus-MFB); project / researcher / operator / subject decided per file before ingest (tasks/drive3_czi_gate.md). Claim: CONFIRMED.,6bf5ca2b99b70501ccc4e58962421d6bb48212bc6db4e35631d41bce9814d83e,CONFIRMED,,
drive3_MJesus-MFB/Microscopio/Microscopio- MJesus Sanchez 2023/Female Diets/3-KD female 0619/3- KD female 0619 - WGA/WGA KD Female/WGA-ID189-RV2.czi,AE-biomaGUNE-0619,MJ,,0619,189,WGA-ID189-RV2.czi,tissue,CELL_WGA-ID189-RV2.czi,Historical drive ingest 2026 (drive3_MJesus-MFB); project / researcher / operator / subject decided per file before ingest (tasks/drive3_czi_gate.md). Claim: CONFIRMED.,b624005df6b25ec4db48d0a8353f3fa9c1b72576b552c813ff54bbaed8f2edf4,CONFIRMED,,
drive3_MJesus-MFB/Microscopio/Microscopio- MJesus Sanchez 2023/Female Diets/3-KD female 0619/5- KD female 0619- PR/Heart/ID17310XPRheart.czi,AE-biomaGUNE-0619,MJ,,,,ID17310XPRheart.czi,,CELL_ID17310XPRheart.czi,Historical drive ingest 2026 (drive3_MJesus-MFB); project / researcher / operator / subject decided per file before ingest (tasks/drive3_czi_gate.md). Claim: CONFIRMED; shares its acquisition second with 1 other file(s): the pixel check found no copy relation (another scene of the acquisition).,b3af8875f820b62a3e4054626cd5da2a6ce442ded33851c2d04b5f33b749d5ef,CONFIRMED,CELL|2022-04-26T08:03:50,2
drive3_MJesus-MFB/Microscopio/Microscopio- MJesus Sanchez 2023/Female Diets/3-KD female 0619/5- KD female 0619- PR/Heart/ID17310XPRheartPOL.czi,AE-biomaGUNE-0619,MJ,,,,ID17310XPRheartPOL.czi,,CELL_ID17310XPRheartPOL.czi,Historical drive ingest 2026 (drive3_MJesus-MFB); project / researcher / operator / subject decided per file before ingest (tasks/drive3_czi_gate.md). Claim: CONFIRMED; shares its acquisition second with 1 other file(s): the pixel check found no copy relation (another scene of the acquisition).,ca959b9e7aae3cea0fa20e9656bb874f31ec520920f479e8c5632aa09df8cd4c,CONFIRMED,CELL|2022-04-26T08:26:50,2
drive3_MJesus-MFB/Microscopio/Microscopio- MJesus Sanchez 2023/Female Diets/3-KD female 0619/5- KD female 0619- PR/Heart/ID17410XPRheart.czi,AE-biomaGUNE-0619,MJ,,,,ID17410XPRheart.czi,,CELL_ID17410XPRheart.czi,Historical drive ingest 2026 (drive3_MJesus-MFB); project / researcher / operator / subject decided per file before ingest (tasks/drive3_czi_gate.md). Claim: CONFIRMED.,9805bf81d2acfbe04443a8921947a43f2b6ddff4a8a34f5d10fe8b10c676ce22,CONFIRMED,,
drive3_MJesus-MFB/Microscopio/Microscopio- MJesus Sanchez 2023/Female Diets/3-KD female 0619/5- KD female 0619- PR/Heart/ID17410XPRheartPOL.czi,AE-biomaGUNE-0619,MJ,,,,ID17410XPRheartPOL.czi,,CELL_ID17410XPRheartPOL.czi,Historical drive ingest 2026 (drive3_MJesus-MFB); project / researcher / operator / subject decided per file before ingest (tasks/drive3_czi_gate.md). Claim: CONFIRMED.,f974b076fb9306259b789a0062ff0077b38f4f8c4ac22bd61c7e0ef79cf8f78a,CONFIRMED,,
drive3_MJesus-MFB/Microscopio/Microscopio- MJesus Sanchez 2023/Female Diets/3-KD female 0619/5- KD female 0619- PR/Heart/ID18510XPRheart.czi,AE-biomaGUNE-0619,MJ,,,,ID18510XPRheart.czi,,CELL_ID18510XPRheart.czi,Historical drive ingest 2026 (drive3_MJesus-MFB); project / researcher / operator / subject decided per file before ingest (tasks/drive3_czi_gate.md). Claim: CONFIRMED; shares its acquisition second with 1 other file(s): the pixel check found no copy relation (another scene of the acquisition).,743fc32921442690a4b82c1e050087317fcc2778df679827520d10ddd87b5a94,CONFIRMED,CELL|2022-04-26T10:32:38,2
drive3_MJesus-MFB/Microscopio/Microscopio- MJesus Sanchez 2023/Female Diets/3-KD female 0619/5- KD female 0619- PR/Heart/ID18510XPRheartPOL.czi,AE-biomaGUNE-0619,MJ,,,,ID18510XPRheartPOL.czi,,CELL_ID18510XPRheartPOL.czi,Historical drive ingest 2026 (drive3_MJesus-MFB); project / researcher / operator / subject decided per file before ingest (tasks/drive3_czi_gate.md). Claim: CONFIRMED; shares its acquisition second with 1 other file(s): the pixel check found no copy relation (another scene of the acquisition).,db4ab2f2c621ec45f3ea89b6f6c8d073747c410163078d7ae35a7b1cd40dd56f,CONFIRMED,CELL|2022-04-26T10:38:50,2
drive3_MJesus-MFB/Microscopio/Microscopio- MJesus Sanchez 2023/Female Diets/3-KD female 0619/5- KD female 0619- PR/Heart/ID18810XPRheartbis.czi,AE-biomaGUNE-0619,MJ,,,,ID18810XPRheartbis.czi,,CELL_ID18810XPRheartbis.czi,Historical drive ingest 2026 (drive3_MJesus-MFB); project / researcher / operator / subject decided per file before ingest (tasks/drive3_czi_gate.md). Claim: CONFIRMED; shares its acquisition second with 1 other file(s): the pixel check found no copy relation (another scene of the acquisition).,428f08e65037bfe02547395c07c87e9f5f2d3a13c75fbb882830d1bcf85e8d11,CONFIRMED,CELL|2022-04-26T11:25:05,2
drive3_MJesus-MFB/Microscopio/Microscopio- MJesus Sanchez 2023/Female Diets/3-KD female 0619/5- KD female 0619- PR/Heart/ID18810XPRheartbisPOL.czi,AE-biomaGUNE-0619,MJ,,,,ID18810XPRheartbisPOL.czi,,CELL_ID18810XPRheartbisPOL.czi,Historical drive ingest 2026 (drive3_MJesus-MFB); project / researcher / operator / subject decided per file before ingest (tasks/drive3_czi_gate.md). Claim: CONFIRMED; shares its acquisition second with 1 other file(s): the pixel check found no copy relation (another scene of the acquisition).,58ab16a6be60f9080d321d3e00fc5d22f58ee2a4f2dc294cb73d8c892972aeb6,CONFIRMED,CELL|2022-04-26T11:29:56,2
drive3_MJesus-MFB/Microscopio/Microscopio- MJesus Sanchez 2023/Female Diets/3-KD female 0619/5- KD female 0619- PR/Heart/ID18910XPRheart.czi,AE-biomaGUNE-0619,MJ,,,,ID18910XPRheart.czi,,CELL_ID18910XPRheart.czi,Historical drive ingest 2026 (drive3_MJesus-MFB); project / researcher / operator / subject decided per file before ingest (tasks/drive3_czi_gate.md). Claim: CONFIRMED; shares its acquisition second with 1 other file(s): the pixel check found no copy relation (another scene of the acquisition).,06669cd322c9da0b0b85e88f1a3df6283101927137605653ffaf85b00d5e72db,CONFIRMED,CELL|2022-04-26T11:47:29,2
drive3_MJesus-MFB/Microscopio/Microscopio- MJesus Sanchez 2023/Female Diets/3-KD female 0619/5- KD female 0619- PR/Heart/ID18910XPRheartPOL.czi,AE-biomaGUNE-0619,MJ,,,,ID18910XPRheartPOL.czi,,CELL_ID18910XPRheartPOL.czi,Historical drive ingest 2026 (drive3_MJesus-MFB); project / researcher / operator / subject decided per file before ingest (tasks/drive3_czi_gate.md). Claim: CONFIRMED; shares its acquisition second with 1 other file(s): the pixel check found no copy relation (another scene of the acquisition).,683af0b0d6e77588a7d5defbbf3175c99cc518f71653bc5543b8284b8216b6f0,CONFIRMED,CELL|2022-04-26T11:53:04,2
drive3_MJesus-MFB/Microscopio/Microscopio- MJesus Sanchez 2023/Female Diets/3-KD female 0619/5- KD female 0619- PR/Lung/ID17310XPRLungPOL.czi,AE-biomaGUNE-0619,MJ,,,,ID17310XPRLungPOL.czi,,CELL_ID17310XPRLungPOL.czi,Historical drive ingest 2026 (drive3_MJesus-MFB); project / researcher / operator / subject decided per file before ingest (tasks/drive3_czi_gate.md). Claim: CONFIRMED; shares its acquisition second with 1 other file(s): the pixel check found no copy relation (another scene of the acquisition).,34ddc24f978613766d227c4c9de54682a6958a1e4be9ba3534a094316698ec76,CONFIRMED,CELL|2022-04-26T08:26:50,2
drive3_MJesus-MFB/Microscopio/Microscopio- MJesus Sanchez 2023/Female Diets/3-KD female 0619/5- KD female 0619- PR/Lung/ID17310XPRlung.czi,AE-biomaGUNE-0619,MJ,,,,ID17310XPRlung.czi,,CELL_ID17310XPRlung.czi,Historical drive ingest 2026 (drive3_MJesus-MFB); project / researcher / operator / subject decided per file before ingest (tasks/drive3_czi_gate.md). Claim: CONFIRMED; shares its acquisition second with 1 other file(s): the pixel check found no copy relation (another scene of the acquisition).,a6fed2afa2e92957be6504474beb32e393ef0851bcf4c518f3460ab8b3736292,CONFIRMED,CELL|2022-04-26T08:03:50,2
drive3_MJesus-MFB/Microscopio/Microscopio- MJesus Sanchez 2023/Female Diets/3-KD female 0619/5- KD female 0619- PR/Lung/ID17410XPRlung.czi,AE-biomaGUNE-0619,MJ,,,,ID17410XPRlung.czi,,CELL_ID17410XPRlung.czi,Historical drive ingest 2026 (drive3_MJesus-MFB); project / researcher / operator / subject decided per file before ingest (tasks/drive3_czi_gate.md). Claim: CONFIRMED.,51f4053fce4dd0f2387569c8552061918b3c9967a4c3ed6f19149547c2eca81e,CONFIRMED,,
drive3_MJesus-MFB/Microscopio/Microscopio- MJesus Sanchez 2023/Female Diets/3-KD female 0619/5- KD female 0619- PR/Lung/ID17410XPRlungPOL.czi,AE-biomaGUNE-0619,MJ,,,,ID17410XPRlungPOL.czi,,CELL_ID17410XPRlungPOL.czi,Historical drive ingest 2026 (drive3_MJesus-MFB); project / researcher / operator / subject decided per file before ingest (tasks/drive3_czi_gate.md). Claim: CONFIRMED.,1556a7d3eca81d5f2f07667c3c2f5a6d46bc18b3697b8724f693549670f951d1,CONFIRMED,,
drive3_MJesus-MFB/Microscopio/Microscopio- MJesus Sanchez 2023/Female Diets/3-KD female 0619/5- KD female 0619- PR/Lung/ID18510XPRlung.czi,AE-biomaGUNE-0619,MJ,,,,ID18510XPRlung.czi,,CELL_ID18510XPRlung.czi,Historical drive ingest 2026 (drive3_MJesus-MFB); project / researcher / operator / subject decided per file before ingest (tasks/drive3_czi_gate.md). Claim: CONFIRMED; shares its acquisition second with 1 other file(s): the pixel check found no copy relation (another scene of the acquisition).,90fe8f2b1a66cd5f512c8d2ff5c6f3de127c89d4b5071e9bb1305a0edc41c9b1,CONFIRMED,CELL|2022-04-26T10:32:38,2
drive3_MJesus-MFB/Microscopio/Microscopio- MJesus Sanchez 2023/Female Diets/3-KD female 0619/5- KD female 0619- PR/Lung/ID18510XPRlungPOL.czi,AE-biomaGUNE-0619,MJ,,,,ID18510XPRlungPOL.czi,,CELL_ID18510XPRlungPOL.czi,Historical drive ingest 2026 (drive3_MJesus-MFB); project / researcher / operator / subject decided per file before ingest (tasks/drive3_czi_gate.md). Claim: CONFIRMED; shares its acquisition second with 1 other file(s): the pixel check found no copy relation (another scene of the acquisition).,e7d6674a7bb70453cd2d86a0e6c257a512a7b4a2593a96e1c3b7b0662d691e64,CONFIRMED,CELL|2022-04-26T10:38:50,2
drive3_MJesus-MFB/Microscopio/Microscopio- MJesus Sanchez 2023/Female Diets/3-KD female 0619/5- KD female 0619- PR/Lung/ID18810XPRlungbis.czi,AE-biomaGUNE-0619,MJ,,,,ID18810XPRlungbis.czi,,CELL_ID18810XPRlungbis.czi,Historical drive ingest 2026 (drive3_MJesus-MFB); project / researcher / operator / subject decided per file before ingest (tasks/drive3_czi_gate.md). Claim: CONFIRMED; shares its acquisition second with 1 other file(s): the pixel check found no copy relation (another scene of the acquisition).,a6a74641bc96f51aa4f11c5c176fda7a380b86c37186c47cd18716ab5b2c6975,CONFIRMED,CELL|2022-04-26T11:25:05,2
drive3_MJesus-MFB/Microscopio/Microscopio- MJesus Sanchez 2023/Female Diets/3-KD female 0619/5- KD female 0619- PR/Lung/ID18810XPRlungbisPOL.czi,AE-biomaGUNE-0619,MJ,,,,ID18810XPRlungbisPOL.czi,,CELL_ID18810XPRlungbisPOL.czi,Historical drive ingest 2026 (drive3_MJesus-MFB); project / researcher / operator / subject decided per file before ingest (tasks/drive3_czi_gate.md). Claim: CONFIRMED; shares its acquisition second with 1 other file(s): the pixel check found no copy relation (another scene of the acquisition).,6e0e5b6f8ee54151e5e36b7c83c71c2484f71755a0b1a9f8f5e81a95ace5d90e,CONFIRMED,CELL|2022-04-26T11:29:56,2
drive3_MJesus-MFB/Microscopio/Microscopio- MJesus Sanchez 2023/Female Diets/3-KD female 0619/5- KD female 0619- PR/Lung/ID18910XPRlung.czi,AE-biomaGUNE-0619,MJ,,,,ID18910XPRlung.czi,,CELL_ID18910XPRlung.czi,Historical drive ingest 2026 (drive3_MJesus-MFB); project / researcher / operator / subject decided per file before ingest (tasks/drive3_czi_gate.md). Claim: CONFIRMED; shares its acquisition second with 1 other file(s): the pixel check found no copy relation (another scene of the acquisition).,9334111b8d92cfb302ad50701c52279833e61d29dc7d7d856a46b618efb59f99,CONFIRMED,CELL|2022-04-26T11:47:29,2
drive3_MJesus-MFB/Microscopio/Microscopio- MJesus Sanchez 2023/Female Diets/3-KD female 0619/5- KD female 0619- PR/Lung/ID18910XPRlungPOL.czi,AE-biomaGUNE-0619,MJ,,,,ID18910XPRlungPOL.czi,,CELL_ID18910XPRlungPOL.czi,Historical drive ingest 2026 (drive3_MJesus-MFB); project / researcher / operator / subject decided per file before ingest (tasks/drive3_czi_gate.md). Claim: CONFIRMED; shares its acquisition second with 1 other file(s): the pixel check found no copy relation (another scene of the acquisition).,bdce8e9dc921f81e26d35d8b457799311900b00c1832fec6848186053ec48a6c,CONFIRMED,CELL|2022-04-26T11:53:04,2
drive3_MJesus-MFB/Microscopio/Microscopio- MJesus Sanchez 2023/Female Diets/4-HCH female 0619/1- HCH female 0619 - H&E/H&E lungs 20X snaps/ID197-1019-Lung-HE-20X-1.czi,AE-biomaGUNE-0619,MJ,,0619,197,ID197-1019-Lung-HE-20X-1.czi,tissue,CELL_ID197-1019-Lung-HE-20X-1.czi,Historical drive ingest 2026 (drive3_MJesus-MFB); project / researcher / operator / subject decided per file before ingest (tasks/drive3_czi_gate.md). Claim: CONFIRMED.,7615c55d4d6dac0c15c4a910b18a80213807d2f75bd6865d1fc38b33259c0e7d,CONFIRMED,,
drive3_MJesus-MFB/Microscopio/Microscopio- MJesus Sanchez 2023/Female Diets/4-HCH female 0619/1- HCH female 0619 - H&E/H&E lungs 20X snaps/ID197-1019-Lung-HE-20X-2.czi,AE-biomaGUNE-0619,MJ,,0619,197,ID197-1019-Lung-HE-20X-2.czi,tissue,CELL_ID197-1019-Lung-HE-20X-2.czi,Historical drive ingest 2026 (drive3_MJesus-MFB); project / researcher / operator / subject decided per file before ingest (tasks/drive3_czi_gate.md). Claim: CONFIRMED.,2614dce8dde6e0de8b24ad77c08adaf235dd4973e32dc795ba940d5d35b57e1f,CONFIRMED,,
drive3_MJesus-MFB/Microscopio/Microscopio- MJesus Sanchez 2023/Female Diets/4-HCH female 0619/1- HCH female 0619 - H&E/H&E lungs 20X snaps/ID197-1019-Lung-HE-20X-3.czi,AE-biomaGUNE-0619,MJ,,0619,197,ID197-1019-Lung-HE-20X-3.czi,tissue,CELL_ID197-1019-Lung-HE-20X-3.czi,Historical drive ingest 2026 (drive3_MJesus-MFB); project / researcher / operator / subject decided per file before ingest (tasks/drive3_czi_gate.md). Claim: CONFIRMED.,6524e5c773072e6f4d9e636c0d884c8d717401c82130c0a0ec680d783e024647,CONFIRMED,,
drive3_MJesus-MFB/Microscopio/Microscopio- MJesus Sanchez 2023/Female Diets/4-HCH female 0619/1- HCH female 0619 - H&E/H&E lungs 20X snaps/ID197-1019-Lung-HE-20X-4.czi,AE-biomaGUNE-0619,MJ,,0619,197,ID197-1019-Lung-HE-20X-4.czi,tissue,CELL_ID197-1019-Lung-HE-20X-4.czi,Historical drive ingest 2026 (drive3_MJesus-MFB); project / researcher / operator / subject decided per file before ingest (tasks/drive3_czi_gate.md). Claim: CONFIRMED.,9a5e30803f364c1c55aecea1bf9ac3c50f8ce9aa76676f269739199176b5168e,CONFIRMED,,
drive3_MJesus-MFB/Microscopio/Microscopio- MJesus Sanchez 2023/Female Diets/4-HCH female 0619/1- HCH female 0619 - H&E/H&E lungs 20X snaps/ID197-1019-Lung-HE-20X-5.czi,AE-biomaGUNE-0619,MJ,,0619,197,ID197-1019-Lung-HE-20X-5.czi,tissue,CELL_ID197-1019-Lung-HE-20X-5.czi,Historical drive ingest 2026 (drive3_MJesus-MFB); project / researcher / operator / subject decided per file before ingest (tasks/drive3_czi_gate.md). Claim: CONFIRMED.,c339da07ecd4eb0c1b0204f008c4aba20d19fb6992b37b1af2179fbb2b81674f,CONFIRMED,,
drive3_MJesus-MFB/Microscopio/Microscopio- MJesus Sanchez 2023/Female Diets/4-HCH female 0619/1- HCH female 0619 - H&E/H&E lungs 20X snaps/ID198-1019-Lung-HE-20X-1.czi,AE-biomaGUNE-0619,MJ,,0619,198,ID198-1019-Lung-HE-20X-1.czi,tissue,CELL_ID198-1019-Lung-HE-20X-1.czi,Historical drive ingest 2026 (drive3_MJesus-MFB); project / researcher / operator / subject decided per file before ingest (tasks/drive3_czi_gate.md). Claim: CONFIRMED.,866b1bc92f0d47d1a8bd93ca0b035068d30f4c2f2097670e94e47a4475af30fa,CONFIRMED,,
drive3_MJesus-MFB/Microscopio/Microscopio- MJesus Sanchez 2023/Female Diets/4-HCH female 0619/1- HCH female 0619 - H&E/H&E lungs 20X snaps/ID198-1019-Lung-HE-20X-2.czi,AE-biomaGUNE-0619,MJ,,0619,198,ID198-1019-Lung-HE-20X-2.czi,tissue,CELL_ID198-1019-Lung-HE-20X-2.czi,Historical drive ingest 2026 (drive3_MJesus-MFB); project / researcher / operator / subject decided per file before ingest (tasks/drive3_czi_gate.md). Claim: CONFIRMED.,afb6651aace94da203368e190d856670404a99094600d7d699cf4c95a40559e2,CONFIRMED,,
drive3_MJesus-MFB/Microscopio/Microscopio- MJesus Sanchez 2023/Female Diets/4-HCH female 0619/1- HCH female 0619 - H&E/H&E lungs 20X snaps/ID198-1019-Lung-HE-20X-3.czi,AE-biomaGUNE-0619,MJ,,0619,198,ID198-1019-Lung-HE-20X-3.czi,tissue,CELL_ID198-1019-Lung-HE-20X-3.czi,Historical drive ingest 2026 (drive3_MJesus-MFB); project / researcher / operator / subject decided per file before ingest (tasks/drive3_czi_gate.md). Claim: CONFIRMED.,ac92d81b3add43b6cb7619edd59b0f81b306bf9806361ceb5a91652cf7b28ef8,CONFIRMED,,
drive3_MJesus-MFB/Microscopio/Microscopio- MJesus Sanchez 2023/Female Diets/4-HCH female 0619/1- HCH female 0619 - H&E/H&E lungs 20X snaps/ID198-1019-Lung-HE-20X-4.czi,AE-biomaGUNE-0619,MJ,,0619,198,ID198-1019-Lung-HE-20X-4.czi,tissue,CELL_ID198-1019-Lung-HE-20X-4.czi,Historical drive ingest 2026 (drive3_MJesus-MFB); project / researcher / operator / subject decided per file before ingest (tasks/drive3_czi_gate.md). Claim: CONFIRMED.,26136c3f09640df5d27c9496cdb3ebab45f18e84a6b65e5bba1041a051b468b7,CONFIRMED,,
drive3_MJesus-MFB/Microscopio/Microscopio- MJesus Sanchez 2023/Female Diets/4-HCH female 0619/1- HCH female 0619 - H&E/H&E lungs 20X snaps/ID198-1019-Lung-HE-20X-5.czi,AE-biomaGUNE-0619,MJ,,0619,198,ID198-1019-Lung-HE-20X-5.czi,tissue,CELL_ID198-1019-Lung-HE-20X-5.czi,Historical drive ingest 2026 (drive3_MJesus-MFB); project / researcher / operator / subject decided per file before ingest (tasks/drive3_czi_gate.md). Claim: CONFIRMED.,da27db84e8e5b8d89d6ae831605ab446862c2a8fd8ae44a29a00732d1f7cb500,CONFIRMED,,
drive3_MJesus-MFB/Microscopio/Microscopio- MJesus Sanchez 2023/Female Diets/4-HCH female 0619/1- HCH female 0619 - H&E/H&E lungs 20X snaps/ID199-1019-Lung-HE-20X-1.czi,AE-biomaGUNE-0619,MJ,,0619,199,ID199-1019-Lung-HE-20X-1.czi,tissue,CELL_ID199-1019-Lung-HE-20X-1.czi,Historical drive ingest 2026 (drive3_MJesus-MFB); project / researcher / operator / subject decided per file before ingest (tasks/drive3_czi_gate.md). Claim: CONFIRMED.,1e0488df405d945258ee7da27b591ee9749ca3f791788ef42978205d1dd5c803,CONFIRMED,,
drive3_MJesus-MFB/Microscopio/Microscopio- MJesus Sanchez 2023/Female Diets/4-HCH female 0619/1- HCH female 0619 - H&E/H&E lungs 20X snaps/ID199-1019-Lung-HE-20X-2.czi,AE-biomaGUNE-0619,MJ,,0619,199,ID199-1019-Lung-HE-20X-2.czi,tissue,CELL_ID199-1019-Lung-HE-20X-2.czi,Historical drive ingest 2026 (drive3_MJesus-MFB); project / researcher / operator / subject decided per file before ingest (tasks/drive3_czi_gate.md). Claim: CONFIRMED.,c68a8626a164478da61cd4a98c160f4ecebac13ff83de75da15caf9c5d97b92b,CONFIRMED,,
drive3_MJesus-MFB/Microscopio/Microscopio- MJesus Sanchez 2023/Female Diets/4-HCH female 0619/1- HCH female 0619 - H&E/H&E lungs 20X snaps/ID199-1019-Lung-HE-20X-3.czi,AE-biomaGUNE-0619,MJ,,0619,199,ID199-1019-Lung-HE-20X-3.czi,tissue,CELL_ID199-1019-Lung-HE-20X-3.czi,Historical drive ingest 2026 (drive3_MJesus-MFB); project / researcher / operator / subject decided per file before ingest (tasks/drive3_czi_gate.md). Claim: CONFIRMED.,67d29a354e1941747f247fc03661b0a76068407be89b7c28ac56836c7163fc37,CONFIRMED,,
drive3_MJesus-MFB/Microscopio/Microscopio- MJesus Sanchez 2023/Female Diets/4-HCH female 0619/1- HCH female 0619 - H&E/H&E lungs 20X snaps/ID199-1019-Lung-HE-20X-4.czi,AE-biomaGUNE-0619,MJ,,0619,199,ID199-1019-Lung-HE-20X-4.czi,tissue,CELL_ID199-1019-Lung-HE-20X-4.czi,Historical drive ingest 2026 (drive3_MJesus-MFB); project / researcher / operator / subject decided per file before ingest (tasks/drive3_czi_gate.md). Claim: CONFIRMED.,52e8cec41d2fb2d312073cf43afb8c0a6c772a92249b6b63cfebb9eb158dcbb3,CONFIRMED,,
drive3_MJesus-MFB/Microscopio/Microscopio- MJesus Sanchez 2023/Female Diets/4-HCH female 0619/1- HCH female 0619 - H&E/H&E lungs 20X snaps/ID199-1019-Lung-HE-20X-5.czi,AE-biomaGUNE-0619,MJ,,0619,199,ID199-1019-Lung-HE-20X-5.czi,tissue,CELL_ID199-1019-Lung-HE-20X-5.czi,Historical drive ingest 2026 (drive3_MJesus-MFB); project / researcher / operator / subject decided per file before ingest (tasks/drive3_czi_gate.md). Claim: CONFIRMED.,9ecd171f87a230d1132bce283cc9ada9bcac699b4dcca90a2e9a2f86b8e9c72d,CONFIRMED,,
drive3_MJesus-MFB/Microscopio/Microscopio- MJesus Sanchez 2023/Female Diets/4-HCH female 0619/3- HCH female 0619 - WGA/ID194-LV1-WGA-221116-20X.czi,AE-biomaGUNE-0619,MJ,,0619,194,ID194-LV1-WGA-221116-20X.czi,tissue,CELL_ID194-LV1-WGA-221116-20X.czi,Historical drive ingest 2026 (drive3_MJesus-MFB); project / researcher / operator / subject decided per file before ingest (tasks/drive3_czi_gate.md). Claim: CONFIRMED.,03b3a11dec475252e8e59cca942d0a43b5ecef36289d789d5b524130f9ade2db,CONFIRMED,,
drive3_MJesus-MFB/Microscopio/Microscopio- MJesus Sanchez 2023/Female Diets/4-HCH female 0619/3- HCH female 0619 - WGA/ID194-LV2-WGA-221116-20X.czi,AE-biomaGUNE-0619,MJ,,0619,194,ID194-LV2-WGA-221116-20X.czi,tissue,CELL_ID194-LV2-WGA-221116-20X.czi,Historical drive ingest 2026 (drive3_MJesus-MFB); project / researcher / operator / subject decided per file before ingest (tasks/drive3_czi_gate.md). Claim: CONFIRMED.,8b16a00497b9db2719676fdeb2eaebaa89944da9f04bcd0d04a1b00387ae762d,CONFIRMED,,
drive3_MJesus-MFB/Microscopio/Microscopio- MJesus Sanchez 2023/Female Diets/4-HCH female 0619/3- HCH female 0619 - WGA/ID194-LV3-WGA-221116-20X.czi,AE-biomaGUNE-0619,MJ,,0619,194,ID194-LV3-WGA-221116-20X.czi,tissue,CELL_ID194-LV3-WGA-221116-20X.czi,Historical drive ingest 2026 (drive3_MJesus-MFB); project / researcher / operator / subject decided per file before ingest (tasks/drive3_czi_gate.md). Claim: CONFIRMED.,7e5f0b054fc07d27bab460ef8555aae92dc659bfdb4b3fbea9b04a8b1f6484ea,CONFIRMED,,
drive3_MJesus-MFB/Microscopio/Microscopio- MJesus Sanchez 2023/Female Diets/4-HCH female 0619/3- HCH female 0619 - WGA/ID194-RV1-WGA-221116-20X.czi,AE-biomaGUNE-0619,MJ,,0619,194,ID194-RV1-WGA-221116-20X.czi,tissue,CELL_ID194-RV1-WGA-221116-20X.czi,Historical drive ingest 2026 (drive3_MJesus-MFB); project / researcher / operator / subject decided per file before ingest (tasks/drive3_czi_gate.md). Claim: CONFIRMED.,71155fc986059dfcb16a0a5a5e8974ca0ea0183dd92ad247b971f60eedbb1edf,CONFIRMED,,
drive3_MJesus-MFB/Microscopio/Microscopio- MJesus Sanchez 2023/Female Diets/4-HCH female 0619/3- HCH female 0619 - WGA/ID194-RV3-WGA-221116-20X.czi,AE-biomaGUNE-0619,MJ,,0619,194,ID194-RV3-WGA-221116-20X.czi,tissue,CELL_ID194-RV3-WGA-221116-20X.czi,Historical drive ingest 2026 (drive3_MJesus-MFB); project / researcher / operator / subject decided per file before ingest (tasks/drive3_czi_gate.md). Claim: CONFIRMED.,90c6214b7a0894d496f008f7e40e7c73b4849c8fd9a24e7c724fd19cdaddb133,CONFIRMED,,
drive3_MJesus-MFB/Microscopio/Microscopio- MJesus Sanchez 2023/Female Diets/4-HCH female 0619/3- HCH female 0619 - WGA/ID195-LV1-WGA-221116-20X.czi,AE-biomaGUNE-0619,MJ,,0619,195,ID195-LV1-WGA-221116-20X.czi,tissue,CELL_ID195-LV1-WGA-221116-20X.czi,Historical drive ingest 2026 (drive3_MJesus-MFB); project / researcher / operator / subject decided per file before ingest (tasks/drive3_czi_gate.md). Claim: CONFIRMED.,0cc5b3a04b1b2b3e0470b42ab373184b344b312ffca66ecca9fc9d5d7424dc57,CONFIRMED,,
drive3_MJesus-MFB/Microscopio/Microscopio- MJesus Sanchez 2023/Female Diets/4-HCH female 0619/3- HCH female 0619 - WGA/ID195-LV2-WGA-221116-20X.czi,AE-biomaGUNE-0619,MJ,,0619,195,ID195-LV2-WGA-221116-20X.czi,tissue,CELL_ID195-LV2-WGA-221116-20X.czi,Historical drive ingest 2026 (drive3_MJesus-MFB); project / researcher / operator / subject decided per file before ingest (tasks/drive3_czi_gate.md). Claim: CONFIRMED.,658fc51324d185c6092fec776546d178082ce14b60da2c13087a97b4eb812131,CONFIRMED,,
drive3_MJesus-MFB/Microscopio/Microscopio- MJesus Sanchez 2023/Female Diets/4-HCH female 0619/3- HCH female 0619 - WGA/ID195-LV3-WGA-221116-20X.czi,AE-biomaGUNE-0619,MJ,,0619,195,ID195-LV3-WGA-221116-20X.czi,tissue,CELL_ID195-LV3-WGA-221116-20X.czi,Historical drive ingest 2026 (drive3_MJesus-MFB); project / researcher / operator / subject decided per file before ingest (tasks/drive3_czi_gate.md). Claim: CONFIRMED.,4e4042eac5cef0cb5dbd2fe21a90926b3a88a0cac19b608b85043767e676881a,CONFIRMED,,
drive3_MJesus-MFB/Microscopio/Microscopio- MJesus Sanchez 2023/Female Diets/4-HCH female 0619/3- HCH female 0619 - WGA/ID195-RV1-WGA-221116-20X.czi,AE-biomaGUNE-0619,MJ,,0619,195,ID195-RV1-WGA-221116-20X.czi,tissue,CELL_ID195-RV1-WGA-221116-20X.czi,Historical drive ingest 2026 (drive3_MJesus-MFB); project / researcher / operator / subject decided per file before ingest (tasks/drive3_czi_gate.md). Claim: CONFIRMED.,5c80842013b0b26e0b1f517893107e589c5a832b7dd77a792997fe154cae632a,CONFIRMED,,
drive3_MJesus-MFB/Microscopio/Microscopio- MJesus Sanchez 2023/Female Diets/4-HCH female 0619/3- HCH female 0619 - WGA/ID195-RV2-WGA-221116-20X.czi,AE-biomaGUNE-0619,MJ,,0619,195,ID195-RV2-WGA-221116-20X.czi,tissue,CELL_ID195-RV2-WGA-221116-20X.czi,Historical drive ingest 2026 (drive3_MJesus-MFB); project / researcher / operator / subject decided per file before ingest (tasks/drive3_czi_gate.md). Claim: CONFIRMED.,4a25d0c3a750ec6ff7b6df864af2da78a3c8b6b69c0cd5d989d325acf7c402a1,CONFIRMED,,
drive3_MJesus-MFB/Microscopio/Microscopio- MJesus Sanchez 2023/Female Diets/4-HCH female 0619/3- HCH female 0619 - WGA/ID196-LV1-WGA-221116-20X.czi,AE-biomaGUNE-0619,MJ,,0619,196,ID196-LV1-WGA-221116-20X.czi,tissue,CELL_ID196-LV1-WGA-221116-20X.czi,Historical drive ingest 2026 (drive3_MJesus-MFB); project / researcher / operator / subject decided per file before ingest (tasks/drive3_czi_gate.md). Claim: CONFIRMED.,bd1d76f59f593919f31c46f4940c2c7404fb48fce4dc91ed982e276ccebcea7f,CONFIRMED,,
drive3_MJesus-MFB/Microscopio/Microscopio- MJesus Sanchez 2023/Female Diets/4-HCH female 0619/3- HCH female 0619 - WGA/ID196-LV2-WGA-221116-20X.czi,AE-biomaGUNE-0619,MJ,,0619,196,ID196-LV2-WGA-221116-20X.czi,tissue,CELL_ID196-LV2-WGA-221116-20X.czi,Historical drive ingest 2026 (drive3_MJesus-MFB); project / researcher / operator / subject decided per file before ingest (tasks/drive3_czi_gate.md). Claim: CONFIRMED.,02c2bc0679c6a7f1e94d99be3de0415c0fcbe1ef1747fa80b08c03f7b9113527,CONFIRMED,,
drive3_MJesus-MFB/Microscopio/Microscopio- MJesus Sanchez 2023/Female Diets/4-HCH female 0619/5- HCH female 061- PR/Heart/ID18010XPRheart.czi,AE-biomaGUNE-0619,MJ,,,,ID18010XPRheart.czi,,CELL_ID18010XPRheart.czi,Historical drive ingest 2026 (drive3_MJesus-MFB); project / researcher / operator / subject decided per file before ingest (tasks/drive3_czi_gate.md). Claim: CONFIRMED; shares its acquisition second with 1 other file(s): the pixel check found no copy relation (another scene of the acquisition).,81929cdc821c82fa4100d192ae464681a1243f1464c398aa6d00ec8b73518b6e,CONFIRMED,CELL|2022-04-27T09:30:46,2
drive3_MJesus-MFB/Microscopio/Microscopio- MJesus Sanchez 2023/Female Diets/4-HCH female 0619/5- HCH female 061- PR/Heart/ID18010XPRheartPOL.czi,AE-biomaGUNE-0619,MJ,,,,ID18010XPRheartPOL.czi,,CELL_ID18010XPRheartPOL.czi,Historical drive ingest 2026 (drive3_MJesus-MFB); project / researcher / operator / subject decided per file before ingest (tasks/drive3_czi_gate.md). Claim: CONFIRMED; shares its acquisition second with 1 other file(s): the pixel check found no copy relation (another scene of the acquisition).,41e00ddb5dde7b10c528c2d005e02a0f2ae9d6bfffb7d46db77cd876c1268860,CONFIRMED,CELL|2022-04-27T09:37:03,2
drive3_MJesus-MFB/Microscopio/Microscopio- MJesus Sanchez 2023/Female Diets/4-HCH female 0619/5- HCH female 061- PR/Heart/ID18110XPRheart.czi,AE-biomaGUNE-0619,MJ,,,,ID18110XPRheart.czi,,CELL_ID18110XPRheart.czi,Historical drive ingest 2026 (drive3_MJesus-MFB); project / researcher / operator / subject decided per file before ingest (tasks/drive3_czi_gate.md). Claim: CONFIRMED; shares its acquisition second with 1 other file(s): the pixel check found no copy relation (another scene of the acquisition).,ef50fb1cf11e8279fd15d6c24377cb8868e086d175b639103c523ad10db8c416,CONFIRMED,CELL|2022-04-27T09:59:24,2
drive3_MJesus-MFB/Microscopio/Microscopio- MJesus Sanchez 2023/Female Diets/4-HCH female 0619/5- HCH female 061- PR/Heart/ID18110XPRheartPOL.czi,AE-biomaGUNE-0619,MJ,,,,ID18110XPRheartPOL.czi,,CELL_ID18110XPRheartPOL.czi,Historical drive ingest 2026 (drive3_MJesus-MFB); project / researcher / operator / subject decided per file before ingest (tasks/drive3_czi_gate.md). Claim: CONFIRMED; shares its acquisition second with 1 other file(s): the pixel check found no copy relation (another scene of the acquisition).,5ef0f209a1e9e509c335dd805407a4c3814bc5c3fe0bf7553be2d67e55e6f9a5,CONFIRMED,CELL|2022-04-27T10:06:59,2
drive3_MJesus-MFB/Microscopio/Microscopio- MJesus Sanchez 2023/Female Diets/4-HCH female 0619/5- HCH female 061- PR/Heart/ID18210XPRheart.czi,AE-biomaGUNE-0619,MJ,,,,ID18210XPRheart.czi,,CELL_ID18210XPRheart.czi,Historical drive ingest 2026 (drive3_MJesus-MFB); project / researcher / operator / subject decided per file before ingest (tasks/drive3_czi_gate.md). Claim: CONFIRMED; shares its acquisition second with 1 other file(s): the pixel check found no copy relation (another scene of the acquisition).,bab2591d1c744c854d6bd3b11ec4b277147f74b42213bce19c615acbddff925e,CONFIRMED,CELL|2022-04-27T10:37:49,2
drive3_MJesus-MFB/Microscopio/Microscopio- MJesus Sanchez 2023/Female Diets/4-HCH female 0619/5- HCH female 061- PR/Heart/ID18210XPRheartPOL.czi,AE-biomaGUNE-0619,MJ,,,,ID18210XPRheartPOL.czi,,CELL_ID18210XPRheartPOL.czi,Historical drive ingest 2026 (drive3_MJesus-MFB); project / researcher / operator / subject decided per file before ingest (tasks/drive3_czi_gate.md). Claim: CONFIRMED; shares its acquisition second with 1 other file(s): the pixel check found no copy relation (another scene of the acquisition).,faba98299a1d5a4b6846921fa0f62262e290eb92e16e7782a6c9720f312e11c1,CONFIRMED,CELL|2022-04-27T10:45:01,2
drive3_MJesus-MFB/Microscopio/Microscopio- MJesus Sanchez 2023/Female Diets/4-HCH female 0619/5- HCH female 061- PR/Heart/ID19410XPRheart.czi,AE-biomaGUNE-0619,MJ,,,,ID19410XPRheart.czi,,CELL_ID19410XPRheart.czi,Historical drive ingest 2026 (drive3_MJesus-MFB); project / researcher / operator / subject decided per file before ingest (tasks/drive3_czi_gate.md). Claim: CONFIRMED; shares its acquisition second with 1 other file(s): the pixel check found no copy relation (another scene of the acquisition).,0d1b8b5aa801fa682331f1f553fc8ce8391d1e6ed69de7baf790ba88dd1628eb,CONFIRMED,CELL|2022-04-27T11:05:17,2
drive3_MJesus-MFB/Microscopio/Microscopio- MJesus Sanchez 2023/Female Diets/4-HCH female 0619/5- HCH female 061- PR/Heart/ID19410XPRheartPOL.czi,AE-biomaGUNE-0619,MJ,,,,ID19410XPRheartPOL.czi,,CELL_ID19410XPRheartPOL.czi,Historical drive ingest 2026 (drive3_MJesus-MFB); project / researcher / operator / subject decided per file before ingest (tasks/drive3_czi_gate.md). Claim: CONFIRMED; shares its acquisition second with 1 other file(s): the pixel check found no copy relation (another scene of the acquisition).,f81c0c7e46b50dfa0330605c39cb8366aac2477d08856923e635223199f51d3c,CONFIRMED,CELL|2022-04-27T11:09:37,2
drive3_MJesus-MFB/Microscopio/Microscopio- MJesus Sanchez 2023/Female Diets/4-HCH female 0619/5- HCH female 061- PR/Heart/ID19510XPRheart.czi,AE-biomaGUNE-0619,MJ,,,,ID19510XPRheart.czi,,CELL_ID19510XPRheart.czi,Historical drive ingest 2026 (drive3_MJesus-MFB); project / researcher / operator / subject decided per file before ingest (tasks/drive3_czi_gate.md). Claim: CONFIRMED; shares its acquisition second with 1 other file(s): the pixel check found no copy relation (another scene of the acquisition).,c7a68080478edbd14c83ec1c14414e875d5fe3a86b546169f96e109624f53b4f,CONFIRMED,CELL|2022-04-27T11:31:04,2
drive3_MJesus-MFB/Microscopio/Microscopio- MJesus Sanchez 2023/Female Diets/4-HCH female 0619/5- HCH female 061- PR/Heart/ID19510XPRheartPOL.czi,AE-biomaGUNE-0619,MJ,,,,ID19510XPRheartPOL.czi,,CELL_ID19510XPRheartPOL.czi,Historical drive ingest 2026 (drive3_MJesus-MFB); project / researcher / operator / subject decided per file before ingest (tasks/drive3_czi_gate.md). Claim: CONFIRMED; shares its acquisition second with 1 other file(s): the pixel check found no copy relation (another scene of the acquisition).,8fb61ec7e22047c84d20f1179933c280783a9ed835d9c3b4c75448d08aa4ae05,CONFIRMED,CELL|2022-04-27T11:44:09,2
drive3_MJesus-MFB/Microscopio/Microscopio- MJesus Sanchez 2023/Female Diets/4-HCH female 0619/5- HCH female 061- PR/Heart/ID19610XPRheart.czi,AE-biomaGUNE-0619,MJ,,,,ID19610XPRheart.czi,,CELL_ID19610XPRheart.czi,Historical drive ingest 2026 (drive3_MJesus-MFB); project / researcher / operator / subject decided per file before ingest (tasks/drive3_czi_gate.md). Claim: CONFIRMED; shares its acquisition second with 1 other file(s): the pixel check found no copy relation (another scene of the acquisition).,c0a628348dccdac28392bd68a082149344cf990f66a42451d8bf1209bbd68f41,CONFIRMED,CELL|2022-04-27T12:06:17,2
drive3_MJesus-MFB/Microscopio/Microscopio- MJesus Sanchez 2023/Female Diets/4-HCH female 0619/5- HCH female 061- PR/Heart/ID19610XPRheartPOL.czi,AE-biomaGUNE-0619,MJ,,,,ID19610XPRheartPOL.czi,,CELL_ID19610XPRheartPOL.czi,Historical drive ingest 2026 (drive3_MJesus-MFB); project / researcher / operator / subject decided per file before ingest (tasks/drive3_czi_gate.md). Claim: CONFIRMED; shares its acquisition second with 1 other file(s): the pixel check found no copy relation (another scene of the acquisition).,7199da69d35580c5cec51bf718051cd9d8a4b71df63f59a6b4661765e4cded81,CONFIRMED,CELL|2022-04-27T12:11:58,2
drive3_MJesus-MFB/Microscopio/Microscopio- MJesus Sanchez 2023/Female Diets/4-HCH female 0619/5- HCH female 061- PR/Lung/ID18010XPRlung.czi,AE-biomaGUNE-0619,MJ,,,,ID18010XPRlung.czi,,CELL_ID18010XPRlung.czi,Historical drive ingest 2026 (drive3_MJesus-MFB); project / researcher / operator / subject decided per file before ingest (tasks/drive3_czi_gate.md). Claim: CONFIRMED; shares its acquisition second with 1 other file(s): the pixel check found no copy relation (another scene of the acquisition).,aa5c8cb6ea658586523b9e426cec6572da7704a8c2fa4c2c4ed413693dfd97ab,CONFIRMED,CELL|2022-04-27T09:30:46,2
drive3_MJesus-MFB/Microscopio/Microscopio- MJesus Sanchez 2023/Female Diets/4-HCH female 0619/5- HCH female 061- PR/Lung/ID18010XPRlungPOL.czi,AE-biomaGUNE-0619,MJ,,,,ID18010XPRlungPOL.czi,,CELL_ID18010XPRlungPOL.czi,Historical drive ingest 2026 (drive3_MJesus-MFB); project / researcher / operator / subject decided per file before ingest (tasks/drive3_czi_gate.md). Claim: CONFIRMED; shares its acquisition second with 1 other file(s): the pixel check found no copy relation (another scene of the acquisition).,6d1e0d8264d2b9795a7b6da1f2ce08f7b2538a5da877db3b842cf11f80bbaa31,CONFIRMED,CELL|2022-04-27T09:37:03,2
drive3_MJesus-MFB/Microscopio/Microscopio- MJesus Sanchez 2023/Female Diets/4-HCH female 0619/5- HCH female 061- PR/Lung/ID18110XPRlung.czi,AE-biomaGUNE-0619,MJ,,,,ID18110XPRlung.czi,,CELL_ID18110XPRlung.czi,Historical drive ingest 2026 (drive3_MJesus-MFB); project / researcher / operator / subject decided per file before ingest (tasks/drive3_czi_gate.md). Claim: CONFIRMED; shares its acquisition second with 1 other file(s): the pixel check found no copy relation (another scene of the acquisition).,f175c27497d0a0efcebf2c40f6a0560b484b1d0840c0d146856f4820c5bf2105,CONFIRMED,CELL|2022-04-27T09:59:24,2
drive3_MJesus-MFB/Microscopio/Microscopio- MJesus Sanchez 2023/Female Diets/4-HCH female 0619/5- HCH female 061- PR/Lung/ID18110XPRlungPOL.czi,AE-biomaGUNE-0619,MJ,,,,ID18110XPRlungPOL.czi,,CELL_ID18110XPRlungPOL.czi,Historical drive ingest 2026 (drive3_MJesus-MFB); project / researcher / operator / subject decided per file before ingest (tasks/drive3_czi_gate.md). Claim: CONFIRMED; shares its acquisition second with 1 other file(s): the pixel check found no copy relation (another scene of the acquisition).,70420dcffc50df34d895012aa5a4eb3c9750eb0be2a8247d337d65e20cac0166,CONFIRMED,CELL|2022-04-27T10:06:59,2
drive3_MJesus-MFB/Microscopio/Microscopio- MJesus Sanchez 2023/Female Diets/4-HCH female 0619/5- HCH female 061- PR/Lung/ID18210XPRlung.czi,AE-biomaGUNE-0619,MJ,,,,ID18210XPRlung.czi,,CELL_ID18210XPRlung.czi,Historical drive ingest 2026 (drive3_MJesus-MFB); project / researcher / operator / subject decided per file before ingest (tasks/drive3_czi_gate.md). Claim: CONFIRMED; shares its acquisition second with 1 other file(s): the pixel check found no copy relation (another scene of the acquisition).,b73c3f36b3e4022f4edd2838894a0695c36361fb18824fc4406210b38ca49df3,CONFIRMED,CELL|2022-04-27T10:37:49,2
drive3_MJesus-MFB/Microscopio/Microscopio- MJesus Sanchez 2023/Female Diets/4-HCH female 0619/5- HCH female 061- PR/Lung/ID18210XPRlungPOL.czi,AE-biomaGUNE-0619,MJ,,,,ID18210XPRlungPOL.czi,,CELL_ID18210XPRlungPOL.czi,Historical drive ingest 2026 (drive3_MJesus-MFB); project / researcher / operator / subject decided per file before ingest (tasks/drive3_czi_gate.md). Claim: CONFIRMED; shares its acquisition second with 1 other file(s): the pixel check found no copy relation (another scene of the acquisition).,d0340d33fd597af16f4f7be413eb4bc33e642670247b105203cf9ae7a260e806,CONFIRMED,CELL|2022-04-27T10:45:01,2
drive3_MJesus-MFB/Microscopio/Microscopio- MJesus Sanchez 2023/Female Diets/4-HCH female 0619/5- HCH female 061- PR/Lung/ID19410XPRlung.czi,AE-biomaGUNE-0619,MJ,,,,ID19410XPRlung.czi,,CELL_ID19410XPRlung.czi,Historical drive ingest 2026 (drive3_MJesus-MFB); project / researcher / operator / subject decided per file before ingest (tasks/drive3_czi_gate.md). Claim: CONFIRMED; shares its acquisition second with 1 other file(s): the pixel check found no copy relation (another scene of the acquisition).,bc18eeb91d1bcbb47ee3f1290d2ada6761cca3ac8f6aeeb4482d4a223fb3c2d5,CONFIRMED,CELL|2022-04-27T11:05:17,2
drive3_MJesus-MFB/Microscopio/Microscopio- MJesus Sanchez 2023/Female Diets/4-HCH female 0619/5- HCH female 061- PR/Lung/ID19410XPRlungPOL.czi,AE-biomaGUNE-0619,MJ,,,,ID19410XPRlungPOL.czi,,CELL_ID19410XPRlungPOL.czi,Historical drive ingest 2026 (drive3_MJesus-MFB); project / researcher / operator / subject decided per file before ingest (tasks/drive3_czi_gate.md). Claim: CONFIRMED; shares its acquisition second with 1 other file(s): the pixel check found no copy relation (another scene of the acquisition).,6a0149f37875c8c66097263b427c86660a6197bd2a717c5e60e77b28c1369b39,CONFIRMED,CELL|2022-04-27T11:09:37,2
drive3_MJesus-MFB/Microscopio/Microscopio- MJesus Sanchez 2023/Female Diets/4-HCH female 0619/5- HCH female 061- PR/Lung/ID19510XPRlung.czi,AE-biomaGUNE-0619,MJ,,,,ID19510XPRlung.czi,,CELL_ID19510XPRlung.czi,Historical drive ingest 2026 (drive3_MJesus-MFB); project / researcher / operator / subject decided per file before ingest (tasks/drive3_czi_gate.md). Claim: CONFIRMED; shares its acquisition second with 1 other file(s): the pixel check found no copy relation (another scene of the acquisition).,0a557e9b2caa3d734318f10188736ad9f8e6f1cf859f2b9cdc675d92c2786102,CONFIRMED,CELL|2022-04-27T11:31:04,2
drive3_MJesus-MFB/Microscopio/Microscopio- MJesus Sanchez 2023/Female Diets/4-HCH female 0619/5- HCH female 061- PR/Lung/ID19510XPRlungPOL.czi,AE-biomaGUNE-0619,MJ,,,,ID19510XPRlungPOL.czi,,CELL_ID19510XPRlungPOL.czi,Historical drive ingest 2026 (drive3_MJesus-MFB); project / researcher / operator / subject decided per file before ingest (tasks/drive3_czi_gate.md). Claim: CONFIRMED; shares its acquisition second with 1 other file(s): the pixel check found no copy relation (another scene of the acquisition).,1ec5fd6fd9d45275d5c8e39a05feee326ea75018b907ffc0fb2f2b32093eba20,CONFIRMED,CELL|2022-04-27T11:44:09,2
drive3_MJesus-MFB/Microscopio/Microscopio- MJesus Sanchez 2023/Female Diets/4-HCH female 0619/5- HCH female 061- PR/Lung/ID19610XPRlung.czi,AE-biomaGUNE-0619,MJ,,,,ID19610XPRlung.czi,,CELL_ID19610XPRlung.czi,Historical drive ingest 2026 (drive3_MJesus-MFB); project / researcher / operator / subject decided per file before ingest (tasks/drive3_czi_gate.md). Claim: CONFIRMED; shares its acquisition second with 1 other file(s): the pixel check found no copy relation (another scene of the acquisition).,5c92c487a30c4f2705b1731970f17e727fd11e518dff76eab643eac580d68d5b,CONFIRMED,CELL|2022-04-27T12:06:17,2
drive3_MJesus-MFB/Microscopio/Microscopio- MJesus Sanchez 2023/Female Diets/4-HCH female 0619/5- HCH female 061- PR/Lung/ID19610XPRlungPOL.czi,AE-biomaGUNE-0619,MJ,,,,ID19610XPRlungPOL.czi,,CELL_ID19610XPRlungPOL.czi,Historical drive ingest 2026 (drive3_MJesus-MFB); project / researcher / operator / subject decided per file before ingest (tasks/drive3_czi_gate.md). Claim: CONFIRMED; shares its acquisition second with 1 other file(s): the pixel check found no copy relation (another scene of the acquisition).,dbc215f0306ac744c0b4dc048833b4d3009cce10ab530b5ac70990db28761a47,CONFIRMED,CELL|2022-04-27T12:11:58,2
drive3_MJesus-MFB/Microscopio/Microscopio- MJesus Sanchez 2023/Female Diets/Elastic-Female with diets/Elastic-0619-ID169-20x-1.czi,AE-biomaGUNE-0619,MJ,,0619,169,Elastic-0619-ID169-20x-1.czi,tissue,CELL_Elastic-0619-ID169-20x-1.czi,Historical drive ingest 2026 (drive3_MJesus-MFB); project / researcher / operator / subject decided per file before ingest (tasks/drive3_czi_gate.md). Claim: CONFIRMED.,a634fe33af6176cf621fe4435c0c8974a9fc8e7fbee86bc1aac17ef588de7257,CONFIRMED,,
drive3_MJesus-MFB/Microscopio/Microscopio- MJesus Sanchez 2023/Female Diets/Elastic-Female with diets/Elastic-0619-ID169-20x-2.czi,AE-biomaGUNE-0619,MJ,,0619,169,Elastic-0619-ID169-20x-2.czi,tissue,CELL_Elastic-0619-ID169-20x-2.czi,Historical drive ingest 2026 (drive3_MJesus-MFB); project / researcher / operator / subject decided per file before ingest (tasks/drive3_czi_gate.md). Claim: CONFIRMED.,2522c61148a074ed9e790cc1f62f4d4ad17d7e37402d1b3c8cf9b56e5a2ab65c,CONFIRMED,,
drive3_MJesus-MFB/Microscopio/Microscopio- MJesus Sanchez 2023/Female Diets/Elastic-Female with diets/Elastic-0619-ID169-20x-3.czi,AE-biomaGUNE-0619,MJ,,0619,169,Elastic-0619-ID169-20x-3.czi,tissue,CELL_Elastic-0619-ID169-20x-3.czi,Historical drive ingest 2026 (drive3_MJesus-MFB); project / researcher / operator / subject decided per file before ingest (tasks/drive3_czi_gate.md). Claim: CONFIRMED.,1737b028bc3b987002b9d42115ea44b10b8f95760befc2b7aad322b2b211cc1c,CONFIRMED,,
drive3_MJesus-MFB/Microscopio/Microscopio- MJesus Sanchez 2023/Female Diets/Elastic-Female with diets/Elastic-0619-ID169-20x-4.czi,AE-biomaGUNE-0619,MJ,,0619,169,Elastic-0619-ID169-20x-4.czi,tissue,CELL_Elastic-0619-ID169-20x-4.czi,Historical drive ingest 2026 (drive3_MJesus-MFB); project / researcher / operator / subject decided per file before ingest (tasks/drive3_czi_gate.md). Claim: CONFIRMED.,fcbb8b2944356808c0ec4889b3318fec83dac8d49239037a11312f02bafdddf2,CONFIRMED,,
drive3_MJesus-MFB/Microscopio/Microscopio- MJesus Sanchez 2023/Female Diets/Elastic-Female with diets/Elastic-0619-ID169-20x-5.czi,AE-biomaGUNE-0619,MJ,,0619,169,Elastic-0619-ID169-20x-5.czi,tissue,CELL_Elastic-0619-ID169-20x-5.czi,Historical drive ingest 2026 (drive3_MJesus-MFB); project / researcher / operator / subject decided per file before ingest (tasks/drive3_czi_gate.md). Claim: CONFIRMED.,432531923f6855884af2b4617a357325d247faf5a26ccbdeba09e5ab14ca631a,CONFIRMED,,
drive3_MJesus-MFB/Microscopio/Microscopio- MJesus Sanchez 2023/Female Diets/Elastic-Female with diets/Elastic-0619-ID169-20x-6.czi,AE-biomaGUNE-0619,MJ,,0619,169,Elastic-0619-ID169-20x-6.czi,tissue,CELL_Elastic-0619-ID169-20x-6.czi,Historical drive ingest 2026 (drive3_MJesus-MFB); project / researcher / operator / subject decided per file before ingest (tasks/drive3_czi_gate.md). Claim: CONFIRMED.,0a4d2b9ac678f90e066371ed627abd46f240c7b6abd86bc529aaafd851ae1741,CONFIRMED,,
drive3_MJesus-MFB/Microscopio/Microscopio- MJesus Sanchez 2023/Female Diets/Elastic-Female with diets/Elastic-0619-ID170-20x-1.czi,AE-biomaGUNE-0619,MJ,,0619,170,Elastic-0619-ID170-20x-1.czi,tissue,CELL_Elastic-0619-ID170-20x-1.czi,Historical drive ingest 2026 (drive3_MJesus-MFB); project / researcher / operator / subject decided per file before ingest (tasks/drive3_czi_gate.md). Claim: CONFIRMED.,b211eaf81dfd263d71f8cb488df7e1c10abc9d3e94776603b19fd4e5fd53cbc4,CONFIRMED,,
drive3_MJesus-MFB/Microscopio/Microscopio- MJesus Sanchez 2023/Female Diets/Elastic-Female with diets/Elastic-0619-ID170-20x-2.czi,AE-biomaGUNE-0619,MJ,,0619,170,Elastic-0619-ID170-20x-2.czi,tissue,CELL_Elastic-0619-ID170-20x-2.czi,Historical drive ingest 2026 (drive3_MJesus-MFB); project / researcher / operator / subject decided per file before ingest (tasks/drive3_czi_gate.md). Claim: CONFIRMED.,9db1bbd9e7a07c474010d7ce2768030e3df73114e392f30a075a1fb8e92a4cd7,CONFIRMED,,
drive3_MJesus-MFB/Microscopio/Microscopio- MJesus Sanchez 2023/Female Diets/Elastic-Female with diets/Elastic-0619-ID170-20x-3.czi,AE-biomaGUNE-0619,MJ,,0619,170,Elastic-0619-ID170-20x-3.czi,tissue,CELL_Elastic-0619-ID170-20x-3.czi,Historical drive ingest 2026 (drive3_MJesus-MFB); project / researcher / operator / subject decided per file before ingest (tasks/drive3_czi_gate.md). Claim: CONFIRMED.,45ba3381a2613c0b805c7509729baae3721ecddaae441e071e0708dde2136c30,CONFIRMED,,
drive3_MJesus-MFB/Microscopio/Microscopio- MJesus Sanchez 2023/Female Diets/Elastic-Female with diets/Elastic-0619-ID170-20x-4.czi,AE-biomaGUNE-0619,MJ,,0619,170,Elastic-0619-ID170-20x-4.czi,tissue,CELL_Elastic-0619-ID170-20x-4.czi,Historical drive ingest 2026 (drive3_MJesus-MFB); project / researcher / operator / subject decided per file before ingest (tasks/drive3_czi_gate.md). Claim: CONFIRMED.,dd22f860f4814aad9a003df0f6bd54bc083db6b59824c2cbdccdf3f1e5d8570e,CONFIRMED,,
drive3_MJesus-MFB/Microscopio/Microscopio- MJesus Sanchez 2023/Female Diets/Elastic-Female with diets/Elastic-0619-ID170-20x-5.czi,AE-biomaGUNE-0619,MJ,,0619,170,Elastic-0619-ID170-20x-5.czi,tissue,CELL_Elastic-0619-ID170-20x-5.czi,Historical drive ingest 2026 (drive3_MJesus-MFB); project / researcher / operator / subject decided per file before ingest (tasks/drive3_czi_gate.md). Claim: CONFIRMED.,94d95dfd1bab65ab9c601554875ec846c04afeecbb2b01481bbc480e12d1f94e,CONFIRMED,,
drive3_MJesus-MFB/Microscopio/Microscopio- MJesus Sanchez 2023/Female Diets/Elastic-Female with diets/Elastic-0619-ID170-20x-6.czi,AE-biomaGUNE-0619,MJ,,0619,170,Elastic-0619-ID170-20x-6.czi,tissue,CELL_Elastic-0619-ID170-20x-6.czi,Historical drive ingest 2026 (drive3_MJesus-MFB); project / researcher / operator / subject decided per file before ingest (tasks/drive3_czi_gate.md). Claim: CONFIRMED.,c92e90196ced6009316d04f888911153556b0d910059e8dfd6f8113c87296f0c,CONFIRMED,,
drive3_MJesus-MFB/Microscopio/Microscopio- MJesus Sanchez 2023/Female Diets/Elastic-Female with diets/Elastic-0619-ID170-20x-7.czi,AE-biomaGUNE-0619,MJ,,0619,170,Elastic-0619-ID170-20x-7.czi,tissue,CELL_Elastic-0619-ID170-20x-7.czi,Historical drive ingest 2026 (drive3_MJesus-MFB); project / researcher / operator / subject decided per file before ingest (tasks/drive3_czi_gate.md). Claim: CONFIRMED.,6cf944509763ec913961a31b221d6ec9e8e53fa86779a1d14ef3edc5677b4f31,CONFIRMED,,
drive3_MJesus-MFB/Microscopio/Microscopio- MJesus Sanchez 2023/Female Diets/Elastic-Female with diets/Elastic-0619-ID188-20x-1.czi,AE-biomaGUNE-0619,MJ,,0619,188,Elastic-0619-ID188-20x-1.czi,tissue,CELL_Elastic-0619-ID188-20x-1.czi,Historical drive ingest 2026 (drive3_MJesus-MFB); project / researcher / operator / subject decided per file before ingest (tasks/drive3_czi_gate.md). Claim: CONFIRMED.,0820ab969e02e1bed31ebb1eae3bed63d7dcd2d2310e4dbe050fb27b73090c0e,CONFIRMED,,
drive3_MJesus-MFB/Microscopio/Microscopio- MJesus Sanchez 2023/Female Diets/Elastic-Female with diets/Elastic-0619-ID188-20x-10.czi,AE-biomaGUNE-0619,MJ,,0619,188,Elastic-0619-ID188-20x-10.czi,tissue,CELL_Elastic-0619-ID188-20x-10.czi,Historical drive ingest 2026 (drive3_MJesus-MFB); project / researcher / operator / subject decided per file before ingest (tasks/drive3_czi_gate.md). Claim: CONFIRMED.,c87ea824864dcca378ce8eb3f447dd44e8f95773e6300bb6ee044c7a607cc6b3,CONFIRMED,,
drive3_MJesus-MFB/Microscopio/Microscopio- MJesus Sanchez 2023/Female Diets/Elastic-Female with diets/Elastic-0619-ID188-20x-11.czi,AE-biomaGUNE-0619,MJ,,0619,188,Elastic-0619-ID188-20x-11.czi,tissue,CELL_Elastic-0619-ID188-20x-11.czi,Historical drive ingest 2026 (drive3_MJesus-MFB); project / researcher / operator / subject decided per file before ingest (tasks/drive3_czi_gate.md). Claim: CONFIRMED.,065a8e650844a54a30f9a41745b52391bfa7b29e35ecb3bbb040d243a4e91347,CONFIRMED,,
drive3_MJesus-MFB/Microscopio/Microscopio- MJesus Sanchez 2023/Female Diets/Elastic-Female with diets/Elastic-0619-ID188-20x-12.czi,AE-biomaGUNE-0619,MJ,,0619,188,Elastic-0619-ID188-20x-12.czi,tissue,CELL_Elastic-0619-ID188-20x-12.czi,Historical drive ingest 2026 (drive3_MJesus-MFB); project / researcher / operator / subject decided per file before ingest (tasks/drive3_czi_gate.md). Claim: CONFIRMED.,17410f1c3ca326de0d872f5ad4758104fb0bd66ea805255a9ff8780c63bf92d8,CONFIRMED,,
drive3_MJesus-MFB/Microscopio/Microscopio- MJesus Sanchez 2023/Female Diets/Elastic-Female with diets/Elastic-0619-ID188-20x-2.czi,AE-biomaGUNE-0619,MJ,,0619,188,Elastic-0619-ID188-20x-2.czi,tissue,CELL_Elastic-0619-ID188-20x-2.czi,Historical drive ingest 2026 (drive3_MJesus-MFB); project / researcher / operator / subject decided per file before ingest (tasks/drive3_czi_gate.md). Claim: CONFIRMED.,79d698db4c6527f411eb29da19b60219b0bbcf56f5cc8254595f012e72aa5bb8,CONFIRMED,,
drive3_MJesus-MFB/Microscopio/Microscopio- MJesus Sanchez 2023/Female Diets/Elastic-Female with diets/Elastic-0619-ID188-20x-3.czi,AE-biomaGUNE-0619,MJ,,0619,188,Elastic-0619-ID188-20x-3.czi,tissue,CELL_Elastic-0619-ID188-20x-3.czi,Historical drive ingest 2026 (drive3_MJesus-MFB); project / researcher / operator / subject decided per file before ingest (tasks/drive3_czi_gate.md). Claim: CONFIRMED.,b3f2dac37695c213e9dc7fe08e3a737a0a513ed07bfeb8c5f465f748fdecce2a,CONFIRMED,,
drive3_MJesus-MFB/Microscopio/Microscopio- MJesus Sanchez 2023/Female Diets/Elastic-Female with diets/Elastic-0619-ID188-20x-4.czi,AE-biomaGUNE-0619,MJ,,0619,188,Elastic-0619-ID188-20x-4.czi,tissue,CELL_Elastic-0619-ID188-20x-4.czi,Historical drive ingest 2026 (drive3_MJesus-MFB); project / researcher / operator / subject decided per file before ingest (tasks/drive3_czi_gate.md). Claim: CONFIRMED.,30dbef5a7ed385e604add9799c9ad0eb1f1e0b22e48f85ff731743687b9065d6,CONFIRMED,,
drive3_MJesus-MFB/Microscopio/Microscopio- MJesus Sanchez 2023/Female Diets/Elastic-Female with diets/Elastic-0619-ID188-20x-5.czi,AE-biomaGUNE-0619,MJ,,0619,188,Elastic-0619-ID188-20x-5.czi,tissue,CELL_Elastic-0619-ID188-20x-5.czi,Historical drive ingest 2026 (drive3_MJesus-MFB); project / researcher / operator / subject decided per file before ingest (tasks/drive3_czi_gate.md). Claim: CONFIRMED.,7303296dcf360bd3e96337782cc7d677bb4d65f33f0ce504dd86a314f90a2238,CONFIRMED,,
drive3_MJesus-MFB/Microscopio/Microscopio- MJesus Sanchez 2023/Female Diets/Elastic-Female with diets/Elastic-0619-ID188-20x-6.czi,AE-biomaGUNE-0619,MJ,,0619,188,Elastic-0619-ID188-20x-6.czi,tissue,CELL_Elastic-0619-ID188-20x-6.czi,Historical drive ingest 2026 (drive3_MJesus-MFB); project / researcher / operator / subject decided per file before ingest (tasks/drive3_czi_gate.md). Claim: CONFIRMED.,ef08c2fb49b245bcffe156d98f90d6ecb4aa4001e63bf921d307edd430333fb5,CONFIRMED,,
drive3_MJesus-MFB/Microscopio/Microscopio- MJesus Sanchez 2023/Female Diets/Elastic-Female with diets/Elastic-0619-ID188-20x-7.czi,AE-biomaGUNE-0619,MJ,,0619,188,Elastic-0619-ID188-20x-7.czi,tissue,CELL_Elastic-0619-ID188-20x-7.czi,Historical drive ingest 2026 (drive3_MJesus-MFB); project / researcher / operator / subject decided per file before ingest (tasks/drive3_czi_gate.md). Claim: CONFIRMED.,93769a54688400d01b6f0f4837b9f73e3688727aabebde8b642383aa7330c998,CONFIRMED,,
drive3_MJesus-MFB/Microscopio/Microscopio- MJesus Sanchez 2023/Female Diets/Elastic-Female with diets/Elastic-0619-ID188-20x-8.czi,AE-biomaGUNE-0619,MJ,,0619,188,Elastic-0619-ID188-20x-8.czi,tissue,CELL_Elastic-0619-ID188-20x-8.czi,Historical drive ingest 2026 (drive3_MJesus-MFB); project / researcher / operator / subject decided per file before ingest (tasks/drive3_czi_gate.md). Claim: CONFIRMED.,52a1ed95f6f50007c228b3f104d352e49eaf92af21ede2e1283d0a1223e5a857,CONFIRMED,,
drive3_MJesus-MFB/Microscopio/Microscopio- MJesus Sanchez 2023/Female Diets/Elastic-Female with diets/Elastic-0619-ID188-20x-9.czi,AE-biomaGUNE-0619,MJ,,0619,188,Elastic-0619-ID188-20x-9.czi,tissue,CELL_Elastic-0619-ID188-20x-9.czi,Historical drive ingest 2026 (drive3_MJesus-MFB); project / researcher / operator / subject decided per file before ingest (tasks/drive3_czi_gate.md). Claim: CONFIRMED.,8ec77ec7cb785a18e33d674a6444a9f2990406df8d79b1584a5aec8ed4eeb38d,CONFIRMED,,
drive3_MJesus-MFB/Microscopio/Microscopio- MJesus Sanchez 2023/Female Diets/Elastic-Female with diets/Elastic-0619-ID190-20x-1.czi,AE-biomaGUNE-0619,MJ,,0619,190,Elastic-0619-ID190-20x-1.czi,tissue,CELL_Elastic-0619-ID190-20x-1.czi,Historical drive ingest 2026 (drive3_MJesus-MFB); project / researcher / operator / subject decided per file before ingest (tasks/drive3_czi_gate.md). Claim: CONFIRMED.,e487b1b08cd99015b1f7c620ee99aebe76fdd682ab6c521fd6ab4779d00f73d0,CONFIRMED,,
drive3_MJesus-MFB/Microscopio/Microscopio- MJesus Sanchez 2023/Female Diets/Elastic-Female with diets/Elastic-0619-ID190-20x-2.czi,AE-biomaGUNE-0619,MJ,,0619,190,Elastic-0619-ID190-20x-2.czi,tissue,CELL_Elastic-0619-ID190-20x-2.czi,Historical drive ingest 2026 (drive3_MJesus-MFB); project / researcher / operator / subject decided per file before ingest (tasks/drive3_czi_gate.md). Claim: CONFIRMED.,bbfc5c6c1f12e005ed6d0c18263c9d030eedfac27b94d1a51218bd0600c7cc83,CONFIRMED,,
drive3_MJesus-MFB/Microscopio/Microscopio- MJesus Sanchez 2023/Female Diets/Elastic-Female with diets/Elastic-0619-ID190-20x-3.czi,AE-biomaGUNE-0619,MJ,,0619,190,Elastic-0619-ID190-20x-3.czi,tissue,CELL_Elastic-0619-ID190-20x-3.czi,Historical drive ingest 2026 (drive3_MJesus-MFB); project / researcher / operator / subject decided per file before ingest (tasks/drive3_czi_gate.md). Claim: CONFIRMED.,5d375b145f7f0dabc16e0236c2de2250a69520d58438689ed52335cc32328e39,CONFIRMED,,
drive3_MJesus-MFB/Microscopio/Microscopio- MJesus Sanchez 2023/Female Diets/Elastic-Female with diets/Elastic-0619-ID190-20x-4.czi,AE-biomaGUNE-0619,MJ,,0619,190,Elastic-0619-ID190-20x-4.czi,tissue,CELL_Elastic-0619-ID190-20x-4.czi,Historical drive ingest 2026 (drive3_MJesus-MFB); project / researcher / operator / subject decided per file before ingest (tasks/drive3_czi_gate.md). Claim: CONFIRMED.,bac8a31bd8db1c679bb77aafaa024832e4b6e6c53a0e7ab1e14bfe12fc556cb6,CONFIRMED,,
drive3_MJesus-MFB/Microscopio/Microscopio- MJesus Sanchez 2023/Female Diets/Elastic-Female with diets/Elastic-0619-ID190-20x-5.czi,AE-biomaGUNE-0619,MJ,,0619,190,Elastic-0619-ID190-20x-5.czi,tissue,CELL_Elastic-0619-ID190-20x-5.czi,Historical drive ingest 2026 (drive3_MJesus-MFB); project / researcher / operator / subject decided per file before ingest (tasks/drive3_czi_gate.md). Claim: CONFIRMED.,344b9e02b8941c8d13934b4b35ea8ede73814045a6911c815d32979c79e022bb,CONFIRMED,,
drive3_MJesus-MFB/Microscopio/Microscopio- MJesus Sanchez 2023/Female Diets/Elastic-Female with diets/Elastic-0619-ID190-20x-7.czi,AE-biomaGUNE-0619,MJ,,0619,190,Elastic-0619-ID190-20x-7.czi,tissue,CELL_Elastic-0619-ID190-20x-7.czi,Historical drive ingest 2026 (drive3_MJesus-MFB); project / researcher / operator / subject decided per file before ingest (tasks/drive3_czi_gate.md). Claim: CONFIRMED.,235c1a052b92168b0aa3c7569abb2d6612b3a218c7871e25440d5b7ecd38bae1,CONFIRMED,,
drive3_MJesus-MFB/Microscopio/Microscopio- MJesus Sanchez 2023/Female Diets/Elastic-Female with diets/Elastic-0619-ID190-20x-8.czi,AE-biomaGUNE-0619,MJ,,0619,190,Elastic-0619-ID190-20x-8.czi,tissue,CELL_Elastic-0619-ID190-20x-8.czi,Historical drive ingest 2026 (drive3_MJesus-MFB); project / researcher / operator / subject decided per file before ingest (tasks/drive3_czi_gate.md). Claim: CONFIRMED.,2c9f47b401afe2c22cfed34101fe17e63610a3fcc11d1595353ebb43caef382f,CONFIRMED,,
drive3_MJesus-MFB/Microscopio/Microscopio- MJesus Sanchez 2023/Female Diets/Elastic-Female with diets/Elastic-0619-ID190-20x-9.czi,AE-biomaGUNE-0619,MJ,,0619,190,Elastic-0619-ID190-20x-9.czi,tissue,CELL_Elastic-0619-ID190-20x-9.czi,Historical drive ingest 2026 (drive3_MJesus-MFB); project / researcher / operator / subject decided per file before ingest (tasks/drive3_czi_gate.md). Claim: CONFIRMED.,175eb0727e302b8ecb568495c7b35e079ec46e5b612a274c466387d13d4e3874,CONFIRMED,,
drive3_MJesus-MFB/Microscopio/Microscopio- MJesus Sanchez 2023/Female Diets/Elastic-Female with diets/Elastic-0619-ID191-20x-1.czi,AE-biomaGUNE-0619,MJ,,0619,191,Elastic-0619-ID191-20x-1.czi,tissue,CELL_Elastic-0619-ID191-20x-1.czi,Historical drive ingest 2026 (drive3_MJesus-MFB); project / researcher / operator / subject decided per file before ingest (tasks/drive3_czi_gate.md). Claim: CONFIRMED.,ef7676b2655f9da48f62f38e6b26c5a2317142bb543eb4178f4cdcabb3c6cea1,CONFIRMED,,
drive3_MJesus-MFB/Microscopio/Microscopio- MJesus Sanchez 2023/Female Diets/Elastic-Female with diets/Elastic-0619-ID191-20x-2.czi,AE-biomaGUNE-0619,MJ,,0619,191,Elastic-0619-ID191-20x-2.czi,tissue,CELL_Elastic-0619-ID191-20x-2.czi,Historical drive ingest 2026 (drive3_MJesus-MFB); project / researcher / operator / subject decided per file before ingest (tasks/drive3_czi_gate.md). Claim: CONFIRMED.,09625ab9ab20759200d577ba15711ccb2ab4e68830f38690c770922ce8c81b0e,CONFIRMED,,
drive3_MJesus-MFB/Microscopio/Microscopio- MJesus Sanchez 2023/Female Diets/Elastic-Female with diets/Elastic-0619-ID191-20x-3.czi,AE-biomaGUNE-0619,MJ,,0619,191,Elastic-0619-ID191-20x-3.czi,tissue,CELL_Elastic-0619-ID191-20x-3.czi,Historical drive ingest 2026 (drive3_MJesus-MFB); project / researcher / operator / subject decided per file before ingest (tasks/drive3_czi_gate.md). Claim: CONFIRMED.,f373dabc6015d4f0c471d668da8db73dc563873cbeea7f1d7393c481bee14171,CONFIRMED,,
drive3_MJesus-MFB/Microscopio/Microscopio- MJesus Sanchez 2023/Female Diets/Elastic-Female with diets/Elastic-0619-ID191-20x-4.czi,AE-biomaGUNE-0619,MJ,,0619,191,Elastic-0619-ID191-20x-4.czi,tissue,CELL_Elastic-0619-ID191-20x-4.czi,Historical drive ingest 2026 (drive3_MJesus-MFB); project / researcher / operator / subject decided per file before ingest (tasks/drive3_czi_gate.md). Claim: CONFIRMED.,f1d60b9d30bd5662d5df1a642e15e6f4052958830082867b22ede634b2f28d51,CONFIRMED,,
drive3_MJesus-MFB/Microscopio/Microscopio- MJesus Sanchez 2023/Female Diets/Elastic-Female with diets/Elastic-0619-ID191-20x-5.czi,AE-biomaGUNE-0619,MJ,,0619,191,Elastic-0619-ID191-20x-5.czi,tissue,CELL_Elastic-0619-ID191-20x-5.czi,Historical drive ingest 2026 (drive3_MJesus-MFB); project / researcher / operator / subject decided per file before ingest (tasks/drive3_czi_gate.md). Claim: CONFIRMED.,1119c056000524efe52d79ef5c691bf4208e5f6f7dd1f2445c02cb533f02ff96,CONFIRMED,,
drive3_MJesus-MFB/Microscopio/Microscopio- MJesus Sanchez 2023/Female Diets/Elastic-Female with diets/Elastic-0619-ID191-20x-6.czi,AE-biomaGUNE-0619,MJ,,0619,191,Elastic-0619-ID191-20x-6.czi,tissue,CELL_Elastic-0619-ID191-20x-6.czi,Historical drive ingest 2026 (drive3_MJesus-MFB); project / researcher / operator / subject decided per file before ingest (tasks/drive3_czi_gate.md). Claim: CONFIRMED.,7a190fbc8ba686646e9f1c8cf1a39551c5bdd5e313c7aa1db0286d9eb723401a,CONFIRMED,,
drive3_MJesus-MFB/Microscopio/Microscopio- MJesus Sanchez 2023/Female Diets/Elastic-Female with diets/Elastic-0619-ID191-20x-7.czi,AE-biomaGUNE-0619,MJ,,0619,191,Elastic-0619-ID191-20x-7.czi,tissue,CELL_Elastic-0619-ID191-20x-7.czi,Historical drive ingest 2026 (drive3_MJesus-MFB); project / researcher / operator / subject decided per file before ingest (tasks/drive3_czi_gate.md). Claim: CONFIRMED.,0ea58c0c5755cdd485a496570fee021a512f8f2437c6401baacdd34815bbbe80,CONFIRMED,,
drive3_MJesus-MFB/Microscopio/Microscopio- MJesus Sanchez 2023/Female Diets/Elastic-Female with diets/Elastic-0619-ID191-20x-8.czi,AE-biomaGUNE-0619,MJ,,0619,191,Elastic-0619-ID191-20x-8.czi,tissue,CELL_Elastic-0619-ID191-20x-8.czi,Historical drive ingest 2026 (drive3_MJesus-MFB); project / researcher / operator / subject decided per file before ingest (tasks/drive3_czi_gate.md). Claim: CONFIRMED.,3261db71fd5b3d4138bb7adac3374df441cef103d7e09d883032dca74a3b3217,CONFIRMED,,
drive3_MJesus-MFB/Microscopio/Microscopio- MJesus Sanchez 2023/Female Diets/Elastic-Female with diets/Elastic-0619-ID191-20x-9.czi,AE-biomaGUNE-0619,MJ,,0619,191,Elastic-0619-ID191-20x-9.czi,tissue,CELL_Elastic-0619-ID191-20x-9.czi,Historical drive ingest 2026 (drive3_MJesus-MFB); project / researcher / operator / subject decided per file before ingest (tasks/drive3_czi_gate.md). Claim: CONFIRMED.,419548a620c4e8ec777b275c4bf8d3238fb52a6364625f0a133378c32b744fb2,CONFIRMED,,
drive3_MJesus-MFB/Microscopio/Microscopio- MJesus Sanchez 2023/Female Diets/Elastic-Female with diets/Elastic-0619-ID192-20x-1.czi,AE-biomaGUNE-0619,MJ,,0619,192,Elastic-0619-ID192-20x-1.czi,tissue,CELL_Elastic-0619-ID192-20x-1.czi,Historical drive ingest 2026 (drive3_MJesus-MFB); project / researcher / operator / subject decided per file before ingest (tasks/drive3_czi_gate.md). Claim: CONFIRMED.,b053367f692a4c8696a735eac9947faa1d6250bb1d3536e6f2cdf08680a21dda,CONFIRMED,,
drive3_MJesus-MFB/Microscopio/Microscopio- MJesus Sanchez 2023/Female Diets/Elastic-Female with diets/Elastic-0619-ID192-20x-2.czi,AE-biomaGUNE-0619,MJ,,0619,192,Elastic-0619-ID192-20x-2.czi,tissue,CELL_Elastic-0619-ID192-20x-2.czi,Historical drive ingest 2026 (drive3_MJesus-MFB); project / researcher / operator / subject decided per file before ingest (tasks/drive3_czi_gate.md). Claim: CONFIRMED.,a8bab8059ba4531b22e00f5a20cbe57a51a8e4197808f959f635e26117f75744,CONFIRMED,,
drive3_MJesus-MFB/Microscopio/Microscopio- MJesus Sanchez 2023/Female Diets/Elastic-Female with diets/Elastic-0619-ID192-20x-3.czi,AE-biomaGUNE-0619,MJ,,0619,192,Elastic-0619-ID192-20x-3.czi,tissue,CELL_Elastic-0619-ID192-20x-3.czi,Historical drive ingest 2026 (drive3_MJesus-MFB); project / researcher / operator / subject decided per file before ingest (tasks/drive3_czi_gate.md). Claim: CONFIRMED.,8fd5633d6d43a3f10490093b272f598fbe6ed1a9ec36f1c3a71ea95fcad9eb33,CONFIRMED,,
drive3_MJesus-MFB/Microscopio/Microscopio- MJesus Sanchez 2023/Female Diets/Elastic-Female with diets/Elastic-0619-ID192-20x-4.czi,AE-biomaGUNE-0619,MJ,,0619,192,Elastic-0619-ID192-20x-4.czi,tissue,CELL_Elastic-0619-ID192-20x-4.czi,Historical drive ingest 2026 (drive3_MJesus-MFB); project / researcher / operator / subject decided per file before ingest (tasks/drive3_czi_gate.md). Claim: CONFIRMED.,d7c510e3dff7b42d2848d9fcfb8b45080b9e53832da52779290adaa596587186,CONFIRMED,,
drive3_MJesus-MFB/Microscopio/Microscopio- MJesus Sanchez 2023/Female Diets/Elastic-Female with diets/Elastic-0619-ID192-20x-5.czi,AE-biomaGUNE-0619,MJ,,0619,192,Elastic-0619-ID192-20x-5.czi,tissue,CELL_Elastic-0619-ID192-20x-5.czi,Historical drive ingest 2026 (drive3_MJesus-MFB); project / researcher / operator / subject decided per file before ingest (tasks/drive3_czi_gate.md). Claim: CONFIRMED.,01da86c37d38dfdf3a7baa013dc9052e8b63ec2300850454e7addd4cb273114f,CONFIRMED,,
drive3_MJesus-MFB/Microscopio/Microscopio- MJesus Sanchez 2023/Female Diets/Elastic-Female with diets/Elastic-0619-ID192-20x-6.czi,AE-biomaGUNE-0619,MJ,,0619,192,Elastic-0619-ID192-20x-6.czi,tissue,CELL_Elastic-0619-ID192-20x-6.czi,Historical drive ingest 2026 (drive3_MJesus-MFB); project / researcher / operator / subject decided per file before ingest (tasks/drive3_czi_gate.md). Claim: CONFIRMED.,2ede33665f2c7f6c2b7abf3083d3d2ff6eac33de4f126d0bd319fba0881c7040,CONFIRMED,,
drive3_MJesus-MFB/Microscopio/Microscopio- MJesus Sanchez 2023/Female Diets/Elastic-Female with diets/Elastic-0619-ID192-20x-7.czi,AE-biomaGUNE-0619,MJ,,0619,192,Elastic-0619-ID192-20x-7.czi,tissue,CELL_Elastic-0619-ID192-20x-7.czi,Historical drive ingest 2026 (drive3_MJesus-MFB); project / researcher / operator / subject decided per file before ingest (tasks/drive3_czi_gate.md). Claim: CONFIRMED.,c4314a5442bfc0fc723db6711cb17157b31656d540fbeca9b7f2b4f7a17a71ea,CONFIRMED,,
drive3_MJesus-MFB/Microscopio/Microscopio- MJesus Sanchez 2023/Female Diets/Elastic-Female with diets/Elastic-0619-ID192-20x-8.czi,AE-biomaGUNE-0619,MJ,,0619,192,Elastic-0619-ID192-20x-8.czi,tissue,CELL_Elastic-0619-ID192-20x-8.czi,Historical drive ingest 2026 (drive3_MJesus-MFB); project / researcher / operator / subject decided per file before ingest (tasks/drive3_czi_gate.md). Claim: CONFIRMED.,55c027add170126a65fa33f680c0c5701bac7963da1f7761390364abd87c973d,CONFIRMED,,
drive3_MJesus-MFB/Microscopio/Microscopio- MJesus Sanchez 2023/Female Diets/Elastic-Female with diets/Elastic-0619-ID192-20x-9.czi,AE-biomaGUNE-0619,MJ,,0619,192,Elastic-0619-ID192-20x-9.czi,tissue,CELL_Elastic-0619-ID192-20x-9.czi,Historical drive ingest 2026 (drive3_MJesus-MFB); project / researcher / operator / subject decided per file before ingest (tasks/drive3_czi_gate.md). Claim: CONFIRMED.,d8b500a2a83c155bcb69b4f6c2265873349fdb4a4132950e07d24f3309c7c3cf,CONFIRMED,,
drive3_MJesus-MFB/Microscopio/Microscopio- MJesus Sanchez 2023/Female Diets/Elastic-Female with diets/Elastic-0619-ID195-20x-1.czi,AE-biomaGUNE-0619,MJ,,0619,195,Elastic-0619-ID195-20x-1.czi,tissue,CELL_Elastic-0619-ID195-20x-1.czi,Historical drive ingest 2026 (drive3_MJesus-MFB); project / researcher / operator / subject decided per file before ingest (tasks/drive3_czi_gate.md). Claim: CONFIRMED.,298755ea8112772701b7a51416307ce24aadd7053c9f5e0dddba80b544052fd5,CONFIRMED,,
drive3_MJesus-MFB/Microscopio/Microscopio- MJesus Sanchez 2023/Female Diets/Elastic-Female with diets/Elastic-0619-ID195-20x-2.czi,AE-biomaGUNE-0619,MJ,,0619,195,Elastic-0619-ID195-20x-2.czi,tissue,CELL_Elastic-0619-ID195-20x-2.czi,Historical drive ingest 2026 (drive3_MJesus-MFB); project / researcher / operator / subject decided per file before ingest (tasks/drive3_czi_gate.md). Claim: CONFIRMED.,e4cce2d5027a955dda151a09fc107a53baec90da2650230ee8962807d0c58296,CONFIRMED,,
drive3_MJesus-MFB/Microscopio/Microscopio- MJesus Sanchez 2023/Female Diets/Elastic-Female with diets/Elastic-0619-ID195-20x-3.czi,AE-biomaGUNE-0619,MJ,,0619,195,Elastic-0619-ID195-20x-3.czi,tissue,CELL_Elastic-0619-ID195-20x-3.czi,Historical drive ingest 2026 (drive3_MJesus-MFB); project / researcher / operator / subject decided per file before ingest (tasks/drive3_czi_gate.md). Claim: CONFIRMED.,f17fbd74c9d66cfe698976655425aaf414488be4303645dfc34469f5e124bef0,CONFIRMED,,
drive3_MJesus-MFB/Microscopio/Microscopio- MJesus Sanchez 2023/Female Diets/Elastic-Female with diets/Elastic-0619-ID195-20x-4.czi,AE-biomaGUNE-0619,MJ,,0619,195,Elastic-0619-ID195-20x-4.czi,tissue,CELL_Elastic-0619-ID195-20x-4.czi,Historical drive ingest 2026 (drive3_MJesus-MFB); project / researcher / operator / subject decided per file before ingest (tasks/drive3_czi_gate.md). Claim: CONFIRMED.,9676200355d5c14e5c5da7bb89deb335a97c222e051fb77b1b9836669d6fc0cd,CONFIRMED,,
drive3_MJesus-MFB/Microscopio/Microscopio- MJesus Sanchez 2023/Female Diets/Elastic-Female with diets/Elastic-0619-ID195-20x-5.czi,AE-biomaGUNE-0619,MJ,,0619,195,Elastic-0619-ID195-20x-5.czi,tissue,CELL_Elastic-0619-ID195-20x-5.czi,Historical drive ingest 2026 (drive3_MJesus-MFB); project / researcher / operator / subject decided per file before ingest (tasks/drive3_czi_gate.md). Claim: CONFIRMED.,a7020214007cec2678c3dc60fd5a1b58a60e3d995d8069dd977df87e583ab31e,CONFIRMED,,
drive3_MJesus-MFB/Microscopio/Microscopio- MJesus Sanchez 2023/Female Diets/Elastic-Female with diets/Elastic-0619-ID195-20x-6.czi,AE-biomaGUNE-0619,MJ,,0619,195,Elastic-0619-ID195-20x-6.czi,tissue,CELL_Elastic-0619-ID195-20x-6.czi,Historical drive ingest 2026 (drive3_MJesus-MFB); project / researcher / operator / subject decided per file before ingest (tasks/drive3_czi_gate.md). Claim: CONFIRMED.,ec0e98ff7e3d2ebf0c1f0ec6bc68b5f5a05eed324d51b5372b583179963282de,CONFIRMED,,
drive3_MJesus-MFB/Microscopio/Microscopio- MJesus Sanchez 2023/Female Diets/Elastic-Female with diets/Elastic-0619-ID196-20x-1.czi,AE-biomaGUNE-0619,MJ,,0619,196,Elastic-0619-ID196-20x-1.czi,tissue,CELL_Elastic-0619-ID196-20x-1.czi,Historical drive ingest 2026 (drive3_MJesus-MFB); project / researcher / operator / subject decided per file before ingest (tasks/drive3_czi_gate.md). Claim: CONFIRMED.,c33a726bdd8dae90e4d841b21901f0e4aa8507031b0ab852be7a1062ecd0fde9,CONFIRMED,,
drive3_MJesus-MFB/Microscopio/Microscopio- MJesus Sanchez 2023/Female Diets/Elastic-Female with diets/Elastic-0619-ID196-20x-2.czi,AE-biomaGUNE-0619,MJ,,0619,196,Elastic-0619-ID196-20x-2.czi,tissue,CELL_Elastic-0619-ID196-20x-2.czi,Historical drive ingest 2026 (drive3_MJesus-MFB); project / researcher / operator / subject decided per file before ingest (tasks/drive3_czi_gate.md). Claim: CONFIRMED.,dc5841b90464d59cc1258a91079a7a6841b23dc80d9f2e26429881baa6b95c0d,CONFIRMED,,
drive3_MJesus-MFB/Microscopio/Microscopio- MJesus Sanchez 2023/Female Diets/Elastic-Female with diets/Elastic-0619-ID196-20x-3.czi,AE-biomaGUNE-0619,MJ,,0619,196,Elastic-0619-ID196-20x-3.czi,tissue,CELL_Elastic-0619-ID196-20x-3.czi,Historical drive ingest 2026 (drive3_MJesus-MFB); project / researcher / operator / subject decided per file before ingest (tasks/drive3_czi_gate.md). Claim: CONFIRMED.,c96114d86c4d2c42e566dc91163a783d38180ae7910bbfa246df97a528234e36,CONFIRMED,,
drive3_MJesus-MFB/Microscopio/Microscopio- MJesus Sanchez 2023/Female Diets/Elastic-Female with diets/Elastic-0619-ID196-20x-4.czi,AE-biomaGUNE-0619,MJ,,0619,196,Elastic-0619-ID196-20x-4.czi,tissue,CELL_Elastic-0619-ID196-20x-4.czi,Historical drive ingest 2026 (drive3_MJesus-MFB); project / researcher / operator / subject decided per file before ingest (tasks/drive3_czi_gate.md). Claim: CONFIRMED.,cfd43fda6a403b43c24aa3ebd569dd230b8551f0f46808e9d776c6b568954900,CONFIRMED,,
drive3_MJesus-MFB/Microscopio/Microscopio- MJesus Sanchez 2023/Female Diets/Elastic-Female with diets/Elastic-0619-ID196-20x-5.czi,AE-biomaGUNE-0619,MJ,,0619,196,Elastic-0619-ID196-20x-5.czi,tissue,CELL_Elastic-0619-ID196-20x-5.czi,Historical drive ingest 2026 (drive3_MJesus-MFB); project / researcher / operator / subject decided per file before ingest (tasks/drive3_czi_gate.md). Claim: CONFIRMED.,d3c5120e7fba459a44c2de68d94b5985bea16491021f30055e483c907f0d37b9,CONFIRMED,,
drive3_MJesus-MFB/Microscopio/Microscopio- MJesus Sanchez 2023/Female Diets/Elastic-Female with diets/Elastic-0619-ID196-20x-6.czi,AE-biomaGUNE-0619,MJ,,0619,196,Elastic-0619-ID196-20x-6.czi,tissue,CELL_Elastic-0619-ID196-20x-6.czi,Historical drive ingest 2026 (drive3_MJesus-MFB); project / researcher / operator / subject decided per file before ingest (tasks/drive3_czi_gate.md). Claim: CONFIRMED.,96d90ec9b7ab99a3e2574340508b6ad92588c8266978b467f16c505e31f671a1,CONFIRMED,,
drive3_MJesus-MFB/Microscopio/Microscopio- MJesus Sanchez 2023/Female Diets/Elastic-Female with diets/Elastic-0619-ID196-20x-7.czi,AE-biomaGUNE-0619,MJ,,0619,196,Elastic-0619-ID196-20x-7.czi,tissue,CELL_Elastic-0619-ID196-20x-7.czi,Historical drive ingest 2026 (drive3_MJesus-MFB); project / researcher / operator / subject decided per file before ingest (tasks/drive3_czi_gate.md). Claim: CONFIRMED.,c01d75fdbfec562adb4af70fb7066a723308b66f7e5e8ae435587cca3f41e740,CONFIRMED,,
drive3_MJesus-MFB/Microscopio/Microscopio- MJesus Sanchez 2023/Female Diets/Elastic-Female with diets/Elastic-0619-ID197-20x-1.czi,AE-biomaGUNE-0619,MJ,,0619,197,Elastic-0619-ID197-20x-1.czi,tissue,CELL_Elastic-0619-ID197-20x-1.czi,Historical drive ingest 2026 (drive3_MJesus-MFB); project / researcher / operator / subject decided per file before ingest (tasks/drive3_czi_gate.md). Claim: CONFIRMED.,0c314e87f2631a4ab986a2c2c44c2cfd9e90042c963dad63c759a2eacd3c14ec,CONFIRMED,,
drive3_MJesus-MFB/Microscopio/Microscopio- MJesus Sanchez 2023/Female Diets/Elastic-Female with diets/Elastic-0619-ID197-20x-2.czi,AE-biomaGUNE-0619,MJ,,0619,197,Elastic-0619-ID197-20x-2.czi,tissue,CELL_Elastic-0619-ID197-20x-2.czi,Historical drive ingest 2026 (drive3_MJesus-MFB); project / researcher / operator / subject decided per file before ingest (tasks/drive3_czi_gate.md). Claim: CONFIRMED.,d8795d49559c8e505fd2ec0829510a1b3763949eb894bb3cb1c26c758f48693e,CONFIRMED,,
drive3_MJesus-MFB/Microscopio/Microscopio- MJesus Sanchez 2023/Female Diets/Elastic-Female with diets/Elastic-0619-ID197-20x-3.czi,AE-biomaGUNE-0619,MJ,,0619,197,Elastic-0619-ID197-20x-3.czi,tissue,CELL_Elastic-0619-ID197-20x-3.czi,Historical drive ingest 2026 (drive3_MJesus-MFB); project / researcher / operator / subject decided per file before ingest (tasks/drive3_czi_gate.md). Claim: CONFIRMED.,403d263bc4c6e04660fcafad0b2dbc742fed4bab13a75b828013878e40cdeb19,CONFIRMED,,
drive3_MJesus-MFB/Microscopio/Microscopio- MJesus Sanchez 2023/Female Diets/Elastic-Female with diets/Elastic-0619-ID197-20x-4.czi,AE-biomaGUNE-0619,MJ,,0619,197,Elastic-0619-ID197-20x-4.czi,tissue,CELL_Elastic-0619-ID197-20x-4.czi,Historical drive ingest 2026 (drive3_MJesus-MFB); project / researcher / operator / subject decided per file before ingest (tasks/drive3_czi_gate.md). Claim: CONFIRMED.,8ad83e593f4652cb32d392ede3153bcd3a4b00d173d2b976a6e8ea4c169c6d54,CONFIRMED,,
drive3_MJesus-MFB/Microscopio/Microscopio- MJesus Sanchez 2023/Female Diets/Elastic-Female with diets/Elastic-0619-ID197-20x-5.czi,AE-biomaGUNE-0619,MJ,,0619,197,Elastic-0619-ID197-20x-5.czi,tissue,CELL_Elastic-0619-ID197-20x-5.czi,Historical drive ingest 2026 (drive3_MJesus-MFB); project / researcher / operator / subject decided per file before ingest (tasks/drive3_czi_gate.md). Claim: CONFIRMED.,caf7b6adcd332a6f74617a5759b193b49847effe67048f3139af173b74d90669,CONFIRMED,,
drive3_MJesus-MFB/Microscopio/Microscopio- MJesus Sanchez 2023/Female Diets/Elastic-Female with diets/Elastic-0619-ID197-20x-6.czi,AE-biomaGUNE-0619,MJ,,0619,197,Elastic-0619-ID197-20x-6.czi,tissue,CELL_Elastic-0619-ID197-20x-6.czi,Historical drive ingest 2026 (drive3_MJesus-MFB); project / researcher / operator / subject decided per file before ingest (tasks/drive3_czi_gate.md). Claim: CONFIRMED.,f39246bc37e84c1511c0fbda85ac229c47ff908bcad5de82dbd92924e110c707,CONFIRMED,,
drive3_MJesus-MFB/Microscopio/Microscopio- MJesus Sanchez 2023/Female Diets/Elastic-Female with diets/Elastic-0619-ID197-20x-7.czi,AE-biomaGUNE-0619,MJ,,0619,197,Elastic-0619-ID197-20x-7.czi,tissue,CELL_Elastic-0619-ID197-20x-7.czi,Historical drive ingest 2026 (drive3_MJesus-MFB); project / researcher / operator / subject decided per file before ingest (tasks/drive3_czi_gate.md). Claim: CONFIRMED.,c582cd54955dd3d77e5e8d3f11f325692685ee6a39bede39dca9af8f01ab5ae4,CONFIRMED,,
drive3_MJesus-MFB/Microscopio/Microscopio- MJesus Sanchez 2023/Female Diets/Elastic-Female with diets/Elastic-0619-ID197-20x-8.czi,AE-biomaGUNE-0619,MJ,,0619,197,Elastic-0619-ID197-20x-8.czi,tissue,CELL_Elastic-0619-ID197-20x-8.czi,Historical drive ingest 2026 (drive3_MJesus-MFB); project / researcher / operator / subject decided per file before ingest (tasks/drive3_czi_gate.md). Claim: CONFIRMED.,76633d7a7e243007aa7c030b1019199b16146ff55107e7fd49f4e23b16518686,CONFIRMED,,
drive3_MJesus-MFB/Microscopio/Microscopio- MJesus Sanchez 2023/Female Diets/Elastic-Female with diets/Elastic-0619-ID198-20x-1.czi,AE-biomaGUNE-0619,MJ,,0619,198,Elastic-0619-ID198-20x-1.czi,tissue,CELL_Elastic-0619-ID198-20x-1.czi,Historical drive ingest 2026 (drive3_MJesus-MFB); project / researcher / operator / subject decided per file before ingest (tasks/drive3_czi_gate.md). Claim: CONFIRMED.,9b91da9f56d22e7892aa63a85e29cd26058402d2d74f635f1dda70d29b30cc13,CONFIRMED,,
drive3_MJesus-MFB/Microscopio/Microscopio- MJesus Sanchez 2023/Female Diets/Elastic-Female with diets/Elastic-0619-ID198-20x-2.czi,AE-biomaGUNE-0619,MJ,,0619,198,Elastic-0619-ID198-20x-2.czi,tissue,CELL_Elastic-0619-ID198-20x-2.czi,Historical drive ingest 2026 (drive3_MJesus-MFB); project / researcher / operator / subject decided per file before ingest (tasks/drive3_czi_gate.md). Claim: CONFIRMED.,512ea8126330dc8ac4c687423e318b814934a58d016217567a6c9dca4f69fb5f,CONFIRMED,,
drive3_MJesus-MFB/Microscopio/Microscopio- MJesus Sanchez 2023/Female Diets/Elastic-Female with diets/Elastic-0619-ID198-20x-3.czi,AE-biomaGUNE-0619,MJ,,0619,198,Elastic-0619-ID198-20x-3.czi,tissue,CELL_Elastic-0619-ID198-20x-3.czi,Historical drive ingest 2026 (drive3_MJesus-MFB); project / researcher / operator / subject decided per file before ingest (tasks/drive3_czi_gate.md). Claim: CONFIRMED.,2bf0f3b19bcec3f6209726a688065b4e1aabd814e0f8046e792f994142413c74,CONFIRMED,,
drive3_MJesus-MFB/Microscopio/Microscopio- MJesus Sanchez 2023/Female Diets/Elastic-Female with diets/Elastic-0619-ID198-20x-4.czi,AE-biomaGUNE-0619,MJ,,0619,198,Elastic-0619-ID198-20x-4.czi,tissue,CELL_Elastic-0619-ID198-20x-4.czi,Historical drive ingest 2026 (drive3_MJesus-MFB); project / researcher / operator / subject decided per file before ingest (tasks/drive3_czi_gate.md). Claim: CONFIRMED.,63c63bccbae816a9a720faeb5e0bfd35d28fea2b9055ba589e87618b97b8dd87,CONFIRMED,,
drive3_MJesus-MFB/Microscopio/Microscopio- MJesus Sanchez 2023/Female Diets/Elastic-Female with diets/Elastic-0619-ID198-20x-5.czi,AE-biomaGUNE-0619,MJ,,0619,198,Elastic-0619-ID198-20x-5.czi,tissue,CELL_Elastic-0619-ID198-20x-5.czi,Historical drive ingest 2026 (drive3_MJesus-MFB); project / researcher / operator / subject decided per file before ingest (tasks/drive3_czi_gate.md). Claim: CONFIRMED.,07528e9600863af417476ef2dfcadb380ac344a800b2bce878e515734e2b4f13,CONFIRMED,,
drive3_MJesus-MFB/Microscopio/Microscopio- MJesus Sanchez 2023/Female Diets/Elastic-Female with diets/Elastic-0619-ID198-20x-6.czi,AE-biomaGUNE-0619,MJ,,0619,198,Elastic-0619-ID198-20x-6.czi,tissue,CELL_Elastic-0619-ID198-20x-6.czi,Historical drive ingest 2026 (drive3_MJesus-MFB); project / researcher / operator / subject decided per file before ingest (tasks/drive3_czi_gate.md). Claim: CONFIRMED.,9abb56e53770f4a23478c947c5a15261935e672130998fdb80947605c6140001,CONFIRMED,,
drive3_MJesus-MFB/Microscopio/Microscopio- MJesus Sanchez 2023/Female Diets/Elastic-Female with diets/Elastic-0619-ID198-20x-7.czi,AE-biomaGUNE-0619,MJ,,0619,198,Elastic-0619-ID198-20x-7.czi,tissue,CELL_Elastic-0619-ID198-20x-7.czi,Historical drive ingest 2026 (drive3_MJesus-MFB); project / researcher / operator / subject decided per file before ingest (tasks/drive3_czi_gate.md). Claim: CONFIRMED.,834ad288d1ad218d2756cbd624be36d5512a5d468326169437a7a3a06dcf13d2,CONFIRMED,,
drive3_MJesus-MFB/Microscopio/Microscopio- MJesus Sanchez 2023/Female Diets/Elastic-Female with diets/Elastic-0619-ID198-20x-8.czi,AE-biomaGUNE-0619,MJ,,0619,198,Elastic-0619-ID198-20x-8.czi,tissue,CELL_Elastic-0619-ID198-20x-8.czi,Historical drive ingest 2026 (drive3_MJesus-MFB); project / researcher / operator / subject decided per file before ingest (tasks/drive3_czi_gate.md). Claim: CONFIRMED.,51d0bdfde392a3103f36e2d19383633e4470a6095fcf811041bd4c38b395af02,CONFIRMED,,
drive3_MJesus-MFB/Microscopio/Microscopio- MJesus Sanchez 2023/Female Diets/Elastic-Female with diets/Elastic-0619-ID198-20x-9.czi,AE-biomaGUNE-0619,MJ,,0619,198,Elastic-0619-ID198-20x-9.czi,tissue,CELL_Elastic-0619-ID198-20x-9.czi,Historical drive ingest 2026 (drive3_MJesus-MFB); project / researcher / operator / subject decided per file before ingest (tasks/drive3_czi_gate.md). Claim: CONFIRMED.,9a317a1874b75ab507b0a8395e87d188b8bc2c5ce34a61722c22c5ca0a57afa2,CONFIRMED,,
drive3_MJesus-MFB/Microscopio/Microscopio- MJesus Sanchez 2023/Female Diets/Elastic-Female with diets/Elastic-0619-ID199-20x-1.czi,AE-biomaGUNE-0619,MJ,,0619,199,Elastic-0619-ID199-20x-1.czi,tissue,CELL_Elastic-0619-ID199-20x-1.czi,Historical drive ingest 2026 (drive3_MJesus-MFB); project / researcher / operator / subject decided per file before ingest (tasks/drive3_czi_gate.md). Claim: CONFIRMED.,1db1add5b201416c811f3b2f4c73ab652ce5bc9bcf2a59f41a77a661ee372c79,CONFIRMED,,
drive3_MJesus-MFB/Microscopio/Microscopio- MJesus Sanchez 2023/Female Diets/Elastic-Female with diets/Elastic-0619-ID199-20x-10.czi,AE-biomaGUNE-0619,MJ,,0619,199,Elastic-0619-ID199-20x-10.czi,tissue,CELL_Elastic-0619-ID199-20x-10.czi,Historical drive ingest 2026 (drive3_MJesus-MFB); project / researcher / operator / subject decided per file before ingest (tasks/drive3_czi_gate.md). Claim: CONFIRMED.,1d9948238a9d2b65b7dde4e0bb3086b4ba8501ea3964c6e3e1af2d926721191b,CONFIRMED,,
drive3_MJesus-MFB/Microscopio/Microscopio- MJesus Sanchez 2023/Female Diets/Elastic-Female with diets/Elastic-0619-ID199-20x-2.czi,AE-biomaGUNE-0619,MJ,,0619,199,Elastic-0619-ID199-20x-2.czi,tissue,CELL_Elastic-0619-ID199-20x-2.czi,Historical drive ingest 2026 (drive3_MJesus-MFB); project / researcher / operator / subject decided per file before ingest (tasks/drive3_czi_gate.md). Claim: CONFIRMED.,d3127ef29ee548cf4cb816b027dcc63da2a0258e80774a352db800dc948cdc3f,CONFIRMED,,
drive3_MJesus-MFB/Microscopio/Microscopio- MJesus Sanchez 2023/Female Diets/Elastic-Female with diets/Elastic-0619-ID199-20x-3.czi,AE-biomaGUNE-0619,MJ,,0619,199,Elastic-0619-ID199-20x-3.czi,tissue,CELL_Elastic-0619-ID199-20x-3.czi,Historical drive ingest 2026 (drive3_MJesus-MFB); project / researcher / operator / subject decided per file before ingest (tasks/drive3_czi_gate.md). Claim: CONFIRMED.,f20de525cfee062e07e3bcb8b6830531ad5c6eeca60915389c339aa7a5f8fc82,CONFIRMED,,
drive3_MJesus-MFB/Microscopio/Microscopio- MJesus Sanchez 2023/Female Diets/Elastic-Female with diets/Elastic-0619-ID199-20x-4.czi,AE-biomaGUNE-0619,MJ,,0619,199,Elastic-0619-ID199-20x-4.czi,tissue,CELL_Elastic-0619-ID199-20x-4.czi,Historical drive ingest 2026 (drive3_MJesus-MFB); project / researcher / operator / subject decided per file before ingest (tasks/drive3_czi_gate.md). Claim: CONFIRMED.,9d5d00f4fbe6be933dcdecfa41ada935cae523394d3d4b9037b6a0176c4e83af,CONFIRMED,,
drive3_MJesus-MFB/Microscopio/Microscopio- MJesus Sanchez 2023/Female Diets/Elastic-Female with diets/Elastic-0619-ID199-20x-5.czi,AE-biomaGUNE-0619,MJ,,0619,199,Elastic-0619-ID199-20x-5.czi,tissue,CELL_Elastic-0619-ID199-20x-5.czi,Historical drive ingest 2026 (drive3_MJesus-MFB); project / researcher / operator / subject decided per file before ingest (tasks/drive3_czi_gate.md). Claim: CONFIRMED.,3b7d48d510e1d2a84ee65f8d1f0a8e7684a9e515900ded07c17941445b9d8c9c,CONFIRMED,,
drive3_MJesus-MFB/Microscopio/Microscopio- MJesus Sanchez 2023/Female Diets/Elastic-Female with diets/Elastic-0619-ID199-20x-6.czi,AE-biomaGUNE-0619,MJ,,0619,199,Elastic-0619-ID199-20x-6.czi,tissue,CELL_Elastic-0619-ID199-20x-6.czi,Historical drive ingest 2026 (drive3_MJesus-MFB); project / researcher / operator / subject decided per file before ingest (tasks/drive3_czi_gate.md). Claim: CONFIRMED.,1cb4243f7d91b96eab1892a2f5fc1a88f81fa8a90ab9f7cdba59e982f86cabfe,CONFIRMED,,
drive3_MJesus-MFB/Microscopio/Microscopio- MJesus Sanchez 2023/Female Diets/Elastic-Female with diets/Elastic-0619-ID199-20x-7.czi,AE-biomaGUNE-0619,MJ,,0619,199,Elastic-0619-ID199-20x-7.czi,tissue,CELL_Elastic-0619-ID199-20x-7.czi,Historical drive ingest 2026 (drive3_MJesus-MFB); project / researcher / operator / subject decided per file before ingest (tasks/drive3_czi_gate.md). Claim: CONFIRMED.,80ad9d72c79b08ed7647891cbf3988bd987272c68a85cbfc34808736ba3dc06a,CONFIRMED,,
drive3_MJesus-MFB/Microscopio/Microscopio- MJesus Sanchez 2023/Female Diets/Elastic-Female with diets/Elastic-0619-ID199-20x-8.czi,AE-biomaGUNE-0619,MJ,,0619,199,Elastic-0619-ID199-20x-8.czi,tissue,CELL_Elastic-0619-ID199-20x-8.czi,Historical drive ingest 2026 (drive3_MJesus-MFB); project / researcher / operator / subject decided per file before ingest (tasks/drive3_czi_gate.md). Claim: CONFIRMED.,dc27961cf3b2f35ae8d9614c8306c526e673333bf14b0f056c62ac2dfad374c8,CONFIRMED,,
drive3_MJesus-MFB/Microscopio/Microscopio- MJesus Sanchez 2023/Female Diets/Elastic-Female with diets/Elastic-0619-ID199-20x-9.czi,AE-biomaGUNE-0619,MJ,,0619,199,Elastic-0619-ID199-20x-9.czi,tissue,CELL_Elastic-0619-ID199-20x-9.czi,Historical drive ingest 2026 (drive3_MJesus-MFB); project / researcher / operator / subject decided per file before ingest (tasks/drive3_czi_gate.md). Claim: CONFIRMED.,dbc6edb9ebfe2ea084a86e6751ba1939cc678360fcd8f246463121e77617b4e8,CONFIRMED,,
drive3_MJesus-MFB/Microscopio/Microscopio- MJesus Sanchez 2023/Machos viejos-1019-3/1019-3 8OHdG/MJ-8oHdG/8ohdgsma-ID 160-1019-3-20X-1.czi,AE-biomaGUNE-1019,MJ,,1019,160,8ohdgsma-ID 160-1019-3-20X-1.czi,tissue,CELL_8ohdgsma-ID 160-1019-3-20X-1.czi,Historical drive ingest 2026 (drive3_MJesus-MFB); project / researcher / operator / subject decided per file before ingest (tasks/drive3_czi_gate.md). Claim: CONFIRMED.,6da5fd01c2a1cb0de665f1d85b3fd34836fd87f27610763393db80488598c44e,CONFIRMED,,
drive3_MJesus-MFB/Microscopio/Microscopio- MJesus Sanchez 2023/Machos viejos-1019-3/1019-3 8OHdG/MJ-8oHdG/8ohdgsma-ID 160-1019-3-20X-2.czi,AE-biomaGUNE-1019,MJ,,1019,160,8ohdgsma-ID 160-1019-3-20X-2.czi,tissue,CELL_8ohdgsma-ID 160-1019-3-20X-2.czi,Historical drive ingest 2026 (drive3_MJesus-MFB); project / researcher / operator / subject decided per file before ingest (tasks/drive3_czi_gate.md). Claim: CONFIRMED.,417b580a39b58dcf2099e24b1004280bd50ffb2205a53f3349cbac4a9f9fc440,CONFIRMED,,
drive3_MJesus-MFB/Microscopio/Microscopio- MJesus Sanchez 2023/Machos viejos-1019-3/1019-3 8OHdG/MJ-8oHdG/8ohdgsma-ID 160-1019-3-20X-3.czi,AE-biomaGUNE-1019,MJ,,1019,160,8ohdgsma-ID 160-1019-3-20X-3.czi,tissue,CELL_8ohdgsma-ID 160-1019-3-20X-3.czi,Historical drive ingest 2026 (drive3_MJesus-MFB); project / researcher / operator / subject decided per file before ingest (tasks/drive3_czi_gate.md). Claim: CONFIRMED.,1eaa3eee96f24e6469588602bec9331609a21dff52132836d4f95d41fc546c7a,CONFIRMED,,
drive3_MJesus-MFB/Microscopio/Microscopio- MJesus Sanchez 2023/Machos viejos-1019-3/1019-3 8OHdG/MJ-8oHdG/8ohdgsma-ID 160-1019-3-20X-4.czi,AE-biomaGUNE-1019,MJ,,1019,160,8ohdgsma-ID 160-1019-3-20X-4.czi,tissue,CELL_8ohdgsma-ID 160-1019-3-20X-4.czi,Historical drive ingest 2026 (drive3_MJesus-MFB); project / researcher / operator / subject decided per file before ingest (tasks/drive3_czi_gate.md). Claim: CONFIRMED.,22ab42a7777ea08e7a648083f5f65ac00267def8a12f7abf09d2f74e4af533c4,CONFIRMED,,
drive3_MJesus-MFB/Microscopio/Microscopio- MJesus Sanchez 2023/Machos viejos-1019-3/1019-3 8OHdG/MJ-8oHdG/8ohdgsma-ID 160-1019-3-20X-5.czi,AE-biomaGUNE-1019,MJ,,1019,160,8ohdgsma-ID 160-1019-3-20X-5.czi,tissue,CELL_8ohdgsma-ID 160-1019-3-20X-5.czi,Historical drive ingest 2026 (drive3_MJesus-MFB); project / researcher / operator / subject decided per file before ingest (tasks/drive3_czi_gate.md). Claim: CONFIRMED.,9b4902931cfa2bd9e197e2929fd04a5a1f3797988ab78f966cef200f031e2659,CONFIRMED,,
drive3_MJesus-MFB/Microscopio/Microscopio- MJesus Sanchez 2023/Machos viejos-1019-3/1019-3 8OHdG/MJ-8oHdG/8ohdgsma-ID 160-1019-3-20X-6.czi,AE-biomaGUNE-1019,MJ,,1019,160,8ohdgsma-ID 160-1019-3-20X-6.czi,tissue,CELL_8ohdgsma-ID 160-1019-3-20X-6.czi,Historical drive ingest 2026 (drive3_MJesus-MFB); project / researcher / operator / subject decided per file before ingest (tasks/drive3_czi_gate.md). Claim: CONFIRMED.,44d8bb995cf83f5de77c05a2a16a8988d9dd937cc3a314cf31490349f7395bcc,CONFIRMED,,
drive3_MJesus-MFB/Microscopio/Microscopio- MJesus Sanchez 2023/Machos viejos-1019-3/1019-3 8OHdG/MJ-8oHdG/8ohdgsma-ID 160-1019-3-20X-7.czi,AE-biomaGUNE-1019,MJ,,1019,160,8ohdgsma-ID 160-1019-3-20X-7.czi,tissue,CELL_8ohdgsma-ID 160-1019-3-20X-7.czi,Historical drive ingest 2026 (drive3_MJesus-MFB); project / researcher / operator / subject decided per file before ingest (tasks/drive3_czi_gate.md). Claim: CONFIRMED.,093b0472eb76280e515c6ba1249b4e65f2608f08636d7b153645ce927b2062d3,CONFIRMED,,
drive3_MJesus-MFB/Microscopio/Microscopio- MJesus Sanchez 2023/Machos viejos-1019-3/1019-3 8OHdG/MJ-8oHdG/8ohdgsma-ID 160-1019-3-20X-8.czi,AE-biomaGUNE-1019,MJ,,1019,160,8ohdgsma-ID 160-1019-3-20X-8.czi,tissue,CELL_8ohdgsma-ID 160-1019-3-20X-8.czi,Historical drive ingest 2026 (drive3_MJesus-MFB); project / researcher / operator / subject decided per file before ingest (tasks/drive3_czi_gate.md). Claim: CONFIRMED.,db4705f2b8b6e47537991f046a12878b8b7462d5259fc3e874d5cd7871392d9e,CONFIRMED,,
drive3_MJesus-MFB/Microscopio/Microscopio- MJesus Sanchez 2023/Machos viejos-1019-3/1019-3 8OHdG/MJ-8oHdG/8ohdgsma-ID 162-1019-3-20X-1.czi,AE-biomaGUNE-1019,MJ,,1019,162,8ohdgsma-ID 162-1019-3-20X-1.czi,tissue,CELL_8ohdgsma-ID 162-1019-3-20X-1.czi,Historical drive ingest 2026 (drive3_MJesus-MFB); project / researcher / operator / subject decided per file before ingest (tasks/drive3_czi_gate.md). Claim: CONFIRMED.,f3de54dc0246c3edc5bb3d6535de2845fa97844f30ddc30c5cd77149173bf932,CONFIRMED,,
drive3_MJesus-MFB/Microscopio/Microscopio- MJesus Sanchez 2023/Machos viejos-1019-3/1019-3 8OHdG/MJ-8oHdG/8ohdgsma-ID 162-1019-3-20X-2.czi,AE-biomaGUNE-1019,MJ,,1019,162,8ohdgsma-ID 162-1019-3-20X-2.czi,tissue,CELL_8ohdgsma-ID 162-1019-3-20X-2.czi,Historical drive ingest 2026 (drive3_MJesus-MFB); project / researcher / operator / subject decided per file before ingest (tasks/drive3_czi_gate.md). Claim: CONFIRMED.,e6190f4db191863d5b3be7ce26f06ac2b1ff0b182de6eda5641ae4e0e1db3c5a,CONFIRMED,,
drive3_MJesus-MFB/Microscopio/Microscopio- MJesus Sanchez 2023/Machos viejos-1019-3/1019-3 8OHdG/MJ-8oHdG/8ohdgsma-ID 162-1019-3-20X-3.czi,AE-biomaGUNE-1019,MJ,,1019,162,8ohdgsma-ID 162-1019-3-20X-3.czi,tissue,CELL_8ohdgsma-ID 162-1019-3-20X-3.czi,Historical drive ingest 2026 (drive3_MJesus-MFB); project / researcher / operator / subject decided per file before ingest (tasks/drive3_czi_gate.md). Claim: CONFIRMED.,45c31db4d73802a4a4fb14e4c81f1d5118df31902abc880eb12689c770b0067a,CONFIRMED,,
drive3_MJesus-MFB/Microscopio/Microscopio- MJesus Sanchez 2023/Machos viejos-1019-3/1019-3 8OHdG/MJ-8oHdG/8ohdgsma-ID 162-1019-3-20X-4.czi,AE-biomaGUNE-1019,MJ,,1019,162,8ohdgsma-ID 162-1019-3-20X-4.czi,tissue,CELL_8ohdgsma-ID 162-1019-3-20X-4.czi,Historical drive ingest 2026 (drive3_MJesus-MFB); project / researcher / operator / subject decided per file before ingest (tasks/drive3_czi_gate.md). Claim: CONFIRMED.,416f2b0e857e214785edb4d7b0047d8645575711ab6cd630a00035d40bf2c775,CONFIRMED,,
drive3_MJesus-MFB/Microscopio/Microscopio- MJesus Sanchez 2023/Machos viejos-1019-3/1019-3 8OHdG/MJ-8oHdG/8ohdgsma-ID 162-1019-3-20X-5.czi,AE-biomaGUNE-1019,MJ,,1019,162,8ohdgsma-ID 162-1019-3-20X-5.czi,tissue,CELL_8ohdgsma-ID 162-1019-3-20X-5.czi,Historical drive ingest 2026 (drive3_MJesus-MFB); project / researcher / operator / subject decided per file before ingest (tasks/drive3_czi_gate.md). Claim: CONFIRMED.,89d996289951d5b2fd6244229c3cafb1be89ff9ebf833af4fc3eeeadf5340b35,CONFIRMED,,
drive3_MJesus-MFB/Microscopio/Microscopio- MJesus Sanchez 2023/Machos viejos-1019-3/1019-3 8OHdG/MJ-8oHdG/8ohdgsma-ID 162-1019-3-20X-6.czi,AE-biomaGUNE-1019,MJ,,1019,162,8ohdgsma-ID 162-1019-3-20X-6.czi,tissue,CELL_8ohdgsma-ID 162-1019-3-20X-6.czi,Historical drive ingest 2026 (drive3_MJesus-MFB); project / researcher / operator / subject decided per file before ingest (tasks/drive3_czi_gate.md). Claim: CONFIRMED.,17f954f24e2902b128105ffd40f9b5be6d9057c775c5894024dcbc575980433d,CONFIRMED,,
drive3_MJesus-MFB/Microscopio/Microscopio- MJesus Sanchez 2023/Machos viejos-1019-3/1019-3 8OHdG/MJ-8oHdG/8ohdgsma-ID 162-1019-3-20X-7.czi,AE-biomaGUNE-1019,MJ,,1019,162,8ohdgsma-ID 162-1019-3-20X-7.czi,tissue,CELL_8ohdgsma-ID 162-1019-3-20X-7.czi,Historical drive ingest 2026 (drive3_MJesus-MFB); project / researcher / operator / subject decided per file before ingest (tasks/drive3_czi_gate.md). Claim: CONFIRMED.,655d4bd4deaf45a8040d43e7a0a9c2f2eedf03c325b320f2b5cfaf5324ebf0d0,CONFIRMED,,
drive3_MJesus-MFB/Microscopio/Microscopio- MJesus Sanchez 2023/Machos viejos-1019-3/1019-3 8OHdG/MJ-8oHdG/8ohdgsma-ID 162-1019-3-20X-8.czi,AE-biomaGUNE-1019,MJ,,1019,162,8ohdgsma-ID 162-1019-3-20X-8.czi,tissue,CELL_8ohdgsma-ID 162-1019-3-20X-8.czi,Historical drive ingest 2026 (drive3_MJesus-MFB); project / researcher / operator / subject decided per file before ingest (tasks/drive3_czi_gate.md). Claim: CONFIRMED.,af2b51f6109f4ff23d1d8fad2dc58ebce6d7e75fd9f580889e9acbb92a5a07f5,CONFIRMED,,
drive3_MJesus-MFB/Microscopio/Microscopio- MJesus Sanchez 2023/Machos viejos-1019-3/1019-3 8OHdG/MJ-8oHdG/8ohdgsma-ID 162-1019-3-20X-9.czi,AE-biomaGUNE-1019,MJ,,1019,162,8ohdgsma-ID 162-1019-3-20X-9.czi,tissue,CELL_8ohdgsma-ID 162-1019-3-20X-9.czi,Historical drive ingest 2026 (drive3_MJesus-MFB); project / researcher / operator / subject decided per file before ingest (tasks/drive3_czi_gate.md). Claim: CONFIRMED.,34ebb57c9244bc620ba108c861d4ce138f7947f19d0d91f8e3d531695b3579e1,CONFIRMED,,
drive3_MJesus-MFB/Microscopio/Microscopio- MJesus Sanchez 2023/Machos viejos-1019-3/1019-3 8OHdG/MJ-8oHdG/8ohdgsma-ID 167-1019-3-20X-1.czi,AE-biomaGUNE-1019,MJ,,1019,167,8ohdgsma-ID 167-1019-3-20X-1.czi,tissue,CELL_8ohdgsma-ID 167-1019-3-20X-1.czi,Historical drive ingest 2026 (drive3_MJesus-MFB); project / researcher / operator / subject decided per file before ingest (tasks/drive3_czi_gate.md). Claim: CONFIRMED.,4b2031a0e3e6463a878d83ddab29c3449c8b4d6caf7665eec45fa3d43fb5768b,CONFIRMED,,
drive3_MJesus-MFB/Microscopio/Microscopio- MJesus Sanchez 2023/Machos viejos-1019-3/1019-3 8OHdG/MJ-8oHdG/8ohdgsma-ID 167-1019-3-20X-2.czi,AE-biomaGUNE-1019,MJ,,1019,167,8ohdgsma-ID 167-1019-3-20X-2.czi,tissue,CELL_8ohdgsma-ID 167-1019-3-20X-2.czi,Historical drive ingest 2026 (drive3_MJesus-MFB); project / researcher / operator / subject decided per file before ingest (tasks/drive3_czi_gate.md). Claim: CONFIRMED.,f612e4158fd1a1cb9c1022b8b0f427f9ed04244e1310a60b38177bedce76ed1d,CONFIRMED,,
drive3_MJesus-MFB/Microscopio/Microscopio- MJesus Sanchez 2023/Machos viejos-1019-3/1019-3 8OHdG/MJ-8oHdG/8ohdgsma-ID 167-1019-3-20X-3.czi,AE-biomaGUNE-1019,MJ,,1019,167,8ohdgsma-ID 167-1019-3-20X-3.czi,tissue,CELL_8ohdgsma-ID 167-1019-3-20X-3.czi,Historical drive ingest 2026 (drive3_MJesus-MFB); project / researcher / operator / subject decided per file before ingest (tasks/drive3_czi_gate.md). Claim: CONFIRMED.,1bdd7d9df0aaf77122c0910e74a34ae8b7f64b9e57b6f835a393868d1137887f,CONFIRMED,,
drive3_MJesus-MFB/Microscopio/Microscopio- MJesus Sanchez 2023/Machos viejos-1019-3/1019-3 8OHdG/MJ-8oHdG/8ohdgsma-ID 167-1019-3-20X-4.czi,AE-biomaGUNE-1019,MJ,,1019,167,8ohdgsma-ID 167-1019-3-20X-4.czi,tissue,CELL_8ohdgsma-ID 167-1019-3-20X-4.czi,Historical drive ingest 2026 (drive3_MJesus-MFB); project / researcher / operator / subject decided per file before ingest (tasks/drive3_czi_gate.md). Claim: CONFIRMED.,5f065581926169a0ecdf1154656258769a209af5c2fab6c7c2544b7f96ef57a0,CONFIRMED,,
drive3_MJesus-MFB/Microscopio/Microscopio- MJesus Sanchez 2023/Machos viejos-1019-3/1019-3 8OHdG/MJ-8oHdG/8ohdgsma-ID 167-1019-3-20X-5.czi,AE-biomaGUNE-1019,MJ,,1019,167,8ohdgsma-ID 167-1019-3-20X-5.czi,tissue,CELL_8ohdgsma-ID 167-1019-3-20X-5.czi,Historical drive ingest 2026 (drive3_MJesus-MFB); project / researcher / operator / subject decided per file before ingest (tasks/drive3_czi_gate.md). Claim: CONFIRMED.,44f83f0fc172694cdd2bd27c5e4dd9afec38269ce9401e0497df044ede627c56,CONFIRMED,,
drive3_MJesus-MFB/Microscopio/Microscopio- MJesus Sanchez 2023/Machos viejos-1019-3/1019-3 8OHdG/MJ-8oHdG/8ohdgsma-ID 167-1019-3-20X-6.czi,AE-biomaGUNE-1019,MJ,,1019,167,8ohdgsma-ID 167-1019-3-20X-6.czi,tissue,CELL_8ohdgsma-ID 167-1019-3-20X-6.czi,Historical drive ingest 2026 (drive3_MJesus-MFB); project / researcher / operator / subject decided per file before ingest (tasks/drive3_czi_gate.md). Claim: CONFIRMED.,72509640455c93b615614b69755e007191e69e5d2c6db13ae734dccf402990a4,CONFIRMED,,
drive3_MJesus-MFB/Microscopio/Microscopio- MJesus Sanchez 2023/Machos viejos-1019-3/1019-3 8OHdG/MJ-8oHdG/8ohdgsma-ID 167-1019-3-20X-7.czi,AE-biomaGUNE-1019,MJ,,1019,167,8ohdgsma-ID 167-1019-3-20X-7.czi,tissue,CELL_8ohdgsma-ID 167-1019-3-20X-7.czi,Historical drive ingest 2026 (drive3_MJesus-MFB); project / researcher / operator / subject decided per file before ingest (tasks/drive3_czi_gate.md). Claim: CONFIRMED.,9f45705875c89c1d163731980bebb1ee6499d28bbffefac657ef0d49da68eb6a,CONFIRMED,,
drive3_MJesus-MFB/Microscopio/Microscopio- MJesus Sanchez 2023/Machos viejos-1019-3/1019-3 8OHdG/MJ-8oHdG/8ohdgsma-ID 167-1019-3-20X-8.czi,AE-biomaGUNE-1019,MJ,,1019,167,8ohdgsma-ID 167-1019-3-20X-8.czi,tissue,CELL_8ohdgsma-ID 167-1019-3-20X-8.czi,Historical drive ingest 2026 (drive3_MJesus-MFB); project / researcher / operator / subject decided per file before ingest (tasks/drive3_czi_gate.md). Claim: CONFIRMED.,3ce075b1fcf4b502b7e0033d9974d67475a0ef240f1738b6fa361fbe885f02fb,CONFIRMED,,
drive3_MJesus-MFB/Microscopio/Microscopio- MJesus Sanchez 2023/Machos viejos-1019-3/1019-3 8OHdG/MJ-8oHdG/8ohdgsma-ID 167-1019-3-20X-9.czi,AE-biomaGUNE-1019,MJ,,1019,167,8ohdgsma-ID 167-1019-3-20X-9.czi,tissue,CELL_8ohdgsma-ID 167-1019-3-20X-9.czi,Historical drive ingest 2026 (drive3_MJesus-MFB); project / researcher / operator / subject decided per file before ingest (tasks/drive3_czi_gate.md). Claim: CONFIRMED.,347a823c6b1a757958d815d7b279f7da219fbc4842ffc0f3b11638dd7b0cc819,CONFIRMED,,
drive3_MJesus-MFB/Microscopio/Microscopio- MJesus Sanchez 2023/Machos viejos-1019-3/1019-3 8OHdG/MJ-8oHdG/8ohdgsma-ID 168-1019-3-20X-1.czi,AE-biomaGUNE-1019,MJ,,1019,168,8ohdgsma-ID 168-1019-3-20X-1.czi,tissue,CELL_8ohdgsma-ID 168-1019-3-20X-1.czi,Historical drive ingest 2026 (drive3_MJesus-MFB); project / researcher / operator / subject decided per file before ingest (tasks/drive3_czi_gate.md). Claim: CONFIRMED.,1f98b5c013122c3581c73a9f9115553b7ac83e066370465f5c8175e36ec71b47,CONFIRMED,,
drive3_MJesus-MFB/Microscopio/Microscopio- MJesus Sanchez 2023/Machos viejos-1019-3/1019-3 8OHdG/MJ-8oHdG/8ohdgsma-ID 168-1019-3-20X-2.czi,AE-biomaGUNE-1019,MJ,,1019,168,8ohdgsma-ID 168-1019-3-20X-2.czi,tissue,CELL_8ohdgsma-ID 168-1019-3-20X-2.czi,Historical drive ingest 2026 (drive3_MJesus-MFB); project / researcher / operator / subject decided per file before ingest (tasks/drive3_czi_gate.md). Claim: CONFIRMED.,43f727231f64a506ca11af90d3cca4e87a79573971c744475d3fd53f3b4c5418,CONFIRMED,,
drive3_MJesus-MFB/Microscopio/Microscopio- MJesus Sanchez 2023/Machos viejos-1019-3/1019-3 8OHdG/MJ-8oHdG/8ohdgsma-ID 168-1019-3-20X-3.czi,AE-biomaGUNE-1019,MJ,,1019,168,8ohdgsma-ID 168-1019-3-20X-3.czi,tissue,CELL_8ohdgsma-ID 168-1019-3-20X-3.czi,Historical drive ingest 2026 (drive3_MJesus-MFB); project / researcher / operator / subject decided per file before ingest (tasks/drive3_czi_gate.md). Claim: CONFIRMED.,d65c85e895725db1614a3854918d7335d40649d77da861633c53edde530bfeef,CONFIRMED,,
drive3_MJesus-MFB/Microscopio/Microscopio- MJesus Sanchez 2023/Machos viejos-1019-3/1019-3 8OHdG/MJ-8oHdG/8ohdgsma-ID 168-1019-3-20X-4.czi,AE-biomaGUNE-1019,MJ,,1019,168,8ohdgsma-ID 168-1019-3-20X-4.czi,tissue,CELL_8ohdgsma-ID 168-1019-3-20X-4.czi,Historical drive ingest 2026 (drive3_MJesus-MFB); project / researcher / operator / subject decided per file before ingest (tasks/drive3_czi_gate.md). Claim: CONFIRMED.,7a7935425416d1441d62eda6e52c373ee32449635efa9242b4490940e06021a1,CONFIRMED,,
drive3_MJesus-MFB/Microscopio/Microscopio- MJesus Sanchez 2023/Machos viejos-1019-3/1019-3 8OHdG/MJ-8oHdG/8ohdgsma-ID 168-1019-3-20X-5.czi,AE-biomaGUNE-1019,MJ,,1019,168,8ohdgsma-ID 168-1019-3-20X-5.czi,tissue,CELL_8ohdgsma-ID 168-1019-3-20X-5.czi,Historical drive ingest 2026 (drive3_MJesus-MFB); project / researcher / operator / subject decided per file before ingest (tasks/drive3_czi_gate.md). Claim: CONFIRMED.,d6baa20d121d40fcc81d938b8d6eaeaff2a7a7b437c84e50eb17a7e986413d88,CONFIRMED,,
drive3_MJesus-MFB/Microscopio/Microscopio- MJesus Sanchez 2023/Machos viejos-1019-3/1019-3 8OHdG/MJ-8oHdG/8ohdgsma-ID 168-1019-3-20X-6.czi,AE-biomaGUNE-1019,MJ,,1019,168,8ohdgsma-ID 168-1019-3-20X-6.czi,tissue,CELL_8ohdgsma-ID 168-1019-3-20X-6.czi,Historical drive ingest 2026 (drive3_MJesus-MFB); project / researcher / operator / subject decided per file before ingest (tasks/drive3_czi_gate.md). Claim: CONFIRMED.,e9309d8e17afed1bf62438d45993956b6ba370020dc023bdf795f792d2fd0127,CONFIRMED,,
drive3_MJesus-MFB/Microscopio/Microscopio- MJesus Sanchez 2023/Machos viejos-1019-3/1019-3 8OHdG/MJ-8oHdG/8ohdgsma-ID 168-1019-3-20X-7.czi,AE-biomaGUNE-1019,MJ,,1019,168,8ohdgsma-ID 168-1019-3-20X-7.czi,tissue,CELL_8ohdgsma-ID 168-1019-3-20X-7.czi,Historical drive ingest 2026 (drive3_MJesus-MFB); project / researcher / operator / subject decided per file before ingest (tasks/drive3_czi_gate.md). Claim: CONFIRMED.,90e9f026a8cde9063e7a5fe0a6c2c8c8b95fd948cbf6e184fb54675f79ce08f0,CONFIRMED,,
drive3_MJesus-MFB/Microscopio/Microscopio- MJesus Sanchez 2023/Machos viejos-1019-3/1019-3 8OHdG/MJ-8oHdG/8ohdgsma-ID 168-1019-3-20X-8.czi,AE-biomaGUNE-1019,MJ,,1019,168,8ohdgsma-ID 168-1019-3-20X-8.czi,tissue,CELL_8ohdgsma-ID 168-1019-3-20X-8.czi,Historical drive ingest 2026 (drive3_MJesus-MFB); project / researcher / operator / subject decided per file before ingest (tasks/drive3_czi_gate.md). Claim: CONFIRMED.,085480c7ae253bfd5e503ab8d422973495688ceb550eb8c5c66f8a0f09ef2948,CONFIRMED,,
drive3_MJesus-MFB/Microscopio/Microscopio- MJesus Sanchez 2023/Machos viejos-1019-3/1019-3 8OHdG/MJ-8oHdG/8ohdgsma-ID 169-1019-3-20X-1.czi,AE-biomaGUNE-1019,MJ,,1019,169,8ohdgsma-ID 169-1019-3-20X-1.czi,tissue,CELL_8ohdgsma-ID 169-1019-3-20X-1.czi,Historical drive ingest 2026 (drive3_MJesus-MFB); project / researcher / operator / subject decided per file before ingest (tasks/drive3_czi_gate.md). Claim: CONFIRMED.,d09253056aca3c1ca63d5de2dfa7ec1422a9dfa8a703f45e79e346adda70478d,CONFIRMED,,
drive3_MJesus-MFB/Microscopio/Microscopio- MJesus Sanchez 2023/Machos viejos-1019-3/1019-3 8OHdG/MJ-8oHdG/8ohdgsma-ID 169-1019-3-20X-2.czi,AE-biomaGUNE-1019,MJ,,1019,169,8ohdgsma-ID 169-1019-3-20X-2.czi,tissue,CELL_8ohdgsma-ID 169-1019-3-20X-2.czi,Historical drive ingest 2026 (drive3_MJesus-MFB); project / researcher / operator / subject decided per file before ingest (tasks/drive3_czi_gate.md). Claim: CONFIRMED.,8628d0fa3b67be7836a999066836dd51043294c1bd14ce6a0dbc8ed09ce20b42,CONFIRMED,,
drive3_MJesus-MFB/Microscopio/Microscopio- MJesus Sanchez 2023/Machos viejos-1019-3/1019-3 8OHdG/MJ-8oHdG/8ohdgsma-ID 169-1019-3-20X-3.czi,AE-biomaGUNE-1019,MJ,,1019,169,8ohdgsma-ID 169-1019-3-20X-3.czi,tissue,CELL_8ohdgsma-ID 169-1019-3-20X-3.czi,Historical drive ingest 2026 (drive3_MJesus-MFB); project / researcher / operator / subject decided per file before ingest (tasks/drive3_czi_gate.md). Claim: CONFIRMED.,eedbc7034f2d0124b95cce400251a2076c61919ce6f19c7d6545a1a0bafba4e9,CONFIRMED,,
drive3_MJesus-MFB/Microscopio/Microscopio- MJesus Sanchez 2023/Machos viejos-1019-3/1019-3 8OHdG/MJ-8oHdG/8ohdgsma-ID 169-1019-3-20X-4.czi,AE-biomaGUNE-1019,MJ,,1019,169,8ohdgsma-ID 169-1019-3-20X-4.czi,tissue,CELL_8ohdgsma-ID 169-1019-3-20X-4.czi,Historical drive ingest 2026 (drive3_MJesus-MFB); project / researcher / operator / subject decided per file before ingest (tasks/drive3_czi_gate.md). Claim: CONFIRMED.,b5d2008dc6a6e8f89c275f7d47d51f63bb1c4a07b766e1145407cb7f43414528,CONFIRMED,,
drive3_MJesus-MFB/Microscopio/Microscopio- MJesus Sanchez 2023/Machos viejos-1019-3/1019-3 8OHdG/MJ-8oHdG/8ohdgsma-ID 169-1019-3-20X-5.czi,AE-biomaGUNE-1019,MJ,,1019,169,8ohdgsma-ID 169-1019-3-20X-5.czi,tissue,CELL_8ohdgsma-ID 169-1019-3-20X-5.czi,Historical drive ingest 2026 (drive3_MJesus-MFB); project / researcher / operator / subject decided per file before ingest (tasks/drive3_czi_gate.md). Claim: CONFIRMED.,8b28e567204b7adef6dba1aabd6252ef6416d6f6bb6c6408ffa9c09f2f90fc7d,CONFIRMED,,
drive3_MJesus-MFB/Microscopio/Microscopio- MJesus Sanchez 2023/Machos viejos-1019-3/1019-3 8OHdG/MJ-8oHdG/8ohdgsma-ID 169-1019-3-20X-6.czi,AE-biomaGUNE-1019,MJ,,1019,169,8ohdgsma-ID 169-1019-3-20X-6.czi,tissue,CELL_8ohdgsma-ID 169-1019-3-20X-6.czi,Historical drive ingest 2026 (drive3_MJesus-MFB); project / researcher / operator / subject decided per file before ingest (tasks/drive3_czi_gate.md). Claim: CONFIRMED.,541ab2631f89b2a8ff211dd264602ffc8564be8a083b1fe6bcdb81e06b34c24d,CONFIRMED,,
drive3_MJesus-MFB/Microscopio/Microscopio- MJesus Sanchez 2023/Machos viejos-1019-3/1019-3 8OHdG/MJ-8oHdG/8ohdgsma-ID 169-1019-3-20X-7.czi,AE-biomaGUNE-1019,MJ,,1019,169,8ohdgsma-ID 169-1019-3-20X-7.czi,tissue,CELL_8ohdgsma-ID 169-1019-3-20X-7.czi,Historical drive ingest 2026 (drive3_MJesus-MFB); project / researcher / operator / subject decided per file before ingest (tasks/drive3_czi_gate.md). Claim: CONFIRMED.,fe0cd519eac25beb5199db823371207bafe4a43eb6566c0dbde83c7336c37574,CONFIRMED,,
drive3_MJesus-MFB/Microscopio/Microscopio- MJesus Sanchez 2023/Machos viejos-1019-3/1019-3 8OHdG/MJ-8oHdG/8ohdgsma-ID 169-1019-3-20X-8.czi,AE-biomaGUNE-1019,MJ,,1019,169,8ohdgsma-ID 169-1019-3-20X-8.czi,tissue,CELL_8ohdgsma-ID 169-1019-3-20X-8.czi,Historical drive ingest 2026 (drive3_MJesus-MFB); project / researcher / operator / subject decided per file before ingest (tasks/drive3_czi_gate.md). Claim: CONFIRMED.,d96fc804ef3d3d3efee9f02511922e1c73df48e1aa893cadc0484a20d80ef454,CONFIRMED,,
drive3_MJesus-MFB/Microscopio/Microscopio- MJesus Sanchez 2023/Machos viejos-1019-3/1019-3 8OHdG/MJ-8oHdG/8ohdgsma-ID 169-1019-3-20X-9.czi,AE-biomaGUNE-1019,MJ,,1019,169,8ohdgsma-ID 169-1019-3-20X-9.czi,tissue,CELL_8ohdgsma-ID 169-1019-3-20X-9.czi,Historical drive ingest 2026 (drive3_MJesus-MFB); project / researcher / operator / subject decided per file before ingest (tasks/drive3_czi_gate.md). Claim: CONFIRMED.,1e1b36f5cad096975d2eb9ceb7736173b58a8c03551e4ee577e6e0e2b0108c00,CONFIRMED,,
drive3_MJesus-MFB/Microscopio/Microscopio- MJesus Sanchez 2023/Machos viejos-1019-3/1019-3 Elastic/230720_ID161-1019-3_Elastic_20x-1.czi,AE-biomaGUNE-1019,MJ,,1019,161,230720_ID161-1019-3_Elastic_20x-1.czi,tissue,CELL_230720_ID161-1019-3_Elastic_20x-1.czi,Historical drive ingest 2026 (drive3_MJesus-MFB); project / researcher / operator / subject decided per file before ingest (tasks/drive3_czi_gate.md). Claim: CONFIRMED.,f1d46d30b5ff850743a2e344d6a325acb5a201c8119d69de16aba6de96d60039,CONFIRMED,,
drive3_MJesus-MFB/Microscopio/Microscopio- MJesus Sanchez 2023/Machos viejos-1019-3/1019-3 Elastic/230720_ID161-1019-3_Elastic_20x-10.czi,AE-biomaGUNE-1019,MJ,,1019,161,230720_ID161-1019-3_Elastic_20x-10.czi,tissue,CELL_230720_ID161-1019-3_Elastic_20x-10.czi,Historical drive ingest 2026 (drive3_MJesus-MFB); project / researcher / operator / subject decided per file before ingest (tasks/drive3_czi_gate.md). Claim: CONFIRMED.,4816a9691d89bfb0112850cea70b9da1f28c439e9e1584babf6431868e384aad,CONFIRMED,,
drive3_MJesus-MFB/Microscopio/Microscopio- MJesus Sanchez 2023/Machos viejos-1019-3/1019-3 Elastic/230720_ID161-1019-3_Elastic_20x-2.czi,AE-biomaGUNE-1019,MJ,,1019,161,230720_ID161-1019-3_Elastic_20x-2.czi,tissue,CELL_230720_ID161-1019-3_Elastic_20x-2.czi,Historical drive ingest 2026 (drive3_MJesus-MFB); project / researcher / operator / subject decided per file before ingest (tasks/drive3_czi_gate.md). Claim: CONFIRMED.,1438e194baa1b328bcc1ad98eb390de7954751fe4d5b1c1b77ab6f1e7e0d3102,CONFIRMED,,
drive3_MJesus-MFB/Microscopio/Microscopio- MJesus Sanchez 2023/Machos viejos-1019-3/1019-3 Elastic/230720_ID161-1019-3_Elastic_20x-3.czi,AE-biomaGUNE-1019,MJ,,1019,161,230720_ID161-1019-3_Elastic_20x-3.czi,tissue,CELL_230720_ID161-1019-3_Elastic_20x-3.czi,Historical drive ingest 2026 (drive3_MJesus-MFB); project / researcher / operator / subject decided per file before ingest (tasks/drive3_czi_gate.md). Claim: CONFIRMED.,bde4438a14d60bef8b1fa1353e822280ca6ec93b2d8bb9ff363d192214b2fbb6,CONFIRMED,,
drive3_MJesus-MFB/Microscopio/Microscopio- MJesus Sanchez 2023/Machos viejos-1019-3/1019-3 Elastic/230720_ID161-1019-3_Elastic_20x-4.czi,AE-biomaGUNE-1019,MJ,,1019,161,230720_ID161-1019-3_Elastic_20x-4.czi,tissue,CELL_230720_ID161-1019-3_Elastic_20x-4.czi,Historical drive ingest 2026 (drive3_MJesus-MFB); project / researcher / operator / subject decided per file before ingest (tasks/drive3_czi_gate.md). Claim: CONFIRMED.,5c8040c124e8b7b4d04ce6f04beeee99b37fe9c9d3b348410e4dac39fb2dcd0e,CONFIRMED,,
drive3_MJesus-MFB/Microscopio/Microscopio- MJesus Sanchez 2023/Machos viejos-1019-3/1019-3 Elastic/230720_ID161-1019-3_Elastic_20x-5.czi,AE-biomaGUNE-1019,MJ,,1019,161,230720_ID161-1019-3_Elastic_20x-5.czi,tissue,CELL_230720_ID161-1019-3_Elastic_20x-5.czi,Historical drive ingest 2026 (drive3_MJesus-MFB); project / researcher / operator / subject decided per file before ingest (tasks/drive3_czi_gate.md). Claim: CONFIRMED.,881646573b23c6263a173edf73cb522658f2899e4643262be2bc47036f8e05a3,CONFIRMED,,
drive3_MJesus-MFB/Microscopio/Microscopio- MJesus Sanchez 2023/Machos viejos-1019-3/1019-3 Elastic/230720_ID161-1019-3_Elastic_20x-6.czi,AE-biomaGUNE-1019,MJ,,1019,161,230720_ID161-1019-3_Elastic_20x-6.czi,tissue,CELL_230720_ID161-1019-3_Elastic_20x-6.czi,Historical drive ingest 2026 (drive3_MJesus-MFB); project / researcher / operator / subject decided per file before ingest (tasks/drive3_czi_gate.md). Claim: CONFIRMED.,391c752d634a4089610e8e410977376f24d78be1eec89b11f294d17bc678b688,CONFIRMED,,
drive3_MJesus-MFB/Microscopio/Microscopio- MJesus Sanchez 2023/Machos viejos-1019-3/1019-3 Elastic/230720_ID161-1019-3_Elastic_20x-7.czi,AE-biomaGUNE-1019,MJ,,1019,161,230720_ID161-1019-3_Elastic_20x-7.czi,tissue,CELL_230720_ID161-1019-3_Elastic_20x-7.czi,Historical drive ingest 2026 (drive3_MJesus-MFB); project / researcher / operator / subject decided per file before ingest (tasks/drive3_czi_gate.md). Claim: CONFIRMED.,7ba4c1a9c0e1f5814c45cb15f7e61868281397a56a82da5da44a936c9da84e9a,CONFIRMED,,
drive3_MJesus-MFB/Microscopio/Microscopio- MJesus Sanchez 2023/Machos viejos-1019-3/1019-3 Elastic/230720_ID161-1019-3_Elastic_20x-8.czi,AE-biomaGUNE-1019,MJ,,1019,161,230720_ID161-1019-3_Elastic_20x-8.czi,tissue,CELL_230720_ID161-1019-3_Elastic_20x-8.czi,Historical drive ingest 2026 (drive3_MJesus-MFB); project / researcher / operator / subject decided per file before ingest (tasks/drive3_czi_gate.md). Claim: CONFIRMED.,a15a6a12460869c20b7ff108735463af2e53c34556fbe5abffc3e8a056e1360f,CONFIRMED,,
drive3_MJesus-MFB/Microscopio/Microscopio- MJesus Sanchez 2023/Machos viejos-1019-3/1019-3 Elastic/230720_ID161-1019-3_Elastic_20x-9.czi,AE-biomaGUNE-1019,MJ,,1019,161,230720_ID161-1019-3_Elastic_20x-9.czi,tissue,CELL_230720_ID161-1019-3_Elastic_20x-9.czi,Historical drive ingest 2026 (drive3_MJesus-MFB); project / researcher / operator / subject decided per file before ingest (tasks/drive3_czi_gate.md). Claim: CONFIRMED.,4264b0ba42ebf8ca5d5970b2c54b90b6750853c655970c8265727fb65ab05303,CONFIRMED,,
drive3_MJesus-MFB/Microscopio/Microscopio- MJesus Sanchez 2023/Machos viejos-1019-3/1019-3 Elastic/Elastic 1019-3 mas muestras/Elastic-1019-3-Lung-20x-ID 164-1.czi,AE-biomaGUNE-1019,MJ,,1019,164,Elastic-1019-3-Lung-20x-ID 164-1.czi,tissue,CELL_Elastic-1019-3-Lung-20x-ID 164-1.czi,Historical drive ingest 2026 (drive3_MJesus-MFB); project / researcher / operator / subject decided per file before ingest (tasks/drive3_czi_gate.md). Claim: CONFIRMED.,5aefb664b8de76483d99b650cc3b3c944a47e7772256b72b0e5b89bfd94b6435,CONFIRMED,,
drive3_MJesus-MFB/Microscopio/Microscopio- MJesus Sanchez 2023/Machos viejos-1019-3/1019-3 Elastic/Elastic 1019-3 mas muestras/Elastic-1019-3-Lung-20x-ID 164-2.czi,AE-biomaGUNE-1019,MJ,,1019,164,Elastic-1019-3-Lung-20x-ID 164-2.czi,tissue,CELL_Elastic-1019-3-Lung-20x-ID 164-2.czi,Historical drive ingest 2026 (drive3_MJesus-MFB); project / researcher / operator / subject decided per file before ingest (tasks/drive3_czi_gate.md). Claim: CONFIRMED.,b27eb8a31610251506e83fcc14564c3367e3f34d0bac55c2329280c5577b0abb,CONFIRMED,,
drive3_MJesus-MFB/Microscopio/Microscopio- MJesus Sanchez 2023/Machos viejos-1019-3/1019-3 Elastic/Elastic 1019-3 mas muestras/Elastic-1019-3-Lung-20x-ID 164-3.czi,AE-biomaGUNE-1019,MJ,,1019,164,Elastic-1019-3-Lung-20x-ID 164-3.czi,tissue,CELL_Elastic-1019-3-Lung-20x-ID 164-3.czi,Historical drive ingest 2026 (drive3_MJesus-MFB); project / researcher / operator / subject decided per file before ingest (tasks/drive3_czi_gate.md). Claim: CONFIRMED.,3b604f54a78df425d3ad12c9a4382ae623ad8a83a82badbbe1a52bdaf353af8d,CONFIRMED,,
drive3_MJesus-MFB/Microscopio/Microscopio- MJesus Sanchez 2023/Machos viejos-1019-3/1019-3 Elastic/Elastic 1019-3 mas muestras/Elastic-1019-3-Lung-20x-ID 164-4.czi,AE-biomaGUNE-1019,MJ,,1019,164,Elastic-1019-3-Lung-20x-ID 164-4.czi,tissue,CELL_Elastic-1019-3-Lung-20x-ID 164-4.czi,Historical drive ingest 2026 (drive3_MJesus-MFB); project / researcher / operator / subject decided per file before ingest (tasks/drive3_czi_gate.md). Claim: CONFIRMED.,55d23f3609e0f82e5a2270822e9b390328f4d7b54bc67cecd8b6a5d5bd21218a,CONFIRMED,,
drive3_MJesus-MFB/Microscopio/Microscopio- MJesus Sanchez 2023/Machos viejos-1019-3/1019-3 Elastic/Elastic 1019-3 mas muestras/Elastic-1019-3-Lung-20x-ID 164-5.czi,AE-biomaGUNE-1019,MJ,,1019,164,Elastic-1019-3-Lung-20x-ID 164-5.czi,tissue,CELL_Elastic-1019-3-Lung-20x-ID 164-5.czi,Historical drive ingest 2026 (drive3_MJesus-MFB); project / researcher / operator / subject decided per file before ingest (tasks/drive3_czi_gate.md). Claim: CONFIRMED.,2694d185080fb271c00aec87edd2e2f224b817ccae469fe78e880303d17c0b18,CONFIRMED,,
drive3_MJesus-MFB/Microscopio/Microscopio- MJesus Sanchez 2023/Machos viejos-1019-3/1019-3 Elastic/Elastic 1019-3 mas muestras/Elastic-1019-3-Lung-20x-ID 171-1.czi,AE-biomaGUNE-1019,MJ,,1019,171,Elastic-1019-3-Lung-20x-ID 171-1.czi,tissue,CELL_Elastic-1019-3-Lung-20x-ID 171-1.czi,Historical drive ingest 2026 (drive3_MJesus-MFB); project / researcher / operator / subject decided per file before ingest (tasks/drive3_czi_gate.md). Claim: CONFIRMED.,c060a8150e63c1e6a587d6ead2f9d85e7bb3d74992e0bd6ddcc0070fdfd1d914,CONFIRMED,,
drive3_MJesus-MFB/Microscopio/Microscopio- MJesus Sanchez 2023/Machos viejos-1019-3/1019-3 Elastic/Elastic 1019-3 mas muestras/Elastic-1019-3-Lung-20x-ID 171-2.czi,AE-biomaGUNE-1019,MJ,,1019,171,Elastic-1019-3-Lung-20x-ID 171-2.czi,tissue,CELL_Elastic-1019-3-Lung-20x-ID 171-2.czi,Historical drive ingest 2026 (drive3_MJesus-MFB); project / researcher / operator / subject decided per file before ingest (tasks/drive3_czi_gate.md). Claim: CONFIRMED.,96a2ab16530061f13236716146ef9556c8828c4b753a02a73f33354f96dee11b,CONFIRMED,,
drive3_MJesus-MFB/Microscopio/Microscopio- MJesus Sanchez 2023/Machos viejos-1019-3/1019-3 Elastic/Elastic 1019-3 mas muestras/Elastic-1019-3-Lung-20x-ID 171-3.czi,AE-biomaGUNE-1019,MJ,,1019,171,Elastic-1019-3-Lung-20x-ID 171-3.czi,tissue,CELL_Elastic-1019-3-Lung-20x-ID 171-3.czi,Historical drive ingest 2026 (drive3_MJesus-MFB); project / researcher / operator / subject decided per file before ingest (tasks/drive3_czi_gate.md). Claim: CONFIRMED.,5a86c068e5bb732467ff6877b8579c94e289ec400682e7b8b9df6fad8a6652db,CONFIRMED,,
drive3_MJesus-MFB/Microscopio/Microscopio- MJesus Sanchez 2023/Machos viejos-1019-3/1019-3 Elastic/Elastic 1019-3 mas muestras/Elastic-1019-3-Lung-20x-ID 171-4.czi,AE-biomaGUNE-1019,MJ,,1019,171,Elastic-1019-3-Lung-20x-ID 171-4.czi,tissue,CELL_Elastic-1019-3-Lung-20x-ID 171-4.czi,Historical drive ingest 2026 (drive3_MJesus-MFB); project / researcher / operator / subject decided per file before ingest (tasks/drive3_czi_gate.md). Claim: CONFIRMED.,3a151961d6841b83350d8a2c256e6f80a02071fa9eac70e38d1b060a6a94c894,CONFIRMED,,
drive3_MJesus-MFB/Microscopio/Microscopio- MJesus Sanchez 2023/Machos viejos-1019-3/1019-3 Elastic/Elastic 1019-3 mas muestras/Elastic-1019-3-Lung-20x-ID 171-5.czi,AE-biomaGUNE-1019,MJ,,1019,171,Elastic-1019-3-Lung-20x-ID 171-5.czi,tissue,CELL_Elastic-1019-3-Lung-20x-ID 171-5.czi,Historical drive ingest 2026 (drive3_MJesus-MFB); project / researcher / operator / subject decided per file before ingest (tasks/drive3_czi_gate.md). Claim: CONFIRMED.,619d8b07ab9ecf9d97abb0868bde6bb784ee11ef30416e96db32992e1a951215,CONFIRMED,,
drive3_MJesus-MFB/Microscopio/Microscopio- MJesus Sanchez 2023/Machos viejos-1019-3/1019-3 Elastic/Elastic 1019-3 mas muestras/Elastic-1019-3-Lung-20x-ID 171-6.czi,AE-biomaGUNE-1019,MJ,,1019,171,Elastic-1019-3-Lung-20x-ID 171-6.czi,tissue,CELL_Elastic-1019-3-Lung-20x-ID 171-6.czi,Historical drive ingest 2026 (drive3_MJesus-MFB); project / researcher / operator / subject decided per file before ingest (tasks/drive3_czi_gate.md). Claim: CONFIRMED.,5f328b4deddf51f6a5f60f2b3ff96f0bf40eea6bc9c432070060e5112023b7e1,CONFIRMED,,
drive3_MJesus-MFB/Microscopio/Microscopio- MJesus Sanchez 2023/Machos viejos-1019-3/1019-3 Elastic/Elastic-1019-3-ID160-20x-1.czi,AE-biomaGUNE-1019,MJ,,1019,160,Elastic-1019-3-ID160-20x-1.czi,tissue,CELL_Elastic-1019-3-ID160-20x-1.czi,Historical drive ingest 2026 (drive3_MJesus-MFB); project / researcher / operator / subject decided per file before ingest (tasks/drive3_czi_gate.md). Claim: CONFIRMED.,dd5335607e61e8d33975951bb9872c2917b9ca1e6c28742e07d04da0f7674db7,CONFIRMED,,
drive3_MJesus-MFB/Microscopio/Microscopio- MJesus Sanchez 2023/Machos viejos-1019-3/1019-3 Elastic/Elastic-1019-3-ID160-20x-10.czi,AE-biomaGUNE-1019,MJ,,1019,160,Elastic-1019-3-ID160-20x-10.czi,tissue,CELL_Elastic-1019-3-ID160-20x-10.czi,Historical drive ingest 2026 (drive3_MJesus-MFB); project / researcher / operator / subject decided per file before ingest (tasks/drive3_czi_gate.md). Claim: CONFIRMED.,e3d4642674688e52d5a72c397ae41927235b06cbdf7321c48a54cf778c640a17,CONFIRMED,,
drive3_MJesus-MFB/Microscopio/Microscopio- MJesus Sanchez 2023/Machos viejos-1019-3/1019-3 Elastic/Elastic-1019-3-ID160-20x-2.czi,AE-biomaGUNE-1019,MJ,,1019,160,Elastic-1019-3-ID160-20x-2.czi,tissue,CELL_Elastic-1019-3-ID160-20x-2.czi,Historical drive ingest 2026 (drive3_MJesus-MFB); project / researcher / operator / subject decided per file before ingest (tasks/drive3_czi_gate.md). Claim: CONFIRMED.,7fc95888a3de8557c24641523396dbda143b59c7799133bf7c4e7a2f5d992a29,CONFIRMED,,
drive3_MJesus-MFB/Microscopio/Microscopio- MJesus Sanchez 2023/Machos viejos-1019-3/1019-3 Elastic/Elastic-1019-3-ID160-20x-3.czi,AE-biomaGUNE-1019,MJ,,1019,160,Elastic-1019-3-ID160-20x-3.czi,tissue,CELL_Elastic-1019-3-ID160-20x-3.czi,Historical drive ingest 2026 (drive3_MJesus-MFB); project / researcher / operator / subject decided per file before ingest (tasks/drive3_czi_gate.md). Claim: CONFIRMED.,9c0fea19cbb761677a501febd4ba435fceb95d6b2aada1d26582739edd032b0b,CONFIRMED,,
drive3_MJesus-MFB/Microscopio/Microscopio- MJesus Sanchez 2023/Machos viejos-1019-3/1019-3 Elastic/Elastic-1019-3-ID160-20x-4.czi,AE-biomaGUNE-1019,MJ,,1019,160,Elastic-1019-3-ID160-20x-4.czi,tissue,CELL_Elastic-1019-3-ID160-20x-4.czi,Historical drive ingest 2026 (drive3_MJesus-MFB); project / researcher / operator / subject decided per file before ingest (tasks/drive3_czi_gate.md). Claim: CONFIRMED.,2b0dd19fa32e9c9e8c13da5fcf082b4575050c6741f07b78e9f89cc415a022c6,CONFIRMED,,
drive3_MJesus-MFB/Microscopio/Microscopio- MJesus Sanchez 2023/Machos viejos-1019-3/1019-3 Elastic/Elastic-1019-3-ID160-20x-5.czi,AE-biomaGUNE-1019,MJ,,1019,160,Elastic-1019-3-ID160-20x-5.czi,tissue,CELL_Elastic-1019-3-ID160-20x-5.czi,Historical drive ingest 2026 (drive3_MJesus-MFB); project / researcher / operator / subject decided per file before ingest (tasks/drive3_czi_gate.md). Claim: CONFIRMED.,fe29dd532c1e86fb6b79d2259f780559b4cb6c3e4ee68f09cbf5138bdfafb2e5,CONFIRMED,,
drive3_MJesus-MFB/Microscopio/Microscopio- MJesus Sanchez 2023/Machos viejos-1019-3/1019-3 Elastic/Elastic-1019-3-ID160-20x-6.czi,AE-biomaGUNE-1019,MJ,,1019,160,Elastic-1019-3-ID160-20x-6.czi,tissue,CELL_Elastic-1019-3-ID160-20x-6.czi,Historical drive ingest 2026 (drive3_MJesus-MFB); project / researcher / operator / subject decided per file before ingest (tasks/drive3_czi_gate.md). Claim: CONFIRMED.,0f35dca246c869bf05b3dbd8f9428b1cf3a15d5f2d86568046ad20e9137953e4,CONFIRMED,,
drive3_MJesus-MFB/Microscopio/Microscopio- MJesus Sanchez 2023/Machos viejos-1019-3/1019-3 Elastic/Elastic-1019-3-ID160-20x-7.czi,AE-biomaGUNE-1019,MJ,,1019,160,Elastic-1019-3-ID160-20x-7.czi,tissue,CELL_Elastic-1019-3-ID160-20x-7.czi,Historical drive ingest 2026 (drive3_MJesus-MFB); project / researcher / operator / subject decided per file before ingest (tasks/drive3_czi_gate.md). Claim: CONFIRMED.,8787ec442c543a8ab9e5b1e2a2e7d861df40a741563d8295fe945acff73f77d5,CONFIRMED,,
drive3_MJesus-MFB/Microscopio/Microscopio- MJesus Sanchez 2023/Machos viejos-1019-3/1019-3 Elastic/Elastic-1019-3-ID160-20x-8.czi,AE-biomaGUNE-1019,MJ,,1019,160,Elastic-1019-3-ID160-20x-8.czi,tissue,CELL_Elastic-1019-3-ID160-20x-8.czi,Historical drive ingest 2026 (drive3_MJesus-MFB); project / researcher / operator / subject decided per file before ingest (tasks/drive3_czi_gate.md). Claim: CONFIRMED.,127439219639d679de6b8e62959682666cfdd225708d06933cb8e6ed461ee287,CONFIRMED,,
drive3_MJesus-MFB/Microscopio/Microscopio- MJesus Sanchez 2023/Machos viejos-1019-3/1019-3 Elastic/Elastic-1019-3-ID160-20x-9.czi,AE-biomaGUNE-1019,MJ,,1019,160,Elastic-1019-3-ID160-20x-9.czi,tissue,CELL_Elastic-1019-3-ID160-20x-9.czi,Historical drive ingest 2026 (drive3_MJesus-MFB); project / researcher / operator / subject decided per file before ingest (tasks/drive3_czi_gate.md). Claim: CONFIRMED.,b0fd3c27de6db5209ba5f757de0d5710f4648ab1c003d6b01ac804b055cdcae6,CONFIRMED,,
drive3_MJesus-MFB/Microscopio/Microscopio- MJesus Sanchez 2023/Machos viejos-1019-3/1019-3 Elastic/Elastic-1019-3-ID162-20x-1.czi,AE-biomaGUNE-1019,MJ,,1019,162,Elastic-1019-3-ID162-20x-1.czi,tissue,CELL_Elastic-1019-3-ID162-20x-1.czi,Historical drive ingest 2026 (drive3_MJesus-MFB); project / researcher / operator / subject decided per file before ingest (tasks/drive3_czi_gate.md). Claim: CONFIRMED.,54f8a3c9d863671dfc4578a0c246e1d1c9b10e6ef5634958f64b4d6fc3efa63f,CONFIRMED,,
drive3_MJesus-MFB/Microscopio/Microscopio- MJesus Sanchez 2023/Machos viejos-1019-3/1019-3 Elastic/Elastic-1019-3-ID162-20x-2.czi,AE-biomaGUNE-1019,MJ,,1019,162,Elastic-1019-3-ID162-20x-2.czi,tissue,CELL_Elastic-1019-3-ID162-20x-2.czi,Historical drive ingest 2026 (drive3_MJesus-MFB); project / researcher / operator / subject decided per file before ingest (tasks/drive3_czi_gate.md). Claim: CONFIRMED.,9c446ba16278a7d922e070ba79aa9f13a41816a0302d20f8aa09c26c816d7e91,CONFIRMED,,
drive3_MJesus-MFB/Microscopio/Microscopio- MJesus Sanchez 2023/Machos viejos-1019-3/1019-3 Elastic/Elastic-1019-3-ID162-20x-3.czi,AE-biomaGUNE-1019,MJ,,1019,162,Elastic-1019-3-ID162-20x-3.czi,tissue,CELL_Elastic-1019-3-ID162-20x-3.czi,Historical drive ingest 2026 (drive3_MJesus-MFB); project / researcher / operator / subject decided per file before ingest (tasks/drive3_czi_gate.md). Claim: CONFIRMED.,91bbe8aedd1aac778e09fb78fde2425737ca18e3bef996f161228bc688641e6d,CONFIRMED,,
drive3_MJesus-MFB/Microscopio/Microscopio- MJesus Sanchez 2023/Machos viejos-1019-3/1019-3 Elastic/Elastic-1019-3-ID162-20x-4.czi,AE-biomaGUNE-1019,MJ,,1019,162,Elastic-1019-3-ID162-20x-4.czi,tissue,CELL_Elastic-1019-3-ID162-20x-4.czi,Historical drive ingest 2026 (drive3_MJesus-MFB); project / researcher / operator / subject decided per file before ingest (tasks/drive3_czi_gate.md). Claim: CONFIRMED.,7bf7c88017d9acab929ce29898a2bc0849b3f62e42a440fdc8cdf1e91163dce9,CONFIRMED,,
drive3_MJesus-MFB/Microscopio/Microscopio- MJesus Sanchez 2023/Machos viejos-1019-3/1019-3 Elastic/Elastic-1019-3-ID162-20x-5.czi,AE-biomaGUNE-1019,MJ,,1019,162,Elastic-1019-3-ID162-20x-5.czi,tissue,CELL_Elastic-1019-3-ID162-20x-5.czi,Historical drive ingest 2026 (drive3_MJesus-MFB); project / researcher / operator / subject decided per file before ingest (tasks/drive3_czi_gate.md). Claim: CONFIRMED.,46ac12672ed8131800c6a32b672f6081d7036f047ee8977e9153cb353d8f4a27,CONFIRMED,,
drive3_MJesus-MFB/Microscopio/Microscopio- MJesus Sanchez 2023/Machos viejos-1019-3/1019-3 Elastic/Elastic-1019-3-ID162-20x-6.czi,AE-biomaGUNE-1019,MJ,,1019,162,Elastic-1019-3-ID162-20x-6.czi,tissue,CELL_Elastic-1019-3-ID162-20x-6.czi,Historical drive ingest 2026 (drive3_MJesus-MFB); project / researcher / operator / subject decided per file before ingest (tasks/drive3_czi_gate.md). Claim: CONFIRMED.,346c0f6988d36affb9c993bc15d472943c2cf8978eff783bed9c1911cb728883,CONFIRMED,,
drive3_MJesus-MFB/Microscopio/Microscopio- MJesus Sanchez 2023/Machos viejos-1019-3/1019-3 Elastic/Elastic-1019-3-ID162-20x-7.czi,AE-biomaGUNE-1019,MJ,,1019,162,Elastic-1019-3-ID162-20x-7.czi,tissue,CELL_Elastic-1019-3-ID162-20x-7.czi,Historical drive ingest 2026 (drive3_MJesus-MFB); project / researcher / operator / subject decided per file before ingest (tasks/drive3_czi_gate.md). Claim: CONFIRMED.,faec5a2f7205122b8c372c78b3bc47b431bdb04a8319715b1fbbdf1a73f7196a,CONFIRMED,,
drive3_MJesus-MFB/Microscopio/Microscopio- MJesus Sanchez 2023/Machos viejos-1019-3/1019-3 Elastic/Elastic-1019-3-ID162-20x-8.czi,AE-biomaGUNE-1019,MJ,,1019,162,Elastic-1019-3-ID162-20x-8.czi,tissue,CELL_Elastic-1019-3-ID162-20x-8.czi,Historical drive ingest 2026 (drive3_MJesus-MFB); project / researcher / operator / subject decided per file before ingest (tasks/drive3_czi_gate.md). Claim: CONFIRMED.,86e2dd4a63f0a231fb22510426f90538949431662ea5f5e5e151488f8daefac7,CONFIRMED,,
drive3_MJesus-MFB/Microscopio/Microscopio- MJesus Sanchez 2023/Machos viejos-1019-3/1019-3 H&E/ID160-1019-LV-HE-20X-2.czi,AE-biomaGUNE-1019,MJ,,1019,160,ID160-1019-LV-HE-20X-2.czi,tissue,CELL_ID160-1019-LV-HE-20X-2.czi,Historical drive ingest 2026 (drive3_MJesus-MFB); project / researcher / operator / subject decided per file before ingest (tasks/drive3_czi_gate.md). Claim: CONFIRMED.,f91c65b45a3a163d692cab1b591839da1dd8d6a167037bca1d3f46c7993681b2,CONFIRMED,,
drive3_MJesus-MFB/Microscopio/Microscopio- MJesus Sanchez 2023/Machos viejos-1019-3/1019-3 H&E/ID160-1019-Lung-HE-20X-1.czi,AE-biomaGUNE-1019,MJ,,1019,160,ID160-1019-Lung-HE-20X-1.czi,tissue,CELL_ID160-1019-Lung-HE-20X-1.czi,Historical drive ingest 2026 (drive3_MJesus-MFB); project / researcher / operator / subject decided per file before ingest (tasks/drive3_czi_gate.md). Claim: CONFIRMED.,a8e3ae88c4cf6f0592dc3d92b40a4cfdc09b7a3f790941d9d1dd5da3d60b9814,CONFIRMED,,
drive3_MJesus-MFB/Microscopio/Microscopio- MJesus Sanchez 2023/Machos viejos-1019-3/1019-3 H&E/ID160-1019-Lung-HE-20X-2.czi,AE-biomaGUNE-1019,MJ,,1019,160,ID160-1019-Lung-HE-20X-2.czi,tissue,CELL_ID160-1019-Lung-HE-20X-2.czi,Historical drive ingest 2026 (drive3_MJesus-MFB); project / researcher / operator / subject decided per file before ingest (tasks/drive3_czi_gate.md). Claim: CONFIRMED.,a21de3e398deed07588f0212e9fe83be0e2fec0e1f207ca55eb2e20d1442df15,CONFIRMED,,
drive3_MJesus-MFB/Microscopio/Microscopio- MJesus Sanchez 2023/Machos viejos-1019-3/1019-3 H&E/ID160-1019-Lung-HE-20X-3.czi,AE-biomaGUNE-1019,MJ,,1019,160,ID160-1019-Lung-HE-20X-3.czi,tissue,CELL_ID160-1019-Lung-HE-20X-3.czi,Historical drive ingest 2026 (drive3_MJesus-MFB); project / researcher / operator / subject decided per file before ingest (tasks/drive3_czi_gate.md). Claim: CONFIRMED.,4f06a5cbbdc4cb99e645278e9407de513db573b64c294bb2914d350422e20d2c,CONFIRMED,,
drive3_MJesus-MFB/Microscopio/Microscopio- MJesus Sanchez 2023/Machos viejos-1019-3/1019-3 H&E/ID160-1019-Lung-HE-20X-4.czi,AE-biomaGUNE-1019,MJ,,1019,160,ID160-1019-Lung-HE-20X-4.czi,tissue,CELL_ID160-1019-Lung-HE-20X-4.czi,Historical drive ingest 2026 (drive3_MJesus-MFB); project / researcher / operator / subject decided per file before ingest (tasks/drive3_czi_gate.md). Claim: CONFIRMED.,0aa3cffb243b9cee0d165b95c8eef54abecddc6a04bb43a653a085b9aa71e8c4,CONFIRMED,,
drive3_MJesus-MFB/Microscopio/Microscopio- MJesus Sanchez 2023/Machos viejos-1019-3/1019-3 H&E/ID160-1019-RV-HE-20X-1.czi,AE-biomaGUNE-1019,MJ,,1019,160,ID160-1019-RV-HE-20X-1.czi,tissue,CELL_ID160-1019-RV-HE-20X-1.czi,Historical drive ingest 2026 (drive3_MJesus-MFB); project / researcher / operator / subject decided per file before ingest (tasks/drive3_czi_gate.md). Claim: CONFIRMED.,01f6e356dc67627c7a59c337421c723b737d5c6b88b1056a6aba87a176f7e5c6,CONFIRMED,,
drive3_MJesus-MFB/Microscopio/Microscopio- MJesus Sanchez 2023/Machos viejos-1019-3/1019-3 H&E/ID160-1019-RV-HE-20X-2.czi,AE-biomaGUNE-1019,MJ,,1019,160,ID160-1019-RV-HE-20X-2.czi,tissue,CELL_ID160-1019-RV-HE-20X-2.czi,Historical drive ingest 2026 (drive3_MJesus-MFB); project / researcher / operator / subject decided per file before ingest (tasks/drive3_czi_gate.md). Claim: CONFIRMED.,84c52fc84c708ac8d57e3945812a17b83e14b563467e39def54d831a746d38de,CONFIRMED,,
drive3_MJesus-MFB/Microscopio/Microscopio- MJesus Sanchez 2023/Machos viejos-1019-3/1019-3 H&E/ID161-1019-LV-HE-20X-1.czi,AE-biomaGUNE-1019,MJ,,1019,161,ID161-1019-LV-HE-20X-1.czi,tissue,CELL_ID161-1019-LV-HE-20X-1.czi,Historical drive ingest 2026 (drive3_MJesus-MFB); project / researcher / operator / subject decided per file before ingest (tasks/drive3_czi_gate.md). Claim: CONFIRMED.,1823e75db537e2378bb0248b9e25b413500ae10a5b33572aef12b6a8d45e4b8d,CONFIRMED,,
drive3_MJesus-MFB/Microscopio/Microscopio- MJesus Sanchez 2023/Machos viejos-1019-3/1019-3 H&E/ID161-1019-LV-HE-20X-2.czi,AE-biomaGUNE-1019,MJ,,1019,161,ID161-1019-LV-HE-20X-2.czi,tissue,CELL_ID161-1019-LV-HE-20X-2.czi,Historical drive ingest 2026 (drive3_MJesus-MFB); project / researcher / operator / subject decided per file before ingest (tasks/drive3_czi_gate.md). Claim: CONFIRMED.,d438d31e6337bbcb3594c0a1700c4e2ce4784293ac7aab0528f406f29480ab85,CONFIRMED,,
drive3_MJesus-MFB/Microscopio/Microscopio- MJesus Sanchez 2023/Machos viejos-1019-3/1019-3 H&E/ID161-1019-Lung-HE-20X-2.czi,AE-biomaGUNE-1019,MJ,,1019,161,ID161-1019-Lung-HE-20X-2.czi,tissue,CELL_ID161-1019-Lung-HE-20X-2.czi,Historical drive ingest 2026 (drive3_MJesus-MFB); project / researcher / operator / subject decided per file before ingest (tasks/drive3_czi_gate.md). Claim: CONFIRMED.,ca4ac2eeca52c25c3a0adf9e9a17890e29becee29df0ed1af8fcf85617b0654e,CONFIRMED,,
drive3_MJesus-MFB/Microscopio/Microscopio- MJesus Sanchez 2023/Machos viejos-1019-3/1019-3 H&E/ID161-1019-Lung-HE-20X-3.czi,AE-biomaGUNE-1019,MJ,,1019,161,ID161-1019-Lung-HE-20X-3.czi,tissue,CELL_ID161-1019-Lung-HE-20X-3.czi,Historical drive ingest 2026 (drive3_MJesus-MFB); project / researcher / operator / subject decided per file before ingest (tasks/drive3_czi_gate.md). Claim: CONFIRMED.,f5cdf4c24ef896edfa32fd36704765626750141205eef94d29f1fa0666d646d7,CONFIRMED,,
drive3_MJesus-MFB/Microscopio/Microscopio- MJesus Sanchez 2023/Machos viejos-1019-3/1019-3 H&E/ID161-1019-Lung-HE-20X-4.czi,AE-biomaGUNE-1019,MJ,,1019,161,ID161-1019-Lung-HE-20X-4.czi,tissue,CELL_ID161-1019-Lung-HE-20X-4.czi,Historical drive ingest 2026 (drive3_MJesus-MFB); project / researcher / operator / subject decided per file before ingest (tasks/drive3_czi_gate.md). Claim: CONFIRMED.,846463cadf3ebc170b9a4bb862669f377737415662a1be0dbb8c9ec4f2ffc122,CONFIRMED,,
drive3_MJesus-MFB/Microscopio/Microscopio- MJesus Sanchez 2023/Machos viejos-1019-3/1019-3 H&E/ID161-1019-Lung-HE-20X-5.czi,AE-biomaGUNE-1019,MJ,,1019,161,ID161-1019-Lung-HE-20X-5.czi,tissue,CELL_ID161-1019-Lung-HE-20X-5.czi,Historical drive ingest 2026 (drive3_MJesus-MFB); project / researcher / operator / subject decided per file before ingest (tasks/drive3_czi_gate.md). Claim: CONFIRMED.,d2e8cafbb3494e241e1eb74ee4c14e765f17d8c030e3b57ca8249afa95fca315,CONFIRMED,,
drive3_MJesus-MFB/Microscopio/Microscopio- MJesus Sanchez 2023/Machos viejos-1019-3/1019-3 H&E/ID161-1019-RV-HE-20X-1.czi,AE-biomaGUNE-1019,MJ,,1019,161,ID161-1019-RV-HE-20X-1.czi,tissue,CELL_ID161-1019-RV-HE-20X-1.czi,Historical drive ingest 2026 (drive3_MJesus-MFB); project / researcher / operator / subject decided per file before ingest (tasks/drive3_czi_gate.md). Claim: CONFIRMED.,2da08ed580635417d5547d15121b3e191c51329fa771c90b6ad23d623956b8d7,CONFIRMED,,
drive3_MJesus-MFB/Microscopio/Microscopio- MJesus Sanchez 2023/Machos viejos-1019-3/1019-3 H&E/ID161-1019-RV-HE-20X-2.czi,AE-biomaGUNE-1019,MJ,,1019,161,ID161-1019-RV-HE-20X-2.czi,tissue,CELL_ID161-1019-RV-HE-20X-2.czi,Historical drive ingest 2026 (drive3_MJesus-MFB); project / researcher / operator / subject decided per file before ingest (tasks/drive3_czi_gate.md). Claim: CONFIRMED.,343b981ef5020990c275bff25be16c4b2220ba44d9c15fac623a4189a314786c,CONFIRMED,,
drive3_MJesus-MFB/Microscopio/Microscopio- MJesus Sanchez 2023/Machos viejos-1019-3/1019-3 H&E/ID162-1019-LV-HE-20X-1.czi,AE-biomaGUNE-1019,MJ,,1019,162,ID162-1019-LV-HE-20X-1.czi,tissue,CELL_ID162-1019-LV-HE-20X-1.czi,Historical drive ingest 2026 (drive3_MJesus-MFB); project / researcher / operator / subject decided per file before ingest (tasks/drive3_czi_gate.md). Claim: CONFIRMED.,ccaeaf61f475188b580fb0be96fa1cc8dcee473cb80ceff1bd3dd8effc1a7bbe,CONFIRMED,,
drive3_MJesus-MFB/Microscopio/Microscopio- MJesus Sanchez 2023/Machos viejos-1019-3/1019-3 H&E/ID162-1019-LV-HE-20X-2.czi,AE-biomaGUNE-1019,MJ,,1019,162,ID162-1019-LV-HE-20X-2.czi,tissue,CELL_ID162-1019-LV-HE-20X-2.czi,Historical drive ingest 2026 (drive3_MJesus-MFB); project / researcher / operator / subject decided per file before ingest (tasks/drive3_czi_gate.md). Claim: CONFIRMED.,37d45b5a951d265288c080644cb49ddd88a15eddc8e2a9f62a6fbbcc1d3f15d2,CONFIRMED,,
drive3_MJesus-MFB/Microscopio/Microscopio- MJesus Sanchez 2023/Machos viejos-1019-3/1019-3 H&E/ID162-1019-Lung-HE-20X-1.czi,AE-biomaGUNE-1019,MJ,,1019,162,ID162-1019-Lung-HE-20X-1.czi,tissue,CELL_ID162-1019-Lung-HE-20X-1.czi,Historical drive ingest 2026 (drive3_MJesus-MFB); project / researcher / operator / subject decided per file before ingest (tasks/drive3_czi_gate.md). Claim: CONFIRMED.,1ce835a0810d1ea8b796610ef5f333f5eeae6e9555d03e026f08bd00d9a744f6,CONFIRMED,,
drive3_MJesus-MFB/Microscopio/Microscopio- MJesus Sanchez 2023/Machos viejos-1019-3/1019-3 H&E/ID162-1019-Lung-HE-20X-2.czi,AE-biomaGUNE-1019,MJ,,1019,162,ID162-1019-Lung-HE-20X-2.czi,tissue,CELL_ID162-1019-Lung-HE-20X-2.czi,Historical drive ingest 2026 (drive3_MJesus-MFB); project / researcher / operator / subject decided per file before ingest (tasks/drive3_czi_gate.md). Claim: CONFIRMED.,dcb2ed45e922908f96751d3910e675d67a70992ebcf6ff052368a173c63c5eb6,CONFIRMED,,
drive3_MJesus-MFB/Microscopio/Microscopio- MJesus Sanchez 2023/Machos viejos-1019-3/1019-3 H&E/ID162-1019-Lung-HE-20X-3.czi,AE-biomaGUNE-1019,MJ,,1019,162,ID162-1019-Lung-HE-20X-3.czi,tissue,CELL_ID162-1019-Lung-HE-20X-3.czi,Historical drive ingest 2026 (drive3_MJesus-MFB); project / researcher / operator / subject decided per file before ingest (tasks/drive3_czi_gate.md). Claim: CONFIRMED.,5a6fd28d5cffa109833e32be16e4c4249b8671bc48684cc41c09cdfa2d6f2839,CONFIRMED,,
drive3_MJesus-MFB/Microscopio/Microscopio- MJesus Sanchez 2023/Machos viejos-1019-3/1019-3 H&E/ID162-1019-Lung-HE-20X-4.czi,AE-biomaGUNE-1019,MJ,,1019,162,ID162-1019-Lung-HE-20X-4.czi,tissue,CELL_ID162-1019-Lung-HE-20X-4.czi,Historical drive ingest 2026 (drive3_MJesus-MFB); project / researcher / operator / subject decided per file before ingest (tasks/drive3_czi_gate.md). Claim: CONFIRMED.,6e6426aaedebd422b6e05990491ba29135ff5a6f942949fad264b94941a10308,CONFIRMED,,
drive3_MJesus-MFB/Microscopio/Microscopio- MJesus Sanchez 2023/Machos viejos-1019-3/1019-3 H&E/ID162-1019-RV-HE-20X-1.czi,AE-biomaGUNE-1019,MJ,,1019,162,ID162-1019-RV-HE-20X-1.czi,tissue,CELL_ID162-1019-RV-HE-20X-1.czi,Historical drive ingest 2026 (drive3_MJesus-MFB); project / researcher / operator / subject decided per file before ingest (tasks/drive3_czi_gate.md). Claim: CONFIRMED.,67870128511819d0df845bf88ba1033effcab44b44627318bb74d83d312b58af,CONFIRMED,,
drive3_MJesus-MFB/Microscopio/Microscopio- MJesus Sanchez 2023/Machos viejos-1019-3/1019-3 H&E/ID162-1019-RV-HE-20X-2.czi,AE-biomaGUNE-1019,MJ,,1019,162,ID162-1019-RV-HE-20X-2.czi,tissue,CELL_ID162-1019-RV-HE-20X-2.czi,Historical drive ingest 2026 (drive3_MJesus-MFB); project / researcher / operator / subject decided per file before ingest (tasks/drive3_czi_gate.md). Claim: CONFIRMED.,677067dd0c0a4b33b10ed976a87301c52c443bf51dded35d389a04f59e21b46c,CONFIRMED,,
drive3_MJesus-MFB/Microscopio/Microscopio- MJesus Sanchez 2023/Machos viejos-1019-3/1019-3 H&E/ID167-1019-LV-HE-20X-1.czi,AE-biomaGUNE-1019,MJ,,1019,167,ID167-1019-LV-HE-20X-1.czi,tissue,CELL_ID167-1019-LV-HE-20X-1.czi,Historical drive ingest 2026 (drive3_MJesus-MFB); project / researcher / operator / subject decided per file before ingest (tasks/drive3_czi_gate.md). Claim: CONFIRMED.,be8a7fd083fbb61f675e1c3b13523d5bcc30d0dbea94922d10eb65f56d28f2d4,CONFIRMED,,
drive3_MJesus-MFB/Microscopio/Microscopio- MJesus Sanchez 2023/Machos viejos-1019-3/1019-3 H&E/ID167-1019-Lung-HE-20X-1.czi,AE-biomaGUNE-1019,MJ,,1019,167,ID167-1019-Lung-HE-20X-1.czi,tissue,CELL_ID167-1019-Lung-HE-20X-1.czi,Historical drive ingest 2026 (drive3_MJesus-MFB); project / researcher / operator / subject decided per file before ingest (tasks/drive3_czi_gate.md). Claim: CONFIRMED.,20772c15aa74f440ade306662b3221714a684384196d7f0b359e9584203edf17,CONFIRMED,,
drive3_MJesus-MFB/Microscopio/Microscopio- MJesus Sanchez 2023/Machos viejos-1019-3/1019-3 H&E/ID167-1019-Lung-HE-20X-2.czi,AE-biomaGUNE-1019,MJ,,1019,167,ID167-1019-Lung-HE-20X-2.czi,tissue,CELL_ID167-1019-Lung-HE-20X-2.czi,Historical drive ingest 2026 (drive3_MJesus-MFB); project / researcher / operator / subject decided per file before ingest (tasks/drive3_czi_gate.md). Claim: CONFIRMED.,02c9cff31a1acbf221b2a69cdf15f7fdf014227900e7969f41b0b48f5756d8d9,CONFIRMED,,
drive3_MJesus-MFB/Microscopio/Microscopio- MJesus Sanchez 2023/Machos viejos-1019-3/1019-3 H&E/ID167-1019-Lung-HE-20X-3.czi,AE-biomaGUNE-1019,MJ,,1019,167,ID167-1019-Lung-HE-20X-3.czi,tissue,CELL_ID167-1019-Lung-HE-20X-3.czi,Historical drive ingest 2026 (drive3_MJesus-MFB); project / researcher / operator / subject decided per file before ingest (tasks/drive3_czi_gate.md). Claim: CONFIRMED.,36478e7530351cada19eddbe6a88777aa128f2f58a98f74c009594116ca2169f,CONFIRMED,,
drive3_MJesus-MFB/Microscopio/Microscopio- MJesus Sanchez 2023/Machos viejos-1019-3/1019-3 H&E/ID167-1019-Lung-HE-20X-4.czi,AE-biomaGUNE-1019,MJ,,1019,167,ID167-1019-Lung-HE-20X-4.czi,tissue,CELL_ID167-1019-Lung-HE-20X-4.czi,Historical drive ingest 2026 (drive3_MJesus-MFB); project / researcher / operator / subject decided per file before ingest (tasks/drive3_czi_gate.md). Claim: CONFIRMED.,b4aaf94976c9936d0302c6d91721986775cc55bc35eb671aa20b16acca6ed800,CONFIRMED,,
drive3_MJesus-MFB/Microscopio/Microscopio- MJesus Sanchez 2023/Machos viejos-1019-3/1019-3 H&E/ID167-1019-Lung-HE-20X-5.czi,AE-biomaGUNE-1019,MJ,,1019,167,ID167-1019-Lung-HE-20X-5.czi,tissue,CELL_ID167-1019-Lung-HE-20X-5.czi,Historical drive ingest 2026 (drive3_MJesus-MFB); project / researcher / operator / subject decided per file before ingest (tasks/drive3_czi_gate.md). Claim: CONFIRMED.,2823111721becd33930cd9ca1756634752ab4acbe79a1a58b3cfe78c74b8cc05,CONFIRMED,,
drive3_MJesus-MFB/Microscopio/Microscopio- MJesus Sanchez 2023/Machos viejos-1019-3/1019-3 H&E/ID167-1019-RV-HE-20X-1.czi,AE-biomaGUNE-1019,MJ,,1019,167,ID167-1019-RV-HE-20X-1.czi,tissue,CELL_ID167-1019-RV-HE-20X-1.czi,Historical drive ingest 2026 (drive3_MJesus-MFB); project / researcher / operator / subject decided per file before ingest (tasks/drive3_czi_gate.md). Claim: CONFIRMED.,85d30d371d2171e5c45cfbee246f7d4cc824ce9a568d5058442d466571fc0a2e,CONFIRMED,,
drive3_MJesus-MFB/Microscopio/Microscopio- MJesus Sanchez 2023/Machos viejos-1019-3/1019-3 H&E/ID168-1019-LV-HE-20X-1.czi,AE-biomaGUNE-1019,MJ,,1019,168,ID168-1019-LV-HE-20X-1.czi,tissue,CELL_ID168-1019-LV-HE-20X-1.czi,Historical drive ingest 2026 (drive3_MJesus-MFB); project / researcher / operator / subject decided per file before ingest (tasks/drive3_czi_gate.md). Claim: CONFIRMED.,cd099f765b1bb6aac4f433f47822729aa464964640f005670de2754e7c36d602,CONFIRMED,,
drive3_MJesus-MFB/Microscopio/Microscopio- MJesus Sanchez 2023/Machos viejos-1019-3/1019-3 H&E/ID168-1019-Lung-HE-20X-1.czi,AE-biomaGUNE-1019,MJ,,1019,168,ID168-1019-Lung-HE-20X-1.czi,tissue,CELL_ID168-1019-Lung-HE-20X-1.czi,Historical drive ingest 2026 (drive3_MJesus-MFB); project / researcher / operator / subject decided per file before ingest (tasks/drive3_czi_gate.md). Claim: CONFIRMED.,2afde23c14b8318a3b547e50f6288b723848c0cc03966a6db6e9e810a43098e4,CONFIRMED,,
drive3_MJesus-MFB/Microscopio/Microscopio- MJesus Sanchez 2023/Machos viejos-1019-3/1019-3 H&E/ID168-1019-Lung-HE-20X-2.czi,AE-biomaGUNE-1019,MJ,,1019,168,ID168-1019-Lung-HE-20X-2.czi,tissue,CELL_ID168-1019-Lung-HE-20X-2.czi,Historical drive ingest 2026 (drive3_MJesus-MFB); project / researcher / operator / subject decided per file before ingest (tasks/drive3_czi_gate.md). Claim: CONFIRMED.,024d2dc865347e8c29ab2643b618960e1cdc141373d4be6836a4cda83f54a1a1,CONFIRMED,,
drive3_MJesus-MFB/Microscopio/Microscopio- MJesus Sanchez 2023/Machos viejos-1019-3/1019-3 H&E/ID168-1019-Lung-HE-20X-3.czi,AE-biomaGUNE-1019,MJ,,1019,168,ID168-1019-Lung-HE-20X-3.czi,tissue,CELL_ID168-1019-Lung-HE-20X-3.czi,Historical drive ingest 2026 (drive3_MJesus-MFB); project / researcher / operator / subject decided per file before ingest (tasks/drive3_czi_gate.md). Claim: CONFIRMED.,1a1825067543303ffa54617a8354d6fd497452361e56f8e2dc0235efdb70b274,CONFIRMED,,
drive3_MJesus-MFB/Microscopio/Microscopio- MJesus Sanchez 2023/Machos viejos-1019-3/1019-3 H&E/ID168-1019-Lung-HE-20X-4.czi,AE-biomaGUNE-1019,MJ,,1019,168,ID168-1019-Lung-HE-20X-4.czi,tissue,CELL_ID168-1019-Lung-HE-20X-4.czi,Historical drive ingest 2026 (drive3_MJesus-MFB); project / researcher / operator / subject decided per file before ingest (tasks/drive3_czi_gate.md). Claim: CONFIRMED.,a9c307de8ca6d6aedf5ccc9b1ae4b2ac88303bd792a9a5ea061fbbbe532044a9,CONFIRMED,,
drive3_MJesus-MFB/Microscopio/Microscopio- MJesus Sanchez 2023/Machos viejos-1019-3/1019-3 H&E/ID168-1019-Lung-HE-20X-5.czi,AE-biomaGUNE-1019,MJ,,1019,168,ID168-1019-Lung-HE-20X-5.czi,tissue,CELL_ID168-1019-Lung-HE-20X-5.czi,Historical drive ingest 2026 (drive3_MJesus-MFB); project / researcher / operator / subject decided per file before ingest (tasks/drive3_czi_gate.md). Claim: CONFIRMED.,78c14101c144f73558b85f5371b8bc8184992bd333be1f53cb50820af6e3c386,CONFIRMED,,
drive3_MJesus-MFB/Microscopio/Microscopio- MJesus Sanchez 2023/Machos viejos-1019-3/1019-3 H&E/ID168-1019-Lung-HE-20X-6.czi,AE-biomaGUNE-1019,MJ,,1019,168,ID168-1019-Lung-HE-20X-6.czi,tissue,CELL_ID168-1019-Lung-HE-20X-6.czi,Historical drive ingest 2026 (drive3_MJesus-MFB); project / researcher / operator / subject decided per file before ingest (tasks/drive3_czi_gate.md). Claim: CONFIRMED.,da393b54e5b271698b051adb34a37cc0bee53923e8a658ad79973103e88060d5,CONFIRMED,,
drive3_MJesus-MFB/Microscopio/Microscopio- MJesus Sanchez 2023/Machos viejos-1019-3/1019-3 H&E/ID168-1019-RV-HE-20X-1.czi,AE-biomaGUNE-1019,MJ,,1019,168,ID168-1019-RV-HE-20X-1.czi,tissue,CELL_ID168-1019-RV-HE-20X-1.czi,Historical drive ingest 2026 (drive3_MJesus-MFB); project / researcher / operator / subject decided per file before ingest (tasks/drive3_czi_gate.md). Claim: CONFIRMED.,96802c5de2323a336bd77536b719084820f58ac5679c1e60df4c7b923389eb33,CONFIRMED,,
drive3_MJesus-MFB/Microscopio/Microscopio- MJesus Sanchez 2023/Machos viejos-1019-3/1019-3 H&E/ID169-1019-LV-HE-20X-1.czi,AE-biomaGUNE-1019,MJ,,1019,169,ID169-1019-LV-HE-20X-1.czi,tissue,CELL_ID169-1019-LV-HE-20X-1.czi,Historical drive ingest 2026 (drive3_MJesus-MFB); project / researcher / operator / subject decided per file before ingest (tasks/drive3_czi_gate.md). Claim: CONFIRMED.,9ff81fc46c00587b0d455ea15024fbdc3fbb7052cca37cbbcd3916b550cf8fe0,CONFIRMED,,
drive3_MJesus-MFB/Microscopio/Microscopio- MJesus Sanchez 2023/Machos viejos-1019-3/1019-3 H&E/ID169-1019-Lung-HE-20X-1.czi,AE-biomaGUNE-1019,MJ,,1019,169,ID169-1019-Lung-HE-20X-1.czi,tissue,CELL_ID169-1019-Lung-HE-20X-1.czi,Historical drive ingest 2026 (drive3_MJesus-MFB); project / researcher / operator / subject decided per file before ingest (tasks/drive3_czi_gate.md). Claim: CONFIRMED.,01d8fc5abfe9142f4f1cc0e8c126176d064b5e9d07d5d1826c5fbe21b0e16891,CONFIRMED,,
drive3_MJesus-MFB/Microscopio/Microscopio- MJesus Sanchez 2023/Machos viejos-1019-3/1019-3 H&E/ID169-1019-Lung-HE-20X-2.czi,AE-biomaGUNE-1019,MJ,,1019,169,ID169-1019-Lung-HE-20X-2.czi,tissue,CELL_ID169-1019-Lung-HE-20X-2.czi,Historical drive ingest 2026 (drive3_MJesus-MFB); project / researcher / operator / subject decided per file before ingest (tasks/drive3_czi_gate.md). Claim: CONFIRMED.,a79b4280d1e41acc1a04e2652aeb2caf536e7de39e04e4de352cf316677442fd,CONFIRMED,,
drive3_MJesus-MFB/Microscopio/Microscopio- MJesus Sanchez 2023/Machos viejos-1019-3/1019-3 H&E/ID169-1019-Lung-HE-20X-3.czi,AE-biomaGUNE-1019,MJ,,1019,169,ID169-1019-Lung-HE-20X-3.czi,tissue,CELL_ID169-1019-Lung-HE-20X-3.czi,Historical drive ingest 2026 (drive3_MJesus-MFB); project / researcher / operator / subject decided per file before ingest (tasks/drive3_czi_gate.md). Claim: CONFIRMED.,0beb5ced381549c3b2fb49510865f3e73989115a8458e180a32091ae4780ee9e,CONFIRMED,,
drive3_MJesus-MFB/Microscopio/Microscopio- MJesus Sanchez 2023/Machos viejos-1019-3/1019-3 H&E/ID169-1019-Lung-HE-20X-4.czi,AE-biomaGUNE-1019,MJ,,1019,169,ID169-1019-Lung-HE-20X-4.czi,tissue,CELL_ID169-1019-Lung-HE-20X-4.czi,Historical drive ingest 2026 (drive3_MJesus-MFB); project / researcher / operator / subject decided per file before ingest (tasks/drive3_czi_gate.md). Claim: CONFIRMED.,49f5d830d3c9d2128fb5f1c7452bc5793880b559c6d33bed745c20a34ec4ca25,CONFIRMED,,
drive3_MJesus-MFB/Microscopio/Microscopio- MJesus Sanchez 2023/Machos viejos-1019-3/1019-3 H&E/ID169-1019-Lung-HE-20X-5.czi,AE-biomaGUNE-1019,MJ,,1019,169,ID169-1019-Lung-HE-20X-5.czi,tissue,CELL_ID169-1019-Lung-HE-20X-5.czi,Historical drive ingest 2026 (drive3_MJesus-MFB); project / researcher / operator / subject decided per file before ingest (tasks/drive3_czi_gate.md). Claim: CONFIRMED.,d15343dfb2b940112359a5942b5e1c26d343486d27a67b519fcb586b781f66f1,CONFIRMED,,
drive3_MJesus-MFB/Microscopio/Microscopio- MJesus Sanchez 2023/Machos viejos-1019-3/1019-3 H&E/ID169-1019-RV-HE-20X-1.czi,AE-biomaGUNE-1019,MJ,,1019,169,ID169-1019-RV-HE-20X-1.czi,tissue,CELL_ID169-1019-RV-HE-20X-1.czi,Historical drive ingest 2026 (drive3_MJesus-MFB); project / researcher / operator / subject decided per file before ingest (tasks/drive3_czi_gate.md). Claim: CONFIRMED.,5aa9a90a47b81e94259e0cae21c63fd989b29c9ad1bc0a1fb8a926f4d20c5258,CONFIRMED,,
drive3_MJesus-MFB/Microscopio/Microscopio- MJesus Sanchez 2023/Machos viejos-1019-3/1019-3 Masson/Heart/ID160-Masson-20xLV1-1.czi,AE-biomaGUNE-1019,MJ,,1019,160,ID160-Masson-20xLV1-1.czi,tissue,CELL_ID160-Masson-20xLV1-1.czi,Historical drive ingest 2026 (drive3_MJesus-MFB); project / researcher / operator / subject decided per file before ingest (tasks/drive3_czi_gate.md). Claim: CONFIRMED.,02b77f7bc3f11327942597dc6615bfdb79a0f1271f4cdb56c81ef08d41866941,CONFIRMED,,
drive3_MJesus-MFB/Microscopio/Microscopio- MJesus Sanchez 2023/Machos viejos-1019-3/1019-3 Masson/Heart/ID160-Masson-20xRV1-1.czi,AE-biomaGUNE-1019,MJ,,1019,160,ID160-Masson-20xRV1-1.czi,tissue,CELL_ID160-Masson-20xRV1-1.czi,Historical drive ingest 2026 (drive3_MJesus-MFB); project / researcher / operator / subject decided per file before ingest (tasks/drive3_czi_gate.md). Claim: CONFIRMED.,a7d783b635b8f74dc3342735f7c53672f0e6b0b4c73800708d85f9b62e021671,CONFIRMED,,
drive3_MJesus-MFB/Microscopio/Microscopio- MJesus Sanchez 2023/Machos viejos-1019-3/1019-3 Masson/Heart/ID160-Masson-20xRV2-1.czi,AE-biomaGUNE-1019,MJ,,1019,160,ID160-Masson-20xRV2-1.czi,tissue,CELL_ID160-Masson-20xRV2-1.czi,Historical drive ingest 2026 (drive3_MJesus-MFB); project / researcher / operator / subject decided per file before ingest (tasks/drive3_czi_gate.md). Claim: CONFIRMED.,98d81121cadd316c97945a450ca84fd450022b51118df7790dff8b0d7d7107a0,CONFIRMED,,
drive3_MJesus-MFB/Microscopio/Microscopio- MJesus Sanchez 2023/Machos viejos-1019-3/1019-3 Masson/Heart/ID161-Masson-20xLV1-1.czi,AE-biomaGUNE-1019,MJ,,1019,161,ID161-Masson-20xLV1-1.czi,tissue,CELL_ID161-Masson-20xLV1-1.czi,Historical drive ingest 2026 (drive3_MJesus-MFB); project / researcher / operator / subject decided per file before ingest (tasks/drive3_czi_gate.md). Claim: CONFIRMED.,79af16efdd62a254180ef236fd82c605d793545ba433d18127a6b93845d477e7,CONFIRMED,,
drive3_MJesus-MFB/Microscopio/Microscopio- MJesus Sanchez 2023/Machos viejos-1019-3/1019-3 Masson/Heart/ID161-Masson-20xLV1-2.czi,AE-biomaGUNE-1019,MJ,,1019,161,ID161-Masson-20xLV1-2.czi,tissue,CELL_ID161-Masson-20xLV1-2.czi,Historical drive ingest 2026 (drive3_MJesus-MFB); project / researcher / operator / subject decided per file before ingest (tasks/drive3_czi_gate.md). Claim: CONFIRMED.,5b8e498138c2fe6d5c53b97125e24459c0bf112cd5fff2e489c19247d970e014,CONFIRMED,,
drive3_MJesus-MFB/Microscopio/Microscopio- MJesus Sanchez 2023/Machos viejos-1019-3/1019-3 Masson/Heart/ID161-Masson-20xLV1-3.czi,AE-biomaGUNE-1019,MJ,,1019,161,ID161-Masson-20xLV1-3.czi,tissue,CELL_ID161-Masson-20xLV1-3.czi,Historical drive ingest 2026 (drive3_MJesus-MFB); project / researcher / operator / subject decided per file before ingest (tasks/drive3_czi_gate.md). Claim: CONFIRMED.,c33cabf8ff486fead5cb11edc7ca932999d8333bd393d3b9aa35c8bc055de10d,CONFIRMED,,
drive3_MJesus-MFB/Microscopio/Microscopio- MJesus Sanchez 2023/Machos viejos-1019-3/1019-3 Masson/Heart/ID161-Masson-20xRV1-1.czi,AE-biomaGUNE-1019,MJ,,1019,161,ID161-Masson-20xRV1-1.czi,tissue,CELL_ID161-Masson-20xRV1-1.czi,Historical drive ingest 2026 (drive3_MJesus-MFB); project / researcher / operator / subject decided per file before ingest (tasks/drive3_czi_gate.md). Claim: CONFIRMED.,1f20b75832bdc91ccf8abfd22cf83d4bba385ff306f97f10a2836db58a16b616,CONFIRMED,,
drive3_MJesus-MFB/Microscopio/Microscopio- MJesus Sanchez 2023/Machos viejos-1019-3/1019-3 Masson/Heart/ID161-Masson-20xRV1-2.czi,AE-biomaGUNE-1019,MJ,,1019,161,ID161-Masson-20xRV1-2.czi,tissue,CELL_ID161-Masson-20xRV1-2.czi,Historical drive ingest 2026 (drive3_MJesus-MFB); project / researcher / operator / subject decided per file before ingest (tasks/drive3_czi_gate.md). Claim: CONFIRMED.,50bffb307137adc4711fabeaa4a2416e6a9ab2780cae71c2109c72d280ac1753,CONFIRMED,,
drive3_MJesus-MFB/Microscopio/Microscopio- MJesus Sanchez 2023/Machos viejos-1019-3/1019-3 Masson/Heart/ID161-Masson-20xRV1-3.czi,AE-biomaGUNE-1019,MJ,,1019,161,ID161-Masson-20xRV1-3.czi,tissue,CELL_ID161-Masson-20xRV1-3.czi,Historical drive ingest 2026 (drive3_MJesus-MFB); project / researcher / operator / subject decided per file before ingest (tasks/drive3_czi_gate.md). Claim: CONFIRMED.,ce6246dabeb56b43bac4c49d0ca397723afa24c9c2821c5a4f5066301b37a16d,CONFIRMED,,
drive3_MJesus-MFB/Microscopio/Microscopio- MJesus Sanchez 2023/Machos viejos-1019-3/1019-3 Masson/Heart/ID161-Masson-20xRV1-4.czi,AE-biomaGUNE-1019,MJ,,1019,161,ID161-Masson-20xRV1-4.czi,tissue,CELL_ID161-Masson-20xRV1-4.czi,Historical drive ingest 2026 (drive3_MJesus-MFB); project / researcher / operator / subject decided per file before ingest (tasks/drive3_czi_gate.md). Claim: CONFIRMED.,89e707fec45eb6e5178f3d198e923db0480dd42f7ef2fed361d3ed6382d6be94,CONFIRMED,,
drive3_MJesus-MFB/Microscopio/Microscopio- MJesus Sanchez 2023/Machos viejos-1019-3/1019-3 Masson/Heart/ID162-Masson-20xLV-1.czi,AE-biomaGUNE-1019,MJ,,1019,162,ID162-Masson-20xLV-1.czi,tissue,CELL_ID162-Masson-20xLV-1.czi,Historical drive ingest 2026 (drive3_MJesus-MFB); project / researcher / operator / subject decided per file before ingest (tasks/drive3_czi_gate.md). Claim: CONFIRMED.,b39ed481fa749e11521c6f9fae0634f4b8557f4c1c9d4b629b70a3be9775ecc1,CONFIRMED,,
drive3_MJesus-MFB/Microscopio/Microscopio- MJesus Sanchez 2023/Machos viejos-1019-3/1019-3 Masson/Heart/ID162-Masson-20xLV-2.czi,AE-biomaGUNE-1019,MJ,,1019,162,ID162-Masson-20xLV-2.czi,tissue,CELL_ID162-Masson-20xLV-2.czi,Historical drive ingest 2026 (drive3_MJesus-MFB); project / researcher / operator / subject decided per file before ingest (tasks/drive3_czi_gate.md). Claim: CONFIRMED.,9a466ad4fee0cb7d9a5042afc96ea66be780758bad20422594f81c7aad6aee46,CONFIRMED,,
drive3_MJesus-MFB/Microscopio/Microscopio- MJesus Sanchez 2023/Machos viejos-1019-3/1019-3 Masson/Heart/ID162-Masson-20xLV-3.czi,AE-biomaGUNE-1019,MJ,,1019,162,ID162-Masson-20xLV-3.czi,tissue,CELL_ID162-Masson-20xLV-3.czi,Historical drive ingest 2026 (drive3_MJesus-MFB); project / researcher / operator / subject decided per file before ingest (tasks/drive3_czi_gate.md). Claim: CONFIRMED.,2e0425a7e134ebfa038a8ad349e7978a906eefaecd29445cf29dbcb2271516de,CONFIRMED,,
drive3_MJesus-MFB/Microscopio/Microscopio- MJesus Sanchez 2023/Machos viejos-1019-3/1019-3 Masson/Heart/ID162-Masson-20xLV-4.czi,AE-biomaGUNE-1019,MJ,,1019,162,ID162-Masson-20xLV-4.czi,tissue,CELL_ID162-Masson-20xLV-4.czi,Historical drive ingest 2026 (drive3_MJesus-MFB); project / researcher / operator / subject decided per file before ingest (tasks/drive3_czi_gate.md). Claim: CONFIRMED.,403826c1b98704c476df4a016d95c564473ab12f8ddef77144d940bcc9fe0994,CONFIRMED,,
drive3_MJesus-MFB/Microscopio/Microscopio- MJesus Sanchez 2023/Machos viejos-1019-3/1019-3 Masson/Heart/ID162-Masson-20xRV-1.czi,AE-biomaGUNE-1019,MJ,,1019,162,ID162-Masson-20xRV-1.czi,tissue,CELL_ID162-Masson-20xRV-1.czi,Historical drive ingest 2026 (drive3_MJesus-MFB); project / researcher / operator / subject decided per file before ingest (tasks/drive3_czi_gate.md). Claim: CONFIRMED.,811959ea9ac032c6059d73dd9e81c7535bf757fc2a656fd71b848884b7bdcb48,CONFIRMED,,
drive3_MJesus-MFB/Microscopio/Microscopio- MJesus Sanchez 2023/Machos viejos-1019-3/1019-3 Masson/Heart/ID162-Masson-20xRV-2.czi,AE-biomaGUNE-1019,MJ,,1019,162,ID162-Masson-20xRV-2.czi,tissue,CELL_ID162-Masson-20xRV-2.czi,Historical drive ingest 2026 (drive3_MJesus-MFB); project / researcher / operator / subject decided per file before ingest (tasks/drive3_czi_gate.md). Claim: CONFIRMED.,6c4c908b869e57741b9422998914f7c71681d219bd9253c82b98280ce65ffb67,CONFIRMED,,
drive3_MJesus-MFB/Microscopio/Microscopio- MJesus Sanchez 2023/Machos viejos-1019-3/1019-3 Masson/Heart/ID162-Masson-20xRV-3.czi,AE-biomaGUNE-1019,MJ,,1019,162,ID162-Masson-20xRV-3.czi,tissue,CELL_ID162-Masson-20xRV-3.czi,Historical drive ingest 2026 (drive3_MJesus-MFB); project / researcher / operator / subject decided per file before ingest (tasks/drive3_czi_gate.md). Claim: CONFIRMED.,5a2386e5f30b0318e9e38f87506ea820128dec2d9e2923b97ef3ec131ca0bd61,CONFIRMED,,
drive3_MJesus-MFB/Microscopio/Microscopio- MJesus Sanchez 2023/Machos viejos-1019-3/1019-3 Masson/Heart/ID167-Masson-20xLV-1.czi,AE-biomaGUNE-1019,MJ,,1019,167,ID167-Masson-20xLV-1.czi,tissue,CELL_ID167-Masson-20xLV-1.czi,Historical drive ingest 2026 (drive3_MJesus-MFB); project / researcher / operator / subject decided per file before ingest (tasks/drive3_czi_gate.md). Claim: CONFIRMED.,7e588910e0c733220468cc48cee7836b289c9c4855e999413b71ef695688d546,CONFIRMED,,
drive3_MJesus-MFB/Microscopio/Microscopio- MJesus Sanchez 2023/Machos viejos-1019-3/1019-3 Masson/Heart/ID167-Masson-20xLV-2.czi,AE-biomaGUNE-1019,MJ,,1019,167,ID167-Masson-20xLV-2.czi,tissue,CELL_ID167-Masson-20xLV-2.czi,Historical drive ingest 2026 (drive3_MJesus-MFB); project / researcher / operator / subject decided per file before ingest (tasks/drive3_czi_gate.md). Claim: CONFIRMED.,0d5bb75cf8975aefe02f76bc2ba3c003e3f2210238b4c5dcaca0418cc94e3914,CONFIRMED,,
drive3_MJesus-MFB/Microscopio/Microscopio- MJesus Sanchez 2023/Machos viejos-1019-3/1019-3 Masson/Heart/ID167-Masson-20xLV-3.czi,AE-biomaGUNE-1019,MJ,,1019,167,ID167-Masson-20xLV-3.czi,tissue,CELL_ID167-Masson-20xLV-3.czi,Historical drive ingest 2026 (drive3_MJesus-MFB); project / researcher / operator / subject decided per file before ingest (tasks/drive3_czi_gate.md). Claim: CONFIRMED.,4fd7813252838c65e4a93763aa3186cd38949aaea4b7a094f37be8ecea14bb37,CONFIRMED,,
drive3_MJesus-MFB/Microscopio/Microscopio- MJesus Sanchez 2023/Machos viejos-1019-3/1019-3 Masson/Heart/ID167-Masson-20xRV-1.czi,AE-biomaGUNE-1019,MJ,,1019,167,ID167-Masson-20xRV-1.czi,tissue,CELL_ID167-Masson-20xRV-1.czi,Historical drive ingest 2026 (drive3_MJesus-MFB); project / researcher / operator / subject decided per file before ingest (tasks/drive3_czi_gate.md). Claim: CONFIRMED.,0b9a84315cf36b1068d6a162a4417fdf98234574985c2470cc14d19ce4765ec2,CONFIRMED,,
drive3_MJesus-MFB/Microscopio/Microscopio- MJesus Sanchez 2023/Machos viejos-1019-3/1019-3 Masson/Heart/ID167-Masson-20xRV-2.czi,AE-biomaGUNE-1019,MJ,,1019,167,ID167-Masson-20xRV-2.czi,tissue,CELL_ID167-Masson-20xRV-2.czi,Historical drive ingest 2026 (drive3_MJesus-MFB); project / researcher / operator / subject decided per file before ingest (tasks/drive3_czi_gate.md). Claim: CONFIRMED.,259db4c9d2a4de0a811379dc10e06ff0054fcb6b29daf020d958842ad518ba76,CONFIRMED,,
drive3_MJesus-MFB/Microscopio/Microscopio- MJesus Sanchez 2023/Machos viejos-1019-3/1019-3 Masson/Heart/ID168-Masson-20xLV1-1.czi,AE-biomaGUNE-1019,MJ,,1019,168,ID168-Masson-20xLV1-1.czi,tissue,CELL_ID168-Masson-20xLV1-1.czi,Historical drive ingest 2026 (drive3_MJesus-MFB); project / researcher / operator / subject decided per file before ingest (tasks/drive3_czi_gate.md). Claim: CONFIRMED.,2dedb87c610424b0e025b33d6871d460826a19bbde23185edae180b4f56713ae,CONFIRMED,,
drive3_MJesus-MFB/Microscopio/Microscopio- MJesus Sanchez 2023/Machos viejos-1019-3/1019-3 Masson/Heart/ID168-Masson-20xLV1-2.czi,AE-biomaGUNE-1019,MJ,,1019,168,ID168-Masson-20xLV1-2.czi,tissue,CELL_ID168-Masson-20xLV1-2.czi,Historical drive ingest 2026 (drive3_MJesus-MFB); project / researcher / operator / subject decided per file before ingest (tasks/drive3_czi_gate.md). Claim: CONFIRMED.,844cfffcf8b1fb1f932802ea339c47792eb9767c773cd2e3982601e9cdf79121,CONFIRMED,,
drive3_MJesus-MFB/Microscopio/Microscopio- MJesus Sanchez 2023/Machos viejos-1019-3/1019-3 Masson/Heart/ID168-Masson-20xRV-2.czi,AE-biomaGUNE-1019,MJ,,1019,168,ID168-Masson-20xRV-2.czi,tissue,CELL_ID168-Masson-20xRV-2.czi,Historical drive ingest 2026 (drive3_MJesus-MFB); project / researcher / operator / subject decided per file before ingest (tasks/drive3_czi_gate.md). Claim: CONFIRMED.,bc5a05a0ec5db1cdb7167c9b102dbbf2f7857801cc2c40f184165dc884297ba7,CONFIRMED,,
drive3_MJesus-MFB/Microscopio/Microscopio- MJesus Sanchez 2023/Machos viejos-1019-3/1019-3 Masson/Heart/ID168-Masson-20xRV1-1.czi,AE-biomaGUNE-1019,MJ,,1019,168,ID168-Masson-20xRV1-1.czi,tissue,CELL_ID168-Masson-20xRV1-1.czi,Historical drive ingest 2026 (drive3_MJesus-MFB); project / researcher / operator / subject decided per file before ingest (tasks/drive3_czi_gate.md). Claim: CONFIRMED.,b069a47e4268145b5daa9e1f14d6df292b4a262f06892875c1413e93680c9938,CONFIRMED,,
drive3_MJesus-MFB/Microscopio/Microscopio- MJesus Sanchez 2023/Machos viejos-1019-3/1019-3 Masson/Heart/ID169-Masson-20xLV1.czi,AE-biomaGUNE-1019,MJ,,1019,169,ID169-Masson-20xLV1.czi,tissue,CELL_ID169-Masson-20xLV1.czi,Historical drive ingest 2026 (drive3_MJesus-MFB); project / researcher / operator / subject decided per file before ingest (tasks/drive3_czi_gate.md). Claim: CONFIRMED.,1a74e875660a6b4ed3ceed30903d5c46bcbc5b3d5d3a5600a333de179b089d45,CONFIRMED,,
drive3_MJesus-MFB/Microscopio/Microscopio- MJesus Sanchez 2023/Machos viejos-1019-3/1019-3 Masson/Heart/ID169-Masson-20xRV1.czi,AE-biomaGUNE-1019,MJ,,1019,169,ID169-Masson-20xRV1.czi,tissue,CELL_ID169-Masson-20xRV1.czi,Historical drive ingest 2026 (drive3_MJesus-MFB); project / researcher / operator / subject decided per file before ingest (tasks/drive3_czi_gate.md). Claim: CONFIRMED.,872ab09485e6dbbf8cf3b174c6fa9bc69442f802b7040848c9cabc880e9b3687,CONFIRMED,,
drive3_MJesus-MFB/Microscopio/Microscopio- MJesus Sanchez 2023/Machos viejos-1019-3/1019-3 Masson/Lungs/ID160-Masson-20xlung-1.czi,AE-biomaGUNE-1019,MJ,,1019,160,ID160-Masson-20xlung-1.czi,tissue,CELL_ID160-Masson-20xlung-1.czi,Historical drive ingest 2026 (drive3_MJesus-MFB); project / researcher / operator / subject decided per file before ingest (tasks/drive3_czi_gate.md). Claim: CONFIRMED.,73dc36ca69d55a72d6138ce3322ed24aa503b739e0600b8cac50ca8fb8308402,CONFIRMED,,
drive3_MJesus-MFB/Microscopio/Microscopio- MJesus Sanchez 2023/Machos viejos-1019-3/1019-3 Masson/Lungs/ID160-Masson-20xlung-2.czi,AE-biomaGUNE-1019,MJ,,1019,160,ID160-Masson-20xlung-2.czi,tissue,CELL_ID160-Masson-20xlung-2.czi,Historical drive ingest 2026 (drive3_MJesus-MFB); project / researcher / operator / subject decided per file before ingest (tasks/drive3_czi_gate.md). Claim: CONFIRMED.,5fe6a37f4361b6b1059d027f1a6fb0187c851e4f3b8013e7508068952fe63229,CONFIRMED,,
drive3_MJesus-MFB/Microscopio/Microscopio- MJesus Sanchez 2023/Machos viejos-1019-3/1019-3 Masson/Lungs/ID160-Masson-20xlung-3.czi,AE-biomaGUNE-1019,MJ,,1019,160,ID160-Masson-20xlung-3.czi,tissue,CELL_ID160-Masson-20xlung-3.czi,Historical drive ingest 2026 (drive3_MJesus-MFB); project / researcher / operator / subject decided per file before ingest (tasks/drive3_czi_gate.md). Claim: CONFIRMED.,5b769de6fc52730293bb84bb514ce5211c68d37587f4ea14b8d5cff7a17c1f12,CONFIRMED,,
drive3_MJesus-MFB/Microscopio/Microscopio- MJesus Sanchez 2023/Machos viejos-1019-3/1019-3 Masson/Lungs/ID161-Masson-20xlung--4bis.czi,AE-biomaGUNE-1019,MJ,,1019,161,ID161-Masson-20xlung--4bis.czi,tissue,CELL_ID161-Masson-20xlung--4bis.czi,Historical drive ingest 2026 (drive3_MJesus-MFB); project / researcher / operator / subject decided per file before ingest (tasks/drive3_czi_gate.md). Claim: CONFIRMED.,d3dc80fd12753e48fbbf27795d330b5c71f908c11ec4ca5609d8332971c69a76,CONFIRMED,,
drive3_MJesus-MFB/Microscopio/Microscopio- MJesus Sanchez 2023/Machos viejos-1019-3/1019-3 Masson/Lungs/ID161-Masson-20xlung-1.czi,AE-biomaGUNE-1019,MJ,,1019,161,ID161-Masson-20xlung-1.czi,tissue,CELL_ID161-Masson-20xlung-1.czi,Historical drive ingest 2026 (drive3_MJesus-MFB); project / researcher / operator / subject decided per file before ingest (tasks/drive3_czi_gate.md). Claim: CONFIRMED.,c0560815ba99bbfedaf4efd26a8eb72b084763d0ff539982d3e9dac0d48e3a4f,CONFIRMED,,
drive3_MJesus-MFB/Microscopio/Microscopio- MJesus Sanchez 2023/Machos viejos-1019-3/1019-3 Masson/Lungs/ID161-Masson-20xlung-2.czi,AE-biomaGUNE-1019,MJ,,1019,161,ID161-Masson-20xlung-2.czi,tissue,CELL_ID161-Masson-20xlung-2.czi,Historical drive ingest 2026 (drive3_MJesus-MFB); project / researcher / operator / subject decided per file before ingest (tasks/drive3_czi_gate.md). Claim: CONFIRMED.,cccf3f59ba3afafc12a84f0826204a301fb0b03c60bc804e3a71d9adcd0f3ac2,CONFIRMED,,
drive3_MJesus-MFB/Microscopio/Microscopio- MJesus Sanchez 2023/Machos viejos-1019-3/1019-3 Masson/Lungs/ID161-Masson-20xlung-3.czi,AE-biomaGUNE-1019,MJ,,1019,161,ID161-Masson-20xlung-3.czi,tissue,CELL_ID161-Masson-20xlung-3.czi,Historical drive ingest 2026 (drive3_MJesus-MFB); project / researcher / operator / subject decided per file before ingest (tasks/drive3_czi_gate.md). Claim: CONFIRMED.,a37d96edd587acb6f46a5263a8319349ca828e648e32c9643935729c893612d7,CONFIRMED,,
drive3_MJesus-MFB/Microscopio/Microscopio- MJesus Sanchez 2023/Machos viejos-1019-3/1019-3 Masson/Lungs/ID161-Masson-20xlung-4.czi,AE-biomaGUNE-1019,MJ,,1019,161,ID161-Masson-20xlung-4.czi,tissue,CELL_ID161-Masson-20xlung-4.czi,Historical drive ingest 2026 (drive3_MJesus-MFB); project / researcher / operator / subject decided per file before ingest (tasks/drive3_czi_gate.md). Claim: CONFIRMED.,b8727c9646f8ec5056efbb94b98c3fe26164b0c412e6ff7f776a3c08ae77b182,CONFIRMED,,
drive3_MJesus-MFB/Microscopio/Microscopio- MJesus Sanchez 2023/Machos viejos-1019-3/1019-3 Masson/Lungs/ID162-Masson-20xlung-1.czi,AE-biomaGUNE-1019,MJ,,1019,162,ID162-Masson-20xlung-1.czi,tissue,CELL_ID162-Masson-20xlung-1.czi,Historical drive ingest 2026 (drive3_MJesus-MFB); project / researcher / operator / subject decided per file before ingest (tasks/drive3_czi_gate.md). Claim: CONFIRMED.,8bd2993bc1f736e9bc16abf3d5d0bcb93af921d67f1aa9e4ab9fac177c379500,CONFIRMED,,
drive3_MJesus-MFB/Microscopio/Microscopio- MJesus Sanchez 2023/Machos viejos-1019-3/1019-3 Masson/Lungs/ID162-Masson-20xlung-2.czi,AE-biomaGUNE-1019,MJ,,1019,162,ID162-Masson-20xlung-2.czi,tissue,CELL_ID162-Masson-20xlung-2.czi,Historical drive ingest 2026 (drive3_MJesus-MFB); project / researcher / operator / subject decided per file before ingest (tasks/drive3_czi_gate.md). Claim: CONFIRMED.,412d2df01db4d5ddd42a1b7d16d7b46b550471c47a80054a05604307d6fee61d,CONFIRMED,,
drive3_MJesus-MFB/Microscopio/Microscopio- MJesus Sanchez 2023/Machos viejos-1019-3/1019-3 Masson/Lungs/ID162-Masson-20xlung-3.czi,AE-biomaGUNE-1019,MJ,,1019,162,ID162-Masson-20xlung-3.czi,tissue,CELL_ID162-Masson-20xlung-3.czi,Historical drive ingest 2026 (drive3_MJesus-MFB); project / researcher / operator / subject decided per file before ingest (tasks/drive3_czi_gate.md). Claim: CONFIRMED.,db013470d8964b151686c4d6076927b7d8a63f475b0748fe231664c16101fe37,CONFIRMED,,
drive3_MJesus-MFB/Microscopio/Microscopio- MJesus Sanchez 2023/Machos viejos-1019-3/1019-3 Masson/Lungs/ID162-Masson-20xlung-4.czi,AE-biomaGUNE-1019,MJ,,1019,162,ID162-Masson-20xlung-4.czi,tissue,CELL_ID162-Masson-20xlung-4.czi,Historical drive ingest 2026 (drive3_MJesus-MFB); project / researcher / operator / subject decided per file before ingest (tasks/drive3_czi_gate.md). Claim: CONFIRMED.,caf08932be8e403cbeb351b826efda7bd51e0ecc1c0a6af28f19a42d8a086feb,CONFIRMED,,
drive3_MJesus-MFB/Microscopio/Microscopio- MJesus Sanchez 2023/Machos viejos-1019-3/1019-3 Masson/Lungs/ID162-Masson-20xlung-5.czi,AE-biomaGUNE-1019,MJ,,1019,162,ID162-Masson-20xlung-5.czi,tissue,CELL_ID162-Masson-20xlung-5.czi,Historical drive ingest 2026 (drive3_MJesus-MFB); project / researcher / operator / subject decided per file before ingest (tasks/drive3_czi_gate.md). Claim: CONFIRMED.,a8e88444f3245df5f396a0081bb43ddf90706990d1287ee87afa5e4480d877a5,CONFIRMED,,
drive3_MJesus-MFB/Microscopio/Microscopio- MJesus Sanchez 2023/Machos viejos-1019-3/1019-3 Masson/Lungs/ID167-Masson-20xlung-1.czi,AE-biomaGUNE-1019,MJ,,1019,167,ID167-Masson-20xlung-1.czi,tissue,CELL_ID167-Masson-20xlung-1.czi,Historical drive ingest 2026 (drive3_MJesus-MFB); project / researcher / operator / subject decided per file before ingest (tasks/drive3_czi_gate.md). Claim: CONFIRMED.,79fa9008f5ea47264677fc3ea242f2194049f315bc542d8b81720476f3d5e095,CONFIRMED,,
drive3_MJesus-MFB/Microscopio/Microscopio- MJesus Sanchez 2023/Machos viejos-1019-3/1019-3 Masson/Lungs/ID167-Masson-20xlung-2.czi,AE-biomaGUNE-1019,MJ,,1019,167,ID167-Masson-20xlung-2.czi,tissue,CELL_ID167-Masson-20xlung-2.czi,Historical drive ingest 2026 (drive3_MJesus-MFB); project / researcher / operator / subject decided per file before ingest (tasks/drive3_czi_gate.md). Claim: CONFIRMED.,2762e293dad1a6af1f934ac39e2ef14d57007971dfb10cca8c5d83cc53cd15e4,CONFIRMED,,
drive3_MJesus-MFB/Microscopio/Microscopio- MJesus Sanchez 2023/Machos viejos-1019-3/1019-3 Masson/Lungs/ID167-Masson-20xlung-3.czi,AE-biomaGUNE-1019,MJ,,1019,167,ID167-Masson-20xlung-3.czi,tissue,CELL_ID167-Masson-20xlung-3.czi,Historical drive ingest 2026 (drive3_MJesus-MFB); project / researcher / operator / subject decided per file before ingest (tasks/drive3_czi_gate.md). Claim: CONFIRMED.,7da3b5cdc2c2bbf50dfbc81bf05bbf42fcc16ce501b549d1afc766c6c2249d81,CONFIRMED,,
drive3_MJesus-MFB/Microscopio/Microscopio- MJesus Sanchez 2023/Machos viejos-1019-3/1019-3 Masson/Lungs/ID167-Masson-20xlung-4.czi,AE-biomaGUNE-1019,MJ,,1019,167,ID167-Masson-20xlung-4.czi,tissue,CELL_ID167-Masson-20xlung-4.czi,Historical drive ingest 2026 (drive3_MJesus-MFB); project / researcher / operator / subject decided per file before ingest (tasks/drive3_czi_gate.md). Claim: CONFIRMED.,609573db88f9ac26e5dbf7ae93891ace19223fa419f05df0313d35eebf02ac39,CONFIRMED,,
drive3_MJesus-MFB/Microscopio/Microscopio- MJesus Sanchez 2023/Machos viejos-1019-3/1019-3 Masson/Lungs/ID167-Masson-20xlung-5.czi,AE-biomaGUNE-1019,MJ,,1019,167,ID167-Masson-20xlung-5.czi,tissue,CELL_ID167-Masson-20xlung-5.czi,Historical drive ingest 2026 (drive3_MJesus-MFB); project / researcher / operator / subject decided per file before ingest (tasks/drive3_czi_gate.md). Claim: CONFIRMED.,cef30777e823d3ac9f298fcc93fd554925295f0f6c7160709d0475e5f81e025c,CONFIRMED,,
drive3_MJesus-MFB/Microscopio/Microscopio- MJesus Sanchez 2023/Machos viejos-1019-3/1019-3 Masson/Lungs/ID168-Masson-20xlung-1.czi,AE-biomaGUNE-1019,MJ,,1019,168,ID168-Masson-20xlung-1.czi,tissue,CELL_ID168-Masson-20xlung-1.czi,Historical drive ingest 2026 (drive3_MJesus-MFB); project / researcher / operator / subject decided per file before ingest (tasks/drive3_czi_gate.md). Claim: CONFIRMED.,9648b3a7733536488b6deed64f9d3e85de9d61c89d261fa13df7f82a3b7e1675,CONFIRMED,,
drive3_MJesus-MFB/Microscopio/Microscopio- MJesus Sanchez 2023/Machos viejos-1019-3/1019-3 Masson/Lungs/ID168-Masson-20xlung-2.czi,AE-biomaGUNE-1019,MJ,,1019,168,ID168-Masson-20xlung-2.czi,tissue,CELL_ID168-Masson-20xlung-2.czi,Historical drive ingest 2026 (drive3_MJesus-MFB); project / researcher / operator / subject decided per file before ingest (tasks/drive3_czi_gate.md). Claim: CONFIRMED.,900392684783db44dc23fd909eb6e84ab1ebca33809a36660225d8bdca4ddecc,CONFIRMED,,
drive3_MJesus-MFB/Microscopio/Microscopio- MJesus Sanchez 2023/Machos viejos-1019-3/1019-3 Masson/Lungs/ID168-Masson-20xlung-3.czi,AE-biomaGUNE-1019,MJ,,1019,168,ID168-Masson-20xlung-3.czi,tissue,CELL_ID168-Masson-20xlung-3.czi,Historical drive ingest 2026 (drive3_MJesus-MFB); project / researcher / operator / subject decided per file before ingest (tasks/drive3_czi_gate.md). Claim: CONFIRMED.,91630f00233ec7c1754c6eac1d73a28dda9dcaffb14058dc5cc76be616b9ed33,CONFIRMED,,
drive3_MJesus-MFB/Microscopio/Microscopio- MJesus Sanchez 2023/Machos viejos-1019-3/1019-3 Masson/Lungs/ID168-Masson-20xlung-4.czi,AE-biomaGUNE-1019,MJ,,1019,168,ID168-Masson-20xlung-4.czi,tissue,CELL_ID168-Masson-20xlung-4.czi,Historical drive ingest 2026 (drive3_MJesus-MFB); project / researcher / operator / subject decided per file before ingest (tasks/drive3_czi_gate.md). Claim: CONFIRMED.,dd4b95fc8ca0b1f991c1a56e3877ad35226ebe311ccd511759251cec1c38babb,CONFIRMED,,
drive3_MJesus-MFB/Microscopio/Microscopio- MJesus Sanchez 2023/Machos viejos-1019-3/1019-3 Masson/Lungs/ID169-Masson-20xlung-1.czi,AE-biomaGUNE-1019,MJ,,1019,169,ID169-Masson-20xlung-1.czi,tissue,CELL_ID169-Masson-20xlung-1.czi,Historical drive ingest 2026 (drive3_MJesus-MFB); project / researcher / operator / subject decided per file before ingest (tasks/drive3_czi_gate.md). Claim: CONFIRMED.,b6870e3c5efe6421b491ee4b3b0b34923af86a25b7768633e87f09466f97067f,CONFIRMED,,
drive3_MJesus-MFB/Microscopio/Microscopio- MJesus Sanchez 2023/Machos viejos-1019-3/1019-3 Masson/Lungs/ID169-Masson-20xlung-2.czi,AE-biomaGUNE-1019,MJ,,1019,169,ID169-Masson-20xlung-2.czi,tissue,CELL_ID169-Masson-20xlung-2.czi,Historical drive ingest 2026 (drive3_MJesus-MFB); project / researcher / operator / subject decided per file before ingest (tasks/drive3_czi_gate.md). Claim: CONFIRMED.,78e161a42e274df19143b79dffc86dd58076c739ae18ae753d6ad2e2f3cbd6f8,CONFIRMED,,
drive3_MJesus-MFB/Microscopio/Microscopio- MJesus Sanchez 2023/Machos viejos-1019-3/1019-3 Masson/Lungs/ID169-Masson-20xlung-3.czi,AE-biomaGUNE-1019,MJ,,1019,169,ID169-Masson-20xlung-3.czi,tissue,CELL_ID169-Masson-20xlung-3.czi,Historical drive ingest 2026 (drive3_MJesus-MFB); project / researcher / operator / subject decided per file before ingest (tasks/drive3_czi_gate.md). Claim: CONFIRMED.,982a368c47d109e0130e0bfe8f81454ef28601b1860fdef7b7f5d95a5e2e3d54,CONFIRMED,,
drive3_MJesus-MFB/Microscopio/Microscopio- MJesus Sanchez 2023/Machos viejos-1019-3/1019-3 Masson/Lungs/ID169-Masson-20xlung-4.czi,AE-biomaGUNE-1019,MJ,,1019,169,ID169-Masson-20xlung-4.czi,tissue,CELL_ID169-Masson-20xlung-4.czi,Historical drive ingest 2026 (drive3_MJesus-MFB); project / researcher / operator / subject decided per file before ingest (tasks/drive3_czi_gate.md). Claim: CONFIRMED.,46ce277cd901f0e2f1fed7642721ff7ff2438ae1cc1e80a01fed83168d6cf026,CONFIRMED,,
drive3_MJesus-MFB/Microscopio/Microscopio- MJesus Sanchez 2023/Machos viejos-1019-3/1019-3 Masson/Lungs/ID169-Masson-20xlung-5.czi,AE-biomaGUNE-1019,MJ,,1019,169,ID169-Masson-20xlung-5.czi,tissue,CELL_ID169-Masson-20xlung-5.czi,Historical drive ingest 2026 (drive3_MJesus-MFB); project / researcher / operator / subject decided per file before ingest (tasks/drive3_czi_gate.md). Claim: CONFIRMED.,612a20232167ede24a8b2c29f65fbf68cff0be6a8812f6422a285e2b265dfa50,CONFIRMED,,
drive3_MJesus-MFB/Microscopio/Microscopio- MJesus Sanchez 2023/Machos viejos-1019-3/1019-3 Masson/Lungs/ID169-Masson-20xlung-6.czi,AE-biomaGUNE-1019,MJ,,1019,169,ID169-Masson-20xlung-6.czi,tissue,CELL_ID169-Masson-20xlung-6.czi,Historical drive ingest 2026 (drive3_MJesus-MFB); project / researcher / operator / subject decided per file before ingest (tasks/drive3_czi_gate.md). Claim: CONFIRMED.,7f209600765116983aa743bb4f9e5a2c6e0a6f32592039abd56becf92a52f13d,CONFIRMED,,
drive3_MJesus-MFB/Microscopio/Microscopio- MJesus Sanchez 2023/Machos viejos-1019-3/1019-3 Masson/Lungs/ID169-Masson-20xlung-7.czi,AE-biomaGUNE-1019,MJ,,1019,169,ID169-Masson-20xlung-7.czi,tissue,CELL_ID169-Masson-20xlung-7.czi,Historical drive ingest 2026 (drive3_MJesus-MFB); project / researcher / operator / subject decided per file before ingest (tasks/drive3_czi_gate.md). Claim: CONFIRMED.,e3874590d7e88ab9b04fb04fc65fde07254cef9c84613a235b8aa258e9657a44,CONFIRMED,,
drive3_MJesus-MFB/Microscopio/Microscopio- MJesus Sanchez 2023/Machos viejos-1019-3/1019-3 TOM20 and MTCO1/ID160_10x.czi,AE-biomaGUNE-1019,MJ,,1019,160,ID160_10x.czi,tissue,CELL_ID160_10x.czi,Historical drive ingest 2026 (drive3_MJesus-MFB); project / researcher / operator / subject decided per file before ingest (tasks/drive3_czi_gate.md). Claim: CONFIRMED.,bf3e863eb677cbe5b6435b9404da002c7b66f0676da541c50e25f284f3968cdb,CONFIRMED,,
drive3_MJesus-MFB/Microscopio/Microscopio- MJesus Sanchez 2023/Machos viejos-1019-3/1019-3 TOM20 and MTCO1/ID160_Control negativo.czi,AE-biomaGUNE-1019,MJ,,1019,160,ID160_Control negativo.czi,tissue,CELL_ID160_Control negativo.czi,Historical drive ingest 2026 (drive3_MJesus-MFB); project / researcher / operator / subject decided per file before ingest (tasks/drive3_czi_gate.md). Claim: CONFIRMED.,01752e9f28f72028a08fb0c7dfb251f37add99af830811a60bc35ea5b127eb30,CONFIRMED,,
drive3_MJesus-MFB/Microscopio/Microscopio- MJesus Sanchez 2023/Machos viejos-1019-3/1019-3 TOM20 and MTCO1/ID160_Snap.czi,AE-biomaGUNE-1019,MJ,,1019,160,ID160_Snap.czi,tissue,CELL_ID160_Snap.czi,Historical drive ingest 2026 (drive3_MJesus-MFB); project / researcher / operator / subject decided per file before ingest (tasks/drive3_czi_gate.md). Claim: CONFIRMED.,04b9f35526d3ea25d970adf08fff361dde387fd537672951cf6b6479a8094866,CONFIRMED,,
drive3_MJesus-MFB/Microscopio/Microscopio- MJesus Sanchez 2023/Machos viejos-1019-3/1019-3 TOM20 and MTCO1/ID161_10x.czi,AE-biomaGUNE-1019,MJ,,1019,161,ID161_10x.czi,tissue,CELL_ID161_10x.czi,Historical drive ingest 2026 (drive3_MJesus-MFB); project / researcher / operator / subject decided per file before ingest (tasks/drive3_czi_gate.md). Claim: CONFIRMED.,78c942b3fcf0d5c45f38f2a4acfd0cdac79015bc6378597ff1cb50e8e9adf06a,CONFIRMED,,
drive3_MJesus-MFB/Microscopio/Microscopio- MJesus Sanchez 2023/Machos viejos-1019-3/1019-3 TOM20 and MTCO1/ID161_Control negativo.czi,AE-biomaGUNE-1019,MJ,,1019,161,ID161_Control negativo.czi,tissue,CELL_ID161_Control negativo.czi,Historical drive ingest 2026 (drive3_MJesus-MFB); project / researcher / operator / subject decided per file before ingest (tasks/drive3_czi_gate.md). Claim: CONFIRMED.,b316e90fd36d7f7dbd8173ce9d504127ec402d192835678f452b99f5a1487a42,CONFIRMED,,
drive3_MJesus-MFB/Microscopio/Microscopio- MJesus Sanchez 2023/Machos viejos-1019-3/1019-3 TOM20 and MTCO1/ID161_Snap.czi,AE-biomaGUNE-1019,MJ,,1019,161,ID161_Snap.czi,tissue,CELL_ID161_Snap.czi,Historical drive ingest 2026 (drive3_MJesus-MFB); project / researcher / operator / subject decided per file before ingest (tasks/drive3_czi_gate.md). Claim: CONFIRMED.,8f82063faf201912c87962e0fb1b7edb62581c22a632ab983a00e6f856855f14,CONFIRMED,,
drive3_MJesus-MFB/Microscopio/Microscopio- MJesus Sanchez 2023/Machos viejos-1019-3/1019-3 TOM20 and MTCO1/ID162_10x.czi,AE-biomaGUNE-1019,MJ,,1019,162,ID162_10x.czi,tissue,CELL_ID162_10x.czi,Historical drive ingest 2026 (drive3_MJesus-MFB); project / researcher / operator / subject decided per file before ingest (tasks/drive3_czi_gate.md). Claim: CONFIRMED.,5a3d76122c2125c2bcba248c27f731152b4a60403e4dff63f61c695a65fce5e9,CONFIRMED,,
drive3_MJesus-MFB/Microscopio/Microscopio- MJesus Sanchez 2023/Machos viejos-1019-3/1019-3 TOM20 and MTCO1/ID162_10x_2.czi,AE-biomaGUNE-1019,MJ,,1019,162,ID162_10x_2.czi,tissue,CELL_ID162_10x_2.czi,Historical drive ingest 2026 (drive3_MJesus-MFB); project / researcher / operator / subject decided per file before ingest (tasks/drive3_czi_gate.md). Claim: CONFIRMED.,5e2bb7fe59bef875385cb9d1d2f83df27dd0a83b19e5af482b61503bc4e4fb33,CONFIRMED,,
drive3_MJesus-MFB/Microscopio/Microscopio- MJesus Sanchez 2023/Machos viejos-1019-3/1019-3 TOM20 and MTCO1/ID162_Control negativo.czi,AE-biomaGUNE-1019,MJ,,1019,162,ID162_Control negativo.czi,tissue,CELL_ID162_Control negativo.czi,Historical drive ingest 2026 (drive3_MJesus-MFB); project / researcher / operator / subject decided per file before ingest (tasks/drive3_czi_gate.md). Claim: CONFIRMED.,6d408984740ee50d310d2719e7cdda22cb0ecb62e420cc29d75066d8ca38b74b,CONFIRMED,,
drive3_MJesus-MFB/Microscopio/Microscopio- MJesus Sanchez 2023/Machos viejos-1019-3/1019-3 TOM20 and MTCO1/ID162_Snap.czi,AE-biomaGUNE-1019,MJ,,1019,162,ID162_Snap.czi,tissue,CELL_ID162_Snap.czi,Historical drive ingest 2026 (drive3_MJesus-MFB); project / researcher / operator / subject decided per file before ingest (tasks/drive3_czi_gate.md). Claim: CONFIRMED.,25d0dc9a12d16a69a3d18c696eae0b43f712ded6338e82264988e598cac97d2b,CONFIRMED,,
drive3_MJesus-MFB/Microscopio/Microscopio- MJesus Sanchez 2023/Machos viejos-1019-3/1019-3 TOM20 and MTCO1/ID162_Snap_2.czi,AE-biomaGUNE-1019,MJ,,1019,162,ID162_Snap_2.czi,tissue,CELL_ID162_Snap_2.czi,Historical drive ingest 2026 (drive3_MJesus-MFB); project / researcher / operator / subject decided per file before ingest (tasks/drive3_czi_gate.md). Claim: CONFIRMED.,209c17436c207cab1d18ea4547501a95914c3924b2439c59ab60caa215a96073,CONFIRMED,,
drive3_MJesus-MFB/Microscopio/Microscopio- MJesus Sanchez 2023/Machos viejos-1019-3/1019-3 TOM20 and MTCO1/ID162_Snap_3.czi,AE-biomaGUNE-1019,MJ,,1019,162,ID162_Snap_3.czi,tissue,CELL_ID162_Snap_3.czi,Historical drive ingest 2026 (drive3_MJesus-MFB); project / researcher / operator / subject decided per file before ingest (tasks/drive3_czi_gate.md). Claim: CONFIRMED.,50f303c5c4f6250ce5dddcdb6782d57cda55791fbfe32fedcf4384e386f45fe4,CONFIRMED,,
drive3_MJesus-MFB/Microscopio/Microscopio- MJesus Sanchez 2023/Machos viejos-1019-3/1019-3 TOM20 and MTCO1/ID167_10x.czi,AE-biomaGUNE-1019,MJ,,1019,167,ID167_10x.czi,tissue,CELL_ID167_10x.czi,Historical drive ingest 2026 (drive3_MJesus-MFB); project / researcher / operator / subject decided per file before ingest (tasks/drive3_czi_gate.md). Claim: CONFIRMED.,749a3f4051ee9b2f20a5c368c53194875f59b32cc264c51bac4427b80d3dec55,CONFIRMED,,
drive3_MJesus-MFB/Microscopio/Microscopio- MJesus Sanchez 2023/Machos viejos-1019-3/1019-3 TOM20 and MTCO1/ID167_Control negativo.czi,AE-biomaGUNE-1019,MJ,,1019,167,ID167_Control negativo.czi,tissue,CELL_ID167_Control negativo.czi,Historical drive ingest 2026 (drive3_MJesus-MFB); project / researcher / operator / subject decided per file before ingest (tasks/drive3_czi_gate.md). Claim: CONFIRMED.,55e3915bacd579e8bfbb05dd1dabd2d53ac441f796cc062a38d1eddf9ae6930a,CONFIRMED,,
drive3_MJesus-MFB/Microscopio/Microscopio- MJesus Sanchez 2023/Machos viejos-1019-3/1019-3 TOM20 and MTCO1/ID167_Snap.czi,AE-biomaGUNE-1019,MJ,,1019,167,ID167_Snap.czi,tissue,CELL_ID167_Snap.czi,Historical drive ingest 2026 (drive3_MJesus-MFB); project / researcher / operator / subject decided per file before ingest (tasks/drive3_czi_gate.md). Claim: CONFIRMED.,31deb192825ea843a794cd8e137cd88cb3874bb0a7a08e0a62b4e8703a03b0b1,CONFIRMED,,
drive3_MJesus-MFB/Microscopio/Microscopio- MJesus Sanchez 2023/Machos viejos-1019-3/1019-3 TOM20 and MTCO1/ID168_10x.czi,AE-biomaGUNE-1019,MJ,,1019,168,ID168_10x.czi,tissue,CELL_ID168_10x.czi,Historical drive ingest 2026 (drive3_MJesus-MFB); project / researcher / operator / subject decided per file before ingest (tasks/drive3_czi_gate.md). Claim: CONFIRMED.,e0329163c220f0669b3db64d50aaa5c32d8208e1a5002165235c125374e97a5f,CONFIRMED,,
drive3_MJesus-MFB/Microscopio/Microscopio- MJesus Sanchez 2023/Machos viejos-1019-3/1019-3 TOM20 and MTCO1/ID168_Control negativo.czi,AE-biomaGUNE-1019,MJ,,1019,168,ID168_Control negativo.czi,tissue,CELL_ID168_Control negativo.czi,Historical drive ingest 2026 (drive3_MJesus-MFB); project / researcher / operator / subject decided per file before ingest (tasks/drive3_czi_gate.md). Claim: CONFIRMED.,6135a50dd6d3725fe6927ec0e184d1ddd5c0f46fb9c1561c5bfa5719d32f4a1b,CONFIRMED,,
drive3_MJesus-MFB/Microscopio/Microscopio- MJesus Sanchez 2023/Machos viejos-1019-3/1019-3 TOM20 and MTCO1/ID168_Snap.czi,AE-biomaGUNE-1019,MJ,,1019,168,ID168_Snap.czi,tissue,CELL_ID168_Snap.czi,Historical drive ingest 2026 (drive3_MJesus-MFB); project / researcher / operator / subject decided per file before ingest (tasks/drive3_czi_gate.md). Claim: CONFIRMED.,8628e86b71b83fabd07efd0159073d1fab5383e128e208399493a2649061645e,CONFIRMED,,
drive3_MJesus-MFB/Microscopio/Microscopio- MJesus Sanchez 2023/Machos viejos-1019-3/1019-3 TOM20 and MTCO1/ID169_10x.czi,AE-biomaGUNE-1019,MJ,,1019,169,ID169_10x.czi,tissue,CELL_ID169_10x.czi,Historical drive ingest 2026 (drive3_MJesus-MFB); project / researcher / operator / subject decided per file before ingest (tasks/drive3_czi_gate.md). Claim: CONFIRMED.,c643a7f635d7d98753b3d6887de5d2f42c9498b0adcd089e956c4ceca0eead44,CONFIRMED,,
drive3_MJesus-MFB/Microscopio/Microscopio- MJesus Sanchez 2023/Machos viejos-1019-3/1019-3 TOM20 and MTCO1/ID169_Control negativo.czi,AE-biomaGUNE-1019,MJ,,1019,169,ID169_Control negativo.czi,tissue,CELL_ID169_Control negativo.czi,Historical drive ingest 2026 (drive3_MJesus-MFB); project / researcher / operator / subject decided per file before ingest (tasks/drive3_czi_gate.md). Claim: CONFIRMED.,331fe8c90b78058c075dae08919858416db0e129c416addfac70613c75fcaaca,CONFIRMED,,
drive3_MJesus-MFB/Microscopio/Microscopio- MJesus Sanchez 2023/Machos viejos-1019-3/1019-3 TOM20 and MTCO1/ID169_Snap.czi,AE-biomaGUNE-1019,MJ,,1019,169,ID169_Snap.czi,tissue,CELL_ID169_Snap.czi,Historical drive ingest 2026 (drive3_MJesus-MFB); project / researcher / operator / subject decided per file before ingest (tasks/drive3_czi_gate.md). Claim: CONFIRMED.,edee69e05bd5613bc6e718a0eb37d5acb9c96dfc64cb31bb56d9682ba4f531f8,CONFIRMED,,
drive3_MJesus-MFB/Microscopio/Microscopio- MJesus Sanchez 2023/Machos viejos-1019-3/1019-3 WGA/230607-ID160-1019-WGA-LV-1.czi,AE-biomaGUNE-1019,MJ,,1019,160,230607-ID160-1019-WGA-LV-1.czi,tissue,CELL_230607-ID160-1019-WGA-LV-1.czi,Historical drive ingest 2026 (drive3_MJesus-MFB); project / researcher / operator / subject decided per file before ingest (tasks/drive3_czi_gate.md). Claim: CONFIRMED.,9bec4fadfdf70e4861c68392b5a88e87ec36d31e1cdd317595b8221845f408a4,CONFIRMED,,
drive3_MJesus-MFB/Microscopio/Microscopio- MJesus Sanchez 2023/Machos viejos-1019-3/1019-3 WGA/230607-ID160-1019-WGA-LV-2.czi,AE-biomaGUNE-1019,MJ,,1019,160,230607-ID160-1019-WGA-LV-2.czi,tissue,CELL_230607-ID160-1019-WGA-LV-2.czi,Historical drive ingest 2026 (drive3_MJesus-MFB); project / researcher / operator / subject decided per file before ingest (tasks/drive3_czi_gate.md). Claim: CONFIRMED.,d096b0335f8f435944f2bd0ce8d3d00ca4acd70df53082f1f8a158e9e966b25b,CONFIRMED,,
drive3_MJesus-MFB/Microscopio/Microscopio- MJesus Sanchez 2023/Machos viejos-1019-3/1019-3 WGA/230607-ID160-1019-WGA-RV-1.czi,AE-biomaGUNE-1019,MJ,,1019,160,230607-ID160-1019-WGA-RV-1.czi,tissue,CELL_230607-ID160-1019-WGA-RV-1.czi,Historical drive ingest 2026 (drive3_MJesus-MFB); project / researcher / operator / subject decided per file before ingest (tasks/drive3_czi_gate.md). Claim: CONFIRMED.,eba636b19670778ecbaf0102c5d91aac6baae4b713ab6f4d35c23233fe114f7e,CONFIRMED,,
drive3_MJesus-MFB/Microscopio/Microscopio- MJesus Sanchez 2023/Machos viejos-1019-3/1019-3 WGA/230607-ID160-1019-WGA-RV-2.czi,AE-biomaGUNE-1019,MJ,,1019,160,230607-ID160-1019-WGA-RV-2.czi,tissue,CELL_230607-ID160-1019-WGA-RV-2.czi,Historical drive ingest 2026 (drive3_MJesus-MFB); project / researcher / operator / subject decided per file before ingest (tasks/drive3_czi_gate.md). Claim: CONFIRMED.,c62cef4b87e5b577f322984d6b7d3c41d9368bef5d0ab1d70b4dc26e226a3343,CONFIRMED,,
drive3_MJesus-MFB/Microscopio/Microscopio- MJesus Sanchez 2023/Machos viejos-1019-3/1019-3 WGA/230607-ID161-1019-WGA-LV-1.czi,AE-biomaGUNE-1019,MJ,,1019,161,230607-ID161-1019-WGA-LV-1.czi,tissue,CELL_230607-ID161-1019-WGA-LV-1.czi,Historical drive ingest 2026 (drive3_MJesus-MFB); project / researcher / operator / subject decided per file before ingest (tasks/drive3_czi_gate.md). Claim: CONFIRMED.,f527665aaa4fc18d96551d2ef4b10b88545fbddacbc3fb8e9d79d8fe23549f50,CONFIRMED,,
drive3_MJesus-MFB/Microscopio/Microscopio- MJesus Sanchez 2023/Machos viejos-1019-3/1019-3 WGA/230607-ID161-1019-WGA-LV-2.czi,AE-biomaGUNE-1019,MJ,,1019,161,230607-ID161-1019-WGA-LV-2.czi,tissue,CELL_230607-ID161-1019-WGA-LV-2.czi,Historical drive ingest 2026 (drive3_MJesus-MFB); project / researcher / operator / subject decided per file before ingest (tasks/drive3_czi_gate.md). Claim: CONFIRMED.,b692d7a4485c734169049835694a71384aed2e9b93d168be429d46febde63674,CONFIRMED,,
drive3_MJesus-MFB/Microscopio/Microscopio- MJesus Sanchez 2023/Machos viejos-1019-3/1019-3 WGA/230607-ID161-1019-WGA-LV-3.czi,AE-biomaGUNE-1019,MJ,,1019,161,230607-ID161-1019-WGA-LV-3.czi,tissue,CELL_230607-ID161-1019-WGA-LV-3.czi,Historical drive ingest 2026 (drive3_MJesus-MFB); project / researcher / operator / subject decided per file before ingest (tasks/drive3_czi_gate.md). Claim: CONFIRMED.,842dfa081a29dcb5aa750a712e2ac715e46616efd6d4a4f43996a66cde24aede,CONFIRMED,,
drive3_MJesus-MFB/Microscopio/Microscopio- MJesus Sanchez 2023/Machos viejos-1019-3/1019-3 WGA/230607-ID161-1019-WGA-RV-1.czi,AE-biomaGUNE-1019,MJ,,1019,161,230607-ID161-1019-WGA-RV-1.czi,tissue,CELL_230607-ID161-1019-WGA-RV-1.czi,Historical drive ingest 2026 (drive3_MJesus-MFB); project / researcher / operator / subject decided per file before ingest (tasks/drive3_czi_gate.md). Claim: CONFIRMED.,5532ebb1ce1c93f1a7f7a862562cc890f229860911283449742707274d0a4c55,CONFIRMED,,
drive3_MJesus-MFB/Microscopio/Microscopio- MJesus Sanchez 2023/Machos viejos-1019-3/1019-3 WGA/230607-ID161-1019-WGA-RV-2.czi,AE-biomaGUNE-1019,MJ,,1019,161,230607-ID161-1019-WGA-RV-2.czi,tissue,CELL_230607-ID161-1019-WGA-RV-2.czi,Historical drive ingest 2026 (drive3_MJesus-MFB); project / researcher / operator / subject decided per file before ingest (tasks/drive3_czi_gate.md). Claim: CONFIRMED.,357fa683fa8a20b0490e14a05b75cfa92fdcbe70f0c269e6970ca5e586602aad,CONFIRMED,,
drive3_MJesus-MFB/Microscopio/Microscopio- MJesus Sanchez 2023/Machos viejos-1019-3/1019-3 WGA/230607-ID161-1019-WGA-RV-3.czi,AE-biomaGUNE-1019,MJ,,1019,161,230607-ID161-1019-WGA-RV-3.czi,tissue,CELL_230607-ID161-1019-WGA-RV-3.czi,Historical drive ingest 2026 (drive3_MJesus-MFB); project / researcher / operator / subject decided per file before ingest (tasks/drive3_czi_gate.md). Claim: CONFIRMED.,9ec6f4a659bb65ee1d9da49b5715e59f9d49186432e918c96c7c0deb39bb8f60,CONFIRMED,,
drive3_MJesus-MFB/Microscopio/Microscopio- MJesus Sanchez 2023/Machos viejos-1019-3/1019-3 WGA/230607-ID167-1019-WGA-LV-1.czi,AE-biomaGUNE-1019,MJ,,1019,167,230607-ID167-1019-WGA-LV-1.czi,tissue,CELL_230607-ID167-1019-WGA-LV-1.czi,Historical drive ingest 2026 (drive3_MJesus-MFB); project / researcher / operator / subject decided per file before ingest (tasks/drive3_czi_gate.md). Claim: CONFIRMED.,cbc46c2f55515693b53d2b1417396b0a6a815e42440a50110926cac1444b5884,CONFIRMED,,
drive3_MJesus-MFB/Microscopio/Microscopio- MJesus Sanchez 2023/Machos viejos-1019-3/1019-3 WGA/230607-ID167-1019-WGA-LV-2.czi,AE-biomaGUNE-1019,MJ,,1019,167,230607-ID167-1019-WGA-LV-2.czi,tissue,CELL_230607-ID167-1019-WGA-LV-2.czi,Historical drive ingest 2026 (drive3_MJesus-MFB); project / researcher / operator / subject decided per file before ingest (tasks/drive3_czi_gate.md). Claim: CONFIRMED.,491e422cf0ed9606809bb4857a25a8d3ac962815cee5f964d95dfa53db28c562,CONFIRMED,,
drive3_MJesus-MFB/Microscopio/Microscopio- MJesus Sanchez 2023/Machos viejos-1019-3/1019-3 WGA/230607-ID167-1019-WGA-LV-3.czi,AE-biomaGUNE-1019,MJ,,1019,167,230607-ID167-1019-WGA-LV-3.czi,tissue,CELL_230607-ID167-1019-WGA-LV-3.czi,Historical drive ingest 2026 (drive3_MJesus-MFB); project / researcher / operator / subject decided per file before ingest (tasks/drive3_czi_gate.md). Claim: CONFIRMED.,59a99ec8698f0a5172747dd8027aed4e00defdb5d430f512c2217bb855281d24,CONFIRMED,,
drive3_MJesus-MFB/Microscopio/Microscopio- MJesus Sanchez 2023/Machos viejos-1019-3/1019-3 WGA/230607-ID167-1019-WGA-LV-4.czi,AE-biomaGUNE-1019,MJ,,1019,167,230607-ID167-1019-WGA-LV-4.czi,tissue,CELL_230607-ID167-1019-WGA-LV-4.czi,Historical drive ingest 2026 (drive3_MJesus-MFB); project / researcher / operator / subject decided per file before ingest (tasks/drive3_czi_gate.md). Claim: CONFIRMED.,926df25a6562cad0a9836bbbad72dbb28a9c4b449525d9d5431b68a819b9c6b3,CONFIRMED,,
drive3_MJesus-MFB/Microscopio/Microscopio- MJesus Sanchez 2023/Machos viejos-1019-3/1019-3 WGA/230607-ID167-1019-WGA-RV-1.czi,AE-biomaGUNE-1019,MJ,,1019,167,230607-ID167-1019-WGA-RV-1.czi,tissue,CELL_230607-ID167-1019-WGA-RV-1.czi,Historical drive ingest 2026 (drive3_MJesus-MFB); project / researcher / operator / subject decided per file before ingest (tasks/drive3_czi_gate.md). Claim: CONFIRMED.,977e493ce28311c0ae9d22a5822d137f1eb8b996e5d8477c63a331a59f2e8a69,CONFIRMED,,
drive3_MJesus-MFB/Microscopio/Microscopio- MJesus Sanchez 2023/Machos viejos-1019-3/1019-3 WGA/230607-ID167-1019-WGA-RV-2.czi,AE-biomaGUNE-1019,MJ,,1019,167,230607-ID167-1019-WGA-RV-2.czi,tissue,CELL_230607-ID167-1019-WGA-RV-2.czi,Historical drive ingest 2026 (drive3_MJesus-MFB); project / researcher / operator / subject decided per file before ingest (tasks/drive3_czi_gate.md). Claim: CONFIRMED.,2817710f49ea0b35c294f65514faf766fb09045499536a59078a16f34158e6a6,CONFIRMED,,
drive3_MJesus-MFB/Microscopio/Microscopio- MJesus Sanchez 2023/Machos viejos-1019-3/1019-3 WGA/230607-ID167-1019-WGA-RV-3.czi,AE-biomaGUNE-1019,MJ,,1019,167,230607-ID167-1019-WGA-RV-3.czi,tissue,CELL_230607-ID167-1019-WGA-RV-3.czi,Historical drive ingest 2026 (drive3_MJesus-MFB); project / researcher / operator / subject decided per file before ingest (tasks/drive3_czi_gate.md). Claim: CONFIRMED.,139ce3037fb959a9f3a1a4e55482df4b1e0a97248754b7c7987a1749eb1a8fbd,CONFIRMED,,
drive3_MJesus-MFB/Microscopio/Microscopio- MJesus Sanchez 2023/Machos viejos-1019-3/1019-3 WGA/230607-ID168-1019-WGA-LV-1.czi,AE-biomaGUNE-1019,MJ,,1019,168,230607-ID168-1019-WGA-LV-1.czi,tissue,CELL_230607-ID168-1019-WGA-LV-1.czi,Historical drive ingest 2026 (drive3_MJesus-MFB); project / researcher / operator / subject decided per file before ingest (tasks/drive3_czi_gate.md). Claim: CONFIRMED.,2f69e4e95833921ff165efc7d8d35e9f742626f289921803c5a84cba863d6724,CONFIRMED,,
drive3_MJesus-MFB/Microscopio/Microscopio- MJesus Sanchez 2023/Machos viejos-1019-3/1019-3 WGA/230607-ID168-1019-WGA-LV-2.czi,AE-biomaGUNE-1019,MJ,,1019,168,230607-ID168-1019-WGA-LV-2.czi,tissue,CELL_230607-ID168-1019-WGA-LV-2.czi,Historical drive ingest 2026 (drive3_MJesus-MFB); project / researcher / operator / subject decided per file before ingest (tasks/drive3_czi_gate.md). Claim: CONFIRMED.,42004e746911ddf439a336fa74934279f36fece7912ebe35e65db72fd0c1451c,CONFIRMED,,
drive3_MJesus-MFB/Microscopio/Microscopio- MJesus Sanchez 2023/Machos viejos-1019-3/1019-3 WGA/230607-ID169-1019-WGA-LV-1.czi,AE-biomaGUNE-1019,MJ,,1019,169,230607-ID169-1019-WGA-LV-1.czi,tissue,CELL_230607-ID169-1019-WGA-LV-1.czi,Historical drive ingest 2026 (drive3_MJesus-MFB); project / researcher / operator / subject decided per file before ingest (tasks/drive3_czi_gate.md). Claim: CONFIRMED.,ca45cf7aeeb79b26a97aa86830415e81d80b5046b2ee78ac5473c2ae1b203cd5,CONFIRMED,,
drive3_MJesus-MFB/Microscopio/Microscopio- MJesus Sanchez 2023/Machos viejos-1019-3/1019-3 WGA/230607-ID169-1019-WGA-LV-2.czi,AE-biomaGUNE-1019,MJ,,1019,169,230607-ID169-1019-WGA-LV-2.czi,tissue,CELL_230607-ID169-1019-WGA-LV-2.czi,Historical drive ingest 2026 (drive3_MJesus-MFB); project / researcher / operator / subject decided per file before ingest (tasks/drive3_czi_gate.md). Claim: CONFIRMED.,3ab86556a7f7f745343ce360134450e304b0ca0cf3a037d175f557ead40d63bc,CONFIRMED,,
drive3_MJesus-MFB/Microscopio/Microscopio- MJesus Sanchez 2023/Machos viejos-1019-3/1019-3 WGA/230607-ID169-1019-WGA-RV-1.czi,AE-biomaGUNE-1019,MJ,,1019,169,230607-ID169-1019-WGA-RV-1.czi,tissue,CELL_230607-ID169-1019-WGA-RV-1.czi,Historical drive ingest 2026 (drive3_MJesus-MFB); project / researcher / operator / subject decided per file before ingest (tasks/drive3_czi_gate.md). Claim: CONFIRMED.,ed5082b178e39e305aaeba62af4eb758ec4bfc03308f5f451efb474113027a00,CONFIRMED,,
drive3_MJesus-MFB/Microscopio/Microscopio- MJesus Sanchez 2023/Machos viejos-1019-3/1019-3 WGA/WGA-ID162-LV-20X-1-1019-3.czi,AE-biomaGUNE-1019,MJ,,1019,162,WGA-ID162-LV-20X-1-1019-3.czi,tissue,CELL_WGA-ID162-LV-20X-1-1019-3.czi,Historical drive ingest 2026 (drive3_MJesus-MFB); project / researcher / operator / subject decided per file before ingest (tasks/drive3_czi_gate.md). Claim: CONFIRMED.,a6547df50641aae07e80481fcf7ef036d73768285ea9a9c76026b4b266fab103,CONFIRMED,,
drive3_MJesus-MFB/Microscopio/Microscopio- MJesus Sanchez 2023/Machos viejos-1019-3/1019-3 WGA/WGA-ID162-LV-20X-2-1019-3.czi,AE-biomaGUNE-1019,MJ,,1019,162,WGA-ID162-LV-20X-2-1019-3.czi,tissue,CELL_WGA-ID162-LV-20X-2-1019-3.czi,Historical drive ingest 2026 (drive3_MJesus-MFB); project / researcher / operator / subject decided per file before ingest (tasks/drive3_czi_gate.md). Claim: CONFIRMED.,039b09028bfb9ea9b614ea0ddeec9b9a30aea60b5d1e9c4ed3f3dd13a1b71edd,CONFIRMED,,
drive3_MJesus-MFB/Microscopio/Microscopio- MJesus Sanchez 2023/Machos viejos-1019-3/1019-3 WGA/WGA-ID162-LV-20X-3-1019-3.czi,AE-biomaGUNE-1019,MJ,,1019,162,WGA-ID162-LV-20X-3-1019-3.czi,tissue,CELL_WGA-ID162-LV-20X-3-1019-3.czi,Historical drive ingest 2026 (drive3_MJesus-MFB); project / researcher / operator / subject decided per file before ingest (tasks/drive3_czi_gate.md). Claim: CONFIRMED.,7120c08be7f1ecc53a14407ac4f39488bbf878a9f9504eb8d88e924ac72c5bbe,CONFIRMED,,
drive3_MJesus-MFB/Microscopio/Microscopio- MJesus Sanchez 2023/Machos viejos-1019-3/1019-3 WGA/WGA-ID162-RV-20X-1-1019-3.czi,AE-biomaGUNE-1019,MJ,,1019,162,WGA-ID162-RV-20X-1-1019-3.czi,tissue,CELL_WGA-ID162-RV-20X-1-1019-3.czi,Historical drive ingest 2026 (drive3_MJesus-MFB); project / researcher / operator / subject decided per file before ingest (tasks/drive3_czi_gate.md). Claim: CONFIRMED.,df8f2978a00b19369548a7c22fc10cc7d28bf9b04ad5ac4a15349e9c045fa84a,CONFIRMED,,
drive3_MJesus-MFB/Microscopio/Microscopio- MJesus Sanchez 2023/Machos viejos-1019-3/1019-3 WGA/WGA-ID162-RV-20X-2-1019-3.czi,AE-biomaGUNE-1019,MJ,,1019,162,WGA-ID162-RV-20X-2-1019-3.czi,tissue,CELL_WGA-ID162-RV-20X-2-1019-3.czi,Historical drive ingest 2026 (drive3_MJesus-MFB); project / researcher / operator / subject decided per file before ingest (tasks/drive3_czi_gate.md). Claim: CONFIRMED.,9d56eef88d4b5ce8d49378bf4d432640506682c165282883b4bc9b4be4f9bab5,CONFIRMED,,
drive3_MJesus-MFB/Microscopio/Microscopio- MJesus Sanchez 2023/Machos viejos-1019-3/1019-3 ki67 and SMA/1019-3 ki67 SMA/ID160-ki67andSMA-Lung-20x-1.czi,AE-biomaGUNE-1019,MJ,,1019,160,ID160-ki67andSMA-Lung-20x-1.czi,tissue,CELL_ID160-ki67andSMA-Lung-20x-1.czi,Historical drive ingest 2026 (drive3_MJesus-MFB); project / researcher / operator / subject decided per file before ingest (tasks/drive3_czi_gate.md). Claim: CONFIRMED.,691ae72cf267476ceab54e47cc7082e5f1681ecc546c61c6066800819a0f5c2c,CONFIRMED,,
drive3_MJesus-MFB/Microscopio/Microscopio- MJesus Sanchez 2023/Machos viejos-1019-3/1019-3 ki67 and SMA/1019-3 ki67 SMA/ID160-ki67andSMA-Lung-20x-10.czi,AE-biomaGUNE-1019,MJ,,1019,160,ID160-ki67andSMA-Lung-20x-10.czi,tissue,CELL_ID160-ki67andSMA-Lung-20x-10.czi,Historical drive ingest 2026 (drive3_MJesus-MFB); project / researcher / operator / subject decided per file before ingest (tasks/drive3_czi_gate.md). Claim: CONFIRMED.,e476e07ff08b92c787f35a7b501f8f3bfdc96e8153300acf3f3333f9cc64e54c,CONFIRMED,,
drive3_MJesus-MFB/Microscopio/Microscopio- MJesus Sanchez 2023/Machos viejos-1019-3/1019-3 ki67 and SMA/1019-3 ki67 SMA/ID160-ki67andSMA-Lung-20x-2.czi,AE-biomaGUNE-1019,MJ,,1019,160,ID160-ki67andSMA-Lung-20x-2.czi,tissue,CELL_ID160-ki67andSMA-Lung-20x-2.czi,Historical drive ingest 2026 (drive3_MJesus-MFB); project / researcher / operator / subject decided per file before ingest (tasks/drive3_czi_gate.md). Claim: CONFIRMED.,44b8d64a5af058b97c0824b97406c7536c045b0fc1696e70190fe42621264aaa,CONFIRMED,,
drive3_MJesus-MFB/Microscopio/Microscopio- MJesus Sanchez 2023/Machos viejos-1019-3/1019-3 ki67 and SMA/1019-3 ki67 SMA/ID160-ki67andSMA-Lung-20x-3.czi,AE-biomaGUNE-1019,MJ,,1019,160,ID160-ki67andSMA-Lung-20x-3.czi,tissue,CELL_ID160-ki67andSMA-Lung-20x-3.czi,Historical drive ingest 2026 (drive3_MJesus-MFB); project / researcher / operator / subject decided per file before ingest (tasks/drive3_czi_gate.md). Claim: CONFIRMED.,2c994158730e156581bc7a745fc8cc22cbd3d662d33d7c797e083d79c3be711a,CONFIRMED,,
drive3_MJesus-MFB/Microscopio/Microscopio- MJesus Sanchez 2023/Machos viejos-1019-3/1019-3 ki67 and SMA/1019-3 ki67 SMA/ID160-ki67andSMA-Lung-20x-4.czi,AE-biomaGUNE-1019,MJ,,1019,160,ID160-ki67andSMA-Lung-20x-4.czi,tissue,CELL_ID160-ki67andSMA-Lung-20x-4.czi,Historical drive ingest 2026 (drive3_MJesus-MFB); project / researcher / operator / subject decided per file before ingest (tasks/drive3_czi_gate.md). Claim: CONFIRMED.,f442df3b3abde7a1168595d2cbe31a98c05ac7701a26c8bffa7673359ffd6168,CONFIRMED,,
drive3_MJesus-MFB/Microscopio/Microscopio- MJesus Sanchez 2023/Machos viejos-1019-3/1019-3 ki67 and SMA/1019-3 ki67 SMA/ID160-ki67andSMA-Lung-20x-5.czi,AE-biomaGUNE-1019,MJ,,1019,160,ID160-ki67andSMA-Lung-20x-5.czi,tissue,CELL_ID160-ki67andSMA-Lung-20x-5.czi,Historical drive ingest 2026 (drive3_MJesus-MFB); project / researcher / operator / subject decided per file before ingest (tasks/drive3_czi_gate.md). Claim: CONFIRMED.,5cd588ccc20233e3da7c506bd3790ee567b14c2d32c4a77775bea1bce306b808,CONFIRMED,,
drive3_MJesus-MFB/Microscopio/Microscopio- MJesus Sanchez 2023/Machos viejos-1019-3/1019-3 ki67 and SMA/1019-3 ki67 SMA/ID160-ki67andSMA-Lung-20x-6.czi,AE-biomaGUNE-1019,MJ,,1019,160,ID160-ki67andSMA-Lung-20x-6.czi,tissue,CELL_ID160-ki67andSMA-Lung-20x-6.czi,Historical drive ingest 2026 (drive3_MJesus-MFB); project / researcher / operator / subject decided per file before ingest (tasks/drive3_czi_gate.md). Claim: CONFIRMED.,f98c9b0ccfa26bc45d462c10dccec1ab140c74d297c7e5dc0c7eee86247f921d,CONFIRMED,,
drive3_MJesus-MFB/Microscopio/Microscopio- MJesus Sanchez 2023/Machos viejos-1019-3/1019-3 ki67 and SMA/1019-3 ki67 SMA/ID160-ki67andSMA-Lung-20x-7.czi,AE-biomaGUNE-1019,MJ,,1019,160,ID160-ki67andSMA-Lung-20x-7.czi,tissue,CELL_ID160-ki67andSMA-Lung-20x-7.czi,Historical drive ingest 2026 (drive3_MJesus-MFB); project / researcher / operator / subject decided per file before ingest (tasks/drive3_czi_gate.md). Claim: CONFIRMED.,52c11d38c89eb188c8d1b1f8118676039eea8bd2274f53b897106fdc7c235536,CONFIRMED,,
drive3_MJesus-MFB/Microscopio/Microscopio- MJesus Sanchez 2023/Machos viejos-1019-3/1019-3 ki67 and SMA/1019-3 ki67 SMA/ID160-ki67andSMA-Lung-20x-8.czi,AE-biomaGUNE-1019,MJ,,1019,160,ID160-ki67andSMA-Lung-20x-8.czi,tissue,CELL_ID160-ki67andSMA-Lung-20x-8.czi,Historical drive ingest 2026 (drive3_MJesus-MFB); project / researcher / operator / subject decided per file before ingest (tasks/drive3_czi_gate.md). Claim: CONFIRMED.,7d9913d7881ec682650cbfab5003534784c3256b1fef5271f124fabe1ec065ee,CONFIRMED,,
drive3_MJesus-MFB/Microscopio/Microscopio- MJesus Sanchez 2023/Machos viejos-1019-3/1019-3 ki67 and SMA/1019-3 ki67 SMA/ID160-ki67andSMA-Lung-20x-9.czi,AE-biomaGUNE-1019,MJ,,1019,160,ID160-ki67andSMA-Lung-20x-9.czi,tissue,CELL_ID160-ki67andSMA-Lung-20x-9.czi,Historical drive ingest 2026 (drive3_MJesus-MFB); project / researcher / operator / subject decided per file before ingest (tasks/drive3_czi_gate.md). Claim: CONFIRMED.,830020eb40f2be59c0a1a34d35e1075327bcff4353d032e17fa0585cee7340ea,CONFIRMED,,
drive3_MJesus-MFB/Microscopio/Microscopio- MJesus Sanchez 2023/Machos viejos-1019-3/1019-3 ki67 and SMA/1019-3 ki67 SMA/ID168-ki67andSMA-Lung-20x-1.czi,AE-biomaGUNE-1019,MJ,,1019,168,ID168-ki67andSMA-Lung-20x-1.czi,tissue,CELL_ID168-ki67andSMA-Lung-20x-1.czi,Historical drive ingest 2026 (drive3_MJesus-MFB); project / researcher / operator / subject decided per file before ingest (tasks/drive3_czi_gate.md). Claim: CONFIRMED.,0306fc411512f507cf1634a8b05129b0efeb1b35d25048c4d3f65829110ce072,CONFIRMED,,
drive3_MJesus-MFB/Microscopio/Microscopio- MJesus Sanchez 2023/Machos viejos-1019-3/1019-3 ki67 and SMA/1019-3 ki67 SMA/ID168-ki67andSMA-Lung-20x-2.czi,AE-biomaGUNE-1019,MJ,,1019,168,ID168-ki67andSMA-Lung-20x-2.czi,tissue,CELL_ID168-ki67andSMA-Lung-20x-2.czi,Historical drive ingest 2026 (drive3_MJesus-MFB); project / researcher / operator / subject decided per file before ingest (tasks/drive3_czi_gate.md). Claim: CONFIRMED.,b6bb24a45cae58dfa7dddc760485337369f842ee096798866952bb07cf16e8bf,CONFIRMED,,
drive3_MJesus-MFB/Microscopio/Microscopio- MJesus Sanchez 2023/Machos viejos-1019-3/1019-3 ki67 and SMA/1019-3 ki67 SMA/ID168-ki67andSMA-Lung-20x-3.czi,AE-biomaGUNE-1019,MJ,,1019,168,ID168-ki67andSMA-Lung-20x-3.czi,tissue,CELL_ID168-ki67andSMA-Lung-20x-3.czi,Historical drive ingest 2026 (drive3_MJesus-MFB); project / researcher / operator / subject decided per file before ingest (tasks/drive3_czi_gate.md). Claim: CONFIRMED.,a7094bcbc4ec00e2d5bc389432972e31420bdfce1f2e6fb4d1213d4c0d52cf05,CONFIRMED,,
drive3_MJesus-MFB/Microscopio/Microscopio- MJesus Sanchez 2023/Machos viejos-1019-3/1019-3 ki67 and SMA/1019-3 ki67 SMA/ID168-ki67andSMA-Lung-20x-4.czi,AE-biomaGUNE-1019,MJ,,1019,168,ID168-ki67andSMA-Lung-20x-4.czi,tissue,CELL_ID168-ki67andSMA-Lung-20x-4.czi,Historical drive ingest 2026 (drive3_MJesus-MFB); project / researcher / operator / subject decided per file before ingest (tasks/drive3_czi_gate.md). Claim: CONFIRMED.,6106a91ed024475db5eed5ef53fac434b9104718c7b81991b129c9272368e68c,CONFIRMED,,
drive3_MJesus-MFB/Microscopio/Microscopio- MJesus Sanchez 2023/Machos viejos-1019-3/1019-3 ki67 and SMA/1019-3 ki67 SMA/ID168-ki67andSMA-Lung-20x-5.czi,AE-biomaGUNE-1019,MJ,,1019,168,ID168-ki67andSMA-Lung-20x-5.czi,tissue,CELL_ID168-ki67andSMA-Lung-20x-5.czi,Historical drive ingest 2026 (drive3_MJesus-MFB); project / researcher / operator / subject decided per file before ingest (tasks/drive3_czi_gate.md). Claim: CONFIRMED.,2f5e80fcfab7fa9fa617bc306aeab1b69d6b209e19c0a0cf6173c3ca1d2dcb22,CONFIRMED,,
drive3_MJesus-MFB/Microscopio/Microscopio- MJesus Sanchez 2023/Machos viejos-1019-3/1019-3 ki67 and SMA/1019-3 ki67 SMA/ID168-ki67andSMA-Lung-20x-6.czi,AE-biomaGUNE-1019,MJ,,1019,168,ID168-ki67andSMA-Lung-20x-6.czi,tissue,CELL_ID168-ki67andSMA-Lung-20x-6.czi,Historical drive ingest 2026 (drive3_MJesus-MFB); project / researcher / operator / subject decided per file before ingest (tasks/drive3_czi_gate.md). Claim: CONFIRMED.,c79aff7ddcde07aa648e3cb2398a80975566779eeda4e438c176bf44c7701157,CONFIRMED,,
drive3_MJesus-MFB/Microscopio/Microscopio- MJesus Sanchez 2023/Machos viejos-1019-3/1019-3 ki67 and SMA/1019-3 ki67 SMA/ID168-ki67andSMA-Lung-20x-7.czi,AE-biomaGUNE-1019,MJ,,1019,168,ID168-ki67andSMA-Lung-20x-7.czi,tissue,CELL_ID168-ki67andSMA-Lung-20x-7.czi,Historical drive ingest 2026 (drive3_MJesus-MFB); project / researcher / operator / subject decided per file before ingest (tasks/drive3_czi_gate.md). Claim: CONFIRMED.,755b98a36d0139a76c83d84dde2e00e30e034bcd147ddfff0b1a2b2883a899ac,CONFIRMED,,
drive3_MJesus-MFB/Microscopio/Microscopio- MJesus Sanchez 2023/Machos viejos-1019-3/1019-3 ki67 and SMA/1019-3 ki67 SMA/ID168-ki67andSMA-Lung-20x-8.czi,AE-biomaGUNE-1019,MJ,,1019,168,ID168-ki67andSMA-Lung-20x-8.czi,tissue,CELL_ID168-ki67andSMA-Lung-20x-8.czi,Historical drive ingest 2026 (drive3_MJesus-MFB); project / researcher / operator / subject decided per file before ingest (tasks/drive3_czi_gate.md). Claim: CONFIRMED.,137e70ad445068ebc77ae6aaae14d853f63629954b3f3935502756d0914eab8a,CONFIRMED,,
drive3_MJesus-MFB/Microscopio/Microscopio- MJesus Sanchez 2023/Machos viejos-1019-3/1019-3 ki67 and SMA/1019-3 ki67 SMA/ID169-ki67andSMA-Lung-20x-1.czi,AE-biomaGUNE-1019,MJ,,1019,169,ID169-ki67andSMA-Lung-20x-1.czi,tissue,CELL_ID169-ki67andSMA-Lung-20x-1.czi,Historical drive ingest 2026 (drive3_MJesus-MFB); project / researcher / operator / subject decided per file before ingest (tasks/drive3_czi_gate.md). Claim: CONFIRMED.,211d5c29215931ba0162291dfd34a5c1b48ee05a1f90c031a733ab9da2a1df21,CONFIRMED,,
drive3_MJesus-MFB/Microscopio/Microscopio- MJesus Sanchez 2023/Machos viejos-1019-3/1019-3 ki67 and SMA/1019-3 ki67 SMA/ID169-ki67andSMA-Lung-20x-10.czi,AE-biomaGUNE-1019,MJ,,1019,169,ID169-ki67andSMA-Lung-20x-10.czi,tissue,CELL_ID169-ki67andSMA-Lung-20x-10.czi,Historical drive ingest 2026 (drive3_MJesus-MFB); project / researcher / operator / subject decided per file before ingest (tasks/drive3_czi_gate.md). Claim: CONFIRMED.,95d4761b8a3e41019c6330c4709db5b012a5cc4cd452ea8e9f1c41fde19715ca,CONFIRMED,,
drive3_MJesus-MFB/Microscopio/Microscopio- MJesus Sanchez 2023/Machos viejos-1019-3/1019-3 ki67 and SMA/1019-3 ki67 SMA/ID169-ki67andSMA-Lung-20x-11.czi,AE-biomaGUNE-1019,MJ,,1019,169,ID169-ki67andSMA-Lung-20x-11.czi,tissue,CELL_ID169-ki67andSMA-Lung-20x-11.czi,Historical drive ingest 2026 (drive3_MJesus-MFB); project / researcher / operator / subject decided per file before ingest (tasks/drive3_czi_gate.md). Claim: CONFIRMED.,5978d3a6db2768a5a051e78589313a0f31ba0c1e823ea35e046e1f5d510e86c8,CONFIRMED,,
drive3_MJesus-MFB/Microscopio/Microscopio- MJesus Sanchez 2023/Machos viejos-1019-3/1019-3 ki67 and SMA/1019-3 ki67 SMA/ID169-ki67andSMA-Lung-20x-12.czi,AE-biomaGUNE-1019,MJ,,1019,169,ID169-ki67andSMA-Lung-20x-12.czi,tissue,CELL_ID169-ki67andSMA-Lung-20x-12.czi,Historical drive ingest 2026 (drive3_MJesus-MFB); project / researcher / operator / subject decided per file before ingest (tasks/drive3_czi_gate.md). Claim: CONFIRMED.,b13e282e6011f249b8a124fb4e929b5f1568f8d594bca3c8e3cd906de13b6bb7,CONFIRMED,,
drive3_MJesus-MFB/Microscopio/Microscopio- MJesus Sanchez 2023/Machos viejos-1019-3/1019-3 ki67 and SMA/1019-3 ki67 SMA/ID169-ki67andSMA-Lung-20x-13.czi,AE-biomaGUNE-1019,MJ,,1019,169,ID169-ki67andSMA-Lung-20x-13.czi,tissue,CELL_ID169-ki67andSMA-Lung-20x-13.czi,Historical drive ingest 2026 (drive3_MJesus-MFB); project / researcher / operator / subject decided per file before ingest (tasks/drive3_czi_gate.md). Claim: CONFIRMED.,059112b20509bfb7ee67cb16faf89b3cf0424e1255c26ceedb3af5c48455b5c0,CONFIRMED,,
drive3_MJesus-MFB/Microscopio/Microscopio- MJesus Sanchez 2023/Machos viejos-1019-3/1019-3 ki67 and SMA/1019-3 ki67 SMA/ID169-ki67andSMA-Lung-20x-2.czi,AE-biomaGUNE-1019,MJ,,1019,169,ID169-ki67andSMA-Lung-20x-2.czi,tissue,CELL_ID169-ki67andSMA-Lung-20x-2.czi,Historical drive ingest 2026 (drive3_MJesus-MFB); project / researcher / operator / subject decided per file before ingest (tasks/drive3_czi_gate.md). Claim: CONFIRMED.,b4e08e9ae29d45812fd97a444f5c3d4d5d495135c19b9f2953bb667cbbc7a3b4,CONFIRMED,,
drive3_MJesus-MFB/Microscopio/Microscopio- MJesus Sanchez 2023/Machos viejos-1019-3/1019-3 ki67 and SMA/1019-3 ki67 SMA/ID169-ki67andSMA-Lung-20x-3.czi,AE-biomaGUNE-1019,MJ,,1019,169,ID169-ki67andSMA-Lung-20x-3.czi,tissue,CELL_ID169-ki67andSMA-Lung-20x-3.czi,Historical drive ingest 2026 (drive3_MJesus-MFB); project / researcher / operator / subject decided per file before ingest (tasks/drive3_czi_gate.md). Claim: CONFIRMED.,60a1f778d23b4360d8487085f9889993965fcb4d0bff460599fe2f3585f3709f,CONFIRMED,,
drive3_MJesus-MFB/Microscopio/Microscopio- MJesus Sanchez 2023/Machos viejos-1019-3/1019-3 ki67 and SMA/1019-3 ki67 SMA/ID169-ki67andSMA-Lung-20x-4.czi,AE-biomaGUNE-1019,MJ,,1019,169,ID169-ki67andSMA-Lung-20x-4.czi,tissue,CELL_ID169-ki67andSMA-Lung-20x-4.czi,Historical drive ingest 2026 (drive3_MJesus-MFB); project / researcher / operator / subject decided per file before ingest (tasks/drive3_czi_gate.md). Claim: CONFIRMED.,a41b4d2af8213ca8afef6df07d2ca99217522b11895dcfbc322b8403e8264730,CONFIRMED,,
drive3_MJesus-MFB/Microscopio/Microscopio- MJesus Sanchez 2023/Machos viejos-1019-3/1019-3 ki67 and SMA/1019-3 ki67 SMA/ID169-ki67andSMA-Lung-20x-5.czi,AE-biomaGUNE-1019,MJ,,1019,169,ID169-ki67andSMA-Lung-20x-5.czi,tissue,CELL_ID169-ki67andSMA-Lung-20x-5.czi,Historical drive ingest 2026 (drive3_MJesus-MFB); project / researcher / operator / subject decided per file before ingest (tasks/drive3_czi_gate.md). Claim: CONFIRMED.,8087372f51a6574cfe474534d21d30fa3c1bd0a69e28a8e0ba7fad8470df18ce,CONFIRMED,,
drive3_MJesus-MFB/Microscopio/Microscopio- MJesus Sanchez 2023/Machos viejos-1019-3/1019-3 ki67 and SMA/1019-3 ki67 SMA/ID169-ki67andSMA-Lung-20x-6.czi,AE-biomaGUNE-1019,MJ,,1019,169,ID169-ki67andSMA-Lung-20x-6.czi,tissue,CELL_ID169-ki67andSMA-Lung-20x-6.czi,Historical drive ingest 2026 (drive3_MJesus-MFB); project / researcher / operator / subject decided per file before ingest (tasks/drive3_czi_gate.md). Claim: CONFIRMED.,cb4be8c6b25261803f871cb7fd91ade947803779667c119629c4b89e61047e3c,CONFIRMED,,
drive3_MJesus-MFB/Microscopio/Microscopio- MJesus Sanchez 2023/Machos viejos-1019-3/1019-3 ki67 and SMA/1019-3 ki67 SMA/ID169-ki67andSMA-Lung-20x-7.czi,AE-biomaGUNE-1019,MJ,,1019,169,ID169-ki67andSMA-Lung-20x-7.czi,tissue,CELL_ID169-ki67andSMA-Lung-20x-7.czi,Historical drive ingest 2026 (drive3_MJesus-MFB); project / researcher / operator / subject decided per file before ingest (tasks/drive3_czi_gate.md). Claim: CONFIRMED.,6898001f4e7a38ae80b09d72ff6ae960303a3391c231de01840790a3f4b4fec4,CONFIRMED,,
drive3_MJesus-MFB/Microscopio/Microscopio- MJesus Sanchez 2023/Machos viejos-1019-3/1019-3 ki67 and SMA/1019-3 ki67 SMA/ID169-ki67andSMA-Lung-20x-8.czi,AE-biomaGUNE-1019,MJ,,1019,169,ID169-ki67andSMA-Lung-20x-8.czi,tissue,CELL_ID169-ki67andSMA-Lung-20x-8.czi,Historical drive ingest 2026 (drive3_MJesus-MFB); project / researcher / operator / subject decided per file before ingest (tasks/drive3_czi_gate.md). Claim: CONFIRMED.,78830096574d53b635d219cd7dd552a361ebfe79d4ddd0da945c00011702e739,CONFIRMED,,
drive3_MJesus-MFB/Microscopio/Microscopio- MJesus Sanchez 2023/Machos viejos-1019-3/1019-3 ki67 and SMA/1019-3 ki67 SMA/ID169-ki67andSMA-Lung-20x-9.czi,AE-biomaGUNE-1019,MJ,,1019,169,ID169-ki67andSMA-Lung-20x-9.czi,tissue,CELL_ID169-ki67andSMA-Lung-20x-9.czi,Historical drive ingest 2026 (drive3_MJesus-MFB); project / researcher / operator / subject decided per file before ingest (tasks/drive3_czi_gate.md). Claim: CONFIRMED.,8f07ae3cb8884310a8a66db7f38be8f78cc2716f18ac8734402e2eb620d635c8,CONFIRMED,,
drive3_MJesus-MFB/Microscopio/Microscopio- MJesus Sanchez 2023/Machos viejos-1019-3/1019-3 ki67 and SMA/MJS-1019-ki67 and SMA/230726_ID160_20x-1.czi,AE-biomaGUNE-1019,MJ,,1019,160,230726_ID160_20x-1.czi,tissue,CELL_230726_ID160_20x-1.czi,Historical drive ingest 2026 (drive3_MJesus-MFB); project / researcher / operator / subject decided per file before ingest (tasks/drive3_czi_gate.md). Claim: CONFIRMED.,a8eed629f45aba9160193269768aec194b641958e271038f6758e6858c6a4076,CONFIRMED,,
drive3_MJesus-MFB/Microscopio/Microscopio- MJesus Sanchez 2023/Machos viejos-1019-3/1019-3 ki67 and SMA/MJS-1019-ki67 and SMA/230726_ID160_20x-10.czi,AE-biomaGUNE-1019,MJ,,1019,160,230726_ID160_20x-10.czi,tissue,CELL_230726_ID160_20x-10.czi,Historical drive ingest 2026 (drive3_MJesus-MFB); project / researcher / operator / subject decided per file before ingest (tasks/drive3_czi_gate.md). Claim: CONFIRMED.,a5d4acb4d91930358f93947603c9043accb7a53ee781168c45ec3ffe92547fc2,CONFIRMED,,
drive3_MJesus-MFB/Microscopio/Microscopio- MJesus Sanchez 2023/Machos viejos-1019-3/1019-3 ki67 and SMA/MJS-1019-ki67 and SMA/230726_ID160_20x-11.czi,AE-biomaGUNE-1019,MJ,,1019,160,230726_ID160_20x-11.czi,tissue,CELL_230726_ID160_20x-11.czi,Historical drive ingest 2026 (drive3_MJesus-MFB); project / researcher / operator / subject decided per file before ingest (tasks/drive3_czi_gate.md). Claim: CONFIRMED.,3b7ed65bfb448d14d01106522d803516862488b2c8a608052bd63d783242c0db,CONFIRMED,,
drive3_MJesus-MFB/Microscopio/Microscopio- MJesus Sanchez 2023/Machos viejos-1019-3/1019-3 ki67 and SMA/MJS-1019-ki67 and SMA/230726_ID160_20x-12.czi,AE-biomaGUNE-1019,MJ,,1019,160,230726_ID160_20x-12.czi,tissue,CELL_230726_ID160_20x-12.czi,Historical drive ingest 2026 (drive3_MJesus-MFB); project / researcher / operator / subject decided per file before ingest (tasks/drive3_czi_gate.md). Claim: CONFIRMED.,504d7b9b7e58f80fc3288b224bdeebec50f85b48850e5e8f3635fb1a0f22dec4,CONFIRMED,,
drive3_MJesus-MFB/Microscopio/Microscopio- MJesus Sanchez 2023/Machos viejos-1019-3/1019-3 ki67 and SMA/MJS-1019-ki67 and SMA/230726_ID160_20x-13.czi,AE-biomaGUNE-1019,MJ,,1019,160,230726_ID160_20x-13.czi,tissue,CELL_230726_ID160_20x-13.czi,Historical drive ingest 2026 (drive3_MJesus-MFB); project / researcher / operator / subject decided per file before ingest (tasks/drive3_czi_gate.md). Claim: CONFIRMED.,192dc9d69c2b733a26dc1a7bf619f5a63a11cefec6574391aa03ca931ea911b7,CONFIRMED,,
drive3_MJesus-MFB/Microscopio/Microscopio- MJesus Sanchez 2023/Machos viejos-1019-3/1019-3 ki67 and SMA/MJS-1019-ki67 and SMA/230726_ID160_20x-14.czi,AE-biomaGUNE-1019,MJ,,1019,160,230726_ID160_20x-14.czi,tissue,CELL_230726_ID160_20x-14.czi,Historical drive ingest 2026 (drive3_MJesus-MFB); project / researcher / operator / subject decided per file before ingest (tasks/drive3_czi_gate.md). Claim: CONFIRMED.,c86f784f86991af7b8146e79344f1e216679cfc7b92cacbfc73bdb650192b97b,CONFIRMED,,
drive3_MJesus-MFB/Microscopio/Microscopio- MJesus Sanchez 2023/Machos viejos-1019-3/1019-3 ki67 and SMA/MJS-1019-ki67 and SMA/230726_ID160_20x-15.czi,AE-biomaGUNE-1019,MJ,,1019,160,230726_ID160_20x-15.czi,tissue,CELL_230726_ID160_20x-15.czi,Historical drive ingest 2026 (drive3_MJesus-MFB); project / researcher / operator / subject decided per file before ingest (tasks/drive3_czi_gate.md). Claim: CONFIRMED.,0ca923a97b5d6d65d2a209f4ef046c847c17950c6c1893594e0d978c416ded76,CONFIRMED,,
drive3_MJesus-MFB/Microscopio/Microscopio- MJesus Sanchez 2023/Machos viejos-1019-3/1019-3 ki67 and SMA/MJS-1019-ki67 and SMA/230726_ID160_20x-2.czi,AE-biomaGUNE-1019,MJ,,1019,160,230726_ID160_20x-2.czi,tissue,CELL_230726_ID160_20x-2.czi,Historical drive ingest 2026 (drive3_MJesus-MFB); project / researcher / operator / subject decided per file before ingest (tasks/drive3_czi_gate.md). Claim: CONFIRMED.,d0d5057cc7517ad5b1776244c2aeebf648e3b06f0d7fd9a511f50f3e594c0842,CONFIRMED,,
drive3_MJesus-MFB/Microscopio/Microscopio- MJesus Sanchez 2023/Machos viejos-1019-3/1019-3 ki67 and SMA/MJS-1019-ki67 and SMA/230726_ID160_20x-3.czi,AE-biomaGUNE-1019,MJ,,1019,160,230726_ID160_20x-3.czi,tissue,CELL_230726_ID160_20x-3.czi,Historical drive ingest 2026 (drive3_MJesus-MFB); project / researcher / operator / subject decided per file before ingest (tasks/drive3_czi_gate.md). Claim: CONFIRMED.,480a3fc901bc149e87683f8fb6b30fffc9e54287a66488e99dd24b2ab092699c,CONFIRMED,,
drive3_MJesus-MFB/Microscopio/Microscopio- MJesus Sanchez 2023/Machos viejos-1019-3/1019-3 ki67 and SMA/MJS-1019-ki67 and SMA/230726_ID160_20x-4.czi,AE-biomaGUNE-1019,MJ,,1019,160,230726_ID160_20x-4.czi,tissue,CELL_230726_ID160_20x-4.czi,Historical drive ingest 2026 (drive3_MJesus-MFB); project / researcher / operator / subject decided per file before ingest (tasks/drive3_czi_gate.md). Claim: CONFIRMED.,ac9735f87aee22290996ab4aeda0775318262581d00dc1a6aa0cc31f33b6a407,CONFIRMED,,
drive3_MJesus-MFB/Microscopio/Microscopio- MJesus Sanchez 2023/Machos viejos-1019-3/1019-3 ki67 and SMA/MJS-1019-ki67 and SMA/230726_ID160_20x-5.czi,AE-biomaGUNE-1019,MJ,,1019,160,230726_ID160_20x-5.czi,tissue,CELL_230726_ID160_20x-5.czi,Historical drive ingest 2026 (drive3_MJesus-MFB); project / researcher / operator / subject decided per file before ingest (tasks/drive3_czi_gate.md). Claim: CONFIRMED.,af178cef56e5b80ed31b24e8a7c9f28f0658a04726d80a38df48072e9c454863,CONFIRMED,,
drive3_MJesus-MFB/Microscopio/Microscopio- MJesus Sanchez 2023/Machos viejos-1019-3/1019-3 ki67 and SMA/MJS-1019-ki67 and SMA/230726_ID160_20x-6.czi,AE-biomaGUNE-1019,MJ,,1019,160,230726_ID160_20x-6.czi,tissue,CELL_230726_ID160_20x-6.czi,Historical drive ingest 2026 (drive3_MJesus-MFB); project / researcher / operator / subject decided per file before ingest (tasks/drive3_czi_gate.md). Claim: CONFIRMED.,f651137300d05bb0a4039dec68a62ddecdf9307ba8cbb465a5ca753ee14daef3,CONFIRMED,,
drive3_MJesus-MFB/Microscopio/Microscopio- MJesus Sanchez 2023/Machos viejos-1019-3/1019-3 ki67 and SMA/MJS-1019-ki67 and SMA/230726_ID160_20x-7.czi,AE-biomaGUNE-1019,MJ,,1019,160,230726_ID160_20x-7.czi,tissue,CELL_230726_ID160_20x-7.czi,Historical drive ingest 2026 (drive3_MJesus-MFB); project / researcher / operator / subject decided per file before ingest (tasks/drive3_czi_gate.md). Claim: CONFIRMED.,1a105ddd53c244563fbb8b5baafef93a7139888fb5ba045869ec337b10260505,CONFIRMED,,
drive3_MJesus-MFB/Microscopio/Microscopio- MJesus Sanchez 2023/Machos viejos-1019-3/1019-3 ki67 and SMA/MJS-1019-ki67 and SMA/230726_ID160_20x-8.czi,AE-biomaGUNE-1019,MJ,,1019,160,230726_ID160_20x-8.czi,tissue,CELL_230726_ID160_20x-8.czi,Historical drive ingest 2026 (drive3_MJesus-MFB); project / researcher / operator / subject decided per file before ingest (tasks/drive3_czi_gate.md). Claim: CONFIRMED.,7acc52d9dd20ff0a7a655ea71e8d7c8927caa274034866d115edb5578e9d69a8,CONFIRMED,,
drive3_MJesus-MFB/Microscopio/Microscopio- MJesus Sanchez 2023/Machos viejos-1019-3/1019-3 ki67 and SMA/MJS-1019-ki67 and SMA/230726_ID160_20x-9.czi,AE-biomaGUNE-1019,MJ,,1019,160,230726_ID160_20x-9.czi,tissue,CELL_230726_ID160_20x-9.czi,Historical drive ingest 2026 (drive3_MJesus-MFB); project / researcher / operator / subject decided per file before ingest (tasks/drive3_czi_gate.md). Claim: CONFIRMED.,fecf501aa6f793d47a92e6625f5165a8e543c75f11385638d9e237f0ff446a1d,CONFIRMED,,
drive3_MJesus-MFB/Microscopio/Microscopio- MJesus Sanchez 2023/Machos viejos-1019-3/1019-3 ki67 and SMA/MJS-1019-ki67 and SMA/230726_ID160_20x-Control negativo.czi,AE-biomaGUNE-1019,MJ,,1019,160,230726_ID160_20x-Control negativo.czi,tissue,CELL_230726_ID160_20x-Control negativo.czi,Historical drive ingest 2026 (drive3_MJesus-MFB); project / researcher / operator / subject decided per file before ingest (tasks/drive3_czi_gate.md). Claim: CONFIRMED.,c56e5a0460f07246af786937242317a993fec589d0647a1acb5c13adf1ae312a,CONFIRMED,,
drive3_MJesus-MFB/Microscopio/Microscopio- MJesus Sanchez 2023/Machos viejos-1019-3/1019-3 ki67 and SMA/MJS-1019-ki67 and SMA/230726_ID161_20x-1.czi,AE-biomaGUNE-1019,MJ,,1019,161,230726_ID161_20x-1.czi,tissue,CELL_230726_ID161_20x-1.czi,Historical drive ingest 2026 (drive3_MJesus-MFB); project / researcher / operator / subject decided per file before ingest (tasks/drive3_czi_gate.md). Claim: CONFIRMED.,10c057acb3fdecdfba98a5ea5eb111a506cff2613118f947f0e8a0ae238e32a1,CONFIRMED,,
drive3_MJesus-MFB/Microscopio/Microscopio- MJesus Sanchez 2023/Machos viejos-1019-3/1019-3 ki67 and SMA/MJS-1019-ki67 and SMA/230726_ID161_20x-10.czi,AE-biomaGUNE-1019,MJ,,1019,161,230726_ID161_20x-10.czi,tissue,CELL_230726_ID161_20x-10.czi,Historical drive ingest 2026 (drive3_MJesus-MFB); project / researcher / operator / subject decided per file before ingest (tasks/drive3_czi_gate.md). Claim: CONFIRMED.,1cd1a08e6abe647f9f1116dce00efcd6e93759438bf211d095a8ba1ed1103df2,CONFIRMED,,
drive3_MJesus-MFB/Microscopio/Microscopio- MJesus Sanchez 2023/Machos viejos-1019-3/1019-3 ki67 and SMA/MJS-1019-ki67 and SMA/230726_ID161_20x-11.czi,AE-biomaGUNE-1019,MJ,,1019,161,230726_ID161_20x-11.czi,tissue,CELL_230726_ID161_20x-11.czi,Historical drive ingest 2026 (drive3_MJesus-MFB); project / researcher / operator / subject decided per file before ingest (tasks/drive3_czi_gate.md). Claim: CONFIRMED.,968f30a5142c517ba79864c29caa696a1a1bfc033b98c155f318870aa7d5e727,CONFIRMED,,
drive3_MJesus-MFB/Microscopio/Microscopio- MJesus Sanchez 2023/Machos viejos-1019-3/1019-3 ki67 and SMA/MJS-1019-ki67 and SMA/230726_ID161_20x-12.czi,AE-biomaGUNE-1019,MJ,,1019,161,230726_ID161_20x-12.czi,tissue,CELL_230726_ID161_20x-12.czi,Historical drive ingest 2026 (drive3_MJesus-MFB); project / researcher / operator / subject decided per file before ingest (tasks/drive3_czi_gate.md). Claim: CONFIRMED.,549a6d9097222dbcfa4b202657701fcf8ad205dec1b252246e1f164ce1d37960,CONFIRMED,,
drive3_MJesus-MFB/Microscopio/Microscopio- MJesus Sanchez 2023/Machos viejos-1019-3/1019-3 ki67 and SMA/MJS-1019-ki67 and SMA/230726_ID161_20x-13.czi,AE-biomaGUNE-1019,MJ,,1019,161,230726_ID161_20x-13.czi,tissue,CELL_230726_ID161_20x-13.czi,Historical drive ingest 2026 (drive3_MJesus-MFB); project / researcher / operator / subject decided per file before ingest (tasks/drive3_czi_gate.md). Claim: CONFIRMED.,1c85a325ba1a6b7112cef3ceefabcb82796a7d0fc5b2301fa3ebb0cfa4ff324c,CONFIRMED,,
drive3_MJesus-MFB/Microscopio/Microscopio- MJesus Sanchez 2023/Machos viejos-1019-3/1019-3 ki67 and SMA/MJS-1019-ki67 and SMA/230726_ID161_20x-2.czi,AE-biomaGUNE-1019,MJ,,1019,161,230726_ID161_20x-2.czi,tissue,CELL_230726_ID161_20x-2.czi,Historical drive ingest 2026 (drive3_MJesus-MFB); project / researcher / operator / subject decided per file before ingest (tasks/drive3_czi_gate.md). Claim: CONFIRMED.,f16714c24e357cbc8b4ce56f4c711d164713af9c56520b62e6ed50255d1645c0,CONFIRMED,,
drive3_MJesus-MFB/Microscopio/Microscopio- MJesus Sanchez 2023/Machos viejos-1019-3/1019-3 ki67 and SMA/MJS-1019-ki67 and SMA/230726_ID161_20x-3.czi,AE-biomaGUNE-1019,MJ,,1019,161,230726_ID161_20x-3.czi,tissue,CELL_230726_ID161_20x-3.czi,Historical drive ingest 2026 (drive3_MJesus-MFB); project / researcher / operator / subject decided per file before ingest (tasks/drive3_czi_gate.md). Claim: CONFIRMED.,3113715ec2edf024950fcf4e9ec7bfc7b5ad924d47f5acd7243c17e97093d3f2,CONFIRMED,,
drive3_MJesus-MFB/Microscopio/Microscopio- MJesus Sanchez 2023/Machos viejos-1019-3/1019-3 ki67 and SMA/MJS-1019-ki67 and SMA/230726_ID161_20x-4.czi,AE-biomaGUNE-1019,MJ,,1019,161,230726_ID161_20x-4.czi,tissue,CELL_230726_ID161_20x-4.czi,Historical drive ingest 2026 (drive3_MJesus-MFB); project / researcher / operator / subject decided per file before ingest (tasks/drive3_czi_gate.md). Claim: CONFIRMED.,66eb447ab30150b69bc81f4bde9dc4bfac827b3b4a04497fe2daad28e2bcee08,CONFIRMED,,
drive3_MJesus-MFB/Microscopio/Microscopio- MJesus Sanchez 2023/Machos viejos-1019-3/1019-3 ki67 and SMA/MJS-1019-ki67 and SMA/230726_ID161_20x-5.czi,AE-biomaGUNE-1019,MJ,,1019,161,230726_ID161_20x-5.czi,tissue,CELL_230726_ID161_20x-5.czi,Historical drive ingest 2026 (drive3_MJesus-MFB); project / researcher / operator / subject decided per file before ingest (tasks/drive3_czi_gate.md). Claim: CONFIRMED.,f29136890c849c5f273acce796c413d746c26ba1d7b1f17ea7327c2c2a92730b,CONFIRMED,,
drive3_MJesus-MFB/Microscopio/Microscopio- MJesus Sanchez 2023/Machos viejos-1019-3/1019-3 ki67 and SMA/MJS-1019-ki67 and SMA/230726_ID161_20x-6.czi,AE-biomaGUNE-1019,MJ,,1019,161,230726_ID161_20x-6.czi,tissue,CELL_230726_ID161_20x-6.czi,Historical drive ingest 2026 (drive3_MJesus-MFB); project / researcher / operator / subject decided per file before ingest (tasks/drive3_czi_gate.md). Claim: CONFIRMED.,5c351b4b24c1055fc78a41b5e49a04b0c927f046eab8c26beca158434f786aa2,CONFIRMED,,
drive3_MJesus-MFB/Microscopio/Microscopio- MJesus Sanchez 2023/Machos viejos-1019-3/1019-3 ki67 and SMA/MJS-1019-ki67 and SMA/230726_ID161_20x-7.czi,AE-biomaGUNE-1019,MJ,,1019,161,230726_ID161_20x-7.czi,tissue,CELL_230726_ID161_20x-7.czi,Historical drive ingest 2026 (drive3_MJesus-MFB); project / researcher / operator / subject decided per file before ingest (tasks/drive3_czi_gate.md). Claim: CONFIRMED.,4db3c1d2b6401213491bfc57579d50f45c0bf421a852304503a7c53fda958ef1,CONFIRMED,,
drive3_MJesus-MFB/Microscopio/Microscopio- MJesus Sanchez 2023/Machos viejos-1019-3/1019-3 ki67 and SMA/MJS-1019-ki67 and SMA/230726_ID161_20x-8.czi,AE-biomaGUNE-1019,MJ,,1019,161,230726_ID161_20x-8.czi,tissue,CELL_230726_ID161_20x-8.czi,Historical drive ingest 2026 (drive3_MJesus-MFB); project / researcher / operator / subject decided per file before ingest (tasks/drive3_czi_gate.md). Claim: CONFIRMED.,c098f8f62532607f56b72d26ff79765af7fb6abe16752ee60decc8330ad50cf2,CONFIRMED,,
drive3_MJesus-MFB/Microscopio/Microscopio- MJesus Sanchez 2023/Machos viejos-1019-3/1019-3 ki67 and SMA/MJS-1019-ki67 and SMA/230726_ID161_20x-9.czi,AE-biomaGUNE-1019,MJ,,1019,161,230726_ID161_20x-9.czi,tissue,CELL_230726_ID161_20x-9.czi,Historical drive ingest 2026 (drive3_MJesus-MFB); project / researcher / operator / subject decided per file before ingest (tasks/drive3_czi_gate.md). Claim: CONFIRMED.,e10b60e5f5899bebc32827df0da0357510cb2ca5d1de15ee06a59d65887e02d9,CONFIRMED,,
drive3_MJesus-MFB/Microscopio/Microscopio- MJesus Sanchez 2023/Machos viejos-1019-3/1019-3 ki67 and SMA/MJS-1019-ki67 and SMA/230726_ID161_20x-Control negativo.czi,AE-biomaGUNE-1019,MJ,,1019,161,230726_ID161_20x-Control negativo.czi,tissue,CELL_230726_ID161_20x-Control negativo.czi,Historical drive ingest 2026 (drive3_MJesus-MFB); project / researcher / operator / subject decided per file before ingest (tasks/drive3_czi_gate.md). Claim: CONFIRMED.,198a95297e0a8340a7ba85962fd9fd82fdf8a6436f63895d930e1d1f987fcd2e,CONFIRMED,,
drive3_MJesus-MFB/Microscopio/Microscopio- MJesus Sanchez 2023/Machos viejos-1019-3/1019-3 ki67 and SMA/MJS-1019-ki67 and SMA/230726_ID162_20x-1.czi,AE-biomaGUNE-1019,MJ,,1019,162,230726_ID162_20x-1.czi,tissue,CELL_230726_ID162_20x-1.czi,Historical drive ingest 2026 (drive3_MJesus-MFB); project / researcher / operator / subject decided per file before ingest (tasks/drive3_czi_gate.md). Claim: CONFIRMED.,ba494d11e2eaf5ad80535590fb25cd05e8b66b2f2f3e88f7c53c2872c5f34fc0,CONFIRMED,,
drive3_MJesus-MFB/Microscopio/Microscopio- MJesus Sanchez 2023/Machos viejos-1019-3/1019-3 ki67 and SMA/MJS-1019-ki67 and SMA/230726_ID162_20x-10.czi,AE-biomaGUNE-1019,MJ,,1019,162,230726_ID162_20x-10.czi,tissue,CELL_230726_ID162_20x-10.czi,Historical drive ingest 2026 (drive3_MJesus-MFB); project / researcher / operator / subject decided per file before ingest (tasks/drive3_czi_gate.md). Claim: CONFIRMED.,0bc6a8e58966daf5f8d950a5c5c83424844abd89deb3b9cff89cf7c4cf80587a,CONFIRMED,,
drive3_MJesus-MFB/Microscopio/Microscopio- MJesus Sanchez 2023/Machos viejos-1019-3/1019-3 ki67 and SMA/MJS-1019-ki67 and SMA/230726_ID162_20x-11.czi,AE-biomaGUNE-1019,MJ,,1019,162,230726_ID162_20x-11.czi,tissue,CELL_230726_ID162_20x-11.czi,Historical drive ingest 2026 (drive3_MJesus-MFB); project / researcher / operator / subject decided per file before ingest (tasks/drive3_czi_gate.md). Claim: CONFIRMED.,7d95a6b65bef83c0491f83ad2badbe1ff10ff38f90b7c8beee6a9a6cde9c16fb,CONFIRMED,,
drive3_MJesus-MFB/Microscopio/Microscopio- MJesus Sanchez 2023/Machos viejos-1019-3/1019-3 ki67 and SMA/MJS-1019-ki67 and SMA/230726_ID162_20x-2.czi,AE-biomaGUNE-1019,MJ,,1019,162,230726_ID162_20x-2.czi,tissue,CELL_230726_ID162_20x-2.czi,Historical drive ingest 2026 (drive3_MJesus-MFB); project / researcher / operator / subject decided per file before ingest (tasks/drive3_czi_gate.md). Claim: CONFIRMED.,0c5b5f0bcd4250e2b7122f908e3480dc31238a81f6c9c1cf7646f6be0738865a,CONFIRMED,,
drive3_MJesus-MFB/Microscopio/Microscopio- MJesus Sanchez 2023/Machos viejos-1019-3/1019-3 ki67 and SMA/MJS-1019-ki67 and SMA/230726_ID162_20x-3.czi,AE-biomaGUNE-1019,MJ,,1019,162,230726_ID162_20x-3.czi,tissue,CELL_230726_ID162_20x-3.czi,Historical drive ingest 2026 (drive3_MJesus-MFB); project / researcher / operator / subject decided per file before ingest (tasks/drive3_czi_gate.md). Claim: CONFIRMED.,28f4e708b955b60b28490ee6ebc54ce1e95719546d79cd5be56da958201e0d30,CONFIRMED,,
drive3_MJesus-MFB/Microscopio/Microscopio- MJesus Sanchez 2023/Machos viejos-1019-3/1019-3 ki67 and SMA/MJS-1019-ki67 and SMA/230726_ID162_20x-4.czi,AE-biomaGUNE-1019,MJ,,1019,162,230726_ID162_20x-4.czi,tissue,CELL_230726_ID162_20x-4.czi,Historical drive ingest 2026 (drive3_MJesus-MFB); project / researcher / operator / subject decided per file before ingest (tasks/drive3_czi_gate.md). Claim: CONFIRMED.,65cceae2b26d86752d6aa286831a7b13dc0f62ca100366041fb1f59d47181b19,CONFIRMED,,
drive3_MJesus-MFB/Microscopio/Microscopio- MJesus Sanchez 2023/Machos viejos-1019-3/1019-3 ki67 and SMA/MJS-1019-ki67 and SMA/230726_ID162_20x-5.czi,AE-biomaGUNE-1019,MJ,,1019,162,230726_ID162_20x-5.czi,tissue,CELL_230726_ID162_20x-5.czi,Historical drive ingest 2026 (drive3_MJesus-MFB); project / researcher / operator / subject decided per file before ingest (tasks/drive3_czi_gate.md). Claim: CONFIRMED.,adde55cbaf6fcdd2429ad660b637becfd0d01acd0e69d6859c4e82879f296de2,CONFIRMED,,
drive3_MJesus-MFB/Microscopio/Microscopio- MJesus Sanchez 2023/Machos viejos-1019-3/1019-3 ki67 and SMA/MJS-1019-ki67 and SMA/230726_ID162_20x-6.czi,AE-biomaGUNE-1019,MJ,,1019,162,230726_ID162_20x-6.czi,tissue,CELL_230726_ID162_20x-6.czi,Historical drive ingest 2026 (drive3_MJesus-MFB); project / researcher / operator / subject decided per file before ingest (tasks/drive3_czi_gate.md). Claim: CONFIRMED.,564cfc2c5940e8b7c2d9ded707c1ec03a1439476b7bd34213ff85de399efcbb5,CONFIRMED,,
drive3_MJesus-MFB/Microscopio/Microscopio- MJesus Sanchez 2023/Machos viejos-1019-3/1019-3 ki67 and SMA/MJS-1019-ki67 and SMA/230726_ID162_20x-7.czi,AE-biomaGUNE-1019,MJ,,1019,162,230726_ID162_20x-7.czi,tissue,CELL_230726_ID162_20x-7.czi,Historical drive ingest 2026 (drive3_MJesus-MFB); project / researcher / operator / subject decided per file before ingest (tasks/drive3_czi_gate.md). Claim: CONFIRMED.,1c192696662956ffa98d83ac23971f6408b0f5c689afea6bf86c2093a2bf8ae6,CONFIRMED,,
drive3_MJesus-MFB/Microscopio/Microscopio- MJesus Sanchez 2023/Machos viejos-1019-3/1019-3 ki67 and SMA/MJS-1019-ki67 and SMA/230726_ID162_20x-8.czi,AE-biomaGUNE-1019,MJ,,1019,162,230726_ID162_20x-8.czi,tissue,CELL_230726_ID162_20x-8.czi,Historical drive ingest 2026 (drive3_MJesus-MFB); project / researcher / operator / subject decided per file before ingest (tasks/drive3_czi_gate.md). Claim: CONFIRMED.,1fa5df7e9d7144ff51e72df2b664267c502f6fc32f28deb25f22d0c1d4c05c21,CONFIRMED,,
drive3_MJesus-MFB/Microscopio/Microscopio- MJesus Sanchez 2023/Machos viejos-1019-3/1019-3 ki67 and SMA/MJS-1019-ki67 and SMA/230726_ID162_20x-9.czi,AE-biomaGUNE-1019,MJ,,1019,162,230726_ID162_20x-9.czi,tissue,CELL_230726_ID162_20x-9.czi,Historical drive ingest 2026 (drive3_MJesus-MFB); project / researcher / operator / subject decided per file before ingest (tasks/drive3_czi_gate.md). Claim: CONFIRMED.,13ac901d7ce9c5cd9e7c048e4685378a5a6ce2d7481fb3067f424ee93603cfd6,CONFIRMED,,
drive3_MJesus-MFB/Microscopio/Microscopio- MJesus Sanchez 2023/Machos viejos-1019-3/1019-3 ki67 and SMA/MJS-1019-ki67 and SMA/230726_ID162_20x-Control negativo.czi,AE-biomaGUNE-1019,MJ,,1019,162,230726_ID162_20x-Control negativo.czi,tissue,CELL_230726_ID162_20x-Control negativo.czi,Historical drive ingest 2026 (drive3_MJesus-MFB); project / researcher / operator / subject decided per file before ingest (tasks/drive3_czi_gate.md). Claim: CONFIRMED.,32ce2a09ed4e6b9a24047b063644d048defcba6ec78a40d4f96732a40cfbf3e7,CONFIRMED,,
drive3_MJesus-MFB/Microscopio/Microscopio- MJesus Sanchez 2023/Machos viejos-1019-3/1019-3 ki67 and SMA/MJS-1019-ki67 and SMA/230726_ID167_20x-1.czi,AE-biomaGUNE-1019,MJ,,1019,167,230726_ID167_20x-1.czi,tissue,CELL_230726_ID167_20x-1.czi,Historical drive ingest 2026 (drive3_MJesus-MFB); project / researcher / operator / subject decided per file before ingest (tasks/drive3_czi_gate.md). Claim: CONFIRMED.,ae333eac72a22598616eaa540aa95d588c1dad63c8877caf0ebe1d74dc598fc1,CONFIRMED,,
drive3_MJesus-MFB/Microscopio/Microscopio- MJesus Sanchez 2023/Machos viejos-1019-3/1019-3 ki67 and SMA/MJS-1019-ki67 and SMA/230726_ID167_20x-10.czi,AE-biomaGUNE-1019,MJ,,1019,167,230726_ID167_20x-10.czi,tissue,CELL_230726_ID167_20x-10.czi,Historical drive ingest 2026 (drive3_MJesus-MFB); project / researcher / operator / subject decided per file before ingest (tasks/drive3_czi_gate.md). Claim: CONFIRMED.,a62f9485aa18347e1ac7cf9cfe55de4b94f4b146fdccd7b156d26e2096839e57,CONFIRMED,,
drive3_MJesus-MFB/Microscopio/Microscopio- MJesus Sanchez 2023/Machos viejos-1019-3/1019-3 ki67 and SMA/MJS-1019-ki67 and SMA/230726_ID167_20x-11.czi,AE-biomaGUNE-1019,MJ,,1019,167,230726_ID167_20x-11.czi,tissue,CELL_230726_ID167_20x-11.czi,Historical drive ingest 2026 (drive3_MJesus-MFB); project / researcher / operator / subject decided per file before ingest (tasks/drive3_czi_gate.md). Claim: CONFIRMED.,54d5b5b62e39ee9e34010956720eac87e04d2b8bed46dd395d0afc32d97a0e80,CONFIRMED,,
drive3_MJesus-MFB/Microscopio/Microscopio- MJesus Sanchez 2023/Machos viejos-1019-3/1019-3 ki67 and SMA/MJS-1019-ki67 and SMA/230726_ID167_20x-12.czi,AE-biomaGUNE-1019,MJ,,1019,167,230726_ID167_20x-12.czi,tissue,CELL_230726_ID167_20x-12.czi,Historical drive ingest 2026 (drive3_MJesus-MFB); project / researcher / operator / subject decided per file before ingest (tasks/drive3_czi_gate.md). Claim: CONFIRMED.,999eca607254f01e49b011dbba59f44130356ac98da7e7ff7714450bdec782f9,CONFIRMED,,
drive3_MJesus-MFB/Microscopio/Microscopio- MJesus Sanchez 2023/Machos viejos-1019-3/1019-3 ki67 and SMA/MJS-1019-ki67 and SMA/230726_ID167_20x-13.czi,AE-biomaGUNE-1019,MJ,,1019,167,230726_ID167_20x-13.czi,tissue,CELL_230726_ID167_20x-13.czi,Historical drive ingest 2026 (drive3_MJesus-MFB); project / researcher / operator / subject decided per file before ingest (tasks/drive3_czi_gate.md). Claim: CONFIRMED.,40525c2119d8486bf91be884bae526cb30cef3c8188cd54eb77db7889227a74e,CONFIRMED,,
drive3_MJesus-MFB/Microscopio/Microscopio- MJesus Sanchez 2023/Machos viejos-1019-3/1019-3 ki67 and SMA/MJS-1019-ki67 and SMA/230726_ID167_20x-14.czi,AE-biomaGUNE-1019,MJ,,1019,167,230726_ID167_20x-14.czi,tissue,CELL_230726_ID167_20x-14.czi,Historical drive ingest 2026 (drive3_MJesus-MFB); project / researcher / operator / subject decided per file before ingest (tasks/drive3_czi_gate.md). Claim: CONFIRMED.,ee1fc61a286ba5c04d2b350985facc7562b3d9199d6cce4b71e1f6ecb41cc8c9,CONFIRMED,,
drive3_MJesus-MFB/Microscopio/Microscopio- MJesus Sanchez 2023/Machos viejos-1019-3/1019-3 ki67 and SMA/MJS-1019-ki67 and SMA/230726_ID167_20x-15.czi,AE-biomaGUNE-1019,MJ,,1019,167,230726_ID167_20x-15.czi,tissue,CELL_230726_ID167_20x-15.czi,Historical drive ingest 2026 (drive3_MJesus-MFB); project / researcher / operator / subject decided per file before ingest (tasks/drive3_czi_gate.md). Claim: CONFIRMED.,2522cf5944226d32ef165484af22844cadeaecaab40eb29d4b4bb4cdc1420e96,CONFIRMED,,
drive3_MJesus-MFB/Microscopio/Microscopio- MJesus Sanchez 2023/Machos viejos-1019-3/1019-3 ki67 and SMA/MJS-1019-ki67 and SMA/230726_ID167_20x-2.czi,AE-biomaGUNE-1019,MJ,,1019,167,230726_ID167_20x-2.czi,tissue,CELL_230726_ID167_20x-2.czi,Historical drive ingest 2026 (drive3_MJesus-MFB); project / researcher / operator / subject decided per file before ingest (tasks/drive3_czi_gate.md). Claim: CONFIRMED.,8eb7a58db593a408d108aad085b6b1f416241bd69e93462ac34c6d6ff4352862,CONFIRMED,,
drive3_MJesus-MFB/Microscopio/Microscopio- MJesus Sanchez 2023/Machos viejos-1019-3/1019-3 ki67 and SMA/MJS-1019-ki67 and SMA/230726_ID167_20x-3.czi,AE-biomaGUNE-1019,MJ,,1019,167,230726_ID167_20x-3.czi,tissue,CELL_230726_ID167_20x-3.czi,Historical drive ingest 2026 (drive3_MJesus-MFB); project / researcher / operator / subject decided per file before ingest (tasks/drive3_czi_gate.md). Claim: CONFIRMED.,2bef3ee733bdd8c773a1a7036cc72c561f17b3c7be23039978ec6779f66d23b1,CONFIRMED,,
drive3_MJesus-MFB/Microscopio/Microscopio- MJesus Sanchez 2023/Machos viejos-1019-3/1019-3 ki67 and SMA/MJS-1019-ki67 and SMA/230726_ID167_20x-5.czi,AE-biomaGUNE-1019,MJ,,1019,167,230726_ID167_20x-5.czi,tissue,CELL_230726_ID167_20x-5.czi,Historical drive ingest 2026 (drive3_MJesus-MFB); project / researcher / operator / subject decided per file before ingest (tasks/drive3_czi_gate.md). Claim: CONFIRMED.,ed6feef7c42d5299bba41497d0368ac1c72334d30e3882101365ed49c764edb7,CONFIRMED,,
drive3_MJesus-MFB/Microscopio/Microscopio- MJesus Sanchez 2023/Machos viejos-1019-3/1019-3 ki67 and SMA/MJS-1019-ki67 and SMA/230726_ID167_20x-6.czi,AE-biomaGUNE-1019,MJ,,1019,167,230726_ID167_20x-6.czi,tissue,CELL_230726_ID167_20x-6.czi,Historical drive ingest 2026 (drive3_MJesus-MFB); project / researcher / operator / subject decided per file before ingest (tasks/drive3_czi_gate.md). Claim: CONFIRMED.,0a627993f46c88b24867fb536abcd198705363a676aaa4221106f40b4705d3cb,CONFIRMED,,
drive3_MJesus-MFB/Microscopio/Microscopio- MJesus Sanchez 2023/Machos viejos-1019-3/1019-3 ki67 and SMA/MJS-1019-ki67 and SMA/230726_ID167_20x-7.czi,AE-biomaGUNE-1019,MJ,,1019,167,230726_ID167_20x-7.czi,tissue,CELL_230726_ID167_20x-7.czi,Historical drive ingest 2026 (drive3_MJesus-MFB); project / researcher / operator / subject decided per file before ingest (tasks/drive3_czi_gate.md). Claim: CONFIRMED.,a2da37f04157694a7c5d78cd1c0811e8a5dc33700b588f012100d17e856fdbe2,CONFIRMED,,
drive3_MJesus-MFB/Microscopio/Microscopio- MJesus Sanchez 2023/Machos viejos-1019-3/1019-3 ki67 and SMA/MJS-1019-ki67 and SMA/230726_ID167_20x-74.czi,AE-biomaGUNE-1019,MJ,,1019,167,230726_ID167_20x-74.czi,tissue,CELL_230726_ID167_20x-74.czi,Historical drive ingest 2026 (drive3_MJesus-MFB); project / researcher / operator / subject decided per file before ingest (tasks/drive3_czi_gate.md). Claim: CONFIRMED.,7974cb403a7002ee3e55d64d051ede3f766164fd305ba1ec36e380172417d84c,CONFIRMED,,
drive3_MJesus-MFB/Microscopio/Microscopio- MJesus Sanchez 2023/Machos viejos-1019-3/1019-3 ki67 and SMA/MJS-1019-ki67 and SMA/230726_ID167_20x-8.czi,AE-biomaGUNE-1019,MJ,,1019,167,230726_ID167_20x-8.czi,tissue,CELL_230726_ID167_20x-8.czi,Historical drive ingest 2026 (drive3_MJesus-MFB); project / researcher / operator / subject decided per file before ingest (tasks/drive3_czi_gate.md). Claim: CONFIRMED.,2e53bd7d010957d2c99b7a27f29c4caa6a9975aed5fe30fa902a48f546e30e26,CONFIRMED,,
drive3_MJesus-MFB/Microscopio/Microscopio- MJesus Sanchez 2023/Machos viejos-1019-3/1019-3 ki67 and SMA/MJS-1019-ki67 and SMA/230726_ID167_20x-9.czi,AE-biomaGUNE-1019,MJ,,1019,167,230726_ID167_20x-9.czi,tissue,CELL_230726_ID167_20x-9.czi,Historical drive ingest 2026 (drive3_MJesus-MFB); project / researcher / operator / subject decided per file before ingest (tasks/drive3_czi_gate.md). Claim: CONFIRMED.,0053246ae1f266ca40f6890751ceea79ae5b6a7d093be77f6d46d55e0b72dd85,CONFIRMED,,
drive3_MJesus-MFB/Microscopio/Microscopio- MJesus Sanchez 2023/Machos viejos-1019-3/1019-3 ki67 and SMA/MJS-1019-ki67 and SMA/230726_ID167_20x-Control negativo.czi,AE-biomaGUNE-1019,MJ,,1019,167,230726_ID167_20x-Control negativo.czi,tissue,CELL_230726_ID167_20x-Control negativo.czi,Historical drive ingest 2026 (drive3_MJesus-MFB); project / researcher / operator / subject decided per file before ingest (tasks/drive3_czi_gate.md). Claim: CONFIRMED.,8cfd842ee4ca0ea9f2de1ab50474fe9bb297c2aa9a23eb19d07a5fa1f8aaded6,CONFIRMED,,
drive3_MJesus-MFB/Microscopio/Microscopio- MJesus Sanchez 2023/Machos viejos-1019-3/1019-3 ki67 and SMA/MJS-1019-ki67 and SMA/230726_ID168_20x-1.czi,AE-biomaGUNE-1019,MJ,,1019,168,230726_ID168_20x-1.czi,tissue,CELL_230726_ID168_20x-1.czi,Historical drive ingest 2026 (drive3_MJesus-MFB); project / researcher / operator / subject decided per file before ingest (tasks/drive3_czi_gate.md). Claim: CONFIRMED.,6398113e272699e62177aae8e34a79c18e8c21ad0cea662970a64422d276ad97,CONFIRMED,,
drive3_MJesus-MFB/Microscopio/Microscopio- MJesus Sanchez 2023/Machos viejos-1019-3/1019-3 ki67 and SMA/MJS-1019-ki67 and SMA/230726_ID168_20x-10.czi,AE-biomaGUNE-1019,MJ,,1019,168,230726_ID168_20x-10.czi,tissue,CELL_230726_ID168_20x-10.czi,Historical drive ingest 2026 (drive3_MJesus-MFB); project / researcher / operator / subject decided per file before ingest (tasks/drive3_czi_gate.md). Claim: CONFIRMED.,d777bcce02d965404212047a51046f16401539060d13d0f2cb710c615804b3fd,CONFIRMED,,
drive3_MJesus-MFB/Microscopio/Microscopio- MJesus Sanchez 2023/Machos viejos-1019-3/1019-3 ki67 and SMA/MJS-1019-ki67 and SMA/230726_ID168_20x-2.czi,AE-biomaGUNE-1019,MJ,,1019,168,230726_ID168_20x-2.czi,tissue,CELL_230726_ID168_20x-2.czi,Historical drive ingest 2026 (drive3_MJesus-MFB); project / researcher / operator / subject decided per file before ingest (tasks/drive3_czi_gate.md). Claim: CONFIRMED.,d18b13e4a7eadc3c030875cb664158154db4923a45700cf2722fe2d411dfc4d4,CONFIRMED,,
drive3_MJesus-MFB/Microscopio/Microscopio- MJesus Sanchez 2023/Machos viejos-1019-3/1019-3 ki67 and SMA/MJS-1019-ki67 and SMA/230726_ID168_20x-3.czi,AE-biomaGUNE-1019,MJ,,1019,168,230726_ID168_20x-3.czi,tissue,CELL_230726_ID168_20x-3.czi,Historical drive ingest 2026 (drive3_MJesus-MFB); project / researcher / operator / subject decided per file before ingest (tasks/drive3_czi_gate.md). Claim: CONFIRMED.,82960e90a23574094d3f8afe9c1d79054ad4c3d6be4bf805b18729e561639b96,CONFIRMED,,
drive3_MJesus-MFB/Microscopio/Microscopio- MJesus Sanchez 2023/Machos viejos-1019-3/1019-3 ki67 and SMA/MJS-1019-ki67 and SMA/230726_ID168_20x-4.czi,AE-biomaGUNE-1019,MJ,,1019,168,230726_ID168_20x-4.czi,tissue,CELL_230726_ID168_20x-4.czi,Historical drive ingest 2026 (drive3_MJesus-MFB); project / researcher / operator / subject decided per file before ingest (tasks/drive3_czi_gate.md). Claim: CONFIRMED.,c3492ff8d3bbe9f893f0b7c21312b88106c50581087cee6a423fd44d0a2418f0,CONFIRMED,,
drive3_MJesus-MFB/Microscopio/Microscopio- MJesus Sanchez 2023/Machos viejos-1019-3/1019-3 ki67 and SMA/MJS-1019-ki67 and SMA/230726_ID168_20x-5.czi,AE-biomaGUNE-1019,MJ,,1019,168,230726_ID168_20x-5.czi,tissue,CELL_230726_ID168_20x-5.czi,Historical drive ingest 2026 (drive3_MJesus-MFB); project / researcher / operator / subject decided per file before ingest (tasks/drive3_czi_gate.md). Claim: CONFIRMED.,90c992b8afc12420b175080c9c8b93d4aba54e9e18a3c22581f37833de9f39df,CONFIRMED,,
drive3_MJesus-MFB/Microscopio/Microscopio- MJesus Sanchez 2023/Machos viejos-1019-3/1019-3 ki67 and SMA/MJS-1019-ki67 and SMA/230726_ID168_20x-6.czi,AE-biomaGUNE-1019,MJ,,1019,168,230726_ID168_20x-6.czi,tissue,CELL_230726_ID168_20x-6.czi,Historical drive ingest 2026 (drive3_MJesus-MFB); project / researcher / operator / subject decided per file before ingest (tasks/drive3_czi_gate.md). Claim: CONFIRMED.,24ca08e52eaf4f7ef5d45e1caa461e863e36f5af385835a287d69b9f18f81d95,CONFIRMED,,
drive3_MJesus-MFB/Microscopio/Microscopio- MJesus Sanchez 2023/Machos viejos-1019-3/1019-3 ki67 and SMA/MJS-1019-ki67 and SMA/230726_ID168_20x-7.czi,AE-biomaGUNE-1019,MJ,,1019,168,230726_ID168_20x-7.czi,tissue,CELL_230726_ID168_20x-7.czi,Historical drive ingest 2026 (drive3_MJesus-MFB); project / researcher / operator / subject decided per file before ingest (tasks/drive3_czi_gate.md). Claim: CONFIRMED.,7e0944cb358f8b7b6b392c94f665649582a46eee390f25a9e158b691fb59e99f,CONFIRMED,,
drive3_MJesus-MFB/Microscopio/Microscopio- MJesus Sanchez 2023/Machos viejos-1019-3/1019-3 ki67 and SMA/MJS-1019-ki67 and SMA/230726_ID168_20x-8.czi,AE-biomaGUNE-1019,MJ,,1019,168,230726_ID168_20x-8.czi,tissue,CELL_230726_ID168_20x-8.czi,Historical drive ingest 2026 (drive3_MJesus-MFB); project / researcher / operator / subject decided per file before ingest (tasks/drive3_czi_gate.md). Claim: CONFIRMED.,60c11f3609ec291ca50f1d58cc18c3587e7642464b855c33f9897430ce8cc936,CONFIRMED,,
drive3_MJesus-MFB/Microscopio/Microscopio- MJesus Sanchez 2023/Machos viejos-1019-3/1019-3 ki67 and SMA/MJS-1019-ki67 and SMA/230726_ID168_20x-9.czi,AE-biomaGUNE-1019,MJ,,1019,168,230726_ID168_20x-9.czi,tissue,CELL_230726_ID168_20x-9.czi,Historical drive ingest 2026 (drive3_MJesus-MFB); project / researcher / operator / subject decided per file before ingest (tasks/drive3_czi_gate.md). Claim: CONFIRMED.,e28f108cca404062c91d8e7c8e472fa793db7d8691fe7c5757943322282a3f11,CONFIRMED,,
drive3_MJesus-MFB/Microscopio/Microscopio- MJesus Sanchez 2023/Machos viejos-1019-3/1019-3 ki67 and SMA/MJS-1019-ki67 and SMA/230726_ID168_20x-Control negativo.czi,AE-biomaGUNE-1019,MJ,,1019,168,230726_ID168_20x-Control negativo.czi,tissue,CELL_230726_ID168_20x-Control negativo.czi,Historical drive ingest 2026 (drive3_MJesus-MFB); project / researcher / operator / subject decided per file before ingest (tasks/drive3_czi_gate.md). Claim: CONFIRMED.,ebeafc93c9f8d684f9ce840f3f77fa00f648ec39ead4017e00c64d1318e35a68,CONFIRMED,,
drive3_MJesus-MFB/Microscopio/Microscopio- MJesus Sanchez 2023/Machos viejos-1019-3/1019-3-230906_F4.80_20x_/230906_ID160_F4.80_20x_1019-3.czi,AE-biomaGUNE-1019,MJ,,1019,160,230906_ID160_F4.80_20x_1019-3.czi,tissue,CELL_230906_ID160_F4.80_20x_1019-3.czi,Historical drive ingest 2026 (drive3_MJesus-MFB); project / researcher / operator / subject decided per file before ingest (tasks/drive3_czi_gate.md). Claim: CONFIRMED.,37fb21ec152b9b78a3705010e675b9df3055703062ff2fa603da54cb0f2fa621,CONFIRMED,,
drive3_MJesus-MFB/Microscopio/Microscopio- MJesus Sanchez 2023/Machos viejos-1019-3/1019-3-230906_F4.80_20x_/230906_ID161_F4.80_20x_1019-3.czi,AE-biomaGUNE-1019,MJ,,1019,161,230906_ID161_F4.80_20x_1019-3.czi,tissue,CELL_230906_ID161_F4.80_20x_1019-3.czi,Historical drive ingest 2026 (drive3_MJesus-MFB); project / researcher / operator / subject decided per file before ingest (tasks/drive3_czi_gate.md). Claim: CONFIRMED.,a55c5ee927026172ac983afd7fdd05491a8ecfe27880445970975688fe17a534,CONFIRMED,,
drive3_MJesus-MFB/Microscopio/Microscopio- MJesus Sanchez 2023/Machos viejos-1019-3/1019-3-230906_F4.80_20x_/230906_ID162_F4.80_20x_1019-3.czi,AE-biomaGUNE-1019,MJ,,1019,162,230906_ID162_F4.80_20x_1019-3.czi,tissue,CELL_230906_ID162_F4.80_20x_1019-3.czi,Historical drive ingest 2026 (drive3_MJesus-MFB); project / researcher / operator / subject decided per file before ingest (tasks/drive3_czi_gate.md). Claim: CONFIRMED.,77cb48c0f1d80705c8a4daee242152eb574c718aaaeb3dfd43fd362415dad784,CONFIRMED,,
drive3_MJesus-MFB/Microscopio/Microscopio- MJesus Sanchez 2023/Machos viejos-1019-3/1019-3-230906_F4.80_20x_/230906_ID164_F4.80_20x_1019-3.czi,AE-biomaGUNE-1019,MJ,,1019,164,230906_ID164_F4.80_20x_1019-3.czi,tissue,CELL_230906_ID164_F4.80_20x_1019-3.czi,Historical drive ingest 2026 (drive3_MJesus-MFB); project / researcher / operator / subject decided per file before ingest (tasks/drive3_czi_gate.md). Claim: CONFIRMED.,46a567ecf945e0d65579c31eb4bcf810b576ccf9e67375972924e98bb1a94aeb,CONFIRMED,,
drive3_MJesus-MFB/Microscopio/Microscopio- MJesus Sanchez 2023/Machos viejos-1019-3/1019-3-230906_F4.80_20x_/230906_ID167_F4.80_20x_1019-3.czi,AE-biomaGUNE-1019,MJ,,1019,167,230906_ID167_F4.80_20x_1019-3.czi,tissue,CELL_230906_ID167_F4.80_20x_1019-3.czi,Historical drive ingest 2026 (drive3_MJesus-MFB); project / researcher / operator / subject decided per file before ingest (tasks/drive3_czi_gate.md). Claim: CONFIRMED.,62d2c00c7650f758fd792d9c8c1bd474a5fdc0121e7b3da3ec3ef6ded1a396ab,CONFIRMED,,
drive3_MJesus-MFB/Microscopio/Microscopio- MJesus Sanchez 2023/Machos viejos-1019-3/1019-3-230906_F4.80_20x_/230906_ID168_F4.80_20x_1019-3.czi,AE-biomaGUNE-1019,MJ,,1019,168,230906_ID168_F4.80_20x_1019-3.czi,tissue,CELL_230906_ID168_F4.80_20x_1019-3.czi,Historical drive ingest 2026 (drive3_MJesus-MFB); project / researcher / operator / subject decided per file before ingest (tasks/drive3_czi_gate.md). Claim: CONFIRMED.,e5b30bd5ce66eb75ece72b71b93580230bc06948c991a2288affda91bb7b979b,CONFIRMED,,
drive3_MJesus-MFB/Microscopio/Microscopio- MJesus Sanchez 2023/Machos viejos-1019-3/1019-3-230906_F4.80_20x_/230906_ID169_F4.80_20x_1019-3.czi,AE-biomaGUNE-1019,MJ,,1019,169,230906_ID169_F4.80_20x_1019-3.czi,tissue,CELL_230906_ID169_F4.80_20x_1019-3.czi,Historical drive ingest 2026 (drive3_MJesus-MFB); project / researcher / operator / subject decided per file before ingest (tasks/drive3_czi_gate.md). Claim: CONFIRMED.,a003f3c9b7f702a1c1b657046c434071b704575e35fd44bf319230d171281a9d,CONFIRMED,,
drive3_MJesus-MFB/Microscopio/Microscopio- MJesus Sanchez 2023/Machos viejos-1019-3/1019-3-230906_F4.80_20x_/230906_ID171_F4.80_20x_1019-3.czi,AE-biomaGUNE-1019,MJ,,1019,171,230906_ID171_F4.80_20x_1019-3.czi,tissue,CELL_230906_ID171_F4.80_20x_1019-3.czi,Historical drive ingest 2026 (drive3_MJesus-MFB); project / researcher / operator / subject decided per file before ingest (tasks/drive3_czi_gate.md). Claim: CONFIRMED.,2bdc86edfc1950705c87c61d9d6324086401bf3dea7759d219a12d5dd25d3948,CONFIRMED,,
drive3_MJesus-MFB/Microscopio/Microscopio- MJesus Sanchez 2023/Machos viejos-1019-3/MJS-PICROSIRIUS-1019-3/230824_PR Corazon_10x y 40x/230824_ID112_10x.czi,AE-biomaGUNE-1019,MJ,,1019,112,230824_ID112_10x.czi,tissue,CELL_230824_ID112_10x.czi,Historical drive ingest 2026 (drive3_MJesus-MFB); project / researcher / operator / subject decided per file before ingest (tasks/drive3_czi_gate.md). Claim: CONFIRMED.,c5af3cefd0337f588ff325082153b2a184ed538ed3e1b35b02a6be04e24ba8a1,CONFIRMED,,
drive3_MJesus-MFB/Microscopio/Microscopio- MJesus Sanchez 2023/Machos viejos-1019-3/MJS-PICROSIRIUS-1019-3/230824_PR Corazon_10x y 40x/230824_ID112_LV_40x-1.czi,AE-biomaGUNE-1019,MJ,,1019,112,230824_ID112_LV_40x-1.czi,tissue,CELL_230824_ID112_LV_40x-1.czi,Historical drive ingest 2026 (drive3_MJesus-MFB); project / researcher / operator / subject decided per file before ingest (tasks/drive3_czi_gate.md). Claim: CONFIRMED.,f13db3432f0e68eb780323931a0e97d9bf0e45da54472d2931985d6d35939d57,CONFIRMED,,
drive3_MJesus-MFB/Microscopio/Microscopio- MJesus Sanchez 2023/Machos viejos-1019-3/MJS-PICROSIRIUS-1019-3/230824_PR Corazon_10x y 40x/230824_ID112_LV_40x-2.czi,AE-biomaGUNE-1019,MJ,,1019,112,230824_ID112_LV_40x-2.czi,tissue,CELL_230824_ID112_LV_40x-2.czi,Historical drive ingest 2026 (drive3_MJesus-MFB); project / researcher / operator / subject decided per file before ingest (tasks/drive3_czi_gate.md). Claim: CONFIRMED.,a1487218675b75dc4870f5790245b9eb13cf3be715b6e001327034dedf109b84,CONFIRMED,,
drive3_MJesus-MFB/Microscopio/Microscopio- MJesus Sanchez 2023/Machos viejos-1019-3/MJS-PICROSIRIUS-1019-3/230824_PR Corazon_10x y 40x/230824_ID112_LV_40x-3.czi,AE-biomaGUNE-1019,MJ,,1019,112,230824_ID112_LV_40x-3.czi,tissue,CELL_230824_ID112_LV_40x-3.czi,Historical drive ingest 2026 (drive3_MJesus-MFB); project / researcher / operator / subject decided per file before ingest (tasks/drive3_czi_gate.md). Claim: CONFIRMED.,dd844c6f78fcc3a6dab6fd3f3fec10d085bdc0c2dc0f63ed7cc1c9d3f9faf95c,CONFIRMED,,
drive3_MJesus-MFB/Microscopio/Microscopio- MJesus Sanchez 2023/Machos viejos-1019-3/MJS-PICROSIRIUS-1019-3/230824_PR Corazon_10x y 40x/230824_ID112_RV_40x-1.czi,AE-biomaGUNE-1019,MJ,,1019,112,230824_ID112_RV_40x-1.czi,tissue,CELL_230824_ID112_RV_40x-1.czi,Historical drive ingest 2026 (drive3_MJesus-MFB); project / researcher / operator / subject decided per file before ingest (tasks/drive3_czi_gate.md). Claim: CONFIRMED.,c074f0691b163c31941599c6dc6a4087a5862811baff42e0c61e9179445c03d6,CONFIRMED,,
drive3_MJesus-MFB/Microscopio/Microscopio- MJesus Sanchez 2023/Machos viejos-1019-3/MJS-PICROSIRIUS-1019-3/230824_PR Corazon_10x y 40x/230824_ID112_RV_40x-2.czi,AE-biomaGUNE-1019,MJ,,1019,112,230824_ID112_RV_40x-2.czi,tissue,CELL_230824_ID112_RV_40x-2.czi,Historical drive ingest 2026 (drive3_MJesus-MFB); project / researcher / operator / subject decided per file before ingest (tasks/drive3_czi_gate.md). Claim: CONFIRMED.,f6531823e50b3394f911b6ec800934ba023d095e80f32838355487faf2c72b34,CONFIRMED,,
drive3_MJesus-MFB/Microscopio/Microscopio- MJesus Sanchez 2023/Machos viejos-1019-3/MJS-PICROSIRIUS-1019-3/230824_PR Corazon_10x y 40x/230824_ID112_RV_40x-3.czi,AE-biomaGUNE-1019,MJ,,1019,112,230824_ID112_RV_40x-3.czi,tissue,CELL_230824_ID112_RV_40x-3.czi,Historical drive ingest 2026 (drive3_MJesus-MFB); project / researcher / operator / subject decided per file before ingest (tasks/drive3_czi_gate.md). Claim: CONFIRMED.,8f9fdee5ad58179480dc109db7bbd885af047c9022eba8088380f021db70d9ea,CONFIRMED,,
drive3_MJesus-MFB/Microscopio/Microscopio- MJesus Sanchez 2023/Machos viejos-1019-3/MJS-PICROSIRIUS-1019-3/230824_PR Corazon_10x y 40x/230824_ID75_10x.czi,AE-biomaGUNE-1019,MJ,,1019,75,230824_ID75_10x.czi,tissue,CELL_230824_ID75_10x.czi,Historical drive ingest 2026 (drive3_MJesus-MFB); project / researcher / operator / subject decided per file before ingest (tasks/drive3_czi_gate.md). Claim: CONFIRMED.,d5ce83cbb5372030ec1a101dea4222c53c1a50217965308fab7f610cfddd5b17,CONFIRMED,,
drive3_MJesus-MFB/Microscopio/Microscopio- MJesus Sanchez 2023/Machos viejos-1019-3/MJS-PICROSIRIUS-1019-3/230824_PR Corazon_10x y 40x/230824_ID75_LV_40x-1.czi,AE-biomaGUNE-1019,MJ,,1019,75,230824_ID75_LV_40x-1.czi,tissue,CELL_230824_ID75_LV_40x-1.czi,Historical drive ingest 2026 (drive3_MJesus-MFB); project / researcher / operator / subject decided per file before ingest (tasks/drive3_czi_gate.md). Claim: CONFIRMED.,4b436ae912684820c71f38f7e280380ae5eca76e08619ba8034b3bebae820a37,CONFIRMED,,
drive3_MJesus-MFB/Microscopio/Microscopio- MJesus Sanchez 2023/Machos viejos-1019-3/MJS-PICROSIRIUS-1019-3/230824_PR Corazon_10x y 40x/230824_ID75_LV_40x-2.czi,AE-biomaGUNE-1019,MJ,,1019,75,230824_ID75_LV_40x-2.czi,tissue,CELL_230824_ID75_LV_40x-2.czi,Historical drive ingest 2026 (drive3_MJesus-MFB); project / researcher / operator / subject decided per file before ingest (tasks/drive3_czi_gate.md). Claim: CONFIRMED.,554e4dc04dff36ccb1dc598fa9970eafdc97da2c215d9615aed9b50302579cd4,CONFIRMED,,
drive3_MJesus-MFB/Microscopio/Microscopio- MJesus Sanchez 2023/Machos viejos-1019-3/MJS-PICROSIRIUS-1019-3/230824_PR Corazon_10x y 40x/230824_ID75_RV_40x-1.czi,AE-biomaGUNE-1019,MJ,,1019,75,230824_ID75_RV_40x-1.czi,tissue,CELL_230824_ID75_RV_40x-1.czi,Historical drive ingest 2026 (drive3_MJesus-MFB); project / researcher / operator / subject decided per file before ingest (tasks/drive3_czi_gate.md). Claim: CONFIRMED.,5d75efda35b236ac56f1526b544c0b7f897f76cf2325bb87202c54638e95d1bb,CONFIRMED,,
drive3_MJesus-MFB/Microscopio/Microscopio- MJesus Sanchez 2023/Machos viejos-1019-3/MJS-PICROSIRIUS-1019-3/230824_PR Corazon_10x y 40x/230824_ID75_RV_40x-2.czi,AE-biomaGUNE-1019,MJ,,1019,75,230824_ID75_RV_40x-2.czi,tissue,CELL_230824_ID75_RV_40x-2.czi,Historical drive ingest 2026 (drive3_MJesus-MFB); project / researcher / operator / subject decided per file before ingest (tasks/drive3_czi_gate.md). Claim: CONFIRMED.,d6f346b79f229adfa3adcc9d3902b8ab9589c0c5fcc9d103f42ed3ff4f4adceb,CONFIRMED,,
drive3_MJesus-MFB/Microscopio/Microscopio- MJesus Sanchez 2023/Machos viejos-1019-3/TOM20-MTCOI-20x-1019-3/ID160_VD-1.czi,AE-biomaGUNE-1019,MJ,,1019,160,ID160_VD-1.czi,tissue,CELL_ID160_VD-1.czi,Historical drive ingest 2026 (drive3_MJesus-MFB); project / researcher / operator / subject decided per file before ingest (tasks/drive3_czi_gate.md). Claim: CONFIRMED.,e2db4a8ffd7959d3ffea43f62fbb507561eb8f5aeaf158e470b86796d9a53316,CONFIRMED,,
drive3_MJesus-MFB/Microscopio/Microscopio- MJesus Sanchez 2023/Machos viejos-1019-3/TOM20-MTCOI-20x-1019-3/ID160_VD-2.czi,AE-biomaGUNE-1019,MJ,,1019,160,ID160_VD-2.czi,tissue,CELL_ID160_VD-2.czi,Historical drive ingest 2026 (drive3_MJesus-MFB); project / researcher / operator / subject decided per file before ingest (tasks/drive3_czi_gate.md). Claim: CONFIRMED.,63d168b851d1124ef604a09c4dc3370e2cfd54fd78e11800437faef6ca759c78,CONFIRMED,,
drive3_MJesus-MFB/Microscopio/Microscopio- MJesus Sanchez 2023/Machos viejos-1019-3/TOM20-MTCOI-20x-1019-3/ID160_VD-3.czi,AE-biomaGUNE-1019,MJ,,1019,160,ID160_VD-3.czi,tissue,CELL_ID160_VD-3.czi,Historical drive ingest 2026 (drive3_MJesus-MFB); project / researcher / operator / subject decided per file before ingest (tasks/drive3_czi_gate.md). Claim: CONFIRMED.,4fd3f4a4ec15e25ad2b3665c875c67a9bbcb33650b6075c0505bff28962fab23,CONFIRMED,,
drive3_MJesus-MFB/Microscopio/Microscopio- MJesus Sanchez 2023/Machos viejos-1019-3/TOM20-MTCOI-20x-1019-3/ID160_VI-1.czi,AE-biomaGUNE-1019,MJ,,1019,160,ID160_VI-1.czi,tissue,CELL_ID160_VI-1.czi,Historical drive ingest 2026 (drive3_MJesus-MFB); project / researcher / operator / subject decided per file before ingest (tasks/drive3_czi_gate.md). Claim: CONFIRMED.,377acf9e21a8fd04fded0a2ca3940e5dfccfa428213946a15db48e3aca46a3b4,CONFIRMED,,
drive3_MJesus-MFB/Microscopio/Microscopio- MJesus Sanchez 2023/Machos viejos-1019-3/TOM20-MTCOI-20x-1019-3/ID160_VI-2.czi,AE-biomaGUNE-1019,MJ,,1019,160,ID160_VI-2.czi,tissue,CELL_ID160_VI-2.czi,Historical drive ingest 2026 (drive3_MJesus-MFB); project / researcher / operator / subject decided per file before ingest (tasks/drive3_czi_gate.md). Claim: CONFIRMED.,b07e13be518b31074bf2a84491265481cec2d9fb00b5bf84392b6c8751df708e,CONFIRMED,,
drive3_MJesus-MFB/Microscopio/Microscopio- MJesus Sanchez 2023/Machos viejos-1019-3/TOM20-MTCOI-20x-1019-3/ID160_VI-3.czi,AE-biomaGUNE-1019,MJ,,1019,160,ID160_VI-3.czi,tissue,CELL_ID160_VI-3.czi,Historical drive ingest 2026 (drive3_MJesus-MFB); project / researcher / operator / subject decided per file before ingest (tasks/drive3_czi_gate.md). Claim: CONFIRMED.,e1d4c55b8742c4f919080efcc720d4d4ac382fa7626eb57cdd5cc869243af658,CONFIRMED,,
drive3_MJesus-MFB/Microscopio/Microscopio- MJesus Sanchez 2023/Machos viejos-1019-3/TOM20-MTCOI-20x-1019-3/ID160_control negativo.czi,AE-biomaGUNE-1019,MJ,,1019,160,ID160_control negativo.czi,tissue,CELL_ID160_control negativo_20230719.czi,Historical drive ingest 2026 (drive3_MJesus-MFB); project / researcher / operator / subject decided per file before ingest (tasks/drive3_czi_gate.md). Claim: CONFIRMED.,93c2aaf24a3ceb9a55d9177bde9db670c48fa1837bd76694823c8e3620102177,CONFIRMED,,
drive3_MJesus-MFB/Microscopio/Microscopio- MJesus Sanchez 2023/Machos viejos-1019-3/TOM20-MTCOI-20x-1019-3/ID161_VD-1.czi,AE-biomaGUNE-1019,MJ,,1019,161,ID161_VD-1.czi,tissue,CELL_ID161_VD-1.czi,Historical drive ingest 2026 (drive3_MJesus-MFB); project / researcher / operator / subject decided per file before ingest (tasks/drive3_czi_gate.md). Claim: CONFIRMED.,2d5c7aa61b8293be6144241de35af2c0e17b3f849523fe3ad8b3e6a0b75f5f47,CONFIRMED,,
drive3_MJesus-MFB/Microscopio/Microscopio- MJesus Sanchez 2023/Machos viejos-1019-3/TOM20-MTCOI-20x-1019-3/ID161_VD-2.czi,AE-biomaGUNE-1019,MJ,,1019,161,ID161_VD-2.czi,tissue,CELL_ID161_VD-2.czi,Historical drive ingest 2026 (drive3_MJesus-MFB); project / researcher / operator / subject decided per file before ingest (tasks/drive3_czi_gate.md). Claim: CONFIRMED.,0755c01881ab0bc885f1864bfede4a3f16e3f866db69aa524490dfb85b84be04,CONFIRMED,,
drive3_MJesus-MFB/Microscopio/Microscopio- MJesus Sanchez 2023/Machos viejos-1019-3/TOM20-MTCOI-20x-1019-3/ID161_VD-3.czi,AE-biomaGUNE-1019,MJ,,1019,161,ID161_VD-3.czi,tissue,CELL_ID161_VD-3.czi,Historical drive ingest 2026 (drive3_MJesus-MFB); project / researcher / operator / subject decided per file before ingest (tasks/drive3_czi_gate.md). Claim: CONFIRMED.,c46c6659b0985d71fa23cc0b589f01e3123b571156a4454541a022e339f0acb7,CONFIRMED,,
drive3_MJesus-MFB/Microscopio/Microscopio- MJesus Sanchez 2023/Machos viejos-1019-3/TOM20-MTCOI-20x-1019-3/ID161_VI-1.czi,AE-biomaGUNE-1019,MJ,,1019,161,ID161_VI-1.czi,tissue,CELL_ID161_VI-1.czi,Historical drive ingest 2026 (drive3_MJesus-MFB); project / researcher / operator / subject decided per file before ingest (tasks/drive3_czi_gate.md). Claim: CONFIRMED.,e5bbed73d3340da7288099d6d3dbafbad7821b447a9baaa5ecd53986afbeccda,CONFIRMED,,
drive3_MJesus-MFB/Microscopio/Microscopio- MJesus Sanchez 2023/Machos viejos-1019-3/TOM20-MTCOI-20x-1019-3/ID161_VI-2.czi,AE-biomaGUNE-1019,MJ,,1019,161,ID161_VI-2.czi,tissue,CELL_ID161_VI-2.czi,Historical drive ingest 2026 (drive3_MJesus-MFB); project / researcher / operator / subject decided per file before ingest (tasks/drive3_czi_gate.md). Claim: CONFIRMED.,7a540fd09ce889e590987e265aca102ae997c00cf3e9de22be9459da93cb6efb,CONFIRMED,,
drive3_MJesus-MFB/Microscopio/Microscopio- MJesus Sanchez 2023/Machos viejos-1019-3/TOM20-MTCOI-20x-1019-3/ID161_VI-3.czi,AE-biomaGUNE-1019,MJ,,1019,161,ID161_VI-3.czi,tissue,CELL_ID161_VI-3.czi,Historical drive ingest 2026 (drive3_MJesus-MFB); project / researcher / operator / subject decided per file before ingest (tasks/drive3_czi_gate.md). Claim: CONFIRMED.,24c7490cc3cd5e444d4e44bd75e5e38e5eaec27d56b31d6444ec93503c568f78,CONFIRMED,,
drive3_MJesus-MFB/Microscopio/Microscopio- MJesus Sanchez 2023/Machos viejos-1019-3/TOM20-MTCOI-20x-1019-3/ID161_control negativo.czi,AE-biomaGUNE-1019,MJ,,1019,161,ID161_control negativo.czi,tissue,CELL_ID161_control negativo_20230720.czi,Historical drive ingest 2026 (drive3_MJesus-MFB); project / researcher / operator / subject decided per file before ingest (tasks/drive3_czi_gate.md). Claim: CONFIRMED.,6c31db8b5716dd1cdf2444a01516f4fb1c2671714e942a2c3756141b841e8de6,CONFIRMED,,
drive3_MJesus-MFB/Microscopio/Microscopio- MJesus Sanchez 2023/Machos viejos-1019-3/TOM20-MTCOI-20x-1019-3/ID162_VD-1.czi,AE-biomaGUNE-1019,MJ,,1019,162,ID162_VD-1.czi,tissue,CELL_ID162_VD-1.czi,Historical drive ingest 2026 (drive3_MJesus-MFB); project / researcher / operator / subject decided per file before ingest (tasks/drive3_czi_gate.md). Claim: CONFIRMED.,d995a437a5dc4a6bdf26e359572cd56b8e60ccb201762d8ac9c279671680496e,CONFIRMED,,
drive3_MJesus-MFB/Microscopio/Microscopio- MJesus Sanchez 2023/Machos viejos-1019-3/TOM20-MTCOI-20x-1019-3/ID162_VD-2.czi,AE-biomaGUNE-1019,MJ,,1019,162,ID162_VD-2.czi,tissue,CELL_ID162_VD-2.czi,Historical drive ingest 2026 (drive3_MJesus-MFB); project / researcher / operator / subject decided per file before ingest (tasks/drive3_czi_gate.md). Claim: CONFIRMED.,867f3206acb3c3e211f63917cd13c9b3adb8ec8b1f49ce1b3b14ec61c0d5a21a,CONFIRMED,,
drive3_MJesus-MFB/Microscopio/Microscopio- MJesus Sanchez 2023/Machos viejos-1019-3/TOM20-MTCOI-20x-1019-3/ID162_VD-3.czi,AE-biomaGUNE-1019,MJ,,1019,162,ID162_VD-3.czi,tissue,CELL_ID162_VD-3.czi,Historical drive ingest 2026 (drive3_MJesus-MFB); project / researcher / operator / subject decided per file before ingest (tasks/drive3_czi_gate.md). Claim: CONFIRMED.,b8a2a09a82d576dfdb17f170c55109ac38e0437c411725326117a04055a74462,CONFIRMED,,
drive3_MJesus-MFB/Microscopio/Microscopio- MJesus Sanchez 2023/Machos viejos-1019-3/TOM20-MTCOI-20x-1019-3/ID162_VI-1.czi,AE-biomaGUNE-1019,MJ,,1019,162,ID162_VI-1.czi,tissue,CELL_ID162_VI-1.czi,Historical drive ingest 2026 (drive3_MJesus-MFB); project / researcher / operator / subject decided per file before ingest (tasks/drive3_czi_gate.md). Claim: CONFIRMED.,1f54a6a46c9f3f5eb92e13f8a6ee68d62231f82422c374b753c06e4a72cc59bf,CONFIRMED,,
drive3_MJesus-MFB/Microscopio/Microscopio- MJesus Sanchez 2023/Machos viejos-1019-3/TOM20-MTCOI-20x-1019-3/ID162_VI-2.czi,AE-biomaGUNE-1019,MJ,,1019,162,ID162_VI-2.czi,tissue,CELL_ID162_VI-2.czi,Historical drive ingest 2026 (drive3_MJesus-MFB); project / researcher / operator / subject decided per file before ingest (tasks/drive3_czi_gate.md). Claim: CONFIRMED.,12117916ac8bff5681057ea4e0e30019ba769b3bfe144c91b930feea0b1b160d,CONFIRMED,,
drive3_MJesus-MFB/Microscopio/Microscopio- MJesus Sanchez 2023/Machos viejos-1019-3/TOM20-MTCOI-20x-1019-3/ID162_VI-3.czi,AE-biomaGUNE-1019,MJ,,1019,162,ID162_VI-3.czi,tissue,CELL_ID162_VI-3.czi,Historical drive ingest 2026 (drive3_MJesus-MFB); project / researcher / operator / subject decided per file before ingest (tasks/drive3_czi_gate.md). Claim: CONFIRMED.,604da66901faed1c4ca9fff2094a8251478caea9b3741003b67bd086c1fa9d5b,CONFIRMED,,
drive3_MJesus-MFB/Microscopio/Microscopio- MJesus Sanchez 2023/Machos viejos-1019-3/TOM20-MTCOI-20x-1019-3/ID162_control negativo.czi,AE-biomaGUNE-1019,MJ,,1019,162,ID162_control negativo.czi,tissue,CELL_ID162_control negativo_20230720.czi,Historical drive ingest 2026 (drive3_MJesus-MFB); project / researcher / operator / subject decided per file before ingest (tasks/drive3_czi_gate.md). Claim: CONFIRMED.,ab92a6a36b5ca3f69f03a4382cfe8a1fe79920b52d33df1935107429724fb0f2,CONFIRMED,,
drive3_MJesus-MFB/Microscopio/Microscopio- MJesus Sanchez 2023/Machos viejos-1019-3/TOM20-MTCOI-20x-1019-3/ID167_VD-1.czi,AE-biomaGUNE-1019,MJ,,1019,167,ID167_VD-1.czi,tissue,CELL_ID167_VD-1.czi,Historical drive ingest 2026 (drive3_MJesus-MFB); project / researcher / operator / subject decided per file before ingest (tasks/drive3_czi_gate.md). Claim: CONFIRMED.,aa400fc3a77933180e52a8a8aaef8eca67230d27742c8c46ea3599e66b2203a4,CONFIRMED,,
drive3_MJesus-MFB/Microscopio/Microscopio- MJesus Sanchez 2023/Machos viejos-1019-3/TOM20-MTCOI-20x-1019-3/ID167_VD-2.czi,AE-biomaGUNE-1019,MJ,,1019,167,ID167_VD-2.czi,tissue,CELL_ID167_VD-2.czi,Historical drive ingest 2026 (drive3_MJesus-MFB); project / researcher / operator / subject decided per file before ingest (tasks/drive3_czi_gate.md). Claim: CONFIRMED.,301b11cba5cc22c86cad09d86b06eb4d6839ad3da88c6db818e40cbd9d41f0cf,CONFIRMED,,
drive3_MJesus-MFB/Microscopio/Microscopio- MJesus Sanchez 2023/Machos viejos-1019-3/TOM20-MTCOI-20x-1019-3/ID167_VD-3.czi,AE-biomaGUNE-1019,MJ,,1019,167,ID167_VD-3.czi,tissue,CELL_ID167_VD-3.czi,Historical drive ingest 2026 (drive3_MJesus-MFB); project / researcher / operator / subject decided per file before ingest (tasks/drive3_czi_gate.md). Claim: CONFIRMED.,723306578cb4ba2bef0cc7b15c5a4422f8da9b7fb738701c513a22ea7e8fa37a,CONFIRMED,,
drive3_MJesus-MFB/Microscopio/Microscopio- MJesus Sanchez 2023/Machos viejos-1019-3/TOM20-MTCOI-20x-1019-3/ID167_VI-1.czi,AE-biomaGUNE-1019,MJ,,1019,167,ID167_VI-1.czi,tissue,CELL_ID167_VI-1.czi,Historical drive ingest 2026 (drive3_MJesus-MFB); project / researcher / operator / subject decided per file before ingest (tasks/drive3_czi_gate.md). Claim: CONFIRMED.,f5919709576f08fd8a0df63009c09a77a04a0740b1ffd07e38bb8a4e07fd11c6,CONFIRMED,,
drive3_MJesus-MFB/Microscopio/Microscopio- MJesus Sanchez 2023/Machos viejos-1019-3/TOM20-MTCOI-20x-1019-3/ID167_VI-2.czi,AE-biomaGUNE-1019,MJ,,1019,167,ID167_VI-2.czi,tissue,CELL_ID167_VI-2.czi,Historical drive ingest 2026 (drive3_MJesus-MFB); project / researcher / operator / subject decided per file before ingest (tasks/drive3_czi_gate.md). Claim: CONFIRMED.,c2d6533770865d13d07c77a8d73b420b559c46a5e49a93a762c87947d5302382,CONFIRMED,,
drive3_MJesus-MFB/Microscopio/Microscopio- MJesus Sanchez 2023/Machos viejos-1019-3/TOM20-MTCOI-20x-1019-3/ID167_VI-3.czi,AE-biomaGUNE-1019,MJ,,1019,167,ID167_VI-3.czi,tissue,CELL_ID167_VI-3.czi,Historical drive ingest 2026 (drive3_MJesus-MFB); project / researcher / operator / subject decided per file before ingest (tasks/drive3_czi_gate.md). Claim: CONFIRMED.,368fb8d213e456c02e407f46f3d0b76df426ab499a2ac4406f8ec3393535a5a1,CONFIRMED,,
drive3_MJesus-MFB/Microscopio/Microscopio- MJesus Sanchez 2023/Machos viejos-1019-3/TOM20-MTCOI-20x-1019-3/ID167_control negativo.czi,AE-biomaGUNE-1019,MJ,,1019,167,ID167_control negativo.czi,tissue,CELL_ID167_control negativo_20230720.czi,Historical drive ingest 2026 (drive3_MJesus-MFB); project / researcher / operator / subject decided per file before ingest (tasks/drive3_czi_gate.md). Claim: CONFIRMED.,ffe18ef73f929bd77aa2ec53a77b9b6dbdbd48441b3a6e04701faa81175c53c6,CONFIRMED,,
drive3_MJesus-MFB/Microscopio/Microscopio- MJesus Sanchez 2023/Machos viejos-1019-3/TOM20-MTCOI-20x-1019-3/ID168_VD-1.czi,AE-biomaGUNE-1019,MJ,,1019,168,ID168_VD-1.czi,tissue,CELL_ID168_VD-1.czi,Historical drive ingest 2026 (drive3_MJesus-MFB); project / researcher / operator / subject decided per file before ingest (tasks/drive3_czi_gate.md). Claim: CONFIRMED.,2e0dbd039eed09df775d1ea527b77db6fe39b94156939ffce139daf2d4f41b29,CONFIRMED,,
drive3_MJesus-MFB/Microscopio/Microscopio- MJesus Sanchez 2023/Machos viejos-1019-3/TOM20-MTCOI-20x-1019-3/ID168_VD-2.czi,AE-biomaGUNE-1019,MJ,,1019,168,ID168_VD-2.czi,tissue,CELL_ID168_VD-2.czi,Historical drive ingest 2026 (drive3_MJesus-MFB); project / researcher / operator / subject decided per file before ingest (tasks/drive3_czi_gate.md). Claim: CONFIRMED.,b1af45890c823d1c093f4217ace011d123d2acfbab62b1a92e18144372a3062c,CONFIRMED,,
drive3_MJesus-MFB/Microscopio/Microscopio- MJesus Sanchez 2023/Machos viejos-1019-3/TOM20-MTCOI-20x-1019-3/ID168_VD-3.czi,AE-biomaGUNE-1019,MJ,,1019,168,ID168_VD-3.czi,tissue,CELL_ID168_VD-3.czi,Historical drive ingest 2026 (drive3_MJesus-MFB); project / researcher / operator / subject decided per file before ingest (tasks/drive3_czi_gate.md). Claim: CONFIRMED.,f58d6fd3c2e0244e240571fed4592fdd99687c5b4ab52dbb2b6f7aec3357dc54,CONFIRMED,,
drive3_MJesus-MFB/Microscopio/Microscopio- MJesus Sanchez 2023/Machos viejos-1019-3/TOM20-MTCOI-20x-1019-3/ID168_VI-1.czi,AE-biomaGUNE-1019,MJ,,1019,168,ID168_VI-1.czi,tissue,CELL_ID168_VI-1.czi,Historical drive ingest 2026 (drive3_MJesus-MFB); project / researcher / operator / subject decided per file before ingest (tasks/drive3_czi_gate.md). Claim: CONFIRMED.,c053190e635ad997ed593d2e2a049ad728941f7b149dd741d1c9ce6933806d08,CONFIRMED,,
drive3_MJesus-MFB/Microscopio/Microscopio- MJesus Sanchez 2023/Machos viejos-1019-3/TOM20-MTCOI-20x-1019-3/ID168_VI-2.czi,AE-biomaGUNE-1019,MJ,,1019,168,ID168_VI-2.czi,tissue,CELL_ID168_VI-2.czi,Historical drive ingest 2026 (drive3_MJesus-MFB); project / researcher / operator / subject decided per file before ingest (tasks/drive3_czi_gate.md). Claim: CONFIRMED.,b1d8d708cfb070133c532c111cdab5048ae0e0fd01fb4b969c9c1160b4a0223d,CONFIRMED,,
drive3_MJesus-MFB/Microscopio/Microscopio- MJesus Sanchez 2023/Machos viejos-1019-3/TOM20-MTCOI-20x-1019-3/ID168_VI-3.czi,AE-biomaGUNE-1019,MJ,,1019,168,ID168_VI-3.czi,tissue,CELL_ID168_VI-3.czi,Historical drive ingest 2026 (drive3_MJesus-MFB); project / researcher / operator / subject decided per file before ingest (tasks/drive3_czi_gate.md). Claim: CONFIRMED.,380a383a58d40dc406b3eda3968f2fb8ca782ae50c3f8ecfd9eab26e78422255,CONFIRMED,,
drive3_MJesus-MFB/Microscopio/Microscopio- MJesus Sanchez 2023/Machos viejos-1019-3/TOM20-MTCOI-20x-1019-3/ID168_control negativo.czi,AE-biomaGUNE-1019,MJ,,1019,168,ID168_control negativo.czi,tissue,CELL_ID168_control negativo_20230720.czi,Historical drive ingest 2026 (drive3_MJesus-MFB); project / researcher / operator / subject decided per file before ingest (tasks/drive3_czi_gate.md). Claim: CONFIRMED.,9d8f86da7a370d966b7b99342c4ccfc884df7904e1dbda5b532c3617d691fcda,CONFIRMED,,
drive3_MJesus-MFB/Microscopio/Microscopio- MJesus Sanchez 2023/Machos viejos-1019-3/TOM20-MTCOI-20x-1019-3/ID169_VD-1.czi,AE-biomaGUNE-1019,MJ,,1019,169,ID169_VD-1.czi,tissue,CELL_ID169_VD-1.czi,Historical drive ingest 2026 (drive3_MJesus-MFB); project / researcher / operator / subject decided per file before ingest (tasks/drive3_czi_gate.md). Claim: CONFIRMED.,92884e7aeb19e02228d6abf805047831a22332f99cd5ed9a7cf751e438086f1c,CONFIRMED,,
drive3_MJesus-MFB/Microscopio/Microscopio- MJesus Sanchez 2023/Machos viejos-1019-3/TOM20-MTCOI-20x-1019-3/ID169_VD2.czi,AE-biomaGUNE-1019,MJ,,1019,169,ID169_VD2.czi,tissue,CELL_ID169_VD2.czi,Historical drive ingest 2026 (drive3_MJesus-MFB); project / researcher / operator / subject decided per file before ingest (tasks/drive3_czi_gate.md). Claim: CONFIRMED.,27e6c0f9bfde84d88a5bd5adf4c3baf3779c609770f84d5e28c79b4a8a828e64,CONFIRMED,,
drive3_MJesus-MFB/Microscopio/Microscopio- MJesus Sanchez 2023/Machos viejos-1019-3/TOM20-MTCOI-20x-1019-3/ID169_VD3.czi,AE-biomaGUNE-1019,MJ,,1019,169,ID169_VD3.czi,tissue,CELL_ID169_VD3.czi,Historical drive ingest 2026 (drive3_MJesus-MFB); project / researcher / operator / subject decided per file before ingest (tasks/drive3_czi_gate.md). Claim: CONFIRMED.,39de4ca22ba854ad242864c0871908d1841127d57be0c9776981491c90a52cbd,CONFIRMED,,
drive3_MJesus-MFB/Microscopio/Microscopio- MJesus Sanchez 2023/Machos viejos-1019-3/TOM20-MTCOI-20x-1019-3/ID169_VI-1.czi,AE-biomaGUNE-1019,MJ,,1019,169,ID169_VI-1.czi,tissue,CELL_ID169_VI-1.czi,Historical drive ingest 2026 (drive3_MJesus-MFB); project / researcher / operator / subject decided per file before ingest (tasks/drive3_czi_gate.md). Claim: CONFIRMED.,a7b80adf0ed6391aa92ba317969a5c4f6f648577ffdc864f5267d86e9c2e6593,CONFIRMED,,
drive3_MJesus-MFB/Microscopio/Microscopio- MJesus Sanchez 2023/Machos viejos-1019-3/TOM20-MTCOI-20x-1019-3/ID169_VI-2.czi,AE-biomaGUNE-1019,MJ,,1019,169,ID169_VI-2.czi,tissue,CELL_ID169_VI-2.czi,Historical drive ingest 2026 (drive3_MJesus-MFB); project / researcher / operator / subject decided per file before ingest (tasks/drive3_czi_gate.md). Claim: CONFIRMED.,428e054c1451b81022d4cb885683b618db469f91cae476c3ec17d59214ef0a52,CONFIRMED,,
drive3_MJesus-MFB/Microscopio/Microscopio- MJesus Sanchez 2023/Machos viejos-1019-3/TOM20-MTCOI-20x-1019-3/ID169_VI-3.czi,AE-biomaGUNE-1019,MJ,,1019,169,ID169_VI-3.czi,tissue,CELL_ID169_VI-3.czi,Historical drive ingest 2026 (drive3_MJesus-MFB); project / researcher / operator / subject decided per file before ingest (tasks/drive3_czi_gate.md). Claim: CONFIRMED.,3fba98899d91e4dc3a7528dea86e71c70c7b40c75893fbe0d973bb6e9056a4de,CONFIRMED,,
drive3_MJesus-MFB/Microscopio/Microscopio- MJesus Sanchez 2023/Machos viejos-1019-3/TOM20-MTCOI-20x-1019-3/ID169_control negativo.czi,AE-biomaGUNE-1019,MJ,,1019,169,ID169_control negativo.czi,tissue,CELL_ID169_control negativo_20230720.czi,Historical drive ingest 2026 (drive3_MJesus-MFB); project / researcher / operator / subject decided per file before ingest (tasks/drive3_czi_gate.md). Claim: CONFIRMED.,6883def7ee0b0be180be78e387b5b0dba3ad80b089f892bc062cdf5211913b34,CONFIRMED,,
drive3_MJesus-MFB/Microscopio/Microscopio- MJesus Sanchez 2023/Machos vs Hembras/VDACand B8 Male and female/B8andVDAC ID 202 0619 LV1.czi,AE-biomaGUNE-0619,MJ,,0619,202,B8andVDAC ID 202 0619 LV1.czi,tissue,CELL_B8andVDAC ID 202 0619 LV1.czi,Historical drive ingest 2026 (drive3_MJesus-MFB); project / researcher / operator / subject decided per file before ingest (tasks/drive3_czi_gate.md). Claim: CONFIRMED.,c917af1a430c043f8611903cb203088adece70cf83e51c53d49ce6338d5c299f,CONFIRMED,,
drive3_MJesus-MFB/Microscopio/Microscopio- MJesus Sanchez 2023/Machos vs Hembras/VDACand B8 Male and female/B8andVDAC ID 202 0619 LV2.czi,AE-biomaGUNE-0619,MJ,,0619,202,B8andVDAC ID 202 0619 LV2.czi,tissue,CELL_B8andVDAC ID 202 0619 LV2.czi,Historical drive ingest 2026 (drive3_MJesus-MFB); project / researcher / operator / subject decided per file before ingest (tasks/drive3_czi_gate.md). Claim: CONFIRMED.,d186fdd344d9c867857ff31c239192d8a53039e7ea6be185396b5dd22566c345,CONFIRMED,,
drive3_MJesus-MFB/Microscopio/Microscopio- MJesus Sanchez 2023/Machos vs Hembras/VDACand B8 Male and female/B8andVDAC ID 202 0619 LV3.czi,AE-biomaGUNE-0619,MJ,,0619,202,B8andVDAC ID 202 0619 LV3.czi,tissue,CELL_B8andVDAC ID 202 0619 LV3.czi,Historical drive ingest 2026 (drive3_MJesus-MFB); project / researcher / operator / subject decided per file before ingest (tasks/drive3_czi_gate.md). Claim: CONFIRMED.,0472baa43331dd17fed8c276742744fa04c6767320d4c2bfbc15b23b89894281,CONFIRMED,,
drive3_MJesus-MFB/Microscopio/Microscopio- MJesus Sanchez 2023/Machos vs Hembras/VDACand B8 Male and female/B8andVDAC ID 202 0619 RV1.czi,AE-biomaGUNE-0619,MJ,,0619,202,B8andVDAC ID 202 0619 RV1.czi,tissue,CELL_B8andVDAC ID 202 0619 RV1.czi,Historical drive ingest 2026 (drive3_MJesus-MFB); project / researcher / operator / subject decided per file before ingest (tasks/drive3_czi_gate.md). Claim: CONFIRMED.,8c5e0aa06da6c74983865bbda5ba1d4e8c2673d926f9440a1ebeb4c56b5774f8,CONFIRMED,,
drive3_MJesus-MFB/Microscopio/Microscopio- MJesus Sanchez 2023/Machos vs Hembras/VDACand B8 Male and female/B8andVDAC ID 202 0619 RV2.czi,AE-biomaGUNE-0619,MJ,,0619,202,B8andVDAC ID 202 0619 RV2.czi,tissue,CELL_B8andVDAC ID 202 0619 RV2.czi,Historical drive ingest 2026 (drive3_MJesus-MFB); project / researcher / operator / subject decided per file before ingest (tasks/drive3_czi_gate.md). Claim: CONFIRMED.,6f09f42b2240850ca7b7b0b6480f8405d9bb5d8418a7627e0869cdb4ff7473f8,CONFIRMED,,
drive3_MJesus-MFB/Microscopio/Microscopio- MJesus Sanchez 2023/Machos vs Hembras/VDACand B8 Male and female/B8andVDAC ID 202 0619 RV3.czi,AE-biomaGUNE-0619,MJ,,0619,202,B8andVDAC ID 202 0619 RV3.czi,tissue,CELL_B8andVDAC ID 202 0619 RV3.czi,Historical drive ingest 2026 (drive3_MJesus-MFB); project / researcher / operator / subject decided per file before ingest (tasks/drive3_czi_gate.md). Claim: CONFIRMED.,0505818638d5719cff6076a5669877118e346b4358d54d54ec44dce84115039f,CONFIRMED,,
drive3_MJesus-MFB/Microscopio/Microscopio- MJesus Sanchez 2023/Machos vs Hembras/VDACand B8 Male and female/B8andVDAC ID 202 0619 RV4.czi,AE-biomaGUNE-0619,MJ,,0619,202,B8andVDAC ID 202 0619 RV4.czi,tissue,CELL_B8andVDAC ID 202 0619 RV4.czi,Historical drive ingest 2026 (drive3_MJesus-MFB); project / researcher / operator / subject decided per file before ingest (tasks/drive3_czi_gate.md). Claim: CONFIRMED.,8b2e9fddec535ecf3821c5a5f7466c483c5d9c7c918df0fa31f15afe087bddfb,CONFIRMED,,
drive3_MJesus-MFB/Microscopio/Microscopio- MJesus Sanchez 2023/Machos vs Hembras/VDACand B8 Male and female/B8andVDAC ID 203 0619 LV1.czi,AE-biomaGUNE-0619,MJ,,0619,203,B8andVDAC ID 203 0619 LV1.czi,tissue,CELL_B8andVDAC ID 203 0619 LV1.czi,Historical drive ingest 2026 (drive3_MJesus-MFB); project / researcher / operator / subject decided per file before ingest (tasks/drive3_czi_gate.md). Claim: CONFIRMED.,df931954947a1445257ccc95f2638df2f12a2bccf5719c3ad187525f4490a811,CONFIRMED,,
drive3_MJesus-MFB/Microscopio/Microscopio- MJesus Sanchez 2023/Machos vs Hembras/VDACand B8 Male and female/B8andVDAC ID 203 0619 LV2.czi,AE-biomaGUNE-0619,MJ,,0619,203,B8andVDAC ID 203 0619 LV2.czi,tissue,CELL_B8andVDAC ID 203 0619 LV2.czi,Historical drive ingest 2026 (drive3_MJesus-MFB); project / researcher / operator / subject decided per file before ingest (tasks/drive3_czi_gate.md). Claim: CONFIRMED.,39ea16b21bc0826d7dba7fe426d26d9ff4a4a87199f29ae2e7c647744d875eba,CONFIRMED,,
drive3_MJesus-MFB/Microscopio/Microscopio- MJesus Sanchez 2023/Machos vs Hembras/VDACand B8 Male and female/B8andVDAC ID 203 0619 LV3.czi,AE-biomaGUNE-0619,MJ,,0619,203,B8andVDAC ID 203 0619 LV3.czi,tissue,CELL_B8andVDAC ID 203 0619 LV3.czi,Historical drive ingest 2026 (drive3_MJesus-MFB); project / researcher / operator / subject decided per file before ingest (tasks/drive3_czi_gate.md). Claim: CONFIRMED.,58accdd88fb2787a328645c0d5951632162a9159b71bf70f23348ccc80d4dbe9,CONFIRMED,,
drive3_MJesus-MFB/Microscopio/Microscopio- MJesus Sanchez 2023/Machos vs Hembras/VDACand B8 Male and female/B8andVDAC ID 203 0619 RV1.czi,AE-biomaGUNE-0619,MJ,,0619,203,B8andVDAC ID 203 0619 RV1.czi,tissue,CELL_B8andVDAC ID 203 0619 RV1.czi,Historical drive ingest 2026 (drive3_MJesus-MFB); project / researcher / operator / subject decided per file before ingest (tasks/drive3_czi_gate.md). Claim: CONFIRMED.,a2788edc0ad6bc9850bacd6d457a24a07bd006b7408ab57b0d1acef946ee3040,CONFIRMED,,
drive3_MJesus-MFB/Microscopio/Microscopio- MJesus Sanchez 2023/Machos vs Hembras/VDACand B8 Male and female/B8andVDAC ID 203 0619 RV2.czi,AE-biomaGUNE-0619,MJ,,0619,203,B8andVDAC ID 203 0619 RV2.czi,tissue,CELL_B8andVDAC ID 203 0619 RV2.czi,Historical drive ingest 2026 (drive3_MJesus-MFB); project / researcher / operator / subject decided per file before ingest (tasks/drive3_czi_gate.md). Claim: CONFIRMED.,e0797078a16f7ffb026f845f0c484472cee51d9113d3959224e9cf2ac512b9b5,CONFIRMED,,
drive3_MJesus-MFB/Microscopio/Microscopio- MJesus Sanchez 2023/Machos vs Hembras/VDACand B8 Male and female/B8andVDAC ID 203 0619 RV3.czi,AE-biomaGUNE-0619,MJ,,0619,203,B8andVDAC ID 203 0619 RV3.czi,tissue,CELL_B8andVDAC ID 203 0619 RV3.czi,Historical drive ingest 2026 (drive3_MJesus-MFB); project / researcher / operator / subject decided per file before ingest (tasks/drive3_czi_gate.md). Claim: CONFIRMED.,a3ab9110111e7a03e3c7609a2495fb1a50c88818a914d954f6f3db2e0847303a,CONFIRMED,,
drive3_MJesus-MFB/Microscopio/Microscopio- MJesus Sanchez 2023/Machos vs Hembras/VDACand B8 Male and female/B8andVDAC ID 204 0619 LV1.czi,AE-biomaGUNE-0619,MJ,,0619,204,B8andVDAC ID 204 0619 LV1.czi,tissue,CELL_B8andVDAC ID 204 0619 LV1.czi,Historical drive ingest 2026 (drive3_MJesus-MFB); project / researcher / operator / subject decided per file before ingest (tasks/drive3_czi_gate.md). Claim: CONFIRMED.,43fec89fcc22448a60d18454010d83e17708713efcf414e5f1c2236b3f90144d,CONFIRMED,,
drive3_MJesus-MFB/Microscopio/Microscopio- MJesus Sanchez 2023/Machos vs Hembras/VDACand B8 Male and female/B8andVDAC ID 204 0619 LV2.czi,AE-biomaGUNE-0619,MJ,,0619,204,B8andVDAC ID 204 0619 LV2.czi,tissue,CELL_B8andVDAC ID 204 0619 LV2.czi,Historical drive ingest 2026 (drive3_MJesus-MFB); project / researcher / operator / subject decided per file before ingest (tasks/drive3_czi_gate.md). Claim: CONFIRMED.,317e7d9357eb9109ed79927fe581d7ef6b0c9883f9a79fc4c4115e0a36e3ab74,CONFIRMED,,
drive3_MJesus-MFB/Microscopio/Microscopio- MJesus Sanchez 2023/Machos vs Hembras/VDACand B8 Male and female/B8andVDAC ID 204 0619 LV3.czi,AE-biomaGUNE-0619,MJ,,0619,204,B8andVDAC ID 204 0619 LV3.czi,tissue,CELL_B8andVDAC ID 204 0619 LV3.czi,Historical drive ingest 2026 (drive3_MJesus-MFB); project / researcher / operator / subject decided per file before ingest (tasks/drive3_czi_gate.md). Claim: CONFIRMED.,fb92eb1a30ccc40aec06d124d77763fcd70a6685d2a5d578b1807f0ce73cfbd8,CONFIRMED,,
drive3_MJesus-MFB/Microscopio/Microscopio- MJesus Sanchez 2023/Machos vs Hembras/VDACand B8 Male and female/B8andVDAC ID 204 0619 LV4.czi,AE-biomaGUNE-0619,MJ,,0619,204,B8andVDAC ID 204 0619 LV4.czi,tissue,CELL_B8andVDAC ID 204 0619 LV4.czi,Historical drive ingest 2026 (drive3_MJesus-MFB); project / researcher / operator / subject decided per file before ingest (tasks/drive3_czi_gate.md). Claim: CONFIRMED.,1f87aa757e9ffb2a966b4da9532692040261cbb22bcce7912d516dee811c513a,CONFIRMED,,
drive3_MJesus-MFB/Microscopio/Microscopio- MJesus Sanchez 2023/Machos vs Hembras/VDACand B8 Male and female/B8andVDAC ID 204 0619 RV1.czi,AE-biomaGUNE-0619,MJ,,0619,204,B8andVDAC ID 204 0619 RV1.czi,tissue,CELL_B8andVDAC ID 204 0619 RV1.czi,Historical drive ingest 2026 (drive3_MJesus-MFB); project / researcher / operator / subject decided per file before ingest (tasks/drive3_czi_gate.md). Claim: CONFIRMED.,b21d3aa9ff19e2a02ba8b94acd02a53dcd17d89ec9a106ba55c0ff3008756362,CONFIRMED,,
drive3_MJesus-MFB/Microscopio/Microscopio- MJesus Sanchez 2023/Machos vs Hembras/VDACand B8 Male and female/B8andVDAC ID 204 0619 RV2.czi,AE-biomaGUNE-0619,MJ,,0619,204,B8andVDAC ID 204 0619 RV2.czi,tissue,CELL_B8andVDAC ID 204 0619 RV2.czi,Historical drive ingest 2026 (drive3_MJesus-MFB); project / researcher / operator / subject decided per file before ingest (tasks/drive3_czi_gate.md). Claim: CONFIRMED.,a796c404422124425ddc8590f7969748f1bf587e21cf4efb58b3685971239a0d,CONFIRMED,,
drive3_MJesus-MFB/Microscopio/Microscopio- MJesus Sanchez 2023/Machos vs Hembras/VDACand B8 Male and female/B8andVDAC ID 204 0619 RV3.czi,AE-biomaGUNE-0619,MJ,,0619,204,B8andVDAC ID 204 0619 RV3.czi,tissue,CELL_B8andVDAC ID 204 0619 RV3.czi,Historical drive ingest 2026 (drive3_MJesus-MFB); project / researcher / operator / subject decided per file before ingest (tasks/drive3_czi_gate.md). Claim: CONFIRMED.,77e71c6aa22af1974aa9b65fb6ecba94c75a347ab06828b43200914524dfe81c,CONFIRMED,,
drive3_MJesus-MFB/Microscopio/Microscopio- MJesus Sanchez 2023/Machos vs Hembras/VDACand B8 Male and female/B8andVDAC ID 204 0619 RV4.czi,AE-biomaGUNE-0619,MJ,,0619,204,B8andVDAC ID 204 0619 RV4.czi,tissue,CELL_B8andVDAC ID 204 0619 RV4.czi,Historical drive ingest 2026 (drive3_MJesus-MFB); project / researcher / operator / subject decided per file before ingest (tasks/drive3_czi_gate.md). Claim: CONFIRMED.,c27d158bf94bb80c0f23b0ecd4eca52384a7dbace1cc0689e3041ec7986559ff,CONFIRMED,,
drive3_MJesus-MFB/Microscopio/Microscopio- MJesus Sanchez 2023/Machos vs Hembras/VDACand B8 Male and female/B8andVDAC ID 204 0619 control negative.czi,AE-biomaGUNE-0619,MJ,,0619,204,B8andVDAC ID 204 0619 control negative.czi,tissue,CELL_B8andVDAC ID 204 0619 control negative.czi,Historical drive ingest 2026 (drive3_MJesus-MFB); project / researcher / operator / subject decided per file before ingest (tasks/drive3_czi_gate.md). Claim: CONFIRMED.,d88e5fface6d8190c2bc16f9571c2ee4bda4ad93af359057b358f9ff1dacef6c,CONFIRMED,,
drive3_MJesus-MFB/Microscopio/Microscopio- MJesus Sanchez 2023/Machos vs Hembras/VDACand B8 Male and female/B8andVDAC ID 207 0619 LV1.czi,AE-biomaGUNE-0619,MJ,,0619,207,B8andVDAC ID 207 0619 LV1.czi,tissue,CELL_B8andVDAC ID 207 0619 LV1.czi,Historical drive ingest 2026 (drive3_MJesus-MFB); project / researcher / operator / subject decided per file before ingest (tasks/drive3_czi_gate.md). Claim: CONFIRMED.,08ccf1da1b0fd5fb1f98380c579decaf59f128d587e99192f1245c6a97a9f0ec,CONFIRMED,,
drive3_MJesus-MFB/Microscopio/Microscopio- MJesus Sanchez 2023/Machos vs Hembras/VDACand B8 Male and female/B8andVDAC ID 207 0619 LV2.czi,AE-biomaGUNE-0619,MJ,,0619,207,B8andVDAC ID 207 0619 LV2.czi,tissue,CELL_B8andVDAC ID 207 0619 LV2.czi,Historical drive ingest 2026 (drive3_MJesus-MFB); project / researcher / operator / subject decided per file before ingest (tasks/drive3_czi_gate.md). Claim: CONFIRMED.,b10d5e5786b2404a3e4f74c980572602e4ec9f97c676441d26f26f4870f643bc,CONFIRMED,,
drive3_MJesus-MFB/Microscopio/Microscopio- MJesus Sanchez 2023/Machos vs Hembras/VDACand B8 Male and female/B8andVDAC ID 207 0619 LV3.czi,AE-biomaGUNE-0619,MJ,,0619,207,B8andVDAC ID 207 0619 LV3.czi,tissue,CELL_B8andVDAC ID 207 0619 LV3.czi,Historical drive ingest 2026 (drive3_MJesus-MFB); project / researcher / operator / subject decided per file before ingest (tasks/drive3_czi_gate.md). Claim: CONFIRMED.,ef96e7f1d5fe35fde4cb1cfa7e67480ca9b865f77291e6032b45c4d9c0042966,CONFIRMED,,
drive3_MJesus-MFB/Microscopio/Microscopio- MJesus Sanchez 2023/Machos vs Hembras/VDACand B8 Male and female/B8andVDAC ID 207 0619 RV1.czi,AE-biomaGUNE-0619,MJ,,0619,207,B8andVDAC ID 207 0619 RV1.czi,tissue,CELL_B8andVDAC ID 207 0619 RV1.czi,Historical drive ingest 2026 (drive3_MJesus-MFB); project / researcher / operator / subject decided per file before ingest (tasks/drive3_czi_gate.md). Claim: CONFIRMED.,51c397e35f38758eef4fead88810d7d5cecb36b75d03a1eae1d6d5a1aed96b8e,CONFIRMED,,
drive3_MJesus-MFB/Microscopio/Microscopio- MJesus Sanchez 2023/Machos vs Hembras/VDACand B8 Male and female/B8andVDAC ID 207 0619 RV2.czi,AE-biomaGUNE-0619,MJ,,0619,207,B8andVDAC ID 207 0619 RV2.czi,tissue,CELL_B8andVDAC ID 207 0619 RV2.czi,Historical drive ingest 2026 (drive3_MJesus-MFB); project / researcher / operator / subject decided per file before ingest (tasks/drive3_czi_gate.md). Claim: CONFIRMED.,01d22ae2883ffab2b018a8cac97987e900a50ba42e85ff89ab281fb963095b9e,CONFIRMED,,
drive3_MJesus-MFB/Microscopio/Microscopio- MJesus Sanchez 2023/Machos vs Hembras/VDACand B8 Male and female/B8andVDAC ID 207 0619 RV3.czi,AE-biomaGUNE-0619,MJ,,0619,207,B8andVDAC ID 207 0619 RV3.czi,tissue,CELL_B8andVDAC ID 207 0619 RV3.czi,Historical drive ingest 2026 (drive3_MJesus-MFB); project / researcher / operator / subject decided per file before ingest (tasks/drive3_czi_gate.md). Claim: CONFIRMED.,786e0deaad796e712014124b8e0c1ca09fe736b195fe78e36b8293382c828b0d,CONFIRMED,,
drive3_MJesus-MFB/Microscopio/Microscopio- MJesus Sanchez 2023/Machos vs Hembras/VDACand B8 Male and female/B8andVDAC ID 208 0619 LV1.czi,AE-biomaGUNE-0619,MJ,,0619,208,B8andVDAC ID 208 0619 LV1.czi,tissue,CELL_B8andVDAC ID 208 0619 LV1.czi,Historical drive ingest 2026 (drive3_MJesus-MFB); project / researcher / operator / subject decided per file before ingest (tasks/drive3_czi_gate.md). Claim: CONFIRMED.,dea4db4f74f082a24bd6d7e171080fe39b4280b775471e5d710fbf2515025335,CONFIRMED,,
drive3_MJesus-MFB/Microscopio/Microscopio- MJesus Sanchez 2023/Machos vs Hembras/VDACand B8 Male and female/B8andVDAC ID 208 0619 LV2.czi,AE-biomaGUNE-0619,MJ,,0619,208,B8andVDAC ID 208 0619 LV2.czi,tissue,CELL_B8andVDAC ID 208 0619 LV2.czi,Historical drive ingest 2026 (drive3_MJesus-MFB); project / researcher / operator / subject decided per file before ingest (tasks/drive3_czi_gate.md). Claim: CONFIRMED.,540bb1e315aa60e4739372b5a5316fde6f0e3ddf594c31c5a2ed740ca8d7fa7f,CONFIRMED,,
drive3_MJesus-MFB/Microscopio/Microscopio- MJesus Sanchez 2023/Machos vs Hembras/VDACand B8 Male and female/B8andVDAC ID 208 0619 LV3.czi,AE-biomaGUNE-0619,MJ,,0619,208,B8andVDAC ID 208 0619 LV3.czi,tissue,CELL_B8andVDAC ID 208 0619 LV3.czi,Historical drive ingest 2026 (drive3_MJesus-MFB); project / researcher / operator / subject decided per file before ingest (tasks/drive3_czi_gate.md). Claim: CONFIRMED.,e205f3a481acde59bce5153bf0a4fc1ca9b653b1ffb003b3d8b7281169700932,CONFIRMED,,
drive3_MJesus-MFB/Microscopio/Microscopio- MJesus Sanchez 2023/Machos vs Hembras/VDACand B8 Male and female/B8andVDAC ID 208 0619 RV1.czi,AE-biomaGUNE-0619,MJ,,0619,208,B8andVDAC ID 208 0619 RV1.czi,tissue,CELL_B8andVDAC ID 208 0619 RV1.czi,Historical drive ingest 2026 (drive3_MJesus-MFB); project / researcher / operator / subject decided per file before ingest (tasks/drive3_czi_gate.md). Claim: CONFIRMED.,e82fd3316778579c6711c9d0d67df589c51822a5b77b46032afc67226bbada91,CONFIRMED,,
drive3_MJesus-MFB/Microscopio/Microscopio- MJesus Sanchez 2023/Machos vs Hembras/VDACand B8 Male and female/B8andVDAC ID 208 0619 RV2.czi,AE-biomaGUNE-0619,MJ,,0619,208,B8andVDAC ID 208 0619 RV2.czi,tissue,CELL_B8andVDAC ID 208 0619 RV2.czi,Historical drive ingest 2026 (drive3_MJesus-MFB); project / researcher / operator / subject decided per file before ingest (tasks/drive3_czi_gate.md). Claim: CONFIRMED.,3317b3ed1fecbc4b5721484eb87d0194a47c06e05bcd853064d397ca1e79a4da,CONFIRMED,,
drive3_MJesus-MFB/Microscopio/Microscopio- MJesus Sanchez 2023/Machos vs Hembras/VDACand B8 Male and female/B8andVDAC ID 208 0619 RV3.czi,AE-biomaGUNE-0619,MJ,,0619,208,B8andVDAC ID 208 0619 RV3.czi,tissue,CELL_B8andVDAC ID 208 0619 RV3.czi,Historical drive ingest 2026 (drive3_MJesus-MFB); project / researcher / operator / subject decided per file before ingest (tasks/drive3_czi_gate.md). Claim: CONFIRMED.,77b78a84f0de3e14331e768aa183ccb76cb5ef0e25f5d8f0f0f80e9fda9d433c,CONFIRMED,,
drive3_MJesus-MFB/Microscopio/Microscopio- MJesus Sanchez 2023/Machos vs Hembras/VDACand B8 Male and female/B8andVDAC ID 209 0619 Control negative.czi,AE-biomaGUNE-0619,MJ,,0619,209,B8andVDAC ID 209 0619 Control negative.czi,tissue,CELL_B8andVDAC ID 209 0619 Control negative.czi,Historical drive ingest 2026 (drive3_MJesus-MFB); project / researcher / operator / subject decided per file before ingest (tasks/drive3_czi_gate.md). Claim: CONFIRMED.,4ed8b0d7010503af179ba6e54832e80eae2766fdd004de04c9bfa351da7bcd4e,CONFIRMED,,
drive3_MJesus-MFB/Microscopio/Microscopio- MJesus Sanchez 2023/Machos vs Hembras/VDACand B8 Male and female/B8andVDAC ID 209 0619 LV1.czi,AE-biomaGUNE-0619,MJ,,0619,209,B8andVDAC ID 209 0619 LV1.czi,tissue,CELL_B8andVDAC ID 209 0619 LV1.czi,Historical drive ingest 2026 (drive3_MJesus-MFB); project / researcher / operator / subject decided per file before ingest (tasks/drive3_czi_gate.md). Claim: CONFIRMED.,08580ac4dff760c985daf2fae700ac9a1f228d179188af50366531095abb8a1e,CONFIRMED,,
drive3_MJesus-MFB/Microscopio/Microscopio- MJesus Sanchez 2023/Machos vs Hembras/VDACand B8 Male and female/B8andVDAC ID 209 0619 LV2.czi,AE-biomaGUNE-0619,MJ,,0619,209,B8andVDAC ID 209 0619 LV2.czi,tissue,CELL_B8andVDAC ID 209 0619 LV2.czi,Historical drive ingest 2026 (drive3_MJesus-MFB); project / researcher / operator / subject decided per file before ingest (tasks/drive3_czi_gate.md). Claim: CONFIRMED.,644507dde287cf64b5666108a97449ac8877f3bd11ab2b308db3a65b07f53ae7,CONFIRMED,,
drive3_MJesus-MFB/Microscopio/Microscopio- MJesus Sanchez 2023/Machos vs Hembras/VDACand B8 Male and female/B8andVDAC ID 209 0619 LV3.czi,AE-biomaGUNE-0619,MJ,,0619,209,B8andVDAC ID 209 0619 LV3.czi,tissue,CELL_B8andVDAC ID 209 0619 LV3.czi,Historical drive ingest 2026 (drive3_MJesus-MFB); project / researcher / operator / subject decided per file before ingest (tasks/drive3_czi_gate.md). Claim: CONFIRMED.,3b2e16983cb0cc02928f9e29c586000cd64270264aa4e876cf4487a1a2c53d1c,CONFIRMED,,
drive3_MJesus-MFB/Microscopio/Microscopio- MJesus Sanchez 2023/Machos vs Hembras/ki67 and SMA/ki67 and SMA 230808_a-sma-ki67_20x_0619/230808_ID121_20x-1.czi,AE-biomaGUNE-0619,MJ,,0619,121,230808_ID121_20x-1.czi,tissue,CELL_230808_ID121_20x-1.czi,Historical drive ingest 2026 (drive3_MJesus-MFB); project / researcher / operator / subject decided per file before ingest (tasks/drive3_czi_gate.md). Claim: CONFIRMED.,6e04cceaa1c09db8b93912710c97a09f573c70c37edcdbe6cba3e99186b802af,CONFIRMED,,
drive3_MJesus-MFB/Microscopio/Microscopio- MJesus Sanchez 2023/Machos vs Hembras/ki67 and SMA/ki67 and SMA 230808_a-sma-ki67_20x_0619/230808_ID121_20x-10.czi,AE-biomaGUNE-0619,MJ,,0619,121,230808_ID121_20x-10.czi,tissue,CELL_230808_ID121_20x-10.czi,Historical drive ingest 2026 (drive3_MJesus-MFB); project / researcher / operator / subject decided per file before ingest (tasks/drive3_czi_gate.md). Claim: CONFIRMED.,55e57877cba47c2f9ce1a66f65017d88e8459f3af370034a6e837b4117246831,CONFIRMED,,
drive3_MJesus-MFB/Microscopio/Microscopio- MJesus Sanchez 2023/Machos vs Hembras/ki67 and SMA/ki67 and SMA 230808_a-sma-ki67_20x_0619/230808_ID121_20x-11.czi,AE-biomaGUNE-0619,MJ,,0619,121,230808_ID121_20x-11.czi,tissue,CELL_230808_ID121_20x-11.czi,Historical drive ingest 2026 (drive3_MJesus-MFB); project / researcher / operator / subject decided per file before ingest (tasks/drive3_czi_gate.md). Claim: CONFIRMED.,0607a2f9e449ed508bb88e57ffb49e97c61d3ead3265fd9579d5b4db05d32419,CONFIRMED,,
drive3_MJesus-MFB/Microscopio/Microscopio- MJesus Sanchez 2023/Machos vs Hembras/ki67 and SMA/ki67 and SMA 230808_a-sma-ki67_20x_0619/230808_ID121_20x-12.czi,AE-biomaGUNE-0619,MJ,,0619,121,230808_ID121_20x-12.czi,tissue,CELL_230808_ID121_20x-12.czi,Historical drive ingest 2026 (drive3_MJesus-MFB); project / researcher / operator / subject decided per file before ingest (tasks/drive3_czi_gate.md). Claim: CONFIRMED.,7f265eb5cc34845fe14645f5dad30bb8a533fbb4a82f0c853b4c32bb97eed3ba,CONFIRMED,,
drive3_MJesus-MFB/Microscopio/Microscopio- MJesus Sanchez 2023/Machos vs Hembras/ki67 and SMA/ki67 and SMA 230808_a-sma-ki67_20x_0619/230808_ID121_20x-2.czi,AE-biomaGUNE-0619,MJ,,0619,121,230808_ID121_20x-2.czi,tissue,CELL_230808_ID121_20x-2.czi,Historical drive ingest 2026 (drive3_MJesus-MFB); project / researcher / operator / subject decided per file before ingest (tasks/drive3_czi_gate.md). Claim: CONFIRMED.,4f10de45be53f77fb9996053c981eff2c8d19ed242b3425e11d5ad42906b1f7e,CONFIRMED,,
drive3_MJesus-MFB/Microscopio/Microscopio- MJesus Sanchez 2023/Machos vs Hembras/ki67 and SMA/ki67 and SMA 230808_a-sma-ki67_20x_0619/230808_ID121_20x-3.czi,AE-biomaGUNE-0619,MJ,,0619,121,230808_ID121_20x-3.czi,tissue,CELL_230808_ID121_20x-3.czi,Historical drive ingest 2026 (drive3_MJesus-MFB); project / researcher / operator / subject decided per file before ingest (tasks/drive3_czi_gate.md). Claim: CONFIRMED.,74788ac6e691f80b062a82e33d9b258ac8358c5ae70adbd8cf3477a3f3c6ecee,CONFIRMED,,
drive3_MJesus-MFB/Microscopio/Microscopio- MJesus Sanchez 2023/Machos vs Hembras/ki67 and SMA/ki67 and SMA 230808_a-sma-ki67_20x_0619/230808_ID121_20x-4.czi,AE-biomaGUNE-0619,MJ,,0619,121,230808_ID121_20x-4.czi,tissue,CELL_230808_ID121_20x-4.czi,Historical drive ingest 2026 (drive3_MJesus-MFB); project / researcher / operator / subject decided per file before ingest (tasks/drive3_czi_gate.md). Claim: CONFIRMED.,4106c86befa8d7b82eb7961ea85f70b5ccf856eb2d700cd1ccf9c581d99b27c1,CONFIRMED,,
drive3_MJesus-MFB/Microscopio/Microscopio- MJesus Sanchez 2023/Machos vs Hembras/ki67 and SMA/ki67 and SMA 230808_a-sma-ki67_20x_0619/230808_ID121_20x-5.czi,AE-biomaGUNE-0619,MJ,,0619,121,230808_ID121_20x-5.czi,tissue,CELL_230808_ID121_20x-5.czi,Historical drive ingest 2026 (drive3_MJesus-MFB); project / researcher / operator / subject decided per file before ingest (tasks/drive3_czi_gate.md). Claim: CONFIRMED.,ee1f81ab99f2fa36c09ea0d00965253638b67e9ca04bcd3496d3878d62dbee0f,CONFIRMED,,
drive3_MJesus-MFB/Microscopio/Microscopio- MJesus Sanchez 2023/Machos vs Hembras/ki67 and SMA/ki67 and SMA 230808_a-sma-ki67_20x_0619/230808_ID121_20x-6.czi,AE-biomaGUNE-0619,MJ,,0619,121,230808_ID121_20x-6.czi,tissue,CELL_230808_ID121_20x-6.czi,Historical drive ingest 2026 (drive3_MJesus-MFB); project / researcher / operator / subject decided per file before ingest (tasks/drive3_czi_gate.md). Claim: CONFIRMED.,50c1add8172882f43a76a94a3ccacd6e6360331d3cac81c59ee4d48fc101bead,CONFIRMED,,
drive3_MJesus-MFB/Microscopio/Microscopio- MJesus Sanchez 2023/Machos vs Hembras/ki67 and SMA/ki67 and SMA 230808_a-sma-ki67_20x_0619/230808_ID121_20x-7.czi,AE-biomaGUNE-0619,MJ,,0619,121,230808_ID121_20x-7.czi,tissue,CELL_230808_ID121_20x-7.czi,Historical drive ingest 2026 (drive3_MJesus-MFB); project / researcher / operator / subject decided per file before ingest (tasks/drive3_czi_gate.md). Claim: CONFIRMED.,fb3342be381223a0a2258f3e432ec877edcd810b6e84c300d0b813f33d0d3029,CONFIRMED,,
drive3_MJesus-MFB/Microscopio/Microscopio- MJesus Sanchez 2023/Machos vs Hembras/ki67 and SMA/ki67 and SMA 230808_a-sma-ki67_20x_0619/230808_ID121_20x-8.czi,AE-biomaGUNE-0619,MJ,,0619,121,230808_ID121_20x-8.czi,tissue,CELL_230808_ID121_20x-8.czi,Historical drive ingest 2026 (drive3_MJesus-MFB); project / researcher / operator / subject decided per file before ingest (tasks/drive3_czi_gate.md). Claim: CONFIRMED.,b53771520e2b9b5976db076072ed75ff4a6f57e7b48d3d5108f169410ee53419,CONFIRMED,,
drive3_MJesus-MFB/Microscopio/Microscopio- MJesus Sanchez 2023/Machos vs Hembras/ki67 and SMA/ki67 and SMA 230808_a-sma-ki67_20x_0619/230808_ID121_20x-9.czi,AE-biomaGUNE-0619,MJ,,0619,121,230808_ID121_20x-9.czi,tissue,CELL_230808_ID121_20x-9.czi,Historical drive ingest 2026 (drive3_MJesus-MFB); project / researcher / operator / subject decided per file before ingest (tasks/drive3_czi_gate.md). Claim: CONFIRMED.,c2e9bad6776aae6030fcccb886f90111352ec66c7f7bd70e9c7e10192672d3b2,CONFIRMED,,
drive3_MJesus-MFB/Microscopio/Microscopio- MJesus Sanchez 2023/Machos vs Hembras/ki67 and SMA/ki67 and SMA 230808_a-sma-ki67_20x_0619/230808_ID122_20x-1.czi,AE-biomaGUNE-0619,MJ,,0619,122,230808_ID122_20x-1.czi,tissue,CELL_230808_ID122_20x-1.czi,Historical drive ingest 2026 (drive3_MJesus-MFB); project / researcher / operator / subject decided per file before ingest (tasks/drive3_czi_gate.md). Claim: CONFIRMED.,7518e37c9ea4069e7074ec8f56f6c09c3a421bb0aff1b0d9d402af3bc9995b20,CONFIRMED,,
drive3_MJesus-MFB/Microscopio/Microscopio- MJesus Sanchez 2023/Machos vs Hembras/ki67 and SMA/ki67 and SMA 230808_a-sma-ki67_20x_0619/230808_ID122_20x-10.czi,AE-biomaGUNE-0619,MJ,,0619,122,230808_ID122_20x-10.czi,tissue,CELL_230808_ID122_20x-10.czi,Historical drive ingest 2026 (drive3_MJesus-MFB); project / researcher / operator / subject decided per file before ingest (tasks/drive3_czi_gate.md). Claim: CONFIRMED.,4b0327215d1e788ae9fbafd0d820f1346508558f0cacb3cbe4e8f220f84b7da8,CONFIRMED,,
drive3_MJesus-MFB/Microscopio/Microscopio- MJesus Sanchez 2023/Machos vs Hembras/ki67 and SMA/ki67 and SMA 230808_a-sma-ki67_20x_0619/230808_ID122_20x-11.czi,AE-biomaGUNE-0619,MJ,,0619,122,230808_ID122_20x-11.czi,tissue,CELL_230808_ID122_20x-11.czi,Historical drive ingest 2026 (drive3_MJesus-MFB); project / researcher / operator / subject decided per file before ingest (tasks/drive3_czi_gate.md). Claim: CONFIRMED.,e28bdc00b17ad7ce2953f1b438000483461339b90a9ac5aa71b0c6ded6fda700,CONFIRMED,,
drive3_MJesus-MFB/Microscopio/Microscopio- MJesus Sanchez 2023/Machos vs Hembras/ki67 and SMA/ki67 and SMA 230808_a-sma-ki67_20x_0619/230808_ID122_20x-2.czi,AE-biomaGUNE-0619,MJ,,0619,122,230808_ID122_20x-2.czi,tissue,CELL_230808_ID122_20x-2.czi,Historical drive ingest 2026 (drive3_MJesus-MFB); project / researcher / operator / subject decided per file before ingest (tasks/drive3_czi_gate.md). Claim: CONFIRMED.,2575904a9dcd89af1012cf1109472acbc7c80197c5b9d3f689ca6a6ab26dfee8,CONFIRMED,,
drive3_MJesus-MFB/Microscopio/Microscopio- MJesus Sanchez 2023/Machos vs Hembras/ki67 and SMA/ki67 and SMA 230808_a-sma-ki67_20x_0619/230808_ID122_20x-3.czi,AE-biomaGUNE-0619,MJ,,0619,122,230808_ID122_20x-3.czi,tissue,CELL_230808_ID122_20x-3.czi,Historical drive ingest 2026 (drive3_MJesus-MFB); project / researcher / operator / subject decided per file before ingest (tasks/drive3_czi_gate.md). Claim: CONFIRMED.,84c34fe024f1c75ce5fea3beab6cdd1bff4e5b72d6a47b14e91e51aebb7af74e,CONFIRMED,,
drive3_MJesus-MFB/Microscopio/Microscopio- MJesus Sanchez 2023/Machos vs Hembras/ki67 and SMA/ki67 and SMA 230808_a-sma-ki67_20x_0619/230808_ID122_20x-4.czi,AE-biomaGUNE-0619,MJ,,0619,122,230808_ID122_20x-4.czi,tissue,CELL_230808_ID122_20x-4.czi,Historical drive ingest 2026 (drive3_MJesus-MFB); project / researcher / operator / subject decided per file before ingest (tasks/drive3_czi_gate.md). Claim: CONFIRMED.,40179c484e0521443608ad81fc56cf0c9794332c9e3ac7fc4a8e43b57aa6d850,CONFIRMED,,
drive3_MJesus-MFB/Microscopio/Microscopio- MJesus Sanchez 2023/Machos vs Hembras/ki67 and SMA/ki67 and SMA 230808_a-sma-ki67_20x_0619/230808_ID122_20x-5.czi,AE-biomaGUNE-0619,MJ,,0619,122,230808_ID122_20x-5.czi,tissue,CELL_230808_ID122_20x-5.czi,Historical drive ingest 2026 (drive3_MJesus-MFB); project / researcher / operator / subject decided per file before ingest (tasks/drive3_czi_gate.md). Claim: CONFIRMED.,bd9958827123ca2eff4546652197abb267318be9525b345dcdbd5a8f8c4042df,CONFIRMED,,
drive3_MJesus-MFB/Microscopio/Microscopio- MJesus Sanchez 2023/Machos vs Hembras/ki67 and SMA/ki67 and SMA 230808_a-sma-ki67_20x_0619/230808_ID122_20x-6.czi,AE-biomaGUNE-0619,MJ,,0619,122,230808_ID122_20x-6.czi,tissue,CELL_230808_ID122_20x-6.czi,Historical drive ingest 2026 (drive3_MJesus-MFB); project / researcher / operator / subject decided per file before ingest (tasks/drive3_czi_gate.md). Claim: CONFIRMED.,d4f0249f1083fe91bfeb1239c2f19d2a6ce78f989eb2a7d7db07c8bbd90b5b96,CONFIRMED,,
drive3_MJesus-MFB/Microscopio/Microscopio- MJesus Sanchez 2023/Machos vs Hembras/ki67 and SMA/ki67 and SMA 230808_a-sma-ki67_20x_0619/230808_ID122_20x-7.czi,AE-biomaGUNE-0619,MJ,,0619,122,230808_ID122_20x-7.czi,tissue,CELL_230808_ID122_20x-7.czi,Historical drive ingest 2026 (drive3_MJesus-MFB); project / researcher / operator / subject decided per file before ingest (tasks/drive3_czi_gate.md). Claim: CONFIRMED.,e4c1b1dcb7aebaf6fe3b0278f7568522296f681f1de2a749cd81ec366945dd0b,CONFIRMED,,
drive3_MJesus-MFB/Microscopio/Microscopio- MJesus Sanchez 2023/Machos vs Hembras/ki67 and SMA/ki67 and SMA 230808_a-sma-ki67_20x_0619/230808_ID122_20x-8.czi,AE-biomaGUNE-0619,MJ,,0619,122,230808_ID122_20x-8.czi,tissue,CELL_230808_ID122_20x-8.czi,Historical drive ingest 2026 (drive3_MJesus-MFB); project / researcher / operator / subject decided per file before ingest (tasks/drive3_czi_gate.md). Claim: CONFIRMED.,c9b4c362926fee14e210be3c96745f996461c98f5e909f902e60ffc5db7f51c3,CONFIRMED,,
drive3_MJesus-MFB/Microscopio/Microscopio- MJesus Sanchez 2023/Machos vs Hembras/ki67 and SMA/ki67 and SMA 230808_a-sma-ki67_20x_0619/230808_ID122_20x-9.czi,AE-biomaGUNE-0619,MJ,,0619,122,230808_ID122_20x-9.czi,tissue,CELL_230808_ID122_20x-9.czi,Historical drive ingest 2026 (drive3_MJesus-MFB); project / researcher / operator / subject decided per file before ingest (tasks/drive3_czi_gate.md). Claim: CONFIRMED.,bdc62e2bcfe0209eb4adb4299a937392e82b64254491e518d85213be681495f0,CONFIRMED,,
drive3_MJesus-MFB/Microscopio/Microscopio- MJesus Sanchez 2023/Machos vs Hembras/ki67 and SMA/ki67 and SMA 230808_a-sma-ki67_20x_0619/230808_ID123_20x-1.czi,AE-biomaGUNE-0619,MJ,,0619,123,230808_ID123_20x-1.czi,tissue,CELL_230808_ID123_20x-1.czi,Historical drive ingest 2026 (drive3_MJesus-MFB); project / researcher / operator / subject decided per file before ingest (tasks/drive3_czi_gate.md). Claim: CONFIRMED.,c66870847084ec350728abf70e19758422f1fae6be7f22a9443c752a59cb84c9,CONFIRMED,,
drive3_MJesus-MFB/Microscopio/Microscopio- MJesus Sanchez 2023/Machos vs Hembras/ki67 and SMA/ki67 and SMA 230808_a-sma-ki67_20x_0619/230808_ID123_20x-2.czi,AE-biomaGUNE-0619,MJ,,0619,123,230808_ID123_20x-2.czi,tissue,CELL_230808_ID123_20x-2.czi,Historical drive ingest 2026 (drive3_MJesus-MFB); project / researcher / operator / subject decided per file before ingest (tasks/drive3_czi_gate.md). Claim: CONFIRMED.,3f3cfb0ba2ac6abf4d82154f5629dbb779fef56d61dc558ea5f5d8a995395399,CONFIRMED,,
drive3_MJesus-MFB/Microscopio/Microscopio- MJesus Sanchez 2023/Machos vs Hembras/ki67 and SMA/ki67 and SMA 230808_a-sma-ki67_20x_0619/230808_ID123_20x-3.czi,AE-biomaGUNE-0619,MJ,,0619,123,230808_ID123_20x-3.czi,tissue,CELL_230808_ID123_20x-3.czi,Historical drive ingest 2026 (drive3_MJesus-MFB); project / researcher / operator / subject decided per file before ingest (tasks/drive3_czi_gate.md). Claim: CONFIRMED.,ec2febd9d54a00d8b4230fb9c0cec22e70a5566c83142d869f24032d6ef44ad6,CONFIRMED,,
drive3_MJesus-MFB/Microscopio/Microscopio- MJesus Sanchez 2023/Machos vs Hembras/ki67 and SMA/ki67 and SMA 230808_a-sma-ki67_20x_0619/230808_ID123_20x-4.czi,AE-biomaGUNE-0619,MJ,,0619,123,230808_ID123_20x-4.czi,tissue,CELL_230808_ID123_20x-4.czi,Historical drive ingest 2026 (drive3_MJesus-MFB); project / researcher / operator / subject decided per file before ingest (tasks/drive3_czi_gate.md). Claim: CONFIRMED.,2ecf784e4b4855e9a10cfceef2758f72ffbb418fee33caa1b491d56c21f67356,CONFIRMED,,
drive3_MJesus-MFB/Microscopio/Microscopio- MJesus Sanchez 2023/Machos vs Hembras/ki67 and SMA/ki67 and SMA 230808_a-sma-ki67_20x_0619/230808_ID123_20x-5.czi,AE-biomaGUNE-0619,MJ,,0619,123,230808_ID123_20x-5.czi,tissue,CELL_230808_ID123_20x-5.czi,Historical drive ingest 2026 (drive3_MJesus-MFB); project / researcher / operator / subject decided per file before ingest (tasks/drive3_czi_gate.md). Claim: CONFIRMED.,99a9bfcfaef24dd1774437780f944c8a541ca961bd2e99bca85d334b0a685e54,CONFIRMED,,
drive3_MJesus-MFB/Microscopio/Microscopio- MJesus Sanchez 2023/Machos vs Hembras/ki67 and SMA/ki67 and SMA 230808_a-sma-ki67_20x_0619/230808_ID123_20x-6.czi,AE-biomaGUNE-0619,MJ,,0619,123,230808_ID123_20x-6.czi,tissue,CELL_230808_ID123_20x-6.czi,Historical drive ingest 2026 (drive3_MJesus-MFB); project / researcher / operator / subject decided per file before ingest (tasks/drive3_czi_gate.md). Claim: CONFIRMED.,608508b6d6510e97b8eb5a9e3ddc8a4c87a3fdd1e7373966ca25b62226b1839a,CONFIRMED,,
drive3_MJesus-MFB/Microscopio/Microscopio- MJesus Sanchez 2023/Machos vs Hembras/ki67 and SMA/ki67 and SMA 230808_a-sma-ki67_20x_0619/230808_ID123_20x-7.czi,AE-biomaGUNE-0619,MJ,,0619,123,230808_ID123_20x-7.czi,tissue,CELL_230808_ID123_20x-7.czi,Historical drive ingest 2026 (drive3_MJesus-MFB); project / researcher / operator / subject decided per file before ingest (tasks/drive3_czi_gate.md). Claim: CONFIRMED.,dd6c63bb394128d7d113670bdfa7e6e194a38bfea207852e800705c056fbb9a7,CONFIRMED,,
drive3_MJesus-MFB/Microscopio/Microscopio- MJesus Sanchez 2023/Machos vs Hembras/ki67 and SMA/ki67 and SMA 230808_a-sma-ki67_20x_0619/230808_ID123_20x-8.czi,AE-biomaGUNE-0619,MJ,,0619,123,230808_ID123_20x-8.czi,tissue,CELL_230808_ID123_20x-8.czi,Historical drive ingest 2026 (drive3_MJesus-MFB); project / researcher / operator / subject decided per file before ingest (tasks/drive3_czi_gate.md). Claim: CONFIRMED.,aae1032a5743b6c8f8f7e2c8e76c50da9851ee00d92a5cfca749bd502724d98c,CONFIRMED,,
drive3_MJesus-MFB/Microscopio/Microscopio- MJesus Sanchez 2023/Machos vs Hembras/ki67 and SMA/ki67 and SMA 230808_a-sma-ki67_20x_0619/230808_ID123_20x-9.czi,AE-biomaGUNE-0619,MJ,,0619,123,230808_ID123_20x-9.czi,tissue,CELL_230808_ID123_20x-9.czi,Historical drive ingest 2026 (drive3_MJesus-MFB); project / researcher / operator / subject decided per file before ingest (tasks/drive3_czi_gate.md). Claim: CONFIRMED.,1bdff9f0cc49403f9390abaa95048f3a13551467cb2adb8ac04618333f981ed9,CONFIRMED,,
drive3_MJesus-MFB/Microscopio/Microscopio- MJesus Sanchez 2023/Machos vs Hembras/ki67 and SMA/ki67 and SMA 230808_a-sma-ki67_20x_0619/230808_ID133_20x-1.czi,AE-biomaGUNE-0619,MJ,,0619,133,230808_ID133_20x-1.czi,tissue,CELL_230808_ID133_20x-1.czi,Historical drive ingest 2026 (drive3_MJesus-MFB); project / researcher / operator / subject decided per file before ingest (tasks/drive3_czi_gate.md). Claim: CONFIRMED.,b00d9317aa4a232f7a81a1466d3b495592a0abb3a286c09f289ba45f4bf60aec,CONFIRMED,,
drive3_MJesus-MFB/Microscopio/Microscopio- MJesus Sanchez 2023/Machos vs Hembras/ki67 and SMA/ki67 and SMA 230808_a-sma-ki67_20x_0619/230808_ID133_20x-10.czi,AE-biomaGUNE-0619,MJ,,0619,133,230808_ID133_20x-10.czi,tissue,CELL_230808_ID133_20x-10.czi,Historical drive ingest 2026 (drive3_MJesus-MFB); project / researcher / operator / subject decided per file before ingest (tasks/drive3_czi_gate.md). Claim: CONFIRMED.,e9693accf4344920584ba56c4dd6f00ea9b84b81903902ac0bcc8b4b334c4f51,CONFIRMED,,
drive3_MJesus-MFB/Microscopio/Microscopio- MJesus Sanchez 2023/Machos vs Hembras/ki67 and SMA/ki67 and SMA 230808_a-sma-ki67_20x_0619/230808_ID133_20x-11.czi,AE-biomaGUNE-0619,MJ,,0619,133,230808_ID133_20x-11.czi,tissue,CELL_230808_ID133_20x-11.czi,Historical drive ingest 2026 (drive3_MJesus-MFB); project / researcher / operator / subject decided per file before ingest (tasks/drive3_czi_gate.md). Claim: CONFIRMED.,b0b784217cbb7ff675b33f253aed024876b39bc18f71248893d6864bc23c85f2,CONFIRMED,,
drive3_MJesus-MFB/Microscopio/Microscopio- MJesus Sanchez 2023/Machos vs Hembras/ki67 and SMA/ki67 and SMA 230808_a-sma-ki67_20x_0619/230808_ID133_20x-12.czi,AE-biomaGUNE-0619,MJ,,0619,133,230808_ID133_20x-12.czi,tissue,CELL_230808_ID133_20x-12.czi,Historical drive ingest 2026 (drive3_MJesus-MFB); project / researcher / operator / subject decided per file before ingest (tasks/drive3_czi_gate.md). Claim: CONFIRMED.,fada641133ac61cd22a8c13e0ef210b945b20eca960fa5ead95d6a47c10ac2d2,CONFIRMED,,
drive3_MJesus-MFB/Microscopio/Microscopio- MJesus Sanchez 2023/Machos vs Hembras/ki67 and SMA/ki67 and SMA 230808_a-sma-ki67_20x_0619/230808_ID133_20x-13.czi,AE-biomaGUNE-0619,MJ,,0619,133,230808_ID133_20x-13.czi,tissue,CELL_230808_ID133_20x-13.czi,Historical drive ingest 2026 (drive3_MJesus-MFB); project / researcher / operator / subject decided per file before ingest (tasks/drive3_czi_gate.md). Claim: CONFIRMED.,6a3efbf522b6c98865eb67a33117cd58446feb239d84dd02298c9caf165b271c,CONFIRMED,,
drive3_MJesus-MFB/Microscopio/Microscopio- MJesus Sanchez 2023/Machos vs Hembras/ki67 and SMA/ki67 and SMA 230808_a-sma-ki67_20x_0619/230808_ID133_20x-14.czi,AE-biomaGUNE-0619,MJ,,0619,133,230808_ID133_20x-14.czi,tissue,CELL_230808_ID133_20x-14.czi,Historical drive ingest 2026 (drive3_MJesus-MFB); project / researcher / operator / subject decided per file before ingest (tasks/drive3_czi_gate.md). Claim: CONFIRMED.,559fcd7a840224cd6ef15954eff3b3b3c73bc530557826877e1f559a318b60c9,CONFIRMED,,
drive3_MJesus-MFB/Microscopio/Microscopio- MJesus Sanchez 2023/Machos vs Hembras/ki67 and SMA/ki67 and SMA 230808_a-sma-ki67_20x_0619/230808_ID133_20x-2.czi,AE-biomaGUNE-0619,MJ,,0619,133,230808_ID133_20x-2.czi,tissue,CELL_230808_ID133_20x-2.czi,Historical drive ingest 2026 (drive3_MJesus-MFB); project / researcher / operator / subject decided per file before ingest (tasks/drive3_czi_gate.md). Claim: CONFIRMED.,222c188c2f7ba4dbfd696503bfff5fb44cc1d99963a81fc5321a462eabb81ecd,CONFIRMED,,
drive3_MJesus-MFB/Microscopio/Microscopio- MJesus Sanchez 2023/Machos vs Hembras/ki67 and SMA/ki67 and SMA 230808_a-sma-ki67_20x_0619/230808_ID133_20x-3.czi,AE-biomaGUNE-0619,MJ,,0619,133,230808_ID133_20x-3.czi,tissue,CELL_230808_ID133_20x-3.czi,Historical drive ingest 2026 (drive3_MJesus-MFB); project / researcher / operator / subject decided per file before ingest (tasks/drive3_czi_gate.md). Claim: CONFIRMED.,76eda969104ee7e72d18bcff0c6dfed8ca7a9cee7caa29e55b4f2b4c1754edd3,CONFIRMED,,
drive3_MJesus-MFB/Microscopio/Microscopio- MJesus Sanchez 2023/Machos vs Hembras/ki67 and SMA/ki67 and SMA 230808_a-sma-ki67_20x_0619/230808_ID133_20x-4.czi,AE-biomaGUNE-0619,MJ,,0619,133,230808_ID133_20x-4.czi,tissue,CELL_230808_ID133_20x-4.czi,Historical drive ingest 2026 (drive3_MJesus-MFB); project / researcher / operator / subject decided per file before ingest (tasks/drive3_czi_gate.md). Claim: CONFIRMED.,0eaecbd26e9c09ec89caa8f1444afaecd78b0b2b77b07a64afd036da62c4eb44,CONFIRMED,,
drive3_MJesus-MFB/Microscopio/Microscopio- MJesus Sanchez 2023/Machos vs Hembras/ki67 and SMA/ki67 and SMA 230808_a-sma-ki67_20x_0619/230808_ID133_20x-5.czi,AE-biomaGUNE-0619,MJ,,0619,133,230808_ID133_20x-5.czi,tissue,CELL_230808_ID133_20x-5.czi,Historical drive ingest 2026 (drive3_MJesus-MFB); project / researcher / operator / subject decided per file before ingest (tasks/drive3_czi_gate.md). Claim: CONFIRMED.,3ed68bca0b3f0b690b877311f22cab71451ef470695054bbc04ace8e377d0581,CONFIRMED,,
drive3_MJesus-MFB/Microscopio/Microscopio- MJesus Sanchez 2023/Machos vs Hembras/ki67 and SMA/ki67 and SMA 230808_a-sma-ki67_20x_0619/230808_ID133_20x-6.czi,AE-biomaGUNE-0619,MJ,,0619,133,230808_ID133_20x-6.czi,tissue,CELL_230808_ID133_20x-6.czi,Historical drive ingest 2026 (drive3_MJesus-MFB); project / researcher / operator / subject decided per file before ingest (tasks/drive3_czi_gate.md). Claim: CONFIRMED.,558cb8494eda9590f194462b95ab4d366bc24e8219469e5216476aaf91bec5ae,CONFIRMED,,
drive3_MJesus-MFB/Microscopio/Microscopio- MJesus Sanchez 2023/Machos vs Hembras/ki67 and SMA/ki67 and SMA 230808_a-sma-ki67_20x_0619/230808_ID133_20x-7.czi,AE-biomaGUNE-0619,MJ,,0619,133,230808_ID133_20x-7.czi,tissue,CELL_230808_ID133_20x-7.czi,Historical drive ingest 2026 (drive3_MJesus-MFB); project / researcher / operator / subject decided per file before ingest (tasks/drive3_czi_gate.md). Claim: CONFIRMED.,a32f8ca25a933e843ecf217ced1357ef03a837f70c6488a42c335fbde06b06f2,CONFIRMED,,
drive3_MJesus-MFB/Microscopio/Microscopio- MJesus Sanchez 2023/Machos vs Hembras/ki67 and SMA/ki67 and SMA 230808_a-sma-ki67_20x_0619/230808_ID133_20x-8.czi,AE-biomaGUNE-0619,MJ,,0619,133,230808_ID133_20x-8.czi,tissue,CELL_230808_ID133_20x-8.czi,Historical drive ingest 2026 (drive3_MJesus-MFB); project / researcher / operator / subject decided per file before ingest (tasks/drive3_czi_gate.md). Claim: CONFIRMED.,bc3ac934087b58dcf073ac07b5a13ef97530014e143f0faa4c1b5817059de854,CONFIRMED,,
drive3_MJesus-MFB/Microscopio/Microscopio- MJesus Sanchez 2023/Machos vs Hembras/ki67 and SMA/ki67 and SMA 230808_a-sma-ki67_20x_0619/230808_ID133_20x-9.czi,AE-biomaGUNE-0619,MJ,,0619,133,230808_ID133_20x-9.czi,tissue,CELL_230808_ID133_20x-9.czi,Historical drive ingest 2026 (drive3_MJesus-MFB); project / researcher / operator / subject decided per file before ingest (tasks/drive3_czi_gate.md). Claim: CONFIRMED.,31b17ca07791962f3e209159731e686c90f234c868ea6d2ebe77bd22bf6fd5cc,CONFIRMED,,
drive3_MJesus-MFB/Microscopio/Microscopio- MJesus Sanchez 2023/Machos vs Hembras/ki67 and SMA/ki67 and SMA 230808_a-sma-ki67_20x_0619/230808_ID134_20x-1.czi,AE-biomaGUNE-0619,MJ,,0619,134,230808_ID134_20x-1.czi,tissue,CELL_230808_ID134_20x-1.czi,Historical drive ingest 2026 (drive3_MJesus-MFB); project / researcher / operator / subject decided per file before ingest (tasks/drive3_czi_gate.md). Claim: CONFIRMED.,531b39335e00541757a0671d2c8c4eca591ce8c56040d7f4b6a0aac29fd5128d,CONFIRMED,,
drive3_MJesus-MFB/Microscopio/Microscopio- MJesus Sanchez 2023/Machos vs Hembras/ki67 and SMA/ki67 and SMA 230808_a-sma-ki67_20x_0619/230808_ID134_20x-10.czi,AE-biomaGUNE-0619,MJ,,0619,134,230808_ID134_20x-10.czi,tissue,CELL_230808_ID134_20x-10.czi,Historical drive ingest 2026 (drive3_MJesus-MFB); project / researcher / operator / subject decided per file before ingest (tasks/drive3_czi_gate.md). Claim: CONFIRMED.,204357c1bf60b8bb4918b85813656a6c1eb8a874b3a994d358c4e0c00e18fde6,CONFIRMED,,
drive3_MJesus-MFB/Microscopio/Microscopio- MJesus Sanchez 2023/Machos vs Hembras/ki67 and SMA/ki67 and SMA 230808_a-sma-ki67_20x_0619/230808_ID134_20x-11.czi,AE-biomaGUNE-0619,MJ,,0619,134,230808_ID134_20x-11.czi,tissue,CELL_230808_ID134_20x-11.czi,Historical drive ingest 2026 (drive3_MJesus-MFB); project / researcher / operator / subject decided per file before ingest (tasks/drive3_czi_gate.md). Claim: CONFIRMED.,7d135f044668d02ff8309d80ba8d1bc786ab50c7db06530f5ea92cd2c92ff18c,CONFIRMED,,
drive3_MJesus-MFB/Microscopio/Microscopio- MJesus Sanchez 2023/Machos vs Hembras/ki67 and SMA/ki67 and SMA 230808_a-sma-ki67_20x_0619/230808_ID134_20x-12.czi,AE-biomaGUNE-0619,MJ,,0619,134,230808_ID134_20x-12.czi,tissue,CELL_230808_ID134_20x-12.czi,Historical drive ingest 2026 (drive3_MJesus-MFB); project / researcher / operator / subject decided per file before ingest (tasks/drive3_czi_gate.md). Claim: CONFIRMED.,efe07ec6d47612e5a3e236f162dd10cf73bbbf3d44333f46b743f8f0c3a63f75,CONFIRMED,,
drive3_MJesus-MFB/Microscopio/Microscopio- MJesus Sanchez 2023/Machos vs Hembras/ki67 and SMA/ki67 and SMA 230808_a-sma-ki67_20x_0619/230808_ID134_20x-13.czi,AE-biomaGUNE-0619,MJ,,0619,134,230808_ID134_20x-13.czi,tissue,CELL_230808_ID134_20x-13.czi,Historical drive ingest 2026 (drive3_MJesus-MFB); project / researcher / operator / subject decided per file before ingest (tasks/drive3_czi_gate.md). Claim: CONFIRMED.,b9be939f8acfba62d03966eaadfd96a9441169688cef7d704ef2621c36b0248e,CONFIRMED,,
drive3_MJesus-MFB/Microscopio/Microscopio- MJesus Sanchez 2023/Machos vs Hembras/ki67 and SMA/ki67 and SMA 230808_a-sma-ki67_20x_0619/230808_ID134_20x-14.czi,AE-biomaGUNE-0619,MJ,,0619,134,230808_ID134_20x-14.czi,tissue,CELL_230808_ID134_20x-14.czi,Historical drive ingest 2026 (drive3_MJesus-MFB); project / researcher / operator / subject decided per file before ingest (tasks/drive3_czi_gate.md). Claim: CONFIRMED.,5598bcd7568bb33b473a4679b4dbbdc9fcd51e1c2e35cce20593478ae0ed2b97,CONFIRMED,,
drive3_MJesus-MFB/Microscopio/Microscopio- MJesus Sanchez 2023/Machos vs Hembras/ki67 and SMA/ki67 and SMA 230808_a-sma-ki67_20x_0619/230808_ID134_20x-2.czi,AE-biomaGUNE-0619,MJ,,0619,134,230808_ID134_20x-2.czi,tissue,CELL_230808_ID134_20x-2.czi,Historical drive ingest 2026 (drive3_MJesus-MFB); project / researcher / operator / subject decided per file before ingest (tasks/drive3_czi_gate.md). Claim: CONFIRMED.,e3872e836aa1431e92d549d606113f791d8ecfa09792b2f3e8b6444847f81351,CONFIRMED,,
drive3_MJesus-MFB/Microscopio/Microscopio- MJesus Sanchez 2023/Machos vs Hembras/ki67 and SMA/ki67 and SMA 230808_a-sma-ki67_20x_0619/230808_ID134_20x-3.czi,AE-biomaGUNE-0619,MJ,,0619,134,230808_ID134_20x-3.czi,tissue,CELL_230808_ID134_20x-3.czi,Historical drive ingest 2026 (drive3_MJesus-MFB); project / researcher / operator / subject decided per file before ingest (tasks/drive3_czi_gate.md). Claim: CONFIRMED.,2afccaf7f964dcda967b2c5cb2c7dfdfa2a3774b27d3a4ba0fbf47f3eb65e531,CONFIRMED,,
drive3_MJesus-MFB/Microscopio/Microscopio- MJesus Sanchez 2023/Machos vs Hembras/ki67 and SMA/ki67 and SMA 230808_a-sma-ki67_20x_0619/230808_ID134_20x-4.czi,AE-biomaGUNE-0619,MJ,,0619,134,230808_ID134_20x-4.czi,tissue,CELL_230808_ID134_20x-4.czi,Historical drive ingest 2026 (drive3_MJesus-MFB); project / researcher / operator / subject decided per file before ingest (tasks/drive3_czi_gate.md). Claim: CONFIRMED.,75f3374df078adff9ab9f66d3cb4a18cd1a40a3325b48ab8854d5b3d2a63cc35,CONFIRMED,,
drive3_MJesus-MFB/Microscopio/Microscopio- MJesus Sanchez 2023/Machos vs Hembras/ki67 and SMA/ki67 and SMA 230808_a-sma-ki67_20x_0619/230808_ID134_20x-5.czi,AE-biomaGUNE-0619,MJ,,0619,134,230808_ID134_20x-5.czi,tissue,CELL_230808_ID134_20x-5.czi,Historical drive ingest 2026 (drive3_MJesus-MFB); project / researcher / operator / subject decided per file before ingest (tasks/drive3_czi_gate.md). Claim: CONFIRMED.,61faf311a56169be7a90bfdcbd7aa67963bc9c2d34e2b7fb06d4677ffc9415e5,CONFIRMED,,
drive3_MJesus-MFB/Microscopio/Microscopio- MJesus Sanchez 2023/Machos vs Hembras/ki67 and SMA/ki67 and SMA 230808_a-sma-ki67_20x_0619/230808_ID134_20x-6.czi,AE-biomaGUNE-0619,MJ,,0619,134,230808_ID134_20x-6.czi,tissue,CELL_230808_ID134_20x-6.czi,Historical drive ingest 2026 (drive3_MJesus-MFB); project / researcher / operator / subject decided per file before ingest (tasks/drive3_czi_gate.md). Claim: CONFIRMED.,81a6b3c1aec0a495ea9d259de3d10df0150c6b46fa8221809f1c7dc8d89a5c34,CONFIRMED,,
drive3_MJesus-MFB/Microscopio/Microscopio- MJesus Sanchez 2023/Machos vs Hembras/ki67 and SMA/ki67 and SMA 230808_a-sma-ki67_20x_0619/230808_ID134_20x-7.czi,AE-biomaGUNE-0619,MJ,,0619,134,230808_ID134_20x-7.czi,tissue,CELL_230808_ID134_20x-7.czi,Historical drive ingest 2026 (drive3_MJesus-MFB); project / researcher / operator / subject decided per file before ingest (tasks/drive3_czi_gate.md). Claim: CONFIRMED.,3f6bc463beb2095fe93d214c1685276c0a04b8a30fe45a205eb749cfd7407c24,CONFIRMED,,
drive3_MJesus-MFB/Microscopio/Microscopio- MJesus Sanchez 2023/Machos vs Hembras/ki67 and SMA/ki67 and SMA 230808_a-sma-ki67_20x_0619/230808_ID134_20x-8.czi,AE-biomaGUNE-0619,MJ,,0619,134,230808_ID134_20x-8.czi,tissue,CELL_230808_ID134_20x-8.czi,Historical drive ingest 2026 (drive3_MJesus-MFB); project / researcher / operator / subject decided per file before ingest (tasks/drive3_czi_gate.md). Claim: CONFIRMED.,7deff504cb1fc949ae0fe2ce675b8a3c5e99b05d976c327daabc1ac36b124a5d,CONFIRMED,,
drive3_MJesus-MFB/Microscopio/Microscopio- MJesus Sanchez 2023/Machos vs Hembras/ki67 and SMA/ki67 and SMA 230808_a-sma-ki67_20x_0619/230808_ID134_20x-9.czi,AE-biomaGUNE-0619,MJ,,0619,134,230808_ID134_20x-9.czi,tissue,CELL_230808_ID134_20x-9.czi,Historical drive ingest 2026 (drive3_MJesus-MFB); project / researcher / operator / subject decided per file before ingest (tasks/drive3_czi_gate.md). Claim: CONFIRMED.,bdf24d83ed87a89c54358fc5380e2241e981d853752497ecb5e63b2d9df21097,CONFIRMED,,
drive3_MJesus-MFB/Microscopio/Microscopio- MJesus Sanchez 2023/Machos vs Hembras/ki67 and SMA/ki67 and SMA 230808_a-sma-ki67_20x_0619/230808_ID135_20x-1.czi,AE-biomaGUNE-0619,MJ,,0619,135,230808_ID135_20x-1.czi,tissue,CELL_230808_ID135_20x-1.czi,Historical drive ingest 2026 (drive3_MJesus-MFB); project / researcher / operator / subject decided per file before ingest (tasks/drive3_czi_gate.md). Claim: CONFIRMED.,233419fd8275ace55b20b1d6883aacf5db1947e37b0f3dc33cf29ef720a5ee2f,CONFIRMED,,
drive3_MJesus-MFB/Microscopio/Microscopio- MJesus Sanchez 2023/Machos vs Hembras/ki67 and SMA/ki67 and SMA 230808_a-sma-ki67_20x_0619/230808_ID135_20x-10.czi,AE-biomaGUNE-0619,MJ,,0619,135,230808_ID135_20x-10.czi,tissue,CELL_230808_ID135_20x-10.czi,Historical drive ingest 2026 (drive3_MJesus-MFB); project / researcher / operator / subject decided per file before ingest (tasks/drive3_czi_gate.md). Claim: CONFIRMED.,2bb3ff3090e8427c543dc94e9885a825f28deae4b479af535b45d593aa4991d1,CONFIRMED,,
drive3_MJesus-MFB/Microscopio/Microscopio- MJesus Sanchez 2023/Machos vs Hembras/ki67 and SMA/ki67 and SMA 230808_a-sma-ki67_20x_0619/230808_ID135_20x-11.czi,AE-biomaGUNE-0619,MJ,,0619,135,230808_ID135_20x-11.czi,tissue,CELL_230808_ID135_20x-11.czi,Historical drive ingest 2026 (drive3_MJesus-MFB); project / researcher / operator / subject decided per file before ingest (tasks/drive3_czi_gate.md). Claim: CONFIRMED.,d82579d56781b23c8e90913a43ffd4edc1e7cb125a24e35a84b08838bdcd6cbf,CONFIRMED,,
drive3_MJesus-MFB/Microscopio/Microscopio- MJesus Sanchez 2023/Machos vs Hembras/ki67 and SMA/ki67 and SMA 230808_a-sma-ki67_20x_0619/230808_ID135_20x-12.czi,AE-biomaGUNE-0619,MJ,,0619,135,230808_ID135_20x-12.czi,tissue,CELL_230808_ID135_20x-12.czi,Historical drive ingest 2026 (drive3_MJesus-MFB); project / researcher / operator / subject decided per file before ingest (tasks/drive3_czi_gate.md). Claim: CONFIRMED.,01ed2c9685d5efa3a6311aaadeda270c5e03198ba8e06c2f769cee31e98e20b1,CONFIRMED,,
drive3_MJesus-MFB/Microscopio/Microscopio- MJesus Sanchez 2023/Machos vs Hembras/ki67 and SMA/ki67 and SMA 230808_a-sma-ki67_20x_0619/230808_ID135_20x-13.czi,AE-biomaGUNE-0619,MJ,,0619,135,230808_ID135_20x-13.czi,tissue,CELL_230808_ID135_20x-13.czi,Historical drive ingest 2026 (drive3_MJesus-MFB); project / researcher / operator / subject decided per file before ingest (tasks/drive3_czi_gate.md). Claim: CONFIRMED.,e5ee3b91c156b849a6656710b07afe08cbc02c504b18b65387b9e9901621d6ad,CONFIRMED,,
drive3_MJesus-MFB/Microscopio/Microscopio- MJesus Sanchez 2023/Machos vs Hembras/ki67 and SMA/ki67 and SMA 230808_a-sma-ki67_20x_0619/230808_ID135_20x-14.czi,AE-biomaGUNE-0619,MJ,,0619,135,230808_ID135_20x-14.czi,tissue,CELL_230808_ID135_20x-14.czi,Historical drive ingest 2026 (drive3_MJesus-MFB); project / researcher / operator / subject decided per file before ingest (tasks/drive3_czi_gate.md). Claim: CONFIRMED.,1091fe677dfa2d3bb929ee18ad412ff78b887dd1de9cc30b12032527ba75e879,CONFIRMED,,
drive3_MJesus-MFB/Microscopio/Microscopio- MJesus Sanchez 2023/Machos vs Hembras/ki67 and SMA/ki67 and SMA 230808_a-sma-ki67_20x_0619/230808_ID135_20x-15.czi,AE-biomaGUNE-0619,MJ,,0619,135,230808_ID135_20x-15.czi,tissue,CELL_230808_ID135_20x-15.czi,Historical drive ingest 2026 (drive3_MJesus-MFB); project / researcher / operator / subject decided per file before ingest (tasks/drive3_czi_gate.md). Claim: CONFIRMED.,f5c5d0c0f8fffe72d626138cdd627a99f2a491f1c9659bc5d514f9ea5de42938,CONFIRMED,,
drive3_MJesus-MFB/Microscopio/Microscopio- MJesus Sanchez 2023/Machos vs Hembras/ki67 and SMA/ki67 and SMA 230808_a-sma-ki67_20x_0619/230808_ID135_20x-2.czi,AE-biomaGUNE-0619,MJ,,0619,135,230808_ID135_20x-2.czi,tissue,CELL_230808_ID135_20x-2.czi,Historical drive ingest 2026 (drive3_MJesus-MFB); project / researcher / operator / subject decided per file before ingest (tasks/drive3_czi_gate.md). Claim: CONFIRMED.,8d630e32effad96b7a05a2b90b01cee914cfa4c49cc39b73be7948de0e1840e6,CONFIRMED,,
drive3_MJesus-MFB/Microscopio/Microscopio- MJesus Sanchez 2023/Machos vs Hembras/ki67 and SMA/ki67 and SMA 230808_a-sma-ki67_20x_0619/230808_ID135_20x-3.czi,AE-biomaGUNE-0619,MJ,,0619,135,230808_ID135_20x-3.czi,tissue,CELL_230808_ID135_20x-3.czi,Historical drive ingest 2026 (drive3_MJesus-MFB); project / researcher / operator / subject decided per file before ingest (tasks/drive3_czi_gate.md). Claim: CONFIRMED.,fed2f45277470aa1edb6f401bcb8abd83898220facb44f7ec3fff387a468ac22,CONFIRMED,,
drive3_MJesus-MFB/Microscopio/Microscopio- MJesus Sanchez 2023/Machos vs Hembras/ki67 and SMA/ki67 and SMA 230808_a-sma-ki67_20x_0619/230808_ID135_20x-4.czi,AE-biomaGUNE-0619,MJ,,0619,135,230808_ID135_20x-4.czi,tissue,CELL_230808_ID135_20x-4.czi,Historical drive ingest 2026 (drive3_MJesus-MFB); project / researcher / operator / subject decided per file before ingest (tasks/drive3_czi_gate.md). Claim: CONFIRMED.,525c6fcf15acb72373b17dfd5acbe54f062e1bbf82369684ee8580a87ae7f247,CONFIRMED,,
drive3_MJesus-MFB/Microscopio/Microscopio- MJesus Sanchez 2023/Machos vs Hembras/ki67 and SMA/ki67 and SMA 230808_a-sma-ki67_20x_0619/230808_ID135_20x-5.czi,AE-biomaGUNE-0619,MJ,,0619,135,230808_ID135_20x-5.czi,tissue,CELL_230808_ID135_20x-5.czi,Historical drive ingest 2026 (drive3_MJesus-MFB); project / researcher / operator / subject decided per file before ingest (tasks/drive3_czi_gate.md). Claim: CONFIRMED.,e6ef5bfc1d4e70e5893939da74f65aa9ad41678c3ade3b2aae6b24a262f0b8e5,CONFIRMED,,
drive3_MJesus-MFB/Microscopio/Microscopio- MJesus Sanchez 2023/Machos vs Hembras/ki67 and SMA/ki67 and SMA 230808_a-sma-ki67_20x_0619/230808_ID135_20x-6.czi,AE-biomaGUNE-0619,MJ,,0619,135,230808_ID135_20x-6.czi,tissue,CELL_230808_ID135_20x-6.czi,Historical drive ingest 2026 (drive3_MJesus-MFB); project / researcher / operator / subject decided per file before ingest (tasks/drive3_czi_gate.md). Claim: CONFIRMED.,8db21a456abc8495233b487c8a58f76bff4c56a26ab4e6f10f2deb42072f4902,CONFIRMED,,
drive3_MJesus-MFB/Microscopio/Microscopio- MJesus Sanchez 2023/Machos vs Hembras/ki67 and SMA/ki67 and SMA 230808_a-sma-ki67_20x_0619/230808_ID135_20x-7.czi,AE-biomaGUNE-0619,MJ,,0619,135,230808_ID135_20x-7.czi,tissue,CELL_230808_ID135_20x-7.czi,Historical drive ingest 2026 (drive3_MJesus-MFB); project / researcher / operator / subject decided per file before ingest (tasks/drive3_czi_gate.md). Claim: CONFIRMED.,fc81edbf73a24373d3dc88823249166f6092ccdcbc77767ac0d061026db7acae,CONFIRMED,,
drive3_MJesus-MFB/Microscopio/Microscopio- MJesus Sanchez 2023/Machos vs Hembras/ki67 and SMA/ki67 and SMA 230808_a-sma-ki67_20x_0619/230808_ID135_20x-8.czi,AE-biomaGUNE-0619,MJ,,0619,135,230808_ID135_20x-8.czi,tissue,CELL_230808_ID135_20x-8.czi,Historical drive ingest 2026 (drive3_MJesus-MFB); project / researcher / operator / subject decided per file before ingest (tasks/drive3_czi_gate.md). Claim: CONFIRMED.,9abe40d5f423d019fcc8710e9a93ad210794b729e8b621923fb61eb9e1e046c3,CONFIRMED,,
drive3_MJesus-MFB/Microscopio/Microscopio- MJesus Sanchez 2023/Machos vs Hembras/ki67 and SMA/ki67 and SMA 230808_a-sma-ki67_20x_0619/230808_ID135_20x-9.czi,AE-biomaGUNE-0619,MJ,,0619,135,230808_ID135_20x-9.czi,tissue,CELL_230808_ID135_20x-9.czi,Historical drive ingest 2026 (drive3_MJesus-MFB); project / researcher / operator / subject decided per file before ingest (tasks/drive3_czi_gate.md). Claim: CONFIRMED.,058ee6b09c58ca696d7fa1f7e6a22ec7ab2856bf176d8435f1e78f7975820efe,CONFIRMED,,
drive3_MJesus-MFB/Microscopio/Microscopio- MJesus Sanchez 2023/Machos vs Hembras/ki67 and SMA/ki67 and SMA 230808_a-sma-ki67_20x_0619/230809_ID145_20x-1.czi,AE-biomaGUNE-0619,MJ,,0619,145,230809_ID145_20x-1.czi,tissue,CELL_230809_ID145_20x-1.czi,Historical drive ingest 2026 (drive3_MJesus-MFB); project / researcher / operator / subject decided per file before ingest (tasks/drive3_czi_gate.md). Claim: CONFIRMED.,2723aeae9de51006518c77b21a613f83a3344f803a87fb91198e12bb6bde6741,CONFIRMED,,
drive3_MJesus-MFB/Microscopio/Microscopio- MJesus Sanchez 2023/Machos vs Hembras/ki67 and SMA/ki67 and SMA 230808_a-sma-ki67_20x_0619/230809_ID145_20x-10.czi,AE-biomaGUNE-0619,MJ,,0619,145,230809_ID145_20x-10.czi,tissue,CELL_230809_ID145_20x-10.czi,Historical drive ingest 2026 (drive3_MJesus-MFB); project / researcher / operator / subject decided per file before ingest (tasks/drive3_czi_gate.md). Claim: CONFIRMED.,d74c1e758ea0e3415f9169d97e746ddf394b055ad053cb06c8aeef37e50894ac,CONFIRMED,,
drive3_MJesus-MFB/Microscopio/Microscopio- MJesus Sanchez 2023/Machos vs Hembras/ki67 and SMA/ki67 and SMA 230808_a-sma-ki67_20x_0619/230809_ID145_20x-11.czi,AE-biomaGUNE-0619,MJ,,0619,145,230809_ID145_20x-11.czi,tissue,CELL_230809_ID145_20x-11.czi,Historical drive ingest 2026 (drive3_MJesus-MFB); project / researcher / operator / subject decided per file before ingest (tasks/drive3_czi_gate.md). Claim: CONFIRMED.,969668393c6435c6ce5635c9bb94a97ce9e01cdc018d3e0f7ac92cd806b630fa,CONFIRMED,,
drive3_MJesus-MFB/Microscopio/Microscopio- MJesus Sanchez 2023/Machos vs Hembras/ki67 and SMA/ki67 and SMA 230808_a-sma-ki67_20x_0619/230809_ID145_20x-12.czi,AE-biomaGUNE-0619,MJ,,0619,145,230809_ID145_20x-12.czi,tissue,CELL_230809_ID145_20x-12.czi,Historical drive ingest 2026 (drive3_MJesus-MFB); project / researcher / operator / subject decided per file before ingest (tasks/drive3_czi_gate.md). Claim: CONFIRMED.,dc20bfdd6d98b6bbd35ad869ae2e83b32b7c8018a8e99caf8e3cf6c07b2961d0,CONFIRMED,,
drive3_MJesus-MFB/Microscopio/Microscopio- MJesus Sanchez 2023/Machos vs Hembras/ki67 and SMA/ki67 and SMA 230808_a-sma-ki67_20x_0619/230809_ID145_20x-13.czi,AE-biomaGUNE-0619,MJ,,0619,145,230809_ID145_20x-13.czi,tissue,CELL_230809_ID145_20x-13.czi,Historical drive ingest 2026 (drive3_MJesus-MFB); project / researcher / operator / subject decided per file before ingest (tasks/drive3_czi_gate.md). Claim: CONFIRMED.,a2d5ee240fefafb68af200b6d51f046b795f0de07ed863c03b5e0fe4ca1b135c,CONFIRMED,,
drive3_MJesus-MFB/Microscopio/Microscopio- MJesus Sanchez 2023/Machos vs Hembras/ki67 and SMA/ki67 and SMA 230808_a-sma-ki67_20x_0619/230809_ID145_20x-2.czi,AE-biomaGUNE-0619,MJ,,0619,145,230809_ID145_20x-2.czi,tissue,CELL_230809_ID145_20x-2.czi,Historical drive ingest 2026 (drive3_MJesus-MFB); project / researcher / operator / subject decided per file before ingest (tasks/drive3_czi_gate.md). Claim: CONFIRMED.,ee1660c5f620e14658ff93db98afcd455e31dd9274e02d1f90e4477ad725f228,CONFIRMED,,
drive3_MJesus-MFB/Microscopio/Microscopio- MJesus Sanchez 2023/Machos vs Hembras/ki67 and SMA/ki67 and SMA 230808_a-sma-ki67_20x_0619/230809_ID145_20x-3.czi,AE-biomaGUNE-0619,MJ,,0619,145,230809_ID145_20x-3.czi,tissue,CELL_230809_ID145_20x-3.czi,Historical drive ingest 2026 (drive3_MJesus-MFB); project / researcher / operator / subject decided per file before ingest (tasks/drive3_czi_gate.md). Claim: CONFIRMED.,a08321c5e756d6b8ef42ef14a09c55bf560fa3ce6acee106bbf1adc6d7db1c3f,CONFIRMED,,
drive3_MJesus-MFB/Microscopio/Microscopio- MJesus Sanchez 2023/Machos vs Hembras/ki67 and SMA/ki67 and SMA 230808_a-sma-ki67_20x_0619/230809_ID145_20x-4.czi,AE-biomaGUNE-0619,MJ,,0619,145,230809_ID145_20x-4.czi,tissue,CELL_230809_ID145_20x-4.czi,Historical drive ingest 2026 (drive3_MJesus-MFB); project / researcher / operator / subject decided per file before ingest (tasks/drive3_czi_gate.md). Claim: CONFIRMED.,07eb46166b30315e4e303565ecc4d526cefff8adcc7dcf89882aa10aae3c1f2f,CONFIRMED,,
drive3_MJesus-MFB/Microscopio/Microscopio- MJesus Sanchez 2023/Machos vs Hembras/ki67 and SMA/ki67 and SMA 230808_a-sma-ki67_20x_0619/230809_ID145_20x-5.czi,AE-biomaGUNE-0619,MJ,,0619,145,230809_ID145_20x-5.czi,tissue,CELL_230809_ID145_20x-5.czi,Historical drive ingest 2026 (drive3_MJesus-MFB); project / researcher / operator / subject decided per file before ingest (tasks/drive3_czi_gate.md). Claim: CONFIRMED.,241bca706431ff439d0f4dd30930caeb518de92fe664a4267fd47fd68dd0f757,CONFIRMED,,
drive3_MJesus-MFB/Microscopio/Microscopio- MJesus Sanchez 2023/Machos vs Hembras/ki67 and SMA/ki67 and SMA 230808_a-sma-ki67_20x_0619/230809_ID145_20x-6.czi,AE-biomaGUNE-0619,MJ,,0619,145,230809_ID145_20x-6.czi,tissue,CELL_230809_ID145_20x-6.czi,Historical drive ingest 2026 (drive3_MJesus-MFB); project / researcher / operator / subject decided per file before ingest (tasks/drive3_czi_gate.md). Claim: CONFIRMED.,c18f7b9bb9b48cfc3bfafa9bdeab276a9c72632b9deab66c0eceaee21aa232df,CONFIRMED,,
drive3_MJesus-MFB/Microscopio/Microscopio- MJesus Sanchez 2023/Machos vs Hembras/ki67 and SMA/ki67 and SMA 230808_a-sma-ki67_20x_0619/230809_ID145_20x-7.czi,AE-biomaGUNE-0619,MJ,,0619,145,230809_ID145_20x-7.czi,tissue,CELL_230809_ID145_20x-7.czi,Historical drive ingest 2026 (drive3_MJesus-MFB); project / researcher / operator / subject decided per file before ingest (tasks/drive3_czi_gate.md). Claim: CONFIRMED.,a238c4c6f836412268479423b86079b576e367ac3fe7bc092e663d12adbc9053,CONFIRMED,,
drive3_MJesus-MFB/Microscopio/Microscopio- MJesus Sanchez 2023/Machos vs Hembras/ki67 and SMA/ki67 and SMA 230808_a-sma-ki67_20x_0619/230809_ID145_20x-8.czi,AE-biomaGUNE-0619,MJ,,0619,145,230809_ID145_20x-8.czi,tissue,CELL_230809_ID145_20x-8.czi,Historical drive ingest 2026 (drive3_MJesus-MFB); project / researcher / operator / subject decided per file before ingest (tasks/drive3_czi_gate.md). Claim: CONFIRMED.,d29e8a7495faddf3740a8efdae41e8cec5f8343b3f0ee276a069800e46127ea3,CONFIRMED,,
drive3_MJesus-MFB/Microscopio/Microscopio- MJesus Sanchez 2023/Machos vs Hembras/ki67 and SMA/ki67 and SMA 230808_a-sma-ki67_20x_0619/230809_ID145_20x-9.czi,AE-biomaGUNE-0619,MJ,,0619,145,230809_ID145_20x-9.czi,tissue,CELL_230809_ID145_20x-9.czi,Historical drive ingest 2026 (drive3_MJesus-MFB); project / researcher / operator / subject decided per file before ingest (tasks/drive3_czi_gate.md). Claim: CONFIRMED.,01f02c364e0f9c79c5e504e4b6c328c8b97177d1bd393239f1c1fc1a981da851,CONFIRMED,,
drive3_MJesus-MFB/Microscopio/Microscopio- MJesus Sanchez 2023/Machos vs Hembras/ki67 and SMA/ki67 and SMA 230808_a-sma-ki67_20x_0619/230809_ID146_20x-1.czi,AE-biomaGUNE-0619,MJ,,0619,146,230809_ID146_20x-1.czi,tissue,CELL_230809_ID146_20x-1.czi,Historical drive ingest 2026 (drive3_MJesus-MFB); project / researcher / operator / subject decided per file before ingest (tasks/drive3_czi_gate.md). Claim: CONFIRMED.,575fa3ac6f3eaeca536b8fff32880adc41d799fab251bae1bd7e476a52e49fe6,CONFIRMED,,
drive3_MJesus-MFB/Microscopio/Microscopio- MJesus Sanchez 2023/Machos vs Hembras/ki67 and SMA/ki67 and SMA 230808_a-sma-ki67_20x_0619/230809_ID146_20x-10.czi,AE-biomaGUNE-0619,MJ,,0619,146,230809_ID146_20x-10.czi,tissue,CELL_230809_ID146_20x-10.czi,Historical drive ingest 2026 (drive3_MJesus-MFB); project / researcher / operator / subject decided per file before ingest (tasks/drive3_czi_gate.md). Claim: CONFIRMED.,04ca81937051640cdf7f3ed4fe881bc411b57c62e44c11132407079914716348,CONFIRMED,,
drive3_MJesus-MFB/Microscopio/Microscopio- MJesus Sanchez 2023/Machos vs Hembras/ki67 and SMA/ki67 and SMA 230808_a-sma-ki67_20x_0619/230809_ID146_20x-11.czi,AE-biomaGUNE-0619,MJ,,0619,146,230809_ID146_20x-11.czi,tissue,CELL_230809_ID146_20x-11.czi,Historical drive ingest 2026 (drive3_MJesus-MFB); project / researcher / operator / subject decided per file before ingest (tasks/drive3_czi_gate.md). Claim: CONFIRMED.,9bd29bbf3fe032a7ae1c9b126a1eef88a8df8d70b987b3a39743673b98999dec,CONFIRMED,,
drive3_MJesus-MFB/Microscopio/Microscopio- MJesus Sanchez 2023/Machos vs Hembras/ki67 and SMA/ki67 and SMA 230808_a-sma-ki67_20x_0619/230809_ID146_20x-12.czi,AE-biomaGUNE-0619,MJ,,0619,146,230809_ID146_20x-12.czi,tissue,CELL_230809_ID146_20x-12.czi,Historical drive ingest 2026 (drive3_MJesus-MFB); project / researcher / operator / subject decided per file before ingest (tasks/drive3_czi_gate.md). Claim: CONFIRMED.,c84944785d53ff2f457406f07573ac0c0d79a22d0338b9b78c5559fecbc57308,CONFIRMED,,
drive3_MJesus-MFB/Microscopio/Microscopio- MJesus Sanchez 2023/Machos vs Hembras/ki67 and SMA/ki67 and SMA 230808_a-sma-ki67_20x_0619/230809_ID146_20x-2.czi,AE-biomaGUNE-0619,MJ,,0619,146,230809_ID146_20x-2.czi,tissue,CELL_230809_ID146_20x-2.czi,Historical drive ingest 2026 (drive3_MJesus-MFB); project / researcher / operator / subject decided per file before ingest (tasks/drive3_czi_gate.md). Claim: CONFIRMED.,c8c61243920d0392a041a97bb0509a7e34134442341658bdb7e0b1580bbf9560,CONFIRMED,,
drive3_MJesus-MFB/Microscopio/Microscopio- MJesus Sanchez 2023/Machos vs Hembras/ki67 and SMA/ki67 and SMA 230808_a-sma-ki67_20x_0619/230809_ID146_20x-3.czi,AE-biomaGUNE-0619,MJ,,0619,146,230809_ID146_20x-3.czi,tissue,CELL_230809_ID146_20x-3.czi,Historical drive ingest 2026 (drive3_MJesus-MFB); project / researcher / operator / subject decided per file before ingest (tasks/drive3_czi_gate.md). Claim: CONFIRMED.,337b3bcff9936f8a328732686f12ede2cddbc106f69586a18376d00b82be5373,CONFIRMED,,
drive3_MJesus-MFB/Microscopio/Microscopio- MJesus Sanchez 2023/Machos vs Hembras/ki67 and SMA/ki67 and SMA 230808_a-sma-ki67_20x_0619/230809_ID146_20x-4.czi,AE-biomaGUNE-0619,MJ,,0619,146,230809_ID146_20x-4.czi,tissue,CELL_230809_ID146_20x-4.czi,Historical drive ingest 2026 (drive3_MJesus-MFB); project / researcher / operator / subject decided per file before ingest (tasks/drive3_czi_gate.md). Claim: CONFIRMED.,dd35307374264934efad97f574cc23097126aee6d1141bac933a5070a0cc3da5,CONFIRMED,,
drive3_MJesus-MFB/Microscopio/Microscopio- MJesus Sanchez 2023/Machos vs Hembras/ki67 and SMA/ki67 and SMA 230808_a-sma-ki67_20x_0619/230809_ID146_20x-5.czi,AE-biomaGUNE-0619,MJ,,0619,146,230809_ID146_20x-5.czi,tissue,CELL_230809_ID146_20x-5.czi,Historical drive ingest 2026 (drive3_MJesus-MFB); project / researcher / operator / subject decided per file before ingest (tasks/drive3_czi_gate.md). Claim: CONFIRMED.,9fe601808381ea3f50fab9506921bd546f300a1bd8c5bb65e6216d870992c0b2,CONFIRMED,,
drive3_MJesus-MFB/Microscopio/Microscopio- MJesus Sanchez 2023/Machos vs Hembras/ki67 and SMA/ki67 and SMA 230808_a-sma-ki67_20x_0619/230809_ID146_20x-6.czi,AE-biomaGUNE-0619,MJ,,0619,146,230809_ID146_20x-6.czi,tissue,CELL_230809_ID146_20x-6.czi,Historical drive ingest 2026 (drive3_MJesus-MFB); project / researcher / operator / subject decided per file before ingest (tasks/drive3_czi_gate.md). Claim: CONFIRMED.,e00cee6703e15ac0bbb5166239ffdc7af9c87f5019a5980bb86d4a7ad3bd5078,CONFIRMED,,
drive3_MJesus-MFB/Microscopio/Microscopio- MJesus Sanchez 2023/Machos vs Hembras/ki67 and SMA/ki67 and SMA 230808_a-sma-ki67_20x_0619/230809_ID146_20x-7.czi,AE-biomaGUNE-0619,MJ,,0619,146,230809_ID146_20x-7.czi,tissue,CELL_230809_ID146_20x-7.czi,Historical drive ingest 2026 (drive3_MJesus-MFB); project / researcher / operator / subject decided per file before ingest (tasks/drive3_czi_gate.md). Claim: CONFIRMED.,d9ce53ffb0b84484ffb4cf38ce98b5781b2de07a64ff4e6b6d88f0b81335d981,CONFIRMED,,
drive3_MJesus-MFB/Microscopio/Microscopio- MJesus Sanchez 2023/Machos vs Hembras/ki67 and SMA/ki67 and SMA 230808_a-sma-ki67_20x_0619/230809_ID146_20x-8.czi,AE-biomaGUNE-0619,MJ,,0619,146,230809_ID146_20x-8.czi,tissue,CELL_230809_ID146_20x-8.czi,Historical drive ingest 2026 (drive3_MJesus-MFB); project / researcher / operator / subject decided per file before ingest (tasks/drive3_czi_gate.md). Claim: CONFIRMED.,11055b53bb310e384bb3bf5118c187674615d3e4a486782bee167e05b07a5f78,CONFIRMED,,
drive3_MJesus-MFB/Microscopio/Microscopio- MJesus Sanchez 2023/Machos vs Hembras/ki67 and SMA/ki67 and SMA 230808_a-sma-ki67_20x_0619/230809_ID146_20x-9.czi,AE-biomaGUNE-0619,MJ,,0619,146,230809_ID146_20x-9.czi,tissue,CELL_230809_ID146_20x-9.czi,Historical drive ingest 2026 (drive3_MJesus-MFB); project / researcher / operator / subject decided per file before ingest (tasks/drive3_czi_gate.md). Claim: CONFIRMED.,71510ef998b7715ef0572a12f6cf13d6d2941ab30ec24909ad1553f3fb0e7431,CONFIRMED,,
drive3_MJesus-MFB/Microscopio/Microscopio- MJesus Sanchez 2023/Machos vs Hembras/ki67 and SMA/ki67 and SMA 230808_a-sma-ki67_20x_0619/230809_ID147_20x-1.czi,AE-biomaGUNE-0619,MJ,,0619,147,230809_ID147_20x-1.czi,tissue,CELL_230809_ID147_20x-1.czi,Historical drive ingest 2026 (drive3_MJesus-MFB); project / researcher / operator / subject decided per file before ingest (tasks/drive3_czi_gate.md). Claim: CONFIRMED.,c352f0355815efdcccc6bd644e095353199d176f58379ba562d591ec82ef87a9,CONFIRMED,,
drive3_MJesus-MFB/Microscopio/Microscopio- MJesus Sanchez 2023/Machos vs Hembras/ki67 and SMA/ki67 and SMA 230808_a-sma-ki67_20x_0619/230809_ID147_20x-10.czi,AE-biomaGUNE-0619,MJ,,0619,147,230809_ID147_20x-10.czi,tissue,CELL_230809_ID147_20x-10.czi,Historical drive ingest 2026 (drive3_MJesus-MFB); project / researcher / operator / subject decided per file before ingest (tasks/drive3_czi_gate.md). Claim: CONFIRMED.,2614547469b8022e901e15f6cd60594fd6d1500cb03bdb2b432350ae777154d6,CONFIRMED,,
drive3_MJesus-MFB/Microscopio/Microscopio- MJesus Sanchez 2023/Machos vs Hembras/ki67 and SMA/ki67 and SMA 230808_a-sma-ki67_20x_0619/230809_ID147_20x-11.czi,AE-biomaGUNE-0619,MJ,,0619,147,230809_ID147_20x-11.czi,tissue,CELL_230809_ID147_20x-11.czi,Historical drive ingest 2026 (drive3_MJesus-MFB); project / researcher / operator / subject decided per file before ingest (tasks/drive3_czi_gate.md). Claim: CONFIRMED.,67e102c24ad33740e9f9d74256c73bc64fb783f4582796b8f3f27af5c9035a4b,CONFIRMED,,
drive3_MJesus-MFB/Microscopio/Microscopio- MJesus Sanchez 2023/Machos vs Hembras/ki67 and SMA/ki67 and SMA 230808_a-sma-ki67_20x_0619/230809_ID147_20x-12.czi,AE-biomaGUNE-0619,MJ,,0619,147,230809_ID147_20x-12.czi,tissue,CELL_230809_ID147_20x-12.czi,Historical drive ingest 2026 (drive3_MJesus-MFB); project / researcher / operator / subject decided per file before ingest (tasks/drive3_czi_gate.md). Claim: CONFIRMED.,8c252e46639334a2c0973c9de3bab5ca8f35b699937016cc3ac6b062c576f150,CONFIRMED,,
drive3_MJesus-MFB/Microscopio/Microscopio- MJesus Sanchez 2023/Machos vs Hembras/ki67 and SMA/ki67 and SMA 230808_a-sma-ki67_20x_0619/230809_ID147_20x-13.czi,AE-biomaGUNE-0619,MJ,,0619,147,230809_ID147_20x-13.czi,tissue,CELL_230809_ID147_20x-13.czi,Historical drive ingest 2026 (drive3_MJesus-MFB); project / researcher / operator / subject decided per file before ingest (tasks/drive3_czi_gate.md). Claim: CONFIRMED.,9a90f89d7a49945e996672b733e491bc37b72f423bddf0b7afb80465327caebb,CONFIRMED,,
drive3_MJesus-MFB/Microscopio/Microscopio- MJesus Sanchez 2023/Machos vs Hembras/ki67 and SMA/ki67 and SMA 230808_a-sma-ki67_20x_0619/230809_ID147_20x-14.czi,AE-biomaGUNE-0619,MJ,,0619,147,230809_ID147_20x-14.czi,tissue,CELL_230809_ID147_20x-14.czi,Historical drive ingest 2026 (drive3_MJesus-MFB); project / researcher / operator / subject decided per file before ingest (tasks/drive3_czi_gate.md). Claim: CONFIRMED.,fa7b9b6f9e3239c00de80636ecb9a0cdcbbd1d5c41bbe58fd083331b83601362,CONFIRMED,,
drive3_MJesus-MFB/Microscopio/Microscopio- MJesus Sanchez 2023/Machos vs Hembras/ki67 and SMA/ki67 and SMA 230808_a-sma-ki67_20x_0619/230809_ID147_20x-15.czi,AE-biomaGUNE-0619,MJ,,0619,147,230809_ID147_20x-15.czi,tissue,CELL_230809_ID147_20x-15.czi,Historical drive ingest 2026 (drive3_MJesus-MFB); project / researcher / operator / subject decided per file before ingest (tasks/drive3_czi_gate.md). Claim: CONFIRMED.,5ddc99556ec709d79e0b7e4c294b4aaf3c0455c268a16c40485e257e62fefa11,CONFIRMED,,
drive3_MJesus-MFB/Microscopio/Microscopio- MJesus Sanchez 2023/Machos vs Hembras/ki67 and SMA/ki67 and SMA 230808_a-sma-ki67_20x_0619/230809_ID147_20x-2.czi,AE-biomaGUNE-0619,MJ,,0619,147,230809_ID147_20x-2.czi,tissue,CELL_230809_ID147_20x-2.czi,Historical drive ingest 2026 (drive3_MJesus-MFB); project / researcher / operator / subject decided per file before ingest (tasks/drive3_czi_gate.md). Claim: CONFIRMED.,db71eefe654b5aee1c4842f11d7002cfef20f6815717ee2e80d6510b0f428201,CONFIRMED,,
drive3_MJesus-MFB/Microscopio/Microscopio- MJesus Sanchez 2023/Machos vs Hembras/ki67 and SMA/ki67 and SMA 230808_a-sma-ki67_20x_0619/230809_ID147_20x-3.czi,AE-biomaGUNE-0619,MJ,,0619,147,230809_ID147_20x-3.czi,tissue,CELL_230809_ID147_20x-3.czi,Historical drive ingest 2026 (drive3_MJesus-MFB); project / researcher / operator / subject decided per file before ingest (tasks/drive3_czi_gate.md). Claim: CONFIRMED.,d9112cdc9c123141549005ed65b599400ee62c7d2269ad756766ee3a97e01166,CONFIRMED,,
drive3_MJesus-MFB/Microscopio/Microscopio- MJesus Sanchez 2023/Machos vs Hembras/ki67 and SMA/ki67 and SMA 230808_a-sma-ki67_20x_0619/230809_ID147_20x-4.czi,AE-biomaGUNE-0619,MJ,,0619,147,230809_ID147_20x-4.czi,tissue,CELL_230809_ID147_20x-4.czi,Historical drive ingest 2026 (drive3_MJesus-MFB); project / researcher / operator / subject decided per file before ingest (tasks/drive3_czi_gate.md). Claim: CONFIRMED.,9ebf48ad0b941edc9656c556952ac87b14b15aa3f93425c07a1d1faf1e245b00,CONFIRMED,,
drive3_MJesus-MFB/Microscopio/Microscopio- MJesus Sanchez 2023/Machos vs Hembras/ki67 and SMA/ki67 and SMA 230808_a-sma-ki67_20x_0619/230809_ID147_20x-5.czi,AE-biomaGUNE-0619,MJ,,0619,147,230809_ID147_20x-5.czi,tissue,CELL_230809_ID147_20x-5.czi,Historical drive ingest 2026 (drive3_MJesus-MFB); project / researcher / operator / subject decided per file before ingest (tasks/drive3_czi_gate.md). Claim: CONFIRMED.,792ac930b82423eb40cb9db68e1ee53c7c08da07d59f053c65e8ee0b7c0a0d70,CONFIRMED,,
drive3_MJesus-MFB/Microscopio/Microscopio- MJesus Sanchez 2023/Machos vs Hembras/ki67 and SMA/ki67 and SMA 230808_a-sma-ki67_20x_0619/230809_ID147_20x-6.czi,AE-biomaGUNE-0619,MJ,,0619,147,230809_ID147_20x-6.czi,tissue,CELL_230809_ID147_20x-6.czi,Historical drive ingest 2026 (drive3_MJesus-MFB); project / researcher / operator / subject decided per file before ingest (tasks/drive3_czi_gate.md). Claim: CONFIRMED.,aff4035cf076f9c1b3e226cb95ff2e9470020d9634cfbbd5e318a13b76bf843e,CONFIRMED,,
drive3_MJesus-MFB/Microscopio/Microscopio- MJesus Sanchez 2023/Machos vs Hembras/ki67 and SMA/ki67 and SMA 230808_a-sma-ki67_20x_0619/230809_ID147_20x-7.czi,AE-biomaGUNE-0619,MJ,,0619,147,230809_ID147_20x-7.czi,tissue,CELL_230809_ID147_20x-7.czi,Historical drive ingest 2026 (drive3_MJesus-MFB); project / researcher / operator / subject decided per file before ingest (tasks/drive3_czi_gate.md). Claim: CONFIRMED.,d40752326a09b8ebf6d6bc4a182192f79f8b5560a183b810572be1a6203b0129,CONFIRMED,,
drive3_MJesus-MFB/Microscopio/Microscopio- MJesus Sanchez 2023/Machos vs Hembras/ki67 and SMA/ki67 and SMA 230808_a-sma-ki67_20x_0619/230809_ID147_20x-8.czi,AE-biomaGUNE-0619,MJ,,0619,147,230809_ID147_20x-8.czi,tissue,CELL_230809_ID147_20x-8.czi,Historical drive ingest 2026 (drive3_MJesus-MFB); project / researcher / operator / subject decided per file before ingest (tasks/drive3_czi_gate.md). Claim: CONFIRMED.,79a0f26bd8841b502afd789481eb5fc1b89e95f5ebac9e694785d07ffe738a39,CONFIRMED,,
drive3_MJesus-MFB/Microscopio/Microscopio- MJesus Sanchez 2023/Machos vs Hembras/ki67 and SMA/ki67 and SMA 230808_a-sma-ki67_20x_0619/230809_ID147_20x-9.czi,AE-biomaGUNE-0619,MJ,,0619,147,230809_ID147_20x-9.czi,tissue,CELL_230809_ID147_20x-9.czi,Historical drive ingest 2026 (drive3_MJesus-MFB); project / researcher / operator / subject decided per file before ingest (tasks/drive3_czi_gate.md). Claim: CONFIRMED.,f1cb1b7dbccac37155ddf337959a5b9d0335f2f231d64a2a89f7a5f9fbacc35d,CONFIRMED,,
drive3_MJesus-MFB/Microscopio/Microscopio- MJesus Sanchez 2023/Machos vs Hembras/ki67 and SMA/ki67 and SMA 230808_a-sma-ki67_20x_0619/230809_ID159_20x-1.czi,AE-biomaGUNE-0619,MJ,,0619,159,230809_ID159_20x-1.czi,tissue,CELL_230809_ID159_20x-1.czi,Historical drive ingest 2026 (drive3_MJesus-MFB); project / researcher / operator / subject decided per file before ingest (tasks/drive3_czi_gate.md). Claim: CONFIRMED.,351980b06299e082249070541795107e7274bdb255cfc0353e4f6411196954bf,CONFIRMED,,
drive3_MJesus-MFB/Microscopio/Microscopio- MJesus Sanchez 2023/Machos vs Hembras/ki67 and SMA/ki67 and SMA 230808_a-sma-ki67_20x_0619/230809_ID159_20x-10.czi,AE-biomaGUNE-0619,MJ,,0619,159,230809_ID159_20x-10.czi,tissue,CELL_230809_ID159_20x-10.czi,Historical drive ingest 2026 (drive3_MJesus-MFB); project / researcher / operator / subject decided per file before ingest (tasks/drive3_czi_gate.md). Claim: CONFIRMED.,1836e2bf98652bdc667b7544330ac3c901538fc3668e50ffd7b72a84e722bf7b,CONFIRMED,,
drive3_MJesus-MFB/Microscopio/Microscopio- MJesus Sanchez 2023/Machos vs Hembras/ki67 and SMA/ki67 and SMA 230808_a-sma-ki67_20x_0619/230809_ID159_20x-2.czi,AE-biomaGUNE-0619,MJ,,0619,159,230809_ID159_20x-2.czi,tissue,CELL_230809_ID159_20x-2.czi,Historical drive ingest 2026 (drive3_MJesus-MFB); project / researcher / operator / subject decided per file before ingest (tasks/drive3_czi_gate.md). Claim: CONFIRMED.,4601339535fcfc4508b7897670fb4c2298934da8e65edf06c7370c64de73b4f2,CONFIRMED,,
drive3_MJesus-MFB/Microscopio/Microscopio- MJesus Sanchez 2023/Machos vs Hembras/ki67 and SMA/ki67 and SMA 230808_a-sma-ki67_20x_0619/230809_ID159_20x-3.czi,AE-biomaGUNE-0619,MJ,,0619,159,230809_ID159_20x-3.czi,tissue,CELL_230809_ID159_20x-3.czi,Historical drive ingest 2026 (drive3_MJesus-MFB); project / researcher / operator / subject decided per file before ingest (tasks/drive3_czi_gate.md). Claim: CONFIRMED.,207a7c43f2a5e9f8775858cc6517853b8ee066f6b0328e38e9df6cbe65195a87,CONFIRMED,,
drive3_MJesus-MFB/Microscopio/Microscopio- MJesus Sanchez 2023/Machos vs Hembras/ki67 and SMA/ki67 and SMA 230808_a-sma-ki67_20x_0619/230809_ID159_20x-4.czi,AE-biomaGUNE-0619,MJ,,0619,159,230809_ID159_20x-4.czi,tissue,CELL_230809_ID159_20x-4.czi,Historical drive ingest 2026 (drive3_MJesus-MFB); project / researcher / operator / subject decided per file before ingest (tasks/drive3_czi_gate.md). Claim: CONFIRMED.,545a784be8115a9d0fae76afb06246f29675df93c71cdac70b622db0c2ede39f,CONFIRMED,,
drive3_MJesus-MFB/Microscopio/Microscopio- MJesus Sanchez 2023/Machos vs Hembras/ki67 and SMA/ki67 and SMA 230808_a-sma-ki67_20x_0619/230809_ID159_20x-5.czi,AE-biomaGUNE-0619,MJ,,0619,159,230809_ID159_20x-5.czi,tissue,CELL_230809_ID159_20x-5.czi,Historical drive ingest 2026 (drive3_MJesus-MFB); project / researcher / operator / subject decided per file before ingest (tasks/drive3_czi_gate.md). Claim: CONFIRMED.,20913a1978b7f73d629d3b3102b03919244257f7b5dbdbc356aa704cf8c5a041,CONFIRMED,,
drive3_MJesus-MFB/Microscopio/Microscopio- MJesus Sanchez 2023/Machos vs Hembras/ki67 and SMA/ki67 and SMA 230808_a-sma-ki67_20x_0619/230809_ID159_20x-6.czi,AE-biomaGUNE-0619,MJ,,0619,159,230809_ID159_20x-6.czi,tissue,CELL_230809_ID159_20x-6.czi,Historical drive ingest 2026 (drive3_MJesus-MFB); project / researcher / operator / subject decided per file before ingest (tasks/drive3_czi_gate.md). Claim: CONFIRMED.,0244afbbaf486cc1970e2b94bfbf1c9368f96071c0b77304654686ef03953334,CONFIRMED,,
drive3_MJesus-MFB/Microscopio/Microscopio- MJesus Sanchez 2023/Machos vs Hembras/ki67 and SMA/ki67 and SMA 230808_a-sma-ki67_20x_0619/230809_ID159_20x-7.czi,AE-biomaGUNE-0619,MJ,,0619,159,230809_ID159_20x-7.czi,tissue,CELL_230809_ID159_20x-7.czi,Historical drive ingest 2026 (drive3_MJesus-MFB); project / researcher / operator / subject decided per file before ingest (tasks/drive3_czi_gate.md). Claim: CONFIRMED.,d4acd710d02eefd19bbf8166291d267a8b0aaf55554b6bbd9c01bdf298e68cdc,CONFIRMED,,
drive3_MJesus-MFB/Microscopio/Microscopio- MJesus Sanchez 2023/Machos vs Hembras/ki67 and SMA/ki67 and SMA 230808_a-sma-ki67_20x_0619/230809_ID159_20x-8.czi,AE-biomaGUNE-0619,MJ,,0619,159,230809_ID159_20x-8.czi,tissue,CELL_230809_ID159_20x-8.czi,Historical drive ingest 2026 (drive3_MJesus-MFB); project / researcher / operator / subject decided per file before ingest (tasks/drive3_czi_gate.md). Claim: CONFIRMED.,a0fd51e461bc1c46d17c456f0e55615f9ae2bc45fdcd420c6501eaf2080e06a2,CONFIRMED,,
drive3_MJesus-MFB/Microscopio/Microscopio- MJesus Sanchez 2023/Machos vs Hembras/ki67 and SMA/ki67 and SMA 230808_a-sma-ki67_20x_0619/230809_ID159_20x-9.czi,AE-biomaGUNE-0619,MJ,,0619,159,230809_ID159_20x-9.czi,tissue,CELL_230809_ID159_20x-9.czi,Historical drive ingest 2026 (drive3_MJesus-MFB); project / researcher / operator / subject decided per file before ingest (tasks/drive3_czi_gate.md). Claim: CONFIRMED.,3eafcee8f514dc710ddb1b6c3fce4f12c6da39cc091ec0534204133cde625efe,CONFIRMED,,
drive3_MJesus-MFB/Microscopio/Microscopio- MJesus Sanchez 2023/Machos vs Hembras/ki67 and SMA/ki67 and SMA 230808_a-sma-ki67_20x_0619/230809_ID160_20x-1.czi,AE-biomaGUNE-0619,MJ,,0619,160,230809_ID160_20x-1.czi,tissue,CELL_230809_ID160_20x-1.czi,Historical drive ingest 2026 (drive3_MJesus-MFB); project / researcher / operator / subject decided per file before ingest (tasks/drive3_czi_gate.md). Claim: CONFIRMED.,5860b8063220077eb187ad2a56da220dd27883e268b801796339713a41ec22c0,CONFIRMED,,
drive3_MJesus-MFB/Microscopio/Microscopio- MJesus Sanchez 2023/Machos vs Hembras/ki67 and SMA/ki67 and SMA 230808_a-sma-ki67_20x_0619/230809_ID160_20x-10.czi,AE-biomaGUNE-0619,MJ,,0619,160,230809_ID160_20x-10.czi,tissue,CELL_230809_ID160_20x-10.czi,Historical drive ingest 2026 (drive3_MJesus-MFB); project / researcher / operator / subject decided per file before ingest (tasks/drive3_czi_gate.md). Claim: CONFIRMED.,01476a8f5ae29b629448cc74f192dbf37834a6a816acf6248002dcddc047fa08,CONFIRMED,,
drive3_MJesus-MFB/Microscopio/Microscopio- MJesus Sanchez 2023/Machos vs Hembras/ki67 and SMA/ki67 and SMA 230808_a-sma-ki67_20x_0619/230809_ID160_20x-11.czi,AE-biomaGUNE-0619,MJ,,0619,160,230809_ID160_20x-11.czi,tissue,CELL_230809_ID160_20x-11.czi,Historical drive ingest 2026 (drive3_MJesus-MFB); project / researcher / operator / subject decided per file before ingest (tasks/drive3_czi_gate.md). Claim: CONFIRMED.,0a9bea251f97337d7809ec587d5980e63f700dbc12b91636a5638e997b3cf07a,CONFIRMED,,
drive3_MJesus-MFB/Microscopio/Microscopio- MJesus Sanchez 2023/Machos vs Hembras/ki67 and SMA/ki67 and SMA 230808_a-sma-ki67_20x_0619/230809_ID160_20x-12.czi,AE-biomaGUNE-0619,MJ,,0619,160,230809_ID160_20x-12.czi,tissue,CELL_230809_ID160_20x-12.czi,Historical drive ingest 2026 (drive3_MJesus-MFB); project / researcher / operator / subject decided per file before ingest (tasks/drive3_czi_gate.md). Claim: CONFIRMED.,3a5e80c0da71fdf5e21de27051276019b10c1e8c937eb0f152d0618e366584dd,CONFIRMED,,
drive3_MJesus-MFB/Microscopio/Microscopio- MJesus Sanchez 2023/Machos vs Hembras/ki67 and SMA/ki67 and SMA 230808_a-sma-ki67_20x_0619/230809_ID160_20x-13.czi,AE-biomaGUNE-0619,MJ,,0619,160,230809_ID160_20x-13.czi,tissue,CELL_230809_ID160_20x-13.czi,Historical drive ingest 2026 (drive3_MJesus-MFB); project / researcher / operator / subject decided per file before ingest (tasks/drive3_czi_gate.md). Claim: CONFIRMED.,a48b83999048ed20277034b5eaf7961d3075f6c65b96b6235d3f2d267a29f587,CONFIRMED,,
drive3_MJesus-MFB/Microscopio/Microscopio- MJesus Sanchez 2023/Machos vs Hembras/ki67 and SMA/ki67 and SMA 230808_a-sma-ki67_20x_0619/230809_ID160_20x-14.czi,AE-biomaGUNE-0619,MJ,,0619,160,230809_ID160_20x-14.czi,tissue,CELL_230809_ID160_20x-14.czi,Historical drive ingest 2026 (drive3_MJesus-MFB); project / researcher / operator / subject decided per file before ingest (tasks/drive3_czi_gate.md). Claim: CONFIRMED.,c9fb85059e557658a03a1c8faa99c4beadae5f2a4ed6e714b00e3f865b7d40d8,CONFIRMED,,
drive3_MJesus-MFB/Microscopio/Microscopio- MJesus Sanchez 2023/Machos vs Hembras/ki67 and SMA/ki67 and SMA 230808_a-sma-ki67_20x_0619/230809_ID160_20x-2.czi,AE-biomaGUNE-0619,MJ,,0619,160,230809_ID160_20x-2.czi,tissue,CELL_230809_ID160_20x-2.czi,Historical drive ingest 2026 (drive3_MJesus-MFB); project / researcher / operator / subject decided per file before ingest (tasks/drive3_czi_gate.md). Claim: CONFIRMED.,8011a50da41585ff96ea7ad7d2f131665211e6dd9dd1260a3b7616cfa175d145,CONFIRMED,,
drive3_MJesus-MFB/Microscopio/Microscopio- MJesus Sanchez 2023/Machos vs Hembras/ki67 and SMA/ki67 and SMA 230808_a-sma-ki67_20x_0619/230809_ID160_20x-3.czi,AE-biomaGUNE-0619,MJ,,0619,160,230809_ID160_20x-3.czi,tissue,CELL_230809_ID160_20x-3.czi,Historical drive ingest 2026 (drive3_MJesus-MFB); project / researcher / operator / subject decided per file before ingest (tasks/drive3_czi_gate.md). Claim: CONFIRMED.,c5613523434986ece5235e03cb8234ca60f8da7f9e889fd4fe80284f56ff7a36,CONFIRMED,,
drive3_MJesus-MFB/Microscopio/Microscopio- MJesus Sanchez 2023/Machos vs Hembras/ki67 and SMA/ki67 and SMA 230808_a-sma-ki67_20x_0619/230809_ID160_20x-4.czi,AE-biomaGUNE-0619,MJ,,0619,160,230809_ID160_20x-4.czi,tissue,CELL_230809_ID160_20x-4.czi,Historical drive ingest 2026 (drive3_MJesus-MFB); project / researcher / operator / subject decided per file before ingest (tasks/drive3_czi_gate.md). Claim: CONFIRMED.,837208d77b1885023df0b1a8e5b953d768f70dea33b6d889f4f8b4179642ea4f,CONFIRMED,,
drive3_MJesus-MFB/Microscopio/Microscopio- MJesus Sanchez 2023/Machos vs Hembras/ki67 and SMA/ki67 and SMA 230808_a-sma-ki67_20x_0619/230809_ID160_20x-5.czi,AE-biomaGUNE-0619,MJ,,0619,160,230809_ID160_20x-5.czi,tissue,CELL_230809_ID160_20x-5.czi,Historical drive ingest 2026 (drive3_MJesus-MFB); project / researcher / operator / subject decided per file before ingest (tasks/drive3_czi_gate.md). Claim: CONFIRMED.,bd3781439b54a75bc74a09e377f05f5c92d92a2786e3f6367a3cbc959930a1a0,CONFIRMED,,
drive3_MJesus-MFB/Microscopio/Microscopio- MJesus Sanchez 2023/Machos vs Hembras/ki67 and SMA/ki67 and SMA 230808_a-sma-ki67_20x_0619/230809_ID160_20x-6.czi,AE-biomaGUNE-0619,MJ,,0619,160,230809_ID160_20x-6.czi,tissue,CELL_230809_ID160_20x-6.czi,Historical drive ingest 2026 (drive3_MJesus-MFB); project / researcher / operator / subject decided per file before ingest (tasks/drive3_czi_gate.md). Claim: CONFIRMED.,94548f64c75d421715e8361d9d89c3dcb0702d4372f47c5dc7df97bc6f92e7a7,CONFIRMED,,
drive3_MJesus-MFB/Microscopio/Microscopio- MJesus Sanchez 2023/Machos vs Hembras/ki67 and SMA/ki67 and SMA 230808_a-sma-ki67_20x_0619/230809_ID160_20x-7.czi,AE-biomaGUNE-0619,MJ,,0619,160,230809_ID160_20x-7.czi,tissue,CELL_230809_ID160_20x-7.czi,Historical drive ingest 2026 (drive3_MJesus-MFB); project / researcher / operator / subject decided per file before ingest (tasks/drive3_czi_gate.md). Claim: CONFIRMED.,d6ce427f1b7b4fc6a5040d7e146ed59a4897e5f8acb483b680907198b79779b5,CONFIRMED,,
drive3_MJesus-MFB/Microscopio/Microscopio- MJesus Sanchez 2023/Machos vs Hembras/ki67 and SMA/ki67 and SMA 230808_a-sma-ki67_20x_0619/230809_ID160_20x-8.czi,AE-biomaGUNE-0619,MJ,,0619,160,230809_ID160_20x-8.czi,tissue,CELL_230809_ID160_20x-8.czi,Historical drive ingest 2026 (drive3_MJesus-MFB); project / researcher / operator / subject decided per file before ingest (tasks/drive3_czi_gate.md). Claim: CONFIRMED.,e0eb3812107cf4d841d10449482b455c16385ea2929e29c12e523661cda086e3,CONFIRMED,,
drive3_MJesus-MFB/Microscopio/Microscopio- MJesus Sanchez 2023/Machos vs Hembras/ki67 and SMA/ki67 and SMA 230808_a-sma-ki67_20x_0619/230809_ID160_20x-9.czi,AE-biomaGUNE-0619,MJ,,0619,160,230809_ID160_20x-9.czi,tissue,CELL_230809_ID160_20x-9.czi,Historical drive ingest 2026 (drive3_MJesus-MFB); project / researcher / operator / subject decided per file before ingest (tasks/drive3_czi_gate.md). Claim: CONFIRMED.,addedf8efdac625b3d4087cb009ecfe5d49c806749ee124a1b9d2cae8422426c,CONFIRMED,,
drive3_MJesus-MFB/Microscopio/Microscopio- MJesus Sanchez 2023/Machos vs Hembras/ki67 and SMA/ki67 and SMA 230808_a-sma-ki67_20x_0619/230809_ID161_20x-1.czi,AE-biomaGUNE-0619,MJ,,0619,161,230809_ID161_20x-1.czi,tissue,CELL_230809_ID161_20x-1.czi,Historical drive ingest 2026 (drive3_MJesus-MFB); project / researcher / operator / subject decided per file before ingest (tasks/drive3_czi_gate.md). Claim: CONFIRMED.,84b1dec49b9af702eaab15fded8cdeba9d6471f2f84f39b5e7b3286794bc4fa7,CONFIRMED,,
drive3_MJesus-MFB/Microscopio/Microscopio- MJesus Sanchez 2023/Machos vs Hembras/ki67 and SMA/ki67 and SMA 230808_a-sma-ki67_20x_0619/230809_ID161_20x-2.czi,AE-biomaGUNE-0619,MJ,,0619,161,230809_ID161_20x-2.czi,tissue,CELL_230809_ID161_20x-2.czi,Historical drive ingest 2026 (drive3_MJesus-MFB); project / researcher / operator / subject decided per file before ingest (tasks/drive3_czi_gate.md). Claim: CONFIRMED.,f0ea29146568cb7e80fa8fb9a216817bb2ac532c7c923220bc161d1f04630abf,CONFIRMED,,
drive3_MJesus-MFB/Microscopio/Microscopio- MJesus Sanchez 2023/Machos vs Hembras/ki67 and SMA/ki67 and SMA 230808_a-sma-ki67_20x_0619/230809_ID161_20x-3.czi,AE-biomaGUNE-0619,MJ,,0619,161,230809_ID161_20x-3.czi,tissue,CELL_230809_ID161_20x-3.czi,Historical drive ingest 2026 (drive3_MJesus-MFB); project / researcher / operator / subject decided per file before ingest (tasks/drive3_czi_gate.md). Claim: CONFIRMED.,2e5847df46350e7f4a6e0bc44f618631cc6b9d48fcbe1de76e10f2f0d58b6fa3,CONFIRMED,,
drive3_MJesus-MFB/Microscopio/Microscopio- MJesus Sanchez 2023/Machos vs Hembras/ki67 and SMA/ki67 and SMA 230808_a-sma-ki67_20x_0619/230809_ID161_20x-4.czi,AE-biomaGUNE-0619,MJ,,0619,161,230809_ID161_20x-4.czi,tissue,CELL_230809_ID161_20x-4.czi,Historical drive ingest 2026 (drive3_MJesus-MFB); project / researcher / operator / subject decided per file before ingest (tasks/drive3_czi_gate.md). Claim: CONFIRMED.,96115a5c2aebf63ade0f3080691609323b382eeab5c02997aa6300a05b2101d4,CONFIRMED,,
drive3_MJesus-MFB/Microscopio/Microscopio- MJesus Sanchez 2023/Machos vs Hembras/ki67 and SMA/ki67 and SMA 230808_a-sma-ki67_20x_0619/230809_ID161_20x-5.czi,AE-biomaGUNE-0619,MJ,,0619,161,230809_ID161_20x-5.czi,tissue,CELL_230809_ID161_20x-5.czi,Historical drive ingest 2026 (drive3_MJesus-MFB); project / researcher / operator / subject decided per file before ingest (tasks/drive3_czi_gate.md). Claim: CONFIRMED.,5fb8a9c4ef424057dcd5b07ce8511967b2a97f9ef9347189df8516fd74762e0f,CONFIRMED,,
drive3_MJesus-MFB/Microscopio/Microscopio- MJesus Sanchez 2023/Machos vs Hembras/ki67 and SMA/ki67 and SMA 230808_a-sma-ki67_20x_0619/230809_ID161_20x-6.czi,AE-biomaGUNE-0619,MJ,,0619,161,230809_ID161_20x-6.czi,tissue,CELL_230809_ID161_20x-6.czi,Historical drive ingest 2026 (drive3_MJesus-MFB); project / researcher / operator / subject decided per file before ingest (tasks/drive3_czi_gate.md). Claim: CONFIRMED.,a6d567e38084353f7b6a73e1a422d68262e8eb928987605b866436601dbb6737,CONFIRMED,,
drive3_MJesus-MFB/Microscopio/Microscopio- MJesus Sanchez 2023/Machos vs Hembras/ki67 and SMA/ki67 and SMA 230808_a-sma-ki67_20x_0619/230809_ID161_20x-7.czi,AE-biomaGUNE-0619,MJ,,0619,161,230809_ID161_20x-7.czi,tissue,CELL_230809_ID161_20x-7.czi,Historical drive ingest 2026 (drive3_MJesus-MFB); project / researcher / operator / subject decided per file before ingest (tasks/drive3_czi_gate.md). Claim: CONFIRMED.,46181843bf4f836e38a7a2d349da6d1fcba7f136ae8cd5b9de755c52cb65e956,CONFIRMED,,
drive3_MJesus-MFB/Microscopio/Microscopio- MJesus Sanchez 2023/Machos vs Hembras/ki67 and SMA/ki67 and SMA 230808_a-sma-ki67_20x_0619/230809_ID161_20x-8.czi,AE-biomaGUNE-0619,MJ,,0619,161,230809_ID161_20x-8.czi,tissue,CELL_230809_ID161_20x-8.czi,Historical drive ingest 2026 (drive3_MJesus-MFB); project / researcher / operator / subject decided per file before ingest (tasks/drive3_czi_gate.md). Claim: CONFIRMED.,42f851ae6a75f0db0aad05c9337b8b92587423f543858d0a6f524de1bb9a251d,CONFIRMED,,
drive3_MJesus-MFB/Microscopio/Microscopio- MJesus Sanchez 2023/Machos vs Hembras/ki67 and SMA/ki67 and SMA 230808_a-sma-ki67_20x_0619/230809_ID161_20x-9.czi,AE-biomaGUNE-0619,MJ,,0619,161,230809_ID161_20x-9.czi,tissue,CELL_230809_ID161_20x-9.czi,Historical drive ingest 2026 (drive3_MJesus-MFB); project / researcher / operator / subject decided per file before ingest (tasks/drive3_czi_gate.md). Claim: CONFIRMED.,37c843977f2f4eb1b16409e9bf3e513173b2b289ee23d8e24dd0445a34cf09b0,CONFIRMED,,
drive3_MJesus-MFB/Microscopio/Microscopio- MJesus Sanchez 2023/Machos vs Hembras/ki67 and SMA/ki67 and SMA Female Control and PAH 0619/230615-ID 201-20X-1.czi,AE-biomaGUNE-0619,MJ,,0619,201,230615-ID 201-20X-1.czi,tissue,CELL_230615-ID 201-20X-1.czi,Historical drive ingest 2026 (drive3_MJesus-MFB); project / researcher / operator / subject decided per file before ingest (tasks/drive3_czi_gate.md). Claim: CONFIRMED.,41f29dc99bf3d81c97576665617b27531c884e2bd600e3e5fdea62247cfaaa77,CONFIRMED,,
drive3_MJesus-MFB/Microscopio/Microscopio- MJesus Sanchez 2023/Machos vs Hembras/ki67 and SMA/ki67 and SMA Female Control and PAH 0619/230615-ID 201-20X-2.czi,AE-biomaGUNE-0619,MJ,,0619,201,230615-ID 201-20X-2.czi,tissue,CELL_230615-ID 201-20X-2.czi,Historical drive ingest 2026 (drive3_MJesus-MFB); project / researcher / operator / subject decided per file before ingest (tasks/drive3_czi_gate.md). Claim: CONFIRMED.,3838c5bbb7a4c084113427678c57b028aad1c2b3c94e4b86dabbbf9645eb15bc,CONFIRMED,,
drive3_MJesus-MFB/Microscopio/Microscopio- MJesus Sanchez 2023/Machos vs Hembras/ki67 and SMA/ki67 and SMA Female Control and PAH 0619/230615-ID 201-20X-3.czi,AE-biomaGUNE-0619,MJ,,0619,201,230615-ID 201-20X-3.czi,tissue,CELL_230615-ID 201-20X-3.czi,Historical drive ingest 2026 (drive3_MJesus-MFB); project / researcher / operator / subject decided per file before ingest (tasks/drive3_czi_gate.md). Claim: CONFIRMED.,d1ee60c1a8b77e4f5cd18db2c8af7cfbe797c0c96ce5c8a9dc9cacd25473f08b,CONFIRMED,,
drive3_MJesus-MFB/Microscopio/Microscopio- MJesus Sanchez 2023/Machos vs Hembras/ki67 and SMA/ki67 and SMA Female Control and PAH 0619/230615-ID 201-20X-4.czi,AE-biomaGUNE-0619,MJ,,0619,201,230615-ID 201-20X-4.czi,tissue,CELL_230615-ID 201-20X-4.czi,Historical drive ingest 2026 (drive3_MJesus-MFB); project / researcher / operator / subject decided per file before ingest (tasks/drive3_czi_gate.md). Claim: CONFIRMED.,6b7edc2178ce019e7494dffac42c547142f45879b7bf07de9346664c2a9a24e1,CONFIRMED,,
drive3_MJesus-MFB/Microscopio/Microscopio- MJesus Sanchez 2023/Machos vs Hembras/ki67 and SMA/ki67 and SMA Female Control and PAH 0619/230615-ID 201-20X-5.czi,AE-biomaGUNE-0619,MJ,,0619,201,230615-ID 201-20X-5.czi,tissue,CELL_230615-ID 201-20X-5.czi,Historical drive ingest 2026 (drive3_MJesus-MFB); project / researcher / operator / subject decided per file before ingest (tasks/drive3_czi_gate.md). Claim: CONFIRMED.,09689c8ab41d6fb3732e9991cda817c51c8210be5b0d7b533f2d169f4bd889da,CONFIRMED,,
drive3_MJesus-MFB/Microscopio/Microscopio- MJesus Sanchez 2023/Machos vs Hembras/ki67 and SMA/ki67 and SMA Female Control and PAH 0619/230615-ID 201-20X-6.czi,AE-biomaGUNE-0619,MJ,,0619,201,230615-ID 201-20X-6.czi,tissue,CELL_230615-ID 201-20X-6.czi,Historical drive ingest 2026 (drive3_MJesus-MFB); project / researcher / operator / subject decided per file before ingest (tasks/drive3_czi_gate.md). Claim: CONFIRMED.,7ad8a60bae86e23643a2bbbe2213079096c241fee141f3872ad78601adceccc9,CONFIRMED,,
drive3_MJesus-MFB/Microscopio/Microscopio- MJesus Sanchez 2023/Machos vs Hembras/ki67 and SMA/ki67 and SMA Female Control and PAH 0619/230615-ID 201-20X-7.czi,AE-biomaGUNE-0619,MJ,,0619,201,230615-ID 201-20X-7.czi,tissue,CELL_230615-ID 201-20X-7.czi,Historical drive ingest 2026 (drive3_MJesus-MFB); project / researcher / operator / subject decided per file before ingest (tasks/drive3_czi_gate.md). Claim: CONFIRMED.,d9a93fcb166c1ad2f73dd72c14887b47bf0c0883d9117a89c6ab3ad7983e0af1,CONFIRMED,,
drive3_MJesus-MFB/Microscopio/Microscopio- MJesus Sanchez 2023/Machos vs Hembras/ki67 and SMA/ki67 and SMA Female Control and PAH 0619/230615-ID 201-20X-8.czi,AE-biomaGUNE-0619,MJ,,0619,201,230615-ID 201-20X-8.czi,tissue,CELL_230615-ID 201-20X-8.czi,Historical drive ingest 2026 (drive3_MJesus-MFB); project / researcher / operator / subject decided per file before ingest (tasks/drive3_czi_gate.md). Claim: CONFIRMED.,00c96be97f3996b39c2a26c1ec825f2ad3240cc97b4fcaf6736e95d5adf19273,CONFIRMED,,
drive3_MJesus-MFB/Microscopio/Microscopio- MJesus Sanchez 2023/Machos vs Hembras/ki67 and SMA/ki67 and SMA Female Control and PAH 0619/230615-ID 202-20X-.czi,AE-biomaGUNE-0619,MJ,,0619,202,230615-ID 202-20X-.czi,tissue,CELL_230615-ID 202-20X-.czi,Historical drive ingest 2026 (drive3_MJesus-MFB); project / researcher / operator / subject decided per file before ingest (tasks/drive3_czi_gate.md). Claim: CONFIRMED.,a92015db7f18cad5cd4525aa648fd9db54d73d7c839aa1adf70661bf3d2252da,CONFIRMED,,
drive3_MJesus-MFB/Microscopio/Microscopio- MJesus Sanchez 2023/Machos vs Hembras/ki67 and SMA/ki67 and SMA Female Control and PAH 0619/230615-ID 202-20X-1.czi,AE-biomaGUNE-0619,MJ,,0619,202,230615-ID 202-20X-1.czi,tissue,CELL_230615-ID 202-20X-1.czi,Historical drive ingest 2026 (drive3_MJesus-MFB); project / researcher / operator / subject decided per file before ingest (tasks/drive3_czi_gate.md). Claim: CONFIRMED.,90d326122c51e9ad573493f46288bcdade2292e347c110ccccdc6e0d75a52a58,CONFIRMED,,
drive3_MJesus-MFB/Microscopio/Microscopio- MJesus Sanchez 2023/Machos vs Hembras/ki67 and SMA/ki67 and SMA Female Control and PAH 0619/230615-ID 202-20X-2.czi,AE-biomaGUNE-0619,MJ,,0619,202,230615-ID 202-20X-2.czi,tissue,CELL_230615-ID 202-20X-2.czi,Historical drive ingest 2026 (drive3_MJesus-MFB); project / researcher / operator / subject decided per file before ingest (tasks/drive3_czi_gate.md). Claim: CONFIRMED.,2660a2f58a52aa8cb2faa16fad0fed9f4fec068566dfbce5d6b58b7c7bc86885,CONFIRMED,,
drive3_MJesus-MFB/Microscopio/Microscopio- MJesus Sanchez 2023/Machos vs Hembras/ki67 and SMA/ki67 and SMA Female Control and PAH 0619/230615-ID 202-20X-3.czi,AE-biomaGUNE-0619,MJ,,0619,202,230615-ID 202-20X-3.czi,tissue,CELL_230615-ID 202-20X-3.czi,Historical drive ingest 2026 (drive3_MJesus-MFB); project / researcher / operator / subject decided per file before ingest (tasks/drive3_czi_gate.md). Claim: CONFIRMED.,e7e8e6ac22f12ac8555b17772bada7c67cc6b0c70b4edfba70f6f4b50adb1584,CONFIRMED,,
drive3_MJesus-MFB/Microscopio/Microscopio- MJesus Sanchez 2023/Machos vs Hembras/ki67 and SMA/ki67 and SMA Female Control and PAH 0619/230615-ID 202-20X-5.czi,AE-biomaGUNE-0619,MJ,,0619,202,230615-ID 202-20X-5.czi,tissue,CELL_230615-ID 202-20X-5.czi,Historical drive ingest 2026 (drive3_MJesus-MFB); project / researcher / operator / subject decided per file before ingest (tasks/drive3_czi_gate.md). Claim: CONFIRMED.,635ca0e527994bfba713d6dd74feda30553256c92c0394dc4bbff68249d2d67f,CONFIRMED,,
drive3_MJesus-MFB/Microscopio/Microscopio- MJesus Sanchez 2023/Machos vs Hembras/ki67 and SMA/ki67 and SMA Female Control and PAH 0619/230615-ID 202-20X-6.czi,AE-biomaGUNE-0619,MJ,,0619,202,230615-ID 202-20X-6.czi,tissue,CELL_230615-ID 202-20X-6.czi,Historical drive ingest 2026 (drive3_MJesus-MFB); project / researcher / operator / subject decided per file before ingest (tasks/drive3_czi_gate.md). Claim: CONFIRMED.,0e216d9138289964e2173094ece335e44fb2e39d47ef4d248c3d95b16532f128,CONFIRMED,,
drive3_MJesus-MFB/Microscopio/Microscopio- MJesus Sanchez 2023/Machos vs Hembras/ki67 and SMA/ki67 and SMA Female Control and PAH 0619/230615-ID 202-20X-7.czi,AE-biomaGUNE-0619,MJ,,0619,202,230615-ID 202-20X-7.czi,tissue,CELL_230615-ID 202-20X-7.czi,Historical drive ingest 2026 (drive3_MJesus-MFB); project / researcher / operator / subject decided per file before ingest (tasks/drive3_czi_gate.md). Claim: CONFIRMED.,c8c5422a1edbb91b45b17c281496a57b9af14a268db0303424f8283e6d85161c,CONFIRMED,,
drive3_MJesus-MFB/Microscopio/Microscopio- MJesus Sanchez 2023/Machos vs Hembras/ki67 and SMA/ki67 and SMA Female Control and PAH 0619/230615-ID 202-20X-8.czi,AE-biomaGUNE-0619,MJ,,0619,202,230615-ID 202-20X-8.czi,tissue,CELL_230615-ID 202-20X-8.czi,Historical drive ingest 2026 (drive3_MJesus-MFB); project / researcher / operator / subject decided per file before ingest (tasks/drive3_czi_gate.md). Claim: CONFIRMED.,22529d9b999bfd2f80181fd3d7409d0d7b8375582e1b703ec7d24575ab77548b,CONFIRMED,,
drive3_MJesus-MFB/Microscopio/Microscopio- MJesus Sanchez 2023/Machos vs Hembras/ki67 and SMA/ki67 and SMA Female Control and PAH 0619/230615-ID 202-20X-9.czi,AE-biomaGUNE-0619,MJ,,0619,202,230615-ID 202-20X-9.czi,tissue,CELL_230615-ID 202-20X-9.czi,Historical drive ingest 2026 (drive3_MJesus-MFB); project / researcher / operator / subject decided per file before ingest (tasks/drive3_czi_gate.md). Claim: CONFIRMED.,e8230f95c7070fa63c212d3e95c41f6da69bb68ca699d0f96b0301e26c5f9a4a,CONFIRMED,,
drive3_MJesus-MFB/Microscopio/Microscopio- MJesus Sanchez 2023/Machos vs Hembras/ki67 and SMA/ki67 and SMA Female Control and PAH 0619/230615-ID 204-20X-1.czi,AE-biomaGUNE-0619,MJ,,0619,204,230615-ID 204-20X-1.czi,tissue,CELL_230615-ID 204-20X-1.czi,Historical drive ingest 2026 (drive3_MJesus-MFB); project / researcher / operator / subject decided per file before ingest (tasks/drive3_czi_gate.md). Claim: CONFIRMED.,78ab0cdc6939e86c9b0d86ee57b9cc9806aeb861bbf616fd6119a484814a0da0,CONFIRMED,,
drive3_MJesus-MFB/Microscopio/Microscopio- MJesus Sanchez 2023/Machos vs Hembras/ki67 and SMA/ki67 and SMA Female Control and PAH 0619/230615-ID 204-20X-2.czi,AE-biomaGUNE-0619,MJ,,0619,204,230615-ID 204-20X-2.czi,tissue,CELL_230615-ID 204-20X-2.czi,Historical drive ingest 2026 (drive3_MJesus-MFB); project / researcher / operator / subject decided per file before ingest (tasks/drive3_czi_gate.md). Claim: CONFIRMED.,4b0c2884bd9b11085a0bf5026cfdf0595f43e778c432ae94a9f2dda03656054c,CONFIRMED,,
drive3_MJesus-MFB/Microscopio/Microscopio- MJesus Sanchez 2023/Machos vs Hembras/ki67 and SMA/ki67 and SMA Female Control and PAH 0619/230615-ID 204-20X-3.czi,AE-biomaGUNE-0619,MJ,,0619,204,230615-ID 204-20X-3.czi,tissue,CELL_230615-ID 204-20X-3.czi,Historical drive ingest 2026 (drive3_MJesus-MFB); project / researcher / operator / subject decided per file before ingest (tasks/drive3_czi_gate.md). Claim: CONFIRMED.,9cf855c4e734711185c9ca63d06c5a069a86740a937cee4ff25ccdd5724c2849,CONFIRMED,,
drive3_MJesus-MFB/Microscopio/Microscopio- MJesus Sanchez 2023/Machos vs Hembras/ki67 and SMA/ki67 and SMA Female Control and PAH 0619/230615-ID 204-20X-4.czi,AE-biomaGUNE-0619,MJ,,0619,204,230615-ID 204-20X-4.czi,tissue,CELL_230615-ID 204-20X-4.czi,Historical drive ingest 2026 (drive3_MJesus-MFB); project / researcher / operator / subject decided per file before ingest (tasks/drive3_czi_gate.md). Claim: CONFIRMED.,2ec7959bd9c8dd631746893270f2cc241b97ec01f3e62e999c963e37b779533e,CONFIRMED,,
drive3_MJesus-MFB/Microscopio/Microscopio- MJesus Sanchez 2023/Machos vs Hembras/ki67 and SMA/ki67 and SMA Female Control and PAH 0619/230615-ID 204-20X-5.czi,AE-biomaGUNE-0619,MJ,,0619,204,230615-ID 204-20X-5.czi,tissue,CELL_230615-ID 204-20X-5.czi,Historical drive ingest 2026 (drive3_MJesus-MFB); project / researcher / operator / subject decided per file before ingest (tasks/drive3_czi_gate.md). Claim: CONFIRMED.,81e07f9547f9876336c191765872012dbf549b0a6d6bd6114e2e82323820e86a,CONFIRMED,,
drive3_MJesus-MFB/Microscopio/Microscopio- MJesus Sanchez 2023/Machos vs Hembras/ki67 and SMA/ki67 and SMA Female Control and PAH 0619/230615-ID 204-20X-6.czi,AE-biomaGUNE-0619,MJ,,0619,204,230615-ID 204-20X-6.czi,tissue,CELL_230615-ID 204-20X-6.czi,Historical drive ingest 2026 (drive3_MJesus-MFB); project / researcher / operator / subject decided per file before ingest (tasks/drive3_czi_gate.md). Claim: CONFIRMED.,7882de5d6408b03f4fc08f89d47791da71b2b79011c7d0ca144427d8bc6dce84,CONFIRMED,,
drive3_MJesus-MFB/Microscopio/Microscopio- MJesus Sanchez 2023/Machos vs Hembras/ki67 and SMA/ki67 and SMA Female Control and PAH 0619/230615-ID 204-20X-7.czi,AE-biomaGUNE-0619,MJ,,0619,204,230615-ID 204-20X-7.czi,tissue,CELL_230615-ID 204-20X-7.czi,Historical drive ingest 2026 (drive3_MJesus-MFB); project / researcher / operator / subject decided per file before ingest (tasks/drive3_czi_gate.md). Claim: CONFIRMED.,1310bd032e39d2b7a784038b67031d7449a7c149e25429a66b66e1d5a2c47b2d,CONFIRMED,,
drive3_MJesus-MFB/Microscopio/Microscopio- MJesus Sanchez 2023/Machos vs Hembras/ki67 and SMA/ki67 and SMA Female Control and PAH 0619/230615-ID 204-20X-8.czi,AE-biomaGUNE-0619,MJ,,0619,204,230615-ID 204-20X-8.czi,tissue,CELL_230615-ID 204-20X-8.czi,Historical drive ingest 2026 (drive3_MJesus-MFB); project / researcher / operator / subject decided per file before ingest (tasks/drive3_czi_gate.md). Claim: CONFIRMED.,54e3613024574d6aea4b615d7be58f82ef5e04705d6057de620e8f25d01eeeb7,CONFIRMED,,
drive3_MJesus-MFB/Microscopio/Microscopio- MJesus Sanchez 2023/Machos vs Hembras/ki67 and SMA/ki67 and SMA Female Control and PAH 0619/230615-ID 204-20X-9.czi,AE-biomaGUNE-0619,MJ,,0619,204,230615-ID 204-20X-9.czi,tissue,CELL_230615-ID 204-20X-9.czi,Historical drive ingest 2026 (drive3_MJesus-MFB); project / researcher / operator / subject decided per file before ingest (tasks/drive3_czi_gate.md). Claim: CONFIRMED.,6132786d74a8e0455257b05fcbad643ac66d219a7c999b08f2d95ffab7863f60,CONFIRMED,,
drive3_MJesus-MFB/Microscopio/Microscopio- MJesus Sanchez 2023/Machos vs Hembras/ki67 and SMA/ki67 and SMA Female Control and PAH 0619/230615-ID 207-20X-.czi,AE-biomaGUNE-0619,MJ,,0619,207,230615-ID 207-20X-.czi,tissue,CELL_230615-ID 207-20X-.czi,Historical drive ingest 2026 (drive3_MJesus-MFB); project / researcher / operator / subject decided per file before ingest (tasks/drive3_czi_gate.md). Claim: CONFIRMED.,3d02fbb9de9432995bf2dc1818ff68d66692932ddc20e82c4f6ce00b06fcee05,CONFIRMED,,
drive3_MJesus-MFB/Microscopio/Microscopio- MJesus Sanchez 2023/Machos vs Hembras/ki67 and SMA/ki67 and SMA Female Control and PAH 0619/230615-ID 207-20X-1.czi,AE-biomaGUNE-0619,MJ,,0619,207,230615-ID 207-20X-1.czi,tissue,CELL_230615-ID 207-20X-1.czi,Historical drive ingest 2026 (drive3_MJesus-MFB); project / researcher / operator / subject decided per file before ingest (tasks/drive3_czi_gate.md). Claim: CONFIRMED.,32e967212d80a85f05eb85df7da6e8c784db22f2d2da00813ea2a763e41e8f9e,CONFIRMED,,
drive3_MJesus-MFB/Microscopio/Microscopio- MJesus Sanchez 2023/Machos vs Hembras/ki67 and SMA/ki67 and SMA Female Control and PAH 0619/230615-ID 207-20X-3.czi,AE-biomaGUNE-0619,MJ,,0619,207,230615-ID 207-20X-3.czi,tissue,CELL_230615-ID 207-20X-3.czi,Historical drive ingest 2026 (drive3_MJesus-MFB); project / researcher / operator / subject decided per file before ingest (tasks/drive3_czi_gate.md). Claim: CONFIRMED.,624a8bdb1ef7b3150fc13d3b9e71f21a548a58595bd96a314c2667653db071da,CONFIRMED,,
drive3_MJesus-MFB/Microscopio/Microscopio- MJesus Sanchez 2023/Machos vs Hembras/ki67 and SMA/ki67 and SMA Female Control and PAH 0619/230615-ID 207-20X-4.czi,AE-biomaGUNE-0619,MJ,,0619,207,230615-ID 207-20X-4.czi,tissue,CELL_230615-ID 207-20X-4.czi,Historical drive ingest 2026 (drive3_MJesus-MFB); project / researcher / operator / subject decided per file before ingest (tasks/drive3_czi_gate.md). Claim: CONFIRMED.,3adf2e382ae623ed631c6edb5f4eb5d574be7187dbfc4e37022c9d2c56ac6c9f,CONFIRMED,,
drive3_MJesus-MFB/Microscopio/Microscopio- MJesus Sanchez 2023/Machos vs Hembras/ki67 and SMA/ki67 and SMA Female Control and PAH 0619/230615-ID 207-20X-5.czi,AE-biomaGUNE-0619,MJ,,0619,207,230615-ID 207-20X-5.czi,tissue,CELL_230615-ID 207-20X-5.czi,Historical drive ingest 2026 (drive3_MJesus-MFB); project / researcher / operator / subject decided per file before ingest (tasks/drive3_czi_gate.md). Claim: CONFIRMED.,22cfaebe4b84220d8ebba8553116a2cd6ca4d8eeafe56fd574c78000db062781,CONFIRMED,,
drive3_MJesus-MFB/Microscopio/Microscopio- MJesus Sanchez 2023/Machos vs Hembras/ki67 and SMA/ki67 and SMA Female Control and PAH 0619/230615-ID 207-20X-6.czi,AE-biomaGUNE-0619,MJ,,0619,207,230615-ID 207-20X-6.czi,tissue,CELL_230615-ID 207-20X-6.czi,Historical drive ingest 2026 (drive3_MJesus-MFB); project / researcher / operator / subject decided per file before ingest (tasks/drive3_czi_gate.md). Claim: CONFIRMED.,ebf973005bd07fb31d5f00b7af49b8ffa2f1d66e3b8ecf343c30d4cd91043b1f,CONFIRMED,,
drive3_MJesus-MFB/Microscopio/Microscopio- MJesus Sanchez 2023/Machos vs Hembras/ki67 and SMA/ki67 and SMA Female Control and PAH 0619/230615-ID 207-20X-7.czi,AE-biomaGUNE-0619,MJ,,0619,207,230615-ID 207-20X-7.czi,tissue,CELL_230615-ID 207-20X-7.czi,Historical drive ingest 2026 (drive3_MJesus-MFB); project / researcher / operator / subject decided per file before ingest (tasks/drive3_czi_gate.md). Claim: CONFIRMED.,2dac73dbad63196dae3065bc731dbcf582b7dc158439a96c638289d047431da9,CONFIRMED,,
drive3_MJesus-MFB/Microscopio/Microscopio- MJesus Sanchez 2023/Machos vs Hembras/ki67 and SMA/ki67 and SMA Female Control and PAH 0619/230615-ID 207-20X-8.czi,AE-biomaGUNE-0619,MJ,,0619,207,230615-ID 207-20X-8.czi,tissue,CELL_230615-ID 207-20X-8.czi,Historical drive ingest 2026 (drive3_MJesus-MFB); project / researcher / operator / subject decided per file before ingest (tasks/drive3_czi_gate.md). Claim: CONFIRMED.,200d8e1ae8a99cacf95b2cf3f60dbdf1824545551f5ef05021e7699c37ceb0b8,CONFIRMED,,
drive3_MJesus-MFB/Microscopio/Microscopio- MJesus Sanchez 2023/Machos vs Hembras/ki67 and SMA/ki67 and SMA Female Control and PAH 0619/230615-ID 209-20X-1.czi,AE-biomaGUNE-0619,MJ,,0619,209,230615-ID 209-20X-1.czi,tissue,CELL_230615-ID 209-20X-1.czi,Historical drive ingest 2026 (drive3_MJesus-MFB); project / researcher / operator / subject decided per file before ingest (tasks/drive3_czi_gate.md). Claim: CONFIRMED.,f8a1bfbfebd1832d8a25c971fd4ae6ac38cff92ad3d01746167f26c4686c25e6,CONFIRMED,,
drive3_MJesus-MFB/Microscopio/Microscopio- MJesus Sanchez 2023/Machos vs Hembras/ki67 and SMA/ki67 and SMA Female Control and PAH 0619/230615-ID 209-20X-10.czi,AE-biomaGUNE-0619,MJ,,0619,209,230615-ID 209-20X-10.czi,tissue,CELL_230615-ID 209-20X-10.czi,Historical drive ingest 2026 (drive3_MJesus-MFB); project / researcher / operator / subject decided per file before ingest (tasks/drive3_czi_gate.md). Claim: CONFIRMED.,28550344df131701fffa12767bdf659b635cd9150c8d3bd377e5a78711d431c3,CONFIRMED,,
drive3_MJesus-MFB/Microscopio/Microscopio- MJesus Sanchez 2023/Machos vs Hembras/ki67 and SMA/ki67 and SMA Female Control and PAH 0619/230615-ID 209-20X-11.czi,AE-biomaGUNE-0619,MJ,,0619,209,230615-ID 209-20X-11.czi,tissue,CELL_230615-ID 209-20X-11.czi,Historical drive ingest 2026 (drive3_MJesus-MFB); project / researcher / operator / subject decided per file before ingest (tasks/drive3_czi_gate.md). Claim: CONFIRMED.,4bce342f76f0321fa31abcb5e20658c9b66f631deb8f722e396b49074a85f273,CONFIRMED,,
drive3_MJesus-MFB/Microscopio/Microscopio- MJesus Sanchez 2023/Machos vs Hembras/ki67 and SMA/ki67 and SMA Female Control and PAH 0619/230615-ID 209-20X-2.czi,AE-biomaGUNE-0619,MJ,,0619,209,230615-ID 209-20X-2.czi,tissue,CELL_230615-ID 209-20X-2.czi,Historical drive ingest 2026 (drive3_MJesus-MFB); project / researcher / operator / subject decided per file before ingest (tasks/drive3_czi_gate.md). Claim: CONFIRMED.,8d9255e1558552cdf587ab9d29a4ff1261fc7466fc56b3a7720e794d26a89d27,CONFIRMED,,
drive3_MJesus-MFB/Microscopio/Microscopio- MJesus Sanchez 2023/Machos vs Hembras/ki67 and SMA/ki67 and SMA Female Control and PAH 0619/230615-ID 209-20X-3.czi,AE-biomaGUNE-0619,MJ,,0619,209,230615-ID 209-20X-3.czi,tissue,CELL_230615-ID 209-20X-3.czi,Historical drive ingest 2026 (drive3_MJesus-MFB); project / researcher / operator / subject decided per file before ingest (tasks/drive3_czi_gate.md). Claim: CONFIRMED.,ce8990a4e3d510e2b2128438443cf353252aaa49cc42cde46fa7c1f3900a7de6,CONFIRMED,,
drive3_MJesus-MFB/Microscopio/Microscopio- MJesus Sanchez 2023/Machos vs Hembras/ki67 and SMA/ki67 and SMA Female Control and PAH 0619/230615-ID 209-20X-4.czi,AE-biomaGUNE-0619,MJ,,0619,209,230615-ID 209-20X-4.czi,tissue,CELL_230615-ID 209-20X-4.czi,Historical drive ingest 2026 (drive3_MJesus-MFB); project / researcher / operator / subject decided per file before ingest (tasks/drive3_czi_gate.md). Claim: CONFIRMED.,be1be11b2283ee554df1d260049c0e90d48341d730b30ea5ac01f094fd44872d,CONFIRMED,,
drive3_MJesus-MFB/Microscopio/Microscopio- MJesus Sanchez 2023/Machos vs Hembras/ki67 and SMA/ki67 and SMA Female Control and PAH 0619/230615-ID 209-20X-5.czi,AE-biomaGUNE-0619,MJ,,0619,209,230615-ID 209-20X-5.czi,tissue,CELL_230615-ID 209-20X-5.czi,Historical drive ingest 2026 (drive3_MJesus-MFB); project / researcher / operator / subject decided per file before ingest (tasks/drive3_czi_gate.md). Claim: CONFIRMED.,8072b43a9e649222fd654b412e9b1a52c6f257dd8de977e8ef162313da4afc47,CONFIRMED,,
drive3_MJesus-MFB/Microscopio/Microscopio- MJesus Sanchez 2023/Machos vs Hembras/ki67 and SMA/ki67 and SMA Female Control and PAH 0619/230615-ID 209-20X-6.czi,AE-biomaGUNE-0619,MJ,,0619,209,230615-ID 209-20X-6.czi,tissue,CELL_230615-ID 209-20X-6.czi,Historical drive ingest 2026 (drive3_MJesus-MFB); project / researcher / operator / subject decided per file before ingest (tasks/drive3_czi_gate.md). Claim: CONFIRMED.,8fd86ac54dff2299b854826ec380a04c9aa4cc36265ea8d1fc5276501c1f8356,CONFIRMED,,
drive3_MJesus-MFB/Microscopio/Microscopio- MJesus Sanchez 2023/Machos vs Hembras/ki67 and SMA/ki67 and SMA Female Control and PAH 0619/230615-ID 209-20X-7.czi,AE-biomaGUNE-0619,MJ,,0619,209,230615-ID 209-20X-7.czi,tissue,CELL_230615-ID 209-20X-7.czi,Historical drive ingest 2026 (drive3_MJesus-MFB); project / researcher / operator / subject decided per file before ingest (tasks/drive3_czi_gate.md). Claim: CONFIRMED.,4a9271cbbc95f890b9f270522419b04ed7cd52eaadb86db8a599b04f34af9fbc,CONFIRMED,,
drive3_MJesus-MFB/Microscopio/Microscopio- MJesus Sanchez 2023/Machos vs Hembras/ki67 and SMA/ki67 and SMA Female Control and PAH 0619/230615-ID 209-20X-8.czi,AE-biomaGUNE-0619,MJ,,0619,209,230615-ID 209-20X-8.czi,tissue,CELL_230615-ID 209-20X-8.czi,Historical drive ingest 2026 (drive3_MJesus-MFB); project / researcher / operator / subject decided per file before ingest (tasks/drive3_czi_gate.md). Claim: CONFIRMED.,eefd88466109f4be53c62b622a7b4e8fc50ea15c52dad050f9d46ed9f83ff9ed,CONFIRMED,,
drive3_MJesus-MFB/Microscopio/Microscopio- MJesus Sanchez 2023/Machos vs Hembras/ki67 and SMA/ki67 and SMA Female Control and PAH 0619/230615-ID 209-20X-9.czi,AE-biomaGUNE-0619,MJ,,0619,209,230615-ID 209-20X-9.czi,tissue,CELL_230615-ID 209-20X-9.czi,Historical drive ingest 2026 (drive3_MJesus-MFB); project / researcher / operator / subject decided per file before ingest (tasks/drive3_czi_gate.md). Claim: CONFIRMED.,a4e19516a348feb22fbb694641779881c8406c5a894edb94b661c6768a2599a9,CONFIRMED,,
drive3_MJesus-MFB/Microscopio/Microscopio- MJesus Sanchez 2023/Machos vs Hembras/ki67 and SMA/ki67 and SMA Female Control and PAH 0619/230615-ID 209-20X-CN.czi,AE-biomaGUNE-0619,MJ,,0619,209,230615-ID 209-20X-CN.czi,tissue,CELL_230615-ID 209-20X-CN.czi,Historical drive ingest 2026 (drive3_MJesus-MFB); project / researcher / operator / subject decided per file before ingest (tasks/drive3_czi_gate.md). Claim: CONFIRMED.,9ef0370cfafda86e4f81753fdb42a66ea73daf90033d5ed6294e77484f42bd5f,CONFIRMED,,
drive3_MJesus-MFB/Microscopio/Microscopio- MJesus Sanchez 2023/Machos vs Hembras/ki67 and SMA/ki67 and SMA Female Control and PAH 0619/230615-ID 212-20X-1.czi,AE-biomaGUNE-0619,MJ,,0619,212,230615-ID 212-20X-1.czi,tissue,CELL_230615-ID 212-20X-1.czi,Historical drive ingest 2026 (drive3_MJesus-MFB); project / researcher / operator / subject decided per file before ingest (tasks/drive3_czi_gate.md). Claim: CONFIRMED.,1947a4a208c652031d33f3adc32737f82ce88b06ddd5756541b0c18c4e95f6e8,CONFIRMED,,
drive3_MJesus-MFB/Microscopio/Microscopio- MJesus Sanchez 2023/Machos vs Hembras/ki67 and SMA/ki67 and SMA Female Control and PAH 0619/230615-ID 212-20X-2.czi,AE-biomaGUNE-0619,MJ,,0619,212,230615-ID 212-20X-2.czi,tissue,CELL_230615-ID 212-20X-2.czi,Historical drive ingest 2026 (drive3_MJesus-MFB); project / researcher / operator / subject decided per file before ingest (tasks/drive3_czi_gate.md). Claim: CONFIRMED.,5aa1e13baef6cec22392b19d5afde53a07ca2c6cdcc692a2527bee0d8c1c0f38,CONFIRMED,,
drive3_MJesus-MFB/Microscopio/Microscopio- MJesus Sanchez 2023/Machos vs Hembras/ki67 and SMA/ki67 and SMA Female Control and PAH 0619/230615-ID 212-20X-3.czi,AE-biomaGUNE-0619,MJ,,0619,212,230615-ID 212-20X-3.czi,tissue,CELL_230615-ID 212-20X-3.czi,Historical drive ingest 2026 (drive3_MJesus-MFB); project / researcher / operator / subject decided per file before ingest (tasks/drive3_czi_gate.md). Claim: CONFIRMED.,1393542e60ac8300939ff1bbd1fe43a925b53cd31405914f179ac6f4be0997dd,CONFIRMED,,
drive3_MJesus-MFB/Microscopio/Microscopio- MJesus Sanchez 2023/Machos vs Hembras/ki67 and SMA/ki67 and SMA Female Control and PAH 0619/230615-ID 212-20X-4.czi,AE-biomaGUNE-0619,MJ,,0619,212,230615-ID 212-20X-4.czi,tissue,CELL_230615-ID 212-20X-4.czi,Historical drive ingest 2026 (drive3_MJesus-MFB); project / researcher / operator / subject decided per file before ingest (tasks/drive3_czi_gate.md). Claim: CONFIRMED.,de1af97ad8e8bac2a1edf64699e5f69570f70053e94574732295d703c26d4eba,CONFIRMED,,
drive3_MJesus-MFB/Microscopio/Microscopio- MJesus Sanchez 2023/Machos vs Hembras/ki67 and SMA/ki67 and SMA Female Control and PAH 0619/230615-ID 212-20X-5.czi,AE-biomaGUNE-0619,MJ,,0619,212,230615-ID 212-20X-5.czi,tissue,CELL_230615-ID 212-20X-5.czi,Historical drive ingest 2026 (drive3_MJesus-MFB); project / researcher / operator / subject decided per file before ingest (tasks/drive3_czi_gate.md). Claim: CONFIRMED.,091d908e3a513c4996c36f8afd872cf4d250a14d1a90882813cc3109d15c9d0e,CONFIRMED,,
drive3_MJesus-MFB/Microscopio/Microscopio- MJesus Sanchez 2023/Machos vs Hembras/ki67 and SMA/ki67 and SMA Female Control and PAH 0619/230615-ID 212-20X-6.czi,AE-biomaGUNE-0619,MJ,,0619,212,230615-ID 212-20X-6.czi,tissue,CELL_230615-ID 212-20X-6.czi,Historical drive ingest 2026 (drive3_MJesus-MFB); project / researcher / operator / subject decided per file before ingest (tasks/drive3_czi_gate.md). Claim: CONFIRMED.,86f5e008d3ff96b9f8d938c2be253e65c686e672fe4a863094d7440a75fb1eef,CONFIRMED,,
drive3_MJesus-MFB/Microscopio/Microscopio- MJesus Sanchez 2023/Machos vs Hembras/ki67 and SMA/ki67 and SMA Female Control and PAH 0619/230615-ID 212-20X-7.czi,AE-biomaGUNE-0619,MJ,,0619,212,230615-ID 212-20X-7.czi,tissue,CELL_230615-ID 212-20X-7.czi,Historical drive ingest 2026 (drive3_MJesus-MFB); project / researcher / operator / subject decided per file before ingest (tasks/drive3_czi_gate.md). Claim: CONFIRMED.,06587ac44648bee83ef682d20d48814751820616119b0079a8049250c6914bd9,CONFIRMED,,
drive3_MJesus-MFB/Microscopio/Microscopio- MJesus Sanchez 2023/Machos vs Hembras/ki67 and SMA/ki67 and SMA Female Control and PAH 0619/230615-ID 212-20X-8.czi,AE-biomaGUNE-0619,MJ,,0619,212,230615-ID 212-20X-8.czi,tissue,CELL_230615-ID 212-20X-8.czi,Historical drive ingest 2026 (drive3_MJesus-MFB); project / researcher / operator / subject decided per file before ingest (tasks/drive3_czi_gate.md). Claim: CONFIRMED.,ade0c414c88296dd24545dc1e215bb6a9582606c18e477dae263cacd47124760,CONFIRMED,,
drive3_MJesus-MFB/Microscopio/Microscopio- MJesus Sanchez 2023/Male Diets/230913_TOM20-MTCo1-20x_0619/230913_ID112_Control Negativo.czi,AE-biomaGUNE-0619,MJ,,0619,112,230913_ID112_Control Negativo.czi,tissue,CELL_230913_ID112_Control Negativo.czi,Historical drive ingest 2026 (drive3_MJesus-MFB); project / researcher / operator / subject decided per file before ingest (tasks/drive3_czi_gate.md). Claim: CONFIRMED.,d7a890181b1fc8685f41417ae09efcc8d34af35913d000af2b1e73733c0076bd,CONFIRMED,,
drive3_MJesus-MFB/Microscopio/Microscopio- MJesus Sanchez 2023/Male Diets/230913_TOM20-MTCo1-20x_0619/230913_ID112_Snap20x_VD-1.czi,AE-biomaGUNE-0619,MJ,,0619,112,230913_ID112_Snap20x_VD-1.czi,tissue,CELL_230913_ID112_Snap20x_VD-1.czi,Historical drive ingest 2026 (drive3_MJesus-MFB); project / researcher / operator / subject decided per file before ingest (tasks/drive3_czi_gate.md). Claim: CONFIRMED.,4ff71ff156421aa963b4ff43a19e05bab46d87ebf46883b9f693280e5edeb9cf,CONFIRMED,,
drive3_MJesus-MFB/Microscopio/Microscopio- MJesus Sanchez 2023/Male Diets/230913_TOM20-MTCo1-20x_0619/230913_ID112_Snap20x_VD-2.czi,AE-biomaGUNE-0619,MJ,,0619,112,230913_ID112_Snap20x_VD-2.czi,tissue,CELL_230913_ID112_Snap20x_VD-2.czi,Historical drive ingest 2026 (drive3_MJesus-MFB); project / researcher / operator / subject decided per file before ingest (tasks/drive3_czi_gate.md). Claim: CONFIRMED.,a76169f17fee4e9e42236c36025e801f79fc5bc2647a681018916723dad6e325,CONFIRMED,,
drive3_MJesus-MFB/Microscopio/Microscopio- MJesus Sanchez 2023/Male Diets/230913_TOM20-MTCo1-20x_0619/230913_ID112_Snap20x_VD-3.czi,AE-biomaGUNE-0619,MJ,,0619,112,230913_ID112_Snap20x_VD-3.czi,tissue,CELL_230913_ID112_Snap20x_VD-3.czi,Historical drive ingest 2026 (drive3_MJesus-MFB); project / researcher / operator / subject decided per file before ingest (tasks/drive3_czi_gate.md). Claim: CONFIRMED.,71c3b37174cf99b524968b8b0bc0b1a23c15aade14268e215b27123616299cb5,CONFIRMED,,
drive3_MJesus-MFB/Microscopio/Microscopio- MJesus Sanchez 2023/Male Diets/230913_TOM20-MTCo1-20x_0619/230913_ID112_Snap20x_VD-4.czi,AE-biomaGUNE-0619,MJ,,0619,112,230913_ID112_Snap20x_VD-4.czi,tissue,CELL_230913_ID112_Snap20x_VD-4.czi,Historical drive ingest 2026 (drive3_MJesus-MFB); project / researcher / operator / subject decided per file before ingest (tasks/drive3_czi_gate.md). Claim: CONFIRMED.,f9509236370fb7e711ac6c141fb144228d1fc14fc0d9d29621d86112bd9a5f8a,CONFIRMED,,
drive3_MJesus-MFB/Microscopio/Microscopio- MJesus Sanchez 2023/Male Diets/230913_TOM20-MTCo1-20x_0619/230913_ID112_Snap20x_VI-1.czi,AE-biomaGUNE-0619,MJ,,0619,112,230913_ID112_Snap20x_VI-1.czi,tissue,CELL_230913_ID112_Snap20x_VI-1.czi,Historical drive ingest 2026 (drive3_MJesus-MFB); project / researcher / operator / subject decided per file before ingest (tasks/drive3_czi_gate.md). Claim: CONFIRMED.,5bfaeb232c1ab8fa6581157f5ac9570a63745f4c4443db606c3b4630e04dbed2,CONFIRMED,,
drive3_MJesus-MFB/Microscopio/Microscopio- MJesus Sanchez 2023/Male Diets/230913_TOM20-MTCo1-20x_0619/230913_ID112_Snap20x_VI-2.czi,AE-biomaGUNE-0619,MJ,,0619,112,230913_ID112_Snap20x_VI-2.czi,tissue,CELL_230913_ID112_Snap20x_VI-2.czi,Historical drive ingest 2026 (drive3_MJesus-MFB); project / researcher / operator / subject decided per file before ingest (tasks/drive3_czi_gate.md). Claim: CONFIRMED.,ef1dd53b5b6658eaf7dbe54998e5ad17bd71f7d900ffc2958a0205a1a99fe46d,CONFIRMED,,
drive3_MJesus-MFB/Microscopio/Microscopio- MJesus Sanchez 2023/Male Diets/230913_TOM20-MTCo1-20x_0619/230913_ID112_Snap20x_VI-3.czi,AE-biomaGUNE-0619,MJ,,0619,112,230913_ID112_Snap20x_VI-3.czi,tissue,CELL_230913_ID112_Snap20x_VI-3.czi,Historical drive ingest 2026 (drive3_MJesus-MFB); project / researcher / operator / subject decided per file before ingest (tasks/drive3_czi_gate.md). Claim: CONFIRMED.,3a70bc0719e0956fec777013c9582f5c52cb226a8d65aec47793224fe58e3a66,CONFIRMED,,
drive3_MJesus-MFB/Microscopio/Microscopio- MJesus Sanchez 2023/Male Diets/230913_TOM20-MTCo1-20x_0619/230913_ID112_Snap20x_VI-4.czi,AE-biomaGUNE-0619,MJ,,0619,112,230913_ID112_Snap20x_VI-4.czi,tissue,CELL_230913_ID112_Snap20x_VI-4.czi,Historical drive ingest 2026 (drive3_MJesus-MFB); project / researcher / operator / subject decided per file before ingest (tasks/drive3_czi_gate.md). Claim: CONFIRMED.,6ea6a75a5f91f9a20294c46271519a4a8ca7680a728b4f18bf53d48d3efd2cad,CONFIRMED,,
drive3_MJesus-MFB/Microscopio/Microscopio- MJesus Sanchez 2023/Male Diets/230913_TOM20-MTCo1-20x_0619/230913_ID113_Control Negativo.czi,AE-biomaGUNE-0619,MJ,,0619,113,230913_ID113_Control Negativo.czi,tissue,CELL_230913_ID113_Control Negativo.czi,Historical drive ingest 2026 (drive3_MJesus-MFB); project / researcher / operator / subject decided per file before ingest (tasks/drive3_czi_gate.md). Claim: CONFIRMED.,f6e0d8003c465d0c9a6d6b96caf877a33f44c9e38c0ef5320ef7220807aa4a16,CONFIRMED,,
drive3_MJesus-MFB/Microscopio/Microscopio- MJesus Sanchez 2023/Male Diets/230913_TOM20-MTCo1-20x_0619/230913_ID113_Snap20x_VD-1.czi,AE-biomaGUNE-0619,MJ,,0619,113,230913_ID113_Snap20x_VD-1.czi,tissue,CELL_230913_ID113_Snap20x_VD-1.czi,Historical drive ingest 2026 (drive3_MJesus-MFB); project / researcher / operator / subject decided per file before ingest (tasks/drive3_czi_gate.md). Claim: CONFIRMED.,6075e3958c6486ecc72f5f0390e98b80db70fe0d93fca705571071d8de54ecc2,CONFIRMED,,
drive3_MJesus-MFB/Microscopio/Microscopio- MJesus Sanchez 2023/Male Diets/230913_TOM20-MTCo1-20x_0619/230913_ID113_Snap20x_VD-2.czi,AE-biomaGUNE-0619,MJ,,0619,113,230913_ID113_Snap20x_VD-2.czi,tissue,CELL_230913_ID113_Snap20x_VD-2.czi,Historical drive ingest 2026 (drive3_MJesus-MFB); project / researcher / operator / subject decided per file before ingest (tasks/drive3_czi_gate.md). Claim: CONFIRMED.,054c7a4bcb1cf6619f6abc465d8de3b7e1cea0ed540d475a2df17b75152f84fe,CONFIRMED,,
drive3_MJesus-MFB/Microscopio/Microscopio- MJesus Sanchez 2023/Male Diets/230913_TOM20-MTCo1-20x_0619/230913_ID113_Snap20x_VD-3.czi,AE-biomaGUNE-0619,MJ,,0619,113,230913_ID113_Snap20x_VD-3.czi,tissue,CELL_230913_ID113_Snap20x_VD-3.czi,Historical drive ingest 2026 (drive3_MJesus-MFB); project / researcher / operator / subject decided per file before ingest (tasks/drive3_czi_gate.md). Claim: CONFIRMED.,ac6c64d0488322c8c20def8654941272f419cd38f39d1fb5152f46a1bc02481f,CONFIRMED,,
drive3_MJesus-MFB/Microscopio/Microscopio- MJesus Sanchez 2023/Male Diets/230913_TOM20-MTCo1-20x_0619/230913_ID113_Snap20x_VD-4.czi,AE-biomaGUNE-0619,MJ,,0619,113,230913_ID113_Snap20x_VD-4.czi,tissue,CELL_230913_ID113_Snap20x_VD-4.czi,Historical drive ingest 2026 (drive3_MJesus-MFB); project / researcher / operator / subject decided per file before ingest (tasks/drive3_czi_gate.md). Claim: CONFIRMED.,661d45dffcafadbf2eeae6dbfeb577b260c52d45fff1c55d8a0936c2dfdcaf34,CONFIRMED,,
drive3_MJesus-MFB/Microscopio/Microscopio- MJesus Sanchez 2023/Male Diets/230913_TOM20-MTCo1-20x_0619/230913_ID113_Snap20x_VI-1.czi,AE-biomaGUNE-0619,MJ,,0619,113,230913_ID113_Snap20x_VI-1.czi,tissue,CELL_230913_ID113_Snap20x_VI-1.czi,Historical drive ingest 2026 (drive3_MJesus-MFB); project / researcher / operator / subject decided per file before ingest (tasks/drive3_czi_gate.md). Claim: CONFIRMED.,d64d86d811870b085c424d94f01f1ad3a969de8e94b2803a79d283d2ede11cdb,CONFIRMED,,
drive3_MJesus-MFB/Microscopio/Microscopio- MJesus Sanchez 2023/Male Diets/230913_TOM20-MTCo1-20x_0619/230913_ID113_Snap20x_VI-2.czi,AE-biomaGUNE-0619,MJ,,0619,113,230913_ID113_Snap20x_VI-2.czi,tissue,CELL_230913_ID113_Snap20x_VI-2.czi,Historical drive ingest 2026 (drive3_MJesus-MFB); project / researcher / operator / subject decided per file before ingest (tasks/drive3_czi_gate.md). Claim: CONFIRMED.,b8cc300ea3eccb810c06a273e5e6c56143ea72b67c3eadf0e3ebd1a3d17cb51c,CONFIRMED,,
drive3_MJesus-MFB/Microscopio/Microscopio- MJesus Sanchez 2023/Male Diets/230913_TOM20-MTCo1-20x_0619/230913_ID113_Snap20x_VI-3.czi,AE-biomaGUNE-0619,MJ,,0619,113,230913_ID113_Snap20x_VI-3.czi,tissue,CELL_230913_ID113_Snap20x_VI-3.czi,Historical drive ingest 2026 (drive3_MJesus-MFB); project / researcher / operator / subject decided per file before ingest (tasks/drive3_czi_gate.md). Claim: CONFIRMED.,a78c2d721f07388feba4b9ef688318aace12fdefc4498ebe30e23328da9f1000,CONFIRMED,,
drive3_MJesus-MFB/Microscopio/Microscopio- MJesus Sanchez 2023/Male Diets/230913_TOM20-MTCo1-20x_0619/230913_ID113_Snap20x_VI-4.czi,AE-biomaGUNE-0619,MJ,,0619,113,230913_ID113_Snap20x_VI-4.czi,tissue,CELL_230913_ID113_Snap20x_VI-4.czi,Historical drive ingest 2026 (drive3_MJesus-MFB); project / researcher / operator / subject decided per file before ingest (tasks/drive3_czi_gate.md). Claim: CONFIRMED.,7389b26ae2ffe320cf1c753bc499caa818651d74035542d18d99a438077a9167,CONFIRMED,,
drive3_MJesus-MFB/Microscopio/Microscopio- MJesus Sanchez 2023/Male Diets/230913_TOM20-MTCo1-20x_0619/230913_ID116_Control Negativo.czi,AE-biomaGUNE-0619,MJ,,0619,116,230913_ID116_Control Negativo.czi,tissue,CELL_230913_ID116_Control Negativo.czi,Historical drive ingest 2026 (drive3_MJesus-MFB); project / researcher / operator / subject decided per file before ingest (tasks/drive3_czi_gate.md). Claim: CONFIRMED.,6c6718ad3b46e0d09576ef6c43becb2e3e4fb2d337f4c937685a927661e6db01,CONFIRMED,,
drive3_MJesus-MFB/Microscopio/Microscopio- MJesus Sanchez 2023/Male Diets/230913_TOM20-MTCo1-20x_0619/230913_ID116_Snap20x_VD-1.czi,AE-biomaGUNE-0619,MJ,,0619,116,230913_ID116_Snap20x_VD-1.czi,tissue,CELL_230913_ID116_Snap20x_VD-1.czi,Historical drive ingest 2026 (drive3_MJesus-MFB); project / researcher / operator / subject decided per file before ingest (tasks/drive3_czi_gate.md). Claim: CONFIRMED.,8b761ea11ac9716505e6ec80afa9617407b0c8e4357ea986195cd3bf69098124,CONFIRMED,,
drive3_MJesus-MFB/Microscopio/Microscopio- MJesus Sanchez 2023/Male Diets/230913_TOM20-MTCo1-20x_0619/230913_ID116_Snap20x_VD-2.czi,AE-biomaGUNE-0619,MJ,,0619,116,230913_ID116_Snap20x_VD-2.czi,tissue,CELL_230913_ID116_Snap20x_VD-2.czi,Historical drive ingest 2026 (drive3_MJesus-MFB); project / researcher / operator / subject decided per file before ingest (tasks/drive3_czi_gate.md). Claim: CONFIRMED.,b799fc7792f6b48901ae5f45515abb0b092752de0c4dc91784302d90437c3c3d,CONFIRMED,,
drive3_MJesus-MFB/Microscopio/Microscopio- MJesus Sanchez 2023/Male Diets/230913_TOM20-MTCo1-20x_0619/230913_ID116_Snap20x_VD-3.czi,AE-biomaGUNE-0619,MJ,,0619,116,230913_ID116_Snap20x_VD-3.czi,tissue,CELL_230913_ID116_Snap20x_VD-3.czi,Historical drive ingest 2026 (drive3_MJesus-MFB); project / researcher / operator / subject decided per file before ingest (tasks/drive3_czi_gate.md). Claim: CONFIRMED.,dfb590881c9ff7f00d71cc09730bbe7eaadf06393b9dcce095d7e5126148a4b9,CONFIRMED,,
drive3_MJesus-MFB/Microscopio/Microscopio- MJesus Sanchez 2023/Male Diets/230913_TOM20-MTCo1-20x_0619/230913_ID116_Snap20x_VD-4.czi,AE-biomaGUNE-0619,MJ,,0619,116,230913_ID116_Snap20x_VD-4.czi,tissue,CELL_230913_ID116_Snap20x_VD-4.czi,Historical drive ingest 2026 (drive3_MJesus-MFB); project / researcher / operator / subject decided per file before ingest (tasks/drive3_czi_gate.md). Claim: CONFIRMED.,a76170b50859a431cc8da014fbc831df4e2f59878550b8d410edf41b7dd7727e,CONFIRMED,,
drive3_MJesus-MFB/Microscopio/Microscopio- MJesus Sanchez 2023/Male Diets/230913_TOM20-MTCo1-20x_0619/230913_ID116_Snap20x_VI-1.czi,AE-biomaGUNE-0619,MJ,,0619,116,230913_ID116_Snap20x_VI-1.czi,tissue,CELL_230913_ID116_Snap20x_VI-1.czi,Historical drive ingest 2026 (drive3_MJesus-MFB); project / researcher / operator / subject decided per file before ingest (tasks/drive3_czi_gate.md). Claim: CONFIRMED.,5ac1824ba7ea0dddcc5fe788a47202e77ef0a92bf0067e0e4c4449cdfaf1e6f0,CONFIRMED,,
drive3_MJesus-MFB/Microscopio/Microscopio- MJesus Sanchez 2023/Male Diets/230913_TOM20-MTCo1-20x_0619/230913_ID116_Snap20x_VI-2.czi,AE-biomaGUNE-0619,MJ,,0619,116,230913_ID116_Snap20x_VI-2.czi,tissue,CELL_230913_ID116_Snap20x_VI-2.czi,Historical drive ingest 2026 (drive3_MJesus-MFB); project / researcher / operator / subject decided per file before ingest (tasks/drive3_czi_gate.md). Claim: CONFIRMED.,c6ea5d7756076600df2a7d3a60946ee03d9bdfd03db913f7ecebf7383493fd7d,CONFIRMED,,
drive3_MJesus-MFB/Microscopio/Microscopio- MJesus Sanchez 2023/Male Diets/230913_TOM20-MTCo1-20x_0619/230913_ID116_Snap20x_VI-3.czi,AE-biomaGUNE-0619,MJ,,0619,116,230913_ID116_Snap20x_VI-3.czi,tissue,CELL_230913_ID116_Snap20x_VI-3.czi,Historical drive ingest 2026 (drive3_MJesus-MFB); project / researcher / operator / subject decided per file before ingest (tasks/drive3_czi_gate.md). Claim: CONFIRMED.,743982b4c4d06e351418c6428d3e923c55799309419ab0b24d6512eb56435dd6,CONFIRMED,,
drive3_MJesus-MFB/Microscopio/Microscopio- MJesus Sanchez 2023/Male Diets/230913_TOM20-MTCo1-20x_0619/230913_ID116_Snap20x_VI-4.czi,AE-biomaGUNE-0619,MJ,,0619,116,230913_ID116_Snap20x_VI-4.czi,tissue,CELL_230913_ID116_Snap20x_VI-4.czi,Historical drive ingest 2026 (drive3_MJesus-MFB); project / researcher / operator / subject decided per file before ingest (tasks/drive3_czi_gate.md). Claim: CONFIRMED.,10df501d953440720504fdd298fd0a3ffafac7c933926e2920fc7c4da8e632fa,CONFIRMED,,
drive3_MJesus-MFB/Microscopio/Microscopio- MJesus Sanchez 2023/Male Diets/230913_TOM20-MTCo1-20x_0619/230913_ID118_Control Negativo.czi,AE-biomaGUNE-0619,MJ,,0619,118,230913_ID118_Control Negativo.czi,tissue,CELL_230913_ID118_Control Negativo.czi,Historical drive ingest 2026 (drive3_MJesus-MFB); project / researcher / operator / subject decided per file before ingest (tasks/drive3_czi_gate.md). Claim: CONFIRMED.,b5c4f4c688688467189dc4119be4907ae37046d08237485ddd885a68cea8f986,CONFIRMED,,
drive3_MJesus-MFB/Microscopio/Microscopio- MJesus Sanchez 2023/Male Diets/230913_TOM20-MTCo1-20x_0619/230913_ID118_Snap20x_VD-1.czi,AE-biomaGUNE-0619,MJ,,0619,118,230913_ID118_Snap20x_VD-1.czi,tissue,CELL_230913_ID118_Snap20x_VD-1.czi,Historical drive ingest 2026 (drive3_MJesus-MFB); project / researcher / operator / subject decided per file before ingest (tasks/drive3_czi_gate.md). Claim: CONFIRMED.,42d02f796c0bfa06d1654578217dddec51e2e33e77d84198648af8f6f7b382ec,CONFIRMED,,
drive3_MJesus-MFB/Microscopio/Microscopio- MJesus Sanchez 2023/Male Diets/230913_TOM20-MTCo1-20x_0619/230913_ID118_Snap20x_VD-2.czi,AE-biomaGUNE-0619,MJ,,0619,118,230913_ID118_Snap20x_VD-2.czi,tissue,CELL_230913_ID118_Snap20x_VD-2.czi,Historical drive ingest 2026 (drive3_MJesus-MFB); project / researcher / operator / subject decided per file before ingest (tasks/drive3_czi_gate.md). Claim: CONFIRMED.,738df1a42a3a61bfd485b296cadc0f41ac1913cd7ecf00b7b79cf4fc12fd6bb3,CONFIRMED,,
drive3_MJesus-MFB/Microscopio/Microscopio- MJesus Sanchez 2023/Male Diets/230913_TOM20-MTCo1-20x_0619/230913_ID118_Snap20x_VD-3.czi,AE-biomaGUNE-0619,MJ,,0619,118,230913_ID118_Snap20x_VD-3.czi,tissue,CELL_230913_ID118_Snap20x_VD-3.czi,Historical drive ingest 2026 (drive3_MJesus-MFB); project / researcher / operator / subject decided per file before ingest (tasks/drive3_czi_gate.md). Claim: CONFIRMED.,d56690d8da0bdb9a61012dc931b9ba01a6acf639e353159f973d75d049d1f6e3,CONFIRMED,,
drive3_MJesus-MFB/Microscopio/Microscopio- MJesus Sanchez 2023/Male Diets/230913_TOM20-MTCo1-20x_0619/230913_ID118_Snap20x_VD-4.czi,AE-biomaGUNE-0619,MJ,,0619,118,230913_ID118_Snap20x_VD-4.czi,tissue,CELL_230913_ID118_Snap20x_VD-4.czi,Historical drive ingest 2026 (drive3_MJesus-MFB); project / researcher / operator / subject decided per file before ingest (tasks/drive3_czi_gate.md). Claim: CONFIRMED.,c51aa97fe550d389e4eb02f3f77590d245da64a64bfb82678d0a707a7e4ec3ca,CONFIRMED,,
drive3_MJesus-MFB/Microscopio/Microscopio- MJesus Sanchez 2023/Male Diets/230913_TOM20-MTCo1-20x_0619/230913_ID118_Snap20x_VI-1.czi,AE-biomaGUNE-0619,MJ,,0619,118,230913_ID118_Snap20x_VI-1.czi,tissue,CELL_230913_ID118_Snap20x_VI-1.czi,Historical drive ingest 2026 (drive3_MJesus-MFB); project / researcher / operator / subject decided per file before ingest (tasks/drive3_czi_gate.md). Claim: CONFIRMED.,cabdb706f447478acbd8b7e7c85ee1be3bedd06f308cc084d19b5c0dda20665f,CONFIRMED,,
drive3_MJesus-MFB/Microscopio/Microscopio- MJesus Sanchez 2023/Male Diets/230913_TOM20-MTCo1-20x_0619/230913_ID118_Snap20x_VI-2.czi,AE-biomaGUNE-0619,MJ,,0619,118,230913_ID118_Snap20x_VI-2.czi,tissue,CELL_230913_ID118_Snap20x_VI-2.czi,Historical drive ingest 2026 (drive3_MJesus-MFB); project / researcher / operator / subject decided per file before ingest (tasks/drive3_czi_gate.md). Claim: CONFIRMED.,d9af75aac8ba75d0d3e6ffc897870d967434078902eac7de50b16fd0cba4edfb,CONFIRMED,,
drive3_MJesus-MFB/Microscopio/Microscopio- MJesus Sanchez 2023/Male Diets/230913_TOM20-MTCo1-20x_0619/230913_ID118_Snap20x_VI-3.czi,AE-biomaGUNE-0619,MJ,,0619,118,230913_ID118_Snap20x_VI-3.czi,tissue,CELL_230913_ID118_Snap20x_VI-3.czi,Historical drive ingest 2026 (drive3_MJesus-MFB); project / researcher / operator / subject decided per file before ingest (tasks/drive3_czi_gate.md). Claim: CONFIRMED.,af105a76e5c030a47b7314172bc2cf3a2d35b4c3894cfe9a7bc682ca352bcde8,CONFIRMED,,
drive3_MJesus-MFB/Microscopio/Microscopio- MJesus Sanchez 2023/Male Diets/230913_TOM20-MTCo1-20x_0619/230913_ID118_Snap20x_VI-4.czi,AE-biomaGUNE-0619,MJ,,0619,118,230913_ID118_Snap20x_VI-4.czi,tissue,CELL_230913_ID118_Snap20x_VI-4.czi,Historical drive ingest 2026 (drive3_MJesus-MFB); project / researcher / operator / subject decided per file before ingest (tasks/drive3_czi_gate.md). Claim: CONFIRMED.,c088bfb3e5a0c11fd5e8590c156fa8f92ba3bd264760bf4ee620c33278d42805,CONFIRMED,,
drive3_MJesus-MFB/Microscopio/Microscopio- MJesus Sanchez 2023/Male Diets/230913_TOM20-MTCo1-20x_0619/230913_ID119_Control Negativo.czi,AE-biomaGUNE-0619,MJ,,0619,119,230913_ID119_Control Negativo.czi,tissue,CELL_230913_ID119_Control Negativo.czi,Historical drive ingest 2026 (drive3_MJesus-MFB); project / researcher / operator / subject decided per file before ingest (tasks/drive3_czi_gate.md). Claim: CONFIRMED.,45928556f1d2d7aaf00bcb842c0b52acbbc359c1fa60dd5c84f5c195e997ee6c,CONFIRMED,,
drive3_MJesus-MFB/Microscopio/Microscopio- MJesus Sanchez 2023/Male Diets/230913_TOM20-MTCo1-20x_0619/230913_ID119_Snap20x_VD-1.czi,AE-biomaGUNE-0619,MJ,,0619,119,230913_ID119_Snap20x_VD-1.czi,tissue,CELL_230913_ID119_Snap20x_VD-1.czi,Historical drive ingest 2026 (drive3_MJesus-MFB); project / researcher / operator / subject decided per file before ingest (tasks/drive3_czi_gate.md). Claim: CONFIRMED.,68bedc71b5fd9d40b2fcb72ad5da80e876038d8aefae55a506ef5f5b21dcdf7b,CONFIRMED,,
drive3_MJesus-MFB/Microscopio/Microscopio- MJesus Sanchez 2023/Male Diets/230913_TOM20-MTCo1-20x_0619/230913_ID119_Snap20x_VD-2.czi,AE-biomaGUNE-0619,MJ,,0619,119,230913_ID119_Snap20x_VD-2.czi,tissue,CELL_230913_ID119_Snap20x_VD-2.czi,Historical drive ingest 2026 (drive3_MJesus-MFB); project / researcher / operator / subject decided per file before ingest (tasks/drive3_czi_gate.md). Claim: CONFIRMED.,c8d96386e7595a6f240067b6c6528876b708cb8389da05e61f0b3f810f2b4e4f,CONFIRMED,,
drive3_MJesus-MFB/Microscopio/Microscopio- MJesus Sanchez 2023/Male Diets/230913_TOM20-MTCo1-20x_0619/230913_ID119_Snap20x_VD-3.czi,AE-biomaGUNE-0619,MJ,,0619,119,230913_ID119_Snap20x_VD-3.czi,tissue,CELL_230913_ID119_Snap20x_VD-3.czi,Historical drive ingest 2026 (drive3_MJesus-MFB); project / researcher / operator / subject decided per file before ingest (tasks/drive3_czi_gate.md). Claim: CONFIRMED.,5504031fe7e52c81826c5fec213de9519cac5433205d5fbf1ac24cf129fd0ef3,CONFIRMED,,
drive3_MJesus-MFB/Microscopio/Microscopio- MJesus Sanchez 2023/Male Diets/230913_TOM20-MTCo1-20x_0619/230913_ID119_Snap20x_VD-4.czi,AE-biomaGUNE-0619,MJ,,0619,119,230913_ID119_Snap20x_VD-4.czi,tissue,CELL_230913_ID119_Snap20x_VD-4.czi,Historical drive ingest 2026 (drive3_MJesus-MFB); project / researcher / operator / subject decided per file before ingest (tasks/drive3_czi_gate.md). Claim: CONFIRMED.,2b50fd4062e9482e181435e052920b9af1b6c627f299efb896f96cd3e3a55f41,CONFIRMED,,
drive3_MJesus-MFB/Microscopio/Microscopio- MJesus Sanchez 2023/Male Diets/230913_TOM20-MTCo1-20x_0619/230913_ID119_Snap20x_VI-1.czi,AE-biomaGUNE-0619,MJ,,0619,119,230913_ID119_Snap20x_VI-1.czi,tissue,CELL_230913_ID119_Snap20x_VI-1.czi,Historical drive ingest 2026 (drive3_MJesus-MFB); project / researcher / operator / subject decided per file before ingest (tasks/drive3_czi_gate.md). Claim: CONFIRMED.,b65cd9be21b2c12ca38a1da9bc2658b1f741d51db686c85365f2c6b80e5cee63,CONFIRMED,,
drive3_MJesus-MFB/Microscopio/Microscopio- MJesus Sanchez 2023/Male Diets/230913_TOM20-MTCo1-20x_0619/230913_ID119_Snap20x_VI-2.czi,AE-biomaGUNE-0619,MJ,,0619,119,230913_ID119_Snap20x_VI-2.czi,tissue,CELL_230913_ID119_Snap20x_VI-2.czi,Historical drive ingest 2026 (drive3_MJesus-MFB); project / researcher / operator / subject decided per file before ingest (tasks/drive3_czi_gate.md). Claim: CONFIRMED.,3b32875d0086c90cf5f7573eaf66bb1c4893b653dff474d3229f041bf688d995,CONFIRMED,,
drive3_MJesus-MFB/Microscopio/Microscopio- MJesus Sanchez 2023/Male Diets/230913_TOM20-MTCo1-20x_0619/230913_ID119_Snap20x_VI-3.czi,AE-biomaGUNE-0619,MJ,,0619,119,230913_ID119_Snap20x_VI-3.czi,tissue,CELL_230913_ID119_Snap20x_VI-3.czi,Historical drive ingest 2026 (drive3_MJesus-MFB); project / researcher / operator / subject decided per file before ingest (tasks/drive3_czi_gate.md). Claim: CONFIRMED.,bb90c218d71ef16b84cf43492c1ee0154163f14b443a937ba2161b92d203af36,CONFIRMED,,
drive3_MJesus-MFB/Microscopio/Microscopio- MJesus Sanchez 2023/Male Diets/230913_TOM20-MTCo1-20x_0619/230913_ID119_Snap20x_VI-4.czi,AE-biomaGUNE-0619,MJ,,0619,119,230913_ID119_Snap20x_VI-4.czi,tissue,CELL_230913_ID119_Snap20x_VI-4.czi,Historical drive ingest 2026 (drive3_MJesus-MFB); project / researcher / operator / subject decided per file before ingest (tasks/drive3_czi_gate.md). Claim: CONFIRMED.,a9af0dd4b8049ac034a8c77a3ffa05390e8882472aaf99ca2abe61d221c8aade,CONFIRMED,,
drive3_MJesus-MFB/Microscopio/Microscopio- MJesus Sanchez 2023/Male Diets/230913_TOM20-MTCo1-20x_0619/230913_ID75_Control Negativo.czi,AE-biomaGUNE-0619,MJ,,0619,75,230913_ID75_Control Negativo.czi,tissue,CELL_230913_ID75_Control Negativo.czi,Historical drive ingest 2026 (drive3_MJesus-MFB); project / researcher / operator / subject decided per file before ingest (tasks/drive3_czi_gate.md). Claim: CONFIRMED.,cc06ca610625f027ad3563cd439e5b77498205b4d383f3e8d747c0ee8f6635c4,CONFIRMED,,
drive3_MJesus-MFB/Microscopio/Microscopio- MJesus Sanchez 2023/Male Diets/230913_TOM20-MTCo1-20x_0619/230913_ID75_Snap20x_VD-1.czi,AE-biomaGUNE-0619,MJ,,0619,75,230913_ID75_Snap20x_VD-1.czi,tissue,CELL_230913_ID75_Snap20x_VD-1.czi,Historical drive ingest 2026 (drive3_MJesus-MFB); project / researcher / operator / subject decided per file before ingest (tasks/drive3_czi_gate.md). Claim: CONFIRMED.,56436f99abf3f99d8335904749cb2bec2953a494403ddda321c872e905dc65b0,CONFIRMED,,
drive3_MJesus-MFB/Microscopio/Microscopio- MJesus Sanchez 2023/Male Diets/230913_TOM20-MTCo1-20x_0619/230913_ID75_Snap20x_VD-2.czi,AE-biomaGUNE-0619,MJ,,0619,75,230913_ID75_Snap20x_VD-2.czi,tissue,CELL_230913_ID75_Snap20x_VD-2.czi,Historical drive ingest 2026 (drive3_MJesus-MFB); project / researcher / operator / subject decided per file before ingest (tasks/drive3_czi_gate.md). Claim: CONFIRMED.,af8df64f79d2316571c3d25772c73b65b13495112a94129f04dd767b23c8eeaf,CONFIRMED,,
drive3_MJesus-MFB/Microscopio/Microscopio- MJesus Sanchez 2023/Male Diets/230913_TOM20-MTCo1-20x_0619/230913_ID75_Snap20x_VD-3.czi,AE-biomaGUNE-0619,MJ,,0619,75,230913_ID75_Snap20x_VD-3.czi,tissue,CELL_230913_ID75_Snap20x_VD-3.czi,Historical drive ingest 2026 (drive3_MJesus-MFB); project / researcher / operator / subject decided per file before ingest (tasks/drive3_czi_gate.md). Claim: CONFIRMED.,175cb10ba37bf9f2f05af56c84859bc5b5c1b873ddc513b08d3f134627a14402,CONFIRMED,,
drive3_MJesus-MFB/Microscopio/Microscopio- MJesus Sanchez 2023/Male Diets/230913_TOM20-MTCo1-20x_0619/230913_ID75_Snap20x_VD-4.czi,AE-biomaGUNE-0619,MJ,,0619,75,230913_ID75_Snap20x_VD-4.czi,tissue,CELL_230913_ID75_Snap20x_VD-4.czi,Historical drive ingest 2026 (drive3_MJesus-MFB); project / researcher / operator / subject decided per file before ingest (tasks/drive3_czi_gate.md). Claim: CONFIRMED.,c20fff9796be56accc623d0bbd24bf9008a16e05fd33ddefd9df6344060b7d97,CONFIRMED,,
drive3_MJesus-MFB/Microscopio/Microscopio- MJesus Sanchez 2023/Male Diets/230913_TOM20-MTCo1-20x_0619/230913_ID75_Snap20x_VI-1.czi,AE-biomaGUNE-0619,MJ,,0619,75,230913_ID75_Snap20x_VI-1.czi,tissue,CELL_230913_ID75_Snap20x_VI-1.czi,Historical drive ingest 2026 (drive3_MJesus-MFB); project / researcher / operator / subject decided per file before ingest (tasks/drive3_czi_gate.md). Claim: CONFIRMED.,4b2f103bf1fc0d274a335450a2aa737a2e4600fa92fd7ea2c5cffa39ae7a5be2,CONFIRMED,,
drive3_MJesus-MFB/Microscopio/Microscopio- MJesus Sanchez 2023/Male Diets/230913_TOM20-MTCo1-20x_0619/230913_ID75_Snap20x_VI-2.czi,AE-biomaGUNE-0619,MJ,,0619,75,230913_ID75_Snap20x_VI-2.czi,tissue,CELL_230913_ID75_Snap20x_VI-2.czi,Historical drive ingest 2026 (drive3_MJesus-MFB); project / researcher / operator / subject decided per file before ingest (tasks/drive3_czi_gate.md). Claim: CONFIRMED.,2d7a2d2c50c399011d958346a28224f1484207e140005c4ac9a5a4a1805cb29f,CONFIRMED,,
drive3_MJesus-MFB/Microscopio/Microscopio- MJesus Sanchez 2023/Male Diets/230913_TOM20-MTCo1-20x_0619/230913_ID75_Snap20x_VI-3.czi,AE-biomaGUNE-0619,MJ,,0619,75,230913_ID75_Snap20x_VI-3.czi,tissue,CELL_230913_ID75_Snap20x_VI-3.czi,Historical drive ingest 2026 (drive3_MJesus-MFB); project / researcher / operator / subject decided per file before ingest (tasks/drive3_czi_gate.md). Claim: CONFIRMED.,2802351854ba0728f34ec63b4fdb3fdb41dbf8fa723b6adf4b3dcddcc7c0f4fa,CONFIRMED,,
drive3_MJesus-MFB/Microscopio/Microscopio- MJesus Sanchez 2023/Male Diets/230913_TOM20-MTCo1-20x_0619/230913_ID75_Snap20x_VI-4.czi,AE-biomaGUNE-0619,MJ,,0619,75,230913_ID75_Snap20x_VI-4.czi,tissue,CELL_230913_ID75_Snap20x_VI-4.czi,Historical drive ingest 2026 (drive3_MJesus-MFB); project / researcher / operator / subject decided per file before ingest (tasks/drive3_czi_gate.md). Claim: CONFIRMED.,ea6bafeb84810aa31f0ee9c5b5c1b1f8a409bef924ddeb88b019717a6f95af37,CONFIRMED,,
drive3_MJesus-MFB/Microscopio/Microscopio- MJesus Sanchez 2023/Male Diets/230913_TOM20-MTCo1-20x_0619/230913_ID76_Control Negativo.czi,AE-biomaGUNE-0619,MJ,,0619,76,230913_ID76_Control Negativo.czi,tissue,CELL_230913_ID76_Control Negativo.czi,Historical drive ingest 2026 (drive3_MJesus-MFB); project / researcher / operator / subject decided per file before ingest (tasks/drive3_czi_gate.md). Claim: CONFIRMED.,4958dd73f67232f88ca51aa39e593fa7fc8f1fbe72a9c0953a7887f3a6fdbb07,CONFIRMED,,
drive3_MJesus-MFB/Microscopio/Microscopio- MJesus Sanchez 2023/Male Diets/230913_TOM20-MTCo1-20x_0619/230913_ID76_Snap20x_VD-1.czi,AE-biomaGUNE-0619,MJ,,0619,76,230913_ID76_Snap20x_VD-1.czi,tissue,CELL_230913_ID76_Snap20x_VD-1.czi,Historical drive ingest 2026 (drive3_MJesus-MFB); project / researcher / operator / subject decided per file before ingest (tasks/drive3_czi_gate.md). Claim: CONFIRMED.,1036f31f0867aadbad538fa7db1004382fb64b3c9f8b455c6216a556d0cc0c06,CONFIRMED,,
drive3_MJesus-MFB/Microscopio/Microscopio- MJesus Sanchez 2023/Male Diets/230913_TOM20-MTCo1-20x_0619/230913_ID76_Snap20x_VD-2.czi,AE-biomaGUNE-0619,MJ,,0619,76,230913_ID76_Snap20x_VD-2.czi,tissue,CELL_230913_ID76_Snap20x_VD-2.czi,Historical drive ingest 2026 (drive3_MJesus-MFB); project / researcher / operator / subject decided per file before ingest (tasks/drive3_czi_gate.md). Claim: CONFIRMED.,9127e657b87050a0a31fd757b327da47594be46cf53d8e079a9402dde805ce2c,CONFIRMED,,
drive3_MJesus-MFB/Microscopio/Microscopio- MJesus Sanchez 2023/Male Diets/230913_TOM20-MTCo1-20x_0619/230913_ID76_Snap20x_VD-3.czi,AE-biomaGUNE-0619,MJ,,0619,76,230913_ID76_Snap20x_VD-3.czi,tissue,CELL_230913_ID76_Snap20x_VD-3.czi,Historical drive ingest 2026 (drive3_MJesus-MFB); project / researcher / operator / subject decided per file before ingest (tasks/drive3_czi_gate.md). Claim: CONFIRMED.,a43d3b0736caf73af276f64ad1ec47e627121900a6f205392f31cab1721c31cd,CONFIRMED,,
drive3_MJesus-MFB/Microscopio/Microscopio- MJesus Sanchez 2023/Male Diets/230913_TOM20-MTCo1-20x_0619/230913_ID76_Snap20x_VD-4.czi,AE-biomaGUNE-0619,MJ,,0619,76,230913_ID76_Snap20x_VD-4.czi,tissue,CELL_230913_ID76_Snap20x_VD-4.czi,Historical drive ingest 2026 (drive3_MJesus-MFB); project / researcher / operator / subject decided per file before ingest (tasks/drive3_czi_gate.md). Claim: CONFIRMED.,435e999356059a17329eab4292bacfab03f278c042b80d68e7377ca1c5adfcda,CONFIRMED,,
drive3_MJesus-MFB/Microscopio/Microscopio- MJesus Sanchez 2023/Male Diets/230913_TOM20-MTCo1-20x_0619/230913_ID76_Snap20x_VI-1.czi,AE-biomaGUNE-0619,MJ,,0619,76,230913_ID76_Snap20x_VI-1.czi,tissue,CELL_230913_ID76_Snap20x_VI-1.czi,Historical drive ingest 2026 (drive3_MJesus-MFB); project / researcher / operator / subject decided per file before ingest (tasks/drive3_czi_gate.md). Claim: CONFIRMED.,49e592ddd03174092c59943dd55f356d676b86b4691221feeb5f8499c25b432f,CONFIRMED,,
drive3_MJesus-MFB/Microscopio/Microscopio- MJesus Sanchez 2023/Male Diets/230913_TOM20-MTCo1-20x_0619/230913_ID76_Snap20x_VI-2.czi,AE-biomaGUNE-0619,MJ,,0619,76,230913_ID76_Snap20x_VI-2.czi,tissue,CELL_230913_ID76_Snap20x_VI-2.czi,Historical drive ingest 2026 (drive3_MJesus-MFB); project / researcher / operator / subject decided per file before ingest (tasks/drive3_czi_gate.md). Claim: CONFIRMED.,a3a30576c48f4f08f2b337c64a063b98f1d5d17c877aa421a607eaa3bc7ef929,CONFIRMED,,
drive3_MJesus-MFB/Microscopio/Microscopio- MJesus Sanchez 2023/Male Diets/230913_TOM20-MTCo1-20x_0619/230913_ID76_Snap20x_VI-3.czi,AE-biomaGUNE-0619,MJ,,0619,76,230913_ID76_Snap20x_VI-3.czi,tissue,CELL_230913_ID76_Snap20x_VI-3.czi,Historical drive ingest 2026 (drive3_MJesus-MFB); project / researcher / operator / subject decided per file before ingest (tasks/drive3_czi_gate.md). Claim: CONFIRMED.,7550ac1d164f5508de8cb9f3c4c0648e3252dd9f8edf9b63edd56dfa051ec732,CONFIRMED,,
drive3_MJesus-MFB/Microscopio/Microscopio- MJesus Sanchez 2023/Male Diets/230913_TOM20-MTCo1-20x_0619/230913_ID76_Snap20x_VI-4.czi,AE-biomaGUNE-0619,MJ,,0619,76,230913_ID76_Snap20x_VI-4.czi,tissue,CELL_230913_ID76_Snap20x_VI-4.czi,Historical drive ingest 2026 (drive3_MJesus-MFB); project / researcher / operator / subject decided per file before ingest (tasks/drive3_czi_gate.md). Claim: CONFIRMED.,06712bb7e60bcb188e8a2ae8aa2cfdc9b42a7aeb75de3ed7642bcae6579a3f7f,CONFIRMED,,
drive3_MJesus-MFB/Microscopio/Microscopio- MJesus Sanchez 2023/Male Diets/2DG Male 0619/1- 2DG Male 0619- H&E/Corazón/210607_R286_HE_20x_C.czi,AE-biomaGUNE-0619,MJ,,,,210607_R286_HE_20x_C.czi,,CELL_210607_R286_HE_20x_C.czi,Historical drive ingest 2026 (drive3_MJesus-MFB); project / researcher / operator / subject decided per file before ingest (tasks/drive3_czi_gate.md). Claim: CONFIRMED.,e7cec53adcfbb4ad68ce921bc601185dff4e8bed70fd385f52e2be573e0cad4f,CONFIRMED,,
drive3_MJesus-MFB/Microscopio/Microscopio- MJesus Sanchez 2023/Male Diets/2DG Male 0619/1- 2DG Male 0619- H&E/Corazón/210607_R287_HE_20x_C.czi,AE-biomaGUNE-0619,MJ,,,,210607_R287_HE_20x_C.czi,,CELL_210607_R287_HE_20x_C.czi,Historical drive ingest 2026 (drive3_MJesus-MFB); project / researcher / operator / subject decided per file before ingest (tasks/drive3_czi_gate.md). Claim: CONFIRMED.,28f9aa66f8e78c330402eea08d6ea2d1748087923472974fd4aaf39b5c5df85a,CONFIRMED,,
drive3_MJesus-MFB/Microscopio/Microscopio- MJesus Sanchez 2023/Male Diets/2DG Male 0619/1- 2DG Male 0619- H&E/Corazón/210607_R288_HE_20x_C.czi,AE-biomaGUNE-0619,MJ,,,,210607_R288_HE_20x_C.czi,,CELL_210607_R288_HE_20x_C.czi,Historical drive ingest 2026 (drive3_MJesus-MFB); project / researcher / operator / subject decided per file before ingest (tasks/drive3_czi_gate.md). Claim: CONFIRMED.,cf084902092c945754f52cffa2a89e92fc0d56130ce10934c946052fea1f2039,CONFIRMED,,
drive3_MJesus-MFB/Microscopio/Microscopio- MJesus Sanchez 2023/Male Diets/2DG Male 0619/1- 2DG Male 0619- H&E/Corazón/210607_R289_HE_20x_C.czi,AE-biomaGUNE-0619,MJ,,,,210607_R289_HE_20x_C.czi,,CELL_210607_R289_HE_20x_C.czi,Historical drive ingest 2026 (drive3_MJesus-MFB); project / researcher / operator / subject decided per file before ingest (tasks/drive3_czi_gate.md). Claim: CONFIRMED.,bc1366fd891c5ac0d0a2bc6f5d2308297fbe69d5dc123338286f73448da3a0f7,CONFIRMED,,
drive3_MJesus-MFB/Microscopio/Microscopio- MJesus Sanchez 2023/Male Diets/2DG Male 0619/1- 2DG Male 0619- H&E/Corazón/210607_R290_HE_20x_C.czi,AE-biomaGUNE-0619,MJ,,,,210607_R290_HE_20x_C.czi,,CELL_210607_R290_HE_20x_C.czi,Historical drive ingest 2026 (drive3_MJesus-MFB); project / researcher / operator / subject decided per file before ingest (tasks/drive3_czi_gate.md). Claim: CONFIRMED.,6f66e8d2d06df5f3fa8f8f3b9fbc83f84a0ad8591a389fb607342f1f6617a13c,CONFIRMED,,
drive3_MJesus-MFB/Microscopio/Microscopio- MJesus Sanchez 2023/Male Diets/2DG Male 0619/1- 2DG Male 0619- H&E/Corazón/210608_R291_HE_20x_C.czi,AE-biomaGUNE-0619,MJ,,,,210608_R291_HE_20x_C.czi,,CELL_210608_R291_HE_20x_C.czi,Historical drive ingest 2026 (drive3_MJesus-MFB); project / researcher / operator / subject decided per file before ingest (tasks/drive3_czi_gate.md). Claim: CONFIRMED.,1d65fea6aaecb4dd0c746cff92f39c4e6cd89dd060b601fa0598c87ca5a98a7a,CONFIRMED,,
drive3_MJesus-MFB/Microscopio/Microscopio- MJesus Sanchez 2023/Male Diets/2DG Male 0619/1- 2DG Male 0619- H&E/Corazón/210608_R292_HE_20x_C.czi,AE-biomaGUNE-0619,MJ,,,,210608_R292_HE_20x_C.czi,,CELL_210608_R292_HE_20x_C.czi,Historical drive ingest 2026 (drive3_MJesus-MFB); project / researcher / operator / subject decided per file before ingest (tasks/drive3_czi_gate.md). Claim: CONFIRMED.,fe03b9c6b29cc80e22c7531180496c2adca7e28f4e69ff1a94083f306e757fc1,CONFIRMED,,
drive3_MJesus-MFB/Microscopio/Microscopio- MJesus Sanchez 2023/Male Diets/2DG Male 0619/1- 2DG Male 0619- H&E/Corazón/210608_R293_HE_20x_C.czi,AE-biomaGUNE-0619,MJ,,,,210608_R293_HE_20x_C.czi,,CELL_210608_R293_HE_20x_C.czi,Historical drive ingest 2026 (drive3_MJesus-MFB); project / researcher / operator / subject decided per file before ingest (tasks/drive3_czi_gate.md). Claim: CONFIRMED.,77c1ec864d0800d14c0ebb63d76c8161505b9c9579f1bdc276e3799c155eb4a0,CONFIRMED,,
drive3_MJesus-MFB/Microscopio/Microscopio- MJesus Sanchez 2023/Male Diets/2DG Male 0619/1- 2DG Male 0619- H&E/Corazón/210608_R294_HE_20x_C.czi,AE-biomaGUNE-0619,MJ,,,,210608_R294_HE_20x_C.czi,,CELL_210608_R294_HE_20x_C.czi,Historical drive ingest 2026 (drive3_MJesus-MFB); project / researcher / operator / subject decided per file before ingest (tasks/drive3_czi_gate.md). Claim: CONFIRMED.,2e2c8e1083fdba9674da429486083b00f2bbd9630610d971c36319518192d06a,CONFIRMED,,
drive3_MJesus-MFB/Microscopio/Microscopio- MJesus Sanchez 2023/Male Diets/2DG Male 0619/1- 2DG Male 0619- H&E/Corazón/210617_R295_HE_20x_C.czi,AE-biomaGUNE-0619,MJ,,,,210617_R295_HE_20x_C.czi,,CELL_210617_R295_HE_20x_C.czi,Historical drive ingest 2026 (drive3_MJesus-MFB); project / researcher / operator / subject decided per file before ingest (tasks/drive3_czi_gate.md). Claim: CONFIRMED.,2e8fb88bffb6ec63c86e498a29eb161aa35e1e1301d61039235f6015091b9bb1,CONFIRMED,,
drive3_MJesus-MFB/Microscopio/Microscopio- MJesus Sanchez 2023/Male Diets/2DG Male 0619/1- 2DG Male 0619- H&E/Corazón/210617_R296_HE_20x_C.czi,AE-biomaGUNE-0619,MJ,,,,210617_R296_HE_20x_C.czi,,CELL_210617_R296_HE_20x_C.czi,Historical drive ingest 2026 (drive3_MJesus-MFB); project / researcher / operator / subject decided per file before ingest (tasks/drive3_czi_gate.md). Claim: CONFIRMED.,bc8a6332d55421c516ac14705d8f24834b6ca53a79dc0c02d7b79dfd8c1db31d,CONFIRMED,,
drive3_MJesus-MFB/Microscopio/Microscopio- MJesus Sanchez 2023/Male Diets/2DG Male 0619/1- 2DG Male 0619- H&E/Corazón/210617_R297_HE_20x_C..czi,AE-biomaGUNE-0619,MJ,,,,210617_R297_HE_20x_C..czi,,CELL_210617_R297_HE_20x_C..czi,Historical drive ingest 2026 (drive3_MJesus-MFB); project / researcher / operator / subject decided per file before ingest (tasks/drive3_czi_gate.md). Claim: CONFIRMED.,02a01676292c27c8c01b3deeb91f1131653143216fdf2fb5d52347a685e02b23,CONFIRMED,,
drive3_MJesus-MFB/Microscopio/Microscopio- MJesus Sanchez 2023/Male Diets/2DG Male 0619/1- 2DG Male 0619- H&E/Pulmón/210607_R286_HE_20x_P.czi,AE-biomaGUNE-0619,MJ,,,,210607_R286_HE_20x_P.czi,,CELL_210607_R286_HE_20x_P.czi,Historical drive ingest 2026 (drive3_MJesus-MFB); project / researcher / operator / subject decided per file before ingest (tasks/drive3_czi_gate.md). Claim: CONFIRMED.,3ca4c8fbd613bd539eab6fc2122b0c15cc4d605bf40d007cc000684beb956893,CONFIRMED,,
drive3_MJesus-MFB/Microscopio/Microscopio- MJesus Sanchez 2023/Male Diets/2DG Male 0619/1- 2DG Male 0619- H&E/Pulmón/210607_R287_HE_20x_P.czi,AE-biomaGUNE-0619,MJ,,,,210607_R287_HE_20x_P.czi,,CELL_210607_R287_HE_20x_P.czi,Historical drive ingest 2026 (drive3_MJesus-MFB); project / researcher / operator / subject decided per file before ingest (tasks/drive3_czi_gate.md). Claim: CONFIRMED.,205058d8ca146fe86ad22e9e7258fb5e389d4a132288a2df8a79b84a8ff916d8,CONFIRMED,,
drive3_MJesus-MFB/Microscopio/Microscopio- MJesus Sanchez 2023/Male Diets/2DG Male 0619/1- 2DG Male 0619- H&E/Pulmón/210607_R288_HE_20x_P.czi,AE-biomaGUNE-0619,MJ,,,,210607_R288_HE_20x_P.czi,,CELL_210607_R288_HE_20x_P.czi,Historical drive ingest 2026 (drive3_MJesus-MFB); project / researcher / operator / subject decided per file before ingest (tasks/drive3_czi_gate.md). Claim: CONFIRMED.,3b9e325809960706cf3e7c68c6f868cab464f94d6faf6c771ded03f8f9367bee,CONFIRMED,,
drive3_MJesus-MFB/Microscopio/Microscopio- MJesus Sanchez 2023/Male Diets/2DG Male 0619/1- 2DG Male 0619- H&E/Pulmón/210607_R289_HE_20x_P.czi,AE-biomaGUNE-0619,MJ,,,,210607_R289_HE_20x_P.czi,,CELL_210607_R289_HE_20x_P.czi,Historical drive ingest 2026 (drive3_MJesus-MFB); project / researcher / operator / subject decided per file before ingest (tasks/drive3_czi_gate.md). Claim: CONFIRMED.,d7382623464119203c7784708a6f97d276b133cae1f142416500a58fc74174bf,CONFIRMED,,
drive3_MJesus-MFB/Microscopio/Microscopio- MJesus Sanchez 2023/Male Diets/2DG Male 0619/1- 2DG Male 0619- H&E/Pulmón/210607_R290_HE_20x_P.czi,AE-biomaGUNE-0619,MJ,,,,210607_R290_HE_20x_P.czi,,CELL_210607_R290_HE_20x_P.czi,Historical drive ingest 2026 (drive3_MJesus-MFB); project / researcher / operator / subject decided per file before ingest (tasks/drive3_czi_gate.md). Claim: CONFIRMED.,c9f0fed3fc2d73bf27438bdc594c1bb9a7b33aa3992f4e3f573f9cd9688cbe77,CONFIRMED,,
drive3_MJesus-MFB/Microscopio/Microscopio- MJesus Sanchez 2023/Male Diets/2DG Male 0619/1- 2DG Male 0619- H&E/Pulmón/210608_R291_HE_20x_P.czi,AE-biomaGUNE-0619,MJ,,,,210608_R291_HE_20x_P.czi,,CELL_210608_R291_HE_20x_P.czi,Historical drive ingest 2026 (drive3_MJesus-MFB); project / researcher / operator / subject decided per file before ingest (tasks/drive3_czi_gate.md). Claim: CONFIRMED.,830bdc2e5accefe1e812a7fd89785e90121b52f112dcaf17b2b0da3bcd5cb102,CONFIRMED,,
drive3_MJesus-MFB/Microscopio/Microscopio- MJesus Sanchez 2023/Male Diets/2DG Male 0619/1- 2DG Male 0619- H&E/Pulmón/210608_R292_HE_20x_P.czi,AE-biomaGUNE-0619,MJ,,,,210608_R292_HE_20x_P.czi,,CELL_210608_R292_HE_20x_P.czi,Historical drive ingest 2026 (drive3_MJesus-MFB); project / researcher / operator / subject decided per file before ingest (tasks/drive3_czi_gate.md). Claim: CONFIRMED.,64a4686da67af6ed4ea1704c346ec78cf249a2fd2aa97383a4e2a6ed92ba0e4d,CONFIRMED,,
drive3_MJesus-MFB/Microscopio/Microscopio- MJesus Sanchez 2023/Male Diets/2DG Male 0619/1- 2DG Male 0619- H&E/Pulmón/210608_R293_HE_20x_P.czi,AE-biomaGUNE-0619,MJ,,,,210608_R293_HE_20x_P.czi,,CELL_210608_R293_HE_20x_P.czi,Historical drive ingest 2026 (drive3_MJesus-MFB); project / researcher / operator / subject decided per file before ingest (tasks/drive3_czi_gate.md). Claim: CONFIRMED.,851d11a4c39858cb6d087fd6efdaef3188205c70e3650fcdfa29d26ad6995958,CONFIRMED,,
drive3_MJesus-MFB/Microscopio/Microscopio- MJesus Sanchez 2023/Male Diets/2DG Male 0619/1- 2DG Male 0619- H&E/Pulmón/210608_R294_HE_20x_P.czi,AE-biomaGUNE-0619,MJ,,,,210608_R294_HE_20x_P.czi,,CELL_210608_R294_HE_20x_P.czi,Historical drive ingest 2026 (drive3_MJesus-MFB); project / researcher / operator / subject decided per file before ingest (tasks/drive3_czi_gate.md). Claim: CONFIRMED.,19760dc167520a8dcaeed37e3a3f49854b395a9c4ec8570c7c6cb3de30269883,CONFIRMED,,
drive3_MJesus-MFB/Microscopio/Microscopio- MJesus Sanchez 2023/Male Diets/2DG Male 0619/1- 2DG Male 0619- H&E/Pulmón/210608_R295_HE_20x_P.czi,AE-biomaGUNE-0619,MJ,,,,210608_R295_HE_20x_P.czi,,CELL_210608_R295_HE_20x_P.czi,Historical drive ingest 2026 (drive3_MJesus-MFB); project / researcher / operator / subject decided per file before ingest (tasks/drive3_czi_gate.md). Claim: CONFIRMED.,509a2e320d51ff46aaa9df6989baea2135b5ee4699bd3b6e34f16a62aaba72a8,CONFIRMED,,
drive3_MJesus-MFB/Microscopio/Microscopio- MJesus Sanchez 2023/Male Diets/2DG Male 0619/1- 2DG Male 0619- H&E/Pulmón/210617_R296_HE_20x_P.czi,AE-biomaGUNE-0619,MJ,,,,210617_R296_HE_20x_P.czi,,CELL_210617_R296_HE_20x_P.czi,Historical drive ingest 2026 (drive3_MJesus-MFB); project / researcher / operator / subject decided per file before ingest (tasks/drive3_czi_gate.md). Claim: CONFIRMED.,43b688ce3037f169a8ce8444b4cbb6cd480d6b5c305282a3f1933a67c6c26d0e,CONFIRMED,,
drive3_MJesus-MFB/Microscopio/Microscopio- MJesus Sanchez 2023/Male Diets/2DG Male 0619/1- 2DG Male 0619- H&E/Pulmón/210617_R297_HE_20x_P.czi,AE-biomaGUNE-0619,MJ,,,,210617_R297_HE_20x_P.czi,,CELL_210617_R297_HE_20x_P.czi,Historical drive ingest 2026 (drive3_MJesus-MFB); project / researcher / operator / subject decided per file before ingest (tasks/drive3_czi_gate.md). Claim: CONFIRMED.,ac74ac1c6b6331c4be38c4f0250ed021efd8ae88a3f5a49874848365848d57c9,CONFIRMED,,
drive3_MJesus-MFB/Microscopio/Microscopio- MJesus Sanchez 2023/Male Diets/2DG Male 0619/3- 2DG Male 0619- WGA/ID 139/ID139-WGA20XLV-1.czi,AE-biomaGUNE-0619,MJ,,0619,139,ID139-WGA20XLV-1.czi,tissue,CELL_ID139-WGA20XLV-1.czi,Historical drive ingest 2026 (drive3_MJesus-MFB); project / researcher / operator / subject decided per file before ingest (tasks/drive3_czi_gate.md). Claim: CONFIRMED.,388f9e852c3b7794f4d442bef9f7f8646f5502b71f022cc4f52ecff9df365fc6,CONFIRMED,,
drive3_MJesus-MFB/Microscopio/Microscopio- MJesus Sanchez 2023/Male Diets/2DG Male 0619/3- 2DG Male 0619- WGA/ID 139/ID139-WGA20XLV-2.czi,AE-biomaGUNE-0619,MJ,,0619,139,ID139-WGA20XLV-2.czi,tissue,CELL_ID139-WGA20XLV-2.czi,Historical drive ingest 2026 (drive3_MJesus-MFB); project / researcher / operator / subject decided per file before ingest (tasks/drive3_czi_gate.md). Claim: CONFIRMED.,cc50cc20d8a3c7b4df64188d74260063a6fc8ec5b2bcf88e2aa448a4463f1a8c,CONFIRMED,,
drive3_MJesus-MFB/Microscopio/Microscopio- MJesus Sanchez 2023/Male Diets/2DG Male 0619/3- 2DG Male 0619- WGA/ID 139/ID139-WGA20XLV-3.czi,AE-biomaGUNE-0619,MJ,,0619,139,ID139-WGA20XLV-3.czi,tissue,CELL_ID139-WGA20XLV-3.czi,Historical drive ingest 2026 (drive3_MJesus-MFB); project / researcher / operator / subject decided per file before ingest (tasks/drive3_czi_gate.md). Claim: CONFIRMED.,3123f9fd1d9031a0b5e843a5ad555852877da888deb1474104c4f18f0d4c6c07,CONFIRMED,,
drive3_MJesus-MFB/Microscopio/Microscopio- MJesus Sanchez 2023/Male Diets/2DG Male 0619/3- 2DG Male 0619- WGA/ID 139/ID139-WGA20XRV-1.czi,AE-biomaGUNE-0619,MJ,,0619,139,ID139-WGA20XRV-1.czi,tissue,CELL_ID139-WGA20XRV-1.czi,Historical drive ingest 2026 (drive3_MJesus-MFB); project / researcher / operator / subject decided per file before ingest (tasks/drive3_czi_gate.md). Claim: CONFIRMED.,3a13f6310beb683b2eadfb7f3654782616f11e5ccf5b86c493d77b0eab4c18f8,CONFIRMED,,
drive3_MJesus-MFB/Microscopio/Microscopio- MJesus Sanchez 2023/Male Diets/2DG Male 0619/3- 2DG Male 0619- WGA/ID 139/ID139-WGA20XRV-2.czi,AE-biomaGUNE-0619,MJ,,0619,139,ID139-WGA20XRV-2.czi,tissue,CELL_ID139-WGA20XRV-2.czi,Historical drive ingest 2026 (drive3_MJesus-MFB); project / researcher / operator / subject decided per file before ingest (tasks/drive3_czi_gate.md). Claim: CONFIRMED.,2c6d125bdd90702bb0f1ce7a7f31a8665c2978ac9a4cf217d1bfc41f1600b943,CONFIRMED,,
drive3_MJesus-MFB/Microscopio/Microscopio- MJesus Sanchez 2023/Male Diets/2DG Male 0619/3- 2DG Male 0619- WGA/ID 139/ID139-WGA20XRV-3.czi,AE-biomaGUNE-0619,MJ,,0619,139,ID139-WGA20XRV-3.czi,tissue,CELL_ID139-WGA20XRV-3.czi,Historical drive ingest 2026 (drive3_MJesus-MFB); project / researcher / operator / subject decided per file before ingest (tasks/drive3_czi_gate.md). Claim: CONFIRMED.,1231a04159971655877410c866659789b3ec2c7758950f456d407d4b26bf8c5f,CONFIRMED,,
drive3_MJesus-MFB/Microscopio/Microscopio- MJesus Sanchez 2023/Male Diets/2DG Male 0619/3- 2DG Male 0619- WGA/ID 140/ID140-WGA20XLV-1.czi,AE-biomaGUNE-0619,MJ,,0619,140,ID140-WGA20XLV-1.czi,tissue,CELL_ID140-WGA20XLV-1.czi,Historical drive ingest 2026 (drive3_MJesus-MFB); project / researcher / operator / subject decided per file before ingest (tasks/drive3_czi_gate.md). Claim: CONFIRMED.,441d2319534c3beec442373c3ccfdb891fd822b08515a358f992fb35bd395f31,CONFIRMED,,
drive3_MJesus-MFB/Microscopio/Microscopio- MJesus Sanchez 2023/Male Diets/2DG Male 0619/3- 2DG Male 0619- WGA/ID 140/ID140-WGA20XLV-2.czi,AE-biomaGUNE-0619,MJ,,0619,140,ID140-WGA20XLV-2.czi,tissue,CELL_ID140-WGA20XLV-2.czi,Historical drive ingest 2026 (drive3_MJesus-MFB); project / researcher / operator / subject decided per file before ingest (tasks/drive3_czi_gate.md). Claim: CONFIRMED.,cca28f1afef17775c31d86eabe5a0032932dc2a24646b28cfd4446c714e5a69a,CONFIRMED,,
drive3_MJesus-MFB/Microscopio/Microscopio- MJesus Sanchez 2023/Male Diets/2DG Male 0619/3- 2DG Male 0619- WGA/ID 140/ID140-WGA20XLV-3.czi,AE-biomaGUNE-0619,MJ,,0619,140,ID140-WGA20XLV-3.czi,tissue,CELL_ID140-WGA20XLV-3.czi,Historical drive ingest 2026 (drive3_MJesus-MFB); project / researcher / operator / subject decided per file before ingest (tasks/drive3_czi_gate.md). Claim: CONFIRMED.,86c3fa4ff565d7e2f557054376c5abbd63be17c74ed513d9ba69f31a5f51c3bf,CONFIRMED,,
drive3_MJesus-MFB/Microscopio/Microscopio- MJesus Sanchez 2023/Male Diets/2DG Male 0619/3- 2DG Male 0619- WGA/ID 140/ID140-WGA20XRV-1.czi,AE-biomaGUNE-0619,MJ,,0619,140,ID140-WGA20XRV-1.czi,tissue,CELL_ID140-WGA20XRV-1.czi,Historical drive ingest 2026 (drive3_MJesus-MFB); project / researcher / operator / subject decided per file before ingest (tasks/drive3_czi_gate.md). Claim: CONFIRMED.,c4729019d7058138bedae55f94e25024c339e567e1ed3815b95f1734ae9c8355,CONFIRMED,,
drive3_MJesus-MFB/Microscopio/Microscopio- MJesus Sanchez 2023/Male Diets/2DG Male 0619/3- 2DG Male 0619- WGA/ID 140/ID140-WGA20XRV-2.czi,AE-biomaGUNE-0619,MJ,,0619,140,ID140-WGA20XRV-2.czi,tissue,CELL_ID140-WGA20XRV-2.czi,Historical drive ingest 2026 (drive3_MJesus-MFB); project / researcher / operator / subject decided per file before ingest (tasks/drive3_czi_gate.md). Claim: CONFIRMED.,8820f79f5614c5cf45db9bd29634e96c9d3ef8d496f7900702c75b9f4b1ff37d,CONFIRMED,,
drive3_MJesus-MFB/Microscopio/Microscopio- MJesus Sanchez 2023/Male Diets/2DG Male 0619/3- 2DG Male 0619- WGA/ID 140/ID140-WGA20XRV-3.czi,AE-biomaGUNE-0619,MJ,,0619,140,ID140-WGA20XRV-3.czi,tissue,CELL_ID140-WGA20XRV-3.czi,Historical drive ingest 2026 (drive3_MJesus-MFB); project / researcher / operator / subject decided per file before ingest (tasks/drive3_czi_gate.md). Claim: CONFIRMED.,c79967f23926e69b24297d9987f7975fa9995f24a4c979db4822fb650629d997,CONFIRMED,,
drive3_MJesus-MFB/Microscopio/Microscopio- MJesus Sanchez 2023/Male Diets/2DG Male 0619/3- 2DG Male 0619- WGA/ID 141/ID141-WGA20XLV-1.czi,AE-biomaGUNE-0619,MJ,,0619,141,ID141-WGA20XLV-1.czi,tissue,CELL_ID141-WGA20XLV-1.czi,Historical drive ingest 2026 (drive3_MJesus-MFB); project / researcher / operator / subject decided per file before ingest (tasks/drive3_czi_gate.md). Claim: CONFIRMED.,565b76c6e9d016c021fbecdbb4a9aebf43f2deb9f343b7daa1cd7028549b23fc,CONFIRMED,,
drive3_MJesus-MFB/Microscopio/Microscopio- MJesus Sanchez 2023/Male Diets/2DG Male 0619/3- 2DG Male 0619- WGA/ID 141/ID141-WGA20XRV-1.czi,AE-biomaGUNE-0619,MJ,,0619,141,ID141-WGA20XRV-1.czi,tissue,CELL_ID141-WGA20XRV-1.czi,Historical drive ingest 2026 (drive3_MJesus-MFB); project / researcher / operator / subject decided per file before ingest (tasks/drive3_czi_gate.md). Claim: CONFIRMED.,38372996aa6c0bcc8e8f8da09e405d4c1a3310386d2c50203f200d37f96a46b8,CONFIRMED,,
drive3_MJesus-MFB/Microscopio/Microscopio- MJesus Sanchez 2023/Male Diets/2DG Male 0619/5- 2DG Male 0619- PR/Heart/R286_PR_heart.czi,AE-biomaGUNE-0619,MJ,,,,R286_PR_heart.czi,,CELL_R286_PR_heart.czi,Historical drive ingest 2026 (drive3_MJesus-MFB); project / researcher / operator / subject decided per file before ingest (tasks/drive3_czi_gate.md). Claim: CONFIRMED; shares its acquisition second with 1 other file(s): the pixel check found no copy relation (another scene of the acquisition).,7a37882107c093043d6aef94392bae2640502ce505ab69023ca92a5b47136824,CONFIRMED,CELL|2021-06-17T12:57:53,2
drive3_MJesus-MFB/Microscopio/Microscopio- MJesus Sanchez 2023/Male Diets/2DG Male 0619/5- 2DG Male 0619- PR/Heart/R286_PR_heartPOL.czi,AE-biomaGUNE-0619,MJ,,,,R286_PR_heartPOL.czi,,CELL_R286_PR_heartPOL.czi,Historical drive ingest 2026 (drive3_MJesus-MFB); project / researcher / operator / subject decided per file before ingest (tasks/drive3_czi_gate.md). Claim: CONFIRMED; shares its acquisition second with 1 other file(s): the pixel check found no copy relation (another scene of the acquisition).,f0052a3835cc785b92c33340bc02a0cfdbf566b8cf8c77bdfefa2e1bf64af235,CONFIRMED,CELL|2021-06-17T13:07:43,2
drive3_MJesus-MFB/Microscopio/Microscopio- MJesus Sanchez 2023/Male Diets/2DG Male 0619/5- 2DG Male 0619- PR/Heart/R287_PR_heart.czi,AE-biomaGUNE-0619,MJ,,,,R287_PR_heart.czi,,CELL_R287_PR_heart.czi,Historical drive ingest 2026 (drive3_MJesus-MFB); project / researcher / operator / subject decided per file before ingest (tasks/drive3_czi_gate.md). Claim: CONFIRMED; shares its acquisition second with 1 other file(s): the pixel check found no copy relation (another scene of the acquisition).,32a9856ffd2dde20cc5cdce2521e7f18c82e1c5dce9e977b8f4fe5b35294e4ac,CONFIRMED,CELL|2021-06-17T13:33:22,2
drive3_MJesus-MFB/Microscopio/Microscopio- MJesus Sanchez 2023/Male Diets/2DG Male 0619/5- 2DG Male 0619- PR/Heart/R288_PR_heart.czi,AE-biomaGUNE-0619,MJ,,,,R288_PR_heart.czi,,CELL_R288_PR_heart.czi,Historical drive ingest 2026 (drive3_MJesus-MFB); project / researcher / operator / subject decided per file before ingest (tasks/drive3_czi_gate.md). Claim: CONFIRMED; shares its acquisition second with 1 other file(s): the pixel check found no copy relation (another scene of the acquisition).,d138defdf1ca3a0bb3bc84eb33f29cbc5a0545c269ac2e618326a7adf90e19d7,CONFIRMED,CELL|2021-06-17T14:05:12,2
drive3_MJesus-MFB/Microscopio/Microscopio- MJesus Sanchez 2023/Male Diets/2DG Male 0619/5- 2DG Male 0619- PR/Heart/R288_PR_heartPOL.czi,AE-biomaGUNE-0619,MJ,,,,R288_PR_heartPOL.czi,,CELL_R288_PR_heartPOL.czi,Historical drive ingest 2026 (drive3_MJesus-MFB); project / researcher / operator / subject decided per file before ingest (tasks/drive3_czi_gate.md). Claim: CONFIRMED; shares its acquisition second with 1 other file(s): the pixel check found no copy relation (another scene of the acquisition).,9e9555d45eb12c12db4758557e8390a87fcae5f4aa0260008ecdec5889ea27fc,CONFIRMED,CELL|2021-06-17T14:11:51,2
drive3_MJesus-MFB/Microscopio/Microscopio- MJesus Sanchez 2023/Male Diets/2DG Male 0619/5- 2DG Male 0619- PR/Heart/R289_PR_heart.czi,AE-biomaGUNE-0619,MJ,,,,R289_PR_heart.czi,,CELL_R289_PR_heart.czi,Historical drive ingest 2026 (drive3_MJesus-MFB); project / researcher / operator / subject decided per file before ingest (tasks/drive3_czi_gate.md). Claim: CONFIRMED; shares its acquisition second with 1 other file(s): the pixel check found no copy relation (another scene of the acquisition).,eee778c6ac50d4daae6cc84f5b76e3481a3b6968e1453e244cf09007456021a8,CONFIRMED,CELL|2021-06-17T14:26:00,2
drive3_MJesus-MFB/Microscopio/Microscopio- MJesus Sanchez 2023/Male Diets/2DG Male 0619/5- 2DG Male 0619- PR/Heart/R289_PR_heartPOL.czi,AE-biomaGUNE-0619,MJ,,,,R289_PR_heartPOL.czi,,CELL_R289_PR_heartPOL.czi,Historical drive ingest 2026 (drive3_MJesus-MFB); project / researcher / operator / subject decided per file before ingest (tasks/drive3_czi_gate.md). Claim: CONFIRMED; shares its acquisition second with 1 other file(s): the pixel check found no copy relation (another scene of the acquisition).,9fa562e039fc1c52a4c7170533d1e353837cb7c307255e7cd5dedddf9860c606,CONFIRMED,CELL|2021-06-17T14:37:08,2
drive3_MJesus-MFB/Microscopio/Microscopio- MJesus Sanchez 2023/Male Diets/2DG Male 0619/5- 2DG Male 0619- PR/Heart/R290_PR_heart.czi,AE-biomaGUNE-0619,MJ,,,,R290_PR_heart.czi,,CELL_R290_PR_heart.czi,Historical drive ingest 2026 (drive3_MJesus-MFB); project / researcher / operator / subject decided per file before ingest (tasks/drive3_czi_gate.md). Claim: CONFIRMED; shares its acquisition second with 1 other file(s): the pixel check found no copy relation (another scene of the acquisition).,b3d482c512f39e2db62d498a281de577a4456a60cb1369a0e4547e685a929184,CONFIRMED,CELL|2021-06-17T15:00:37,2
drive3_MJesus-MFB/Microscopio/Microscopio- MJesus Sanchez 2023/Male Diets/2DG Male 0619/5- 2DG Male 0619- PR/Heart/R290_PR_heartPOL.czi,AE-biomaGUNE-0619,MJ,,,,R290_PR_heartPOL.czi,,CELL_R290_PR_heartPOL.czi,Historical drive ingest 2026 (drive3_MJesus-MFB); project / researcher / operator / subject decided per file before ingest (tasks/drive3_czi_gate.md). Claim: CONFIRMED; shares its acquisition second with 1 other file(s): the pixel check found no copy relation (another scene of the acquisition).,d04048ed82111f4307423af1236cfe6975da3c87fe6c2727a78173709fff6304,CONFIRMED,CELL|2021-06-17T15:07:13,2
drive3_MJesus-MFB/Microscopio/Microscopio- MJesus Sanchez 2023/Male Diets/2DG Male 0619/5- 2DG Male 0619- PR/Heart/R291_PR_heart.czi,AE-biomaGUNE-0619,MJ,,,,R291_PR_heart.czi,,CELL_R291_PR_heart.czi,Historical drive ingest 2026 (drive3_MJesus-MFB); project / researcher / operator / subject decided per file before ingest (tasks/drive3_czi_gate.md). Claim: CONFIRMED; shares its acquisition second with 1 other file(s): the pixel check found no copy relation (another scene of the acquisition).,cc63fad08b3a83861dfff7b10bdeb6291a253fe38ce3a94e6d14040d2ba39e60,CONFIRMED,CELL|2021-06-17T15:24:57,2
drive3_MJesus-MFB/Microscopio/Microscopio- MJesus Sanchez 2023/Male Diets/2DG Male 0619/5- 2DG Male 0619- PR/Heart/R291_PR_heartPOL.czi,AE-biomaGUNE-0619,MJ,,,,R291_PR_heartPOL.czi,,CELL_R291_PR_heartPOL.czi,Historical drive ingest 2026 (drive3_MJesus-MFB); project / researcher / operator / subject decided per file before ingest (tasks/drive3_czi_gate.md). Claim: CONFIRMED; shares its acquisition second with 1 other file(s): the pixel check found no copy relation (another scene of the acquisition).,a6676c9df5cc382cf4b15c46911558f3edc14cd5bba4f8d18b8fb30feb03cf8c,CONFIRMED,CELL|2021-06-17T15:35:27,2
drive3_MJesus-MFB/Microscopio/Microscopio- MJesus Sanchez 2023/Male Diets/2DG Male 0619/5- 2DG Male 0619- PR/Heart/R292_PR_heart.czi,AE-biomaGUNE-0619,MJ,,,,R292_PR_heart.czi,,CELL_R292_PR_heart.czi,Historical drive ingest 2026 (drive3_MJesus-MFB); project / researcher / operator / subject decided per file before ingest (tasks/drive3_czi_gate.md). Claim: CONFIRMED; shares its acquisition second with 1 other file(s): the pixel check found no copy relation (another scene of the acquisition).,8ca2016722c1faac54f53180cbf0ea0fae1a443b49bcd2b3e8b717337cce0ef0,CONFIRMED,CELL|2021-06-23T10:36:39,2
drive3_MJesus-MFB/Microscopio/Microscopio- MJesus Sanchez 2023/Male Diets/2DG Male 0619/5- 2DG Male 0619- PR/Heart/R292_PR_heart_POL.czi,AE-biomaGUNE-0619,MJ,,,,R292_PR_heart_POL.czi,,CELL_R292_PR_heart_POL.czi,Historical drive ingest 2026 (drive3_MJesus-MFB); project / researcher / operator / subject decided per file before ingest (tasks/drive3_czi_gate.md). Claim: CONFIRMED; shares its acquisition second with 1 other file(s): the pixel check found no copy relation (another scene of the acquisition).,1c9c6a56e025a3629c2bd02c1bafc331ebe470330859c6e439e15c30125a0648,CONFIRMED,CELL|2021-06-23T10:43:46,2
drive3_MJesus-MFB/Microscopio/Microscopio- MJesus Sanchez 2023/Male Diets/2DG Male 0619/5- 2DG Male 0619- PR/Heart/R293_PR_heart.czi,AE-biomaGUNE-0619,MJ,,,,R293_PR_heart.czi,,CELL_R293_PR_heart.czi,Historical drive ingest 2026 (drive3_MJesus-MFB); project / researcher / operator / subject decided per file before ingest (tasks/drive3_czi_gate.md). Claim: CONFIRMED; shares its acquisition second with 1 other file(s): the pixel check found no copy relation (another scene of the acquisition).,271604fb88b446d99ee6fe2b2bb7366f26f9de7c359236e6eabfe59b69e25dc6,CONFIRMED,CELL|2021-06-23T11:02:41,2
drive3_MJesus-MFB/Microscopio/Microscopio- MJesus Sanchez 2023/Male Diets/2DG Male 0619/5- 2DG Male 0619- PR/Heart/R293_PR_heart_POL.czi,AE-biomaGUNE-0619,MJ,,,,R293_PR_heart_POL.czi,,CELL_R293_PR_heart_POL.czi,Historical drive ingest 2026 (drive3_MJesus-MFB); project / researcher / operator / subject decided per file before ingest (tasks/drive3_czi_gate.md). Claim: CONFIRMED; shares its acquisition second with 1 other file(s): the pixel check found no copy relation (another scene of the acquisition).,8490aa15de07352e12e2220775ff8fc3be7379f99256820a26b175f492ee8d06,CONFIRMED,CELL|2021-06-23T11:10:15,2
drive3_MJesus-MFB/Microscopio/Microscopio- MJesus Sanchez 2023/Male Diets/2DG Male 0619/5- 2DG Male 0619- PR/Heart/R294_PR_heart.czi,AE-biomaGUNE-0619,MJ,,,,R294_PR_heart.czi,,CELL_R294_PR_heart.czi,Historical drive ingest 2026 (drive3_MJesus-MFB); project / researcher / operator / subject decided per file before ingest (tasks/drive3_czi_gate.md). Claim: CONFIRMED; shares its acquisition second with 1 other file(s): the pixel check found no copy relation (another scene of the acquisition).,d937c3ba6d481197bba14ad6d27ed5ed4e0402af239b43194555fb539cdbf0e3,CONFIRMED,CELL|2021-06-21T07:41:10,2
drive3_MJesus-MFB/Microscopio/Microscopio- MJesus Sanchez 2023/Male Diets/2DG Male 0619/5- 2DG Male 0619- PR/Heart/R294_PR_heartPOL.czi,AE-biomaGUNE-0619,MJ,,,,R294_PR_heartPOL.czi,,CELL_R294_PR_heartPOL.czi,Historical drive ingest 2026 (drive3_MJesus-MFB); project / researcher / operator / subject decided per file before ingest (tasks/drive3_czi_gate.md). Claim: CONFIRMED; shares its acquisition second with 1 other file(s): the pixel check found no copy relation (another scene of the acquisition).,2b0030f6dfa8b7e3cb3d40007dfc4fe816064a28002974bf9c92ea9a88bcc086,CONFIRMED,CELL|2021-06-21T07:49:18,2
drive3_MJesus-MFB/Microscopio/Microscopio- MJesus Sanchez 2023/Male Diets/2DG Male 0619/5- 2DG Male 0619- PR/Heart/R295_PR_heart.czi,AE-biomaGUNE-0619,MJ,,,,R295_PR_heart.czi,,CELL_R295_PR_heart.czi,Historical drive ingest 2026 (drive3_MJesus-MFB); project / researcher / operator / subject decided per file before ingest (tasks/drive3_czi_gate.md). Claim: CONFIRMED; shares its acquisition second with 1 other file(s): the pixel check found no copy relation (another scene of the acquisition).,13817b8ecb3c5e462eaa880bd9752cf820f08d7403989f54765eae54492e406c,CONFIRMED,CELL|2021-06-21T08:09:40,2
drive3_MJesus-MFB/Microscopio/Microscopio- MJesus Sanchez 2023/Male Diets/2DG Male 0619/5- 2DG Male 0619- PR/Heart/R295_PR_heartPOL.czi,AE-biomaGUNE-0619,MJ,,,,R295_PR_heartPOL.czi,,CELL_R295_PR_heartPOL.czi,Historical drive ingest 2026 (drive3_MJesus-MFB); project / researcher / operator / subject decided per file before ingest (tasks/drive3_czi_gate.md). Claim: CONFIRMED; shares its acquisition second with 1 other file(s): the pixel check found no copy relation (another scene of the acquisition).,c702f182f25bd6106c88436a347c19280e3db8ca021d9f439e0c2fbd7e7430f6,CONFIRMED,CELL|2021-06-21T08:31:48,2
drive3_MJesus-MFB/Microscopio/Microscopio- MJesus Sanchez 2023/Male Diets/2DG Male 0619/5- 2DG Male 0619- PR/Heart/R296_PR_heart.czi,AE-biomaGUNE-0619,MJ,,,,R296_PR_heart.czi,,CELL_R296_PR_heart.czi,Historical drive ingest 2026 (drive3_MJesus-MFB); project / researcher / operator / subject decided per file before ingest (tasks/drive3_czi_gate.md). Claim: CONFIRMED; shares its acquisition second with 1 other file(s): the pixel check found no copy relation (another scene of the acquisition).,9a0bf363ee94886c7c5b3200de766e7f6a9cfe3ff5dd6a8e70bd857012550366,CONFIRMED,CELL|2021-06-21T08:48:56,2
drive3_MJesus-MFB/Microscopio/Microscopio- MJesus Sanchez 2023/Male Diets/2DG Male 0619/5- 2DG Male 0619- PR/Heart/R296_PR_heartPOL.czi,AE-biomaGUNE-0619,MJ,,,,R296_PR_heartPOL.czi,,CELL_R296_PR_heartPOL.czi,Historical drive ingest 2026 (drive3_MJesus-MFB); project / researcher / operator / subject decided per file before ingest (tasks/drive3_czi_gate.md). Claim: CONFIRMED; shares its acquisition second with 1 other file(s): the pixel check found no copy relation (another scene of the acquisition).,2b937bff335023a3d72111cc3285656cd8487c86c18b27f7001f9fe8f996c0e3,CONFIRMED,CELL|2021-06-21T08:55:38,2
drive3_MJesus-MFB/Microscopio/Microscopio- MJesus Sanchez 2023/Male Diets/2DG Male 0619/5- 2DG Male 0619- PR/Heart/R297_PR_heart.czi,AE-biomaGUNE-0619,MJ,,,,R297_PR_heart.czi,,CELL_R297_PR_heart.czi,Historical drive ingest 2026 (drive3_MJesus-MFB); project / researcher / operator / subject decided per file before ingest (tasks/drive3_czi_gate.md). Claim: CONFIRMED; shares its acquisition second with 1 other file(s): the pixel check found no copy relation (another scene of the acquisition).,beb9e638fe4f88619032b49012ba56c2f6dab987f89b30d197fb6a26a5ae3358,CONFIRMED,CELL|2021-06-21T09:21:35,2
drive3_MJesus-MFB/Microscopio/Microscopio- MJesus Sanchez 2023/Male Diets/2DG Male 0619/5- 2DG Male 0619- PR/Heart/R297_PR_heartPOL.czi,AE-biomaGUNE-0619,MJ,,,,R297_PR_heartPOL.czi,,CELL_R297_PR_heartPOL.czi,Historical drive ingest 2026 (drive3_MJesus-MFB); project / researcher / operator / subject decided per file before ingest (tasks/drive3_czi_gate.md). Claim: CONFIRMED; shares its acquisition second with 1 other file(s): the pixel check found no copy relation (another scene of the acquisition).,e80dece7ba35486baddda00666e5c68ec7096e0177f9a796071e45724cdb43b5,CONFIRMED,CELL|2021-06-21T09:27:54,2
drive3_MJesus-MFB/Microscopio/Microscopio- MJesus Sanchez 2023/Male Diets/2DG Male 0619/5- 2DG Male 0619- PR/Lung/R286_PR_lung.czi,AE-biomaGUNE-0619,MJ,,,,R286_PR_lung.czi,,CELL_R286_PR_lung.czi,Historical drive ingest 2026 (drive3_MJesus-MFB); project / researcher / operator / subject decided per file before ingest (tasks/drive3_czi_gate.md). Claim: CONFIRMED; shares its acquisition second with 1 other file(s): the pixel check found no copy relation (another scene of the acquisition).,dfebba49de1e4d7872306decc56052d09940a681be45b8628b7c5719da590c4d,CONFIRMED,CELL|2021-06-17T12:57:53,2
drive3_MJesus-MFB/Microscopio/Microscopio- MJesus Sanchez 2023/Male Diets/2DG Male 0619/5- 2DG Male 0619- PR/Lung/R286_PR_lungPOL.czi,AE-biomaGUNE-0619,MJ,,,,R286_PR_lungPOL.czi,,CELL_R286_PR_lungPOL.czi,Historical drive ingest 2026 (drive3_MJesus-MFB); project / researcher / operator / subject decided per file before ingest (tasks/drive3_czi_gate.md). Claim: CONFIRMED; shares its acquisition second with 1 other file(s): the pixel check found no copy relation (another scene of the acquisition).,d73f1d7c82b0092fe1d9e68ad36979e4a0ae69efec5c66ed1dbcc358e43dbf9f,CONFIRMED,CELL|2021-06-17T13:07:43,2
drive3_MJesus-MFB/Microscopio/Microscopio- MJesus Sanchez 2023/Male Diets/2DG Male 0619/5- 2DG Male 0619- PR/Lung/R287_PR_lung.czi,AE-biomaGUNE-0619,MJ,,,,R287_PR_lung.czi,,CELL_R287_PR_lung.czi,Historical drive ingest 2026 (drive3_MJesus-MFB); project / researcher / operator / subject decided per file before ingest (tasks/drive3_czi_gate.md). Claim: CONFIRMED; shares its acquisition second with 1 other file(s): the pixel check found no copy relation (another scene of the acquisition).,e71bfe52d92b807d14a3315ee7f56721bbc1264ba32f7f0e36131bf170c5fedb,CONFIRMED,CELL|2021-06-17T13:33:22,2
drive3_MJesus-MFB/Microscopio/Microscopio- MJesus Sanchez 2023/Male Diets/2DG Male 0619/5- 2DG Male 0619- PR/Lung/R287_PR_lungPOL.czi,AE-biomaGUNE-0619,MJ,,,,R287_PR_lungPOL.czi,,CELL_R287_PR_lungPOL.czi,Historical drive ingest 2026 (drive3_MJesus-MFB); project / researcher / operator / subject decided per file before ingest (tasks/drive3_czi_gate.md). Claim: CONFIRMED.,94f3daee8c7425ec724cbb2337732b8c3b8277fe1c5607721c5f9d23056a12a6,CONFIRMED,,
drive3_MJesus-MFB/Microscopio/Microscopio- MJesus Sanchez 2023/Male Diets/2DG Male 0619/5- 2DG Male 0619- PR/Lung/R288_PR_lung.czi,AE-biomaGUNE-0619,MJ,,,,R288_PR_lung.czi,,CELL_R288_PR_lung.czi,Historical drive ingest 2026 (drive3_MJesus-MFB); project / researcher / operator / subject decided per file before ingest (tasks/drive3_czi_gate.md). Claim: CONFIRMED; shares its acquisition second with 1 other file(s): the pixel check found no copy relation (another scene of the acquisition).,d6eb5f64fcadf701fa677f8f63436c3eb704dc0173c036999f69c18f562440e7,CONFIRMED,CELL|2021-06-17T14:05:12,2
drive3_MJesus-MFB/Microscopio/Microscopio- MJesus Sanchez 2023/Male Diets/2DG Male 0619/5- 2DG Male 0619- PR/Lung/R288_PR_lungPOL.czi,AE-biomaGUNE-0619,MJ,,,,R288_PR_lungPOL.czi,,CELL_R288_PR_lungPOL.czi,Historical drive ingest 2026 (drive3_MJesus-MFB); project / researcher / operator / subject decided per file before ingest (tasks/drive3_czi_gate.md). Claim: CONFIRMED; shares its acquisition second with 1 other file(s): the pixel check found no copy relation (another scene of the acquisition).,582984cc36f2881835213ea0fb9f1fbebd2670e80462328fbe452b73c2bed280,CONFIRMED,CELL|2021-06-17T14:11:51,2
drive3_MJesus-MFB/Microscopio/Microscopio- MJesus Sanchez 2023/Male Diets/2DG Male 0619/5- 2DG Male 0619- PR/Lung/R289_PR_lung.czi,AE-biomaGUNE-0619,MJ,,,,R289_PR_lung.czi,,CELL_R289_PR_lung.czi,Historical drive ingest 2026 (drive3_MJesus-MFB); project / researcher / operator / subject decided per file before ingest (tasks/drive3_czi_gate.md). Claim: CONFIRMED; shares its acquisition second with 1 other file(s): the pixel check found no copy relation (another scene of the acquisition).,e78a0e3dcaadd682c37518cd771c8eea806c96b5bab7e89e95fa7bcb6c41e9d8,CONFIRMED,CELL|2021-06-17T14:26:00,2
drive3_MJesus-MFB/Microscopio/Microscopio- MJesus Sanchez 2023/Male Diets/2DG Male 0619/5- 2DG Male 0619- PR/Lung/R289_PR_lungPOL.czi,AE-biomaGUNE-0619,MJ,,,,R289_PR_lungPOL.czi,,CELL_R289_PR_lungPOL.czi,Historical drive ingest 2026 (drive3_MJesus-MFB); project / researcher / operator / subject decided per file before ingest (tasks/drive3_czi_gate.md). Claim: CONFIRMED; shares its acquisition second with 1 other file(s): the pixel check found no copy relation (another scene of the acquisition).,ff933c5c539fe3e02e4683c2e24e6edf8df11d80a5ff9268071f291551264b00,CONFIRMED,CELL|2021-06-17T14:37:08,2
drive3_MJesus-MFB/Microscopio/Microscopio- MJesus Sanchez 2023/Male Diets/2DG Male 0619/5- 2DG Male 0619- PR/Lung/R290_PR_lung.czi,AE-biomaGUNE-0619,MJ,,,,R290_PR_lung.czi,,CELL_R290_PR_lung.czi,Historical drive ingest 2026 (drive3_MJesus-MFB); project / researcher / operator / subject decided per file before ingest (tasks/drive3_czi_gate.md). Claim: CONFIRMED; shares its acquisition second with 1 other file(s): the pixel check found no copy relation (another scene of the acquisition).,fb9336252534f5c6a071e6725d4f53810dcded529ecbce1125315a8ee1d63cf9,CONFIRMED,CELL|2021-06-17T15:00:37,2
drive3_MJesus-MFB/Microscopio/Microscopio- MJesus Sanchez 2023/Male Diets/2DG Male 0619/5- 2DG Male 0619- PR/Lung/R290_PR_lungPOL.czi,AE-biomaGUNE-0619,MJ,,,,R290_PR_lungPOL.czi,,CELL_R290_PR_lungPOL.czi,Historical drive ingest 2026 (drive3_MJesus-MFB); project / researcher / operator / subject decided per file before ingest (tasks/drive3_czi_gate.md). Claim: CONFIRMED; shares its acquisition second with 1 other file(s): the pixel check found no copy relation (another scene of the acquisition).,3f121889bfcd6ce3ae1c90639327b7a9f8f05b083818fe10673a94ffb39bc730,CONFIRMED,CELL|2021-06-17T15:07:13,2
drive3_MJesus-MFB/Microscopio/Microscopio- MJesus Sanchez 2023/Male Diets/2DG Male 0619/5- 2DG Male 0619- PR/Lung/R291_PR_lung.czi,AE-biomaGUNE-0619,MJ,,,,R291_PR_lung.czi,,CELL_R291_PR_lung.czi,Historical drive ingest 2026 (drive3_MJesus-MFB); project / researcher / operator / subject decided per file before ingest (tasks/drive3_czi_gate.md). Claim: CONFIRMED; shares its acquisition second with 1 other file(s): the pixel check found no copy relation (another scene of the acquisition).,ddd6ed4843dc1b72e8779959a96d2a5841fee0d93d83c7bd90da80155a9773ed,CONFIRMED,CELL|2021-06-17T15:24:57,2
drive3_MJesus-MFB/Microscopio/Microscopio- MJesus Sanchez 2023/Male Diets/2DG Male 0619/5- 2DG Male 0619- PR/Lung/R291_PR_lungPOL.czi,AE-biomaGUNE-0619,MJ,,,,R291_PR_lungPOL.czi,,CELL_R291_PR_lungPOL.czi,Historical drive ingest 2026 (drive3_MJesus-MFB); project / researcher / operator / subject decided per file before ingest (tasks/drive3_czi_gate.md). Claim: CONFIRMED; shares its acquisition second with 1 other file(s): the pixel check found no copy relation (another scene of the acquisition).,2f14997dd552b6129e7559eea03bcac43e54bb7c51f2c4581e987f394fe1ee5a,CONFIRMED,CELL|2021-06-17T15:35:27,2
drive3_MJesus-MFB/Microscopio/Microscopio- MJesus Sanchez 2023/Male Diets/2DG Male 0619/5- 2DG Male 0619- PR/Lung/R292_PR_lung.czi,AE-biomaGUNE-0619,MJ,,,,R292_PR_lung.czi,,CELL_R292_PR_lung.czi,Historical drive ingest 2026 (drive3_MJesus-MFB); project / researcher / operator / subject decided per file before ingest (tasks/drive3_czi_gate.md). Claim: CONFIRMED; shares its acquisition second with 1 other file(s): the pixel check found no copy relation (another scene of the acquisition).,01f6f1139de595bb630659d94271066c491960368e863c757752be4bcec4e557,CONFIRMED,CELL|2021-06-23T10:36:39,2
drive3_MJesus-MFB/Microscopio/Microscopio- MJesus Sanchez 2023/Male Diets/2DG Male 0619/5- 2DG Male 0619- PR/Lung/R292_PR_lung_POL.czi,AE-biomaGUNE-0619,MJ,,,,R292_PR_lung_POL.czi,,CELL_R292_PR_lung_POL.czi,Historical drive ingest 2026 (drive3_MJesus-MFB); project / researcher / operator / subject decided per file before ingest (tasks/drive3_czi_gate.md). Claim: CONFIRMED; shares its acquisition second with 1 other file(s): the pixel check found no copy relation (another scene of the acquisition).,7f0be1f89b5c9beaa81d7bc93179e102e57a13628079eb9001b52677f9fb975c,CONFIRMED,CELL|2021-06-23T10:43:46,2
drive3_MJesus-MFB/Microscopio/Microscopio- MJesus Sanchez 2023/Male Diets/2DG Male 0619/5- 2DG Male 0619- PR/Lung/R293_PR_lung.czi,AE-biomaGUNE-0619,MJ,,,,R293_PR_lung.czi,,CELL_R293_PR_lung.czi,Historical drive ingest 2026 (drive3_MJesus-MFB); project / researcher / operator / subject decided per file before ingest (tasks/drive3_czi_gate.md). Claim: CONFIRMED; shares its acquisition second with 1 other file(s): the pixel check found no copy relation (another scene of the acquisition).,6e11f54e5b724626034f60226327a40f34ed5914433bd035609cb8cccdcb0c2d,CONFIRMED,CELL|2021-06-23T11:02:41,2
drive3_MJesus-MFB/Microscopio/Microscopio- MJesus Sanchez 2023/Male Diets/2DG Male 0619/5- 2DG Male 0619- PR/Lung/R293_PR_lung_POL.czi,AE-biomaGUNE-0619,MJ,,,,R293_PR_lung_POL.czi,,CELL_R293_PR_lung_POL.czi,Historical drive ingest 2026 (drive3_MJesus-MFB); project / researcher / operator / subject decided per file before ingest (tasks/drive3_czi_gate.md). Claim: CONFIRMED; shares its acquisition second with 1 other file(s): the pixel check found no copy relation (another scene of the acquisition).,3210abc894fbfc656e5128a181c1b9664cf4481061695c5bcf6c3f70ed300d2e,CONFIRMED,CELL|2021-06-23T11:10:15,2
drive3_MJesus-MFB/Microscopio/Microscopio- MJesus Sanchez 2023/Male Diets/2DG Male 0619/5- 2DG Male 0619- PR/Lung/R294_PR_lung.czi,AE-biomaGUNE-0619,MJ,,,,R294_PR_lung.czi,,CELL_R294_PR_lung.czi,Historical drive ingest 2026 (drive3_MJesus-MFB); project / researcher / operator / subject decided per file before ingest (tasks/drive3_czi_gate.md). Claim: CONFIRMED; shares its acquisition second with 1 other file(s): the pixel check found no copy relation (another scene of the acquisition).,7d7fd7effb3a223a44ab05288e4f7efe9155ada14a93dcb17563c7a4d712fd2b,CONFIRMED,CELL|2021-06-21T07:41:10,2
drive3_MJesus-MFB/Microscopio/Microscopio- MJesus Sanchez 2023/Male Diets/2DG Male 0619/5- 2DG Male 0619- PR/Lung/R294_PR_lungPOL.czi,AE-biomaGUNE-0619,MJ,,,,R294_PR_lungPOL.czi,,CELL_R294_PR_lungPOL.czi,Historical drive ingest 2026 (drive3_MJesus-MFB); project / researcher / operator / subject decided per file before ingest (tasks/drive3_czi_gate.md). Claim: CONFIRMED; shares its acquisition second with 1 other file(s): the pixel check found no copy relation (another scene of the acquisition).,b846406003e4f28acfa75edf9b75a8d33505f9899664e1ac477c5f395e033864,CONFIRMED,CELL|2021-06-21T07:49:18,2
drive3_MJesus-MFB/Microscopio/Microscopio- MJesus Sanchez 2023/Male Diets/2DG Male 0619/5- 2DG Male 0619- PR/Lung/R295_PR_lung.czi,AE-biomaGUNE-0619,MJ,,,,R295_PR_lung.czi,,CELL_R295_PR_lung.czi,Historical drive ingest 2026 (drive3_MJesus-MFB); project / researcher / operator / subject decided per file before ingest (tasks/drive3_czi_gate.md). Claim: CONFIRMED; shares its acquisition second with 1 other file(s): the pixel check found no copy relation (another scene of the acquisition).,fb7a55aec261d97e996c9abca1f1aae0277710e640c4ddc4845319ea1dff61cb,CONFIRMED,CELL|2021-06-21T08:09:40,2
drive3_MJesus-MFB/Microscopio/Microscopio- MJesus Sanchez 2023/Male Diets/2DG Male 0619/5- 2DG Male 0619- PR/Lung/R295_PR_lungPOL.czi,AE-biomaGUNE-0619,MJ,,,,R295_PR_lungPOL.czi,,CELL_R295_PR_lungPOL.czi,Historical drive ingest 2026 (drive3_MJesus-MFB); project / researcher / operator / subject decided per file before ingest (tasks/drive3_czi_gate.md). Claim: CONFIRMED; shares its acquisition second with 1 other file(s): the pixel check found no copy relation (another scene of the acquisition).,dedf70c7862ab8ae3b15f83a996b856d038a828a60b8c16782612c0f2c731c8f,CONFIRMED,CELL|2021-06-21T08:31:48,2
drive3_MJesus-MFB/Microscopio/Microscopio- MJesus Sanchez 2023/Male Diets/2DG Male 0619/5- 2DG Male 0619- PR/Lung/R296_PR_lung.czi,AE-biomaGUNE-0619,MJ,,,,R296_PR_lung.czi,,CELL_R296_PR_lung.czi,Historical drive ingest 2026 (drive3_MJesus-MFB); project / researcher / operator / subject decided per file before ingest (tasks/drive3_czi_gate.md). Claim: CONFIRMED; shares its acquisition second with 1 other file(s): the pixel check found no copy relation (another scene of the acquisition).,9090332b767406f9e966d98d23119d7d0014f5aae260106fcbf2ecd8bd876503,CONFIRMED,CELL|2021-06-21T08:48:56,2
drive3_MJesus-MFB/Microscopio/Microscopio- MJesus Sanchez 2023/Male Diets/2DG Male 0619/5- 2DG Male 0619- PR/Lung/R296_PR_lungPOL.czi,AE-biomaGUNE-0619,MJ,,,,R296_PR_lungPOL.czi,,CELL_R296_PR_lungPOL.czi,Historical drive ingest 2026 (drive3_MJesus-MFB); project / researcher / operator / subject decided per file before ingest (tasks/drive3_czi_gate.md). Claim: CONFIRMED; shares its acquisition second with 1 other file(s): the pixel check found no copy relation (another scene of the acquisition).,7241e5129273a811850e25e7122f7c2cbcd4c69834a61d35eb29db01a990069a,CONFIRMED,CELL|2021-06-21T08:55:38,2
drive3_MJesus-MFB/Microscopio/Microscopio- MJesus Sanchez 2023/Male Diets/2DG Male 0619/5- 2DG Male 0619- PR/Lung/R297_PR_lung.czi,AE-biomaGUNE-0619,MJ,,,,R297_PR_lung.czi,,CELL_R297_PR_lung.czi,Historical drive ingest 2026 (drive3_MJesus-MFB); project / researcher / operator / subject decided per file before ingest (tasks/drive3_czi_gate.md). Claim: CONFIRMED; shares its acquisition second with 1 other file(s): the pixel check found no copy relation (another scene of the acquisition).,c3598323dce2bbf825574b8d6b05e6194aa5080861d67a81e71453a94ec67364,CONFIRMED,CELL|2021-06-21T09:21:35,2
drive3_MJesus-MFB/Microscopio/Microscopio- MJesus Sanchez 2023/Male Diets/2DG Male 0619/5- 2DG Male 0619- PR/Lung/R297_PR_lungPOL.czi,AE-biomaGUNE-0619,MJ,,,,R297_PR_lungPOL.czi,,CELL_R297_PR_lungPOL.czi,Historical drive ingest 2026 (drive3_MJesus-MFB); project / researcher / operator / subject decided per file before ingest (tasks/drive3_czi_gate.md). Claim: CONFIRMED; shares its acquisition second with 1 other file(s): the pixel check found no copy relation (another scene of the acquisition).,435ffb960903c33eb7c30b28788f3e02774a0f11d6ab61093371ac005795f2a3,CONFIRMED,CELL|2021-06-21T09:27:54,2
drive3_MJesus-MFB/Microscopio/Microscopio- MJesus Sanchez 2023/Male Diets/Elastic male diets/Male with 2DG/Elastic-0619-ID139-20x-1.czi,AE-biomaGUNE-0619,MJ,,0619,139,Elastic-0619-ID139-20x-1.czi,tissue,CELL_Elastic-0619-ID139-20x-1.czi,Historical drive ingest 2026 (drive3_MJesus-MFB); project / researcher / operator / subject decided per file before ingest (tasks/drive3_czi_gate.md). Claim: CONFIRMED.,24aca9911bfd16e5622af07ddd576b76e41712b7a46237fe5070b133da0a8c24,CONFIRMED,,
drive3_MJesus-MFB/Microscopio/Microscopio- MJesus Sanchez 2023/Male Diets/Elastic male diets/Male with 2DG/Elastic-0619-ID139-20x-2.czi,AE-biomaGUNE-0619,MJ,,0619,139,Elastic-0619-ID139-20x-2.czi,tissue,CELL_Elastic-0619-ID139-20x-2.czi,Historical drive ingest 2026 (drive3_MJesus-MFB); project / researcher / operator / subject decided per file before ingest (tasks/drive3_czi_gate.md). Claim: CONFIRMED.,4a2f62d5d585a89ed26c60c82c85b84e43dd33ad277536f1edec2beea7b42e16,CONFIRMED,,
drive3_MJesus-MFB/Microscopio/Microscopio- MJesus Sanchez 2023/Male Diets/Elastic male diets/Male with 2DG/Elastic-0619-ID139-20x-3.czi,AE-biomaGUNE-0619,MJ,,0619,139,Elastic-0619-ID139-20x-3.czi,tissue,CELL_Elastic-0619-ID139-20x-3.czi,Historical drive ingest 2026 (drive3_MJesus-MFB); project / researcher / operator / subject decided per file before ingest (tasks/drive3_czi_gate.md). Claim: CONFIRMED.,bfad736fae89b93d391164e77907722d2619dd2fa0564b995816b7f7664fbc85,CONFIRMED,,
drive3_MJesus-MFB/Microscopio/Microscopio- MJesus Sanchez 2023/Male Diets/Elastic male diets/Male with 2DG/Elastic-0619-ID139-20x-4.czi,AE-biomaGUNE-0619,MJ,,0619,139,Elastic-0619-ID139-20x-4.czi,tissue,CELL_Elastic-0619-ID139-20x-4.czi,Historical drive ingest 2026 (drive3_MJesus-MFB); project / researcher / operator / subject decided per file before ingest (tasks/drive3_czi_gate.md). Claim: CONFIRMED.,ddad4b65447064a1ca659099861813d2ce6735d5c0dc7a6d3e51f754117e69ee,CONFIRMED,,
drive3_MJesus-MFB/Microscopio/Microscopio- MJesus Sanchez 2023/Male Diets/Elastic male diets/Male with 2DG/Elastic-0619-ID139-20x-5.czi,AE-biomaGUNE-0619,MJ,,0619,139,Elastic-0619-ID139-20x-5.czi,tissue,CELL_Elastic-0619-ID139-20x-5.czi,Historical drive ingest 2026 (drive3_MJesus-MFB); project / researcher / operator / subject decided per file before ingest (tasks/drive3_czi_gate.md). Claim: CONFIRMED.,1d3c2cf618c7b0d7332bf26fee2f40a72df037c08a48901bc8270b6e0ddd3559,CONFIRMED,,
drive3_MJesus-MFB/Microscopio/Microscopio- MJesus Sanchez 2023/Male Diets/Elastic male diets/Male with 2DG/Elastic-0619-ID139-20x-6.czi,AE-biomaGUNE-0619,MJ,,0619,139,Elastic-0619-ID139-20x-6.czi,tissue,CELL_Elastic-0619-ID139-20x-6.czi,Historical drive ingest 2026 (drive3_MJesus-MFB); project / researcher / operator / subject decided per file before ingest (tasks/drive3_czi_gate.md). Claim: CONFIRMED.,65b148650382e016757717eac70874a289289f8ab181eb0b4c6eba22a2ff8627,CONFIRMED,,
drive3_MJesus-MFB/Microscopio/Microscopio- MJesus Sanchez 2023/Male Diets/Elastic male diets/Male with 2DG/Elastic-0619-ID139-20x-7.czi,AE-biomaGUNE-0619,MJ,,0619,139,Elastic-0619-ID139-20x-7.czi,tissue,CELL_Elastic-0619-ID139-20x-7.czi,Historical drive ingest 2026 (drive3_MJesus-MFB); project / researcher / operator / subject decided per file before ingest (tasks/drive3_czi_gate.md). Claim: CONFIRMED.,a913fd375c01adc9134b89c11ca754b6e2d8e354ac4385cc4f03f3e2b8b1d038,CONFIRMED,,
drive3_MJesus-MFB/Microscopio/Microscopio- MJesus Sanchez 2023/Male Diets/Elastic male diets/Male with 2DG/Elastic-0619-ID139-20x-8.czi,AE-biomaGUNE-0619,MJ,,0619,139,Elastic-0619-ID139-20x-8.czi,tissue,CELL_Elastic-0619-ID139-20x-8.czi,Historical drive ingest 2026 (drive3_MJesus-MFB); project / researcher / operator / subject decided per file before ingest (tasks/drive3_czi_gate.md). Claim: CONFIRMED.,383a30359c06bd7aa8babcc4437c8659cc80cfd340778f29ea99d739f32db0f9,CONFIRMED,,
drive3_MJesus-MFB/Microscopio/Microscopio- MJesus Sanchez 2023/Male Diets/Elastic male diets/Male with 2DG/Elastic-0619-ID140-20x-1.czi,AE-biomaGUNE-0619,MJ,,0619,140,Elastic-0619-ID140-20x-1.czi,tissue,CELL_Elastic-0619-ID140-20x-1.czi,Historical drive ingest 2026 (drive3_MJesus-MFB); project / researcher / operator / subject decided per file before ingest (tasks/drive3_czi_gate.md). Claim: CONFIRMED.,a08a0e28d2cbcfc7649dd6c628b754dfa83bc0f35ef44cdc474bef6062604a1d,CONFIRMED,,
drive3_MJesus-MFB/Microscopio/Microscopio- MJesus Sanchez 2023/Male Diets/Elastic male diets/Male with 2DG/Elastic-0619-ID140-20x-2.czi,AE-biomaGUNE-0619,MJ,,0619,140,Elastic-0619-ID140-20x-2.czi,tissue,CELL_Elastic-0619-ID140-20x-2.czi,Historical drive ingest 2026 (drive3_MJesus-MFB); project / researcher / operator / subject decided per file before ingest (tasks/drive3_czi_gate.md). Claim: CONFIRMED.,582abe3b01fa697067ea8b0ae31fe440268f4abcad82a21f251a941d1313f7dc,CONFIRMED,,
drive3_MJesus-MFB/Microscopio/Microscopio- MJesus Sanchez 2023/Male Diets/Elastic male diets/Male with 2DG/Elastic-0619-ID140-20x-3.czi,AE-biomaGUNE-0619,MJ,,0619,140,Elastic-0619-ID140-20x-3.czi,tissue,CELL_Elastic-0619-ID140-20x-3.czi,Historical drive ingest 2026 (drive3_MJesus-MFB); project / researcher / operator / subject decided per file before ingest (tasks/drive3_czi_gate.md). Claim: CONFIRMED.,59a287a6c160fca1c42142327d4b1b5cc908a71bc753f7012d980c4affb1fda7,CONFIRMED,,
drive3_MJesus-MFB/Microscopio/Microscopio- MJesus Sanchez 2023/Male Diets/Elastic male diets/Male with 2DG/Elastic-0619-ID140-20x-4.czi,AE-biomaGUNE-0619,MJ,,0619,140,Elastic-0619-ID140-20x-4.czi,tissue,CELL_Elastic-0619-ID140-20x-4.czi,Historical drive ingest 2026 (drive3_MJesus-MFB); project / researcher / operator / subject decided per file before ingest (tasks/drive3_czi_gate.md). Claim: CONFIRMED.,4250c60f15ed9a16bcf03dc0c4197b5098df5081db0d511eaf279e0c0ad052ec,CONFIRMED,,
drive3_MJesus-MFB/Microscopio/Microscopio- MJesus Sanchez 2023/Male Diets/Elastic male diets/Male with 2DG/Elastic-0619-ID140-20x-5.czi,AE-biomaGUNE-0619,MJ,,0619,140,Elastic-0619-ID140-20x-5.czi,tissue,CELL_Elastic-0619-ID140-20x-5.czi,Historical drive ingest 2026 (drive3_MJesus-MFB); project / researcher / operator / subject decided per file before ingest (tasks/drive3_czi_gate.md). Claim: CONFIRMED.,938aaa37c921713e366eecc2a9fbbf5ffb348c3dc4f668b8c3ea1b6b71f314d1,CONFIRMED,,
drive3_MJesus-MFB/Microscopio/Microscopio- MJesus Sanchez 2023/Male Diets/Elastic male diets/Male with 2DG/Elastic-0619-ID140-20x-6.czi,AE-biomaGUNE-0619,MJ,,0619,140,Elastic-0619-ID140-20x-6.czi,tissue,CELL_Elastic-0619-ID140-20x-6.czi,Historical drive ingest 2026 (drive3_MJesus-MFB); project / researcher / operator / subject decided per file before ingest (tasks/drive3_czi_gate.md). Claim: CONFIRMED.,f6c328ef4de3af450acb6baf1e9f7640ce4baab4dcff4b2ea19eb9c41be2c4a5,CONFIRMED,,
drive3_MJesus-MFB/Microscopio/Microscopio- MJesus Sanchez 2023/Male Diets/Elastic male diets/Male with 2DG/Elastic-0619-ID140-20x-7.czi,AE-biomaGUNE-0619,MJ,,0619,140,Elastic-0619-ID140-20x-7.czi,tissue,CELL_Elastic-0619-ID140-20x-7.czi,Historical drive ingest 2026 (drive3_MJesus-MFB); project / researcher / operator / subject decided per file before ingest (tasks/drive3_czi_gate.md). Claim: CONFIRMED.,daca8b79dc66ac9f28ceed3420d75bd36ed2101955018f6abeb458d69fdec309,CONFIRMED,,
drive3_MJesus-MFB/Microscopio/Microscopio- MJesus Sanchez 2023/Male Diets/Elastic male diets/Male with 2DG/Elastic-0619-ID140-20x-8.czi,AE-biomaGUNE-0619,MJ,,0619,140,Elastic-0619-ID140-20x-8.czi,tissue,CELL_Elastic-0619-ID140-20x-8.czi,Historical drive ingest 2026 (drive3_MJesus-MFB); project / researcher / operator / subject decided per file before ingest (tasks/drive3_czi_gate.md). Claim: CONFIRMED.,33b554524e8535a5b6521da59883adb708f7dc5b1477b579c3ad5ace088ccac4,CONFIRMED,,
drive3_MJesus-MFB/Microscopio/Microscopio- MJesus Sanchez 2023/Male Diets/Elastic male diets/Male with 2DG/Elastic-0619-ID140-20x-9.czi,AE-biomaGUNE-0619,MJ,,0619,140,Elastic-0619-ID140-20x-9.czi,tissue,CELL_Elastic-0619-ID140-20x-9.czi,Historical drive ingest 2026 (drive3_MJesus-MFB); project / researcher / operator / subject decided per file before ingest (tasks/drive3_czi_gate.md). Claim: CONFIRMED.,5ad3eec5393fab72e4878c040430de9c04e0cc215b79c43864617a557aef32da,CONFIRMED,,
drive3_MJesus-MFB/Microscopio/Microscopio- MJesus Sanchez 2023/Male Diets/Elastic male diets/Male with 2DG/Elastic-0619-ID141-20x-1.czi,AE-biomaGUNE-0619,MJ,,0619,141,Elastic-0619-ID141-20x-1.czi,tissue,CELL_Elastic-0619-ID141-20x-1.czi,Historical drive ingest 2026 (drive3_MJesus-MFB); project / researcher / operator / subject decided per file before ingest (tasks/drive3_czi_gate.md). Claim: CONFIRMED.,153cd96d28a68fd692322eb85ce4e9f0162d6a220054f0e365db275757cb8732,CONFIRMED,,
drive3_MJesus-MFB/Microscopio/Microscopio- MJesus Sanchez 2023/Male Diets/Elastic male diets/Male with 2DG/Elastic-0619-ID141-20x-2.czi,AE-biomaGUNE-0619,MJ,,0619,141,Elastic-0619-ID141-20x-2.czi,tissue,CELL_Elastic-0619-ID141-20x-2.czi,Historical drive ingest 2026 (drive3_MJesus-MFB); project / researcher / operator / subject decided per file before ingest (tasks/drive3_czi_gate.md). Claim: CONFIRMED.,0484dce29d47d92b8a4f1b3f617918bda78dca555b6a09f2a7b408df23329c28,CONFIRMED,,
drive3_MJesus-MFB/Microscopio/Microscopio- MJesus Sanchez 2023/Male Diets/Elastic male diets/Male with 2DG/Elastic-0619-ID141-20x-3.czi,AE-biomaGUNE-0619,MJ,,0619,141,Elastic-0619-ID141-20x-3.czi,tissue,CELL_Elastic-0619-ID141-20x-3.czi,Historical drive ingest 2026 (drive3_MJesus-MFB); project / researcher / operator / subject decided per file before ingest (tasks/drive3_czi_gate.md). Claim: CONFIRMED.,22d4a6b7cb655976745392e0a38dbe9b533d21a95c18d5fe30ed480ace60b84b,CONFIRMED,,
drive3_MJesus-MFB/Microscopio/Microscopio- MJesus Sanchez 2023/Male Diets/Elastic male diets/Male with 2DG/Elastic-0619-ID141-20x-4.czi,AE-biomaGUNE-0619,MJ,,0619,141,Elastic-0619-ID141-20x-4.czi,tissue,CELL_Elastic-0619-ID141-20x-4.czi,Historical drive ingest 2026 (drive3_MJesus-MFB); project / researcher / operator / subject decided per file before ingest (tasks/drive3_czi_gate.md). Claim: CONFIRMED.,85ecb3de7422c041ff0f474e58ac62eb0ea50b53712a4d803dd76602dc86fc49,CONFIRMED,,
drive3_MJesus-MFB/Microscopio/Microscopio- MJesus Sanchez 2023/Male Diets/Elastic male diets/Male with 2DG/Elastic-0619-ID141-20x-5.czi,AE-biomaGUNE-0619,MJ,,0619,141,Elastic-0619-ID141-20x-5.czi,tissue,CELL_Elastic-0619-ID141-20x-5.czi,Historical drive ingest 2026 (drive3_MJesus-MFB); project / researcher / operator / subject decided per file before ingest (tasks/drive3_czi_gate.md). Claim: CONFIRMED.,555d0c9b536228453954535b643632ab7e1057b352041d38a97ef25382ecd1b6,CONFIRMED,,
drive3_MJesus-MFB/Microscopio/Microscopio- MJesus Sanchez 2023/Male Diets/Elastic male diets/Male with 2DG/Elastic-0619-ID141-20x-6.czi,AE-biomaGUNE-0619,MJ,,0619,141,Elastic-0619-ID141-20x-6.czi,tissue,CELL_Elastic-0619-ID141-20x-6.czi,Historical drive ingest 2026 (drive3_MJesus-MFB); project / researcher / operator / subject decided per file before ingest (tasks/drive3_czi_gate.md). Claim: CONFIRMED.,5125f8c7bdee3663962d607c20981e68ae03a3689c14398f4f0d75714e7781a7,CONFIRMED,,
drive3_MJesus-MFB/Microscopio/Microscopio- MJesus Sanchez 2023/Male Diets/Elastic male diets/Male with 2DG/Elastic-0619-ID141-20x-7.czi,AE-biomaGUNE-0619,MJ,,0619,141,Elastic-0619-ID141-20x-7.czi,tissue,CELL_Elastic-0619-ID141-20x-7.czi,Historical drive ingest 2026 (drive3_MJesus-MFB); project / researcher / operator / subject decided per file before ingest (tasks/drive3_czi_gate.md). Claim: CONFIRMED.,d9f2973859482f5e15099dfa1df8389f31761353049c8bb4e0ef4aa7b89134ec,CONFIRMED,,
drive3_MJesus-MFB/Microscopio/Microscopio- MJesus Sanchez 2023/Male Diets/Elastic male diets/Male with 2DG/Elastic-0619-ID141-20x-8.czi,AE-biomaGUNE-0619,MJ,,0619,141,Elastic-0619-ID141-20x-8.czi,tissue,CELL_Elastic-0619-ID141-20x-8.czi,Historical drive ingest 2026 (drive3_MJesus-MFB); project / researcher / operator / subject decided per file before ingest (tasks/drive3_czi_gate.md). Claim: CONFIRMED.,7db83737afb22591105ad84f9db9598e85515f5cf94fdb350537608e1ad48455,CONFIRMED,,
drive3_MJesus-MFB/Microscopio/Microscopio- MJesus Sanchez 2023/Male Diets/Elastic male diets/Male with 2DG/Elastic-0619-ID141-20x-9.czi,AE-biomaGUNE-0619,MJ,,0619,141,Elastic-0619-ID141-20x-9.czi,tissue,CELL_Elastic-0619-ID141-20x-9.czi,Historical drive ingest 2026 (drive3_MJesus-MFB); project / researcher / operator / subject decided per file before ingest (tasks/drive3_czi_gate.md). Claim: CONFIRMED.,283cd695e3ecb43873d8ef85293e10b238c60fcccbfeb0c4b57cafa1957726df,CONFIRMED,,
drive3_MJesus-MFB/Microscopio/Microscopio- MJesus Sanchez 2023/Male Diets/Elastic male diets/Male with 2DG/Elastic-0619-ID142-20x-1.czi,AE-biomaGUNE-0619,MJ,,0619,142,Elastic-0619-ID142-20x-1.czi,tissue,CELL_Elastic-0619-ID142-20x-1.czi,Historical drive ingest 2026 (drive3_MJesus-MFB); project / researcher / operator / subject decided per file before ingest (tasks/drive3_czi_gate.md). Claim: CONFIRMED.,c7457d28a0ffc25e19e2dd77993c639df245c40cf7430eb0043dae89cd0d8510,CONFIRMED,,
drive3_MJesus-MFB/Microscopio/Microscopio- MJesus Sanchez 2023/Male Diets/Elastic male diets/Male with 2DG/Elastic-0619-ID142-20x-2.czi,AE-biomaGUNE-0619,MJ,,0619,142,Elastic-0619-ID142-20x-2.czi,tissue,CELL_Elastic-0619-ID142-20x-2.czi,Historical drive ingest 2026 (drive3_MJesus-MFB); project / researcher / operator / subject decided per file before ingest (tasks/drive3_czi_gate.md). Claim: CONFIRMED.,c8904192cf7469da49605c6ee8531c23cc9976e33fd06e65f5d8307c3e2a10f9,CONFIRMED,,
drive3_MJesus-MFB/Microscopio/Microscopio- MJesus Sanchez 2023/Male Diets/Elastic male diets/Male with 2DG/Elastic-0619-ID142-20x-3.czi,AE-biomaGUNE-0619,MJ,,0619,142,Elastic-0619-ID142-20x-3.czi,tissue,CELL_Elastic-0619-ID142-20x-3.czi,Historical drive ingest 2026 (drive3_MJesus-MFB); project / researcher / operator / subject decided per file before ingest (tasks/drive3_czi_gate.md). Claim: CONFIRMED.,4defac8b94b608683151fd04bd463f7d7830dc6fb148923b3ea8cd2ddaf7299d,CONFIRMED,,
drive3_MJesus-MFB/Microscopio/Microscopio- MJesus Sanchez 2023/Male Diets/Elastic male diets/Male with 2DG/Elastic-0619-ID142-20x-4.czi,AE-biomaGUNE-0619,MJ,,0619,142,Elastic-0619-ID142-20x-4.czi,tissue,CELL_Elastic-0619-ID142-20x-4.czi,Historical drive ingest 2026 (drive3_MJesus-MFB); project / researcher / operator / subject decided per file before ingest (tasks/drive3_czi_gate.md). Claim: CONFIRMED.,0ebf02536b102c851f8342835d02c07ba56b8405f0bc8454c169802a19c8e54e,CONFIRMED,,
drive3_MJesus-MFB/Microscopio/Microscopio- MJesus Sanchez 2023/Male Diets/Elastic male diets/Male with 2DG/Elastic-0619-ID142-20x-5.czi,AE-biomaGUNE-0619,MJ,,0619,142,Elastic-0619-ID142-20x-5.czi,tissue,CELL_Elastic-0619-ID142-20x-5.czi,Historical drive ingest 2026 (drive3_MJesus-MFB); project / researcher / operator / subject decided per file before ingest (tasks/drive3_czi_gate.md). Claim: CONFIRMED.,8d16b7fedafe52491ddd315d7c83b27f673bc6671911dcba3da9c895b52d5e4a,CONFIRMED,,
drive3_MJesus-MFB/Microscopio/Microscopio- MJesus Sanchez 2023/Male Diets/Elastic male diets/Male with 2DG/Elastic-0619-ID143-20x-1.czi,AE-biomaGUNE-0619,MJ,,0619,143,Elastic-0619-ID143-20x-1.czi,tissue,CELL_Elastic-0619-ID143-20x-1.czi,Historical drive ingest 2026 (drive3_MJesus-MFB); project / researcher / operator / subject decided per file before ingest (tasks/drive3_czi_gate.md). Claim: CONFIRMED.,8157e22e4fd076701dbb57ad8209c19b4e2f32b0c08a7276d89126f1926fec57,CONFIRMED,,
drive3_MJesus-MFB/Microscopio/Microscopio- MJesus Sanchez 2023/Male Diets/Elastic male diets/Male with 2DG/Elastic-0619-ID143-20x-2.czi,AE-biomaGUNE-0619,MJ,,0619,143,Elastic-0619-ID143-20x-2.czi,tissue,CELL_Elastic-0619-ID143-20x-2.czi,Historical drive ingest 2026 (drive3_MJesus-MFB); project / researcher / operator / subject decided per file before ingest (tasks/drive3_czi_gate.md). Claim: CONFIRMED.,dcb5868ad456c781632fa28448c53b3b7231ce5417e29a668bcaab46cbc32d00,CONFIRMED,,
drive3_MJesus-MFB/Microscopio/Microscopio- MJesus Sanchez 2023/Male Diets/Elastic male diets/Male with 2DG/Elastic-0619-ID143-20x-3.czi,AE-biomaGUNE-0619,MJ,,0619,143,Elastic-0619-ID143-20x-3.czi,tissue,CELL_Elastic-0619-ID143-20x-3.czi,Historical drive ingest 2026 (drive3_MJesus-MFB); project / researcher / operator / subject decided per file before ingest (tasks/drive3_czi_gate.md). Claim: CONFIRMED.,6ce71d10745745b41c613148e31c13db3a8545d0b97dc9d9c46db1627c15e2a3,CONFIRMED,,
drive3_MJesus-MFB/Microscopio/Microscopio- MJesus Sanchez 2023/Male Diets/Elastic male diets/Male with 2DG/Elastic-0619-ID143-20x-4.czi,AE-biomaGUNE-0619,MJ,,0619,143,Elastic-0619-ID143-20x-4.czi,tissue,CELL_Elastic-0619-ID143-20x-4.czi,Historical drive ingest 2026 (drive3_MJesus-MFB); project / researcher / operator / subject decided per file before ingest (tasks/drive3_czi_gate.md). Claim: CONFIRMED.,06d120857ea1524873413dced771cbe91729afb544db87d99668c3bb1e6f783b,CONFIRMED,,
drive3_MJesus-MFB/Microscopio/Microscopio- MJesus Sanchez 2023/Male Diets/Elastic male diets/Male with 2DG/Elastic-0619-ID143-20x-5.czi,AE-biomaGUNE-0619,MJ,,0619,143,Elastic-0619-ID143-20x-5.czi,tissue,CELL_Elastic-0619-ID143-20x-5.czi,Historical drive ingest 2026 (drive3_MJesus-MFB); project / researcher / operator / subject decided per file before ingest (tasks/drive3_czi_gate.md). Claim: CONFIRMED.,eaaead36322ba8204244986c3ba28a092ec3076e1f89e358453d35de88f4aee0,CONFIRMED,,
drive3_MJesus-MFB/Microscopio/Microscopio- MJesus Sanchez 2023/Male Diets/Elastic male diets/Male with 2DG/Elastic-0619-ID143-20x-6.czi,AE-biomaGUNE-0619,MJ,,0619,143,Elastic-0619-ID143-20x-6.czi,tissue,CELL_Elastic-0619-ID143-20x-6.czi,Historical drive ingest 2026 (drive3_MJesus-MFB); project / researcher / operator / subject decided per file before ingest (tasks/drive3_czi_gate.md). Claim: CONFIRMED.,a80a25812442fac178ec9c8a13f7eb8d5786caf88015118906710bcf7f6f180d,CONFIRMED,,
drive3_MJesus-MFB/Microscopio/Microscopio- MJesus Sanchez 2023/Male Diets/Elastic male diets/Male with 2DG/Elastic-0619-ID143-20x-7.czi,AE-biomaGUNE-0619,MJ,,0619,143,Elastic-0619-ID143-20x-7.czi,tissue,CELL_Elastic-0619-ID143-20x-7.czi,Historical drive ingest 2026 (drive3_MJesus-MFB); project / researcher / operator / subject decided per file before ingest (tasks/drive3_czi_gate.md). Claim: CONFIRMED.,d7501debc9d274fd1e3c4cd1af244bbe2065a6a1dcd333fa2a652d78cbbac5ac,CONFIRMED,,
drive3_MJesus-MFB/Microscopio/Microscopio- MJesus Sanchez 2023/Male Diets/Elastic male diets/Male with 2DG/Elastic-0619-ID143-20x-8.czi,AE-biomaGUNE-0619,MJ,,0619,143,Elastic-0619-ID143-20x-8.czi,tissue,CELL_Elastic-0619-ID143-20x-8.czi,Historical drive ingest 2026 (drive3_MJesus-MFB); project / researcher / operator / subject decided per file before ingest (tasks/drive3_czi_gate.md). Claim: CONFIRMED.,517cbd20a4d0c231e06a130e6ab46afbaeba7a233b74f4749b41316fd2315f87,CONFIRMED,,
drive3_MJesus-MFB/Microscopio/Microscopio- MJesus Sanchez 2023/Male Diets/Elastic male diets/Male with 2DG/Elastic-0619-ID143-20x-9.czi,AE-biomaGUNE-0619,MJ,,0619,143,Elastic-0619-ID143-20x-9.czi,tissue,CELL_Elastic-0619-ID143-20x-9.czi,Historical drive ingest 2026 (drive3_MJesus-MFB); project / researcher / operator / subject decided per file before ingest (tasks/drive3_czi_gate.md). Claim: CONFIRMED.,0251832f25beb4965909b21f1bcc2c1c3c2e332d43ace4920440fdde841d4ba6,CONFIRMED,,
drive3_MJesus-MFB/Microscopio/Microscopio- MJesus Sanchez 2023/Male Diets/Elastic male diets/Male with 2DG/Elastic-0619-ID144-20x-1.czi,AE-biomaGUNE-0619,MJ,,0619,144,Elastic-0619-ID144-20x-1.czi,tissue,CELL_Elastic-0619-ID144-20x-1.czi,Historical drive ingest 2026 (drive3_MJesus-MFB); project / researcher / operator / subject decided per file before ingest (tasks/drive3_czi_gate.md). Claim: CONFIRMED.,1be6f29e4441bcc7b087e3fa75d08f6f30bf82ed72a15671e5cbfeb4a46adba8,CONFIRMED,,
drive3_MJesus-MFB/Microscopio/Microscopio- MJesus Sanchez 2023/Male Diets/Elastic male diets/Male with 2DG/Elastic-0619-ID144-20x-2.czi,AE-biomaGUNE-0619,MJ,,0619,144,Elastic-0619-ID144-20x-2.czi,tissue,CELL_Elastic-0619-ID144-20x-2.czi,Historical drive ingest 2026 (drive3_MJesus-MFB); project / researcher / operator / subject decided per file before ingest (tasks/drive3_czi_gate.md). Claim: CONFIRMED.,f7e219a00ea71d7a940378eecd0641ddec772c0b571d5b2434f640409f73a802,CONFIRMED,,
drive3_MJesus-MFB/Microscopio/Microscopio- MJesus Sanchez 2023/Male Diets/Elastic male diets/Male with 2DG/Elastic-0619-ID144-20x-3.czi,AE-biomaGUNE-0619,MJ,,0619,144,Elastic-0619-ID144-20x-3.czi,tissue,CELL_Elastic-0619-ID144-20x-3.czi,Historical drive ingest 2026 (drive3_MJesus-MFB); project / researcher / operator / subject decided per file before ingest (tasks/drive3_czi_gate.md). Claim: CONFIRMED.,995e7c4daaf632bf7cc4bf19bc648ea7b2b35554b41dc55466ecd169c6cabac6,CONFIRMED,,
drive3_MJesus-MFB/Microscopio/Microscopio- MJesus Sanchez 2023/Male Diets/Elastic male diets/Male with 2DG/Elastic-0619-ID144-20x-4.czi,AE-biomaGUNE-0619,MJ,,0619,144,Elastic-0619-ID144-20x-4.czi,tissue,CELL_Elastic-0619-ID144-20x-4.czi,Historical drive ingest 2026 (drive3_MJesus-MFB); project / researcher / operator / subject decided per file before ingest (tasks/drive3_czi_gate.md). Claim: CONFIRMED.,683a72447bbc73fb392d6b7341c3a8e4f5bf22409bd0b05ac5ef02950251f13e,CONFIRMED,,
drive3_MJesus-MFB/Microscopio/Microscopio- MJesus Sanchez 2023/Male Diets/Elastic male diets/Male with 2DG/Elastic-0619-ID144-20x-5.czi,AE-biomaGUNE-0619,MJ,,0619,144,Elastic-0619-ID144-20x-5.czi,tissue,CELL_Elastic-0619-ID144-20x-5.czi,Historical drive ingest 2026 (drive3_MJesus-MFB); project / researcher / operator / subject decided per file before ingest (tasks/drive3_czi_gate.md). Claim: CONFIRMED.,acd58afb49903d0001fe7c1718515227f428726c38dc8f52b3ba49ebc48b63cc,CONFIRMED,,
drive3_MJesus-MFB/Pili y Mili/Proyecto 1019 Envejecimiento y dieta/Procedimiento 2/Histologia/Irati_HE40xCorazon/131-1_HE10x.czi,AE-biomaGUNE-1019,,,,,131-1_HE10x.czi,,CELL_131-1_HE10x.czi,Historical drive ingest 2026 (drive3_MJesus-MFB); project / researcher / operator / subject decided per file before ingest (tasks/drive3_czi_gate.md). Claim: CONFIRMED.,fb2af3e8e26467744c354ec647f348693e27cb1b7271ca67b2fbe1d40526719a,CONFIRMED,,
drive3_MJesus-MFB/Pili y Mili/Proyecto 1019 Envejecimiento y dieta/Procedimiento 2/Histologia/Irati_HE40xCorazon/131-1_HE10x_LV1.czi,AE-biomaGUNE-1019,,,,,131-1_HE10x_LV1.czi,,CELL_131-1_HE10x_LV1.czi,Historical drive ingest 2026 (drive3_MJesus-MFB); project / researcher / operator / subject decided per file before ingest (tasks/drive3_czi_gate.md). Claim: CONFIRMED.,aff67785fdf3d785302707d033f285954ef165c071b606a99b0898402ff38726,CONFIRMED,,
drive3_MJesus-MFB/Pili y Mili/Proyecto 1019 Envejecimiento y dieta/Procedimiento 2/Histologia/Irati_HE40xCorazon/131-1_HE10x_LV2.czi,AE-biomaGUNE-1019,,,,,131-1_HE10x_LV2.czi,,CELL_131-1_HE10x_LV2.czi,Historical drive ingest 2026 (drive3_MJesus-MFB); project / researcher / operator / subject decided per file before ingest (tasks/drive3_czi_gate.md). Claim: CONFIRMED.,ca8e323d606ff59e2cbb904ec976d209f0a67e7561e0eaab043f3aac9c48c3e2,CONFIRMED,,
drive3_MJesus-MFB/Pili y Mili/Proyecto 1019 Envejecimiento y dieta/Procedimiento 2/Histologia/Irati_HE40xCorazon/132-1_HE10x.czi,AE-biomaGUNE-1019,,,,,132-1_HE10x.czi,,CELL_132-1_HE10x.czi,Historical drive ingest 2026 (drive3_MJesus-MFB); project / researcher / operator / subject decided per file before ingest (tasks/drive3_czi_gate.md). Claim: CONFIRMED.,0c99e5f6b428639a21aa4d10859598b7f0e4b9023501aeadc351610b932af5dd,CONFIRMED,,
drive3_MJesus-MFB/Pili y Mili/Proyecto 1019 Envejecimiento y dieta/Procedimiento 2/Histologia/Irati_HE40xCorazon/132-1_HE10x_LV1.czi,AE-biomaGUNE-1019,,,,,132-1_HE10x_LV1.czi,,CELL_132-1_HE10x_LV1.czi,Historical drive ingest 2026 (drive3_MJesus-MFB); project / researcher / operator / subject decided per file before ingest (tasks/drive3_czi_gate.md). Claim: CONFIRMED.,caee96de596a7d09e0b1709f0d0d2031db3853a5c6521c0b01338ea3f3e40152,CONFIRMED,,
drive3_MJesus-MFB/Pili y Mili/Proyecto 1019 Envejecimiento y dieta/Procedimiento 2/Histologia/Irati_HE40xCorazon/132-1_HE10x_LV2.czi,AE-biomaGUNE-1019,,,,,132-1_HE10x_LV2.czi,,CELL_132-1_HE10x_LV2.czi,Historical drive ingest 2026 (drive3_MJesus-MFB); project / researcher / operator / subject decided per file before ingest (tasks/drive3_czi_gate.md). Claim: CONFIRMED.,08704ec5e6c472f5bb6bb42903cf8b7d3d34f16dd0f3b79c3fb7fd8a9116ec16,CONFIRMED,,
drive3_MJesus-MFB/Pili y Mili/Proyecto 1019 Envejecimiento y dieta/Procedimiento 2/Histologia/Irati_HE40xCorazon/132-1_HE10x_RV1.czi,AE-biomaGUNE-1019,,,,,132-1_HE10x_RV1.czi,,CELL_132-1_HE10x_RV1.czi,Historical drive ingest 2026 (drive3_MJesus-MFB); project / researcher / operator / subject decided per file before ingest (tasks/drive3_czi_gate.md). Claim: CONFIRMED.,272e2b5f8748afbb459120a451b0115db448b446175c48e24ba70e87d3fd3656,CONFIRMED,,
drive3_MJesus-MFB/Pili y Mili/Proyecto 1019 Envejecimiento y dieta/Procedimiento 2/Histologia/Irati_HE40xCorazon/132-1_HE10x_RV2.czi,AE-biomaGUNE-1019,,,,,132-1_HE10x_RV2.czi,,CELL_132-1_HE10x_RV2.czi,Historical drive ingest 2026 (drive3_MJesus-MFB); project / researcher / operator / subject decided per file before ingest (tasks/drive3_czi_gate.md). Claim: CONFIRMED.,9b4584fcddd4ef9b64d1ce4d8db3f12f6847d2e61cfffc086f8a274350f92957,CONFIRMED,,
drive3_MJesus-MFB/Pili y Mili/Proyecto 1019 Envejecimiento y dieta/Procedimiento 2/Histologia/Irati_HE40xCorazon/80-2_HE10x.czi,AE-biomaGUNE-1019,,,,,80-2_HE10x.czi,,CELL_80-2_HE10x.czi,Historical drive ingest 2026 (drive3_MJesus-MFB); project / researcher / operator / subject decided per file before ingest (tasks/drive3_czi_gate.md). Claim: CONFIRMED.,d6d89cd7011efe0273118f8dfccca40b98e94f646f6e92fa3d4831e9e1827d20,CONFIRMED,,
drive3_MJesus-MFB/Pili y Mili/Proyecto 1019 Envejecimiento y dieta/Procedimiento 2/Histologia/Irati_HE40xCorazon/80-2_HE10x_LV1.czi,AE-biomaGUNE-1019,,,,,80-2_HE10x_LV1.czi,,CELL_80-2_HE10x_LV1.czi,Historical drive ingest 2026 (drive3_MJesus-MFB); project / researcher / operator / subject decided per file before ingest (tasks/drive3_czi_gate.md). Claim: CONFIRMED.,d850626271bb771134c3cfc7cfd0ea8d844878ab3a1821cbd4ad17ac3c7af3df,CONFIRMED,,
drive3_MJesus-MFB/Pili y Mili/Proyecto 1019 Envejecimiento y dieta/Procedimiento 2/Histologia/Irati_HE40xCorazon/80-2_HE10x_LV2.czi,AE-biomaGUNE-1019,,,,,80-2_HE10x_LV2.czi,,CELL_80-2_HE10x_LV2.czi,Historical drive ingest 2026 (drive3_MJesus-MFB); project / researcher / operator / subject decided per file before ingest (tasks/drive3_czi_gate.md). Claim: CONFIRMED.,217719c4ea15bfb0de1994f0a1289a941115b5005d036e1955292d2417c2b288,CONFIRMED,,
drive3_MJesus-MFB/Pili y Mili/Proyecto 1019 Envejecimiento y dieta/Procedimiento 2/Histologia/Irati_HE40xCorazon/80-2_HE10x_RV1.czi,AE-biomaGUNE-1019,,,,,80-2_HE10x_RV1.czi,,CELL_80-2_HE10x_RV1.czi,Historical drive ingest 2026 (drive3_MJesus-MFB); project / researcher / operator / subject decided per file before ingest (tasks/drive3_czi_gate.md). Claim: CONFIRMED.,59f08a1284f47ba00bcc1b1e8e0690ac05fca384b5bff49a17b3f5211975a6f1,CONFIRMED,,
drive3_MJesus-MFB/Pili y Mili/Proyecto 1019 Envejecimiento y dieta/Procedimiento 2/Histologia/Irati_HE40xCorazon/80-2_HE10x_RV2.czi,AE-biomaGUNE-1019,,,,,80-2_HE10x_RV2.czi,,CELL_80-2_HE10x_RV2.czi,Historical drive ingest 2026 (drive3_MJesus-MFB); project / researcher / operator / subject decided per file before ingest (tasks/drive3_czi_gate.md). Claim: CONFIRMED.,e07043a2a4ee51fe6db6674b95f4a607242b19da33175c98ba6931af2641c420,CONFIRMED,,
drive3_MJesus-MFB/Pili y Mili/Proyecto 1019 Envejecimiento y dieta/Procedimiento 2/Histologia/Irati_HE40xCorazon/90-2_HE10x.czi,AE-biomaGUNE-1019,,,,,90-2_HE10x.czi,,CELL_90-2_HE10x.czi,Historical drive ingest 2026 (drive3_MJesus-MFB); project / researcher / operator / subject decided per file before ingest (tasks/drive3_czi_gate.md). Claim: CONFIRMED.,565b0ad8aa9434f79409ede85080178d0149d1cdc58d06eec1fb254bab42f24f,CONFIRMED,,
drive3_MJesus-MFB/Pili y Mili/Proyecto 1019 Envejecimiento y dieta/Procedimiento 2/Histologia/Irati_HE40xCorazon/90-2_HE10x_LV1.czi,AE-biomaGUNE-1019,,,,,90-2_HE10x_LV1.czi,,CELL_90-2_HE10x_LV1.czi,Historical drive ingest 2026 (drive3_MJesus-MFB); project / researcher / operator / subject decided per file before ingest (tasks/drive3_czi_gate.md). Claim: CONFIRMED.,8c7c7d9841ba7729393c443e5e87bef032fbabf1a5210b6822f6cb75d2d8f945,CONFIRMED,,
drive3_MJesus-MFB/Pili y Mili/Proyecto 1019 Envejecimiento y dieta/Procedimiento 2/Histologia/Irati_HE40xCorazon/90-2_HE10x_LV2.czi,AE-biomaGUNE-1019,,,,,90-2_HE10x_LV2.czi,,CELL_90-2_HE10x_LV2.czi,Historical drive ingest 2026 (drive3_MJesus-MFB); project / researcher / operator / subject decided per file before ingest (tasks/drive3_czi_gate.md). Claim: CONFIRMED.,747391fa3b271c792de853a703d72461962516c53b4370e5f8736a75804c98d4,CONFIRMED,,
drive3_MJesus-MFB/Pili y Mili/Proyecto 1019 Envejecimiento y dieta/Procedimiento 2/Histologia/Irati_HE40xCorazon/90-2_HE10x_RV1.czi,AE-biomaGUNE-1019,,,,,90-2_HE10x_RV1.czi,,CELL_90-2_HE10x_RV1.czi,Historical drive ingest 2026 (drive3_MJesus-MFB); project / researcher / operator / subject decided per file before ingest (tasks/drive3_czi_gate.md). Claim: CONFIRMED.,fee02bd18b4fbb4442455f6d72500116ae9a824ec03aaa8367d8882de19d3499,CONFIRMED,,
drive3_MJesus-MFB/Pili y Mili/Proyecto 1019 Envejecimiento y dieta/Procedimiento 2/Histologia/Irati_HE40xCorazon/90-2_HE10x_RV2.czi,AE-biomaGUNE-1019,,,,,90-2_HE10x_RV2.czi,,CELL_90-2_HE10x_RV2.czi,Historical drive ingest 2026 (drive3_MJesus-MFB); project / researcher / operator / subject decided per file before ingest (tasks/drive3_czi_gate.md). Claim: CONFIRMED.,a19cb684019ca678c04d63ac10b2ffc1e0184cb4797a568277bca06371cc8bda,CONFIRMED,,
drive3_MJesus-MFB/Pili y Mili/Proyecto 1019 Envejecimiento y dieta/Procedimiento 2/Histologia/Irati_HE40xCorazon/91-2_HE10x_1.czi,AE-biomaGUNE-1019,,,,,91-2_HE10x_1.czi,,CELL_91-2_HE10x_1.czi,Historical drive ingest 2026 (drive3_MJesus-MFB); project / researcher / operator / subject decided per file before ingest (tasks/drive3_czi_gate.md). Claim: CONFIRMED; shares its acquisition second with 3 other file(s): the pixel check found no copy relation (another scene of the acquisition).,356ae7b2b361d8bbeaaf59e5dc0416d04194e420c95fc33c0e62ee5d19ef2190,CONFIRMED,CELL|2022-08-11T09:04:30,4
drive3_MJesus-MFB/Pili y Mili/Proyecto 1019 Envejecimiento y dieta/Procedimiento 2/Histologia/Irati_HE40xCorazon/91-2_HE10x_2.czi,AE-biomaGUNE-1019,,,,,91-2_HE10x_2.czi,,CELL_91-2_HE10x_2.czi,Historical drive ingest 2026 (drive3_MJesus-MFB); project / researcher / operator / subject decided per file before ingest (tasks/drive3_czi_gate.md). Claim: CONFIRMED; shares its acquisition second with 3 other file(s): the pixel check found no copy relation (another scene of the acquisition).,bcaf7a6ccf6f1b81e7fed3ea340f59a064ab85948ccd4b9b7b4510ae7c3e9953,CONFIRMED,CELL|2022-08-11T09:04:30,4
drive3_MJesus-MFB/Pili y Mili/Proyecto 1019 Envejecimiento y dieta/Procedimiento 2/Histologia/Irati_HE40xCorazon/91-2_HE10x_3.czi,AE-biomaGUNE-1019,,,,,91-2_HE10x_3.czi,,CELL_91-2_HE10x_3.czi,Historical drive ingest 2026 (drive3_MJesus-MFB); project / researcher / operator / subject decided per file before ingest (tasks/drive3_czi_gate.md). Claim: CONFIRMED; shares its acquisition second with 3 other file(s): the pixel check found no copy relation (another scene of the acquisition).,658989ac41f66d8cfb29b2e1da8bcdabab44c41652941bf06382d9527884def3,CONFIRMED,CELL|2022-08-11T09:04:30,4
drive3_MJesus-MFB/Pili y Mili/Proyecto 1019 Envejecimiento y dieta/Procedimiento 2/Histologia/Irati_HE40xCorazon/91-2_HE10x_4.czi,AE-biomaGUNE-1019,,,,,91-2_HE10x_4.czi,,CELL_91-2_HE10x_4.czi,Historical drive ingest 2026 (drive3_MJesus-MFB); project / researcher / operator / subject decided per file before ingest (tasks/drive3_czi_gate.md). Claim: CONFIRMED; shares its acquisition second with 3 other file(s): the pixel check found no copy relation (another scene of the acquisition).,ce7fd824f9b861668c9d8ae31bfeac83fd298aa031f3a1c725480007423c1b22,CONFIRMED,CELL|2022-08-11T09:04:30,4
drive3_MJesus-MFB/Pili y Mili/Proyecto 1019 Envejecimiento y dieta/Procedimiento 2/Histologia/Irati_HE40xCorazon/91-2_HE10x_LV1.czi,AE-biomaGUNE-1019,,,,,91-2_HE10x_LV1.czi,,CELL_91-2_HE10x_LV1.czi,Historical drive ingest 2026 (drive3_MJesus-MFB); project / researcher / operator / subject decided per file before ingest (tasks/drive3_czi_gate.md). Claim: CONFIRMED.,03e48ee21089c24c5aebc22a8f0fd92749c1bcc4bf35bf6271fb5cf5115cd4ff,CONFIRMED,,
drive3_MJesus-MFB/Pili y Mili/Proyecto 1019 Envejecimiento y dieta/Procedimiento 2/Histologia/Irati_HE40xCorazon/91-2_HE10x_LV2.czi,AE-biomaGUNE-1019,,,,,91-2_HE10x_LV2.czi,,CELL_91-2_HE10x_LV2.czi,Historical drive ingest 2026 (drive3_MJesus-MFB); project / researcher / operator / subject decided per file before ingest (tasks/drive3_czi_gate.md). Claim: CONFIRMED.,644a81b40ed5ffe95ef584713e9b898a83a6c6fa9bde5f3958cd10dfc9bbf61c,CONFIRMED,,
drive3_MJesus-MFB/Pili y Mili/Proyecto 1019 Envejecimiento y dieta/Procedimiento 2/Histologia/Irati_HE40xCorazon/91-2_HE10x_RV1.czi,AE-biomaGUNE-1019,,,,,91-2_HE10x_RV1.czi,,CELL_91-2_HE10x_RV1.czi,Historical drive ingest 2026 (drive3_MJesus-MFB); project / researcher / operator / subject decided per file before ingest (tasks/drive3_czi_gate.md). Claim: CONFIRMED.,ad8e309726a4727ec65fac93b9521001ee8a8e2b40f4a0821b846fe418b25eb5,CONFIRMED,,
drive3_MJesus-MFB/Pili y Mili/Proyecto 1019 Envejecimiento y dieta/Procedimiento 2/Histologia/Irati_HE40xCorazon/91-2_HE10x_RV2.czi,AE-biomaGUNE-1019,,,,,91-2_HE10x_RV2.czi,,CELL_91-2_HE10x_RV2.czi,Historical drive ingest 2026 (drive3_MJesus-MFB); project / researcher / operator / subject decided per file before ingest (tasks/drive3_czi_gate.md). Claim: CONFIRMED.,e13678209d3005349d906bd866b9724917289a5a4ea8f4d94ebed7c238f6a308,CONFIRMED,,
drive3_MJesus-MFB/Pili y Mili/Proyecto 1019 Envejecimiento y dieta/Procedimiento 2/Histologia/Irati_HE40xCorazon/94-1_HE10x_LV1.czi,AE-biomaGUNE-1019,,,,,94-1_HE10x_LV1.czi,,CELL_94-1_HE10x_LV1.czi,Historical drive ingest 2026 (drive3_MJesus-MFB); project / researcher / operator / subject decided per file before ingest (tasks/drive3_czi_gate.md). Claim: CONFIRMED.,e883a8ccc8e04e5d06d6a6945c91a09d8f2dfaf695f9d49e7f0f0ce64b9ebd41,CONFIRMED,,
drive3_MJesus-MFB/Pili y Mili/Proyecto 1019 Envejecimiento y dieta/Procedimiento 2/Histologia/Irati_HE40xCorazon/94-1_HE10x_LV2.czi,AE-biomaGUNE-1019,,,,,94-1_HE10x_LV2.czi,,CELL_94-1_HE10x_LV2.czi,Historical drive ingest 2026 (drive3_MJesus-MFB); project / researcher / operator / subject decided per file before ingest (tasks/drive3_czi_gate.md). Claim: CONFIRMED.,f81bb0f168bbb1bf59c6c3979195aac8193370445d2bebb992016dded3adf4bf,CONFIRMED,,
drive3_MJesus-MFB/Pili y Mili/Proyecto 1019 Envejecimiento y dieta/Procedimiento 2/Histologia/Irati_HE40xCorazon/94-1_HE10x_RV1.czi,AE-biomaGUNE-1019,,,,,94-1_HE10x_RV1.czi,,CELL_94-1_HE10x_RV1.czi,Historical drive ingest 2026 (drive3_MJesus-MFB); project / researcher / operator / subject decided per file before ingest (tasks/drive3_czi_gate.md). Claim: CONFIRMED.,fb3953be2ef57c9d850e1f70114914f2ab727fa7b857c595dec00de2d9c08e64,CONFIRMED,,
drive3_MJesus-MFB/Pili y Mili/Proyecto 1019 Envejecimiento y dieta/Procedimiento 2/Histologia/Irati_HE40xCorazon/94-1_HE10x_RV2.czi,AE-biomaGUNE-1019,,,,,94-1_HE10x_RV2.czi,,CELL_94-1_HE10x_RV2.czi,Historical drive ingest 2026 (drive3_MJesus-MFB); project / researcher / operator / subject decided per file before ingest (tasks/drive3_czi_gate.md). Claim: CONFIRMED.,371b6d443455f318c8bb9d5c8a7c0b5dae45a82b5448f0427e045750baca25e9,CONFIRMED,,
drive3_MJesus-MFB/Pili y Mili/Proyecto 1019 Envejecimiento y dieta/Procedimiento 2/Histologia/WGA Procedimiento 2/230505-WGA/IAZ/230505-WGA-ID131-LV-20X-1.czi,AE-biomaGUNE-1019,,,1019,131,230505-WGA-ID131-LV-20X-1.czi,tissue,CELL_230505-WGA-ID131-LV-20X-1.czi,Historical drive ingest 2026 (drive3_MJesus-MFB); project / researcher / operator / subject decided per file before ingest (tasks/drive3_czi_gate.md). Claim: CONFIRMED.,2f37c273c503acb6b8937b2fc0dbb0df0a42fe5af8c4148e3458c25917168ef2,CONFIRMED,,
drive3_MJesus-MFB/Pili y Mili/Proyecto 1019 Envejecimiento y dieta/Procedimiento 2/Histologia/WGA Procedimiento 2/230505-WGA/IAZ/230505-WGA-ID131-LV-20X-2.czi,AE-biomaGUNE-1019,,,1019,131,230505-WGA-ID131-LV-20X-2.czi,tissue,CELL_230505-WGA-ID131-LV-20X-2.czi,Historical drive ingest 2026 (drive3_MJesus-MFB); project / researcher / operator / subject decided per file before ingest (tasks/drive3_czi_gate.md). Claim: CONFIRMED.,a4c11f28cb33e3a3800e459da47ebc5e71a29c5303ebaab857ba02fab1e6a904,CONFIRMED,,
drive3_MJesus-MFB/Pili y Mili/Proyecto 1019 Envejecimiento y dieta/Procedimiento 2/Histologia/WGA Procedimiento 2/230505-WGA/IAZ/230505-WGA-ID131-LV-20X-3.czi,AE-biomaGUNE-1019,,,1019,131,230505-WGA-ID131-LV-20X-3.czi,tissue,CELL_230505-WGA-ID131-LV-20X-3.czi,Historical drive ingest 2026 (drive3_MJesus-MFB); project / researcher / operator / subject decided per file before ingest (tasks/drive3_czi_gate.md). Claim: CONFIRMED.,dbd5722e73c09c19435d05ac7c7ca567d2a10cf9fd6acdb67df5835a4efae694,CONFIRMED,,
drive3_MJesus-MFB/Pili y Mili/Proyecto 1019 Envejecimiento y dieta/Procedimiento 2/Histologia/WGA Procedimiento 2/230505-WGA/IAZ/230505-WGA-ID131-RV-20X-1.czi,AE-biomaGUNE-1019,,,1019,131,230505-WGA-ID131-RV-20X-1.czi,tissue,CELL_230505-WGA-ID131-RV-20X-1.czi,Historical drive ingest 2026 (drive3_MJesus-MFB); project / researcher / operator / subject decided per file before ingest (tasks/drive3_czi_gate.md). Claim: CONFIRMED.,10ff64309bb15954f4ff15b67a9d4586bc606bcef89c140420ad31e6a18eec5e,CONFIRMED,,
drive3_MJesus-MFB/Pili y Mili/Proyecto 1019 Envejecimiento y dieta/Procedimiento 2/Histologia/WGA Procedimiento 2/230505-WGA/IAZ/230505-WGA-ID131-RV-20X-2.czi,AE-biomaGUNE-1019,,,1019,131,230505-WGA-ID131-RV-20X-2.czi,tissue,CELL_230505-WGA-ID131-RV-20X-2.czi,Historical drive ingest 2026 (drive3_MJesus-MFB); project / researcher / operator / subject decided per file before ingest (tasks/drive3_czi_gate.md). Claim: CONFIRMED.,ffad28eede6ee24867e1ac21ede7235eaf71682f8e61a3722c84a4ed0baf0083,CONFIRMED,,
drive3_MJesus-MFB/Pili y Mili/Proyecto 1019 Envejecimiento y dieta/Procedimiento 2/Histologia/WGA Procedimiento 2/230505-WGA/IAZ/230505-WGA-ID131-RV-20X-3.czi,AE-biomaGUNE-1019,,,1019,131,230505-WGA-ID131-RV-20X-3.czi,tissue,CELL_230505-WGA-ID131-RV-20X-3.czi,Historical drive ingest 2026 (drive3_MJesus-MFB); project / researcher / operator / subject decided per file before ingest (tasks/drive3_czi_gate.md). Claim: CONFIRMED.,1e83a725419772fd495ee37f13a38f7d96f20d8a289065c8994bd1fb8ddfcab4,CONFIRMED,,
drive3_MJesus-MFB/Pili y Mili/Proyecto 1019 Envejecimiento y dieta/Procedimiento 2/Histologia/WGA Procedimiento 2/230505-WGA/IAZ/230505-WGA-ID132-LV-20X-1.czi,AE-biomaGUNE-1019,,,1019,132,230505-WGA-ID132-LV-20X-1.czi,tissue,CELL_230505-WGA-ID132-LV-20X-1.czi,Historical drive ingest 2026 (drive3_MJesus-MFB); project / researcher / operator / subject decided per file before ingest (tasks/drive3_czi_gate.md). Claim: CONFIRMED.,fc67611f80a0e2d659f4224c525aab40b14f59db24dfc98b8460acd6c5828a08,CONFIRMED,,
drive3_MJesus-MFB/Pili y Mili/Proyecto 1019 Envejecimiento y dieta/Procedimiento 2/Histologia/WGA Procedimiento 2/230505-WGA/IAZ/230505-WGA-ID132-LV-20X-2.czi,AE-biomaGUNE-1019,,,1019,132,230505-WGA-ID132-LV-20X-2.czi,tissue,CELL_230505-WGA-ID132-LV-20X-2.czi,Historical drive ingest 2026 (drive3_MJesus-MFB); project / researcher / operator / subject decided per file before ingest (tasks/drive3_czi_gate.md). Claim: CONFIRMED.,8a180ae1e5380e7aa59969f6af5e3fe28d9191bc4f32a35d9d86948a2ca09c08,CONFIRMED,,
drive3_MJesus-MFB/Pili y Mili/Proyecto 1019 Envejecimiento y dieta/Procedimiento 2/Histologia/WGA Procedimiento 2/230505-WGA/IAZ/230505-WGA-ID132-LV-20X-3.czi,AE-biomaGUNE-1019,,,1019,132,230505-WGA-ID132-LV-20X-3.czi,tissue,CELL_230505-WGA-ID132-LV-20X-3.czi,Historical drive ingest 2026 (drive3_MJesus-MFB); project / researcher / operator / subject decided per file before ingest (tasks/drive3_czi_gate.md). Claim: CONFIRMED.,ed99f6f7ef4b511c9a0c64d1418cb6083ce63c0da284c7e594ba15c7b2d916ae,CONFIRMED,,
drive3_MJesus-MFB/Pili y Mili/Proyecto 1019 Envejecimiento y dieta/Procedimiento 2/Histologia/WGA Procedimiento 2/230505-WGA/IAZ/230505-WGA-ID132-RV-20X-1.czi,AE-biomaGUNE-1019,,,1019,132,230505-WGA-ID132-RV-20X-1.czi,tissue,CELL_230505-WGA-ID132-RV-20X-1.czi,Historical drive ingest 2026 (drive3_MJesus-MFB); project / researcher / operator / subject decided per file before ingest (tasks/drive3_czi_gate.md). Claim: CONFIRMED.,2b7d6d688953aa7f28f37c69774c1b74f7b8ea01d4632aa8b9d69c51eec38640,CONFIRMED,,
drive3_MJesus-MFB/Pili y Mili/Proyecto 1019 Envejecimiento y dieta/Procedimiento 2/Histologia/WGA Procedimiento 2/230505-WGA/IAZ/230505-WGA-ID132-RV-20X-2.czi,AE-biomaGUNE-1019,,,1019,132,230505-WGA-ID132-RV-20X-2.czi,tissue,CELL_230505-WGA-ID132-RV-20X-2.czi,Historical drive ingest 2026 (drive3_MJesus-MFB); project / researcher / operator / subject decided per file before ingest (tasks/drive3_czi_gate.md). Claim: CONFIRMED.,60c820bfe6aa56eb4b82f737aa9e956daaaaf101a0fca72d162f03569f13cf6b,CONFIRMED,,
drive3_MJesus-MFB/Pili y Mili/Proyecto 1019 Envejecimiento y dieta/Procedimiento 2/Histologia/WGA Procedimiento 2/230505-WGA/IAZ/230505-WGA-ID132-RV-20X-3.czi,AE-biomaGUNE-1019,,,1019,132,230505-WGA-ID132-RV-20X-3.czi,tissue,CELL_230505-WGA-ID132-RV-20X-3.czi,Historical drive ingest 2026 (drive3_MJesus-MFB); project / researcher / operator / subject decided per file before ingest (tasks/drive3_czi_gate.md). Claim: CONFIRMED.,042b42a1266d2d8cb51817194c963c03ddd0d33548d1188d17af57bae0201b3a,CONFIRMED,,
drive3_MJesus-MFB/Pili y Mili/Proyecto 1019 Envejecimiento y dieta/Procedimiento 2/Histologia/WGA Procedimiento 2/230505-WGA/IAZ/230505-WGA-ID80-LV-20X-1.czi,AE-biomaGUNE-1019,,,1019,80,230505-WGA-ID80-LV-20X-1.czi,tissue,CELL_230505-WGA-ID80-LV-20X-1.czi,Historical drive ingest 2026 (drive3_MJesus-MFB); project / researcher / operator / subject decided per file before ingest (tasks/drive3_czi_gate.md). Claim: CONFIRMED.,719b2658270bc6e285a1c14b09174596793fa719ead733182892fb3e2f2678a3,CONFIRMED,,
drive3_MJesus-MFB/Pili y Mili/Proyecto 1019 Envejecimiento y dieta/Procedimiento 2/Histologia/WGA Procedimiento 2/230505-WGA/IAZ/230505-WGA-ID80-LV-20X-2.czi,AE-biomaGUNE-1019,,,1019,80,230505-WGA-ID80-LV-20X-2.czi,tissue,CELL_230505-WGA-ID80-LV-20X-2.czi,Historical drive ingest 2026 (drive3_MJesus-MFB); project / researcher / operator / subject decided per file before ingest (tasks/drive3_czi_gate.md). Claim: CONFIRMED.,2b029aeb50205034e085ce52d372e2ec35b4707b56173d5d9e1541c499c1cfef,CONFIRMED,,
drive3_MJesus-MFB/Pili y Mili/Proyecto 1019 Envejecimiento y dieta/Procedimiento 2/Histologia/WGA Procedimiento 2/230505-WGA/IAZ/230505-WGA-ID80-LV-20X-3.czi,AE-biomaGUNE-1019,,,1019,80,230505-WGA-ID80-LV-20X-3.czi,tissue,CELL_230505-WGA-ID80-LV-20X-3.czi,Historical drive ingest 2026 (drive3_MJesus-MFB); project / researcher / operator / subject decided per file before ingest (tasks/drive3_czi_gate.md). Claim: CONFIRMED.,ded178577783748f91eeddd7fed53b9235a5bbad9e41ed02da8609feda34aa98,CONFIRMED,,
drive3_MJesus-MFB/Pili y Mili/Proyecto 1019 Envejecimiento y dieta/Procedimiento 2/Histologia/WGA Procedimiento 2/230505-WGA/IAZ/230505-WGA-ID90-LV-20X-1.czi,AE-biomaGUNE-1019,,,1019,90,230505-WGA-ID90-LV-20X-1.czi,tissue,CELL_230505-WGA-ID90-LV-20X-1.czi,Historical drive ingest 2026 (drive3_MJesus-MFB); project / researcher / operator / subject decided per file before ingest (tasks/drive3_czi_gate.md). Claim: CONFIRMED.,5f6d89bd50e659f8b9fac615164085b61c233d8cd507b3974ae15efcaa97f848,CONFIRMED,,
drive3_MJesus-MFB/Pili y Mili/Proyecto 1019 Envejecimiento y dieta/Procedimiento 2/Histologia/WGA Procedimiento 2/230505-WGA/IAZ/230505-WGA-ID90-LV-20X-2.czi,AE-biomaGUNE-1019,,,1019,90,230505-WGA-ID90-LV-20X-2.czi,tissue,CELL_230505-WGA-ID90-LV-20X-2.czi,Historical drive ingest 2026 (drive3_MJesus-MFB); project / researcher / operator / subject decided per file before ingest (tasks/drive3_czi_gate.md). Claim: CONFIRMED.,c61bf681d1427a4abedca8914d87967a3723c9a2d512b25e658ff8e4c7fe2956,CONFIRMED,,
drive3_MJesus-MFB/Pili y Mili/Proyecto 1019 Envejecimiento y dieta/Procedimiento 2/Histologia/WGA Procedimiento 2/230505-WGA/IAZ/230505-WGA-ID90-LV-20X-3.czi,AE-biomaGUNE-1019,,,1019,90,230505-WGA-ID90-LV-20X-3.czi,tissue,CELL_230505-WGA-ID90-LV-20X-3.czi,Historical drive ingest 2026 (drive3_MJesus-MFB); project / researcher / operator / subject decided per file before ingest (tasks/drive3_czi_gate.md). Claim: CONFIRMED.,d6f966cdef1b83e21b656fa88f8f5f1b771cbd7808c7076f748c411c7da43485,CONFIRMED,,
drive3_MJesus-MFB/Pili y Mili/Proyecto 1019 Envejecimiento y dieta/Procedimiento 2/Histologia/WGA Procedimiento 2/230505-WGA/IAZ/230505-WGA-ID90-RV-20X-1.czi,AE-biomaGUNE-1019,,,1019,90,230505-WGA-ID90-RV-20X-1.czi,tissue,CELL_230505-WGA-ID90-RV-20X-1.czi,Historical drive ingest 2026 (drive3_MJesus-MFB); project / researcher / operator / subject decided per file before ingest (tasks/drive3_czi_gate.md). Claim: CONFIRMED.,89b3d94c2d4876ad0f04b8e50eb93abe27425b7555dd7a51224aabaa8fd9f174,CONFIRMED,,
drive3_MJesus-MFB/Pili y Mili/Proyecto 1019 Envejecimiento y dieta/Procedimiento 2/Histologia/WGA Procedimiento 2/230505-WGA/IAZ/230505-WGA-ID90-RV-20X-2.czi,AE-biomaGUNE-1019,,,1019,90,230505-WGA-ID90-RV-20X-2.czi,tissue,CELL_230505-WGA-ID90-RV-20X-2.czi,Historical drive ingest 2026 (drive3_MJesus-MFB); project / researcher / operator / subject decided per file before ingest (tasks/drive3_czi_gate.md). Claim: CONFIRMED.,9746f8082cfafe03fbd9851ce55c30e216011634071af67e5a8f5058599ed735,CONFIRMED,,
drive3_MJesus-MFB/Pili y Mili/Proyecto 1019 Envejecimiento y dieta/Procedimiento 2/Histologia/WGA Procedimiento 2/230505-WGA/IAZ/230505-WGA-ID90-RV-20X-3.czi,AE-biomaGUNE-1019,,,1019,90,230505-WGA-ID90-RV-20X-3.czi,tissue,CELL_230505-WGA-ID90-RV-20X-3.czi,Historical drive ingest 2026 (drive3_MJesus-MFB); project / researcher / operator / subject decided per file before ingest (tasks/drive3_czi_gate.md). Claim: CONFIRMED.,8329a25ab58bd9c403f7989cd37b0f9302570447021988a63d29aa4f02ed1a83,CONFIRMED,,
drive3_MJesus-MFB/Pili y Mili/Proyecto 1019 Envejecimiento y dieta/Procedimiento 2/Histologia/WGA Procedimiento 2/230505-WGA/IAZ/230505-WGA-ID91-LV-20X-1.czi,AE-biomaGUNE-1019,,,1019,91,230505-WGA-ID91-LV-20X-1.czi,tissue,CELL_230505-WGA-ID91-LV-20X-1.czi,Historical drive ingest 2026 (drive3_MJesus-MFB); project / researcher / operator / subject decided per file before ingest (tasks/drive3_czi_gate.md). Claim: CONFIRMED.,f8cb95e736bb2239a0821e41ee76dc395be56a82a4201f0f8347c1d503b5c8bf,CONFIRMED,,
drive3_MJesus-MFB/Pili y Mili/Proyecto 1019 Envejecimiento y dieta/Procedimiento 2/Histologia/WGA Procedimiento 2/230505-WGA/IAZ/230505-WGA-ID91-LV-20X-2.czi,AE-biomaGUNE-1019,,,1019,91,230505-WGA-ID91-LV-20X-2.czi,tissue,CELL_230505-WGA-ID91-LV-20X-2.czi,Historical drive ingest 2026 (drive3_MJesus-MFB); project / researcher / operator / subject decided per file before ingest (tasks/drive3_czi_gate.md). Claim: CONFIRMED.,c03968e15cbde570c3260e0f50b8694c06a745b7dfde082718036ab738b5113b,CONFIRMED,,
drive3_MJesus-MFB/Pili y Mili/Proyecto 1019 Envejecimiento y dieta/Procedimiento 2/Histologia/WGA Procedimiento 2/230505-WGA/IAZ/230505-WGA-ID91-LV-20X-3.czi,AE-biomaGUNE-1019,,,1019,91,230505-WGA-ID91-LV-20X-3.czi,tissue,CELL_230505-WGA-ID91-LV-20X-3.czi,Historical drive ingest 2026 (drive3_MJesus-MFB); project / researcher / operator / subject decided per file before ingest (tasks/drive3_czi_gate.md). Claim: CONFIRMED.,f4bd75cef212b0ec1e628a4918a84edcd0500275ceedbe21dd1482df80efd1b7,CONFIRMED,,
drive3_MJesus-MFB/Pili y Mili/Proyecto 1019 Envejecimiento y dieta/Procedimiento 2/Histologia/WGA Procedimiento 2/230505-WGA/IAZ/230505-WGA-ID91-RV-20X-1.czi,AE-biomaGUNE-1019,,,1019,91,230505-WGA-ID91-RV-20X-1.czi,tissue,CELL_230505-WGA-ID91-RV-20X-1.czi,Historical drive ingest 2026 (drive3_MJesus-MFB); project / researcher / operator / subject decided per file before ingest (tasks/drive3_czi_gate.md). Claim: CONFIRMED.,eb831428822ed82e82fe0494347b60c8cceff3f719c8a94ff86284b70464601d,CONFIRMED,,
drive3_MJesus-MFB/Pili y Mili/Proyecto 1019 Envejecimiento y dieta/Procedimiento 2/Histologia/WGA Procedimiento 2/230505-WGA/IAZ/230505-WGA-ID91-RV-20X-2.czi,AE-biomaGUNE-1019,,,1019,91,230505-WGA-ID91-RV-20X-2.czi,tissue,CELL_230505-WGA-ID91-RV-20X-2.czi,Historical drive ingest 2026 (drive3_MJesus-MFB); project / researcher / operator / subject decided per file before ingest (tasks/drive3_czi_gate.md). Claim: CONFIRMED.,1a9d958ab45d318da6ad920397c9ccbba85e0bc1dbb24c4952715f33926d5fda,CONFIRMED,,
drive3_MJesus-MFB/Pili y Mili/Proyecto 1019 Envejecimiento y dieta/Procedimiento 2/Histologia/WGA Procedimiento 2/230505-WGA/IAZ/230505-WGA-ID91-RV-20X-3.czi,AE-biomaGUNE-1019,,,1019,91,230505-WGA-ID91-RV-20X-3.czi,tissue,CELL_230505-WGA-ID91-RV-20X-3.czi,Historical drive ingest 2026 (drive3_MJesus-MFB); project / researcher / operator / subject decided per file before ingest (tasks/drive3_czi_gate.md). Claim: CONFIRMED.,f0b59e300e8726942ede415eb37da243416b89b05192778b9b58c76a809df407,CONFIRMED,,
drive3_MJesus-MFB/Pili y Mili/Proyecto 1019 Envejecimiento y dieta/Procedimiento 2/Histologia/WGA Procedimiento 2/230505-WGA/IAZ/230505-WGA-ID94-LV-20X-1.czi,AE-biomaGUNE-1019,,,1019,94,230505-WGA-ID94-LV-20X-1.czi,tissue,CELL_230505-WGA-ID94-LV-20X-1.czi,Historical drive ingest 2026 (drive3_MJesus-MFB); project / researcher / operator / subject decided per file before ingest (tasks/drive3_czi_gate.md). Claim: CONFIRMED.,63942b7d578d7d9803d9e71f36019e23d67c1ec17f8f28b6076bdf44c29f14cd,CONFIRMED,,
drive3_MJesus-MFB/Pili y Mili/Proyecto 1019 Envejecimiento y dieta/Procedimiento 2/Histologia/WGA Procedimiento 2/230505-WGA/IAZ/230505-WGA-ID94-LV-20X-2.czi,AE-biomaGUNE-1019,,,1019,94,230505-WGA-ID94-LV-20X-2.czi,tissue,CELL_230505-WGA-ID94-LV-20X-2.czi,Historical drive ingest 2026 (drive3_MJesus-MFB); project / researcher / operator / subject decided per file before ingest (tasks/drive3_czi_gate.md). Claim: CONFIRMED.,6c53be00d519a43bc81ac87b043ea95c7979458d13c855c1d8ac0d6635eff051,CONFIRMED,,
drive3_MJesus-MFB/Pili y Mili/Proyecto 1019 Envejecimiento y dieta/Procedimiento 2/Histologia/WGA Procedimiento 2/230505-WGA/IAZ/230505-WGA-ID94-LV-20X-3.czi,AE-biomaGUNE-1019,,,1019,94,230505-WGA-ID94-LV-20X-3.czi,tissue,CELL_230505-WGA-ID94-LV-20X-3.czi,Historical drive ingest 2026 (drive3_MJesus-MFB); project / researcher / operator / subject decided per file before ingest (tasks/drive3_czi_gate.md). Claim: CONFIRMED.,9fd64a843c31b096b6f72231f589a2844ee9266b9f132f2c11ddd4274ae74169,CONFIRMED,,
drive3_MJesus-MFB/Pili y Mili/Proyecto 1019 Envejecimiento y dieta/Procedimiento 2/Histologia/WGA Procedimiento 2/230505-WGA/IAZ/230505-WGA-ID94-RV-20X-1.czi,AE-biomaGUNE-1019,,,1019,94,230505-WGA-ID94-RV-20X-1.czi,tissue,CELL_230505-WGA-ID94-RV-20X-1.czi,Historical drive ingest 2026 (drive3_MJesus-MFB); project / researcher / operator / subject decided per file before ingest (tasks/drive3_czi_gate.md). Claim: CONFIRMED.,5f5e4945b94e04ea170740be28fb8fadd4aed8abc754ef5fed6ffd68bbf68f0b,CONFIRMED,,
drive3_MJesus-MFB/Pili y Mili/Proyecto 1019 Envejecimiento y dieta/Procedimiento 2/Histologia/WGA Procedimiento 2/230505-WGA/IAZ/230505-WGA-ID94-RV-20X-2.czi,AE-biomaGUNE-1019,,,1019,94,230505-WGA-ID94-RV-20X-2.czi,tissue,CELL_230505-WGA-ID94-RV-20X-2.czi,Historical drive ingest 2026 (drive3_MJesus-MFB); project / researcher / operator / subject decided per file before ingest (tasks/drive3_czi_gate.md). Claim: CONFIRMED.,0e83b9c55aac265bf1a975fddb0199462015d651f4a92c7c9ccff7446c4c1fb7,CONFIRMED,,
drive3_MJesus-MFB/Pili y Mili/Proyecto 1019 Envejecimiento y dieta/Procedimiento 2/Histologia/WGA Procedimiento 2/230505-WGA/IAZ/230505-WGA-ID94-RV-20X-3.czi,AE-biomaGUNE-1019,,,1019,94,230505-WGA-ID94-RV-20X-3.czi,tissue,CELL_230505-WGA-ID94-RV-20X-3.czi,Historical drive ingest 2026 (drive3_MJesus-MFB); project / researcher / operator / subject decided per file before ingest (tasks/drive3_czi_gate.md). Claim: CONFIRMED.,81522bb5c01218545643488e7f27cc3133c4c0c8839eff80c591a0e00c0a6842,CONFIRMED,,
